Num_Acc,an,mois,jour,hrmn,lum,agg,int,atm,col,com,gps,lat,long,dep
201600000001,16,2,1,1445,1,2,1,8,3.0,59005,M,0.0,0.0,59
201600000002,16,3,16,1800,1,2,6,1,6.0,59005,M,0.0,0.0,59
201600000003,16,7,13,1900,1,1,1,1,6.0,59011,M,0.0,0.0,59
201600000004,16,8,15,1930,2,2,1,7,3.0,59477,M,0.0,0.0,59
201600000005,16,12,23,1100,1,2,3,1,3.0,59011,M,0.0,0.0,59
201600000006,16,12,23,1115,1,2,1,7,6.0,59011,M,0.0,0.0,59
201600000007,16,5,1,1145,1,2,1,7,2.0,59051,M,0.0,0.0,59
201600000008,16,5,14,1915,2,1,1,1,1.0,59250,M,0.0,0.0,59
201600000009,16,9,23,1900,1,2,1,1,3.0,59051,M,0.0,0.0,59
201600000010,16,12,30,1030,1,1,1,9,6.0,59303,M,0.0,0.0,59
201600000011,16,1,25,800,2,2,1,8,6.0,59466,M,0.0,0.0,59
201600000012,16,1,28,1815,3,1,1,1,7.0,59197,M,0.0,0.0,59
201600000013,16,2,5,1600,1,2,1,1,6.0,59466,M,0.0,0.0,59
201600000014,16,4,17,1230,1,2,1,1,5.0,59398,M,0.0,0.0,59
201600000015,16,8,17,1930,1,1,6,7,5.0,59466,M,0.0,0.0,59
201600000016,16,9,8,815,1,1,1,1,5.0,59034,M,0.0,0.0,59
201600000017,16,11,8,715,3,1,1,8,6.0,59071,M,0.0,0.0,59
201600000018,16,11,28,745,2,2,1,5,3.0,59398,M,0.0,0.0,59
201600000019,16,5,6,1915,1,1,1,1,5.0,59592,M,0.0,0.0,59
201600000020,16,9,5,2030,5,2,6,2,3.0,59452,M,0.0,0.0,59
201600000021,16,10,14,1145,1,2,1,1,6.0,59592,M,0.0,0.0,59
201600000022,16,4,2,1045,1,1,2,1,3.0,59402,M,5084579.0,226407.0,59
201600000023,16,11,7,1515,1,1,1,3,6.0,59094,M,0.0,0.0,59
201600000024,16,11,12,915,3,1,1,2,6.0,59094,M,0.0,0.0,59
201600000025,16,12,4,530,3,1,1,9,7.0,59532,M,0.0,0.0,59
201600000026,16,12,6,1145,1,2,1,7,6.0,59094,M,0.0,0.0,59
201600000027,16,12,15,1345,1,2,1,1,6.0,59094,M,0.0,0.0,59
201600000028,16,12,9,1900,3,1,1,1,3.0,59576,M,0.0,0.0,59
201600000029,16,12,28,2015,3,1,1,5,1.0,59358,M,0.0,0.0,59
201600000030,16,5,6,1700,1,2,1,1,6.0,59337,M,0.0,0.0,59
201600000031,16,9,28,2000,1,1,1,1,2.0,59663,M,0.0,0.0,59
201600000032,16,11,1,1115,1,1,1,1,2.0,59338,M,0.0,0.0,59
201600000033,16,1,7,900,1,2,3,3,6.0,59120,M,0.0,0.0,59
201600000034,16,1,14,1330,1,1,1,1,1.0,59416,M,0.0,0.0,59
201600000035,16,2,9,2145,5,1,1,2,6.0,59416,M,0.0,0.0,59
201600000036,16,2,8,1745,3,1,1,6,1.0,59497,M,0.0,0.0,59
201600000037,16,3,6,330,3,1,1,1,6.0,59087,M,0.0,0.0,59
201600000038,16,4,5,1545,1,1,1,1,3.0,59590,M,0.0,0.0,59
201600000039,16,5,12,2100,1,2,1,1,6.0,59416,M,0.0,0.0,59
201600000040,16,5,29,615,2,2,1,1,6.0,59497,M,0.0,0.0,59
201600000041,16,6,10,830,1,1,1,1,3.0,59497,M,0.0,0.0,59
201600000042,16,7,27,1600,1,1,1,1,6.0,59577,M,0.0,0.0,59
201600000043,16,9,1,545,5,2,1,1,6.0,59497,M,0.0,0.0,59
201600000044,16,11,5,1445,1,1,1,1,6.0,59634,M,0.0,0.0,59
201600000045,16,11,18,1800,5,2,1,2,6.0,59084,M,0.0,0.0,59
201600000046,16,11,27,2230,3,1,1,1,6.0,59184,M,0.0,0.0,59
201600000047,16,4,20,1330,1,1,2,1,3.0,59401,M,0.0,0.0,59
201600000048,16,7,4,1830,1,1,1,1,7.0,59401,M,0.0,0.0,59
201600000049,16,8,7,230,4,2,1,1,7.0,59237,M,0.0,0.0,59
201600000050,16,9,8,1000,1,1,1,1,3.0,59535,M,0.0,0.0,59
201600000051,16,4,29,1545,1,1,1,1,1.0,59581,M,5068000.0,279300.0,59
201600000052,16,6,1,1530,1,2,1,2,3.0,59268,M,5064100.0,271200.0,59
201600000053,16,6,17,130,3,1,1,2,7.0,59212,M,0.0,0.0,59
201600000054,16,8,25,1130,1,1,1,1,1.0,59581,M,0.0,0.0,59
201600000055,16,9,18,1645,1,1,1,2,7.0,59043,M,0.0,0.0,59
201600000056,16,10,18,745,2,1,1,1,6.0,59581,M,5070800.0,276500.0,59
201600000057,16,12,19,715,3,1,1,5,1.0,59180,M,0.0,0.0,59
201600000058,16,3,10,400,3,2,1,1,6.0,59615,M,5070266.0,262094.0,59
201600000059,16,6,29,1845,1,1,1,2,6.0,59400,M,0.0,0.0,59
201600000060,16,9,17,1330,1,2,1,1,3.0,59400,M,0.0,0.0,59
201600000061,16,12,7,2000,5,2,9,1,6.0,59400,M,0.0,0.0,59
201600000062,16,12,14,1715,3,2,1,1,6.0,59400,M,0.0,0.0,59
201600000063,16,1,12,1145,1,1,2,1,3.0,59453,M,0.0,0.0,59
201600000064,16,1,24,100,3,1,1,2,7.0,59054,M,0.0,0.0,59
201600000065,16,4,27,1945,1,1,1,2,6.0,59135,M,0.0,0.0,59
201600000066,16,6,27,1545,1,1,1,1,1.0,59546,M,5078535.0,253023.0,59
201600000067,16,7,6,1415,1,1,1,1,2.0,59135,M,0.0,0.0,59
201600000068,16,8,9,2200,3,1,2,1,3.0,59318,M,0.0,0.0,59
201600000069,16,8,22,1045,1,1,1,1,6.0,59119,M,0.0,0.0,59
201600000070,16,9,21,1345,1,2,6,1,3.0,59546,M,0.0,0.0,59
201600000071,16,10,6,1930,5,2,1,1,1.0,59262,M,0.0,0.0,59
201600000072,16,10,25,2145,3,1,1,5,6.0,59587,M,0.0,0.0,59
201600000073,16,9,27,2100,5,2,2,1,3.0,59044,M,5060979.0,322963.0,59
201600000074,16,11,26,200,3,1,1,1,6.0,59044,M,0.0,0.0,59
201600000075,16,12,3,1745,5,2,1,1,1.0,59013,M,0.0,0.0,59
201600000076,16,3,29,1615,1,2,1,1,2.0,59042,M,0.0,0.0,59
201600000077,16,4,21,830,1,1,1,1,3.0,59523,M,0.0,0.0,59
201600000078,16,7,23,600,2,1,1,1,7.0,59419,M,0.0,0.0,59
201600000079,16,10,2,930,1,1,1,3,6.0,59523,M,0.0,0.0,59
201600000080,16,1,2,2100,3,1,1,2,6.0,59643,M,0.0,0.0,59
201600000081,16,1,22,1130,1,1,2,1,3.0,59643,M,5074146.0,296661.0,59
201600000082,16,3,20,1615,1,2,1,1,5.0,59482,M,0.0,0.0,59
201600000083,16,4,2,815,1,2,8,1,3.0,59482,M,5071633.0,299358.0,59
201600000084,16,4,2,200,3,1,1,1,2.0,59252,M,5071359.0,293964.0,59
201600000085,16,4,15,1000,1,1,1,1,6.0,59611,M,0.0,0.0,59
201600000086,16,4,16,1030,1,2,1,1,6.0,59482,M,0.0,0.0,59
201600000087,16,5,30,1145,1,1,6,2,2.0,59173,M,5073736.0,295811.0,59
201600000088,16,8,9,1345,1,2,6,1,3.0,59252,M,5071258.0,293230.0,59
201600000089,16,9,10,530,3,1,1,1,1.0,59252,M,5070937.0,294594.0,59
201600000090,16,12,24,530,5,1,1,1,6.0,59173,M,5072661.0,297364.0,59
201600000091,16,1,9,1600,1,1,9,1,7.0,59166,M,0.0,0.0,59
201600000092,16,4,5,1015,1,1,1,1,6.0,59559,M,0.0,0.0,59
201600000093,16,8,8,2315,5,1,1,1,6.0,59221,M,0.0,0.0,59
201600000094,16,10,1,1515,1,1,1,1,3.0,59471,M,0.0,0.0,59
201600000095,16,4,4,1530,1,1,1,1,1.0,59313,M,5026022.0,332324.0,59
201600000096,16,11,30,1745,3,1,1,1,3.0,59348,M,0.0,0.0,59
201600000097,16,3,15,1730,1,2,1,1,6.0,59434,M,0.0,0.0,59
201600000098,16,8,28,1430,1,1,1,1,1.0,59238,M,0.0,0.0,59
201600000099,16,2,4,2115,5,2,1,1,6.0,59374,M,5012850.0,383819.0,59
201600000100,16,3,9,2000,5,2,1,1,6.0,59036,M,0.0,0.0,59
201600000101,16,4,14,1400,1,1,1,1,5.0,59035,M,0.0,0.0,59
201600000102,16,6,19,1515,1,1,1,1,1.0,59534,M,0.0,0.0,59
201600000103,16,8,16,1345,2,1,1,1,7.0,59181,M,0.0,0.0,59
201600000104,16,11,25,930,1,2,1,1,1.0,59035,M,0.0,0.0,59
201600000105,16,12,23,1945,3,1,1,2,7.0,59406,M,0.0,0.0,59
201600000106,16,1,6,1230,1,2,1,1,6.0,59012,M,0.0,0.0,59
201600000107,16,3,20,300,3,2,1,1,7.0,59012,M,0.0,0.0,59
201600000108,16,5,28,2030,2,1,1,1,3.0,59012,M,0.0,0.0,59
201600000109,16,8,12,1715,1,1,1,1,1.0,59249,M,0.0,0.0,59
201600000110,16,11,26,1745,1,2,1,1,6.0,59249,M,0.0,0.0,59
201600000111,16,11,27,1800,5,2,1,8,6.0,59249,M,0.0,0.0,59
201600000112,16,12,2,745,2,2,1,5,7.0,59012,M,0.0,0.0,59
201600000113,16,12,2,1345,1,2,1,5,6.0,59012,M,0.0,0.0,59
201600000114,16,12,5,815,1,2,2,1,3.0,59249,M,0.0,0.0,59
201600000115,16,12,9,2000,3,1,1,2,7.0,59012,M,0.0,0.0,59
201600000116,16,12,13,1530,1,1,1,1,6.0,59659,M,0.0,0.0,59
201600000117,16,12,18,345,5,2,1,9,6.0,59249,M,0.0,0.0,59
201600000118,16,7,24,2115,1,2,1,1,6.0,59425,M,0.0,0.0,59
201600000119,16,8,2,1515,1,1,1,2,1.0,59503,M,0.0,0.0,59
201600000120,16,10,21,615,5,2,1,5,1.0,59099,M,0.0,0.0,59
201600000121,16,10,29,1545,1,1,1,1,7.0,59353,M,0.0,0.0,59
201600000122,16,11,10,730,2,1,1,1,5.0,59194,M,0.0,0.0,59
201600000123,16,12,17,45,5,2,1,1,6.0,59194,M,0.0,0.0,59
201600000124,16,8,21,1245,1,2,1,1,1.0,59261,M,0.0,0.0,59
201600000125,16,12,10,1000,1,1,1,9,6.0,59601,M,0.0,0.0,59
201600000126,16,12,26,2045,3,1,1,5,3.0,59229,M,0.0,0.0,59
201600000127,16,1,23,1845,1,1,1,1,1.0,59023,M,0.0,0.0,59
201600000128,16,4,3,1630,1,1,1,1,6.0,59595,M,0.0,0.0,59
201600000129,16,2,7,615,5,2,1,2,6.0,59274,M,5007517.0,368177.0,59
201600000130,16,8,23,2115,3,1,1,1,3.0,59136,M,0.0,0.0,59
201600000131,16,10,16,1015,1,2,1,1,6.0,59136,M,0.0,0.0,59
201600000132,16,10,20,1030,1,1,1,1,3.0,59450,M,0.0,0.0,59
201600000133,16,6,20,1500,1,2,1,3,6.0,59139,M,5013195.0,340272.0,59
201600000134,16,6,21,2315,5,2,1,1,6.0,59321,M,0.0,0.0,59
201600000135,16,8,27,2115,5,2,1,1,1.0,59139,M,0.0,0.0,59
201600000136,16,9,3,1730,1,2,1,1,6.0,59139,M,0.0,0.0,59
201600000137,16,9,10,200,3,1,1,1,6.0,59614,M,0.0,0.0,59
201600000138,16,2,5,1530,1,2,2,1,3.0,59382,M,0.0,0.0,59
201600000139,16,5,30,1330,1,1,1,3,1.0,59209,M,0.0,0.0,59
201600000140,16,12,9,1145,1,1,1,1,6.0,59149,M,0.0,0.0,59
201600000141,16,5,27,1700,1,1,1,1,6.0,59595,M,0.0,0.0,59
201600000142,16,7,22,2100,1,1,1,1,7.0,59001,M,0.0,0.0,59
201600000143,16,8,26,2100,1,1,1,1,6.0,59121,M,0.0,0.0,59
201600000144,16,12,15,630,5,2,1,1,6.0,59552,M,0.0,0.0,59
201600000145,16,7,22,1330,1,2,1,1,1.0,59377,M,0.0,0.0,59
201600000146,16,8,8,1700,1,2,1,1,3.0,59097,M,0.0,0.0,59
201600000147,16,8,19,2200,3,1,1,1,2.0,59176,M,0.0,0.0,59
201600000148,16,2,6,1400,1,1,1,1,6.0,59571,M,0.0,0.0,59
201600000149,16,2,24,1345,1,1,1,1,1.0,59289,M,0.0,0.0,59
201600000150,16,6,16,300,3,2,1,1,7.0,59571,M,0.0,0.0,59
201600000151,16,7,8,1830,1,2,1,1,6.0,59571,M,0.0,0.0,59
201600000152,16,9,12,945,1,2,1,1,6.0,59289,M,0.0,0.0,59
201600000153,16,11,2,2230,3,1,1,1,6.0,59608,M,0.0,0.0,59
201600000154,16,2,11,645,2,2,1,1,7.0,59026,M,5026700.0,316400.0,59
201600000155,16,7,2,1400,1,2,1,1,6.0,59224,M,5026763.0,322428.0,59
201600000156,16,8,28,2000,2,2,1,1,3.0,59015,M,5028800.0,312600.0,59
201600000157,16,12,17,2100,5,2,1,2,1.0,59224,M,5027000.0,321100.0,59
201600000158,16,12,21,500,3,1,6,1,7.0,59126,M,5031200.0,313000.0,59
201600000159,16,12,27,1015,1,2,6,1,3.0,59409,M,5030900.0,320800.0,59
201600000160,16,1,28,715,3,2,1,1,6.0,59158,M,0.0,0.0,59
201600000161,16,7,9,2100,1,2,1,1,2.0,59080,M,5049400.0,340000.0,59
201600000162,16,8,30,1500,1,2,1,7,6.0,59029,M,0.0,0.0,59
201600000163,16,9,2,1315,1,1,1,1,4.0,59449,M,0.0,0.0,59
201600000164,16,9,13,1000,1,2,1,1,1.0,59435,M,0.0,0.0,59
201600000165,16,10,14,800,2,1,1,1,6.0,59158,M,0.0,0.0,59
201600000166,16,10,30,1445,1,2,1,1,2.0,59029,M,0.0,0.0,59
201600000167,16,11,19,900,1,1,1,7,3.0,59435,M,0.0,0.0,59
201600000168,16,12,3,1645,1,2,1,1,6.0,59449,M,0.0,0.0,59
201600000169,16,1,29,1645,1,2,1,8,1.0,59053,M,0.0,0.0,59
201600000170,16,2,2,800,2,2,1,2,6.0,59053,M,0.0,0.0,59
201600000171,16,2,25,1100,1,1,1,1,1.0,59283,M,0.0,0.0,59
201600000172,16,2,27,1715,1,2,1,1,7.0,59076,M,0.0,0.0,59
201600000173,16,3,13,1715,1,2,1,1,7.0,59053,M,0.0,0.0,59
201600000174,16,3,16,630,2,1,1,1,1.0,59076,M,0.0,0.0,59
201600000175,16,3,17,1945,3,1,1,1,5.0,59315,M,5030514.0,377363.0,59
201600000176,16,6,8,2245,3,2,1,1,7.0,59283,M,0.0,0.0,59
201600000177,16,8,13,2045,2,1,1,1,6.0,59357,M,0.0,0.0,59
201600000178,16,8,26,100,5,1,1,1,7.0,59357,M,0.0,0.0,59
201600000179,16,9,8,1430,1,1,1,1,7.0,59357,M,0.0,0.0,59
201600000180,16,10,14,445,3,1,1,1,7.0,59357,M,0.0,0.0,59
201600000181,16,12,23,245,3,1,1,9,6.0,59076,M,5017700.0,350000.0,59
201600000182,16,12,29,1730,3,1,1,9,1.0,59357,M,0.0,0.0,59
201600000183,16,3,7,1745,1,1,1,4,4.0,59265,M,5025230.0,372818.0,59
201600000184,16,4,7,845,1,2,1,8,6.0,59481,M,0.0,0.0,59
201600000185,16,4,9,1745,2,1,1,1,7.0,59565,M,0.0,0.0,59
201600000186,16,10,26,1745,1,2,1,5,3.0,59451,M,0.0,0.0,59
201600000187,16,1,10,215,3,1,1,2,6.0,59187,M,0.0,0.0,59
201600000188,16,2,26,1630,1,1,1,1,7.0,59351,M,0.0,0.0,59
201600000189,16,12,13,1745,3,1,1,8,5.0,59572,M,5000000.0,0.0,59
201600000190,16,2,25,1430,1,1,1,1,1.0,62583,M,0.0,0.0,62
201600000191,16,7,11,1330,1,1,1,1,6.0,62081,M,5021711.0,306276.0,62
201600000192,16,9,14,1700,1,1,1,7,1.0,62414,M,5023815.0,297984.0,62
201600000193,16,11,15,745,2,1,1,5,1.0,62086,M,0.0,0.0,62
201600000194,16,1,7,1900,3,1,1,6,4.0,62887,M,0.0,0.0,62
201600000195,16,2,13,2030,3,1,1,2,6.0,62156,M,0.0,0.0,62
201600000196,16,6,25,1430,1,1,1,1,2.0,62235,M,5064123.0,166580.0,62
201600000197,16,3,19,2315,3,1,1,1,2.0,62751,M,0.0,0.0,62
201600000198,16,4,16,1815,1,1,9,1,4.0,62474,M,0.0,0.0,62
201600000199,16,4,18,1145,1,1,1,1,6.0,62496,M,0.0,0.0,62
201600000200,16,7,24,1700,1,1,1,1,3.0,62758,M,0.0,0.0,62
201600000201,16,8,13,2215,3,1,1,1,2.0,62354,M,0.0,0.0,62
201600000202,16,9,28,745,1,1,1,1,2.0,62354,M,0.0,0.0,62
201600000203,16,11,9,1200,1,1,1,3,3.0,62560,M,0.0,0.0,62
201600000204,16,12,1,730,1,1,1,1,1.0,62894,M,0.0,0.0,62
201600000205,16,12,29,1830,3,1,1,1,3.0,62894,M,0.0,0.0,62
201600000206,16,6,10,1800,1,2,3,1,3.0,62421,M,5010858.0,308254.0,62
201600000207,16,7,24,1945,1,2,2,1,3.0,62440,M,5011314.0,303713.0,62
201600000208,16,8,29,845,1,2,1,1,3.0,62593,M,5002892.0,287380.0,62
201600000209,16,6,7,930,1,2,1,1,6.0,62422,M,5012353.0,263517.0,62
201600000210,16,6,7,1715,1,2,1,3,7.0,62583,M,5017442.0,246665.0,62
201600000211,16,7,15,1145,1,1,1,1,7.0,62135,M,5023149.0,270897.0,62
201600000212,16,8,6,2115,2,1,1,1,6.0,62216,M,5020825.0,259721.0,62
201600000213,16,11,21,1800,5,2,1,1,6.0,62332,M,5023197.0,274658.0,62
201600000214,16,11,21,1700,2,1,2,1,3.0,62151,M,5021893.0,276027.0,62
201600000215,16,11,30,1415,1,2,1,1,3.0,62181,M,5013853.0,270921.0,62
201600000216,16,1,19,1145,1,2,1,7,6.0,62284,M,5024910.0,306829.0,62
201600000217,16,8,3,245,3,1,1,2,6.0,62306,M,5015246.0,282882.0,62
201600000218,16,9,7,1700,1,2,1,7,7.0,62781,M,5022725.0,310897.0,62
201600000219,16,1,5,1230,1,1,1,1,7.0,62001,M,5039645.0,269686.0,62
201600000220,16,1,24,615,1,1,1,2,7.0,62073,M,5033467.0,283834.0,62
201600000221,16,6,1,1530,1,1,1,1,1.0,62589,M,5034514.0,269425.0,62
201600000222,16,7,4,715,1,2,1,2,6.0,62801,M,5038965.0,274233.0,62
201600000223,16,12,25,1830,3,1,1,2,6.0,62371,M,5039649.0,279314.0,62
201600000224,16,1,17,2130,3,1,1,1,5.0,62306,M,5017315.0,282309.0,62
201600000225,16,5,19,1500,1,1,1,8,7.0,62873,M,5026504.0,282902.0,62
201600000226,16,5,26,1900,1,2,6,1,6.0,62646,M,5026750.0,309935.0,62
201600000227,16,11,22,945,3,1,1,1,2.0,62164,M,5019899.0,313344.0,62
201600000228,16,12,10,1845,3,1,1,9,1.0,62582,M,5026210.0,288529.0,62
201600000229,16,7,1,900,1,1,1,1,1.0,62865,M,5032498.0,299557.0,62
201600000230,16,7,26,1030,1,1,1,1,6.0,62355,M,5033287.0,290832.0,62
201600000231,16,10,14,1700,1,1,6,1,3.0,62173,M,5033668.0,300917.0,62
201600000232,16,11,14,445,3,1,1,8,2.0,62865,M,5033372.0,296179.0,62
201600000233,16,11,28,745,2,2,1,1,2.0,62865,M,5032858.0,297896.0,62
201600000234,16,3,3,830,1,1,1,1,6.0,62564,M,5061251.0,240074.0,62
201600000235,16,4,10,515,2,2,1,1,1.0,62391,M,5061652.0,249261.0,62
201600000236,16,5,8,1900,1,2,1,1,1.0,62900,M,5061131.0,236971.0,62
201600000237,16,8,6,600,1,1,1,1,6.0,62454,M,5055830.0,260694.0,62
201600000238,16,8,21,1215,1,2,1,2,1.0,62313,M,5059551.0,231762.0,62
201600000239,16,3,7,1715,1,1,1,8,6.0,62338,M,5063794.0,282823.0,62
201600000240,16,4,22,1815,1,1,1,1,4.0,62491,M,5063200.0,277200.0,62
201600000241,16,8,12,2230,3,1,1,1,1.0,62529,M,5056980.0,277945.0,62
201600000242,16,11,3,1800,2,1,1,1,2.0,62706,M,5059500.0,276400.0,62
201600000243,16,11,21,800,2,1,1,1,6.0,62338,M,5064200.0,281100.0,62
201600000244,16,12,6,745,2,2,1,1,6.0,62736,M,5065619.0,278814.0,62
201600000245,16,3,13,1330,1,1,1,1,1.0,62255,M,5068154.0,180471.0,62
201600000246,16,7,30,1200,1,2,1,1,3.0,62273,M,5061798.0,183044.0,62
201600000247,16,4,1,2315,3,1,1,1,6.0,62889,M,5077575.0,172825.0,62
201600000248,16,4,10,1330,1,1,1,7,7.0,62546,M,5076816.0,166703.0,62
201600000249,16,4,15,1645,1,1,2,8,4.0,62705,M,5080954.0,177870.0,62
201600000250,16,7,3,1530,1,1,1,1,2.0,62899,M,5090452.0,168739.0,62
201600000251,16,7,16,1930,1,1,1,1,5.0,62560,M,5082368.0,169693.0,62
201600000252,16,9,3,1330,1,1,1,1,3.0,62329,M,5082898.0,175530.0,62
201600000253,16,10,23,1915,2,1,1,1,3.0,62054,M,5083585.0,163611.0,62
201600000254,16,3,7,830,1,1,1,4,1.0,62300,M,5067753.0,158255.0,62
201600000255,16,4,17,1400,1,1,1,1,5.0,62235,M,5063543.0,164473.0,62
201600000256,16,12,12,2030,3,1,1,1,1.0,62604,M,5060794.0,163243.0,62
201600000257,16,4,29,1015,1,1,1,1,1.0,62170,M,5043543.0,268823.0,62
201600000258,16,5,4,1945,1,1,3,7,1.0,62793,M,5040504.0,263190.0,62
201600000259,16,5,5,1030,1,2,1,7,7.0,62693,M,5043770.0,255002.0,62
201600000260,16,5,26,1545,1,1,1,1,1.0,62170,M,5043661.0,266594.0,62
201600000261,16,7,28,1730,1,1,1,1,3.0,62693,M,5042766.0,256116.0,62
201600000262,16,10,9,345,5,2,1,1,3.0,62793,M,5040897.0,264217.0,62
201600000263,16,10,12,845,1,2,1,1,6.0,62443,M,5045134.0,263813.0,62
201600000264,16,11,6,1800,3,1,1,1,2.0,62443,M,5044119.0,264861.0,62
201600000265,16,6,29,530,1,2,1,1,7.0,62176,M,5050084.0,169175.0,62
201600000266,16,9,21,2045,3,1,1,1,6.0,62196,M,5046792.0,172762.0,62
201600000267,16,6,30,1000,1,2,1,3,6.0,62364,M,5051336.0,213438.0,62
201600000268,16,12,3,1830,3,1,1,1,1.0,62183,M,5039100.0,185200.0,62
201600000269,16,6,9,1545,1,1,1,1,3.0,62201,M,5056319.0,160832.0,62
201600000270,16,10,8,1930,5,2,1,1,3.0,62318,M,5051914.0,165263.0,62
201600000271,16,10,31,1430,1,2,1,1,6.0,62318,M,5051284.0,163617.0,62
201600000272,16,1,31,1645,1,2,1,2,1.0,62661,M,5038209.0,198640.0,62
201600000273,16,5,29,1400,1,2,1,1,6.0,62552,M,5040231.0,195488.0,62
201600000274,16,2,1,1430,1,1,1,6,1.0,62014,M,5063854.0,237240.0,62
201600000275,16,3,4,845,1,2,1,1,6.0,62721,M,5066079.0,235111.0,62
201600000276,16,4,26,2030,1,1,1,1,6.0,62543,M,5063352.0,233458.0,62
201600000277,16,5,29,1715,1,2,1,1,2.0,62014,M,5063946.0,241387.0,62
201600000278,16,5,27,1800,1,2,1,1,2.0,62014,M,5064055.0,237936.0,62
201600000279,16,10,31,600,5,2,1,5,6.0,62684,M,5069175.0,236163.0,62
201600000280,16,12,13,1730,3,1,1,1,1.0,62288,M,5067508.0,226861.0,62
201600000281,16,12,15,1845,5,2,1,1,6.0,62014,M,5064271.0,239789.0,62
201600000282,16,7,18,1515,1,2,1,1,6.0,62055,M,5078184.0,198870.0,62
201600000283,16,1,14,1100,1,2,2,1,3.0,62645,M,5098005.0,205705.0,62
201600000284,16,2,13,1530,1,2,1,2,6.0,62057,M,5087464.0,208359.0,62
201600000285,16,2,23,1000,1,1,2,1,3.0,62756,M,5090450.0,213449.0,62
201600000286,16,11,3,1030,1,2,1,1,2.0,62598,M,5084352.0,211443.0,62
201600000287,16,11,16,1330,1,1,1,1,3.0,62614,M,5083753.0,201821.0,62
201600000288,16,12,27,1830,3,2,1,8,1.0,62393,M,5091155.0,199296.0,62
201600000289,16,5,16,600,2,2,1,1,6.0,62304,M,5058827.0,224959.0,62
201600000290,16,9,11,930,1,1,1,1,6.0,62569,M,5064576.0,211773.0,62
201600000291,16,7,10,1715,1,1,1,1,5.0,62803,M,5072698.0,191392.0,62
201600000292,16,1,10,1415,1,2,1,9,6.0,62767,M,0.0,0.0,62
201600000293,16,3,19,1215,1,2,1,1,3.0,62767,M,5038339.0,233350.0,62
201600000294,16,4,4,145,3,2,1,3,6.0,62451,M,5047815.0,227237.0,62
201600000295,16,4,13,1645,1,1,1,1,2.0,62367,M,5038327.0,232433.0,62
201600000296,16,4,16,200,5,2,1,1,1.0,62767,M,5038117.0,233574.0,62
201600000297,16,4,15,2115,3,1,1,2,1.0,62333,M,5050450.0,231179.0,62
201600000298,16,4,17,1115,1,1,1,1,3.0,62269,M,5042827.0,243873.0,62
201600000299,16,6,6,1700,1,2,1,1,6.0,62767,M,5038178.0,233586.0,62
201600000300,16,7,8,1230,1,2,1,1,3.0,62138,M,5043041.0,217241.0,62
201600000301,16,7,29,1300,1,2,1,1,1.0,62717,M,5036494.0,238799.0,62
201600000302,16,9,10,1045,1,1,1,1,6.0,62835,M,5043903.0,237041.0,62
201600000303,16,9,13,2000,2,1,1,1,1.0,62450,M,5043790.0,231791.0,62
201600000304,16,9,14,1830,1,2,3,1,1.0,62519,M,5051755.0,222933.0,62
201600000305,16,9,18,1600,1,1,1,2,5.0,62514,M,5073800.0,261500.0,62
201600000306,16,9,29,2145,3,1,1,2,6.0,62686,M,5037609.0,230046.0,62
201600000307,16,11,1,1815,2,1,1,1,3.0,62260,M,5038686.0,224794.0,62
201600000308,16,11,4,1300,1,1,1,1,3.0,62767,M,5037949.0,234032.0,62
201600000309,16,12,12,1200,1,1,1,1,3.0,62835,M,5042300.0,238600.0,62
201600000310,16,12,24,900,1,1,1,1,7.0,62835,M,5044347.0,237785.0,62
201600000311,16,2,27,1615,1,1,1,1,7.0,62385,M,5025907.0,249070.0,62
201600000312,16,2,29,700,1,1,1,9,6.0,62316,M,5027036.0,240308.0,62
201600000313,16,7,10,1900,1,1,1,1,6.0,62785,M,5036528.0,255533.0,62
201600000314,16,7,31,845,1,1,2,1,1.0,62198,M,5038909.0,262265.0,62
201600000315,16,9,5,715,1,1,1,2,7.0,62802,M,5022980.0,236257.0,62
201600000316,16,11,14,630,3,1,1,5,6.0,62536,M,5043199.0,250779.0,62
201600000317,16,11,28,915,1,1,1,1,1.0,62061,M,5035155.0,245045.0,62
201600000318,16,12,2,1930,5,2,1,8,3.0,62784,M,5020516.0,253364.0,62
201600000319,16,12,29,45,3,1,1,5,6.0,62630,M,5028724.0,253958.0,62
201600000320,16,4,16,1445,1,1,1,1,6.0,62415,M,5033273.0,263768.0,62
201600000321,16,7,10,1800,1,1,1,1,6.0,62045,M,5034508.0,258257.0,62
201600000322,16,7,9,1430,1,2,1,1,6.0,62695,M,5026369.0,236958.0,62
201600000323,16,9,27,1700,1,2,1,1,3.0,80732,M,4989177.0,171651.0,80
201600000324,16,9,29,1415,1,2,1,1,6.0,80554,M,4988409.0,201978.0,80
201600000325,16,5,13,1800,1,1,1,1,6.0,80798,M,5000521.0,233710.0,80
201600000326,16,8,31,1630,1,1,1,1,1.0,80385,M,5012513.0,180144.0,80
201600000327,16,2,23,2130,3,1,1,5,6.0,80110,M,5017462.0,168118.0,80
201600000328,16,4,12,1630,1,1,1,1,1.0,80618,M,5017968.0,158727.0,80
201600000329,16,6,25,1500,1,2,2,1,3.0,80287,M,5015432.0,160979.0,80
201600000330,16,8,2,1230,1,1,8,2,3.0,80721,M,5017586.0,162009.0,80
201600000331,16,10,29,915,1,1,1,8,1.0,80110,M,5017220.0,165806.0,80
201600000332,16,8,27,1400,1,2,1,1,3.0,80776,M,5005199.0,253259.0,80
201600000333,16,7,3,2300,5,2,1,1,6.0,80711,M,5004160.0,211683.0,80
201600000334,16,1,8,900,1,2,1,1,6.0,80523,M,4998335.0,267334.0,80
201600000335,16,1,14,815,5,2,1,3,6.0,80523,M,4998436.0,267231.0,80
201600000336,16,1,22,1815,5,2,1,2,3.0,80016,M,5000676.0,266285.0,80
201600000337,16,2,26,1945,5,2,1,1,7.0,80016,M,5000097.0,264145.0,80
201600000338,16,3,16,1715,1,2,1,1,3.0,80016,M,5000333.0,263998.0,80
201600000339,16,4,19,1230,1,1,1,1,6.0,80540,M,5004205.0,265794.0,80