Num_Acc,an,mois,jour,hrmn,lum,agg,int,atm,col,com,gps,lat,long,dep
201600000664,16,8,22,1530,1,2,3,1,3.0,76758,M,4961801.0,75264.0,76
201600000665,16,10,16,1515,1,1,1,2,1.0,76718,M,4961517.0,68899.0,76
201600000666,16,10,28,1450,1,1,1,1,5.0,76758,M,4960517.0,76204.0,76
201600000667,16,7,9,2300,5,2,1,1,3.0,76495,M,4958850.0,96663.0,76
201600000668,16,7,16,315,3,1,1,1,6.0,76385,M,4961963.0,90284.0,76
201600000669,16,1,3,1100,1,1,1,2,6.0,76566,M,4959466.0,97530.0,76
201600000670,16,1,31,1800,3,1,1,2,1.0,76495,M,4957951.0,95404.0,76
201600000671,16,1,31,1115,1,2,1,2,1.0,76495,M,4956403.0,95337.0,76
201600000672,16,3,5,1630,1,1,1,1,3.0,76203,M,4960265.0,85573.0,76
201600000673,16,7,10,1300,1,1,1,1,4.0,76135,M,4958021.0,89265.0,76
201600000674,16,8,27,1715,1,1,1,1,2.0,76135,M,4956886.0,91393.0,76
201600000675,16,10,2,1815,1,1,1,1,6.0,76234,M,4962776.0,96847.0,76
201600000676,16,12,1,735,2,1,3,1,5.0,76433,M,4958687.0,88164.0,76
201600000677,16,12,8,1710,2,1,1,1,6.0,76444,M,4958689.0,80073.0,76
201600000678,16,12,12,815,2,2,1,1,3.0,76057,M,4953751.0,94127.0,76
201600000679,16,1,16,1500,1,1,1,1,6.0,76642,M,4982368.0,88018.0,76
201600000680,16,5,23,1730,1,2,1,1,1.0,76189,M,4980514.0,70871.0,76
201600000681,16,1,31,845,1,1,1,2,6.0,76663,M,4977924.0,53182.0,76
201600000682,16,2,12,730,3,1,1,2,6.0,76719,M,4973208.0,51465.0,76
201600000683,16,3,23,1700,1,1,2,1,3.0,76685,M,4975725.0,51625.0,76
201600000684,16,5,21,1345,1,1,2,1,3.0,76706,M,4969960.0,40732.0,76
201600000685,16,9,24,1115,1,1,1,1,7.0,76195,M,4978091.0,56512.0,76
201600000686,16,9,20,645,3,1,1,1,1.0,76091,M,4971466.0,60423.0,76
201600000687,16,5,2,745,1,2,1,1,2.0,27684,M,4908885.0,128885.0,27
201600000688,16,11,18,1345,1,1,1,1,6.0,27634,M,4890115.0,117226.0,27
201600000689,16,1,13,730,3,2,2,2,7.0,27165,M,4895261.0,95125.0,27
201600000690,16,1,13,1745,3,2,1,1,1.0,27020,M,4899949.0,110799.0,27
201600000691,16,4,1,1500,1,2,1,1,1.0,27020,M,4899446.0,107753.0,27
201600000692,16,6,11,1830,1,2,2,1,2.0,27165,M,4897287.0,95262.0,27
201600000693,16,6,13,1745,1,1,1,1,1.0,27165,M,4895986.0,92666.0,27
201600000694,16,7,15,2100,1,1,1,1,6.0,27165,M,4896412.0,90699.0,27
201600000695,16,8,22,1245,1,2,1,1,2.0,27602,M,4900917.0,109400.0,27
201600000696,16,9,1,815,1,1,1,1,7.0,27161,M,4905580.0,102447.0,27
201600000697,16,9,10,1300,1,1,1,1,1.0,27020,M,4898797.0,105816.0,27
201600000698,16,12,5,1230,2,1,1,8,3.0,27618,M,4896476.0,85820.0,27
201600000699,16,3,12,1615,1,1,1,1,3.0,27017,M,4899283.0,115602.0,27
201600000700,16,3,13,1815,1,1,1,1,7.0,27306,M,4897703.0,115854.0,27
201600000701,16,4,10,515,3,1,1,1,6.0,27183,M,4890690.0,137832.0,27
201600000702,16,5,5,2145,5,2,1,1,3.0,27183,M,4889922.0,139307.0,27
201600000703,16,6,26,1530,1,1,1,1,7.0,27421,M,4891072.0,130543.0,27
201600000704,16,7,13,1830,1,1,3,1,3.0,27306,M,4899177.0,118533.0,27
201600000705,16,7,15,1430,1,1,1,1,3.0,27301,M,4893516.0,116505.0,27
201600000706,16,10,4,900,1,1,1,1,3.0,27278,M,4891801.0,140420.0,27
201600000707,16,10,8,430,5,2,4,1,6.0,27183,M,4889060.0,140325.0,27
201600000708,16,9,27,830,1,2,1,1,6.0,27183,M,4889721.0,140638.0,27
201600000709,16,10,13,515,3,1,1,1,6.0,27183,M,4890677.0,137901.0,27
201600000710,16,12,22,2245,3,1,1,5,6.0,27177,M,4887239.0,125690.0,27
201600000711,16,7,18,1745,1,1,2,1,3.0,27166,M,4882818.0,98403.0,27
201600000712,16,8,12,715,1,1,2,1,3.0,27002,M,4877464.0,110551.0,27
201600000713,16,8,30,1745,1,1,1,1,3.0,27416,M,4881734.0,112946.0,27
201600000714,16,9,13,1800,1,1,1,7,1.0,27491,M,4882990.0,101848.0,27
201600000715,16,12,2,900,1,1,1,1,6.0,27543,M,4878313.0,135294.0,27
201600000716,16,4,24,730,1,1,2,1,3.0,27123,M,4901195.0,131348.0,27
201600000717,16,5,30,1615,1,1,3,1,3.0,27004,M,4900919.0,141530.0,27
201600000718,16,6,14,1445,1,1,1,2,1.0,27448,M,4901232.0,130131.0,27
201600000719,16,6,30,1830,1,1,1,1,1.0,27119,M,4893578.0,145556.0,27
201600000720,16,7,13,800,1,1,1,1,1.0,27123,M,4900050.0,131082.0,27
201600000721,16,8,9,2130,2,1,2,1,3.0,27410,M,4901323.0,127074.0,27
201600000722,16,10,21,1730,1,2,1,2,1.0,27397,M,4903043.0,136719.0,27
201600000723,16,11,6,1445,1,2,1,1,6.0,27076,M,4896527.0,133495.0,27
201600000724,16,12,21,1600,1,2,8,1,3.0,27114,M,4895992.0,141752.0,27
201600000725,16,12,23,1800,5,2,2,1,3.0,27448,M,4901996.0,139238.0,27
201600000726,16,6,3,2300,5,1,1,1,3.0,27017,M,4899284.0,115600.0,27
201600000727,16,6,20,715,2,1,1,2,6.0,27421,M,4891072.0,130543.0,27
201600000728,16,4,9,1515,1,1,3,2,7.0,27096,M,4887848.0,67328.0,27
201600000729,16,6,24,915,1,1,3,1,3.0,27573,M,4881513.0,94283.0,27
201600000730,16,7,8,845,1,1,2,1,3.0,27159,M,4876260.0,91300.0,27
201600000731,16,8,30,1500,1,1,1,1,7.0,27565,M,4889912.0,85153.0,27
201600000732,16,12,2,715,2,1,1,5,7.0,27303,M,4888609.0,85037.0,27
201600000733,16,12,17,1615,1,1,1,1,6.0,27565,M,4889555.0,85295.0,27
201600000734,16,12,25,1800,5,2,4,2,3.0,27431,M,0.0,0.0,27
201600000735,16,1,7,1900,3,1,1,8,3.0,27473,M,4917522.0,139104.0,27
201600000736,16,4,24,715,1,1,2,1,3.0,27016,M,4905326.0,117735.0,27
201600000737,16,5,28,2245,3,1,2,1,3.0,27058,M,4922688.0,134834.0,27
201600000738,16,6,25,1745,1,1,1,1,7.0,27016,M,4925505.0,145447.0,27
201600000739,16,7,9,1715,1,1,9,1,6.0,27016,M,4924333.0,140482.0,27
201600000740,16,8,22,2330,3,1,1,1,7.0,27175,M,4881734.0,112946.0,27
201600000741,16,8,29,1800,1,2,9,1,6.0,27016,M,4924481.0,140917.0,27
201600000742,16,9,7,1815,1,2,1,1,3.0,27016,M,4924367.0,140393.0,27
201600000743,16,10,3,1830,1,2,1,1,4.0,27016,M,4924713.0,142398.0,27
201600000744,16,11,15,745,2,2,1,2,1.0,27016,M,4924839.0,142701.0,27
201600000745,16,12,31,1730,5,1,1,1,1.0,27016,M,4924877.0,145984.0,27
201600000746,16,1,31,1815,3,1,1,3,3.0,27644,M,4915227.0,153238.0,27
201600000747,16,2,26,1630,1,1,1,1,6.0,27540,M,4908497.0,159213.0,27
201600000748,16,6,17,1830,1,1,1,1,2.0,27072,M,4910365.0,156845.0,27
201600000749,16,6,27,800,1,1,1,1,6.0,27213,M,4915649.0,157097.0,27
201600000750,16,2,1,130,5,2,9,1,6.0,27104,M,4938648.0,130714.0,27
201600000751,16,2,23,730,2,1,1,1,6.0,27493,M,4932757.0,124945.0,27
201600000752,16,3,23,1330,1,1,1,1,6.0,27672,M,4946055.0,138678.0,27
201600000753,16,3,30,1615,1,1,1,2,1.0,27454,M,4943057.0,137363.0,27
201600000754,16,4,27,1115,1,1,1,3,1.0,27274,M,4933802.0,139369.0,27
201600000755,16,5,19,1700,1,1,9,1,6.0,27151,M,4938127.0,137167.0,27
201600000756,16,6,26,1745,1,1,1,1,6.0,27246,M,4935425.0,135756.0,27
201600000757,16,7,7,1300,1,2,1,1,3.0,27104,M,4938659.0,130665.0,27
201600000758,16,7,6,2100,1,1,1,1,6.0,27151,M,4938651.0,137603.0,27
201600000759,16,7,30,30,5,2,1,1,6.0,27104,M,4938709.0,130507.0,27
201600000760,16,8,7,1615,1,1,1,1,2.0,27377,M,4938263.0,151867.0,27
201600000761,16,9,9,1645,1,1,1,7,2.0,27493,M,4933915.0,126005.0,27
201600000762,16,9,21,1045,1,1,1,1,6.0,27664,M,4943778.0,149794.0,27
201600000763,16,9,25,130,3,1,1,1,7.0,27488,M,4938030.0,132106.0,27
201600000764,16,10,17,830,2,1,1,2,3.0,27407,M,4930876.0,145874.0,27
201600000765,16,11,11,700,5,2,1,1,6.0,27453,M,4939870.0,137033.0,27
201600000766,16,11,23,430,3,1,1,2,3.0,27470,M,4932658.0,129180.0,27
201600000767,16,12,14,830,1,2,1,1,1.0,27470,M,4933322.0,127639.0,27
201600000768,16,12,16,2045,3,1,1,5,1.0,27454,M,4943416.0,136312.0,27
201600000769,16,2,2,115,3,1,1,8,6.0,27426,M,4928102.0,174798.0,27
201600000770,16,5,16,2000,1,2,1,1,7.0,27304,M,4922454.0,168802.0,27
201600000771,16,8,5,1245,1,2,9,1,3.0,27617,M,4931374.0,150850.0,27
201600000772,16,8,27,1515,1,2,1,1,6.0,27204,M,4932654.0,159203.0,27
201600000773,16,10,29,2245,5,2,1,1,6.0,27284,M,4928446.0,178259.0,27
201600000774,16,12,8,2350,3,1,1,1,6.0,27567,M,4927542.0,158111.0,27
201600000775,16,1,13,1400,1,1,2,1,3.0,27516,M,4904709.0,59523.0,27
201600000776,16,11,18,1800,1,2,1,4,7.0,27398,M,4909995.0,62374.0,27
201600000777,16,11,30,645,3,1,1,1,7.0,27138,M,4899230.0,56993.0,27
201600000778,16,2,27,245,3,1,1,1,6.0,27074,M,4954850.0,66873.0,27
201600000779,16,3,26,1,5,2,1,1,6.0,27210,M,4913130.0,84609.0,27
201600000780,16,12,14,1430,1,1,1,1,6.0,27116,M,4916358.0,72530.0,27
201600000781,16,1,14,800,5,2,2,3,1.0,27003,M,0.0,0.0,27
201600000782,16,1,22,1930,3,1,2,1,3.0,27031,M,4927285.0,120286.0,27
201600000783,16,2,13,1800,2,1,1,3,7.0,27439,M,4907588.0,116640.0,27
201600000784,16,2,14,1715,1,1,2,1,3.0,27342,M,4912089.0,108212.0,27
201600000785,16,4,21,745,1,2,1,7,3.0,27375,M,4920956.0,111226.0,27
201600000786,16,6,3,1545,1,2,9,1,6.0,27439,M,4905964.0,116686.0,27
201600000787,16,8,13,1100,1,1,1,1,3.0,27598,M,4921880.0,121576.0,27
201600000788,16,8,15,1700,1,2,3,1,3.0,27014,M,4914929.0,115391.0,27
201600000789,16,9,8,1700,1,1,1,1,5.0,27624,M,4919058.0,109866.0,27
201600000790,16,10,13,1045,1,1,2,1,3.0,27401,M,0.0,0.0,27
201600000791,16,11,14,1730,1,1,1,1,6.0,27003,M,4917306.0,120007.0,27
201600000792,16,10,3,1400,1,1,1,1,6.0,27230,M,4886673.0,138943.0,27
201600000793,16,1,10,145,3,1,2,1,3.0,27249,M,4918260.0,125751.0,27
201600000794,16,1,14,1215,1,1,1,8,1.0,27025,M,4910830.0,129509.0,27
201600000795,16,4,11,1045,1,1,2,1,3.0,27489,M,4907176.0,122184.0,27
201600000796,16,5,3,1715,1,2,3,1,3.0,27025,M,4908885.0,128885.0,27
201600000797,16,5,5,2215,3,1,4,1,1.0,27517,M,4912021.0,131004.0,27
201600000798,16,6,4,430,2,1,2,1,3.0,27275,M,4915404.0,136358.0,27
201600000799,16,7,25,1430,1,1,1,8,7.0,27517,M,4914119.0,134934.0,27
201600000800,16,10,8,1130,1,1,9,1,1.0,27517,M,4912855.0,131135.0,27
201600000801,16,11,15,2030,3,1,1,1,1.0,27611,M,4908606.0,126467.0,27
201600000802,16,12,10,815,1,1,3,1,3.0,27275,M,4915773.0,134687.0,27
201600000803,16,1,11,2000,5,1,1,2,3.0,27188,M,4929974.0,108060.0,27
201600000804,16,2,26,1845,3,1,1,1,1.0,27365,M,4929407.0,120033.0,27
201600000805,16,4,3,1630,1,1,1,1,6.0,27365,M,4929793.0,120833.0,27
201600000806,16,5,6,1715,1,1,2,1,1.0,27188,M,4929904.0,107860.0,27
201600000807,16,7,27,730,1,1,1,1,7.0,27648,M,4925158.0,110357.0,27
201600000808,16,8,16,1830,1,1,4,1,3.0,27412,M,4923869.0,111898.0,27
201600000809,16,10,11,1845,1,2,1,1,6.0,27469,M,4930388.0,115943.0,27
201600000810,16,11,9,145,3,1,1,2,6.0,27322,M,4924230.0,104924.0,27
201600000811,16,11,23,1645,2,1,1,8,6.0,27365,M,4928943.0,120010.0,27
201600000812,16,12,16,930,2,2,3,1,6.0,27386,M,4931073.0,120074.0,27
201600000813,16,1,14,715,3,1,1,3,1.0,27282,M,4904176.0,108042.0,27
201600000814,16,1,31,1245,1,1,9,2,6.0,27534,M,4924222.0,104904.0,27
201600000815,16,2,7,1500,1,2,2,1,3.0,27700,M,4921903.0,103623.0,27
201600000816,16,3,30,1115,1,2,6,1,6.0,27261,M,4921870.0,94345.0,27
201600000817,16,6,15,1800,1,1,1,8,1.0,27654,M,4921363.0,89244.0,27
201600000818,16,7,5,815,1,1,2,1,6.0,27055,M,4911269.0,104166.0,27
201600000819,16,7,16,15,3,1,1,1,5.0,27616,M,4926665.0,98280.0,27
201600000820,16,8,8,1900,1,2,1,1,1.0,27579,M,4923714.0,95530.0,27
201600000821,16,8,18,2030,1,1,1,1,7.0,27192,M,4913563.0,93575.0,27
201600000822,16,9,15,830,1,1,1,1,1.0,27344,M,4924475.0,82694.0,27
201600000823,16,11,1,400,3,2,9,5,6.0,27389,M,4914833.0,96762.0,27
201600000824,16,11,19,2145,3,1,1,6,6.0,27658,M,4910896.0,90956.0,27
201600000825,16,2,1,1145,1,1,1,1,6.0,27260,M,4940475.0,42059.0,27
201600000826,16,2,12,2345,3,1,1,1,6.0,27065,M,4931695.0,34582.0,27
201600000827,16,4,15,1000,1,2,1,1,6.0,27467,M,4934763.0,52289.0,27
201600000828,16,5,10,945,1,1,1,1,1.0,27655,M,4932910.0,53037.0,27
201600000829,16,5,25,1645,1,2,2,1,3.0,27467,M,4935035.0,53026.0,27
201600000830,16,7,7,1300,1,1,1,1,6.0,27065,M,4932634.0,34466.0,27
201600000831,16,7,17,2200,2,2,3,1,6.0,27656,M,4935917.0,47784.0,27
201600000832,16,7,27,2300,3,1,1,2,7.0,27549,M,4933471.0,52713.0,27
201600000833,16,9,17,1600,1,1,1,2,6.0,27174,M,4933332.0,60327.0,27
201600000834,16,11,7,800,1,2,1,2,5.0,27656,M,4935854.0,47933.0,27
201600000835,16,11,20,1045,1,2,2,1,3.0,27467,M,4934902.0,52103.0,27
201600000836,16,11,22,1715,2,2,2,1,6.0,27467,M,4934751.0,52148.0,27
201600000837,16,11,26,1130,1,1,1,1,3.0,27655,M,4933854.0,51149.0,27
201600000838,16,2,13,1230,1,1,1,3,2.0,27580,M,4923993.0,119897.0,27
201600000839,16,6,12,200,3,1,1,2,6.0,27244,M,4932424.0,74989.0,27
201600000840,16,7,31,1200,1,2,1,1,1.0,27102,M,4935623.0,76539.0,27
201600000841,16,9,27,1730,1,2,1,1,6.0,27227,M,4938254.0,66492.0,27
201600000842,16,10,1,1515,1,2,1,1,6.0,27133,M,4937118.0,91589.0,27
201600000843,16,7,14,2315,3,1,1,1,6.0,27367,M,4924346.0,49743.0,27
201600000844,16,12,27,1445,1,1,2,1,3.0,27538,M,4926903.0,56583.0,27
201600000845,16,1,20,1900,3,1,1,1,6.0,35047,M,4800140.0,-174096.0,35
201600000846,16,4,23,1645,1,1,1,8,5.0,35066,M,0.0,0.0,35
201600000847,16,6,7,2315,3,1,1,1,6.0,35047,M,4801262.0,-174551.0,35
201600000848,16,9,14,1130,1,1,1,1,6.0,35047,M,4804975.0,-174841.0,35
201600000849,16,10,6,1910,1,2,1,1,5.0,35047,M,4802714.0,-173048.0,35
201600000850,16,3,18,930,1,1,3,1,3.0,35177,M,4821855.0,-174809.0,35
201600000851,16,4,22,2145,5,2,1,1,1.0,35233,M,4835792.0,-181851.0,35
201600000852,16,4,30,2000,1,2,3,1,3.0,35079,M,4820962.0,-163009.0,35
201600000853,16,5,11,1600,1,2,1,1,7.0,35296,M,4826775.0,-165075.0,35
201600000854,16,8,18,1730,1,2,1,1,3.0,35107,M,4825850.0,-151566.0,35
201600000855,16,9,3,2000,1,2,1,1,3.0,35315,M,4821880.0,-158114.0,35
201600000856,16,9,26,2130,3,1,1,1,7.0,35154,M,4821610.0,-139203.0,35
201600000857,16,9,26,1730,1,2,1,1,1.0,35001,M,4813370.0,-153266.0,35
201600000858,16,11,1,1400,1,1,1,1,1.0,35154,M,4822479.0,-139339.0,35
201600000859,16,2,28,800,1,1,1,1,6.0,35184,M,4822326.0,-211254.0,35
201600000860,16,5,29,1900,1,2,1,1,6.0,35026,M,4811094.0,-212558.0,35
201600000861,16,7,12,1145,1,2,7,1,6.0,35297,M,4818926.0,-219180.0,35
201600000862,16,8,3,1915,1,1,1,1,2.0,35302,M,4818150.0,-215752.0,35
201600000863,16,8,14,1730,1,1,1,1,6.0,35143,M,4822605.0,-202346.0,35
201600000864,16,8,24,1345,1,2,1,1,3.0,35297,M,4818894.0,-220539.0,35
201600000865,16,9,16,1800,1,1,1,1,2.0,35184,M,4820617.0,-203880.0,35
201600000866,16,9,30,745,1,1,2,1,5.0,35027,M,4816803.0,-205409.0,35
201600000867,16,2,27,1815,2,1,1,1,1.0,35187,M,4805160.0,-197424.0,35
201600000868,16,3,4,1300,1,2,1,1,3.0,35188,M,4814547.0,-196853.0,35
201600000869,16,3,11,1515,1,1,1,7,1.0,35133,M,4815479.0,-201547.0,35
201600000870,16,3,16,1645,1,1,1,6,2.0,35223,M,4799596.0,-207911.0,35
201600000871,16,4,19,1400,1,2,2,1,1.0,35133,M,4813245.0,-203620.0,35
201600000872,16,5,6,100,3,1,1,1,6.0,35227,M,4817716.0,-192325.0,35
201600000873,16,5,31,1800,1,2,6,1,1.0,35188,M,4814161.0,-196389.0,35
201600000874,16,7,20,1615,1,1,1,1,1.0,35331,M,4811248.0,-193068.0,35
201600000875,16,9,16,745,2,1,1,2,3.0,35227,M,4817682.0,-192317.0,35
201600000876,16,1,15,715,3,1,1,9,6.0,35196,M,4810161.0,-184009.0,35
201600000877,16,1,19,1745,3,1,1,1,2.0,35240,M,4809624.0,-175978.0,35
201600000878,16,3,11,2300,4,1,6,1,7.0,35076,M,4806034.0,-177571.0,35
201600000879,16,4,20,1545,1,2,1,1,3.0,35196,M,4808003.0,-184118.0,35
201600000880,16,5,4,1515,1,1,2,1,1.0,35037,M,4805135.0,-185337.0,35
201600000881,16,8,17,830,1,2,6,7,3.0,35240,M,4809248.0,-178044.0,35
201600000882,16,10,7,1515,1,1,1,1,7.0,35240,M,4809512.0,-176174.0,35
201600000883,16,10,18,745,1,1,1,5,3.0,35076,M,4807129.0,-176551.0,35
201600000884,16,11,23,2230,3,1,1,8,2.0,35076,M,4808169.0,-179032.0,35
201600000885,16,12,6,1710,2,2,3,9,7.0,35196,M,4807095.0,-185217.0,35
201600000886,16,4,13,1800,1,2,9,3,6.0,35142,M,4841700.0,-115209.0,35
201600000887,16,7,18,945,1,1,1,1,1.0,35018,M,4843754.0,-110444.0,35
201600000888,16,8,12,1100,1,1,3,7,1.0,35138,M,4837867.0,-115010.0,35
201600000889,16,1,18,1245,1,1,1,2,6.0,35355,M,4834163.0,-152106.0,35
201600000890,16,5,25,1945,1,1,1,1,2.0,35326,M,4833158.0,-153034.0,35
201600000891,16,6,18,1100,1,1,1,1,7.0,35355,M,4834615.0,-149409.0,35
201600000892,16,6,27,915,1,1,1,2,5.0,35282,M,4827779.0,-135503.0,35
201600000893,16,8,13,1815,1,1,1,7,2.0,35178,M,4828696.0,-143407.0,35
201600000894,16,1,16,115,3,1,1,4,7.0,35083,M,4845463.0,-139700.0,35
201600000895,16,4,24,130,3,1,1,1,7.0,35341,M,4842168.0,-141252.0,35
201600000896,16,5,28,730,1,2,2,8,6.0,35257,M,4841086.0,-136649.0,35
201600000897,16,6,9,900,1,1,1,1,7.0,35267,M,0.0,0.0,35
201600000898,16,7,25,715,1,1,1,8,6.0,35303,M,4846894.0,-144364.0,35
201600000899,16,9,9,915,1,1,6,7,3.0,35257,M,4839884.0,-137221.0,35
201600000900,16,1,24,2015,3,1,1,1,1.0,35236,M,4766763.0,-209100.0,35
201600000901,16,1,23,2230,5,2,1,2,6.0,35236,M,4765180.0,-208139.0,35
201600000902,16,2,8,1600,1,2,6,1,3.0,35236,M,4765749.0,-208435.0,35
201600000903,16,4,12,1015,1,2,3,7,3.0,35013,M,4770480.0,-207084.0,35
201600000904,16,6,27,1600,1,2,2,1,3.0,35236,M,4766771.0,-206348.0,35
201600000905,16,8,13,1515,1,1,2,1,3.0,35013,M,4770657.0,-205423.0,35
201600000906,16,9,8,1145,1,1,1,1,1.0,35013,M,4770939.0,-208854.0,35
201600000907,16,10,27,1715,1,2,1,1,6.0,35236,M,4765064.0,-208609.0,35
201600000908,16,11,11,2150,3,1,1,1,6.0,35013,M,4768355.0,-208648.0,35
201600000909,16,12,8,2330,3,1,1,1,6.0,35064,M,4770241.0,-192349.0,35
201600000910,16,12,26,2058,3,2,1,1,6.0,35236,M,4763815.0,-209372.0,35
201600000911,16,2,27,1115,1,1,2,1,3.0,35231,M,4789819.0,-170181.0,35
201600000912,16,4,25,2030,2,2,2,1,3.0,35321,M,4791557.0,-158885.0,35
201600000913,16,5,4,1330,1,1,1,1,7.0,35221,M,4787801.0,-177752.0,35
201600000914,16,5,11,45,3,1,1,1,6.0,35106,M,4784356.0,-158927.0,35
201600000915,16,6,8,115,3,1,1,1,7.0,35033,M,4792726.0,-167368.0,35
201600000916,16,6,16,1915,1,1,1,1,1.0,35012,M,4786812.0,-165772.0,35
201600000917,16,7,26,1730,1,1,1,1,6.0,35145,M,4775044.0,-189803.0,35
201600000918,16,2,3,630,3,1,1,1,7.0,35149,M,4797721.0,-183790.0,35
201600000919,16,2,10,1630,1,1,1,1,2.0,35126,M,4795375.0,-177967.0,35
201600000920,16,4,8,1730,1,1,1,1,4.0,35126,M,4794964.0,-177578.0,35
201600000921,16,4,16,2200,3,1,1,1,5.0,35123,M,4798891.0,-182228.0,35
201600000922,16,7,7,1615,1,1,3,1,3.0,35139,M,4795562.0,-170105.0,35
201600000923,16,11,27,235,5,1,1,1,6.0,35123,M,4801631.0,-182544.0,35
201600000924,16,12,24,1345,1,1,6,1,7.0,35126,M,4798416.0,-182976.0,35
201600000925,16,8,6,1645,1,2,1,1,6.0,35129,M,4782454.0,-180021.0,35
201600000926,16,2,1,145,3,1,1,1,1.0,35285,M,4775699.0,-194245.0,35
201600000927,16,5,6,1530,1,1,9,1,3.0,35289,M,4787868.0,-178018.0,35
201600000928,16,6,6,1445,1,2,1,1,3.0,35175,M,4789520.0,-197404.0,35
201600000929,16,9,8,1945,1,1,1,1,1.0,35168,M,4792596.0,-203702.0,35
201600000930,16,5,5,1900,1,1,1,1,1.0,35314,M,4856011.0,-195337.0,35
201600000931,16,6,18,1900,1,1,1,1,3.0,35299,M,4865640.0,-187100.0,35
201600000932,16,8,3,2000,1,1,1,1,6.0,35179,M,4854617.0,-192290.0,35
201600000933,16,8,21,1600,1,1,1,1,3.0,35049,M,4864461.0,-188514.0,35
201600000934,16,3,20,1545,1,1,1,1,7.0,35228,M,4854748.0,-204015.0,35
201600000935,16,3,29,2045,3,2,6,1,3.0,35228,M,4859343.0,-206850.0,35
201600000936,16,4,21,1730,1,1,2,2,3.0,35228,M,4860574.0,-206842.0,35
201600000937,16,5,24,1030,1,1,3,1,3.0,35256,M,4861203.0,-212309.0,35
201600000938,16,8,6,545,2,1,1,1,1.0,35228,M,4860344.0,-206893.0,35
201600000939,16,9,14,1700,1,2,1,1,1.0,35228,M,4857747.0,-206356.0,35
201600000940,16,9,22,1700,1,1,2,1,3.0,35287,M,4861885.0,-210613.0,35
201600000941,16,11,19,1740,3,1,1,2,1.0,35228,M,4860223.0,-206944.0,35
201600000942,16,11,30,1340,1,1,1,1,1.0,35228,M,4860323.0,-205688.0,35
201600000943,16,1,22,815,2,2,1,3,6.0,35360,M,4811122.0,-120564.0,35
201600000944,16,5,13,1030,1,2,6,2,3.0,35360,M,4810943.0,-121601.0,35
201600000945,16,5,19,1830,1,2,1,1,7.0,35015,M,4816779.0,-119417.0,35
201600000946,16,6,26,745,1,1,6,1,7.0,35360,M,4812417.0,-123291.0,35
201600000947,16,7,16,2100,1,1,1,1,6.0,35087,M,4807917.0,-131445.0,35
201600000948,16,7,25,1800,1,2,1,1,3.0,35360,M,4812005.0,-119193.0,35
201600000949,16,9,21,745,2,1,1,8,1.0,35360,M,4812013.0,-123262.0,35
201600000950,16,1,30,430,3,1,1,8,6.0,35207,M,4810856.0,-152620.0,35
201600000951,16,2,4,745,1,1,1,1,5.0,35204,M,4804642.0,-157496.0,35
201600000952,16,4,22,2015,1,1,3,1,1.0,35254,M,4804579.0,-145833.0,35
201600000953,16,5,5,945,1,1,1,1,2.0,35207,M,4810475.0,-149965.0,35
201600000954,16,5,20,1715,1,1,1,1,1.0,35099,M,4809139.0,-155880.0,35
201600000955,16,2,14,545,5,1,6,8,6.0,35167,M,4784187.0,-132485.0,35
201600000956,16,3,2,130,3,1,1,2,7.0,35114,M,4785308.0,-128756.0,35
201600000957,16,7,16,2345,3,1,1,1,7.0,35239,M,4789124.0,-133781.0,35
201600000958,16,2,17,2030,5,2,1,2,3.0,35136,M,4795201.0,-150829.0,35
201600000959,16,3,12,2345,3,1,1,1,7.0,35028,M,4797075.0,-141077.0,35
201600000960,16,3,19,1845,2,1,1,1,1.0,35002,M,4801793.0,-150922.0,35
201600000961,16,4,2,230,3,1,3,1,6.0,35108,M,4795228.0,-142279.0,35
201600000962,16,5,20,830,1,2,1,1,6.0,35136,M,4795505.0,-149760.0,35
201600000963,16,6,8,345,3,1,1,1,6.0,35041,M,4795931.0,-153719.0,35
201600000964,16,8,19,1230,1,1,2,1,3.0,35136,M,4792056.0,-153650.0,35
201600000965,16,9,2,515,3,1,1,1,6.0,35333,M,4789895.0,-143050.0,35
201600000966,16,10,12,1630,1,1,1,1,6.0,35198,M,4799649.0,-136573.0,35
201600000967,16,11,10,915,1,1,1,1,6.0,35041,M,4794593.0,-156163.0,35
201600000968,16,7,2,830,1,2,1,1,7.0,22181,M,4822130.0,-317651.0,22
201600000969,16,2,1,815,1,2,1,1,1.0,22093,M,4846728.0,-254615.0,22
201600000970,16,3,5,1115,1,2,3,9,3.0,22093,M,4846519.0,-251109.0,22
201600000971,16,4,21,815,3,1,3,1,7.0,22002,M,4848619.0,-255640.0,22
201600000972,16,5,12,1245,1,2,6,1,6.0,22093,M,4846797.0,-250688.0,22
201600000973,16,6,9,2030,1,1,1,1,2.0,22246,M,4846648.0,-260574.0,22
201600000974,16,6,18,1800,1,2,1,1,6.0,22093,M,4846711.0,-251976.0,22