Num_Acc,an,mois,jour,hrmn,lum,agg,int,atm,col,com,gps,lat,long,dep
201600000975,16,6,17,1745,1,1,2,1,3.0,22326,M,4843572.0,-242666.0,22
201600000976,16,7,14,2115,1,1,1,1,7.0,22093,M,4841348.0,-253358.0,22
201600000977,16,7,31,730,1,1,2,1,7.0,22093,M,4846920.0,-244342.0,22
201600000978,16,8,10,1100,1,1,1,1,6.0,22044,M,4849043.0,-260603.0,22
201600000979,16,9,1,1200,1,1,1,1,3.0,22093,M,4848655.0,-248655.0,22
201600000980,16,9,12,915,1,2,3,1,1.0,22093,M,4843725.0,-254107.0,22
201600000981,16,11,8,2030,3,1,1,3,5.0,22093,M,4844401.0,-251098.0,22
201600000982,16,1,9,615,3,1,1,2,6.0,22314,M,4809422.0,-276872.0,22
201600000983,16,4,14,1600,1,1,2,3,3.0,22300,M,4828195.0,-281255.0,22
201600000984,16,4,19,1945,2,1,1,1,7.0,22275,M,4813066.0,-271284.0,22
201600000985,16,5,11,745,2,1,1,5,1.0,22155,M,4821778.0,-275508.0,22
201600000986,16,7,8,1515,1,2,1,1,6.0,22136,M,4817699.0,-275855.0,22
201600000987,16,7,14,615,2,1,1,1,6.0,22075,M,4814643.0,-284922.0,22
201600000988,16,7,20,1830,1,1,3,1,3.0,22136,M,4817930.0,-267952.0,22
201600000989,16,8,7,330,3,1,1,1,6.0,22001,M,4830457.0,-289245.0,22
201600000990,16,9,8,500,3,1,1,1,1.0,22136,M,4814900.0,-275611.0,22
201600000991,16,9,15,1230,1,2,1,1,6.0,22136,M,4818329.0,-275685.0,22
201600000992,16,10,28,745,5,2,1,5,1.0,22136,M,4819129.0,-276869.0,22
201600000993,16,11,21,1800,5,2,2,1,3.0,22136,M,4818201.0,-276072.0,22
201600000994,16,4,3,300,3,1,1,1,6.0,22086,M,4873196.0,-302727.0,22
201600000995,16,4,30,1600,1,1,1,1,3.0,22214,M,4874091.0,-297963.0,22
201600000996,16,8,4,1700,1,2,1,1,2.0,22210,M,4879682.0,-303456.0,22
201600000997,16,9,11,1515,1,1,1,1,3.0,22162,M,4877802.0,-310099.0,22
201600000998,16,9,12,1345,1,2,1,1,7.0,22233,M,4873854.0,-310265.0,22
201600000999,16,3,4,1430,1,2,1,3,2.0,22054,M,4863608.0,-247089.0,22
201600001000,16,4,6,1800,1,1,2,2,3.0,22054,M,4861181.0,-246635.0,22
201600001001,16,5,4,1215,1,2,1,1,6.0,22186,M,4858671.0,-254937.0,22
201600001002,16,5,26,1530,1,1,1,1,1.0,22154,M,4851063.0,-259683.0,22
201600001003,16,6,17,1615,1,2,4,1,3.0,22273,M,4855663.0,-253637.0,22
201600001004,16,7,29,1645,1,2,3,1,3.0,22054,M,4862888.0,-246366.0,22
201600001005,16,7,19,1415,1,1,1,1,3.0,22081,M,4852548.0,-266658.0,22
201600001006,16,8,2,1030,1,2,2,8,3.0,22081,M,4852995.0,-266598.0,22
201600001007,16,8,11,1200,1,1,3,1,3.0,22186,M,4861687.0,-244737.0,22
201600001008,16,11,19,1800,3,1,1,3,6.0,22389,M,4846871.0,-270555.0,22
201600001009,16,11,21,2215,5,2,1,6,6.0,22389,M,4847819.0,-268721.0,22
201600001010,16,12,9,1100,1,2,1,1,6.0,22186,M,4858119.0,-253456.0,22
201600001011,16,12,13,1800,5,1,1,1,3.0,22081,M,4848508.0,-264984.0,22
201600001012,16,1,21,800,3,1,1,1,5.0,22277,M,4839026.0,-291249.0,22
201600001013,16,2,18,1615,1,1,1,1,3.0,22176,M,4842538.0,-274552.0,22
201600001014,16,3,6,845,1,1,1,9,5.0,22176,M,4846604.0,-275234.0,22
201600001015,16,3,12,1445,1,1,2,1,3.0,22171,M,4839820.0,-282686.0,22
201600001016,16,5,4,1830,1,1,2,1,1.0,22099,M,4837291.0,-294098.0,22
201600001017,16,6,19,1700,1,2,6,1,1.0,22176,M,4846192.0,-274155.0,22
201600001018,16,7,4,45,3,1,1,1,7.0,22277,M,4836632.0,-283940.0,22
201600001019,16,7,8,1830,1,1,1,1,1.0,22171,M,4841377.0,-282936.0,22
201600001020,16,9,23,1900,1,1,2,1,3.0,22287,M,4847394.0,-287312.0,22
201600001021,16,10,14,2050,3,1,2,1,3.0,22176,M,4845870.0,-275579.0,22
201600001022,16,11,16,2100,3,1,1,1,6.0,22277,M,4841599.0,-284445.0,22
201600001023,16,11,17,1300,1,1,1,2,1.0,22171,M,4840862.0,-282415.0,22
201600001024,16,1,7,1015,1,1,2,7,3.0,22035,M,4844473.0,-197567.0,22
201600001025,16,1,10,1130,1,1,1,7,3.0,22388,M,4843645.0,-214462.0,22
201600001026,16,2,3,1015,1,1,1,7,6.0,22259,M,4844737.0,-207599.0,22
201600001027,16,2,17,1645,1,1,1,2,7.0,22213,M,4850221.0,-202523.0,22
201600001028,16,4,13,1230,1,1,2,1,1.0,22364,M,4842624.0,-209391.0,22
201600001029,16,5,18,1015,1,1,2,1,3.0,22299,M,4846321.0,-197728.0,22
201600001030,16,6,4,2315,5,2,6,1,3.0,22118,M,4845681.0,-202873.0,22
201600001031,16,6,7,1045,1,2,1,1,6.0,22050,M,4845466.0,-204868.0,22
201600001032,16,8,3,1500,1,1,1,1,1.0,22197,M,4849141.0,-196123.0,22
201600001033,16,8,24,1430,1,2,1,1,7.0,22274,M,4837165.0,-200480.0,22
201600001034,16,9,2,1730,1,2,3,1,3.0,22050,M,4845669.0,-204767.0,22
201600001035,16,9,19,1715,1,2,1,1,6.0,22259,M,4844767.0,-208039.0,22
201600001036,16,9,23,1930,3,1,1,1,2.0,22118,M,4845865.0,-202137.0,22
201600001037,16,10,4,1230,1,1,1,7,1.0,22213,M,4851074.0,-199763.0,22
201600001038,16,10,11,945,1,1,6,1,3.0,22327,M,4848887.0,-204198.0,22
201600001039,16,11,20,1100,1,1,1,8,6.0,22308,M,4835456.0,-208178.0,22
201600001040,16,10,28,1830,1,2,1,1,1.0,22050,M,4845289.0,-203879.0,22
201600001041,16,12,20,1445,1,1,2,8,3.0,22299,M,4848222.0,-196177.0,22
201600001042,16,6,28,1545,1,2,1,1,6.0,22179,M,4862841.0,-236795.0,22
201600001043,16,7,21,1745,1,2,1,1,3.0,22282,M,4857892.0,-222173.0,22
201600001044,16,9,10,730,1,1,1,1,6.0,22076,M,4856292.0,-238197.0,22
201600001045,16,11,13,1645,1,1,2,1,3.0,22179,M,4865163.0,-235608.0,22
201600001046,16,12,12,1845,5,2,3,2,3.0,22179,M,4862787.0,-237034.0,22
201600001047,16,2,9,1700,1,2,1,3,6.0,22070,M,4856343.0,-314834.0,22
201600001048,16,5,28,1700,1,1,3,1,1.0,22223,M,4858613.0,-319945.0,22
201600001049,16,7,23,1030,1,2,2,1,3.0,22070,M,4856361.0,-314839.0,22
201600001050,16,7,29,1745,1,1,1,1,6.0,22304,M,4855503.0,-306151.0,22
201600001051,16,8,20,2130,5,2,2,1,3.0,22070,M,4856379.0,-315182.0,22
201600001052,16,11,28,1600,1,2,1,1,1.0,22070,M,4856085.0,-315560.0,22
201600001053,16,6,25,1945,1,1,1,1,7.0,22198,M,4877905.0,-348809.0,22
201600001054,16,6,24,1645,1,1,2,1,3.0,22198,M,4880912.0,-353306.0,22
201600001055,16,10,11,1545,1,2,1,7,6.0,22168,M,4880224.0,-344349.0,22
201600001056,16,11,19,1815,3,1,4,6,3.0,22090,M,4877681.0,-337643.0,22
201600001057,16,11,28,1745,5,2,1,1,6.0,22168,M,4881476.0,-344693.0,22
201600001058,16,12,22,1000,1,1,1,7,2.0,22134,M,4878674.0,-339841.0,22
201600001059,16,3,27,1830,1,2,2,2,3.0,29225,M,4795649.0,-435390.0,29
201600001060,16,4,21,1445,1,2,9,1,1.0,29003,M,4802440.0,-454040.0,29
201600001061,16,5,7,1100,1,1,1,1,3.0,29065,M,4803193.0,-426591.0,29
201600001062,16,5,27,1745,1,2,1,1,6.0,29168,M,4803650.0,-466653.0,29
201600001063,16,6,7,1815,1,1,1,1,3.0,29216,M,4798875.0,-418809.0,29
201600001064,16,7,24,1345,1,1,1,8,3.0,29173,M,4801571.0,-419682.0,29
201600001065,16,7,27,1815,1,1,1,8,1.0,29173,M,4799927.0,-419181.0,29
201600001066,16,8,4,2030,1,2,1,7,3.0,29197,M,4801338.0,-448165.0,29
201600001067,16,8,27,1815,1,1,1,1,2.0,29197,M,4800397.0,-445136.0,29
201600001068,16,12,3,1415,1,2,1,1,1.0,29197,M,4801374.0,-448359.0,29
201600001069,16,1,5,845,5,2,1,2,6.0,29046,M,4809178.0,-433136.0,29
201600001070,16,1,7,1230,1,2,1,2,1.0,29046,M,4808797.0,-430236.0,29
201600001071,16,1,17,1900,3,1,1,2,1.0,29226,M,4806259.0,-436407.0,29
201600001072,16,4,14,945,1,2,1,2,6.0,29046,M,4808753.0,-432432.0,29
201600001073,16,9,18,1715,1,1,1,1,1.0,29169,M,4805795.0,-414671.0,29
201600001074,16,10,2,45,5,2,1,1,6.0,29046,M,4807633.0,-432817.0,29
201600001075,16,10,19,1615,1,1,1,1,7.0,29046,M,4809506.0,-436303.0,29
201600001076,16,11,3,1630,1,2,1,1,6.0,29046,M,4809231.0,-433068.0,29
201600001077,16,11,16,245,5,2,2,2,3.0,29046,M,4809753.0,-432675.0,29
201600001078,16,12,5,1830,5,1,9,1,6.0,29046,M,4807121.0,-430390.0,29
201600001079,16,12,21,1800,5,2,1,3,6.0,29046,M,4808649.0,-434099.0,29
201600001080,16,1,14,2200,3,1,1,8,6.0,29161,M,4791449.0,-406005.0,29
201600001081,16,1,23,230,3,1,1,5,7.0,29058,M,0.0,0.0,29
201600001082,16,2,22,1930,3,1,1,2,1.0,29057,M,4792112.0,-396814.0,29
201600001083,16,4,17,1900,1,1,6,1,7.0,29247,M,4795081.0,-402275.0,29
201600001084,16,5,11,1345,1,1,1,1,3.0,29057,M,4791147.0,-399999.0,29
201600001085,16,7,7,1800,1,2,1,1,3.0,29161,M,4792426.0,-407216.0,29
201600001086,16,8,5,930,1,1,1,1,6.0,29032,M,4791273.0,-407240.0,29
201600001087,16,9,19,1500,1,2,1,1,6.0,29006,M,4787341.0,-410852.0,29
201600001088,16,11,15,1615,1,1,1,1,2.0,29247,M,4797825.0,-401119.0,29
201600001089,16,11,21,1700,2,1,1,2,5.0,29032,M,4788674.0,-411886.0,29
201600001090,16,11,23,1800,5,2,1,2,6.0,29247,M,4793656.0,-402247.0,29
201600001091,16,11,25,800,2,1,2,1,3.0,29161,M,4791648.0,-406211.0,29
201600001092,16,12,2,600,3,1,1,1,1.0,29057,M,4791467.0,-394838.0,29
201600001093,16,12,20,2315,3,1,1,2,6.0,29032,M,4789258.0,-409367.0,29
201600001094,16,1,12,1445,1,2,6,2,1.0,29135,M,4783508.0,-418981.0,29
201600001095,16,3,16,215,3,1,1,1,7.0,29174,M,4789556.0,-426793.0,29
201600001096,16,4,11,1830,1,1,1,1,4.0,29171,M,4781197.0,-428291.0,29
201600001097,16,7,15,1745,1,2,1,1,6.0,29135,M,4783513.0,-416991.0,29
201600001098,16,7,26,1215,1,2,1,1,1.0,29072,M,4779613.0,-427883.0,29
201600001099,16,7,31,745,1,1,6,9,6.0,29037,M,4790920.0,-419322.0,29
201600001100,16,8,8,1900,1,2,1,1,7.0,29220,M,4786836.0,-422532.0,29
201600001101,16,8,27,630,2,2,1,1,6.0,29252,M,4786762.0,-428128.0,29
201600001102,16,10,16,2115,3,1,1,1,6.0,29037,M,4789354.0,-420154.0,29
201600001103,16,12,3,815,2,1,1,9,7.0,29284,M,4782112.0,-426628.0,29
201600001104,16,12,16,1715,1,2,1,1,3.0,29220,M,4786950.0,-422173.0,29
201600001105,16,1,22,830,2,2,1,3,6.0,29075,M,4840199.0,-443301.0,29
201600001106,16,5,7,1600,1,1,1,1,3.0,29268,M,4846840.0,-432418.0,29
201600001107,16,7,13,1030,1,1,1,1,1.0,29075,M,4842008.0,-439066.0,29
201600001108,16,9,28,1145,1,2,6,1,2.0,29075,M,4843054.0,-444094.0,29
201600001109,16,10,11,730,2,2,1,1,3.0,29075,M,4843308.0,-439832.0,29
201600001110,16,10,26,1730,1,2,2,1,3.0,29235,M,4840090.0,-440578.0,29
201600001111,16,10,31,1915,5,2,1,1,6.0,29235,M,4840366.0,-439508.0,29
201600001112,16,1,24,1215,1,1,1,1,1.0,29128,M,4847690.0,-407410.0,29
201600001113,16,3,19,1445,1,1,2,1,3.0,29237,M,4846590.0,-420546.0,29
201600001114,16,9,29,1115,1,1,1,2,3.0,29237,M,4846276.0,-421904.0,29
201600001115,16,10,12,1915,2,1,1,1,1.0,29181,M,4848178.0,-425977.0,29
201600001116,16,1,15,845,1,2,1,1,1.0,29091,M,4864499.0,-437082.0,29
201600001117,16,12,8,900,1,1,2,1,3.0,29124,M,4857355.0,-430239.0,29
201600001118,16,4,24,1445,1,2,6,1,1.0,29209,M,0.0,0.0,29
201600001119,16,5,21,1900,1,1,1,1,6.0,29095,M,4847079.0,-437946.0,29
201600001120,16,6,2,1630,1,2,2,1,4.0,29195,M,4860716.0,-451131.0,29
201600001121,16,6,12,1030,1,1,1,8,1.0,29209,M,4854153.0,-442925.0,29
201600001122,16,7,2,430,3,1,6,1,3.0,29015,M,4849075.0,-450084.0,29
201600001123,16,7,13,1330,1,1,1,1,1.0,29077,M,4861466.0,-435436.0,29
201600001124,16,8,13,615,5,2,1,1,3.0,29160,M,0.0,0.0,29
201600001125,16,12,27,1845,5,2,1,1,1.0,29117,M,4857097.0,-452311.0,29
201600001126,16,1,4,1715,1,1,1,2,6.0,29178,M,4853652.0,-467467.0,29
201600001127,16,4,19,800,1,1,3,7,3.0,29257,M,4855803.0,-462641.0,29
201600001128,16,4,26,130,3,2,1,1,7.0,29109,M,4851963.0,-475006.0,29
201600001129,16,5,2,2115,2,1,1,1,7.0,29149,M,4844925.0,-449580.0,29
201600001130,16,6,14,2245,3,1,1,1,6.0,29177,M,4845099.0,-471956.0,29
201600001131,16,7,10,230,3,1,1,2,7.0,29109,M,0.0,0.0,29
201600001132,16,7,22,1630,1,1,1,1,1.0,29069,M,4843718.0,-457154.0,29
201600001133,16,7,28,1030,1,1,1,1,3.0,29196,M,4851864.0,-457431.0,29
201600001134,16,8,31,115,4,1,1,1,6.0,29257,M,4855790.0,-462682.0,29
201600001135,16,9,5,830,1,1,1,1,3.0,29196,M,4858239.0,-455530.0,29
201600001136,16,9,11,100,3,2,1,1,6.0,29149,M,4843062.0,-459114.0,29
201600001137,16,9,18,830,1,1,1,7,5.0,29177,M,4843322.0,-470752.0,29
201600001138,16,9,19,830,1,1,1,1,2.0,29149,M,4845891.0,-451205.0,29
201600001139,16,10,25,1130,1,1,3,1,3.0,29099,M,4855517.0,-465179.0,29
201600001140,16,10,25,2145,3,1,1,5,6.0,29177,M,4844166.0,-476034.0,29
201600001141,16,10,27,2000,5,2,6,1,7.0,29149,M,4846532.0,-456396.0,29
201600001142,16,11,22,1115,1,2,6,7,6.0,29260,M,4843141.0,-462065.0,29
201600001143,16,11,23,1815,3,1,1,2,1.0,29177,M,4843832.0,-472417.0,29
201600001144,16,12,1,1445,1,1,1,7,1.0,29196,M,4853114.0,-462296.0,29
201600001145,16,12,8,1745,2,1,1,1,3.0,29208,M,4849570.0,-468977.0,29
201600001146,16,12,11,1830,3,1,1,2,3.0,29178,M,4852125.0,-467782.0,29
201600001147,16,1,4,100,3,1,1,6,6.0,29240,M,4829231.0,-418487.0,29
201600001148,16,4,13,1515,1,1,1,1,3.0,29176,M,4811157.0,-420599.0,29
201600001149,16,9,9,815,1,1,3,1,3.0,29053,M,4829641.0,-417130.0,29
201600001150,16,9,22,1615,2,1,1,1,6.0,29176,M,4812764.0,-421329.0,29
201600001151,16,10,20,1100,1,2,1,1,7.0,29302,M,4824820.0,-408408.0,29
201600001152,16,12,11,1715,5,2,1,1,6.0,29026,M,4819567.0,-409936.0,29
201600001153,16,1,8,1445,1,2,6,1,1.0,29024,M,4827776.0,-355274.0,29
201600001154,16,2,11,1,3,1,1,1,6.0,29250,M,4821950.0,-358596.0,29
201600001155,16,4,17,1900,1,1,1,1,6.0,29227,M,4834448.0,-366370.0,29
201600001156,16,10,24,300,3,1,1,5,6.0,29089,M,4826829.0,-361674.0,29
201600001157,16,12,8,830,1,2,1,1,6.0,29024,M,4827952.0,-358263.0,29
201600001158,16,12,12,1715,2,1,1,1,1.0,29081,M,4835271.0,-378605.0,29
201600001159,16,12,17,1200,1,1,2,1,3.0,29275,M,4844202.0,-364318.0,29
201600001160,16,12,24,2000,3,1,1,1,6.0,29007,M,4839726.0,-381823.0,29
201600001161,16,3,29,2215,3,1,1,1,6.0,29027,M,4820117.0,-385367.0,29
201600001162,16,4,15,1345,1,1,1,1,1.0,29162,M,4824904.0,-395472.0,29
201600001163,16,5,2,1930,1,1,1,1,6.0,29020,M,4808430.0,-404790.0,29
201600001164,16,5,22,430,3,1,1,2,6.0,29048,M,4812322.0,-396689.0,29
201600001165,16,7,10,1700,1,1,9,1,3.0,29175,M,4828876.0,-385503.0,29
201600001166,16,8,7,1645,1,1,1,1,1.0,29020,M,4810881.0,-395704.0,29
201600001167,16,8,20,645,2,1,1,8,6.0,29020,M,4805074.0,-405480.0,29
201600001168,16,9,17,1430,1,1,1,1,1.0,29020,M,4809900.0,-404500.0,29
201600001169,16,9,27,1130,1,1,1,2,7.0,29102,M,4823480.0,-374300.0,29
201600001170,16,9,29,845,1,1,1,8,1.0,29020,M,4805150.0,-403592.0,29
201600001171,16,10,5,800,2,1,1,1,1.0,29020,M,4805600.0,-404500.0,29
201600001172,16,11,3,730,2,1,2,7,3.0,29048,M,4810583.0,-390537.0,29
201600001173,16,1,29,1830,4,2,1,1,6.0,29042,M,4824618.0,-448736.0,29
201600001174,16,4,5,1030,1,1,1,1,5.0,29042,M,4787899.0,-390393.0,29
201600001175,16,8,9,1830,1,1,1,1,3.0,29042,M,4823895.0,-451854.0,29
201600001176,16,8,15,1845,1,1,1,1,1.0,29042,M,4824600.0,-442052.0,29
201600001177,16,9,14,1145,1,1,1,1,6.0,29120,M,4828148.0,-447768.0,29
201600001178,16,10,27,1245,1,1,1,5,6.0,29256,M,4820359.0,-425336.0,29
201600001179,16,12,7,530,5,2,6,8,6.0,29022,M,4827238.0,-459561.0,29
201600001180,16,12,23,800,1,1,1,1,1.0,29280,M,4826101.0,-434877.0,29
201600001181,16,2,5,1730,1,1,1,1,6.0,29191,M,4854291.0,-374575.0,29
201600001182,16,6,18,1830,1,1,1,1,1.0,29199,M,4857861.0,-379565.0,29
201600001183,16,7,1,500,3,1,1,1,7.0,29182,M,4862756.0,-369489.0,29
201600001184,16,7,15,1900,1,1,1,1,3.0,29182,M,4863955.0,-367616.0,29
201600001185,16,2,11,815,1,1,1,4,3.0,29204,M,4855543.0,-422098.0,29
201600001186,16,3,2,730,2,1,1,2,6.0,29097,M,4849511.0,-407460.0,29
201600001187,16,4,8,1030,1,1,1,1,3.0,29127,M,4846917.0,-396959.0,29
201600001188,16,6,6,1915,1,1,1,1,3.0,29262,M,4845991.0,-398979.0,29
201600001189,16,7,8,645,2,1,1,1,7.0,29265,M,4855279.0,-388798.0,29
201600001190,16,8,6,1930,1,1,1,1,2.0,29038,M,4840972.0,-398337.0,29
201600001191,16,8,25,715,2,1,1,5,3.0,29204,M,4855982.0,-423492.0,29
201600001192,16,12,6,1800,3,1,1,1,1.0,29202,M,4847782.0,-387463.0,29
201600001193,16,2,27,1630,1,1,1,1,5.0,29285,M,4862402.0,-412278.0,29
201600001194,16,4,18,745,1,1,2,1,3.0,29271,M,4856763.0,-415628.0,29
201600001195,16,5,2,1700,1,1,1,1,6.0,29271,M,4861336.0,-414846.0,29
201600001196,16,5,23,1930,1,1,1,1,1.0,29276,M,4866010.0,-406366.0,29
201600001197,16,6,1,1500,1,1,1,1,6.0,29276,M,4866634.0,-406653.0,29
201600001198,16,6,8,815,1,1,1,1,3.0,29259,M,4867450.0,-400845.0,29
201600001199,16,6,20,1500,1,1,1,2,1.0,29030,M,4863392.0,-411838.0,29
201600001200,16,8,13,1615,1,1,1,1,4.0,29023,M,4863918.0,-387996.0,29
201600001201,16,9,15,745,2,1,1,3,1.0,29271,M,4859451.0,-416896.0,29
201600001202,16,10,22,545,5,2,1,1,6.0,29213,M,4860051.0,-411107.0,29
201600001203,16,11,23,1815,3,1,1,3,6.0,29259,M,4866888.0,-400555.0,29
201600001204,16,9,25,545,4,1,1,1,6.0,56248,M,0.0,0.0,56
201600001205,16,1,7,845,1,1,1,1,6.0,56042,M,0.0,0.0,56
201600001206,16,1,14,1915,1,1,1,1,1.0,56158,M,0.0,0.0,56
201600001207,16,1,15,1530,1,1,1,8,2.0,56067,M,0.0,0.0,56
201600001208,16,1,28,715,4,2,1,1,6.0,56206,M,4769397.0,-274727.0,56
201600001209,16,3,29,845,1,1,1,1,1.0,56120,M,0.0,0.0,56
201600001210,16,5,10,1745,1,2,1,1,6.0,56067,M,0.0,0.0,56
201600001211,16,6,3,1845,1,1,1,1,1.0,56157,M,4777661.0,-267443.0,56
201600001212,16,6,5,715,1,2,1,1,6.0,56164,M,4766276.0,-280357.0,56
201600001213,16,6,25,2100,2,1,2,1,1.0,56158,M,0.0,0.0,56
201600001214,16,7,8,45,3,1,1,1,6.0,56120,M,0.0,0.0,56
201600001215,16,7,31,700,1,1,1,1,6.0,56157,M,4778600.0,-272300.0,56
201600001216,16,8,15,1700,1,1,1,1,4.0,56067,M,0.0,0.0,56
201600001217,16,8,23,1500,1,1,1,1,3.0,56008,M,0.0,0.0,56
201600001218,16,9,15,1330,1,2,7,1,1.0,56206,M,4768792.0,-274271.0,56
201600001219,16,10,7,1545,1,1,1,1,3.0,56008,M,0.0,0.0,56
201600001220,16,10,15,1130,1,2,6,1,6.0,56158,M,0.0,0.0,56
201600001221,16,10,27,915,1,1,1,1,1.0,56164,M,4767320.0,-287208.0,56
201600001222,16,12,18,1115,1,2,6,1,1.0,56206,M,4769016.0,-272813.0,56
201600001223,16,1,27,1730,1,1,1,3,3.0,56064,M,0.0,0.0,56
201600001224,16,2,20,2045,3,1,1,2,6.0,56229,M,0.0,0.0,56
201600001225,16,4,25,2215,3,1,1,1,6.0,56061,M,4776373.0,-214097.0,56
201600001226,16,5,1,230,3,2,1,1,6.0,56194,M,4759843.0,-210340.0,56
201600001227,16,5,7,2245,3,1,1,2,6.0,56221,M,4767989.0,-216037.0,56
201600001228,16,7,25,115,3,2,1,1,6.0,56194,M,4759856.0,-210363.0,56
201600001229,16,8,4,930,1,1,1,7,1.0,56061,M,4775716.0,-215806.0,56
201600001230,16,8,14,1400,1,1,1,1,6.0,56001,M,4766676.0,-214690.0,56
201600001231,16,8,18,1045,1,1,1,1,3.0,56232,M,0.0,0.0,56
201600001232,16,8,18,1600,1,1,1,1,3.0,56216,M,4763421.0,-223695.0,56
201600001233,16,8,29,700,2,1,1,1,6.0,56001,M,4764882.0,-216868.0,56
201600001234,16,11,22,1700,1,1,1,7,1.0,56171,M,4769374.0,-239289.0,56
201600001235,16,12,19,1330,1,1,9,1,6.0,56239,M,4768594.0,-213886.0,56
201600001236,16,6,8,1915,1,1,1,1,1.0,56149,M,4760673.0,-249378.0,56
201600001237,16,7,22,1945,2,1,1,9,3.0,56052,M,4750860.0,-261360.0,56
201600001238,16,8,1,1745,1,1,2,1,5.0,56126,M,4757271.0,-240481.0,56
201600001239,16,9,7,1115,1,1,1,7,3.0,56004,M,4753894.0,-239819.0,56
201600001240,16,9,12,2315,3,1,1,1,6.0,56002,M,4755463.0,-253489.0,56
201600001241,16,9,27,730,2,1,1,2,6.0,56002,M,0.0,0.0,56
201600001242,16,11,8,2015,3,1,2,2,3.0,56030,M,4747978.0,-240958.0,56
201600001243,16,1,11,845,3,2,1,3,6.0,56053,M,4773261.0,-259015.0,56
201600001244,16,5,8,1,3,1,1,2,1.0,56053,M,4775731.0,-258440.0,56
201600001245,16,5,8,115,3,1,1,1,7.0,56261,M,0.0,0.0,56
201600001246,16,6,9,1100,1,1,3,1,3.0,56137,M,0.0,0.0,56
201600001247,16,7,31,1730,1,1,1,1,3.0,56261,M,0.0,0.0,56
201600001248,16,8,12,130,3,1,1,1,7.0,56184,M,4763808.0,-242364.0,56
201600001249,16,8,27,1745,1,1,1,1,3.0,56028,M,4766180.0,-232347.0,56
201600001250,16,8,31,1815,1,2,1,1,1.0,56218,M,4772544.0,-228041.0,56
201600001251,16,9,22,1500,1,1,1,1,7.0,56231,M,0.0,0.0,56
201600001252,16,11,30,830,2,1,6,1,4.0,56261,M,0.0,0.0,56
201600001253,16,1,10,400,3,1,9,2,6.0,56176,M,0.0,0.0,56
201600001254,16,1,12,1830,1,2,1,8,6.0,56007,M,4767101.0,-299270.0,56
201600001255,16,2,3,1715,1,2,1,1,6.0,56007,M,4766584.0,-298821.0,56
201600001256,16,2,29,1615,1,2,1,1,2.0,56046,M,4763841.0,-298876.0,56
201600001257,16,3,22,2045,3,2,1,1,7.0,56007,M,0.0,0.0,56
201600001258,16,3,18,1745,1,2,1,1,6.0,56262,M,4763930.0,-294775.0,56
201600001259,16,5,15,1930,1,1,1,1,3.0,56167,M,4764572.0,-292324.0,56
201600001260,16,5,28,1930,1,1,1,1,1.0,56023,M,4767969.0,-303239.0,56
201600001261,16,5,26,1745,1,1,1,1,2.0,56023,M,4769199.0,-303016.0,56
201600001262,16,6,7,2000,1,1,6,1,7.0,56023,M,4768318.0,-301803.0,56
201600001263,16,8,21,1600,1,2,1,1,5.0,56007,M,4766828.0,-298203.0,56
201600001264,16,10,4,1700,1,2,1,1,1.0,56176,M,4767593.0,-295818.0,56
201600001265,16,10,14,745,2,2,6,1,2.0,56007,M,4767074.0,-298134.0,56
201600001266,16,12,2,800,2,1,1,9,7.0,56263,M,4770985.0,-297155.0,56
201600001267,16,12,10,1430,1,1,1,8,1.0,56176,M,4768274.0,-293612.0,56
201600001268,16,1,23,915,1,1,1,8,1.0,56241,M,4736301.0,-322768.0,56
201600001269,16,5,29,730,2,1,1,1,6.0,56241,M,4735561.0,-322614.0,56
201600001270,16,7,5,1830,1,2,1,1,6.0,56152,M,4734746.0,-315718.0,56
201600001271,16,7,29,1815,1,2,1,1,3.0,56152,M,4734538.0,-316472.0,56
201600001272,16,9,6,2045,2,1,1,1,6.0,56152,M,4733176.0,-318716.0,56
201600001273,16,4,1,1600,1,1,2,1,2.0,56069,M,4763561.0,-346911.0,56
201600001274,16,10,17,1615,1,1,1,8,7.0,56069,M,4762622.0,-344641.0,56
201600001275,16,3,20,1830,1,1,1,1,1.0,56067,M,4774365.0,-287420.0,56
201600001276,16,9,24,715,5,1,1,1,6.0,56036,M,0.0,0.0,56
201600001277,16,3,23,1730,1,2,6,7,3.0,56118,M,0.0,0.0,56
201600001278,16,6,17,1930,1,2,1,1,3.0,56013,M,0.0,0.0,56
201600001279,16,6,26,215,3,1,1,1,7.0,56013,M,0.0,0.0,56
201600001280,16,8,15,1100,1,1,1,7,6.0,56054,M,4763070.0,-311672.0,56
201600001281,16,11,26,1815,5,1,1,1,3.0,56193,M,4771750.0,-329101.0,56
201600001282,16,1,9,1300,1,1,1,3,7.0,56122,M,0.0,0.0,56
201600001283,16,1,22,1615,1,2,1,1,6.0,56165,M,4792677.0,-240035.0,56
201600001284,16,2,8,1745,1,2,1,8,7.0,56165,M,4793450.0,-240722.0,56
201600001285,16,2,19,1945,3,1,1,1,1.0,56127,M,4811827.0,-228990.0,56
201600001286,16,4,20,1515,1,1,1,1,1.0,56139,M,0.0,0.0,56
201600001287,16,5,28,1515,1,1,1,1,7.0,56129,M,0.0,0.0,56