Num_Acc,an,mois,jour,hrmn,lum,agg,int,atm,col,com,gps,lat,long,dep
201600001288,16,6,30,930,1,1,9,1,6.0,56165,M,4791960.0,-236289.0,56
201600001289,16,7,13,1930,1,1,1,1,6.0,56249,M,4793560.0,-242222.0,56
201600001290,16,7,29,1100,1,2,9,1,6.0,56165,M,4793004.0,-239865.0,56
201600001291,16,8,19,2200,3,1,1,1,6.0,56257,M,0.0,0.0,56
201600001292,16,9,20,1530,1,1,1,1,1.0,56080,M,4804794.0,-239490.0,56
201600001293,16,10,4,1300,1,1,1,1,7.0,56165,M,0.0,0.0,56
201600001294,16,10,22,1130,1,1,1,1,6.0,56249,M,4793765.0,-245366.0,56
201600001295,16,11,26,130,3,1,1,1,6.0,56249,M,4796494.0,-245909.0,56
201600001296,16,1,1,1845,3,1,1,2,7.0,56075,M,0.0,0.0,56
201600001297,16,1,16,1100,1,1,1,1,7.0,56006,M,0.0,0.0,56
201600001298,16,1,26,615,3,1,1,2,6.0,56136,M,4787055.0,-221456.0,56
201600001299,16,2,16,1330,1,1,1,1,7.0,56136,M,0.0,0.0,56
201600001300,16,6,2,1645,1,1,1,1,3.0,56020,M,4777987.0,-246044.0,56
201600001301,16,7,28,1000,1,1,1,1,6.0,56226,M,0.0,0.0,56
201600001302,16,8,26,1615,1,1,1,1,1.0,56180,M,0.0,0.0,56
201600001303,16,9,18,1045,1,1,1,1,6.0,56191,M,4785455.0,-224501.0,56
201600001304,16,10,13,1330,1,2,3,1,3.0,56075,M,4790426.0,-211839.0,56
201600001305,16,11,17,830,3,1,2,1,3.0,56012,M,4796931.0,-218146.0,56
201600001306,16,11,19,1415,1,1,1,1,6.0,56020,M,4778457.0,-245628.0,56
201600001307,16,12,16,1100,1,1,3,7,3.0,56044,M,4774204.0,-211575.0,56
201600001308,16,5,4,1700,1,1,6,1,1.0,56222,M,4784682.0,-272203.0,56
201600001309,16,5,15,1100,1,2,1,1,6.0,56222,M,4784414.0,-272453.0,56
201600001310,16,6,6,1700,1,1,2,3,3.0,56172,M,0.0,0.0,56
201600001311,16,6,25,1115,1,1,1,1,1.0,56236,M,4789470.0,-250441.0,56
201600001312,16,6,28,1445,1,1,1,1,6.0,56047,M,0.0,0.0,56
201600001313,16,7,12,1845,1,2,1,1,3.0,56091,M,0.0,0.0,56
201600001314,16,7,24,1,3,1,1,1,2.0,56102,M,4798802.0,-259013.0,56
201600001315,16,8,7,1630,1,2,1,1,6.0,56091,M,4795270.0,-255335.0,56
201600001316,16,9,4,1445,2,1,1,1,6.0,56172,M,4781541.0,-265180.0,56
201600001317,16,11,6,1530,1,1,1,3,7.0,56059,M,4803855.0,-264536.0,56
201600001318,16,11,4,1945,3,1,1,2,7.0,56082,M,4797530.0,-246405.0,56
201600001319,16,4,2,930,1,1,1,1,3.0,56113,M,0.0,0.0,56
201600001320,16,4,9,1030,1,1,2,1,3.0,56237,M,4802303.0,-293189.0,56
201600001321,16,6,19,1545,1,1,1,1,6.0,56163,M,4807660.0,-333164.0,56
201600001322,16,6,29,15,4,1,1,1,6.0,56237,M,4802701.0,-292027.0,56
201600001323,16,8,25,1600,1,1,1,1,2.0,56151,M,0.0,0.0,56
201600001324,16,8,26,1845,1,1,1,1,5.0,56110,M,0.0,0.0,56
201600001325,16,9,3,1630,1,1,1,1,2.0,56237,M,0.0,0.0,56
201600001326,16,11,5,1745,1,2,1,1,3.0,56041,M,4812236.0,-306614.0,56
201600001327,16,11,22,1815,3,1,1,1,6.0,56125,M,4807241.0,-302350.0,56
201600001328,16,11,24,2200,3,1,1,2,6.0,56264,M,4800831.0,-331769.0,56
201600001329,16,1,16,1000,1,1,1,1,1.0,56141,M,0.0,0.0,56
201600001330,16,3,19,1700,1,1,1,1,6.0,56144,M,4800079.0,-286740.0,56
201600001331,16,5,4,1315,1,1,1,1,7.0,56074,M,0.0,0.0,56
201600001332,16,6,25,1530,1,1,1,1,6.0,56140,M,0.0,0.0,56
201600001333,16,7,16,1000,1,1,1,1,3.0,56174,M,0.0,0.0,56
201600001334,16,8,21,45,3,1,1,1,6.0,56192,M,4793726.0,-288755.0,56
201600001335,16,10,4,1045,1,1,1,1,1.0,56010,M,4787745.0,-303041.0,56
201600001336,16,10,20,2145,3,1,1,1,6.0,56010,M,4806373.0,-294302.0,56
201600001337,16,11,8,1015,1,1,1,1,3.0,56142,M,4789616.0,-289701.0,56
201600001338,16,12,5,815,2,1,1,1,3.0,56141,M,4786490.0,-285135.0,56
201600001339,16,12,9,1900,3,1,1,5,7.0,56140,M,4795737.0,-278025.0,56
201600001340,16,1,16,2250,3,1,1,1,1.0,56201,M,0.0,0.0,56
201600001341,16,5,14,2015,1,2,1,1,5.0,56201,M,4809034.0,-356177.0,56
201600001342,16,9,26,1530,1,2,1,1,1.0,56066,M,4813317.0,-359533.0,56
201600001343,16,1,5,800,3,1,1,1,2.0,14076,M,4922570.0,-29993.0,14
201600001344,16,10,19,2000,3,1,1,1,5.0,14310,M,,,14
201600001345,16,11,17,2215,3,1,1,1,5.0,14160,M,,,14
201600001346,16,11,18,1400,1,1,1,4,5.0,14145,M,4904710.0,-28248.0,14
201600001347,16,12,19,1015,1,1,1,1,6.0,14310,M,0.0,0.0,14
201600001348,16,3,12,1215,1,1,1,1,6.0,14076,M,4923220.0,-29104.0,14
201600001349,16,1,8,2130,4,2,1,3,3.0,14365,M,4931320.0,-34028.0,14
201600001350,16,1,13,1200,1,2,1,1,6.0,14384,M,4930760.0,-35902.0,14
201600001351,16,1,17,400,3,2,1,1,6.0,14066,M,4933170.0,-43106.0,14
201600001352,16,7,28,1735,1,2,3,1,1.0,14384,M,4930970.0,-35658.0,14
201600001353,16,9,13,530,3,1,6,1,7.0,14228,M,4928000.0,-37800.0,14
201600001354,16,10,2,950,1,2,2,1,3.0,14066,M,4933190.0,-40584.0,14
201600001355,16,11,5,1100,1,2,6,1,6.0,14562,M,4932780.0,-39646.0,14
201600001356,16,11,13,1245,1,1,1,1,1.0,14758,M,,,14
201600001357,16,11,22,730,3,1,1,1,7.0,14170,M,4925870.0,-40686.0,14
201600001358,16,1,4,1930,3,1,1,1,1.0,14254,M,4914150.0,-41933.0,14
201600001359,16,1,10,700,2,1,1,1,6.0,14042,M,4911830.0,-47744.0,14
201600001360,16,2,5,2330,3,2,1,1,6.0,14543,M,4919710.0,-47244.0,14
201600001361,16,4,27,945,1,2,6,7,6.0,14738,M,4915230.0,-46241.0,14
201600001362,16,8,11,1345,1,2,1,1,3.0,14738,M,4915640.0,-44770.0,14
201600001363,16,9,12,1030,1,1,3,1,1.0,14592,M,0.0,0.0,14
201600001364,16,12,9,530,3,1,1,1,7.0,14257,M,0.0,0.0,14
201600001365,16,3,31,1930,2,1,1,1,7.0,14268,M,4905010.0,-17040.0,14
201600001366,16,4,8,1415,1,1,1,1,2.0,14546,M,4900590.0,-18144.0,14
201600001367,16,4,29,845,1,2,1,3,6.0,14020,M,4912410.0,-16792.0,14
201600001368,16,5,10,1745,1,2,3,1,3.0,14092,M,4911680.0,-27210.0,14
201600001369,16,6,9,1230,1,1,4,1,1.0,14603,M,4902860.0,-36749.0,14
201600001370,16,6,24,2145,1,2,1,1,1.0,14149,M,4908840.0,-11782.0,14
201600001371,16,8,4,1945,1,1,3,1,2.0,14456,M,4910290.0,-16355.0,14
201600001372,16,9,13,1645,1,2,1,1,3.0,14020,M,0.0,0.0,14
201600001373,16,10,11,1800,1,1,1,1,3.0,14057,M,,,14
201600001374,16,10,30,1530,1,2,1,1,7.0,14456,M,4911860.0,-18776.0,14
201600001375,16,11,6,200,4,2,1,1,6.0,14097,M,4902330.0,-26140.0,14
201600001376,16,12,10,1200,1,1,1,1,7.0,14074,M,4909600.0,-21200.0,14
201600001377,16,4,6,1245,1,1,2,2,3.0,14068,M,4924600.0,-35419.0,14
201600001378,16,4,16,530,5,1,1,1,2.0,14076,M,4922870.0,-29429.0,14
201600001379,16,6,22,1045,1,2,1,1,6.0,14166,M,4929080.0,-28139.0,14
201600001380,16,8,19,1400,1,2,3,1,3.0,14325,M,4928430.0,-31449.0,14
201600001381,16,9,25,1330,1,1,1,1,6.0,14488,M,0.0,0.0,14
201600001382,16,11,15,1715,2,2,1,2,3.0,14068,M,4923510.0,-32845.0,14
201600001383,16,2,6,1830,3,1,1,6,6.0,14353,M,4908370.0,-55066.0,14
201600001384,16,4,30,1045,1,2,3,1,3.0,14143,M,4908910.0,-81716.0,14
201600001385,16,6,5,1545,1,1,1,1,1.0,14734,M,4915020.0,-61996.0,14
201600001386,16,6,30,1745,1,1,1,1,1.0,14143,M,,,14
201600001387,16,7,5,800,1,1,1,2,1.0,14353,M,4907680.0,-55732.0,14
201600001388,16,7,19,1630,1,1,1,1,1.0,14373,M,4909780.0,-56786.0,14
201600001389,16,8,23,1545,1,2,1,1,1.0,14232,M,4922370.0,-61361.0,14
201600001390,16,8,28,2030,1,2,1,1,6.0,14336,M,4915220.0,-65173.0,14
201600001391,16,9,8,1730,1,1,1,1,3.0,14702,M,4911200.0,-59300.0,14
201600001392,16,10,8,1645,1,1,1,1,7.0,14120,M,4907750.0,-78694.0,14
201600001393,16,1,1,920,1,1,1,1,6.0,14712,M,4919040.0,-19650.0,14
201600001394,16,1,5,1945,3,1,1,1,6.0,14009,M,4925580.0,-24039.0,14
201600001395,16,2,6,2130,3,1,1,2,1.0,14712,M,4918870.0,-17832.0,14
201600001396,16,5,25,2200,3,2,1,1,7.0,14530,M,4923590.0,-25677.0,14
201600001397,16,7,16,1815,1,1,2,1,3.0,14530,M,4923620.0,-23810.0,14
201600001398,16,10,20,1942,3,2,1,1,7.0,14666,M,4918290.0,-22347.0,14
201600001399,16,10,29,1045,1,1,1,1,3.0,14009,M,4924750.0,-24799.0,14
201600001400,16,12,17,1930,3,1,1,5,1.0,14009,M,0.0,0.0,14
201600001401,16,1,7,1030,1,1,1,6,1.0,14732,M,4930890.0,-70075.0,14
201600001402,16,5,3,1730,1,2,1,7,6.0,14047,M,,,14
201600001403,16,4,28,2140,5,2,6,1,2.0,14047,M,4927300.0,-68924.0,14
201600001404,16,6,9,2015,1,1,1,1,1.0,14346,M,4919110.0,-68942.0,14
201600001405,16,6,27,1445,1,2,1,1,2.0,14047,M,,,14
201600001406,16,7,4,1830,1,1,1,1,6.0,14728,M,4928420.0,-72724.0,14
201600001407,16,9,4,1545,1,1,1,1,2.0,14529,M,4926900.0,-75800.0,14
201600001408,16,12,31,645,3,1,1,9,7.0,14480,M,4933600.0,-107200.0,14
201600001409,16,1,10,1,3,1,1,2,6.0,14614,M,4923060.0,-96996.0,14
201600001410,16,1,21,800,2,1,2,1,3.0,14700,M,4930210.0,-80051.0,14
201600001411,16,1,13,1400,1,2,1,1,6.0,14370,M,4924290.0,-87187.0,14
201600001412,16,3,18,1845,2,2,9,1,7.0,14370,M,4922680.0,-87633.0,14
201600001413,16,4,16,1930,1,1,1,7,6.0,14622,M,4923000.0,-95793.0,14
201600001414,16,5,24,900,1,2,1,1,3.0,14050,M,4916240.0,-86814.0,14
201600001415,16,5,24,2145,1,1,2,1,3.0,14272,M,4926910.0,-96981.0,14
201600001416,16,6,9,1700,1,2,1,1,3.0,14369,M,,,14
201600001417,16,8,4,1215,1,2,7,1,6.0,14370,M,,,14
201600001418,16,8,12,1630,1,2,2,1,6.0,14312,M,4938640.0,-104801.0,14
201600001419,16,8,25,1000,1,1,1,1,6.0,14342,M,,,14
201600001420,16,9,1,945,1,1,2,1,3.0,14714,M,4923000.0,-81600.0,14
201600001421,16,10,1,2045,3,1,1,2,5.0,14643,M,4921720.0,-75832.0,14
201600001422,16,10,19,1630,1,2,1,1,6.0,14342,M,4931540.0,-110107.0,14
201600001423,16,11,4,730,5,2,1,1,6.0,14370,M,4924260.0,-87309.0,14
201600001424,16,12,6,1700,1,1,1,1,1.0,14716,M,4919400.0,-72100.0,14
201600001425,16,12,9,2045,3,1,1,1,6.0,14312,M,0.0,0.0,14
201600001426,16,12,6,930,2,1,1,1,6.0,14705,M,0.0,0.0,14
201600001427,16,12,11,1745,3,1,1,5,7.0,14370,M,4926500.0,-91500.0,14
201600001428,16,2,3,1415,1,1,1,1,7.0,14720,M,4895190.0,-27046.0,14
201600001429,16,9,1,1000,1,1,1,1,3.0,14737,M,0.0,0.0,14
201600001430,16,9,21,1515,1,2,1,1,1.0,14258,M,0.0,0.0,14
201600001431,16,9,23,645,2,1,1,5,6.0,14258,M,0.0,0.0,14
201600001432,16,11,9,1815,5,2,1,2,6.0,14258,M,4888990.0,-19079.0,14
201600001433,16,11,14,2130,5,2,6,2,7.0,14258,M,4890680.0,-20616.0,14
201600001434,16,11,17,800,1,1,1,1,3.0,14244,M,4890160.0,-17307.0,14
201600001435,16,12,6,1900,5,2,1,1,6.0,14258,M,0.0,0.0,14
201600001436,16,12,31,400,3,1,1,9,6.0,14244,M,0.0,0.0,14
201600001437,16,8,30,1415,1,1,1,1,6.0,14251,M,4896710.0,-43446.0,14
201600001438,16,1,13,1145,1,1,1,8,7.0,14713,M,4905580.0,-48870.0,14
201600001439,16,1,30,1730,2,2,1,2,1.0,14656,M,4893980.0,-50399.0,14
201600001440,16,2,6,200,5,2,1,1,6.0,14764,M,4887190.0,-41355.0,14
201600001441,16,11,6,1700,2,1,1,1,3.0,14150,M,,,14
201600001442,16,11,7,815,1,1,1,8,6.0,14531,M,4885810.0,-35905.0,14
201600001443,16,11,11,845,1,2,1,1,1.0,14207,M,4901370.0,-44509.0,14
201600001444,16,11,6,1,3,1,1,2,7.0,14703,M,,,14
201600001445,16,4,4,715,2,1,1,1,1.0,14764,M,,,14
201600001446,16,12,11,1300,1,1,1,8,6.0,14251,M,0.0,0.0,14
201600001447,16,6,10,1700,1,1,1,1,7.0,14531,M,4885820.0,-35900.0,14
201600001448,16,7,6,1800,1,2,1,1,7.0,14656,M,,,14
201600001449,16,2,22,1315,1,2,1,1,6.0,14654,M,4901680.0,-3475.0,14
201600001450,16,2,24,1930,3,1,1,1,6.0,14648,M,4913590.0,16164.0,14
201600001451,16,3,13,1045,1,1,2,1,1.0,14425,M,4908460.0,10847.0,14
201600001452,16,3,12,1700,1,1,1,1,7.0,14337,M,4912870.0,10662.0,14
201600001453,16,4,13,1830,1,1,4,7,1.0,14749,M,4905640.0,-13339.0,14
201600001454,16,4,19,1645,1,1,1,1,7.0,14648,M,4913100.0,14816.0,14
201600001455,16,6,26,1900,1,1,3,1,3.0,14331,M,4902670.0,-2923.0,14
201600001456,16,7,22,1645,1,1,1,1,1.0,14749,M,4907250.0,-13336.0,14
201600001457,16,8,2,1815,1,1,2,1,3.0,14362,M,4907970.0,15479.0,14
201600001458,16,8,22,1700,1,2,2,1,3.0,14431,M,4907460.0,-7262.0,14
201600001459,16,9,8,1730,1,1,1,1,3.0,14431,M,0.0,0.0,14
201600001460,16,9,10,1600,1,1,1,1,6.0,14422,M,0.0,0.0,14
201600001461,16,10,21,1830,2,1,1,2,6.0,14331,M,4901930.0,-485.0,14
201600001462,16,11,15,1815,5,2,1,2,7.0,14431,M,4907430.0,-6843.0,14
201600001463,16,10,16,515,3,1,1,6,6.0,14735,M,,,14
201600001464,16,12,4,1700,3,1,1,1,6.0,14425,M,4909900.0,12100.0,14
201600001465,16,1,31,10,5,2,1,2,6.0,14371,M,4900490.0,14723.0,14
201600001466,16,2,9,945,1,1,1,3,6.0,14326,M,4917790.0,29736.0,14
201600001467,16,5,29,2015,1,1,1,1,6.0,14460,M,4920140.0,31987.0,14
201600001468,16,6,2,1000,1,1,1,8,1.0,14429,M,4899180.0,31778.0,14
201600001469,16,6,30,1230,1,1,2,8,3.0,14504,M,4920780.0,33928.0,14
201600001470,16,8,28,400,3,1,1,1,6.0,14193,M,4912060.0,33525.0,14
201600001471,16,9,4,530,3,1,1,9,7.0,14270,M,4914900.0,30400.0,14
201600001472,16,9,10,1700,1,1,1,1,3.0,14460,M,4919000.0,30100.0,14
201600001473,16,10,26,1330,1,1,1,1,2.0,14582,M,4906720.0,18595.0,14
201600001474,16,12,22,1830,3,1,1,1,2.0,14504,M,4921000.0,33300.0,14
201600001475,16,11,9,1300,1,1,2,8,3.0,14431,M,4907970.0,15479.0,14
201600001476,16,1,13,345,3,1,1,6,6.0,14086,M,4932420.0,12467.0,14
201600001477,16,4,13,1000,1,1,1,1,1.0,14269,M,4924800.0,23500.0,14
201600001478,16,6,25,15,3,1,1,1,6.0,14593,M,4923750.0,15879.0,14
201600001479,16,7,17,130,5,2,2,1,3.0,14514,M,4928320.0,18049.0,14
201600001480,16,8,7,1915,1,1,1,1,5.0,14578,M,,,14
201600001481,16,8,21,1000,1,2,1,1,6.0,14077,M,,,14
201600001482,16,11,14,715,3,1,1,1,7.0,14185,M,4930540.0,18454.0,14
201600001483,16,11,15,1815,3,1,1,2,3.0,14578,M,4934330.0,20212.0,14
201600001484,16,4,15,1130,1,1,2,1,3.0,14723,M,4923510.0,9681.0,14
201600001485,16,5,16,900,1,1,1,1,5.0,14227,M,4927420.0,-1896.0,14
201600001486,16,6,3,1515,1,1,3,1,1.0,14541,M,4917090.0,7810.0,14
201600001487,16,8,16,830,1,1,3,7,1.0,14203,M,4923080.0,-8695.0,14
201600001488,16,9,26,2115,3,1,1,1,6.0,14541,M,0.0,0.0,14
201600001489,16,10,19,2000,3,1,1,2,6.0,14398,M,4919500.0,18763.0,14
201600001490,16,10,29,1515,1,1,3,1,3.0,14494,M,4927170.0,-10376.0,14
201600001491,16,11,30,1450,1,1,1,7,3.0,14524,M,4922490.0,-6608.0,14
201600001492,16,1,17,1120,1,2,3,1,2.0,14584,M,4880130.0,-89298.0,14
201600001493,16,2,3,1800,2,1,1,1,6.0,14671,M,4885410.0,-103824.0,14
201600001494,16,2,14,530,3,2,1,2,6.0,14187,M,4887260.0,-91406.0,14
201600001495,16,3,22,2230,3,1,1,1,1.0,14513,M,4896120.0,-104665.0,14
201600001496,16,5,18,1400,1,2,1,3,6.0,14762,M,4883730.0,-88530.0,14
201600001497,16,7,10,830,1,2,1,1,2.0,14762,M,,,14
201600001498,16,8,9,1530,1,1,1,1,1.0,14187,M,,,14
201600001499,16,8,20,1000,1,2,1,1,6.0,14762,M,,,14
201600001500,16,9,16,1415,1,1,1,1,3.0,14417,M,0.0,0.0,14
201600001501,16,11,10,700,2,1,1,2,1.0,14584,M,,,14
201600001502,16,11,9,1445,1,1,1,2,1.0,14417,M,4885210.0,-97192.0,14
201600001503,16,12,10,400,4,1,1,1,6.0,14545,M,,,14
201600001504,16,12,14,1315,1,1,3,1,3.0,14417,M,4600000.0,-1600.0,14
201600001505,16,12,31,1415,1,1,1,9,6.0,14579,M,0.0,0.0,14
201600001506,16,1,11,1045,1,1,1,2,6.0,14508,M,4896660.0,-61370.0,14
201600001507,16,3,12,1445,1,1,1,1,7.0,14443,M,4896810.0,-70563.0,14
201600001508,16,5,25,1115,1,1,1,1,6.0,14412,M,4905040.0,-59458.0,14
201600001509,16,7,15,730,2,2,2,5,3.0,14052,M,4891390.0,-82480.0,14
201600001510,16,9,3,1145,1,2,1,1,6.0,14412,M,0.0,0.0,14
201600001511,16,10,20,1645,1,1,1,2,7.0,14027,M,4902780.0,-63329.0,14
201600001512,16,4,11,1545,1,2,1,2,6.0,14174,M,4884050.0,-55573.0,14
201600001513,16,4,30,1430,1,2,1,1,3.0,14174,M,4884820.0,-54949.0,14
201600001514,16,5,28,1230,1,1,1,1,7.0,14572,M,4887300.0,-48761.0,14
201600001515,16,9,3,1745,1,1,1,1,3.0,14585,M,0.0,0.0,14
201600001516,16,9,4,1545,1,1,1,1,6.0,14756,M,0.0,0.0,14
201600001517,16,9,23,1315,1,2,1,1,3.0,14174,M,0.0,0.0,14
201600001518,16,11,11,2045,5,2,1,1,3.0,14253,M,4889880.0,-73772.0,14
201600001519,16,11,18,1130,1,1,1,6,2.0,14442,M,,,14
201600001520,16,11,23,1215,1,2,3,1,5.0,14174,M,4885330.0,-54572.0,14
201600001521,16,6,1,1845,1,1,1,2,5.0,50538,M,4912290.0,-102077.0,50
201600001522,16,1,7,1600,1,2,1,1,7.0,50485,M,4930380.0,-124903.0,50
201600001523,16,1,28,730,3,1,2,1,3.0,50107,M,4930800.0,-118008.0,50
201600001524,16,8,18,1745,1,1,3,7,2.0,50564,M,4920990.0,-136117.0,50
201600001525,16,12,28,1145,1,2,1,7,6.0,50099,M,4930160.0,-125727.0,50
201600001526,16,1,10,1830,5,1,2,1,3.0,50431,M,4917440.0,-125833.0,50
201600001527,16,1,13,1815,3,1,1,1,5.0,50352,M,4914190.0,-123459.0,50
201600001528,16,1,22,1530,1,1,2,2,5.0,50106,M,4918400.0,-114558.0,50
201600001529,16,4,1,745,1,2,1,1,1.0,50409,M,4916570.0,-113160.0,50
201600001530,16,4,7,830,1,1,1,4,3.0,50046,M,4913750.0,-96591.0,50
201600001531,16,7,5,1345,1,1,3,1,2.0,50239,M,4910350.0,-115233.0,50
201600001532,16,10,9,1830,1,1,1,1,1.0,50491,M,4919680.0,-100564.0,50
201600001533,16,10,19,1715,1,1,1,1,1.0,50161,M,4923140.0,-112952.0,50
201600001534,16,11,18,2155,3,1,1,4,7.0,50239,M,4911940.0,-115589.0,50
201600001535,16,12,8,2030,3,1,1,1,6.0,50356,M,4918030.0,-109976.0,50
201600001536,16,12,18,1800,3,1,3,5,3.0,50356,M,4920920.0,-103008.0,50
201600001537,16,3,13,1930,2,1,1,1,7.0,50363,M,4900900.0,-115103.0,50
201600001538,16,6,5,715,1,1,1,1,1.0,50159,M,4903870.0,-123031.0,50
201600001539,16,6,12,1145,1,1,1,8,7.0,50393,M,4894850.0,-117125.0,50
201600001540,16,9,15,945,1,1,1,2,7.0,50214,M,4892710.0,-111547.0,50
201600001541,16,10,18,1730,1,1,1,1,5.0,50095,M,4908690.0,-117944.0,50
201600001542,16,1,12,855,1,1,1,2,6.0,94054,M,4872980.0,237109.0,94
201600001543,16,8,7,1130,1,1,1,1,6.0,50224,M,4900100.0,-90980.0,50
201600001544,16,9,9,1930,1,1,1,1,3.0,50224,M,4898420.0,-95460.0,50
201600001545,16,10,19,730,2,1,1,1,7.0,50441,M,4909900.0,-92432.0,50
201600001546,16,2,15,1230,1,1,1,1,6.0,94054,M,4872950.0,237131.0,94
201600001547,16,3,6,1340,1,1,1,1,6.0,94054,M,4872880.0,235951.0,94
201600001548,16,11,3,2000,3,1,1,1,7.0,50261,M,4909710.0,-92448.0,50
201600001549,16,4,13,820,1,1,1,8,3.0,94054,M,4874420.0,236503.0,94
201600001550,16,5,8,930,1,1,2,1,3.0,94054,M,4873910.0,236966.0,94
201600001551,16,5,24,1430,1,1,1,1,2.0,94054,M,4873070.0,236910.0,94
201600001552,16,6,8,800,1,1,3,1,4.0,94054,M,4873460.0,237177.0,94
201600001553,16,6,9,1415,1,1,1,1,6.0,94054,M,4873910.0,236756.0,94
201600001554,16,6,22,445,5,1,1,1,2.0,94054,M,4872910.0,236708.0,94
201600001555,16,6,25,900,1,1,1,1,3.0,94054,M,4873510.0,237414.0,94
201600001556,16,8,7,800,1,1,1,1,6.0,94054,M,4873230.0,236574.0,94
201600001557,16,7,16,2130,4,1,6,1,2.0,94054,M,4873010.0,236315.0,94
201600001558,16,7,22,1615,1,1,1,1,4.0,94054,M,4872940.0,236926.0,94
201600001559,16,9,5,1500,1,1,1,8,6.0,94054,M,4873910.0,236722.0,94
201600001560,16,9,7,1120,1,1,1,1,2.0,94054,M,4873000.0,236765.0,94
201600001561,16,9,7,1300,1,1,1,1,2.0,94054,M,4874090.0,236289.0,94
201600001562,16,10,19,755,2,1,3,1,3.0,94054,M,4873950.0,236051.0,94
201600001563,16,11,9,1830,5,1,1,2,5.0,94054,M,4873840.0,236399.0,94
201600001564,16,11,22,1825,4,1,1,1,6.0,94054,M,4872920.0,236007.0,94
201600001565,16,12,12,2000,5,1,4,2,4.0,94054,M,4872910.0,236691.0,94
201600001566,16,12,26,1800,5,1,1,8,6.0,94054,M,4873010.0,237096.0,94
201600001567,16,12,28,915,1,1,1,1,4.0,94054,M,4873030.0,236808.0,94
201600001568,16,3,4,1515,1,2,1,2,6.0,50025,M,4868260.0,-135667.0,50
201600001569,16,3,12,1915,3,1,3,1,1.0,50399,M,4868410.0,-121058.0,50
201600001570,16,5,8,1615,1,1,3,1,2.0,50616,M,4867450.0,-136240.0,50
201600001571,16,6,14,1645,1,2,1,7,6.0,50516,M,4867910.0,-134360.0,50
201600001572,16,8,22,815,1,1,3,1,3.0,50554,M,4867890.0,-128445.0,50
201600001573,16,10,21,2215,3,1,3,1,6.0,50554,M,4869510.0,-132750.0,50
201600001574,16,11,23,1730,3,1,1,2,5.0,50554,M,4866980.0,-127476.0,50
201600001575,16,12,2,815,2,1,1,5,3.0,50554,M,4869460.0,-133087.0,50
201600001576,16,12,16,1845,3,1,3,1,3.0,50516,M,4866280.0,-135340.0,50
201600001577,16,12,15,1545,1,1,1,1,5.0,50066,M,4877280.0,-148506.0,50
201600001578,16,1,12,815,2,1,1,4,5.0,50540,M,4878430.0,-150169.0,50
201600001579,16,1,16,1145,1,2,1,7,2.0,50102,M,4874810.0,-155485.0,50
201600001580,16,2,4,1030,1,2,1,8,6.0,50565,M,4875200.0,-145582.0,50
201600001581,16,3,27,2345,3,1,1,6,6.0,50493,M,4883700.0,-151607.0,50
201600001582,16,5,6,2215,3,1,1,1,6.0,50541,M,4883690.0,-149940.0,50
201600001583,16,6,10,2015,1,1,1,8,1.0,50565,M,4876170.0,-146943.0,50
201600001584,16,7,6,1930,1,1,2,1,3.0,50493,M,4883690.0,-149850.0,50
201600001585,16,8,7,215,5,2,3,1,7.0,50066,M,4877660.0,-156039.0,50
201600001586,16,8,14,915,2,1,1,7,3.0,50167,M,4874820.0,-151009.0,50
201600001587,16,9,17,1500,1,1,1,1,5.0,50541,M,4883700.0,-151216.0,50
201600001588,16,9,28,1015,1,2,1,1,6.0,50237,M,4879880.0,-139852.0,50
201600001589,16,10,17,800,2,2,1,5,7.0,50167,M,4874930.0,-148681.0,50
201600001590,16,11,14,1500,1,2,1,1,6.0,50434,M,4876480.0,-143947.0,50
201600001591,16,12,29,1030,1,2,1,7,6.0,50102,M,4874720.0,-155499.0,50
201600001592,16,2,16,2000,3,1,1,1,2.0,50410,M,4856950.0,-146601.0,50
201600001593,16,2,9,1515,1,2,2,1,6.0,50168,M,4861900.0,-129462.0,50
201600001594,16,3,25,1700,1,1,1,1,5.0,50410,M,4856140.0,-150016.0,50
201600001595,16,7,23,1500,1,1,1,1,4.0,50413,M,4861220.0,-137208.0,50
201600001596,16,2,27,1900,5,2,1,1,3.0,50639,M,4883920.0,-122154.0,50
201600001597,16,3,4,2045,3,1,1,2,1.0,50118,M,4883580.0,-134471.0,50
201600001598,16,6,12,1200,1,1,2,2,1.0,50453,M,4881710.0,-119663.0,50
201600001599,16,10,8,1215,1,2,1,1,6.0,50542,M,4876410.0,-135832.0,50
201600001600,16,10,16,130,3,1,1,8,7.0,50453,M,4883170.0,-121233.0,50
201600001601,16,7,16,1015,1,1,1,1,1.0,50623,M,4965910.0,-183248.0,50
201600001602,16,7,3,2345,3,1,1,8,6.0,50242,M,4966160.0,-188145.0,50
201600001603,16,8,2,1715,1,1,1,3,1.0,50041,M,4966530.0,-181499.0,50
201600001604,16,9,18,1115,1,1,1,1,6.0,50041,M,4968890.0,-183822.0,50
201600001605,16,10,25,1200,1,1,1,1,3.0,50187,M,4963340.0,-170542.0,50
201600001606,16,10,30,1515,1,1,1,1,6.0,50057,M,4960850.0,-179130.0,50
201600001607,16,12,4,1700,1,1,1,1,1.0,50041,M,4967070.0,-182226.0,50
201600001608,16,2,4,715,3,2,1,6,6.0,50503,M,4933020.0,-171154.0,50
201600001609,16,5,6,1500,1,1,2,1,1.0,50045,M,4951170.0,-177870.0,50