Num_Acc,an,mois,jour,hrmn,lum,agg,int,atm,col,com,gps,lat,long,dep
201600001610,16,5,13,1215,1,1,3,1,5.0,50594,M,4957410.0,-177420.0,50
201600001611,16,5,15,1800,1,2,1,1,6.0,50031,M,4937680.0,-178695.0,50
201600001612,16,7,16,2115,2,1,2,7,2.0,50402,M,4951250.0,-184359.0,50
201600001613,16,7,23,1630,1,1,1,1,3.0,50332,M,4942700.0,-178879.0,50
201600001614,16,8,15,1445,1,1,2,1,1.0,50299,M,4936380.0,-170801.0,50
201600001615,16,8,28,1145,1,2,2,1,3.0,50082,M,4947000.0,-164118.0,50
201600001616,16,10,16,1500,1,1,1,1,2.0,50082,M,4947870.0,-162884.0,50
201600001617,16,11,5,1445,1,2,9,8,6.0,50031,M,4938440.0,-175267.0,50
201600001618,16,12,15,1330,1,1,1,1,2.0,50580,M,4953170.0,-177799.0,50
201600001619,16,12,23,1,3,1,1,5,2.0,50082,M,4946510.0,-162479.0,50
201600001620,16,12,28,915,1,1,1,1,6.0,50425,M,4951580.0,-168980.0,50
201600001621,16,5,26,1915,1,2,1,3,6.0,50551,M,4938440.0,-153331.0,50
201600001622,16,9,7,2030,1,1,1,1,6.0,50064,M,4940420.0,-144164.0,50
201600001623,16,12,12,1315,1,1,1,1,1.0,50619,M,4960060.0,-136992.0,50
201600001624,16,4,19,730,1,1,1,1,6.0,50588,M,4954220.0,-143036.0,50
201600001625,16,9,29,1630,1,1,1,1,7.0,50498,M,4952080.0,-152397.0,50
201600001626,16,9,30,1230,1,1,3,1,6.0,50196,M,4967060.0,-131715.0,50
201600001627,16,12,9,1915,3,1,1,1,5.0,50270,M,4950050.0,-149940.0,50
201600001628,16,12,12,1115,1,2,1,1,3.0,50615,M,0.0,0.0,50
201600001629,16,1,4,830,2,1,1,1,5.0,50092,M,4906840.0,-138159.0,50
201600001630,16,5,8,515,3,1,1,8,6.0,50061,M,4908410.0,-154305.0,50
201600001631,16,7,9,1800,1,2,2,1,3.0,50058,M,4909300.0,-158234.0,50
201600001632,16,8,7,1300,1,2,3,1,6.0,50003,M,4905100.0,-160061.0,50
201600001633,16,11,24,1145,1,1,1,1,6.0,50378,M,4901660.0,-128223.0,50
201600001634,16,3,6,1700,1,2,1,1,1.0,50143,M,4888130.0,-153032.0,50
201600001635,16,3,12,2200,3,1,1,1,6.0,50228,M,4895340.0,-122487.0,50
201600001636,16,5,4,1545,1,1,1,1,2.0,50266,M,4892240.0,-136559.0,50
201600001637,16,5,13,1145,1,1,1,1,1.0,50085,M,4892600.0,-152256.0,50
201600001638,16,7,10,715,1,1,1,1,6.0,50463,M,4894300.0,-133232.0,50
201600001639,16,9,27,645,3,1,2,1,2.0,50223,M,4897370.0,-140793.0,50
201600001640,16,9,28,1245,1,1,2,1,1.0,50140,M,4896500.0,-144227.0,50
201600001641,16,10,15,1500,1,1,1,2,6.0,50076,M,4889440.0,-154331.0,50
201600001642,16,11,1,1145,1,1,1,1,7.0,50076,M,4890860.0,-153357.0,50
201600001643,16,11,20,1300,1,1,1,1,6.0,50221,M,4894460.0,-133267.0,50
201600001644,16,12,19,1945,3,1,1,2,6.0,50228,M,4895250.0,-126535.0,50
201600001645,16,1,21,215,4,2,1,1,6.0,50236,M,4928340.0,-154228.0,50
201600001646,16,2,14,45,3,1,1,1,6.0,50166,M,4932710.0,-153497.0,50
201600001647,16,2,29,1645,1,2,6,1,3.0,50151,M,4920130.0,-156599.0,50
201600001648,16,8,21,1400,1,1,2,1,3.0,50160,M,4932380.0,-163632.0,50
201600001649,16,9,11,1815,1,1,4,7,3.0,50394,M,4919630.0,-144550.0,50
201600001650,16,9,17,600,3,2,1,1,1.0,50394,M,4917460.0,-141007.0,50
201600001651,16,9,23,1615,1,1,1,1,3.0,50550,M,4912300.0,-141482.0,50
201600001652,16,10,1,900,1,2,1,1,4.0,50236,M,4928560.0,-154192.0,50
201600001653,16,12,23,1715,2,2,2,2,3.0,50510,M,4916370.0,-134613.0,50
201600001654,16,1,3,530,5,2,1,3,6.0,50582,M,4871920.0,-92289.0,50
201600001655,16,4,12,1615,1,1,1,1,1.0,50474,M,4860250.0,-76240.0,50
201600001656,16,6,20,1545,1,1,1,3,1.0,50582,M,4873010.0,-91908.0,50
201600001657,16,7,14,500,4,1,1,1,2.0,50582,M,4870950.0,-92580.0,50
201600001658,16,8,15,2315,5,2,1,1,3.0,50359,M,4865400.0,-93785.0,50
201600001659,16,1,6,1700,2,1,1,1,2.0,50189,M,4861200.0,-102703.0,50
201600001660,16,1,2,1445,1,2,1,8,7.0,01053,M,4621402.0,521732.0,01
201600001661,16,1,9,930,1,1,1,5,6.0,01451,M,4628569.0,523116.0,01
201600001662,16,1,13,1545,1,2,1,1,6.0,01344,M,4620100.0,520155.0,01
201600001663,16,1,15,1650,2,2,3,4,6.0,01053,M,4620475.0,522783.0,01
201600001664,16,1,18,1335,1,1,7,1,3.0,01053,M,4619516.0,522941.0,01
201600001665,16,1,20,1355,1,1,2,5,3.0,01289,M,4618044.0,519472.0,01
201600001666,16,1,21,1348,1,2,3,1,3.0,01053,M,4620944.0,524391.0,01
201600001667,16,2,10,1630,1,1,1,1,5.0,01451,M,4623794.0,519544.0,01
201600001668,16,2,11,1510,1,2,6,8,1.0,01053,M,4620150.0,524933.0,01
201600001669,16,2,20,1150,1,2,6,8,6.0,01053,M,0.0,0.0,01
201600001670,16,3,1,2230,5,2,2,2,3.0,01053,M,4620358.0,524250.0,01
201600001671,16,3,2,1615,1,2,2,1,3.0,01053,M,4619536.0,522530.0,01
201600001672,16,3,19,1940,5,2,3,1,3.0,01053,M,4621300.0,521833.0,01
201600001673,16,3,18,755,1,2,1,1,6.0,01053,M,4619611.0,522852.0,01
201600001674,16,3,22,1715,1,2,6,1,3.0,01451,M,4623929.0,522886.0,01
201600001675,16,3,24,1655,1,2,1,1,3.0,01053,M,4620222.0,521300.0,01
201600001676,16,4,10,900,1,1,3,1,5.0,01451,M,4624852.0,523022.0,01
201600001677,16,4,11,1215,1,1,1,1,2.0,01451,M,4624149.0,526699.0,01
201600001678,16,4,13,645,2,2,6,2,3.0,01053,M,4619532.0,522953.0,01
201600001679,16,4,26,1835,1,2,1,2,6.0,01289,M,4612360.0,520000.0,01
201600001680,16,4,28,1705,1,2,2,1,3.0,01451,M,4624946.0,519125.0,01
201600001681,16,4,28,1745,1,2,2,1,1.0,01053,M,4619834.0,522581.0,01
201600001682,16,5,3,1730,1,1,4,1,3.0,01289,M,4615960.0,522937.0,01
201600001683,16,5,3,2250,3,1,2,1,3.0,01451,M,4623573.0,518336.0,01
201600001684,16,5,6,1200,1,2,2,1,2.0,01451,M,4621966.0,521093.0,01
201600001685,16,5,11,1510,1,1,1,8,3.0,01451,M,4628598.0,523152.0,01
201600001686,16,5,17,1730,1,2,1,1,3.0,01053,M,4618944.0,522718.0,01
201600001687,16,5,23,1330,1,2,3,2,3.0,01053,M,4619845.0,522902.0,01
201600001688,16,5,31,925,1,1,1,3,1.0,01053,M,4620872.0,527236.0,01
201600001689,16,6,1,1225,1,2,1,1,6.0,01053,M,4620632.0,522689.0,01
201600001690,16,6,4,1100,1,1,1,2,1.0,01053,M,4619000.0,526000.0,01
201600001691,16,6,24,1625,1,2,3,1,3.0,01053,M,4619983.0,521353.0,01
201600001692,16,6,28,810,1,2,1,1,6.0,01053,M,4620963.0,523144.0,01
201600001693,16,7,1,1700,1,2,1,1,7.0,01344,M,4619684.0,520079.0,01
201600001694,16,7,8,805,1,2,3,1,3.0,01053,M,4621127.0,524709.0,01
201600001695,16,7,9,2050,1,1,1,1,3.0,01289,M,4616162.0,518951.0,01
201600001696,16,7,21,900,1,2,1,1,3.0,01053,M,4620019.0,524855.0,01
201600001697,16,8,8,723,1,1,1,1,5.0,01451,M,4622852.0,522747.0,01
201600001698,16,8,24,735,1,1,1,1,1.0,01451,M,4622894.0,525678.0,01
201600001699,16,8,24,1545,1,1,2,1,3.0,01289,M,4616486.0,522072.0,01
201600001700,16,8,26,1730,1,1,3,1,3.0,01344,M,4621316.0,520411.0,01
201600001701,16,9,12,1900,1,1,1,1,1.0,01289,M,4617175.0,519440.0,01
201600001702,16,9,13,1633,1,2,2,1,3.0,01053,M,4620955.0,522752.0,01
201600001703,16,9,15,1735,1,2,1,1,4.0,01289,M,4617931.0,520302.0,01
201600001704,16,9,16,1715,1,2,2,1,3.0,01053,M,4619541.0,522533.0,01
201600001705,16,9,19,630,5,2,1,1,3.0,01053,M,4619752.0,523936.0,01
201600001706,16,9,23,1759,1,2,1,1,3.0,01053,M,4621099.0,522749.0,01
201600001707,16,10,7,1400,1,1,1,1,6.0,01451,M,4622336.0,520933.0,01
201600001708,16,10,10,2035,5,1,2,1,3.0,01344,M,4619072.0,519672.0,01
201600001709,16,10,14,1040,1,2,1,2,6.0,01053,M,4620236.0,524633.0,01
201600001710,16,10,17,720,5,2,9,8,3.0,01344,M,4620084.0,519969.0,01
201600001711,16,10,22,2050,3,1,1,1,7.0,01451,M,4623617.0,519673.0,01
201600001712,16,10,29,2100,5,2,2,8,3.0,01053,M,4620901.0,523404.0,01
201600001713,16,11,4,900,1,2,6,1,3.0,01053,M,4622798.0,522898.0,01
201600001714,16,11,4,2330,3,1,1,2,6.0,01289,M,4617287.0,519210.0,01
201600001715,16,11,18,830,1,2,2,2,3.0,01053,M,4619814.0,522251.0,01
201600001716,16,11,18,935,2,1,1,2,5.0,01344,M,4620848.0,520318.0,01
201600001717,16,11,20,1035,1,2,1,1,3.0,01053,M,4611429.0,513391.0,01
201600001718,16,11,21,1400,1,1,2,1,3.0,01289,M,4616483.0,522066.0,01
201600001719,16,11,26,2128,5,2,3,1,3.0,01053,M,4620019.0,521871.0,01
201600001720,16,11,30,908,1,2,2,1,3.0,01053,M,4619683.0,521043.0,01
201600001721,16,12,1,2255,5,2,1,1,6.0,01053,M,4620026.0,522657.0,01
201600001722,16,11,24,1105,1,2,2,1,6.0,01053,M,4620952.0,522775.0,01
201600001723,16,12,12,850,1,2,1,8,6.0,01053,M,4620562.0,523612.0,01
201600001724,16,12,15,1240,1,2,1,1,1.0,01053,M,4620897.0,523752.0,01
201600001725,16,1,8,2330,4,2,1,1,6.0,61141,M,4846999.0,1650.0,61
201600001726,16,5,29,1230,1,1,3,2,2.0,61182,M,4846714.0,-9698.0,61
201600001727,16,10,13,800,1,1,1,1,6.0,61172,M,4853675.0,780.0,61
201600001728,16,11,24,1700,1,1,1,1,6.0,61357,M,4854775.0,-9050.0,61
201600001729,16,2,4,1545,1,1,1,2,1.0,61215,M,4852102.0,36406.0,61
201600001730,16,6,9,1215,1,1,1,1,1.0,61098,M,4858954.0,15872.0,61
201600001731,16,7,12,1000,1,2,6,1,6.0,61464,M,4860661.0,18583.0,61
201600001732,16,9,3,2130,3,1,6,1,6.0,61284,M,4859623.0,34480.0,61
201600001733,16,10,15,945,1,2,3,2,6.0,61464,M,4860579.0,18046.0,61
201600001734,16,11,15,1845,3,1,1,5,7.0,61064,M,4865550.0,31447.0,61
201600001735,16,1,9,2115,5,2,3,2,6.0,61308,M,4882128.0,-17156.0,61
201600001736,16,4,12,745,1,1,1,7,2.0,61314,M,4877312.0,-6127.0,61
201600001737,16,5,5,645,2,1,1,7,6.0,61474,M,4875588.0,6667.0,61
201600001738,16,7,8,1930,1,1,1,1,6.0,61106,M,4877279.0,-35876.0,61
201600001739,16,7,9,1800,1,1,2,1,3.0,61009,M,4879469.0,7687.0,61
201600001740,16,8,12,1430,1,1,2,1,3.0,61210,M,4869125.0,-11457.0,61
201600001741,16,8,17,1515,1,1,1,1,6.0,61179,M,4872365.0,-27096.0,61
201600001742,16,8,19,1030,1,1,1,1,6.0,61009,M,4880841.0,7692.0,61
201600001743,16,11,20,1945,3,1,1,3,6.0,61473,M,4870969.0,-14135.0,61
201600001744,16,12,17,2345,3,1,1,5,1.0,61472,M,4876496.0,-331.0,61
201600001745,16,2,11,800,1,1,1,1,1.0,61310,M,4869784.0,19275.0,61
201600001746,16,2,11,1215,1,1,1,1,1.0,61188,M,4868375.0,34487.0,61
201600001747,16,4,6,1400,1,1,1,2,3.0,61393,M,4872001.0,23063.0,61
201600001748,16,5,28,1700,1,1,1,1,6.0,61019,M,4880191.0,19462.0,61
201600001749,16,6,20,1700,1,1,1,2,6.0,61315,M,4880271.0,17263.0,61
201600001750,16,7,12,1300,1,1,1,1,6.0,61347,M,4878896.0,26451.0,61
201600001751,16,8,9,1915,1,1,1,1,1.0,61389,M,4871103.0,40278.0,61
201600001752,16,9,27,1615,1,1,1,1,1.0,61138,M,4872218.0,27520.0,61
201600001753,16,1,10,215,3,1,1,1,6.0,61102,M,4866737.0,-59366.0,61
201600001754,16,1,22,830,2,2,1,3,6.0,61145,M,4859180.0,-64589.0,61
201600001755,16,2,26,400,3,1,1,1,7.0,61387,M,4848916.0,-69524.0,61
201600001756,16,3,20,715,2,1,1,1,6.0,61149,M,4872685.0,-49214.0,61
201600001757,16,4,12,1400,1,2,1,1,1.0,61278,M,4871432.0,-59806.0,61
201600001758,16,5,8,1800,1,1,1,1,6.0,61387,M,4848961.0,-74926.0,61
201600001759,16,5,18,1530,1,2,1,1,6.0,61145,M,4859133.0,-64320.0,61
201600001760,16,6,12,1745,1,1,1,1,6.0,61075,M,4852554.0,-64494.0,61
201600001761,16,7,18,1700,1,1,1,1,1.0,61091,M,4858976.0,-54369.0,61
201600001762,16,9,4,1745,1,1,1,1,7.0,61201,M,4857859.0,-67619.0,61
201600001763,16,1,9,1445,1,2,1,1,6.0,61168,M,4859829.0,-36093.0,61
201600001764,16,1,29,915,3,1,1,1,6.0,61135,M,4853068.0,-40640.0,61
201600001765,16,4,18,1930,1,1,1,1,6.0,61512,M,4870717.0,-27970.0,61
201600001766,16,1,17,1815,3,2,4,1,6.0,61078,M,4879524.0,-62725.0,61
201600001767,16,1,29,1615,1,1,2,1,5.0,61486,M,4877186.0,-71046.0,61
201600001768,16,4,22,1430,1,1,2,2,3.0,61376,M,4869835.0,-61371.0,61
201600001769,16,6,5,200,3,1,1,5,7.0,61486,M,4877189.0,-71180.0,61
201600001770,16,7,6,1830,1,1,3,1,3.0,61073,M,4878848.0,-43128.0,61
201600001771,16,7,13,1030,1,1,2,1,3.0,61094,M,4870992.0,-60440.0,61
201600001772,16,7,17,1815,1,2,1,7,6.0,61292,M,4879641.0,-67447.0,61
201600001773,16,10,2,330,3,1,1,1,6.0,61007,M,4881196.0,-50123.0,61
201600001774,16,10,17,2115,3,1,1,1,6.0,61407,M,4883381.0,-52163.0,61
201600001775,16,10,23,1115,1,1,2,1,3.0,61222,M,4874574.0,-68400.0,61
201600001776,16,10,30,1045,1,1,2,1,3.0,61376,M,4869835.0,-61371.0,61
201600001777,16,11,8,800,2,1,1,1,7.0,61093,M,4873142.0,-66222.0,61
201600001778,16,11,17,1930,3,1,2,8,1.0,61095,M,4870667.0,-63729.0,61
201600001779,16,8,3,1445,1,2,1,1,6.0,61145,M,4859074.0,-64141.0,61
201600001780,16,10,18,1445,1,2,1,1,3.0,61145,M,4858865.0,-63509.0,61
201600001781,16,11,12,345,3,1,1,1,6.0,61201,M,4860425.0,-63902.0,61
201600001782,16,12,1,2330,4,2,1,1,6.0,61362,M,4869434.0,-52270.0,61
201600001783,16,12,15,1815,3,2,1,5,6.0,61163,M,4864330.0,-52248.0,61
201600001784,16,12,17,1930,5,2,1,1,6.0,61145,M,4859207.0,-64559.0,61
201600001785,16,2,5,1745,2,1,1,1,6.0,61381,M,4847145.0,54685.0,61
201600001786,16,5,11,1445,1,2,1,1,7.0,61121,M,4847501.0,46442.0,61
201600001787,16,7,7,1900,1,1,3,1,1.0,61327,M,4841240.0,43373.0,61
201600001788,16,11,5,1945,3,1,1,1,2.0,61381,M,4847176.0,54682.0,61
201600001789,16,11,18,1630,1,2,4,1,3.0,61293,M,4852323.0,53972.0,61
201600001790,16,11,27,1545,1,1,2,1,1.0,61118,M,4847065.0,64547.0,61
201600001791,16,2,11,1300,1,1,1,1,2.0,61079,M,4824973.0,69527.0,61
201600001792,16,6,26,315,3,1,1,1,6.0,61379,M,4830160.0,63310.0,61
201600001793,16,6,28,1230,1,1,2,1,2.0,61246,M,4825294.0,69745.0,61
201600001794,16,8,25,800,1,2,9,1,3.0,61394,M,4828706.0,59317.0,61
201600001795,16,8,28,830,1,1,1,1,6.0,61112,M,4841187.0,65357.0,61
201600001796,16,1,10,1100,1,1,1,1,7.0,61140,M,0.0,0.0,61
201600001797,16,2,5,2015,3,1,1,1,5.0,61432,M,4875741.0,69504.0,61
201600001798,16,4,17,2245,3,1,1,1,1.0,61136,M,4887223.0,57805.0,61
201600001799,16,5,14,2200,3,2,1,1,6.0,61432,M,4875683.0,69446.0,61
201600001800,16,6,22,745,1,1,1,1,3.0,61244,M,4865926.0,44548.0,61
201600001801,16,7,7,1615,1,2,1,1,7.0,61191,M,4885120.0,60242.0,61
201600001802,16,9,19,2230,3,1,1,1,6.0,61342,M,4876634.0,58429.0,61
201600001803,16,3,13,2030,5,2,7,1,1.0,61491,M,4859045.0,65136.0,61
201600001804,16,5,3,1500,1,1,1,1,1.0,61395,M,4841226.0,78378.0,61
201600001805,16,5,16,1545,1,1,1,8,3.0,61491,M,4857153.0,63829.0,61
201600001806,16,5,20,1215,1,1,1,1,1.0,61230,M,4851959.0,74462.0,61
201600001807,16,9,13,840,1,2,1,1,6.0,61116,M,4838072.0,84920.0,61
201600001808,16,11,2,1215,1,1,1,1,6.0,61116,M,4837114.0,85804.0,61
201600001809,16,11,17,2145,3,1,1,2,6.0,61230,M,4851705.0,74113.0,61
201600001810,16,12,2,700,3,1,1,1,7.0,61061,M,4845160.0,93956.0,61
201600001811,16,12,11,2000,3,1,1,5,6.0,61241,M,4846705.0,88141.0,61
201600001812,16,4,19,1730,1,1,1,1,3.0,44204,M,4728660.0,-144532.0,44
201600001813,16,4,20,2030,2,2,1,2,6.0,44172,M,4724990.0,-147232.0,44
201600001814,16,7,12,1245,1,2,1,1,1.0,44172,M,4726365.0,-148674.0,44
201600001815,16,10,26,1900,1,2,1,1,6.0,44172,M,4724943.0,-148712.0,44
201600001816,16,7,12,730,1,1,1,1,3.0,44026,M,4729237.0,-142361.0,44
201600001817,16,9,4,2015,1,1,1,1,6.0,44026,M,4727823.0,-146777.0,44
201600001818,16,9,20,1615,1,1,1,1,1.0,44026,M,4729278.0,-143954.0,44
201600001819,16,11,15,2025,5,2,1,1,1.0,44026,M,4728721.0,-149859.0,44
201600001820,16,1,27,1430,1,1,1,1,5.0,44064,M,4711037.0,-128003.0,44
201600001821,16,3,13,2100,3,1,1,2,2.0,44102,M,4706292.0,-143887.0,44
201600001822,16,5,22,900,1,2,1,2,1.0,44064,M,4711496.0,-131405.0,44
201600001823,16,7,20,1515,1,1,1,1,1.0,44014,M,4707981.0,-152431.0,44
201600001824,16,7,23,1800,1,1,1,1,1.0,44014,M,4710733.0,-151177.0,44
201600001825,16,9,3,715,2,1,1,5,1.0,44014,M,4709208.0,-153023.0,44
201600001826,16,2,1,2045,3,1,1,9,7.0,44188,M,4705100.0,-164200.0,44
201600001827,16,4,26,1330,1,1,1,1,5.0,44041,M,0.0,0.0,44
201600001828,16,5,6,1615,1,1,1,1,1.0,44156,M,4695300.0,-159200.0,44
201600001829,16,5,13,1330,1,2,1,2,6.0,44188,M,4703478.0,-166922.0,44
201600001830,16,4,27,1130,1,1,1,1,3.0,44212,M,4715661.0,-129857.0,44
201600001831,16,8,20,1000,1,2,1,1,6.0,44212,M,4716131.0,-126567.0,44
201600001832,16,2,15,1530,1,1,1,1,1.0,44198,M,4713500.0,-151422.0,44
201600001833,16,2,27,1545,1,1,1,1,7.0,44198,M,4714050.0,-153181.0,44
201600001834,16,3,17,1715,1,2,1,1,6.0,44215,M,4716340.0,-149047.0,44
201600001835,16,3,25,1715,1,1,1,1,4.0,44198,M,4715860.0,-151327.0,44
201600001836,16,4,19,1715,1,2,6,1,1.0,44215,M,4716550.0,-146050.0,44
201600001837,16,5,19,1800,1,1,1,1,3.0,44198,M,4712475.0,-152827.0,44
201600001838,16,7,11,1700,1,1,1,1,2.0,44215,M,4715904.0,-146626.0,44
201600001839,16,8,12,1245,1,1,1,1,3.0,44198,M,4712475.0,-152827.0,44
201600001840,16,9,13,2145,3,1,1,3,6.0,44198,M,4714788.0,-151462.0,44
201600001841,16,12,10,1700,5,2,1,5,6.0,44215,M,4718486.0,-148842.0,44
201600001842,16,12,27,1750,5,2,4,1,6.0,44215,M,4717251.0,-147109.0,44
201600001843,16,3,20,400,3,1,1,1,6.0,44028,M,0.0,0.0,44
201600001844,16,5,14,845,1,1,1,1,6.0,44213,M,4741385.0,-100608.0,44
201600001845,16,7,16,30,3,1,1,1,6.0,44213,M,4739363.0,-106016.0,44
201600001846,16,9,6,800,1,1,1,1,1.0,44096,M,4740901.0,-118442.0,44
201600001847,16,1,13,1215,1,1,1,1,1.0,44169,M,4722692.0,-143969.0,44
201600001848,16,6,9,2245,3,1,1,1,1.0,44212,M,4717550.0,-123954.0,44
201600001849,16,8,30,1500,1,1,1,1,5.0,44169,M,4723213.0,-140049.0,44
201600001850,16,1,15,800,5,2,9,1,3.0,44115,M,4734811.0,-128767.0,44
201600001851,16,1,22,2045,3,1,2,5,3.0,44077,M,4750310.0,-148213.0,44
201600001852,16,8,26,2145,3,1,1,1,6.0,44077,M,4748122.0,-144873.0,44
201600001853,16,2,24,1700,1,1,1,3,5.0,44118,M,4748959.0,-116238.0,44
201600001854,16,1,16,100,5,2,1,9,6.0,44062,M,4752244.0,-174799.0,44
201600001855,16,2,16,2030,3,1,1,1,6.0,44128,M,4753475.0,-185853.0,44
201600001856,16,3,15,1200,1,1,2,1,3.0,44128,M,4752704.0,-190095.0,44
201600001857,16,4,28,1730,1,1,1,2,3.0,44128,M,4754096.0,-188951.0,44
201600001858,16,6,1,1145,1,2,2,1,3.0,44111,M,4738184.0,-171003.0,44
201600001859,16,6,29,1600,1,1,2,1,1.0,44007,M,4761202.0,-194482.0,44
201600001860,16,8,29,1800,1,1,1,1,6.0,44015,M,4744367.0,-178118.0,44
201600001861,16,9,30,2200,3,1,4,1,3.0,44015,M,4746170.0,-177068.0,44
201600001862,16,1,8,2030,3,1,1,1,1.0,44073,M,4744915.0,-160880.0,44
201600001863,16,1,9,1345,1,1,2,1,3.0,44073,M,4741132.0,-161007.0,44
201600001864,16,3,19,1200,1,1,1,1,1.0,44027,M,4740991.0,-155536.0,44
201600001865,16,4,8,2100,2,2,1,1,2.0,44179,M,4735925.0,-141032.0,44
201600001866,16,6,12,100,3,1,1,8,2.0,44073,M,4743010.0,-166721.0,44
201600001867,16,6,18,1945,1,1,1,1,5.0,44110,M,4741703.0,-152389.0,44
201600001868,16,6,17,830,1,1,1,1,4.0,44027,M,4739554.0,-152564.0,44
201600001869,16,11,8,1925,3,1,1,2,2.0,44073,M,4743563.0,-167318.0,44
201600001870,16,11,22,1815,5,2,1,1,6.0,44110,M,4743735.0,-150349.0,44
201600001871,16,12,10,1315,1,1,1,5,3.0,44110,M,4743755.0,-154630.0,44
201600001872,16,12,12,1730,3,1,1,2,6.0,44073,M,4740124.0,-164618.0,44
201600001873,16,1,24,1400,1,1,2,1,3.0,44193,M,4765472.0,-149236.0,44
201600001874,16,1,27,2015,3,1,1,2,6.0,44197,M,4773080.0,-156151.0,44
201600001875,16,7,3,915,1,1,3,2,6.0,44149,M,4749954.0,-156488.0,44
201600001876,16,1,6,145,3,2,1,2,6.0,44171,M,4714050.0,-171408.0,44
201600001877,16,2,14,300,3,1,1,8,3.0,44171,M,4714582.0,-170002.0,44
201600001878,16,3,24,745,1,1,1,1,6.0,44018,M,4715070.0,-166558.0,44
201600001879,16,5,10,600,2,1,1,1,5.0,44130,M,4712433.0,-159623.0,44
201600001880,16,6,4,30,4,1,2,1,3.0,44130,M,4714279.0,-157209.0,44
201600001881,16,6,7,1245,1,2,1,1,6.0,44130,M,4713876.0,-155202.0,44
201600001882,16,6,16,1215,1,2,6,1,3.0,44018,M,4714374.0,-168121.0,44
201600001883,16,6,21,715,1,1,1,2,1.0,44120,M,4719965.0,-180335.0,44
201600001884,16,8,15,1730,1,1,1,1,7.0,44018,M,4714694.0,-164869.0,44
201600001885,16,9,10,1800,1,2,1,1,1.0,44024,M,4716725.0,-172476.0,44
201600001886,16,9,18,230,5,2,1,1,6.0,44130,M,4712352.0,-158582.0,44
201600001887,16,5,1,1830,1,2,6,1,1.0,44126,M,4713379.0,-219322.0,44
201600001888,16,6,18,1615,1,2,1,1,1.0,44021,M,4704426.0,-194036.0,44
201600001889,16,6,22,1200,1,1,2,1,3.0,44164,M,0.0,0.0,44
201600001890,16,6,22,1900,1,1,1,8,1.0,44005,M,4711937.0,-194472.0,44
201600001891,16,7,14,1215,1,1,1,1,4.0,44012,M,4708779.0,-202865.0,44
201600001892,16,8,22,1400,1,1,1,1,5.0,44164,M,4712898.0,-182109.0,44
201600001893,16,3,13,1645,1,2,1,1,1.0,44192,M,4725808.0,-201630.0,44
201600001894,16,6,11,730,1,1,1,1,6.0,44038,M,4716338.0,-200264.0,44
201600001895,16,6,15,1800,1,1,1,1,1.0,44046,M,4725878.0,-208184.0,44
201600001896,16,7,13,2015,2,2,6,1,2.0,44116,M,4728721.0,-204230.0,44
201600001897,16,8,17,1245,1,1,1,1,2.0,44154,M,4726239.0,-216003.0,44
201600001898,16,8,21,400,5,2,1,1,6.0,44154,M,4722367.0,-214815.0,44
201600001899,16,9,5,2130,3,1,1,1,3.0,44154,M,4725199.0,-214810.0,44
201600001900,16,1,9,930,1,2,6,1,3.0,44087,M,4699368.0,-182551.0,44
201600001901,16,4,17,1730,1,1,1,1,6.0,44145,M,4720661.0,-182698.0,44
201600001902,16,5,5,1730,1,1,1,1,6.0,44157,M,4692375.0,-172082.0,44
201600001903,16,7,11,1100,1,1,1,1,6.0,44145,M,4719941.0,-184483.0,44
201600001904,16,7,11,1145,1,1,1,1,6.0,44186,M,4709102.0,-183308.0,44
201600001905,16,7,12,2245,3,1,1,1,6.0,44178,M,4708100.0,-175400.0,44
201600001906,16,7,23,1145,1,2,6,1,3.0,44186,M,4710330.0,-180344.0,44
201600001907,16,8,29,1400,1,1,1,1,3.0,44119,M,4697042.0,-178583.0,44
201600001908,16,10,3,1500,1,1,3,1,3.0,44157,M,4693389.0,-172701.0,44
201600001909,16,6,30,1430,1,2,1,1,6.0,44047,M,4721250.0,-171272.0,44
201600001910,16,7,3,1645,1,1,1,1,3.0,44047,M,0.0,0.0,44
201600001911,16,9,26,915,1,1,1,1,1.0,44047,M,4724148.0,-166590.0,44
201600001912,16,11,25,2000,3,1,1,1,1.0,44074,M,4720102.0,-166614.0,44
201600001913,16,1,6,900,1,2,1,1,1.0,44030,M,4744710.0,-224600.0,44
201600001914,16,1,13,1600,1,2,1,1,2.0,44211,M,4735114.0,-250936.0,44
201600001915,16,1,27,1900,1,1,1,1,1.0,44151,M,4731418.0,-232077.0,44
201600001916,16,3,14,900,1,2,1,7,6.0,44069,M,4732984.0,-243614.0,44
201600001917,16,3,26,2100,3,1,1,2,6.0,44072,M,4743411.0,-232742.0,44
201600001918,16,3,31,1200,1,2,1,1,3.0,44030,M,4744724.0,-224256.0,44
201600001919,16,4,8,1845,1,2,6,1,3.0,44072,M,4744886.0,-231335.0,44
201600001920,16,4,17,1700,1,2,1,1,6.0,44049,M,4729400.0,-251426.0,44