Num_Acc,an,mois,jour,hrmn,lum,agg,int,atm,col,com,gps,lat,long,dep
201600001921,16,4,21,1200,1,2,1,1,7.0,44030,M,4745507.0,-223164.0,44
201600001922,16,4,19,1930,1,1,1,1,6.0,44069,M,4733107.0,-247826.0,44
201600001923,16,5,28,1100,1,1,1,1,1.0,44211,M,4738230.0,-248277.0,44
201600001924,16,5,30,1830,1,2,1,1,6.0,44049,M,4729079.0,-250803.0,44
201600001925,16,6,4,615,1,1,1,1,7.0,44151,M,4732247.0,-232363.0,44
201600001926,16,6,7,1045,1,2,6,1,3.0,44069,M,4732986.0,-241302.0,44
201600001927,16,6,26,130,3,1,9,1,6.0,44069,M,4731450.0,-240705.0,44
201600001928,16,7,13,2030,1,1,1,1,1.0,44069,M,4736022.0,-245082.0,44
201600001929,16,7,20,1415,1,1,1,1,1.0,44030,M,4744622.0,-226157.0,44
201600001930,16,7,22,1730,1,2,1,1,2.0,44069,M,4734000.0,-246200.0,44
201600001931,16,7,22,1530,1,1,1,1,2.0,44069,M,4730698.0,-240820.0,44
201600001932,16,7,25,1500,1,1,1,1,3.0,44006,M,4742877.0,-239274.0,44
201600001933,16,8,2,1800,1,1,1,1,3.0,44069,M,4733058.0,-242945.0,44
201600001934,16,8,2,1845,1,1,6,1,1.0,44069,M,4733045.0,-242415.0,44
201600001935,16,8,5,1215,1,1,1,1,5.0,44069,M,4730774.0,-238869.0,44
201600001936,16,8,7,1615,1,1,1,1,3.0,44175,M,4737160.0,-232755.0,44
201600001937,16,8,15,1130,1,2,1,1,1.0,44125,M,4738013.0,-253820.0,44
201600001938,16,8,24,915,1,2,9,1,6.0,44049,M,4729203.0,-250921.0,44
201600001939,16,8,16,1200,1,1,1,1,3.0,44010,M,4726734.0,-245408.0,44
201600001940,16,9,26,1800,1,1,2,1,3.0,44175,M,4735948.0,-237459.0,44
201600001941,16,2,21,1915,3,2,1,1,2.0,44210,M,4731116.0,-221048.0,44
201600001942,16,3,5,1600,1,1,1,1,3.0,44052,M,4733300.0,-202500.0,44
201600001943,16,3,25,1545,1,2,1,1,7.0,44168,M,4736661.0,-218891.0,44
201600001944,16,8,24,230,4,2,1,1,6.0,44103,M,4733048.0,-213974.0,44
201600001945,16,8,25,1700,1,1,1,1,6.0,44103,M,4732008.0,-211456.0,44
201600001946,16,10,4,1825,1,1,1,1,6.0,44052,M,4734442.0,-208026.0,44
201600001947,16,11,5,335,3,1,1,1,6.0,44168,M,4736476.0,-218784.0,44
201600001948,16,3,30,1630,1,1,1,2,7.0,44139,M,4745295.0,-194005.0,44
201600001949,16,6,29,1745,1,2,1,7,7.0,44189,M,4745020.0,-219502.0,44
201600001950,16,7,15,900,1,2,6,1,3.0,44129,M,4743404.0,-209904.0,44
201600001951,16,8,1,1500,1,1,1,1,5.0,44196,M,4755214.0,-206506.0,44
201600001952,16,8,16,1915,1,2,1,1,6.0,44129,M,4744200.0,-209600.0,44
201600001953,16,3,13,915,1,1,1,1,6.0,44217,M,4730073.0,-175405.0,44
201600001954,16,7,17,1430,1,1,1,1,7.0,44158,M,4729415.0,-175929.0,44
201600001955,16,6,11,600,2,1,1,1,6.0,44025,M,4741071.0,-192007.0,44
201600001956,16,11,25,1850,3,1,1,8,6.0,44195,M,4736079.0,-189820.0,44
201600001957,16,6,28,1600,1,2,1,1,1.0,49278,M,4741905.0,-57884.0,49
201600001958,16,7,13,1115,1,2,1,1,6.0,49214,M,4752925.0,-60472.0,49
201600001959,16,7,15,1200,1,2,1,1,1.0,49035,M,4741485.0,-61629.0,49
201600001960,16,8,1,2100,1,1,1,1,6.0,49278,M,4743661.0,-55367.0,49
201600001961,16,6,23,1745,1,1,1,1,6.0,49194,M,4745360.0,-27693.0,49
201600001962,16,7,1,700,1,1,1,1,1.0,49194,M,4746564.0,-29517.0,49
201600001963,16,7,7,1330,1,1,1,1,7.0,49194,M,4743247.0,-29723.0,49
201600001964,16,7,23,2030,1,2,1,1,3.0,49139,M,4750283.0,-24475.0,49
201600001965,16,9,9,1745,1,1,2,1,2.0,49021,M,4744156.0,-18773.0,49
201600001966,16,9,21,1530,1,1,1,1,6.0,49194,M,4745462.0,-27788.0,49
201600001967,16,10,20,445,3,1,1,1,6.0,49201,M,4741278.0,-25487.0,49
201600001968,16,12,20,1645,1,1,1,1,7.0,49138,M,4748568.0,-20847.0,49
201600001969,16,12,26,1745,3,1,1,1,1.0,49147,M,4745601.0,-22940.0,49
201600001970,16,3,9,1515,1,2,1,2,3.0,49134,M,4729400.0,-52197.0,49
201600001971,16,3,10,1715,1,1,1,1,6.0,49363,M,4734751.0,-47004.0,49
201600001972,16,3,15,1315,1,2,1,1,1.0,49050,M,4735363.0,-44807.0,49
201600001973,16,4,1,2230,3,1,1,1,6.0,49222,M,4733927.0,-58447.0,49
201600001974,16,5,6,2315,3,1,1,1,6.0,49223,M,4738920.0,-52589.0,49
201600001975,16,6,6,945,1,1,1,1,3.0,49086,M,4725764.0,-44635.0,49
201600001976,16,7,12,1300,1,1,1,3,6.0,49153,M,4721684.0,-58239.0,49
201600001977,16,8,1,1945,1,1,6,1,3.0,49050,M,4734340.0,-43700.0,49
201600001978,16,8,6,915,3,1,1,2,7.0,49223,M,4739156.0,-52575.0,49
201600001979,16,8,28,1915,1,1,1,1,1.0,49050,M,4732823.0,-44098.0,49
201600001980,16,10,7,1000,1,1,1,1,6.0,49167,M,4738509.0,-48536.0,49
201600001981,16,10,22,1530,1,1,1,7,2.0,49071,M,4727028.0,-67099.0,49
201600001982,16,5,27,2345,3,2,1,2,6.0,49196,M,4751962.0,-67200.0,49
201600001983,16,6,12,815,1,1,6,1,6.0,49377,M,4752575.0,-42739.0,49
201600001984,16,9,18,1030,1,2,1,7,6.0,49019,M,4749935.0,-31882.0,49
201600001985,16,3,20,1715,1,2,2,1,3.0,49063,M,4735253.0,-76280.0,49
201600001986,16,4,16,1915,2,1,1,1,2.0,49160,M,4741600.0,-90110.0,49
201600001987,16,4,3,1415,1,2,1,1,3.0,49163,M,4755653.0,-23150.0,49
201600001988,16,6,14,1745,1,1,2,1,3.0,49127,M,4763321.0,-24889.0,49
201600001989,16,8,1,1915,1,2,2,1,1.0,49333,M,4757922.0,-35100.0,49
201600001990,16,8,30,1345,1,1,2,1,3.0,49333,M,4757065.0,-34718.0,49
201600001991,16,12,24,1300,1,1,6,1,7.0,49188,M,4756795.0,-32740.0,49
201600001992,16,7,19,1930,1,1,1,1,3.0,49151,M,4720171.0,-112296.0,49
201600001993,16,1,12,1715,2,1,1,1,1.0,49225,M,4727073.0,-76809.0,49
201600001994,16,4,14,1700,1,1,1,1,7.0,49300,M,4725168.0,-77829.0,49
201600001995,16,5,28,1300,1,2,1,1,3.0,49092,M,4721427.0,-72202.0,49
201600001996,16,5,30,1730,1,2,1,1,2.0,49268,M,4728972.0,-84814.0,49
201600001997,16,6,4,600,2,1,2,1,3.0,49225,M,4728121.0,-78227.0,49
201600001998,16,8,6,1615,1,1,1,1,2.0,49111,M,4716942.0,-65817.0,49
201600001999,16,7,30,1300,1,1,1,1,6.0,49355,M,4711564.0,-80298.0,49
201600002000,16,9,14,1715,1,1,1,1,6.0,49092,M,4724143.0,-76333.0,49
201600002001,16,10,6,800,1,1,1,1,1.0,49092,M,4719920.0,-71945.0,49
201600002002,16,10,12,1600,1,1,1,1,6.0,49355,M,4713441.0,-77654.0,49
201600002003,16,10,31,1330,1,2,1,1,6.0,49092,M,4720763.0,-72449.0,49
201600002004,16,11,18,2100,3,1,1,3,7.0,49343,M,4699470.0,-83631.0,49
201600002005,16,11,20,200,3,1,1,6,7.0,49074,M,4718966.0,-79484.0,49
201600002006,16,1,14,1545,1,1,2,1,3.0,49258,M,4713145.0,-108324.0,49
201600002007,16,2,8,1300,1,1,1,6,6.0,49027,M,4715510.0,-93307.0,49
201600002008,16,3,6,745,1,1,1,1,1.0,49301,M,4713370.0,-96874.0,49
201600002009,16,5,3,1900,1,2,1,1,6.0,49285,M,4712307.0,-113132.0,49
201600002010,16,6,8,1815,1,1,3,1,3.0,49193,M,4711128.0,-86566.0,49
201600002011,16,6,25,1615,1,2,1,1,2.0,49301,M,4711886.0,-97377.0,49
201600002012,16,7,11,1915,1,2,1,1,1.0,49285,M,4710378.0,-112900.0,49
201600002013,16,7,22,100,3,1,1,1,5.0,49332,M,4706579.0,-93002.0,49
201600002014,16,7,21,1130,1,1,1,1,6.0,49269,M,4700720.0,-93615.0,49
201600002015,16,8,21,1700,1,1,1,1,6.0,49258,M,4710416.0,-106719.0,49
201600002016,16,9,4,1115,1,1,1,1,7.0,49193,M,4711481.0,-87345.0,49
201600002017,16,10,1,945,1,2,1,2,3.0,49299,M,4709054.0,-90967.0,49
201600002018,16,10,8,2030,3,1,1,1,7.0,49332,M,4706769.0,-95748.0,49
201600002019,16,10,12,815,1,2,1,1,6.0,49301,M,4712190.0,-99324.0,49
201600002020,16,10,14,1315,1,1,1,1,7.0,49193,M,4715030.0,-91069.0,49
201600002021,16,11,16,1130,1,2,1,1,6.0,49206,M,4709715.0,-112569.0,49
201600002022,16,12,3,745,3,1,1,1,6.0,49099,M,4704335.0,-93614.0,49
201600002023,16,12,5,2130,3,1,1,2,7.0,49193,M,4714121.0,-84861.0,49
201600002024,16,12,9,1730,5,1,6,1,6.0,49301,M,4711390.0,-99356.0,49
201600002025,16,12,11,1615,1,1,1,2,7.0,49258,M,4711877.0,-107697.0,49
201600002026,16,1,23,1915,3,1,1,2,1.0,49083,M,4729559.0,-97209.0,49
201600002027,16,2,2,745,2,1,1,2,7.0,49276,M,4737083.0,-97434.0,49
201600002028,16,3,6,1615,1,2,1,1,6.0,49276,M,4736068.0,-101608.0,49
201600002029,16,4,25,730,2,2,1,7,3.0,49126,M,4734401.0,-120400.0,49
201600002030,16,5,6,2015,1,2,3,1,3.0,49276,M,4736067.0,-100984.0,49
201600002031,16,5,16,130,4,2,1,1,6.0,49172,M,4726685.0,-123811.0,49
201600002032,16,5,21,845,1,2,1,1,2.0,49316,M,4727293.0,-108023.0,49
201600002033,16,6,25,145,5,2,1,1,6.0,49177,M,4734464.0,-116285.0,49
201600002034,16,8,28,1815,1,1,1,1,6.0,49069,M,4733879.0,-125576.0,49
201600002035,16,9,3,1430,1,1,1,1,7.0,49083,M,4728086.0,-100108.0,49
201600002036,16,9,17,1700,1,1,1,1,5.0,49126,M,4731426.0,-119301.0,49
201600002037,16,10,3,2145,3,1,1,1,1.0,49177,M,4736580.0,-112888.0,49
201600002038,16,10,8,1300,1,1,1,1,7.0,49137,M,4720254.0,-104464.0,49
201600002039,16,11,23,1815,5,2,1,1,6.0,49276,M,4736359.0,-101477.0,49
201600002040,16,11,26,1145,1,2,1,1,6.0,49069,M,4733612.0,-125819.0,49
201600002041,16,11,28,745,2,1,3,1,3.0,49083,M,4726939.0,-101344.0,49
201600002042,16,10,27,730,5,2,1,1,7.0,49137,M,4722130.0,-103798.0,49
201600002043,16,12,3,1500,1,1,1,1,7.0,49313,M,4725265.0,-101833.0,49
201600002044,16,12,5,45,3,1,1,1,7.0,49172,M,4727767.0,-121222.0,49
201600002045,16,12,29,1445,1,1,2,1,3.0,49190,M,4735536.0,-105265.0,49
201600002046,16,9,13,900,1,1,1,3,7.0,49190,M,4735493.0,-104893.0,49
201600002047,16,4,13,1145,1,1,1,1,7.0,49352,M,4703561.0,-75131.0,49
201600002048,16,4,20,1245,1,1,2,1,3.0,49192,M,4701533.0,-74417.0,49
201600002049,16,4,23,1545,1,1,2,1,1.0,49355,M,4713520.0,-81260.0,49
201600002050,16,7,14,500,2,2,1,1,1.0,49192,M,4701438.0,-76276.0,49
201600002051,16,8,23,700,1,2,1,1,1.0,49352,M,4705381.0,-76432.0,49
201600002052,16,11,25,1315,1,1,1,1,6.0,49371,M,4712270.0,-68655.0,49
201600002053,16,1,4,115,1,1,1,1,6.0,49368,M,4740373.0,5725.0,49
201600002054,16,1,30,500,3,1,1,2,6.0,49372,M,4752156.0,-12645.0,49
201600002055,16,2,18,1415,1,1,1,1,5.0,49101,M,4765074.0,-7259.0,49
201600002056,16,3,17,1830,1,1,1,1,6.0,49368,M,4739089.0,4268.0,49
201600002057,16,8,4,1700,1,1,2,1,3.0,49150,M,4755257.0,6962.0,49
201600002058,16,9,25,2015,3,1,1,1,7.0,49143,M,4762701.0,-13759.0,49
201600002059,16,10,18,30,3,1,1,1,7.0,49228,M,4751585.0,7618.0,49
201600002060,16,11,10,1615,1,1,1,1,2.0,49128,M,4755032.0,-15413.0,49
201600002061,16,12,10,1630,1,1,1,1,6.0,49197,M,4753015.0,17807.0,49
201600002062,16,1,24,1715,1,1,2,1,3.0,49356,M,4715012.0,-47691.0,49
201600002063,16,3,4,745,2,1,1,3,3.0,49211,M,4715403.0,-52236.0,49
201600002064,16,3,6,1315,1,2,1,1,3.0,49240,M,4706895.0,-63372.0,49
201600002065,16,3,9,1945,3,1,1,3,6.0,49211,M,4716837.0,-51508.0,49
201600002066,16,4,8,1230,1,1,1,8,3.0,49211,M,4719829.0,-51935.0,49
201600002067,16,5,1,2030,1,1,1,7,1.0,49232,M,4712660.0,-38160.0,49
201600002068,16,6,18,1100,1,1,2,1,3.0,49182,M,4722181.0,-33206.0,49
201600002069,16,10,26,1715,1,1,2,1,3.0,49191,M,4723251.0,-40362.0,49
201600002070,16,12,11,1915,3,1,1,2,4.0,49373,M,4713767.0,-55219.0,49
201600002071,16,12,16,1800,3,1,1,1,1.0,49141,M,4721283.0,-25088.0,49
201600002072,16,1,1,1800,3,1,1,1,6.0,49224,M,4731037.0,-2749.0,49
201600002073,16,1,9,945,1,1,1,7,3.0,49378,M,4733771.0,-8865.0,49
201600002074,16,2,20,2345,3,1,1,2,6.0,49030,M,4736077.0,-8930.0,49
201600002075,16,4,10,1800,1,1,4,1,3.0,49116,M,4747174.0,-6919.0,49
201600002076,16,6,4,1400,1,2,1,1,6.0,49094,M,4730867.0,-15348.0,49
201600002077,16,7,31,1900,1,1,1,1,1.0,49180,M,4737229.0,-14283.0,49
201600002078,16,8,26,315,4,2,1,1,6.0,49279,M,4735296.0,-27514.0,49
201600002079,16,8,27,2330,3,1,1,1,2.0,49041,M,4728604.0,5892.0,49
201600002080,16,8,30,2000,1,1,1,1,1.0,49149,M,4734662.0,-23858.0,49
201600002081,16,9,9,1845,1,1,1,1,6.0,49272,M,4734268.0,-19819.0,49
201600002082,16,9,15,1215,1,2,1,2,3.0,49041,M,4730123.0,6290.0,49
201600002083,16,9,18,1800,1,1,1,1,1.0,49180,M,4739313.0,-10356.0,49
201600002084,16,10,9,1700,1,1,1,1,2.0,49311,M,4738795.0,-6167.0,49
201600002085,16,10,24,745,3,1,3,5,3.0,49311,M,4738482.0,-7697.0,49
201600002086,16,11,29,1945,5,2,1,1,6.0,49180,M,4738712.0,-11575.0,49
201600002087,16,12,2,2015,3,1,6,1,6.0,49378,M,4730485.0,-3615.0,49
201600002088,16,12,9,715,3,1,1,5,1.0,49180,M,4736850.0,-14607.0,49
201600002089,16,12,24,830,1,1,1,8,1.0,49261,M,4735365.0,-23659.0,49
201600002090,16,12,30,1645,1,1,1,1,6.0,49002,M,4728631.0,5796.0,49
201600002091,16,4,30,1415,1,1,1,1,7.0,49302,M,4713069.0,-29151.0,49
201600002092,16,8,20,1700,1,1,1,1,6.0,49140,M,4719702.0,21.0,49
201600002093,16,11,22,1400,1,2,1,2,1.0,49219,M,4721446.0,6683.0,49
201600002094,16,12,10,1615,1,2,1,1,3.0,49215,M,4713902.0,-15522.0,49
201600002095,16,1,29,745,2,2,1,1,3.0,49331,M,4769764.0,-86440.0,49
201600002096,16,2,7,600,3,1,1,1,6.0,49008,M,4757325.0,-101965.0,49
201600002097,16,2,13,1400,1,1,1,6,1.0,49061,M,4760234.0,-103428.0,49
201600002098,16,2,17,1930,3,1,1,1,1.0,49184,M,4769515.0,-76631.0,49
201600002099,16,4,18,1800,1,2,3,1,3.0,49331,M,4768913.0,-87931.0,49
201600002100,16,8,14,1930,1,2,2,1,3.0,49054,M,4756040.0,-103796.0,49
201600002101,16,10,12,1505,1,2,2,1,3.0,49036,M,4774202.0,-96735.0,49
201600002102,16,12,2,1330,1,1,2,1,3.0,49061,M,4762626.0,-110304.0,49
201600002103,16,12,18,730,3,1,1,5,3.0,49103,M,4770881.0,-100156.0,49
201600002104,16,12,20,1830,5,2,3,1,3.0,49277,M,4767594.0,-88319.0,49
201600002105,16,3,4,1900,5,2,1,8,1.0,49176,M,4762255.0,-71997.0,49
201600002106,16,4,9,1600,1,1,6,8,7.0,49176,M,4763581.0,-72336.0,49
201600002107,16,5,21,1200,1,1,1,1,6.0,49005,M,4766942.0,-78255.0,49
201600002108,16,6,25,1815,1,1,1,1,7.0,49298,M,4747098.0,-70629.0,49
201600002109,16,7,12,830,1,2,7,1,3.0,49376,M,4746299.0,-89203.0,49
201600002110,16,7,14,1900,1,1,1,1,7.0,49249,M,4756739.0,-79700.0,49
201600002111,16,10,7,1930,2,1,1,1,3.0,49271,M,4751218.0,-72546.0,49
201600002112,16,11,11,800,1,1,1,1,6.0,49183,M,4751744.0,-86706.0,49
201600002113,16,12,10,2230,3,1,1,5,6.0,49298,M,4747933.0,-71864.0,49
201600002114,16,2,7,715,2,1,1,1,1.0,49135,M,4761012.0,-58559.0,49
201600002115,16,2,12,1500,1,1,1,2,6.0,49132,M,4765742.0,-44868.0,49
201600002116,16,2,17,1245,1,1,1,1,6.0,49135,M,4760654.0,-61667.0,49
201600002117,16,3,29,1100,1,1,1,1,6.0,49170,M,4766311.0,-53510.0,49
201600002118,16,7,6,1145,1,1,1,1,1.0,49090,M,4762678.0,-51083.0,49
201600002119,16,8,18,1300,1,2,1,1,3.0,49080,M,4768281.0,-50063.0,49
201600002120,16,10,6,1000,1,1,1,1,1.0,49105,M,4772193.0,-51389.0,49
201600002121,16,11,2,1945,3,1,2,1,3.0,49135,M,4756248.0,-58539.0,49
201600002122,16,11,17,845,1,1,1,2,6.0,49337,M,4757460.0,-44044.0,49
201600002123,16,12,2,845,1,1,1,5,7.0,49339,M,4758452.0,-55369.0,49
201600002124,16,12,7,900,2,1,1,5,7.0,49189,M,4772709.0,-60474.0,49
201600002125,16,12,10,600,3,1,1,5,7.0,49335,M,4774769.0,-57340.0,49
201600002126,16,9,22,1730,1,2,1,1,6.0,53168,M,4798617.0,-78239.0,53
201600002127,16,10,7,2100,3,1,1,1,2.0,53082,M,4798081.0,-86417.0,53
201600002128,16,10,29,30,3,2,1,1,7.0,53001,M,4802493.0,-87186.0,53
201600002129,16,5,5,1100,1,1,1,1,7.0,53220,M,4803686.0,-53846.0,53
201600002130,16,6,10,1515,1,1,1,1,3.0,53049,M,4815426.0,-63642.0,53
201600002131,16,9,12,1545,1,1,1,1,3.0,53141,M,4806654.0,-65218.0,53
201600002132,16,9,13,1900,1,1,1,1,7.0,53152,M,4795250.0,-57094.0,53
201600002133,16,9,25,1200,1,1,1,1,1.0,53025,M,4802382.0,-60949.0,53
201600002134,16,9,27,1115,1,2,1,1,6.0,53152,M,4795512.0,-56003.0,53
201600002135,16,11,2,745,1,1,1,5,5.0,53067,M,4797118.0,-45824.0,53
201600002136,16,2,9,1445,1,2,1,1,6.0,53059,M,4809952.0,-52065.0,53
201600002137,16,5,22,730,1,2,1,2,6.0,53097,M,4815329.0,-39474.0,53
201600002138,16,7,18,2000,1,1,1,7,3.0,53010,M,4815549.0,-33850.0,53
201600002139,16,7,22,2000,1,2,1,1,6.0,53097,M,4815040.0,-39587.0,53
201600002140,16,9,10,1545,1,1,3,1,5.0,53255,M,4810243.0,-37813.0,53
201600002141,16,9,13,2115,5,2,1,1,1.0,53276,M,4813641.0,-29167.0,53
201600002142,16,10,21,1700,1,2,1,1,1.0,53265,M,4809584.0,-27080.0,53
201600002143,16,12,28,2230,3,1,1,1,1.0,53059,M,4809144.0,-52895.0,53
201600002144,16,2,4,1815,5,2,1,1,6.0,53062,M,4782844.0,-69806.0,53
201600002145,16,2,25,1615,1,1,1,1,2.0,53014,M,4784215.0,-65091.0,53
201600002146,16,2,26,2115,3,1,1,1,1.0,53037,M,4787095.0,-38535.0,53
201600002147,16,3,1,1515,1,1,1,3,7.0,53062,M,4785457.0,-76443.0,53
201600002148,16,3,1,2145,3,2,1,1,6.0,53014,M,4784329.0,-69738.0,53
201600002149,16,4,21,1700,1,1,1,2,7.0,53046,M,4793574.0,-50624.0,53
201600002150,16,5,4,1230,1,1,2,1,3.0,53066,M,4778121.0,-77090.0,53
201600002151,16,5,8,1400,1,1,1,1,6.0,53078,M,4780715.0,-63816.0,53
201600002152,16,6,7,1545,1,2,1,1,6.0,53104,M,4785396.0,-60807.0,53
201600002153,16,6,26,430,2,1,1,1,6.0,53062,M,4782964.0,-73320.0,53
201600002154,16,7,5,1430,1,2,3,1,3.0,53062,M,4783715.0,-72037.0,53
201600002155,16,7,16,1445,1,2,1,1,3.0,53014,M,4782440.0,-69033.0,53
201600002156,16,7,18,915,1,2,1,1,3.0,53062,M,4783619.0,-72805.0,53
201600002157,16,7,31,1315,1,1,1,1,7.0,53117,M,4791126.0,-73017.0,53
201600002158,16,8,20,1215,1,1,1,1,7.0,53029,M,4780805.0,-56114.0,53
201600002159,16,9,1,915,1,1,2,1,3.0,53046,M,4792568.0,-48687.0,53
201600002160,16,9,13,2330,3,1,1,6,6.0,53014,M,4779951.0,-65351.0,53
201600002161,16,10,5,1745,1,1,1,1,2.0,53004,M,4781329.0,-80988.0,53
201600002162,16,10,18,845,1,2,1,8,6.0,53062,M,4782942.0,-71130.0,53
201600002163,16,11,20,45,3,1,1,6,6.0,53150,M,4778382.0,-67658.0,53
201600002164,16,11,22,115,3,1,1,1,6.0,53062,M,4781549.0,-72839.0,53
201600002165,16,12,1,1530,1,1,1,1,7.0,53206,M,4792685.0,-58275.0,53
201600002166,16,12,11,1,3,1,1,5,6.0,53063,M,4781812.0,-59811.0,53
201600002167,16,12,16,645,2,1,1,5,6.0,53004,M,4781278.0,-81243.0,53
201600002168,16,12,29,1245,1,1,9,1,2.0,53037,M,4787091.0,-38541.0,53
201600002169,16,2,6,1815,3,1,2,6,3.0,53135,M,4791622.0,-100124.0,53
201600002170,16,2,25,815,1,1,1,1,1.0,53077,M,4790973.0,-92583.0,53
201600002171,16,3,7,1800,1,1,1,1,7.0,53077,M,4793009.0,-91776.0,53
201600002172,16,6,5,45,3,1,1,1,7.0,53084,M,4785341.0,-94121.0,53
201600002173,16,6,24,1500,1,1,1,1,3.0,53077,M,4792018.0,-92143.0,53
201600002174,16,7,11,1730,1,1,1,1,7.0,53258,M,4784663.0,-105891.0,53
201600002175,16,12,2,1915,3,1,1,5,6.0,53191,M,4790582.0,-110373.0,53
201600002176,16,12,5,830,1,2,6,1,3.0,53084,M,4784504.0,-96455.0,53
201600002177,16,12,18,700,3,1,1,5,3.0,53058,M,4789578.0,-92923.0,53
201600002178,16,2,29,1600,1,2,1,7,6.0,53147,M,4830852.0,-62265.0,53
201600002179,16,4,29,1800,1,2,1,1,2.0,53147,M,4828338.0,-61587.0,53
201600002180,16,5,24,1630,1,1,3,1,3.0,53008,M,4831010.0,-54104.0,53
201600002181,16,8,20,1300,1,1,1,1,5.0,53008,M,4829334.0,-59123.0,53
201600002182,16,8,20,745,2,1,1,1,2.0,53008,M,4833753.0,-54051.0,53
201600002183,16,9,10,1100,1,2,6,1,3.0,53147,M,4828559.0,-62272.0,53
201600002184,16,10,6,815,1,1,1,1,7.0,53072,M,4823850.0,-63320.0,53
201600002185,16,10,11,1030,1,2,6,7,3.0,53147,M,4829823.0,-61489.0,53
201600002186,16,1,23,1715,1,2,1,1,6.0,53096,M,4829701.0,-94031.0,53
201600002187,16,5,8,600,3,1,1,1,6.0,53064,M,4832801.0,-71874.0,53
201600002188,16,6,9,745,1,2,1,1,1.0,53107,M,4841108.0,-80231.0,53
201600002189,16,7,1,2000,1,1,1,2,6.0,53245,M,4842737.0,-28982.0,53
201600002190,16,7,5,1045,1,1,1,1,1.0,53111,M,4837064.0,-60707.0,53
201600002191,16,7,7,1115,1,2,1,1,7.0,53096,M,4829948.0,-92757.0,53
201600002192,16,7,10,2030,1,1,1,1,4.0,53177,M,4831344.0,-105682.0,53
201600002193,16,9,7,1900,1,2,1,7,6.0,53096,M,4829701.0,-94031.0,53
201600002194,16,9,6,2015,1,2,1,1,7.0,53096,M,4829320.0,-92927.0,53
201600002195,16,11,9,1815,3,1,1,3,6.0,53131,M,4844495.0,-80473.0,53
201600002196,16,11,28,800,1,1,1,1,7.0,53213,M,4842244.0,-106261.0,53
201600002197,16,4,26,1600,1,1,1,3,7.0,53144,M,4831183.0,-48147.0,53
201600002198,16,6,5,100,3,1,1,1,7.0,53127,M,4846361.0,-45184.0,53
201600002199,16,10,6,1315,1,1,1,1,7.0,53230,M,4849922.0,-41429.0,53
201600002200,16,6,9,1645,1,1,1,1,3.0,53236,M,4829460.0,-17069.0,53
201600002201,16,10,25,2000,3,1,1,1,1.0,53208,M,4843467.0,-26270.0,53
201600002202,16,2,4,1155,1,2,1,1,6.0,01283,M,4626032.0,565289.0,01
201600002203,16,2,20,1826,3,1,1,1,7.0,01014,M,,,01
201600002204,16,3,3,640,5,2,1,4,3.0,01283,M,,,01
201600002205,16,4,8,1425,1,2,1,2,6.0,01283,M,4625881.0,566171.0,01
201600002206,16,5,20,1745,1,1,1,1,5.0,01283,M,4624508.0,570369.0,01
201600002207,16,6,15,415,5,2,3,1,3.0,01283,M,4626644.0,565716.0,01
201600002208,16,7,18,1615,1,2,1,1,6.0,01283,M,4624440.0,564520.0,01
201600002209,16,7,24,1125,1,1,1,1,6.0,01283,M,4625286.0,568719.0,01
201600002210,16,8,18,2155,5,2,3,1,1.0,01031,M,4625285.0,563659.0,01
201600002211,16,10,11,1215,1,1,1,1,6.0,01014,M,4629041.0,565550.0,01
201600002212,16,11,3,1810,5,2,1,1,6.0,01283,M,,,01
201600002213,16,11,30,1730,2,2,1,1,6.0,01283,M,4625579.0,565132.0,01
201600002214,16,1,15,1715,2,2,1,1,1.0,72178,M,4794500.0,56800.0,72
201600002215,16,4,21,715,2,1,1,1,6.0,72064,M,4786500.0,74500.0,72
201600002216,16,5,21,1530,1,1,1,3,7.0,72035,M,4784700.0,72600.0,72
201600002217,16,7,1,1215,1,2,1,1,6.0,72269,M,0.0,0.0,72
201600002218,16,9,16,1345,1,1,1,3,6.0,72303,M,4801400.0,59600.0,72
201600002219,16,11,25,1845,2,1,1,1,3.0,72204,M,0.0,0.0,72
201600002220,16,6,18,1215,1,2,1,1,3.0,72334,M,4819600.0,-12800.0,72
201600002221,16,1,22,845,1,1,1,2,1.0,72386,M,4802100.0,28400.0,72
201600002222,16,2,29,2100,5,1,1,1,6.0,72090,M,4807700.0,48500.0,72
201600002223,16,3,4,1445,1,2,1,3,3.0,72331,M,0.0,0.0,72
201600002224,16,4,17,1845,1,1,4,1,3.0,72172,M,4809700.0,60000.0,72
201600002225,16,5,17,1900,1,1,1,1,6.0,72300,M,4802900.0,35800.0,72
201600002226,16,5,25,2300,3,1,1,1,6.0,72172,M,4808700.0,62000.0,72
201600002227,16,7,5,745,1,2,1,1,6.0,72345,M,4798000.0,46300.0,72
201600002228,16,6,7,1330,1,1,6,1,7.0,72386,M,0.0,0.0,72
201600002229,16,7,21,1345,1,1,1,1,1.0,72386,M,4800700.0,28700.0,72
201600002230,16,7,20,745,1,1,1,1,6.0,72224,M,4803000.0,48900.0,72
201600002231,16,7,25,1345,1,1,1,1,7.0,72271,M,4813800.0,43800.0,72
201600002232,16,7,23,1815,1,2,1,1,7.0,72363,M,4811900.0,52400.0,72