Num_Acc,an,mois,jour,hrmn,lum,agg,int,atm,col,com,gps,lat,long,dep
201600002233,16,8,19,1700,1,2,1,1,6.0,72224,M,0.0,0.0,72
201600002234,16,8,22,1900,1,1,1,1,5.0,72054,M,4800900.0,36800.0,72
201600002235,16,9,27,1930,3,1,1,1,7.0,72358,M,0.0,0.0,72
201600002236,16,10,7,1400,1,2,1,1,1.0,72300,M,0.0,0.0,72
201600002237,16,10,23,230,3,1,1,1,1.0,72358,M,0.0,0.0,72
201600002238,16,11,9,1715,5,2,1,2,3.0,72165,M,4807800.0,42000.0,72
201600002239,16,11,15,1715,1,1,1,2,1.0,72300,M,4803700.0,38000.0,72
201600002240,16,11,11,2330,3,1,1,2,6.0,72363,M,4813300.0,53900.0,72
201600002241,16,12,9,1645,1,1,1,1,5.0,72090,M,4804700.0,46200.0,72
201600002242,16,12,16,1915,3,1,1,1,1.0,72358,M,4805600.0,51900.0,72
201600002243,16,12,18,1415,1,1,1,5,1.0,72122,M,4807800.0,54000.0,72
201600002244,16,1,21,1630,1,1,1,1,7.0,72217,M,0.0,0.0,72
201600002245,16,3,3,815,1,1,1,1,5.0,72150,M,0.0,0.0,72
201600002246,16,5,24,2100,1,1,6,1,3.0,72310,M,0.0,0.0,72
201600002247,16,6,12,400,3,1,1,8,1.0,72329,M,0.0,0.0,72
201600002248,16,7,6,800,1,1,1,1,4.0,72217,M,0.0,0.0,72
201600002249,16,7,12,1815,1,1,1,2,5.0,72328,M,0.0,0.0,72
201600002250,16,12,7,1715,2,2,6,1,3.0,72329,M,0.0,0.0,72
201600002251,16,2,29,815,1,1,1,1,1.0,72247,M,0.0,0.0,72
201600002252,16,5,3,1200,1,2,1,1,6.0,72168,M,0.0,0.0,72
201600002253,16,5,8,1515,1,1,1,1,5.0,72344,M,0.0,0.0,72
201600002254,16,5,18,1915,1,1,1,1,5.0,72346,M,0.0,0.0,72
201600002255,16,5,27,1815,1,2,1,1,3.0,72381,M,4793500.0,6800.0,72
201600002256,16,7,26,1400,1,1,2,1,3.0,72257,M,4800900.0,15700.0,72
201600002257,16,8,16,1000,1,1,6,1,3.0,72253,M,0.0,0.0,72
201600002258,16,8,30,715,2,1,1,1,3.0,72253,M,0.0,0.0,72
201600002259,16,9,9,2230,3,1,9,1,6.0,72344,M,0.0,0.0,72
201600002260,16,12,9,900,3,1,1,5,6.0,72096,M,0.0,0.0,72
201600002261,16,1,19,1800,1,2,1,1,6.0,72154,M,0.0,0.0,72
201600002262,16,5,17,1330,1,1,1,1,3.0,72154,M,0.0,0.0,72
201600002263,16,7,2,100,3,1,1,1,3.0,72154,M,4769000.0,-6300.0,72
201600002264,16,7,17,15,3,1,1,1,2.0,72154,M,4769800.0,-11200.0,72
201600002265,16,7,24,1515,1,2,1,7,6.0,72025,M,4769200.0,-17200.0,72
201600002266,16,10,19,1415,1,2,1,1,1.0,72154,M,4770100.0,-7200.0,72
201600002267,16,10,11,1815,1,1,1,1,6.0,72143,M,0.0,0.0,72
201600002268,16,10,26,2200,3,1,1,1,7.0,72221,M,4767300.0,39900.0,72
201600002269,16,12,21,630,3,1,1,1,6.0,72143,M,0.0,0.0,72
201600002270,16,11,23,1815,3,1,1,2,3.0,72228,M,4784500.0,-23100.0,72
201600002271,16,1,4,1615,1,1,1,1,1.0,72050,M,4798000.0,-22400.0,72
201600002272,16,1,18,1130,1,1,1,2,6.0,72022,M,4777900.0,-21000.0,72
201600002273,16,2,15,1945,5,2,1,1,1.0,72223,M,0.0,0.0,72
201600002274,16,3,8,1930,3,1,1,1,5.0,72050,M,4798800.0,-22600.0,72
201600002275,16,4,20,1000,1,1,1,1,3.0,72228,M,4782400.0,-20200.0,72
201600002276,16,6,13,1400,1,1,1,1,1.0,72022,M,4777500.0,-14100.0,72
201600002277,16,6,26,1745,1,1,1,1,7.0,72050,M,4798600.0,-20900.0,72
201600002278,16,8,12,800,1,2,1,1,6.0,72223,M,4787100.0,-9800.0,72
201600002279,16,8,12,2045,1,1,1,1,1.0,72022,M,0.0,0.0,72
201600002280,16,9,2,1145,1,2,1,1,2.0,72179,M,4781700.0,-8000.0,72
201600002281,16,11,11,315,3,1,1,1,6.0,72228,M,4784400.0,-23800.0,72
201600002282,16,11,14,745,1,1,1,1,3.0,72239,M,0.0,0.0,72
201600002283,16,11,17,1830,3,1,1,8,1.0,72044,M,4774100.0,-5300.0,72
201600002284,16,11,22,1530,1,1,1,1,6.0,72307,M,0.0,0.0,72
201600002285,16,11,23,1545,1,1,1,1,7.0,72179,M,4779900.0,-8800.0,72
201600002286,16,1,8,1830,3,1,1,1,2.0,72051,M,0.0,0.0,72
201600002287,16,1,29,1530,1,1,1,1,1.0,72117,M,0.0,0.0,72
201600002288,16,3,29,845,1,1,1,9,3.0,72117,M,0.0,0.0,72
201600002289,16,4,13,1945,1,1,1,1,7.0,72252,M,0.0,0.0,72
201600002290,16,4,16,700,2,1,1,1,6.0,72135,M,0.0,0.0,72
201600002291,16,5,21,1400,1,1,1,1,7.0,72013,M,0.0,0.0,72
201600002292,16,6,5,1830,1,2,1,1,2.0,72176,M,0.0,0.0,72
201600002293,16,6,22,745,1,1,1,1,1.0,72191,M,0.0,0.0,72
201600002294,16,7,8,115,3,1,1,1,6.0,72175,M,0.0,0.0,72
201600002295,16,7,11,1530,1,1,1,1,2.0,72051,M,0.0,0.0,72
201600002296,16,7,8,900,1,1,1,1,3.0,72175,M,0.0,0.0,72
201600002297,16,8,1,1530,1,1,2,1,3.0,72051,M,0.0,0.0,72
201600002298,16,8,14,1730,1,1,1,1,1.0,72051,M,0.0,0.0,72
201600002299,16,8,26,1500,1,1,1,1,2.0,72283,M,0.0,0.0,72
201600002300,16,2,11,1900,2,1,1,1,6.0,72264,M,0.0,0.0,72
201600002301,16,3,10,1000,1,2,1,1,6.0,72264,M,0.0,0.0,72
201600002302,16,3,11,1645,1,1,1,1,1.0,72151,M,0.0,0.0,72
201600002303,16,7,7,2045,1,2,1,1,1.0,72244,M,0.0,0.0,72
201600002304,16,8,5,1700,1,2,1,1,3.0,72264,M,0.0,0.0,72
201600002305,16,11,22,1830,3,1,1,1,3.0,72244,M,0.0,0.0,72
201600002306,16,1,15,2230,3,1,1,1,6.0,72104,M,0.0,0.0,72
201600002307,16,5,5,715,1,1,1,1,3.0,72039,M,0.0,0.0,72
201600002308,16,5,16,445,3,1,1,1,6.0,72112,M,0.0,0.0,72
201600002309,16,7,1,1615,1,1,1,1,3.0,72220,M,0.0,0.0,72
201600002310,16,7,17,1615,1,1,1,1,6.0,72317,M,0.0,0.0,72
201600002311,16,8,23,800,1,1,4,1,2.0,72148,M,0.0,0.0,72
201600002312,16,8,30,930,1,1,1,1,1.0,72039,M,0.0,0.0,72
201600002313,16,8,27,1000,1,1,1,1,1.0,72276,M,0.0,0.0,72
201600002314,16,9,22,2015,1,2,1,1,7.0,72180,M,0.0,0.0,72
201600002315,16,9,30,1930,2,1,1,1,1.0,72295,M,0.0,0.0,72
201600002316,16,10,31,900,1,1,1,1,4.0,72276,M,0.0,0.0,72
201600002317,16,10,31,1645,1,2,9,1,6.0,72112,M,0.0,0.0,72
201600002318,16,11,11,1545,1,1,1,1,6.0,72104,M,0.0,0.0,72
201600002319,16,11,14,1845,5,2,1,1,3.0,72039,M,0.0,0.0,72
201600002320,16,11,24,1315,1,2,1,1,7.0,72180,M,0.0,0.0,72
201600002321,16,11,23,1745,3,1,2,8,3.0,72313,M,0.0,0.0,72
201600002322,16,12,1,945,1,2,1,1,6.0,72354,M,0.0,0.0,72
201600002323,16,12,2,1530,1,2,1,1,2.0,72180,M,0.0,0.0,72
201600002324,16,12,2,1845,3,1,1,1,3.0,72295,M,0.0,0.0,72
201600002325,16,9,7,845,1,1,1,1,2.0,72039,M,0.0,0.0,72
201600002326,16,9,25,1700,1,2,1,1,3.0,72132,M,0.0,0.0,72
201600002327,16,11,4,1000,1,2,1,2,5.0,72132,M,0.0,0.0,72
201600002328,16,11,12,1400,1,2,9,8,6.0,72132,M,0.0,0.0,72
201600002329,16,1,30,2345,3,1,1,2,2.0,72082,M,0.0,0.0,72
201600002330,16,2,13,1615,1,1,2,2,3.0,72137,M,0.0,0.0,72
201600002331,16,2,23,1800,1,2,9,1,5.0,72308,M,0.0,0.0,72
201600002332,16,3,26,930,1,1,1,1,6.0,72137,M,0.0,0.0,72
201600002333,16,4,15,2145,3,1,1,1,3.0,72186,M,0.0,0.0,72
201600002334,16,5,9,1515,1,1,1,1,1.0,72254,M,0.0,0.0,72
201600002335,16,6,6,800,1,2,1,1,3.0,72029,M,0.0,0.0,72
201600002336,16,12,1,2315,3,1,1,5,6.0,72152,M,0.0,0.0,72
201600002337,16,12,22,1015,1,2,1,1,7.0,72138,M,0.0,0.0,72
201600002338,16,12,30,1945,5,1,6,5,6.0,72305,M,0.0,0.0,72
201600002339,16,5,9,1515,1,1,1,1,1.0,85288,M,4647121.0,-164927.0,85
201600002340,16,5,13,815,1,1,1,1,1.0,85052,M,4661269.0,-162895.0,85
201600002341,16,4,6,1230,1,1,1,1,2.0,85046,M,4666347.0,-128082.0,85
201600002342,16,6,22,1930,1,1,1,1,1.0,85073,M,4650407.0,-119782.0,85
201600002343,16,7,22,1115,1,1,1,1,1.0,85213,M,4658535.0,-135346.0,85
201600002344,16,9,13,1830,1,1,1,2,6.0,85046,M,4661903.0,-130876.0,85
201600002345,16,10,22,1315,1,1,1,1,2.0,85008,M,4662700.0,-144146.0,85
201600002346,16,11,2,1200,1,1,1,1,3.0,85069,M,4665433.0,-150255.0,85
201600002347,16,3,10,700,5,2,1,2,3.0,85165,M,4679592.0,-112744.0,85
201600002348,16,3,20,1715,1,1,2,1,3.0,85220,M,4673095.0,-104611.0,85
201600002349,16,6,19,1545,1,1,1,1,3.0,85089,M,4672667.0,-131542.0,85
201600002350,16,6,22,1630,1,1,1,1,1.0,85276,M,4673265.0,-108092.0,85
201600002351,16,7,2,2000,1,1,1,1,6.0,85246,M,4671067.0,-118489.0,85
201600002352,16,8,22,1900,1,1,1,1,3.0,85212,M,4679774.0,-117269.0,85
201600002353,16,9,23,645,2,1,1,5,1.0,85051,M,4670452.0,-106194.0,85
201600002354,16,12,2,1545,1,1,1,7,1.0,85051,M,4667240.0,-108428.0,85
201600002355,16,12,16,1745,2,1,6,1,1.0,85051,M,4670460.0,-103628.0,85
201600002356,16,2,6,115,3,1,1,1,6.0,85017,M,4690509.0,-109882.0,85
201600002357,16,2,7,1400,1,1,1,1,6.0,85153,M,4680826.0,-102670.0,85
201600002358,16,2,4,2000,5,2,1,2,3.0,85038,M,4688901.0,-132145.0,85
201600002359,16,2,27,515,3,2,9,1,6.0,85301,M,4682679.0,-112463.0,85
201600002360,16,3,3,2045,5,2,6,3,3.0,85109,M,4687146.0,-102745.0,85
201600002361,16,3,29,1800,1,1,1,2,7.0,85038,M,4685872.0,-130683.0,85
201600002362,16,4,27,705,2,1,1,1,3.0,85038,M,4688742.0,-131076.0,85
201600002363,16,5,5,1215,1,1,1,1,6.0,85082,M,4687471.0,-87465.0,85
201600002364,16,7,20,1900,1,1,1,1,1.0,85215,M,4687104.0,-115611.0,85
201600002365,16,10,29,1230,1,1,1,1,5.0,85109,M,4682510.0,-101252.0,85
201600002366,16,10,29,1900,3,1,1,1,7.0,85082,M,4687825.0,-88568.0,85
201600002367,16,12,5,915,1,2,6,1,6.0,85109,M,4687484.0,-102475.0,85
201600002368,16,12,6,1215,1,2,1,1,3.0,85109,M,4687046.0,-101072.0,85
201600002369,16,12,24,1815,3,1,1,2,7.0,85215,M,4688338.0,-114237.0,85
201600002370,16,2,6,1,3,1,1,1,1.0,85039,M,4700905.0,-119446.0,85
201600002371,16,2,29,1345,1,1,1,1,3.0,85107,M,4695538.0,-122578.0,85
201600002372,16,3,8,1845,1,2,6,1,3.0,85146,M,4697021.0,-130752.0,85
201600002373,16,4,8,1045,1,2,9,1,6.0,85295,M,4698485.0,-123072.0,85
201600002374,16,4,17,30,3,1,1,1,7.0,85217,M,4696508.0,-130461.0,85
201600002375,16,5,4,1740,1,1,3,1,3.0,85190,M,4695598.0,-146763.0,85
201600002376,16,6,5,1715,1,2,1,1,1.0,85217,M,4695064.0,-129706.0,85
201600002377,16,6,21,1445,1,1,1,1,7.0,85197,M,4691626.0,-141466.0,85
201600002378,16,7,18,2000,2,1,1,1,3.0,85021,M,4705247.0,-128240.0,85
201600002379,16,7,22,745,1,2,1,1,3.0,85217,M,4693889.0,-127995.0,85
201600002380,16,7,27,2315,4,1,1,1,7.0,85076,M,4705719.0,-123473.0,85
201600002381,16,8,5,1815,1,1,1,7,5.0,85224,M,4702131.0,-133734.0,85
201600002382,16,8,22,1400,1,1,1,1,6.0,85108,M,4689790.0,-138462.0,85
201600002383,16,8,28,2030,1,1,1,1,3.0,85021,M,4703753.0,-126624.0,85
201600002384,16,9,8,700,2,1,1,1,1.0,85190,M,4692275.0,-153331.0,85
201600002385,16,9,30,645,5,2,1,1,3.0,85108,M,4690864.0,-137665.0,85
201600002386,16,10,6,1015,1,1,1,1,5.0,85076,M,4704425.0,-125053.0,85
201600002387,16,10,10,1800,1,1,1,1,7.0,85272,M,4689751.0,-140389.0,85
201600002388,16,12,15,1915,3,1,9,5,2.0,85217,M,4692347.0,-125252.0,85
201600002389,16,8,3,1800,1,1,1,1,5.0,85302,M,4695609.0,-97756.0,85
201600002390,16,10,1,1415,1,1,1,2,7.0,85240,M,4692304.0,-87522.0,85
201600002391,16,10,3,1215,1,1,1,1,3.0,85119,M,4699320.0,-112505.0,85
201600002392,16,1,14,1630,2,1,1,1,3.0,85178,M,4675028.0,-153905.0,85
201600002393,16,1,26,700,5,2,1,5,3.0,85019,M,4679835.0,-143734.0,85
201600002394,16,2,11,1030,1,2,7,7,6.0,85003,M,4673950.0,-160855.0,85
201600002395,16,2,28,2215,3,1,1,1,2.0,85019,M,4677093.0,-142984.0,85
201600002396,16,3,21,830,1,1,1,1,3.0,85178,M,4674346.0,-143457.0,85
201600002397,16,3,25,1130,1,2,9,1,3.0,85003,M,4673691.0,-161949.0,85
201600002398,16,4,10,450,3,1,1,1,6.0,85003,M,4673275.0,-160908.0,85
201600002399,16,4,24,1545,1,2,1,1,7.0,85300,M,4660013.0,-66850.0,85
201600002400,16,5,3,1000,1,1,9,1,3.0,85003,M,4672260.0,-164194.0,85
201600002401,16,6,13,1445,1,1,1,3,6.0,85178,M,4676393.0,-147180.0,85
201600002402,16,8,9,900,1,2,6,7,1.0,85003,M,4673825.0,-160375.0,85
201600002403,16,8,29,25,3,1,1,1,6.0,85129,M,4683735.0,-148811.0,85
201600002404,16,9,8,1645,1,1,1,1,1.0,85019,M,4677226.0,-140919.0,85
201600002405,16,9,9,915,2,1,1,7,1.0,85300,M,4669886.0,-157140.0,85
201600002406,16,9,20,2015,2,1,1,1,5.0,85300,M,4668312.0,-158369.0,85
201600002407,16,10,6,1845,1,1,2,1,3.0,85003,M,4670155.0,-165737.0,85
201600002408,16,10,13,1700,1,1,1,1,3.0,85300,M,4668231.0,-149881.0,85
201600002409,16,11,8,1530,1,2,1,1,6.0,85003,M,4674032.0,-159187.0,85
201600002410,16,12,25,1900,3,1,6,1,6.0,85019,M,4679678.0,-144460.0,85
201600002411,16,12,27,1315,1,2,1,1,6.0,85155,M,4670602.0,-143017.0,85
201600002412,16,5,5,1800,1,2,1,1,6.0,85126,M,4647106.0,-85616.0,85
201600002413,16,7,22,1545,1,1,1,7,1.0,85092,M,4645050.0,-81563.0,85
201600002414,16,10,10,700,3,1,1,1,3.0,85299,M,4639313.0,-87294.0,85
201600002415,16,12,24,230,5,2,1,1,6.0,85092,M,4647077.0,-80188.0,85
201600002416,16,12,29,1945,5,2,1,1,3.0,85092,M,4646310.0,-79681.0,85
201600002417,16,4,13,1345,1,2,1,1,1.0,85128,M,4645189.0,-116647.0,85
201600002418,16,5,13,1530,1,1,1,1,7.0,85255,M,4632350.0,-123418.0,85
201600002419,16,5,16,530,2,2,1,1,6.0,85255,M,4634859.0,-126078.0,85
201600002420,16,7,2,1600,1,1,1,1,1.0,85128,M,0.0,0.0,85
201600002421,16,7,8,1215,1,1,1,1,2.0,85216,M,4646554.0,-110821.0,85
201600002422,16,8,11,1710,1,1,1,1,6.0,85104,M,4639238.0,-134894.0,85
201600002423,16,10,4,1145,1,2,1,1,6.0,85128,M,4645582.0,-115779.0,85
201600002424,16,12,19,645,3,1,1,1,7.0,85185,M,4639228.0,-107228.0,85
201600002425,16,8,7,830,1,2,1,1,7.0,85168,M,4641341.0,-68234.0,85
201600002426,16,9,6,1715,1,1,1,1,6.0,85143,M,4653459.0,-71184.0,85
201600002427,16,10,16,1245,1,1,1,1,7.0,85092,M,4644232.0,-78423.0,85
201600002428,16,11,21,1345,1,1,1,1,1.0,85094,M,4650831.0,-70028.0,85
201600002429,16,11,25,1030,1,1,1,2,3.0,85265,M,4640250.0,-72273.0,85
201600002430,16,12,17,115,3,1,1,1,6.0,85028,M,4639862.0,-70701.0,85
201600002431,16,3,10,1400,1,1,2,1,3.0,85014,M,4667809.0,-91555.0,85
201600002432,16,3,31,2145,5,2,1,1,1.0,85254,M,4679430.0,-73170.0,85
201600002433,16,4,2,2045,3,1,1,1,1.0,85229,M,4660013.0,-66850.0,85
201600002434,16,5,4,1830,1,1,1,1,1.0,85289,M,4666452.0,-74538.0,85
201600002435,16,6,17,2145,2,1,1,1,3.0,85145,M,4675139.0,-91529.0,85
201600002436,16,6,27,1800,1,2,1,1,1.0,85182,M,4677945.0,-83977.0,85
201600002437,16,7,1,2130,2,1,1,2,7.0,85037,M,4664363.0,-68104.0,85
201600002438,16,7,27,2000,1,1,1,1,3.0,85182,M,4677355.0,-84693.0,85
201600002439,16,8,3,2315,3,2,1,1,1.0,85037,M,4665169.0,-68882.0,85
201600002440,16,9,5,950,1,2,1,1,6.0,85041,M,4659188.0,-81566.0,85
201600002441,16,9,16,1030,1,1,1,2,7.0,85252,M,4665002.0,-77641.0,85
201600002442,16,10,2,1400,1,1,1,1,3.0,85067,M,4658002.0,-79540.0,85
201600002443,16,10,30,2000,3,1,1,1,7.0,85005,M,4661408.0,-75613.0,85
201600002444,16,12,2,2345,3,1,1,1,6.0,85014,M,4667986.0,-97205.0,85
201600002445,16,3,25,2210,3,1,1,8,6.0,85237,M,4657606.0,-91808.0,85
201600002446,16,8,17,1930,1,1,1,1,1.0,85188,M,4657893.0,-104809.0,85
201600002447,16,9,6,1515,1,1,2,1,1.0,85205,M,4657402.0,-84814.0,85
201600002448,16,10,22,1930,3,1,1,1,2.0,85181,M,4649970.0,-92994.0,85
201600002449,16,11,19,1745,3,1,1,1,1.0,85281,M,4650438.0,-87628.0,85
201600002450,16,12,24,1800,3,1,1,1,1.0,85047,M,4681624.0,-187954.0,85
201600002451,16,3,26,730,2,1,1,2,6.0,85172,M,4683578.0,-192042.0,85
201600002452,16,4,12,1845,1,1,1,1,7.0,85260,M,4681466.0,-165048.0,85
201600002453,16,4,22,1850,1,1,1,1,1.0,85047,M,4680680.0,-183954.0,85
201600002454,16,4,23,1445,1,2,1,1,1.0,85096,M,4689086.0,-183193.0,85
201600002455,16,5,6,1800,1,1,1,1,6.0,85280,M,4685139.0,-200869.0,85
201600002456,16,6,12,1215,1,1,1,2,1.0,85047,M,4686207.0,-179454.0,85
201600002457,16,6,21,630,1,1,1,2,6.0,85102,M,4683817.0,-165414.0,85
201600002458,16,6,28,1645,1,1,1,1,1.0,85280,M,4686229.0,-199565.0,85
201600002459,16,7,30,1600,1,2,6,1,3.0,85047,M,4685300.0,-187800.0,85
201600002460,16,8,13,1500,1,1,1,1,4.0,85047,M,4685536.0,-189641.0,85
201600002461,16,8,28,2345,3,1,1,1,1.0,85047,M,4685708.0,-182114.0,85
201600002462,16,9,19,530,3,1,1,1,1.0,85210,M,4682024.0,-161608.0,85
201600002463,16,11,18,945,1,1,1,2,1.0,85024,M,4693722.0,-184342.0,85
201600002464,16,8,7,715,2,2,1,1,6.0,85113,M,4671546.0,-236277.0,85
201600002465,16,1,13,745,5,1,6,2,3.0,85052,M,4660192.0,-165443.0,85
201600002466,16,3,17,2330,3,1,1,1,6.0,85211,M,4662838.0,-157959.0,85
201600002467,16,4,15,930,1,1,1,1,6.0,85118,M,4666814.0,-159407.0,85
201600002468,16,4,29,2200,3,1,1,8,7.0,85250,M,4656606.0,-167610.0,85
201600002469,16,8,20,725,1,1,1,1,6.0,85214,M,4652891.0,-171583.0,85
201600002470,16,8,27,1155,1,1,1,1,3.0,85112,M,4656847.0,-176566.0,85
201600002471,16,8,31,1315,1,1,1,1,6.0,85211,M,4660772.0,-156241.0,85
201600002472,16,9,13,1700,1,2,1,2,6.0,85112,M,4656626.0,-176944.0,85
201600002473,16,12,20,945,1,1,1,5,5.0,85211,M,4662032.0,-160176.0,85
201600002474,16,9,8,1415,1,2,2,1,1.0,85163,M,4700316.0,-223595.0,85
201600002475,16,10,2,1200,1,1,1,1,3.0,85083,M,4698283.0,-226612.0,85
201600002476,16,1,28,1945,3,1,1,1,7.0,85226,M,4673321.0,-195028.0,85
201600002477,16,2,27,15,3,1,1,1,6.0,85226,M,4679500.0,-197400.0,85
201600002478,16,3,22,1615,1,1,1,1,3.0,85035,M,4664735.0,-184010.0,85
201600002479,16,5,16,1920,1,2,1,1,6.0,85243,M,4660551.0,-183324.0,85
201600002480,16,8,22,2000,1,1,1,1,6.0,85226,M,4674023.0,-195338.0,85
201600002481,16,8,25,940,1,1,1,1,2.0,85035,M,4664027.0,-187895.0,85
201600002482,16,9,1,1630,1,2,3,1,3.0,85070,M,4669619.0,-176418.0,85
201600002483,16,9,5,1530,1,1,1,1,6.0,85226,M,4674088.0,-200266.0,85
201600002484,16,9,29,1745,1,2,3,1,3.0,85035,M,4662517.0,-185753.0,85
201600002485,16,10,17,1845,1,1,6,8,3.0,85226,M,4672779.0,-194870.0,85
201600002486,16,10,30,200,3,1,1,1,1.0,85243,M,4659951.0,-181516.0,85
201600002487,16,10,30,1700,1,2,1,1,1.0,85226,M,4670999.0,-196790.0,85
201600002488,16,12,5,300,3,2,1,1,7.0,85226,M,4674064.0,-200423.0,85
201600002489,16,12,19,1830,5,2,1,5,6.0,85035,M,4662788.0,-185915.0,85
201600002490,16,12,26,1730,5,2,1,2,1.0,85226,M,4677331.0,-205510.0,85
201600002491,16,12,27,1315,1,1,2,1,3.0,85268,M,4670517.0,-186033.0,85
201600002492,16,3,31,1315,1,2,6,1,3.0,85018,M,4691555.0,-204662.0,85
201600002493,16,5,6,915,1,1,1,1,6.0,85172,M,4683406.0,-199169.0,85
201600002494,16,5,16,2225,3,1,1,1,6.0,85018,M,4690392.0,-205645.0,85
201600002495,16,5,19,1930,1,2,1,1,6.0,85221,M,4690043.0,-198903.0,85
201600002496,16,8,9,1030,1,2,1,1,3.0,85234,M,4679009.0,-204208.0,85
201600002497,16,8,31,1545,1,2,3,1,3.0,85221,M,4690246.0,-200225.0,85
201600002498,16,8,31,1815,1,2,1,1,6.0,85018,M,4691509.0,-205266.0,85
201600002499,16,8,10,1830,1,1,1,1,6.0,85018,M,4692115.0,-210394.0,85
201600002500,16,9,8,2145,3,1,1,1,6.0,85234,M,4683352.0,-208888.0,85
201600002501,16,10,19,1745,1,1,1,1,3.0,85029,M,4695554.0,-201542.0,85
201600002502,16,5,31,930,1,1,1,1,5.0,85288,M,4645508.0,-159864.0,85
201600002503,16,1,16,1715,1,1,1,1,3.0,85022,M,4642608.0,-142301.0,85
201600002504,16,1,25,745,2,1,1,1,6.0,85077,M,4645406.0,-130455.0,85
201600002505,16,3,18,915,1,2,1,1,3.0,85114,M,4641519.0,-157149.0,85
201600002506,16,5,3,2115,3,1,6,1,3.0,85156,M,4648963.0,-144380.0,85
201600002507,16,6,4,1645,1,1,1,1,3.0,85288,M,4647992.0,-159319.0,85
201600002508,16,6,28,1530,1,2,1,1,6.0,85127,M,4641504.0,-157687.0,85
201600002509,16,7,2,745,1,1,1,1,3.0,85288,M,4645241.0,-159023.0,85
201600002510,16,7,12,1445,1,1,1,1,6.0,85116,M,4642470.0,-138794.0,85
201600002511,16,7,13,1045,1,2,1,1,6.0,85010,M,4646956.0,-149486.0,85
201600002512,16,8,16,415,3,1,1,1,6.0,85288,M,4644958.0,-168578.0,85
201600002513,16,8,18,2330,5,2,1,1,6.0,85127,M,4638823.0,-148095.0,85
201600002514,16,8,25,1800,1,1,1,1,7.0,85022,M,4640765.0,-143793.0,85
201600002515,16,9,30,2315,3,1,1,2,6.0,85206,M,4645967.0,-134420.0,85
201600002516,16,9,30,1600,1,1,1,2,4.0,85156,M,4646902.0,-142129.0,85
201600002517,16,10,18,845,1,2,1,7,2.0,85004,M,4640636.0,-141332.0,85
201600002518,16,10,31,2100,5,2,1,1,2.0,85288,M,4646542.0,-161567.0,85
201600002519,16,2,29,1430,1,1,3,1,3.0,33122,M,4472073.0,-74356.0,33
201600002520,16,8,29,1700,1,2,1,1,1.0,33056,M,4490787.0,-63184.0,33
201600002521,16,1,23,200,3,1,1,2,6.0,33498,M,0.0,0.0,33
201600002522,16,3,1,1000,1,2,1,1,6.0,33051,M,4463902.0,-96537.0,33
201600002523,16,3,31,1815,5,2,5,1,6.0,33284,M,4460237.0,-93720.0,33
201600002524,16,4,17,1315,1,1,1,2,6.0,33284,M,0.0,0.0,33
201600002525,16,6,6,1715,1,2,2,1,3.0,33019,M,4468138.0,-101529.0,33
201600002526,16,6,7,1645,1,2,1,1,5.0,33051,M,4463633.0,-96585.0,33
201600002527,16,6,28,1715,1,2,1,1,1.0,33051,M,4465721.0,-98777.0,33
201600002528,16,8,6,1115,1,2,1,1,3.0,33051,M,4464200.0,-99200.0,33
201600002529,16,9,8,1545,1,1,1,1,1.0,33284,M,0.0,0.0,33
201600002530,16,9,7,1715,1,2,2,1,3.0,33284,M,4461923.0,-93457.0,33
201600002531,16,11,6,1615,1,1,1,1,6.0,33051,M,4466733.0,-97345.0,33
201600002532,16,12,6,745,1,2,3,1,1.0,33019,M,4468903.0,-102052.0,33
201600002533,16,1,14,830,2,2,1,8,6.0,33056,M,4490972.0,-63466.0,33
201600002534,16,1,24,600,3,1,1,5,6.0,33312,M,4495643.0,-55146.0,33
201600002535,16,5,13,1915,1,1,2,1,3.0,33056,M,4494732.0,-62161.0,33
201600002536,16,6,22,1800,1,1,1,1,2.0,33519,M,4491699.0,-67025.0,33
201600002537,16,8,16,515,3,1,1,1,6.0,33519,M,4492238.0,-70650.0,33
201600002538,16,8,26,1730,1,2,1,1,1.0,33056,M,4491413.0,-60494.0,33
201600002539,16,9,11,1930,2,2,1,1,1.0,33056,M,4492981.0,-62124.0,33
201600002540,16,10,1,1330,1,2,2,1,3.0,33056,M,4490745.0,-63950.0,33
201600002541,16,10,27,1600,1,2,1,1,3.0,33056,M,4490570.0,-62082.0,33
201600002542,16,11,24,845,1,2,1,2,1.0,33312,M,4495776.0,-61294.0,33
201600002543,16,1,11,1615,2,2,3,6,3.0,33236,M,4479770.0,-114437.0,33
201600002544,16,7,9,1000,1,1,1,1,1.0,33236,M,4478308.0,-116681.0,33
201600002545,16,7,28,1515,1,2,3,1,7.0,33236,M,4472672.0,-120106.0,33
201600002546,16,10,10,430,5,1,1,1,1.0,33236,M,4468796.0,-123852.0,33
201600002547,16,3,2,1630,1,1,1,2,1.0,33273,M,0.0,0.0,33
201600002548,16,4,23,645,2,1,1,1,1.0,33422,M,0.0,0.0,33
201600002549,16,5,10,2100,1,2,1,1,1.0,33422,M,4481481.0,-77973.0,33
201600002550,16,10,23,630,3,1,1,1,3.0,33422,M,4483159.0,-83553.0,33
201600002551,16,3,22,1500,1,2,1,1,3.0,33449,M,0.0,0.0,33
201600002552,16,6,10,1030,1,2,6,1,3.0,33449,M,4488131.0,-69734.0,33
201600002553,16,7,7,1615,1,2,1,1,2.0,33449,M,4489432.0,-76664.0,33
201600002554,16,7,31,730,1,1,1,8,6.0,33376,M,4490686.0,-72194.0,33
201600002555,16,8,30,1315,1,2,1,1,1.0,33449,M,4486563.0,-71365.0,33