Num_Acc,an,mois,jour,hrmn,lum,agg,int,atm,col,com,gps,lat,long,dep
201600002556,16,9,10,1,5,2,1,1,6.0,33449,M,4488723.0,-69624.0,33
201600002557,16,10,6,1130,1,2,2,1,3.0,33449,M,4487860.0,-69909.0,33
201600002558,16,2,19,900,1,1,2,1,3.0,33280,M,0.0,0.0,33
201600002559,16,3,18,1745,1,1,1,1,2.0,33047,M,0.0,0.0,33
201600002560,16,6,24,2330,3,1,1,1,2.0,33339,M,0.0,0.0,33
201600002561,16,7,15,1700,1,1,2,1,3.0,33058,M,4513042.0,-64710.0,33
201600002562,16,7,2,1145,1,1,2,8,3.0,33035,M,4506104.0,-60925.0,33
201600002563,16,12,12,1515,1,1,1,1,6.0,33339,M,0.0,0.0,33
201600002564,16,2,4,845,1,1,2,1,3.0,33159,M,4523947.0,-57145.0,33
201600002565,16,5,14,2300,3,1,1,1,6.0,33351,M,0.0,0.0,33
201600002566,16,7,17,1445,1,2,1,1,1.0,33389,M,4529249.0,-61598.0,33
201600002567,16,9,10,1900,1,2,3,1,3.0,33389,M,4529103.0,-60067.0,33
201600002568,16,9,15,1500,1,2,1,1,6.0,33159,M,4523117.0,-56744.0,33
201600002569,16,10,6,1545,1,1,1,1,1.0,33267,M,4527580.0,-50321.0,33
201600002570,16,12,9,2115,5,2,1,1,7.0,33159,M,4522929.0,-57346.0,33
201600002571,16,3,19,1800,1,1,1,1,1.0,33233,M,0.0,0.0,33
201600002572,16,8,16,1830,1,1,1,1,6.0,33272,M,0.0,0.0,33
201600002573,16,10,11,900,1,1,1,1,2.0,33114,M,0.0,0.0,33
201600002574,16,12,13,2015,5,1,3,1,6.0,17074,M,4520870.0,-42083.0,17
201600002575,16,5,2,1445,1,1,2,1,3.0,33487,M,4495990.0,-48365.0,33
201600002576,16,5,4,1745,1,1,2,1,5.0,33003,M,4492176.0,-47605.0,33
201600002577,16,5,8,1915,2,2,1,1,7.0,33003,M,4494590.0,-48954.0,33
201600002578,16,5,29,1735,1,1,1,1,6.0,33433,M,4493020.0,-45131.0,33
201600002579,16,7,7,945,1,2,2,1,6.0,33003,M,4494525.0,-46435.0,33
201600002580,16,7,19,2045,1,1,1,1,6.0,33487,M,4495533.0,-46254.0,33
201600002581,16,1,10,1815,3,1,1,2,6.0,33049,M,0.0,0.0,33
201600002582,16,6,26,1845,1,2,1,1,6.0,33483,M,4490363.0,-38803.0,33
201600002583,16,7,26,1630,1,1,3,1,3.0,33049,M,4487447.0,-39627.0,33
201600002584,16,9,17,530,2,1,1,1,2.0,33049,M,,,33
201600002585,16,11,2,1115,1,1,1,5,4.0,33049,M,4488152.0,-35476.0,33
201600002586,16,12,11,1915,5,2,1,1,7.0,33554,M,0.0,0.0,33
201600002587,16,2,7,1945,5,1,1,3,1.0,33454,M,4465327.0,-53277.0,33
201600002588,16,3,18,1900,1,2,1,1,3.0,33213,M,0.0,0.0,33
201600002589,16,5,7,615,2,2,1,1,1.0,33448,M,4471733.0,-50658.0,33
201600002590,16,5,11,945,1,1,3,1,4.0,33037,M,4469877.0,-46604.0,33
201600002591,16,5,14,945,1,1,1,2,1.0,33213,M,4469336.0,-57727.0,33
201600002592,16,5,30,1500,1,1,3,2,3.0,33037,M,4469885.0,-46587.0,33
201600002593,16,7,13,830,1,2,1,1,6.0,33213,M,0.0,0.0,33
201600002594,16,8,21,715,2,2,1,1,1.0,33037,M,4469960.0,-44924.0,33
201600002595,16,9,21,1145,1,2,1,1,6.0,33213,M,4468328.0,-52087.0,33
201600002596,16,11,14,900,1,1,1,1,5.0,33474,M,4465166.0,-46355.0,33
201600002597,16,11,17,715,2,1,9,1,3.0,33023,M,4469399.0,-49570.0,33
201600002598,16,2,14,2230,3,1,1,1,6.0,33505,M,4477132.0,-29255.0,33
201600002599,16,5,5,1045,1,1,2,1,3.0,33145,M,4480439.0,-32906.0,33
201600002600,16,5,10,730,2,1,1,1,6.0,33083,M,4483053.0,-38172.0,33
201600002601,16,7,15,1415,1,1,3,1,2.0,33505,M,4477667.0,-29781.0,33
201600002602,16,7,23,1645,1,1,1,1,3.0,33431,M,4476576.0,-28396.0,33
201600002603,16,8,28,1745,1,1,1,1,6.0,33033,M,4472654.0,-44779.0,33
201600002604,16,11,16,730,5,2,3,2,3.0,33140,M,0.0,0.0,33
201600002605,16,12,21,1015,1,2,1,1,4.0,33363,M,0.0,0.0,33
201600002606,16,3,4,1915,5,2,1,2,6.0,33165,M,4482490.0,-44977.0,33
201600002607,16,12,15,2015,3,1,1,8,1.0,33330,M,4485660.0,-45365.0,33
201600002608,16,2,3,1315,1,2,1,1,1.0,33080,M,4475080.0,-54830.0,33
201600002609,16,2,2,2130,5,2,1,2,6.0,33238,M,4474659.0,-59299.0,33
201600002610,16,5,21,1200,1,1,1,1,6.0,33080,M,4476297.0,-52968.0,33
201600002611,16,6,23,1345,1,1,1,1,3.0,33501,M,4466630.0,-60078.0,33
201600002612,16,8,4,1800,1,2,6,1,2.0,33274,M,4471601.0,-54435.0,33
201600002613,16,11,29,1800,3,1,3,1,1.0,33080,M,4473091.0,-53200.0,33
201600002614,16,12,8,1250,1,2,2,1,3.0,33077,M,4460840.0,-55370.0,33
201600002615,16,12,15,1515,1,1,1,1,1.0,33080,M,4474786.0,-56009.0,33
201600002616,16,12,20,1215,1,2,1,1,6.0,33501,M,4465182.0,-59661.0,33
201600002617,16,1,10,1445,1,2,1,3,3.0,33337,M,4457384.0,-29381.0,33
201600002618,16,1,14,1100,1,2,1,1,6.0,33040,M,4464368.0,-32278.0,33
201600002619,16,2,2,915,1,2,2,1,2.0,33007,M,4467830.0,-40320.0,33
201600002620,16,4,4,615,3,1,2,1,3.0,33337,M,4456875.0,-31901.0,33
201600002621,16,4,19,430,5,2,1,1,6.0,33030,M,4461143.0,-31654.0,33
201600002622,16,5,12,1145,1,1,1,1,1.0,33327,M,4463654.0,-36305.0,33
201600002623,16,7,29,1945,1,1,1,1,6.0,33452,M,4461902.0,-42147.0,33
201600002624,16,8,21,500,4,2,1,1,6.0,33337,M,4458662.0,-29766.0,33
201600002625,16,9,11,30,3,1,1,1,1.0,33334,M,4470102.0,-41289.0,33
201600002626,16,9,13,1600,1,2,1,2,6.0,33197,M,4454804.0,-49971.0,33
201600002627,16,11,1,1445,1,1,1,1,7.0,33334,M,4468476.0,-41245.0,33
201600002628,16,11,16,1645,2,2,3,1,3.0,33030,M,4460942.0,-31388.0,33
201600002629,16,11,18,2330,3,1,4,2,1.0,33334,M,4470085.0,-40407.0,33
201600002630,16,12,20,1630,1,1,3,1,3.0,33205,M,4461211.0,-37223.0,33
201600002631,16,1,24,130,3,1,1,5,6.0,33366,M,4498274.0,-40748.0,33
201600002632,16,4,30,2015,2,1,1,3,3.0,33495,M,0.0,0.0,33
201600002633,16,5,1,2145,3,1,1,1,2.0,33366,M,4501205.0,-44152.0,33
201600002634,16,6,27,730,1,2,3,1,1.0,33366,M,0.0,0.0,33
201600002635,16,11,12,1,3,1,1,1,6.0,33553,M,4503011.0,-44044.0,33
201600002636,16,1,14,1915,5,2,2,1,3.0,33227,M,4454991.0,-24705.0,33
201600002637,16,1,30,530,5,1,2,1,6.0,33323,M,4457047.0,-21600.0,33
201600002638,16,2,5,2215,3,1,1,1,7.0,33444,M,4457700.0,-18000.0,33
201600002639,16,5,15,715,1,1,1,1,6.0,33227,M,4453719.0,-22744.0,33
201600002640,16,5,31,1830,1,2,1,1,3.0,33227,M,4454852.0,-25765.0,33
201600002641,16,8,30,800,1,1,4,1,6.0,33543,M,4458991.0,-23679.0,33
201600002642,16,9,5,1200,1,2,1,1,1.0,33111,M,4457340.0,-15053.0,33
201600002643,16,9,28,900,1,2,3,1,3.0,33227,M,4454663.0,-24369.0,33
201600002644,16,10,11,1730,2,1,1,1,6.0,33227,M,4455873.0,-25099.0,33
201600002645,16,10,23,1800,1,2,1,1,5.0,33533,M,4455942.0,-26483.0,33
201600002646,16,11,10,1815,3,1,1,2,1.0,33227,M,4455000.0,-22400.0,33
201600002647,16,3,27,1800,1,1,1,7,1.0,33305,M,0.0,0.0,33
201600002648,16,8,10,500,3,1,1,1,6.0,33491,M,4460469.0,10865.0,33
201600002649,16,1,5,1800,5,2,1,3,6.0,33352,M,4458370.0,-4028.0,33
201600002650,16,1,15,1800,5,2,1,1,1.0,33187,M,4458405.0,-9070.0,33
201600002651,16,1,18,1000,1,1,3,3,1.0,33352,M,4459473.0,-1940.0,33
201600002652,16,4,3,1900,2,1,1,2,6.0,33072,M,0.0,0.0,33
201600002653,16,4,29,1930,1,1,1,1,1.0,33352,M,4459643.0,-4726.0,33
201600002654,16,6,8,1945,1,1,1,1,1.0,33106,M,4455392.0,-16096.0,33
201600002655,16,6,29,2215,3,1,1,1,6.0,33221,M,0.0,0.0,33
201600002656,16,8,20,1645,1,1,3,1,3.0,33087,M,4464262.0,-6235.0,33
201600002657,16,8,24,1800,1,2,3,1,6.0,33352,M,4458239.0,-4474.0,33
201600002658,16,10,4,1700,1,1,1,1,7.0,33352,M,4460414.0,-4140.0,33
201600002659,16,11,4,1715,2,1,3,1,3.0,33254,M,4455011.0,-3464.0,33
201600002660,16,12,7,1915,1,1,1,1,7.0,33021,M,4450429.0,-13766.0,33
201600002661,16,12,8,1345,1,1,2,1,4.0,33087,M,4462952.0,-5938.0,33
201600002662,16,12,14,1915,3,1,1,1,2.0,33294,M,0.0,0.0,33
201600002663,16,12,26,1845,3,1,1,2,6.0,33250,M,4463024.0,-866.0,33
201600002664,16,7,12,1115,1,2,1,1,7.0,33547,M,0.0,0.0,33
201600002665,16,9,17,1100,1,1,1,1,6.0,33026,M,4448653.0,-44789.0,33
201600002666,16,2,12,1800,1,2,2,8,1.0,33258,M,0.0,0.0,33
201600002667,16,2,13,1800,2,1,2,1,3.0,33275,M,4471060.0,-18723.0,33
201600002668,16,3,8,1800,1,2,1,1,7.0,33121,M,4473700.0,-19500.0,33
201600002669,16,3,12,1915,3,1,1,1,6.0,33282,M,0.0,0.0,33
201600002670,16,4,15,1900,1,2,1,3,1.0,33057,M,4474805.0,-8314.0,33
201600002671,16,8,21,1830,1,1,2,1,1.0,33379,M,4469242.0,-14594.0,33
201600002672,16,10,20,1015,1,1,1,7,1.0,33129,M,0.0,0.0,33
201600002673,16,11,11,1000,1,1,1,1,6.0,33482,M,4468575.0,-10844.0,33
201600002674,16,12,14,1215,1,1,1,1,6.0,33282,M,4477352.0,-6091.0,33
201600002675,16,1,2,1530,1,2,3,1,3.0,33240,M,4530197.0,-94244.0,33
201600002676,16,1,8,1530,2,1,2,2,3.0,33300,M,4524865.0,-100285.0,33
201600002677,16,5,23,2030,2,2,1,1,1.0,33240,M,4529388.0,-92775.0,33
201600002678,16,6,24,545,1,2,3,1,3.0,33412,M,4529108.0,-86455.0,33
201600002679,16,10,5,900,1,1,4,1,1.0,33038,M,0.0,0.0,33
201600002680,16,12,15,900,1,2,2,5,3.0,33055,M,4532259.0,-88038.0,33
201600002681,16,1,31,1245,1,2,1,2,6.0,33022,M,4503798.0,-74581.0,33
201600002682,16,2,1,815,2,1,1,2,6.0,33104,M,4498301.0,-82352.0,33
201600002683,16,3,5,1945,2,1,1,8,6.0,33297,M,0.0,0.0,33
201600002684,16,4,9,245,3,1,6,1,7.0,33022,M,4500713.0,-77158.0,33
201600002685,16,5,15,1,3,2,1,1,6.0,33220,M,4509717.0,-71076.0,33
201600002686,16,5,17,830,1,1,1,1,7.0,33104,M,0.0,0.0,33
201600002687,16,6,19,1300,1,1,1,1,6.0,33104,M,0.0,0.0,33
201600002688,16,7,1,415,3,1,1,1,6.0,33417,M,0.0,0.0,33
201600002689,16,7,2,1030,1,1,3,1,1.0,33248,M,4509071.0,-78118.0,33
201600002690,16,8,12,2000,1,1,2,1,3.0,33022,M,4504430.0,-74841.0,33
201600002691,16,10,28,815,1,1,1,5,3.0,33022,M,4500414.0,-76759.0,33
201600002692,16,12,12,845,1,1,1,1,6.0,33146,M,0.0,0.0,33
201600002693,16,1,22,1100,1,1,1,3,6.0,33012,M,4498778.0,-68401.0,33
201600002694,16,4,8,2030,2,1,1,1,6.0,33091,M,4502089.0,-67905.0,33
201600002695,16,5,18,900,1,1,3,2,1.0,33256,M,4499462.0,-59060.0,33
201600002696,16,6,10,1600,1,2,1,1,7.0,33012,M,4501007.0,-68381.0,33
201600002697,16,10,30,1800,3,2,1,1,6.0,33322,M,4497533.0,-63917.0,33
201600002698,16,12,23,1915,3,1,2,2,3.0,33322,M,4496524.0,-66809.0,33
201600002699,16,7,26,1515,1,1,1,1,6.0,33314,M,4521023.0,-76970.0,33
201600002700,16,8,31,1300,1,1,3,1,3.0,33424,M,4514325.0,-81394.0,33
201600002701,16,10,4,2100,3,1,1,1,2.0,33424,M,4511576.0,-80843.0,33
201600002702,16,11,5,1845,3,1,1,1,6.0,33125,M,4520876.0,-86509.0,33
201600002703,16,1,12,1730,2,1,1,2,1.0,33208,M,4540063.0,-97519.0,33
201600002704,16,5,26,1730,1,1,1,1,7.0,33538,M,4537956.0,-91656.0,33
201600002705,16,7,27,545,3,2,1,1,7.0,33514,M,4548860.0,-113660.0,33
201600002706,16,7,31,1145,1,1,2,1,3.0,33541,M,4541531.0,-103506.0,33
201600002707,16,8,31,1345,1,1,1,1,7.0,33208,M,4540849.0,-99891.0,33
201600002708,16,10,8,1945,5,2,1,1,6.0,33348,M,0.0,0.0,33
201600002709,16,11,22,1330,1,1,2,1,3.0,33348,M,4537899.0,-102594.0,33
201600002710,16,3,18,930,1,1,1,2,1.0,33539,M,4488062.0,-30423.0,33
201600002711,16,3,29,2000,1,2,6,2,3.0,33243,M,4492992.0,-24034.0,33
201600002712,16,4,8,1645,1,2,2,1,3.0,33243,M,4493543.0,-23628.0,33
201600002713,16,4,13,1400,1,2,2,1,3.0,33243,M,4491608.0,-24645.0,33
201600002714,16,5,29,130,3,1,1,1,6.0,33328,M,0.0,0.0,33
201600002715,16,6,13,1230,1,2,1,1,2.0,33243,M,0.0,0.0,33
201600002716,16,8,10,1245,1,2,1,1,6.0,33243,M,4490948.0,-23693.0,33
201600002717,16,8,19,2000,1,2,3,1,1.0,33539,M,4490910.0,-32060.0,33
201600002718,16,9,9,445,5,2,1,1,3.0,33243,M,4494215.0,-23403.0,33
201600002719,16,10,4,845,1,1,1,1,7.0,33539,M,4487113.0,-30597.0,33
201600002720,16,11,25,2000,5,2,2,1,1.0,33243,M,4492208.0,-22476.0,33
201600002721,16,1,18,845,1,1,1,2,6.0,33296,M,4482392.0,-4286.0,33
201600002722,16,3,7,2015,3,1,1,1,6.0,33466,M,4481547.0,-29686.0,33
201600002723,16,3,9,1800,1,1,1,1,1.0,33194,M,0.0,0.0,33
201600002724,16,4,1,915,1,1,2,1,6.0,33350,M,4476692.0,-11409.0,33
201600002725,16,4,6,930,1,1,2,1,3.0,33194,M,0.0,0.0,33
201600002726,16,4,6,1815,1,2,1,1,1.0,33466,M,4483065.0,-29189.0,33
201600002727,16,4,24,2015,1,1,3,1,3.0,33086,M,4480138.0,-30289.0,33
201600002728,16,5,19,1615,1,2,1,1,2.0,33298,M,4484287.0,-21654.0,33
201600002729,16,7,11,1830,1,1,2,1,3.0,33460,M,4483268.0,-5320.0,33
201600002730,16,8,4,1730,1,1,1,2,3.0,33421,M,4481549.0,-14639.0,33
201600002731,16,9,3,1445,1,1,4,1,1.0,33298,M,4483488.0,-20961.0,33
201600002732,16,9,28,1630,1,1,2,1,3.0,33196,M,4479981.0,-20697.0,33
201600002733,16,10,28,1745,1,2,1,1,1.0,33194,M,4482734.0,-19633.0,33
201600002734,16,11,29,1930,3,1,1,1,6.0,33257,M,0.0,0.0,33
201600002735,16,2,11,730,2,1,1,2,1.0,33437,M,0.0,0.0,33
201600002736,16,8,8,1945,1,2,1,7,3.0,33437,M,4485445.0,-5438.0,33
201600002737,16,10,6,1830,1,2,2,1,3.0,33014,M,4497084.0,15901.0,33
201600002738,16,12,19,1130,1,1,1,1,2.0,33394,M,0.0,0.0,33
201600002739,16,1,4,930,1,2,1,3,1.0,33447,M,4501592.0,-5747.0,33
201600002740,16,1,20,800,5,2,1,2,6.0,33138,M,4504195.0,-13028.0,33
201600002741,16,1,29,1430,1,2,1,1,3.0,33138,M,0.0,0.0,33
201600002742,16,3,18,630,5,2,1,2,3.0,33478,M,0.0,0.0,33
201600002743,16,4,11,1745,1,1,1,1,7.0,33138,M,0.0,0.0,33
201600002744,16,6,11,1930,1,2,3,1,6.0,33138,M,4504480.0,-12233.0,33
201600002745,16,7,9,1545,1,1,1,1,6.0,33385,M,4507813.0,-920.0,33
201600002746,16,7,25,1615,1,2,1,1,6.0,33138,M,4503649.0,-13593.0,33
201600002747,16,9,18,2000,2,2,1,1,7.0,33138,M,4502379.0,-11857.0,33
201600002748,16,12,24,100,3,2,1,8,6.0,33001,M,0.0,0.0,33
201600002749,16,1,21,845,1,1,2,1,3.0,33393,M,4496478.0,-17248.0,33
201600002750,16,3,20,1815,1,1,1,1,6.0,33362,M,4503600.0,-18800.0,33
201600002751,16,6,20,1800,1,1,1,1,7.0,33387,M,0.0,0.0,33
201600002752,16,9,9,2030,1,2,3,1,1.0,33387,M,4503123.0,-28425.0,33
201600002753,16,10,25,1500,1,1,1,2,1.0,33218,M,4507294.0,-15367.0,33
201600002754,16,12,4,445,3,1,1,1,7.0,33218,M,0.0,0.0,33
201600002755,16,6,11,1930,1,2,1,1,6.0,33319,M,4482085.0,8155.0,33
201600002756,16,6,23,1215,1,1,3,1,3.0,33319,M,0.0,0.0,33
201600002757,16,7,8,1745,1,1,1,1,3.0,33242,M,4478236.0,17514.0,33
201600002758,16,4,29,1815,1,2,1,1,3.0,33259,M,0.0,0.0,33
201600002759,16,5,6,2045,1,1,1,1,4.0,33174,M,4492800.0,-26200.0,33
201600002760,16,7,29,1915,1,1,1,1,7.0,33407,M,0.0,0.0,33
201600002761,16,8,9,1800,1,1,1,1,3.0,33295,M,4500024.0,-35487.0,33
201600002762,16,8,15,1430,1,1,1,1,7.0,33407,M,4501435.0,-34897.0,33
201600002763,16,9,25,1215,1,2,1,1,2.0,33219,M,0.0,0.0,33
201600002764,16,12,3,1830,5,1,1,1,6.0,33451,M,0.0,0.0,33
201600002765,16,8,6,1745,1,1,1,1,2.0,24026,M,4519210.0,82212.0,24
201600002766,16,9,24,245,3,1,1,1,6.0,24115,M,4527530.0,65732.0,24
201600002767,16,11,9,1845,3,1,2,2,3.0,24094,M,4506980.0,69067.0,24
201600002768,16,4,13,815,1,1,1,1,6.0,24474,M,4540580.0,65736.0,24
201600002769,16,4,18,1745,1,2,1,1,6.0,24002,M,4529140.0,75000.0,24
201600002770,16,5,6,945,1,1,1,1,7.0,24064,M,4535490.0,63953.0,24
201600002771,16,5,30,1845,1,1,1,2,6.0,24253,M,4547050.0,43256.0,24
201600002772,16,6,21,1645,1,2,1,1,6.0,24096,M,4539080.0,69689.0,24
201600002773,16,7,2,1300,1,1,1,1,7.0,24235,M,4539400.0,50390.0,24
201600002774,16,8,13,1130,1,1,1,1,7.0,24002,M,4529720.0,74578.0,24
201600002775,16,9,16,1815,1,1,1,2,3.0,24079,M,4542060.0,64841.0,24
201600002776,16,10,16,630,3,1,1,1,7.0,24111,M,4542990.0,63945.0,24
201600002777,16,12,15,545,3,1,3,1,3.0,24129,M,4536420.0,71745.0,24
201600002778,16,12,14,1915,3,1,1,1,7.0,24002,M,4527210.0,74922.0,24
201600002779,16,1,9,2330,3,1,1,3,3.0,24309,M,4507260.0,44235.0,24
201600002780,16,1,25,700,5,2,3,1,3.0,24350,M,4516150.0,61065.0,24
201600002781,16,4,18,1815,1,2,1,1,1.0,24442,M,4510680.0,46799.0,24
201600002782,16,9,1,1215,1,2,8,1,3.0,24350,M,4516620.0,60018.0,24
201600002783,16,10,9,1615,1,1,1,1,3.0,24442,M,4510830.0,50273.0,24
201600002784,16,10,24,1815,2,2,1,2,7.0,24236,M,4517270.0,59241.0,24
201600002785,16,10,28,1645,1,1,1,7,6.0,24032,M,4509180.0,33990.0,24
201600002786,16,11,20,2130,3,1,1,2,6.0,24139,M,4512940.0,65354.0,24
201600002787,16,12,18,1045,1,1,1,1,2.0,24256,M,4517880.0,62057.0,24
201600002788,16,1,10,1615,1,1,1,8,1.0,24025,M,4509130.0,103086.0,24
201600002789,16,1,19,1700,1,1,1,1,6.0,24137,M,4533180.0,95217.0,24
201600002790,16,5,20,945,1,1,1,1,7.0,24473,M,4519230.0,106039.0,24
201600002791,16,7,25,1630,1,1,1,1,1.0,24004,M,4513490.0,103563.0,24
201600002792,16,8,3,1530,1,2,2,1,3.0,24540,M,4530610.0,87335.0,24
201600002793,16,12,12,1845,3,1,1,1,3.0,24011,M,4521280.0,83744.0,24
201600002794,16,3,27,1215,1,1,1,8,6.0,24413,M,4490640.0,36131.0,24
201600002795,16,9,10,1745,1,1,1,1,5.0,24487,M,4485850.0,35177.0,24
201600002796,16,10,10,1730,1,1,3,1,3.0,24222,M,4485330.0,38933.0,24
201600002797,16,11,23,715,3,1,1,1,1.0,24182,M,4488790.0,22345.0,24
201600002798,16,12,2,745,2,1,1,1,1.0,24499,M,4488520.0,54307.0,24
201600002799,16,12,27,1500,1,1,1,1,5.0,24077,M,4495380.0,58339.0,24
201600002800,16,7,12,1030,1,2,2,8,3.0,24068,M,4485210.0,91063.0,24
201600002801,16,9,16,845,1,2,7,1,6.0,24273,M,4481200.0,82373.0,24
201600002802,16,12,6,1015,1,1,1,1,6.0,24068,M,4482570.0,88823.0,24
201600002803,16,5,13,1330,1,1,1,1,6.0,24231,M,4470190.0,83922.0,24
201600002804,16,6,11,215,3,1,1,1,6.0,24231,M,4469620.0,88386.0,24
201600002805,16,5,14,30,3,1,1,1,6.0,24068,M,4486270.0,82919.0,24
201600002806,16,8,26,2230,5,2,1,1,2.0,24566,M,4483410.0,70279.0,24
201600002807,16,6,13,1600,1,1,2,1,1.0,24181,M,4475400.0,43408.0,24
201600002808,16,8,21,1845,1,1,1,1,7.0,24532,M,4469060.0,41947.0,24
201600002809,16,7,3,1945,1,1,1,1,1.0,24335,M,4489530.0,19907.0,24
201600002810,16,7,11,1230,1,1,1,1,1.0,24461,M,4491500.0,18671.0,24
201600002811,16,9,11,1945,1,1,1,7,1.0,24584,M,4494860.0,3291.0,24
201600002812,16,12,24,1145,1,1,1,2,1.0,24415,M,4494390.0,18270.0,24
201600002813,16,1,12,1330,1,2,3,2,3.0,24479,M,4549070.0,74725.0,24
201600002814,16,1,13,530,3,1,1,9,6.0,24451,M,4550910.0,65337.0,24
201600002815,16,11,6,1430,1,1,1,1,7.0,24328,M,4561060.0,66888.0,24
201600002816,16,11,16,1845,3,1,1,1,1.0,24528,M,4551960.0,69777.0,24
201600002817,16,12,16,315,3,1,1,9,6.0,24548,M,4557770.0,54530.0,24
201600002818,16,1,6,1800,5,2,4,2,3.0,24551,M,4541510.0,91730.0,24
201600002819,16,6,9,1845,1,1,1,1,1.0,24218,M,4549790.0,109281.0,24
201600002820,16,7,3,1,3,1,1,1,6.0,24095,M,4548990.0,94415.0,24
201600002821,16,7,23,1030,1,1,1,1,6.0,24009,M,4535140.0,112514.0,24
201600002822,16,9,14,1615,1,1,1,3,6.0,24133,M,4556590.0,97544.0,24
201600002823,16,9,30,1445,1,1,1,1,6.0,24320,M,4543990.0,121212.0,24
201600002824,16,2,3,2130,3,1,1,1,6.0,24529,M,4519400.0,45892.0,24
201600002825,16,7,6,1815,1,2,1,7,3.0,24352,M,4525380.0,34931.0,24
201600002826,16,7,18,1900,1,1,1,1,1.0,24564,M,4519680.0,27191.0,24
201600002827,16,7,12,1530,1,2,7,1,6.0,24352,M,4524680.0,34009.0,24
201600002828,16,7,30,1900,1,1,2,1,3.0,24119,M,4539380.0,38529.0,24
201600002829,16,8,7,1745,1,1,1,1,7.0,24352,M,4523380.0,31764.0,24
201600002830,16,8,28,2130,3,1,2,1,3.0,24455,M,4519980.0,36723.0,24
201600002831,16,9,16,1145,1,2,1,8,6.0,24553,M,4525640.0,50402.0,24
201600002832,16,10,31,1330,1,1,1,1,6.0,24352,M,4524300.0,37094.0,24
201600002833,16,10,31,1615,1,1,1,1,1.0,24460,M,4525520.0,41401.0,24
201600002834,16,12,27,1445,1,1,1,1,5.0,24038,M,4530340.0,36127.0,24
201600002835,16,1,29,1845,5,2,1,1,6.0,24543,M,4505150.0,39455.0,24
201600002836,16,2,12,745,5,2,3,3,5.0,24294,M,4500980.0,16316.0,24
201600002837,16,3,2,1000,1,2,1,1,6.0,24449,M,4500930.0,16504.0,24
201600002838,16,5,23,1300,1,1,1,2,5.0,24543,M,4504130.0,38085.0,24
201600002839,16,8,3,1020,1,2,1,1,6.0,24294,M,4500990.0,16032.0,24
201600002840,16,8,4,1700,1,1,1,2,1.0,24294,M,4504410.0,15467.0,24
201600002841,16,8,23,2030,1,1,1,7,1.0,24462,M,4499740.0,35612.0,24
201600002842,16,8,24,1745,1,1,1,1,3.0,24462,M,4503400.0,32876.0,24
201600002843,16,9,13,1045,1,1,1,1,3.0,24449,M,4499830.0,23399.0,24
201600002844,16,3,8,1500,1,1,2,1,1.0,24294,M,4501310.0,11686.0,24
201600002845,16,5,31,1245,1,1,3,1,1.0,24264,M,4501400.0,10568.0,24
201600002846,16,1,17,1215,1,1,1,1,1.0,24354,M,4514050.0,-221.0,24
201600002847,16,1,25,1430,1,1,1,1,7.0,24343,M,4516810.0,8313.0,24
201600002848,16,3,5,545,3,1,1,2,7.0,24082,M,4485760.0,125562.0,24
201600002849,16,7,2,1145,1,1,1,1,1.0,24255,M,4492910.0,114118.0,24
201600002850,16,7,30,1745,1,1,3,1,3.0,24082,M,4485890.0,125160.0,24
201600002851,16,8,6,1745,1,1,1,1,1.0,24392,M,4496420.0,126624.0,24
201600002852,16,2,20,1515,1,1,3,1,3.0,24172,M,4494490.0,105302.0,24
201600002853,16,5,21,1600,1,1,3,1,1.0,24142,M,4483170.0,98063.0,24
201600002854,16,7,9,1000,1,2,1,1,7.0,24067,M,4491950.0,92666.0,24
201600002855,16,7,26,1115,1,1,1,1,3.0,24172,M,4492710.0,107902.0,24
201600002856,16,9,2,1530,1,1,1,1,1.0,24552,M,4502680.0,109885.0,24
201600002857,16,10,17,1215,1,1,1,1,5.0,24404,M,4500010.0,88090.0,24
201600002858,16,11,18,1900,3,1,1,2,1.0,24356,M,4506180.0,94531.0,24
201600002859,16,12,3,1945,3,1,1,1,1.0,24443,M,4503280.0,106914.0,24
201600002860,16,1,6,945,1,1,1,2,3.0,40312,M,4354414.0,-149939.0,40
201600002861,16,1,8,1215,1,1,1,1,1.0,40162,M,4395889.0,-40520.0,40
201600002862,16,2,6,1045,1,1,1,1,7.0,40105,M,4404306.0,-64252.0,40
201600002863,16,2,19,900,1,1,1,1,1.0,40320,M,4392404.0,-55731.0,40
201600002864,16,3,27,1515,1,1,1,1,7.0,40164,M,4410998.0,-32491.0,40
201600002865,16,4,23,1515,1,1,1,3,1.0,40056,M,4402487.0,-52533.0,40
201600002866,16,5,25,1200,1,1,1,1,6.0,40164,M,4412850.0,28965.0,40
201600002867,16,6,19,1400,1,1,1,1,1.0,40111,M,4396826.0,-59541.0,40
201600002868,16,6,22,1815,1,1,1,1,1.0,40274,M,4392119.0,-62691.0,40
201600002869,16,1,9,2130,3,1,1,1,6.0,40309,M,4379484.0,-73450.0,40
201600002870,16,1,9,1200,1,1,1,1,6.0,40048,M,4389631.0,-100431.0,40
201600002871,16,3,4,440,3,1,1,2,7.0,40243,M,4388868.0,-88011.0,40
201600002872,16,7,12,1150,1,1,1,1,6.0,40067,M,4385730.0,-81017.0,40
201600002873,16,9,14,1645,1,1,1,1,6.0,40068,M,4376111.0,-87782.0,40
201600002874,16,2,6,1530,1,1,6,1,3.0,40283,M,4373826.0,-101643.0,40
201600002875,16,3,21,1715,1,1,1,1,6.0,40314,M,4365564.0,-110002.0,40
201600002876,16,4,9,315,3,1,1,3,6.0,40125,M,4365476.0,-109992.0,40