Num_Acc,an,mois,jour,hrmn,lum,agg,int,atm,col,com,gps,lat,long,dep
201600002877,16,6,24,2130,2,1,1,2,1.0,40277,M,4366105.0,-104049.0,40
201600002878,16,7,12,1130,1,1,1,8,4.0,40244,M,4370427.0,-117564.0,40
201600002879,16,8,7,1630,1,1,6,1,7.0,40283,M,4374950.0,-100702.0,40
201600002880,16,10,28,1440,1,1,2,1,2.0,40294,M,4368639.0,-98203.0,40
201600002881,16,11,13,1035,1,2,1,1,3.0,40202,M,4369274.0,-100953.0,40
201600002882,16,5,7,600,2,2,1,1,7.0,40065,M,4365425.0,-143087.0,40
201600002883,16,7,2,1330,1,1,1,1,3.0,40065,M,4361987.0,-143388.0,40
201600002884,16,7,8,2300,5,2,1,1,7.0,40133,M,4359222.0,-144896.0,40
201600002885,16,7,16,445,3,1,1,1,2.0,40036,M,4364314.0,-133986.0,40
201600002886,16,7,18,1850,1,2,1,1,3.0,40133,M,4358936.0,-142818.0,40
201600002887,16,8,21,1330,1,2,1,1,6.0,40133,M,4359984.0,-146462.0,40
201600002888,16,8,24,500,5,1,1,1,1.0,40036,M,4364180.0,-134258.0,40
201600002889,16,1,13,1430,1,2,1,1,3.0,40150,M,4387156.0,-131926.0,40
201600002890,16,2,27,1115,1,1,1,3,3.0,40326,M,4395775.0,-126939.0,40
201600002891,16,5,19,630,2,1,1,1,6.0,40311,M,4384585.0,-106947.0,40
201600002892,16,9,7,745,2,1,1,1,6.0,40322,M,4403676.0,-122200.0,40
201600002893,16,3,21,1455,1,1,1,1,3.0,40308,M,4368502.0,-90279.0,40
201600002894,16,4,25,1045,1,1,1,1,6.0,40249,M,4368923.0,-73819.0,40
201600002895,16,6,3,1530,1,1,3,7,3.0,40126,M,4370479.0,-89871.0,40
201600002896,16,8,21,1845,1,1,2,1,3.0,40002,M,4359984.0,-146462.0,40
201600002897,16,1,15,2015,3,1,1,2,3.0,40118,M,4353747.0,-93189.0,40
201600002898,16,1,26,1200,1,2,1,7,3.0,40212,M,4355891.0,-115051.0,40
201600002899,16,3,26,1315,1,1,1,1,1.0,40212,M,4359199.0,-114685.0,40
201600002900,16,4,2,1645,1,1,1,1,1.0,40306,M,4353300.0,-106711.0,40
201600002901,16,5,31,915,1,1,1,1,1.0,40316,M,4357690.0,-82615.0,40
201600002902,16,6,8,815,1,1,3,1,3.0,40034,M,4359143.0,-114675.0,40
201600002903,16,6,15,1800,1,1,1,3,6.0,40120,M,4354075.0,-114183.0,40
201600002904,16,7,10,2000,1,1,3,1,3.0,40211,M,4361393.0,-118001.0,40
201600002905,16,9,29,1845,1,1,1,1,3.0,40095,M,4359873.0,-91418.0,40
201600002906,16,1,5,830,2,1,1,2,1.0,40291,M,4367687.0,-134279.0,40
201600002907,16,3,21,1830,2,1,3,7,1.0,40168,M,4378257.0,-120845.0,40
201600002908,16,3,27,1900,1,2,1,1,3.0,40284,M,4365665.0,-131332.0,40
201600002909,16,4,26,1415,1,1,1,1,6.0,40168,M,4379741.0,-123526.0,40
201600002910,16,7,6,1700,1,2,2,1,3.0,40187,M,4384795.0,-135803.0,40
201600002911,16,8,28,2145,5,2,1,2,3.0,40317,M,4369008.0,-133324.0,40
201600002912,16,1,15,1930,5,2,1,3,1.0,40312,M,4353354.0,-146089.0,40
201600002913,16,3,28,1445,1,1,1,1,1.0,40209,M,4358091.0,-145666.0,40
201600002914,16,3,30,745,1,2,1,1,3.0,40312,M,4352990.0,-146220.0,40
201600002915,16,5,13,845,1,2,1,1,3.0,40312,M,4352988.0,-146221.0,40
201600002916,16,7,12,715,2,2,1,2,6.0,40312,M,4355072.0,-146027.0,40
201600002917,16,7,15,30,3,1,1,1,6.0,40268,M,4353653.0,-126520.0,40
201600002918,16,7,18,1835,1,1,1,1,3.0,40312,M,4355547.0,-145515.0,40
201600002919,16,7,27,1710,1,2,1,1,1.0,40273,M,4352924.0,-138917.0,40
201600002920,16,8,13,850,1,2,1,1,2.0,40312,M,4354311.0,-146944.0,40
201600002921,16,8,25,2030,2,2,1,1,1.0,40273,M,4354196.0,-138991.0,40
201600002922,16,1,5,1810,5,2,1,3,6.0,40046,M,4439286.0,-116433.0,40
201600002923,16,3,9,1745,1,2,1,1,6.0,40046,M,4439800.0,-116609.0,40
201600002924,16,5,11,1145,1,1,2,1,1.0,40046,M,4442633.0,-116812.0,40
201600002925,16,6,27,1015,1,1,1,1,6.0,40046,M,4445505.0,-120065.0,40
201600002926,16,7,9,445,3,1,1,1,7.0,40217,M,4439110.0,-107529.0,40
201600002927,16,7,29,445,2,1,1,1,7.0,40046,M,4437007.0,-111692.0,40
201600002928,16,7,31,2015,1,1,1,1,6.0,40046,M,4443057.0,-122423.0,40
201600002929,16,9,28,1615,1,1,1,1,6.0,40287,M,4450566.0,-106143.0,40
201600002930,16,6,2,2000,1,1,1,1,1.0,40302,M,4404540.0,-99368.0,40
201600002931,16,8,15,1240,1,1,1,1,6.0,40163,M,4425738.0,-99117.0,40
201600002932,16,9,23,1000,1,1,1,1,7.0,40303,M,4410539.0,-90122.0,40
201600002933,16,9,28,1300,1,1,1,1,6.0,40163,M,4419265.0,-97739.0,40
201600002934,16,5,6,845,1,2,1,1,6.0,40307,M,4432543.0,-57476.0,40
201600002935,16,6,7,1130,1,2,1,1,1.0,40200,M,4436060.0,-76214.0,40
201600002936,16,8,6,1915,1,1,1,1,7.0,40060,M,4364180.0,-134258.0,40
201600002937,16,8,12,1430,1,1,1,1,6.0,40295,M,4435070.0,-85709.0,40
201600002938,16,8,28,245,3,1,1,1,2.0,40227,M,4432932.0,-77791.0,40
201600002939,16,9,2,1515,1,1,1,1,7.0,40200,M,4436670.0,-77076.0,40
201600002940,16,3,3,1815,4,1,1,2,1.0,40229,M,4424993.0,-111703.0,40
201600002941,16,6,26,230,3,1,1,1,6.0,40184,M,4450058.0,-105859.0,40
201600002942,16,7,6,1715,1,1,3,1,1.0,40229,M,4424447.0,-113650.0,40
201600002943,16,9,20,1000,1,2,1,7,6.0,40184,M,4412009.0,-128173.0,40
201600002944,16,4,15,1530,1,1,1,1,2.0,40026,M,4377045.0,-55822.0,40
201600002945,16,9,15,1515,1,2,6,1,3.0,40282,M,4375575.0,-57061.0,40
201600002946,16,1,13,1445,1,1,1,1,7.0,40275,M,4378718.0,-45459.0,40
201600002947,16,3,7,1745,1,1,1,1,1.0,40055,M,4383994.0,-47271.0,40
201600002948,16,5,11,1045,1,2,1,1,6.0,40080,M,4376061.0,-31658.0,40
201600002949,16,5,22,1145,1,1,1,2,1.0,40145,M,4376748.0,-41788.0,40
201600002950,16,7,31,200,5,2,1,1,6.0,40049,M,4377343.0,-36165.0,40
201600002951,16,9,8,1845,1,1,1,1,6.0,40082,M,4371870.0,-39031.0,40
201600002952,16,9,26,815,1,1,1,1,6.0,40282,M,4378167.0,-56356.0,40
201600002953,16,4,4,1215,1,1,2,1,3.0,40137,M,4396558.0,-31496.0,40
201600002954,16,5,17,1530,1,1,1,1,3.0,40158,M,4405324.0,-7556.0,40
201600002955,16,7,7,1800,1,1,1,1,1.0,40267,M,4397641.0,-24377.0,40
201600002956,16,7,21,1900,1,1,1,1,3.0,40051,M,4388588.0,-38372.0,40
201600002957,16,9,12,930,1,1,2,1,3.0,40161,M,4410283.0,-1485.0,40
201600002958,16,1,1,530,2,1,1,5,6.0,47069,M,4421950.0,59077.0,47
201600002959,16,4,2,1415,1,2,1,1,6.0,47293,M,4415240.0,70301.0,47
201600002960,16,4,3,1000,1,2,3,1,1.0,47145,M,4412860.0,65971.0,47
201600002961,16,11,26,1545,1,2,6,1,7.0,47209,M,4421410.0,65140.0,47
201600002962,16,4,26,1900,1,1,3,1,5.0,47040,M,4419300.0,55048.0,47
201600002963,16,5,1,2345,3,1,1,1,6.0,47069,M,4422040.0,52860.0,47
201600002964,16,5,18,1915,1,2,9,1,1.0,47225,M,4417610.0,55869.0,47
201600002965,16,5,20,1245,1,2,1,1,1.0,47016,M,4414070.0,56134.0,47
201600002966,16,2,25,1915,3,1,3,2,1.0,47004,M,4427490.0,33543.0,47
201600002967,16,7,7,30,3,1,1,1,6.0,47125,M,4431870.0,46573.0,47
201600002968,16,8,20,800,1,1,1,2,6.0,47140,M,4427560.0,63030.0,47
201600002969,16,10,21,1400,1,1,1,1,7.0,47154,M,4426960.0,52914.0,47
201600002970,16,11,9,900,1,1,1,2,7.0,47038,M,4432290.0,41778.0,47
201600002971,16,11,21,1000,1,1,3,2,3.0,47004,M,4429520.0,34222.0,47
201600002972,16,12,10,1145,1,1,1,1,1.0,47190,M,4435540.0,51780.0,47
201600002973,16,12,14,815,2,1,1,9,7.0,47213,M,4427810.0,50638.0,47
201600002974,16,3,27,1115,1,1,3,1,1.0,47138,M,4427130.0,76916.0,47
201600002975,16,4,9,1815,1,1,1,1,5.0,47075,M,4430310.0,70022.0,47
201600002976,16,6,11,1200,1,2,1,1,2.0,47138,M,4428390.0,76113.0,47
201600002977,16,6,28,715,1,1,1,1,1.0,47269,M,4417260.0,74331.0,47
201600002978,16,6,28,1700,1,1,1,1,1.0,47269,M,4419100.0,76365.0,47
201600002979,16,7,5,1745,1,1,1,1,3.0,47269,M,4418930.0,76156.0,47
201600002980,16,7,22,1745,1,1,1,1,1.0,47274,M,4414430.0,78004.0,47
201600002981,16,8,31,945,1,1,2,1,3.0,47234,M,4420510.0,77510.0,47
201600002982,16,11,5,1915,3,1,1,8,7.0,47273,M,4424960.0,77926.0,47
201600002983,16,11,23,1445,1,1,1,2,1.0,47305,M,4419670.0,80407.0,47
201600002984,16,12,12,1515,1,1,1,1,7.0,47051,M,4419420.0,71853.0,47
201600002985,16,1,28,645,5,2,1,1,2.0,47157,M,4450590.0,14818.0,47
201600002986,16,1,30,1700,1,1,1,1,1.0,47326,M,4451930.0,22339.0,47
201600002987,16,2,3,1645,1,1,9,1,3.0,47326,M,4450290.0,23541.0,47
201600002988,16,2,8,1900,5,2,1,2,2.0,47157,M,4450300.0,17539.0,47
201600002989,16,2,9,1745,1,2,1,2,2.0,47157,M,4450310.0,16215.0,47
201600002990,16,2,16,1800,2,1,1,1,1.0,47326,M,4453340.0,23932.0,47
201600002991,16,3,11,2020,3,1,1,1,1.0,47157,M,4449080.0,14861.0,47
201600002992,16,4,23,1100,1,1,1,1,3.0,47157,M,4448520.0,18276.0,47
201600002993,16,5,23,745,1,1,1,1,2.0,47157,M,4451700.0,12353.0,47
201600002994,16,6,4,1945,1,1,1,1,6.0,47157,M,4448490.0,14655.0,47
201600002995,16,7,7,845,1,1,1,1,6.0,47157,M,4449170.0,14897.0,47
201600002996,16,7,27,1000,1,1,4,1,3.0,47326,M,4450540.0,27251.0,47
201600002997,16,8,7,1500,1,2,2,1,2.0,47157,M,4450120.0,15876.0,47
201600002998,16,9,13,800,1,1,6,1,3.0,47157,M,4450920.0,19417.0,47
201600002999,16,9,25,1630,1,1,1,2,7.0,47024,M,4453870.0,14111.0,47
201600003000,16,10,13,1515,1,1,1,1,7.0,47157,M,4448000.0,14488.0,47
201600003001,16,10,21,300,5,1,6,5,7.0,47157,M,4449280.0,15034.0,47
201600003002,16,10,30,645,3,2,1,5,1.0,47326,M,4450300.0,23435.0,47
201600003003,16,11,24,730,5,2,1,2,6.0,47157,M,4449950.0,18122.0,47
201600003004,16,11,23,1930,3,1,1,3,7.0,47088,M,4454090.0,24604.0,47
201600003005,16,12,1,1930,3,1,1,1,3.0,47263,M,4447130.0,19897.0,47
201600003006,16,12,7,1505,1,1,2,7,3.0,47028,M,4448120.0,25783.0,47
201600003007,16,12,19,1530,1,1,1,1,1.0,47157,M,4450780.0,18999.0,47
201600003008,16,3,27,2015,2,2,3,1,3.0,47168,M,4459940.0,36759.0,47
201600003009,16,7,23,1130,1,1,1,1,3.0,47204,M,4456890.0,32174.0,47
201600003010,16,9,30,1515,1,1,3,1,2.0,47147,M,4463170.0,19950.0,47
201600003011,16,10,4,1100,1,2,2,1,6.0,47168,M,4460260.0,35914.0,47
201600003012,16,12,20,1745,2,1,3,1,3.0,47290,M,4464410.0,32952.0,47
201600003013,16,8,8,1315,1,1,1,1,7.0,47244,M,4436070.0,14048.0,47
201600003014,16,9,4,1530,1,1,2,1,3.0,47191,M,4443490.0,7124.0,47
201600003015,16,9,8,1245,1,1,1,1,7.0,47068,M,4445000.0,3296.0,47
201600003016,16,10,27,1630,1,1,2,1,5.0,47257,M,4456190.0,9027.0,47
201600003017,16,1,29,1915,2,1,1,1,7.0,47065,M,4436800.0,37519.0,47
201600003018,16,1,17,1000,1,1,1,1,7.0,47110,M,4443560.0,32003.0,47
201600003019,16,12,14,1830,3,1,1,1,5.0,47325,M,4435820.0,26333.0,47
201600003020,16,12,17,1630,1,2,1,1,6.0,47310,M,4439120.0,30405.0,47
201600003021,16,3,17,930,1,1,1,1,3.0,47052,M,4426980.0,28209.0,47
201600003022,16,8,2,1500,1,1,1,1,1.0,47119,M,4418020.0,2806.0,47
201600003023,16,8,5,1845,1,2,1,1,7.0,47052,M,4432510.0,8251.0,47
201600003024,16,8,12,1845,1,1,2,1,3.0,47320,M,4431840.0,20024.0,47
201600003025,16,10,15,1315,1,1,1,1,6.0,47078,M,4428090.0,30370.0,47
201600003026,16,10,15,1800,1,1,1,1,7.0,47220,M,4434590.0,22598.0,47
201600003027,16,11,28,815,1,1,2,5,1.0,47250,M,4428970.0,31189.0,47
201600003028,16,6,10,845,1,1,1,1,1.0,47175,M,4450980.0,75519.0,47
201600003029,16,6,25,745,1,1,1,1,6.0,47203,M,4438740.0,79567.0,47
201600003030,16,7,1,2245,5,2,1,1,6.0,47315,M,4443360.0,86043.0,47
201600003031,16,7,8,1900,1,1,3,1,5.0,47291,M,4446320.0,72641.0,47
201600003032,16,9,1,1400,1,1,2,1,3.0,47184,M,4459630.0,66443.0,47
201600003033,16,2,27,945,1,2,6,1,6.0,47324,M,4463640.0,73970.0,47
201600003034,16,3,20,100,3,1,1,2,7.0,47152,M,4460220.0,60715.0,47
201600003035,16,6,13,1841,1,1,1,2,6.0,47096,M,4464590.0,63128.0,47
201600003036,16,12,30,2030,3,1,3,1,7.0,47152,M,4458070.0,60184.0,47
201600003037,16,7,22,2100,2,1,1,2,6.0,47070,M,4447720.0,90617.0,47
201600003038,16,8,16,845,1,2,1,7,6.0,47283,M,4447780.0,94943.0,47
201600003039,16,11,8,930,1,1,1,2,7.0,47017,M,4434090.0,79905.0,47
201600003040,16,2,24,1700,1,1,2,8,3.0,47081,M,4433850.0,62343.0,47
201600003041,16,5,27,1615,1,1,2,1,3.0,47081,M,4433850.0,62343.0,47
201600003042,16,7,22,2000,2,1,3,3,5.0,47309,M,4451230.0,44747.0,47
201600003043,16,8,10,1815,1,1,1,1,5.0,47252,M,4439080.0,59422.0,47
201600003044,16,9,9,1200,1,2,6,1,3.0,47252,M,4439880.0,59137.0,47
201600003045,16,10,22,1100,1,1,2,1,3.0,47081,M,4433850.0,62343.0,47
201600003046,16,11,13,1745,2,1,1,8,1.0,47081,M,4437780.0,57499.0,47
201600003047,16,11,18,1200,1,2,1,2,6.0,47252,M,4440110.0,59747.0,47
201600003048,16,11,19,1700,2,1,3,2,3.0,47252,M,4439050.0,56695.0,47
201600003049,16,1,8,1730,1,2,1,1,6.0,64230,M,4322875.0,-38849.0,64
201600003050,16,8,19,1630,1,2,2,1,3.0,64230,M,4322970.0,-38858.0,64
201600003051,16,9,3,1615,1,1,1,1,1.0,64230,M,4319657.0,-38911.0,64
201600003052,16,9,17,1100,1,1,1,2,6.0,64230,M,4320355.0,-41430.0,64
201600003053,16,5,22,1615,1,1,1,3,7.0,64230,M,4317368.0,-39430.0,64
201600003054,16,11,27,1545,1,1,1,1,3.0,64478,M,4328810.0,-43800.0,64
201600003055,16,12,30,2045,3,1,1,5,5.0,64230,M,4323814.0,-39089.0,64
201600003056,16,6,9,1515,1,1,1,1,6.0,64405,M,4334651.0,-25437.0,64
201600003057,16,3,23,1745,1,2,1,1,1.0,64511,M,4341340.0,-36676.0,64
201600003058,16,12,14,1600,1,1,6,7,2.0,64060,M,4332000.0,-45700.0,64
201600003059,16,2,15,1930,5,1,1,1,6.0,64405,M,4335100.0,-26353.0,64
201600003060,16,4,29,900,1,2,1,1,1.0,64343,M,4327800.0,-18400.0,64
201600003061,16,7,4,1100,1,1,1,1,7.0,64227,M,4336497.0,-20216.0,64
201600003062,16,9,18,600,3,1,1,1,1.0,64216,M,4325005.0,-17237.0,64
201600003063,16,9,30,1715,1,2,1,1,3.0,64472,M,4337435.0,-30322.0,64
201600003064,16,10,25,1800,1,2,1,1,3.0,64419,M,4326950.0,-21181.0,64
201600003065,16,10,29,800,3,2,1,1,2.0,64059,M,4328033.0,-23833.0,64
201600003066,16,12,10,1715,2,1,1,1,6.0,64238,M,4324819.0,-8956.0,64
201600003067,16,1,15,2045,3,1,1,8,6.0,64302,M,4321135.0,-21654.0,64
201600003068,16,1,22,1000,1,2,2,2,3.0,64138,M,4324061.0,-27801.0,64
201600003069,16,3,21,1345,1,1,1,1,6.0,64498,M,4316614.0,-17406.0,64
201600003070,16,5,12,1230,1,1,1,1,6.0,64023,M,4324515.0,-25440.0,64
201600003071,16,6,27,1000,1,1,1,1,3.0,64302,M,0.0,0.0,64
201600003072,16,8,5,915,1,1,1,1,6.0,64453,M,4319963.0,-10658.0,64
201600003073,16,8,31,1130,1,1,1,1,1.0,64270,M,4314475.0,-24011.0,64
201600003074,16,9,22,1030,1,2,1,1,3.0,64339,M,4312351.0,-20652.0,64
201600003075,16,12,5,815,1,1,1,1,3.0,64453,M,4318454.0,-12261.0,64
201600003076,16,12,8,1515,1,1,1,1,6.0,64109,M,4318657.0,-21226.0,64
201600003077,16,1,3,445,3,1,1,1,6.0,64180,M,4355684.0,-22007.0,64
201600003078,16,1,24,615,3,1,1,2,6.0,64374,M,4343625.0,-48250.0,64
201600003079,16,4,16,1100,1,1,1,1,5.0,64234,M,4352118.0,-47919.0,64
201600003080,16,4,22,1945,1,1,1,1,7.0,64070,M,4343559.0,-31351.0,64
201600003081,16,6,21,730,2,1,1,1,3.0,64560,M,4346425.0,-38678.0,64
201600003082,16,9,13,1000,1,1,1,1,1.0,64523,M,4345574.0,-26597.0,64
201600003083,16,9,23,1800,1,1,1,1,2.0,64415,M,4339540.0,-32340.0,64
201600003084,16,9,24,1845,1,1,1,1,6.0,64180,M,4355876.0,-23494.0,64
201600003085,16,11,2,1430,1,1,1,1,6.0,64070,M,4344489.0,-32460.0,64
201600003086,16,11,5,1500,1,2,9,1,6.0,64063,M,4353634.0,-41027.0,64
201600003087,16,2,28,1045,1,1,1,8,3.0,64407,M,4348520.0,-144102.0,64
201600003088,16,6,30,1800,1,1,1,1,1.0,64407,M,4346250.0,-140643.0,64
201600003089,16,10,18,1530,1,1,1,1,3.0,64100,M,4343321.0,-150760.0,64
201600003090,16,1,8,1900,3,1,1,2,5.0,64161,M,4350938.0,-111174.0,64
201600003091,16,6,14,1215,1,1,1,1,1.0,64256,M,4343469.0,-132255.0,64
201600003092,16,8,9,1430,1,1,1,1,3.0,64250,M,0.0,0.0,64
201600003093,16,8,26,1630,1,1,1,1,1.0,64256,M,4337904.0,-134142.0,64
201600003094,16,8,28,1900,1,2,1,1,3.0,64476,M,4332655.0,-121086.0,64
201600003095,16,2,14,1215,1,1,1,6,1.0,64527,M,4335360.0,-147347.0,64
201600003096,16,2,24,845,1,2,1,1,3.0,64065,M,4334660.0,-162223.0,64
201600003097,16,2,28,330,5,1,2,2,3.0,64065,M,4336210.0,-163675.0,64
201600003098,16,4,6,1700,1,1,1,1,6.0,64495,M,4334544.0,-155189.0,64
201600003099,16,5,4,945,1,1,1,1,3.0,64504,M,4329997.0,-156880.0,64
201600003100,16,8,20,1730,1,2,1,1,3.0,64009,M,4340261.0,-157470.0,64
201600003101,16,9,2,1745,1,1,1,1,3.0,64495,M,4331772.0,-30275.0,64
201600003102,16,9,13,1715,1,1,1,3,5.0,64009,M,4341581.0,-157500.0,64
201600003103,16,10,8,1600,1,1,1,1,1.0,64009,M,4341547.0,-157491.0,64
201600003104,16,12,7,1030,1,1,1,1,1.0,64504,M,4330500.0,-156600.0,64
201600003105,16,12,18,1445,1,2,1,1,3.0,64495,M,4334800.0,-152600.0,64
201600003106,16,2,6,1430,1,2,1,1,6.0,64558,M,4343290.0,-143882.0,64
201600003107,16,3,14,1915,2,2,1,1,3.0,64255,M,4338000.0,-142200.0,64
201600003108,16,4,23,2345,3,2,1,1,1.0,64038,M,4344013.0,-151941.0,64
201600003109,16,5,13,600,3,1,1,2,2.0,64547,M,4340973.0,-146964.0,64
201600003110,16,6,5,1130,1,2,1,1,1.0,64213,M,4334779.0,-143743.0,64
201600003111,16,6,12,630,1,1,1,1,6.0,64038,M,4343183.0,-151360.0,64
201600003112,16,6,21,900,1,2,1,7,3.0,64547,M,4343190.0,-155120.0,64
201600003113,16,6,25,1700,1,1,1,1,1.0,64100,M,4344500.0,-151654.0,64
201600003114,16,9,6,200,5,2,1,1,7.0,64213,M,4334190.0,-144218.0,64
201600003115,16,9,29,1215,1,1,1,1,1.0,64279,M,4331661.0,-140355.0,64
201600003116,16,10,23,1445,1,1,1,1,7.0,64317,M,4335514.0,-142131.0,64
201600003117,16,10,29,1215,1,1,1,1,3.0,64547,M,4334200.0,-157400.0,64
201600003118,16,11,8,1630,1,1,1,2,1.0,64547,M,4341625.0,-147869.0,64
201600003119,16,12,19,1800,5,2,6,2,3.0,64527,M,4334071.0,-147301.0,64
201600003120,16,12,28,1615,1,2,3,1,3.0,64160,M,4336000.0,-139600.0,64
201600003121,16,5,22,2030,1,1,1,3,6.0,64303,M,4310512.0,-85455.0,64
201600003122,16,7,16,2045,1,2,1,1,6.0,64371,M,4321121.0,-89456.0,64
201600003123,16,2,10,1315,1,1,1,3,7.0,64538,M,4315020.0,-125337.0,64
201600003124,16,2,13,1230,1,2,1,7,3.0,64297,M,4319220.0,-116510.0,64
201600003125,16,8,26,1630,1,1,1,1,3.0,64477,M,4318259.0,-138915.0,64
201600003126,16,9,17,1130,1,1,1,2,3.0,64066,M,4318753.0,-125252.0,64
201600003127,16,10,27,730,5,2,1,1,6.0,64477,M,4317983.0,-133968.0,64
201600003128,16,11,20,1245,1,2,1,1,6.0,64066,M,4316817.0,-126088.0,64
201600003129,16,2,2,1215,1,1,1,8,1.0,64436,M,4321030.0,-128023.0,64
201600003130,16,3,17,900,1,1,1,1,1.0,64368,M,4339300.0,-109700.0,64
201600003131,16,3,26,1230,1,1,1,1,5.0,64493,M,4332693.0,-103542.0,64
201600003132,16,4,13,2115,3,1,1,1,1.0,64285,M,4325063.0,-106345.0,64
201600003133,16,7,21,1600,1,1,1,1,7.0,64425,M,4339423.0,-116629.0,64
201600003134,16,7,29,1845,1,1,1,1,7.0,64051,M,4342884.0,-110208.0,64
201600003135,16,8,6,1030,1,2,1,1,2.0,64436,M,4323211.0,-129928.0,64
201600003136,16,12,30,1030,1,1,1,1,7.0,64539,M,4327611.0,-102601.0,64
201600003137,16,5,20,1915,1,2,1,1,3.0,64422,M,4317995.0,-64003.0,64
201600003138,16,6,8,1615,1,2,1,1,3.0,64064,M,4312214.0,-61352.0,64
201600003139,16,7,17,915,1,1,1,1,5.0,64409,M,4323428.0,-66731.0,64
201600003140,16,8,27,2200,2,2,1,1,6.0,64422,M,4319095.0,-60686.0,64
201600003141,16,10,2,1130,1,1,1,1,6.0,64422,M,4318342.0,-58024.0,64
201600003142,16,12,15,1615,1,2,1,1,6.0,64252,M,4317100.0,-60300.0,64
201600003143,16,7,3,1615,1,1,1,1,7.0,64136,M,4287625.0,-57670.0,64
201600003144,16,12,21,1700,1,1,1,1,6.0,64136,M,4291552.0,-57497.0,64
201600003145,16,6,12,1730,1,1,1,1,5.0,64320,M,4301164.0,-42277.0,64
201600003146,16,8,5,2300,3,1,1,1,7.0,64529,M,4331271.0,-76798.0,64
201600003147,16,2,8,1245,1,1,1,1,6.0,64312,M,4344720.0,-82991.0,64
201600003148,16,4,18,1645,1,1,1,1,6.0,64135,M,4353667.0,-78519.0,64
201600003149,16,7,1,15,5,2,1,1,7.0,64430,M,4348075.0,-75436.0,64
201600003150,16,8,12,1530,1,2,1,1,1.0,64286,M,4345313.0,-77459.0,64
201600003151,16,8,23,1115,1,2,1,1,6.0,64430,M,4348838.0,-77253.0,64
201600003152,16,12,5,1715,2,2,1,1,2.0,64430,M,4348986.0,-78919.0,64
201600003153,16,2,3,1215,1,1,1,2,3.0,64083,M,4339110.0,-96821.0,64
201600003154,16,8,28,130,3,1,1,1,6.0,64096,M,4338440.0,-89931.0,64
201600003155,16,4,14,1815,1,2,9,2,3.0,86062,M,0.0,0.0,86
201600003156,16,5,22,230,3,1,1,8,6.0,86222,M,0.0,0.0,86
201600003157,16,9,2,1230,1,2,1,1,2.0,86062,M,0.0,0.0,86
201600003158,16,9,14,2200,5,2,1,2,6.0,86115,M,4667802.0,37902.0,86
201600003159,16,12,27,1515,1,1,1,1,3.0,86222,M,0.0,0.0,86
201600003160,16,3,16,800,1,1,1,1,1.0,86045,M,0.0,0.0,86
201600003161,16,7,20,845,1,1,1,8,5.0,86053,M,4673400.0,18700.0,86
201600003162,16,10,30,2030,3,1,1,1,7.0,86089,M,0.0,0.0,86
201600003163,16,11,17,1330,1,1,1,2,7.0,86160,M,0.0,0.0,86
201600003164,16,11,28,1445,1,1,1,1,6.0,86030,M,0.0,0.0,86
201600003165,16,12,9,1845,5,2,6,1,3.0,86177,M,0.0,0.0,86
201600003166,16,12,14,1815,3,2,1,1,3.0,86281,M,4672870.0,30371.0,86
201600003167,16,2,23,745,1,1,1,2,6.0,86094,M,0.0,0.0,86
201600003168,16,3,6,1030,1,2,1,1,3.0,86290,M,4645540.0,36880.0,86
201600003169,16,3,27,900,1,1,1,1,6.0,86105,M,4643390.0,42925.0,86
201600003170,16,4,15,715,2,1,1,8,6.0,86103,M,0.0,0.0,86
201600003171,16,5,16,2030,1,2,1,1,6.0,86290,M,4645310.0,36750.0,86
201600003172,16,6,20,1015,1,1,1,1,6.0,86010,M,0.0,0.0,86
201600003173,16,7,7,1800,1,2,1,1,2.0,86038,M,4635590.0,46338.0,86
201600003174,16,7,21,645,1,1,1,1,1.0,86263,M,4652330.0,37960.0,86
201600003175,16,9,12,745,1,1,1,1,1.0,86248,M,0.0,0.0,86
201600003176,16,6,6,1630,1,2,1,1,7.0,86293,M,0.0,0.0,86
201600003177,16,6,29,945,1,1,1,1,3.0,86278,M,0.0,0.0,86
201600003178,16,8,4,2345,3,2,1,1,6.0,86244,M,0.0,0.0,86
201600003179,16,12,24,115,4,2,9,2,6.0,86039,M,0.0,0.0,86
201600003180,16,12,30,1115,2,1,1,9,7.0,86050,M,0.0,0.0,86
201600003181,16,2,27,1630,1,1,1,1,6.0,86297,M,4655800.0,26100.0,86
201600003182,16,4,7,1730,1,1,1,1,4.0,86100,M,0.0,0.0,86
201600003183,16,8,17,2000,1,2,1,1,1.0,86142,M,4667600.0,9400.0,86
201600003184,16,9,4,645,2,2,1,1,1.0,86017,M,0.0,0.0,86
201600003185,16,4,29,1800,1,2,2,1,1.0,86174,M,4676070.0,47950.0,86
201600003186,16,5,4,1515,1,1,2,1,3.0,86197,M,0.0,0.0,86
201600003187,16,6,21,2300,3,1,1,1,7.0,86137,M,0.0,0.0,86
201600003188,16,7,9,1845,1,2,1,7,5.0,86196,M,0.0,0.0,86
201600003189,16,8,24,1400,1,1,1,1,7.0,86018,M,0.0,0.0,86
201600003190,16,9,3,115,4,2,1,1,6.0,86137,M,4700896.0,8318.0,86
201600003191,16,10,27,1545,1,1,1,1,6.0,86044,M,0.0,0.0,86