Num_Acc,an,mois,jour,hrmn,lum,agg,int,atm,col,com,gps,lat,long,dep
201600003192,16,10,3,1515,1,1,1,1,7.0,86090,M,0.0,0.0,86
201600003193,16,11,6,315,3,1,1,9,7.0,86229,M,0.0,0.0,86
201600003194,16,11,20,1330,1,1,1,8,7.0,86137,M,0.0,0.0,86
201600003195,16,7,21,1900,1,1,1,1,7.0,86258,M,0.0,0.0,86
201600003196,16,7,25,1845,1,2,1,1,3.0,86174,M,4677320.0,48260.0,86
201600003197,16,8,1,1045,1,1,1,1,3.0,86258,M,0.0,0.0,86
201600003198,16,7,20,1215,1,1,9,9,3.0,86111,M,0.0,0.0,86
201600003199,16,7,25,1000,1,1,1,1,1.0,86186,M,0.0,0.0,86
201600003200,16,8,21,2245,3,1,1,1,3.0,86130,M,4689121.0,67739.0,86
201600003201,16,9,26,1715,1,1,1,1,2.0,86092,M,0.0,0.0,86
201600003202,16,4,9,1400,1,1,1,2,1.0,86288,M,4673500.0,80200.0,86
201600003203,16,6,26,1900,1,1,1,1,4.0,86245,M,0.0,0.0,86
201600003204,16,11,6,1845,5,2,1,1,6.0,86207,M,4678699.0,81114.0,86
201600003205,16,11,17,1015,1,1,1,9,2.0,86014,M,0.0,0.0,86
201600003206,16,11,26,1900,3,1,1,1,6.0,86014,M,0.0,0.0,86
201600003207,16,6,24,1715,1,1,1,1,7.0,86085,M,4685340.0,22190.0,86
201600003208,16,12,16,2345,3,2,1,5,6.0,86075,M,4681455.0,16544.0,86
201600003209,16,7,7,1645,1,1,1,1,7.0,86289,M,0.0,0.0,86
201600003210,16,2,6,1545,1,1,1,1,7.0,86190,M,0.0,0.0,86
201600003211,16,3,2,1430,1,1,1,1,6.0,86191,M,4647880.0,83390.0,86
201600003212,16,6,18,1830,1,1,3,1,3.0,86262,M,0.0,0.0,86
201600003213,16,4,14,1830,1,1,1,1,7.0,86120,M,0.0,0.0,86
201600003214,16,5,17,1945,1,1,1,1,5.0,86140,M,0.0,0.0,86
201600003215,16,10,28,2115,3,1,1,1,6.0,86118,M,0.0,0.0,86
201600003216,16,2,10,2130,3,1,1,1,4.0,86226,M,0.0,0.0,86
201600003217,16,5,4,1800,1,1,1,1,6.0,86187,M,4656400.0,77700.0,86
201600003218,16,5,23,930,1,1,1,1,3.0,86031,M,0.0,0.0,86
201600003219,16,7,2,1945,1,1,1,1,3.0,86070,M,0.0,0.0,86
201600003220,16,7,13,1200,1,1,1,1,1.0,86226,M,0.0,0.0,86
201600003221,16,9,13,1630,1,1,1,1,6.0,86114,M,0.0,0.0,86
201600003222,16,9,30,1630,1,1,1,2,3.0,86070,M,0.0,0.0,86
201600003223,16,10,12,1530,1,1,1,8,1.0,86198,M,0.0,0.0,86
201600003224,16,10,19,1345,1,2,1,1,3.0,86226,M,0.0,0.0,86
201600003225,16,11,8,1830,3,1,1,1,2.0,86256,M,0.0,0.0,86
201600003226,16,1,16,1445,1,1,1,1,1.0,86055,M,4619840.0,40562.0,86
201600003227,16,1,17,200,3,2,1,1,3.0,86078,M,4613554.0,30845.0,86
201600003228,16,6,23,1345,1,2,3,1,3.0,86237,M,4614820.0,27200.0,86
201600003229,16,7,3,1930,2,1,1,1,7.0,86061,M,0.0,0.0,86
201600003230,16,9,18,1545,1,1,2,1,3.0,86104,M,0.0,0.0,86
201600003231,16,9,28,1145,1,1,1,1,3.0,86078,M,4614922.0,30022.0,86
201600003232,16,11,26,515,3,1,1,5,6.0,86029,M,0.0,0.0,86
201600003233,16,12,15,1745,3,1,1,1,7.0,86061,M,4615415.0,39986.0,86
201600003234,16,1,2,1430,1,2,1,2,1.0,86289,M,0.0,0.0,86
201600003235,16,8,6,1100,1,1,1,1,6.0,86200,M,4611900.0,52400.0,86
201600003236,16,4,11,915,1,1,1,2,7.0,86015,M,0.0,0.0,86
201600003237,16,3,27,1830,1,1,1,1,7.0,86107,M,0.0,0.0,86
201600003238,16,7,5,1815,1,1,1,1,1.0,86191,M,0.0,0.0,86
201600003239,16,7,13,2330,3,1,1,1,6.0,86120,M,0.0,0.0,86
201600003240,16,9,24,1500,1,1,1,1,6.0,86118,M,0.0,0.0,86
201600003241,16,11,19,1945,3,1,1,1,6.0,86098,M,4657329.0,74451.0,86
201600003242,16,11,24,700,3,1,1,2,6.0,86120,M,4635700.0,94500.0,86
201600003243,16,4,3,2215,3,1,1,2,7.0,16026,M,4572507.0,14699.0,16
201600003244,16,9,21,2215,3,1,3,1,7.0,16078,M,4569957.0,19087.0,16
201600003245,16,11,10,2000,3,1,1,2,6.0,16078,M,4569630.0,18249.0,16
201600003246,16,12,2,1400,1,1,4,1,7.0,16078,M,4572078.0,19989.0,16
201600003247,16,2,21,1830,2,1,1,9,7.0,16119,M,4554510.0,26670.0,16
201600003248,16,3,19,1200,1,1,1,1,3.0,16120,M,4858813.0,27238.0,16
201600003249,16,4,25,2330,3,1,1,1,6.0,16143,M,4553576.0,18028.0,16
201600003250,16,5,15,615,1,1,1,1,6.0,16175,M,4550997.0,-3198.0,16
201600003251,16,7,29,600,2,1,1,1,1.0,16119,M,4553885.0,27392.0,16
201600003252,16,9,16,1600,1,1,1,2,7.0,16120,M,4560583.0,23952.0,16
201600003253,16,9,23,1600,1,1,1,1,7.0,16420,M,4552099.0,12917.0,16
201600003254,16,10,7,2345,3,1,1,1,6.0,16236,M,4558431.0,14997.0,16
201600003255,16,10,18,1830,2,2,1,1,3.0,16046,M,4547387.0,2883.0,16
201600003256,16,2,28,2015,3,1,1,1,6.0,16347,M,4527995.0,12683.0,16
201600003257,16,4,26,1900,1,2,2,1,3.0,16073,M,4526984.0,4778.0,16
201600003258,16,5,11,1140,1,1,2,1,3.0,16004,M,4546871.0,14827.0,16
201600003259,16,5,26,1100,1,2,1,1,6.0,16020,M,4527069.0,17121.0,16
201600003260,16,5,29,1530,1,1,1,1,6.0,16034,M,4522596.0,3565.0,16
201600003261,16,6,9,2330,3,1,1,1,2.0,16130,M,4524941.0,12123.0,16
201600003262,16,6,15,1430,1,1,1,1,6.0,16347,M,4527787.0,11267.0,16
201600003263,16,7,21,1945,1,1,2,1,3.0,16362,M,4538258.0,24963.0,16
201600003264,16,9,26,915,1,1,1,1,1.0,16230,M,4540680.0,13735.0,16
201600003265,16,12,7,2115,3,1,1,1,7.0,16328,M,4536341.0,10562.0,16
201600003266,16,9,22,1400,1,2,1,1,2.0,16097,M,4573341.0,-35522.0,16
201600003267,16,10,31,1750,2,2,2,1,2.0,16058,M,4572093.0,-30151.0,16
201600003268,16,3,21,1200,1,1,1,1,4.0,16053,M,4533201.0,-22311.0,16
201600003269,16,7,1,1630,1,1,1,1,4.0,16028,M,4544664.0,-16949.0,16
201600003270,16,8,8,245,3,1,1,1,6.0,16028,M,4547396.0,-13260.0,16
201600003271,16,9,28,1215,1,1,2,1,3.0,16303,M,4546641.0,-8723.0,16
201600003272,16,10,26,845,1,1,1,5,6.0,16066,M,4532983.0,-3189.0,16
201600003273,16,4,15,730,2,2,8,2,2.0,16202,M,4567165.0,-17890.0,16
201600003274,16,12,6,745,2,1,1,1,4.0,16150,M,4567686.0,-27665.0,16
201600003275,16,1,27,1545,1,1,1,1,1.0,16131,M,4601088.0,71588.0,16
201600003276,16,2,14,630,3,1,1,3,1.0,16106,M,4603946.0,65861.0,16
201600003277,16,6,11,715,1,2,1,1,6.0,16070,M,4587400.0,20468.0,16
201600003278,16,6,28,2245,3,1,1,1,6.0,16363,M,4596026.0,77268.0,16
201600003279,16,8,4,1215,1,1,1,2,6.0,16270,M,4583796.0,73492.0,16
201600003280,16,9,23,1415,1,1,1,1,6.0,16065,M,4607874.0,75316.0,16
201600003281,16,10,22,1145,1,2,1,1,6.0,16376,M,4584615.0,64100.0,16
201600003282,16,11,14,1715,2,1,1,5,1.0,16070,M,4586883.0,71093.0,16
201600003283,16,11,19,1700,2,1,1,1,6.0,16181,M,4506533.0,68249.0,16
201600003284,16,12,3,2145,3,1,1,1,6.0,16007,M,4600350.0,52467.0,16
201600003285,16,1,10,830,2,2,1,3,6.0,16245,M,4586460.0,53848.0,16
201600003286,16,1,28,800,2,1,1,8,6.0,16183,M,4579992.0,64133.0,16
201600003287,16,2,29,1100,1,2,2,1,3.0,16085,M,4583293.0,44963.0,16
201600003288,16,5,27,1800,1,1,2,1,3.0,16192,M,4593641.0,53681.0,16
201600003289,16,7,19,1700,1,1,1,7,1.0,16308,M,4587742.0,46890.0,16
201600003290,16,8,3,1845,1,1,1,1,1.0,16245,M,4586847.0,52829.0,16
201600003291,16,9,24,1030,1,2,1,1,1.0,16245,M,4586459.0,53825.0,16
201600003292,16,12,6,1815,3,1,1,1,6.0,16245,M,4587058.0,52179.0,16
201600003293,16,12,13,1730,2,2,3,1,3.0,16192,M,4588392.0,57450.0,16
201600003294,16,2,6,1430,1,2,1,1,6.0,16292,M,4602197.0,19103.0,16
201600003295,16,2,24,1200,1,1,1,1,1.0,16104,M,4602729.0,23538.0,16
201600003296,16,4,21,1500,1,1,1,1,2.0,16400,M,4598307.0,67571.0,16
201600003297,16,9,5,1035,1,1,1,1,6.0,16292,M,4604636.0,19506.0,16
201600003298,16,5,20,500,3,1,6,1,6.0,16138,M,4565059.0,9936.0,16
201600003299,16,12,10,315,3,1,1,1,5.0,16163,M,4567148.0,-868.0,16
201600003300,16,12,18,1100,1,1,1,1,6.0,16187,M,4564825.0,7095.0,16
201600003301,16,4,19,1715,1,2,1,1,1.0,16393,M,4576393.0,11297.0,16
201600003302,16,12,19,1545,1,1,1,1,6.0,16296,M,4585742.0,29541.0,16
201600003303,16,3,20,945,1,1,2,2,3.0,16280,M,4576373.0,36821.0,16
201600003304,16,5,31,845,1,1,2,2,1.0,16425,M,4574512.0,44300.0,16
201600003305,16,7,1,2115,2,1,1,1,6.0,16250,M,4569774.0,49053.0,16
201600003306,16,9,2,1930,3,1,1,1,1.0,16055,M,4561374.0,31586.0,16
201600003307,16,9,21,1030,1,1,2,1,3.0,16379,M,4557048.0,44127.0,16
201600003308,16,9,25,1815,1,2,1,1,6.0,16093,M,4564400.0,37085.0,16
201600003309,16,9,23,1600,1,1,3,1,2.0,16421,M,4567700.0,-46916.0,16
201600003310,16,11,24,1800,3,1,1,1,7.0,16379,M,4576691.0,39790.0,16
201600003311,16,8,18,1545,1,1,1,1,6.0,16409,M,4602381.0,9007.0,16
201600003312,16,5,12,1545,1,2,1,1,3.0,17010,M,4610497.0,-109991.0,17
201600003313,16,7,12,1900,1,1,1,1,1.0,17109,M,4614868.0,-105154.0,17
201600003314,16,5,27,1945,1,2,3,1,1.0,17059,M,4616422.0,-102658.0,17
201600003315,16,1,2,2045,3,1,1,3,1.0,17218,M,4634685.0,-99734.0,17
201600003316,16,1,27,330,3,1,1,2,2.0,17466,M,4621572.0,-98485.0,17
201600003317,16,2,22,1530,1,1,1,1,6.0,17349,M,4628620.0,-84627.0,17
201600003318,16,3,5,1130,1,1,1,1,2.0,17322,M,4625512.0,-84205.0,17
201600003319,16,3,19,45,3,1,1,1,6.0,17303,M,4628315.0,-78476.0,17
201600003320,16,3,18,2115,3,1,1,1,6.0,17132,M,4620604.0,-72871.0,17
201600003321,16,6,19,845,1,1,1,1,1.0,17091,M,4627364.0,-106789.0,17
201600003322,16,7,29,1645,1,1,1,1,6.0,17008,M,4626376.0,-100884.0,17
201600003323,16,11,26,1645,1,1,1,7,2.0,17349,M,4625717.0,-88210.0,17
201600003324,16,1,23,1145,1,1,1,1,1.0,17360,M,4616667.0,-132442.0,17
201600003325,16,2,8,1145,1,1,1,1,2.0,17121,M,4620225.0,-145119.0,17
201600003326,16,5,5,1730,1,2,1,1,4.0,17297,M,4615881.0,-127001.0,17
201600003327,16,5,27,1630,1,1,1,1,6.0,17019,M,4620186.0,-150915.0,17
201600003328,16,7,9,945,1,1,2,1,3.0,17051,M,4619136.0,-136795.0,17
201600003329,16,7,21,1730,1,2,6,1,3.0,17051,M,4618350.0,-139702.0,17
201600003330,16,8,23,415,2,1,1,1,6.0,17121,M,4620213.0,-145035.0,17
201600003331,16,8,30,645,2,2,1,1,1.0,17297,M,4615829.0,-126519.0,17
201600003332,16,8,28,1745,1,1,1,1,1.0,17121,M,4620370.0,-146379.0,17
201600003333,16,10,28,1415,1,2,6,1,3.0,17369,M,4619707.0,-135515.0,17
201600003334,16,11,2,1745,1,1,3,1,3.0,17297,M,4616081.0,-126200.0,17
201600003335,16,11,30,1130,1,2,1,1,6.0,17161,M,4618792.0,-132847.0,17
201600003336,16,1,10,1815,3,1,1,3,6.0,17454,M,4536047.0,-43191.0,17
201600003337,16,2,29,1745,1,1,1,1,7.0,17270,M,4539577.0,-40730.0,17
201600003338,16,4,21,330,4,1,1,1,6.0,17316,M,4544343.0,-29644.0,17
201600003339,16,4,24,1945,1,2,1,2,1.0,17197,M,4543586.0,-43634.0,17
201600003340,16,7,15,1200,1,1,1,1,7.0,17468,M,4534185.0,-34139.0,17
201600003341,16,7,26,1445,1,2,1,1,3.0,17197,M,4544511.0,-43619.0,17
201600003342,16,11,3,1115,1,2,1,1,6.0,17197,M,4544449.0,-43876.0,17
201600003343,16,12,28,1700,1,1,1,1,2.0,17339,M,4547117.0,-43488.0,17
201600003344,16,1,13,1845,3,1,1,2,3.0,17187,M,4545662.0,-51140.0,17
201600003345,16,1,25,1045,1,1,1,1,1.0,17325,M,4543850.0,-70276.0,17
201600003346,16,2,9,1430,1,1,1,1,7.0,17317,M,4543833.0,-67308.0,17
201600003347,16,9,27,1015,1,1,2,1,1.0,17111,M,4547273.0,-54710.0,17
201600003348,16,12,22,1730,5,2,2,3,3.0,17331,M,4548971.0,-56602.0,17
201600003349,16,6,25,2000,2,1,3,1,3.0,17099,M,4526708.0,-34409.0,17
201600003350,16,6,29,2030,1,1,1,1,2.0,17454,M,4535795.0,-43137.0,17
201600003351,16,9,5,1630,1,2,1,1,6.0,17240,M,4528152.0,-39479.0,17
201600003352,16,9,24,1415,1,1,1,1,1.0,17454,M,4536104.0,-43224.0,17
201600003353,16,2,5,1730,1,2,1,1,1.0,17241,M,4522034.0,-17956.0,17
201600003354,16,3,11,1245,1,1,1,1,1.0,17365,M,4523547.0,-19660.0,17
201600003355,16,4,24,1645,1,1,1,1,6.0,17241,M,4519545.0,-16254.0,17
201600003356,16,8,9,1800,1,2,7,1,6.0,17309,M,4515782.0,-1127.0,17
201600003357,16,8,10,1000,1,1,2,1,3.0,17077,M,4514205.0,-21224.0,17
201600003358,16,8,26,1545,1,1,3,1,3.0,17365,M,4522955.0,-19416.0,17
201600003359,16,8,4,1700,1,2,9,2,6.0,17309,M,4515724.0,-420.0,17
201600003360,16,10,8,1930,3,1,2,1,2.0,17365,M,4522360.0,-20358.0,17
201600003361,16,1,14,900,1,1,1,2,1.0,17185,M,4574017.0,-98316.0,17
201600003362,16,2,10,1630,1,1,1,1,7.0,17219,M,4584004.0,-108999.0,17
201600003363,16,3,16,1045,1,1,1,1,1.0,17351,M,4582280.0,-106953.0,17
201600003364,16,3,26,1730,1,1,1,1,6.0,17189,M,4585148.0,-105323.0,17
201600003365,16,8,6,1515,1,1,1,1,1.0,17058,M,4584553.0,-112838.0,17
201600003366,16,8,23,1730,1,1,1,1,5.0,17219,M,4580604.0,-113199.0,17
201600003367,16,10,15,915,1,2,1,1,3.0,17219,M,4582057.0,-109947.0,17
201600003368,16,11,2,2030,3,2,3,1,3.0,17219,M,4582663.0,-109267.0,17
201600003369,16,10,30,1900,3,1,1,1,1.0,17351,M,4582126.0,-108435.0,17
201600003370,16,9,25,2115,5,1,6,1,1.0,17140,M,4590260.0,-125233.0,17
201600003371,16,3,17,2345,3,1,1,2,6.0,17308,M,4584639.0,-95281.0,17
201600003372,16,4,11,2200,3,1,1,1,6.0,17484,M,4593076.0,-107258.0,17
201600003373,16,6,10,1530,1,2,2,2,3.0,17308,M,4587139.0,-96009.0,17
201600003374,16,7,15,1745,1,1,2,1,3.0,17308,M,4593183.0,-103306.0,17
201600003375,16,9,17,1900,1,1,2,1,1.0,17083,M,4586025.0,-91358.0,17
201600003376,16,10,30,1900,2,1,1,1,5.0,17429,M,4591596.0,-99459.0,17
201600003377,16,2,7,1045,1,1,1,1,1.0,17385,M,4592268.0,-129935.0,17
201600003378,16,4,22,1515,1,1,2,1,1.0,17385,M,4592744.0,-128432.0,17
201600003379,16,6,22,915,1,1,2,1,3.0,17385,M,4592269.0,-129934.0,17
201600003380,16,6,28,2000,1,2,1,1,7.0,17385,M,4594483.0,-130518.0,17
201600003381,16,8,7,1730,1,1,1,1,1.0,17486,M,4599815.0,-136465.0,17
201600003382,16,8,11,700,2,1,1,1,7.0,17337,M,4597436.0,-130174.0,17
201600003383,16,9,1,615,3,1,2,5,1.0,17385,M,4596228.0,-132151.0,17
201600003384,16,9,6,1400,1,1,3,1,3.0,17093,M,4586566.0,-120066.0,17
201600003385,16,10,29,1030,1,1,1,1,1.0,17385,M,4595768.0,-133891.0,17
201600003386,16,1,13,1900,3,2,1,1,6.0,17452,M,4578274.0,-115614.0,17
201600003387,16,4,14,2300,5,2,6,2,7.0,17409,M,4566133.0,-101768.0,17
201600003388,16,5,1,300,3,1,3,1,3.0,17079,M,4571436.0,-106763.0,17
201600003389,16,5,1,1330,1,2,1,1,3.0,17225,M,4571515.0,-115543.0,17
201600003390,16,5,14,1830,1,1,1,1,7.0,17311,M,4569968.0,-111242.0,17
201600003391,16,5,28,1715,1,1,1,2,6.0,17452,M,4572278.0,-122738.0,17
201600003392,16,5,29,1545,1,1,1,1,6.0,17155,M,4571774.0,-110546.0,17
201600003393,16,7,19,1200,1,2,2,1,2.0,17021,M,4575421.0,-114051.0,17
201600003394,16,8,3,2100,2,2,5,1,3.0,17021,M,4573731.0,-110827.0,17
201600003395,16,10,29,1630,1,1,1,1,1.0,17452,M,4579085.0,-118282.0,17
201600003396,16,11,30,1545,1,2,1,1,3.0,17064,M,4569064.0,-105489.0,17
201600003397,16,12,9,515,3,1,1,1,6.0,17064,M,4570996.0,-106439.0,17
201600003398,16,4,7,2215,3,1,1,1,7.0,17320,M,4595917.0,-79898.0,17
201600003399,16,4,17,1715,1,1,1,1,6.0,17353,M,4599996.0,-102620.0,17
201600003400,16,12,3,1830,3,1,2,1,2.0,17320,M,4596069.0,-78066.0,17
201600003401,16,12,17,1815,5,2,1,1,6.0,17216,M,4596114.0,-82304.0,17
201600003402,16,12,29,1715,1,1,1,1,7.0,17075,M,4593170.0,-85475.0,17
201600003403,16,2,1,1125,1,2,1,2,3.0,17434,M,4611318.0,-76173.0,17
201600003404,16,3,18,1415,1,1,1,1,5.0,17338,M,4615198.0,-71269.0,17
201600003405,16,5,16,2115,3,1,1,1,7.0,17203,M,4607176.0,-90176.0,17
201600003406,16,8,10,130,4,2,1,1,3.0,17340,M,4606552.0,-79416.0,17
201600003407,16,8,26,1045,1,1,2,1,3.0,17057,M,4614361.0,-85646.0,17
201600003408,16,9,6,2215,3,1,1,1,6.0,17359,M,4609785.0,-72832.0,17
201600003409,16,9,9,1815,1,1,9,1,2.0,17394,M,4612156.0,-65870.0,17
201600003410,16,10,10,1530,1,2,6,2,6.0,17434,M,4611025.0,-74029.0,17
201600003411,16,10,22,215,5,2,1,1,6.0,17434,M,4610224.0,-73846.0,17
201600003412,16,1,1,2000,3,1,1,8,1.0,17275,M,4571987.0,-73878.0,17
201600003413,16,1,28,830,1,1,1,1,3.0,17336,M,4577415.0,-72429.0,17
201600003414,16,2,15,845,1,1,1,7,6.0,17128,M,4570114.0,-54921.0,17
201600003415,16,3,14,1215,1,1,1,1,1.0,17164,M,4577366.0,-56855.0,17
201600003416,16,3,18,1415,1,1,1,1,2.0,17086,M,4571603.0,-55285.0,17
201600003417,16,3,27,700,2,1,1,2,6.0,17415,M,4573210.0,-60727.0,17
201600003418,16,4,25,1745,1,1,2,1,3.0,17336,M,4576744.0,-71253.0,17
201600003419,16,6,23,100,3,1,2,1,3.0,17191,M,4564060.0,-57976.0,17
201600003420,16,6,26,1500,1,1,1,1,1.0,17336,M,4578162.0,-70809.0,17
201600003421,16,8,25,1600,1,1,1,1,1.0,17336,M,4576706.0,-66744.0,17
201600003422,16,12,7,1715,2,1,2,1,1.0,17086,M,4574552.0,-57333.0,17
201600003423,16,12,29,1830,3,1,2,5,5.0,17395,M,4571856.0,-49485.0,17
201600003424,16,2,3,1615,1,1,1,1,6.0,17404,M,4561354.0,-66349.0,17
201600003425,16,2,3,2045,5,2,1,1,6.0,17015,M,4555477.0,-86037.0,17
201600003426,16,2,18,1845,2,1,2,1,3.0,17131,M,4557926.0,-79344.0,17
201600003427,16,3,2,1130,1,1,1,2,1.0,17183,M,4561398.0,-83279.0,17
201600003428,16,7,24,1930,1,2,1,1,6.0,17230,M,4556288.0,-96735.0,17
201600003429,16,8,13,1400,1,1,1,1,7.0,17425,M,4559794.0,-95653.0,17
201600003430,16,9,24,2030,5,2,2,1,3.0,17230,M,4556508.0,-95677.0,17
201600003431,16,10,7,1800,1,1,2,1,3.0,17469,M,4559635.0,-62282.0,17
201600003432,16,11,2,1800,3,1,3,1,3.0,17196,M,4557084.0,-64773.0,17
201600003433,16,11,26,1800,5,2,1,1,6.0,17133,M,4559644.0,-71233.0,17
201600003434,16,5,21,1600,1,2,1,1,1.0,17418,M,4567206.0,-43075.0,17
201600003435,16,6,20,1900,1,1,1,1,7.0,17242,M,4564938.0,-52544.0,17
201600003436,16,7,9,1015,1,2,3,1,3.0,17283,M,4556270.0,-54163.0,17
201600003437,16,7,12,830,1,1,7,1,6.0,17242,M,4564865.0,-50304.0,17
201600003438,16,10,1,1400,1,1,3,1,3.0,17354,M,4561681.0,-56513.0,17
201600003439,16,11,3,1100,1,1,8,1,3.0,17283,M,4556919.0,-54440.0,17
201600003440,16,1,6,1045,1,1,1,2,3.0,17330,M,4578600.0,-88300.0,17
201600003441,16,4,14,1015,1,1,4,1,3.0,17120,M,4573219.0,-81697.0,17
201600003442,16,6,10,1200,1,1,1,1,1.0,17330,M,4578135.0,-88395.0,17
201600003443,16,6,29,2245,5,2,3,1,6.0,17455,M,4588276.0,-81508.0,17
201600003444,16,7,23,1630,1,1,1,1,3.0,17171,M,4585400.0,-78051.0,17
201600003445,16,10,16,445,3,1,1,1,6.0,17262,M,4574157.0,-73356.0,17
201600003446,16,5,20,1500,1,2,3,1,3.0,17421,M,4567736.0,-94927.0,17
201600003447,16,6,14,1730,1,1,1,1,1.0,17228,M,4564866.0,-95626.0,17
201600003448,16,7,10,1045,1,1,2,1,3.0,17232,M,4566200.0,-84201.0,17
201600003449,16,9,6,330,3,1,9,1,7.0,17393,M,4566601.0,-88830.0,17
201600003450,16,9,19,1615,1,2,1,1,6.0,17421,M,4567442.0,-92629.0,17
201600003451,16,10,26,815,2,1,1,1,1.0,17307,M,4570208.0,-92384.0,17
201600003452,16,12,1,1615,1,2,1,1,6.0,17228,M,4564080.0,-96867.0,17
201600003453,16,2,8,715,2,2,1,1,6.0,17347,M,4594710.0,-52466.0,17
201600003454,16,3,5,130,5,1,1,2,6.0,17226,M,4593590.0,-53532.0,17
201600003455,16,3,20,1300,1,1,1,1,3.0,17465,M,4595794.0,-54214.0,17
201600003456,16,4,7,800,1,1,2,1,3.0,17012,M,4600528.0,-71249.0,17
201600003457,16,5,14,1715,1,1,1,1,7.0,17277,M,4600721.0,-51027.0,17
201600003458,16,5,25,2015,1,1,1,7,1.0,17053,M,4588759.0,-77733.0,17
201600003459,16,9,11,845,1,1,1,1,1.0,17347,M,4594226.0,-48969.0,17
201600003460,16,9,15,1830,1,1,1,1,3.0,17150,M,4597621.0,-43336.0,17
201600003461,16,11,5,1600,1,1,1,1,1.0,17347,M,4593639.0,-52379.0,17
201600003462,16,11,12,1515,1,1,1,2,7.0,17459,M,4593067.0,-47139.0,17
201600003463,16,12,4,930,1,1,2,1,3.0,17181,M,4586903.0,-60356.0,17
201600003464,16,12,11,2000,3,1,1,2,6.0,17436,M,4584672.0,-65596.0,17
201600003465,16,3,3,900,1,1,1,1,1.0,17211,M,4605441.0,-50969.0,17
201600003466,16,3,13,1430,1,2,1,1,7.0,17383,M,4593958.0,-39099.0,17
201600003467,16,12,6,1500,1,1,2,1,3.0,17367,M,4592398.0,-34008.0,17
201600003468,16,1,9,1445,1,1,1,1,6.0,17224,M,4584597.0,-30963.0,17
201600003469,16,2,18,1500,1,1,2,2,5.0,17147,M,4583388.0,-49315.0,17
201600003470,16,7,3,1630,1,1,2,1,3.0,17188,M,4587282.0,-25987.0,17
201600003471,16,11,6,1030,1,2,1,1,2.0,17451,M,4590243.0,-26685.0,17
201600003472,16,12,10,1145,1,2,1,1,6.0,17070,M,4582024.0,-47843.0,17
201600003473,16,12,10,1130,1,2,1,1,6.0,17188,M,4586719.0,-25878.0,17
201600003474,16,12,14,1615,1,1,1,1,1.0,17427,M,4586890.0,-19487.0,17
201600003475,16,12,8,2000,3,1,1,1,2.0,17022,M,4590698.0,-52393.0,17
201600003476,16,10,29,1158,1,1,4,1,3.0,79066,M,4647390.0,-36270.0,79
201600003477,16,7,12,1900,1,2,1,1,1.0,79048,M,4636729.0,-29253.0,79
201600003478,16,7,12,1915,1,1,4,1,3.0,79316,M,4642207.0,-10687.0,79
201600003479,16,8,9,1200,1,2,6,1,6.0,79270,M,4641499.0,-20106.0,79
201600003480,16,8,21,345,3,1,1,1,6.0,79302,M,4643912.0,-20172.0,79
201600003481,16,9,5,1300,1,1,1,1,5.0,79048,M,4634839.0,-35083.0,79
201600003482,16,9,28,2230,5,1,1,1,6.0,79048,M,4639069.0,-25939.0,79
201600003483,16,12,18,1805,4,2,1,5,6.0,79048,M,4635832.0,-29706.0,79
201600003484,16,1,30,1845,3,1,1,2,2.0,79049,M,4679719.0,-51517.0,79
201600003485,16,3,4,330,3,1,1,3,6.0,79049,M,4685854.0,-50753.0,79
201600003486,16,4,22,545,2,1,1,2,7.0,79038,M,4676559.0,-43099.0,79
201600003487,16,5,1,1515,1,2,1,1,6.0,79049,M,4683058.0,-48918.0,79
201600003488,16,8,18,1500,1,1,3,1,2.0,79088,M,4681812.0,-40402.0,79
201600003489,16,9,23,1515,1,1,1,1,6.0,79088,M,4682263.0,-28325.0,79
201600003490,16,12,18,1915,3,1,1,5,4.0,79049,M,4683992.0,-46413.0,79
201600003491,16,6,19,345,3,1,1,1,7.0,79050,M,4686638.0,-61052.0,79
201600003492,16,7,3,1730,1,1,1,1,6.0,79053,M,4699210.0,-44697.0,79
201600003493,16,7,23,1715,1,1,1,1,3.0,79267,M,4650716.0,-23191.0,79
201600003494,16,2,22,715,2,1,1,5,6.0,87177,M,4580850.0,109399.0,87
201600003495,16,3,18,1345,1,1,1,1,3.0,87202,M,4588230.0,109699.0,87
201600003496,16,3,18,1815,1,1,3,1,1.0,87038,M,4590210.0,125234.0,87
201600003497,16,4,3,630,2,1,2,1,3.0,87107,M,4593640.0,118658.0,87
201600003498,16,5,5,1630,1,1,1,1,1.0,87202,M,4589210.0,105699.0,87
201600003499,16,5,5,1415,1,1,1,1,5.0,87107,M,4592720.0,119674.0,87
201600003500,16,6,3,1715,1,1,1,1,6.0,87107,M,4591700.0,119600.0,87
201600003501,16,7,14,1715,1,1,2,1,3.0,87001,M,4574690.0,111126.0,87
201600003502,16,7,25,1330,1,1,2,1,3.0,87202,M,4590280.0,109987.0,87
201600003503,16,8,4,1045,1,1,1,1,5.0,87001,M,4578560.0,111125.0,87
201600003504,16,9,22,1530,1,1,1,1,6.0,87085,M,4583810.0,118831.0,87
201600003505,16,10,4,745,2,1,3,1,3.0,87152,M,4595980.0,117041.0,87
201600003506,16,12,4,2000,5,2,1,1,7.0,87152,M,4595820.0,120577.0,87
201600003507,16,1,14,715,3,1,1,2,3.0,87157,M,4598870.0,147454.0,87
201600003508,16,2,10,1015,1,1,1,1,1.0,87020,M,4595620.0,131886.0,87