Num_Acc,an,mois,jour,hrmn,lum,agg,int,atm,col,com,gps,lat,long,dep
201600003509,16,6,2,700,1,1,1,2,1.0,87125,M,4590380.0,132413.0,87
201600003510,16,7,9,445,4,1,1,1,1.0,87002,M,4596440.0,141304.0,87
201600003511,16,5,4,2115,1,2,1,1,6.0,87040,M,4571260.0,160353.0,87
201600003512,16,5,10,1945,1,1,1,1,6.0,87105,M,4575250.0,159571.0,87
201600003513,16,8,8,2345,3,1,1,1,6.0,87104,M,4571640.0,180743.0,87
201600003514,16,8,30,415,3,1,1,1,7.0,87040,M,4569560.0,158371.0,87
201600003515,16,9,9,630,3,1,1,1,6.0,87117,M,4580900.0,181365.0,87
201600003516,16,10,12,1115,1,1,3,1,5.0,87107,M,4592720.0,119673.0,87
201600003517,16,2,1,745,2,2,1,2,6.0,87161,M,4583730.0,149146.0,87
201600003518,16,3,6,145,5,2,1,2,6.0,87129,M,4584870.0,142870.0,87
201600003519,16,6,3,1145,1,1,1,8,1.0,87167,M,4591690.0,145101.0,87
201600003520,16,8,27,2200,5,1,1,1,6.0,87161,M,4584600.0,145787.0,87
201600003521,16,2,4,1030,1,1,1,1,6.0,87031,M,4555670.0,112523.0,87
201600003522,16,3,7,1345,1,1,1,1,1.0,87187,M,4552000.0,117164.0,87
201600003523,16,5,18,1600,1,2,1,1,6.0,87187,M,,,87
201600003524,16,5,29,1445,1,1,1,2,1.0,87082,M,4555740.0,109075.0,87
201600003525,16,6,7,2330,3,1,1,1,6.0,87112,M,4565990.0,103255.0,87
201600003526,16,6,19,1600,1,2,1,1,6.0,87187,M,4552230.0,120914.0,87
201600003527,16,7,6,2200,5,2,1,1,6.0,87187,M,4551390.0,120561.0,87
201600003528,16,8,10,1200,1,1,9,1,2.0,87077,M,4565450.0,122322.0,87
201600003529,16,12,1,530,3,1,1,1,1.0,87187,M,4552740.0,120985.0,87
201600003530,16,5,28,1530,1,1,1,2,6.0,87109,M,4622090.0,101706.0,87
201600003531,16,8,15,1145,1,1,1,1,1.0,87116,M,4614620.0,106777.0,87
201600003532,16,9,15,1245,1,2,7,1,7.0,87011,M,4612220.0,104848.0,87
201600003533,16,1,24,1600,1,1,1,1,6.0,87197,M,,,87
201600003534,16,11,11,515,3,1,1,2,6.0,87121,M,4614520.0,120547.0,87
201600003535,16,12,5,1445,1,2,3,1,3.0,87014,M,4610650.0,136660.0,87
201600003536,16,3,22,1715,1,1,1,1,6.0,87041,M,4616770.0,126102.0,87
201600003537,16,10,25,1715,1,1,1,1,1.0,87160,M,4628330.0,125270.0,87
201600003538,16,12,17,1530,1,1,1,1,2.0,87006,M,4633100.0,110636.0,87
201600003539,16,1,23,930,1,1,1,2,7.0,87185,M,,,87
201600003540,16,3,4,1415,1,2,1,3,3.0,87154,M,4588650.0,90425.0,87
201600003541,16,4,19,1115,1,2,3,1,3.0,87131,M,4587300.0,82998.0,87
201600003542,16,8,6,2015,1,2,1,1,6.0,87154,M,4589460.0,91074.0,87
201600003543,16,8,17,2200,3,1,1,1,6.0,87154,M,4590000.0,85817.0,87
201600003544,16,10,3,1915,1,1,1,1,6.0,87126,M,4583260.0,85716.0,87
201600003545,16,3,11,1745,1,1,1,1,6.0,87189,M,4573630.0,70485.0,87
201600003546,16,3,25,330,3,1,1,1,6.0,87191,M,4578190.0,110423.0,87
201600003547,16,5,17,400,3,1,1,1,6.0,87191,M,4577470.0,108720.0,87
201600003548,16,11,30,700,3,1,1,1,1.0,87027,M,4563180.0,101135.0,87
201600003549,16,1,7,1045,1,1,1,3,1.0,19146,M,0.0,0.0,19
201600003550,16,4,2,1530,1,1,1,1,1.0,19203,M,4524000.0,173800.0,19
201600003551,16,4,10,2115,3,1,1,1,7.0,19211,M,0.0,0.0,19
201600003552,16,8,22,1200,1,1,1,1,5.0,19203,M,4536500.0,128000.0,19
201600003553,16,9,16,1815,1,1,1,2,1.0,19101,M,0.0,0.0,19
201600003554,16,10,15,1930,3,1,1,1,6.0,19140,M,4508900.0,190000.0,19
201600003555,16,3,31,1715,1,1,1,8,3.0,19181,M,4542400.0,188800.0,19
201600003556,16,4,23,1800,1,1,1,2,6.0,19145,M,4537000.0,207799.0,19
201600003557,16,7,28,1715,1,1,1,1,6.0,19062,M,4537300.0,185500.0,19
201600003558,16,7,22,2245,3,1,1,1,7.0,19125,M,4527600.0,199600.0,19
201600003559,16,7,23,1715,1,1,1,1,6.0,19231,M,4526500.0,199800.0,19
201600003560,16,2,21,700,2,1,1,5,1.0,19213,M,4538600.0,167200.0,19
201600003561,16,8,14,1200,1,1,1,1,7.0,19076,M,4541900.0,159000.0,19
201600003562,16,8,29,1815,1,1,1,1,1.0,19001,M,4552900.0,178700.0,19
201600003563,16,1,9,1245,1,1,1,2,1.0,19123,M,0.0,0.0,19
201600003564,16,2,4,2015,3,1,1,2,3.0,19063,M,4510500.0,158400.0,19
201600003565,16,2,15,1545,1,1,1,4,1.0,19107,M,4510200.0,139400.0,19
201600003566,16,2,21,2000,5,2,1,1,6.0,19123,M,0.0,0.0,19
201600003567,16,8,18,2000,1,1,1,1,6.0,19043,M,4515400.0,163800.0,19
201600003568,16,9,14,800,1,1,1,2,6.0,19093,M,0.0,0.0,19
201600003569,16,11,2,1345,1,1,1,1,6.0,19063,M,4514700.0,157800.0,19
201600003570,16,5,10,1830,1,1,1,1,7.0,19023,M,4513900.0,176800.0,19
201600003571,16,11,18,1700,2,1,1,1,6.0,19119,M,4507200.0,179000.0,19
201600003572,16,1,12,1330,1,1,1,4,1.0,19005,M,4524600.0,141900.0,19
201600003573,16,4,27,930,1,1,1,1,7.0,19072,M,4518700.0,149700.0,19
201600003574,16,5,19,1315,1,1,1,1,6.0,19072,M,4524000.0,150100.0,19
201600003575,16,9,10,2000,1,1,1,1,3.0,19246,M,0.0,0.0,19
201600003576,16,9,14,2000,3,1,1,3,7.0,19202,M,0.0,0.0,19
201600003577,16,1,14,15,3,1,1,1,6.0,19154,M,4533600.0,145900.0,19
201600003578,16,8,9,1030,1,1,1,1,1.0,19121,M,4545600.0,144800.0,19
201600003579,16,9,19,1400,1,1,1,1,1.0,19121,M,0.0,0.0,19
201600003580,16,8,21,45,5,2,1,1,1.0,19153,M,4527000.0,140700.0,19
201600003581,16,8,30,545,3,1,1,1,7.0,19035,M,4531900.0,131600.0,19
201600003582,16,9,1,730,1,1,1,1,6.0,19187,M,4530100.0,137400.0,19
201600003583,16,8,2,1730,1,1,1,1,7.0,19064,M,0.0,0.0,19
201600003584,16,5,7,1030,1,1,1,1,7.0,19028,M,0.0,0.0,19
201600003585,16,6,8,1930,1,1,1,1,6.0,19175,M,0.0,0.0,19
201600003586,16,1,2,1000,1,1,1,2,6.0,19074,M,4566900.0,180700.0,19
201600003587,16,6,23,500,3,1,1,1,6.0,19008,M,0.0,0.0,19
201600003588,16,8,7,200,3,1,1,1,6.0,19136,M,4552100.0,214600.0,19
201600003589,16,12,10,930,1,2,1,1,6.0,19033,M,4559600.0,193100.0,19
201600003590,16,6,21,2300,4,2,1,1,3.0,23044,M,4635630.0,177494.0,23
201600003591,16,7,13,1130,1,1,1,1,7.0,23041,M,4640654.0,201657.0,23
201600003592,16,5,15,1945,1,1,1,1,6.0,23057,M,4625138.0,204118.0,23
201600003593,16,6,26,1715,1,1,1,1,6.0,23203,M,4613285.0,246192.0,23
201600003594,16,9,5,1345,1,1,1,1,1.0,23093,M,0.0,0.0,23
201600003595,16,2,24,1600,1,1,1,2,6.0,23177,M,4629258.0,152767.0,23
201600003596,16,3,15,1730,1,1,1,7,2.0,23177,M,4627489.0,146897.0,23
201600003597,16,5,6,2015,2,1,1,1,6.0,23235,M,4620340.0,154362.0,23
201600003598,16,6,23,745,1,1,1,1,3.0,23095,M,4616825.0,169158.0,23
201600003599,16,6,25,1130,1,1,1,1,1.0,23207,M,4626930.0,156164.0,23
201600003600,16,7,4,1530,1,1,1,1,4.0,23219,M,4621301.0,140809.0,23
201600003601,16,7,31,1545,1,1,1,1,6.0,23018,M,4633283.0,153694.0,23
201600003602,16,9,9,1830,1,2,1,1,1.0,23176,M,4623712.0,147963.0,23
201600003603,16,2,3,1430,1,1,1,8,1.0,23187,M,4612612.0,213732.0,23
201600003604,16,9,6,1715,1,1,2,1,3.0,23214,M,4604121.0,209148.0,23
201600003605,16,2,27,1445,1,1,1,1,6.0,23164,M,4606411.0,250063.0,23
201600003606,16,12,25,1753,3,1,1,1,1.0,23125,M,4573055.0,220200.0,23
201600003607,16,5,14,600,2,1,1,8,6.0,23126,M,4598346.0,176608.0,23
201600003608,16,5,23,915,1,2,1,8,1.0,23021,M,4611632.0,163836.0,23
201600003609,16,1,18,1630,1,1,1,3,1.0,31445,M,4357499.0,154877.0,31
201600003610,16,3,23,1345,1,2,1,7,7.0,31271,M,0.0,0.0,31
201600003611,16,3,30,1715,1,1,3,1,3.0,31003,M,0.0,0.0,31
201600003612,16,4,16,1115,1,1,4,7,5.0,31271,M,4357487.0,169224.0,31
201600003613,16,5,17,1930,1,1,1,1,6.0,31184,M,0.0,0.0,31
201600003614,16,7,16,1045,1,2,6,1,3.0,31044,M,4358831.0,151724.0,31
201600003615,16,8,17,1345,1,2,8,1,5.0,31389,M,4364518.0,153197.0,31
201600003616,16,10,2,915,1,1,1,1,6.0,31228,M,0.0,0.0,31
201600003617,16,3,26,1800,1,2,1,1,1.0,31113,M,4352307.0,150654.0,31
201600003618,16,8,9,1030,1,2,1,1,6.0,31113,M,4351856.0,150521.0,31
201600003619,16,1,20,1845,3,2,1,1,5.0,31293,M,4371007.0,138848.0,31
201600003620,16,1,1,1815,3,1,1,1,7.0,31579,M,4374887.0,147399.0,31
201600003621,16,1,9,1700,1,1,1,1,7.0,31079,M,4380888.0,140365.0,31
201600003622,16,2,13,200,3,1,1,2,6.0,31584,M,0.0,0.0,31
201600003623,16,4,11,1030,1,1,1,1,1.0,31311,M,4382498.0,152733.0,31
201600003624,16,6,5,915,1,1,1,1,3.0,31118,M,4379122.0,135049.0,31
201600003625,16,8,18,1130,1,1,1,1,1.0,31202,M,4382679.0,138489.0,31
201600003626,16,9,15,1330,1,2,1,1,6.0,31118,M,4378560.0,135424.0,31
201600003627,16,9,28,1230,1,1,1,1,1.0,31587,M,0.0,0.0,31
201600003628,16,10,3,1815,1,1,1,1,3.0,31202,M,0.0,0.0,31
201600003629,16,1,8,1345,1,1,1,1,1.0,31126,M,0.0,0.0,31
201600003630,16,2,11,900,1,1,1,1,6.0,31232,M,0.0,0.0,31
201600003631,16,3,30,1400,1,1,2,1,3.0,31093,M,4376781.0,116329.0,31
201600003632,16,4,25,2245,3,1,1,1,6.0,31232,M,0.0,0.0,31
201600003633,16,5,26,1645,1,1,1,1,2.0,31403,M,4379191.0,129715.0,31
201600003634,16,6,26,2345,3,1,1,1,3.0,31232,M,4377270.0,130042.0,31
201600003635,16,8,5,1915,1,1,2,1,3.0,31341,M,0.0,0.0,31
201600003636,16,8,19,1845,1,1,1,1,6.0,31164,M,4375180.0,108975.0,31
201600003637,16,9,27,2345,3,1,1,1,6.0,31160,M,4371901.0,124892.0,31
201600003638,16,1,18,1815,5,2,1,2,1.0,31297,M,4367100.0,120039.0,31
201600003639,16,1,14,915,1,2,6,1,3.0,31417,M,4361775.0,128330.0,31
201600003640,16,6,29,1200,1,1,1,1,3.0,31417,M,0.0,0.0,31
201600003641,16,7,27,845,1,1,6,1,3.0,31291,M,0.0,0.0,31
201600003642,16,8,21,700,1,2,1,1,6.0,31291,M,4360316.0,126131.0,31
201600003643,16,9,14,1030,1,1,1,2,6.0,31417,M,0.0,0.0,31
201600003644,16,10,7,2200,3,1,1,1,1.0,31291,M,4358013.0,121757.0,31
201600003645,16,10,10,1735,1,2,1,1,6.0,31277,M,4364005.0,116585.0,31
201600003646,16,12,3,1330,1,1,1,1,6.0,31291,M,4359543.0,127865.0,31
201600003647,16,1,30,1830,3,2,1,1,7.0,31433,M,4352397.0,139423.0,31
201600003648,16,9,4,1930,2,1,1,1,7.0,31420,M,0.0,0.0,31
201600003649,16,11,10,1410,1,2,1,2,5.0,31458,M,4350878.0,135634.0,31
201600003650,16,11,28,1855,5,2,2,1,6.0,31433,M,4352582.0,140176.0,31
201600003651,16,1,11,1130,1,2,6,1,6.0,31091,M,4372184.0,141556.0,31
201600003652,16,3,22,1600,1,1,3,1,3.0,31182,M,4367278.0,140974.0,31
201600003653,16,5,21,1030,1,1,1,1,3.0,31182,M,4370256.0,139602.0,31
201600003654,16,7,22,1115,1,1,1,1,4.0,31205,M,4369930.0,136347.0,31
201600003655,16,7,27,900,1,2,6,1,2.0,31205,M,4370464.0,137668.0,31
201600003656,16,7,20,1030,1,1,1,1,1.0,31136,M,0.0,0.0,31
201600003657,16,9,30,1115,1,2,1,1,5.0,31182,M,0.0,0.0,31
201600003658,16,3,5,1915,2,2,1,2,3.0,31117,M,0.0,0.0,31
201600003659,16,5,23,930,1,1,2,1,3.0,31094,M,4375728.0,162767.0,31
201600003660,16,6,10,1045,1,1,1,1,6.0,31273,M,0.0,0.0,31
201600003661,16,7,15,1700,1,2,6,1,3.0,31561,M,4365500.0,147059.0,31
201600003662,16,7,20,1230,1,2,1,1,3.0,31555,M,4364134.0,147118.0,31
201600003663,16,9,25,15,3,2,1,1,6.0,31094,M,4377794.0,163437.0,31
201600003664,16,1,27,1645,1,2,1,1,6.0,31395,M,0.0,0.0,31
201600003665,16,2,13,1945,5,2,1,2,6.0,31395,M,4347240.0,133271.0,31
201600003666,16,2,19,1015,1,1,1,1,1.0,31248,M,4345370.0,141756.0,31
201600003667,16,3,18,1915,2,2,1,1,3.0,31395,M,0.0,0.0,31
201600003668,16,3,20,1800,1,2,1,1,7.0,31395,M,0.0,0.0,31
201600003669,16,3,25,1700,1,2,1,1,6.0,31395,M,4346858.0,132875.0,31
201600003670,16,4,24,1245,1,1,1,1,6.0,31395,M,4343160.0,132498.0,31
201600003671,16,5,1,815,1,1,6,1,1.0,31395,M,4345074.0,133559.0,31
201600003672,16,6,15,1145,1,2,1,1,6.0,31395,M,4346356.0,133222.0,31
201600003673,16,6,20,630,1,2,1,1,6.0,31395,M,4344140.0,129176.0,31
201600003674,16,7,3,1645,1,2,1,1,6.0,31580,M,4345898.0,137759.0,31
201600003675,16,7,25,45,3,1,1,1,6.0,31165,M,0.0,0.0,31
201600003676,16,8,23,830,1,2,1,1,6.0,31248,M,0.0,0.0,31
201600003677,16,9,14,1645,1,1,1,2,5.0,31263,M,0.0,0.0,31
201600003678,16,10,19,1730,1,2,1,1,6.0,31248,M,4344425.0,138417.0,31
201600003679,16,12,7,1820,5,2,1,1,1.0,31395,M,4345143.0,132032.0,31
201600003680,16,12,7,2300,5,2,9,1,6.0,31395,M,4344694.0,133746.0,31
201600003681,16,12,9,930,1,2,6,1,6.0,31395,M,4346376.0,133261.0,31
201600003682,16,12,22,1400,1,2,1,2,1.0,31299,M,4343056.0,122452.0,31
201600003683,16,12,22,1600,1,1,1,2,1.0,31287,M,4339051.0,122242.0,31
201600003684,16,1,9,1215,1,1,3,1,1.0,31345,M,0.0,0.0,31
201600003685,16,1,18,900,1,1,1,9,5.0,31145,M,0.0,0.0,31
201600003686,16,2,27,630,3,1,1,1,6.0,31330,M,4331946.0,142622.0,31
201600003687,16,3,31,1330,1,1,1,1,1.0,31574,M,0.0,0.0,31
201600003688,16,6,4,1715,1,2,1,1,1.0,31145,M,0.0,0.0,31
201600003689,16,7,29,1245,1,1,1,1,1.0,31033,M,4333718.0,148074.0,31
201600003690,16,9,7,1130,1,1,4,1,7.0,31330,M,4332650.0,144181.0,31
201600003691,16,9,13,1615,1,1,1,6,7.0,31145,M,0.0,0.0,31
201600003692,16,1,13,1730,2,2,2,8,1.0,31517,M,0.0,0.0,31
201600003693,16,3,9,1200,1,1,1,3,3.0,31399,M,4334608.0,126318.0,31
201600003694,16,3,14,1400,1,1,1,1,6.0,31517,M,4333140.0,136466.0,31
201600003695,16,3,23,2145,3,2,1,1,7.0,31107,M,0.0,0.0,31
201600003696,16,4,16,1145,1,1,1,1,1.0,31492,M,0.0,0.0,31
201600003697,16,5,9,1915,1,1,4,8,1.0,31303,M,4337230.0,123918.0,31
201600003698,16,5,25,1930,1,1,1,1,3.0,31052,M,0.0,0.0,31
201600003699,16,7,7,1030,1,2,1,1,7.0,31375,M,4320438.0,123309.0,31
201600003700,16,8,10,1500,1,1,1,1,7.0,31052,M,4338079.0,135633.0,31
201600003701,16,9,10,1100,1,2,1,1,3.0,31107,M,4329719.0,122474.0,31
201600003702,16,9,28,830,1,1,6,1,1.0,31104,M,4334270.0,125890.0,31
201600003703,16,6,28,1900,1,1,1,1,6.0,31153,M,4319908.0,109793.0,31
201600003704,16,8,5,1715,1,2,6,1,6.0,31324,M,4319560.0,100200.0,31
201600003705,16,3,11,1600,1,1,1,1,1.0,31087,M,0.0,0.0,31
201600003706,16,5,27,1215,1,1,1,1,1.0,31187,M,0.0,0.0,31
201600003707,16,5,27,1345,1,2,3,1,5.0,31499,M,4351710.0,118042.0,31
201600003708,16,5,29,615,2,1,1,8,6.0,31481,M,0.0,0.0,31
201600003709,16,6,11,830,1,1,4,1,3.0,31087,M,4348696.0,105197.0,31
201600003710,16,7,30,1145,1,2,1,1,1.0,31499,M,0.0,0.0,31
201600003711,16,9,2,1900,1,2,1,1,3.0,31424,M,4357727.0,129086.0,31
201600003712,16,1,27,1515,1,1,1,1,1.0,31247,M,0.0,0.0,31
201600003713,16,4,29,1530,1,1,1,1,3.0,31247,M,4308186.0,69040.0,31
201600003714,16,5,9,1900,1,2,1,1,3.0,31147,M,4309918.0,62123.0,31
201600003715,16,5,18,1715,1,1,1,2,5.0,31405,M,4296770.0,64706.0,31
201600003716,16,5,24,2000,1,2,1,1,7.0,31586,M,0.0,0.0,31
201600003717,16,6,29,1215,1,2,1,1,3.0,31390,M,0.0,0.0,31
201600003718,16,8,16,1000,1,1,1,1,3.0,31585,M,0.0,0.0,31
201600003719,16,4,24,1200,1,2,6,2,3.0,31144,M,4291451.0,64734.0,31
201600003720,16,7,31,630,2,1,1,2,6.0,31139,M,0.0,0.0,31
201600003721,16,1,30,1330,1,1,1,1,1.0,31168,M,0.0,0.0,31
201600003722,16,5,21,1730,1,1,3,1,1.0,31428,M,0.0,0.0,31
201600003723,16,8,13,930,1,1,1,1,6.0,31347,M,0.0,0.0,31
201600003724,16,9,3,2300,3,1,1,1,6.0,31378,M,0.0,0.0,31
201600003725,16,3,3,1645,1,1,1,2,1.0,31237,M,0.0,0.0,31
201600003726,16,4,30,1245,1,1,1,8,3.0,31372,M,0.0,0.0,31
201600003727,16,8,4,1430,1,1,1,1,6.0,31208,M,4306991.0,85925.0,31
201600003728,16,9,23,930,1,1,1,1,6.0,31336,M,0.0,0.0,31
201600003729,16,2,4,1300,1,2,1,1,3.0,31582,M,4339781.0,171801.0,31
201600003730,16,3,2,1345,1,1,1,3,6.0,31374,M,0.0,0.0,31
201600003731,16,3,25,1845,1,1,9,1,3.0,31396,M,4335908.0,163599.0,31
201600003732,16,3,29,1900,1,1,1,1,6.0,31100,M,4331525.0,162284.0,31
201600003733,16,4,9,545,3,1,1,8,6.0,31576,M,0.0,0.0,31
201600003734,16,6,5,1645,1,2,6,1,3.0,31451,M,0.0,0.0,31
201600003735,16,6,6,1345,1,1,1,1,6.0,31589,M,4343930.0,165181.0,31
201600003736,16,7,20,1315,1,1,3,1,5.0,31037,M,4337475.0,176045.0,31
201600003737,16,8,12,1815,1,1,3,7,1.0,31210,M,4339073.0,168409.0,31
201600003738,16,8,19,1015,1,1,1,1,2.0,31037,M,4338260.0,174147.0,31
201600003739,16,9,22,800,1,1,1,1,6.0,31100,M,0.0,0.0,31
201600003740,16,9,18,1100,1,1,1,1,6.0,31099,M,0.0,0.0,31
201600003741,16,8,6,1115,1,1,1,1,1.0,31478,M,4345518.0,189690.0,31
201600003742,16,3,18,1645,1,1,2,1,3.0,31240,M,4341818.0,150054.0,31
201600003743,16,6,22,1900,1,1,2,1,3.0,31384,M,4347740.0,157775.0,31
201600003744,16,10,29,1250,1,2,3,7,4.0,31381,M,4345889.0,157577.0,31
201600003745,16,11,10,1320,1,2,1,2,6.0,31004,M,4344273.0,159997.0,31
201600003746,16,12,5,1820,3,1,1,1,6.0,31381,M,4347376.0,158224.0,31
201600003747,16,1,8,1830,3,1,2,1,3.0,31451,M,4348506.0,202821.0,31
201600003748,16,5,30,1815,1,1,1,1,1.0,31478,M,4344620.0,194440.0,31
201600003749,16,7,24,1615,1,2,1,1,6.0,31451,M,4346670.0,200965.0,31
201600003750,16,8,27,745,1,1,1,1,6.0,31478,M,0.0,0.0,31
201600003751,16,9,29,2100,3,1,1,1,7.0,31478,M,4342840.0,195084.0,31
201600003752,16,5,6,1000,1,1,1,1,5.0,09082,M,4300412.0,135508.0,09
201600003753,16,5,21,445,3,1,1,1,7.0,09082,M,4301072.0,136737.0,09
201600003754,16,6,2,830,2,1,1,2,7.0,09042,M,4301765.0,138926.0,09
201600003755,16,8,13,730,1,1,1,1,1.0,09099,M,4298803.0,155841.0,09
201600003756,16,10,13,1200,1,2,1,1,7.0,09130,M,4294641.0,156346.0,09
201600003757,16,10,18,1030,1,1,1,8,7.0,09293,M,4296386.0,154820.0,09
201600003758,16,10,28,1100,1,1,1,1,6.0,09108,M,4299045.0,125156.0,09
201600003759,16,11,26,1600,1,1,1,1,1.0,09293,M,4297265.0,152210.0,09
201600003760,16,12,8,1715,2,1,1,1,3.0,09082,M,4299629.0,130898.0,09
201600003761,16,12,22,1830,5,2,1,2,7.0,09130,M,4294679.0,156473.0,09
201600003762,16,1,21,1330,1,2,1,1,3.0,09157,M,4296748.0,186571.0,09
201600003763,16,3,19,2245,3,1,1,1,3.0,09106,M,4294801.0,185937.0,09
201600003764,16,4,21,1515,1,1,1,2,6.0,09168,M,4299001.0,179260.0,09
201600003765,16,7,16,1700,1,2,1,1,5.0,09160,M,4294238.0,185621.0,09
201600003766,16,11,2,1200,1,1,1,1,2.0,09160,M,4293163.0,185148.0,09
201600003767,16,12,6,900,1,1,1,1,6.0,09080,M,4296747.0,177178.0,09
201600003768,16,2,25,945,1,1,1,2,1.0,09188,M,4288311.0,162294.0,09
201600003769,16,4,4,1900,1,2,1,1,6.0,09217,M,4280800.0,159017.0,09
201600003770,16,7,18,1730,1,1,1,1,6.0,09015,M,4286047.0,159877.0,09
201600003771,16,6,19,745,1,1,1,1,6.0,09306,M,4286270.0,160510.0,09
201600003772,16,8,3,15,3,1,1,1,7.0,09334,M,4276687.0,150216.0,09
201600003773,16,9,16,1500,1,1,1,1,6.0,09188,M,4290109.0,163531.0,09
201600003774,16,9,17,2345,3,1,1,2,7.0,09188,M,4288412.0,162360.0,09
201600003775,16,11,19,1815,2,1,1,1,7.0,09016,M,4284612.0,165101.0,09
201600003776,16,2,20,345,3,1,1,1,7.0,09324,M,4304532.0,164240.0,09
201600003777,16,4,16,900,1,2,1,1,3.0,09332,M,4308114.0,163377.0,09
201600003778,16,4,20,1930,2,1,1,1,7.0,09339,M,4323530.0,157551.0,09
201600003779,16,9,6,1215,1,2,1,1,1.0,09265,M,4375430.0,162756.0,09
201600003780,16,10,10,1745,1,2,7,1,6.0,09060,M,4316424.0,160009.0,09
201600003781,16,12,15,830,1,1,1,1,6.0,09060,M,4316895.0,160274.0,09
201600003782,16,1,6,1800,3,1,1,1,1.0,09123,M,4317611.0,125352.0,09
201600003783,16,3,19,630,2,1,1,1,6.0,09277,M,4294860.0,185925.0,09
201600003784,16,5,11,2300,3,2,1,1,6.0,09224,M,4310615.0,144028.0,09
201600003785,16,8,3,1100,1,1,1,1,7.0,09167,M,4325438.0,137039.0,09
201600003786,16,10,22,1030,1,1,1,6,7.0,09167,M,4326295.0,134694.0,09
201600003787,16,11,10,1815,2,1,1,1,3.0,09342,M,4320960.0,138266.0,09
201600003788,16,12,31,1600,1,1,1,1,2.0,09151,M,4312221.0,144149.0,09
201600003789,16,1,3,1,3,1,1,1,6.0,09185,M,4324319.0,166726.0,09
201600003790,16,4,7,1200,1,1,1,1,6.0,09185,M,4325139.0,167782.0,09
201600003791,16,4,13,1115,1,2,3,1,3.0,09282,M,4323700.0,157000.0,09
201600003792,16,4,22,1945,1,1,3,1,3.0,09331,M,4318763.0,161107.0,09
201600003793,16,5,14,130,3,1,1,2,6.0,09199,M,4321178.0,165031.0,09
201600003794,16,5,26,415,3,1,6,1,6.0,09282,M,4320377.0,160912.0,09
201600003795,16,6,25,900,1,1,1,1,7.0,09185,M,4322399.0,164250.0,09
201600003796,16,7,24,215,3,1,1,1,6.0,09331,M,4318010.0,161191.0,09
201600003797,16,8,5,1030,1,1,1,1,6.0,09185,M,4325259.0,167563.0,09
201600003798,16,8,7,1015,1,1,1,1,7.0,09282,M,4323982.0,162082.0,09
201600003799,16,8,6,1045,1,1,1,1,1.0,09282,M,4321401.0,160774.0,09
201600003800,16,8,29,700,2,1,1,1,1.0,09076,M,4326127.0,155875.0,09
201600003801,16,12,12,30,5,1,6,1,7.0,09282,M,4225300.0,156525.0,09
201600003802,16,1,25,515,5,2,1,1,6.0,09214,M,4295452.0,108033.0,09
201600003803,16,3,3,830,1,1,1,3,3.0,09261,M,4296785.0,116912.0,09
201600003804,16,4,14,1300,1,1,3,1,3.0,09261,M,0.0,0.0,09
201600003805,16,6,20,1745,1,2,1,1,2.0,09268,M,4299784.0,113861.0,09
201600003806,16,10,1,1400,1,2,1,1,2.0,09198,M,4306865.0,119325.0,09
201600003807,16,10,20,1830,1,1,1,2,7.0,09113,M,4283225.0,129713.0,09
201600003808,16,1,1,1115,1,1,1,1,3.0,09086,M,4303342.0,107756.0,09
201600003809,16,4,28,2030,1,1,1,1,6.0,09190,M,4309531.0,119863.0,09
201600003810,16,5,9,1515,1,1,1,1,1.0,09257,M,4311812.0,117143.0,09
201600003811,16,10,3,2045,5,1,1,1,1.0,09086,M,4302942.0,108534.0,09
201600003812,16,9,30,1715,1,1,1,7,2.0,09190,M,4308954.0,120802.0,09
201600003813,16,11,1,1500,1,1,3,1,3.0,09235,M,4303621.0,99734.0,09
201600003814,16,3,2,1008,1,2,3,1,3.0,02168,M,4904099.0,340378.0,02
201600003815,16,6,7,745,1,2,1,1,6.0,02168,M,4905923.0,338266.0,02
201600003816,16,6,28,2303,3,1,1,1,7.0,02168,M,4905216.0,336266.0,02
201600003817,16,9,29,1250,1,1,1,1,3.0,02168,M,0.0,0.0,02
201600003818,16,9,2,1138,1,2,7,1,6.0,02168,M,4904455.0,340111.0,02
201600003819,16,1,9,1421,1,1,1,1,1.0,12024,M,4440120.0,233031.0,12
201600003820,16,7,14,1525,1,1,1,1,3.0,12157,M,4439180.0,268969.0,12
201600003821,16,1,12,1025,1,1,2,3,3.0,12090,M,4438020.0,245216.0,12
201600003822,16,6,14,920,1,1,3,2,3.0,12102,M,4428850.0,260537.0,12
201600003823,16,7,14,1345,1,1,2,8,3.0,12262,M,4425090.0,230780.0,12
201600003824,16,8,16,30,3,1,1,1,6.0,12056,M,4425090.0,244072.0,12
201600003825,16,8,24,1900,1,1,2,7,5.0,12264,M,4441740.0,257330.0,12
201600003826,16,10,27,2140,3,1,1,1,7.0,12068,M,4432090.0,233681.0,12
201600003827,16,10,30,845,1,1,1,1,6.0,12133,M,4429612.0,257411.0,12
201600003828,16,11,5,130,3,1,1,2,6.0,12056,M,4425900.0,244133.0,12
201600003829,16,2,9,810,2,1,1,2,7.0,12043,M,4427580.0,255925.0,12
201600003830,16,3,26,1525,1,1,2,1,3.0,12043,M,4428640.0,250254.0,12
201600003831,16,5,17,1100,1,2,1,1,7.0,12267,M,4411330.0,253244.0,12
201600003832,16,7,23,510,3,1,1,1,6.0,12057,M,4418840.0,252930.0,12