Num_Acc,an,mois,jour,hrmn,lum,agg,int,atm,col,com,gps,lat,long,dep
201600004150,16,12,12,1000,1,1,1,7,3.0,81062,M,4368550.0,260136.0,81
201600004151,16,2,19,1045,1,1,1,1,6.0,81280,M,4407500.0,207003.0,81
201600004152,16,7,26,2015,1,1,1,1,3.0,81101,M,,,81
201600004153,16,9,25,2015,3,1,1,8,3.0,81319,M,4399560.0,204687.0,81
201600004154,16,5,23,1445,1,1,1,1,1.0,81147,M,4382340.0,218542.0,81
201600004155,16,2,5,2115,3,1,1,1,6.0,81308,M,4401320.0,235695.0,81
201600004156,16,9,21,815,1,1,1,1,1.0,81008,M,4412200.0,216726.0,81
201600004157,16,1,18,1315,1,1,6,1,6.0,81074,M,4392500.0,221900.0,81
201600004158,16,1,30,1515,1,2,1,1,6.0,81010,M,,,81
201600004159,16,3,8,1845,1,1,1,1,1.0,81317,M,4389780.0,231215.0,81
201600004160,16,3,26,1030,1,1,1,1,3.0,81247,M,4393970.0,237878.0,81
201600004161,16,1,31,1,4,1,1,6,6.0,81105,M,4377760.0,199197.0,81
201600004162,16,7,15,800,1,2,1,1,3.0,81105,M,4375820.0,195540.0,81
201600004163,16,11,3,1130,1,1,1,1,1.0,81105,M,4378290.0,200342.0,81
201600004164,16,4,10,1645,1,1,1,1,1.0,81062,M,4366430.0,255566.0,81
201600004165,16,1,3,1830,5,2,6,2,6.0,81140,M,4369400.0,181732.0,81
201600004166,16,2,19,645,5,1,1,1,6.0,81271,M,,,81
201600004167,16,2,26,1015,1,1,2,1,4.0,81092,M,4372280.0,192725.0,81
201600004168,16,3,22,615,2,2,1,1,6.0,81140,M,,,81
201600004169,16,3,26,1545,1,2,1,1,6.0,81271,M,,,81
201600004170,16,3,24,1730,1,2,6,1,7.0,81070,M,4377370.0,168598.0,81
201600004171,16,4,13,1130,1,1,1,3,3.0,81298,M,4362810.0,170047.0,81
201600004172,16,5,12,1900,2,1,1,1,6.0,81092,M,4367660.0,194775.0,81
201600004173,16,7,30,2000,1,2,1,1,6.0,81140,M,,,81
201600004174,16,8,13,15,5,2,1,1,6.0,81140,M,4369060.0,181716.0,81
201600004175,16,9,26,2115,5,2,1,1,6.0,81140,M,4372390.0,182223.0,81
201600004176,16,1,4,1100,1,1,1,8,6.0,81177,M,4369930.0,221311.0,81
201600004177,16,3,4,1600,1,1,1,1,3.0,81182,M,4372980.0,230650.0,81
201600004178,16,1,13,1630,1,1,1,1,3.0,81078,M,4369940.0,200172.0,81
201600004179,16,9,15,845,1,1,2,1,3.0,81099,M,4391700.0,187500.0,81
201600004180,16,1,13,1430,1,1,1,1,4.0,81294,M,4384380.0,193476.0,81
201600004181,16,1,28,1400,1,2,1,1,6.0,81099,M,4390230.0,189769.0,81
201600004182,16,10,23,600,3,1,1,1,2.0,81093,M,4388500.0,199462.0,81
201600004183,16,10,30,1200,1,1,1,1,6.0,81099,M,4394610.0,188407.0,81
201600004184,16,3,8,1715,1,1,1,1,1.0,81131,M,4389140.0,200379.0,81
201600004185,16,11,20,615,3,1,1,1,6.0,81117,M,4378150.0,198916.0,81
201600004186,16,12,13,800,1,1,1,5,5.0,81046,M,4388780.0,197892.0,81
201600004187,16,12,11,1150,1,1,1,5,7.0,81046,M,4385840.0,196880.0,81
201600004188,16,12,18,1620,1,1,1,7,6.0,81041,M,4394480.0,188445.0,81
201600004189,16,4,17,1015,1,1,6,8,1.0,81099,M,4390510.0,185602.0,81
201600004190,16,12,24,2015,3,1,9,2,5.0,81093,M,4389910.0,203213.0,81
201600004191,16,6,3,2030,1,2,1,1,7.0,81099,M,,,81
201600004192,16,8,30,715,1,1,1,1,3.0,81099,M,4394380.0,191295.0,81
201600004193,16,1,9,2200,5,2,1,1,1.0,69089,M,0.0,0.0,69
201600004194,16,2,11,1845,5,2,1,2,6.0,69089,M,0.0,0.0,69
201600004195,16,5,18,900,1,2,1,1,5.0,69069,M,0.0,0.0,69
201600004196,16,5,23,1800,1,2,1,1,6.0,69089,M,0.0,0.0,69
201600004197,16,6,11,1,5,2,1,2,6.0,69089,M,0.0,0.0,69
201600004198,16,6,30,830,1,2,1,1,3.0,69089,M,4574500.0,477300.0,69
201600004199,16,7,11,530,2,2,6,1,7.0,69069,M,4575100.0,474200.0,69
201600004200,16,8,12,1215,1,2,1,1,6.0,69069,M,0.0,0.0,69
201600004201,16,10,30,200,3,2,1,1,6.0,69069,M,4575241.0,471390.0,69
201600004202,16,11,4,1730,2,2,1,1,6.0,69069,M,4574733.0,471829.0,69
201600004203,16,11,18,1621,1,2,1,2,1.0,69089,M,4573665.0,476421.0,69
201600004204,16,12,5,2245,5,2,1,9,6.0,69089,M,4573665.0,476421.0,69
201600004205,16,1,1,2106,5,2,2,1,6.0,02408,M,4956432.0,364187.0,02
201600004206,16,1,11,810,2,2,1,2,6.0,02408,M,4956618.0,363495.0,02
201600004207,16,2,16,1800,1,2,1,1,6.0,02408,M,4957382.0,362501.0,02
201600004208,16,2,23,1345,1,1,1,1,4.0,02028,M,,,02
201600004209,16,3,22,931,1,2,9,1,6.0,02408,M,4954836.0,361491.0,02
201600004210,16,10,4,450,3,1,3,1,3.0,02408,M,4954150.0,359621.0,02
201600004211,16,3,31,945,1,2,3,3,3.0,02408,M,4956753.0,363420.0,02
201600004212,16,5,4,1750,1,2,2,1,3.0,02408,M,4957526.0,363392.0,02
201600004213,16,5,17,1724,1,2,2,1,3.0,02408,M,4957507.0,365025.0,02
201600004214,16,6,18,1410,1,2,6,1,6.0,02408,M,4956891.0,364686.0,02
201600004215,16,6,22,1320,1,1,1,1,4.0,02408,M,,,02
201600004216,16,7,31,1006,1,2,1,1,6.0,02408,M,4956445.0,362009.0,02
201600004217,16,6,23,1900,1,2,2,1,3.0,02408,M,4957413.0,359477.0,02
201600004218,16,7,20,1730,1,1,2,1,3.0,02408,M,,,02
201600004219,16,9,21,1800,1,2,3,1,3.0,02408,M,4957837.0,365457.0,02
201600004220,16,9,30,1250,1,2,6,1,3.0,02408,M,4956832.0,362393.0,02
201600004221,16,10,5,2315,5,2,4,1,7.0,02408,M,4957441.0,361869.0,02
201600004222,16,10,15,1730,1,1,2,1,3.0,02408,M,4954150.0,359613.0,02
201600004223,16,10,26,1815,1,2,1,1,2.0,02408,M,4956957.0,360346.0,02
201600004224,16,10,22,920,1,1,1,5,2.0,02408,M,4956791.0,365958.0,02
201600004225,16,11,3,820,1,2,1,1,3.0,02408,M,4957364.0,362543.0,02
201600004226,16,11,28,1725,2,2,1,1,6.0,02408,M,4956175.0,363266.0,02
201600004227,16,12,10,1800,5,2,1,1,6.0,02408,M,4956932.0,364443.0,02
201600004228,16,1,2,1145,1,1,2,2,3.0,81320,M,4405600.0,190950.0,81
201600004229,16,4,10,1815,1,1,1,1,3.0,81064,M,4396840.0,173835.0,81
201600004230,16,8,9,1245,1,1,1,1,6.0,81146,M,4405850.0,200227.0,81
201600004231,16,10,2,1100,1,1,1,2,6.0,81217,M,4399120.0,170437.0,81
201600004232,16,1,24,1830,3,1,1,1,1.0,81202,M,4380980.0,184617.0,81
201600004233,16,5,14,1315,1,1,1,1,1.0,81220,M,4384730.0,178689.0,81
201600004234,16,5,25,1230,1,1,1,1,3.0,81145,M,4388920.0,182156.0,81
201600004235,16,7,9,1000,1,1,1,1,7.0,81220,M,4382670.0,171103.0,81
201600004236,16,7,31,1530,1,2,2,1,3.0,81202,M,4380020.0,182688.0,81
201600004237,16,8,25,2015,2,1,1,1,6.0,81178,M,4391390.0,157842.0,81
201600004238,16,6,10,815,1,2,1,1,6.0,81120,M,4354090.0,226623.0,81
201600004239,16,12,29,1230,1,1,3,1,2.0,81050,M,4358030.0,183629.0,81
201600004240,16,5,20,1845,1,1,2,1,1.0,81142,M,4351970.0,207243.0,81
201600004241,16,5,29,515,2,2,1,2,6.0,81076,M,4356820.0,188921.0,81
201600004242,16,6,7,1745,1,1,1,1,5.0,81219,M,4357020.0,197095.0,81
201600004243,16,6,3,1115,1,1,1,1,6.0,81219,M,4359250.0,195985.0,81
201600004244,16,7,29,1930,1,1,2,1,1.0,81100,M,4348010.0,200854.0,81
201600004245,16,9,27,1130,1,1,1,1,6.0,81219,M,,,81
201600004246,16,12,10,1120,1,1,1,7,3.0,81219,M,4361320.0,202782.0,81
201600004247,16,12,18,805,1,1,1,5,1.0,81219,M,4356310.0,199564.0,81
201600004248,16,3,13,2015,3,1,1,1,7.0,82177,M,0.0,0.0,82
201600004249,16,7,19,1215,1,1,1,1,2.0,82112,M,0.0,0.0,82
201600004250,16,11,10,1745,2,1,1,2,1.0,82045,M,0.0,0.0,82
201600004251,16,11,23,1930,3,1,1,1,1.0,82165,M,0.0,0.0,82
201600004252,16,1,29,1230,1,1,1,1,6.0,82040,M,0.0,0.0,82
201600004253,16,2,5,1715,1,2,1,7,6.0,82037,M,0.0,0.0,82
201600004254,16,3,14,400,3,1,1,1,6.0,82110,M,0.0,0.0,82
201600004255,16,3,15,1815,1,2,1,1,6.0,82037,M,0.0,0.0,82
201600004256,16,6,5,1715,1,2,1,1,6.0,82037,M,0.0,0.0,82
201600004257,16,6,13,1430,1,1,1,2,6.0,82195,M,0.0,0.0,82
201600004258,16,7,8,845,1,1,1,1,1.0,82037,M,4414819.0,157420.0,82
201600004259,16,7,18,2345,3,1,1,1,7.0,82131,M,0.0,0.0,82
201600004260,16,9,26,1015,1,1,1,1,1.0,82126,M,0.0,0.0,82
201600004261,16,10,23,2315,3,1,1,1,6.0,82159,M,0.0,0.0,82
201600004262,16,11,12,2030,3,1,1,2,6.0,82037,M,4419736.0,159303.0,82
201600004263,16,11,14,1045,1,1,1,1,7.0,82131,M,0.0,0.0,82
201600004264,16,2,18,1530,1,1,1,1,7.0,82176,M,0.0,0.0,82
201600004265,16,7,16,2330,3,1,2,1,3.0,82134,M,0.0,0.0,82
201600004266,16,7,20,1245,1,1,1,1,3.0,82132,M,0.0,0.0,82
201600004267,16,7,19,800,1,2,6,1,7.0,82161,M,0.0,0.0,82
201600004268,16,7,29,1630,1,1,1,1,3.0,82134,M,0.0,0.0,82
201600004269,16,8,21,930,1,1,1,1,6.0,82161,M,0.0,0.0,82
201600004270,16,8,29,1745,1,1,1,7,6.0,82026,M,0.0,0.0,82
201600004271,16,9,15,1900,1,2,1,1,6.0,82134,M,0.0,0.0,82
201600004272,16,9,28,1730,1,1,1,1,6.0,82066,M,0.0,0.0,82
201600004273,16,10,16,2015,3,1,1,2,6.0,82134,M,0.0,0.0,82
201600004274,16,12,31,1800,3,1,1,5,6.0,82069,M,0.0,0.0,82
201600004275,16,4,18,1300,1,1,1,1,6.0,82147,M,0.0,0.0,82
201600004276,16,4,24,1615,1,1,1,1,6.0,82147,M,0.0,0.0,82
201600004277,16,5,15,745,1,1,1,1,6.0,82155,M,0.0,0.0,82
201600004278,16,6,22,1630,1,1,1,1,6.0,82137,M,0.0,0.0,82
201600004279,16,7,10,815,3,1,1,1,6.0,82155,M,0.0,0.0,82
201600004280,16,2,21,1330,1,1,1,1,7.0,82055,M,0.0,0.0,82
201600004281,16,5,3,730,3,1,1,1,7.0,82180,M,4392600.0,101699.0,82
201600004282,16,7,20,2100,2,1,1,1,6.0,82102,M,0.0,0.0,82
201600004283,16,1,15,2015,3,1,3,1,3.0,82027,M,4389500.0,131800.0,82
201600004284,16,2,24,600,3,1,1,1,6.0,82079,M,4391800.0,134800.0,82
201600004285,16,3,10,930,1,1,1,1,3.0,82079,M,4392000.0,135100.0,82
201600004286,16,3,12,1845,1,2,3,1,3.0,82079,M,4392000.0,135900.0,82
201600004287,16,4,28,815,1,1,1,1,3.0,82079,M,4392300.0,137000.0,82
201600004288,16,5,17,1715,1,2,1,1,6.0,82075,M,4383000.0,129800.0,82
201600004289,16,6,4,2300,3,1,1,1,6.0,82048,M,0.0,0.0,82
201600004290,16,7,16,815,1,2,1,1,1.0,82167,M,0.0,0.0,82
201600004291,16,9,21,2100,2,2,1,1,6.0,82075,M,0.0,0.0,82
201600004292,16,10,25,2030,3,1,1,1,3.0,82079,M,0.0,0.0,82
201600004293,16,11,10,1015,1,1,1,1,3.0,82079,M,0.0,0.0,82
201600004294,16,12,8,1730,1,1,1,1,3.0,82075,M,4380969.0,128962.0,82
201600004295,16,12,19,1730,2,1,1,2,3.0,82079,M,4394200.0,135800.0,82
201600004296,16,12,20,1830,3,1,1,1,1.0,82028,M,4385600.0,129500.0,82
201600004297,16,3,6,130,3,1,1,1,6.0,82022,M,4426000.0,97100.0,82
201600004298,16,5,4,730,1,1,1,1,7.0,82117,M,4433200.0,101400.0,82
201600004299,16,6,25,1700,1,1,1,1,6.0,82042,M,0.0,0.0,82
201600004300,16,8,28,1530,1,1,1,1,3.0,82094,M,4427200.0,114200.0,82
201600004301,16,10,5,1830,1,1,1,1,6.0,82117,M,0.0,0.0,82
201600004302,16,2,18,1845,3,1,1,1,1.0,82012,M,0.0,0.0,82
201600004303,16,4,6,2000,2,2,1,1,2.0,82112,M,0.0,0.0,82
201600004304,16,5,22,1830,1,1,1,9,6.0,82019,M,0.0,0.0,82
201600004305,16,7,16,1430,1,1,1,1,3.0,82169,M,0.0,0.0,82
201600004306,16,7,25,730,1,2,6,1,2.0,82112,M,4411633.0,110588.0,82
201600004307,16,8,2,1730,1,2,1,1,6.0,82096,M,0.0,0.0,82
201600004308,16,8,14,1300,1,1,1,1,6.0,82127,M,0.0,0.0,82
201600004309,16,8,16,1645,1,2,1,1,7.0,82112,M,0.0,0.0,82
201600004310,16,8,25,1045,1,1,1,1,2.0,82152,M,0.0,0.0,82
201600004311,16,9,2,230,3,1,1,1,6.0,82101,M,0.0,0.0,82
201600004312,16,9,4,115,3,1,1,1,6.0,82086,M,0.0,0.0,82
201600004313,16,9,23,300,3,1,1,1,6.0,82096,M,0.0,0.0,82
201600004314,16,11,2,715,2,1,1,5,3.0,82063,M,4399437.0,107470.0,82
201600004315,16,11,14,1345,1,2,6,1,3.0,82112,M,4410388.0,111333.0,82
201600004316,16,12,3,1415,1,2,1,1,3.0,82112,M,4410400.0,103699.0,82
201600004317,16,3,10,1015,1,1,1,1,6.0,82043,M,0.0,0.0,82
201600004318,16,3,14,1830,1,1,1,1,3.0,82125,M,0.0,0.0,82
201600004319,16,3,26,745,1,1,1,1,7.0,82105,M,0.0,0.0,82
201600004320,16,3,26,900,1,1,1,1,7.0,82178,M,0.0,0.0,82
201600004321,16,4,9,1830,1,2,1,2,3.0,82052,M,0.0,0.0,82
201600004322,16,4,24,1515,1,1,1,1,3.0,82125,M,0.0,0.0,82
201600004323,16,8,16,2000,1,1,1,1,6.0,82025,M,0.0,0.0,82
201600004324,16,10,9,2000,1,1,1,1,6.0,82125,M,0.0,0.0,82
201600004325,16,10,18,915,1,1,1,5,3.0,82025,M,4394070.0,130306.0,82
201600004326,16,10,23,830,2,1,1,1,7.0,82025,M,0.0,0.0,82
201600004327,16,12,14,800,2,1,1,5,7.0,82123,M,4391649.0,129148.0,82
201600004328,16,12,27,1615,1,1,1,1,1.0,82124,M,4401700.0,130000.0,82
201600004329,16,2,6,2130,3,1,1,1,6.0,82141,M,0.0,0.0,82
201600004330,16,6,7,1330,1,1,1,1,7.0,82032,M,0.0,0.0,82
201600004331,16,7,6,30,3,1,1,1,7.0,82141,M,0.0,0.0,82
201600004332,16,7,23,900,1,1,1,1,6.0,82072,M,0.0,0.0,82
201600004333,16,8,7,1015,1,2,1,1,6.0,82186,M,4409000.0,87800.0,82
201600004334,16,10,24,2215,5,2,1,2,6.0,82072,M,4412069.0,85959.0,82
201600004335,16,10,27,1945,3,1,1,1,1.0,82165,M,0.0,0.0,82
201600004336,16,3,15,1830,1,1,1,1,6.0,69127,M,0.0,0.0,69
201600004337,16,4,25,1630,1,2,1,1,6.0,69072,M,0.0,0.0,69
201600004338,16,8,18,1630,1,1,1,1,3.0,69250,M,4582000.0,472700.0,69
201600004339,16,11,10,825,1,2,1,2,6.0,69127,M,4578089.0,470578.0,69
201600004340,16,11,13,1925,3,1,1,2,4.0,69072,M,4583050.0,474299.0,69
201600004341,16,11,18,1600,1,1,1,2,4.0,69072,M,4583164.0,474302.0,69
201600004342,16,12,8,850,1,2,1,1,3.0,69127,M,4578168.0,470669.0,69
201600004343,16,12,14,1045,1,1,1,5,7.0,69072,M,4582447.0,474085.0,69
201600004344,16,12,20,1840,5,2,1,1,1.0,69244,M,4575729.0,474865.0,69
201600004345,16,12,23,755,4,2,1,1,3.0,69072,M,4580563.0,476809.0,69
201600004346,16,12,28,1215,1,1,1,1,4.0,69072,M,4581439.0,474667.0,69
201600004347,16,1,12,715,5,2,1,1,6.0,69117,M,0.0,0.0,69
201600004348,16,1,22,1900,5,2,1,2,6.0,69117,M,0.0,0.0,69
201600004349,16,2,3,1915,5,1,1,1,6.0,69040,M,0.0,0.0,69
201600004350,16,2,10,1815,2,2,1,2,6.0,69116,M,0.0,0.0,69
201600004351,16,2,26,1615,1,1,1,1,6.0,69055,M,0.0,0.0,69
201600004352,16,3,3,2300,5,2,1,2,1.0,69116,M,0.0,0.0,69
201600004353,16,3,10,700,1,2,1,1,2.0,69059,M,4586200.0,471300.0,69
201600004354,16,3,11,1715,1,1,1,1,6.0,69194,M,4579900.0,480400.0,69
201600004355,16,3,22,1645,1,2,1,1,6.0,69059,M,0.0,0.0,69
201600004356,16,4,29,1600,1,2,1,1,6.0,69040,M,0.0,0.0,69
201600004357,16,5,19,1315,1,1,6,2,3.0,69117,M,0.0,0.0,69
201600004358,16,5,27,1815,1,1,1,1,3.0,69116,M,4583800.0,476600.0,69
201600004359,16,7,1,1200,1,1,1,1,2.0,69059,M,4586100.0,470700.0,69
201600004360,16,7,18,900,1,2,1,1,3.0,69116,M,0.0,0.0,69
201600004361,16,7,29,2000,1,2,1,1,6.0,69040,M,0.0,0.0,69
201600004362,16,8,20,1545,1,1,1,8,3.0,69049,M,0.0,0.0,69
201600004363,16,9,10,1900,1,1,1,1,1.0,69116,M,0.0,0.0,69
201600004364,16,1,22,1515,1,2,1,1,2.0,69143,M,0.0,0.0,69
201600004365,16,3,5,1930,5,1,1,1,6.0,69143,M,0.0,0.0,69
201600004366,16,3,11,1530,1,1,1,1,1.0,69233,M,0.0,0.0,69
201600004367,16,4,22,1515,1,2,1,1,1.0,69143,M,0.0,0.0,69
201600004368,16,5,9,1645,1,2,1,2,1.0,69163,M,0.0,0.0,69
201600004369,16,5,17,1715,1,2,1,1,3.0,69233,M,0.0,0.0,69
201600004370,16,6,2,515,2,1,6,1,6.0,69207,M,0.0,0.0,69
201600004371,16,6,28,1630,1,1,1,1,1.0,69284,M,4589400.0,488300.0,69
201600004372,16,7,5,1415,1,1,1,1,1.0,69284,M,0.0,0.0,69
201600004373,16,7,31,745,1,1,1,1,1.0,69278,M,0.0,0.0,69
201600004374,16,10,4,820,1,2,1,1,4.0,69068,M,4584694.0,483180.0,69
201600004375,16,10,14,745,2,2,1,3,2.0,69003,M,4586588.0,483434.0,69
201600004376,16,11,4,1630,1,2,1,1,6.0,69143,M,4587086.0,484183.0,69
201600004377,16,11,10,530,5,2,1,2,5.0,69003,M,4586588.0,483434.0,69
201600004378,16,11,3,1835,3,1,1,1,1.0,69278,M,4591274.0,484928.0,69
201600004379,16,11,17,1815,3,1,1,1,6.0,69163,M,4591937.0,475868.0,69
201600004380,16,4,29,1800,1,2,1,1,7.0,69204,M,0.0,0.0,69
201600004381,16,8,17,930,1,1,6,7,3.0,69287,M,4571300.0,505600.0,69
201600004382,16,8,16,1430,1,2,1,1,3.0,69288,M,4569200.0,504700.0,69
201600004383,16,10,2,1530,1,2,1,1,1.0,69277,M,0.0,0.0,69
201600004384,16,11,7,700,1,2,1,1,6.0,69287,M,4571049.0,504249.0,69
201600004385,16,12,9,815,1,2,1,1,6.0,69288,M,4568303.0,504978.0,69
201600004386,16,12,29,1735,2,1,1,8,2.0,69281,M,4564485.0,491013.0,69
201600004387,16,1,8,1245,1,2,1,1,3.0,69273,M,4569000.0,491300.0,69
201600004388,16,1,15,1945,5,2,1,2,6.0,69273,M,0.0,0.0,69
201600004389,16,8,31,1145,1,2,1,1,3.0,69273,M,0.0,0.0,69
201600004390,16,2,3,1345,1,1,1,2,1.0,69171,M,0.0,0.0,69
201600004391,16,2,1,445,3,1,1,2,7.0,69216,M,0.0,0.0,69
201600004392,16,3,20,500,2,1,1,1,6.0,69021,M,4579000.0,455600.0,69
201600004393,16,3,26,1215,1,2,6,1,6.0,69010,M,0.0,0.0,69
201600004394,16,5,6,800,1,1,6,1,3.0,69177,M,0.0,0.0,69
201600004395,16,6,23,745,1,1,1,1,1.0,69010,M,4584400.0,460400.0,69
201600004396,16,7,18,1930,1,1,1,1,1.0,69032,M,0.0,0.0,69
201600004397,16,8,25,1515,1,1,1,1,6.0,69112,M,0.0,0.0,69
201600004398,16,9,11,630,5,1,2,1,3.0,69010,M,0.0,0.0,69
201600004399,16,10,5,1520,1,2,1,1,6.0,69010,M,4582993.0,461035.0,69
201600004400,16,10,6,545,5,1,1,9,7.0,69010,M,4582816.0,460666.0,69
201600004401,16,11,28,1750,3,1,1,1,3.0,69208,M,4585580.0,462778.0,69
201600004402,16,11,30,1410,1,2,1,1,6.0,69010,M,4583444.0,461536.0,69
201600004403,16,12,4,2200,3,1,1,5,6.0,69231,M,4577606.0,463408.0,69
201600004404,16,12,7,1100,1,2,1,5,6.0,69175,M,4581643.0,457491.0,69
201600004405,16,1,15,2215,3,1,1,4,6.0,69220,M,4571700.0,447500.0,69
201600004406,16,2,26,800,1,2,1,1,4.0,69178,M,0.0,0.0,69
201600004407,16,5,21,1215,1,1,1,1,7.0,69031,M,4575600.0,454500.0,69
201600004408,16,8,5,1000,1,1,1,1,6.0,69220,M,4575500.0,453600.0,69
201600004409,16,9,3,1700,1,1,1,1,1.0,69067,M,0.0,0.0,69
201600004410,16,10,1,1515,1,1,1,1,6.0,69099,M,0.0,0.0,69
201600004411,16,10,12,1755,1,2,3,1,6.0,69031,M,4574666.0,452387.0,69
201600004412,16,4,7,915,1,1,1,1,6.0,69110,M,0.0,0.0,69
201600004413,16,4,16,1630,1,1,1,1,2.0,69132,M,0.0,0.0,69
201600004414,16,6,26,600,1,1,1,1,7.0,69078,M,0.0,0.0,69
201600004415,16,7,9,1300,1,1,1,1,1.0,69095,M,0.0,0.0,69
201600004416,16,11,1,500,3,1,1,1,6.0,69227,M,4563006.0,455611.0,69
201600004417,16,4,1,1700,1,2,1,1,1.0,69094,M,4575300.0,469500.0,69
201600004418,16,3,26,1545,1,2,1,1,1.0,69028,M,0.0,0.0,69
201600004419,16,4,10,1000,1,1,1,1,2.0,69255,M,4573900.0,468200.0,69
201600004420,16,8,17,2000,1,2,1,8,3.0,69028,M,0.0,0.0,69
201600004421,16,8,21,1945,1,1,1,1,3.0,69154,M,0.0,0.0,69
201600004422,16,9,29,800,1,2,6,1,6.0,69028,M,4572600.0,469900.0,69
201600004423,16,10,1,1900,5,2,1,1,7.0,69028,M,0.0,0.0,69
201600004424,16,10,1,1230,1,1,9,2,6.0,69094,M,4575300.0,464700.0,69
201600004425,16,10,7,1849,2,2,1,1,5.0,69028,M,4572258.0,469654.0,69
201600004426,16,10,13,1220,1,1,1,3,6.0,69255,M,4573435.0,467053.0,69
201600004427,16,10,10,1410,1,2,1,1,2.0,69028,M,4572268.0,469472.0,69
201600004428,16,11,5,1640,1,1,1,3,1.0,69094,M,4575606.0,469899.0,69
201600004429,16,12,16,705,3,1,1,9,1.0,69249,M,4567145.0,459941.0,69
201600004430,16,2,18,2015,3,1,1,1,6.0,69295,M,0.0,0.0,69
201600004431,16,3,27,700,2,2,1,3,6.0,69291,M,0.0,0.0,69
201600004432,16,10,15,1220,1,1,1,2,3.0,69297,M,4559286.0,481277.0,69
201600004433,16,10,20,1500,1,1,1,1,2.0,69296,M,4565266.0,484828.0,69
201600004434,16,11,18,1730,5,2,9,1,3.0,69291,M,4563458.0,486453.0,69
201600004435,16,2,26,1715,1,1,1,1,7.0,69148,M,0.0,0.0,69
201600004436,16,3,15,830,1,1,1,1,1.0,69219,M,0.0,0.0,69
201600004437,16,5,10,645,2,1,9,2,5.0,69136,M,4564900.0,474900.0,69
201600004438,16,5,10,1345,1,1,1,1,2.0,69228,M,0.0,0.0,69
201600004439,16,5,22,1530,1,2,1,1,7.0,69241,M,0.0,0.0,69
201600004440,16,5,24,1100,1,2,1,1,6.0,69141,M,0.0,0.0,69
201600004441,16,6,11,1600,1,1,1,1,1.0,69141,M,0.0,0.0,69
201600004442,16,6,11,1745,1,1,1,1,3.0,69141,M,0.0,0.0,69
201600004443,16,6,10,715,1,1,1,7,1.0,69228,M,0.0,0.0,69
201600004444,16,6,25,1430,1,1,1,1,3.0,69236,M,4554900.0,465900.0,69
201600004445,16,7,13,1815,1,2,1,1,1.0,69141,M,0.0,0.0,69
201600004446,16,8,8,1700,1,1,1,1,3.0,69219,M,0.0,0.0,69
201600004447,16,8,24,845,1,1,6,1,1.0,69228,M,0.0,0.0,69
201600004448,16,9,19,730,2,1,1,1,3.0,69241,M,0.0,0.0,69
201600004449,16,9,21,1715,1,1,1,1,6.0,69136,M,0.0,0.0,69
201600004450,16,9,23,2045,3,1,1,1,1.0,69228,M,4556600.0,463900.0,69
201600004451,16,9,23,2230,3,1,1,1,3.0,69228,M,4557100.0,464500.0,69
201600004452,16,9,30,1045,1,1,1,1,6.0,69184,M,0.0,0.0,69
201600004453,16,10,5,1850,2,1,4,1,1.0,69136,M,4562683.0,476041.0,69
201600004454,16,10,28,1120,1,1,1,1,1.0,69141,M,4562562.0,470188.0,69
201600004455,16,5,23,2045,3,2,1,1,7.0,69137,M,0.0,0.0,69
201600004456,16,12,1,850,1,1,2,7,3.0,69074,M,4600336.0,463403.0,69
201600004457,16,2,20,1630,1,1,1,8,7.0,69121,M,4586600.0,469100.0,69
201600004458,16,3,25,1100,1,1,1,2,6.0,69122,M,4591700.0,473400.0,69
201600004459,16,7,26,1715,1,2,2,1,3.0,69140,M,4590200.0,470200.0,69
201600004460,16,8,12,1215,1,2,1,1,3.0,69121,M,0.0,0.0,69
201600004461,16,9,2,1045,1,1,2,1,3.0,69047,M,0.0,0.0,69
201600004462,16,9,30,2115,5,1,1,1,6.0,69121,M,4586200.0,468200.0,69
201600004463,16,9,15,1500,1,2,6,1,3.0,69052,M,0.0,0.0,69
201600004464,16,10,18,1230,1,2,1,1,6.0,69009,M,4593160.0,472216.0,69
201600004465,16,12,23,1805,3,2,1,2,5.0,69121,M,4585573.0,468911.0,69
201600004466,16,9,24,1600,1,1,1,1,7.0,69162,M,4610100.0,464700.0,69
201600004467,16,1,8,830,2,1,1,2,6.0,69211,M,0.0,0.0,69
201600004468,16,11,14,830,1,2,1,1,6.0,69019,M,4610513.0,473769.0,69
201600004469,16,3,18,1930,5,2,1,1,2.0,69019,M,0.0,0.0,69
201600004470,16,6,3,1845,1,2,1,8,3.0,69019,M,4611200.0,473300.0,69
201600004471,16,8,17,915,1,1,1,7,1.0,69197,M,4605700.0,466200.0,69
201600004472,16,9,14,2115,3,1,1,1,3.0,69019,M,0.0,0.0,69
201600004473,16,9,26,1845,1,1,2,1,3.0,69045,M,0.0,0.0,69
201600004474,16,9,28,1645,1,1,1,1,2.0,69019,M,0.0,0.0,69
201600004475,16,10,6,1730,1,1,1,1,3.0,69206,M,4606201.0,471609.0,69
201600004476,16,10,13,1215,1,1,2,2,3.0,69045,M,4608417.0,468953.0,69
201600004477,16,11,18,1915,5,2,1,2,3.0,69019,M,4611424.0,472121.0,69
201600004478,16,11,25,1029,1,2,3,1,6.0,69019,M,4610616.0,474863.0,69
201600004479,16,11,25,1555,1,2,1,1,1.0,69019,M,4610985.0,474423.0,69
201600004480,16,12,12,650,3,1,9,5,3.0,69211,M,4611762.0,472460.0,69
201600004481,16,12,14,1140,1,1,1,5,1.0,69197,M,4605348.0,465781.0,69
201600004482,16,12,16,750,2,1,1,1,5.0,69019,M,4610209.0,473086.0,69
201600004483,16,12,21,830,1,1,1,8,3.0,69197,M,4606604.0,465765.0,69
201600004484,16,1,25,1300,1,1,2,1,1.0,69222,M,0.0,0.0,69
201600004485,16,2,7,1745,1,1,1,8,3.0,69050,M,0.0,0.0,69