Num_Acc,an,mois,jour,hrmn,lum,agg,int,atm,col,com,gps,lat,long,dep
201600004486,16,5,28,1945,1,1,1,2,6.0,69239,M,4592600.0,448100.0,69
201600004487,16,5,31,1345,1,1,2,2,3.0,69090,M,0.0,0.0,69
201600004488,16,8,21,1530,1,1,1,1,2.0,69050,M,0.0,0.0,69
201600004489,16,8,26,1645,1,2,1,1,6.0,69026,M,4589900.0,458900.0,69
201600004490,16,11,11,1210,1,1,1,1,3.0,69050,M,4587603.0,464416.0,69
201600004491,16,2,26,1715,1,1,1,1,6.0,69254,M,4596000.0,442200.0,69
201600004492,16,3,22,930,1,2,1,1,7.0,69243,M,0.0,0.0,69
201600004493,16,3,27,1900,1,2,3,1,3.0,69157,M,0.0,0.0,69
201600004494,16,5,10,1800,1,2,1,1,1.0,69157,M,0.0,0.0,69
201600004495,16,7,14,1930,1,1,1,1,1.0,69157,M,0.0,0.0,69
201600004496,16,10,6,1010,1,2,1,1,6.0,69243,M,4589150.0,444257.0,69
201600004497,16,11,1,1835,3,1,9,1,7.0,69254,M,4592803.0,442660.0,69
201600004498,16,12,29,1155,1,2,1,5,1.0,69157,M,4587988.0,449368.0,69
201600004499,16,3,5,1230,1,1,1,2,6.0,69107,M,4604800.0,448600.0,69
201600004500,16,5,15,1730,1,2,1,1,6.0,69054,M,4617400.0,448900.0,69
201600004501,16,9,13,1500,1,1,1,1,7.0,69107,M,0.0,0.0,69
201600004502,16,9,26,630,2,1,3,8,3.0,69037,M,0.0,0.0,69
201600004503,16,10,23,1115,1,1,1,1,1.0,69054,M,4617135.0,450375.0,69
201600004504,16,3,30,1415,3,1,1,1,1.0,69025,M,0.0,0.0,69
201600004505,16,5,30,1515,1,2,1,1,1.0,69006,M,0.0,0.0,69
201600004506,16,5,26,1045,1,1,3,1,3.0,69158,M,0.0,0.0,69
201600004507,16,6,11,830,1,2,1,2,1.0,69066,M,4610200.0,431800.0,69
201600004508,16,1,30,1730,1,1,1,2,6.0,01336,M,4617415.0,515234.0,01
201600004509,16,2,19,15,3,1,1,1,6.0,01405,M,0.0,0.0,01
201600004510,16,5,21,1615,1,1,1,1,1.0,01405,M,4614953.0,517774.0,01
201600004511,16,5,26,745,1,1,1,1,1.0,01336,M,0.0,0.0,01
201600004512,16,7,15,1345,1,1,1,1,7.0,01405,M,0.0,0.0,01
201600004513,16,8,2,1845,1,1,1,1,5.0,01405,M,4615734.0,518369.0,01
201600004514,16,8,10,1245,1,1,1,1,5.0,01405,M,0.0,0.0,01
201600004515,16,8,13,1830,1,1,1,1,3.0,01385,M,4618059.0,515471.0,01
201600004516,16,9,18,2145,3,1,1,3,5.0,01405,M,4611317.0,514866.0,01
201600004517,16,9,20,1830,1,1,1,1,1.0,01264,M,0.0,0.0,01
201600004518,16,10,22,1530,1,1,1,1,6.0,01301,M,4625074.0,511213.0,01
201600004519,16,10,27,1745,2,1,1,1,1.0,01405,M,4611900.0,515472.0,01
201600004520,16,11,17,2000,3,1,1,1,7.0,01065,M,0.0,0.0,01
201600004521,16,3,13,1545,1,1,1,1,7.0,01273,M,0.0,0.0,01
201600004522,16,6,12,2300,3,1,1,2,3.0,01072,M,0.0,0.0,01
201600004523,16,6,19,600,2,1,1,1,6.0,01447,M,0.0,0.0,01
201600004524,16,7,3,1830,1,1,1,1,1.0,01426,M,4627000.0,536000.0,01
201600004525,16,8,1,1530,1,1,9,1,3.0,01184,M,4615255.0,544418.0,01
201600004526,16,8,8,1545,1,1,1,1,3.0,01350,M,4629517.0,529978.0,01
201600004527,16,2,14,415,3,1,1,2,6.0,01236,M,4655300.0,514400.0,01
201600004528,16,3,30,1745,1,1,1,1,2.0,01024,M,0.0,0.0,01
201600004529,16,5,14,300,3,1,1,1,2.0,01284,M,0.0,0.0,01
201600004530,16,6,22,810,1,1,1,1,1.0,01154,M,4631925.0,519473.0,01
201600004531,16,7,17,1,5,1,1,1,6.0,01175,M,0.0,0.0,01
201600004532,16,7,17,545,2,1,1,1,6.0,01236,M,4632936.0,506837.0,01
201600004533,16,8,12,1845,1,1,2,1,3.0,01406,M,0.0,0.0,01
201600004534,16,8,29,1800,1,2,1,1,1.0,01305,M,0.0,0.0,01
201600004535,16,10,29,1545,1,1,1,1,6.0,01163,M,0.0,0.0,01
201600004536,16,11,26,1615,1,1,1,1,6.0,01163,M,4636700.0,515306.0,01
201600004537,16,1,26,700,3,1,1,9,1.0,01068,M,0.0,0.0,01
201600004538,16,2,26,300,3,1,1,2,7.0,01200,M,0.0,0.0,01
201600004539,16,2,27,1145,1,1,1,1,6.0,01314,M,0.0,0.0,01
201600004540,16,4,3,1530,1,1,1,2,1.0,01151,M,0.0,0.0,01
201600004541,16,4,6,1730,1,1,1,1,1.0,01199,M,0.0,0.0,01
201600004542,16,4,24,2000,1,1,1,1,6.0,01068,M,0.0,0.0,01
201600004543,16,5,7,115,3,1,1,1,6.0,01200,M,4608806.0,547790.0,01
201600004544,16,5,21,1530,1,1,1,1,3.0,01363,M,4603878.0,535254.0,01
201600004545,16,5,28,1645,1,1,1,1,6.0,01068,M,0.0,0.0,01
201600004546,16,6,10,1745,1,1,1,1,6.0,01056,M,0.0,0.0,01
201600004547,16,6,23,1530,1,1,1,1,6.0,01273,M,4609288.0,535699.0,01
201600004548,16,6,26,1930,1,1,1,1,6.0,01363,M,0.0,0.0,01
201600004549,16,7,3,115,3,1,1,1,5.0,01303,M,0.0,0.0,01
201600004550,16,7,12,145,3,1,1,1,2.0,01303,M,0.0,0.0,01
201600004551,16,7,16,1300,1,2,2,7,3.0,01273,M,4607913.0,537650.0,01
201600004552,16,10,1,1430,1,1,1,2,6.0,01199,M,0.0,0.0,01
201600004553,16,10,8,1515,1,1,1,8,7.0,01199,M,0.0,0.0,01
201600004554,16,11,24,1200,1,2,1,1,7.0,01056,M,0.0,0.0,01
201600004555,16,2,29,2130,3,1,6,1,6.0,01134,M,0.0,0.0,01
201600004556,16,5,11,945,1,1,2,3,3.0,01134,M,0.0,0.0,01
201600004557,16,7,7,1445,3,1,1,1,1.0,01320,M,0.0,0.0,01
201600004558,16,6,21,1600,1,1,1,1,6.0,01343,M,0.0,0.0,01
201600004559,16,9,20,1545,1,2,9,1,6.0,01306,M,4626349.0,488608.0,01
201600004560,16,12,10,330,3,2,1,5,6.0,01320,M,0.0,0.0,01
201600004561,16,2,5,1530,1,1,1,1,2.0,01034,M,0.0,0.0,01
201600004562,16,8,20,1600,1,2,1,2,1.0,01239,M,0.0,0.0,01
201600004563,16,8,27,1630,1,1,1,1,6.0,01454,M,0.0,0.0,01
201600004564,16,10,29,1815,1,2,1,1,1.0,01034,M,0.0,0.0,01
201600004565,16,11,1,1230,1,1,1,1,6.0,01294,M,4569516.0,567634.0,01
201600004566,16,11,14,845,1,1,1,8,6.0,01294,M,4570192.0,569932.0,01
201600004567,16,11,23,2130,3,1,1,1,6.0,01034,M,4576800.0,570400.0,01
201600004568,16,12,15,2115,3,1,1,1,1.0,01034,M,0.0,0.0,01
201600004569,16,2,21,1745,1,2,1,1,1.0,01004,M,4597741.0,534979.0,01
201600004570,16,11,5,1145,1,2,1,2,3.0,01345,M,4594468.0,533052.0,01
201600004571,16,11,17,2200,3,1,1,2,1.0,01089,M,0.0,0.0,01
201600004572,16,11,26,1015,1,1,1,1,1.0,01004,M,0.0,0.0,01
201600004573,16,12,16,100,3,1,1,1,6.0,01421,M,0.0,0.0,01
201600004574,16,12,26,1915,3,1,1,9,6.0,01004,M,0.0,0.0,01
201600004575,16,1,7,2000,3,1,1,1,6.0,01066,M,0.0,0.0,01
201600004576,16,1,24,1200,1,1,1,1,5.0,01138,M,0.0,0.0,01
201600004577,16,1,29,1845,5,1,2,1,5.0,01010,M,0.0,0.0,01
201600004578,16,2,26,1600,1,2,3,1,1.0,01010,M,0.0,0.0,01
201600004579,16,2,26,1430,1,1,1,1,7.0,01407,M,0.0,0.0,01
201600004580,16,6,22,1600,1,2,1,7,3.0,01138,M,4584788.0,578690.0,01
201600004581,16,7,8,845,1,1,1,1,1.0,01415,M,0.0,0.0,01
201600004582,16,7,9,1715,1,1,1,1,7.0,01329,M,4583366.0,559117.0,01
201600004583,16,7,15,1630,1,1,1,1,1.0,01138,M,0.0,0.0,01
201600004584,16,9,18,1745,2,1,1,2,3.0,01138,M,0.0,0.0,01
201600004585,16,9,24,1330,1,1,1,1,7.0,01218,M,0.0,0.0,01
201600004586,16,10,31,1630,1,2,6,1,3.0,01138,M,0.0,0.0,01
201600004587,16,12,24,1000,1,1,1,1,7.0,01138,M,0.0,0.0,01
201600004588,16,6,21,745,2,1,1,2,1.0,01112,M,4610000.0,554000.0,01
201600004589,16,7,30,1145,1,1,1,2,7.0,01176,M,0.0,0.0,01
201600004590,16,1,25,1330,1,1,1,1,7.0,01396,M,0.0,0.0,01
201600004591,16,2,4,1915,5,1,1,2,1.0,01224,M,0.0,0.0,01
201600004592,16,2,8,930,1,1,1,8,1.0,01444,M,0.0,0.0,01
201600004593,16,2,20,30,3,1,1,1,1.0,01444,M,0.0,0.0,01
201600004594,16,3,18,1900,5,2,1,1,7.0,01396,M,4585465.0,540905.0,01
201600004595,16,6,16,215,3,1,1,3,3.0,01213,M,4591000.0,531000.0,01
201600004596,16,7,1,445,3,1,1,1,5.0,01213,M,0.0,0.0,01
201600004597,16,9,2,1315,1,1,1,1,5.0,01047,M,0.0,0.0,01
201600004598,16,9,9,745,1,1,1,1,3.0,01213,M,0.0,0.0,01
201600004599,16,9,13,545,3,1,1,1,1.0,01390,M,4578351.0,522653.0,01
201600004600,16,10,4,1530,1,1,1,1,4.0,01008,M,0.0,0.0,01
201600004601,16,4,15,1845,1,2,1,2,6.0,01269,M,0.0,0.0,01
201600004602,16,6,4,2145,2,1,1,1,1.0,01204,M,4615500.0,571900.0,01
201600004603,16,6,10,1845,1,1,1,1,1.0,01269,M,0.0,0.0,01
201600004604,16,8,13,2000,1,1,1,1,1.0,01087,M,4620538.0,569380.0,01
201600004605,16,8,16,945,1,2,1,1,6.0,01265,M,0.0,0.0,01
201600004606,16,5,9,845,1,2,1,1,6.0,01033,M,4611000.0,581000.0,01
201600004607,16,5,25,1900,1,2,3,1,3.0,01033,M,0.0,0.0,01
201600004608,16,6,22,1030,1,2,1,1,6.0,01033,M,0.0,0.0,01
201600004609,16,10,14,330,3,1,1,3,6.0,01044,M,0.0,0.0,01
201600004610,16,1,19,630,3,1,1,4,3.0,01173,M,0.0,0.0,01
201600004611,16,2,16,1715,1,2,1,2,6.0,01143,M,0.0,0.0,01
201600004612,16,4,29,815,2,2,1,1,1.0,01071,M,0.0,0.0,01
201600004613,16,8,27,1330,1,2,1,1,6.0,01143,M,0.0,0.0,01
201600004614,16,3,26,1515,1,1,1,1,7.0,01114,M,0.0,0.0,01
201600004615,16,5,31,1715,1,1,1,2,1.0,01247,M,0.0,0.0,01
201600004616,16,8,13,1615,1,1,1,1,7.0,01247,M,0.0,0.0,01
201600004617,16,1,29,1600,1,2,6,7,6.0,01160,M,4625880.0,611600.0,01
201600004618,16,6,19,2200,3,1,1,1,6.0,01313,M,0.0,0.0,01
201600004619,16,8,15,2210,3,1,1,1,7.0,01435,M,4630346.0,608932.0,01
201600004620,16,9,13,2145,3,2,1,1,6.0,01281,M,0.0,0.0,01
201600004621,16,10,17,1730,1,2,1,2,3.0,01173,M,0.0,0.0,01
201600004622,16,11,8,1730,3,2,1,1,1.0,01281,M,0.0,0.0,01
201600004623,16,11,3,1430,1,2,1,1,6.0,01160,M,0.0,0.0,01
201600004624,16,1,23,1630,1,2,1,7,3.0,01446,M,0.0,0.0,01
201600004625,16,2,25,2100,3,1,1,1,1.0,01250,M,0.0,0.0,01
201600004626,16,3,5,1330,1,2,1,1,7.0,01166,M,0.0,0.0,01
201600004627,16,3,30,1115,1,1,1,1,1.0,01238,M,0.0,0.0,01
201600004628,16,4,12,1315,1,1,3,1,5.0,01322,M,0.0,0.0,01
201600004629,16,4,19,1515,1,2,1,1,6.0,01194,M,4598111.0,476662.0,01
201600004630,16,4,26,1330,1,1,1,1,1.0,01075,M,4602235.0,478511.0,01
201600004631,16,5,9,845,1,1,2,2,3.0,01318,M,4597123.0,485278.0,01
201600004632,16,6,11,2330,3,1,6,1,7.0,01250,M,4598000.0,476000.0,01
201600004633,16,6,19,415,3,2,1,1,6.0,01318,M,4597281.0,486869.0,01
201600004634,16,6,23,1130,1,2,1,1,7.0,01427,M,0.0,0.0,01
201600004635,16,6,24,1515,1,1,2,1,3.0,01446,M,0.0,0.0,01
201600004636,16,7,2,2200,2,1,6,1,6.0,01322,M,4593000.0,480000.0,01
201600004637,16,7,6,915,1,2,1,1,2.0,01030,M,4600104.0,475144.0,01
201600004638,16,9,20,1215,1,1,1,1,3.0,01021,M,4597122.0,485276.0,01
201600004639,16,10,8,1055,1,2,9,1,1.0,01238,M,4590442.0,482030.0,01
201600004640,16,12,7,2145,3,1,2,5,1.0,01157,M,0.0,0.0,01
201600004641,16,12,16,845,1,1,1,1,2.0,01075,M,0.0,0.0,01
201600004642,16,1,1,500,3,2,1,5,1.0,01046,M,0.0,0.0,01
201600004643,16,1,11,1715,2,1,1,8,6.0,01093,M,0.0,0.0,01
201600004644,16,1,31,645,5,2,1,2,7.0,01457,M,0.0,0.0,01
201600004645,16,3,7,1715,1,1,2,2,5.0,01355,M,0.0,0.0,01
201600004646,16,5,11,1430,1,1,1,1,1.0,01457,M,0.0,0.0,01
201600004647,16,5,14,2315,5,1,1,1,7.0,01457,M,0.0,0.0,01
201600004648,16,5,22,715,1,1,1,1,3.0,01412,M,0.0,0.0,01
201600004649,16,6,19,830,1,1,1,2,6.0,01368,M,4618882.0,495414.0,01
201600004650,16,6,24,1745,1,1,1,1,6.0,01246,M,0.0,0.0,01
201600004651,16,7,2,2200,3,1,1,1,6.0,01093,M,0.0,0.0,01
201600004652,16,7,1,1000,1,1,1,1,3.0,01457,M,0.0,0.0,01
201600004653,16,7,2,1730,1,1,6,1,6.0,01093,M,0.0,0.0,01
201600004654,16,8,7,1445,1,1,1,1,3.0,01115,M,0.0,0.0,01
201600004655,16,8,13,1145,1,1,2,1,3.0,01412,M,4616571.0,496323.0,01
201600004656,16,9,9,930,1,2,1,1,3.0,01246,M,4624049.0,506443.0,01
201600004657,16,9,25,1230,1,1,1,1,3.0,01457,M,4622372.0,498121.0,01
201600004658,16,10,8,1800,1,1,1,1,1.0,01093,M,0.0,0.0,01
201600004659,16,12,4,2345,5,2,1,1,6.0,01412,M,0.0,0.0,01
201600004660,16,6,17,1700,1,1,1,1,3.0,01249,M,0.0,0.0,01
201600004661,16,7,8,1415,1,1,1,1,2.0,01249,M,4586725.0,491287.0,01
201600004662,16,9,30,1615,1,2,1,1,3.0,01249,M,4582678.0,496821.0,01
201600004663,16,10,5,1530,1,2,9,1,3.0,01249,M,0.0,0.0,01
201600004664,16,10,10,1500,1,2,2,1,2.0,01275,M,4582527.0,493010.0,01
201600004665,16,1,11,1415,1,2,6,1,6.0,01262,M,4584810.0,505770.0,01
201600004666,16,1,23,1430,1,1,1,1,7.0,01297,M,0.0,0.0,01
201600004667,16,1,30,1600,1,2,1,8,6.0,01049,M,0.0,0.0,01
201600004668,16,4,8,1115,1,2,1,1,3.0,01049,M,0.0,0.0,01
201600004669,16,5,20,1745,1,1,1,1,7.0,01276,M,0.0,0.0,01
201600004670,16,7,29,1845,1,2,1,7,6.0,01032,M,0.0,0.0,01
201600004671,16,8,24,1930,1,2,3,1,3.0,01027,M,0.0,0.0,01
201600004672,16,10,20,1845,1,2,1,1,3.0,01032,M,0.0,0.0,01
201600004673,16,1,24,515,3,1,1,1,7.0,01393,M,0.0,0.0,01
201600004674,16,3,18,400,3,1,1,1,3.0,01443,M,0.0,0.0,01
201600004675,16,4,14,1205,1,1,1,1,7.0,01045,M,0.0,0.0,01
201600004676,16,5,21,2245,3,1,1,1,6.0,01235,M,0.0,0.0,01
201600004677,16,6,18,2300,5,2,1,1,1.0,01005,M,0.0,0.0,01
201600004678,16,7,13,300,5,1,1,1,7.0,01371,M,4594632.0,498165.0,01
201600004679,16,8,8,1800,1,2,2,1,3.0,01085,M,0.0,0.0,01
201600004680,16,2,7,1330,1,1,2,1,3.0,01428,M,0.0,0.0,01
201600004681,16,5,27,2030,1,2,2,1,3.0,01420,M,4617218.0,480114.0,01
201600004682,16,7,24,730,2,2,1,7,6.0,01169,M,0.0,0.0,01
201600004683,16,7,27,1745,1,1,1,1,6.0,01351,M,0.0,0.0,01
201600004684,16,9,1,1715,1,2,1,1,6.0,01420,M,4616615.0,479084.0,01
201600004685,16,9,8,1200,1,2,1,1,1.0,01263,M,4608566.0,475331.0,01
201600004686,16,10,13,1845,5,1,1,3,6.0,01169,M,0.0,0.0,01
201600004687,16,12,5,1330,1,2,1,5,6.0,01420,M,0.0,0.0,01
201600004688,16,12,9,1740,5,2,1,5,6.0,01420,M,4617492.0,479898.0,01
201600004689,16,2,8,1100,1,1,1,1,5.0,07122,M,0.0,0.0,07
201600004690,16,3,30,1645,1,2,1,1,7.0,07122,M,0.0,0.0,07
201600004691,16,6,7,1645,1,2,1,1,6.0,07289,M,0.0,0.0,07
201600004692,16,6,13,2115,2,1,1,2,6.0,07210,M,0.0,0.0,07
201600004693,16,6,21,1200,1,1,1,1,6.0,07155,M,0.0,0.0,07
201600004694,16,6,13,1115,1,1,1,1,1.0,07139,M,0.0,0.0,07
201600004695,16,6,24,1830,1,2,1,1,3.0,07296,M,0.0,0.0,07
201600004696,16,8,11,1630,1,1,1,1,6.0,07016,M,4468400.0,435500.0,07
201600004697,16,8,26,1500,1,1,1,1,1.0,07230,M,4469600.0,447400.0,07
201600004698,16,8,26,2330,5,1,1,1,3.0,07296,M,4458900.0,439400.0,07
201600004699,16,11,26,930,1,1,1,1,1.0,07230,M,4468700.0,446400.0,07
201600004700,16,2,13,1230,1,1,1,5,1.0,07042,M,0.0,0.0,07
201600004701,16,7,15,1515,1,1,9,1,2.0,07133,M,4444200.0,458900.0,07
201600004702,16,7,30,1915,1,1,1,1,2.0,07042,M,0.0,0.0,07
201600004703,16,8,11,1345,1,1,1,1,3.0,07268,M,0.0,0.0,07
201600004704,16,5,16,1330,1,1,1,1,3.0,07167,M,0.0,0.0,07
201600004705,16,7,17,1415,1,1,1,1,6.0,07149,M,0.0,0.0,07
201600004706,16,1,5,1715,2,1,1,1,6.0,07319,M,0.0,0.0,07
201600004707,16,3,18,1930,2,1,1,1,6.0,07346,M,4477400.0,414600.0,07
201600004708,16,5,4,1415,1,1,1,1,2.0,07346,M,0.0,0.0,07
201600004709,16,9,22,1445,1,1,1,1,5.0,07319,M,0.0,0.0,07
201600004710,16,10,9,1130,1,2,1,1,6.0,07319,M,0.0,0.0,07
201600004711,16,5,17,815,1,2,1,1,1.0,07341,M,0.0,0.0,07
201600004712,16,7,31,1315,1,1,1,1,6.0,07159,M,0.0,0.0,07
201600004713,16,10,20,1045,1,1,1,1,6.0,07273,M,0.0,0.0,07
201600004714,16,12,11,2015,1,1,1,1,1.0,07341,M,0.0,0.0,07
201600004715,16,2,5,1100,1,1,2,1,3.0,07027,M,4483000.0,481000.0,07
201600004716,16,2,21,1415,1,1,6,1,3.0,07240,M,4484300.0,481600.0,07
201600004717,16,3,25,1500,1,2,3,1,3.0,07027,M,0.0,0.0,07
201600004718,16,5,6,1630,1,1,1,1,1.0,07237,M,0.0,0.0,07
201600004719,16,5,10,1745,1,2,1,1,2.0,07181,M,4474100.0,474100.0,07
201600004720,16,5,16,830,1,2,1,1,6.0,07349,M,0.0,0.0,07
201600004721,16,6,2,1015,1,1,1,1,3.0,07349,M,0.0,0.0,07
201600004722,16,7,9,1815,1,1,1,1,3.0,07022,M,0.0,0.0,07
201600004723,16,7,22,715,1,1,1,1,1.0,07181,M,0.0,0.0,07
201600004724,16,9,19,1030,1,1,1,1,6.0,07261,M,4484200.0,474900.0,07
201600004725,16,10,7,845,1,2,1,7,6.0,07261,M,4482600.0,476400.0,07
201600004726,16,10,19,1700,1,1,1,1,6.0,07349,M,0.0,0.0,07
201600004727,16,11,10,1215,1,1,1,8,1.0,07237,M,0.0,0.0,07
201600004728,16,11,10,1845,5,2,1,2,6.0,07090,M,0.0,0.0,07
201600004729,16,12,1,1800,5,2,1,1,1.0,07349,M,0.0,0.0,07
201600004730,16,1,11,2200,3,1,1,1,6.0,07329,M,0.0,0.0,07
201600004731,16,6,5,145,3,1,1,9,6.0,07117,M,0.0,0.0,07
201600004732,16,10,3,645,3,1,1,1,6.0,07343,M,0.0,0.0,07
201600004733,16,11,10,1830,5,2,1,1,2.0,07110,M,0.0,0.0,07
201600004734,16,11,19,1600,1,1,1,1,6.0,07199,M,0.0,0.0,07
201600004735,16,8,15,1515,1,1,1,7,1.0,07153,M,0.0,0.0,07
201600004736,16,12,29,2015,5,1,1,1,1.0,07211,M,0.0,0.0,07
201600004737,16,5,25,2100,2,1,1,1,7.0,07203,M,0.0,0.0,07
201600004738,16,7,12,1130,1,1,1,1,1.0,07322,M,0.0,0.0,07
201600004739,16,9,6,630,5,1,1,1,6.0,07127,M,0.0,0.0,07
201600004740,16,10,24,1000,3,1,1,3,6.0,07156,M,0.0,0.0,07
201600004741,16,12,19,1530,1,1,1,2,3.0,07156,M,0.0,0.0,07
201600004742,16,4,9,1630,1,1,1,1,6.0,07328,M,0.0,0.0,07
201600004743,16,6,16,1845,1,1,1,1,3.0,07183,M,0.0,0.0,07
201600004744,16,8,10,1930,1,1,1,1,3.0,07291,M,0.0,0.0,07
201600004745,16,2,13,230,3,1,1,5,6.0,07031,M,0.0,0.0,07
201600004746,16,4,22,1930,1,1,1,1,6.0,07211,M,0.0,0.0,07
201600004747,16,5,15,1830,1,1,1,1,5.0,07024,M,0.0,0.0,07
201600004748,16,10,30,1130,1,1,1,1,7.0,07280,M,0.0,0.0,07
201600004749,16,3,9,730,1,2,1,1,6.0,07324,M,0.0,0.0,07
201600004750,16,5,11,1600,1,2,1,1,7.0,07324,M,0.0,0.0,07
201600004751,16,6,4,700,1,2,1,1,1.0,07345,M,0.0,0.0,07
201600004752,16,7,7,1845,1,2,9,1,6.0,07324,M,0.0,0.0,07
201600004753,16,7,9,1930,1,2,1,1,6.0,07324,M,0.0,0.0,07
201600004754,16,7,31,1945,1,1,1,8,6.0,07015,M,0.0,0.0,07
201600004755,16,8,2,1600,1,2,6,1,1.0,07324,M,0.0,0.0,07
201600004756,16,8,25,930,1,2,1,1,6.0,07324,M,0.0,0.0,07
201600004757,16,9,10,1145,1,1,1,7,6.0,07217,M,0.0,0.0,07
201600004758,16,10,7,1830,1,1,1,1,7.0,07245,M,0.0,0.0,07
201600004759,16,10,12,1145,1,2,1,1,3.0,07324,M,0.0,0.0,07
201600004760,16,11,28,1545,1,1,1,1,7.0,07217,M,0.0,0.0,07
201600004761,16,12,2,1800,3,1,1,1,5.0,07015,M,0.0,0.0,07
201600004762,16,3,31,330,3,2,1,1,6.0,07010,M,0.0,0.0,07
201600004763,16,11,1,830,1,2,6,1,7.0,07078,M,0.0,0.0,07
201600004764,16,12,9,2115,3,1,1,1,5.0,07227,M,0.0,0.0,07
201600004765,16,12,15,1915,5,2,1,1,4.0,07010,M,0.0,0.0,07
201600004766,16,12,26,1715,3,1,1,1,7.0,07089,M,0.0,0.0,07
201600004767,16,4,15,1830,2,1,1,1,6.0,07012,M,0.0,0.0,07
201600004768,16,4,17,1030,1,1,1,2,6.0,07204,M,0.0,0.0,07
201600004769,16,5,3,1730,1,2,1,1,6.0,07064,M,0.0,0.0,07
201600004770,16,6,22,1330,1,2,6,1,3.0,07064,M,0.0,0.0,07
201600004771,16,9,4,1615,1,2,1,1,6.0,07064,M,0.0,0.0,07
201600004772,16,12,6,1500,1,1,1,1,6.0,07150,M,0.0,0.0,07
201600004773,16,12,16,545,3,1,1,5,7.0,07064,M,4488500.0,442000.0,07
201600004774,16,12,18,1645,1,1,1,9,7.0,07204,M,0.0,0.0,07
201600004775,16,7,8,945,1,1,1,1,1.0,07035,M,0.0,0.0,07
201600004776,16,8,2,1400,1,1,1,1,6.0,07129,M,0.0,0.0,07
201600004777,16,8,19,1945,1,1,1,1,7.0,07216,M,0.0,0.0,07
201600004778,16,7,26,1500,1,1,1,1,1.0,07301,M,0.0,0.0,07
201600004779,16,9,27,1030,1,1,1,1,6.0,07013,M,0.0,0.0,07
201600004780,16,3,30,1615,1,1,1,1,1.0,07188,M,0.0,0.0,07
201600004781,16,5,28,1630,1,1,1,1,7.0,07124,M,0.0,0.0,07
201600004782,16,6,18,1945,1,1,1,1,6.0,07069,M,0.0,0.0,07
201600004783,16,8,2,845,1,1,1,1,7.0,07185,M,0.0,0.0,07
201600004784,16,9,21,1600,1,1,1,1,1.0,07309,M,0.0,0.0,07
201600004785,16,1,12,1715,2,1,6,1,1.0,26108,M,0.0,0.0,26
201600004786,16,1,27,945,1,1,1,1,1.0,26125,M,0.0,0.0,26
201600004787,16,6,3,2030,1,1,1,1,1.0,26183,M,4471483.0,508017.0,26
201600004788,16,6,12,1445,1,1,1,1,6.0,26368,M,0.0,0.0,26
201600004789,16,7,21,1400,1,1,1,1,1.0,26122,M,0.0,0.0,26
201600004790,16,7,22,1915,1,1,1,1,3.0,26125,M,0.0,0.0,26
201600004791,16,7,22,1345,1,1,1,1,7.0,26240,M,0.0,0.0,26
201600004792,16,8,6,1200,1,1,1,1,3.0,26368,M,0.0,0.0,26
201600004793,16,8,16,1630,1,1,1,7,3.0,26122,M,0.0,0.0,26
201600004794,16,9,16,1800,1,1,1,1,1.0,26258,M,0.0,0.0,26
201600004795,16,5,5,1430,1,1,1,1,1.0,26299,M,0.0,0.0,26
201600004796,16,6,2,1630,1,1,1,8,1.0,26086,M,0.0,0.0,26
201600004797,16,8,7,1200,1,1,1,1,2.0,26113,M,4473907.0,538736.0,26
201600004798,16,8,14,415,3,1,1,1,7.0,26248,M,0.0,0.0,26
201600004799,16,9,4,1245,1,1,1,1,3.0,26069,M,0.0,0.0,26
201600004800,16,1,15,1000,1,1,1,1,1.0,26168,M,0.0,0.0,26
201600004801,16,6,10,2215,3,1,1,1,3.0,26168,M,0.0,0.0,26
201600004802,16,8,3,1630,1,1,1,1,1.0,26243,M,0.0,0.0,26
201600004803,16,9,4,1845,1,1,1,1,2.0,26101,M,0.0,0.0,26
201600004804,16,11,20,10,3,1,1,1,6.0,26085,M,0.0,0.0,26
201600004805,16,1,31,1115,1,1,1,1,3.0,26220,M,0.0,0.0,26
201600004806,16,2,5,1145,1,2,1,1,6.0,26220,M,4435910.0,514710.0,26
201600004807,16,6,22,800,1,2,1,7,3.0,26220,M,4435853.0,513516.0,26
201600004808,16,9,11,45,3,1,1,1,1.0,26016,M,0.0,0.0,26
201600004809,16,8,30,1215,1,1,3,1,3.0,26377,M,0.0,0.0,26
201600004810,16,11,22,700,2,2,7,3,6.0,26220,M,4436017.0,513782.0,26
201600004811,16,11,24,1215,1,2,6,8,3.0,26220,M,4435415.0,511757.0,26
201600004812,16,11,28,845,1,1,6,1,6.0,26220,M,0.0,0.0,26
201600004813,16,12,4,210,3,1,1,1,6.0,26220,M,0.0,0.0,26
201600004814,16,10,14,1914,5,2,1,3,6.0,02691,M,4984711.0,328939.0,02
201600004815,16,10,13,810,1,2,3,1,7.0,02691,M,4984949.0,327417.0,02
201600004816,16,10,17,1730,1,2,1,1,6.0,02691,M,4985786.0,328970.0,02
201600004817,16,2,16,55,5,1,1,1,1.0,02691,M,4983767.0,328468.0,02
201600004818,16,2,29,810,1,2,1,7,6.0,02691,M,4984935.0,326953.0,02
201600004819,16,10,15,1200,1,2,1,1,6.0,02691,M,4984768.0,328430.0,02
201600004820,16,3,20,1835,2,2,3,1,2.0,02691,M,4985826.0,330165.0,02
201600004821,16,5,17,1639,1,2,1,1,6.0,02691,M,4984505.0,327900.0,02
201600004822,16,8,3,1405,1,2,1,1,6.0,02691,M,4984060.0,328993.0,02
201600004823,16,8,22,515,5,2,6,1,3.0,02691,M,4985270.0,328634.0,02
201600004824,16,8,5,1715,1,1,3,1,1.0,02691,M,4985859.0,326018.0,02
201600004825,16,9,26,1710,1,2,2,1,6.0,02691,M,4983567.0,331235.0,02
201600004826,16,5,21,1515,1,1,1,1,7.0,26127,M,0.0,0.0,26
201600004827,16,7,17,1415,1,1,1,7,1.0,26303,M,0.0,0.0,26
201600004828,16,7,24,1145,1,1,1,1,6.0,26188,M,0.0,0.0,26
201600004829,16,10,4,1520,1,1,3,1,3.0,02659,M,4985226.0,332865.0,02
201600004830,16,5,28,2300,4,1,1,1,6.0,26304,M,0.0,0.0,26
201600004831,16,9,19,1730,1,1,3,7,7.0,26112,M,0.0,0.0,26
201600004832,16,1,22,1045,1,1,1,1,3.0,26314,M,0.0,0.0,26
201600004833,16,7,13,1800,1,1,1,1,3.0,26148,M,0.0,0.0,26
201600004834,16,9,25,1000,1,2,1,1,6.0,26148,M,4525616.0,502766.0,26
201600004835,16,4,15,1545,1,1,1,1,1.0,26320,M,0.0,0.0,26
201600004836,16,7,12,1545,1,1,1,2,1.0,26320,M,0.0,0.0,26
201600004837,16,1,14,1545,1,2,1,2,1.0,26333,M,4517240.0,481910.0,26