Num_Acc,an,mois,jour,hrmn,lum,agg,int,atm,col,com,gps,lat,long,dep
201600004838,16,2,10,2300,5,2,1,4,7.0,38256,M,0.0,0.0,38
201600004839,16,3,15,1315,1,1,1,1,1.0,38381,M,4554623.0,546854.0,38
201600004840,16,3,31,1515,1,1,1,1,3.0,38124,M,0.0,0.0,38
201600004841,16,4,8,1030,1,1,1,1,4.0,38543,M,4510600.0,579400.0,38
201600004842,16,6,23,800,1,2,1,7,6.0,38261,M,0.0,0.0,38
201600004843,16,2,22,1,3,1,1,1,1.0,02805,M,4937789.0,336767.0,02
201600004844,16,3,16,810,1,2,3,1,6.0,02722,M,4937659.0,333254.0,02
201600004845,16,4,6,106,5,2,3,1,6.0,02722,M,4937651.0,331029.0,02
201600004846,16,7,12,855,1,2,2,1,6.0,02722,M,4938210.0,332453.0,02
201600004847,16,7,20,950,1,2,1,1,6.0,02722,M,4937960.0,332815.0,02
201600004848,16,9,16,2215,5,2,1,2,6.0,02722,M,4937819.0,331019.0,02
201600004849,16,11,21,1756,5,2,9,9,6.0,02722,M,4937066.0,332367.0,02
201600004850,16,12,5,1150,1,1,6,1,6.0,02722,M,4935962.0,331540.0,02
201600004851,16,12,15,1805,5,2,3,1,3.0,02722,M,4936827.0,331052.0,02
201600004852,16,11,21,1805,2,2,1,8,6.0,02722,M,4937520.0,330873.0,02
201600004853,16,2,29,2215,3,1,1,4,7.0,38567,M,0.0,0.0,38
201600004854,16,4,1,1630,1,2,3,1,3.0,38175,M,4526900.0,591400.0,38
201600004855,16,7,20,1100,1,2,1,1,1.0,38547,M,4523356.0,588567.0,38
201600004856,16,9,30,830,1,1,1,1,5.0,38422,M,4516446.0,580833.0,38
201600004857,16,9,29,1600,1,2,1,1,6.0,38150,M,4520200.0,583100.0,38
201600004858,16,12,2,1630,1,2,4,1,3.0,38547,M,4523925.0,588956.0,38
201600004859,16,12,7,1115,1,2,1,1,2.0,38150,M,4520336.0,583728.0,38
201600004860,16,1,9,1145,1,1,1,1,1.0,38158,M,4514683.0,576516.0,38
201600004861,16,1,17,1200,1,1,4,1,6.0,38188,M,4514483.0,578251.0,38
201600004862,16,4,19,1615,1,2,1,1,6.0,38309,M,0.0,0.0,38
201600004863,16,9,25,730,1,2,1,1,1.0,38158,M,0.0,0.0,38
201600004864,16,11,19,1545,1,2,6,1,3.0,38158,M,4515303.0,573384.0,38
201600004865,16,11,30,1245,1,2,1,1,3.0,38057,M,0.0,0.0,38
201600004866,16,12,2,1600,1,2,1,1,2.0,38158,M,0.0,0.0,38
201600004867,16,12,12,830,1,1,1,1,6.0,38188,M,0.0,0.0,38
201600004868,16,10,21,1700,1,2,1,1,6.0,38317,M,4513057.0,569977.0,38
201600004869,16,12,21,1545,1,1,1,1,5.0,38317,M,0.0,0.0,38
201600004870,16,3,26,1600,1,2,6,1,2.0,38314,M,0.0,0.0,38
201600004871,16,4,24,600,2,2,1,8,6.0,38027,M,4543549.0,600396.0,38
201600004872,16,5,1,2215,3,1,1,2,6.0,38439,M,0.0,0.0,38
201600004873,16,7,10,1500,1,1,1,1,1.0,38006,M,4540804.0,608647.0,38
201600004874,16,7,15,2145,2,1,1,1,6.0,38006,M,0.0,0.0,38
201600004875,16,7,27,1615,1,2,9,1,6.0,38314,M,0.0,0.0,38
201600004876,16,10,14,1430,1,2,1,1,3.0,38006,M,4539539.0,607247.0,38
201600004877,16,11,16,1645,1,1,1,1,7.0,38314,M,4543552.0,603461.0,38
201600004878,16,11,22,1430,1,1,1,8,7.0,38314,M,4543532.0,603400.0,38
201600004879,16,12,7,1745,5,2,1,1,6.0,38314,M,4542670.0,600617.0,38
201600004880,16,1,16,1245,1,2,1,2,3.0,38382,M,0.0,0.0,38
201600004881,16,1,24,1730,2,2,6,1,3.0,38382,M,0.0,0.0,38
201600004882,16,2,21,2100,5,2,1,1,3.0,38382,M,0.0,0.0,38
201600004883,16,3,25,1915,5,2,1,1,4.0,38382,M,0.0,0.0,38
201600004884,16,4,20,1915,2,2,2,1,3.0,38382,M,4523500.0,567641.0,38
201600004885,16,5,18,445,4,2,1,1,1.0,38382,M,0.0,0.0,38
201600004886,16,7,16,630,1,2,6,1,3.0,38382,M,4523707.0,566312.0,38
201600004887,16,8,1,1115,1,1,9,1,7.0,38328,M,0.0,0.0,38
201600004888,16,8,4,1045,1,2,1,1,2.0,38382,M,0.0,0.0,38
201600004889,16,8,10,1430,1,2,9,1,6.0,38382,M,0.0,0.0,38
201600004890,16,8,16,1600,1,1,1,1,6.0,38382,M,0.0,0.0,38
201600004891,16,9,25,1545,1,2,1,1,1.0,38382,M,0.0,0.0,38
201600004892,16,9,30,1430,1,2,1,1,3.0,38382,M,0.0,0.0,38
201600004893,16,11,23,1400,1,1,1,1,1.0,38382,M,0.0,0.0,38
201600004894,16,12,9,1545,1,2,9,1,7.0,38382,M,0.0,0.0,38
201600004895,16,1,1,445,3,1,1,2,6.0,38405,M,0.0,0.0,38
201600004896,16,2,13,445,3,1,1,9,7.0,38442,M,0.0,0.0,38
201600004897,16,3,28,1015,1,1,1,2,7.0,38405,M,0.0,0.0,38
201600004898,16,4,13,2115,5,1,1,8,6.0,38405,M,0.0,0.0,38
201600004899,16,6,18,1530,1,1,6,1,1.0,38412,M,0.0,0.0,38
201600004900,16,1,10,1215,1,2,1,1,3.0,38474,M,0.0,0.0,38
201600004901,16,3,30,700,2,2,1,1,1.0,38474,M,0.0,0.0,38
201600004902,16,5,7,1345,1,1,1,1,7.0,38153,M,4518347.0,562116.0,38
201600004903,16,5,30,1100,1,2,1,1,3.0,38474,M,0.0,0.0,38
201600004904,16,6,25,1415,1,1,1,1,7.0,38153,M,4520423.0,563238.0,38
201600004905,16,7,3,1530,1,1,1,1,1.0,38474,M,4521667.0,564565.0,38
201600004906,16,7,23,1545,1,1,1,1,3.0,38474,M,0.0,0.0,38
201600004907,16,11,8,1215,1,2,3,1,3.0,38474,M,4519920.0,566601.0,38
201600004908,16,2,24,2130,5,2,1,1,3.0,38503,M,0.0,0.0,38
201600004909,16,4,19,1715,1,2,9,1,2.0,38511,M,4536233.0,595537.0,38
201600004910,16,4,29,1330,1,2,1,1,1.0,38070,M,0.0,0.0,38
201600004911,16,6,1,1745,1,2,1,1,3.0,38367,M,4532430.0,589618.0,38
201600004912,16,6,27,1745,1,1,1,1,1.0,38214,M,0.0,0.0,38
201600004913,16,7,5,1915,1,2,1,1,6.0,38466,M,0.0,0.0,38
201600004914,16,9,4,1545,1,1,1,1,1.0,38002,M,0.0,0.0,38
201600004915,16,11,27,145,3,1,1,9,7.0,38181,M,4535346.0,599127.0,38
201600004916,16,12,14,930,1,2,1,9,7.0,38503,M,4532792.0,593552.0,38
201600004917,16,12,15,1800,5,2,1,1,1.0,38501,M,0.0,0.0,38
201600004918,16,12,29,1930,3,1,1,1,6.0,38501,M,0.0,0.0,38
201600004919,16,12,31,1345,1,1,2,1,1.0,38503,M,4532503.0,593508.0,38
201600004920,16,1,22,1215,1,2,1,1,3.0,38524,M,0.0,0.0,38
201600004921,16,5,4,2130,3,1,6,1,7.0,38524,M,0.0,0.0,38
201600004922,16,4,27,1330,1,2,1,1,6.0,38524,M,4508509.0,568225.0,38
201600004923,16,5,19,1545,1,2,1,2,6.0,38545,M,0.0,0.0,38
201600004924,16,6,11,830,1,2,1,1,3.0,38545,M,0.0,0.0,38
201600004925,16,8,27,315,3,2,1,1,6.0,38545,M,0.0,0.0,38
201600004926,16,10,25,1645,1,2,1,1,1.0,38545,M,4504768.0,568690.0,38
201600004927,16,11,8,815,2,2,1,5,3.0,38524,M,0.0,0.0,38
201600004928,16,11,29,1730,3,2,1,1,1.0,38524,M,0.0,0.0,38
201600004929,16,5,23,2045,3,1,1,3,7.0,38205,M,0.0,0.0,38
201600004930,16,6,10,1345,1,1,1,1,6.0,38548,M,0.0,0.0,38
201600004931,16,7,3,700,1,1,1,1,6.0,38205,M,4511644.0,557201.0,38
201600004932,16,7,9,2030,2,1,1,1,7.0,38548,M,4508335.0,553134.0,38
201600004933,16,7,14,345,1,1,1,1,6.0,38548,M,0.0,0.0,38
201600004934,16,8,8,1945,1,1,1,1,1.0,38548,M,4514258.0,559413.0,38
201600004935,16,10,16,1530,1,1,1,1,6.0,38548,M,4508009.0,552182.0,38
201600004936,16,12,29,1200,1,1,1,7,5.0,38205,M,0.0,0.0,38
201600004937,16,1,25,1018,1,2,3,1,6.0,02059,M,4965806.0,333619.0,02
201600004938,16,12,30,1610,1,2,7,5,6.0,02738,M,4966438.0,328539.0,02
201600004939,16,1,29,957,1,1,2,8,5.0,02059,M,,,02
201600004940,16,1,30,805,1,1,1,2,5.0,02212,M,0.0,0.0,02
201600004941,16,1,27,1200,1,2,3,1,6.0,02738,M,4965422.0,329308.0,02
201600004942,16,2,16,1230,1,2,1,1,6.0,02059,M,4965863.0,334345.0,02
201600004943,16,6,6,1800,1,2,9,1,3.0,02212,M,4964824.0,327290.0,02
201600004944,16,6,29,1840,1,2,1,1,6.0,02738,M,4939591.0,316439.0,02
201600004945,16,7,10,1925,1,1,1,1,7.0,02165,M,4964533.0,339491.0,02
201600004946,16,7,11,2045,1,2,2,1,1.0,02738,M,4965695.0,330482.0,02
201600004947,16,8,20,1745,1,2,1,1,6.0,02738,M,4965506.0,328967.0,02
201600004948,16,10,29,925,1,2,3,1,1.0,02738,M,4965318.0,329249.0,02
201600004949,16,11,5,1459,1,2,7,7,6.0,02738,M,4965923.0,329741.0,02
201600004950,16,11,10,820,1,2,3,2,3.0,02738,M,4966957.0,330064.0,02
201600004951,16,3,12,1700,1,2,4,1,7.0,38565,M,4530266.0,562639.0,38
201600004952,16,4,30,1800,1,2,6,2,3.0,38565,M,4530835.0,562162.0,38
201600004953,16,6,11,1430,1,2,1,1,6.0,38565,M,0.0,0.0,38
201600004954,16,6,14,915,1,1,1,2,6.0,38565,M,4530273.0,562634.0,38
201600004955,16,7,3,1700,1,1,1,1,1.0,38312,M,4533774.0,566169.0,38
201600004956,16,7,9,315,4,2,1,1,6.0,38061,M,4532995.0,562101.0,38
201600004957,16,7,28,715,1,2,6,1,3.0,38565,M,4529566.0,562890.0,38
201600004958,16,2,18,2145,3,1,1,1,1.0,38413,M,0.0,0.0,38
201600004959,16,5,6,1600,1,1,1,1,6.0,38128,M,4482291.0,595261.0,38
201600004960,16,5,6,1945,1,1,1,1,6.0,38224,M,0.0,0.0,38
201600004961,16,7,11,1945,1,1,1,1,1.0,38266,M,0.0,0.0,38
201600004962,16,9,30,1815,1,1,1,1,7.0,38361,M,0.0,0.0,38
201600004963,16,11,11,945,1,2,3,1,1.0,38304,M,4494880.0,575787.0,38
201600004964,16,12,10,1900,5,2,3,1,1.0,38269,M,4491015.0,579383.0,38
201600004965,16,7,31,945,1,1,1,1,6.0,38424,M,4476873.0,566261.0,38
201600004966,16,9,9,2330,3,1,1,1,6.0,38321,M,0.0,0.0,38
201600004967,16,9,11,1245,1,2,1,1,7.0,38113,M,4482684.0,560879.0,38
201600004968,16,2,13,1115,1,2,1,1,6.0,38562,M,0.0,0.0,38
201600004969,16,5,19,1545,1,1,1,2,5.0,38445,M,0.0,0.0,38
201600004970,16,7,1,1745,1,1,1,1,2.0,38068,M,4510402.0,571359.0,38
201600004971,16,7,12,1515,1,1,1,1,1.0,38203,M,0.0,0.0,38
201600004972,16,8,2,1730,1,1,1,1,5.0,38364,M,4505362.0,580600.0,38
201600004973,16,8,23,1930,2,1,1,1,6.0,38364,M,0.0,0.0,38
201600004974,16,9,5,1445,1,2,1,1,6.0,38528,M,4510888.0,580718.0,38
201600004975,16,9,28,1930,3,1,1,1,5.0,38252,M,4508273.0,574944.0,38
201600004976,16,9,30,1615,1,2,9,1,6.0,38562,M,4508124.0,577154.0,38
201600004977,16,10,28,1915,5,2,2,1,3.0,38562,M,4505945.0,576704.0,38
201600004978,16,11,11,1800,3,1,1,3,5.0,38478,M,0.0,0.0,38
201600004979,16,11,27,1200,1,1,1,1,2.0,38068,M,4512400.0,570000.0,38
201600004980,16,12,9,1530,1,2,1,1,6.0,38528,M,0.0,0.0,38
201600004981,16,1,3,1000,1,1,1,8,7.0,38454,M,4512569.0,532928.0,38
201600004982,16,1,12,2015,3,1,1,1,1.0,38453,M,4509968.0,530848.0,38
201600004983,16,1,25,745,2,1,3,1,3.0,38036,M,0.0,0.0,38
201600004984,16,3,5,2200,3,1,1,1,1.0,38416,M,0.0,0.0,38
201600004985,16,3,13,2315,3,2,6,1,6.0,38409,M,0.0,0.0,38
201600004986,16,3,13,1700,1,1,1,1,7.0,38453,M,4510580.0,532896.0,38
201600004987,16,3,30,1900,1,1,1,1,1.0,38099,M,4520106.0,529110.0,38
201600004988,16,8,16,1745,1,1,1,1,1.0,38416,M,4513348.0,532584.0,38
201600004989,16,8,30,745,1,1,2,1,3.0,38095,M,0.0,0.0,38
201600004990,16,8,30,915,1,2,1,7,6.0,38416,M,4514978.0,531139.0,38
201600004991,16,9,11,1445,1,2,1,1,6.0,38359,M,0.0,0.0,38
201600004992,16,9,26,715,1,1,1,1,2.0,38410,M,4507570.0,515812.0,38
201600004993,16,10,6,1030,1,1,1,1,7.0,38095,M,4513289.0,525484.0,38
201600004994,16,10,10,1910,1,2,6,1,3.0,38095,M,4514383.0,530692.0,38
201600004995,16,10,19,1630,1,1,1,1,5.0,38463,M,4518922.0,534500.0,38
201600004996,16,11,19,630,3,1,1,1,1.0,38463,M,4518388.0,533912.0,38
201600004997,16,11,23,1815,5,2,6,1,7.0,38454,M,4515835.0,533502.0,38
201600004998,16,11,16,1615,1,1,1,1,3.0,38454,M,4514117.0,534667.0,38
201600004999,16,5,4,1530,1,1,1,1,5.0,38457,M,4534667.0,524548.0,38
201600005000,16,5,13,245,5,2,1,2,6.0,38457,M,0.0,0.0,38
201600005001,16,6,14,1015,1,1,2,1,3.0,38093,M,4534313.0,521669.0,38
201600005002,16,9,23,1815,1,2,2,1,3.0,38505,M,4532600.0,513300.0,38
201600005003,16,9,28,1715,1,1,1,1,1.0,38387,M,4532311.0,534380.0,38
201600005004,16,3,22,1030,1,2,1,1,6.0,38517,M,4529801.0,548760.0,38
201600005005,16,3,29,830,1,1,1,1,6.0,38275,M,4525553.0,538109.0,38
201600005006,16,5,25,1630,1,1,1,1,1.0,38338,M,0.0,0.0,38
201600005007,16,6,3,1000,1,1,1,1,1.0,38004,M,4523178.0,544313.0,38
201600005008,16,8,8,1045,1,1,1,1,6.0,38310,M,4525795.0,546336.0,38
201600005009,16,9,6,1730,1,1,1,1,2.0,38338,M,4523306.0,549937.0,38
201600005010,16,9,22,2030,5,2,1,1,6.0,38517,M,0.0,0.0,38
201600005011,16,9,24,700,1,1,1,1,5.0,38517,M,4529020.0,551712.0,38
201600005012,16,9,24,1845,1,2,9,1,6.0,38033,M,4519274.0,539064.0,38
201600005013,16,10,5,2215,5,2,1,1,2.0,38517,M,4531114.0,550447.0,38
201600005014,16,2,10,1145,3,1,1,1,6.0,38374,M,0.0,0.0,38
201600005015,16,2,5,215,3,1,1,1,6.0,38467,M,4566750.0,533182.0,38
201600005016,16,4,16,900,1,1,1,1,6.0,38455,M,0.0,0.0,38
201600005017,16,4,16,1900,1,1,1,1,6.0,38091,M,0.0,0.0,38
201600005018,16,7,7,1845,1,1,1,1,1.0,38223,M,0.0,0.0,38
201600005019,16,7,17,1730,1,1,1,1,6.0,38091,M,0.0,0.0,38
201600005020,16,7,30,1100,1,1,6,2,1.0,38348,M,0.0,0.0,38
201600005021,16,8,18,600,5,1,1,1,1.0,38455,M,0.0,0.0,38
201600005022,16,9,18,1545,1,1,1,2,1.0,38467,M,0.0,0.0,38
201600005023,16,9,24,1845,1,1,1,1,3.0,38374,M,0.0,0.0,38
201600005024,16,10,13,1845,5,2,1,3,6.0,38374,M,0.0,0.0,38
201600005025,16,10,15,200,3,2,1,3,6.0,38374,M,0.0,0.0,38
201600005026,16,1,3,1900,3,1,1,1,6.0,38067,M,4567500.0,516400.0,38
201600005027,16,1,22,1615,1,1,1,1,1.0,38138,M,4572000.0,526400.0,38
201600005028,16,3,24,1100,1,1,1,1,5.0,38554,M,4571600.0,519400.0,38
201600005029,16,7,24,1745,1,1,1,1,6.0,38294,M,0.0,0.0,38
201600005030,16,8,3,1400,1,1,1,1,6.0,38392,M,0.0,0.0,38
201600005031,16,9,17,1430,1,1,1,1,6.0,38488,M,0.0,0.0,38
201600005032,16,11,8,1030,1,1,1,2,1.0,38294,M,0.0,0.0,38
201600005033,16,12,16,730,2,1,1,1,6.0,38138,M,0.0,0.0,38
201600005034,16,8,20,1345,1,1,1,2,1.0,38118,M,0.0,0.0,38
201600005035,16,9,17,1600,1,1,1,2,3.0,38013,M,0.0,0.0,38
201600005036,16,11,6,1645,1,2,1,1,3.0,38159,M,4543791.0,532699.0,38
201600005037,16,12,19,1530,1,1,1,5,1.0,38287,M,4542952.0,548184.0,38
201600005038,16,12,22,2315,3,2,1,5,6.0,38167,M,0.0,0.0,38
201600005039,16,2,12,2045,3,1,1,2,3.0,38083,M,0.0,0.0,38
201600005040,16,5,22,600,2,1,2,1,3.0,38054,M,0.0,0.0,38
201600005041,16,6,23,515,2,1,1,1,6.0,38295,M,0.0,0.0,38
201600005042,16,7,29,1930,1,1,4,1,1.0,38054,M,4577777.0,545053.0,38
201600005043,16,8,6,445,3,1,1,1,1.0,38539,M,4586851.0,537785.0,38
201600005044,16,10,17,1230,1,1,1,1,6.0,38295,M,4581727.0,534446.0,38
201600005045,16,11,14,2315,3,1,1,1,7.0,38135,M,4575242.0,540369.0,38
201600005046,16,3,13,800,1,1,1,1,1.0,38124,M,0.0,0.0,38
201600005047,16,10,3,1130,1,1,3,1,1.0,38465,M,4567922.0,549570.0,38
201600005048,16,3,12,1445,1,2,1,1,1.0,38398,M,0.0,0.0,38
201600005049,16,4,5,900,1,1,1,8,3.0,38001,M,0.0,0.0,38
201600005050,16,4,26,1215,1,2,1,1,6.0,38001,M,0.0,0.0,38
201600005051,16,4,25,1615,1,2,1,1,6.0,38315,M,0.0,0.0,38
201600005052,16,6,7,700,1,2,1,1,1.0,38357,M,0.0,0.0,38
201600005053,16,6,10,1300,1,1,1,1,1.0,38001,M,0.0,0.0,38
201600005054,16,6,24,1745,1,2,1,1,1.0,38001,M,0.0,0.0,38
201600005055,16,6,29,1445,1,1,1,1,3.0,38104,M,0.0,0.0,38
201600005056,16,8,6,1815,1,1,1,1,6.0,38398,M,0.0,0.0,38
201600005057,16,8,18,1345,1,2,1,1,3.0,38001,M,0.0,0.0,38
201600005058,16,12,14,1400,1,1,1,7,1.0,38256,M,0.0,0.0,38
201600005059,16,2,7,1515,1,2,1,1,1.0,38064,M,0.0,0.0,38
201600005060,16,5,13,1530,1,1,1,2,1.0,38509,M,4558000.0,546100.0,38
201600005061,16,5,23,1800,1,2,1,2,3.0,38509,M,4556323.0,544203.0,38
201600005062,16,5,31,1315,1,1,1,2,1.0,38341,M,0.0,0.0,38
201600005063,16,6,10,2045,1,2,1,1,5.0,38464,M,4554680.0,538780.0,38
201600005064,16,6,29,830,1,2,1,1,1.0,38064,M,4557597.0,536141.0,38
201600005065,16,8,21,1000,1,1,1,1,6.0,38148,M,4561835.0,551662.0,38
201600005066,16,9,10,1115,1,1,1,1,3.0,38341,M,4558400.0,540700.0,38
201600005067,16,9,12,1300,1,2,1,1,2.0,38464,M,0.0,0.0,38
201600005068,16,9,24,1200,1,1,1,1,1.0,38508,M,0.0,0.0,38
201600005069,16,10,7,800,1,2,1,1,3.0,38148,M,0.0,0.0,38
201600005070,16,10,15,1130,1,2,1,1,6.0,38509,M,4556233.0,543666.0,38
201600005071,16,10,31,1530,1,1,1,1,1.0,38401,M,0.0,0.0,38
201600005072,16,11,10,800,1,1,1,1,1.0,38250,M,0.0,0.0,38
201600005073,16,2,3,1345,1,1,1,1,6.0,44066,M,4735449.0,-163192.0,44
201600005074,16,2,2,2015,5,2,1,5,6.0,44035,M,4730880.0,-156031.0,44
201600005075,16,5,15,1245,1,1,3,1,3.0,44209,M,4731146.0,-161839.0,44
201600005076,16,5,21,800,2,1,1,8,6.0,44209,M,4729902.0,-161928.0,44
201600005077,16,6,1,1530,1,1,9,1,1.0,44066,M,4735446.0,-157373.0,44
201600005078,16,6,7,2130,2,2,1,1,7.0,44035,M,4729970.0,-155762.0,44
201600005079,16,6,23,1530,1,1,1,1,3.0,44066,M,4735456.0,-159794.0,44
201600005080,16,6,30,845,1,2,1,1,7.0,44209,M,4732447.0,-161508.0,44
201600005081,16,7,5,1230,1,1,1,1,1.0,44035,M,4734200.0,-157900.0,44
201600005082,16,1,25,1700,1,2,1,1,6.0,38087,M,0.0,0.0,38
201600005083,16,2,4,1715,1,2,1,2,3.0,38087,M,0.0,0.0,38
201600005084,16,2,29,1715,1,1,1,1,3.0,38160,M,0.0,0.0,38
201600005085,16,5,21,1500,1,1,1,1,7.0,38215,M,0.0,0.0,38
201600005086,16,7,6,1615,1,2,1,1,1.0,38087,M,4557609.0,480018.0,38
201600005087,16,7,16,1130,1,1,3,1,1.0,38484,M,4555069.0,493477.0,38
201600005088,16,9,4,1715,1,1,1,1,1.0,38215,M,0.0,0.0,38
201600005089,16,9,26,1645,1,2,1,1,2.0,38087,M,0.0,0.0,38
201600005090,16,9,27,1745,2,2,2,1,6.0,38087,M,4558342.0,479847.0,38
201600005091,16,10,9,1715,1,2,1,1,7.0,38484,M,0.0,0.0,38
201600005092,16,10,17,1330,1,2,1,1,1.0,38157,M,0.0,0.0,38
201600005093,16,1,14,800,1,1,1,4,1.0,38307,M,0.0,0.0,38
201600005094,16,2,21,1115,1,1,1,1,7.0,38363,M,4535908.0,509989.0,38
201600005095,16,3,26,1145,1,1,3,1,3.0,38161,M,4539846.0,513731.0,38
201600005096,16,3,30,900,1,1,2,1,3.0,38335,M,0.0,0.0,38
201600005097,16,5,10,2245,5,2,1,1,7.0,38130,M,0.0,0.0,38
201600005098,16,5,20,2215,3,1,6,1,3.0,38180,M,4535989.0,529811.0,38
201600005099,16,6,6,800,1,1,1,1,6.0,38134,M,4542780.0,501160.0,38
201600005100,16,6,19,1000,1,1,3,1,1.0,38335,M,4537235.0,502675.0,38
201600005101,16,6,27,1715,1,2,1,1,3.0,38130,M,0.0,0.0,38
201600005102,16,7,2,1630,1,2,2,1,3.0,38121,M,4542845.0,522558.0,38
201600005103,16,7,4,2000,2,2,4,7,7.0,38300,M,4539036.0,518321.0,38
201600005104,16,7,31,1415,1,1,1,1,5.0,38267,M,4542048.0,532581.0,38
201600005105,16,7,31,1630,1,1,1,1,5.0,38121,M,4541466.0,523057.0,38
201600005106,16,7,30,1745,1,2,1,1,7.0,38034,M,0.0,0.0,38
201600005107,16,9,24,1145,1,1,9,1,5.0,38324,M,0.0,0.0,38
201600005108,16,9,30,1745,1,1,1,7,5.0,38130,M,0.0,0.0,38
201600005109,16,10,21,1130,1,1,1,1,2.0,38324,M,4539214.0,502305.0,38
201600005110,16,11,19,130,3,1,4,2,6.0,38130,M,4541416.0,526018.0,38
201600005111,16,11,30,1500,1,1,2,1,3.0,38069,M,4543335.0,530401.0,38
201600005112,16,12,6,1900,5,1,1,1,3.0,38130,M,0.0,0.0,38
201600005113,16,12,13,830,1,2,3,1,6.0,38130,M,4539321.0,526668.0,38
201600005114,16,3,6,1345,1,1,1,4,3.0,38351,M,4554954.0,526213.0,38
201600005115,16,5,27,1830,1,1,4,1,1.0,38389,M,4556856.0,507006.0,38
201600005116,16,8,9,1100,1,2,1,1,3.0,38288,M,4555540.0,501634.0,38
201600005117,16,8,27,1745,1,1,3,1,3.0,38144,M,4557736.0,509149.0,38
201600005118,16,8,24,945,1,1,1,1,1.0,38094,M,4548736.0,523126.0,38
201600005119,16,10,22,2045,5,2,2,1,6.0,38189,M,4563078.0,505902.0,38
201600005120,16,10,23,200,3,1,1,1,7.0,38389,M,0.0,0.0,38
201600005121,16,12,1,1030,3,1,1,1,1.0,38189,M,0.0,0.0,38
201600005122,16,12,22,2000,3,1,1,5,1.0,38399,M,0.0,0.0,38
201600005123,16,3,7,845,1,2,1,1,6.0,38085,M,0.0,0.0,38
201600005124,16,4,1,2030,1,2,1,1,1.0,38316,M,0.0,0.0,38
201600005125,16,6,13,1945,1,1,6,3,7.0,38557,M,4579049.0,538784.0,38
201600005126,16,10,5,1445,1,2,1,1,3.0,38316,M,4575122.0,518460.0,38
201600005127,16,10,26,830,1,2,9,3,3.0,38507,M,,,38
201600005128,16,1,28,1330,1,2,1,1,3.0,38468,M,4535743.0,481944.0,38
201600005129,16,2,12,1645,1,1,1,8,1.0,38072,M,4531448.0,482436.0,38
201600005130,16,2,20,1330,1,2,6,1,1.0,38468,M,4534520.0,481470.0,38
201600005131,16,3,13,1915,2,1,1,1,3.0,38003,M,4534088.0,485107.0,38
201600005132,16,5,27,830,1,2,1,1,1.0,38051,M,0.0,0.0,38
201600005133,16,6,15,1715,1,1,1,1,1.0,38298,M,4539979.0,480861.0,38
201600005134,16,7,12,1300,1,1,1,3,6.0,38003,M,0.0,0.0,38
201600005135,16,8,11,2100,1,2,2,1,3.0,38298,M,4537131.0,480110.0,38
201600005136,16,10,12,800,2,1,1,1,1.0,38072,M,4531373.0,482278.0,38
201600005137,16,11,11,1815,5,1,1,1,3.0,38468,M,0.0,0.0,38
201600005138,16,12,10,2330,5,2,1,1,1.0,38072,M,0.0,0.0,38
201600005139,16,12,18,245,3,2,1,1,6.0,38344,M,0.0,0.0,38
201600005140,16,12,18,1130,1,2,1,8,6.0,38344,M,0.0,0.0,38
201600005141,16,3,26,830,1,1,4,1,7.0,38351,M,4554561.0,524570.0,38
201600005142,16,6,27,900,1,1,1,1,6.0,38351,M,4554368.0,524028.0,38
201600005143,16,7,23,2000,2,2,1,1,2.0,38189,M,0.0,0.0,38
201600005144,16,1,1,1015,2,1,6,5,6.0,38449,M,0.0,0.0,38
201600005145,16,2,29,2230,3,1,1,8,7.0,38449,M,0.0,0.0,38
201600005146,16,3,12,1500,1,1,1,1,3.0,38537,M,0.0,0.0,38
201600005147,16,4,6,1530,1,1,1,1,1.0,38537,M,0.0,0.0,38
201600005148,16,4,18,1330,1,1,1,4,6.0,38449,M,0.0,0.0,38
201600005149,16,4,19,300,3,1,1,1,7.0,38449,M,0.0,0.0,38
201600005150,16,5,6,1330,1,1,1,1,3.0,38449,M,4565619.0,511103.0,38
201600005151,16,5,20,1630,1,1,6,1,2.0,38449,M,0.0,0.0,38
201600005152,16,4,27,1815,1,1,1,7,4.0,38449,M,0.0,0.0,38
201600005153,16,5,26,2045,2,1,1,1,6.0,38449,M,4561900.0,511900.0,38
201600005154,16,6,23,1500,1,1,1,1,3.0,38537,M,0.0,0.0,38
201600005155,16,7,4,2330,3,1,1,1,7.0,38475,M,0.0,0.0,38
201600005156,16,7,9,2045,2,2,1,1,7.0,38537,M,0.0,0.0,38
201600005157,16,7,22,15,3,1,6,1,7.0,38449,M,0.0,0.0,38
201600005158,16,9,3,245,3,1,1,1,6.0,38449,M,0.0,0.0,38
201600005159,16,10,5,1515,1,2,1,7,3.0,38537,M,4563891.0,514064.0,38
201600005160,16,10,25,815,1,1,6,2,3.0,38449,M,0.0,0.0,38
201600005161,16,12,6,645,5,2,1,5,6.0,38449,M,0.0,0.0,38
201600005162,16,12,10,915,1,1,1,1,1.0,38537,M,0.0,0.0,38
201600005163,16,12,15,1445,1,1,1,1,1.0,38475,M,0.0,0.0,38
201600005164,16,12,16,645,3,1,1,1,1.0,38449,M,0.0,0.0,38
201600005165,16,4,8,1415,1,1,1,1,1.0,42005,M,4553568.0,430530.0,42
201600005166,16,4,12,1230,1,2,1,1,3.0,42279,M,4548936.0,424344.0,42
201600005167,16,11,23,945,1,1,1,1,5.0,42285,M,4556880.0,413040.0,42
201600005168,16,12,15,1415,1,1,1,1,1.0,42043,M,4557650.0,430425.0,42
201600005169,16,2,29,900,1,1,1,2,6.0,42139,M,4530653.0,437874.0,42
201600005170,16,3,3,1745,1,1,1,4,7.0,42224,M,4534891.0,442214.0,42
201600005171,16,3,3,1900,3,1,1,4,6.0,42101,M,4534873.0,457426.0,42
201600005172,16,4,6,1745,1,1,1,1,6.0,42224,M,4534291.0,442074.0,42
201600005173,16,4,19,1715,1,2,1,1,7.0,42172,M,4538304.0,443847.0,42
201600005174,16,4,19,1745,1,1,1,1,6.0,42172,M,4539782.0,442148.0,42