Num_Acc,an,mois,jour,hrmn,lum,agg,int,atm,col,com,gps,lat,long,dep
201600005175,16,4,19,1415,1,1,1,1,6.0,42287,M,4525854.0,446987.0,42
201600005176,16,5,14,1715,1,1,1,1,1.0,42023,M,4529236.0,455468.0,42
201600005177,16,7,7,1015,1,2,1,1,6.0,42023,M,4529679.0,455984.0,42
201600005178,16,9,10,1700,1,1,1,1,1.0,42023,M,4531380.0,453955.0,42
201600005179,16,9,11,930,1,2,1,1,6.0,42224,M,4533970.0,441918.0,42
201600005180,16,10,29,1630,1,1,1,1,7.0,42067,M,4534945.0,461290.0,42
201600005181,16,10,29,1430,1,2,1,1,1.0,42224,M,4533903.0,442113.0,42
201600005182,16,1,5,1645,1,2,1,1,1.0,42311,M,4548230.0,438886.0,42
201600005183,16,2,6,1515,1,2,1,1,3.0,42097,M,4548425.0,434455.0,42
201600005184,16,2,19,1130,1,1,2,1,3.0,42097,M,4551101.0,430192.0,42
201600005185,16,4,17,545,2,1,1,1,6.0,42133,M,4558231.0,447513.0,42
201600005186,16,4,16,830,1,2,6,1,3.0,42302,M,4547817.0,444323.0,42
201600005187,16,9,21,1200,1,2,1,1,1.0,42311,M,4548224.0,438903.0,42
201600005188,16,9,22,2000,3,1,1,1,3.0,42302,M,4550285.0,445055.0,42
201600005189,16,11,15,1400,1,1,6,1,3.0,42097,M,4550537.0,430661.0,42
201600005190,16,12,29,1445,1,1,1,1,7.0,42234,M,4552899.0,438280.0,42
201600005191,16,1,13,1745,5,2,1,1,7.0,42147,M,4559533.0,408130.0,42
201600005192,16,1,15,1945,3,1,1,4,7.0,42180,M,4559202.0,417560.0,42
201600005193,16,2,29,715,2,1,1,1,4.0,42147,M,4563022.0,405958.0,42
201600005194,16,3,12,515,3,1,1,1,6.0,42151,M,4568197.0,411529.0,42
201600005195,16,4,23,1015,1,2,9,8,6.0,42299,M,4502400.0,407046.0,42
201600005196,16,5,2,800,1,1,1,1,1.0,42147,M,4558893.0,408263.0,42
201600005197,16,5,20,1515,1,1,1,1,6.0,42046,M,4564096.0,405227.0,42
201600005198,16,5,27,1400,1,2,1,1,6.0,42147,M,4559706.0,407125.0,42
201600005199,16,6,4,1630,1,1,1,8,7.0,42299,M,4559274.0,411340.0,42
201600005200,16,6,7,1830,1,1,6,1,1.0,42147,M,4559432.0,408303.0,42
201600005201,16,6,11,1555,1,1,1,1,6.0,42285,M,4556277.0,413389.0,42
201600005202,16,6,30,30,3,1,1,1,7.0,42180,M,4558901.0,415406.0,42
201600005203,16,7,8,1815,1,1,6,1,2.0,42299,M,4561053.0,409501.0,42
201600005204,16,7,10,45,5,2,1,1,3.0,42299,M,4560640.0,408165.0,42
201600005205,16,8,18,1030,1,1,1,2,2.0,42147,M,4558430.0,410165.0,42
201600005206,16,8,22,1430,1,1,1,1,3.0,42046,M,4564616.0,405084.0,42
201600005207,16,9,1,1100,1,2,6,1,2.0,42147,M,4560248.0,407874.0,42
201600005208,16,11,1,1415,1,1,1,1,1.0,42285,M,4555410.0,413649.0,42
201600005209,16,1,21,1130,1,2,1,1,1.0,42304,M,4554066.0,418742.0,42
201600005210,16,2,2,800,1,2,1,1,3.0,42005,M,4552945.0,427211.0,42
201600005211,16,5,12,1915,1,1,1,1,6.0,42304,M,4555136.0,416253.0,42
201600005212,16,6,20,1315,1,2,1,1,6.0,42005,M,4552809.0,426403.0,42
201600005213,16,7,17,1745,1,2,1,1,3.0,42211,M,4552816.0,423988.0,42
201600005214,16,9,10,5,3,1,1,1,6.0,42075,M,4557301.0,422412.0,42
201600005215,16,9,28,1815,1,2,1,1,1.0,42211,M,4552857.0,423332.0,42
201600005216,16,9,30,2230,5,1,1,1,7.0,42005,M,4552973.0,425299.0,42
201600005217,16,10,3,1830,2,2,6,1,6.0,42005,M,4552307.0,426781.0,42
201600005218,16,10,25,1945,3,1,1,2,6.0,42075,M,4558804.0,422135.0,42
201600005219,16,11,8,1645,1,1,1,1,6.0,42075,M,4558656.0,422985.0,42
201600005220,16,11,12,2200,5,2,1,1,6.0,42005,M,4552962.0,425427.0,42
201600005221,16,1,19,745,2,2,1,8,3.0,42197,M,4573866.0,402032.0,42
201600005222,16,1,24,1815,5,1,1,8,1.0,42288,M,4576416.0,395211.0,42
201600005223,16,1,26,2115,5,2,1,1,3.0,42245,M,4581556.0,382180.0,42
201600005224,16,3,29,1415,1,1,2,2,1.0,42295,M,,,42
201600005225,16,4,4,745,2,1,1,2,1.0,42295,M,4585765.0,379504.0,42
201600005226,16,4,14,1030,1,1,1,1,6.0,42134,M,4570667.0,403369.0,42
201600005227,16,4,20,1000,1,1,1,1,6.0,42221,M,4575435.0,414599.0,42
201600005228,16,4,24,330,3,1,1,1,6.0,42159,M,4582370.0,377028.0,42
201600005229,16,5,3,745,1,1,1,1,1.0,42313,M,4572232.0,402650.0,42
201600005230,16,5,8,515,2,1,1,1,6.0,42197,M,4573040.0,405206.0,42
201600005231,16,5,8,1615,1,1,1,1,7.0,42040,M,4575570.0,375828.0,42
201600005232,16,7,15,930,1,2,1,1,3.0,42019,M,4573909.0,400840.0,42
201600005233,16,7,29,730,1,1,3,1,3.0,42313,M,4573086.0,401447.0,42
201600005234,16,8,4,1945,2,1,1,3,1.0,42252,M,4581588.0,387209.0,42
201600005235,16,8,5,1900,1,1,1,1,6.0,42291,M,4582740.0,385591.0,42
201600005236,16,8,20,2300,3,1,1,1,1.0,42313,M,4572997.0,402630.0,42
201600005237,16,9,6,645,2,2,1,2,6.0,42119,M,4575365.0,397293.0,42
201600005238,16,9,18,1800,1,1,1,2,6.0,42288,M,4577188.0,399822.0,42
201600005239,16,9,21,745,1,1,1,1,3.0,42205,M,4564254.0,391784.0,42
201600005240,16,9,21,2030,5,1,1,1,3.0,42197,M,4574319.0,401916.0,42
201600005241,16,9,28,1530,1,1,1,1,6.0,42219,M,4573831.0,407595.0,42
201600005242,16,10,30,2200,3,1,1,1,6.0,42219,M,4573832.0,407393.0,42
201600005243,16,10,31,1730,2,2,1,1,6.0,42019,M,4575150.0,399713.0,42
201600005244,16,11,4,1515,1,1,1,1,1.0,42030,M,4575284.0,403336.0,42
201600005245,16,11,19,630,3,1,1,1,6.0,42009,M,4577804.0,403301.0,42
201600005246,16,12,3,1245,1,1,1,1,1.0,42136,M,4571158.0,403255.0,42
201600005247,16,12,4,1045,1,1,1,1,3.0,42002,M,4579940.0,394052.0,42
201600005248,16,12,12,745,1,1,1,1,1.0,42159,M,4580676.0,377807.0,42
201600005249,16,12,22,1615,2,1,1,2,6.0,42217,M,4578454.0,389160.0,42
201600005250,16,3,31,1415,1,1,1,1,6.0,42094,M,4574159.0,419962.0,42
201600005251,16,4,30,815,1,1,1,1,3.0,42297,M,4576531.0,426496.0,42
201600005252,16,6,7,1200,1,1,1,1,3.0,42094,M,4573844.0,426179.0,42
201600005253,16,6,27,2130,2,1,1,1,6.0,42319,M,4571420.0,429690.0,42
201600005254,16,7,1,400,3,1,1,1,6.0,42165,M,4578015.0,436584.0,42
201600005255,16,7,3,1445,1,2,1,1,7.0,42094,M,4575526.0,421992.0,42
201600005256,16,8,12,1045,1,1,1,1,1.0,42202,M,4572857.0,430900.0,42
201600005257,16,8,29,1545,1,1,1,1,1.0,42066,M,4573777.0,417857.0,42
201600005258,16,9,6,715,1,1,1,5,6.0,42202,M,4572180.0,434130.0,42
201600005259,16,10,1,1715,1,1,1,1,2.0,42143,M,4578490.0,417060.0,42
201600005260,16,10,10,1445,1,1,9,1,3.0,42094,M,4573929.0,421299.0,42
201600005261,16,10,26,1015,1,1,1,3,7.0,42261,M,4569610.0,436303.0,42
201600005262,16,10,26,800,1,1,1,2,7.0,42148,M,4583125.0,432943.0,42
201600005263,16,12,6,745,2,1,1,9,7.0,42193,M,4579501.0,427224.0,42
201600005264,16,12,11,1615,1,1,1,2,6.0,42296,M,4574341.0,429866.0,42
201600005265,16,1,29,1515,1,1,1,1,6.0,42091,M,4541273.0,400788.0,42
201600005266,16,2,26,2200,3,1,1,1,1.0,42137,M,4552029.0,408028.0,42
201600005267,16,3,13,1445,1,2,1,1,7.0,42262,M,4540310.0,418248.0,42
201600005268,16,4,15,2215,3,1,1,1,6.0,42126,M,4547817.0,444323.0,42
201600005269,16,5,10,915,1,1,1,1,7.0,42204,M,4541965.0,407103.0,42
201600005270,16,6,8,1230,1,1,1,1,7.0,42262,M,4540922.0,421488.0,42
201600005271,16,7,2,1945,1,1,1,1,7.0,42262,M,4538433.0,414069.0,42
201600005272,16,7,28,900,1,1,1,1,1.0,42060,M,4548637.0,411031.0,42
201600005273,16,8,7,1530,1,1,1,1,7.0,42107,M,4552799.0,402057.0,42
201600005274,16,8,13,1145,1,1,1,1,1.0,42262,M,4541089.0,421780.0,42
201600005275,16,8,14,500,3,1,1,1,7.0,42091,M,4541646.0,400625.0,42
201600005276,16,8,27,1200,1,1,1,1,3.0,42140,M,4545545.0,406316.0,42
201600005277,16,9,5,1945,3,1,1,2,6.0,42262,M,4540920.0,421379.0,42
201600005278,16,10,18,1345,1,1,1,1,1.0,42301,M,4551289.0,404922.0,42
201600005279,16,11,27,715,2,1,1,8,1.0,42266,M,4540648.0,411982.0,42
201600005280,16,12,2,945,1,1,2,5,3.0,42228,M,4556195.0,409370.0,42
201600005281,16,12,6,915,1,1,1,1,1.0,42262,M,4540644.0,418527.0,42
201600005282,16,1,2,1745,3,1,1,2,1.0,42059,M,4564118.0,437091.0,42
201600005283,16,5,24,1815,1,1,1,1,6.0,42081,M,4560297.0,426401.0,42
201600005284,16,7,1,1345,1,1,1,7,3.0,42216,M,4562484.0,441213.0,42
201600005285,16,7,13,2045,1,2,1,1,7.0,42323,M,4555859.0,428691.0,42
201600005286,16,7,20,1845,1,2,2,1,3.0,42222,M,4559320.0,431433.0,42
201600005287,16,7,19,900,1,1,1,1,3.0,42013,M,4565384.0,429335.0,42
201600005288,16,7,26,1515,1,1,1,1,6.0,42043,M,4558412.0,428312.0,42
201600005289,16,8,31,1030,1,1,1,1,1.0,42059,M,4563234.0,440947.0,42
201600005290,16,9,12,815,1,2,1,1,2.0,42323,M,4556591.0,429284.0,42
201600005291,16,9,19,845,1,1,1,3,5.0,42185,M,4558762.0,426400.0,42
201600005292,16,9,28,1000,1,2,1,1,6.0,42323,M,4556893.0,429610.0,42
201600005293,16,9,30,1930,5,2,1,8,3.0,42059,M,4563498.0,439174.0,42
201600005294,16,10,28,1645,1,1,1,1,7.0,42138,M,4564482.0,434247.0,42
201600005295,16,12,9,845,1,2,1,1,6.0,42323,M,4556252.0,428970.0,42
201600005296,16,12,13,1730,3,1,1,1,6.0,42081,M,4561316.0,426432.0,42
201600005297,16,3,21,1645,1,2,1,1,6.0,42129,M,4536105.0,468287.0,42
201600005298,16,4,3,715,1,2,1,1,6.0,42056,M,4541287.0,473642.0,42
201600005299,16,6,18,1500,1,2,1,2,1.0,42056,M,4540440.0,473689.0,42
201600005300,16,8,14,1630,1,1,1,1,3.0,42064,M,4545666.0,468873.0,42
201600005301,16,9,9,1215,1,2,1,1,1.0,42265,M,4544579.0,475256.0,42
201600005302,16,10,23,1815,2,1,1,1,1.0,42056,M,4542244.0,472495.0,42
201600005303,16,2,6,1415,1,1,1,6,7.0,42239,M,4596433.0,397720.0,42
201600005304,16,2,18,1545,1,1,1,1,3.0,42338,M,4611977.0,411059.0,42
201600005305,16,3,22,1515,1,1,1,1,7.0,42331,M,4597406.0,396934.0,42
201600005306,16,5,28,1245,1,1,1,1,7.0,42070,M,4593204.0,403884.0,42
201600005307,16,6,4,1115,1,2,1,1,6.0,42332,M,4600308.0,403664.0,42
201600005308,16,6,10,845,1,1,1,1,1.0,42162,M,4600783.0,396721.0,42
201600005309,16,6,17,1815,1,1,1,3,1.0,42145,M,4603295.0,422289.0,42
201600005310,16,7,16,1500,1,1,1,1,3.0,42239,M,4594908.0,397987.0,42
201600005311,16,8,8,2215,3,1,1,1,7.0,42331,M,4596550.0,393575.0,42
201600005312,16,8,19,715,2,2,1,1,7.0,42069,M,4601311.0,407911.0,42
201600005313,16,9,16,1900,2,1,2,1,3.0,42338,M,4607296.0,411903.0,42
201600005314,16,9,18,1115,1,1,1,2,7.0,42294,M,4600673.0,415447.0,42
201600005315,16,12,19,830,1,1,1,1,1.0,42331,M,4596774.0,393971.0,42
201600005316,16,1,22,1515,1,1,1,1,6.0,42154,M,4584458.0,425821.0,42
201600005317,16,2,12,1645,1,1,1,1,7.0,42293,M,4601929.0,427686.0,42
201600005318,16,5,21,1300,1,1,1,1,7.0,42334,M,4585139.0,432607.0,42
201600005319,16,7,11,1345,1,1,1,1,6.0,42011,M,4582504.0,421276.0,42
201600005320,16,7,29,1545,1,2,1,1,6.0,42289,M,4594861.0,420960.0,42
201600005321,16,10,2,315,3,1,1,1,3.0,42289,M,4594550.0,423449.0,42
201600005322,16,11,21,1700,1,1,1,1,7.0,42154,M,4584094.0,423759.0,42
201600005323,16,11,23,1430,1,2,1,1,3.0,42289,M,4594673.0,421951.0,42
201600005324,16,2,4,2245,3,1,1,3,6.0,42131,M,4618366.0,424114.0,42
201600005325,16,3,5,1630,1,1,1,1,1.0,42177,M,4614685.0,413641.0,42
201600005326,16,3,17,1800,1,2,1,1,3.0,42026,M,4614806.0,407776.0,42
201600005327,16,5,21,1400,1,1,1,1,3.0,42052,M,4616191.0,417168.0,42
201600005328,16,5,21,945,1,1,1,1,3.0,42015,M,4615085.0,434197.0,42
201600005329,16,5,28,1200,1,1,1,1,6.0,42300,M,4610985.0,403884.0,42
201600005330,16,6,22,1750,1,1,1,7,3.0,42267,M,4615017.0,413191.0,42
201600005331,16,7,7,2315,3,1,1,1,6.0,42177,M,4614702.0,413800.0,42
201600005332,16,7,9,1100,1,2,1,7,3.0,42048,M,4615310.0,417469.0,42
201600005333,16,7,23,1415,1,1,1,1,6.0,42267,M,4615412.0,414901.0,42
201600005334,16,8,1,1715,1,1,1,1,2.0,42273,M,4617094.0,409553.0,42
201600005335,16,8,14,1600,1,1,1,1,6.0,42112,M,4610973.0,422892.0,42
201600005336,16,8,18,730,1,2,2,2,3.0,42052,M,4616015.0,417313.0,42
201600005337,16,9,10,1445,1,2,1,1,3.0,42177,M,4614604.0,410844.0,42
201600005338,16,9,19,1000,1,1,1,8,6.0,42015,M,4616644.0,435445.0,42
201600005339,16,9,25,130,3,1,1,1,7.0,42016,M,4615413.0,406805.0,42
201600005340,16,10,19,1000,1,2,1,1,6.0,42052,M,4615929.0,417349.0,42
201600005341,16,11,4,1645,1,2,2,1,3.0,42177,M,4614584.0,411008.0,42
201600005342,16,11,7,1745,2,2,1,2,1.0,42177,M,4614702.0,410847.0,42
201600005343,16,12,16,2000,3,1,1,1,5.0,42267,M,4615141.0,410879.0,42
201600005344,16,1,16,500,3,1,1,4,7.0,42004,M,4588195.0,403878.0,42
201600005345,16,2,12,730,2,2,1,4,6.0,42276,M,4595070.0,376453.0,42
201600005346,16,2,17,1915,3,1,1,1,6.0,42076,M,4589201.0,394898.0,42
201600005347,16,4,27,1145,1,2,1,1,3.0,42276,M,4595782.0,375351.0,42
201600005348,16,6,12,1400,1,1,1,1,3.0,42276,M,4595360.0,376035.0,42
201600005349,16,6,16,1045,1,2,1,1,6.0,42230,M,4583145.0,401184.0,42
201600005350,16,7,12,1845,1,1,1,1,6.0,42255,M,4587475.0,390838.0,42
201600005351,16,8,15,1715,1,2,1,1,3.0,42276,M,4595709.0,375414.0,42
201600005352,16,9,19,445,2,1,1,8,6.0,42076,M,4591126.0,393636.0,42
201600005353,16,10,15,1930,2,1,1,1,3.0,42106,M,4586952.0,395169.0,42
201600005354,16,11,1,1530,1,1,2,1,1.0,42282,M,4589734.0,380459.0,42
201600005355,16,3,22,1500,1,1,1,1,1.0,73283,M,4562294.0,631338.0,73
201600005356,16,11,9,930,1,1,1,4,1.0,73153,M,4572153.0,641108.0,73
201600005357,16,11,10,1845,4,1,1,2,1.0,73162,M,4560760.0,628343.0,73
201600005358,16,12,2,2030,3,1,1,5,2.0,73196,M,0.0,0.0,73
201600005359,16,12,4,845,2,1,1,5,3.0,73303,M,0.0,0.0,73
201600005360,16,4,9,1545,1,1,1,1,3.0,73228,M,4552582.0,585693.0,73
201600005361,16,6,20,1545,1,1,1,1,6.0,73328,M,4565663.0,589947.0,73
201600005362,16,9,9,1030,1,2,8,1,6.0,73329,M,4562718.0,589218.0,73
201600005363,16,11,30,1845,5,1,1,1,1.0,73328,M,4565816.0,589673.0,73
201600005364,16,12,5,1700,3,1,1,1,1.0,73228,M,0.0,0.0,73
201600005365,16,4,4,1815,1,1,1,1,4.0,73010,M,4579958.0,594889.0,73
201600005366,16,5,22,1015,1,2,1,1,6.0,73043,M,4575682.0,593144.0,73
201600005367,16,9,15,130,3,1,1,1,7.0,73300,M,4567017.0,589365.0,73
201600005368,16,4,3,1715,1,1,9,1,1.0,73097,M,4557438.0,599999.0,73
201600005369,16,5,3,2230,5,2,2,1,7.0,73213,M,4557088.0,597038.0,73
201600005370,16,9,18,600,5,1,2,2,3.0,73213,M,4556784.0,596400.0,73
201600005371,16,9,21,930,1,2,1,1,1.0,73210,M,0.0,0.0,73
201600005372,16,9,25,1330,1,2,3,1,3.0,73030,M,4556870.0,597448.0,73
201600005373,16,10,13,2130,5,2,1,3,1.0,73249,M,4553451.0,599250.0,73
201600005374,16,10,21,1045,1,2,2,1,3.0,73249,M,4553644.0,599176.0,73
201600005375,16,11,15,1815,5,1,3,8,3.0,73064,M,4574270.0,597045.0,73
201600005376,16,12,31,1545,1,2,1,1,6.0,73213,M,0.0,0.0,73
201600005377,16,1,27,1215,1,1,1,1,3.0,73269,M,4566287.0,577058.0,73
201600005378,16,6,23,1555,1,1,4,1,3.0,73180,M,4591261.0,583935.0,73
201600005379,16,7,11,1245,1,1,1,1,6.0,73313,M,0.0,0.0,73
201600005380,16,7,17,545,2,2,1,1,6.0,73330,M,4570711.0,577491.0,73
201600005381,16,4,16,730,1,1,1,1,6.0,73084,M,4551568.0,600538.0,73
201600005382,16,8,7,1530,1,1,1,1,5.0,73096,M,4552561.0,611087.0,73
201600005383,16,8,31,1700,1,1,1,1,7.0,73017,M,4550059.0,591405.0,73
201600005384,16,10,16,1445,1,1,1,1,1.0,73270,M,4557633.0,614975.0,73
201600005385,16,12,2,1745,5,1,1,5,3.0,73084,M,0.0,0.0,73
201600005386,16,5,15,615,1,1,1,1,7.0,73051,M,4565749.0,585636.0,73
201600005387,16,6,16,1415,1,1,1,2,7.0,73179,M,4561194.0,586019.0,73
201600005388,16,7,15,2300,3,1,1,1,3.0,73050,M,4566660.0,585404.0,73
201600005389,16,9,9,1215,1,2,1,1,3.0,73178,M,4562654.0,586262.0,73
201600005390,16,10,13,1445,1,1,1,2,1.0,73050,M,4567781.0,585058.0,73
201600005391,16,11,27,1615,1,1,3,1,3.0,73051,M,4566367.0,585453.0,73
201600005392,16,5,5,1930,1,1,3,1,3.0,73105,M,4545449.0,573556.0,73
201600005393,16,8,3,2115,5,1,1,1,3.0,73226,M,4550678.0,571742.0,73
201600005394,16,3,12,1530,1,1,1,1,1.0,73303,M,4576683.0,638062.0,73
201600005395,16,7,21,915,1,1,1,1,6.0,73048,M,4558257.0,630468.0,73
201600005396,16,1,1,1600,1,1,1,5,6.0,73317,M,4572010.0,651637.0,73
201600005397,16,5,7,1515,1,1,1,1,7.0,73034,M,4573009.0,655793.0,73
201600005398,16,8,21,1100,1,2,1,1,6.0,73132,M,4575070.0,658523.0,73
201600005399,16,7,3,1300,1,2,6,1,3.0,73054,M,4562024.0,677101.0,73
201600005400,16,7,17,1315,1,1,1,1,2.0,73054,M,4566899.0,677313.0,73
201600005401,16,7,20,1130,1,1,1,1,7.0,73285,M,4562306.0,682062.0,73
201600005402,16,7,22,1545,1,1,1,3,6.0,73054,M,4560116.0,680126.0,73
201600005403,16,8,21,1115,1,1,1,1,7.0,73054,M,4566630.0,677545.0,73
201600005404,16,9,3,1530,1,2,1,1,7.0,73285,M,4562697.0,682439.0,73
201600005405,16,9,11,1915,2,1,1,1,7.0,73285,M,4562507.0,681842.0,73
201600005406,16,6,16,1000,1,1,1,2,3.0,73015,M,4543371.0,655618.0,73
201600005407,16,12,26,1445,1,1,1,1,5.0,73181,M,4580200.0,687800.0,73
201600005408,16,1,10,1845,5,2,1,3,6.0,73181,M,0.0,0.0,73
201600005409,16,12,12,1745,5,2,1,1,6.0,73181,M,0.0,0.0,73
201600005410,16,12,29,1600,1,2,1,1,5.0,73284,M,4579400.0,687900.0,73
201600005411,16,9,24,1730,1,1,1,1,3.0,73032,M,0.0,0.0,73
201600005412,16,4,30,1630,1,2,1,1,6.0,73248,M,4527581.0,634603.0,73
201600005413,16,6,26,1530,1,1,1,1,5.0,73306,M,4508376.0,642768.0,73
201600005414,16,7,1,1415,1,1,1,1,3.0,73306,M,4508580.0,643720.0,73
201600005415,16,7,6,1745,1,1,1,1,7.0,73194,M,4520681.0,656039.0,73
201600005416,16,9,26,845,1,2,1,7,6.0,73248,M,4527923.0,634637.0,73
201600005417,16,2,21,1542,1,2,1,1,6.0,73250,M,4525909.0,639210.0,73
201600005418,16,4,7,1430,1,1,1,1,6.0,73019,M,4549323.0,629870.0,73
201600005419,16,6,7,2230,5,2,2,2,3.0,73002,M,4554513.0,629807.0,73
201600005420,16,6,26,830,1,1,3,1,1.0,73220,M,4548432.0,627172.0,73
201600005421,16,8,15,1330,1,1,1,1,7.0,73163,M,4537175.0,635052.0,73
201600005422,16,10,7,1930,3,2,1,1,6.0,73175,M,4552171.0,632892.0,73
201600005423,16,12,2,2000,5,2,1,1,3.0,73259,M,0.0,0.0,73
201600005424,16,6,20,1945,1,1,1,1,1.0,73143,M,4520681.0,696111.0,73
201600005425,16,7,23,1215,1,1,1,1,6.0,73144,M,4529935.0,693548.0,73
201600005426,16,8,12,1730,1,2,3,1,1.0,73157,M,4519715.0,666380.0,73
201600005427,16,3,9,1115,1,2,4,1,7.0,74242,M,0.0,0.0,74
201600005428,16,4,10,900,1,1,1,1,7.0,74275,M,0.0,0.0,74
201600005429,16,4,20,2115,3,1,1,1,2.0,74135,M,0.0,0.0,74
201600005430,16,5,7,1815,1,1,1,1,7.0,74232,M,0.0,0.0,74
201600005431,16,5,11,1145,1,1,6,2,7.0,74135,M,0.0,0.0,74
201600005432,16,5,21,1700,1,1,1,1,1.0,74084,M,0.0,0.0,74
201600005433,16,7,20,1500,1,1,1,1,3.0,74267,M,0.0,0.0,74
201600005434,16,7,27,1100,1,2,1,1,5.0,74275,M,0.0,0.0,74
201600005435,16,7,30,1525,1,1,1,1,6.0,74275,M,0.0,0.0,74
201600005436,16,8,1,1145,1,1,1,1,1.0,74123,M,0.0,0.0,74
201600005437,16,8,12,1950,1,2,1,1,1.0,74104,M,0.0,0.0,74
201600005438,16,9,10,1515,1,1,1,1,1.0,74123,M,0.0,0.0,74
201600005439,16,9,23,2315,3,1,1,1,6.0,74187,M,0.0,0.0,74
201600005440,16,9,26,1515,1,2,9,1,6.0,74267,M,0.0,0.0,74
201600005441,16,9,29,1700,1,1,1,1,3.0,74123,M,0.0,0.0,74
201600005442,16,10,7,715,5,2,9,1,3.0,74104,M,0.0,0.0,74
201600005443,16,10,17,1745,1,2,4,2,3.0,74242,M,0.0,0.0,74
201600005444,16,12,14,1245,1,2,1,7,6.0,74267,M,4546900.0,623600.0,74
201600005445,16,1,28,1100,1,2,6,1,3.0,74225,M,0.0,0.0,74
201600005446,16,4,20,1115,1,1,1,1,1.0,74097,M,0.0,0.0,74
201600005447,16,4,24,1700,1,1,1,1,1.0,74151,M,0.0,0.0,74
201600005448,16,6,10,745,1,1,1,1,3.0,74002,M,0.0,0.0,74
201600005449,16,6,19,1800,1,2,1,2,1.0,74274,M,0.0,0.0,74
201600005450,16,7,17,50,3,1,1,1,7.0,74289,M,0.0,0.0,74
201600005451,16,8,14,1135,1,1,4,1,2.0,74165,M,0.0,0.0,74
201600005452,16,9,14,1815,1,2,1,1,3.0,74289,M,0.0,0.0,74
201600005453,16,9,21,1930,1,1,1,1,1.0,74161,M,0.0,0.0,74
201600005454,16,10,20,1145,1,1,4,1,2.0,74097,M,0.0,0.0,74
201600005455,16,10,29,1515,1,1,1,1,2.0,74274,M,0.0,0.0,74
201600005456,16,12,10,1200,1,1,1,1,1.0,74002,M,0.0,0.0,74
201600005457,16,4,1,1800,1,1,1,1,6.0,74136,M,0.0,0.0,74
201600005458,16,8,2,1130,1,2,6,1,7.0,74239,M,0.0,0.0,74
201600005459,16,8,6,1500,1,1,1,1,1.0,74239,M,0.0,0.0,74
201600005460,16,9,11,1730,1,1,1,1,7.0,74136,M,0.0,0.0,74
201600005461,16,11,2,1855,3,1,1,1,1.0,74079,M,0.0,0.0,74
201600005462,16,11,6,715,2,1,1,2,6.0,74027,M,0.0,0.0,74
201600005463,16,11,26,130,3,1,1,1,7.0,74239,M,0.0,0.0,74
201600005464,16,12,21,1800,3,1,1,8,3.0,74080,M,0.0,0.0,74
201600005465,16,1,5,715,3,1,1,2,1.0,74042,M,0.0,0.0,74
201600005466,16,2,12,1615,1,2,1,4,6.0,74042,M,0.0,0.0,74
201600005467,16,2,21,1630,1,1,1,1,2.0,74042,M,0.0,0.0,74
201600005468,16,2,27,2230,5,2,1,1,6.0,74042,M,0.0,0.0,74
201600005469,16,4,6,1600,1,2,1,1,6.0,74042,M,4610500.0,632600.0,74
201600005470,16,4,12,2030,3,1,1,1,7.0,74212,M,0.0,0.0,74
201600005471,16,7,16,1800,1,2,2,1,3.0,74042,M,0.0,0.0,74
201600005472,16,8,23,1530,1,1,1,1,6.0,74042,M,0.0,0.0,74
201600005473,16,10,1,2000,3,1,1,2,1.0,74212,M,0.0,0.0,74
201600005474,16,10,3,1815,1,2,4,1,6.0,74042,M,0.0,0.0,74
201600005475,16,11,12,1230,1,2,1,1,3.0,74110,M,0.0,0.0,74
201600005476,16,11,16,1130,1,2,1,1,6.0,74042,M,4605700.0,643100.0,74
201600005477,16,11,18,400,3,1,1,2,6.0,74042,M,0.0,0.0,74
201600005478,16,11,22,1430,1,1,6,1,1.0,74042,M,0.0,0.0,74
201600005479,16,12,26,1815,3,1,1,1,6.0,74042,M,0.0,0.0,74
201600005480,16,1,23,1930,1,1,1,1,1.0,74056,M,0.0,0.0,74
201600005481,16,2,13,1145,1,2,1,4,1.0,74056,M,0.0,0.0,74
201600005482,16,7,9,1600,1,1,1,1,3.0,74056,M,0.0,0.0,74
201600005483,16,8,7,1400,1,1,1,1,1.0,74290,M,0.0,0.0,74
201600005484,16,1,1,1830,3,1,1,1,1.0,74083,M,4588900.0,662400.0,74
201600005485,16,4,5,830,1,2,6,1,6.0,74236,M,0.0,0.0,74
201600005486,16,8,2,1630,1,2,1,1,1.0,74173,M,0.0,0.0,74
201600005487,16,8,9,1815,1,2,6,2,6.0,74236,M,4588800.0,670800.0,74
201600005488,16,9,15,915,1,2,1,1,6.0,74236,M,0.0,0.0,74
201600005489,16,10,19,1530,1,1,1,1,3.0,74236,M,0.0,0.0,74
201600005490,16,1,11,900,1,2,2,2,6.0,74224,M,0.0,0.0,74
201600005491,16,2,19,1215,1,2,1,1,1.0,74250,M,0.0,0.0,74
201600005492,16,4,11,1500,1,2,1,1,3.0,74250,M,0.0,0.0,74
201600005493,16,5,13,2030,5,1,1,9,1.0,74007,M,0.0,0.0,74
201600005494,16,5,15,2045,3,2,1,1,6.0,74253,M,0.0,0.0,74
201600005495,16,6,25,2015,1,2,4,1,1.0,74224,M,0.0,0.0,74
201600005496,16,7,1,1830,1,1,2,1,3.0,74090,M,0.0,0.0,74
201600005497,16,8,7,945,1,1,1,1,1.0,74116,M,0.0,0.0,74
201600005498,16,8,26,1500,1,1,4,1,3.0,74116,M,0.0,0.0,74