Num_Acc,an,mois,jour,hrmn,lum,agg,int,atm,col,com,gps,lat,long,dep
201600005499,16,9,9,1700,1,1,1,1,3.0,74090,M,0.0,0.0,74
201600005500,16,9,30,1815,1,2,7,1,6.0,74224,M,0.0,0.0,74
201600005501,16,9,5,720,1,1,4,3,1.0,74018,M,0.0,0.0,74
201600005502,16,10,29,1515,1,1,2,1,1.0,74116,M,0.0,0.0,74
201600005503,16,11,30,2330,3,1,2,1,6.0,74090,M,0.0,0.0,74
201600005504,16,12,14,1800,3,1,2,5,3.0,74007,M,0.0,0.0,74
201600005505,16,12,30,100,5,1,6,1,6.0,74042,M,4607100.0,639100.0,74
201600005506,16,2,6,1245,1,1,1,1,3.0,74208,M,0.0,0.0,74
201600005507,16,3,12,1800,1,1,1,1,7.0,74256,M,0.0,0.0,74
201600005508,16,4,28,1430,1,2,1,1,2.0,74208,M,0.0,0.0,74
201600005509,16,5,7,1915,1,1,6,1,4.0,74208,M,0.0,0.0,74
201600005510,16,7,2,745,1,2,1,2,1.0,74208,M,0.0,0.0,74
201600005511,16,7,22,1845,1,2,3,3,6.0,74256,M,0.0,0.0,74
201600005512,16,8,25,1345,1,2,1,1,6.0,74208,M,4551100.0,618200.0,74
201600005513,16,8,25,1830,1,1,1,1,7.0,74089,M,0.0,0.0,74
201600005514,16,8,31,1415,1,1,1,1,1.0,74256,M,0.0,0.0,74
201600005515,16,11,7,1515,1,2,1,1,6.0,74256,M,0.0,0.0,74
201600005516,16,11,19,600,5,1,1,3,3.0,74256,M,0.0,0.0,74
201600005517,16,11,24,1800,3,1,1,1,7.0,74103,M,0.0,0.0,74
201600005518,16,12,23,1230,1,2,1,7,6.0,74256,M,0.0,0.0,74
201600005519,16,1,14,1145,1,1,1,4,6.0,74134,M,0.0,0.0,74
201600005520,16,1,29,1530,1,2,1,1,7.0,74258,M,0.0,0.0,74
201600005521,16,2,23,1645,1,2,1,2,6.0,74134,M,0.0,0.0,74
201600005522,16,7,11,100,5,2,1,1,6.0,74134,M,0.0,0.0,74
201600005523,16,7,11,1600,1,2,1,1,6.0,74183,M,0.0,0.0,74
201600005524,16,7,28,1730,1,2,1,1,1.0,74276,M,0.0,0.0,74
201600005525,16,8,2,930,1,1,1,1,1.0,74258,M,0.0,0.0,74
201600005526,16,10,28,1045,1,1,1,1,1.0,74183,M,0.0,0.0,74
201600005527,16,3,31,1100,1,2,6,1,6.0,74243,M,0.0,0.0,74
201600005528,16,6,27,1300,1,1,1,1,4.0,74243,M,4619900.0,675400.0,74
201600005529,16,8,22,1300,1,1,6,1,3.0,74044,M,0.0,0.0,74
201600005530,16,9,18,245,4,1,1,2,5.0,74016,M,0.0,0.0,74
201600005531,16,10,29,600,3,1,1,1,3.0,74243,M,0.0,0.0,74
201600005532,16,10,25,1830,3,2,6,3,6.0,74243,M,0.0,0.0,74
201600005533,16,12,28,1925,5,2,8,1,3.0,74082,M,0.0,0.0,74
201600005534,16,1,10,115,5,1,1,9,1.0,74211,M,0.0,0.0,74
201600005535,16,4,9,345,3,2,8,1,6.0,74220,M,0.0,0.0,74
201600005536,16,5,4,1845,1,1,1,1,2.0,74262,M,0.0,0.0,74
201600005537,16,6,10,1415,1,1,3,1,5.0,74128,M,0.0,0.0,74
201600005538,16,6,10,1510,1,1,1,1,7.0,74220,M,0.0,0.0,74
201600005539,16,7,2,1815,1,1,6,1,2.0,74211,M,0.0,0.0,74
201600005540,16,8,5,2345,3,1,6,1,6.0,74094,M,0.0,0.0,74
201600005541,16,9,1,1730,1,1,1,1,2.0,74197,M,0.0,0.0,74
201600005542,16,9,11,800,1,2,1,1,1.0,74094,M,0.0,0.0,74
201600005543,16,10,14,2245,3,1,1,5,5.0,74128,M,0.0,0.0,74
201600005544,16,11,5,1815,3,2,1,3,2.0,74040,M,0.0,0.0,74
201600005545,16,11,25,715,2,1,1,1,5.0,74197,M,0.0,0.0,74
201600005546,16,12,25,1200,1,1,1,1,5.0,74094,M,4618400.0,630200.0,74
201600005547,16,1,28,550,4,2,2,1,3.0,74088,M,0.0,0.0,74
201600005548,16,2,12,1400,1,1,1,4,1.0,74088,M,0.0,0.0,74
201600005549,16,8,28,1815,1,1,1,1,6.0,74006,M,0.0,0.0,74
201600005550,16,9,7,2215,5,2,3,1,3.0,74309,M,0.0,0.0,74
201600005551,16,9,14,1830,1,1,3,1,3.0,74314,M,0.0,0.0,74
201600005552,16,9,18,145,3,1,1,8,6.0,74288,M,0.0,0.0,74
201600005553,16,9,18,700,2,2,1,2,5.0,74309,M,0.0,0.0,74
201600005554,16,9,28,1215,1,2,2,7,1.0,74096,M,0.0,0.0,74
201600005555,16,10,7,745,2,1,1,8,5.0,74228,M,0.0,0.0,74
201600005556,16,10,28,645,2,2,1,1,3.0,74009,M,0.0,0.0,74
201600005557,16,11,29,2145,3,2,1,1,6.0,74096,M,0.0,0.0,74
201600005558,16,12,8,1745,2,1,1,5,3.0,74288,M,0.0,0.0,74
201600005559,16,4,1,1900,1,1,3,1,6.0,74077,M,0.0,0.0,74
201600005560,16,4,27,1930,1,2,2,1,1.0,74086,M,0.0,0.0,74
201600005561,16,5,28,415,3,1,1,8,6.0,74130,M,0.0,0.0,74
201600005562,16,6,5,1630,1,1,1,1,6.0,74109,M,0.0,0.0,74
201600005563,16,7,18,1400,1,1,1,1,5.0,74071,M,0.0,0.0,74
201600005564,16,9,12,1945,2,1,1,1,6.0,74131,M,0.0,0.0,74
201600005565,16,9,26,1240,1,1,1,1,6.0,74109,M,0.0,0.0,74
201600005566,16,9,27,1930,2,1,1,1,7.0,74065,M,0.0,0.0,74
201600005567,16,9,30,2200,3,2,1,1,6.0,74065,M,0.0,0.0,74
201600005568,16,10,2,1230,1,1,1,1,6.0,74184,M,0.0,0.0,74
201600005569,16,11,13,1730,3,1,4,2,6.0,74029,M,0.0,0.0,74
201600005570,16,2,16,2115,5,2,1,1,6.0,74058,M,0.0,0.0,74
201600005571,16,5,21,1215,1,1,1,1,7.0,74308,M,0.0,0.0,74
201600005572,16,7,11,1850,1,1,1,1,1.0,74063,M,0.0,0.0,74
201600005573,16,8,11,1530,1,2,1,1,3.0,74058,M,0.0,0.0,74
201600005574,16,9,12,1200,1,1,1,1,7.0,74001,M,0.0,0.0,74
201600005575,16,10,5,1915,3,1,1,1,5.0,74058,M,0.0,0.0,74
201600005576,16,11,10,1530,1,1,1,2,1.0,74001,M,0.0,0.0,74
201600005577,16,2,13,2000,5,2,1,2,5.0,74037,M,0.0,0.0,74
201600005578,16,7,6,1230,1,1,1,1,7.0,74032,M,0.0,0.0,74
201600005579,16,7,8,145,4,2,1,1,6.0,74032,M,0.0,0.0,74
201600005580,16,7,9,1350,1,1,1,1,6.0,74222,M,0.0,0.0,74
201600005581,16,7,10,1800,1,1,1,1,1.0,74038,M,0.0,0.0,74
201600005582,16,9,10,2145,3,1,1,1,6.0,74038,M,0.0,0.0,74
201600005583,16,9,11,700,2,1,1,1,1.0,74038,M,0.0,0.0,74
201600005584,16,11,25,1015,1,2,3,1,6.0,74038,M,0.0,0.0,74
201600005585,16,1,24,2130,5,2,1,2,6.0,74249,M,0.0,0.0,74
201600005586,16,4,26,1600,1,1,1,1,7.0,74127,M,0.0,0.0,74
201600005587,16,5,14,1705,1,1,1,1,5.0,74127,M,0.0,0.0,74
201600005588,16,9,28,600,5,2,4,1,1.0,74218,M,0.0,0.0,74
201600005589,16,10,26,1230,1,1,1,1,1.0,74057,M,0.0,0.0,74
201600005590,16,12,5,1915,3,1,1,1,6.0,74146,M,0.0,0.0,74
201600005591,16,5,22,415,3,1,6,1,6.0,63307,M,0.0,0.0,63
201600005592,16,11,3,1400,1,1,4,1,3.0,63307,M,4571160.0,307460.0,63
201600005593,16,1,22,2345,3,1,1,2,6.0,63229,M,0.0,0.0,63
201600005594,16,3,11,930,1,1,4,1,4.0,63040,M,0.0,0.0,63
201600005595,16,4,29,1630,1,1,1,1,5.0,63154,M,0.0,0.0,63
201600005596,16,5,5,1145,1,2,1,1,6.0,63453,M,0.0,0.0,63
201600005597,16,5,27,1545,1,1,1,1,3.0,63034,M,0.0,0.0,63
201600005598,16,6,6,1815,1,1,2,1,3.0,63157,M,0.0,0.0,63
201600005599,16,6,15,1300,1,1,1,1,1.0,63216,M,0.0,0.0,63
201600005600,16,6,18,1845,1,1,1,1,6.0,63226,M,0.0,0.0,63
201600005601,16,6,25,1545,1,1,1,1,1.0,63434,M,0.0,0.0,63
201600005602,16,6,27,930,1,1,1,1,6.0,63146,M,0.0,0.0,63
201600005603,16,7,1,1215,1,1,1,1,7.0,63273,M,4572633.0,322555.0,63
201600005604,16,7,3,1615,1,1,1,1,1.0,63146,M,0.0,0.0,63
201600005605,16,7,8,1815,1,1,1,7,3.0,63040,M,0.0,0.0,63
201600005606,16,7,15,2030,1,1,1,1,7.0,63229,M,0.0,0.0,63
201600005607,16,8,2,1830,1,2,2,1,1.0,63040,M,4572370.0,333940.0,63
201600005608,16,9,2,1345,1,1,1,1,6.0,63229,M,0.0,0.0,63
201600005609,16,9,9,1845,1,1,1,1,2.0,63273,M,0.0,0.0,63
201600005610,16,10,30,1615,1,1,2,5,3.0,63146,M,0.0,0.0,63
201600005611,16,11,6,2015,3,1,1,4,1.0,63334,M,0.0,0.0,63
201600005612,16,11,26,1115,1,1,1,1,5.0,63273,M,0.0,0.0,63
201600005613,16,12,5,845,1,1,1,1,3.0,63368,M,0.0,0.0,63
201600005614,16,2,8,1245,1,1,1,3,1.0,63426,M,0.0,0.0,63
201600005615,16,5,31,1800,1,1,1,3,1.0,63047,M,4559800.0,272400.0,63
201600005616,16,6,3,2000,1,1,1,1,7.0,63397,M,4561010.0,268490.0,63
201600005617,16,8,12,1230,1,1,1,1,1.0,63346,M,4541800.0,269800.0,63
201600005618,16,8,15,1215,1,1,1,1,1.0,63047,M,4559600.0,272900.0,63
201600005619,16,11,3,1530,1,1,1,1,6.0,63190,M,4553200.0,255300.0,63
201600005620,16,2,1,1715,1,1,1,7,3.0,63263,M,0.0,0.0,63
201600005621,16,2,25,130,3,1,1,2,6.0,63263,M,4578900.0,305000.0,63
201600005622,16,7,2,1600,1,1,1,1,7.0,63263,M,4582000.0,301800.0,63
201600005623,16,7,12,1715,1,1,1,1,1.0,63254,M,0.0,0.0,63
201600005624,16,7,16,1630,1,1,1,1,1.0,63263,M,4576100.0,301300.0,63
201600005625,16,5,18,1630,1,2,1,1,1.0,63284,M,4579190.0,324270.0,63
201600005626,16,6,7,1745,1,2,1,1,6.0,63284,M,4579930.0,324590.0,63
201600005627,16,10,11,1115,1,2,1,1,2.0,63200,M,0.0,0.0,63
201600005628,16,10,15,745,2,1,1,1,3.0,63284,M,0.0,0.0,63
201600005629,16,11,10,1715,5,2,1,1,2.0,63284,M,4579901.0,324337.0,63
201600005630,16,11,18,1530,1,2,1,1,1.0,63284,M,4579901.0,325626.0,63
201600005631,16,2,6,1000,1,1,1,1,7.0,63219,M,4580000.0,292400.0,63
201600005632,16,3,18,1430,1,1,1,1,3.0,63248,M,4571300.0,291200.0,63
201600005633,16,4,3,1630,1,1,1,1,7.0,63264,M,4563500.0,282500.0,63
201600005634,16,5,26,1000,1,1,1,1,7.0,63370,M,4565400.0,266400.0,63
201600005635,16,6,18,345,3,1,1,1,7.0,63386,M,4573700.0,279900.0,63
201600005636,16,8,25,1515,1,1,1,1,1.0,63219,M,4578600.0,286900.0,63
201600005637,16,9,16,1930,3,2,1,3,1.0,63248,M,4572600.0,289800.0,63
201600005638,16,10,26,1515,1,1,1,2,6.0,63416,M,0.0,0.0,63
201600005639,16,12,5,1045,1,1,1,1,7.0,63386,M,4573800.0,281800.0,63
201600005640,16,12,18,1045,1,1,6,1,6.0,63257,M,4572770.0,289020.0,63
201600005641,16,7,28,2015,1,1,1,1,1.0,63306,M,4570400.0,321700.0,63
201600005642,16,8,6,530,2,1,1,1,6.0,63214,M,4569300.0,319300.0,63
201600005643,16,9,2,815,1,1,1,1,5.0,63472,M,4561600.0,326500.0,63
201600005644,16,9,8,800,1,1,2,1,1.0,63396,M,4566500.0,306900.0,63
201600005645,16,10,20,800,2,1,9,1,3.0,63455,M,4567300.0,314400.0,63
201600005646,16,11,26,445,3,1,1,1,7.0,63262,M,4571400.0,315700.0,63
201600005647,16,12,12,630,2,1,6,5,7.0,63262,M,0.0,0.0,63
201600005648,16,2,6,1330,1,2,1,6,6.0,63010,M,4540938.0,372500.0,63
201600005649,16,4,29,1115,1,2,1,1,1.0,63010,M,4542600.0,372700.0,63
201600005650,16,5,23,630,2,1,1,2,6.0,63179,M,4561420.0,372220.0,63
201600005651,16,8,7,1615,1,1,1,1,7.0,63374,M,4553100.0,381000.0,63
201600005652,16,8,12,100,3,2,1,1,6.0,63010,M,4541700.0,372700.0,63
201600005653,16,8,13,900,1,1,1,1,6.0,63211,M,0.0,0.0,63
201600005654,16,8,15,1730,1,1,1,1,7.0,63003,M,4554000.0,378600.0,63
201600005655,16,9,12,1015,1,1,1,1,1.0,63010,M,4543900.0,372500.0,63
201600005656,16,9,17,2015,5,2,3,2,3.0,63003,M,4554640.0,373880.0,63
201600005657,16,10,8,1715,1,1,1,1,6.0,63003,M,4552900.0,375400.0,63
201600005658,16,10,19,1200,1,1,1,2,6.0,63319,M,4552100.0,394000.0,63
201600005659,16,12,16,2200,5,2,1,1,4.0,63211,M,4547840.0,372640.0,63
201600005660,16,3,26,1830,1,1,1,7,6.0,63173,M,0.0,0.0,63
201600005661,16,4,30,1430,1,1,1,2,6.0,63331,M,4551400.0,392500.0,63
201600005662,16,5,28,1545,1,1,1,3,7.0,63412,M,4540500.0,388400.0,63
201600005663,16,10,13,1445,1,1,1,3,6.0,63139,M,4538500.0,375900.0,63
201600005664,16,8,20,1500,1,1,1,2,7.0,63314,M,4558500.0,362900.0,63
201600005665,16,11,6,1715,2,1,1,4,6.0,63314,M,4556600.0,362800.0,63
201600005666,16,2,12,715,2,2,1,1,6.0,63178,M,4554829.0,325730.0,63
201600005667,16,4,6,1215,1,2,1,1,1.0,63422,M,0.0,0.0,63
201600005668,16,5,7,1030,1,2,1,1,3.0,63178,M,4554610.0,323640.0,63
201600005669,16,5,18,745,1,2,4,1,3.0,63178,M,0.0,0.0,63
201600005670,16,5,26,1515,1,1,6,1,6.0,63121,M,4561360.0,321100.0,63
201600005671,16,6,1,1530,1,1,1,1,6.0,63342,M,4555160.0,309180.0,63
201600005672,16,6,5,1200,1,1,1,1,7.0,63172,M,0.0,0.0,63
201600005673,16,7,4,2315,3,1,1,1,6.0,63466,M,4550960.0,313660.0,63
201600005674,16,7,21,1530,1,2,1,1,2.0,63380,M,0.0,0.0,63
201600005675,16,7,31,900,1,1,9,2,7.0,63452,M,0.0,0.0,63
201600005676,16,8,12,1000,1,2,1,1,6.0,63178,M,4554365.0,323891.0,63
201600005677,16,8,23,2045,3,2,1,1,7.0,63234,M,0.0,0.0,63
201600005678,16,8,26,2115,5,2,1,1,6.0,63250,M,0.0,0.0,63
201600005679,16,9,5,1130,1,2,3,1,3.0,63178,M,4554010.0,325420.0,63
201600005680,16,11,1,1845,3,1,1,1,1.0,63122,M,0.0,0.0,63
201600005681,16,11,1,1700,1,1,1,1,7.0,63172,M,0.0,0.0,63
201600005682,16,11,23,1800,3,1,1,1,4.0,63160,M,0.0,0.0,63
201600005683,16,11,30,1345,1,2,3,1,3.0,63073,M,4558491.0,318395.0,63
201600005684,16,12,12,1230,1,2,4,1,1.0,63411,M,4559033.0,320480.0,63
201600005685,16,12,20,1930,5,2,1,2,6.0,63178,M,4554710.0,324600.0,63
201600005686,16,7,3,1000,1,1,1,1,6.0,63440,M,0.0,0.0,63
201600005687,16,7,13,1615,1,1,1,1,1.0,63247,M,0.0,0.0,63
201600005688,16,8,3,1715,1,1,1,1,3.0,63247,M,0.0,0.0,63
201600005689,16,8,26,845,1,2,1,1,6.0,63038,M,4550970.0,293400.0,63
201600005690,16,8,25,1245,1,1,1,7,1.0,63335,M,4555390.0,300700.0,63
201600005691,16,10,17,1300,1,1,1,1,1.0,63247,M,0.0,0.0,63
201600005692,16,1,24,1345,1,1,1,1,7.0,63031,M,4544200.0,327500.0,63
201600005693,16,2,3,1200,1,2,1,8,6.0,63415,M,4555180.0,338090.0,63
201600005694,16,5,16,1315,1,1,1,1,1.0,63392,M,4552100.0,331200.0,63
201600005695,16,6,13,1745,1,1,1,2,7.0,63375,M,4549700.0,331700.0,63
201600005696,16,9,3,1130,1,1,1,1,1.0,63029,M,4548600.0,334400.0,63
201600005697,16,12,16,2330,3,1,1,8,1.0,63392,M,4550500.0,334500.0,63
201600005698,16,12,28,1645,1,2,6,1,6.0,63050,M,4541380.0,332020.0,63
201600005699,16,3,3,1930,3,1,1,2,6.0,63209,M,4549000.0,322100.0,63
201600005700,16,8,19,2200,5,2,1,1,6.0,63352,M,4545660.0,323870.0,63
201600005701,16,10,3,1800,1,1,3,1,1.0,63007,M,4536980.0,316380.0,63
201600005702,16,12,24,1045,1,2,1,1,6.0,63352,M,4545880.0,323820.0,63
201600005703,16,2,10,15,3,1,6,8,6.0,63001,M,4600960.0,319750.0,63
201600005704,16,3,4,900,1,1,9,1,6.0,63035,M,0.0,0.0,63
201600005705,16,3,16,1815,1,1,1,8,1.0,63327,M,0.0,0.0,63
201600005706,16,5,19,1200,1,1,1,1,7.0,63181,M,0.0,0.0,63
201600005707,16,6,20,1400,1,2,1,1,6.0,63068,M,4594650.0,313950.0,63
201600005708,16,7,30,2345,3,1,1,8,6.0,63143,M,0.0,0.0,63
201600005709,16,8,6,1830,1,1,1,1,6.0,63116,M,0.0,0.0,63
201600005710,16,10,1,1530,1,1,1,1,7.0,63068,M,0.0,0.0,63
201600005711,16,11,25,915,1,2,1,1,1.0,63012,M,4601200.0,316900.0,63
201600005712,16,10,15,1815,2,2,1,1,3.0,63295,M,4601870.0,335510.0,63
201600005713,16,10,31,200,3,1,1,8,3.0,63115,M,4586400.0,264700.0,63
201600005714,16,11,15,1100,1,1,1,1,1.0,63228,M,4591200.0,271000.0,63
201600005715,16,2,28,930,1,1,1,1,6.0,63286,M,0.0,0.0,63
201600005716,16,3,16,800,1,1,3,8,3.0,63390,M,4610840.0,307990.0,63
201600005717,16,3,18,1645,1,1,1,1,3.0,63471,M,0.0,0.0,63
201600005718,16,5,21,1430,1,1,1,1,1.0,63373,M,0.0,0.0,63
201600005719,16,7,8,1715,1,1,1,1,7.0,63187,M,0.0,0.0,63
201600005720,16,9,5,1245,1,1,1,1,7.0,63377,M,0.0,0.0,63
201600005721,16,9,17,1300,1,1,1,2,5.0,63338,M,0.0,0.0,63
201600005722,16,10,17,1445,1,1,1,2,1.0,63281,M,0.0,0.0,63
201600005723,16,3,13,1215,1,1,1,1,6.0,63470,M,4585200.0,304600.0,63
201600005724,16,6,9,2330,3,1,1,1,7.0,63092,M,4591300.0,296000.0,63
201600005725,16,8,21,1530,1,1,1,1,6.0,63470,M,4586000.0,301900.0,63
201600005726,16,1,4,1645,1,2,1,1,6.0,63276,M,4582980.0,350100.0,63
201600005727,16,1,24,1600,1,2,1,1,6.0,63430,M,4585669.0,354300.0,63
201600005728,16,5,2,1330,1,1,1,1,1.0,63276,M,0.0,0.0,63
201600005729,16,6,27,1815,1,2,1,7,3.0,63430,M,4585750.0,355080.0,63
201600005730,16,7,25,745,1,2,1,1,1.0,63430,M,4585778.0,354178.0,63
201600005731,16,7,31,1830,1,1,1,1,1.0,63430,M,0.0,0.0,63
201600005732,16,8,20,1800,1,1,1,7,1.0,63430,M,4586730.0,349620.0,63
201600005733,16,10,5,2145,5,2,1,1,7.0,63008,M,0.0,0.0,63
201600005734,16,10,14,1230,1,2,1,2,6.0,63430,M,4585140.0,354110.0,63
201600005735,16,10,21,2345,5,1,1,5,6.0,63393,M,4589460.0,359800.0,63
201600005736,16,10,22,2015,3,1,1,1,6.0,63151,M,0.0,0.0,63
201600005737,16,12,24,30,3,1,1,1,6.0,63138,M,0.0,0.0,63
201600005738,16,1,11,1615,1,2,1,3,3.0,63195,M,4583000.0,337699.0,63
201600005739,16,5,16,1600,1,1,1,1,2.0,63016,M,0.0,0.0,63
201600005740,16,9,7,1815,1,2,2,1,1.0,63195,M,4583410.0,338910.0,63
201600005741,16,10,14,1700,1,1,1,2,1.0,63195,M,0.0,0.0,63
201600005742,16,10,29,915,1,1,1,5,6.0,63016,M,4575000.0,362800.0,63
201600005743,16,11,10,1130,1,2,1,1,6.0,63125,M,4575670.0,353860.0,63
201600005744,16,11,14,1630,1,2,1,1,6.0,63125,M,4576380.0,354000.0,63
201600005745,16,12,12,1345,1,2,2,1,3.0,63195,M,4582770.0,338380.0,63
201600005746,16,5,1,1100,1,2,1,1,1.0,63291,M,4598800.0,348500.0,63
201600005747,16,6,16,1715,1,1,6,1,2.0,63291,M,4594300.0,348700.0,63
201600005748,16,6,19,1900,1,1,1,1,6.0,63128,M,4590900.0,339900.0,63
201600005749,16,6,25,1530,1,1,1,1,6.0,63102,M,4599100.0,355800.0,63
201600005750,16,6,26,1945,1,1,1,1,7.0,63291,M,4598700.0,350800.0,63
201600005751,16,8,30,1530,1,1,1,1,6.0,63271,M,0.0,0.0,63
201600005752,16,10,9,2030,3,1,1,1,3.0,63271,M,0.0,0.0,63
201600005753,16,10,20,845,1,1,1,1,1.0,63128,M,4592000.0,337500.0,63
201600005754,16,11,25,1445,1,1,1,1,6.0,63271,M,0.0,0.0,63
201600005755,16,1,15,1530,1,1,1,2,2.0,03040,M,0.0,0.0,03
201600005756,16,5,25,915,1,2,1,1,5.0,03316,M,0.0,0.0,03
201600005757,16,6,29,1530,1,1,1,1,6.0,03121,M,0.0,0.0,03
201600005758,16,7,9,730,1,1,1,1,4.0,03316,M,0.0,0.0,03
201600005759,16,9,4,515,3,1,1,1,6.0,03316,M,0.0,0.0,03
201600005760,16,10,7,1430,1,1,1,1,5.0,03316,M,0.0,0.0,03
201600005761,16,11,4,1600,1,1,1,1,1.0,03085,M,0.0,0.0,03
201600005762,16,11,13,700,2,1,1,2,7.0,03316,M,0.0,0.0,03
201600005763,16,11,28,1030,1,1,1,1,6.0,03009,M,4666900.0,313600.0,03
201600005764,16,5,13,1800,1,1,1,1,7.0,03046,M,4645800.0,291700.0,03
201600005765,16,6,9,800,1,1,1,1,1.0,03117,M,0.0,0.0,03
201600005766,16,6,20,1815,1,2,1,1,6.0,03036,M,4658800.0,305800.0,03
201600005767,16,11,27,1130,1,1,1,1,1.0,03241,M,4668800.0,311600.0,03
201600005768,16,1,11,1530,1,1,1,2,3.0,03102,M,0.0,0.0,03
201600005769,16,3,23,1815,1,1,1,1,6.0,03300,M,0.0,0.0,03
201600005770,16,6,17,930,1,2,1,1,6.0,03102,M,0.0,0.0,03
201600005771,16,8,24,915,1,1,1,7,7.0,03173,M,0.0,0.0,03
201600005772,16,8,30,1530,1,1,1,1,3.0,03265,M,0.0,0.0,03
201600005773,16,3,10,845,1,2,1,1,1.0,03155,M,0.0,0.0,03
201600005774,16,1,6,1530,1,1,1,1,2.0,03074,M,0.0,0.0,03
201600005775,16,3,19,1715,1,1,1,1,7.0,03076,M,0.0,0.0,03
201600005776,16,5,31,1330,1,1,2,3,3.0,03180,M,0.0,0.0,03
201600005777,16,6,29,745,1,1,1,1,6.0,03120,M,0.0,0.0,03
201600005778,16,7,25,1515,1,1,2,1,3.0,03019,M,0.0,0.0,03
201600005779,16,8,19,1400,1,1,1,7,5.0,03197,M,0.0,0.0,03
201600005780,16,9,12,1645,1,2,1,7,6.0,03074,M,0.0,0.0,03
201600005781,16,9,26,1645,1,1,1,1,5.0,03074,M,0.0,0.0,03
201600005782,16,10,5,1415,1,2,1,1,6.0,03074,M,0.0,0.0,03
201600005783,16,2,21,1745,1,1,2,7,3.0,03176,M,0.0,0.0,03
201600005784,16,2,25,1015,1,1,1,2,3.0,03083,M,0.0,0.0,03
201600005785,16,3,12,1115,1,2,1,1,3.0,03267,M,0.0,0.0,03
201600005786,16,4,1,1215,1,1,1,2,1.0,03083,M,0.0,0.0,03
201600005787,16,4,28,2015,2,1,1,1,6.0,03254,M,0.0,0.0,03
201600005788,16,6,5,1845,1,1,1,1,6.0,03227,M,0.0,0.0,03
201600005789,16,9,25,915,1,1,1,1,3.0,03267,M,4633300.0,328600.0,03
201600005790,16,10,2,515,3,1,1,1,6.0,03227,M,0.0,0.0,03
201600005791,16,11,16,1545,1,1,1,8,6.0,03062,M,0.0,0.0,03
201600005792,16,2,17,1,3,1,1,1,6.0,03026,M,0.0,0.0,03
201600005793,16,6,10,945,1,1,1,1,3.0,03073,M,0.0,0.0,03
201600005794,16,7,29,2030,1,1,1,1,1.0,03069,M,0.0,0.0,03
201600005795,16,9,17,2230,3,1,1,2,7.0,03069,M,4646700.0,312500.0,03
201600005796,16,9,25,515,3,1,1,1,1.0,03099,M,4636900.0,302100.0,03
201600005797,16,10,4,2345,3,1,1,1,6.0,03162,M,0.0,0.0,03
201600005798,16,10,12,1830,1,1,9,1,7.0,03099,M,0.0,0.0,03
201600005799,16,11,1,200,3,1,1,5,6.0,03247,M,0.0,0.0,03
201600005800,16,12,16,1345,1,1,1,1,3.0,03287,M,4640800.0,316700.0,03
201600005801,16,12,22,2345,3,1,1,5,6.0,03092,M,4647300.0,316700.0,03
201600005802,16,2,10,2000,3,1,1,2,1.0,03212,M,0.0,0.0,03
201600005803,16,4,28,400,3,1,1,1,7.0,03317,M,0.0,0.0,03
201600005804,16,5,6,1630,1,1,1,1,7.0,03279,M,4626000.0,255400.0,03
201600005805,16,7,5,2315,3,1,1,1,6.0,03217,M,0.0,0.0,03
201600005806,16,9,10,2230,3,1,1,1,1.0,03185,M,0.0,0.0,03
201600005807,16,9,26,1515,1,1,1,1,6.0,03212,M,0.0,0.0,03
201600005808,16,10,22,1015,1,2,1,1,6.0,03195,M,0.0,0.0,03
201600005809,16,2,13,1930,3,1,5,2,3.0,03150,M,0.0,0.0,03
201600005810,16,4,6,1400,1,2,1,1,1.0,03297,M,0.0,0.0,03
201600005811,16,12,7,1800,5,2,1,1,3.0,03084,M,0.0,0.0,03
201600005812,16,6,11,1745,1,2,1,1,6.0,03082,M,0.0,0.0,03
201600005813,16,8,15,1930,1,2,6,1,6.0,03159,M,0.0,0.0,03
201600005814,16,8,27,1145,1,2,1,1,6.0,03007,M,0.0,0.0,03
201600005815,16,8,30,1500,1,1,1,7,1.0,03007,M,0.0,0.0,03
201600005816,16,9,8,1330,1,1,1,1,6.0,03129,M,4647400.0,238200.0,03
201600005817,16,6,30,1630,1,1,1,1,6.0,03107,M,0.0,0.0,03
201600005818,16,4,23,1700,1,2,2,2,3.0,03315,M,0.0,0.0,03
201600005819,16,7,19,500,3,1,1,1,2.0,03186,M,0.0,0.0,03
201600005820,16,6,9,1715,1,2,2,1,3.0,03306,M,0.0,0.0,03
201600005821,16,9,16,730,2,1,1,1,6.0,03110,M,0.0,0.0,03
201600005822,16,11,9,1030,1,1,3,2,3.0,03157,M,0.0,0.0,03
201600005823,16,11,13,1815,3,1,1,2,1.0,03236,M,0.0,0.0,03
201600005824,16,12,6,830,1,2,1,9,3.0,03045,M,0.0,0.0,03
201600005825,16,3,31,915,1,1,1,1,6.0,03118,M,0.0,0.0,03
201600005826,16,4,13,1415,1,1,1,1,7.0,03133,M,0.0,0.0,03
201600005827,16,6,2,1800,1,2,1,2,2.0,03118,M,0.0,0.0,03
201600005828,16,6,4,45,3,1,1,8,6.0,03089,M,0.0,0.0,03
201600005829,16,6,29,1730,1,1,1,1,7.0,03118,M,0.0,0.0,03
201600005830,16,7,11,1000,1,1,1,9,6.0,03107,M,0.0,0.0,03
201600005831,16,8,7,2130,3,1,1,1,7.0,03166,M,0.0,0.0,03
201600005832,16,8,23,2245,3,1,1,1,1.0,03107,M,0.0,0.0,03
201600005833,16,10,1,1430,1,1,1,1,1.0,03268,M,0.0,0.0,03
201600005834,16,11,16,1300,1,1,1,1,1.0,03043,M,0.0,0.0,03
201600005835,16,11,17,1215,1,1,1,1,1.0,03220,M,0.0,0.0,03
201600005836,16,11,28,1945,5,1,1,1,3.0,03182,M,0.0,0.0,03
201600005837,16,12,16,530,3,1,1,1,1.0,03133,M,0.0,0.0,03
201600005838,16,12,16,1845,5,2,1,1,6.0,03118,M,0.0,0.0,03
201600005839,16,8,22,1115,1,1,1,1,7.0,03274,M,0.0,0.0,03
201600005840,16,1,15,1815,3,1,1,1,1.0,03226,M,0.0,0.0,03
201600005841,16,2,16,1200,1,1,1,1,6.0,03105,M,0.0,0.0,03
201600005842,16,4,28,1430,1,1,1,1,1.0,03105,M,0.0,0.0,03
201600005843,16,8,8,1815,1,1,1,1,7.0,03257,M,0.0,0.0,03
201600005844,16,10,10,915,1,2,1,1,6.0,03284,M,0.0,0.0,03
201600005845,16,10,31,2030,3,1,1,5,6.0,03257,M,0.0,0.0,03
201600005846,16,11,6,1700,3,2,1,1,6.0,03138,M,0.0,0.0,03
201600005847,16,11,20,1630,1,1,1,1,7.0,03250,M,0.0,0.0,03