Num_Acc,an,mois,jour,hrmn,lum,agg,int,atm,col,com,gps,lat,long,dep
201600005848,16,11,28,1800,3,1,1,1,2.0,03284,M,0.0,0.0,03
201600005849,16,12,1,815,1,1,1,5,7.0,03181,M,0.0,0.0,03
201600005850,16,7,4,1015,1,1,2,1,3.0,03131,M,4616300.0,364500.0,03
201600005851,16,2,9,700,1,1,2,9,3.0,03215,M,0.0,0.0,03
201600005852,16,8,28,1830,1,2,1,1,2.0,03298,M,4632500.0,339400.0,03
201600005853,16,12,11,645,3,1,1,9,6.0,03091,M,4625400.0,343100.0,03
201600005854,16,12,27,815,2,1,1,5,6.0,03187,M,4632700.0,343300.0,03
201600005855,16,3,5,900,1,1,1,4,6.0,15076,M,4492400.0,215800.0,15
201600005856,16,4,23,500,3,1,1,3,6.0,15267,M,4493700.0,233800.0,15
201600005857,16,9,15,1445,1,1,1,1,1.0,15221,M,4489000.0,235100.0,15
201600005858,16,9,18,1515,1,1,1,2,1.0,15221,M,4488700.0,233600.0,15
201600005859,16,10,17,1615,1,1,1,1,6.0,15211,M,4501200.0,225900.0,15
201600005860,16,11,26,1300,1,1,1,1,1.0,15014,M,4493900.0,242000.0,15
201600005861,16,2,27,2100,3,1,1,2,6.0,15122,M,4468800.0,218500.0,15
201600005862,16,4,1,1500,1,2,1,1,1.0,15122,M,4471700.0,219900.0,15
201600005863,16,4,20,1630,1,1,1,6,7.0,15184,M,0.0,0.0,15
201600005864,16,5,2,400,3,1,1,1,7.0,15122,M,4468500.0,218800.0,15
201600005865,16,5,5,1845,1,1,1,1,3.0,15212,M,0.0,0.0,15
201600005866,16,7,17,2315,5,1,6,1,1.0,15122,M,0.0,0.0,15
201600005867,16,12,6,1430,1,1,1,7,3.0,15196,M,0.0,0.0,15
201600005868,16,12,12,1045,1,1,1,5,3.0,15030,M,0.0,0.0,15
201600005869,16,12,14,1415,1,1,1,8,6.0,15122,M,0.0,0.0,15
201600005870,16,12,18,1500,1,1,1,1,3.0,15150,M,0.0,0.0,15
201600005871,16,11,27,530,3,1,1,1,7.0,15156,M,0.0,0.0,15
201600005872,16,12,1,830,2,1,1,9,1.0,15117,M,0.0,0.0,15
201600005873,16,1,29,1945,3,1,1,2,3.0,15074,M,0.0,0.0,15
201600005874,16,5,4,1300,1,1,1,1,1.0,15266,M,0.0,0.0,15
201600005875,16,5,22,915,1,1,1,1,1.0,15154,M,0.0,0.0,15
201600005876,16,7,10,1530,1,1,1,9,6.0,15113,M,4509000.0,267200.0,15
201600005877,16,10,16,1915,3,1,1,1,1.0,15258,M,4499200.0,263100.0,15
201600005878,16,11,13,1045,1,1,1,5,6.0,15074,M,0.0,0.0,15
201600005879,16,12,6,1430,1,2,1,1,6.0,15258,M,4499700.0,263500.0,15
201600005880,16,5,27,745,1,2,1,1,6.0,15120,M,4522600.0,234100.0,15
201600005881,16,7,19,1030,1,1,1,1,2.0,15220,M,4519000.0,240300.0,15
201600005882,16,5,6,1715,1,1,1,8,2.0,15040,M,0.0,0.0,15
201600005883,16,6,1,1215,1,1,1,2,6.0,15009,M,4526000.0,270200.0,15
201600005884,16,7,22,1045,1,1,1,2,1.0,15116,M,4527800.0,275100.0,15
201600005885,16,12,28,1400,1,2,1,7,3.0,15110,M,0.0,0.0,15
201600005886,16,7,3,530,2,1,1,1,6.0,15205,M,0.0,0.0,15
201600005887,16,12,7,1915,3,1,1,1,2.0,15202,M,4514100.0,240600.0,15
201600005888,16,12,10,1200,1,1,1,1,6.0,15070,M,4510600.0,253700.0,15
201600005889,16,2,16,1145,1,1,2,1,3.0,15250,M,4536800.0,251200.0,15
201600005890,16,8,3,15,3,1,1,1,6.0,15092,M,0.0,0.0,15
201600005891,16,11,25,1700,2,1,1,8,6.0,15265,M,0.0,0.0,15
201600005892,16,3,27,700,2,1,1,2,6.0,15231,M,4510700.0,306800.0,15
201600005893,16,5,24,1830,1,1,1,1,5.0,15164,M,4505000.0,304700.0,15
201600005894,16,6,1,1030,1,2,1,3,3.0,15187,M,0.0,0.0,15
201600005895,16,8,6,645,2,1,1,7,6.0,15232,M,4502600.0,298600.0,15
201600005896,16,8,15,1830,1,1,1,1,7.0,15107,M,4494800.0,330200.0,15
201600005897,16,9,23,2330,3,1,1,1,7.0,15187,M,4505700.0,308100.0,15
201600005898,16,10,13,1145,1,2,1,2,7.0,15187,M,0.0,0.0,15
201600005899,16,10,23,1430,3,1,1,1,6.0,15262,M,4502300.0,305200.0,15
201600005900,16,11,10,1515,1,2,9,3,3.0,15187,M,4504400.0,307300.0,15
201600005901,16,1,7,1700,2,1,1,1,7.0,15151,M,0.0,0.0,15
201600005902,16,3,4,1845,2,1,1,3,3.0,15127,M,4520600.0,309200.0,15
201600005903,16,8,12,1745,1,1,1,1,7.0,15098,M,4527600.0,309700.0,15
201600005904,16,9,6,815,1,1,1,2,1.0,15127,M,0.0,0.0,15
201600005905,16,10,23,1915,2,1,1,1,1.0,15151,M,4520200.0,308600.0,15
201600005906,16,11,11,945,1,1,1,8,6.0,15043,M,0.0,0.0,15
201600005907,16,11,14,800,1,1,1,2,6.0,15043,M,4520700.0,309000.0,15
201600005908,16,12,23,1630,1,1,1,1,1.0,15043,M,4519900.0,308600.0,15
201600005909,16,3,27,2215,3,1,1,1,7.0,15253,M,0.0,0.0,15
201600005910,16,7,13,2315,3,1,1,1,7.0,15061,M,0.0,0.0,15
201600005911,16,7,26,1530,1,1,1,1,1.0,15244,M,4507800.0,293500.0,15
201600005912,16,7,27,930,1,2,1,1,7.0,15001,M,4523400.0,293800.0,15
201600005913,16,11,7,845,1,1,1,9,1.0,15138,M,0.0,0.0,15
201600005914,16,1,12,1605,1,1,3,4,1.0,43154,M,4478180.0,388880.0,43
201600005915,16,1,29,745,2,1,1,5,1.0,43042,M,4493770.0,381574.0,43
201600005916,16,4,17,315,3,1,1,8,6.0,43257,M,4502340.0,373593.0,43
201600005917,16,4,28,1145,1,1,1,1,6.0,43176,M,4498880.0,369704.0,43
201600005918,16,5,8,2145,3,1,1,1,1.0,43039,M,4491960.0,384400.0,43
201600005919,16,6,22,1915,1,1,1,1,6.0,43174,M,,,43
201600005920,16,8,20,745,1,1,1,2,1.0,43045,M,4503380.0,385070.0,43
201600005921,16,9,23,1830,1,1,1,1,6.0,43221,M,4497210.0,366380.0,43
201600005922,16,10,21,2330,3,1,1,1,6.0,43174,M,4500730.0,383275.0,43
201600005923,16,10,26,1745,2,1,1,1,6.0,43045,M,4503370.0,385007.0,43
201600005924,16,11,8,1830,3,1,1,8,2.0,43174,M,4498950.0,382278.0,43
201600005925,16,1,24,1130,1,1,1,7,2.0,43252,M,,,43
201600005926,16,5,23,1545,1,1,1,1,1.0,43194,M,4506880.0,404110.0,43
201600005927,16,10,8,830,1,1,1,1,6.0,43218,M,4505790.0,406165.0,43
201600005928,16,10,14,1115,1,1,1,2,6.0,43194,M,4508150.0,405244.0,43
201600005929,16,11,12,1915,3,1,1,1,7.0,43135,M,4492120.0,401001.0,43
201600005930,16,12,30,1345,1,1,1,1,6.0,43229,M,4508980.0,381384.0,43
201600005931,16,3,6,2100,3,1,1,8,7.0,43216,M,4512170.0,382516.0,43
201600005932,16,3,13,1030,1,1,3,1,3.0,43124,M,4509350.0,374971.0,43
201600005933,16,4,10,1755,1,1,1,1,5.0,43152,M,4508410.0,381897.0,43
201600005934,16,5,1,15,3,1,1,4,6.0,43164,M,4523920.0,395581.0,43
201600005935,16,6,2,1145,1,1,1,1,7.0,43124,M,4510180.0,377498.0,43
201600005936,16,8,9,1755,1,1,1,2,5.0,43152,M,4507750.0,383887.0,43
201600005937,16,9,8,1815,1,2,1,1,1.0,43216,M,,,43
201600005938,16,11,5,130,3,1,1,1,6.0,43197,M,4508370.0,367505.0,43
201600005939,16,11,17,845,1,2,1,8,6.0,43119,M,4512160.0,390931.0,43
201600005940,16,12,17,1345,1,1,1,1,7.0,43030,M,4511660.0,382762.0,43
201600005941,16,12,28,1430,1,2,1,1,5.0,43230,M,4513270.0,391927.0,43
201600005942,16,3,31,2015,2,1,1,3,3.0,43079,M,4520000.0,350410.0,43
201600005943,16,5,21,2230,5,2,6,1,3.0,43148,M,4520920.0,351823.0,43
201600005944,16,10,2,1830,1,1,1,1,6.0,43086,M,4525090.0,351052.0,43
201600005945,16,11,3,2115,3,1,1,1,6.0,43022,M,,,43
201600005946,16,12,19,1615,1,1,3,2,3.0,43117,M,4523990.0,345524.0,43
201600005947,16,4,9,1130,1,1,2,1,3.0,43132,M,4514270.0,356303.0,43
201600005948,16,5,6,1615,1,1,1,1,6.0,43264,M,4518410.0,338591.0,43
201600005949,16,6,26,1815,1,1,2,1,5.0,43132,M,4515930.0,350519.0,43
201600005950,16,8,4,1115,1,1,1,1,6.0,43234,M,4496250.0,358560.0,43
201600005951,16,10,1,1230,1,1,1,8,3.0,43112,M,4509960.0,350803.0,43
201600005952,16,3,26,1300,1,1,1,1,3.0,43170,M,4527920.0,324990.0,43
201600005953,16,6,10,1330,1,2,1,1,1.0,43185,M,,,43
201600005954,16,8,17,1915,1,1,1,1,6.0,43033,M,4531570.0,317926.0,43
201600005955,16,9,14,1345,1,1,1,3,3.0,43017,M,4533430.0,339447.0,43
201600005956,16,11,21,615,3,1,3,6,3.0,43120,M,4537720.0,328503.0,43
201600005957,16,1,8,1105,1,1,4,1,3.0,43162,M,4521810.0,402196.0,43
201600005958,16,1,29,1415,1,1,1,1,6.0,43203,M,4516680.0,405933.0,43
201600005959,16,3,4,845,1,1,1,2,1.0,43024,M,4517010.0,406895.0,43
201600005960,16,3,9,815,1,1,1,1,1.0,43268,M,4514710.0,411634.0,43
201600005961,16,7,10,1115,1,1,2,1,3.0,43268,M,4511730.0,415543.0,43
201600005962,16,11,21,1600,1,1,1,1,6.0,43025,M,4527150.0,411355.0,43
201600005963,16,11,11,1500,1,1,1,2,3.0,43025,M,4522640.0,408760.0,43
201600005964,16,12,7,1745,5,2,1,1,6.0,43162,M,4520410.0,403282.0,43
201600005965,16,4,16,1800,1,1,1,1,1.0,43012,M,4535200.0,418621.0,43
201600005966,16,6,2,1345,1,2,1,2,6.0,43012,M,4536970.0,420045.0,43
201600005967,16,7,9,1830,1,1,1,1,3.0,43137,M,4529180.0,414736.0,43
201600005968,16,8,2,1500,1,1,3,1,3.0,43137,M,4531180.0,418729.0,43
201600005969,16,9,9,2100,5,2,1,1,6.0,43137,M,,,43
201600005970,16,1,8,1700,1,1,1,1,6.0,43224,M,4525370.0,421094.0,43
201600005971,16,3,17,715,2,2,1,1,6.0,43153,M,,,43
201600005972,16,4,14,1815,1,1,1,1,5.0,43223,M,4525170.0,434798.0,43
201600005973,16,4,30,1355,1,1,1,1,1.0,43177,M,4533540.0,428135.0,43
201600005974,16,5,2,1100,1,1,1,1,1.0,43223,M,4526950.0,433375.0,43
201600005975,16,6,7,1750,1,1,3,1,3.0,43223,M,4525600.0,431337.0,43
201600005976,16,7,7,430,5,2,1,1,7.0,43265,M,0.0,0.0,43
201600005977,16,7,18,1500,1,1,1,1,1.0,43224,M,4526090.0,419925.0,43
201600005978,16,8,7,1800,1,1,1,1,6.0,43177,M,,,43
201600005979,16,10,27,1650,1,1,2,1,1.0,43224,M,4525320.0,423252.0,43
201600005980,16,11,12,1500,1,1,1,1,5.0,43213,M,4525070.0,427364.0,43
201600005981,16,3,13,300,3,1,1,1,6.0,43163,M,4524150.0,442254.0,43
201600005982,16,4,1,2245,3,1,1,5,1.0,43244,M,4513760.0,429511.0,43
201600005983,16,4,20,2345,3,1,1,1,6.0,43051,M,4504590.0,433584.0,43
201600005984,16,6,16,730,1,1,2,8,3.0,43244,M,4512250.0,427729.0,43
201600005985,16,7,24,1255,1,1,1,1,6.0,43087,M,4520160.0,435626.0,43
201600005986,16,9,11,30,3,1,1,1,6.0,43142,M,4514150.0,434211.0,43
201600005987,16,11,27,2015,3,1,1,1,6.0,03262,M,,,03
201600005988,16,12,9,1645,1,2,6,1,3.0,03185,M,,,03
201600005989,16,1,26,920,1,2,2,1,7.0,03101,M,,,03
201600005990,16,1,1,2245,5,2,2,1,6.0,03185,M,,,03
201600005991,16,1,20,1735,2,2,2,1,3.0,03185,M,,,03
201600005992,16,4,20,1600,1,2,3,1,6.0,03185,M,,,03
201600005993,16,3,26,930,1,2,1,1,6.0,03185,M,,,03
201600005994,16,2,25,1000,1,2,3,1,6.0,03185,M,,,03
201600005995,16,6,22,40,5,2,3,1,1.0,03185,M,,,03
201600005996,16,4,15,1720,1,2,1,1,6.0,03185,M,,,03
201600005997,16,7,6,1640,1,2,3,1,6.0,03185,M,,,03
201600005998,16,6,14,2052,1,2,3,1,3.0,03185,M,,,03
201600005999,16,7,25,1615,1,2,1,1,2.0,03262,M,,,03
201600006000,16,8,24,1225,1,2,3,1,6.0,03098,M,,,03
201600006001,16,8,25,1000,1,2,1,1,6.0,03185,M,,,03
201600006002,16,10,3,1004,1,2,1,1,6.0,03185,M,,,03
201600006003,16,10,11,715,5,2,2,1,6.0,03185,M,,,03
201600006004,16,9,15,1910,1,1,2,1,3.0,03140,M,,,03
201600006005,16,10,18,740,2,2,1,1,3.0,03185,M,,,03
201600006006,16,11,1,1500,1,2,1,1,2.0,03211,M,,,03
201600006007,16,8,4,1300,1,2,1,3,7.0,03185,M,,,03
201600006008,16,8,6,1900,1,1,3,1,1.0,03185,M,,,03
201600006009,16,10,6,1440,1,2,6,1,6.0,03185,M,,,03
201600006010,16,3,10,835,1,2,9,1,6.0,03321,M,,,03
201600006011,16,5,4,1230,1,2,1,1,6.0,03321,M,,,03
201600006012,16,5,31,1635,1,2,1,3,6.0,03190,M,,,03
201600006013,16,6,21,820,1,2,1,1,3.0,03190,M,,,03
201600006014,16,7,8,1210,1,2,3,1,3.0,03190,M,,,03
201600006015,16,8,2,1132,1,2,7,1,6.0,03190,M,,,03
201600006016,16,8,21,2325,5,2,1,1,3.0,03013,M,,,03
201600006017,16,8,24,1330,1,2,1,1,6.0,03190,M,,,03
201600006018,16,9,9,610,5,2,2,1,3.0,03190,M,4656368.0,334216.0,03
201600006019,16,11,23,1705,2,2,1,1,6.0,03190,M,,,03
201600006020,16,12,2,1855,1,2,1,1,1.0,03190,M,,,03
201600006021,16,3,30,915,1,2,2,2,1.0,57134,M,4912435.0,607888.0,57
201600006022,16,2,2,2145,5,2,1,1,5.0,57017,M,0.0,0.0,57
201600006023,16,2,4,1400,1,2,9,2,5.0,57620,M,4919859.0,599451.0,57
201600006024,16,7,11,1400,1,1,1,1,1.0,57017,M,0.0,0.0,57
201600006025,16,7,16,1630,1,2,1,1,3.0,57620,M,4919672.0,599624.0,57
201600006026,16,7,17,1530,1,1,1,7,6.0,57622,M,0.0,0.0,57
201600006027,16,8,7,1530,1,1,1,1,1.0,57017,M,0.0,0.0,57
201600006028,16,8,20,1715,1,2,1,1,1.0,57481,M,0.0,0.0,57
201600006029,16,9,1,1600,1,2,9,1,3.0,57134,M,0.0,0.0,57
201600006030,16,10,20,1615,1,1,9,1,3.0,57634,M,4916481.0,608876.0,57
201600006031,16,12,8,2100,3,1,1,9,6.0,57415,M,4914240.0,609178.0,57
201600006032,16,1,10,1700,2,2,1,2,6.0,57032,M,4907632.0,607753.0,57
201600006033,16,3,12,1445,1,1,1,1,1.0,57350,M,4907557.0,609770.0,57
201600006034,16,3,22,915,1,2,1,1,3.0,57039,M,4907470.0,610723.0,57
201600006035,16,5,12,1845,1,1,1,2,7.0,57039,M,0.0,0.0,57
201600006036,16,5,31,1600,1,2,1,8,1.0,57032,M,0.0,0.0,57
201600006037,16,7,14,1530,1,1,1,1,7.0,57039,M,0.0,0.0,57
201600006038,16,7,22,500,2,1,1,1,2.0,57578,M,0.0,0.0,57
201600006039,16,8,6,145,3,1,1,1,2.0,57032,M,0.0,0.0,57
201600006040,16,9,1,930,1,1,1,1,3.0,57515,M,4902984.0,605175.0,57
201600006041,16,10,17,1115,1,2,1,2,6.0,57515,M,4902560.0,605077.0,57
201600006042,16,11,11,320,4,2,1,1,6.0,57416,M,4899061.0,608893.0,57
201600006043,16,1,13,2115,3,1,1,2,1.0,57511,M,4918131.0,606310.0,57
201600006044,16,1,24,2045,5,2,1,8,3.0,57663,M,4923472.0,616819.0,57
201600006045,16,6,4,2000,1,2,1,1,1.0,57433,M,0.0,0.0,57
201600006046,16,7,12,1730,1,2,1,1,3.0,57663,M,0.0,0.0,57
201600006047,16,8,4,1645,1,1,7,1,6.0,57433,M,0.0,0.0,57
201600006048,16,9,29,730,1,1,1,1,1.0,57111,M,0.0,0.0,57
201600006049,16,11,20,1845,3,1,1,2,6.0,57211,M,4918994.0,609933.0,57
201600006050,16,11,22,1705,5,2,1,2,6.0,57433,M,4920979.0,616104.0,57
201600006051,16,1,6,745,2,2,1,2,6.0,57572,M,4899637.0,642873.0,57
201600006052,16,1,18,1800,5,2,1,8,6.0,57708,M,0.0,0.0,57
201600006053,16,4,30,1915,1,1,2,2,3.0,57605,M,4895594.0,630131.0,57
201600006054,16,5,7,1900,1,2,1,1,6.0,57572,M,4901796.0,638360.0,57
201600006055,16,5,19,1745,1,2,1,1,3.0,57218,M,0.0,0.0,57
201600006056,16,7,24,1645,1,1,1,1,6.0,57718,M,0.0,0.0,57
201600006057,16,1,22,645,2,1,1,1,6.0,57716,M,0.0,0.0,57
201600006058,16,2,3,1800,3,1,1,8,1.0,57043,M,0.0,0.0,57
201600006059,16,2,29,1330,1,1,1,1,7.0,57438,M,0.0,0.0,57
201600006060,16,5,2,700,1,2,6,1,2.0,57193,M,4923700.0,621700.0,57
201600006061,16,5,3,1430,1,1,1,2,6.0,57249,M,0.0,0.0,57
201600006062,16,5,14,1830,1,1,1,1,3.0,57043,M,0.0,0.0,57
201600006063,16,5,19,1430,1,1,4,1,3.0,57654,M,4911602.0,636303.0,57
201600006064,16,5,26,1730,1,1,1,1,5.0,57482,M,0.0,0.0,57
201600006065,16,6,23,1800,1,1,1,1,6.0,57716,M,0.0,0.0,57
201600006066,16,7,7,230,3,1,6,1,6.0,57043,M,0.0,0.0,57
201600006067,16,7,30,1500,1,1,1,1,2.0,57736,M,0.0,0.0,57
201600006068,16,5,2,1945,1,2,6,1,1.0,57106,M,4929011.0,653514.0,57
201600006069,16,1,25,1800,5,2,1,1,6.0,57160,M,4920713.0,669512.0,57
201600006070,16,3,7,1115,1,1,1,4,5.0,57160,M,0.0,0.0,57
201600006071,16,4,10,1630,1,2,1,1,6.0,57205,M,4922590.0,663448.0,57
201600006072,16,11,21,1558,1,2,1,8,6.0,57160,M,4920830.0,669646.0,57
201600006073,16,1,8,745,2,1,1,9,3.0,57095,M,0.0,0.0,57
201600006074,16,5,19,1530,1,1,1,1,6.0,57413,M,0.0,0.0,57
201600006075,16,6,22,1500,1,2,1,1,3.0,57209,M,4904696.0,659728.0,57
201600006076,16,7,6,1700,1,1,1,1,6.0,57209,M,4903327.0,660062.0,57
201600006077,16,10,8,1821,1,1,1,2,7.0,57095,M,4914694.0,659553.0,57
201600006078,16,10,10,1710,1,2,1,1,6.0,57209,M,4904914.0,660437.0,57
201600006079,16,10,11,1450,1,1,1,1,6.0,57442,M,4900803.0,652878.0,57
201600006080,16,10,13,1345,1,2,1,1,6.0,57319,M,4900057.0,648534.0,57
201600006081,16,10,28,1120,1,1,1,5,6.0,57284,M,4911406.0,655669.0,57
201600006082,16,11,3,1905,5,2,1,1,6.0,57209,M,4904313.0,659914.0,57
201600006083,16,1,7,1600,1,1,1,1,3.0,57753,M,0.0,0.0,57
201600006084,16,3,11,2015,3,1,8,1,3.0,57138,M,4896316.0,648282.0,57
201600006085,16,9,13,1645,1,1,1,1,7.0,57712,M,0.0,0.0,57
201600006086,16,9,24,1630,1,1,1,1,7.0,57424,M,0.0,0.0,57
201600006087,16,1,6,1745,3,1,1,1,2.0,57405,M,0.0,0.0,57
201600006088,16,1,16,1400,1,2,1,1,2.0,57177,M,0.0,0.0,57
201600006089,16,2,9,730,2,1,3,8,3.0,57065,M,0.0,0.0,57
201600006090,16,2,29,1500,1,2,1,1,6.0,57060,M,4890380.0,675543.0,57
201600006091,16,3,17,1215,1,1,1,1,7.0,57065,M,0.0,0.0,57
201600006092,16,3,20,2330,3,1,1,1,6.0,57246,M,0.0,0.0,57
201600006093,16,3,31,1545,1,1,1,1,1.0,57177,M,0.0,0.0,57
201600006094,16,5,4,1515,1,1,1,1,7.0,57664,M,0.0,0.0,57
201600006095,16,5,7,1715,1,1,1,1,6.0,57469,M,0.0,0.0,57
201600006096,16,5,28,1430,1,1,1,1,7.0,57210,M,0.0,0.0,57
201600006097,16,7,8,1,3,1,1,1,6.0,57675,M,0.0,0.0,57
201600006098,16,9,3,1115,1,1,1,1,6.0,57086,M,0.0,0.0,57
201600006099,16,1,6,2345,3,1,1,2,6.0,57101,M,0.0,0.0,57
201600006100,16,1,8,900,1,2,1,1,6.0,57058,M,0.0,0.0,57
201600006101,16,1,30,1815,5,2,1,3,6.0,57013,M,0.0,0.0,57
201600006102,16,4,24,1145,1,2,3,1,1.0,57521,M,4917479.0,691906.0,57
201600006103,16,7,22,1300,1,2,1,1,1.0,57521,M,4917884.0,692078.0,57
201600006104,16,10,27,1910,2,2,3,5,5.0,57484,M,4916376.0,685889.0,57
201600006105,16,11,14,30,3,2,1,9,6.0,57013,M,4918163.0,701878.0,57
201600006106,16,2,2,745,2,1,1,2,5.0,57669,M,0.0,0.0,57
201600006107,16,4,9,815,1,2,1,7,6.0,57061,M,4913176.0,683934.0,57
201600006108,16,5,3,1715,1,2,1,1,1.0,57176,M,0.0,0.0,57
201600006109,16,7,5,2245,2,2,1,1,1.0,57207,M,0.0,0.0,57
201600006110,16,7,30,1230,1,2,1,1,2.0,57207,M,0.0,0.0,57
201600006111,16,8,24,1745,1,2,1,1,3.0,57466,M,4910461.0,695980.0,57
201600006112,16,8,9,1500,1,1,1,1,7.0,57669,M,4913112.0,688451.0,57
201600006113,16,10,20,1805,1,1,1,1,3.0,57337,M,4905756.0,684368.0,57
201600006114,16,11,29,1520,1,2,3,1,3.0,57208,M,4909283.0,689786.0,57
201600006115,16,2,24,1745,1,2,1,1,6.0,57483,M,0.0,0.0,57
201600006116,16,5,12,1845,1,2,3,1,3.0,57483,M,4892368.0,663768.0,57
201600006117,16,6,7,330,3,2,1,1,6.0,57483,M,4892000.0,662477.0,57
201600006118,16,6,11,1645,1,2,1,1,6.0,57684,M,4905235.0,675187.0,57
201600006119,16,7,4,415,3,1,1,1,1.0,57198,M,0.0,0.0,57
201600006120,16,7,10,1700,1,2,1,1,3.0,57384,M,0.0,0.0,57
201600006121,16,8,26,1945,1,2,1,1,6.0,57692,M,0.0,0.0,57
201600006122,16,9,19,2330,3,1,1,1,6.0,57189,M,0.0,0.0,57
201600006123,16,2,10,1915,3,1,1,1,6.0,57556,M,0.0,0.0,57
201600006124,16,1,4,815,2,1,1,8,2.0,57119,M,0.0,0.0,57
201600006125,16,5,22,1430,1,1,1,1,6.0,57682,M,0.0,0.0,57
201600006126,16,6,2,2030,2,1,1,2,7.0,57630,M,0.0,0.0,57
201600006127,16,7,21,2330,3,1,1,1,7.0,57333,M,0.0,0.0,57
201600006128,16,8,1,45,3,1,1,1,7.0,57500,M,0.0,0.0,57
201600006129,16,9,12,530,3,1,1,1,1.0,57377,M,0.0,0.0,57
201600006130,16,9,24,1415,1,1,1,1,7.0,57544,M,0.0,0.0,57
201600006131,16,2,23,800,1,1,1,2,2.0,57468,M,0.0,0.0,57
201600006132,16,3,15,1715,1,2,1,7,3.0,57540,M,4876810.0,724832.0,57
201600006133,16,3,17,1630,1,1,1,1,1.0,57163,M,0.0,0.0,57
201600006134,16,3,27,2015,5,2,1,1,7.0,57540,M,4876803.0,725597.0,57
201600006135,16,5,11,1600,1,2,1,1,6.0,57427,M,4873543.0,725032.0,57
201600006136,16,8,27,2100,1,2,1,1,6.0,57299,M,4866927.0,708714.0,57
201600006137,16,9,21,1300,1,2,1,1,1.0,57742,M,0.0,0.0,57
201600006138,16,9,25,1630,1,2,1,1,7.0,57033,M,0.0,0.0,57
201600006139,16,2,6,30,5,2,1,5,6.0,57408,M,4915676.0,698847.0,57
201600006140,16,4,20,615,2,1,1,1,6.0,57752,M,0.0,0.0,57
201600006141,16,5,21,1745,1,2,1,1,3.0,57006,M,4904508.0,718211.0,57
201600006142,16,5,29,130,5,2,1,2,6.0,57633,M,4909359.0,710751.0,57
201600006143,16,7,17,1145,1,2,1,1,2.0,57355,M,0.0,0.0,57
201600006144,16,8,23,2330,3,2,1,1,6.0,57750,M,0.0,0.0,57
201600006145,16,9,15,800,1,2,1,1,6.0,57260,M,4915129.0,703033.0,57
201600006146,16,5,5,1715,1,1,1,1,7.0,57541,M,0.0,0.0,57
201600006147,16,7,23,2230,3,1,1,1,7.0,57294,M,0.0,0.0,57
201600006148,16,8,28,1700,2,1,1,1,6.0,57089,M,0.0,0.0,57
201600006149,16,9,29,1400,1,1,1,1,7.0,57577,M,0.0,0.0,57
201600006150,16,10,2,2200,3,1,1,8,3.0,57541,M,0.0,0.0,57
201600006151,16,3,27,1445,1,2,1,1,6.0,57206,M,4930400.0,609569.0,57
201600006152,16,6,8,1330,1,1,1,1,3.0,57206,M,0.0,0.0,57
201600006153,16,12,12,900,1,1,1,1,6.0,57206,M,4929858.0,612295.0,57
201600006154,16,2,28,945,1,1,1,1,6.0,57345,M,0.0,0.0,57
201600006155,16,3,9,645,2,2,1,1,6.0,57191,M,0.0,0.0,57
201600006156,16,7,2,1015,1,1,1,1,5.0,57767,M,0.0,0.0,57
201600006157,16,7,2,1545,1,1,1,1,2.0,57287,M,0.0,0.0,57
201600006158,16,8,25,700,1,1,1,1,6.0,57358,M,0.0,0.0,57
201600006159,16,9,6,645,2,1,1,5,5.0,57767,M,0.0,0.0,57
201600006160,16,1,30,2015,5,2,1,9,1.0,57582,M,4929766.0,616459.0,57
201600006161,16,4,2,1715,1,1,1,1,6.0,57582,M,0.0,0.0,57
201600006162,16,4,12,1815,1,2,1,1,6.0,57474,M,0.0,0.0,57
201600006163,16,7,5,1730,1,2,1,1,5.0,57474,M,4926182.0,616883.0,57
201600006164,16,8,20,230,3,1,9,1,6.0,57582,M,4929856.0,616913.0,57
201600006165,16,10,3,1915,3,1,1,1,7.0,57683,M,0.0,0.0,57
201600006166,16,10,11,1100,1,2,6,1,3.0,57582,M,4929702.0,616452.0,57
201600006167,16,10,31,2250,3,2,1,1,1.0,57582,M,4929615.0,616566.0,57
201600006168,16,11,13,1935,3,1,9,2,1.0,57582,M,4929542.0,616630.0,57
201600006169,16,3,9,1545,1,2,1,1,6.0,54157,M,4885300.0,606300.0,54
201600006170,16,3,20,830,1,1,1,8,1.0,54376,M,4879694.0,624809.0,54
201600006171,16,8,11,1130,1,2,1,1,6.0,54157,M,4883959.0,607118.0,54
201600006172,16,9,10,1545,1,1,1,1,1.0,54315,M,0.0,0.0,54
201600006173,16,11,15,1700,3,1,2,2,3.0,54059,M,4883955.0,616419.0,54
201600006174,16,12,15,1445,2,1,1,5,6.0,54193,M,4890100.0,597100.0,54
201600006175,16,12,15,1745,3,2,1,1,6.0,54179,M,4892300.0,617900.0,54
201600006176,16,1,11,745,2,2,1,2,1.0,54301,M,4835000.0,655300.0,54
201600006177,16,2,2,1845,3,1,1,3,1.0,54089,M,4877200.0,626900.0,54
201600006178,16,3,6,2230,3,1,1,1,6.0,54250,M,4865768.0,637256.0,54
201600006179,16,3,15,1715,1,1,1,8,2.0,54089,M,4826700.0,643300.0,54
201600006180,16,4,5,1645,1,1,1,2,6.0,54462,M,4895700.0,654300.0,54
201600006181,16,4,18,1700,1,1,1,7,4.0,54089,M,4876600.0,626400.0,54
201600006182,16,5,4,1700,1,1,1,1,5.0,54571,M,4861700.0,625000.0,54
201600006183,16,6,19,1545,1,1,1,1,6.0,54037,M,4858260.0,622522.0,54
201600006184,16,6,19,1900,1,1,1,1,7.0,54345,M,4859300.0,627300.0,54
201600006185,16,7,10,1030,1,1,6,1,6.0,54462,M,0.0,0.0,54
201600006186,16,7,15,2315,3,1,1,1,6.0,54108,M,0.0,0.0,54
201600006187,16,7,23,700,1,1,1,2,6.0,54527,M,4853848.0,625385.0,54
201600006188,16,8,11,1430,1,1,1,1,3.0,54558,M,4869916.0,633983.0,54