Num_Acc,an,mois,jour,hrmn,lum,agg,int,atm,col,com,gps,lat,long,dep
201600006189,16,9,16,1900,2,2,1,1,7.0,54159,M,0.0,0.0,54
201600006190,16,10,9,1600,1,2,1,2,1.0,54374,M,0.0,0.0,54
201600006191,16,11,2,1630,1,1,1,1,6.0,54462,M,4899800.0,656600.0,54
201600006192,16,11,16,1900,3,1,1,2,6.0,54113,M,4823300.0,653500.0,54
201600006193,16,11,22,1945,3,1,1,2,6.0,54462,M,4898900.0,660800.0,54
201600006194,16,11,24,1115,1,2,1,2,7.0,54462,M,4899200.0,655000.0,54
201600006195,16,12,29,1000,1,1,1,5,7.0,54571,M,4804700.0,642300.0,54
201600006196,16,3,12,1500,1,2,1,1,3.0,54215,M,4879000.0,610100.0,54
201600006197,16,4,20,1615,1,2,1,7,1.0,54215,M,0.0,0.0,54
201600006198,16,7,8,645,1,1,1,1,5.0,54305,M,4873909.0,621607.0,54
201600006199,16,7,20,1615,1,1,1,9,3.0,54115,M,0.0,0.0,54
201600006200,16,8,8,1530,1,1,1,1,6.0,54215,M,4877500.0,619000.0,54
201600006201,16,9,22,1400,1,2,1,1,6.0,54430,M,0.0,0.0,54
201600006202,16,3,4,700,2,1,1,2,1.0,54366,M,0.0,0.0,54
201600006203,16,3,31,1315,1,1,1,1,5.0,54434,M,4873800.0,620000.0,54
201600006204,16,4,1,1100,1,2,1,1,6.0,54397,M,0.0,0.0,54
201600006205,16,6,22,1315,1,2,1,1,6.0,54043,M,4899100.0,617100.0,54
201600006206,16,11,30,1815,5,2,1,1,6.0,54432,M,4800500.0,617100.0,54
201600006207,16,2,16,1730,1,1,1,1,6.0,54022,M,4901200.0,603900.0,54
201600006208,16,12,27,1445,1,1,1,1,3.0,54546,M,4896800.0,602500.0,54
201600006209,16,1,6,2040,5,2,3,2,3.0,03095,M,4613211.0,345674.0,03
201600006210,16,12,16,1750,3,2,1,1,6.0,03095,M,4613346.0,345022.0,03
201600006211,16,1,9,2005,5,2,2,8,3.0,03310,M,4612585.0,342674.0,03
201600006212,16,12,21,2245,5,2,2,1,3.0,03310,M,4613049.0,343316.0,03
201600006213,16,1,13,1700,1,2,1,8,3.0,03095,M,4613772.0,345693.0,03
201600006214,16,1,25,1105,1,2,1,1,6.0,03310,M,4612432.0,343689.0,03
201600006215,16,2,8,1100,1,2,3,8,3.0,03310,M,4613120.0,341747.0,03
201600006216,16,2,12,1740,1,2,1,1,6.0,03310,M,4614215.0,341462.0,03
201600006217,16,3,1,1350,1,2,2,8,3.0,03095,M,4613339.0,345657.0,03
201600006218,16,3,6,140,5,2,3,1,3.0,03095,M,4614097.0,344474.0,03
201600006219,16,3,26,1700,1,1,1,1,1.0,03310,M,4612364.0,341748.0,03
201600006220,16,4,1,1250,1,2,2,1,1.0,03310,M,4613451.0,341914.0,03
201600006221,16,4,16,1835,1,1,3,2,2.0,03310,M,4613391.0,343173.0,03
201600006222,16,4,28,1900,1,2,1,1,6.0,03310,M,4613036.0,343137.0,03
201600006223,16,4,26,1945,3,2,3,8,5.0,03095,M,4614189.0,343146.0,03
201600006224,16,5,6,1445,1,2,1,1,6.0,03310,M,4612639.0,343014.0,03
201600006225,16,5,4,1730,1,2,1,1,6.0,03310,M,4612025.0,341842.0,03
201600006226,16,5,11,1855,1,1,1,8,1.0,03023,M,4614557.0,339570.0,03
201600006227,16,5,11,1218,1,2,1,1,6.0,03310,M,4614267.0,341499.0,03
201600006228,16,5,6,1240,1,2,3,1,3.0,03310,M,4613486.0,343165.0,03
201600006229,16,5,14,1835,1,2,3,8,3.0,03310,M,4612345.0,342772.0,03
201600006230,16,5,18,2050,2,2,3,8,3.0,03310,M,4612247.0,341872.0,03
201600006231,16,5,24,1115,1,2,1,1,6.0,03310,M,4612378.0,342907.0,03
201600006232,16,5,28,915,1,2,1,1,6.0,03310,M,4612994.0,342354.0,03
201600006233,16,6,7,1315,1,2,1,2,1.0,03023,M,4611847.0,341607.0,03
201600006234,16,6,16,2050,1,2,1,1,2.0,03023,M,4611291.0,341624.0,03
201600006235,16,6,22,1720,1,2,6,1,3.0,03023,M,,,03
201600006236,16,7,1,1810,1,2,2,1,3.0,03095,M,4613983.0,344634.0,03
201600006237,16,6,23,2000,1,2,1,1,6.0,03001,M,4609613.0,344667.0,03
201600006238,16,7,4,1310,1,2,1,1,6.0,03310,M,4612014.0,343233.0,03
201600006239,16,7,2,1015,1,2,3,1,3.0,03023,M,4611393.0,341599.0,03
201600006240,16,7,28,1205,1,2,3,1,3.0,03310,M,4612997.0,345150.0,03
201600006241,16,8,5,1230,1,1,1,1,6.0,03023,M,4610628.0,340060.0,03
201600006242,16,8,13,1150,1,1,3,1,3.0,03095,M,4614376.0,348394.0,03
201600006243,16,8,10,1140,1,2,6,1,2.0,03023,M,4611700.0,341378.0,03
201600006244,16,9,12,1325,1,2,1,1,3.0,03023,M,4612467.0,340194.0,03
201600006245,16,9,15,815,1,2,1,1,5.0,03023,M,4612858.0,338483.0,03
201600006246,16,8,24,1155,1,2,3,1,2.0,03310,M,4612640.0,343292.0,03
201600006247,16,10,18,1700,1,2,3,1,3.0,03095,M,4612822.0,344447.0,03
201600006248,16,10,27,1715,1,2,1,1,2.0,03023,M,4612416.0,340246.0,03
201600006249,16,10,26,1617,1,2,1,1,3.0,03310,M,4612831.0,343047.0,03
201600006250,16,11,18,1740,5,2,2,2,6.0,03310,M,4612624.0,341726.0,03
201600006251,16,11,26,1130,1,2,1,1,6.0,03095,M,4613179.0,345374.0,03
201600006252,16,11,26,1810,5,2,3,1,3.0,03310,M,4612019.0,343483.0,03
201600006253,16,11,30,1740,1,2,2,1,3.0,03310,M,4613677.0,342293.0,03
201600006254,16,11,30,1600,1,2,2,1,3.0,03023,M,4611632.0,340950.0,03
201600006255,16,12,12,650,5,2,2,1,6.0,03310,M,4612943.0,343167.0,03
201600006256,16,9,15,2000,2,1,1,2,3.0,54277,M,4916435.0,580852.0,54
201600006257,16,2,9,1330,1,1,1,6,1.0,54334,M,4930390.0,582131.0,54
201600006258,16,3,7,215,3,1,1,9,6.0,54029,M,4936331.0,592231.0,54
201600006259,16,3,12,2145,3,1,1,1,6.0,54084,M,4931564.0,582938.0,54
201600006260,16,5,4,2345,5,2,1,1,6.0,54533,M,4932100.0,592300.0,54
201600006261,16,5,29,245,3,1,1,2,6.0,54056,M,4942500.0,577800.0,54
201600006262,16,6,4,2030,1,1,1,1,6.0,54194,M,4941300.0,582600.0,54
201600006263,16,6,23,2030,1,1,1,1,7.0,54536,M,4929700.0,589700.0,54
201600006264,16,7,7,1645,1,2,1,1,6.0,54029,M,4937000.0,589100.0,54
201600006265,16,7,13,2200,3,1,1,8,6.0,54533,M,4955400.0,552600.0,54
201600006266,16,7,20,1615,1,1,1,1,3.0,54069,M,4940100.0,592200.0,54
201600006267,16,7,25,1900,1,2,1,1,6.0,54282,M,4938882.0,579736.0,54
201600006268,16,8,16,215,3,1,9,1,5.0,54069,M,4940030.0,592452.0,54
201600006269,16,10,5,2330,3,1,1,1,7.0,54436,M,4934891.0,577209.0,54
201600006270,16,10,14,1745,1,2,1,1,7.0,54536,M,4930900.0,590800.0,54
201600006271,16,2,18,530,3,1,1,1,2.0,54269,M,4860042.0,638704.0,54
201600006272,16,6,18,2230,3,1,1,1,6.0,54083,M,4838295.0,629421.0,54
201600006273,16,2,26,2100,3,1,1,1,1.0,54359,M,4851800.0,640700.0,54
201600006274,16,12,8,1545,1,1,1,1,7.0,54222,M,4848300.0,651700.0,54
201600006275,16,1,10,2000,5,2,1,2,6.0,54152,M,4856700.0,639300.0,54
201600006276,16,1,24,500,3,1,1,5,6.0,54183,M,4842300.0,646600.0,54
201600006277,16,4,27,1145,1,1,1,1,6.0,54449,M,4857700.0,646800.0,54
201600006278,16,5,15,345,3,1,1,1,6.0,54359,M,4857000.0,635400.0,54
201600006279,16,8,10,1800,1,2,1,1,6.0,54040,M,4883800.0,648600.0,54
201600006280,16,12,10,1500,1,1,1,7,3.0,54040,M,4851788.0,690598.0,54
201600006281,16,8,4,2045,2,1,1,3,1.0,54377,M,0.0,0.0,54
201600006282,16,9,6,745,1,1,9,1,3.0,54377,M,4851307.0,679913.0,54
201600006283,16,9,30,2030,3,1,1,2,6.0,54217,M,4846469.0,673230.0,54
201600006284,16,11,14,415,3,1,1,9,6.0,54039,M,0.0,0.0,54
201600006285,16,1,21,2200,3,1,1,4,6.0,54105,M,4855600.0,583900.0,54
201600006286,16,1,28,845,1,1,1,1,1.0,54380,M,4862200.0,585600.0,54
201600006287,16,3,20,1145,1,1,1,1,1.0,54102,M,4870500.0,585500.0,54
201600006288,16,4,10,1415,1,1,1,1,6.0,54426,M,4864600.0,600600.0,54
201600006289,16,5,27,2330,3,2,1,1,6.0,54189,M,0.0,0.0,54
201600006290,16,8,5,1130,1,1,1,1,6.0,54162,M,4865100.0,583700.0,54
201600006291,16,9,10,1515,1,1,1,1,5.0,54146,M,0.0,0.0,54
201600006292,16,10,19,1015,2,1,1,2,6.0,54548,M,4855100.0,578700.0,54
201600006293,16,12,5,1345,1,1,1,1,6.0,54232,M,0.0,0.0,54
201600006294,16,12,22,1915,3,1,1,1,1.0,54327,M,0.0,0.0,54
201600006295,16,1,12,1015,1,1,2,2,1.0,54208,M,4874545.0,594723.0,54
201600006296,16,10,11,1515,1,1,1,1,2.0,54490,M,4877409.0,605395.0,54
201600006297,16,3,24,1600,1,2,1,1,2.0,54318,M,0.0,547318.0,54
201600006298,16,3,29,1915,2,1,1,1,3.0,54557,M,4869260.0,605509.0,54
201600006299,16,5,12,815,1,1,1,8,1.0,54463,M,4879600.0,596900.0,54
201600006300,16,5,24,1600,1,1,1,1,3.0,54272,M,4875557.0,595499.0,54
201600006301,16,12,18,1830,5,1,1,1,1.0,54007,M,4873462.0,599238.0,54
201600006302,16,12,30,2100,5,2,1,1,6.0,54318,M,0.0,0.0,54
201600006303,16,7,21,100,5,2,1,8,6.0,54318,M,4874500.0,606800.0,54
201600006304,16,8,25,1700,1,1,1,7,3.0,54346,M,4875000.0,595000.0,54
201600006305,16,3,15,615,2,2,1,1,6.0,55369,M,4879900.0,521943.0,55
201600006306,16,12,26,1715,3,1,1,2,1.0,55123,M,4800000.0,0.0,55
201600006307,16,2,22,1900,3,1,1,1,4.0,55291,M,4869400.0,535527.0,55
201600006308,16,3,17,1715,1,1,1,1,6.0,55335,M,4863511.0,522486.0,55
201600006309,16,4,17,1830,1,1,1,1,7.0,55348,M,0.0,0.0,55
201600006310,16,4,20,1715,1,2,1,1,3.0,55132,M,4861012.0,509278.0,55
201600006311,16,7,21,1645,1,2,1,1,4.0,55291,M,4869368.0,531461.0,55
201600006312,16,8,23,1030,1,1,1,1,5.0,55291,M,0.0,0.0,55
201600006313,16,8,30,2215,3,1,1,1,6.0,55132,M,0.0,0.0,55
201600006314,16,10,18,1600,1,2,1,1,6.0,55291,M,0.0,0.0,55
201600006315,16,10,9,1630,1,1,1,1,1.0,55446,M,4883310.0,530065.0,55
201600006316,16,3,4,1645,2,1,1,2,5.0,55288,M,0.0,0.0,55
201600006317,16,7,4,815,1,2,3,2,3.0,55122,M,4866000.0,581100.0,55
201600006318,16,7,30,1745,1,1,1,1,7.0,55454,M,0.0,0.0,55
201600006319,16,8,12,1015,1,1,1,1,1.0,55196,M,4882200.0,569200.0,55
201600006320,16,11,29,1430,1,2,7,7,6.0,55122,M,0.0,0.0,55
201600006321,16,1,8,815,1,1,9,8,7.0,55333,M,0.0,0.0,55
201600006322,16,3,31,1430,1,2,1,1,6.0,55463,M,4889020.0,554074.0,55
201600006323,16,5,16,1730,1,1,2,1,3.0,55229,M,4886174.0,552170.0,55
201600006324,16,8,27,1645,1,1,1,1,3.0,55386,M,4894086.0,575091.0,55
201600006325,16,9,3,30,3,1,1,1,6.0,55386,M,4894400.0,575500.0,55
201600006326,16,1,9,1930,5,2,1,2,6.0,55396,M,0.0,0.0,55
201600006327,16,1,25,2300,3,1,1,1,6.0,55334,M,0.0,0.0,55
201600006328,16,2,20,800,1,1,1,3,6.0,55472,M,4870900.0,550700.0,55
201600006329,16,6,16,1100,1,1,1,1,3.0,55459,M,4861100.0,538900.0,55
201600006330,16,10,24,1930,3,1,1,3,6.0,55348,M,4853800.0,523600.0,55
201600006331,16,12,23,1845,3,1,1,1,1.0,55533,M,0.0,0.0,55
201600006332,16,9,10,1545,1,1,1,1,3.0,55145,M,4934200.0,540000.0,55
201600006333,16,9,30,1130,1,1,1,2,1.0,55324,M,0.0,0.0,55
201600006334,16,4,18,1145,1,1,4,7,1.0,55250,M,4955393.0,515268.0,55
201600006335,16,1,8,2030,5,2,1,1,6.0,55292,M,4935426.0,520086.0,55
201600006336,16,7,2,1900,1,2,1,1,7.0,55048,M,0.0,0.0,55
201600006337,16,10,28,1630,3,1,1,1,7.0,55155,M,0.0,0.0,55
201600006338,16,1,15,1515,1,1,1,6,1.0,55363,M,4909742.0,576186.0,55
201600006339,16,1,25,1530,1,1,1,8,7.0,55153,M,4922168.0,553157.0,55
201600006340,16,4,7,1500,1,1,1,1,7.0,55465,M,4904077.0,556749.0,55
201600006341,16,5,10,1345,1,2,1,8,1.0,55002,M,4919722.0,553636.0,55
201600006342,16,9,13,1330,1,1,1,1,7.0,55008,M,0.0,0.0,55
201600006343,16,11,13,140,3,1,1,8,6.0,55002,M,4919991.0,555062.0,55
201600006344,16,12,28,1715,3,1,1,1,3.0,55535,M,0.0,0.0,55
201600006345,16,1,20,1615,1,1,1,1,2.0,88160,M,4817496.0,648103.0,88
201600006346,16,4,6,1600,1,1,1,1,6.0,88160,M,4816897.0,648490.0,88
201600006347,16,8,25,1200,1,1,1,1,3.0,88273,M,4821361.0,650099.0,88
201600006348,16,11,1,1800,5,2,1,1,5.0,88439,M,4817005.0,637163.0,88
201600006349,16,11,9,1415,1,2,6,2,3.0,88483,M,4819065.0,636848.0,88
201600006350,16,12,4,915,1,1,2,1,6.0,88253,M,4820172.0,649485.0,88
201600006351,16,1,6,1400,3,1,1,3,6.0,88078,M,4820263.0,672240.0,88
201600006352,16,3,7,715,2,2,1,8,6.0,88026,M,4821244.0,656776.0,88
201600006353,16,5,2,1700,1,2,1,1,6.0,88262,M,4818880.0,674706.0,88
201600006354,16,5,16,515,2,1,1,2,6.0,88076,M,4825515.0,672826.0,88
201600006355,16,6,2,2200,3,1,1,2,7.0,88464,M,4810352.0,669612.0,88
201600006356,16,8,5,1200,1,2,6,2,3.0,88078,M,4820894.0,672197.0,88
201600006357,16,10,4,1415,1,1,2,1,3.0,88261,M,4820001.0,668527.0,88
201600006358,16,12,20,1600,1,2,1,1,6.0,88101,M,4813719.0,660031.0,88
201600006359,16,1,4,915,1,1,1,1,7.0,88090,M,4835694.0,628914.0,88
201600006360,16,6,24,2015,2,2,1,1,1.0,88458,M,4839635.0,625558.0,88
201600006361,16,9,8,2200,5,1,1,1,6.0,88355,M,4834511.0,633939.0,88
201600006362,16,9,19,2015,3,1,1,1,7.0,88090,M,4837627.0,627155.0,88
201600006363,16,6,10,1630,1,1,1,1,3.0,88065,M,4809308.0,606253.0,88
201600006364,16,6,12,645,2,2,1,2,7.0,88390,M,4814204.0,569711.0,88
201600006365,16,6,25,315,3,1,1,3,7.0,88061,M,4807170.0,597188.0,88
201600006366,16,6,30,1715,1,2,1,1,6.0,88258,M,4807400.0,578200.0,88
201600006367,16,7,10,1145,1,1,5,1,3.0,88450,M,4798652.0,579536.0,88
201600006368,16,8,13,1615,1,2,1,1,7.0,88065,M,4809990.0,605223.0,88
201600006369,16,9,11,1630,1,1,1,1,6.0,88016,M,4807529.0,602066.0,88
201600006370,16,9,16,915,1,1,1,2,6.0,88016,M,4807831.0,602527.0,88
201600006371,16,9,25,1830,1,1,1,1,1.0,88052,M,4810920.0,609194.0,88
201600006372,16,11,24,1000,1,1,1,5,6.0,88248,M,4803055.0,583021.0,88
201600006373,16,12,10,1115,1,2,1,7,6.0,88258,M,4806896.0,578043.0,88
201600006374,16,1,10,530,3,1,1,1,6.0,88021,M,4830414.0,669792.0,88
201600006375,16,3,27,1215,1,1,1,3,7.0,88367,M,4838279.0,679254.0,88
201600006376,16,5,9,815,1,1,1,1,5.0,88521,M,4830453.0,660346.0,88
201600006377,16,5,20,1445,1,1,6,2,7.0,88367,M,4834029.0,665204.0,88
201600006378,16,7,26,1745,1,1,1,1,7.0,88367,M,4829172.0,658491.0,88
201600006379,16,7,31,1115,1,1,1,1,6.0,88412,M,4837004.0,678001.0,88
201600006380,16,1,3,545,5,1,6,2,7.0,88099,M,4822228.0,628914.0,88
201600006381,16,1,24,1800,5,2,4,8,6.0,88342,M,4829683.0,643717.0,88
201600006382,16,2,15,1800,3,1,1,2,6.0,88465,M,4826346.0,638911.0,88
201600006383,16,2,19,1045,3,1,9,2,6.0,88313,M,4834424.0,644573.0,88
201600006384,16,2,20,1515,1,1,1,2,7.0,88294,M,4823947.0,633364.0,88
201600006385,16,4,29,700,1,2,1,1,5.0,88465,M,4825231.0,641862.0,88
201600006386,16,5,10,600,2,1,3,2,3.0,88327,M,4829443.0,637780.0,88
201600006387,16,5,15,815,1,1,1,1,3.0,88190,M,4842936.0,637643.0,88
201600006388,16,6,30,1545,1,2,1,1,6.0,88465,M,4825246.0,642123.0,88
201600006389,16,7,27,1115,1,2,1,1,1.0,88465,M,4825051.0,642115.0,88
201600006390,16,7,27,1445,1,2,6,1,3.0,88465,M,4824602.0,642515.0,88
201600006391,16,8,2,1630,1,1,1,2,7.0,88204,M,4825976.0,646759.0,88
201600006392,16,8,21,1730,1,1,1,1,7.0,88313,M,4834697.0,646102.0,88
201600006393,16,8,23,1745,1,2,1,1,7.0,88379,M,4836233.0,647129.0,88
201600006394,16,9,1,715,2,1,1,1,6.0,88247,M,4826872.0,638503.0,88
201600006395,16,10,8,2000,3,1,1,1,6.0,88327,M,4832551.0,635799.0,88
201600006396,16,10,21,2000,3,1,1,8,6.0,88204,M,4824738.0,644335.0,88
201600006397,16,11,7,730,1,2,1,1,6.0,88465,M,4825108.0,642197.0,88
201600006398,16,1,15,2115,5,2,1,4,6.0,88530,M,4804492.0,640765.0,88
201600006399,16,2,29,730,2,1,1,1,6.0,88235,M,4801797.0,623470.0,88
201600006400,16,8,6,1000,1,1,1,1,1.0,88088,M,4803155.0,632776.0,88
201600006401,16,8,25,715,1,1,1,7,1.0,88225,M,4810355.0,651399.0,88
201600006402,16,11,20,1800,5,2,3,2,6.0,88234,M,4805565.0,624004.0,88
201600006403,16,1,6,1645,2,2,1,1,6.0,88321,M,4835650.0,569102.0,88
201600006404,16,1,18,800,2,2,1,1,6.0,88321,M,4835289.0,569274.0,88
201600006405,16,3,2,1630,1,1,1,1,6.0,88095,M,4831169.0,586124.0,88
201600006406,16,3,20,1400,1,1,1,1,6.0,88460,M,4839992.0,572968.0,88
201600006407,16,3,22,1000,1,2,1,1,6.0,88321,M,4835676.0,569205.0,88
201600006408,16,4,10,545,3,1,1,1,6.0,88183,M,4838281.0,567641.0,88
201600006409,16,4,20,1600,1,2,1,1,1.0,88305,M,4841989.0,570118.0,88
201600006410,16,4,20,1700,1,1,1,1,5.0,88232,M,4847444.0,589557.0,88
201600006411,16,6,6,1645,1,2,1,1,3.0,88118,M,4840622.0,568375.0,88
201600006412,16,6,27,1515,1,2,1,1,6.0,88219,M,4844855.0,567655.0,88
201600006413,16,7,15,1745,1,2,6,1,6.0,88321,M,4835695.0,569261.0,88
201600006414,16,7,20,1200,1,1,1,1,7.0,88460,M,4840135.0,571806.0,88
201600006415,16,10,31,1815,5,2,1,1,6.0,88352,M,4825825.0,567212.0,88
201600006416,16,11,16,1615,5,2,1,2,6.0,88095,M,4829816.0,584509.0,88
201600006417,16,6,1,1430,1,1,2,1,1.0,88233,M,4812202.0,623510.0,88
201600006418,16,6,14,1330,1,1,1,1,3.0,88304,M,4830470.0,615127.0,88
201600006419,16,6,21,815,1,2,1,1,1.0,88039,M,4832083.0,604570.0,88
201600006420,16,9,9,1030,1,2,1,1,6.0,88304,M,4830368.0,613382.0,88
201600006421,16,11,20,2115,5,2,2,1,3.0,88357,M,4831921.0,612881.0,88
201600006422,16,3,28,1930,2,1,1,3,4.0,88403,M,4824189.0,607334.0,88
201600006423,16,6,24,1845,1,1,1,2,5.0,88079,M,4820780.0,584463.0,88
201600006424,16,7,28,1845,1,1,1,1,6.0,88030,M,4820302.0,614157.0,88
201600006425,16,8,14,1730,1,1,1,1,6.0,88403,M,4824092.0,607870.0,88
201600006426,16,8,28,945,1,2,1,1,6.0,88516,M,4819832.0,595717.0,88
201600006427,16,10,3,900,1,1,3,7,3.0,88403,M,4824566.0,608521.0,88
201600006428,16,1,31,30,3,2,1,3,6.0,88351,M,4796661.0,644707.0,88
201600006429,16,3,11,1530,1,2,1,1,1.0,88158,M,4809280.0,661058.0,88
201600006430,16,8,14,1315,1,1,1,1,6.0,88012,M,4813344.0,651931.0,88
201600006431,16,8,28,2145,5,2,3,1,3.0,88358,M,4811035.0,657419.0,88
201600006432,16,2,4,1745,5,2,1,2,6.0,88116,M,4796317.0,683694.0,88
201600006433,16,2,12,1145,1,1,6,1,1.0,88486,M,4800694.0,671138.0,88
201600006434,16,4,7,1845,1,1,1,1,1.0,88116,M,4794089.0,682954.0,88
201600006435,16,4,19,815,1,1,3,7,3.0,88486,M,4802123.0,671071.0,88
201600006436,16,7,18,1515,1,2,1,1,3.0,88486,M,4799978.0,672249.0,88
201600006437,16,8,6,1430,1,1,1,1,7.0,88075,M,4800967.0,697583.0,88
201600006438,16,11,4,2115,5,1,1,8,7.0,88447,M,4794864.0,680056.0,88
201600006439,16,12,2,1330,1,2,1,7,6.0,88116,M,4796223.0,683732.0,88
201600006440,16,6,6,1300,1,1,1,1,1.0,88408,M,4790969.0,668602.0,88
201600006441,16,7,29,130,5,2,1,1,6.0,88468,M,4787686.0,675871.0,88
201600006442,16,8,6,330,3,1,6,1,6.0,88408,M,4793624.0,663961.0,88
201600006443,16,8,31,1215,1,2,1,1,7.0,88302,M,4790435.0,677929.0,88
201600006444,16,9,6,1200,1,2,3,1,3.0,88468,M,4787486.0,676216.0,88
201600006445,16,10,3,1230,1,2,2,1,3.0,88426,M,4785922.0,682428.0,88
201600006446,16,11,17,730,2,2,1,2,6.0,88468,M,4788003.0,676473.0,88
201600006447,16,11,26,1030,1,2,6,7,3.0,88408,M,4792686.0,665965.0,88
201600006448,16,12,31,1015,1,2,1,1,6.0,88468,M,4787935.0,676018.0,88
201600006449,16,10,15,1700,1,2,1,1,1.0,88116,M,4796734.0,683311.0,88
201600006450,16,9,8,1200,1,1,1,1,1.0,88182,M,4829119.0,707118.0,88
201600006451,16,10,29,1500,1,2,6,1,6.0,88445,M,4824857.0,695519.0,88
201600006452,16,1,2,2245,3,1,1,2,7.0,88218,M,4814133.0,681923.0,88
201600006453,16,1,26,1600,1,1,1,1,1.0,88244,M,4819871.0,686583.0,88
201600006454,16,4,15,1900,1,1,1,1,6.0,88218,M,4814462.0,680597.0,88
201600006455,16,5,7,1030,1,1,1,1,6.0,88115,M,4816404.0,690930.0,88
201600006456,16,5,8,1900,1,1,1,1,1.0,88181,M,4818971.0,701351.0,88
201600006457,16,6,18,1830,1,1,1,2,6.0,88349,M,4811290.0,705960.0,88
201600006458,16,8,8,800,1,1,1,1,6.0,88198,M,4810770.0,690825.0,88
201600006459,16,8,7,1030,1,1,1,1,6.0,88349,M,4816814.0,705046.0,88
201600006460,16,10,19,1845,3,1,1,2,1.0,88198,M,4817056.0,692563.0,88
201600006461,16,11,5,1730,5,2,1,2,6.0,88181,M,4818423.0,698908.0,88
201600006462,16,2,22,1515,1,2,1,1,6.0,88196,M,4807683.0,688495.0,88
201600006463,16,3,15,615,2,2,1,4,6.0,88196,M,4807393.0,686175.0,88
201600006464,16,4,10,1600,1,1,1,1,3.0,88196,M,4807777.0,679611.0,88
201600006465,16,4,15,2230,5,1,1,2,6.0,88470,M,4808496.0,676325.0,88
201600006466,16,5,26,2000,1,1,3,1,3.0,88531,M,4808333.0,690906.0,88
201600006467,16,9,9,915,1,2,1,1,3.0,88196,M,4806918.0,683701.0,88
201600006468,16,9,24,1415,1,1,1,1,5.0,88531,M,4807007.0,695923.0,88
201600006469,16,9,29,1130,1,2,3,1,1.0,88196,M,4806956.0,683747.0,88
201600006470,16,10,22,1600,1,1,1,1,1.0,88196,M,4806516.0,685648.0,88
201600006471,16,12,18,1230,1,1,1,1,3.0,88531,M,4808357.0,693635.0,88
201600006472,16,12,20,1930,1,2,1,1,1.0,88196,M,4807002.0,687711.0,88
201600006473,16,2,15,1800,5,2,1,8,3.0,88372,M,4840492.0,684045.0,88
201600006474,16,4,23,1800,1,2,1,8,6.0,88372,M,4810676.0,684228.0,88
201600006475,16,7,16,1045,1,2,1,1,6.0,88372,M,4840547.0,684699.0,88
201600006476,16,8,7,1145,1,1,1,1,6.0,88373,M,4850676.0,710588.0,88
201600006477,16,10,2,830,3,1,1,1,6.0,88328,M,4832707.0,685821.0,88
201600006478,16,3,8,745,1,1,1,2,1.0,67433,M,0.0,0.0,67
201600006479,16,4,2,1145,1,1,1,1,1.0,67028,M,0.0,0.0,67
201600006480,16,4,4,1715,1,1,1,1,5.0,67464,M,0.0,0.0,67
201600006481,16,4,19,1130,1,1,2,1,2.0,67028,M,0.0,0.0,67
201600006482,16,4,28,1000,1,1,1,1,3.0,67146,M,0.0,0.0,67
201600006483,16,5,8,1100,1,1,1,1,1.0,67233,M,0.0,0.0,67
201600006484,16,5,8,1830,1,2,3,1,3.0,67216,M,0.0,0.0,67
201600006485,16,5,14,830,1,2,6,1,3.0,67028,M,0.0,0.0,67
201600006486,16,6,18,1130,1,2,1,2,6.0,67028,M,0.0,0.0,67
201600006487,16,6,18,2200,5,2,1,1,3.0,67055,M,0.0,0.0,67
201600006488,16,7,31,1730,1,1,1,1,3.0,67216,M,4838200.0,751400.0,67
201600006489,16,9,13,1145,1,1,1,1,1.0,67055,M,0.0,0.0,67
201600006490,16,9,19,1400,1,1,1,1,3.0,67192,M,0.0,0.0,67
201600006491,16,10,11,915,1,1,1,1,6.0,67397,M,0.0,0.0,67
201600006492,16,11,8,1215,1,1,1,2,6.0,67233,M,0.0,0.0,67
201600006493,16,12,2,1930,3,1,1,1,3.0,67285,M,0.0,0.0,67
201600006494,16,12,7,1030,3,1,1,5,6.0,67464,M,0.0,0.0,67
201600006495,16,12,19,1430,1,2,1,7,6.0,67055,M,0.0,0.0,67
201600006496,16,1,12,730,2,2,1,1,3.0,67137,M,0.0,0.0,67
201600006497,16,3,7,1530,1,2,1,1,3.0,67131,M,0.0,0.0,67
201600006498,16,4,18,1030,1,1,1,2,3.0,67131,M,0.0,0.0,67
201600006499,16,5,9,1530,1,2,1,1,3.0,67131,M,0.0,0.0,67
201600006500,16,5,7,1315,1,2,1,1,6.0,67137,M,0.0,0.0,67
201600006501,16,6,18,445,5,2,1,1,6.0,67378,M,0.0,0.0,67
201600006502,16,7,5,1900,1,2,1,1,6.0,67131,M,0.0,0.0,67
201600006503,16,9,29,1500,1,2,1,1,3.0,67131,M,0.0,0.0,67
201600006504,16,10,20,2200,3,1,1,1,6.0,67001,M,0.0,0.0,67
201600006505,16,12,8,2100,5,2,9,1,1.0,67137,M,0.0,0.0,67
201600006506,16,1,11,2030,3,1,1,1,2.0,67200,M,0.0,0.0,67
201600006507,16,1,29,1215,1,1,1,1,2.0,67130,M,0.0,0.0,67
201600006508,16,5,13,815,1,1,1,2,7.0,67130,M,0.0,0.0,67