Num_Acc,an,mois,jour,hrmn,lum,agg,int,atm,col,com,gps,lat,long,dep
201600006509,16,6,27,1730,1,2,6,1,3.0,67130,M,0.0,0.0,67
201600006510,16,6,29,945,1,1,1,1,6.0,67154,M,0.0,0.0,67
201600006511,16,7,19,1700,1,2,1,7,6.0,67130,M,0.0,0.0,67
201600006512,16,8,12,1845,1,1,1,1,2.0,67130,M,0.0,0.0,67
201600006513,16,9,4,1615,1,2,6,9,3.0,67130,M,0.0,0.0,67
201600006514,16,11,2,1215,1,1,1,1,6.0,67154,M,0.0,0.0,67
201600006515,16,1,22,2330,3,1,1,2,6.0,67348,M,0.0,0.0,67
201600006516,16,2,24,1515,1,1,1,1,7.0,67348,M,0.0,0.0,67
201600006517,16,7,2,900,1,1,1,1,6.0,67557,M,0.0,0.0,67
201600006518,16,7,2,1830,1,1,1,1,1.0,67348,M,0.0,0.0,67
201600006519,16,8,26,1645,1,2,1,1,7.0,67223,M,0.0,0.0,67
201600006520,16,9,13,930,1,1,1,7,6.0,67348,M,0.0,0.0,67
201600006521,16,9,28,1045,1,2,1,7,2.0,67348,M,0.0,0.0,67
201600006522,16,10,28,1915,5,2,9,1,6.0,67348,M,0.0,0.0,67
201600006523,16,6,21,715,1,2,1,1,3.0,67331,M,0.0,0.0,67
201600006524,16,9,11,1545,1,1,1,1,1.0,67203,M,0.0,0.0,67
201600006525,16,3,19,1630,1,1,1,1,3.0,67345,M,0.0,0.0,67
201600006526,16,9,25,1500,1,2,1,1,3.0,67046,M,0.0,0.0,67
201600006527,16,10,13,1715,1,2,9,1,3.0,67046,M,0.0,0.0,67
201600006528,16,1,5,1430,1,2,1,2,6.0,67300,M,0.0,0.0,67
201600006529,16,3,12,1515,1,1,9,1,1.0,67300,M,0.0,0.0,67
201600006530,16,3,20,2030,5,2,1,1,6.0,67127,M,0.0,0.0,67
201600006531,16,5,2,1045,1,2,1,1,6.0,67098,M,0.0,0.0,67
201600006532,16,5,8,1000,1,1,3,1,5.0,67098,M,0.0,0.0,67
201600006533,16,5,27,730,1,2,1,1,6.0,67127,M,0.0,0.0,67
201600006534,16,6,12,530,2,1,1,2,6.0,67098,M,0.0,0.0,67
201600006535,16,6,17,1430,1,2,1,8,3.0,67300,M,0.0,0.0,67
201600006536,16,6,16,1200,1,2,9,8,1.0,67300,M,0.0,0.0,67
201600006537,16,7,15,1,5,2,1,1,6.0,67300,M,0.0,0.0,67
201600006538,16,9,2,815,1,2,1,1,1.0,67300,M,0.0,0.0,67
201600006539,16,9,7,845,1,2,1,1,6.0,67313,M,0.0,0.0,67
201600006540,16,4,11,1545,1,1,1,1,1.0,67299,M,0.0,0.0,67
201600006541,16,4,17,1900,3,1,1,1,6.0,67299,M,0.0,0.0,67
201600006542,16,6,21,1930,1,2,6,1,3.0,67045,M,0.0,0.0,67
201600006543,16,7,20,2030,1,2,1,1,1.0,67411,M,0.0,0.0,67
201600006544,16,9,22,1200,1,1,1,1,1.0,67411,M,0.0,0.0,67
201600006545,16,10,29,1930,3,1,1,1,3.0,67329,M,0.0,0.0,67
201600006546,16,8,30,1630,1,1,1,1,7.0,67436,M,0.0,0.0,67
201600006547,16,3,19,1530,1,1,1,1,1.0,67342,M,0.0,0.0,67
201600006548,16,4,22,2200,3,1,1,1,6.0,67377,M,0.0,0.0,67
201600006549,16,8,1,1845,1,2,1,1,1.0,67543,M,0.0,0.0,67
201600006550,16,8,3,1545,1,1,1,1,6.0,67414,M,0.0,0.0,67
201600006551,16,8,13,1445,1,1,1,1,2.0,67066,M,0.0,0.0,67
201600006552,16,11,5,1915,5,2,1,2,3.0,67414,M,0.0,0.0,67
201600006553,16,1,22,2245,5,2,1,2,7.0,67520,M,0.0,0.0,67
201600006554,16,3,11,1800,1,2,1,1,7.0,67282,M,0.0,0.0,67
201600006555,16,3,27,945,1,1,1,2,3.0,67240,M,0.0,0.0,67
201600006556,16,5,9,1515,1,1,1,1,7.0,67077,M,0.0,0.0,67
201600006557,16,5,21,1445,1,1,1,1,1.0,67122,M,0.0,0.0,67
201600006558,16,7,9,1600,1,1,1,1,3.0,67081,M,0.0,0.0,67
201600006559,16,7,13,1500,1,1,1,1,6.0,67520,M,0.0,0.0,67
201600006560,16,11,8,1745,3,1,1,2,4.0,67282,M,0.0,0.0,67
201600006561,16,10,3,900,1,1,1,1,1.0,67240,M,0.0,0.0,67
201600006562,16,11,3,1545,2,1,1,7,3.0,67061,M,0.0,0.0,67
201600006563,16,12,12,1630,1,1,1,8,1.0,67061,M,0.0,0.0,67
201600006564,16,5,14,1030,1,2,1,8,1.0,67425,M,0.0,0.0,67
201600006565,16,8,6,530,2,1,1,1,2.0,67478,M,0.0,0.0,67
201600006566,16,8,13,2245,3,1,1,1,3.0,67553,M,0.0,0.0,67
201600006567,16,10,7,1245,1,1,1,1,1.0,67302,M,0.0,0.0,67
201600006568,16,10,7,1545,1,1,1,1,1.0,67149,M,0.0,0.0,67
201600006569,16,11,23,1745,3,1,1,1,3.0,67149,M,0.0,0.0,67
201600006570,16,12,14,1615,1,1,1,8,3.0,67244,M,0.0,0.0,67
201600006571,16,3,24,1630,1,1,1,1,7.0,67278,M,4893800.0,720500.0,67
201600006572,16,4,2,645,2,1,1,1,1.0,67509,M,0.0,0.0,67
201600006573,16,4,14,1830,1,1,9,1,3.0,67156,M,4871400.0,775700.0,67
201600006574,16,10,11,2015,3,1,1,1,6.0,67230,M,4881300.0,782700.0,67
201600006575,16,11,30,1315,1,2,1,1,3.0,67067,M,4873300.0,771000.0,67
201600006576,16,2,1,1130,1,2,3,8,3.0,67452,M,0.0,0.0,67
201600006577,16,2,26,1400,1,2,6,1,1.0,67214,M,0.0,0.0,67
201600006578,16,5,17,1615,1,1,1,1,3.0,67005,M,0.0,0.0,67
201600006579,16,6,5,1530,1,2,1,1,3.0,67375,M,0.0,0.0,67
201600006580,16,7,30,1400,1,1,1,1,6.0,67153,M,0.0,0.0,67
201600006581,16,9,6,1645,1,1,1,1,6.0,67375,M,0.0,0.0,67
201600006582,16,11,1,1600,1,2,3,1,5.0,67150,M,0.0,0.0,67
201600006583,16,12,22,645,3,1,1,5,1.0,67214,M,0.0,0.0,67
201600006584,16,1,16,2145,3,1,1,9,1.0,67151,M,0.0,0.0,67
201600006585,16,5,26,2115,3,1,1,1,6.0,67205,M,0.0,0.0,67
201600006586,16,6,19,930,1,1,1,1,6.0,67519,M,0.0,0.0,67
201600006587,16,7,2,1130,1,2,1,8,3.0,67151,M,0.0,0.0,67
201600006588,16,8,5,845,1,1,1,1,1.0,67519,M,0.0,0.0,67
201600006589,16,4,12,1815,1,2,1,2,3.0,67065,M,0.0,0.0,67
201600006590,16,5,16,2000,1,2,1,1,7.0,67350,M,0.0,0.0,67
201600006591,16,5,26,1900,1,2,1,1,2.0,67118,M,0.0,0.0,67
201600006592,16,8,8,815,1,2,6,1,1.0,67551,M,0.0,0.0,67
201600006593,16,12,16,845,2,1,1,5,1.0,67118,M,0.0,0.0,67
201600006594,16,2,8,915,1,1,1,1,5.0,67239,M,0.0,0.0,67
201600006595,16,3,23,1645,1,2,1,1,3.0,67115,M,0.0,0.0,67
201600006596,16,5,8,1100,1,1,1,1,6.0,67063,M,0.0,0.0,67
201600006597,16,5,9,1715,1,1,1,1,3.0,67362,M,0.0,0.0,67
201600006598,16,6,12,915,1,1,3,1,3.0,67143,M,0.0,0.0,67
201600006599,16,8,3,1530,1,1,1,1,6.0,67362,M,0.0,0.0,67
201600006600,16,9,18,200,5,2,1,2,1.0,67490,M,0.0,0.0,67
201600006601,16,10,5,715,2,1,1,1,6.0,67073,M,0.0,0.0,67
201600006602,16,10,31,1430,1,1,1,1,1.0,67239,M,0.0,0.0,67
201600006603,16,12,7,1715,2,1,1,5,6.0,67426,M,0.0,0.0,67
201600006604,16,12,23,1230,1,1,1,1,3.0,67493,M,0.0,0.0,67
201600006605,16,2,21,1615,1,1,1,1,1.0,67125,M,0.0,0.0,67
201600006606,16,4,10,1730,1,1,1,1,6.0,67021,M,0.0,0.0,67
201600006607,16,4,24,845,1,1,1,1,2.0,67125,M,0.0,0.0,67
201600006608,16,5,5,1830,1,1,1,1,1.0,67295,M,0.0,0.0,67
201600006609,16,5,31,1700,1,1,7,1,6.0,67021,M,0.0,0.0,67
201600006610,16,6,20,1730,1,1,1,1,7.0,67021,M,0.0,0.0,67
201600006611,16,7,9,1400,1,1,1,1,3.0,67120,M,0.0,0.0,67
201600006612,16,8,10,1745,1,2,1,1,1.0,67021,M,0.0,0.0,67
201600006613,16,9,23,1645,1,2,6,1,3.0,67021,M,0.0,0.0,67
201600006614,16,9,29,1430,1,2,1,1,3.0,67481,M,0.0,0.0,67
201600006615,16,2,23,1215,1,1,1,2,3.0,67547,M,0.0,0.0,67
201600006616,16,3,20,1630,1,2,1,1,3.0,67486,M,0.0,0.0,67
201600006617,16,4,25,1215,1,2,1,1,2.0,67281,M,0.0,0.0,67
201600006618,16,5,4,1830,1,2,1,1,6.0,67281,M,0.0,0.0,67
201600006619,16,5,12,1930,1,1,1,2,7.0,67196,M,0.0,0.0,67
201600006620,16,5,18,1645,1,1,1,1,7.0,67121,M,0.0,0.0,67
201600006621,16,6,29,2100,1,1,1,1,6.0,67019,M,0.0,0.0,67
201600006622,16,7,6,15,3,1,1,1,6.0,67486,M,0.0,0.0,67
201600006623,16,7,17,2045,1,2,1,1,2.0,67281,M,0.0,0.0,67
201600006624,16,8,6,1745,1,2,9,1,7.0,67281,M,0.0,0.0,67
201600006625,16,8,7,1830,1,1,1,1,6.0,67311,M,0.0,0.0,67
201600006626,16,9,27,1600,1,1,1,1,1.0,67196,M,0.0,0.0,67
201600006627,16,9,29,1315,1,1,1,1,1.0,67422,M,0.0,0.0,67
201600006628,16,10,6,715,1,1,1,1,6.0,67019,M,0.0,0.0,67
201600006629,16,11,3,730,2,1,1,1,7.0,67281,M,0.0,0.0,67
201600006630,16,11,25,2245,3,1,1,1,1.0,67196,M,0.0,0.0,67
201600006631,16,12,7,645,5,2,1,5,6.0,67281,M,0.0,0.0,67
201600006632,16,2,7,2100,3,1,1,9,7.0,67351,M,0.0,0.0,67
201600006633,16,4,6,1530,1,1,1,1,6.0,67075,M,0.0,0.0,67
201600006634,16,5,7,1500,1,1,1,1,7.0,67075,M,0.0,0.0,67
201600006635,16,5,20,1545,1,1,1,1,6.0,67400,M,0.0,0.0,67
201600006636,16,5,29,1045,1,1,1,1,7.0,67544,M,0.0,0.0,67
201600006637,16,6,30,1645,1,1,1,1,1.0,67400,M,0.0,0.0,67
201600006638,16,8,30,1845,1,1,1,1,7.0,67544,M,0.0,0.0,67
201600006639,16,10,16,1430,1,2,1,1,3.0,67416,M,0.0,0.0,67
201600006640,16,11,14,545,3,1,1,1,6.0,67544,M,0.0,0.0,67
201600006641,16,12,6,745,1,1,1,5,7.0,67351,M,0.0,0.0,67
201600006642,16,1,13,1445,1,2,1,2,3.0,67261,M,0.0,0.0,67
201600006643,16,2,18,2315,3,2,1,1,6.0,67327,M,4897600.0,809800.0,67
201600006644,16,4,29,745,1,1,1,1,6.0,67432,M,4898800.0,808400.0,67
201600006645,16,5,18,1430,1,2,1,1,1.0,67330,M,0.0,0.0,67
201600006646,16,11,17,1015,1,2,2,2,3.0,67261,M,0.0,0.0,67
201600006647,16,12,30,1045,1,1,1,5,7.0,67327,M,0.0,0.0,67
201600006648,16,12,30,2015,3,1,8,5,6.0,67261,M,0.0,0.0,67
201600006649,16,1,8,800,2,2,1,1,6.0,67487,M,0.0,0.0,67
201600006650,16,1,14,1800,5,2,1,3,6.0,67474,M,0.0,0.0,67
201600006651,16,1,22,2315,3,1,1,4,7.0,67474,M,0.0,0.0,67
201600006652,16,3,23,1030,1,1,1,2,1.0,67206,M,0.0,0.0,67
201600006653,16,4,18,1815,1,2,1,1,6.0,67339,M,0.0,0.0,67
201600006654,16,7,26,1445,1,1,9,1,2.0,67487,M,0.0,0.0,67
201600006655,16,8,24,130,3,1,1,1,6.0,67339,M,0.0,0.0,67
201600006656,16,12,10,1945,3,1,1,2,7.0,67487,M,0.0,0.0,67
201600006657,16,1,25,930,1,1,1,7,3.0,67110,M,0.0,0.0,67
201600006658,16,1,13,1745,5,2,1,2,6.0,67110,M,0.0,0.0,67
201600006659,16,4,23,1330,1,1,1,2,1.0,67550,M,0.0,0.0,67
201600006660,16,5,26,1515,1,1,1,1,1.0,67334,M,0.0,0.0,67
201600006661,16,6,23,1530,1,1,1,1,1.0,67263,M,0.0,0.0,67
201600006662,16,7,17,145,3,1,1,1,6.0,67160,M,0.0,0.0,67
201600006663,16,7,24,2100,5,1,1,1,6.0,67550,M,0.0,0.0,67
201600006664,16,7,31,2300,3,1,1,1,1.0,67550,M,0.0,0.0,67
201600006665,16,8,13,1115,1,1,1,1,7.0,67263,M,0.0,0.0,67
201600006666,16,9,25,1530,1,1,1,1,6.0,67353,M,0.0,0.0,67
201600006667,16,10,16,1500,1,1,1,1,7.0,67550,M,0.0,0.0,67
201600006668,16,3,1,730,1,2,1,1,6.0,68226,M,4803999.0,713499.0,68
201600006669,16,1,9,1945,3,1,1,1,6.0,68019,M,4809153.0,756678.0,68
201600006670,16,1,12,2130,5,1,1,1,6.0,68146,M,4812691.0,736656.0,68
201600006671,16,2,11,245,5,2,1,1,6.0,68227,M,4810207.0,747131.0,68
201600006672,16,2,12,1745,2,2,1,2,6.0,68146,M,4813300.0,736800.0,68
201600006673,16,3,2,1200,1,1,2,2,3.0,68295,M,4802741.0,740212.0,68
201600006674,16,4,18,915,1,1,1,2,1.0,68295,M,4801569.0,735360.0,68
201600006675,16,5,1,1400,1,2,4,1,1.0,68157,M,4811989.0,747641.0,68
201600006676,16,5,3,1515,1,2,3,1,3.0,68145,M,4808505.0,739686.0,68
201600006677,16,5,4,1330,1,2,3,1,3.0,68367,M,4806315.0,747377.0,68
201600006678,16,7,6,1700,1,1,3,1,2.0,68007,M,4805140.0,745288.0,68
201600006679,16,7,29,1730,1,2,1,1,2.0,68145,M,4808141.0,739172.0,68
201600006680,16,10,23,2315,5,2,3,1,3.0,68227,M,4810124.0,747955.0,68
201600006681,16,10,29,2015,3,1,1,1,6.0,68331,M,4804777.0,746046.0,68
201600006682,16,11,29,330,3,1,1,1,7.0,68367,M,4805772.0,749750.0,68
201600006683,16,12,7,645,2,1,1,4,1.0,68367,M,4806553.0,746825.0,68
201600006684,16,12,11,600,3,1,1,1,7.0,68038,M,4808806.0,742997.0,68
201600006685,16,12,15,745,1,2,1,5,2.0,68143,M,0.0,0.0,68
201600006686,16,12,21,515,3,1,1,1,6.0,68019,M,4809131.0,756576.0,68
201600006687,16,12,29,830,1,1,1,4,7.0,68345,M,4809054.0,748885.0,68
201600006688,16,3,26,1500,1,1,1,1,3.0,68173,M,4810293.0,718376.0,68
201600006689,16,6,8,1045,1,2,1,8,3.0,68209,M,4815000.0,732086.0,68
201600006690,16,6,23,815,1,2,1,1,6.0,68162,M,0.0,0.0,68
201600006691,16,7,8,1100,1,1,3,1,3.0,68164,M,4813384.0,729037.0,68
201600006692,16,7,28,1400,1,1,1,1,3.0,68173,M,4808475.0,718606.0,68
201600006693,16,8,8,1545,1,1,1,1,2.0,68005,M,4813448.0,727188.0,68
201600006694,16,8,14,1045,1,1,1,7,3.0,68005,M,4813209.0,728988.0,68
201600006695,16,9,13,1630,1,1,1,1,7.0,68249,M,4812980.0,709174.0,68
201600006696,16,10,13,1500,1,1,1,1,1.0,68162,M,4814286.0,718192.0,68
201600006697,16,11,17,2130,3,1,1,1,6.0,68026,M,4813443.0,734122.0,68
201600006698,16,3,31,1815,1,2,1,1,3.0,68226,M,4804173.0,713311.0,68
201600006699,16,4,21,1845,1,1,1,1,6.0,68358,M,4800764.0,717485.0,68
201600006700,16,6,11,245,3,2,1,1,6.0,68226,M,4803888.0,714278.0,68
201600006701,16,7,9,2100,1,2,1,1,2.0,68226,M,4804022.0,715667.0,68
201600006702,16,6,26,1445,1,1,1,1,7.0,68142,M,4805803.0,713034.0,68
201600006703,16,6,30,1230,1,1,1,1,6.0,68204,M,4800590.0,707344.0,68
201600006704,16,7,11,1930,1,2,3,1,3.0,68329,M,4805252.0,709579.0,68
201600006705,16,8,23,1245,1,2,1,1,6.0,68329,M,4805420.0,710072.0,68
201600006706,16,8,30,1200,1,2,2,7,6.0,68226,M,4804242.0,713562.0,68
201600006707,16,11,24,1750,5,2,6,1,3.0,68226,M,4804238.0,716010.0,68
201600006708,16,12,1,1545,1,2,1,1,6.0,68226,M,4804116.0,713695.0,68
201600006709,16,6,2,900,1,1,1,2,6.0,68069,M,4798947.0,747868.0,68
201600006710,16,6,9,1715,1,1,1,1,1.0,68351,M,4800345.0,759349.0,68
201600006711,16,6,10,1215,1,1,3,1,2.0,68069,M,4796565.0,749361.0,68
201600006712,16,10,21,145,3,1,1,1,6.0,68379,M,0.0,0.0,68
201600006713,16,10,31,1545,1,1,6,1,7.0,68001,M,4801125.0,755471.0,68
201600006714,16,11,9,915,1,1,2,1,1.0,68231,M,4801373.0,753321.0,68
201600006715,16,11,30,2030,3,1,1,1,1.0,68036,M,4805367.0,751588.0,68
201600006716,16,12,7,745,1,1,1,5,1.0,68016,M,4793082.0,748874.0,68
201600006717,16,12,12,1745,3,1,4,1,3.0,68036,M,4805477.0,755692.0,68
201600006718,16,2,14,1430,1,1,1,8,3.0,68028,M,4820843.0,740545.0,68
201600006719,16,6,1,845,1,2,3,1,1.0,68028,M,4820429.0,735398.0,68
201600006720,16,7,3,400,3,1,1,1,1.0,68269,M,4817656.0,734278.0,68
201600006721,16,11,26,2100,3,1,1,1,7.0,68147,M,4817730.0,732392.0,68
201600006722,16,1,8,1730,5,2,3,3,6.0,68298,M,4825206.0,719470.0,68
201600006723,16,3,16,730,1,1,1,1,5.0,68185,M,4826906.0,726445.0,68
201600006724,16,5,21,800,1,1,1,1,7.0,68298,M,4825153.0,715454.0,68
201600006725,16,6,29,1715,1,1,3,7,5.0,68294,M,4825586.0,720404.0,68
201600006726,16,10,22,1315,1,2,2,1,1.0,68283,M,4827981.0,727181.0,68
201600006727,16,11,16,1400,1,1,1,2,1.0,68185,M,4826683.0,729955.0,68
201600006728,16,12,2,1415,1,1,3,1,7.0,68298,M,4825089.0,719177.0,68
201600006729,16,1,3,2130,3,1,6,2,7.0,68365,M,4805428.0,731050.0,68
201600006730,16,2,1,845,1,1,1,1,6.0,68338,M,4809466.0,723542.0,68
201600006731,16,2,7,1145,1,2,1,2,7.0,68155,M,4808983.0,731776.0,68
201600006732,16,2,26,1800,2,2,1,1,6.0,68365,M,4805450.0,733139.0,68
201600006733,16,3,10,2245,3,1,1,1,6.0,68078,M,4804955.0,731715.0,68
201600006734,16,3,18,1715,1,2,1,1,1.0,68374,M,4808629.0,731404.0,68
201600006735,16,3,1,745,1,2,6,1,3.0,68155,M,4809451.0,730565.0,68
201600006736,16,7,2,1500,1,1,4,1,3.0,68365,M,4806538.0,730899.0,68
201600006737,16,9,2,1145,1,1,1,1,7.0,68078,M,4803586.0,729633.0,68
201600006738,16,9,23,930,1,2,2,1,3.0,68338,M,4808384.0,725844.0,68
201600006739,16,9,27,1515,1,2,6,1,6.0,68374,M,4808558.0,731382.0,68
201600006740,16,9,25,1700,1,1,1,1,2.0,68155,M,0.0,0.0,68
201600006741,16,9,29,1230,1,2,6,1,7.0,68374,M,4808435.0,731040.0,68
201600006742,16,10,12,1730,1,1,1,1,3.0,68374,M,0.0,0.0,68
201600006743,16,10,19,1745,1,1,6,1,4.0,68155,M,4809172.0,732085.0,68
201600006744,16,10,15,1900,3,1,1,1,7.0,68078,M,4804748.0,732222.0,68
201600006745,16,10,31,1445,1,1,1,1,4.0,68374,M,4808019.0,731191.0,68
201600006746,16,10,22,2015,5,2,3,1,3.0,68155,M,4809910.0,730247.0,68
201600006747,16,11,9,1115,1,2,1,1,6.0,68155,M,4809900.0,730600.0,68
201600006748,16,11,19,1445,1,1,1,1,6.0,68155,M,0.0,0.0,68
201600006749,16,12,22,815,1,2,1,1,2.0,68374,M,0.0,0.0,68
201600006750,16,1,4,1145,1,2,1,1,6.0,68222,M,0.0,0.0,68
201600006751,16,1,5,1930,3,1,1,2,3.0,68187,M,4752783.0,740046.0,68
201600006752,16,2,17,1615,1,1,1,1,1.0,68139,M,4757724.0,721040.0,68
201600006753,16,6,24,2145,5,2,1,1,7.0,68355,M,4754798.0,730291.0,68
201600006754,16,6,29,1615,1,2,1,1,7.0,68004,M,4762363.0,724117.0,68
201600006755,16,7,16,1030,1,1,1,1,1.0,68187,M,4752187.0,741672.0,68
201600006756,16,8,5,1330,1,1,1,8,6.0,68138,M,4760640.0,725845.0,68
201600006757,16,8,20,1330,1,2,1,1,3.0,68377,M,4762374.0,727082.0,68
201600006758,16,8,24,1830,1,2,3,1,7.0,68148,M,4760233.0,734257.0,68
201600006759,16,10,18,1445,1,1,1,1,3.0,68096,M,0.0,0.0,68
201600006760,16,10,25,2315,5,2,1,1,6.0,68333,M,0.0,0.0,68
201600006761,16,11,23,1645,1,1,1,1,7.0,68377,M,4761559.0,726412.0,68
201600006762,16,12,1,1430,1,2,1,1,3.0,68017,M,0.0,0.0,68
201600006763,16,2,9,945,1,1,2,1,3.0,68050,M,4765225.0,704684.0,68
201600006764,16,2,19,845,1,1,1,1,6.0,68086,M,4767774.0,712011.0,68
201600006765,16,4,21,1045,1,1,1,1,7.0,68215,M,4762446.0,702652.0,68
201600006766,16,4,28,115,3,1,1,1,6.0,68152,M,4768342.0,727642.0,68
201600006767,16,5,8,200,3,1,6,1,3.0,68127,M,4765664.0,722233.0,68
201600006768,16,5,12,1530,1,2,8,3,6.0,68152,M,4767166.0,726696.0,68
201600006769,16,6,24,1115,1,2,1,1,2.0,68068,M,4763043.0,712174.0,68
201600006770,16,8,3,1445,1,1,1,1,7.0,68068,M,4766691.0,722037.0,68
201600006771,16,8,18,1900,1,2,1,1,6.0,68068,M,4763058.0,713453.0,68
201600006772,16,10,2,745,2,2,1,1,6.0,68356,M,4764043.0,726460.0,68
201600006773,16,11,19,1800,5,2,1,2,7.0,68125,M,4769561.0,712059.0,68
201600006774,16,12,1,1215,1,1,1,1,6.0,68127,M,4766635.0,725144.0,68
201600006775,16,12,2,1800,3,1,1,1,7.0,68081,M,0.0,0.0,68
201600006776,16,12,6,715,2,2,1,5,6.0,68077,M,4766141.0,718744.0,68
201600006777,16,12,6,1230,1,1,1,1,6.0,68200,M,4761690.0,708746.0,68
201600006778,16,12,15,645,2,2,1,9,3.0,68119,M,0.0,0.0,68
201600006779,16,12,30,945,1,1,1,1,3.0,68052,M,0.0,0.0,68
201600006780,16,4,2,1615,1,2,3,1,3.0,68181,M,4745039.0,720303.0,68
201600006781,16,4,8,1630,1,2,1,1,3.0,68347,M,4749812.0,730669.0,68
201600006782,16,6,25,1500,1,2,7,1,6.0,68098,M,4796283.0,714941.0,68
201600006783,16,7,6,900,1,1,1,1,6.0,68306,M,4753562.0,718723.0,68
201600006784,16,1,3,500,3,1,1,1,6.0,68258,M,4783340.0,727613.0,68
201600006785,16,1,3,1715,3,1,3,1,3.0,68242,M,4797608.0,737371.0,68
201600006786,16,2,8,1945,3,1,1,3,2.0,68082,M,4783655.0,734201.0,68
201600006787,16,4,20,1230,1,1,1,1,3.0,68041,M,4789831.0,753732.0,68
201600006788,16,4,15,1930,2,2,1,1,1.0,68082,M,4786727.0,733900.0,68
201600006789,16,5,26,845,1,2,2,1,3.0,68266,M,4789765.0,735334.0,68
201600006790,16,6,25,930,1,1,2,1,1.0,68266,M,4789764.0,735335.0,68
201600006791,16,7,1,1700,1,1,1,7,1.0,68082,M,4786975.0,736329.0,68
201600006792,16,7,15,1945,1,1,3,1,3.0,68082,M,4787658.0,738947.0,68
201600006793,16,9,6,2330,5,2,1,1,6.0,68082,M,4786741.0,734976.0,68
201600006794,16,9,10,900,1,1,1,1,2.0,68242,M,0.0,0.0,68
201600006795,16,9,12,1500,1,2,6,1,3.0,68258,M,4784060.0,731296.0,68
201600006796,16,9,15,500,3,1,1,1,6.0,68037,M,4795017.0,741209.0,68
201600006797,16,9,27,1545,1,1,1,1,3.0,68258,M,0.0,0.0,68
201600006798,16,10,3,1515,1,1,1,1,1.0,68140,M,4791277.0,746324.0,68
201600006799,16,10,6,1330,1,1,2,1,3.0,68091,M,4791713.0,756524.0,68
201600006800,16,10,9,1630,1,1,1,1,7.0,68290,M,0.0,0.0,68
201600006801,16,10,5,1945,3,1,1,1,6.0,68140,M,4789057.0,741617.0,68
201600006802,16,10,14,1745,1,1,2,1,3.0,68266,M,4790459.0,740187.0,68
201600006803,16,10,30,2245,3,1,6,5,6.0,68082,M,0.0,0.0,68
201600006804,16,10,31,1915,3,1,1,5,3.0,68228,M,4792938.0,735973.0,68
201600006805,16,11,2,2215,3,1,1,5,7.0,68242,M,4796492.0,740713.0,68
201600006806,16,11,5,1200,1,1,1,2,6.0,68041,M,0.0,0.0,68
201600006807,16,11,7,815,1,1,1,3,1.0,68242,M,4797126.0,737319.0,68
201600006808,16,11,15,1845,3,1,4,1,2.0,68225,M,4785551.0,745144.0,68
201600006809,16,11,19,1930,3,1,1,1,1.0,68235,M,0.0,0.0,68
201600006810,16,11,21,1745,3,1,1,2,6.0,68225,M,0.0,0.0,68
201600006811,16,12,1,1345,1,2,6,1,1.0,68082,M,0.0,0.0,68
201600006812,16,12,7,715,2,1,1,5,7.0,68091,M,0.0,0.0,68
201600006813,16,12,7,845,1,1,1,1,7.0,68140,M,4788873.0,744413.0,68
201600006814,16,12,10,2000,3,1,1,1,7.0,68228,M,0.0,0.0,68
201600006815,16,12,15,845,1,2,1,5,7.0,68258,M,0.0,0.0,68
201600006816,16,12,19,545,3,1,1,1,6.0,68082,M,0.0,0.0,68
201600006817,16,12,22,1700,5,2,2,1,6.0,68258,M,4783482.0,730260.0,68
201600006818,16,12,28,15,3,1,1,1,7.0,68258,M,0.0,0.0,68
201600006819,16,12,29,755,2,1,1,5,7.0,68242,M,4797908.0,737492.0,68
201600006820,16,12,29,1030,1,1,1,5,7.0,68140,M,4788873.0,744445.0,68
201600006821,16,12,31,1530,1,1,1,8,6.0,68266,M,4790098.0,733111.0,68
201600006822,16,3,6,1215,1,2,3,1,3.0,68255,M,4798230.0,729125.0,68
201600006823,16,3,22,2000,3,1,1,1,2.0,68255,M,4798050.0,729413.0,68
201600006824,16,5,29,1915,2,2,3,2,7.0,68255,M,4798397.0,728587.0,68
201600006825,16,6,10,1500,1,1,1,1,7.0,68251,M,4800521.0,721383.0,68
201600006826,16,7,16,145,3,1,1,8,7.0,68251,M,4797941.0,722664.0,68
201600006827,16,8,18,1100,1,1,1,1,7.0,68364,M,4794801.0,724620.0,68
201600006828,16,9,8,1430,1,1,3,1,3.0,68318,M,4796919.0,721490.0,68
201600006829,16,9,14,1715,1,1,1,1,6.0,68123,M,0.0,0.0,68
201600006830,16,9,30,1845,1,1,1,1,6.0,68287,M,0.0,0.0,68
201600006831,16,10,7,2115,3,1,1,1,7.0,68134,M,4801309.0,730757.0,68
201600006832,16,10,8,1630,1,2,1,1,5.0,68116,M,4793382.0,729340.0,68
201600006833,16,11,4,1415,1,2,1,1,3.0,68287,M,4795997.0,729227.0,68
201600006834,16,11,9,1815,3,1,1,2,2.0,68287,M,4796078.0,730855.0,68
201600006835,16,11,8,1255,1,1,1,1,6.0,68116,M,0.0,0.0,68
201600006836,16,11,26,1530,1,2,1,1,7.0,68318,M,4795979.0,724148.0,68
201600006837,16,1,5,1400,1,2,1,8,6.0,68154,M,4777239.0,736102.0,68
201600006838,16,1,6,1745,5,2,1,2,6.0,68154,M,4777918.0,733964.0,68
201600006839,16,1,6,1745,5,2,1,2,6.0,68154,M,4777525.0,734652.0,68
201600006840,16,1,20,1300,1,2,2,1,3.0,68154,M,4776381.0,737531.0,68
201600006841,16,6,12,1745,1,2,1,1,6.0,68154,M,4776358.0,736686.0,68
201600006842,16,10,27,1900,5,2,2,1,3.0,68154,M,4779093.0,734773.0,68
201600006843,16,11,28,645,3,2,2,8,6.0,68154,M,4776279.0,736304.0,68
201600006844,16,12,6,1200,1,2,1,5,6.0,68154,M,4776023.0,737785.0,68
201600006845,16,12,8,1100,1,2,1,1,4.0,68154,M,4776238.0,737304.0,68
201600006846,16,12,13,1245,1,2,4,1,3.0,68154,M,4776548.0,734738.0,68
201600006847,16,12,27,900,1,2,1,1,3.0,68154,M,4776735.0,736802.0,68
201600006848,16,12,28,1400,1,2,3,1,3.0,68154,M,4777954.0,734562.0,68
201600006849,16,2,19,1245,1,2,1,2,6.0,68270,M,4777958.0,728142.0,68