Num_Acc,an,mois,jour,hrmn,lum,agg,int,atm,col,com,gps,lat,long,dep
201600006850,16,5,25,1345,1,2,1,1,6.0,68195,M,4774719.0,728479.0,68
201600006851,16,6,29,2030,1,2,3,1,3.0,68195,M,4775854.0,729253.0,68
201600006852,16,7,5,1100,1,2,1,1,2.0,68384,M,4770227.0,730801.0,68
201600006853,16,7,8,200,3,1,1,1,2.0,68195,M,4776203.0,726363.0,68
201600006854,16,2,11,1745,2,2,1,2,6.0,68135,M,0.0,0.0,68
201600006855,16,4,22,1645,1,2,3,1,3.0,68121,M,4752525.0,747835.0,68
201600006856,16,5,6,1245,1,2,1,1,6.0,68286,M,4763793.0,753375.0,68
201600006857,16,5,23,30,5,2,3,2,6.0,68135,M,4757934.0,753121.0,68
201600006858,16,6,24,1215,1,1,2,1,1.0,68135,M,4759086.0,754997.0,68
201600006859,16,6,25,1045,1,2,1,1,3.0,68120,M,4754003.0,749630.0,68
201600006860,16,6,23,915,1,1,1,1,7.0,68182,M,4750178.0,748600.0,68
201600006861,16,7,12,1530,1,1,1,8,1.0,68135,M,4756965.0,749875.0,68
201600006862,16,7,18,800,1,1,1,1,6.0,68042,M,4761957.0,748936.0,68
201600006863,16,8,4,815,1,2,3,1,3.0,68286,M,4763651.0,753533.0,68
201600006864,16,8,7,1130,1,1,1,1,7.0,68094,M,4753686.0,742902.0,68
201600006865,16,8,15,1900,1,1,6,1,3.0,68135,M,4758700.0,752100.0,68
201600006866,16,9,29,130,3,1,1,1,7.0,68286,M,4762650.0,755477.0,68
201600006867,16,10,8,1700,1,1,1,1,5.0,68135,M,4757100.0,749000.0,68
201600006868,16,11,9,1800,5,2,1,2,6.0,68135,M,4757800.0,751600.0,68
201600006869,16,1,19,1930,4,2,3,4,7.0,68163,M,4765353.0,750461.0,68
201600006870,16,9,13,600,1,1,1,1,6.0,68327,M,4762122.0,743168.0,68
201600006871,16,11,3,1530,1,1,1,1,3.0,68174,M,0.0,0.0,68
201600006872,16,11,11,1745,5,2,6,2,6.0,68309,M,4766832.0,744115.0,68
201600006873,16,11,24,1830,5,2,2,5,3.0,68163,M,4769080.0,750285.0,68
201600006874,16,2,2,1800,5,2,8,1,6.0,68334,M,4781241.0,709583.0,68
201600006875,16,3,19,1545,1,1,1,1,7.0,68279,M,4776825.0,709025.0,68
201600006876,16,5,14,1700,1,1,1,1,7.0,68040,M,4781917.0,706035.0,68
201600006877,16,8,14,1400,1,1,1,1,3.0,68372,M,4786701.0,712161.0,68
201600006878,16,8,11,1230,1,2,3,1,6.0,68040,M,4782079.0,708229.0,68
201600006879,16,9,5,1345,1,2,1,1,3.0,68334,M,4779884.0,710398.0,68
201600006880,16,9,8,1530,1,2,1,1,3.0,68334,M,4781128.0,710119.0,68
201600006881,16,9,10,1930,2,1,1,1,7.0,68106,M,4788959.0,710546.0,68
201600006882,16,9,16,2100,3,1,1,1,2.0,68012,M,4778552.0,714917.0,68
201600006883,16,9,24,1245,1,2,1,1,1.0,68180,M,4779396.0,710818.0,68
201600006884,16,10,2,1415,1,1,1,1,6.0,68106,M,4788991.0,711455.0,68
201600006885,16,10,4,1755,2,2,1,7,4.0,68348,M,4780730.0,712590.0,68
201600006886,16,10,4,1800,2,2,1,7,2.0,68348,M,4780724.0,712469.0,68
201600006887,16,11,3,930,1,1,1,1,6.0,68279,M,4776861.0,709022.0,68
201600006888,16,11,15,330,5,2,3,1,7.0,68372,M,4785016.0,706347.0,68
201600006889,16,12,1,1215,1,2,1,1,6.0,68348,M,4780861.0,711636.0,68
201600006890,16,11,30,1130,1,2,3,1,2.0,68372,M,4784165.0,707394.0,68
201600006891,16,12,16,1715,5,2,6,5,6.0,68334,M,4781582.0,708701.0,68
201600006892,16,12,28,1900,5,2,1,1,6.0,68348,M,4780223.0,713113.0,68
201600006893,16,4,10,1430,1,2,3,1,3.0,68359,M,4783463.0,718177.0,68
201600006894,16,5,18,1645,1,2,1,1,1.0,68063,M,4780675.0,718282.0,68
201600006895,16,5,31,830,1,1,4,2,3.0,68063,M,4780263.0,717607.0,68
201600006896,16,7,3,1030,1,1,1,1,6.0,68063,M,4779213.0,718286.0,68
201600006897,16,7,12,1645,1,1,1,1,2.0,68063,M,4781406.0,719576.0,68
201600006898,16,9,17,1400,1,1,2,2,2.0,68063,M,4778813.0,717852.0,68
201600006899,16,9,19,2015,5,2,3,9,3.0,68063,M,0.0,0.0,68
201600006900,16,9,23,1730,1,2,3,1,1.0,68063,M,4779575.0,717264.0,68
201600006901,16,10,11,1645,1,1,4,2,2.0,68063,M,4778901.0,717788.0,68
201600006902,16,10,18,845,1,1,1,1,6.0,68342,M,4783792.0,715095.0,68
201600006903,16,10,19,1730,1,1,1,1,5.0,68359,M,4784729.0,714319.0,68
201600006904,16,10,21,2015,3,1,1,1,6.0,68063,M,4779329.0,718411.0,68
201600006905,16,10,24,800,2,1,1,2,4.0,68063,M,4779732.0,714972.0,68
201600006906,16,10,27,1145,1,1,1,1,2.0,68063,M,4778816.0,718001.0,68
201600006907,16,10,31,1030,1,2,1,1,3.0,68063,M,4780064.0,718223.0,68
201600006908,16,11,1,2315,5,2,1,1,6.0,68322,M,4781132.0,716102.0,68
201600006909,16,11,6,745,1,1,4,2,6.0,68063,M,4778824.0,718112.0,68
201600006910,16,11,9,1000,1,1,4,1,2.0,68063,M,4779012.0,718074.0,68
201600006911,16,12,2,1800,3,1,1,1,2.0,68063,M,4779997.0,719010.0,68
201600006912,16,12,13,830,2,1,1,5,2.0,68063,M,4779313.0,718386.0,68
201600006913,16,12,18,1030,1,1,1,5,6.0,68063,M,4784012.0,716621.0,68
201600006914,16,3,1,2200,3,2,1,4,1.0,68344,M,4788928.0,689949.0,68
201600006915,16,5,8,1245,1,2,3,1,2.0,68213,M,4787128.0,697409.0,68
201600006916,16,5,25,1400,1,1,1,1,6.0,68247,M,4795055.0,700245.0,68
201600006917,16,6,11,1200,1,2,1,1,5.0,68102,M,4790492.0,709061.0,68
201600006918,16,7,1,845,1,2,1,1,4.0,68089,M,4788857.0,699793.0,68
201600006919,16,7,16,2150,2,2,1,1,6.0,68262,M,4787784.0,701550.0,68
201600006920,16,7,30,800,1,2,3,1,3.0,68089,M,4788897.0,699601.0,68
201600006921,16,8,26,1145,1,2,1,1,6.0,68151,M,4788621.0,699094.0,68
201600006922,16,10,2,1745,1,1,1,1,6.0,68370,M,4799798.0,696848.0,68
201600006923,16,10,14,1330,1,1,6,1,6.0,68292,M,4787820.0,701713.0,68
201600006924,16,10,25,1430,1,1,3,8,3.0,68344,M,4788987.0,697463.0,68
201600006925,16,10,28,1730,2,1,1,1,6.0,68370,M,4799283.0,696202.0,68
201600006926,16,11,4,2000,3,1,1,2,6.0,68247,M,4795075.0,700851.0,68
201600006927,16,11,18,2315,3,1,1,2,6.0,68370,M,4795400.0,695700.0,68
201600006928,16,1,8,1630,2,2,1,3,1.0,68167,M,4778796.0,696511.0,68
201600006929,16,5,19,1515,1,2,4,1,1.0,68060,M,4772340.0,715015.0,68
201600006930,16,6,1,1615,1,1,1,1,3.0,68060,M,4773300.0,716600.0,68
201600006931,16,7,17,100,5,2,1,1,6.0,68060,M,4772683.0,715138.0,68
201600006932,16,1,10,2030,5,2,1,1,6.0,51178,M,4881753.0,436438.0,51
201600006933,16,6,16,330,3,1,1,1,6.0,51538,M,4890369.0,439819.0,51
201600006934,16,7,12,800,1,1,1,1,6.0,51490,M,4890687.0,455582.0,51
201600006935,16,12,2,845,1,1,2,1,3.0,51193,M,4898916.0,450540.0,51
201600006936,16,12,10,2115,3,1,1,5,6.0,51161,M,4902904.0,417434.0,51
201600006937,16,1,14,1845,3,1,1,2,1.0,51227,M,4891413.0,435982.0,51
201600006938,16,2,10,1800,2,1,2,1,6.0,51389,M,4913297.0,433714.0,51
201600006939,16,2,28,1730,1,1,1,1,1.0,51544,M,4923186.0,454927.0,51
201600006940,16,5,14,1130,1,1,2,1,3.0,51326,M,4910532.0,431826.0,51
201600006941,16,6,10,1,5,2,1,1,2.0,51388,M,4913812.0,436562.0,51
201600006942,16,7,30,1515,1,1,1,1,1.0,51326,M,4910444.0,426177.0,51
201600006943,16,2,1,845,1,1,1,1,6.0,51612,M,4888410.0,403160.0,51
201600006944,16,2,8,1315,1,2,3,2,3.0,51411,M,4895760.0,403868.0,51
201600006945,16,4,10,945,1,1,1,7,2.0,51638,M,4885739.0,410759.0,51
201600006946,16,6,6,1515,1,2,6,1,6.0,51612,M,4890557.0,400600.0,51
201600006947,16,8,8,1800,1,1,1,1,6.0,51612,M,4889199.0,402852.0,51
201600006948,16,8,18,1430,1,1,1,1,6.0,51435,M,4892272.0,418395.0,51
201600006949,16,8,24,1745,1,1,1,1,5.0,51239,M,4887032.0,396122.0,51
201600006950,16,8,25,600,2,1,3,1,3.0,51411,M,4896381.0,402815.0,51
201600006951,16,9,25,1815,1,1,1,1,5.0,51435,M,4891775.0,416418.0,51
201600006952,16,10,15,1530,1,2,3,1,3.0,51413,M,4902395.0,404559.0,51
201600006953,16,10,16,1930,3,1,1,1,7.0,51612,M,4887319.0,399933.0,51
201600006954,16,12,10,1400,1,1,1,8,5.0,51413,M,4899679.0,403124.0,51
201600006955,16,2,5,1745,2,2,1,1,7.0,51425,M,4912360.0,367787.0,51
201600006956,16,5,6,1845,1,2,1,1,6.0,51592,M,4910468.0,373527.0,51
201600006957,16,7,19,1400,1,2,1,1,3.0,51217,M,4908036.0,364800.0,51
201600006958,16,11,15,730,2,2,1,2,6.0,51346,M,4908245.0,375445.0,51
201600006959,16,11,20,945,1,1,1,3,7.0,51063,M,4908819.0,377896.0,51
201600006960,16,12,21,2045,3,1,1,1,6.0,51136,M,4909636.0,376707.0,51
201600006961,16,3,25,2245,3,1,1,5,1.0,51167,M,4874353.0,444328.0,51
201600006962,16,6,3,2145,5,2,3,2,6.0,51010,M,4866746.0,391348.0,51
201600006963,16,1,8,800,2,1,1,9,7.0,51033,M,4897112.0,377790.0,51
201600006964,16,6,11,1515,1,1,1,2,7.0,51579,M,4878723.0,348680.0,51
201600006965,16,6,20,1715,1,2,1,2,4.0,51380,M,4887107.0,354763.0,51
201600006966,16,6,23,1915,1,2,1,1,6.0,51380,M,4887686.0,353825.0,51
201600006967,16,6,24,1845,1,1,1,1,1.0,51380,M,4884132.0,355921.0,51
201600006968,16,11,18,800,1,2,1,1,1.0,51380,M,4886418.0,353535.0,51
201600006969,16,12,5,830,2,1,1,7,6.0,51386,M,4880143.0,354874.0,51
201600006970,16,2,19,815,1,1,2,1,3.0,51402,M,4873072.0,350465.0,51
201600006971,16,3,27,645,2,2,1,2,6.0,51009,M,4858424.0,380256.0,51
201600006972,16,4,6,530,3,1,1,1,3.0,51237,M,0.0,0.0,51
201600006973,16,4,16,2330,3,2,1,8,6.0,51155,M,4853227.0,383660.0,51
201600006974,16,6,24,1400,1,1,2,1,3.0,51402,M,4873075.0,350467.0,51
201600006975,16,9,3,1915,1,1,1,1,1.0,51514,M,4869542.0,377509.0,51
201600006976,16,9,7,815,1,1,1,1,2.0,51514,M,4872034.0,377164.0,51
201600006977,16,10,6,1515,1,1,1,6,3.0,51432,M,4869196.0,384042.0,51
201600006978,16,11,22,1300,1,1,2,1,3.0,51402,M,4873080.0,350466.0,51
201600006979,16,12,2,1000,1,1,2,5,3.0,51056,M,4861697.0,360703.0,51
201600006980,16,12,8,1645,2,2,3,1,3.0,51009,M,4858522.0,381897.0,51
201600006981,16,3,30,1600,1,2,1,2,2.0,51250,M,4931029.0,368420.0,51
201600006982,16,4,27,2100,2,1,2,8,3.0,51086,M,4930033.0,376398.0,51
201600006983,16,8,20,1315,1,2,1,1,6.0,51250,M,4931203.0,367957.0,51
201600006984,16,9,24,815,1,1,1,1,7.0,51194,M,4926542.0,370386.0,51
201600006985,16,9,24,945,1,1,1,1,5.0,51250,M,4930866.0,371198.0,51
201600006986,16,10,12,930,1,1,1,5,1.0,51198,M,4926391.0,374460.0,51
201600006987,16,10,22,1045,1,1,1,5,5.0,51250,M,4930860.0,369837.0,51
201600006988,16,1,16,1,5,2,1,2,6.0,51518,M,4930586.0,397140.0,51
201600006989,16,2,22,1645,1,2,9,1,6.0,51568,M,4931488.0,396468.0,51
201600006990,16,3,30,2300,3,2,1,1,6.0,51081,M,4927030.0,382077.0,51
201600006991,16,4,17,1430,1,1,1,1,5.0,51391,M,4927585.0,385539.0,51
201600006992,16,5,7,1700,1,1,3,1,1.0,51310,M,4922036.0,393760.0,51
201600006993,16,6,9,1300,1,2,6,1,3.0,51569,M,4926360.0,396453.0,51
201600006994,16,7,11,1445,1,2,9,1,3.0,51569,M,4925434.0,396342.0,51
201600006995,16,7,12,1515,1,1,1,1,5.0,51569,M,4926112.0,394713.0,51
201600006996,16,7,12,845,1,2,2,1,3.0,51391,M,4927388.0,392135.0,51
201600006997,16,9,10,1445,1,2,1,1,6.0,51282,M,4924471.0,391060.0,51
201600006998,16,9,9,1845,1,1,1,1,7.0,51391,M,4927518.0,386204.0,51
201600006999,16,5,12,1930,1,2,1,2,1.0,51597,M,4906021.0,387776.0,51
201600007000,16,6,28,1915,1,1,1,1,1.0,51064,M,4904587.0,408275.0,51
201600007001,16,7,19,1100,1,2,1,1,6.0,51210,M,4906193.0,396504.0,51
201600007002,16,8,14,415,3,1,1,1,7.0,51204,M,4907911.0,386061.0,51
201600007003,16,9,12,915,1,1,1,1,3.0,51331,M,4911050.0,411160.0,51
201600007004,16,9,15,1930,1,2,1,1,3.0,51002,M,4901335.0,387388.0,51
201600007005,16,10,2,915,1,1,1,1,1.0,51204,M,4907139.0,388316.0,51
201600007006,16,10,22,815,1,1,1,1,6.0,51488,M,4912393.0,398884.0,51
201600007007,16,7,17,1430,1,1,1,1,6.0,51328,M,4874328.0,452449.0,51
201600007008,16,7,19,1730,1,1,1,1,2.0,51340,M,4874379.0,445349.0,51
201600007009,16,8,7,1345,1,1,1,1,6.0,51008,M,4862881.0,483046.0,51
201600007010,16,8,8,1045,1,2,1,1,1.0,51647,M,4874438.0,462637.0,51
201600007011,16,10,5,1745,1,2,3,1,2.0,51649,M,4872800.0,458900.0,51
201600007012,16,10,9,1745,1,1,3,1,1.0,51156,M,4865880.0,464914.0,51
201600007013,16,10,20,1430,1,1,1,1,6.0,51017,M,4864504.0,457993.0,51
201600007014,16,11,5,1600,1,1,1,1,1.0,51141,M,4883111.0,450073.0,51
201600007015,16,7,9,1,3,1,1,1,6.0,51635,M,4881341.0,486054.0,51
201600007016,16,7,31,1100,1,1,2,1,3.0,51531,M,4869619.0,469372.0,51
201600007017,16,8,4,1600,1,1,1,2,1.0,51539,M,4881497.0,480065.0,51
201600007018,16,1,14,545,2,1,1,4,7.0,51040,M,4878965.0,468308.0,51
201600007019,16,1,16,1445,1,1,1,9,7.0,51144,M,4873599.0,489495.0,51
201600007020,16,8,2,1230,1,1,1,2,1.0,51507,M,4909066.0,490963.0,51
201600007021,16,9,1,1130,1,2,1,1,7.0,08137,M,4979712.0,467191.0,08
201600007022,16,4,10,915,1,1,1,1,6.0,08427,M,0.0,0.0,08
201600007023,16,4,19,1400,1,2,6,1,2.0,08362,M,4952084.0,437021.0,08
201600007024,16,5,31,1930,1,1,1,1,6.0,08048,M,0.0,0.0,08
201600007025,16,1,22,1045,1,2,1,7,6.0,10006,M,4853900.0,414400.0,10
201600007026,16,4,25,815,1,1,1,1,6.0,10091,M,4850400.0,428700.0,10
201600007027,16,5,5,1745,1,2,1,1,1.0,10006,M,4854000.0,414499.0,10
201600007028,16,7,18,1130,1,1,1,1,7.0,10195,M,4857100.0,430300.0,10
201600007029,16,9,10,215,5,2,1,1,1.0,10006,M,4853800.0,414499.0,10
201600007030,16,9,26,800,1,1,1,5,6.0,10216,M,4867899.0,419210.0,10
201600007031,16,10,4,2015,3,1,1,1,6.0,10149,M,4838900.0,410900.0,10
201600007032,16,10,14,445,3,2,1,1,6.0,10216,M,4867600.0,419600.0,10
201600007033,16,10,29,1645,1,1,8,1,6.0,10429,M,4852200.0,411900.0,10
201600007034,16,12,11,430,3,1,1,1,6.0,10004,M,4858400.0,415400.0,10
201600007035,16,3,29,945,1,1,1,1,5.0,10373,M,4820289.0,400366.0,10
201600007036,16,4,13,1600,1,1,1,1,5.0,10342,M,4816377.0,405227.0,10
201600007037,16,8,20,1545,1,1,1,1,6.0,10120,M,4801958.0,411096.0,10
201600007038,16,9,21,1800,1,2,1,1,3.0,10140,M,4804130.0,390783.0,10
201600007039,16,4,14,1600,1,2,1,1,7.0,10344,M,4823080.0,406647.0,10
201600007040,16,5,8,1615,1,1,1,1,7.0,10349,M,4834090.0,397448.0,10
201600007041,16,7,12,700,1,1,1,1,1.0,10391,M,4837122.0,410624.0,10
201600007042,16,7,24,1915,1,1,1,1,7.0,10363,M,4820980.0,413294.0,10
201600007043,16,8,3,1715,1,1,1,1,6.0,10412,M,4831763.0,413165.0,10
201600007044,16,10,22,1945,3,1,1,1,2.0,10282,M,4836531.0,394950.0,10
201600007045,16,12,2,1515,1,2,1,1,2.0,10115,M,4833000.0,412300.0,10
201600007046,16,12,19,1900,3,1,1,1,1.0,10260,M,4822400.0,411000.0,10
201600007047,16,1,5,1045,1,1,1,1,6.0,10415,M,4827600.0,372300.0,10
201600007048,16,4,9,1615,1,2,1,1,3.0,10156,M,4827756.0,388327.0,10
201600007049,16,4,29,1415,1,2,1,1,3.0,10396,M,4822422.0,392262.0,10
201600007050,16,6,2,30,3,2,1,3,7.0,10125,M,4833500.0,382800.0,10
201600007051,16,7,13,1900,1,1,1,1,2.0,10415,M,4826600.0,374500.0,10
201600007052,16,8,19,1500,1,1,1,1,7.0,10037,M,4820200.0,387600.0,10
201600007053,16,9,1,1600,1,2,1,1,1.0,10003,M,4822600.0,373300.0,10
201600007054,16,11,27,1430,1,1,1,1,6.0,10156,M,4828200.0,386400.0,10
201600007055,16,3,19,800,1,1,1,1,6.0,10209,M,4836600.0,431000.0,10
201600007056,16,6,10,800,1,1,1,1,3.0,10238,M,4824282.0,432965.0,10
201600007057,16,7,21,1600,1,1,1,1,1.0,10375,M,4828400.0,419299.0,10
201600007058,16,9,17,645,2,1,1,2,7.0,10238,M,4824155.0,437269.0,10
201600007059,16,3,11,730,2,1,1,1,1.0,10033,M,4822712.0,472291.0,10
201600007060,16,7,18,1600,1,1,1,1,1.0,10048,M,4819253.0,456736.0,10
201600007061,16,10,24,1015,1,1,1,3,6.0,10250,M,4825787.0,467593.0,10
201600007062,16,12,20,1345,1,2,1,8,3.0,10250,M,4825800.0,466700.0,10
201600007063,16,4,13,1400,1,1,1,1,3.0,10372,M,4836945.0,469962.0,10
201600007064,16,7,4,1015,1,1,1,1,6.0,10428,M,4833200.0,474200.0,10
201600007065,16,10,12,1430,1,2,1,1,1.0,10094,M,4851800.0,456800.0,10
201600007066,16,12,9,1330,1,1,1,1,1.0,10285,M,4842413.0,453710.0,10
201600007067,16,1,12,1915,3,1,1,1,3.0,10295,M,4808183.0,438412.0,10
201600007068,16,1,23,545,3,1,1,1,6.0,10261,M,4798600.0,449800.0,10
201600007069,16,4,12,1630,1,1,2,1,5.0,10295,M,4807900.0,438900.0,10
201600007070,16,4,29,1230,1,2,1,1,3.0,10079,M,4794041.0,425795.0,10
201600007071,16,7,2,1845,1,1,1,1,6.0,10437,M,4814500.0,430400.0,10
201600007072,16,7,5,1145,1,1,1,1,3.0,10068,M,4805431.0,439073.0,10
201600007073,16,8,5,1545,1,1,1,2,7.0,10141,M,0.0,0.0,10
201600007074,16,8,24,1700,1,1,1,1,3.0,10213,M,4815954.0,441348.0,10
201600007075,16,10,6,1015,1,2,1,1,6.0,10187,M,4807163.0,447320.0,10
201600007076,16,11,10,1045,1,1,2,8,3.0,10317,M,4801300.0,433000.0,10
201600007077,16,11,10,2015,5,2,1,3,3.0,10158,M,4814900.0,426400.0,10
201600007078,16,11,11,2045,5,1,1,1,5.0,10437,M,4814500.0,429800.0,10
201600007079,16,11,17,2315,3,1,1,2,5.0,10034,M,0.0,0.0,10
201600007080,16,12,15,845,1,1,2,1,1.0,10068,M,4805400.0,439000.0,10
201600007081,16,12,28,1415,1,1,1,9,6.0,10418,M,4809500.0,432300.0,10
201600007082,16,1,22,715,2,1,1,1,1.0,10259,M,4846488.0,343475.0,10
201600007083,16,4,10,245,4,2,1,2,6.0,10031,M,4854925.0,357827.0,10
201600007084,16,5,1,1715,1,1,1,1,6.0,10106,M,4846179.0,342227.0,10
201600007085,16,5,6,845,1,1,1,1,6.0,10020,M,4870500.0,394300.0,10
201600007086,16,6,12,1200,1,1,1,1,7.0,10370,M,4838940.0,349011.0,10
201600007087,16,9,5,1300,1,1,1,2,1.0,10355,M,4851852.0,348298.0,10
201600007088,16,9,16,1715,1,1,1,8,6.0,10259,M,4847101.0,345597.0,10
201600007089,16,10,22,1945,3,1,9,1,6.0,10031,M,4855100.0,358774.0,10
201600007090,16,11,26,1800,2,1,1,1,3.0,10298,M,0.0,0.0,10
201600007091,16,12,1,1915,3,1,9,1,1.0,10268,M,4849338.0,351692.0,10
201600007092,16,12,5,1845,3,1,1,1,7.0,10254,M,4858292.0,349767.0,10
201600007093,16,10,16,1415,1,2,1,1,3.0,10289,M,4857500.0,396800.0,10
201600007094,16,10,22,1915,3,1,1,5,2.0,10234,M,4848436.0,388852.0,10
201600007095,16,11,30,845,2,2,1,1,2.0,10323,M,4851000.0,372400.0,10
201600007096,16,9,14,2300,3,1,1,1,7.0,52056,M,4807006.0,499758.0,52
201600007097,16,10,30,1400,1,1,1,1,1.0,52422,M,4802829.0,505954.0,52
201600007098,16,11,18,1215,1,1,1,2,7.0,52114,M,4801297.0,490589.0,52
201600007099,16,1,9,130,3,1,1,5,6.0,52064,M,4818850.0,558377.0,52
201600007100,16,2,21,1600,1,1,1,1,6.0,52183,M,4820304.0,539826.0,52
201600007101,16,11,7,1945,3,2,1,1,6.0,52237,M,4826475.0,562712.0,52
201600007102,16,1,25,1615,1,2,1,7,2.0,52353,M,4802154.0,533434.0,52
201600007103,16,6,12,1845,1,1,1,1,5.0,52248,M,4803452.0,542040.0,52
201600007104,16,9,10,15,3,1,1,1,6.0,52353,M,4804839.0,535805.0,52
201600007105,16,5,21,1130,1,1,1,1,1.0,52058,M,4820426.0,514886.0,52
201600007106,16,9,3,1215,1,1,1,1,7.0,52330,M,4818305.0,486652.0,52
201600007107,16,9,9,1800,1,1,1,1,7.0,52251,M,4815125.0,508512.0,52
201600007108,16,9,24,1730,1,2,1,1,7.0,52322,M,4819248.0,506944.0,52
201600007109,16,10,10,2315,3,1,1,1,1.0,52221,M,4815073.0,502690.0,52
201600007110,16,9,28,1645,1,2,9,1,2.0,52253,M,4818168.0,498194.0,52
201600007111,16,10,27,430,3,1,1,5,6.0,52310,M,4827789.0,502558.0,52
201600007112,16,10,29,915,1,1,1,1,7.0,52253,M,4818866.0,498822.0,52
201600007113,16,2,12,2200,3,1,1,2,1.0,52269,M,4785764.0,535774.0,52
201600007114,16,2,19,730,1,1,1,1,7.0,52432,M,4794727.0,527962.0,52
201600007115,16,4,23,1215,1,1,1,2,1.0,52348,M,4793059.0,543108.0,52
201600007116,16,5,13,1115,1,1,1,1,1.0,52037,M,4791042.0,540122.0,52
201600007117,16,6,8,1700,1,1,1,1,2.0,52036,M,4782186.0,540048.0,52
201600007118,16,7,16,1715,1,1,1,1,6.0,52105,M,4791174.0,538586.0,52
201600007119,16,10,28,1530,1,1,1,1,6.0,52447,M,4788416.0,526472.0,52
201600007120,16,5,7,2345,5,2,1,1,6.0,52332,M,4800124.0,548870.0,52
201600007121,16,7,10,1715,1,1,1,1,6.0,52208,M,4791847.0,583190.0,52
201600007122,16,12,4,1615,1,1,1,1,7.0,52060,M,4793969.0,576907.0,52
201600007123,16,1,17,1400,1,1,1,1,3.0,52119,M,4781752.0,549103.0,52
201600007124,16,8,6,1245,1,1,1,1,7.0,52093,M,4780015.0,542260.0,52
201600007125,16,8,19,1230,1,1,1,1,1.0,52513,M,4783191.0,572000.0,52
201600007126,16,4,16,1900,1,1,1,1,1.0,52529,M,4773258.0,531159.0,52
201600007127,16,6,9,1715,1,1,1,1,7.0,52062,M,4779661.0,531570.0,52
201600007128,16,7,3,1700,1,1,1,1,7.0,52028,M,4784425.0,503299.0,52
201600007129,16,9,28,2030,5,2,1,1,6.0,52405,M,4768017.0,529201.0,52
201600007130,16,10,2,730,2,1,1,1,1.0,52529,M,4771648.0,529982.0,52
201600007131,16,12,5,1230,1,1,1,9,6.0,52431,M,4782914.0,514011.0,52
201600007132,16,2,5,1615,1,1,1,8,1.0,52512,M,4846295.0,512978.0,52
201600007133,16,2,8,1215,1,1,1,3,7.0,52512,M,4846868.0,512688.0,52
201600007134,16,3,31,715,2,1,1,5,1.0,52456,M,4837959.0,517398.0,52
201600007135,16,5,15,1815,1,1,1,1,7.0,52118,M,4848203.0,509433.0,52
201600007136,16,5,17,830,1,1,1,1,6.0,52250,M,4844835.0,514302.0,52
201600007137,16,7,17,630,2,1,1,5,7.0,52230,M,4831849.0,515313.0,52
201600007138,16,7,23,1645,1,1,1,1,7.0,52347,M,4859052.0,508084.0,52
201600007139,16,9,14,1030,1,1,1,1,3.0,52118,M,4848131.0,512716.0,52
201600007140,16,9,24,800,1,2,3,1,1.0,52029,M,4847337.0,513724.0,52
201600007141,16,9,27,1645,1,1,1,1,1.0,52442,M,4842042.0,514687.0,52
201600007142,16,10,8,1745,1,1,1,2,2.0,52194,M,4859196.0,503147.0,52
201600007143,16,10,24,1930,5,2,1,2,6.0,52484,M,4844652.0,516929.0,52
201600007144,16,11,26,1515,1,1,1,1,7.0,52440,M,4837246.0,515311.0,52
201600007145,16,3,13,1845,2,2,9,1,6.0,52149,M,4841503.0,494046.0,52
201600007146,16,8,2,1315,1,1,1,2,7.0,52359,M,4836454.0,481815.0,52
201600007147,16,8,23,1745,1,2,1,1,1.0,52171,M,4842795.0,496332.0,52
201600007148,16,2,12,1230,1,1,1,8,3.0,21555,M,4741984.0,515324.0,21
201600007149,16,3,25,815,1,1,3,2,3.0,21179,M,4740337.0,511584.0,21
201600007150,16,8,23,1415,1,1,1,1,7.0,21555,M,4739271.0,511688.0,21
201600007151,16,9,12,15,3,2,1,1,6.0,21535,M,4737021.0,507951.0,21
201600007152,16,11,1,1620,1,1,1,1,2.0,21555,M,4739794.0,513229.0,21
201600007153,16,1,6,1315,1,2,1,3,1.0,21367,M,4725044.0,534200.0,21
201600007154,16,2,28,1500,1,2,1,1,6.0,21038,M,4719147.0,539117.0,21
201600007155,16,4,13,1315,1,2,1,1,6.0,21038,M,4717782.0,540448.0,21
201600007156,16,6,25,900,1,2,1,1,6.0,21371,M,4713644.0,533976.0,21
201600007157,16,8,13,1030,1,2,1,1,7.0,21699,M,4721184.0,534184.0,21
201600007158,16,8,29,715,2,1,9,1,1.0,21699,M,4720475.0,534574.0,21
201600007159,16,9,1,1615,1,2,1,1,1.0,21639,M,4717943.0,535141.0,21
201600007160,16,10,13,1910,5,2,1,2,6.0,21038,M,4719199.0,538430.0,21
201600007161,16,10,19,800,2,2,3,1,3.0,21038,M,4719375.0,539393.0,21