Num_Acc,an,mois,jour,hrmn,lum,agg,int,atm,col,com,gps,lat,long,dep
201600007162,16,3,17,1430,1,1,1,1,1.0,21352,M,4722373.0,524331.0,21
201600007163,16,4,10,445,5,2,1,1,6.0,21370,M,4727340.0,517107.0,21
201600007164,16,6,5,1800,1,1,1,1,7.0,21261,M,0.0,0.0,21
201600007165,16,9,13,1800,1,1,1,1,3.0,21106,M,4724533.0,509835.0,21
201600007166,16,1,29,1245,1,1,1,1,7.0,21113,M,4720181.0,502801.0,21
201600007167,16,1,29,1700,1,1,1,1,2.0,21458,M,4720174.0,508166.0,21
201600007168,16,3,17,1530,1,2,3,1,3.0,21295,M,4722596.0,496918.0,21
201600007169,16,5,16,1400,1,2,2,1,3.0,21295,M,4722490.0,497078.0,21
201600007170,16,6,5,1945,1,1,1,1,7.0,21390,M,4726639.0,499893.0,21
201600007171,16,7,25,2345,5,2,1,1,6.0,21442,M,4719249.0,496859.0,21
201600007172,16,8,8,1430,1,1,1,1,3.0,21586,M,4721789.0,506559.0,21
201600007173,16,8,11,1145,1,2,1,1,3.0,21390,M,4728218.0,500884.0,21
201600007174,16,12,2,1020,1,1,1,9,6.0,21132,M,4722446.0,491987.0,21
201600007175,16,3,3,1445,1,2,1,2,1.0,21496,M,4730404.0,541966.0,21
201600007176,16,9,13,1900,1,1,2,1,3.0,21437,M,4734875.0,537522.0,21
201600007177,16,1,9,1200,1,1,1,2,3.0,21391,M,4744314.0,511808.0,21
201600007178,16,3,11,1945,3,1,1,1,6.0,21421,M,4755890.0,492249.0,21
201600007179,16,3,23,330,3,1,1,1,1.0,21599,M,4757158.0,520644.0,21
201600007180,16,1,1,1415,1,1,1,1,6.0,21037,M,4698874.0,476015.0,21
201600007181,16,1,4,1500,1,1,1,1,3.0,21412,M,4696899.0,477725.0,21
201600007182,16,1,22,1845,3,1,1,2,3.0,21541,M,0.0,0.0,21
201600007183,16,1,25,1345,1,1,1,1,5.0,21527,M,4696866.0,469587.0,21
201600007184,16,3,14,1945,3,1,1,1,6.0,21558,M,4699072.0,487221.0,21
201600007185,16,5,16,2300,5,2,1,1,6.0,21461,M,4695274.0,463158.0,21
201600007186,16,6,7,1800,1,1,2,1,3.0,21534,M,4704079.0,490694.0,21
201600007187,16,6,24,1130,1,1,1,1,5.0,21492,M,4701488.0,479009.0,21
201600007188,16,7,1,1815,1,1,3,1,3.0,21712,M,4700297.0,478972.0,21
201600007189,16,8,3,1800,1,2,1,1,3.0,21684,M,4703050.0,488222.0,21
201600007190,16,9,9,1830,2,1,1,1,1.0,21582,M,4691297.0,471760.0,21
201600007191,16,6,4,1145,1,2,1,1,1.0,21600,M,4728180.0,462269.0,21
201600007192,16,6,11,945,1,2,1,1,7.0,21652,M,4721146.0,463072.0,21
201600007193,16,6,19,1415,1,1,9,1,3.0,21360,M,4708118.0,470897.0,21
201600007194,16,8,15,2215,3,1,1,1,4.0,21251,M,4720100.0,453900.0,21
201600007195,16,1,4,1830,3,1,1,2,6.0,21688,M,4714502.0,490841.0,21
201600007196,16,3,22,1315,1,1,1,7,5.0,21506,M,4711614.0,493677.0,21
201600007197,16,6,6,1900,1,1,1,1,1.0,21289,M,4712204.0,483681.0,21
201600007198,16,7,8,1615,1,2,1,1,6.0,21464,M,4713497.0,495783.0,21
201600007199,16,12,3,1455,1,2,2,1,3.0,21368,M,4709777.0,487537.0,21
201600007200,16,12,22,1750,5,2,1,2,6.0,21606,M,4707213.0,487587.0,21
201600007201,16,3,12,200,3,1,1,1,6.0,21089,M,4708191.0,513842.0,21
201600007202,16,2,21,1945,5,2,1,1,6.0,21154,M,4786892.0,457765.0,21
201600007203,16,6,26,1930,1,2,1,1,5.0,21115,M,4783166.0,457174.0,21
201600007204,16,7,25,1515,1,1,1,1,6.0,21134,M,4779569.0,454362.0,21
201600007205,16,7,28,1400,1,1,1,3,7.0,21115,M,4781503.0,454809.0,21
201600007206,16,9,3,2315,3,1,1,1,7.0,21296,M,4800212.0,478495.0,21
201600007207,16,4,18,2000,1,1,1,1,6.0,21004,M,4764666.0,473661.0,21
201600007208,16,5,20,1700,1,1,1,1,1.0,21257,M,4759709.0,458846.0,21
201600007209,16,7,8,200,4,2,1,1,7.0,21364,M,4768536.0,457958.0,21
201600007210,16,9,6,2230,3,2,1,1,6.0,21276,M,4764358.0,451705.0,21
201600007211,16,2,27,2315,3,1,1,1,7.0,21199,M,4755843.0,420424.0,21
201600007212,16,3,19,1430,1,1,1,1,2.0,21696,M,4744084.0,439195.0,21
201600007213,16,4,10,515,5,2,1,1,6.0,21603,M,0.0,0.0,21
201600007214,16,6,11,915,1,2,1,1,7.0,21425,M,4762152.0,435486.0,21
201600007215,16,9,13,1915,1,1,1,7,6.0,21291,M,4753781.0,429544.0,21
201600007216,16,2,26,1600,1,1,2,1,3.0,21080,M,4736770.0,477504.0,21
201600007217,16,2,19,2230,3,1,1,1,6.0,21234,M,4733904.0,468485.0,21
201600007218,16,6,19,2045,1,1,1,1,1.0,21018,M,4728030.0,483371.0,21
201600007219,16,7,9,1145,1,1,1,1,2.0,21223,M,4735979.0,497669.0,21
201600007220,16,9,14,1445,1,1,1,1,6.0,21559,M,4729756.0,480851.0,21
201600007221,16,9,30,1715,1,1,1,1,1.0,21373,M,4732911.0,478352.0,21
201600007222,16,3,15,1200,1,2,3,1,3.0,58250,M,0.0,0.0,58
201600007223,16,3,23,845,1,1,1,1,6.0,58151,M,0.0,0.0,58
201600007224,16,4,3,1115,1,1,1,1,1.0,58046,M,0.0,0.0,58
201600007225,16,9,3,1845,1,1,1,1,2.0,58280,M,0.0,0.0,58
201600007226,16,9,19,630,2,1,1,8,7.0,58095,M,0.0,0.0,58
201600007227,16,9,24,1030,1,1,1,1,1.0,58095,M,0.0,0.0,58
201600007228,16,9,3,1630,1,1,1,7,6.0,58172,M,0.0,0.0,58
201600007229,16,10,4,1800,1,2,6,1,3.0,58095,M,0.0,0.0,58
201600007230,16,11,3,915,2,2,1,1,1.0,58095,M,0.0,0.0,58
201600007231,16,12,15,815,1,1,1,1,7.0,58291,M,0.0,0.0,58
201600007232,16,12,15,1330,1,1,1,2,7.0,58241,M,0.0,0.0,58
201600007233,16,12,28,1830,5,2,1,2,6.0,58095,M,0.0,0.0,58
201600007234,16,1,13,2100,5,2,1,1,3.0,58160,M,0.0,0.0,58
201600007235,16,1,16,930,1,1,1,1,1.0,58121,M,0.0,0.0,58
201600007236,16,2,24,1745,2,2,2,3,3.0,58117,M,0.0,0.0,58
201600007237,16,3,18,1215,1,2,1,1,3.0,58117,M,0.0,0.0,58
201600007238,16,4,20,800,1,2,1,1,3.0,58117,M,0.0,0.0,58
201600007239,16,6,9,1445,1,2,1,1,1.0,58117,M,0.0,0.0,58
201600007240,16,8,3,1830,1,1,1,1,1.0,58160,M,0.0,0.0,58
201600007241,16,1,2,1500,1,1,1,1,1.0,58247,M,0.0,0.0,58
201600007242,16,1,31,1345,1,1,1,2,6.0,58258,M,0.0,0.0,58
201600007243,16,5,11,1145,1,1,1,1,6.0,58238,M,4660900.0,338600.0,58
201600007244,16,5,15,400,3,1,1,1,7.0,58134,M,0.0,0.0,58
201600007245,16,6,1,1415,1,1,1,2,2.0,58232,M,0.0,0.0,58
201600007246,16,7,10,1245,1,1,1,1,3.0,58072,M,0.0,0.0,58
201600007247,16,7,23,1615,1,2,3,1,1.0,58238,M,0.0,0.0,58
201600007248,16,7,24,1530,1,2,1,1,3.0,58031,M,0.0,0.0,58
201600007249,16,9,5,1915,1,2,1,1,6.0,58258,M,0.0,0.0,58
201600007250,16,10,14,1215,1,1,1,3,6.0,58072,M,0.0,0.0,58
201600007251,16,10,26,2130,3,1,1,1,7.0,58232,M,0.0,0.0,58
201600007252,16,10,29,2000,3,1,1,1,1.0,58006,M,0.0,0.0,58
201600007253,16,12,22,1745,2,1,1,2,1.0,58072,M,0.0,0.0,58
201600007254,16,1,15,115,3,1,1,1,3.0,58264,M,0.0,0.0,58
201600007255,16,4,22,1345,1,1,1,1,1.0,58293,M,0.0,0.0,58
201600007256,16,7,1,915,1,1,1,1,1.0,58296,M,0.0,0.0,58
201600007257,16,7,16,1445,1,1,1,1,5.0,58264,M,0.0,0.0,58
201600007258,16,9,3,1345,1,2,1,1,6.0,58152,M,0.0,0.0,58
201600007259,16,9,11,2115,3,1,1,1,6.0,58051,M,0.0,0.0,58
201600007260,16,9,18,815,1,1,1,1,1.0,58057,M,0.0,0.0,58
201600007261,16,10,7,1745,1,1,6,1,6.0,58152,M,0.0,0.0,58
201600007262,16,11,5,1900,3,1,1,1,6.0,58146,M,0.0,0.0,58
201600007263,16,12,3,1600,1,1,1,1,7.0,58146,M,0.0,0.0,58
201600007264,16,3,20,1,5,1,1,1,6.0,58267,M,0.0,0.0,58
201600007265,16,3,26,2245,3,2,1,1,6.0,58017,M,0.0,0.0,58
201600007266,16,4,23,1700,1,1,3,1,1.0,58223,M,0.0,0.0,58
201600007267,16,5,6,1600,1,1,1,1,1.0,58223,M,0.0,0.0,58
201600007268,16,5,2,2030,2,1,1,1,6.0,58253,M,0.0,0.0,58
201600007269,16,5,11,2015,1,1,1,1,1.0,58004,M,0.0,0.0,58
201600007270,16,5,15,1445,1,1,1,1,6.0,58092,M,0.0,0.0,58
201600007271,16,6,16,1645,1,2,1,1,3.0,58035,M,0.0,0.0,58
201600007272,16,7,1,1845,1,1,1,1,3.0,58017,M,0.0,0.0,58
201600007273,16,3,14,1045,1,2,6,1,6.0,58062,M,0.0,0.0,58
201600007274,16,7,31,1730,1,1,1,1,7.0,58111,M,0.0,0.0,58
201600007275,16,8,19,1500,1,1,1,1,1.0,58010,M,0.0,0.0,58
201600007276,16,9,11,1730,1,1,1,1,1.0,58139,M,0.0,0.0,58
201600007277,16,9,21,2345,3,1,1,1,6.0,58062,M,0.0,0.0,58
201600007278,16,10,22,1015,1,1,1,1,2.0,58063,M,0.0,0.0,58
201600007279,16,11,14,1400,1,1,1,1,6.0,58173,M,0.0,0.0,58
201600007280,16,5,19,1445,1,2,1,2,7.0,58079,M,0.0,0.0,58
201600007281,16,7,10,230,3,1,1,1,1.0,58079,M,0.0,0.0,58
201600007282,16,10,24,1345,1,2,1,3,7.0,58286,M,4760800.0,300200.0,58
201600007283,16,11,6,1400,1,2,1,8,1.0,58079,M,0.0,0.0,58
201600007284,16,11,7,1930,5,2,1,2,6.0,58156,M,0.0,0.0,58
201600007285,16,12,23,230,3,1,1,2,6.0,58032,M,4779500.0,372400.0,58
201600007286,16,2,21,1115,1,1,1,2,7.0,58075,M,0.0,0.0,58
201600007287,16,7,23,1545,1,1,1,1,5.0,58185,M,4717500.0,409000.0,58
201600007288,16,7,31,1715,1,1,1,1,6.0,58106,M,0.0,0.0,58
201600007289,16,9,28,830,1,1,1,1,7.0,58305,M,0.0,0.0,58
201600007290,16,12,3,1500,1,2,1,8,7.0,58083,M,0.0,0.0,58
201600007291,16,6,26,900,1,1,1,7,1.0,58086,M,0.0,0.0,58
201600007292,16,8,1,1200,1,2,1,1,7.0,58193,M,0.0,0.0,58
201600007293,16,8,30,1300,1,2,1,1,3.0,58086,M,0.0,0.0,58
201600007294,16,9,17,1600,1,1,1,1,7.0,58002,M,0.0,0.0,58
201600007295,16,11,3,915,2,1,1,7,1.0,58077,M,0.0,0.0,58
201600007296,16,11,27,1500,1,2,1,1,3.0,58086,M,0.0,0.0,58
201600007297,16,2,1,1545,1,1,1,1,1.0,58122,M,0.0,0.0,58
201600007298,16,2,10,1145,1,1,1,1,6.0,58218,M,0.0,0.0,58
201600007299,16,4,3,530,5,2,1,1,6.0,58164,M,0.0,0.0,58
201600007300,16,5,7,1645,1,1,1,1,6.0,58027,M,0.0,0.0,58
201600007301,16,6,10,900,1,1,1,1,3.0,58302,M,0.0,0.0,58
201600007302,16,8,25,830,1,2,1,7,6.0,58059,M,0.0,0.0,58
201600007303,16,9,18,500,3,1,1,1,6.0,58295,M,0.0,0.0,58
201600007304,16,9,27,930,1,2,1,1,6.0,58059,M,0.0,0.0,58
201600007305,16,10,26,2145,3,1,1,1,6.0,58215,M,0.0,0.0,58
201600007306,16,11,5,1730,2,1,1,1,3.0,58059,M,0.0,0.0,58
201600007307,16,11,6,445,3,2,1,2,6.0,58122,M,0.0,0.0,58
201600007308,16,12,12,1730,2,1,1,1,1.0,58256,M,0.0,0.0,58
201600007309,16,12,13,1500,1,2,1,1,6.0,58215,M,0.0,0.0,58
201600007310,16,12,28,100,4,2,1,8,6.0,58295,M,0.0,0.0,58
201600007311,16,7,15,1600,1,1,1,1,6.0,58227,M,0.0,0.0,58
201600007312,16,5,10,1545,1,1,1,1,1.0,71210,M,4628738.0,474321.0,71
201600007313,16,6,12,1015,1,1,2,2,3.0,71360,M,4631778.0,474932.0,71
201600007314,16,8,9,330,5,1,1,1,2.0,71525,M,0.0,0.0,71
201600007315,16,8,10,1800,1,1,1,1,3.0,71574,M,0.0,0.0,71
201600007316,16,8,23,1445,1,2,1,1,1.0,71250,M,4637235.0,480589.0,71
201600007317,16,9,25,500,3,1,1,1,6.0,71126,M,0.0,0.0,71
201600007318,16,9,29,1915,2,2,1,1,1.0,71526,M,4629754.0,472371.0,71
201600007319,16,9,30,1945,3,1,1,2,1.0,71235,M,4634776.0,480507.0,71
201600007320,16,10,15,1800,1,1,2,1,3.0,71360,M,4633289.0,473639.0,71
201600007321,16,10,17,1915,2,1,1,2,3.0,71360,M,4633288.0,473644.0,71
201600007322,16,11,15,1600,1,1,1,1,2.0,71360,M,4631906.0,477296.0,71
201600007323,16,12,26,1445,1,2,1,2,2.0,71235,M,4635231.0,479356.0,71
201600007324,16,2,5,1630,1,2,1,1,4.0,71090,M,4621655.0,477753.0,71
201600007325,16,5,2,1515,1,2,1,1,7.0,71385,M,4624351.0,473520.0,71
201600007326,16,6,19,1130,1,2,1,8,6.0,71372,M,0.0,0.0,71
201600007327,16,7,10,1330,1,2,1,1,6.0,71090,M,4621230.0,475610.0,71
201600007328,16,8,3,1030,1,2,1,1,3.0,71090,M,4621342.0,475937.0,71
201600007329,16,8,29,1600,1,1,1,1,4.0,71481,M,4619763.0,476346.0,71
201600007330,16,10,19,730,5,2,1,1,6.0,71084,M,4624640.0,476219.0,71
201600007331,16,4,1,1515,1,2,1,1,7.0,71545,M,4630857.0,460910.0,71
201600007332,16,6,10,945,1,2,1,1,1.0,71495,M,4651830.0,459036.0,71
201600007333,16,6,24,1330,1,2,6,1,3.0,71137,M,4643974.0,465982.0,71
201600007334,16,8,15,1415,1,1,1,1,6.0,71470,M,0.0,0.0,71
201600007335,16,1,28,700,5,1,1,1,3.0,71550,M,0.0,0.0,71
201600007336,16,4,7,2330,3,1,1,1,1.0,71543,M,0.0,0.0,71
201600007337,16,5,28,1545,1,1,1,1,3.0,71345,M,4643698.0,482342.0,71
201600007338,16,6,26,345,3,1,1,1,6.0,71100,M,0.0,0.0,71
201600007339,16,7,10,2030,1,1,1,1,6.0,71016,M,4642914.0,474335.0,71
201600007340,16,7,20,1045,1,1,1,1,3.0,71550,M,4649618.0,489550.0,71
201600007341,16,11,15,1330,1,1,6,1,3.0,71591,M,0.0,0.0,71
201600007342,16,11,17,1830,3,1,1,1,1.0,71248,M,4655645.0,492052.0,71
201600007343,16,12,7,1745,1,1,1,5,1.0,71543,M,4660061.0,489665.0,71
201600007344,16,2,3,1330,1,1,1,2,6.0,71266,M,4707328.0,424811.0,71
201600007345,16,5,30,1715,2,1,1,2,6.0,71014,M,0.0,0.0,71
201600007346,16,7,19,2000,1,1,1,1,1.0,71010,M,4689884.0,440770.0,71
201600007347,16,8,1,1015,1,2,1,1,5.0,71014,M,4697068.0,430597.0,71
201600007348,16,9,3,1745,1,2,9,7,3.0,71162,M,0.0,0.0,71
201600007349,16,9,29,1400,1,1,1,1,1.0,71014,M,4695189.0,429216.0,71
201600007350,16,10,25,745,2,1,1,5,7.0,71313,M,4693437.0,421212.0,71
201600007351,16,8,4,1700,1,1,1,2,6.0,71098,M,0.0,0.0,71
201600007352,16,6,14,1700,1,1,1,1,3.0,71149,M,0.0,0.0,71
201600007353,16,7,2,1715,1,1,1,1,1.0,71257,M,0.0,0.0,71
201600007354,16,7,3,1245,1,2,1,1,4.0,71073,M,4690429.0,476195.0,71
201600007355,16,9,1,845,1,2,1,7,6.0,71073,M,4690435.0,475486.0,71
201600007356,16,9,15,830,1,1,1,1,1.0,71391,M,0.0,0.0,71
201600007357,16,12,3,845,3,1,1,5,3.0,71378,M,0.0,0.0,71
201600007358,16,5,21,2000,1,1,2,1,3.0,71124,M,4667837.0,470171.0,71
201600007359,16,6,1,830,1,2,2,1,3.0,71269,M,4674862.0,485025.0,71
201600007360,16,7,18,1345,1,1,1,1,1.0,71374,M,4674313.0,471251.0,71
201600007361,16,8,17,2345,3,1,1,1,2.0,71426,M,0.0,0.0,71
201600007362,16,10,7,1715,1,2,1,1,2.0,71269,M,4675758.0,484344.0,71
201600007363,16,10,22,1430,1,1,1,1,7.0,71277,M,0.0,0.0,71
201600007364,16,2,28,315,4,2,1,1,6.0,71336,M,0.0,0.0,71
201600007365,16,3,17,730,1,1,1,5,3.0,71215,M,0.0,0.0,71
201600007366,16,5,28,1045,1,1,1,8,1.0,71398,M,0.0,0.0,71
201600007367,16,6,12,1745,1,2,1,1,3.0,71456,M,4676508.0,505947.0,71
201600007368,16,7,3,1015,1,1,1,1,1.0,71398,M,0.0,0.0,71
201600007369,16,7,4,1500,1,1,1,1,1.0,71420,M,0.0,0.0,71
201600007370,16,7,15,1615,1,1,1,1,4.0,71256,M,0.0,0.0,71
201600007371,16,8,10,1845,1,2,1,1,2.0,71033,M,4681975.0,496756.0,71
201600007372,16,9,6,1700,1,2,1,1,2.0,71189,M,0.0,0.0,71
201600007373,16,9,8,1915,1,1,1,1,3.0,71398,M,0.0,0.0,71
201600007374,16,9,14,1500,1,1,1,1,7.0,71329,M,0.0,0.0,71
201600007375,16,9,24,1000,1,1,1,1,3.0,71420,M,4667892.0,495498.0,71
201600007376,16,11,1,400,4,1,1,1,7.0,71420,M,4668864.0,497530.0,71
201600007377,16,11,4,15,4,1,1,1,6.0,71189,M,4674197.0,491218.0,71
201600007378,16,4,24,1000,1,2,1,1,2.0,71444,M,0.0,0.0,71
201600007379,16,6,23,1745,1,1,1,1,3.0,71555,M,4670002.0,488633.0,71
201600007380,16,7,5,1745,1,2,1,1,3.0,71444,M,4672947.0,485759.0,71
201600007381,16,9,24,1645,1,1,1,1,2.0,71555,M,0.0,0.0,71
201600007382,16,10,8,30,3,1,1,1,7.0,71512,M,0.0,0.0,71
201600007383,16,1,20,1000,1,2,1,8,6.0,71106,M,0.0,0.0,71
201600007384,16,5,23,1600,1,1,1,2,3.0,71086,M,0.0,0.0,71
201600007385,16,9,2,1930,2,1,1,1,6.0,71394,M,0.0,0.0,71
201600007386,16,2,26,1900,3,1,1,1,1.0,71473,M,0.0,0.0,71
201600007387,16,3,17,800,1,1,1,1,1.0,71110,M,0.0,0.0,71
201600007388,16,6,28,1715,1,1,1,1,1.0,71120,M,4620773.0,429981.0,71
201600007389,16,12,5,745,2,1,1,9,5.0,71095,M,4625560.0,429937.0,71
201600007390,16,3,2,1100,1,1,3,2,3.0,71325,M,0.0,0.0,71
201600007391,16,3,20,30,5,1,1,1,1.0,71176,M,4648023.0,396999.0,71
201600007392,16,5,6,1830,1,2,1,1,6.0,71176,M,4648736.0,401356.0,71
201600007393,16,8,22,1730,1,1,1,7,1.0,71325,M,4649188.0,396253.0,71
201600007394,16,9,17,2100,5,2,2,3,3.0,71176,M,4648136.0,397192.0,71
201600007395,16,9,24,1100,1,2,1,1,6.0,71176,M,4644930.0,411814.0,71
201600007396,16,7,30,1545,1,1,2,1,3.0,71024,M,0.0,0.0,71
201600007397,16,10,23,630,3,1,1,1,7.0,71307,M,4635868.0,403456.0,71
201600007398,16,8,27,745,2,1,1,1,1.0,71590,M,0.0,0.0,71
201600007399,16,11,12,1345,1,1,1,8,5.0,71232,M,4643622.0,415950.0,71
201600007400,16,11,29,1745,2,2,1,1,3.0,71588,M,4645438.0,405848.0,71
201600007401,16,12,4,1215,1,2,1,1,6.0,71439,M,4647348.0,409085.0,71
201600007402,16,6,23,1430,1,1,1,1,7.0,71442,M,0.0,0.0,71
201600007403,16,6,25,1930,1,2,1,1,1.0,71047,M,4661442.0,376404.0,71
201600007404,16,6,29,1215,1,2,1,1,3.0,71047,M,4662210.0,377691.0,71
201600007405,16,8,18,1200,1,1,1,1,6.0,71227,M,4665821.0,395459.0,71
201600007406,16,9,5,945,1,1,1,1,1.0,71152,M,4672339.0,388261.0,71
201600007407,16,9,25,2100,3,1,1,1,7.0,71280,M,4672939.0,395123.0,71
201600007408,16,1,30,515,3,1,1,8,6.0,71370,M,4653400.0,403890.0,71
201600007409,16,2,21,1345,1,1,1,1,5.0,71340,M,0.0,0.0,71
201600007410,16,3,4,1700,1,1,1,3,1.0,71370,M,0.0,0.0,71
201600007411,16,6,16,1800,1,2,1,1,6.0,71542,M,4669727.0,413065.0,71
201600007412,16,11,8,1430,1,1,1,1,1.0,71490,M,0.0,0.0,71
201600007413,16,7,1,1930,1,1,1,1,3.0,71558,M,4652474.0,524122.0,71
201600007414,16,10,28,1500,1,1,1,8,6.0,71528,M,4662592.0,515152.0,71
201600007415,16,11,20,1845,5,2,1,1,3.0,71027,M,4666893.0,538874.0,71
201600007416,16,12,20,1015,1,2,1,1,6.0,71263,M,4662843.0,522086.0,71
201600007417,16,7,21,900,1,2,1,1,6.0,71318,M,4655711.0,516472.0,71
201600007418,16,10,7,1900,1,1,1,1,6.0,71244,M,4658282.0,507366.0,71
201600007419,16,1,11,1545,1,1,1,6,6.0,71396,M,0.0,0.0,71
201600007420,16,2,13,1430,1,1,1,2,7.0,71419,M,4673414.0,527084.0,71
201600007421,16,3,5,2015,3,1,1,2,3.0,71534,M,0.0,0.0,71
201600007422,16,4,2,2015,2,2,1,1,1.0,71207,M,0.0,0.0,71
201600007423,16,4,10,1715,1,1,1,1,6.0,71093,M,0.0,0.0,71
201600007424,16,6,18,915,1,1,1,1,1.0,71173,M,0.0,0.0,71
201600007425,16,10,3,1145,1,1,1,1,1.0,71351,M,0.0,0.0,71
201600007426,16,11,22,900,1,1,1,2,3.0,71357,M,4696018.0,524194.0,71
201600007427,16,12,6,1915,5,2,3,5,7.0,71351,M,4688312.0,526354.0,71
201600007428,16,12,10,730,2,1,1,5,5.0,71357,M,0.0,0.0,71
201600007429,16,12,10,230,3,1,1,5,6.0,71295,M,0.0,0.0,71
201600007430,16,12,10,2245,4,2,1,5,6.0,71314,M,4680636.0,530973.0,71
201600007431,16,9,19,400,3,1,1,1,6.0,71282,M,0.0,0.0,71
201600007432,16,9,23,1800,1,1,1,7,6.0,71479,M,4682284.0,442188.0,71
201600007433,16,10,22,300,3,1,9,5,6.0,71038,M,4673617.0,436342.0,71
201600007434,16,12,1,800,1,2,1,1,6.0,71310,M,4674983.0,447040.0,71
201600007435,16,2,8,1345,1,1,1,6,1.0,71417,M,4661397.0,465678.0,71
201600007436,16,8,7,1900,1,1,1,1,3.0,71455,M,4666446.0,459538.0,71
201600007437,16,3,11,145,3,1,1,1,4.0,89350,M,4800620.0,315831.0,89
201600007438,16,3,16,330,3,1,1,1,3.0,89133,M,4799319.0,317772.0,89
201600007439,16,5,31,300,3,1,1,2,7.0,89313,M,4797582.0,319619.0,89
201600007440,16,6,17,800,1,1,1,2,6.0,89384,M,4789888.0,336080.0,89
201600007441,16,8,24,815,1,1,1,1,2.0,89388,M,4794860.0,323388.0,89
201600007442,16,8,27,630,3,1,1,1,7.0,89053,M,4787558.0,347663.0,89
201600007443,16,10,20,100,3,1,1,1,5.0,89384,M,4790325.0,334780.0,89
201600007444,16,12,25,15,3,1,1,1,2.0,89388,M,4793535.0,324678.0,89
201600007445,16,2,14,1700,1,1,1,2,5.0,89404,M,4816391.0,317605.0,89
201600007446,16,2,25,2300,3,1,1,1,2.0,89136,M,4826310.0,329056.0,89
201600007447,16,4,8,845,1,1,1,2,6.0,89124,M,4835338.0,317374.0,89
201600007448,16,3,12,930,1,1,1,1,3.0,89291,M,4811569.0,328906.0,89
201600007449,16,5,22,1215,1,1,1,3,6.0,89027,M,4824068.0,359682.0,89
201600007450,16,5,30,130,3,1,1,3,6.0,89136,M,4824573.0,326636.0,89
201600007451,16,6,13,2215,3,1,1,1,2.0,89466,M,4818580.0,318094.0,89
201600007452,16,7,19,2245,3,1,1,1,6.0,89461,M,4824535.0,355462.0,89
201600007453,16,8,4,1715,1,1,1,1,7.0,89442,M,4808545.0,313122.0,89
201600007454,16,8,7,1200,1,1,1,1,6.0,89442,M,4810355.0,313702.0,89
201600007455,16,8,11,2315,3,1,1,1,7.0,89380,M,4806548.0,308203.0,89
201600007456,16,11,6,1415,1,1,1,4,6.0,89442,M,4808267.0,312895.0,89
201600007457,16,11,11,715,2,1,1,8,6.0,89461,M,4824448.0,356315.0,89
201600007458,16,12,18,515,3,1,1,5,2.0,89350,M,4802718.0,312986.0,89
201600007459,16,1,7,645,3,1,1,2,6.0,89077,M,4773802.0,360596.0,89
201600007460,16,3,15,1600,1,1,1,1,2.0,89438,M,4779417.0,365225.0,89
201600007461,16,5,4,1430,1,1,1,7,1.0,89453,M,4778726.0,352211.0,89
201600007462,16,5,12,1645,1,1,1,8,1.0,89013,M,4786079.0,354065.0,89
201600007463,16,8,8,1200,1,1,1,1,1.0,89438,M,4779345.0,363346.0,89
201600007464,16,9,1,1945,2,1,1,1,1.0,89083,M,4782110.0,344495.0,89
201600007465,16,9,9,715,1,2,1,1,1.0,89013,M,4787154.0,353414.0,89
201600007466,16,9,30,1430,1,1,1,1,3.0,89337,M,0.0,0.0,89
201600007467,16,10,4,1045,1,1,1,1,2.0,89013,M,4787400.0,353500.0,89
201600007468,16,10,31,1800,3,2,1,1,7.0,89438,M,4781506.0,361843.0,89
201600007469,16,11,2,1630,1,2,1,1,2.0,89083,M,4782655.0,345658.0,89
201600007470,16,11,6,745,1,1,1,2,1.0,89453,M,4778465.0,352146.0,89
201600007471,16,12,1,1815,3,1,1,9,3.0,89438,M,4780736.0,367474.0,89
201600007472,16,4,7,1330,1,1,1,1,5.0,89441,M,4766793.0,372030.0,89
201600007473,16,7,24,1015,1,1,1,1,7.0,89125,M,4759006.0,350878.0,89
201600007474,16,7,29,30,5,2,1,1,3.0,89130,M,0.0,0.0,89
201600007475,16,7,30,1100,1,2,1,1,7.0,89158,M,0.0,0.0,89
201600007476,16,8,9,615,1,1,1,1,7.0,89084,M,4764932.0,353893.0,89
201600007477,16,8,14,2300,3,1,1,1,7.0,89314,M,4764544.0,366963.0,89
201600007478,16,10,2,600,1,1,1,1,6.0,89158,M,4751868.0,330033.0,89
201600007479,16,11,28,1630,1,1,1,7,5.0,89256,M,4766858.0,351608.0,89
201600007480,16,2,2,800,1,1,1,2,6.0,89061,M,4799202.0,383153.0,89
201600007481,16,4,23,1845,1,1,1,1,6.0,89186,M,4799627.0,376154.0,89
201600007482,16,9,28,1130,1,2,9,1,6.0,89345,M,4800084.0,373017.0,89
201600007483,16,10,31,1800,3,1,1,1,1.0,89425,M,4801256.0,372319.0,89
201600007484,16,12,6,1400,1,1,2,1,3.0,89425,M,4805888.0,374626.0,89
201600007485,16,12,8,1545,1,2,1,1,3.0,89474,M,4794305.0,383479.0,89
201600007486,16,3,24,1645,1,1,2,1,3.0,89307,M,4792013.0,371317.0,89
201600007487,16,4,5,1530,1,1,1,1,5.0,89263,M,4783986.0,355144.0,89
201600007488,16,5,8,1815,1,1,1,1,7.0,89034,M,4781210.0,370927.0,89
201600007489,16,7,9,530,2,1,1,1,1.0,89200,M,4792100.0,360386.0,89
201600007490,16,7,22,1630,1,1,1,1,3.0,89068,M,4779596.0,379883.0,89
201600007491,16,7,25,1500,1,1,1,1,1.0,89263,M,4783429.0,355280.0,89
201600007492,16,9,3,1930,2,2,1,7,1.0,89328,M,0.0,0.0,89
201600007493,16,10,12,830,1,2,1,1,3.0,89382,M,4790266.0,361024.0,89
201600007494,16,10,13,1630,1,1,2,8,2.0,89263,M,4783867.0,355170.0,89
201600007495,16,11,3,1500,1,1,2,1,3.0,89002,M,4771748.0,390988.0,89
201600007496,16,1,4,1830,3,1,1,2,3.0,89311,M,4775004.0,340452.0,89