Num_Acc,an,mois,jour,hrmn,lum,agg,int,atm,col,com,gps,lat,long,dep
201600007497,16,2,20,445,3,1,1,2,6.0,89216,M,4754085.0,324993.0,89
201600007498,16,2,23,1815,2,1,1,2,1.0,89344,M,4762566.0,306926.0,89
201600007499,16,5,1,930,1,2,1,1,6.0,89344,M,4764243.0,307260.0,89
201600007500,16,5,5,2000,1,1,1,1,6.0,89344,M,4761667.0,312573.0,89
201600007501,16,6,11,2300,3,1,1,2,6.0,89365,M,0.0,0.0,89
201600007502,16,7,15,1445,1,1,1,1,1.0,89344,M,4762384.0,305953.0,89
201600007503,16,7,19,1845,1,1,3,1,4.0,89344,M,4770315.0,309954.0,89
201600007504,16,8,20,1930,1,1,1,1,6.0,89419,M,4773444.0,331707.0,89
201600007505,16,9,27,915,1,2,1,1,1.0,89311,M,4775615.0,342052.0,89
201600007506,16,10,7,845,1,1,1,1,5.0,89222,M,4766411.0,330236.0,89
201600007507,16,11,6,1300,1,1,1,1,6.0,89368,M,4762073.0,322802.0,89
201600007508,16,12,19,130,4,1,1,1,6.0,89324,M,4773618.0,289519.0,89
201600007509,16,2,13,815,2,1,1,2,6.0,89071,M,4745834.0,367562.0,89
201600007510,16,4,5,1315,1,1,1,1,3.0,89235,M,0.0,0.0,89
201600007511,16,7,9,15,3,1,1,1,6.0,89378,M,4752422.0,398645.0,89
201600007512,16,7,19,1045,1,1,2,1,3.0,89235,M,4748809.0,398544.0,89
201600007513,16,8,7,1200,1,2,1,1,1.0,89025,M,4748875.0,392047.0,89
201600007514,16,8,23,1445,1,2,1,1,3.0,89091,M,4753452.0,360847.0,89
201600007515,16,9,18,1400,1,1,9,5,1.0,89409,M,4747521.0,380853.0,89
201600007516,16,10,2,1115,1,1,1,1,5.0,89089,M,4737701.0,388114.0,89
201600007517,16,11,15,1700,2,2,1,1,6.0,89025,M,4749312.0,390807.0,89
201600007518,16,3,17,815,1,1,4,1,5.0,89134,M,4747470.0,401810.0,89
201600007519,16,9,30,715,1,1,1,1,6.0,89042,M,4760083.0,419351.0,89
201600007520,16,12,11,1706,3,1,1,5,1.0,89208,M,4759333.0,386559.0,89
201600007521,16,3,7,1500,1,1,1,8,1.0,89037,M,4795550.0,331470.0,89
201600007522,16,3,30,1500,1,2,1,8,3.0,89206,M,4797767.0,342668.0,89
201600007523,16,4,19,1600,1,1,2,1,3.0,89230,M,4798308.0,344634.0,89
201600007524,16,7,9,1145,1,2,1,1,3.0,89206,M,4797530.0,339342.0,89
201600007525,16,10,9,700,2,1,1,1,1.0,89335,M,4798927.0,336909.0,89
201600007526,16,12,1,1000,1,2,1,1,2.0,89206,M,4798390.0,340088.0,89
201600007527,16,12,6,1130,1,1,1,1,1.0,89037,M,4795268.0,330701.0,89
201600007528,16,7,29,1700,1,1,1,1,1.0,89086,M,4788326.0,308269.0,89
201600007529,16,12,4,2230,3,1,1,9,6.0,89484,M,4791998.0,332643.0,89
201600007530,16,2,12,1130,1,2,1,3,6.0,89055,M,4799212.0,362147.0,89
201600007531,16,3,25,1830,1,1,1,8,6.0,89218,M,4796519.0,346776.0,89
201600007532,16,6,23,730,1,2,1,7,5.0,89257,M,4796847.0,353263.0,89
201600007533,16,7,9,1230,1,2,6,1,3.0,89257,M,4796165.0,350444.0,89
201600007534,16,7,24,1100,1,2,9,1,1.0,89257,M,4796334.0,350693.0,89
201600007535,16,11,11,1300,1,1,1,1,2.0,89085,M,0.0,0.0,89
201600007536,16,12,27,2245,5,2,1,5,3.0,89050,M,4792752.0,351997.0,89
201600007537,16,7,23,630,1,1,1,1,6.0,89239,M,4818725.0,332012.0,89
201600007538,16,1,20,1700,1,1,2,1,3.0,89255,M,4831326.0,322048.0,89
201600007539,16,3,12,1315,1,2,1,1,1.0,89309,M,4828831.0,320851.0,89
201600007540,16,3,30,1100,1,1,1,2,4.0,89391,M,4836583.0,323300.0,89
201600007541,16,4,24,1145,1,1,1,1,3.0,89255,M,4832177.0,322486.0,89
201600007542,16,8,6,630,5,2,1,1,6.0,89414,M,4829049.0,339941.0,89
201600007543,16,10,29,1130,1,1,1,1,1.0,89332,M,4829667.0,305020.0,89
201600007544,16,10,29,1430,1,1,1,1,3.0,89414,M,0.0,0.0,89
201600007545,16,3,14,915,1,1,1,1,3.0,89264,M,4815503.0,303286.0,89
201600007546,16,3,18,915,1,1,2,7,3.0,89404,M,4815572.0,318669.0,89
201600007547,16,9,1,1300,1,1,1,1,3.0,89442,M,4809649.0,313214.0,89
201600007548,16,9,10,1930,1,1,1,1,7.0,89404,M,4816958.0,320364.0,89
201600007549,16,12,22,700,3,1,1,2,3.0,89209,M,4817227.0,298302.0,89
201600007550,16,5,14,1400,1,1,1,1,2.0,89348,M,4805224.0,329199.0,89
201600007551,16,9,17,1845,1,1,1,8,6.0,89348,M,0.0,0.0,89
201600007552,16,11,20,1345,1,1,2,2,3.0,89388,M,4793740.0,323858.0,89
201600007553,16,5,28,1730,1,1,1,1,6.0,89418,M,4783443.0,396070.0,89
201600007554,16,7,13,1030,1,1,1,8,1.0,89407,M,4782154.0,407596.0,89
201600007555,16,6,4,145,3,1,1,8,7.0,25410,M,4722041.0,608088.0,25
201600007556,16,6,20,1345,1,1,1,1,5.0,25036,M,4719380.0,596587.0,25
201600007557,16,7,8,1730,1,1,1,1,2.0,25245,M,4720110.0,603551.0,25
201600007558,16,9,23,1400,1,1,1,1,7.0,25058,M,4719713.0,598295.0,25
201600007559,16,11,18,545,3,1,1,1,7.0,25418,M,0.0,0.0,25
201600007560,16,12,27,1745,2,1,1,1,1.0,25058,M,4720311.0,599643.0,25
201600007561,16,7,2,2045,2,1,1,1,7.0,25300,M,4712500.0,625300.0,25
201600007562,16,7,6,1645,1,1,1,1,7.0,25415,M,4703900.0,628800.0,25
201600007563,16,8,14,1515,1,1,1,1,2.0,25331,M,4709600.0,623900.0,25
201600007564,16,9,11,330,3,2,1,1,6.0,25199,M,4700182.0,607154.0,25
201600007565,16,9,11,1145,1,1,1,1,6.0,25339,M,4704140.0,625657.0,25
201600007566,16,10,3,930,1,2,1,7,6.0,25434,M,4710378.0,615172.0,25
201600007567,16,10,22,945,1,2,1,1,6.0,25434,M,4710510.0,614892.0,25
201600007568,16,12,30,1530,1,1,1,1,6.0,25535,M,4713800.0,621900.0,25
201600007569,16,1,25,1530,1,1,1,1,1.0,25511,M,4711200.0,601600.0,25
201600007570,16,4,29,1815,1,1,1,1,7.0,25154,M,4711854.0,591070.0,25
201600007571,16,6,30,2330,3,1,1,1,1.0,25488,M,4702017.0,586584.0,25
201600007572,16,7,2,1045,1,1,1,1,1.0,25084,M,4714400.0,589100.0,25
201600007573,16,10,16,1630,1,1,1,1,7.0,25443,M,4710100.0,593100.0,25
201600007574,16,2,27,1600,1,2,1,1,6.0,25284,M,4752991.0,681778.0,25
201600007575,16,3,20,1715,1,1,6,1,1.0,25097,M,4752800.0,685900.0,25
201600007576,16,7,30,1915,1,2,2,1,6.0,25284,M,4752834.0,682278.0,25
201600007577,16,11,10,1345,1,2,8,2,6.0,25057,M,4753594.0,679243.0,25
201600007578,16,2,27,1400,1,1,1,1,6.0,25350,M,4748096.0,668830.0,25
201600007579,16,5,25,1900,1,2,6,1,7.0,25632,M,4748136.0,678041.0,25
201600007580,16,10,21,1415,1,2,1,1,6.0,25013,M,4751892.0,675078.0,25
201600007581,16,1,8,145,3,1,1,9,6.0,25228,M,4751300.0,687600.0,25
201600007582,16,3,17,1715,1,2,6,1,3.0,25228,M,4750900.0,686500.0,25
201600007583,16,4,29,1630,1,2,1,1,6.0,25367,M,4745500.0,680500.0,25
201600007584,16,5,2,2115,5,2,1,1,7.0,25237,M,4752800.0,691100.0,25
201600007585,16,7,9,1930,1,2,1,1,3.0,25228,M,4751664.0,686633.0,25
201600007586,16,8,5,1030,1,2,1,1,6.0,25228,M,4752030.0,688824.0,25
201600007587,16,10,18,2030,5,2,1,2,6.0,25367,M,4744566.0,681515.0,25
201600007588,16,11,22,1315,1,1,1,1,1.0,25004,M,0.0,0.0,25
201600007589,16,1,5,815,1,1,1,2,1.0,25108,M,4724700.0,683500.0,25
201600007590,16,5,15,1200,1,1,1,1,7.0,25471,M,4729400.0,663500.0,25
201600007591,16,5,26,1545,1,2,1,1,3.0,25370,M,4744861.0,678689.0,25
201600007592,16,7,27,1815,1,2,1,1,1.0,25426,M,4734857.0,676140.0,25
201600007593,16,8,10,1615,1,1,1,1,7.0,25463,M,4740041.0,675347.0,25
201600007594,16,3,17,1930,3,1,1,1,1.0,25047,M,0.0,0.0,25
201600007595,16,6,14,2015,1,1,3,1,3.0,25505,M,4748189.0,631504.0,25
201600007596,16,7,13,2145,2,2,1,1,6.0,25047,M,4735249.0,636321.0,25
201600007597,16,10,9,30,3,1,1,1,6.0,25465,M,4731769.0,635991.0,25
201600007598,16,10,21,730,2,1,1,1,1.0,25279,M,0.0,0.0,25
201600007599,16,11,3,2030,3,1,1,1,5.0,25313,M,4735867.0,641048.0,25
201600007600,16,2,22,900,1,1,1,1,6.0,25018,M,4738700.0,661100.0,25
201600007601,16,2,23,2230,5,2,1,9,6.0,25530,M,4730900.0,660200.0,25
201600007602,16,4,3,1745,1,2,1,1,2.0,25529,M,4729996.0,658837.0,25
201600007603,16,7,8,1930,1,1,1,1,1.0,25306,M,4739808.0,646306.0,25
201600007604,16,8,8,1945,1,1,1,1,6.0,25232,M,4749800.0,662800.0,25
201600007605,16,9,2,2015,3,1,4,1,1.0,25019,M,4745671.0,656916.0,25
201600007606,16,10,6,400,5,2,1,1,6.0,25315,M,4744663.0,658662.0,25
201600007607,16,10,24,1545,1,2,1,1,1.0,25022,M,4751684.0,666459.0,25
201600007608,16,12,8,2115,3,1,1,1,6.0,25315,M,4739900.0,658200.0,25
201600007609,16,12,29,1645,1,1,1,1,1.0,25315,M,4745778.0,659499.0,25
201600007610,16,1,13,1815,3,1,1,1,6.0,25197,M,0.0,0.0,25
201600007611,16,4,12,1730,1,2,1,1,1.0,25598,M,4734666.0,610787.0,25
201600007612,16,5,16,1745,1,2,1,1,3.0,25495,M,4727900.0,611400.0,25
201600007613,16,9,1,115,3,1,1,1,7.0,25576,M,4728768.0,615378.0,25
201600007614,16,9,16,1700,1,1,1,1,1.0,25132,M,4733267.0,617227.0,25
201600007615,16,10,7,1330,1,1,3,1,3.0,25111,M,0.0,0.0,25
201600007616,16,11,23,2230,3,1,1,1,6.0,25197,M,4730985.0,619259.0,25
201600007617,16,1,12,1200,1,1,1,2,1.0,25262,M,4713183.0,658082.0,25
201600007618,16,4,15,2300,3,1,1,3,6.0,25600,M,4714516.0,653925.0,25
201600007619,16,5,2,715,1,1,1,2,1.0,25262,M,4713800.0,658600.0,25
201600007620,16,6,6,2045,1,1,1,2,6.0,25219,M,4714200.0,635900.0,25
201600007621,16,6,17,1715,1,2,1,1,6.0,25453,M,4721711.0,654192.0,25
201600007622,16,7,13,2330,5,2,1,1,3.0,25578,M,4715199.0,634538.0,25
201600007623,16,8,2,1700,1,1,1,7,6.0,25231,M,4720545.0,643499.0,25
201600007624,16,8,25,745,1,1,1,1,6.0,25601,M,4717725.0,639855.0,25
201600007625,16,9,2,1330,1,1,2,1,3.0,25343,M,4708453.0,645432.0,25
201600007626,16,9,2,1830,1,1,1,1,6.0,25432,M,4714589.0,653619.0,25
201600007627,16,12,23,1700,2,1,2,1,1.0,25219,M,4714258.0,637455.0,25
201600007628,16,1,24,1830,3,1,1,1,5.0,25440,M,0.0,0.0,25
201600007629,16,2,2,1730,2,1,1,8,4.0,25157,M,4687681.0,640549.0,25
201600007630,16,2,14,2100,3,1,1,1,6.0,25515,M,4686748.0,625842.0,25
201600007631,16,3,6,1730,1,1,1,4,1.0,25440,M,4699857.0,632924.0,25
201600007632,16,3,13,545,3,1,1,1,1.0,25110,M,4691136.0,627670.0,25
201600007633,16,6,22,1800,1,1,1,1,5.0,25634,M,4696616.0,634529.0,25
201600007634,16,6,26,330,3,1,1,1,6.0,25025,M,0.0,0.0,25
201600007635,16,8,5,1700,1,1,1,9,5.0,25201,M,4691724.0,632022.0,25
201600007636,16,9,12,945,1,1,1,1,3.0,25110,M,4690901.0,626703.0,25
201600007637,16,10,3,1045,1,1,1,1,4.0,25282,M,4697447.0,634336.0,25
201600007638,16,10,29,1215,1,2,1,1,3.0,25259,M,0.0,0.0,25
201600007639,16,3,16,930,3,1,1,1,5.0,25318,M,4675808.0,638682.0,25
201600007640,16,4,22,2345,3,1,6,2,6.0,25514,M,4677634.0,634202.0,25
201600007641,16,5,5,1500,1,1,1,1,2.0,25075,M,4681886.0,623692.0,25
201600007642,16,5,6,1515,1,2,1,1,7.0,25307,M,4677469.0,636858.0,25
201600007643,16,6,9,1815,1,1,1,1,6.0,25525,M,4681420.0,629354.0,25
201600007644,16,7,16,1300,1,1,1,1,7.0,25320,M,4678876.0,627551.0,25
201600007645,16,9,9,600,2,2,1,1,6.0,25318,M,4676086.0,638902.0,25
201600007646,16,9,20,745,1,1,1,5,6.0,25413,M,4668600.0,622800.0,25
201600007647,16,10,10,1130,1,1,1,1,7.0,25308,M,4679027.0,635778.0,25
201600007648,16,10,10,715,5,2,1,1,6.0,25413,M,4671007.0,619213.0,25
201600007649,16,10,28,1930,5,1,1,1,6.0,25308,M,4678905.0,637168.0,25
201600007650,16,11,30,600,3,1,1,1,3.0,25318,M,0.0,0.0,25
201600007651,16,3,11,1730,1,1,1,1,1.0,25512,M,0.0,0.0,25
201600007652,16,5,22,1415,1,1,1,1,6.0,25403,M,4703209.0,665935.0,25
201600007653,16,7,24,1315,1,2,1,1,3.0,25411,M,4705419.0,660135.0,25
201600007654,16,7,27,915,1,2,6,1,6.0,25411,M,4705504.0,660561.0,25
201600007655,16,9,8,1630,1,2,3,1,3.0,25411,M,4705306.0,661662.0,25
201600007656,16,9,14,1200,1,2,1,7,6.0,25512,M,4716152.0,673929.0,25
201600007657,16,10,1,2330,3,1,1,2,1.0,25321,M,4705766.0,667589.0,25
201600007658,16,10,10,1815,1,1,1,1,4.0,25240,M,4704585.0,663294.0,25
201600007659,16,10,18,1715,1,1,1,1,5.0,25240,M,4710859.0,661967.0,25
201600007660,16,10,26,1015,1,1,1,1,3.0,25240,M,4708941.0,663349.0,25
201600007661,16,11,29,1015,1,2,1,1,1.0,25411,M,4706219.0,660612.0,25
201600007662,16,1,6,1845,3,2,1,1,6.0,04070,M,4408700.0,621506.0,04
201600007663,16,2,23,1715,1,2,1,1,3.0,04070,M,4408760.0,621751.0,04
201600007664,16,3,25,1805,1,1,1,1,6.0,04070,M,4407430.0,617727.0,04
201600007665,16,4,13,900,1,2,1,1,6.0,04070,M,4409170.0,623285.0,04
201600007666,16,4,26,1115,1,1,6,1,3.0,04070,M,4409110.0,623110.0,04
201600007667,16,5,29,1400,1,1,1,2,7.0,04070,M,4410780.0,626108.0,04
201600007668,16,5,26,1500,1,2,1,1,3.0,04070,M,4408790.0,622004.0,04
201600007669,16,7,27,1830,1,1,1,1,3.0,04070,M,4410570.0,625667.0,04
201600007670,16,9,9,1105,1,1,1,1,7.0,04070,M,4406580.0,620813.0,04
201600007671,16,10,11,1645,1,2,1,1,6.0,04070,M,4409020.0,623664.0,04
201600007672,16,12,1,1625,1,2,1,1,2.0,04070,M,4408570.0,622427.0,04
201600007673,16,12,12,1550,1,2,1,1,6.0,04070,M,4409130.0,623150.0,04
201600007674,16,12,16,1740,5,2,3,1,5.0,04070,M,4407370.0,618222.0,04
201600007675,16,2,21,1530,1,1,1,1,1.0,39537,M,4663353.0,546403.0,39
201600007676,16,3,5,600,5,1,1,1,6.0,39170,M,4667447.0,548557.0,39
201600007677,16,4,19,1915,1,1,3,1,3.0,39177,M,4667870.0,562596.0,39
201600007678,16,5,14,915,1,1,2,5,3.0,39458,M,4661624.0,560947.0,39
201600007679,16,6,12,700,1,1,1,2,7.0,39348,M,4664564.0,558268.0,39
201600007680,16,7,10,1315,1,1,1,1,7.0,39326,M,4659382.0,566898.0,39
201600007681,16,9,6,1500,1,2,1,1,6.0,39408,M,4658538.0,570247.0,39
201600007682,16,10,16,630,3,1,1,1,7.0,39348,M,4664532.0,558299.0,39
201600007683,16,9,13,1715,1,1,4,1,3.0,39534,M,4652756.0,564055.0,39
201600007684,16,8,11,1645,1,1,2,1,3.0,39104,M,4682976.0,540885.0,39
201600007685,16,8,18,1630,1,1,1,2,1.0,39508,M,4683154.0,557690.0,39
201600007686,16,3,4,1430,1,1,2,8,3.0,39543,M,4678115.0,590583.0,39
201600007687,16,7,1,1815,1,1,3,1,3.0,39009,M,4684337.0,591843.0,39
201600007688,16,7,17,1930,1,1,3,1,3.0,39481,M,4678020.0,592645.0,39
201600007689,16,10,4,2045,3,1,1,1,6.0,39389,M,4673521.0,586008.0,39
201600007690,16,12,2,1730,5,2,2,1,3.0,39097,M,4673694.0,591966.0,39
201600007691,16,6,23,1830,1,2,1,1,6.0,39325,M,4690183.0,579283.0,39
201600007692,16,9,8,1115,1,2,1,7,6.0,39013,M,4690401.0,577367.0,39
201600007693,16,6,17,715,1,1,2,8,3.0,39083,M,4682057.0,607166.0,39
201600007694,16,6,19,1815,1,1,1,8,1.0,39331,M,4676477.0,616861.0,39
201600007695,16,9,10,2030,3,1,1,1,6.0,39228,M,4665145.0,606047.0,39
201600007696,16,12,20,2300,3,1,1,1,6.0,39129,M,4664718.0,594092.0,39
201600007697,16,7,7,1645,1,1,1,1,6.0,39535,M,4686683.0,567598.0,39
201600007698,16,11,30,1200,1,2,6,7,3.0,39013,M,4690324.0,577300.0,39
201600007699,16,1,12,1400,1,1,1,2,7.0,39103,M,4698309.0,584950.0,39
201600007700,16,1,25,715,3,2,1,1,1.0,39399,M,4700118.0,566874.0,39
201600007701,16,6,18,700,1,1,1,2,6.0,39133,M,4689576.0,588197.0,39
201600007702,16,8,14,1715,1,2,1,1,7.0,39439,M,4699677.0,582254.0,39
201600007703,16,9,11,1200,1,1,1,1,7.0,39436,M,4688962.0,589352.0,39
201600007704,16,11,18,2015,5,2,1,2,2.0,39206,M,4699861.0,573688.0,39
201600007705,16,2,6,500,3,1,1,1,6.0,39526,M,4703586.0,541412.0,39
201600007706,16,2,6,1645,1,1,1,1,5.0,39252,M,4703168.0,545823.0,39
201600007707,16,2,27,1430,1,1,1,1,4.0,39501,M,4713436.0,543420.0,39
201600007708,16,5,3,1300,1,2,3,1,3.0,39101,M,4710582.0,544413.0,39
201600007709,16,7,28,1715,1,2,1,1,3.0,39526,M,4705649.0,541382.0,39
201600007710,16,10,7,1730,1,1,1,1,2.0,39030,M,4711659.0,550725.0,39
201600007711,16,1,5,730,3,1,1,8,3.0,39365,M,4694573.0,560228.0,39
201600007712,16,6,9,1430,1,2,1,1,3.0,39149,M,4702082.0,571757.0,39
201600007713,16,7,26,1230,1,2,3,1,3.0,39365,M,4698169.0,560182.0,39
201600007714,16,2,29,1600,1,2,1,1,1.0,39235,M,4715088.0,577015.0,39
201600007715,16,4,16,1445,1,1,1,2,7.0,39096,M,4726003.0,553143.0,39
201600007716,16,9,4,2215,3,1,1,2,6.0,39476,M,4701905.0,536199.0,39
201600007717,16,2,25,1300,1,1,2,1,3.0,39068,M,4628195.0,579136.0,39
201600007718,16,5,6,1430,1,1,1,1,7.0,39453,M,4644335.0,580826.0,39
201600007719,16,4,19,1715,1,1,3,1,3.0,39470,M,4648495.0,605416.0,39
201600007720,16,5,3,1530,1,1,1,3,3.0,39470,M,4650244.0,602978.0,39
201600007721,16,6,1,845,1,1,1,2,1.0,39131,M,4659886.0,589596.0,39
201600007722,16,6,25,730,1,1,1,1,6.0,39494,M,4659017.0,591995.0,39
201600007723,16,7,10,1000,1,1,1,1,6.0,39367,M,4653614.0,602400.0,39
201600007724,16,7,17,1130,1,1,1,1,3.0,39367,M,4656356.0,600480.0,39
201600007725,16,8,3,1715,1,1,3,1,3.0,39258,M,4653450.0,590412.0,39
201600007726,16,8,16,1215,1,1,3,1,3.0,39487,M,4657601.0,598473.0,39
201600007727,16,8,31,1100,1,1,1,1,5.0,39470,M,4644415.0,608283.0,39
201600007728,16,10,5,1515,1,1,3,1,3.0,39126,M,4660774.0,596226.0,39
201600007729,16,11,2,715,2,1,1,1,6.0,39130,M,4648508.0,584116.0,39
201600007730,16,1,12,1700,1,2,1,3,6.0,04112,M,4383500.0,578388.0,04
201600007731,16,2,21,1500,1,2,1,1,6.0,04112,M,4383130.0,579893.0,04
201600007732,16,2,20,620,3,1,3,1,1.0,04112,M,4383240.0,576250.0,04
201600007733,16,4,15,1655,1,1,1,1,6.0,04112,M,4381300.0,579134.0,04
201600007734,16,5,11,1640,1,2,1,8,1.0,04112,M,4382960.0,579336.0,04
201600007735,16,5,14,2310,5,2,1,1,3.0,04112,M,4383470.0,578153.0,04
201600007736,16,6,22,800,1,2,3,1,3.0,04112,M,4382620.0,578710.0,04
201600007737,16,7,2,1255,1,2,1,1,6.0,04112,M,4382260.0,578653.0,04
201600007738,16,8,19,1750,1,2,2,1,3.0,04112,M,4382210.0,578987.0,04
201600007739,16,9,9,2130,5,2,2,1,1.0,04112,M,4383270.0,577113.0,04
201600007740,16,9,24,630,3,1,1,1,6.0,04112,M,4381440.0,580250.0,04
201600007741,16,9,29,855,1,2,3,1,3.0,04112,M,4382950.0,578697.0,04
201600007742,16,10,8,2035,5,2,3,1,7.0,04112,M,4383050.0,578634.0,04
201600007743,16,10,22,1225,1,2,3,1,5.0,04112,M,4382980.0,578781.0,04
201600007744,16,11,8,1150,1,2,1,1,4.0,04112,M,4383610.0,580237.0,04
201600007745,16,12,14,1210,1,2,6,1,3.0,04112,M,4382650.0,578053.0,04
201600007746,16,12,8,1400,1,1,1,1,3.0,04112,M,4381040.0,581168.0,04
201600007747,16,5,12,1245,1,1,3,1,1.0,70134,M,4762753.0,607189.0,70
201600007748,16,5,12,1340,1,1,2,1,3.0,70390,M,4762355.0,629365.0,70
201600007749,16,8,25,2230,3,1,1,1,2.0,70111,M,4764175.0,625539.0,70
201600007750,16,9,3,1815,1,1,2,7,3.0,70111,M,4764431.0,628864.0,70
201600007751,16,10,12,1400,1,1,1,1,1.0,70166,M,4764849.0,619770.0,70
201600007752,16,1,24,515,5,2,1,9,6.0,70017,M,4786268.0,611732.0,70
201600007753,16,2,6,830,1,2,1,1,3.0,70292,M,4782929.0,589339.0,70
201600007754,16,3,15,1400,1,2,1,1,6.0,70202,M,4793076.0,602834.0,70
201600007755,16,4,22,1730,1,2,3,1,3.0,70292,M,4783898.0,591432.0,70
201600007756,16,4,23,1145,1,1,1,2,6.0,70202,M,4792249.0,601389.0,70
201600007757,16,6,13,1645,1,1,3,1,3.0,70572,M,4781215.0,576904.0,70
201600007758,16,11,20,1845,3,1,1,1,7.0,70170,M,4784187.0,602662.0,70
201600007759,16,1,7,1745,3,1,1,8,7.0,70148,M,4764353.0,602828.0,70
201600007760,16,6,5,1415,1,1,2,1,3.0,70482,M,4767232.0,597071.0,70
201600007761,16,6,23,1515,1,2,1,1,6.0,70267,M,4780105.0,592801.0,70
201600007762,16,10,28,1700,1,1,4,1,3.0,70482,M,4768905.0,600371.0,70
201600007763,16,4,10,30,5,2,2,1,3.0,70309,M,4744764.0,620638.0,70
201600007764,16,4,15,915,1,1,1,3,1.0,70109,M,4736138.0,603774.0,70
201600007765,16,5,8,2230,3,1,1,1,1.0,70326,M,4745777.0,608566.0,70
201600007766,16,5,28,1545,1,1,1,1,1.0,70575,M,4734218.0,600440.0,70
201600007767,16,9,8,830,1,2,3,1,3.0,70575,M,4734163.0,601904.0,70
201600007768,16,10,21,1315,1,1,1,1,1.0,70431,M,4746512.0,609727.0,70
201600007769,16,11,27,1800,3,1,1,1,3.0,70383,M,4739526.0,606494.0,70
201600007770,16,12,8,530,3,1,1,9,6.0,70431,M,4748277.0,610232.0,70
201600007771,16,12,18,345,3,1,1,1,1.0,70109,M,4735397.0,602906.0,70
201600007772,16,7,10,1515,1,1,1,1,7.0,70260,M,4766475.0,655336.0,70
201600007773,16,8,8,100,3,1,1,1,1.0,70081,M,4768567.0,645764.0,70
201600007774,16,9,6,1130,1,1,8,1,3.0,70310,M,4768653.0,647075.0,70
201600007775,16,1,13,1215,1,1,1,1,3.0,70451,M,4769920.0,659525.0,70
201600007776,16,2,27,1030,1,1,1,1,5.0,70451,M,4769954.0,660110.0,70
201600007777,16,7,29,1115,1,1,2,1,3.0,70339,M,4774328.0,655626.0,70
201600007778,16,9,30,715,2,2,5,1,3.0,70120,M,4768998.0,664285.0,70
201600007779,16,1,14,1930,5,2,1,2,7.0,70561,M,4754852.0,642585.0,70
201600007780,16,5,7,1845,1,1,1,1,7.0,70561,M,4757360.0,643489.0,70
201600007781,16,6,12,1115,1,1,2,2,3.0,70561,M,4754799.0,643910.0,70
201600007782,16,7,6,1115,1,2,9,7,6.0,70561,M,4754517.0,643203.0,70
201600007783,16,11,22,730,2,2,1,1,6.0,70497,M,4756518.0,674112.0,70
201600007784,16,1,20,700,2,1,1,2,7.0,70098,M,4775102.0,633147.0,70
201600007785,16,3,7,1545,1,2,2,2,3.0,70093,M,4779946.0,632586.0,70
201600007786,16,4,8,1730,1,1,1,1,6.0,70537,M,4766763.0,632107.0,70
201600007787,16,1,1,2230,5,2,1,1,6.0,70279,M,4744724.0,558728.0,70
201600007788,16,1,30,1515,1,2,1,3,6.0,70279,M,4743428.0,560122.0,70
201600007789,16,2,12,1915,5,2,1,3,7.0,70026,M,4745290.0,558980.0,70
201600007790,16,6,7,815,1,2,3,1,3.0,70394,M,4738444.0,568580.0,70
201600007791,16,6,20,700,2,1,1,5,1.0,70461,M,4745308.0,567408.0,70
201600007792,16,6,23,1015,1,2,1,1,6.0,70279,M,4744621.0,559212.0,70
201600007793,16,7,6,1400,1,2,3,1,3.0,70279,M,4744959.0,558037.0,70
201600007794,16,7,9,950,1,2,1,1,6.0,70279,M,4744839.0,559330.0,70
201600007795,16,7,22,1900,1,1,1,1,1.0,70446,M,4747150.0,560685.0,70
201600007796,16,9,25,1400,1,1,1,1,3.0,70376,M,4745322.0,555051.0,70
201600007797,16,11,12,1615,2,2,1,1,1.0,70529,M,4742988.0,556737.0,70
201600007798,16,12,27,1515,1,2,1,7,6.0,70279,M,4744790.0,559532.0,70
201600007799,16,4,9,2015,3,1,1,1,6.0,70525,M,4766172.0,583525.0,70
201600007800,16,6,26,1245,1,1,4,1,3.0,70520,M,4760482.0,584282.0,70
201600007801,16,7,4,1230,1,1,3,1,3.0,70037,M,4755063.0,569058.0,70
201600007802,16,7,12,1415,1,2,1,1,2.0,70198,M,4755483.0,567755.0,70
201600007803,16,9,9,1830,1,2,4,1,3.0,70058,M,4750672.0,567544.0,70
201600007804,16,11,15,700,3,1,1,1,5.0,70525,M,4764553.0,581110.0,70
201600007805,16,4,15,1700,1,1,1,1,3.0,70282,M,4741860.0,581940.0,70
201600007806,16,6,21,2200,3,1,1,1,7.0,70527,M,4746718.0,591887.0,70
201600007807,16,6,23,2230,5,2,3,1,3.0,70152,M,4739294.0,575906.0,70
201600007808,16,11,23,1100,1,1,1,1,1.0,70510,M,4735708.0,557057.0,70
201600007809,16,11,23,1600,1,1,1,1,6.0,70181,M,4734403.0,582670.0,70