Num_Acc,an,mois,jour,hrmn,lum,agg,int,atm,col,com,gps,lat,long,dep
201600007810,16,12,29,1000,1,1,2,1,3.0,70152,M,4738280.0,577667.0,70
201600007811,16,4,10,1600,1,1,1,1,6.0,90012,M,0.0,0.0,90
201600007812,16,4,10,1515,1,1,1,1,7.0,90093,M,0.0,0.0,90
201600007813,16,7,9,1415,1,1,1,7,1.0,90015,M,0.0,0.0,90
201600007814,16,6,18,200,3,1,1,9,6.0,90056,M,0.0,0.0,90
201600007815,16,7,7,200,5,2,1,1,7.0,90081,M,0.0,0.0,90
201600007816,16,8,3,1945,1,2,6,1,6.0,90033,M,0.0,0.0,90
201600007817,16,10,2,1730,1,1,1,2,6.0,90081,M,0.0,0.0,90
201600007818,16,11,19,2000,5,1,9,1,3.0,90033,M,0.0,0.0,90
201600007819,16,1,6,1730,3,2,1,2,6.0,90067,M,0.0,0.0,90
201600007820,16,1,15,700,3,1,1,4,5.0,90044,M,0.0,0.0,90
201600007821,16,2,24,430,3,1,1,5,6.0,90100,M,0.0,0.0,90
201600007822,16,3,1,745,1,1,1,9,6.0,90059,M,0.0,0.0,90
201600007823,16,3,18,930,1,2,1,1,3.0,90052,M,0.0,0.0,90
201600007824,16,3,24,1230,1,2,1,1,6.0,90052,M,0.0,0.0,90
201600007825,16,3,30,1745,1,1,1,1,6.0,90003,M,0.0,0.0,90
201600007826,16,4,19,1915,1,2,3,7,6.0,90003,M,0.0,0.0,90
201600007827,16,6,2,1300,1,2,1,3,7.0,90005,M,0.0,0.0,90
201600007828,16,7,10,1330,1,2,1,1,3.0,90058,M,0.0,0.0,90
201600007829,16,7,23,1500,1,1,1,1,1.0,90085,M,0.0,0.0,90
201600007830,16,8,9,1300,1,1,1,1,7.0,90054,M,0.0,0.0,90
201600007831,16,8,13,1430,1,1,1,1,7.0,90065,M,0.0,0.0,90
201600007832,16,8,24,800,1,2,1,7,6.0,90052,M,0.0,0.0,90
201600007833,16,8,27,215,3,1,1,1,6.0,90044,M,0.0,0.0,90
201600007834,16,12,9,2030,5,2,1,8,3.0,90052,M,0.0,0.0,90
201600007835,16,12,13,430,3,1,1,1,1.0,90036,M,0.0,0.0,90
201600007836,16,12,26,1745,1,1,1,1,5.0,90052,M,0.0,0.0,90
201600007837,16,3,29,1445,1,1,1,4,7.0,90021,M,0.0,0.0,90
201600007838,16,12,11,430,3,1,1,1,6.0,90017,M,0.0,0.0,90
201600007839,16,12,26,1215,1,1,1,5,3.0,90050,M,0.0,0.0,90
201600007840,16,1,30,1815,3,1,1,1,6.0,26002,M,0.0,0.0,26
201600007841,16,2,12,1345,1,1,1,8,1.0,38134,M,4542752.0,501154.0,38
201600007842,16,4,28,845,1,1,1,1,6.0,38131,M,0.0,0.0,38
201600007843,16,5,10,1315,1,1,1,1,5.0,38072,M,0.0,0.0,38
201600007844,16,6,4,515,2,1,1,1,6.0,26332,M,0.0,0.0,26
201600007845,16,7,16,1345,1,1,1,1,6.0,38344,M,0.0,0.0,38
201600007846,16,8,7,400,3,1,1,1,1.0,26332,M,0.0,0.0,26
201600007847,16,8,28,115,3,1,1,1,2.0,26332,M,0.0,0.0,26
201600007848,16,9,18,845,1,1,1,2,2.0,38019,M,0.0,0.0,38
201600007849,16,10,12,1615,1,1,1,1,1.0,38336,M,4548540.0,483256.0,38
201600007850,16,12,6,1445,1,1,1,1,2.0,38344,M,0.0,0.0,38
201600007851,16,12,9,2100,3,1,1,1,5.0,38344,M,4540216.0,481489.0,38
201600007852,16,1,8,1800,3,1,1,8,7.0,26252,M,0.0,0.0,26
201600007853,16,1,9,1300,1,1,9,2,6.0,26362,M,0.0,0.0,26
201600007854,16,1,14,1615,1,1,1,1,2.0,26156,M,0.0,0.0,26
201600007855,16,1,17,2045,3,1,9,1,6.0,26156,M,0.0,0.0,26
201600007856,16,1,19,1715,1,1,1,1,1.0,26252,M,0.0,0.0,26
201600007857,16,1,30,2045,3,1,1,1,6.0,26124,M,0.0,0.0,26
201600007858,16,1,30,1145,1,1,2,1,3.0,26064,M,4492745.0,495141.0,26
201600007859,16,1,28,1615,1,1,1,1,2.0,26072,M,0.0,0.0,26
201600007860,16,2,1,1000,1,1,3,1,3.0,26064,M,4492745.0,495140.0,26
201600007861,16,2,5,2300,3,2,3,1,6.0,26166,M,0.0,0.0,26
201600007862,16,2,8,1315,1,1,2,1,3.0,26197,M,0.0,0.0,26
201600007863,16,2,15,1515,1,1,3,1,3.0,26124,M,0.0,0.0,26
201600007864,16,3,31,1715,1,1,1,1,6.0,26165,M,0.0,0.0,26
201600007865,16,4,1,1130,1,1,9,1,5.0,26362,M,0.0,0.0,26
201600007866,16,4,9,1530,1,1,1,1,6.0,26064,M,4491292.0,502017.0,26
201600007867,16,4,10,2045,3,1,1,1,6.0,26124,M,0.0,0.0,26
201600007868,16,5,6,1500,1,1,1,1,7.0,26100,M,0.0,0.0,26
201600007869,16,5,30,900,1,1,6,1,2.0,26212,M,0.0,0.0,26
201600007870,16,6,4,1130,1,1,1,1,4.0,26072,M,0.0,0.0,26
201600007871,16,7,1,1445,1,1,1,1,1.0,26206,M,0.0,0.0,26
201600007872,16,7,6,2230,3,1,1,1,6.0,26166,M,4474069.0,478162.0,26
201600007873,16,7,8,1800,1,1,1,1,6.0,26165,M,0.0,0.0,26
201600007874,16,7,13,2115,1,1,1,1,6.0,26206,M,4483194.0,497180.0,26
201600007875,16,7,21,830,1,1,1,1,4.0,26250,M,0.0,0.0,26
201600007876,16,7,27,2345,3,1,1,1,4.0,26072,M,0.0,0.0,26
201600007877,16,8,6,300,3,1,1,1,6.0,26058,M,0.0,0.0,26
201600007878,16,8,11,1415,1,1,1,1,7.0,26037,M,0.0,0.0,26
201600007879,16,8,14,2115,2,1,1,1,4.0,26165,M,0.0,0.0,26
201600007880,16,8,13,1600,1,1,2,1,5.0,26166,M,0.0,0.0,26
201600007881,16,8,17,1645,1,1,1,1,3.0,26165,M,0.0,0.0,26
201600007882,16,9,11,1600,1,1,1,1,1.0,26165,M,0.0,0.0,26
201600007883,16,9,19,2330,3,1,1,1,6.0,26165,M,0.0,0.0,26
201600007884,16,9,21,1845,1,1,1,1,1.0,26197,M,0.0,0.0,26
201600007885,16,9,30,1345,1,1,1,1,6.0,26362,M,0.0,0.0,26
201600007886,16,10,4,840,1,1,1,1,1.0,26144,M,0.0,0.0,26
201600007887,16,10,5,1615,1,1,1,1,6.0,26295,M,0.0,0.0,26
201600007888,16,10,12,1720,1,1,1,1,6.0,26362,M,0.0,0.0,26
201600007889,16,10,16,950,1,1,4,1,7.0,26232,M,0.0,0.0,26
201600007890,16,10,29,1415,1,1,1,1,3.0,26165,M,0.0,0.0,26
201600007891,16,11,4,805,1,1,2,1,6.0,26166,M,4474080.0,480669.0,26
201600007892,16,11,6,1515,1,1,1,1,3.0,26064,M,4492837.0,496722.0,26
201600007893,16,11,10,1715,2,1,2,2,3.0,26166,M,4474079.0,480681.0,26
201600007894,16,11,21,650,3,2,1,6,1.0,26165,M,0.0,0.0,26
201600007895,16,11,28,1925,3,1,3,1,6.0,26197,M,0.0,0.0,26
201600007896,16,12,21,1550,1,1,1,1,6.0,26252,M,0.0,0.0,26
201600007897,16,1,19,1545,1,1,1,1,5.0,13107,M,0.0,0.0,13
201600007898,16,2,7,945,1,2,8,2,1.0,13113,M,0.0,0.0,13
201600007899,16,3,25,1830,1,1,1,1,3.0,13040,M,0.0,0.0,13
201600007900,16,3,8,800,1,1,2,1,3.0,13051,M,4354647.0,514868.0,13
201600007901,16,3,23,800,1,1,1,1,6.0,13034,M,0.0,0.0,13
201600007902,16,4,11,1000,1,1,2,1,3.0,13089,M,4382966.0,493117.0,13
201600007903,16,4,24,1745,1,1,1,6,3.0,13051,M,0.0,0.0,13
201600007904,16,1,18,1645,1,1,1,1,3.0,13095,M,0.0,0.0,13
201600007905,16,8,4,2230,3,1,1,8,7.0,13111,M,0.0,0.0,13
201600007906,16,1,16,630,2,1,1,1,1.0,13060,M,0.0,0.0,13
201600007907,16,4,6,1500,1,2,1,1,3.0,13041,M,0.0,0.0,13
201600007908,16,5,15,1500,1,2,1,1,1.0,13041,M,4343819.0,546482.0,13
201600007909,16,5,31,1800,1,1,1,1,3.0,13060,M,4349167.0,553117.0,13
201600007910,16,6,22,2100,2,1,1,1,1.0,13041,M,4347076.0,545287.0,13
201600007911,16,7,11,1230,1,2,1,1,1.0,13041,M,0.0,0.0,13
201600007912,16,9,17,2015,3,2,1,1,3.0,13062,M,4342383.0,547986.0,13
201600007913,16,11,15,2245,3,1,1,1,1.0,13041,M,0.0,0.0,13
201600007914,16,12,23,1115,1,1,1,1,6.0,13041,M,4347312.0,547725.0,13
201600007915,16,1,7,1330,1,1,1,2,6.0,13048,M,0.0,0.0,13
201600007916,16,3,1,845,1,2,1,1,3.0,13059,M,0.0,0.0,13
201600007917,16,3,2,1745,1,2,3,1,3.0,13059,M,0.0,0.0,13
201600007918,16,4,18,1415,1,1,9,1,3.0,13059,M,0.0,0.0,13
201600007919,16,4,20,1730,1,2,1,1,6.0,13048,M,4363698.0,563809.0,13
201600007920,16,6,17,845,1,2,1,1,6.0,13099,M,0.0,0.0,13
201600007921,16,8,8,1800,1,1,1,1,2.0,13074,M,0.0,0.0,13
201600007922,16,9,14,1815,1,1,1,1,1.0,13099,M,0.0,0.0,13
201600007923,16,6,30,1745,1,1,1,7,3.0,13015,M,0.0,0.0,13
201600007924,16,7,21,1830,1,2,1,1,1.0,13015,M,0.0,0.0,13
201600007925,16,7,30,930,1,2,1,1,6.0,13015,M,4346080.0,540606.0,13
201600007926,16,8,4,800,1,2,1,7,3.0,13015,M,0.0,0.0,13
201600007927,16,8,16,1830,1,2,1,1,3.0,13015,M,0.0,0.0,13
201600007928,16,12,5,1730,2,2,1,1,1.0,13015,M,4346478.0,541487.0,13
201600007929,16,12,8,1930,1,2,1,1,6.0,13015,M,4344786.0,542507.0,13
201600007930,16,5,31,1500,1,1,1,1,3.0,13110,M,0.0,0.0,13
201600007931,16,7,5,815,1,1,2,1,1.0,13110,M,0.0,0.0,13
201600007932,16,7,6,1015,1,2,1,1,1.0,13110,M,0.0,0.0,13
201600007933,16,7,8,900,1,1,1,1,3.0,13110,M,0.0,0.0,13
201600007934,16,9,17,1100,1,2,1,1,7.0,13072,M,4344478.0,563475.0,13
201600007935,16,10,11,1715,1,1,1,1,2.0,13110,M,4345074.0,568194.0,13
201600007936,16,1,7,1045,1,1,1,1,2.0,13004,M,0.0,0.0,13
201600007937,16,2,1,1500,1,1,1,6,7.0,13004,M,0.0,0.0,13
201600007938,16,4,26,1215,1,1,1,1,6.0,13004,M,4372677.0,464162.0,13
201600007939,16,5,29,1630,1,1,1,1,6.0,13004,M,0.0,0.0,13
201600007940,16,7,13,1645,1,1,1,1,5.0,13004,M,0.0,0.0,13
201600007941,16,8,15,1845,1,1,1,1,3.0,13004,M,0.0,0.0,13
201600007942,16,9,18,1615,1,1,1,1,7.0,13004,M,0.0,0.0,13
201600007943,16,10,19,1630,1,1,1,1,7.0,13004,M,4361262.0,447928.0,13
201600007944,16,10,24,1115,1,2,1,1,3.0,13004,M,0.0,0.0,13
201600007945,16,10,26,1645,1,1,1,1,2.0,13004,M,0.0,0.0,13
201600007946,16,1,28,1200,1,2,1,1,3.0,13027,M,4388542.0,486284.0,13
201600007947,16,1,28,1830,3,1,1,8,6.0,13027,M,0.0,0.0,13
201600007948,16,5,1,1300,1,1,1,1,3.0,13066,M,4388267.0,491521.0,13
201600007949,16,6,15,830,1,2,6,1,6.0,13066,M,4387851.0,490251.0,13
201600007950,16,6,17,1630,1,1,1,1,6.0,13027,M,4390772.0,481255.0,13
201600007951,16,7,10,2200,3,1,1,1,1.0,13027,M,0.0,0.0,13
201600007952,16,8,13,345,3,1,2,1,3.0,13066,M,0.0,0.0,13
201600007953,16,8,16,1830,1,1,2,1,3.0,13066,M,4385300.0,490400.0,13
201600007954,16,9,2,1915,1,1,2,1,3.0,13066,M,4387333.0,491455.0,13
201600007955,16,9,7,300,3,1,1,1,6.0,13066,M,4386974.0,491408.0,13
201600007956,16,9,22,1900,1,1,2,1,3.0,13027,M,4386850.0,484186.0,13
201600007957,16,11,27,615,3,1,1,1,6.0,13066,M,0.0,0.0,13
201600007958,16,3,7,1600,1,2,3,1,1.0,13096,M,4345367.0,442782.0,13
201600007959,16,3,13,1545,1,1,1,1,4.0,13096,M,0.0,0.0,13
201600007960,16,6,6,1615,1,1,1,1,5.0,13096,M,0.0,0.0,13
201600007961,16,9,25,445,3,1,1,1,6.0,13096,M,0.0,0.0,13
201600007962,16,2,23,2045,3,1,1,1,6.0,13097,M,0.0,0.0,13
201600007963,16,3,1,545,5,2,1,6,1.0,13097,M,4363816.0,480981.0,13
201600007964,16,3,23,1700,1,1,6,1,6.0,13097,M,4363998.0,491485.0,13
201600007965,16,4,16,1545,1,1,6,1,3.0,13097,M,4363783.0,482931.0,13
201600007966,16,5,1,445,3,1,1,8,6.0,13097,M,4362589.0,474876.0,13
201600007967,16,6,16,1645,1,1,1,1,1.0,13097,M,0.0,0.0,13
201600007968,16,7,19,315,4,2,1,1,6.0,13097,M,4365239.0,480129.0,13
201600007969,16,8,3,515,1,1,6,1,3.0,13097,M,0.0,0.0,13
201600007970,16,8,17,1900,1,1,1,1,7.0,13097,M,0.0,0.0,13
201600007971,16,10,2,1230,1,1,1,1,6.0,13097,M,4363564.0,482802.0,13
201600007972,16,10,25,2230,3,1,1,1,6.0,13097,M,4369489.0,497367.0,13
201600007973,16,11,27,1830,3,1,1,1,5.0,13097,M,0.0,0.0,13
201600007974,16,12,18,545,3,1,1,1,6.0,13097,M,4363862.0,481210.0,13
201600007975,16,12,23,145,3,1,1,1,6.0,13097,M,0.0,0.0,13
201600007976,16,4,13,1915,1,1,9,8,3.0,13100,M,0.0,0.0,13
201600007977,16,5,27,2015,1,1,2,1,3.0,13100,M,4379788.0,480169.0,13
201600007978,16,6,27,1730,1,1,1,1,1.0,13066,M,4381943.0,489325.0,13
201600007979,16,10,30,1015,1,2,1,1,6.0,13100,M,4378752.0,483160.0,13
201600007980,16,12,7,1415,3,2,1,1,6.0,13100,M,4379829.0,483361.0,13
201600007981,16,1,31,1715,1,2,1,1,4.0,13042,M,0.0,0.0,13
201600007982,16,3,18,1100,1,1,1,1,6.0,13030,M,0.0,0.0,13
201600007983,16,3,26,515,5,1,1,1,6.0,13042,M,0.0,0.0,13
201600007984,16,4,28,1700,1,1,1,1,3.0,13042,M,0.0,0.0,13
201600007985,16,5,29,1130,1,1,1,1,1.0,13030,M,4326601.0,566557.0,13
201600007986,16,9,14,1715,1,1,1,2,3.0,13030,M,0.0,0.0,13
201600007987,16,11,11,1600,1,1,1,1,6.0,13042,M,0.0,0.0,13
201600007988,16,11,28,1400,1,2,1,1,7.0,13042,M,0.0,0.0,13
201600007989,16,12,18,1245,1,1,1,1,7.0,13042,M,0.0,0.0,13
201600007990,16,1,31,1645,1,1,1,1,1.0,13022,M,4321523.0,555246.0,13
201600007991,16,2,7,1145,1,1,1,2,1.0,13022,M,0.0,0.0,13
201600007992,16,3,2,1745,1,2,1,1,1.0,13023,M,0.0,0.0,13
201600007993,16,3,10,1645,1,2,1,1,3.0,13023,M,0.0,0.0,13
201600007994,16,3,29,1500,1,1,1,1,1.0,13022,M,0.0,0.0,13
201600007995,16,4,13,900,1,1,1,1,6.0,13023,M,4320750.0,563108.0,13
201600007996,16,4,28,2215,5,2,1,1,6.0,13022,M,4321371.0,554024.0,13
201600007997,16,5,24,1115,1,1,1,1,1.0,13022,M,0.0,0.0,13
201600007998,16,5,29,1545,1,1,1,1,1.0,13022,M,0.0,0.0,13
201600007999,16,6,6,1115,1,2,1,1,2.0,13022,M,0.0,0.0,13
201600008000,16,6,30,1300,1,1,1,1,5.0,13022,M,0.0,0.0,13
201600008001,16,6,30,1715,2,1,1,1,6.0,13022,M,0.0,0.0,13
201600008002,16,7,16,1930,1,2,1,1,3.0,13022,M,0.0,0.0,13
201600008003,16,10,9,900,1,1,1,1,7.0,13022,M,4324476.0,554667.0,13
201600008004,16,11,25,1815,3,1,1,1,1.0,13022,M,4323562.0,554324.0,13
201600008005,16,12,2,915,1,1,9,1,1.0,13022,M,4322268.0,558036.0,13
201600008006,16,6,3,1630,1,1,1,1,1.0,13085,M,4324896.0,558585.0,13
201600008007,16,7,8,1400,1,2,1,1,5.0,13119,M,4326800.0,553300.0,13
201600008008,16,6,8,1930,1,1,1,1,6.0,13013,M,0.0,0.0,13
201600008009,16,7,21,945,1,1,1,1,2.0,13013,M,0.0,0.0,13
201600008010,16,9,14,1600,1,1,1,2,5.0,13073,M,4340436.0,558047.0,13
201600008011,16,11,3,1030,1,1,1,1,3.0,13013,M,0.0,0.0,13
201600008012,16,12,6,715,2,1,1,1,1.0,13046,M,4345178.0,549604.0,13
201600008013,16,3,18,1615,1,1,1,1,1.0,13016,M,4338992.0,560421.0,13
201600008014,16,4,19,715,2,1,1,1,1.0,13086,M,0.0,0.0,13
201600008015,16,5,21,1000,1,2,1,1,5.0,13016,M,4339545.0,559277.0,13
201600008016,16,6,24,1700,1,2,1,1,7.0,13086,M,4333601.0,560109.0,13
201600008017,16,7,9,1700,1,1,1,1,5.0,13031,M,0.0,0.0,13
201600008018,16,7,28,2300,5,2,1,1,6.0,13086,M,0.0,0.0,13
201600008019,16,8,13,1615,1,1,1,1,5.0,13007,M,0.0,0.0,13
201600008020,16,9,17,1245,1,2,9,1,3.0,13086,M,0.0,0.0,13
201600008021,16,11,23,1100,1,2,1,1,6.0,13016,M,4339363.0,559441.0,13
201600008022,16,6,3,2230,3,1,1,1,2.0,13092,M,0.0,0.0,13
201600008023,16,6,29,2330,3,1,6,1,7.0,13014,M,0.0,0.0,13
201600008024,16,7,7,1000,1,1,1,1,6.0,13092,M,4353212.0,505104.0,13
201600008025,16,9,21,1200,1,1,1,1,1.0,13014,M,4352006.0,519180.0,13
201600008026,16,11,3,1845,3,1,1,1,3.0,13014,M,4351563.0,520189.0,13
201600008027,16,11,8,915,1,2,6,1,1.0,13014,M,0.0,0.0,13
201600008028,16,6,19,1615,1,1,1,1,7.0,13035,M,0.0,0.0,13
201600008029,16,7,13,1645,1,1,1,1,1.0,13035,M,0.0,0.0,13
201600008030,16,12,11,400,3,2,1,1,6.0,13035,M,4369650.0,503884.0,13
201600008031,16,3,1,1930,3,1,1,1,1.0,13105,M,0.0,0.0,13
201600008032,16,6,2,1300,1,1,1,1,6.0,13115,M,0.0,0.0,13
201600008033,16,1,12,830,1,1,1,1,3.0,13064,M,4381901.0,494808.0,13
201600008034,16,2,1,1500,1,1,1,1,1.0,13089,M,4382538.0,493422.0,13
201600008035,16,2,19,1845,3,1,1,1,2.0,13116,M,0.0,0.0,13
201600008036,16,2,28,745,1,1,1,1,6.0,13067,M,0.0,0.0,13
201600008037,16,3,18,815,1,1,1,1,1.0,13064,M,0.0,0.0,13
201600008038,16,3,20,1445,1,1,1,1,2.0,13116,M,4385480.0,492100.0,13
201600008039,16,6,25,1715,1,1,1,1,3.0,13076,M,4381717.0,501285.0,13
201600008040,16,7,9,1800,1,2,1,1,3.0,13076,M,0.0,0.0,13
201600008041,16,7,31,1030,2,1,1,3,6.0,13067,M,4382295.0,501570.0,13
201600008042,16,8,19,1545,1,1,6,1,1.0,13076,M,0.0,0.0,13
201600008043,16,9,7,1930,1,2,1,1,1.0,13089,M,0.0,0.0,13
201600008044,16,10,30,645,2,1,1,1,3.0,13067,M,4376463.0,506175.0,13
201600008045,16,11,1,1915,3,1,1,1,2.0,13064,M,4380631.0,496138.0,13
201600008046,16,11,21,1145,1,1,1,3,1.0,13076,M,4382577.0,502914.0,13
201600008047,16,12,6,330,3,1,1,5,7.0,13067,M,0.0,0.0,13
201600008048,16,12,19,1300,1,1,1,1,6.0,13064,M,0.0,0.0,13
201600008049,16,3,10,1600,1,1,1,1,6.0,13082,M,0.0,0.0,13
201600008050,16,7,5,2230,3,1,1,1,1.0,13082,M,0.0,0.0,13
201600008051,16,7,12,1715,1,1,1,1,1.0,13084,M,0.0,0.0,13
201600008052,16,9,4,1630,1,1,1,1,6.0,13084,M,0.0,0.0,13
201600008053,16,10,26,2015,3,1,1,1,7.0,13024,M,4372784.0,525199.0,13
201600008054,16,1,30,1100,1,1,1,1,1.0,04110,M,4403410.0,610025.0,04
201600008055,16,3,5,15,3,1,1,2,7.0,04046,M,4403470.0,617210.0,04
201600008056,16,3,31,1745,1,2,1,1,1.0,04217,M,4414980.0,615054.0,04
201600008057,16,5,15,1145,1,1,1,1,1.0,04097,M,4420050.0,627642.0,04
201600008058,16,5,17,845,1,1,1,1,1.0,04070,M,4406980.0,618105.0,04
201600008059,16,6,11,1645,1,1,1,1,3.0,04024,M,4423990.0,636280.0,04
201600008060,16,6,14,1745,1,1,1,1,1.0,04122,M,4405870.0,610716.0,04
201600008061,16,6,27,1745,1,1,1,1,5.0,04110,M,4404460.0,613240.0,04
201600008062,16,7,7,1840,1,1,2,1,3.0,04110,M,4403810.0,614541.0,04
201600008063,16,7,8,1800,1,1,1,1,1.0,04001,M,4406040.0,616540.0,04
201600008064,16,7,24,1830,1,1,1,2,7.0,04217,M,4414200.0,611802.0,04
201600008065,16,7,31,1100,1,1,1,1,5.0,04097,M,4420610.0,627413.0,04
201600008066,16,12,15,1300,1,1,6,1,1.0,04070,M,4406590.0,617293.0,04
201600008067,16,4,3,200,3,1,6,1,6.0,04143,M,4388490.0,590820.0,04
201600008068,16,5,22,1715,1,1,1,1,1.0,04189,M,4375710.0,592647.0,04
201600008069,16,6,23,1915,1,1,1,1,7.0,04094,M,4376890.0,587902.0,04
201600008070,16,7,12,1445,1,1,1,1,1.0,04094,M,4373490.0,586467.0,04
201600008071,16,8,1,30,3,1,1,1,6.0,04094,M,4375090.0,585327.0,04
201600008072,16,8,1,1430,1,2,1,1,6.0,04094,M,4375940.0,588536.0,04
201600008073,16,8,8,30,3,1,1,1,7.0,04189,M,4377690.0,597467.0,04
201600008074,16,8,9,1100,1,1,6,1,2.0,04230,M,4380040.0,583325.0,04
201600008075,16,8,21,1200,1,1,1,1,6.0,04189,M,4376450.0,593036.0,04
201600008076,16,8,30,1615,1,1,1,1,1.0,04230,M,4381530.0,593215.0,04
201600008077,16,11,20,1745,2,1,1,1,1.0,04230,M,4379740.0,584605.0,04
201600008078,16,12,21,1745,3,1,1,1,6.0,04230,M,4379140.0,584710.0,04
201600008079,16,5,20,1615,1,1,3,1,3.0,04079,M,4408240.0,601647.0,04
201600008080,16,5,23,2015,1,1,1,1,7.0,04049,M,4411050.0,599416.0,04
201600008081,16,6,2,1230,1,1,1,1,1.0,04145,M,4413480.0,597074.0,04
201600008082,16,6,14,1145,1,1,1,1,1.0,04116,M,4404160.0,600460.0,04
201600008083,16,7,24,1145,1,1,3,1,3.0,04049,M,4410660.0,600437.0,04
201600008084,16,7,18,830,1,2,1,1,1.0,04049,M,4408610.0,600787.0,04
201600008085,16,9,28,1615,1,1,1,1,6.0,04079,M,4409620.0,602320.0,04
201600008086,16,10,16,1845,2,2,1,1,3.0,04049,M,4410190.0,600871.0,04
201600008087,16,11,12,1715,2,1,1,1,7.0,04108,M,4403540.0,606532.0,04
201600008088,16,11,19,2100,3,1,1,1,6.0,04127,M,4406390.0,593988.0,04
201600008089,16,11,24,600,3,1,1,2,6.0,04116,M,4396500.0,592089.0,04
201600008090,16,4,24,1415,1,2,1,1,7.0,04022,M,4395970.0,637941.0,04
201600008091,16,5,5,1800,1,1,1,1,7.0,04055,M,4396190.0,632717.0,04
201600008092,16,5,17,1615,1,1,1,1,6.0,04031,M,4390390.0,613992.0,04
201600008093,16,7,14,1200,1,1,1,1,6.0,04055,M,4396190.0,632717.0,04
201600008094,16,7,30,1815,1,1,3,1,3.0,04028,M,4398450.0,619703.0,04
201600008095,16,11,3,1015,1,1,1,1,2.0,04059,M,4399610.0,638447.0,04
201600008096,16,1,19,1730,2,2,1,1,6.0,04143,M,4391620.0,591861.0,04
201600008097,16,4,27,1930,2,1,6,1,3.0,04242,M,4388860.0,586988.0,04
201600008098,16,7,7,930,1,1,3,1,3.0,04143,M,4392280.0,591168.0,04
201600008099,16,7,15,30,5,1,1,1,4.0,04152,M,4381810.0,574672.0,04
201600008100,16,8,22,1200,1,1,3,1,1.0,04106,M,4395850.0,589692.0,04
201600008101,16,10,24,345,3,1,1,1,1.0,04106,M,4395690.0,589513.0,04
201600008102,16,5,4,1400,1,1,1,1,6.0,04086,M,4439140.0,667405.0,04
201600008103,16,5,24,1500,1,1,1,1,3.0,04086,M,4439600.0,669117.0,04
201600008104,16,6,27,1100,1,1,1,1,7.0,04096,M,4432570.0,680607.0,04
201600008105,16,7,8,1530,1,2,3,1,3.0,04019,M,4438500.0,666102.0,04
201600008106,16,7,17,1715,1,1,3,1,1.0,04019,M,4439140.0,667250.0,04
201600008107,16,7,18,115,3,1,1,1,6.0,04019,M,4439390.0,665022.0,04
201600008108,16,7,30,1115,1,1,1,1,7.0,04096,M,4433240.0,681085.0,04
201600008109,16,8,14,1800,1,1,1,1,1.0,04226,M,4435710.0,661942.0,04
201600008110,16,9,5,2200,3,1,1,1,7.0,04193,M,4451560.0,674430.0,04
201600008111,16,9,25,1200,1,1,1,1,7.0,04120,M,4446600.0,681840.0,04
201600008112,16,10,8,1215,1,1,1,1,1.0,04100,M,4444560.0,685804.0,04
201600008113,16,10,20,1400,1,1,1,1,6.0,04033,M,4444830.0,624131.0,04
201600008114,16,1,21,1615,1,1,1,1,6.0,04198,M,4445410.0,635729.0,04
201600008115,16,4,2,1645,1,1,1,8,6.0,04033,M,4446360.0,626908.0,04
201600008116,16,4,7,1445,1,1,1,1,7.0,04205,M,4432660.0,639371.0,04
201600008117,16,4,10,2230,3,1,1,1,6.0,04198,M,4444650.0,633921.0,04
201600008118,16,7,1,1630,1,1,1,1,2.0,04154,M,4451010.0,635620.0,04
201600008119,16,7,2,1545,1,1,1,1,7.0,04161,M,4440170.0,650858.0,04
201600008120,16,8,14,1515,1,1,1,1,6.0,04161,M,4435650.0,648375.0,04
201600008121,16,4,10,1145,1,1,1,1,7.0,04069,M,4384660.0,654428.0,04
201600008122,16,5,16,1430,1,1,1,1,6.0,04069,M,4387980.0,655594.0,04
201600008123,16,9,24,1430,1,1,1,1,6.0,04039,M,4383540.0,648494.0,04
201600008124,16,4,29,1530,1,2,1,1,6.0,04076,M,4395040.0,681658.0,04
201600008125,16,6,7,845,1,1,1,1,7.0,04076,M,4392710.0,679802.0,04
201600008126,16,7,13,2345,5,2,1,1,6.0,04008,M,4396540.0,666810.0,04
201600008127,16,2,4,2215,3,1,1,1,7.0,04219,M,4410710.0,657377.0,04
201600008128,16,6,9,1130,1,1,3,1,3.0,04061,M,4418360.0,663034.0,04
201600008129,16,7,2,1115,1,1,1,1,1.0,04173,M,4397810.0,650823.0,04
201600008130,16,7,16,1630,1,1,1,1,1.0,04136,M,4399090.0,653597.0,04
201600008131,16,12,21,300,3,2,1,1,7.0,04006,M,4428510.0,657388.0,04
201600008132,16,2,17,1145,1,1,1,1,6.0,04081,M,4374210.0,597375.0,04
201600008133,16,2,29,1200,1,1,1,1,7.0,04144,M,4379410.0,634077.0,04
201600008134,16,7,5,1200,1,1,1,1,6.0,04189,M,4377750.0,597696.0,04
201600008135,16,7,6,1530,1,1,1,1,7.0,04144,M,4378030.0,628064.0,04
201600008136,16,7,18,1015,1,1,1,1,3.0,04172,M,4384650.0,616488.0,04
201600008137,16,8,25,210,3,1,1,1,6.0,04157,M,4385030.0,614752.0,04
201600008138,16,9,6,1900,1,1,1,1,1.0,04166,M,4380310.0,611936.0,04
201600008139,16,10,1,1100,1,1,1,3,1.0,04166,M,4380710.0,611246.0,04
201600008140,16,10,3,1630,1,1,1,1,7.0,04144,M,4380070.0,625875.0,04
201600008141,16,11,1,1615,1,1,1,1,6.0,04144,M,4380150.0,625583.0,04
201600008142,16,12,14,1330,1,1,1,1,6.0,04172,M,4383220.0,614169.0,04
201600008143,16,3,6,230,3,2,1,1,6.0,04088,M,4395220.0,577381.0,04
201600008144,16,3,21,1630,1,1,3,1,5.0,04188,M,4392280.0,577737.0,04
201600008145,16,4,17,2215,3,1,1,1,6.0,04242,M,4388050.0,584875.0,04
201600008146,16,5,23,1400,1,1,1,1,2.0,04242,M,4389780.0,583508.0,04
201600008147,16,6,12,1830,1,2,1,1,6.0,04088,M,4395960.0,578081.0,04
201600008148,16,7,18,1345,1,1,1,1,1.0,04160,M,4386590.0,568386.0,04