Num_Acc,an,mois,jour,hrmn,lum,agg,int,atm,col,com,gps,lat,long,dep
201600008149,16,9,1,145,5,2,1,1,6.0,04151,M,4395580.0,583173.0,04
201600008150,16,12,20,2130,3,1,1,1,6.0,04104,M,4397000.0,573416.0,04
201600008151,16,12,22,1600,1,2,1,1,6.0,04088,M,4395880.0,577988.0,04
201600008152,16,6,10,115,3,1,1,1,6.0,04208,M,4399840.0,554564.0,04
201600008153,16,7,24,1945,1,1,1,2,7.0,04208,M,4396270.0,553073.0,04
201600008154,16,8,28,1215,1,1,1,1,3.0,04141,M,4401150.0,569963.0,04
201600008155,16,9,10,1145,1,2,2,1,1.0,04132,M,4401240.0,560925.0,04
201600008156,16,10,29,1515,1,2,2,1,3.0,04163,M,4417770.0,556574.0,04
201600008157,16,11,2,700,1,1,1,1,1.0,04079,M,4406110.0,602034.0,04
201600008158,16,11,25,300,5,1,1,3,6.0,04049,M,4409440.0,600994.0,04
201600008159,16,4,17,1830,1,1,1,1,3.0,04063,M,4376530.0,575828.0,04
201600008160,16,5,4,1800,1,1,3,1,3.0,04063,M,4376080.0,575423.0,04
201600008161,16,7,1,1130,1,1,3,1,3.0,04245,M,4386040.0,583552.0,04
201600008162,16,8,25,215,3,1,1,1,6.0,04063,M,4375440.0,574976.0,04
201600008163,16,11,18,1730,2,1,1,1,1.0,04152,M,4380060.0,575673.0,04
201600008164,16,11,28,830,1,1,1,7,6.0,04197,M,4380390.0,577236.0,04
201600008165,16,12,18,1130,1,1,1,9,3.0,04242,M,4389440.0,583774.0,04
201600008166,16,7,15,1030,1,1,3,1,1.0,04075,M,4416420.0,594980.0,04
201600008167,16,7,22,845,1,1,1,1,6.0,04123,M,4425160.0,588088.0,04
201600008168,16,4,15,1415,1,1,1,1,7.0,04231,M,4426130.0,597405.0,04
201600008169,16,1,18,2100,3,1,1,4,1.0,05053,M,4433956.0,577880.0,05
201600008170,16,4,4,1445,1,1,1,1,3.0,05103,M,4426355.0,590424.0,05
201600008171,16,4,4,1345,1,2,1,1,6.0,05053,M,4434477.0,577331.0,05
201600008172,16,4,16,1430,1,1,4,1,3.0,05034,M,4427696.0,581679.0,05
201600008173,16,4,29,45,3,1,1,1,6.0,05118,M,4420559.0,588872.0,05
201600008174,16,7,11,1200,1,2,1,1,2.0,05070,M,4430632.0,583539.0,05
201600008175,16,10,11,1015,1,1,1,1,7.0,05172,M,4435282.0,573736.0,05
201600008176,16,11,10,745,2,1,1,1,6.0,05173,M,4430674.0,582641.0,05
201600008177,16,12,30,2130,1,1,1,1,6.0,05173,M,4432761.0,586769.0,05
201600008178,16,1,9,1130,1,1,4,2,1.0,05147,M,4465225.0,613450.0,05
201600008179,16,2,3,1300,1,1,1,6,6.0,05025,M,4465112.0,614571.0,05
201600008180,16,4,27,1130,1,1,1,1,6.0,05056,M,4463254.0,613005.0,05
201600008181,16,5,28,1330,1,1,1,1,7.0,05104,M,4469068.0,604486.0,05
201600008182,16,7,23,1015,1,2,1,1,6.0,05132,M,4468308.0,611207.0,05
201600008183,16,7,24,1215,1,1,1,1,7.0,05009,M,4479938.0,597017.0,05
201600008184,16,9,4,730,1,1,1,1,6.0,05054,M,4467921.0,606168.0,05
201600008185,16,9,11,845,1,1,1,1,6.0,05072,M,4465139.0,608603.0,05
201600008186,16,11,27,1630,2,1,1,5,7.0,05147,M,0.0,0.0,05
201600008187,16,12,15,1745,2,2,1,1,6.0,05029,M,4464364.0,617282.0,05
201600008188,16,12,22,530,3,1,1,9,7.0,05032,M,4468936.0,626495.0,05
201600008189,16,8,25,1330,1,2,1,1,3.0,05002,M,4469548.0,588236.0,05
201600008190,16,11,9,1100,1,1,1,4,7.0,05139,M,4466485.0,594481.0,05
201600008191,16,1,25,745,1,1,1,1,6.0,05068,M,4449042.0,607973.0,05
201600008192,16,2,25,900,1,1,1,1,1.0,05162,M,4443445.0,602407.0,05
201600008193,16,6,4,1115,1,2,1,1,2.0,05170,M,4446409.0,604951.0,05
201600008194,16,7,13,1815,1,1,1,7,5.0,05100,M,4452075.0,600969.0,05
201600008195,16,7,24,300,3,1,1,1,7.0,05068,M,4448591.0,607961.0,05
201600008196,16,10,30,1610,1,1,1,1,5.0,05068,M,4448980.0,611697.0,05
201600008197,16,12,1,1700,2,1,1,7,2.0,05170,M,4444842.0,603433.0,05
201600008198,16,12,30,1000,1,1,3,1,1.0,05162,M,4442107.0,601715.0,05
201600008199,16,7,27,1315,1,1,1,1,7.0,05033,M,4436259.0,563285.0,05
201600008200,16,9,3,1145,1,1,1,1,7.0,05129,M,4437441.0,553221.0,05
201600008201,16,1,1,1200,1,1,1,1,6.0,05087,M,4457273.0,586037.0,05
201600008202,16,1,26,1130,1,1,3,1,3.0,05123,M,4456189.0,593531.0,05
201600008203,16,8,8,1745,1,1,1,1,5.0,05123,M,4454637.0,599917.0,05
201600008204,16,7,11,700,1,1,1,1,7.0,05006,M,4475860.0,657296.0,05
201600008205,16,9,13,830,1,1,1,1,6.0,05006,M,4479567.0,656265.0,05
201600008206,16,10,3,1545,1,1,1,1,6.0,05006,M,4480672.0,656581.0,05
201600008207,16,10,24,1630,1,2,1,1,5.0,05006,M,4479242.0,656217.0,05
201600008208,16,12,11,1330,1,1,1,1,7.0,05058,M,4476438.0,656412.0,05
201600008209,16,7,30,1730,1,1,1,1,1.0,05174,M,4492577.0,667929.0,05
201600008210,16,8,8,1600,1,2,1,1,2.0,05085,M,4492843.0,671296.0,05
201600008211,16,9,13,1430,1,1,1,1,6.0,05079,M,4499706.0,647857.0,05
201600008212,16,2,6,2000,5,1,1,1,3.0,05012,M,4454692.0,648283.0,05
201600008213,16,3,6,1745,2,1,1,1,2.0,05045,M,4453264.0,645434.0,05
201600008214,16,7,1,115,4,1,1,1,6.0,05045,M,4453660.0,647095.0,05
201600008215,16,8,9,915,1,1,1,1,3.0,05108,M,4454325.0,640818.0,05
201600008216,16,10,18,745,1,2,6,1,6.0,05046,M,4456522.0,649909.0,05
201600008217,16,12,10,2130,5,2,3,1,1.0,05046,M,4456253.0,649120.0,05
201600008218,16,6,25,1045,1,1,1,1,7.0,05038,M,4476887.0,680218.0,05
201600008219,16,9,1,1215,1,2,1,1,6.0,05157,M,4470048.0,686800.0,05
201600008220,16,7,30,1800,1,1,1,1,5.0,05106,M,4452500.0,635900.0,05
201600008221,16,11,19,930,1,1,2,1,1.0,05017,M,4456342.0,619662.0,05
201600008222,16,12,16,1930,3,1,1,1,5.0,05084,M,4455282.0,624464.0,05
201600008223,16,3,27,1245,1,1,8,1,3.0,05136,M,4470650.0,660389.0,05
201600008224,16,5,11,845,1,2,6,2,1.0,05065,M,4465507.0,665212.0,05
201600008225,16,6,5,1545,1,1,1,8,7.0,05177,M,4461270.0,668702.0,05
201600008226,16,6,10,1200,1,1,1,1,5.0,05177,M,4460644.0,606887.0,05
201600008227,16,7,9,1345,1,1,1,1,6.0,05177,M,4462578.0,668044.0,05
201600008228,16,12,29,830,1,1,1,1,3.0,05136,M,4471115.0,660234.0,05
201600008229,16,5,27,2030,5,1,1,1,7.0,06015,M,0.0,0.0,06
201600008230,16,7,3,1930,1,1,1,1,1.0,06048,M,0.0,0.0,06
201600008231,16,7,22,2330,4,1,1,1,1.0,06048,M,0.0,0.0,06
201600008232,16,11,8,710,1,1,1,1,3.0,06048,M,4380896.0,732439.0,06
201600008233,16,11,25,1620,1,2,1,1,3.0,06048,M,4381692.0,734545.0,06
201600008234,16,8,7,1400,1,1,1,1,7.0,06077,M,0.0,0.0,06
201600008235,16,8,14,1515,1,2,1,1,7.0,06091,M,0.0,0.0,06
201600008236,16,10,3,845,1,2,1,1,1.0,06019,M,0.0,0.0,06
201600008237,16,11,28,1700,2,2,9,1,3.0,06077,M,4388367.0,735953.0,06
201600008238,16,4,6,1230,1,1,1,1,6.0,06147,M,4378000.0,727900.0,06
201600008239,16,4,14,930,1,2,1,1,1.0,06075,M,4385700.0,722900.0,06
201600008240,16,10,13,1550,1,2,1,2,6.0,06147,M,4379349.0,726690.0,06
201600008241,16,10,11,740,1,2,3,1,1.0,06075,M,4385077.0,723631.0,06
201600008242,16,12,8,1030,1,1,1,1,1.0,06147,M,4376175.0,727947.0,06
201600008243,16,3,7,1530,1,1,1,1,1.0,06151,M,0.0,0.0,06
201600008244,16,3,19,2300,3,1,1,1,7.0,06151,M,0.0,0.0,06
201600008245,16,9,15,1015,1,1,1,1,6.0,06151,M,0.0,0.0,06
201600008246,16,4,7,1745,1,2,1,1,1.0,06149,M,0.0,0.0,06
201600008247,16,4,7,1830,1,1,1,1,4.0,06149,M,0.0,0.0,06
201600008248,16,6,20,745,1,1,1,1,6.0,06149,M,0.0,0.0,06
201600008249,16,7,22,1330,1,1,1,1,1.0,06149,M,0.0,0.0,06
201600008250,16,2,14,1045,1,2,3,1,3.0,06011,M,4370381.0,732653.0,06
201600008251,16,6,18,330,5,2,1,1,1.0,06011,M,4371353.0,734040.0,06
201600008252,16,8,14,320,5,2,1,1,6.0,06121,M,0.0,0.0,06
201600008253,16,12,4,910,1,2,1,1,7.0,06011,M,4370239.0,732917.0,06
201600008254,16,12,18,2330,5,2,1,1,7.0,06121,M,4369743.0,732662.0,06
201600008255,16,1,4,800,1,2,6,1,6.0,06079,M,0.0,0.0,06
201600008256,16,1,22,1630,1,2,1,1,6.0,06079,M,0.0,0.0,06
201600008257,16,2,26,2015,5,2,1,1,6.0,06079,M,0.0,0.0,06
201600008258,16,2,29,2000,5,2,1,1,6.0,06079,M,0.0,0.0,06
201600008259,16,3,11,1845,5,2,1,1,6.0,06138,M,0.0,0.0,06
201600008260,16,3,27,1545,1,2,1,8,3.0,06079,M,0.0,0.0,06
201600008261,16,4,1,115,5,2,1,1,6.0,06079,M,0.0,0.0,06
201600008262,16,4,16,1945,2,1,1,1,6.0,06108,M,0.0,0.0,06
201600008263,16,4,24,1800,1,1,1,1,6.0,06079,M,0.0,0.0,06
201600008264,16,4,23,1600,1,2,1,1,6.0,06079,M,4355448.0,695457.0,06
201600008265,16,5,9,2145,5,2,1,2,6.0,06079,M,0.0,0.0,06
201600008266,16,5,25,1045,1,2,1,1,6.0,06079,M,0.0,0.0,06
201600008267,16,6,17,1530,1,2,1,1,1.0,06138,M,0.0,0.0,06
201600008268,16,7,17,1830,1,2,1,1,6.0,06079,M,0.0,0.0,06
201600008269,16,8,16,900,1,2,1,1,6.0,06079,M,0.0,0.0,06
201600008270,16,8,21,1130,1,2,1,1,1.0,06079,M,0.0,0.0,06
201600008271,16,9,7,1715,1,2,1,1,6.0,06079,M,0.0,0.0,06
201600008272,16,9,9,1130,1,1,9,1,6.0,06079,M,0.0,0.0,06
201600008273,16,9,29,1145,1,2,1,1,6.0,06079,M,0.0,0.0,06
201600008274,16,9,25,1500,1,2,1,1,6.0,06138,M,0.0,0.0,06
201600008275,16,2,15,1430,1,1,1,1,6.0,06058,M,0.0,0.0,06
201600008276,16,9,9,1845,1,1,1,1,3.0,06134,M,0.0,0.0,06
201600008277,16,11,7,1635,1,2,1,1,6.0,06058,M,4372889.0,678159.0,06
201600008278,16,1,15,1330,1,1,1,1,6.0,06157,M,0.0,0.0,06
201600008279,16,5,8,915,1,1,6,1,6.0,06128,M,0.0,0.0,06
201600008280,16,8,6,1715,1,1,1,1,1.0,06157,M,0.0,0.0,06
201600008281,16,9,1,1830,1,2,1,1,2.0,06065,M,0.0,0.0,06
201600008282,16,9,14,800,1,2,1,1,3.0,06157,M,0.0,0.0,06
201600008283,16,9,30,1515,1,2,9,1,1.0,06065,M,0.0,0.0,06
201600008284,16,10,6,1820,1,1,1,1,3.0,06128,M,4369862.0,712188.0,06
201600008285,16,10,15,1515,1,2,1,1,6.0,06065,M,4371646.0,715169.0,06
201600008286,16,10,26,630,3,1,1,8,6.0,06122,M,4374767.0,713269.0,06
201600008287,16,11,29,1630,1,1,6,1,6.0,06128,M,4369303.0,713177.0,06
201600008288,16,12,15,1620,2,2,1,1,1.0,06157,M,4372571.0,712113.0,06
201600008289,16,12,19,1320,1,2,1,2,6.0,06122,M,4374136.0,715796.0,06
201600008290,16,12,19,1500,1,2,4,2,5.0,06122,M,4374192.0,716178.0,06
201600008291,16,6,19,2000,1,1,6,1,2.0,06033,M,0.0,0.0,06
201600008292,16,9,4,845,2,1,1,1,2.0,06126,M,0.0,0.0,06
201600008293,16,8,4,2045,1,1,1,1,5.0,06113,M,0.0,0.0,06
201600008294,16,4,16,1130,1,1,1,1,7.0,06163,M,0.0,0.0,06
201600008295,16,8,6,1430,1,1,1,1,6.0,06163,M,4402800.0,757100.0,06
201600008296,16,1,15,2000,5,2,1,1,5.0,06032,M,0.0,0.0,06
201600008297,16,1,22,715,1,2,1,1,1.0,06150,M,4374338.0,739272.0,06
201600008298,16,1,28,1445,1,1,1,1,3.0,06059,M,0.0,0.0,06
201600008299,16,2,17,815,1,2,1,8,5.0,06032,M,0.0,0.0,06
201600008300,16,2,20,1830,5,2,1,1,3.0,06059,M,4372279.0,735693.0,06
201600008301,16,3,27,315,5,2,1,1,6.0,06150,M,0.0,0.0,06
201600008302,16,4,5,1730,1,1,1,1,2.0,06032,M,0.0,0.0,06
201600008303,16,6,3,1600,1,2,1,1,3.0,06032,M,0.0,0.0,06
201600008304,16,6,24,1730,1,1,1,1,6.0,06059,M,0.0,0.0,06
201600008305,16,6,29,1400,1,1,1,1,3.0,06059,M,0.0,0.0,06
201600008306,16,8,20,945,1,2,1,1,1.0,06032,M,4372100.0,740200.0,06
201600008307,16,9,7,1730,1,2,1,1,6.0,06150,M,0.0,0.0,06
201600008308,16,9,25,1200,1,1,1,1,6.0,06032,M,0.0,0.0,06
201600008309,16,8,17,1745,1,2,1,1,3.0,06059,M,4373079.0,736335.0,06
201600008310,16,9,18,1000,1,1,1,1,1.0,06158,M,0.0,0.0,06
201600008311,16,11,26,2300,3,1,1,5,3.0,06078,M,4392501.0,714949.0,06
201600008312,16,6,4,1815,1,1,1,8,7.0,06125,M,0.0,0.0,06
201600008313,16,8,28,1700,1,1,1,1,1.0,06053,M,0.0,0.0,06
201600008314,16,7,28,1715,1,2,1,1,7.0,06106,M,4386100.0,704400.0,06
201600008315,16,10,23,1320,1,1,1,2,1.0,06066,M,4383804.0,718580.0,06
201600008316,16,2,14,830,1,1,1,1,1.0,06073,M,0.0,0.0,06
201600008317,16,9,25,1515,1,1,1,1,7.0,06073,M,4420400.0,710600.0,06
201600008318,16,7,10,1945,1,1,1,1,3.0,83004,M,0.0,0.0,83
201600008319,16,8,9,945,1,1,1,1,3.0,83086,M,0.0,0.0,83
201600008320,16,8,24,2215,3,1,1,1,7.0,83134,M,0.0,0.0,83
201600008321,16,9,9,1045,1,1,1,1,3.0,83086,M,0.0,0.0,83
201600008322,16,9,28,2230,3,1,1,1,6.0,83004,M,0.0,0.0,83
201600008323,16,10,15,545,3,1,1,8,1.0,83148,M,0.0,0.0,83
201600008324,16,10,16,1515,2,1,1,1,1.0,83148,M,0.0,0.0,83
201600008325,16,10,20,1345,1,1,1,1,2.0,83086,M,0.0,0.0,83
201600008326,16,11,7,1445,1,1,1,1,7.0,83148,M,0.0,0.0,83
201600008327,16,11,9,2230,3,1,1,1,6.0,83134,M,0.0,0.0,83
201600008328,16,11,13,1115,1,1,1,1,1.0,83004,M,0.0,0.0,83
201600008329,16,12,26,1900,3,1,1,1,2.0,83148,M,0.0,0.0,83
201600008330,16,2,13,545,3,1,1,1,7.0,83082,M,4362940.0,649335.0,83
201600008331,16,2,22,1100,1,2,1,1,6.0,83056,M,4354237.0,648428.0,83
201600008332,16,4,23,1045,1,2,1,1,3.0,83056,M,0.0,0.0,83
201600008333,16,6,25,1230,1,1,1,1,7.0,83044,M,0.0,0.0,83
201600008334,16,6,30,2145,3,1,1,1,7.0,83082,M,0.0,0.0,83
201600008335,16,7,24,1945,1,1,1,2,7.0,83040,M,0.0,0.0,83
201600008336,16,7,31,1145,1,1,9,1,6.0,83011,M,0.0,0.0,83
201600008337,16,9,13,1730,1,1,1,1,1.0,83082,M,0.0,0.0,83
201600008338,16,9,22,1645,1,1,9,1,3.0,83056,M,0.0,0.0,83
201600008339,16,10,20,1715,1,1,1,1,2.0,83056,M,0.0,0.0,83
201600008340,16,11,17,2015,3,1,1,1,6.0,83028,M,0.0,0.0,83
201600008341,16,11,19,745,1,1,1,1,3.0,83028,M,0.0,0.0,83
201600008342,16,11,30,1115,1,1,1,1,6.0,83056,M,0.0,0.0,83
201600008343,16,2,16,1230,1,2,9,1,3.0,83124,M,0.0,0.0,83
201600008344,16,3,7,745,1,1,1,1,6.0,83055,M,0.0,0.0,83
201600008345,16,4,11,1815,1,1,9,1,2.0,83055,M,0.0,0.0,83
201600008346,16,4,24,1245,1,1,1,1,7.0,83138,M,0.0,0.0,83
201600008347,16,4,28,1030,1,1,1,1,6.0,83124,M,0.0,0.0,83
201600008348,16,5,8,645,1,1,6,1,6.0,83029,M,0.0,0.0,83
201600008349,16,5,22,1530,1,1,1,1,3.0,83055,M,0.0,0.0,83
201600008350,16,5,25,1430,1,2,1,1,3.0,83081,M,0.0,0.0,83
201600008351,16,5,27,1615,1,1,1,1,1.0,83029,M,0.0,0.0,83
201600008352,16,6,6,1645,1,1,1,1,1.0,83008,M,0.0,0.0,83
201600008353,16,6,18,1745,1,1,1,1,1.0,83133,M,0.0,0.0,83
201600008354,16,6,30,1330,1,1,1,1,3.0,83081,M,0.0,0.0,83
201600008355,16,7,8,1545,1,1,1,1,3.0,83138,M,0.0,0.0,83
201600008356,16,8,1,2000,2,1,2,1,3.0,83133,M,0.0,0.0,83
201600008357,16,8,20,930,1,2,2,1,3.0,83117,M,0.0,0.0,83
201600008358,16,8,25,730,1,1,1,1,7.0,83080,M,0.0,0.0,83
201600008359,16,8,30,445,3,2,1,2,7.0,83055,M,0.0,0.0,83
201600008360,16,9,25,345,3,1,1,1,7.0,83133,M,0.0,0.0,83
201600008361,16,11,14,1700,2,2,1,1,3.0,83029,M,4360663.0,675535.0,83
201600008362,16,12,26,1930,3,1,1,1,6.0,83138,M,0.0,0.0,83
201600008363,16,1,8,1715,1,2,3,1,3.0,83031,M,0.0,0.0,83
201600008364,16,1,12,1000,1,2,1,1,1.0,83073,M,0.0,0.0,83
201600008365,16,3,4,945,1,1,1,1,2.0,83031,M,0.0,0.0,83
201600008366,16,4,6,1700,1,1,1,7,2.0,83075,M,0.0,0.0,83
201600008367,16,4,10,1545,1,1,1,1,1.0,83073,M,0.0,0.0,83
201600008368,16,4,18,830,1,1,1,1,5.0,83073,M,0.0,0.0,83
201600008369,16,5,25,1815,1,1,1,1,3.0,83057,M,0.0,0.0,83
201600008370,16,7,29,1415,1,2,1,1,3.0,83073,M,0.0,0.0,83
201600008371,16,8,26,1800,1,1,1,1,1.0,83026,M,0.0,0.0,83
201600008372,16,9,9,1500,1,2,1,1,5.0,83073,M,0.0,0.0,83
201600008373,16,9,10,2000,3,1,1,1,6.0,83092,M,0.0,0.0,83
201600008374,16,10,16,2215,3,1,1,1,7.0,83057,M,0.0,0.0,83
201600008375,16,11,18,1045,1,1,1,1,6.0,83026,M,0.0,0.0,83
201600008376,16,1,13,1630,1,2,1,1,1.0,83121,M,4356103.0,623312.0,83
201600008377,16,2,1,1715,1,1,1,1,1.0,83128,M,0.0,0.0,83
201600008378,16,3,17,1545,1,1,1,1,6.0,83149,M,0.0,0.0,83
201600008379,16,3,26,1615,1,1,1,7,7.0,83015,M,0.0,0.0,83
201600008380,16,4,10,130,3,1,1,1,6.0,83128,M,0.0,0.0,83
201600008381,16,4,10,1130,1,1,1,1,1.0,83121,M,0.0,0.0,83
201600008382,16,8,18,1230,1,1,1,7,7.0,83014,M,0.0,0.0,83
201600008383,16,9,21,1630,1,1,1,1,2.0,83015,M,0.0,0.0,83
201600008384,16,11,15,1000,1,2,1,7,6.0,83102,M,0.0,0.0,83
201600008385,16,12,3,2100,5,2,3,1,3.0,83102,M,0.0,0.0,83
201600008386,16,2,6,2100,3,1,1,2,7.0,83023,M,0.0,0.0,83
201600008387,16,2,20,1730,1,2,1,1,6.0,83023,M,4341252.0,606708.0,83
201600008388,16,3,7,845,1,1,1,1,4.0,83023,M,0.0,0.0,83
201600008389,16,4,25,1330,1,1,1,1,2.0,83023,M,0.0,0.0,83
201600008390,16,5,4,830,1,1,1,1,2.0,83023,M,0.0,0.0,83
201600008391,16,6,12,1815,1,1,1,1,1.0,83023,M,0.0,0.0,83
201600008392,16,6,26,2145,2,1,1,1,2.0,83143,M,0.0,0.0,83
201600008393,16,7,13,1130,1,1,1,1,3.0,83030,M,0.0,0.0,83
201600008394,16,9,12,2145,3,1,1,1,6.0,83023,M,0.0,0.0,83
201600008395,16,9,14,1800,1,2,1,2,6.0,83023,M,4340650.0,606247.0,83
201600008396,16,9,27,2245,3,1,1,1,1.0,83023,M,0.0,0.0,83
201600008397,16,9,30,1545,1,1,1,1,1.0,83023,M,0.0,0.0,83
201600008398,16,10,1,1700,1,1,1,1,1.0,83143,M,4342600.0,606900.0,83
201600008399,16,10,6,1715,1,1,1,1,2.0,83023,M,4368200.0,613500.0,83
201600008400,16,11,4,1100,1,1,1,7,3.0,83023,M,4367000.0,613800.0,83
201600008401,16,11,4,1245,1,1,1,1,6.0,83143,M,0.0,0.0,83
201600008402,16,11,11,2145,3,1,3,1,3.0,83023,M,0.0,0.0,83
201600008403,16,11,27,1315,1,1,1,1,7.0,83023,M,0.0,0.0,83
201600008404,16,3,9,1545,1,1,1,1,3.0,83083,M,0.0,0.0,83
201600008405,16,4,10,1315,1,1,1,1,4.0,83045,M,4346547.0,611173.0,83
201600008406,16,6,19,1400,1,1,1,1,7.0,83135,M,0.0,0.0,83
201600008407,16,7,23,1045,1,1,6,1,1.0,83084,M,0.0,0.0,83
201600008408,16,8,1,2215,1,1,1,1,1.0,83084,M,0.0,0.0,83
201600008409,16,8,3,1130,1,2,1,1,7.0,83046,M,0.0,0.0,83
201600008410,16,9,29,1145,1,1,1,1,6.0,83135,M,0.0,0.0,83
201600008411,16,10,3,1730,1,2,1,1,6.0,83012,M,4356048.0,600375.0,83
201600008412,16,9,23,1515,1,1,1,1,6.0,83146,M,0.0,0.0,83
201600008413,16,12,14,1145,1,2,1,1,3.0,83150,M,0.0,0.0,83
201600008414,16,3,10,800,1,1,1,1,1.0,83106,M,0.0,0.0,83
201600008415,16,3,19,1400,1,1,1,1,7.0,83077,M,0.0,0.0,83
201600008416,16,3,30,1900,1,1,1,1,1.0,83059,M,0.0,0.0,83
201600008417,16,4,19,745,1,1,1,1,1.0,83077,M,0.0,0.0,83
201600008418,16,4,25,1530,1,1,2,1,3.0,83077,M,0.0,0.0,83
201600008419,16,5,3,1915,1,2,1,1,3.0,83059,M,0.0,0.0,83
201600008420,16,5,9,915,1,1,1,1,6.0,83088,M,4330475.0,600614.0,83
201600008421,16,5,17,1045,1,1,1,1,5.0,83108,M,0.0,0.0,83
201600008422,16,5,25,930,1,1,1,1,3.0,83108,M,0.0,0.0,83
201600008423,16,6,28,1730,1,1,1,1,7.0,83108,M,0.0,0.0,83
201600008424,16,8,22,2300,3,1,1,1,7.0,83108,M,0.0,0.0,83
201600008425,16,10,12,1730,1,2,1,1,1.0,83077,M,4327759.0,597103.0,83
201600008426,16,1,9,1615,1,1,1,8,6.0,83116,M,0.0,0.0,83
201600008427,16,3,2,1200,1,1,9,1,6.0,83116,M,4345328.0,585063.0,83
201600008428,16,3,28,200,3,1,1,1,6.0,83096,M,0.0,0.0,83
201600008429,16,5,2,730,1,1,1,1,1.0,83140,M,4339300.0,590700.0,83
201600008430,16,5,26,1530,1,1,1,1,5.0,83140,M,0.0,0.0,83
201600008431,16,6,4,745,1,1,1,1,3.0,83140,M,0.0,0.0,83
201600008432,16,7,11,615,1,1,1,1,6.0,83089,M,0.0,0.0,83
201600008433,16,8,21,600,1,1,1,1,6.0,83097,M,0.0,0.0,83
201600008434,16,8,21,1645,1,1,1,1,3.0,83087,M,0.0,0.0,83
201600008435,16,10,1,900,1,1,1,2,5.0,83140,M,0.0,0.0,83
201600008436,16,9,9,230,3,1,1,1,6.0,83087,M,0.0,0.0,83
201600008437,16,1,17,1030,1,2,1,1,7.0,83107,M,0.0,0.0,83
201600008438,16,2,3,1730,1,2,1,1,3.0,83099,M,4345400.0,668400.0,83
201600008439,16,2,9,1130,1,2,2,1,3.0,83099,M,0.0,0.0,83
201600008440,16,5,16,1500,1,1,1,1,2.0,83107,M,0.0,0.0,83
201600008441,16,5,31,645,1,1,1,1,1.0,83001,M,0.0,0.0,83
201600008442,16,6,2,1845,1,2,1,1,3.0,83099,M,0.0,0.0,83
201600008443,16,6,12,1745,1,1,1,1,7.0,83107,M,4344893.0,661873.0,83
201600008444,16,6,21,1330,1,1,1,1,1.0,83107,M,0.0,0.0,83
201600008445,16,6,26,715,1,1,1,1,1.0,83107,M,0.0,0.0,83
201600008446,16,7,10,845,2,1,1,1,6.0,83107,M,0.0,0.0,83
201600008447,16,7,11,1715,1,1,1,1,1.0,83107,M,0.0,0.0,83
201600008448,16,7,13,1215,1,2,1,6,7.0,83107,M,0.0,0.0,83
201600008449,16,8,3,830,1,2,1,1,6.0,83001,M,4353671.0,683223.0,83
201600008450,16,8,4,1130,1,1,6,1,3.0,83107,M,0.0,0.0,83
201600008451,16,8,12,1830,1,1,1,1,3.0,83107,M,0.0,0.0,83
201600008452,16,8,16,45,1,1,1,1,5.0,83107,M,0.0,0.0,83
201600008453,16,9,28,1200,1,1,1,1,3.0,83099,M,0.0,0.0,83
201600008454,16,10,11,2030,3,1,1,1,6.0,83107,M,0.0,0.0,83
201600008455,16,10,5,1730,1,1,1,1,3.0,83107,M,0.0,0.0,83
201600008456,16,10,16,1445,1,1,6,1,6.0,83107,M,0.0,0.0,83
201600008457,16,1,5,1145,1,1,1,1,2.0,83079,M,0.0,0.0,83
201600008458,16,2,11,2130,5,2,1,1,6.0,83063,M,4331496.0,646890.0,83
201600008459,16,3,1,2200,5,1,1,1,6.0,83068,M,0.0,0.0,83
201600008460,16,4,18,715,1,1,1,1,6.0,83042,M,4327094.0,657323.0,83
201600008461,16,4,24,1815,1,2,1,1,6.0,83068,M,4327447.0,658354.0,83
201600008462,16,4,30,345,3,1,1,6,2.0,83068,M,4328000.0,654100.0,83
201600008463,16,5,6,1245,1,1,1,1,1.0,83068,M,0.0,0.0,83
201600008464,16,5,17,2045,2,1,1,1,5.0,83068,M,4345600.0,684900.0,83
201600008465,16,6,4,2000,1,1,1,1,1.0,83068,M,4325900.0,655100.0,83
201600008466,16,7,30,1015,1,1,1,1,5.0,83068,M,4344900.0,690500.0,83
201600008467,16,8,25,545,5,1,1,1,6.0,83068,M,4344900.0,695500.0,83
201600008468,16,10,28,1615,1,1,1,1,1.0,83063,M,0.0,0.0,83
201600008469,16,12,11,1530,1,1,1,7,1.0,83068,M,0.0,0.0,83
201600008470,16,12,13,1400,1,1,1,1,1.0,83068,M,0.0,0.0,83
201600008471,16,12,13,1900,3,1,1,1,7.0,83079,M,0.0,0.0,83
201600008472,16,12,17,1230,1,2,6,1,3.0,83042,M,4325709.0,651949.0,83
201600008473,16,7,28,1915,1,2,1,1,6.0,83086,M,4344278.0,663761.0,83
201600008474,16,2,22,800,1,2,1,1,6.0,83115,M,4330790.0,663515.0,83
201600008475,16,3,31,1345,1,2,1,1,6.0,83115,M,4353200.0,604800.0,83
201600008476,16,5,7,1245,1,1,1,1,6.0,83094,M,4333690.0,653815.0,83
201600008477,16,5,31,930,1,2,1,1,6.0,83115,M,4331041.0,663338.0,83
201600008478,16,6,2,830,1,1,1,1,6.0,83094,M,0.0,0.0,83
201600008479,16,7,3,600,3,1,1,1,6.0,83115,M,4333883.0,667763.0,83
201600008480,16,7,22,245,5,2,1,1,1.0,83115,M,4330300.0,662600.0,83
201600008481,16,7,29,1700,1,2,1,1,1.0,83094,M,0.0,0.0,83
201600008482,16,8,8,700,1,1,1,1,1.0,83115,M,0.0,0.0,83
201600008483,16,10,30,1130,1,1,1,1,1.0,83107,M,4334300.0,671000.0,83
201600008484,16,11,7,1600,1,2,1,1,6.0,83115,M,0.0,0.0,83
201600008485,16,2,14,2100,3,1,1,1,6.0,83101,M,4337700.0,602100.0,83
201600008486,16,3,19,1415,1,1,1,1,2.0,83065,M,0.0,0.0,83
201600008487,16,4,15,15,5,1,1,1,1.0,83065,M,0.0,0.0,83
201600008488,16,4,20,930,1,2,1,1,3.0,83119,M,4326785.0,663999.0,83
201600008489,16,6,1,1230,1,1,1,1,3.0,83065,M,0.0,0.0,83
201600008490,16,7,6,215,3,1,1,1,6.0,83101,M,0.0,0.0,83