Num_Acc,an,mois,jour,hrmn,lum,agg,int,atm,col,com,gps,lat,long,dep
201600008491,16,7,10,1145,1,1,1,1,3.0,83101,M,4341400.0,607800.0,83
201600008492,16,7,12,1845,1,2,1,1,3.0,83119,M,0.0,0.0,83
201600008493,16,7,13,2215,3,1,1,1,3.0,83065,M,0.0,0.0,83
201600008494,16,7,31,115,3,2,1,1,7.0,83119,M,4326061.0,664199.0,83
201600008495,16,8,11,2245,5,1,1,1,1.0,83065,M,4326127.0,659623.0,83
201600008496,16,8,21,100,3,1,1,1,6.0,83101,M,0.0,0.0,83
201600008497,16,8,23,2000,1,1,1,1,6.0,83119,M,4325800.0,661800.0,83
201600008498,16,9,21,1845,1,1,1,1,6.0,83101,M,0.0,0.0,83
201600008499,16,10,6,1500,1,2,1,1,6.0,83119,M,4626900.0,663800.0,83
201600008500,16,10,11,1615,1,1,1,1,7.0,83065,M,4323942.0,656457.0,83
201600008501,16,10,24,1115,1,1,1,1,6.0,83065,M,0.0,0.0,83
201600008502,16,10,25,2345,3,1,1,1,6.0,83119,M,4324100.0,658800.0,83
201600008503,16,11,15,1830,5,1,1,1,7.0,83065,M,0.0,0.0,83
201600008504,16,12,4,430,3,1,1,1,6.0,83065,M,0.0,0.0,83
201600008505,16,1,15,1045,1,2,1,1,3.0,83053,M,0.0,0.0,83
201600008506,16,2,16,2200,3,2,1,1,7.0,83016,M,0.0,0.0,83
201600008507,16,4,15,1215,1,1,9,1,1.0,83016,M,0.0,0.0,83
201600008508,16,6,5,1145,1,1,1,1,6.0,83035,M,4342500.0,526700.0,83
201600008509,16,6,9,615,1,1,1,1,3.0,83035,M,0.0,0.0,83
201600008510,16,7,31,2115,4,1,6,1,7.0,83035,M,0.0,0.0,83
201600008511,16,8,17,1815,1,1,1,1,6.0,83053,M,0.0,0.0,83
201600008512,16,9,16,2130,5,1,1,1,3.0,83016,M,0.0,0.0,83
201600008513,16,10,3,1515,1,1,1,1,1.0,83035,M,4325400.0,571700.0,83
201600008514,16,10,12,2115,3,1,1,1,6.0,83127,M,0.0,0.0,83
201600008515,16,11,27,1845,5,1,3,1,5.0,83035,M,0.0,0.0,83
201600008516,16,12,4,230,3,1,1,1,6.0,83035,M,4325200.0,573900.0,83
201600008517,16,12,25,1315,1,1,1,1,1.0,83016,M,4323400.0,580300.0,83
201600008518,16,1,1,1800,3,1,1,3,6.0,83047,M,0.0,0.0,83
201600008519,16,7,15,2330,3,2,1,1,6.0,83047,M,0.0,0.0,83
201600008520,16,9,8,2215,3,1,1,1,6.0,83047,M,0.0,0.0,83
201600008521,16,3,4,815,1,2,1,1,2.0,83071,M,0.0,0.0,83
201600008522,16,6,5,915,1,2,1,1,2.0,83071,M,4312652.0,624580.0,83
201600008523,16,7,8,2145,5,2,1,1,6.0,83071,M,0.0,0.0,83
201600008524,16,8,20,615,2,1,6,1,6.0,83071,M,0.0,0.0,83
201600008525,16,9,4,900,1,2,1,1,3.0,83071,M,0.0,0.0,83
201600008526,16,9,29,1700,1,1,1,1,3.0,83071,M,4313851.0,622147.0,83
201600008527,16,3,14,1315,1,1,1,1,1.0,83112,M,4318898.0,573032.0,83
201600008528,16,3,13,1545,1,1,1,1,2.0,83112,M,0.0,0.0,83
201600008529,16,3,14,1345,1,2,6,1,1.0,83112,M,0.0,0.0,83
201600008530,16,4,13,100,3,1,9,1,2.0,83112,M,4317500.0,567100.0,83
201600008531,16,5,15,1200,1,2,6,1,3.0,83112,M,4318339.0,569061.0,83
201600008532,16,7,9,845,1,2,1,1,4.0,83112,M,0.0,0.0,83
201600008533,16,7,8,1730,1,2,1,1,6.0,83112,M,0.0,0.0,83
201600008534,16,8,27,2300,3,1,1,1,7.0,83027,M,0.0,0.0,83
201600008535,16,9,19,1930,1,2,6,1,3.0,83112,M,4318294.0,568532.0,83
201600008536,16,10,10,1030,1,1,1,1,6.0,83027,M,0.0,0.0,83
201600008537,16,11,19,1115,1,1,1,1,1.0,83027,M,0.0,0.0,83
201600008538,16,12,8,915,1,2,1,1,1.0,83112,M,4317220.0,570835.0,83
201600008539,16,12,23,1045,1,1,1,1,1.0,83112,M,4317601.0,574090.0,83
201600008540,16,7,13,1000,1,2,9,1,6.0,84119,M,0.0,0.0,84
201600008541,16,7,16,1000,1,1,1,1,1.0,84034,M,0.0,0.0,84
201600008542,16,12,7,1745,5,2,6,1,1.0,84081,M,0.0,0.0,84
201600008543,16,1,5,810,1,2,3,1,1.0,84054,M,4392709.0,506725.0,84
201600008544,16,1,13,2230,3,1,1,1,1.0,84132,M,0.0,0.0,84
201600008545,16,1,16,1415,1,1,1,6,7.0,84132,M,4392445.0,500762.0,84
201600008546,16,1,30,1300,1,2,1,1,7.0,84132,M,0.0,0.0,84
201600008547,16,2,13,145,3,1,1,1,7.0,84054,M,4390115.0,508362.0,84
201600008548,16,2,24,1730,2,2,2,1,3.0,84054,M,4391860.0,506772.0,84
201600008549,16,2,26,730,1,2,1,1,6.0,84054,M,4391940.0,505753.0,84
201600008550,16,4,4,2015,5,2,1,1,7.0,84054,M,4392843.0,505482.0,84
201600008551,16,5,12,1100,1,1,2,1,3.0,84054,M,0.0,0.0,84
201600008552,16,6,15,1030,1,2,1,1,6.0,84054,M,4391809.0,504901.0,84
201600008553,16,8,27,1700,1,1,3,1,3.0,84132,M,0.0,0.0,84
201600008554,16,10,13,345,3,1,1,2,7.0,84054,M,0.0,0.0,84
201600008555,16,11,25,2130,3,1,1,8,6.0,84054,M,0.0,0.0,84
201600008556,16,12,9,1730,1,2,1,1,2.0,84054,M,0.0,0.0,84
201600008557,16,7,17,2045,1,2,1,1,1.0,84092,M,0.0,0.0,84
201600008558,16,9,6,1445,1,1,6,1,3.0,84092,M,0.0,0.0,84
201600008559,16,10,8,2030,5,2,1,1,6.0,84092,M,0.0,0.0,84
201600008560,16,11,4,1845,5,2,1,2,7.0,84092,M,0.0,0.0,84
201600008561,16,11,4,730,1,1,1,1,1.0,84092,M,0.0,0.0,84
201600008562,16,12,17,1400,1,2,9,1,6.0,84092,M,0.0,0.0,84
201600008563,16,1,26,1845,2,2,3,1,2.0,84129,M,4400320.0,490456.0,84
201600008564,16,2,6,2215,4,1,1,1,6.0,84129,M,4399235.0,486416.0,84
201600008565,16,2,23,1745,1,1,1,1,3.0,84129,M,0.0,0.0,84
201600008566,16,3,10,1700,1,2,1,1,6.0,84129,M,0.0,0.0,84
201600008567,16,8,4,930,1,1,1,1,2.0,84016,M,4405917.0,488804.0,84
201600008568,16,10,12,745,1,2,1,1,6.0,84129,M,0.0,0.0,84
201600008569,16,11,9,1515,1,1,1,1,1.0,84016,M,0.0,0.0,84
201600008570,16,11,30,1230,1,1,1,1,7.0,84016,M,0.0,0.0,84
201600008571,16,11,24,915,1,1,1,1,3.0,84129,M,0.0,0.0,84
201600008572,16,12,4,1915,3,1,1,1,4.0,84129,M,0.0,0.0,84
201600008573,16,1,15,1445,1,2,1,1,1.0,84003,M,4387531.0,538087.0,84
201600008574,16,3,15,715,1,1,1,1,1.0,84003,M,4388576.0,536479.0,84
201600008575,16,4,5,1100,1,1,1,2,1.0,84118,M,0.0,0.0,84
201600008576,16,4,10,1045,1,2,6,1,7.0,84003,M,4388284.0,538156.0,84
201600008577,16,4,24,1545,1,1,1,1,6.0,84105,M,0.0,0.0,84
201600008578,16,5,28,1515,1,1,1,1,6.0,84103,M,0.0,0.0,84
201600008579,16,6,5,30,5,2,1,1,3.0,84003,M,0.0,0.0,84
201600008580,16,6,7,1415,1,1,1,1,7.0,84105,M,0.0,0.0,84
201600008581,16,9,22,1600,1,2,1,1,1.0,84003,M,4388639.0,540714.0,84
201600008582,16,11,15,1615,1,2,1,1,6.0,84003,M,4385200.0,539200.0,84
201600008583,16,2,23,1445,1,1,1,1,1.0,84026,M,0.0,0.0,84
201600008584,16,3,27,1145,1,1,1,2,1.0,84026,M,0.0,0.0,84
201600008585,16,5,20,1745,1,1,1,1,1.0,84074,M,0.0,0.0,84
201600008586,16,6,11,945,1,1,1,1,1.0,84095,M,0.0,0.0,84
201600008587,16,8,7,700,1,1,1,1,6.0,84026,M,4373378.0,551901.0,84
201600008588,16,8,26,1030,1,1,1,1,1.0,84026,M,0.0,0.0,84
201600008589,16,10,1,830,1,1,1,8,1.0,84095,M,0.0,0.0,84
201600008590,16,4,28,2215,3,1,2,1,1.0,84102,M,0.0,0.0,84
201600008591,16,7,24,1930,1,1,1,1,6.0,84102,M,4389200.0,530800.0,84
201600008592,16,8,11,400,3,1,1,1,6.0,84050,M,0.0,0.0,84
201600008593,16,9,28,945,1,1,1,1,6.0,84020,M,0.0,0.0,84
201600008594,16,10,6,1100,1,1,1,1,1.0,84073,M,0.0,0.0,84
201600008595,16,11,20,1500,1,1,1,1,1.0,84073,M,0.0,0.0,84
201600008596,16,12,5,2100,3,1,1,1,6.0,84050,M,0.0,0.0,84
201600008597,16,1,4,1745,5,2,2,1,3.0,84089,M,4369269.0,550778.0,84
201600008598,16,1,6,1500,1,2,1,1,6.0,84089,M,4369261.0,550765.0,84
201600008599,16,4,19,1730,1,1,1,1,1.0,84133,M,4371800.0,556700.0,84
201600008600,16,4,16,645,2,1,1,7,6.0,84076,M,4370300.0,560700.0,84
201600008601,16,5,16,1115,1,2,7,1,6.0,84089,M,4369279.0,550186.0,84
201600008602,16,6,20,1900,1,2,1,1,6.0,84133,M,0.0,0.0,84
201600008603,16,6,26,1200,1,1,9,1,1.0,84052,M,0.0,0.0,84
201600008604,16,7,4,1630,1,2,1,1,6.0,84089,M,0.0,0.0,84
201600008605,16,7,5,1445,1,1,2,1,3.0,84133,M,4370200.0,560100.0,84
201600008606,16,7,10,2030,1,1,1,1,6.0,84089,M,0.0,0.0,84
201600008607,16,7,15,1900,1,2,1,1,6.0,84009,M,0.0,0.0,84
201600008608,16,8,29,1545,1,1,1,1,6.0,84076,M,0.0,0.0,84
201600008609,16,9,6,1300,1,1,1,1,3.0,84014,M,0.0,0.0,84
201600008610,16,11,19,1100,1,1,1,1,7.0,84009,M,0.0,0.0,84
201600008611,16,12,14,730,2,1,1,8,6.0,84014,M,0.0,0.0,84
201600008612,16,11,10,1315,1,1,1,1,6.0,84001,M,0.0,0.0,84
201600008613,16,12,4,1915,3,1,1,1,5.0,84088,M,0.0,0.0,84
201600008614,16,12,18,1430,1,1,2,1,3.0,84108,M,0.0,0.0,84
201600008615,16,12,31,2115,3,1,1,1,1.0,84030,M,0.0,0.0,84
201600008616,16,6,14,1845,1,1,1,1,7.0,84101,M,4398706.0,509568.0,84
201600008617,16,7,24,900,1,1,1,1,6.0,84088,M,0.0,0.0,84
201600008618,16,1,28,1830,3,1,2,1,6.0,84029,M,4416515.0,485782.0,84
201600008619,16,3,6,1200,1,1,1,6,6.0,84149,M,0.0,0.0,84
201600008620,16,6,3,1830,1,1,3,1,3.0,84083,M,0.0,0.0,84
201600008621,16,6,25,745,1,2,1,1,7.0,84091,M,0.0,0.0,84
201600008622,16,8,17,1640,1,1,2,1,1.0,84029,M,4415364.0,487180.0,84
201600008623,16,12,27,2315,3,1,1,1,7.0,84135,M,0.0,0.0,84
201600008624,16,6,29,1700,1,1,1,1,1.0,84122,M,4410180.0,493284.0,84
201600008625,16,3,8,1545,1,1,3,9,3.0,84049,M,4416382.0,497441.0,84
201600008626,16,1,11,1445,1,1,1,1,6.0,84019,M,4429028.0,473043.0,84
201600008627,16,1,15,1145,1,2,1,1,6.0,84019,M,4429827.0,475036.0,84
201600008628,16,2,25,1500,1,2,1,1,3.0,84019,M,0.0,0.0,84
201600008629,16,4,3,1830,1,2,1,2,6.0,84019,M,4427939.0,478190.0,84
201600008630,16,4,4,2115,1,1,1,1,6.0,84019,M,4430639.0,473716.0,84
201600008631,16,4,18,1630,1,1,6,1,4.0,84063,M,4425000.0,466700.0,84
201600008632,16,6,5,845,1,2,1,1,6.0,84019,M,0.0,0.0,84
201600008633,16,7,9,1545,1,1,1,1,7.0,84064,M,4431725.0,468614.0,84
201600008634,16,7,31,1030,2,2,1,1,6.0,84019,M,0.0,0.0,84
201600008635,16,10,1,1630,1,2,1,3,3.0,84078,M,4423527.0,471286.0,84
201600008636,16,10,18,715,1,1,9,1,3.0,84019,M,0.0,0.0,84
201600008637,16,10,30,1100,1,1,6,1,7.0,84064,M,0.0,0.0,84
201600008638,16,12,6,1415,1,2,1,1,6.0,84019,M,0.0,0.0,84
201600008639,16,12,13,715,2,1,1,1,3.0,84019,M,0.0,0.0,84
201600008640,16,12,20,1030,1,2,1,2,3.0,84078,M,0.0,0.0,84
201600008641,16,8,14,1245,1,1,1,1,3.0,84015,M,0.0,0.0,84
201600008642,16,9,29,1600,1,1,1,6,7.0,84015,M,0.0,0.0,84
201600008643,16,12,10,900,3,1,1,1,6.0,84137,M,0.0,0.0,84
201600008644,16,4,13,215,3,1,1,1,6.0,84150,M,0.0,0.0,84
201600008645,16,4,25,745,1,1,1,1,3.0,84150,M,4430110.0,497589.0,84
201600008646,16,5,4,1745,1,1,2,1,6.0,84150,M,4430485.0,489383.0,84
201600008647,16,5,18,445,3,1,1,1,1.0,84138,M,4437495.0,497273.0,84
201600008648,16,6,13,1500,1,1,1,1,5.0,84138,M,4438980.0,501911.0,84
201600008649,16,7,30,2000,2,2,1,7,6.0,84138,M,0.0,0.0,84
201600008650,16,8,23,1830,1,2,1,1,6.0,84053,M,0.0,0.0,84
201600008651,16,9,20,2015,3,1,1,6,7.0,84150,M,4434518.0,495371.0,84
201600008652,16,2,19,1700,1,2,1,1,3.0,34057,M,4361150.0,384661.0,34
201600008653,16,8,10,1645,1,2,1,1,1.0,34057,M,4363190.0,391107.0,34
201600008654,16,8,23,1815,1,1,1,1,1.0,34090,M,4365940.0,393379.0,34
201600008655,16,9,29,1200,1,2,1,1,6.0,34057,M,4363090.0,390613.0,34
201600008656,16,11,15,1845,2,2,1,1,3.0,34057,M,4364480.0,394088.0,34
201600008657,16,12,20,800,2,2,1,3,6.0,34057,M,4362960.0,390014.0,34
201600008658,16,1,3,1345,1,2,1,1,5.0,34327,M,4365215.0,396131.0,34
201600008659,16,1,5,2030,3,2,6,1,1.0,34327,M,4365200.0,396148.0,34
201600008660,16,1,21,1215,1,1,1,1,1.0,34327,M,4366550.0,397782.0,34
201600008661,16,1,29,745,1,2,1,1,6.0,34058,M,4367700.0,398350.0,34
201600008662,16,2,4,1415,1,2,1,1,1.0,34327,M,4364970.0,395740.0,34
201600008663,16,3,3,1200,1,1,2,1,3.0,34256,M,4370250.0,402266.0,34
201600008664,16,3,5,1300,1,1,1,1,6.0,34327,M,4366620.0,394696.0,34
201600008665,16,3,18,2045,3,1,1,1,3.0,34256,M,4370460.0,402513.0,34
201600008666,16,3,24,1530,1,2,1,1,5.0,34327,M,4366270.0,397899.0,34
201600008667,16,4,23,1630,1,1,1,1,1.0,34058,M,4369080.0,396861.0,34
201600008668,16,4,29,2215,5,2,9,1,3.0,34022,M,4366120.0,402224.0,34
201600008669,16,5,21,530,3,1,1,1,1.0,34244,M,4367070.0,405044.0,34
201600008670,16,5,25,1700,1,2,9,1,6.0,34022,M,4365850.0,401525.0,34
201600008671,16,5,31,900,1,1,1,1,1.0,34256,M,4370090.0,404169.0,34
201600008672,16,6,25,2015,1,1,1,1,1.0,34058,M,4368820.0,399758.0,34
201600008673,16,7,3,1500,1,1,1,1,7.0,34327,M,4365940.0,398297.0,34
201600008674,16,7,16,930,1,2,1,1,6.0,34327,M,4365350.0,395722.0,34
201600008675,16,8,16,1830,1,1,1,1,6.0,34227,M,4373710.0,404960.0,34
201600008676,16,8,31,845,1,1,1,1,6.0,34256,M,4369131.0,406178.0,34
201600008677,16,9,2,845,1,1,1,1,3.0,34256,M,4370480.0,402506.0,34
201600008678,16,10,23,615,5,2,1,3,3.0,34022,M,4366130.0,402220.0,34
201600008679,16,12,9,1145,1,2,1,1,3.0,34022,M,4365700.0,402200.0,34
201600008680,16,2,3,1630,1,2,1,1,1.0,34344,M,4356200.0,408434.0,34
201600008681,16,6,20,1745,1,2,1,1,3.0,34344,M,4356240.0,407165.0,34
201600008682,16,7,1,2015,1,1,1,1,3.0,34344,M,4357620.0,409804.0,34
201600008683,16,7,12,1700,1,2,6,1,2.0,34344,M,4356890.0,409246.0,34
201600008684,16,7,21,2245,5,2,1,1,6.0,34344,M,4355810.0,408751.0,34
201600008685,16,8,15,2130,5,2,1,1,3.0,34344,M,4356390.0,406791.0,34
201600008686,16,9,2,1300,1,2,1,1,3.0,34344,M,4355800.0,408800.0,34
201600008687,16,9,5,815,1,1,9,1,6.0,34344,M,4356390.0,410067.0,34
201600008688,16,10,2,1830,1,1,1,7,3.0,34344,M,4356462.0,404990.0,34
201600008689,16,10,18,830,5,2,1,1,6.0,34344,M,4356430.0,409339.0,34
201600008690,16,12,18,1415,1,2,1,1,3.0,34344,M,4355900.0,407500.0,34
201600008691,16,1,13,1600,1,2,1,1,6.0,34145,M,4367460.0,412893.0,34
201600008692,16,1,25,745,2,1,9,1,2.0,34145,M,4365040.0,413910.0,34
201600008693,16,2,7,1530,1,1,1,1,7.0,34145,M,4369440.0,413495.0,34
201600008694,16,3,19,1300,1,1,1,1,1.0,34145,M,4363910.0,413655.0,34
201600008695,16,3,26,730,1,1,1,1,3.0,34151,M,4364080.0,413772.0,34
201600008696,16,4,11,1000,1,1,1,1,6.0,34033,M,4375036.0,406749.0,34
201600008697,16,6,8,1645,1,1,1,1,5.0,34145,M,4366900.0,414362.0,34
201600008698,16,7,15,1300,1,1,3,1,3.0,34321,M,4367458.0,406845.0,34
201600008699,16,7,31,1315,1,1,1,1,3.0,34151,M,4364470.0,413942.0,34
201600008700,16,8,20,645,1,2,1,1,3.0,34145,M,4367750.0,413056.0,34
201600008701,16,9,6,1300,1,2,1,1,3.0,34272,M,4365190.0,411547.0,34
201600008702,16,9,8,1215,1,2,1,1,3.0,34296,M,4376280.0,405628.0,34
201600008703,16,9,23,1230,1,1,1,1,1.0,34151,M,4362500.0,412500.0,34
201600008704,16,11,2,1530,1,1,1,1,6.0,34145,M,4368360.0,415290.0,34
201600008705,16,11,17,1930,3,1,1,1,5.0,34033,M,4376130.0,408821.0,34
201600008706,16,12,4,845,1,1,1,8,6.0,34296,M,4374957.0,405849.0,34
201600008707,16,12,5,2030,2,1,1,1,3.0,34151,M,4361270.0,411113.0,34
201600008708,16,12,8,1000,1,1,1,1,2.0,34146,M,4367870.0,409027.0,34
201600008709,16,12,26,1945,2,1,1,1,2.0,34145,M,4365610.0,413837.0,34
201600008710,16,12,28,1830,3,1,1,1,3.0,34294,M,4370519.0,413186.0,34
201600008711,16,1,5,800,2,1,1,1,3.0,34154,M,4363800.0,403088.0,34
201600008712,16,1,3,2000,4,2,6,2,3.0,34154,M,4362462.0,400453.0,34
201600008713,16,1,14,845,1,1,1,1,1.0,34154,M,4361950.0,397735.0,34
201600008714,16,3,29,830,1,1,2,1,3.0,34154,M,4360888.0,400263.0,34
201600008715,16,4,22,1715,1,1,3,2,3.0,34154,M,4361690.0,395114.0,34
201600008716,16,5,16,415,3,1,1,1,6.0,34240,M,4362000.0,398185.0,34
201600008717,16,5,19,830,1,1,6,1,6.0,34154,M,4361813.0,398499.0,34
201600008718,16,7,18,1130,1,1,1,1,4.0,34154,M,4361580.0,397947.0,34
201600008719,16,8,12,845,1,2,1,1,1.0,34154,M,4361680.0,399666.0,34
201600008720,16,10,21,1630,1,2,1,1,6.0,34154,M,4363780.0,399415.0,34
201600008721,16,11,10,815,1,1,1,1,5.0,34240,M,4364730.0,398616.0,34
201600008722,16,12,8,2230,3,1,1,1,3.0,34154,M,4359100.0,395200.0,34
201600008723,16,3,14,630,1,1,1,1,6.0,34322,M,4379100.0,381462.0,34
201600008724,16,6,29,1215,1,1,1,1,6.0,34242,M,4378090.0,392994.0,34
201600008725,16,7,10,245,3,1,1,1,6.0,34297,M,4383900.0,390700.0,34
201600008726,16,7,23,1130,1,1,2,1,1.0,34266,M,4375250.0,383925.0,34
201600008727,16,8,15,2045,1,1,3,1,3.0,34131,M,4374646.0,385996.0,34
201600008728,16,9,3,2045,2,2,9,1,3.0,34276,M,4375793.0,401348.0,34
201600008729,16,9,19,1745,1,1,1,1,5.0,34066,M,4375790.0,377436.0,34
201600008730,16,2,8,1330,1,2,1,1,6.0,34028,M,4361460.0,315553.0,34
201600008731,16,4,13,1600,1,1,1,1,3.0,34096,M,4358130.0,316755.0,34
201600008732,16,5,22,1545,1,1,1,3,3.0,34096,M,4354690.0,318406.0,34
201600008733,16,6,5,1130,1,1,1,1,3.0,34252,M,4365770.0,310785.0,34
201600008734,16,6,30,945,1,1,1,1,3.0,34312,M,4364630.0,316818.0,34
201600008735,16,7,9,2330,3,1,1,1,6.0,34252,M,4365900.0,311067.0,34
201600008736,16,10,9,1500,1,2,1,1,1.0,34252,M,4366340.0,310466.0,34
201600008737,16,10,16,1715,1,1,1,1,1.0,34096,M,4356025.0,319367.0,34
201600008738,16,11,15,1130,1,2,1,1,6.0,34211,M,4357980.0,306359.0,34
201600008739,16,11,24,1215,1,1,1,3,3.0,34096,M,4358140.0,316587.0,34
201600008740,16,11,29,1300,1,1,1,5,6.0,34308,M,4363550.0,306947.0,34
201600008741,16,2,15,1700,2,1,4,1,5.0,34183,M,4329540.0,314136.0,34
201600008742,16,3,16,1245,1,2,2,1,3.0,34183,M,4328500.0,312754.0,34
201600008743,16,3,25,2300,5,1,1,1,3.0,34161,M,4333390.0,312313.0,34
201600008744,16,6,11,1545,1,1,1,1,6.0,34225,M,4336050.0,310641.0,34
201600008745,16,6,18,45,3,2,1,3,6.0,34052,M,4333270.0,302903.0,34
201600008746,16,7,5,1815,1,1,1,1,6.0,34135,M,4326170.0,316174.0,34
201600008747,16,7,29,1030,1,1,1,1,5.0,34183,M,4328540.0,310616.0,34
201600008748,16,12,6,1645,1,1,1,1,1.0,34052,M,4331770.0,301251.0,34
201600008749,16,11,29,1700,2,1,1,1,6.0,34170,M,4332800.0,297000.0,34
201600008750,16,2,8,1015,1,1,1,1,2.0,34310,M,4341050.0,317062.0,34
201600008751,16,5,18,1515,1,1,1,2,1.0,34070,M,4339870.0,298169.0,34
201600008752,16,6,20,945,1,1,1,1,6.0,34070,M,4339816.0,298274.0,34
201600008753,16,6,28,1030,1,2,1,1,3.0,34062,M,4355010.0,315543.0,34
201600008754,16,7,13,1600,1,1,6,1,6.0,34310,M,4342020.0,316113.0,34
201600008755,16,7,18,1215,1,1,1,1,1.0,34100,M,4345890.0,289083.0,34
201600008756,16,7,28,2030,1,2,6,1,6.0,34178,M,4343600.0,314200.0,34
201600008757,16,8,19,1600,1,1,1,1,4.0,34310,M,4342380.0,315782.0,34
201600008758,16,11,19,2045,3,1,1,1,6.0,34084,M,4339760.0,318818.0,34
201600008759,16,11,21,1830,3,1,1,1,7.0,34061,M,4345900.0,310100.0,34
201600008760,16,3,27,530,5,2,1,2,6.0,34097,M,4332440.0,260234.0,34
201600008761,16,4,4,900,1,1,1,1,6.0,34189,M,4327508.0,274292.0,34
201600008762,16,5,30,1445,1,2,1,1,6.0,34189,M,4328130.0,273339.0,34
201600008763,16,5,31,1530,1,1,1,1,6.0,34059,M,4336480.0,277574.0,34
201600008764,16,11,14,1115,1,1,1,1,1.0,34020,M,4331120.0,274130.0,34
201600008765,16,7,15,2000,1,1,1,1,6.0,34199,M,4346860.0,338247.0,34
201600008766,16,8,3,100,3,1,1,1,6.0,34162,M,4349600.0,347013.0,34
201600008767,16,2,10,2015,3,1,1,1,3.0,34162,M,4346110.0,351245.0,34
201600008768,16,8,7,1400,1,1,1,1,7.0,34289,M,4338920.0,341615.0,34
201600008769,16,8,9,1930,1,2,1,1,6.0,34199,M,4344620.0,341661.0,34
201600008770,16,8,28,1500,1,1,1,1,6.0,34162,M,4348730.0,349076.0,34
201600008771,16,8,26,1500,1,1,1,1,2.0,34162,M,4347360.0,349284.0,34
201600008772,16,10,18,1545,1,2,1,1,2.0,34199,M,4346030.0,341621.0,34
201600008773,16,10,25,1545,1,2,1,1,6.0,34199,M,4346090.0,342455.0,34
201600008774,16,5,18,1045,1,1,1,1,2.0,34017,M,4347490.0,344431.0,34
201600008775,16,6,23,1800,1,1,1,1,7.0,34103,M,4354000.0,340527.0,34
201600008776,16,1,28,1530,1,1,1,1,6.0,34229,M,4347010.0,278890.0,34
201600008777,16,3,12,215,3,1,1,1,6.0,34293,M,4358730.0,263433.0,34
201600008778,16,6,6,1815,1,1,1,1,7.0,34284,M,4345930.0,275101.0,34
201600008779,16,7,17,1630,1,1,1,1,6.0,34284,M,4347000.0,276683.0,34
201600008780,16,7,19,1630,1,1,1,1,1.0,34284,M,4347300.0,276658.0,34
201600008781,16,8,5,2045,1,1,1,1,6.0,34293,M,4360000.0,270088.0,34
201600008782,16,8,21,1600,1,1,1,1,7.0,34284,M,4350300.0,274881.0,34
201600008783,16,9,10,945,1,1,1,1,1.0,34229,M,4347720.0,279174.0,34
201600008784,16,11,18,1000,1,2,1,1,6.0,34293,M,4360100.0,270516.0,34
201600008785,16,1,21,830,1,2,1,5,6.0,34025,M,4340990.0,324342.0,34
201600008786,16,7,2,1830,1,1,1,1,6.0,34094,M,4344000.0,325900.0,34
201600008787,16,7,6,1500,1,1,1,1,2.0,34139,M,4341100.0,323700.0,34
201600008788,16,7,7,545,3,1,1,1,5.0,34237,M,4349425.0,333747.0,34
201600008789,16,8,5,1845,1,1,1,1,6.0,34001,M,4345640.0,330379.0,34
201600008790,16,8,17,1300,1,2,6,1,7.0,34300,M,4342520.0,330673.0,34
201600008791,16,9,11,215,3,1,1,1,3.0,34237,M,4350300.0,332500.0,34
201600008792,16,10,13,1030,1,1,1,3,1.0,34139,M,4341300.0,323800.0,34
201600008793,16,10,31,1800,2,2,1,1,6.0,34147,M,4346810.0,322630.0,34
201600008794,16,10,22,815,1,2,1,1,6.0,34085,M,4344750.0,328020.0,34
201600008795,16,6,18,1915,1,1,1,1,7.0,34329,M,4327340.0,320816.0,34
201600008796,16,6,20,815,1,1,1,1,3.0,34299,M,4328137.0,329104.0,34
201600008797,16,10,16,1845,2,1,1,1,6.0,34299,M,4347500.0,346900.0,34
201600008798,16,7,5,830,1,2,1,1,6.0,34142,M,4373080.0,332134.0,34
201600008799,16,7,9,100,3,1,1,1,7.0,34304,M,4376370.0,336080.0,34
201600008800,16,7,15,430,3,1,1,1,6.0,34220,M,4368240.0,335847.0,34
201600008801,16,7,21,1200,1,1,1,1,3.0,34186,M,4365210.0,330555.0,34
201600008802,16,7,25,1930,1,1,1,1,7.0,34230,M,4384470.0,327302.0,34
201600008803,16,11,14,1630,1,2,1,1,2.0,34142,M,4373060.0,331877.0,34
201600008804,16,11,18,1300,1,1,1,2,6.0,34142,M,4373060.0,328284.0,34
201600008805,16,2,23,1845,2,1,1,1,6.0,34035,M,4362820.0,366087.0,34
201600008806,16,6,21,1700,1,1,1,1,1.0,34239,M,4365480.0,348439.0,34
201600008807,16,6,30,1015,1,1,1,1,1.0,34328,M,4359360.0,355395.0,34
201600008808,16,9,5,545,3,1,1,1,6.0,34328,M,4357600.0,353500.0,34
201600008809,16,11,14,1930,3,1,1,1,6.0,34035,M,4363900.0,365000.0,34
201600008810,16,12,7,1345,1,1,1,1,3.0,34010,M,4369673.0,357757.0,34
201600008811,16,1,23,715,2,2,1,2,6.0,34150,M,4334770.0,353109.0,34
201600008812,16,2,8,1830,1,2,1,1,6.0,34150,M,4335770.0,352579.0,34
201600008813,16,2,13,1630,1,1,1,1,6.0,34101,M,4336050.0,345179.0,34
201600008814,16,3,30,1715,1,2,1,1,2.0,34332,M,4331015.0,342010.0,34
201600008815,16,5,6,1730,1,1,1,1,2.0,34332,M,4331170.0,339716.0,34
201600008816,16,6,14,845,1,1,1,1,1.0,34031,M,4334680.0,342382.0,34
201600008817,16,7,3,1530,1,1,1,1,6.0,34332,M,4329000.0,337450.0,34
201600008818,16,8,26,2345,3,1,1,1,7.0,34150,M,4336000.0,350800.0,34