Num_Acc,an,mois,jour,hrmn,lum,agg,int,atm,col,com,gps,lat,long,dep
201600009135,16,3,15,1030,1,2,1,1,1.0,48140,M,4482100.0,325100.0,48
201600009136,16,7,21,1545,1,1,1,1,6.0,48177,M,0.0,0.0,48
201600009137,16,1,12,1615,1,2,1,1,6.0,66037,M,4270460.0,300481.0,66
201600009138,16,5,18,745,1,2,1,1,6.0,66037,M,4270596.0,299856.0,66
201600009139,16,7,18,1345,1,2,1,1,1.0,66037,M,4268851.0,303181.0,66
201600009140,16,5,31,800,1,1,1,1,1.0,66037,M,4267130.0,303299.0,66
201600009141,16,8,5,2330,3,1,1,1,3.0,66037,M,0.0,0.0,66
201600009142,16,8,20,730,1,2,1,1,2.0,66037,M,4269784.0,303084.0,66
201600009143,16,8,18,515,1,1,1,1,1.0,66182,M,0.0,0.0,66
201600009144,16,8,28,1415,1,2,1,1,6.0,66224,M,0.0,0.0,66
201600009145,16,12,9,1115,1,1,1,1,2.0,66037,M,0.0,0.0,66
201600009146,16,12,11,945,1,2,6,1,6.0,66037,M,4269712.0,302963.0,66
201600009147,16,12,17,630,3,1,1,1,1.0,66037,M,0.0,0.0,66
201600009148,16,3,23,1430,1,2,1,1,6.0,66227,M,4263742.0,291858.0,66
201600009149,16,6,27,1130,1,2,1,1,1.0,66011,M,4260570.0,289157.0,66
201600009150,16,12,10,1930,3,1,1,1,7.0,66065,M,0.0,0.0,66
201600009151,16,12,13,900,1,1,1,1,4.0,66227,M,0.0,0.0,66
201600009152,16,8,31,1345,1,1,1,7,1.0,66205,M,0.0,0.0,66
201600009153,16,3,14,1630,1,1,6,1,7.0,66055,M,0.0,0.0,66
201600009154,16,5,4,1730,1,1,1,1,1.0,66108,M,0.0,0.0,66
201600009155,16,8,12,1,3,1,1,1,3.0,66174,M,0.0,0.0,66
201600009156,16,9,20,1645,1,2,2,1,1.0,66108,M,4269236.0,269379.0,66
201600009157,16,11,25,1915,3,1,1,1,3.0,66195,M,0.0,0.0,66
201600009158,16,1,7,1600,1,1,1,1,3.0,66164,M,4276722.0,287131.0,66
201600009159,16,2,9,45,3,1,1,1,6.0,66164,M,0.0,0.0,66
201600009160,16,2,20,1930,3,1,1,1,3.0,66190,M,0.0,0.0,66
201600009161,16,3,20,1930,5,2,6,1,4.0,66164,M,4276858.0,287176.0,66
201600009162,16,7,18,1700,1,2,1,1,7.0,66190,M,4282682.0,291785.0,66
201600009163,16,7,21,1815,1,1,1,1,6.0,66164,M,4277416.0,290726.0,66
201600009164,16,8,8,1600,1,1,1,1,7.0,66164,M,0.0,0.0,66
201600009165,16,12,14,845,1,1,6,1,6.0,66190,M,0.0,0.0,66
201600009166,16,3,21,1945,5,2,1,1,6.0,66171,M,4260576.0,303473.0,66
201600009167,16,6,21,2145,2,1,1,7,6.0,66171,M,4260764.0,298363.0,66
201600009168,16,9,6,1545,1,2,1,1,6.0,66171,M,4262643.0,303525.0,66
201600009169,16,3,31,1745,1,2,1,1,1.0,66017,M,4280800.0,303300.0,66
201600009170,16,6,24,1530,1,1,1,1,5.0,66180,M,0.0,0.0,66
201600009171,16,6,28,2200,3,1,1,1,3.0,66176,M,0.0,0.0,66
201600009172,16,7,20,2015,1,2,1,1,3.0,66017,M,4279049.0,303742.0,66
201600009173,16,8,18,745,1,1,1,1,6.0,66180,M,0.0,0.0,66
201600009174,16,9,12,700,2,2,1,1,3.0,66176,M,4278447.0,296650.0,66
201600009175,16,2,21,1715,1,2,1,1,1.0,66145,M,4262243.0,281852.0,66
201600009176,16,3,28,1830,1,1,1,1,1.0,66217,M,0.0,0.0,66
201600009177,16,5,8,330,3,1,1,1,6.0,66145,M,0.0,0.0,66
201600009178,16,5,12,2145,5,2,1,1,6.0,66144,M,0.0,0.0,66
201600009179,16,6,9,1700,1,2,1,1,2.0,66170,M,4261720.0,274902.0,66
201600009180,16,8,1,1730,1,1,1,1,1.0,66144,M,0.0,0.0,66
201600009181,16,10,15,1930,2,1,1,1,7.0,66217,M,0.0,0.0,66
201600009182,16,10,15,2230,5,2,1,1,1.0,66145,M,0.0,0.0,66
201600009183,16,10,16,2100,3,1,1,1,1.0,66144,M,0.0,0.0,66
201600009184,16,11,20,145,5,1,1,1,6.0,66226,M,0.0,0.0,66
201600009185,16,1,4,1700,1,1,1,2,1.0,66049,M,0.0,0.0,66
201600009186,16,1,4,1730,4,2,1,8,6.0,66049,M,4248432.0,275872.0,66
201600009187,16,4,6,1800,1,1,1,1,2.0,66160,M,0.0,0.0,66
201600009188,16,6,13,1830,2,1,1,1,3.0,66160,M,0.0,0.0,66
201600009189,16,6,17,915,1,1,1,1,6.0,66049,M,4250008.0,275317.0,66
201600009190,16,7,19,1245,1,1,1,1,7.0,66150,M,0.0,0.0,66
201600009191,16,12,2,1900,5,2,1,1,7.0,66003,M,4247572.0,267486.0,66
201600009192,16,4,1,1345,1,2,1,1,1.0,66008,M,4255954.0,304136.0,66
201600009193,16,4,11,730,2,1,1,1,1.0,66008,M,0.0,0.0,66
201600009194,16,6,23,1930,1,2,1,1,6.0,66008,M,4254308.0,304875.0,66
201600009195,16,9,5,2300,3,2,1,2,1.0,66008,M,4255782.0,300788.0,66
201600009196,16,9,28,1830,1,1,1,1,3.0,66168,M,0.0,0.0,66
201600009197,16,11,17,2145,3,2,1,1,6.0,66008,M,0.0,0.0,66
201600009198,16,12,26,1400,1,2,1,1,1.0,66008,M,0.0,0.0,66
201600009199,16,4,16,1500,1,2,1,1,2.0,66175,M,4254498.0,292897.0,66
201600009200,16,7,26,1615,1,1,1,1,5.0,66175,M,0.0,0.0,66
201600009201,16,8,19,1615,1,1,1,1,3.0,66115,M,4254127.0,288647.0,66
201600009202,16,10,6,145,3,1,1,1,6.0,66175,M,4260796.0,281534.0,66
201600009203,16,3,6,1730,1,1,1,1,3.0,66178,M,0.0,0.0,66
201600009204,16,3,24,630,1,1,1,1,7.0,66024,M,0.0,0.0,66
201600009205,16,4,12,1645,1,1,1,1,1.0,66106,M,0.0,0.0,66
201600009206,16,7,16,1715,1,2,6,7,6.0,66024,M,4253283.0,284032.0,66
201600009207,16,7,23,300,3,2,1,1,6.0,66106,M,0.0,0.0,66
201600009208,16,7,26,1100,1,1,1,1,1.0,66063,M,0.0,0.0,66
201600009209,16,8,7,1530,1,1,1,1,3.0,66024,M,0.0,0.0,66
201600009210,16,8,27,1130,1,1,1,1,6.0,66137,M,0.0,0.0,66
201600009211,16,9,24,230,3,1,1,1,7.0,66015,M,0.0,0.0,66
201600009212,16,10,28,1315,1,2,1,1,6.0,66137,M,0.0,0.0,66
201600009213,16,12,17,1715,2,1,1,1,6.0,66106,M,0.0,0.0,66
201600009214,16,7,5,1345,1,1,1,1,5.0,66148,M,0.0,0.0,66
201600009215,16,7,13,1500,1,2,1,1,1.0,66016,M,4248387.0,313100.0,66
201600009216,16,7,19,1845,1,1,1,1,1.0,66148,M,0.0,0.0,66
201600009217,16,9,20,1900,1,2,1,1,1.0,66016,M,0.0,0.0,66
201600009218,16,10,29,1300,1,1,1,1,3.0,66148,M,0.0,0.0,66
201600009219,16,5,11,1715,1,2,1,2,6.0,66149,M,0.0,0.0,66
201600009220,16,5,21,1600,1,1,1,1,1.0,66090,M,0.0,0.0,66
201600009221,16,6,28,1130,1,1,1,1,5.0,66149,M,4268634.0,290365.0,66
201600009222,16,2,5,1100,1,2,1,1,6.0,66025,M,4243334.0,194528.0,66
201600009223,16,3,26,915,1,2,1,7,6.0,66167,M,0.0,0.0,66
201600009224,16,9,3,830,1,1,1,1,1.0,66167,M,0.0,0.0,66
201600009225,16,10,15,1430,1,1,1,1,3.0,66146,M,0.0,0.0,66
201600009226,16,10,25,1730,1,1,1,1,6.0,66020,M,0.0,0.0,66
201600009227,16,2,14,1430,1,1,1,1,1.0,66230,M,0.0,0.0,66
201600009228,16,5,27,1515,1,1,1,1,3.0,66103,M,0.0,0.0,66
201600009229,16,6,19,1445,1,1,1,1,1.0,66103,M,4264398.0,249302.0,66
201600009230,16,8,8,1430,1,1,1,1,4.0,66103,M,0.0,0.0,66
201600009231,16,12,13,2300,5,2,1,1,6.0,66088,M,4267472.0,262580.0,66
201600009232,16,6,12,630,1,2,1,1,6.0,20228,M,4188239.0,880902.0,201
201600009233,16,6,26,500,2,1,6,1,6.0,20008,M,0.0,0.0,201
201600009234,16,1,27,745,2,2,9,1,6.0,20271,M,0.0,0.0,201
201600009235,16,5,5,430,3,1,1,1,6.0,20271,M,4197526.0,882524.0,201
201600009236,16,6,18,1045,1,1,1,1,6.0,20330,M,0.0,0.0,201
201600009237,16,8,10,915,1,1,1,1,1.0,20271,M,4195877.0,880477.0,201
201600009238,16,8,13,1745,1,1,1,1,1.0,20271,M,4200000.0,883800.0,201
201600009239,16,8,25,1130,1,1,1,1,2.0,20006,M,4199100.0,877300.0,201
201600009240,16,8,26,1100,1,1,1,1,3.0,20271,M,4195762.0,880134.0,201
201600009241,16,8,30,915,1,2,1,1,3.0,20271,M,4195270.0,878620.0,201
201600009242,16,9,5,1530,1,1,1,1,2.0,20209,M,0.0,0.0,201
201600009243,16,9,13,1745,1,1,1,1,3.0,20017,M,0.0,0.0,201
201600009244,16,9,13,1545,1,2,1,1,5.0,20271,M,0.0,0.0,201
201600009245,16,9,17,2015,3,1,1,2,1.0,20006,M,4196071.0,872708.0,201
201600009246,16,9,29,1315,1,1,1,1,2.0,20017,M,4200117.0,875662.0,201
201600009247,16,2,16,1430,1,2,1,1,1.0,20041,M,4138726.0,915781.0,201
201600009248,16,3,7,1645,1,1,1,1,6.0,20114,M,4152000.0,915600.0,201
201600009249,16,3,21,2000,3,1,1,1,2.0,20215,M,0.0,0.0,201
201600009250,16,4,1,1245,1,2,1,1,2.0,20041,M,0.0,0.0,201
201600009251,16,6,3,2330,3,1,1,1,3.0,20041,M,4146200.0,921800.0,201
201600009252,16,6,8,1300,1,2,1,1,2.0,20215,M,4150100.0,904700.0,201
201600009253,16,6,29,1015,1,2,1,1,3.0,20041,M,4140100.0,916600.0,201
201600009254,16,8,2,400,3,1,1,1,6.0,20041,M,0.0,0.0,201
201600009255,16,9,5,1615,1,1,1,1,3.0,20041,M,4141000.0,917200.0,201
201600009256,16,9,4,900,1,1,1,1,1.0,20163,M,4150273.0,901354.0,201
201600009257,16,9,11,845,1,1,1,1,3.0,20041,M,4140168.0,920460.0,201
201600009258,16,9,20,1015,1,2,1,1,3.0,20041,M,4139055.0,916506.0,201
201600009259,16,1,25,730,1,2,1,1,1.0,20247,M,4156251.0,927308.0,201
201600009260,16,3,2,945,1,1,1,1,1.0,20247,M,4162309.0,928545.0,201
201600009261,16,3,18,1130,1,2,1,1,2.0,20247,M,4159693.0,926656.0,201
201600009262,16,5,8,1800,1,1,1,1,6.0,20247,M,4163414.0,929441.0,201
201600009263,16,5,21,1115,1,1,1,1,6.0,20247,M,4165248.0,920228.0,201
201600009264,16,8,3,1330,1,2,1,1,7.0,20247,M,4158431.0,927398.0,201
201600009265,16,8,8,930,1,1,1,1,1.0,20247,M,4155317.0,928432.0,201
201600009266,16,8,8,1030,1,1,1,1,1.0,20247,M,4158501.0,926362.0,201
201600009267,16,8,10,600,2,1,1,1,3.0,20247,M,4156770.0,927372.0,201
201600009268,16,8,12,700,2,2,1,1,1.0,20247,M,4161542.0,928014.0,201
201600009269,16,9,20,1615,1,1,1,1,1.0,20247,M,4161630.0,925977.0,201
201600009270,16,9,15,2215,3,1,1,8,1.0,20362,M,4166755.0,931000.0,201
201600009271,16,10,14,2100,5,2,3,1,5.0,20247,M,4156252.0,927309.0,201
201600009272,16,10,16,1135,1,1,1,1,7.0,20247,M,4162435.0,929747.0,201
201600009273,16,11,8,1648,1,2,1,1,3.0,20247,M,4160971.0,927873.0,201
201600009274,16,11,14,1730,5,2,1,2,2.0,20247,M,4160941.0,927855.0,201
201600009275,16,11,17,630,2,2,3,2,2.0,20247,M,4156250.0,927307.0,201
201600009276,16,11,26,1525,1,2,3,1,1.0,20247,M,4160065.0,927824.0,201
201600009277,16,11,27,1020,1,2,3,1,3.0,20247,M,4158450.0,928095.0,201
201600009278,16,12,18,530,5,2,6,1,6.0,20247,M,4160176.0,927850.0,201
201600009279,16,7,31,1945,1,2,1,1,3.0,20269,M,4185921.0,939653.0,201
201600009280,16,4,21,1100,1,1,1,1,1.0,20127,M,0.0,0.0,201
201600009281,16,7,16,1745,1,1,1,1,5.0,20276,M,0.0,0.0,201
201600009282,16,2,28,1630,1,1,1,3,6.0,20272,M,4162500.0,896700.0,201
201600009283,16,5,8,1915,1,1,1,1,3.0,20189,M,0.0,0.0,201
201600009284,16,1,6,1345,1,1,1,1,3.0,20148,M,0.0,0.0,202
201600009285,16,1,26,2215,3,1,1,1,6.0,20055,M,,,202
201600009286,16,2,15,1230,1,1,1,3,6.0,20355,M,0.0,0.0,202
201600009287,16,2,23,715,1,2,1,1,3.0,20042,M,0.0,0.0,202
201600009288,16,3,2,1415,1,2,1,1,3.0,20042,M,0.0,0.0,202
201600009289,16,3,30,1715,1,2,1,1,6.0,20042,M,0.0,0.0,202
201600009290,16,4,14,1600,1,2,9,1,6.0,20042,M,0.0,0.0,202
201600009291,16,5,12,1400,1,1,1,1,7.0,20042,M,0.0,0.0,202
201600009292,16,5,18,1400,1,1,1,1,2.0,20042,M,0.0,0.0,202
201600009293,16,7,19,645,2,1,1,1,1.0,20350,M,0.0,0.0,202
201600009294,16,8,12,930,1,2,9,1,3.0,20148,M,4255006.0,946256.0,202
201600009295,16,8,18,915,1,1,1,1,3.0,20148,M,0.0,0.0,202
201600009296,16,9,1,1945,1,2,1,1,5.0,20042,M,4256443.0,945193.0,202
201600009297,16,9,2,115,4,1,1,1,2.0,20042,M,4257996.0,943988.0,202
201600009298,16,9,16,1200,1,1,1,2,1.0,20350,M,0.0,0.0,202
201600009299,16,9,19,1430,1,2,1,1,5.0,20350,M,0.0,0.0,202
201600009300,16,10,26,1,3,2,1,5,7.0,20042,M,0.0,0.0,202
201600009301,16,10,29,800,1,2,1,1,3.0,20148,M,0.0,0.0,202
201600009302,16,11,19,800,1,1,1,2,1.0,20355,M,0.0,0.0,202
201600009303,16,11,19,1030,1,1,1,8,7.0,20055,M,0.0,0.0,202
201600009304,16,11,29,815,1,1,1,1,7.0,20042,M,0.0,0.0,202
201600009305,16,12,4,1330,1,1,1,1,7.0,20355,M,4251795.0,939418.0,202
201600009306,16,12,30,1145,1,1,1,1,1.0,20042,M,4256422.0,952053.0,202
201600009307,16,3,15,1600,1,2,1,1,1.0,20224,M,0.0,0.0,202
201600009308,16,5,26,1730,1,1,1,1,1.0,20281,M,0.0,0.0,202
201600009309,16,8,17,1700,1,2,1,1,3.0,20309,M,0.0,0.0,202
201600009310,16,9,11,930,1,1,1,1,6.0,20261,M,0.0,0.0,202
201600009311,16,9,13,1030,1,1,1,1,3.0,20043,M,4276563.0,946893.0,202
201600009312,16,12,5,730,2,2,1,1,3.0,20309,M,4274690.0,946334.0,202
201600009313,16,6,26,1600,1,1,1,1,3.0,20301,M,0.0,0.0,202
201600009314,16,10,6,1045,1,1,1,1,6.0,20314,M,0.0,0.0,202
201600009315,16,2,1,1530,1,1,1,1,7.0,20109,M,0.0,0.0,202
201600009316,16,4,2,1500,1,1,1,1,7.0,20301,M,0.0,0.0,202
201600009317,16,4,24,930,1,1,1,1,7.0,20205,M,4269100.0,937600.0,202
201600009318,16,5,3,1745,1,1,1,1,1.0,20029,M,0.0,0.0,202
201600009319,16,5,7,1630,1,1,1,1,1.0,20314,M,0.0,0.0,202
201600009320,16,5,19,1615,1,2,1,1,1.0,20205,M,0.0,0.0,202
201600009321,16,5,20,1215,1,2,1,1,6.0,20029,M,0.0,0.0,202
201600009322,16,5,22,1215,1,1,1,1,3.0,20205,M,0.0,0.0,202
201600009323,16,5,22,1500,1,1,1,1,1.0,20333,M,0.0,0.0,202
201600009324,16,5,30,1745,1,1,1,1,6.0,20109,M,0.0,0.0,202
201600009325,16,6,5,1900,1,2,1,1,1.0,20205,M,0.0,0.0,202
201600009326,16,7,28,1845,1,2,1,1,3.0,20298,M,4267448.0,930086.0,202
201600009327,16,9,20,600,5,2,1,1,6.0,20172,M,0.0,0.0,202
201600009328,16,9,23,1100,1,1,1,7,3.0,20172,M,4256065.0,931325.0,202
201600009329,16,10,3,1130,1,2,1,1,6.0,20298,M,4267963.0,930181.0,202
201600009330,16,12,30,1815,3,1,1,1,1.0,20265,M,0.0,0.0,202
201600009331,16,1,19,715,2,1,1,1,6.0,20150,M,0.0,0.0,202
201600009332,16,6,11,1030,1,1,1,1,6.0,20150,M,0.0,0.0,202
201600009333,16,8,30,1845,1,1,1,2,1.0,20050,M,4298100.0,838100.0,202
201600009334,16,9,14,1000,1,2,1,1,5.0,20050,M,4255320.0,878969.0,202
201600009335,16,10,16,1730,1,1,1,1,6.0,20049,M,4246389.0,875431.0,202
201600009336,16,5,10,730,1,1,1,1,3.0,20150,M,0.0,0.0,202
201600009337,16,6,14,1645,1,2,1,6,7.0,20093,M,0.0,0.0,202
201600009338,16,8,26,1330,1,2,1,1,6.0,20134,M,0.0,0.0,202
201600009339,16,11,4,400,5,2,1,1,6.0,20134,M,0.0,0.0,202
201600009340,16,11,19,915,1,1,1,1,3.0,20199,M,4264983.0,908965.0,202
201600009341,16,11,19,1645,1,1,1,1,1.0,20296,M,0.0,0.0,202
201600009342,16,11,23,1815,3,1,1,1,1.0,20231,M,4259794.0,890310.0,202
201600009343,16,11,25,1030,1,2,1,1,3.0,20134,M,0.0,0.0,202
201600009344,16,12,10,1700,2,2,1,1,1.0,20168,M,0.0,0.0,202
201600009345,16,2,26,1,3,1,1,1,6.0,20013,M,0.0,0.0,202
201600009346,16,3,11,1215,1,1,1,1,7.0,20096,M,0.0,0.0,202
201600009347,16,3,22,2015,3,1,1,1,3.0,20096,M,0.0,0.0,202
201600009348,16,4,9,2100,5,2,1,2,6.0,20096,M,0.0,0.0,202
201600009349,16,5,11,1100,1,1,1,8,1.0,20096,M,0.0,0.0,202
201600009350,16,5,13,945,1,1,1,1,6.0,20012,M,0.0,0.0,202
201600009351,16,5,25,1345,1,1,1,1,5.0,20354,M,0.0,0.0,202
201600009352,16,5,28,1345,1,1,1,1,3.0,20096,M,0.0,0.0,202
201600009353,16,5,31,830,1,1,1,1,7.0,20218,M,0.0,0.0,202
201600009354,16,6,5,1915,1,2,1,1,3.0,20260,M,4224200.0,917300.0,202
201600009355,16,6,30,1130,1,2,1,1,2.0,20096,M,4230417.0,915124.0,202
201600009356,16,8,20,930,1,2,1,1,6.0,20201,M,0.0,0.0,202
201600009357,16,9,9,845,1,1,1,2,3.0,20096,M,0.0,0.0,202
201600009358,16,9,26,930,1,2,1,1,6.0,20306,M,4232536.0,922080.0,202
201600009359,16,11,14,1130,1,1,1,3,6.0,20341,M,0.0,0.0,202
201600009360,16,12,5,1500,1,2,1,2,6.0,20096,M,4230824.0,915063.0,202
201600009361,16,5,8,2200,3,1,1,1,7.0,20095,M,0.0,0.0,202
201600009362,16,8,14,645,2,1,1,1,7.0,20073,M,4231819.0,899088.0,202
201600009363,16,9,10,630,1,1,1,1,7.0,20073,M,0.0,0.0,202
201600009364,16,5,28,300,3,1,1,1,6.0,20337,M,0.0,0.0,202
201600009365,16,6,16,1400,1,1,1,1,1.0,20023,M,0.0,0.0,202
201600009366,16,9,7,800,2,1,1,1,6.0,20083,M,0.0,0.0,202
201600009367,16,10,27,815,1,1,1,2,1.0,20055,M,0.0,0.0,202
201600009368,16,11,2,1630,3,1,1,1,6.0,20193,M,0.0,0.0,202
201600009369,16,12,12,1500,1,1,1,1,7.0,20059,M,0.0,0.0,202
201600009370,16,12,27,1145,1,1,1,1,7.0,20162,M,4246899.0,911812.0,202
201600009371,16,2,7,630,5,1,1,2,7.0,20251,M,0.0,0.0,202
201600009372,16,3,14,730,1,1,1,1,1.0,20123,M,0.0,0.0,202
201600009373,16,3,28,1730,1,1,1,1,6.0,20251,M,0.0,0.0,202
201600009374,16,7,2,1045,1,1,1,1,3.0,20283,M,4190414.0,938965.0,202
201600009375,16,7,10,1715,1,2,1,1,7.0,20149,M,0.0,0.0,202
201600009376,16,8,23,2000,3,1,1,1,7.0,20123,M,0.0,0.0,202
201600009377,16,9,17,1130,1,1,1,1,5.0,20277,M,4197300.0,939300.0,202
201600009378,16,9,20,1015,1,1,2,1,3.0,20123,M,4208935.0,939859.0,202
201600009379,16,11,22,900,1,2,1,1,2.0,20123,M,4201654.0,940569.0,202
201600009380,16,11,29,1945,3,1,1,1,2.0,20283,M,0.0,0.0,202
201600009381,16,12,5,1600,1,1,1,1,2.0,20123,M,0.0,0.0,202
201600009382,16,12,17,1515,1,1,1,1,6.0,20123,M,4204877.0,942792.0,202
201600009383,16,6,2,1030,1,2,1,1,3.0,20347,M,0.0,0.0,202
201600009384,16,6,4,945,1,2,1,1,3.0,20009,M,0.0,0.0,202
201600009385,16,2,5,730,1,1,1,1,3.0,20087,M,0.0,0.0,202
201600009386,16,2,28,1445,1,1,1,3,3.0,20303,M,0.0,0.0,202
201600009387,16,3,2,2115,5,1,1,1,3.0,20307,M,0.0,0.0,202
201600009388,16,5,5,1030,1,2,1,1,6.0,20225,M,4229910.0,944886.0,202
201600009389,16,6,13,1515,1,1,1,1,6.0,20311,M,0.0,0.0,202
201600009390,16,7,1,715,2,1,1,1,6.0,20311,M,0.0,0.0,202
201600009391,16,7,11,1100,1,1,1,1,3.0,20087,M,0.0,0.0,202
201600009392,16,8,12,1200,1,2,1,1,3.0,20307,M,0.0,0.0,202
201600009393,16,10,2,1445,1,2,1,3,1.0,20307,M,0.0,0.0,202
201600009394,16,10,25,830,1,2,1,2,3.0,20311,M,4236264.0,952946.0,202
201600009395,16,3,4,445,3,1,1,1,7.0,20252,M,0.0,0.0,202
201600009396,16,3,2,1245,1,1,1,1,2.0,20343,M,0.0,0.0,202
201600009397,16,11,1,1815,5,2,1,1,3.0,20207,M,0.0,0.0,202
201600009398,16,11,1,1515,1,1,1,1,6.0,20252,M,4244131.0,945450.0,202
201600009399,16,12,1,1015,3,1,1,1,7.0,20207,M,0.0,0.0,202
201600009400,16,12,1,915,1,2,1,1,4.0,20319,M,0.0,0.0,202
201600009401,16,12,13,1615,1,1,1,1,6.0,20343,M,4248908.0,946281.0,202
201600009402,16,1,13,1549,1,2,1,1,6.0,05023,M,4489573.0,663237.0,05
201600009403,16,4,8,845,1,2,1,1,6.0,05023,M,4489752.0,663725.0,05
201600009404,16,4,15,2130,5,2,3,1,1.0,05023,M,4489366.0,663775.0,05
201600009405,16,4,17,1739,1,2,1,2,1.0,05023,M,4489945.0,663091.0,05
201600009406,16,7,20,2230,5,2,4,1,3.0,05023,M,4490933.0,662641.0,05
201600009407,16,9,18,1025,1,1,1,8,6.0,05023,M,4490389.0,665284.0,05
201600009408,16,10,29,1715,1,2,1,1,6.0,05023,M,4489584.0,663270.0,05
201600009409,16,11,5,800,1,2,1,7,7.0,05023,M,4489318.0,664170.0,05
201600009410,16,11,29,1145,1,2,1,7,6.0,05023,M,4489859.0,663997.0,05
201600009411,16,12,9,1040,1,2,8,7,6.0,05023,M,4489316.0,663372.0,05
201600009412,16,12,21,1645,2,1,6,1,2.0,05023,M,4488156.0,662105.0,05
201600009413,16,1,13,1935,5,2,1,1,3.0,05061,M,4457025.0,608411.0,05
201600009414,16,12,27,1750,5,2,3,1,6.0,05061,M,4454632.0,606419.0,05
201600009415,16,1,18,2017,5,2,1,1,2.0,05061,M,4454102.0,605208.0,05
201600009416,16,1,24,120,5,2,1,1,1.0,05061,M,4455052.0,606933.0,05
201600009417,16,1,31,1535,1,1,1,1,5.0,05061,M,4452511.0,604869.0,05
201600009418,16,3,30,1820,1,2,4,1,3.0,05061,M,4453900.0,607380.0,05
201600009419,16,3,24,1448,1,2,6,1,2.0,05061,M,4455483.0,607513.0,05
201600009420,16,4,1,1559,1,2,1,1,6.0,05061,M,4454530.0,606287.0,05
201600009421,16,4,6,2230,5,1,1,1,7.0,05061,M,4454796.0,609992.0,05
201600009422,16,5,11,5,5,2,1,1,3.0,05061,M,4455592.0,607162.0,05
201600009423,16,5,9,1715,1,2,1,1,4.0,05061,M,4455952.0,608524.0,05
201600009424,16,5,15,607,1,2,1,1,1.0,05061,M,4454588.0,606625.0,05
201600009425,16,5,25,1414,1,2,1,1,6.0,05061,M,4456433.0,608194.0,05
201600009426,16,7,8,1615,1,1,1,1,3.0,05061,M,4458125.0,608177.0,05
201600009427,16,7,10,1840,1,1,1,1,6.0,05061,M,4458263.0,608233.0,05
201600009428,16,7,15,1055,1,2,1,1,3.0,05061,M,4456274.0,608588.0,05
201600009429,16,7,12,1939,1,2,9,1,3.0,05061,M,4454733.0,605919.0,05
201600009430,16,7,26,1750,1,2,1,1,1.0,05061,M,4456630.0,610480.0,05
201600009431,16,8,7,2245,5,2,2,1,3.0,05061,M,4455987.0,608438.0,05
201600009432,16,8,8,1420,1,2,9,1,3.0,05061,M,4456494.0,606405.0,05
201600009433,16,8,26,1228,1,2,6,1,3.0,05061,M,4455505.0,607484.0,05
201600009434,16,9,1,1920,1,1,6,1,3.0,05061,M,4455739.0,605530.0,05
201600009435,16,9,7,1630,1,1,3,1,3.0,05061,M,4452261.0,605966.0,05
201600009436,16,9,14,930,1,2,4,1,3.0,05061,M,4453716.0,607294.0,05
201600009437,16,9,20,1505,1,2,1,1,6.0,05061,M,4454826.0,606651.0,05
201600009438,16,10,12,1255,1,2,6,1,3.0,05061,M,4456296.0,606558.0,05
201600009439,16,10,24,1615,1,2,1,1,2.0,05061,M,4455520.0,607691.0,05
201600009440,16,10,29,2140,5,2,1,1,6.0,05061,M,4456119.0,607980.0,05
201600009441,16,11,14,1425,1,1,1,1,4.0,05061,M,4457304.0,610860.0,05
201600009442,16,8,25,1400,1,1,1,1,6.0,78531,M,0.0,0.0,78
201600009443,16,10,8,1545,1,1,1,1,6.0,78668,M,0.0,0.0,78
201600009444,16,10,19,830,1,1,1,1,2.0,78118,M,0.0,0.0,78
201600009445,16,1,6,1700,1,2,1,8,3.0,78089,M,0.0,0.0,78
201600009446,16,2,20,145,3,1,1,2,6.0,78503,M,0.0,0.0,78
201600009447,16,2,23,715,1,2,1,8,2.0,78503,M,0.0,0.0,78
201600009448,16,3,25,730,1,2,1,1,6.0,78089,M,,,78
201600009449,16,6,22,1630,1,2,1,1,1.0,78255,M,0.0,0.0,78
201600009450,16,8,21,400,5,2,1,1,1.0,78255,M,0.0,0.0,78
201600009451,16,9,21,1200,1,2,1,7,6.0,78668,M,0.0,0.0,78
201600009452,16,1,22,1815,5,2,1,1,4.0,78107,M,4894900.0,152800.0,78
201600009453,16,1,25,1630,1,2,1,1,6.0,78107,M,4894900.0,153500.0,78
201600009454,16,2,23,2045,3,1,1,1,6.0,78346,M,4892900.0,160300.0,78
201600009455,16,6,13,900,1,1,1,8,1.0,78484,M,4896000.0,161600.0,78
201600009456,16,9,9,1315,1,1,1,1,6.0,78484,M,4896500.0,162600.0,78
201600009457,16,9,22,1830,1,1,1,1,6.0,78346,M,4892500.0,158200.0,78
201600009458,16,10,9,1945,5,1,2,1,3.0,78107,M,4896500.0,153900.0,78
201600009459,16,2,25,1415,1,1,1,5,7.0,78567,M,4902800.0,163900.0,78
201600009460,16,3,16,1900,2,1,3,1,3.0,78335,M,4902900.0,174500.0,78
201600009461,16,5,31,1530,1,1,1,3,5.0,78246,M,4902600.0,174000.0,78
201600009462,16,11,20,500,3,1,1,6,7.0,78317,M,0.0,0.0,78
201600009463,16,12,30,2015,3,1,1,5,6.0,78113,M,0.0,0.0,78
201600009464,16,2,2,1300,1,1,2,2,3.0,78206,M,0.0,0.0,78
201600009465,16,3,22,715,1,1,1,1,3.0,78206,M,0.0,0.0,78
201600009466,16,10,7,1600,1,2,1,1,7.0,78140,M,0.0,0.0,78
201600009467,16,1,15,830,1,1,1,9,6.0,78048,M,0.0,0.0,78
201600009468,16,1,31,1230,1,1,1,8,6.0,78263,M,0.0,0.0,78
201600009469,16,5,6,845,1,1,3,1,1.0,78310,M,4881000.0,159200.0,78
201600009470,16,7,7,1945,1,2,1,7,6.0,78381,M,0.0,0.0,78
201600009471,16,5,8,1200,1,2,1,1,7.0,78049,M,0.0,0.0,78