Num_Acc,an,mois,jour,hrmn,lum,agg,int,atm,col,com,gps,lat,long,dep
201600009472,16,6,10,2030,1,1,1,1,3.0,78368,M,0.0,0.0,78
201600009473,16,11,18,952,1,1,1,1,1.0,78305,M,0.0,0.0,78
201600009474,16,12,18,1800,3,1,1,2,6.0,78415,M,0.0,0.0,78
201600009475,16,9,26,1230,1,1,1,1,6.0,78591,M,4889700.0,170900.0,78
201600009476,16,12,18,45,5,2,1,1,6.0,78104,M,4894800.0,171900.0,78
201600009477,16,1,6,800,2,2,1,2,6.0,78557,M,0.0,0.0,78
201600009478,16,1,15,1500,1,1,1,3,1.0,78209,M,0.0,0.0,78
201600009479,16,2,27,1545,1,1,1,1,6.0,78030,M,0.0,0.0,78
201600009480,16,5,3,2015,1,1,1,1,3.0,78030,M,0.0,0.0,78
201600009481,16,5,12,845,1,1,1,2,1.0,78407,M,0.0,0.0,78
201600009482,16,7,12,1130,1,1,1,1,6.0,78517,M,0.0,0.0,78
201600009483,16,7,17,1815,1,1,1,1,2.0,78030,M,0.0,0.0,78
201600009484,16,12,6,630,3,1,1,9,6.0,78077,M,0.0,0.0,78
201600009485,16,12,8,2330,3,1,1,1,6.0,78030,M,0.0,0.0,78
201600009486,16,3,16,1715,1,2,1,1,3.0,78470,M,0.0,0.0,78
201600009487,16,6,8,1530,1,1,6,1,7.0,78009,M,0.0,0.0,78
201600009488,16,10,4,800,2,1,1,1,7.0,78003,M,4852200.0,186500.0,78
201600009489,16,10,20,1500,1,1,1,2,7.0,78470,M,4858000.0,177300.0,78
201600009490,16,11,7,530,3,1,6,8,7.0,78506,M,4851800.0,179200.0,78
201600009491,16,11,14,500,5,1,6,1,6.0,78003,M,4851900.0,183800.0,78
201600009492,16,12,10,2015,3,1,6,2,6.0,78003,M,0.0,0.0,78
201600009493,16,12,12,630,2,1,1,5,1.0,78470,M,4858200.0,179400.0,78
201600009494,16,12,13,1745,3,1,1,1,7.0,78003,M,0.0,0.0,78
201600009495,16,3,29,1115,1,2,1,1,6.0,78575,M,0.0,0.0,78
201600009496,16,5,3,2030,2,2,1,1,1.0,78575,M,0.0,0.0,78
201600009497,16,5,21,1745,1,1,1,1,1.0,78128,M,0.0,0.0,78
201600009498,16,5,27,1845,1,1,1,1,1.0,78128,M,0.0,0.0,78
201600009499,16,6,25,945,1,1,1,1,1.0,78160,M,4819500.0,202700.0,78
201600009500,16,10,11,1745,1,2,1,1,7.0,78575,M,0.0,0.0,78
201600009501,16,11,16,745,2,2,1,2,6.0,78160,M,0.0,0.0,78
201600009502,16,12,22,30,3,1,1,3,6.0,78334,M,4821700.0,156700.0,78
201600009503,16,3,27,1800,1,2,3,1,1.0,78398,M,4875600.0,185600.0,78
201600009504,16,4,4,1730,1,1,1,1,6.0,78398,M,0.0,0.0,78
201600009505,16,5,24,130,5,1,1,1,6.0,78389,M,4880600.0,181600.0,78
201600009506,16,9,26,1815,1,1,1,1,3.0,78443,M,0.0,0.0,78
201600009507,16,11,25,745,3,1,1,1,3.0,78576,M,4877000.0,188300.0,78
201600009508,16,12,2,815,1,2,1,1,2.0,78420,M,0.0,0.0,78
201600009509,16,12,2,1800,4,2,1,1,2.0,78389,M,0.0,0.0,78
201600009510,16,3,18,1100,1,1,1,8,6.0,78062,M,0.0,0.0,78
201600009511,16,4,14,1600,1,2,1,2,6.0,78321,M,0.0,0.0,78
201600009512,16,4,25,1615,1,1,1,8,7.0,78623,M,0.0,0.0,78
201600009513,16,4,27,1045,1,1,1,1,6.0,78062,M,0.0,0.0,78
201600009514,16,10,24,2215,3,1,1,2,6.0,78321,M,0.0,0.0,78
201600009515,16,11,9,2215,3,1,1,3,6.0,78321,M,0.0,0.0,78
201600009516,16,11,17,1730,2,1,1,2,1.0,78623,M,0.0,0.0,78
201600009517,16,12,16,1200,1,1,1,8,1.0,78062,M,0.0,0.0,78
201600009518,16,3,10,2030,3,1,1,2,7.0,78265,M,0.0,0.0,78
201600009519,16,7,2,1730,1,2,9,1,3.0,78616,M,0.0,0.0,78
201600009520,16,8,11,1800,1,1,1,1,7.0,78513,M,0.0,0.0,78
201600009521,16,1,7,815,5,2,1,2,6.0,78537,M,0.0,0.0,78
201600009522,16,3,17,1900,5,1,2,9,1.0,78087,M,0.0,0.0,78
201600009523,16,6,24,1330,1,2,1,1,6.0,78537,M,0.0,0.0,78
201600009524,16,8,31,1550,1,1,1,1,6.0,78537,M,0.0,0.0,78
201600009525,16,9,21,815,1,1,2,1,3.0,78522,M,0.0,0.0,78
201600009526,16,9,26,1815,1,1,1,1,6.0,78537,M,0.0,0.0,78
201600009527,16,10,24,1430,1,1,1,1,7.0,78120,M,0.0,0.0,78
201600009528,16,11,16,1630,2,2,9,2,3.0,78537,M,0.0,0.0,78
201600009529,16,1,5,1730,5,2,1,8,6.0,91386,M,4854880.0,243830.0,91
201600009530,16,2,6,1945,3,1,1,1,6.0,91659,M,4860700.0,244000.0,91
201600009531,16,6,5,1230,1,1,2,1,3.0,91179,M,4855766.0,249918.0,91
201600009532,16,9,21,845,1,2,2,1,3.0,91386,M,4855531.0,243678.0,91
201600009533,16,10,1,1615,1,1,1,1,1.0,91179,M,4854789.0,248375.0,91
201600009534,16,12,12,1515,1,2,1,1,6.0,91659,M,4858825.0,244303.0,91
201600009535,16,1,1,1100,1,1,1,2,6.0,91405,M,4841300.0,245000.0,91
201600009536,16,3,2,1945,1,1,1,2,1.0,91405,M,4843700.0,247300.0,91
201600009537,16,7,6,2045,1,1,1,1,7.0,91599,M,4848800.0,247200.0,91
201600009538,16,7,6,1830,1,1,1,1,3.0,91405,M,4839171.0,246666.0,91
201600009539,16,12,24,1930,3,1,1,2,6.0,91099,M,4842634.0,241171.0,91
201600009540,16,3,25,1200,1,1,1,1,4.0,91035,M,4844943.0,196966.0,91
201600009541,16,5,6,1445,1,2,1,7,6.0,91284,M,4850282.0,202096.0,91
201600009542,16,8,4,1030,1,1,6,2,7.0,91098,M,4846100.0,206000.0,91
201600009543,16,1,7,815,2,2,1,3,6.0,91226,M,4848688.0,218979.0,91
201600009544,16,1,21,800,2,2,1,5,1.0,91226,M,4850194.0,219994.0,91
201600009545,16,6,30,1400,1,1,1,1,5.0,91226,M,4849410.0,219958.0,91
201600009546,16,7,12,1330,1,1,1,1,1.0,91671,M,4846408.0,227154.0,91
201600009547,16,7,27,1730,1,2,1,1,2.0,91330,M,4852199.0,228784.0,91
201600009548,16,8,11,1945,1,1,1,1,5.0,91330,M,4853257.0,228667.0,91
201600009549,16,11,14,15,3,1,1,2,6.0,91226,M,4849172.0,219813.0,91
201600009550,16,11,20,1415,1,1,2,2,3.0,91095,M,4851540.0,229391.0,91
201600009551,16,12,5,2115,5,2,1,1,6.0,91330,M,4853042.0,229329.0,91
201600009552,16,12,8,830,1,2,1,1,3.0,91378,M,4853165.0,219115.0,91
201600009553,16,12,9,645,3,1,1,1,7.0,91095,M,4851404.0,229337.0,91
201600009554,16,12,12,1030,1,2,1,2,7.0,91226,M,4850129.0,219848.0,91
201600009555,16,12,16,845,2,1,1,5,6.0,91095,M,4851537.0,229807.0,91
201600009556,16,1,23,1109,1,2,1,8,3.0,91232,M,4848099.0,234631.0,91
201600009557,16,8,5,515,3,1,1,1,6.0,91654,M,4847345.0,242388.0,91
201600009558,16,9,3,1545,1,1,2,1,3.0,91654,M,4847351.0,242255.0,91
201600009559,16,10,21,715,2,2,9,1,6.0,91232,M,4848055.0,234808.0,91
201600009560,16,11,17,930,1,2,1,1,6.0,91099,M,4843977.0,237938.0,91
201600009561,16,12,2,1315,1,2,1,1,1.0,91232,M,4847851.0,235381.0,91
201600009562,16,12,3,1845,5,2,1,1,2.0,91232,M,4848696.0,234387.0,91
201600009563,16,12,8,815,2,1,1,5,6.0,91293,M,4848029.0,238609.0,91
201600009564,16,12,9,415,3,1,1,1,6.0,91412,M,4848633.0,241333.0,91
201600009565,16,12,18,400,3,1,5,5,3.0,91654,M,4847364.0,242535.0,91
201600009566,16,2,2,200,3,1,1,1,2.0,91294,M,4837200.0,206999.0,91
201600009567,16,3,9,1915,3,2,1,8,1.0,28294,M,4839837.0,197142.0,28
201600009568,16,4,9,845,1,2,2,7,3.0,91016,M,4831019.0,200232.0,91
201600009569,16,8,17,1430,1,1,1,1,6.0,91294,M,4835800.0,204999.0,91
201600009570,16,10,27,1745,1,1,1,1,1.0,91001,M,4833989.0,218638.0,91
201600009571,16,11,23,1300,1,2,1,8,6.0,91390,M,4831000.0,206100.0,91
201600009572,16,10,10,1700,1,2,1,1,2.0,91540,M,4855366.0,212700.0,91
201600009573,16,11,9,1635,1,1,2,2,3.0,91081,M,4846604.0,207388.0,91
201600009574,16,12,15,745,2,1,1,5,5.0,91630,M,4856550.0,206095.0,91
201600009575,16,12,15,1545,1,1,1,9,6.0,91568,M,4856871.0,210385.0,91
201600009576,16,4,20,100,5,2,3,1,1.0,91661,M,0.0,0.0,91
201600009577,16,12,5,1245,1,2,1,1,3.0,91661,M,4869714.0,224634.0,91
201600009578,16,12,5,1445,1,2,1,1,6.0,91661,M,4869701.0,222584.0,91
201600009579,16,12,21,1915,3,2,1,2,1.0,91661,M,4869050.0,222729.0,91
201600009580,16,1,5,730,3,1,1,3,2.0,91207,M,4857332.0,223539.0,91
201600009581,16,7,11,500,1,1,1,1,6.0,91207,M,4859100.0,223500.0,91
201600009582,16,7,22,1100,1,1,1,1,2.0,91207,M,4858600.0,223500.0,91
201600009583,16,11,11,915,1,1,1,1,2.0,91041,M,4857157.0,223459.0,91
201600009584,16,11,25,2330,5,2,1,2,3.0,91041,M,0.0,0.0,91
201600009585,16,5,6,1430,1,1,1,1,6.0,91376,M,4857307.0,229677.0,91
201600009586,16,10,5,1015,1,1,1,1,1.0,91332,M,4856977.0,233111.0,91
201600009587,16,10,14,1745,2,1,1,3,2.0,91376,M,4857649.0,228080.0,91
201600009588,16,10,19,800,2,1,1,1,5.0,91332,M,4856892.0,233312.0,91
201600009589,16,11,7,830,1,2,1,4,6.0,91376,M,4856176.0,229527.0,91
201600009590,16,12,9,1815,5,2,1,1,3.0,91376,M,4856308.0,230533.0,91
201600009591,16,1,16,800,1,1,1,9,3.0,91411,M,4867230.0,208608.0,91
201600009592,16,5,23,615,1,1,1,3,3.0,91411,M,4867177.0,206635.0,91
201600009593,16,6,13,2015,2,2,1,8,1.0,91411,M,4867039.0,206582.0,91
201600009594,16,6,24,1145,1,1,2,1,1.0,91338,M,4863765.0,206183.0,91
201600009595,16,7,27,1230,1,1,1,1,3.0,91249,M,4859701.0,206565.0,91
201600009596,16,8,31,715,2,2,1,1,1.0,91243,M,4862093.0,215006.0,91
201600009597,16,9,23,1545,1,1,1,1,5.0,91249,M,4861430.0,207459.0,91
201600009598,16,10,15,2000,3,1,1,1,3.0,91338,M,4863683.0,206239.0,91
201600009599,16,12,28,615,3,1,1,9,7.0,91249,M,4862347.0,207037.0,91
201600009600,16,5,11,145,3,1,1,5,2.0,91587,M,4869882.0,228541.0,91
201600009601,16,6,28,315,3,1,1,1,2.0,91587,M,4869062.0,228604.0,91
201600009602,16,8,29,1915,1,1,1,1,1.0,91587,M,4869062.0,228604.0,91
201600009603,16,11,23,630,5,2,6,2,1.0,91136,M,0.0,0.0,91
201600009604,16,11,23,1915,3,1,1,8,3.0,91044,M,4868026.0,228376.0,91
201600009605,16,11,29,1015,1,1,1,1,6.0,91044,M,4865600.0,227200.0,91
201600009606,16,11,29,1745,3,1,1,1,3.0,91044,M,4867560.0,228196.0,91
201600009607,16,11,29,1900,3,1,1,1,2.0,91136,M,4870157.0,228544.0,91
201600009608,16,5,19,2045,1,1,1,1,3.0,91471,M,4869710.0,218535.0,91
201600009609,16,7,29,1200,1,1,1,1,2.0,91534,M,4873068.0,215516.0,91
201600009610,16,10,28,1900,2,1,1,8,3.0,91534,M,4873831.0,216431.0,91
201600009611,16,11,20,1730,3,1,1,3,3.0,91679,M,0.0,0.0,91
201600009612,16,12,15,1730,2,1,1,8,1.0,91534,M,4874795.0,217589.0,91
201600009613,16,2,17,1330,1,2,1,1,1.0,91272,M,4871300.0,212500.0,91
201600009614,16,3,29,930,1,2,9,1,3.0,91272,M,4871177.0,216922.0,91
201600009615,16,6,9,800,1,1,6,1,7.0,91679,M,4873500.0,216400.0,91
201600009616,16,8,24,1145,1,2,1,1,7.0,91272,M,4870168.0,210020.0,91
201600009617,16,9,5,815,1,1,1,2,4.0,91274,M,4866653.0,210867.0,91
201600009618,16,10,17,1415,1,1,1,2,1.0,91538,M,4871322.0,214556.0,91
201600009619,16,10,24,1730,1,1,1,8,1.0,91272,M,4870959.0,212944.0,91
201600009620,16,11,4,1015,1,2,6,2,7.0,91272,M,4870236.0,213521.0,91
201600009621,16,11,9,1030,1,1,1,2,3.0,91679,M,4873004.0,212456.0,91
201600009622,16,2,18,1900,3,1,1,2,5.0,95008,M,4907590.0,178220.0,95
201600009623,16,3,11,745,1,1,1,1,5.0,95301,M,4908710.0,165310.0,95
201600009624,16,3,12,1845,2,1,1,1,7.0,95462,M,4916010.0,171230.0,95
201600009625,16,5,22,1730,1,1,1,3,5.0,95462,M,4914390.0,174150.0,95
201600009626,16,5,23,1215,1,2,1,2,1.0,95651,M,4906390.0,170680.0,95
201600009627,16,6,24,1730,1,1,1,1,1.0,95656,M,4906150.0,171910.0,95
201600009628,16,6,25,430,3,1,1,1,7.0,95008,M,4908150.0,178490.0,95
201600009629,16,6,28,1830,1,1,1,1,1.0,95379,M,4912610.0,178950.0,95
201600009630,16,10,24,1015,1,1,1,1,6.0,95355,M,4914870.0,178650.0,95
201600009631,16,11,11,730,3,1,1,1,5.0,95119,M,4919870.0,169750.0,95
201600009632,16,11,14,800,1,1,1,1,6.0,95011,M,4914890.0,168970.0,95
201600009633,16,2,19,845,1,1,1,1,5.0,95054,M,4914390.0,188660.0,95
201600009634,16,4,1,1215,1,1,1,1,1.0,95213,M,4911050.0,205560.0,95
201600009635,16,7,29,345,3,1,1,1,6.0,95177,M,4911810.0,202970.0,95
201600009636,16,9,5,1200,1,1,1,2,6.0,95370,M,4916350.0,197780.0,95
201600009637,16,1,4,745,1,1,3,1,3.0,95446,M,4911920.0,218950.0,95
201600009638,16,1,9,1845,5,2,1,1,6.0,95120,M,4908750.0,220160.0,95
201600009639,16,5,7,1315,1,2,1,1,3.0,95039,M,4907490.0,216090.0,95
201600009640,16,6,29,1615,1,1,1,1,3.0,95039,M,4907870.0,215880.0,95
201600009641,16,10,15,1630,1,2,3,1,1.0,95120,M,4908310.0,219710.0,95
201600009642,16,1,9,1500,1,1,1,1,6.0,95535,M,4906740.0,196220.0,95
201600009643,16,1,27,1615,1,1,1,1,7.0,95658,M,4908410.0,192710.0,95
201600009644,16,2,27,1300,1,1,1,1,3.0,95002,M,4907220.0,196650.0,95
201600009645,16,4,9,1600,1,1,1,2,7.0,95658,M,4908740.0,193710.0,95
201600009646,16,6,24,2000,1,1,1,1,1.0,95658,M,4907950.0,193110.0,95
201600009647,16,7,14,445,3,1,1,1,6.0,95658,M,4908430.0,192710.0,95
201600009648,16,9,18,830,1,1,1,1,2.0,95658,M,4908230.0,193260.0,95
201600009649,16,10,5,815,1,1,1,1,1.0,95592,M,4902210.0,188070.0,95
201600009650,16,10,11,1745,1,1,1,1,2.0,95658,M,4908420.0,192720.0,95
201600009651,16,11,27,715,3,1,1,1,2.0,95259,M,4911070.0,187690.0,95
201600009652,16,1,7,2115,5,2,2,1,3.0,95091,M,4903740.0,231220.0,95
201600009653,16,2,16,1230,1,2,1,1,3.0,95199,M,4902810.0,234420.0,95
201600009654,16,3,2,2145,3,1,1,2,4.0,95489,M,4901950.0,235150.0,95
201600009655,16,7,30,1945,1,2,2,1,3.0,95205,M,4902270.0,238490.0,95
201600009656,16,8,12,2030,1,2,1,1,3.0,95205,M,4902220.0,238470.0,95
201600009657,16,8,20,2145,3,1,1,1,3.0,95094,M,4902390.0,241290.0,95
201600009658,16,10,4,830,1,1,1,1,1.0,95205,M,4902290.0,238650.0,95
201600009659,16,4,1,530,3,1,1,1,1.0,95241,M,4904480.0,243810.0,95
201600009660,16,5,30,1715,1,2,1,2,6.0,95351,M,4904460.0,250590.0,95
201600009661,16,8,4,1045,1,2,6,2,3.0,95351,M,4904560.0,250980.0,95
201600009662,16,11,1,1645,1,1,1,1,1.0,95351,M,4903330.0,250440.0,95
201600009663,16,11,18,1445,1,1,1,6,2.0,95509,M,4906510.0,249920.0,95
201600009664,16,12,3,1015,1,2,1,1,6.0,95351,M,4904360.0,249760.0,95
201600009665,16,4,11,1515,1,1,1,1,5.0,77273,M,4904636.0,275434.0,77
201600009666,16,6,17,1200,1,2,2,1,3.0,77437,M,0.0,0.0,77
201600009667,16,1,20,1800,3,1,1,9,5.0,77217,M,4869692.0,269362.0,77
201600009668,16,1,22,1645,2,1,1,3,1.0,77253,M,4860771.0,269439.0,77
201600009669,16,3,17,730,1,2,9,1,2.0,77127,M,4866885.0,269901.0,77
201600009670,16,5,8,1440,1,1,1,1,6.0,77217,M,4867608.0,266948.0,77
201600009671,16,5,31,1945,1,1,6,2,7.0,77127,M,4867319.0,268255.0,77
201600009672,16,6,22,1830,1,1,2,1,3.0,77175,M,4865728.0,261548.0,77
201600009673,16,7,16,1445,1,1,2,1,3.0,77457,M,4866212.0,272491.0,77
201600009674,16,9,2,2145,5,2,1,1,1.0,77455,M,0.0,0.0,77
201600009675,16,11,4,1740,3,1,2,2,3.0,77457,M,4866212.0,272489.0,77
201600009676,16,6,12,145,3,1,1,1,1.0,77100,M,4848224.0,283317.0,77
201600009677,16,7,25,1100,1,1,1,1,7.0,77034,M,4857314.0,277149.0,77
201600009678,16,9,14,1115,1,1,1,1,2.0,77100,M,4850505.0,282720.0,77
201600009679,16,2,12,1300,1,1,1,2,6.0,77534,M,4863619.0,276225.0,77
201600009680,16,4,29,1415,1,1,1,1,1.0,77107,M,0.0,0.0,77
201600009681,16,5,3,1530,1,1,1,1,1.0,77534,M,4863511.0,274336.0,77
201600009682,16,5,29,1745,1,1,1,8,1.0,77107,M,4865960.0,280890.0,77
201600009683,16,7,19,1900,1,1,1,1,6.0,77007,M,4865112.0,285448.0,77
201600009684,16,10,9,1500,1,1,2,1,2.0,77107,M,4867488.0,281309.0,77
201600009685,16,5,26,815,1,1,1,1,1.0,77426,M,4858628.0,282579.0,77
201600009686,16,9,7,2215,3,1,1,1,6.0,77138,M,4864850.0,290376.0,77
201600009687,16,2,4,1815,2,2,1,2,6.0,77470,M,4874013.0,276451.0,77
201600009688,16,7,6,1015,1,1,1,1,5.0,77104,M,4872000.0,283600.0,77
201600009689,16,12,29,1735,3,1,1,5,5.0,77470,M,4873907.0,277814.0,77
201600009690,16,2,6,700,3,1,1,1,1.0,77142,M,4886146.0,293206.0,77
201600009691,16,4,9,1145,1,2,1,1,6.0,77128,M,4888767.0,285698.0,77
201600009692,16,5,9,1815,1,1,1,1,1.0,77142,M,4886603.0,287843.0,77
201600009693,16,5,25,925,1,1,1,1,5.0,77225,M,4887956.0,299104.0,77
201600009694,16,7,11,115,3,1,3,1,6.0,77529,M,4883249.0,287938.0,77
201600009695,16,7,6,815,5,2,1,1,7.0,77142,M,4886730.0,288321.0,77
201600009696,16,7,30,1500,1,1,1,1,1.0,77128,M,4886763.0,287570.0,77
201600009697,16,9,6,1845,1,1,1,1,3.0,77270,M,4885468.0,301832.0,77
201600009698,16,10,16,1330,1,2,1,1,3.0,77142,M,4885902.0,291454.0,77
201600009699,16,10,19,910,1,2,1,1,6.0,77128,M,4888783.0,284914.0,77
201600009700,16,4,29,1545,1,1,1,1,7.0,77492,M,4887961.0,336873.0,77
201600009701,16,5,8,1030,1,1,1,1,6.0,77398,M,4888411.0,329747.0,77
201600009702,16,6,4,1245,1,1,1,8,6.0,77151,M,4871008.0,316378.0,77
201600009703,16,7,1,1600,1,2,2,2,3.0,77116,M,4875899.0,322225.0,77
201600009704,16,7,3,2030,1,1,1,8,7.0,77093,M,4878923.0,340391.0,77
201600009705,16,7,29,1645,1,2,1,1,6.0,77030,M,4885687.0,331785.0,77
201600009706,16,8,27,1815,1,1,1,1,7.0,77417,M,4883478.0,328884.0,77
201600009707,16,2,3,1430,1,2,2,1,3.0,77183,M,4894816.0,313369.0,77
201600009708,16,4,14,900,1,1,1,5,1.0,77228,M,4891172.0,330642.0,77
201600009709,16,6,5,1700,1,1,1,8,5.0,77238,M,4891720.0,314989.0,77
201600009710,16,10,30,315,3,1,1,5,7.0,77361,M,4889484.0,302713.0,77
201600009711,16,11,16,1800,5,2,1,2,6.0,77183,M,4894411.0,312884.0,77
201600009712,16,3,10,1815,2,1,1,1,1.0,77466,M,4883202.0,290279.0,77
201600009713,16,4,21,215,3,1,1,1,7.0,77091,M,4874613.0,284458.0,77
201600009714,16,5,4,1915,1,1,1,1,3.0,77508,M,4880255.0,284811.0,77
201600009715,16,6,17,1800,1,1,1,8,1.0,77508,M,4882474.0,283609.0,77
201600009716,16,6,18,1015,1,1,1,1,3.0,77336,M,4877654.0,282583.0,77
201600009717,16,6,30,2115,2,1,1,1,3.0,77154,M,4881607.0,292713.0,77
201600009718,16,10,10,700,2,1,1,1,2.0,77318,M,4878928.0,287370.0,77
201600009719,16,12,23,1230,1,1,2,1,3.0,77219,M,4883941.0,296771.0,77
201600009720,16,5,5,845,1,2,1,1,1.0,77182,M,4878121.0,329499.0,77
201600009721,16,6,27,715,1,1,1,1,6.0,77043,M,4888837.0,326649.0,77
201600009722,16,7,23,2015,1,1,1,1,6.0,77406,M,4884712.0,320686.0,77
201600009723,16,7,31,1430,1,1,1,1,2.0,77116,M,4874004.0,322504.0,77
201600009724,16,9,21,1725,1,1,1,1,6.0,77116,M,4874100.0,322430.0,77
201600009725,16,1,7,1815,3,1,1,2,5.0,77031,M,4866320.0,295349.0,77
201600009726,16,2,15,1600,1,1,1,1,1.0,77192,M,4868836.0,289076.0,77
201600009727,16,4,4,1740,1,1,4,1,6.0,77264,M,0.0,0.0,77
201600009728,16,6,26,1715,1,1,1,1,7.0,77393,M,0.0,0.0,77
201600009729,16,7,1,1815,1,1,1,1,7.0,77486,M,4870223.0,310254.0,77
201600009730,16,7,10,215,3,1,1,1,6.0,77192,M,0.0,0.0,77
201600009731,16,7,15,1800,1,1,1,1,7.0,77031,M,4867685.0,293709.0,77
201600009732,16,8,1,1115,1,1,2,1,3.0,77192,M,4869402.0,282079.0,77
201600009733,16,9,9,1400,1,1,2,1,3.0,77031,M,4867265.0,295978.0,77
201600009734,16,9,12,1200,1,1,1,1,1.0,77527,M,4868580.0,301535.0,77
201600009735,16,9,19,1745,1,1,1,1,1.0,77486,M,4869422.0,307492.0,77
201600009736,16,10,3,841,1,1,1,1,5.0,77486,M,4869401.0,307671.0,77
201600009737,16,11,4,725,2,1,2,2,5.0,77192,M,4870769.0,283723.0,77
201600009738,16,2,29,715,1,1,1,1,7.0,77244,M,4827676.0,258705.0,77
201600009739,16,3,11,1145,1,1,2,1,3.0,77003,M,4829069.0,253974.0,77
201600009740,16,4,18,2130,2,1,1,1,6.0,77477,M,4832791.0,258537.0,77
201600009741,16,5,5,30,3,1,1,9,1.0,77060,M,4830154.0,242845.0,77
201600009742,16,5,14,2100,2,1,2,1,7.0,77088,M,4829052.0,253955.0,77
201600009743,16,6,19,1230,1,1,1,1,6.0,77244,M,4827555.0,261923.0,77
201600009744,16,7,16,1000,1,1,1,1,7.0,77471,M,4834355.0,245887.0,77
201600009745,16,10,19,1200,1,2,2,1,6.0,77088,M,4831732.0,257055.0,77
201600009746,16,12,1,800,1,2,4,1,6.0,77088,M,4832044.0,257604.0,77
201600009747,16,12,5,10,3,1,1,1,6.0,77328,M,4830447.0,243478.0,77
201600009748,16,3,6,2000,3,1,1,3,6.0,77099,M,4815854.0,270909.0,77
201600009749,16,8,6,1045,1,1,1,1,6.0,77110,M,4816767.0,265567.0,77
201600009750,16,9,19,1530,1,1,1,8,1.0,77099,M,4815106.0,274958.0,77
201600009751,16,1,15,430,3,1,1,9,7.0,77115,M,4823884.0,297953.0,77
201600009752,16,8,23,2145,3,1,1,1,6.0,77531,M,4826916.0,296579.0,77
201600009753,16,12,9,1845,3,1,1,1,1.0,77261,M,4824420.0,290002.0,77
201600009754,16,4,11,1200,1,1,1,3,2.0,77153,M,4905440.0,269943.0,77
201600009755,16,5,17,2345,3,1,2,1,3.0,77291,M,4902486.0,258422.0,77
201600009756,16,6,9,1800,1,1,1,1,5.0,77420,M,4904132.0,268533.0,77
201600009757,16,7,21,1930,1,2,1,1,6.0,77153,M,4905352.0,268626.0,77
201600009758,16,10,24,1734,2,1,1,1,2.0,77511,M,4903208.0,263185.0,77
201600009759,16,11,30,2349,3,1,1,1,3.0,77392,M,4907495.0,272145.0,77
201600009760,16,12,7,735,3,1,1,1,5.0,77153,M,4905541.0,269994.0,77
201600009761,16,12,15,1530,1,2,3,8,7.0,77511,M,4903378.0,263949.0,77
201600009762,16,12,15,810,2,2,9,1,6.0,77349,M,4908156.0,266305.0,77
201600009763,16,2,29,1945,5,2,1,1,2.0,77382,M,4886433.0,289771.0,77
201600009764,16,4,24,1830,1,1,1,2,5.0,77196,M,4894300.0,275500.0,77
201600009765,16,4,25,1600,1,2,9,1,6.0,77171,M,4890299.0,281177.0,77
201600009766,16,5,10,2245,3,1,6,2,1.0,77005,M,4891513.0,269076.0,77
201600009767,16,5,15,45,3,1,3,2,3.0,77474,M,4895765.0,280186.0,77
201600009768,16,6,7,2030,2,2,2,1,1.0,77315,M,4888480.0,283233.0,77
201600009769,16,6,23,1530,1,1,1,1,6.0,77094,M,4895100.0,276900.0,77
201600009770,16,7,21,1715,1,2,9,1,1.0,77171,M,4889880.0,281930.0,77
201600009771,16,9,5,630,2,1,1,2,2.0,77196,M,4894823.0,274446.0,77
201600009772,16,10,12,1910,5,2,1,1,6.0,77315,M,4889007.0,282741.0,77
201600009773,16,10,19,1745,1,1,1,3,3.0,77474,M,4895873.0,281974.0,77
201600009774,16,10,31,350,3,1,1,1,6.0,77196,M,4894808.0,273825.0,77
201600009775,16,11,1,815,1,1,1,5,1.0,77005,M,4891053.0,271087.0,77
201600009776,16,11,11,2200,3,1,3,1,5.0,77474,M,4895771.0,280183.0,77
201600009777,16,12,16,1130,1,1,2,1,3.0,77095,M,4897186.0,275781.0,77
201600009778,16,1,3,1530,1,1,1,2,1.0,77231,M,4901084.0,302114.0,77
201600009779,16,3,24,1545,1,2,1,1,3.0,77483,M,4900111.0,292123.0,77
201600009780,16,4,24,1715,1,1,1,2,6.0,77120,M,4902401.0,309751.0,77
201600009781,16,5,26,1745,1,1,1,1,1.0,77126,M,4901404.0,294956.0,77
201600009782,16,6,1,2230,3,1,1,2,6.0,77283,M,4906273.0,301198.0,77
201600009783,16,8,2,1500,1,1,1,3,1.0,77203,M,4897865.0,296291.0,77
201600009784,16,8,5,1900,1,2,1,1,6.0,77283,M,4907311.0,302253.0,77
201600009785,16,8,16,1845,1,1,2,1,7.0,77490,M,4905980.0,310867.0,77
201600009786,16,10,6,2345,3,1,1,1,7.0,77203,M,4897157.0,297157.0,77
201600009787,16,10,30,2020,3,1,1,1,5.0,77483,M,4900263.0,293751.0,77
201600009788,16,1,28,2015,3,1,1,1,2.0,77233,M,4899633.0,279392.0,77
201600009789,16,2,22,1530,1,1,3,1,1.0,77233,M,4900467.0,278553.0,77
201600009790,16,3,14,1715,1,2,6,1,3.0,77344,M,4907019.0,281584.0,77
201600009791,16,5,24,1730,1,1,2,1,3.0,77525,M,4901570.0,273640.0,77