Num_Acc,an,mois,jour,hrmn,lum,agg,int,atm,col,com,gps,lat,long,dep
201600009792,16,6,25,1430,1,1,9,1,2.0,77273,M,4905146.0,273164.0,77
201600009793,16,8,13,945,1,1,2,7,3.0,77344,M,4905275.0,278625.0,77
201600009794,16,9,15,1230,1,2,1,1,6.0,77437,M,4903536.0,280135.0,77
201600009795,16,10,3,1930,2,1,1,1,1.0,77437,M,4903336.0,278835.0,77
201600009796,16,10,14,2049,5,2,2,3,6.0,77437,M,4903658.0,279927.0,77
201600009797,16,11,23,2050,3,1,1,1,6.0,77233,M,4899698.0,279367.0,77
201600009798,16,12,22,943,1,1,2,1,1.0,77344,M,4905270.0,278629.0,77
201600009799,16,12,30,1710,2,1,1,5,1.0,77430,M,4906748.0,278567.0,77
201600009800,16,2,29,1505,1,1,9,1,2.0,77239,M,4865553.0,314797.0,77
201600009801,16,3,1,1915,3,1,1,2,1.0,77239,M,4864692.0,316405.0,77
201600009802,16,3,29,1815,1,2,1,2,6.0,77072,M,4854009.0,346358.0,77
201600009803,16,4,13,1345,1,1,1,4,7.0,77026,M,4859117.0,341311.0,77
201600009804,16,5,2,830,1,1,2,7,6.0,77246,M,4857811.0,336984.0,77
201600009805,16,5,30,1915,1,1,1,3,3.0,77032,M,4871195.0,323935.0,77
201600009806,16,6,25,630,2,1,1,2,1.0,77066,M,0.0,0.0,77
201600009807,16,9,29,1230,1,1,1,1,7.0,77530,M,4861030.0,333294.0,77
201600009808,16,4,9,2145,3,1,1,2,7.0,77321,M,4840200.0,323339.0,77
201600009809,16,8,25,915,1,1,1,1,2.0,77286,M,4850940.0,310717.0,77
201600009810,16,1,5,805,2,1,2,2,3.0,77327,M,4855057.0,300044.0,77
201600009811,16,1,20,1345,1,1,1,1,6.0,77190,M,4853421.0,302281.0,77
201600009812,16,8,16,745,1,1,2,1,3.0,77327,M,4855052.0,300055.0,77
201600009813,16,9,1,615,3,1,1,1,2.0,77089,M,4849790.0,294586.0,77
201600009814,16,9,11,1745,1,1,1,1,7.0,77090,M,4854796.0,318755.0,77
201600009815,16,10,2,345,3,1,1,1,6.0,77327,M,4855633.0,298232.0,77
201600009816,16,2,16,830,1,1,1,1,6.0,45059,M,4794198.0,175943.0,45
201600009817,16,3,20,1145,1,1,1,6,3.0,45313,M,4806276.0,181458.0,45
201600009818,16,3,30,1545,1,2,1,1,6.0,45008,M,4808134.0,187909.0,45
201600009819,16,4,24,830,1,1,1,1,7.0,45059,M,4793409.0,175899.0,45
201600009820,16,6,23,2215,5,2,2,1,3.0,45248,M,4804906.0,169791.0,45
201600009821,16,7,23,1300,1,1,1,1,2.0,45062,M,4799369.0,188133.0,45
201600009822,16,7,23,1715,1,1,1,1,1.0,45008,M,0.0,0.0,45
201600009823,16,9,10,15,3,1,1,1,7.0,45093,M,4802241.0,184677.0,45
201600009824,16,11,7,1815,3,1,6,2,7.0,45008,M,0.0,0.0,45
201600009825,16,1,26,1230,1,1,3,1,3.0,45024,M,4781701.0,167852.0,45
201600009826,16,3,20,1815,1,1,1,1,7.0,45116,M,4781125.0,158437.0,45
201600009827,16,5,5,1845,1,2,1,1,6.0,45028,M,4779841.0,162831.0,45
201600009828,16,9,27,715,2,2,1,1,6.0,45179,M,4776942.0,169798.0,45
201600009829,16,12,21,700,5,2,6,1,3.0,45028,M,0.0,0.0,45
201600009830,16,12,27,1045,2,2,1,1,3.0,45317,M,0.0,0.0,45
201600009831,16,3,31,1945,3,1,1,2,6.0,45082,M,4788861.0,225689.0,45
201600009832,16,4,1,800,1,1,1,1,1.0,45316,M,4796231.0,236881.0,45
201600009833,16,5,8,1530,1,1,1,1,1.0,45346,M,4793965.0,228253.0,45
201600009834,16,9,2,1130,1,2,7,1,6.0,45082,M,4786371.0,222262.0,45
201600009835,16,1,16,400,5,2,6,1,6.0,45089,M,4789409.0,204026.0,45
201600009836,16,3,27,2300,3,2,1,1,6.0,45089,M,4791169.0,202589.0,45
201600009837,16,4,4,2100,1,1,3,1,2.0,45126,M,4789806.0,211202.0,45
201600009838,16,6,28,1515,1,1,1,1,2.0,45089,M,4791249.0,202354.0,45
201600009839,16,11,19,1745,3,2,1,1,1.0,45194,M,0.0,0.0,45
201600009840,16,2,4,845,1,2,3,8,3.0,45272,M,4781977.0,194708.0,45
201600009841,16,4,19,2130,2,2,1,1,1.0,45272,M,0.0,0.0,45
201600009842,16,5,17,745,1,1,1,1,6.0,45282,M,4783389.0,182281.0,45
201600009843,16,12,15,830,1,1,1,8,1.0,45272,M,4779951.0,193128.0,45
201600009844,16,2,13,2145,5,2,1,2,6.0,45226,M,4779189.0,225122.0,45
201600009845,16,9,28,1745,1,2,3,1,3.0,45311,M,4783467.0,222499.0,45
201600009846,16,11,10,2315,3,1,1,2,6.0,45173,M,4785021.0,214674.0,45
201600009847,16,11,21,745,2,2,1,1,2.0,45173,M,4786144.0,210989.0,45
201600009848,16,12,13,2345,3,1,1,1,7.0,45335,M,0.0,0.0,45
201600009849,16,3,6,1300,1,2,3,1,3.0,45179,M,4775288.0,167009.0,45
201600009850,16,6,15,945,1,1,1,1,3.0,45059,M,0.0,0.0,45
201600009851,16,6,24,1400,1,1,3,1,3.0,45203,M,4785682.0,170615.0,45
201600009852,16,12,2,2145,3,1,1,1,3.0,45337,M,4802836.0,155327.0,45
201600009853,16,2,17,1000,1,2,2,1,6.0,45155,M,4768113.0,263005.0,45
201600009854,16,3,3,1800,1,2,6,1,3.0,45155,M,0.0,0.0,45
201600009855,16,6,15,730,1,1,1,2,1.0,45155,M,4769625.0,265053.0,45
201600009856,16,6,28,1730,1,1,1,1,6.0,45108,M,4762541.0,250301.0,45
201600009857,16,7,13,1230,1,1,1,8,6.0,45155,M,4771309.0,261416.0,45
201600009858,16,7,18,1345,1,1,1,1,1.0,45155,M,4769672.0,264992.0,45
201600009859,16,7,23,2245,3,1,1,1,6.0,45291,M,4763745.0,263933.0,45
201600009860,16,9,15,615,3,1,1,2,6.0,45291,M,4767210.0,264638.0,45
201600009861,16,11,13,1800,5,1,2,2,3.0,45155,M,0.0,0.0,45
201600009862,16,11,17,330,3,1,1,2,6.0,45291,M,4767583.0,264193.0,45
201600009863,16,11,23,1500,1,2,1,1,6.0,45155,M,4769269.0,263348.0,45
201600009864,16,12,23,1730,3,1,1,1,1.0,45108,M,4758339.0,248639.0,45
201600009865,16,12,29,2045,5,2,1,5,6.0,45108,M,4762522.0,249011.0,45
201600009866,16,4,28,715,2,2,1,1,1.0,45087,M,4759527.0,275565.0,45
201600009867,16,11,18,730,2,1,1,2,3.0,45053,M,4765405.0,272209.0,45
201600009868,16,11,29,800,2,1,1,1,7.0,45087,M,0.0,0.0,45
201600009869,16,1,15,1600,1,1,2,7,3.0,45315,M,4772997.0,234702.0,45
201600009870,16,2,29,700,2,1,1,1,5.0,45051,M,4783596.0,235381.0,45
201600009871,16,3,12,1600,1,1,1,1,6.0,45340,M,4766257.0,234832.0,45
201600009872,16,4,7,900,1,2,1,1,6.0,45268,M,4773924.0,243666.0,45
201600009873,16,4,11,1300,1,1,1,2,1.0,45244,M,4776915.0,244299.0,45
201600009874,16,4,12,1815,1,1,1,1,3.0,45270,M,4782049.0,231872.0,45
201600009875,16,5,26,215,3,1,1,1,6.0,45122,M,4775724.0,252856.0,45
201600009876,16,6,6,700,2,1,1,5,2.0,45340,M,4770743.0,236720.0,45
201600009877,16,6,23,530,1,1,1,5,6.0,45336,M,4773477.0,228246.0,45
201600009878,16,7,14,730,1,1,1,1,6.0,45184,M,4772037.0,250775.0,45
201600009879,16,7,22,1630,1,1,1,1,1.0,45063,M,4763655.0,242022.0,45
201600009880,16,7,30,1715,1,1,2,7,3.0,45063,M,4763671.0,244837.0,45
201600009881,16,12,3,1915,3,1,1,1,7.0,45315,M,0.0,0.0,45
201600009882,16,12,11,630,3,1,1,2,6.0,45063,M,4759741.0,239826.0,45
201600009883,16,12,14,1930,3,2,1,1,3.0,45164,M,0.0,0.0,45
201600009884,16,12,21,1215,1,2,1,1,2.0,45315,M,4776606.0,237431.0,45
201600009885,16,12,31,1430,1,1,1,5,6.0,45244,M,4776937.0,244044.0,45
201600009886,16,1,28,2330,3,1,1,1,6.0,45247,M,4800098.0,267859.0,45
201600009887,16,2,1,1600,1,1,1,1,1.0,45345,M,4793579.0,267228.0,45
201600009888,16,2,5,1700,1,1,1,1,6.0,45239,M,4789928.0,261151.0,45
201600009889,16,2,6,2000,3,1,1,1,6.0,45256,M,4796819.0,256503.0,45
201600009890,16,3,28,645,2,1,1,2,6.0,45322,M,4801816.0,288372.0,45
201600009891,16,6,20,530,2,2,1,1,6.0,45329,M,4794226.0,299501.0,45
201600009892,16,7,7,1845,1,1,2,1,3.0,45211,M,0.0,0.0,45
201600009893,16,7,10,1215,1,1,2,1,3.0,45113,M,4805531.0,293712.0,45
201600009894,16,8,22,2015,1,1,3,1,3.0,45275,M,4796293.0,291191.0,45
201600009895,16,8,28,1800,1,1,1,1,7.0,45129,M,0.0,0.0,45
201600009896,16,10,1,2000,5,2,1,1,5.0,45279,M,4795242.0,285305.0,45
201600009897,16,10,4,1430,1,1,1,1,7.0,45250,M,0.0,0.0,45
201600009898,16,3,6,1615,1,1,1,1,7.0,45077,M,4785823.0,285812.0,45
201600009899,16,9,29,1100,1,1,2,1,5.0,45312,M,4790582.0,273302.0,45
201600009900,16,10,10,845,1,1,2,1,3.0,45085,M,4783563.0,284989.0,45
201600009901,16,12,16,1630,1,2,1,1,6.0,45210,M,0.0,0.0,45
201600009902,16,1,10,1600,1,1,2,2,3.0,45343,M,4803889.0,263634.0,45
201600009903,16,1,15,1715,1,1,1,4,1.0,45061,M,4804408.0,275487.0,45
201600009904,16,1,24,1145,1,2,2,1,3.0,45127,M,4814149.0,276697.0,45
201600009905,16,6,19,1,5,2,1,1,6.0,45158,M,4804864.0,264874.0,45
201600009906,16,8,23,1945,1,2,1,7,6.0,45206,M,4804581.0,262463.0,45
201600009907,16,11,30,1845,2,2,1,1,6.0,45104,M,4802836.0,272117.0,45
201600009908,16,2,29,1815,1,1,3,1,3.0,45293,M,4799515.0,261166.0,45
201600009909,16,8,23,830,2,1,1,7,6.0,45187,M,0.0,0.0,45
201600009910,16,2,14,330,3,1,1,2,6.0,45157,M,4815305.0,237521.0,45
201600009911,16,6,8,745,1,1,1,5,2.0,45137,M,4812658.0,219516.0,45
201600009912,16,11,4,2115,3,1,1,1,1.0,45050,M,0.0,0.0,45
201600009913,16,12,3,1445,1,1,1,1,3.0,45157,M,0.0,0.0,45
201600009914,16,12,28,1800,3,1,1,1,1.0,45119,M,0.0,0.0,45
201600009915,16,2,6,945,1,2,1,1,6.0,45132,M,4810565.0,243725.0,45
201600009916,16,3,24,1145,1,1,1,1,6.0,45159,M,0.0,0.0,45
201600009917,16,4,10,700,2,1,1,5,6.0,45035,M,4802677.0,236899.0,45
201600009918,16,4,17,845,1,1,1,1,6.0,45258,M,4820283.0,248132.0,45
201600009919,16,12,21,930,1,1,1,1,1.0,45030,M,0.0,0.0,45
201600009920,16,1,22,800,1,1,1,8,7.0,45236,M,4829629.0,236442.0,45
201600009921,16,5,13,1545,1,2,1,1,6.0,45191,M,4830001.0,240727.0,45
201600009922,16,9,14,2225,3,1,1,3,1.0,45198,M,4821492.0,230077.0,45
201600009923,16,4,28,745,1,1,1,1,3.0,18125,M,0.0,0.0,18
201600009924,16,6,5,1045,1,1,1,2,7.0,18084,M,4745590.0,259789.0,18
201600009925,16,8,5,1915,1,1,1,1,1.0,18144,M,0.0,0.0,18
201600009926,16,9,3,600,3,1,1,1,6.0,18241,M,4732452.0,282414.0,18
201600009927,16,9,24,600,3,1,1,1,7.0,18272,M,4726905.0,272931.0,18
201600009928,16,12,11,1600,1,1,2,8,3.0,18116,M,0.0,0.0,18
201600009929,16,2,13,30,3,1,1,8,3.0,18038,M,4675530.0,245094.0,18
201600009930,16,6,4,1800,1,2,3,1,3.0,18197,M,4672015.0,250011.0,18
201600009931,16,7,17,1900,1,1,1,1,3.0,18197,M,4671539.0,253091.0,18
201600009932,16,8,27,2345,5,2,1,1,6.0,18038,M,0.0,0.0,18
201600009933,16,8,31,1800,1,2,1,1,6.0,18038,M,4676713.0,242621.0,18
201600009934,16,11,1,1315,1,2,6,1,6.0,18197,M,4672944.0,249638.0,18
201600009935,16,10,31,1630,1,1,1,1,1.0,18180,M,4703744.0,243956.0,18
201600009936,16,5,13,1300,1,1,3,2,3.0,18031,M,0.0,0.0,18
201600009937,16,6,12,1200,1,2,1,1,6.0,18031,M,4689824.0,272445.0,18
201600009938,16,7,21,1430,1,1,1,1,3.0,18242,M,4684237.0,293649.0,18
201600009939,16,8,3,715,2,1,1,1,6.0,18155,M,0.0,0.0,18
201600009940,16,8,22,1600,1,2,1,1,3.0,18175,M,0.0,0.0,18
201600009941,16,8,30,1045,1,2,1,1,6.0,18108,M,0.0,0.0,18
201600009942,16,9,7,1615,1,1,1,1,2.0,18242,M,4683293.0,295778.0,18
201600009943,16,9,19,1930,2,1,2,1,7.0,18164,M,4684310.0,298189.0,18
201600009944,16,11,3,715,2,1,1,5,6.0,18048,M,4692967.0,294821.0,18
201600009945,16,11,20,430,3,1,1,1,6.0,18160,M,4701028.0,287837.0,18
201600009946,16,11,25,815,1,1,1,2,7.0,18242,M,4681158.0,291030.0,18
201600009947,16,12,7,800,2,1,1,1,1.0,18160,M,0.0,0.0,18
201600009948,16,5,21,1130,1,1,1,1,2.0,18290,M,4727800.0,220600.0,18
201600009949,16,4,11,1330,1,1,2,1,3.0,18138,M,0.0,0.0,18
201600009950,16,2,6,1900,3,1,1,1,6.0,18190,M,0.0,0.0,18
201600009951,16,11,24,2030,3,1,1,1,1.0,18028,M,4710542.0,230775.0,18
201600009952,16,1,15,415,3,2,1,9,6.0,18181,M,0.0,0.0,18
201600009953,16,2,14,800,2,1,1,1,6.0,18157,M,4704186.0,228238.0,18
201600009954,16,3,25,230,3,1,1,1,6.0,18055,M,0.0,0.0,18
201600009955,16,5,15,1115,1,1,1,1,2.0,18157,M,0.0,0.0,18
201600009956,16,9,9,1600,1,1,1,1,2.0,18207,M,4699183.0,224379.0,18
201600009957,16,10,23,2245,3,1,1,2,7.0,18066,M,4697469.0,222870.0,18
201600009958,16,11,2,1500,1,1,1,8,1.0,18137,M,4686939.0,217277.0,18
201600009959,16,11,28,1530,1,2,1,7,6.0,18207,M,4699251.0,244541.0,18
201600009960,16,1,9,1545,1,1,1,1,2.0,28100,M,4844085.0,135608.0,28
201600009961,16,3,16,1730,1,2,1,1,2.0,28337,M,4841864.0,135594.0,28
201600009962,16,4,17,1630,1,1,1,1,1.0,28278,M,4846687.0,160155.0,28
201600009963,16,4,22,1230,1,2,1,2,7.0,28201,M,4850884.0,154092.0,28
201600009964,16,5,2,2000,1,1,1,1,6.0,28022,M,4849019.0,138316.0,28
201600009965,16,5,8,1700,1,1,1,1,1.0,28104,M,4849122.0,159026.0,28
201600009966,16,5,11,720,2,1,1,5,2.0,28006,M,4843677.0,142371.0,28
201600009967,16,6,25,1645,1,1,3,7,3.0,28022,M,4847573.0,140821.0,28
201600009968,16,7,10,1015,1,1,1,7,2.0,28358,M,4852727.0,156778.0,28
201600009969,16,8,7,530,2,1,1,1,1.0,28006,M,4843564.0,141492.0,28
201600009970,16,8,25,1215,1,1,2,1,3.0,28358,M,4849502.0,149601.0,28
201600009971,16,8,27,1630,1,1,1,1,1.0,28278,M,4846629.0,159877.0,28
201600009972,16,9,8,1430,1,1,3,1,3.0,28358,M,4849503.0,149601.0,28
201600009973,16,9,11,1715,1,2,1,1,6.0,28122,M,4833025.0,151536.0,28
201600009974,16,10,7,30,3,1,1,1,6.0,28358,M,0.0,0.0,28
201600009975,16,10,24,1815,2,1,1,2,5.0,28022,M,4849143.0,137935.0,28
201600009976,16,11,25,1715,2,1,1,8,7.0,28245,M,4836498.0,139208.0,28
201600009977,16,12,8,1315,1,1,1,1,1.0,28035,M,4837588.0,153279.0,28
201600009978,16,12,8,1600,1,2,2,1,3.0,28034,M,0.0,0.0,28
201600009979,16,2,15,930,3,1,1,8,6.0,28341,M,4863173.0,126850.0,28
201600009980,16,4,17,1615,1,1,1,1,6.0,28147,M,0.0,0.0,28
201600009981,16,5,7,630,1,1,1,1,7.0,28386,M,4854300.0,130619.0,28
201600009982,16,5,21,1030,1,2,9,1,6.0,28116,M,4844840.0,123806.0,28
201600009983,16,7,8,2100,1,1,1,1,7.0,28323,M,0.0,0.0,28
201600009984,16,8,22,1915,1,1,2,1,3.0,28089,M,4860852.0,124392.0,28
201600009985,16,9,2,315,3,1,1,1,6.0,28089,M,4859276.0,123075.0,28
201600009986,16,9,9,500,3,2,1,1,6.0,28089,M,4858532.0,124358.0,28
201600009987,16,10,20,1230,1,1,1,1,6.0,28341,M,4862321.0,125870.0,28
201600009988,16,12,18,1730,3,1,1,5,6.0,28386,M,4855700.0,128900.0,28
201600009989,16,12,24,2000,3,1,1,1,6.0,28089,M,4861000.0,124500.0,28
201600009990,16,5,2,745,1,1,1,1,1.0,28066,M,4823279.0,126110.0,28
201600009991,16,6,10,1330,1,1,1,1,5.0,28196,M,4828720.0,122704.0,28
201600009992,16,6,30,1545,1,1,1,1,1.0,28234,M,4834657.0,123441.0,28
201600009993,16,8,4,1545,1,1,1,1,6.0,28398,M,4818012.0,109768.0,28
201600009994,16,8,7,145,3,1,1,1,6.0,28123,M,4822199.0,107912.0,28
201600009995,16,10,2,1545,1,1,1,1,2.0,28041,M,4831827.0,127327.0,28
201600009996,16,10,29,1845,2,1,1,1,6.0,28066,M,0.0,0.0,28
201600009997,16,1,4,1745,3,1,1,1,6.0,28191,M,4862600.0,164900.0,28
201600009998,16,4,17,330,3,1,1,8,6.0,28208,M,4850183.0,173162.0,28
201600009999,16,5,10,1815,1,1,1,2,1.0,28140,M,4857564.0,169332.0,28
201600010000,16,5,17,1515,1,1,2,1,3.0,28023,M,4852350.0,162746.0,28
201600010001,16,5,27,1215,1,1,1,1,7.0,28052,M,0.0,0.0,28
201600010002,16,7,30,1345,1,1,1,1,1.0,28298,M,4858245.0,155039.0,28
201600010003,16,8,12,645,1,1,1,1,6.0,28227,M,4859621.0,160127.0,28
201600010004,16,12,27,1115,1,1,1,7,7.0,28140,M,4858100.0,167741.0,28
201600010005,16,2,25,1320,1,1,2,1,3.0,28391,M,4820086.0,193443.0,28
201600010006,16,4,18,1000,1,1,1,1,3.0,28284,M,4824090.0,195651.0,28
201600010007,16,6,4,1700,1,1,1,8,3.0,28320,M,4825593.0,155674.0,28
201600010008,16,6,26,945,1,1,1,1,6.0,28189,M,4822998.0,179319.0,28
201600010009,16,12,18,2100,3,1,1,1,3.0,28025,M,4825517.0,196502.0,28
201600010010,16,1,10,645,3,1,1,2,6.0,28103,M,4798276.0,124011.0,28
201600010011,16,1,13,1630,1,2,1,1,6.0,28088,M,4807358.0,133266.0,28
201600010012,16,2,1,1545,1,1,1,1,1.0,28356,M,4807613.0,112831.0,28
201600010013,16,2,18,1200,1,1,1,1,2.0,28356,M,4807587.0,117801.0,28
201600010014,16,2,27,300,3,1,1,1,6.0,28205,M,4812047.0,124847.0,28
201600010015,16,4,13,1800,1,2,1,1,3.0,28088,M,4807200.0,134467.0,28
201600010016,16,5,9,1800,1,2,1,2,6.0,28103,M,4799349.0,123767.0,28
201600010017,16,6,7,2000,1,2,1,2,3.0,28088,M,4807075.0,133302.0,28
201600010018,16,7,1,1,5,2,1,1,6.0,28103,M,4799473.0,123166.0,28
201600010019,16,7,7,1500,1,2,1,1,1.0,28075,M,4803583.0,130641.0,28
201600010020,16,8,13,1345,1,2,1,1,7.0,28088,M,4807475.0,134701.0,28
201600010021,16,8,20,1700,1,2,1,1,1.0,28088,M,4807124.0,133737.0,28
201600010022,16,8,31,1845,1,2,1,7,6.0,28103,M,4799577.0,123202.0,28
201600010023,16,9,15,1715,1,1,3,1,2.0,28075,M,4805399.0,132377.0,28
201600010024,16,9,30,2345,3,1,1,2,6.0,28256,M,0.0,0.0,28
201600010025,16,12,5,1715,3,1,1,5,6.0,28093,M,4814210.0,120019.0,28
201600010026,16,4,4,815,1,1,1,1,6.0,28153,M,4815558.0,135716.0,28
201600010027,16,5,22,1540,1,1,1,2,1.0,28259,M,4821423.0,140133.0,28
201600010028,16,7,10,1215,1,2,1,1,6.0,28382,M,4808420.0,174083.0,28
201600010029,16,7,22,1530,1,1,1,1,1.0,28051,M,4819749.0,141328.0,28
201600010030,16,11,18,1000,1,1,1,1,3.0,28259,M,4822204.0,140369.0,28
201600010031,16,11,21,745,3,1,1,2,6.0,28176,M,4827000.0,148700.0,28
201600010032,16,12,27,1215,1,1,1,1,3.0,28418,M,4813761.0,150363.0,28
201600010033,16,3,3,1005,1,1,2,2,3.0,28061,M,4823488.0,114876.0,28
201600010034,16,3,16,1930,2,1,1,1,7.0,28061,M,4818970.0,116085.0,28
201600010035,16,3,4,1155,1,1,2,1,1.0,28170,M,4869867.0,128932.0,28
201600010036,16,7,15,815,1,1,1,1,7.0,28014,M,0.0,0.0,28
201600010037,16,7,27,815,1,1,9,1,2.0,28178,M,4875682.0,148200.0,28
201600010038,16,10,22,1345,1,1,2,1,3.0,28171,M,0.0,0.0,28
201600010039,16,11,17,1215,1,1,1,8,5.0,28394,M,0.0,0.0,28
201600010040,16,11,29,1000,1,2,1,1,6.0,28045,M,4872915.0,126314.0,28
201600010041,16,1,12,1830,3,1,1,1,2.0,28375,M,4877169.0,147098.0,28
201600010042,16,6,19,1500,1,1,1,1,3.0,28377,M,4883653.0,138609.0,28
201600010043,16,7,6,1830,1,1,1,1,3.0,28001,M,4879305.0,140087.0,28
201600010044,16,7,8,30,3,1,1,1,6.0,28050,M,0.0,0.0,28
201600010045,16,7,27,1445,1,2,3,1,3.0,28293,M,4886747.0,146999.0,28
201600010046,16,7,28,845,1,2,1,1,2.0,28007,M,4884933.0,143302.0,28
201600010047,16,1,27,1715,2,1,1,8,5.0,28046,M,4867543.0,91516.0,28
201600010048,16,2,25,1330,1,1,1,1,3.0,28226,M,4863769.0,114506.0,28
201600010049,16,5,13,2030,1,1,1,1,1.0,28373,M,0.0,0.0,28
201600010050,16,11,10,1545,3,1,1,2,1.0,28130,M,4852720.0,112935.0,28
201600010051,16,12,17,1300,1,1,1,5,7.0,28226,M,4861341.0,116584.0,28
201600010052,16,1,10,1630,1,1,1,2,7.0,28094,M,4864291.0,150135.0,28
201600010053,16,7,28,100,3,1,1,1,6.0,28118,M,0.0,0.0,28
201600010054,16,6,9,1715,1,2,2,1,3.0,28280,M,4831981.0,81828.0,28
201600010055,16,6,22,2000,1,1,1,2,1.0,28144,M,4826484.0,80732.0,28
201600010056,16,11,11,230,3,1,1,2,6.0,28280,M,0.0,0.0,28
201600010057,16,11,13,830,2,1,1,1,6.0,28280,M,4829793.0,79860.0,28
201600010058,16,12,9,2315,3,1,1,1,2.0,28031,M,0.0,0.0,28
201600010059,16,12,14,1615,1,2,1,1,3.0,28280,M,4831671.0,81812.0,28
201600010060,16,1,21,745,2,2,1,1,6.0,28214,M,4846649.0,100916.0,28
201600010061,16,3,18,1400,1,1,1,1,7.0,28232,M,4853413.0,93302.0,28
201600010062,16,5,5,1900,1,2,1,1,6.0,28387,M,4831447.0,99685.0,28
201600010063,16,5,7,1330,1,2,1,1,3.0,28214,M,4846840.0,100808.0,28
201600010064,16,5,15,1730,1,1,1,1,1.0,28373,M,0.0,0.0,28
201600010065,16,7,1,845,1,1,1,2,6.0,28282,M,4833604.0,114165.0,28
201600010066,16,8,20,1315,1,1,1,1,7.0,28161,M,4828339.0,107782.0,28
201600010067,16,10,30,1730,1,1,1,1,1.0,28335,M,4843612.0,102842.0,28
201600010068,16,11,25,1800,3,1,1,1,7.0,28161,M,0.0,0.0,28
201600010069,16,12,22,900,3,1,1,5,6.0,28331,M,0.0,0.0,28
201600010070,16,1,14,1730,2,1,1,1,6.0,36070,M,4645060.0,157103.0,36
201600010071,16,1,21,1315,1,2,1,1,6.0,36048,M,4656120.0,160973.0,36
201600010072,16,4,13,1815,1,2,1,1,3.0,36154,M,,,36
201600010073,16,7,19,1630,1,1,1,1,1.0,36157,M,4669330.0,155163.0,36
201600010074,16,9,26,1015,1,1,2,1,3.0,36006,M,4657080.0,150017.0,36
201600010075,16,12,4,1200,1,1,2,1,3.0,36070,M,4642630.0,158615.0,36
201600010076,16,12,10,1830,3,1,1,1,6.0,36020,M,0.0,0.0,36
201600010077,16,6,4,200,5,2,4,1,6.0,36031,M,4689100.0,142627.0,36
201600010078,16,6,23,1630,1,1,4,7,1.0,36194,M,4690950.0,134334.0,36
201600010079,16,7,31,1545,1,1,1,1,7.0,36090,M,0.0,0.0,36
201600010080,16,9,9,1745,2,2,1,7,6.0,36241,M,4683800.0,154200.0,36
201600010081,16,9,26,1745,1,1,1,1,3.0,36194,M,0.0,0.0,36
201600010082,16,10,11,745,2,2,3,1,5.0,36241,M,0.0,0.0,36
201600010083,16,11,26,445,3,1,1,5,5.0,36074,M,0.0,0.0,36
201600010084,16,2,17,1715,1,2,7,1,6.0,36034,M,4725470.0,165400.0,36
201600010085,16,6,8,1135,1,2,3,1,3.0,36024,M,4700010.0,168338.0,36
201600010086,16,7,8,1445,1,1,1,1,7.0,36191,M,0.0,0.0,36
201600010087,16,9,18,1645,1,2,1,1,6.0,36233,M,0.0,0.0,36
201600010088,16,10,1,515,3,1,1,2,6.0,36151,M,4720510.0,167552.0,36
201600010089,16,9,30,1215,1,1,4,1,3.0,36093,M,0.0,0.0,36
201600010090,16,10,25,1915,2,1,1,1,7.0,36229,M,0.0,0.0,36
201600010091,16,11,11,2315,3,1,1,1,6.0,36093,M,0.0,0.0,36
201600010092,16,12,18,545,5,2,1,5,6.0,36034,M,0.0,0.0,36
201600010093,16,1,6,815,1,2,1,1,1.0,36165,M,4666310.0,101669.0,36
201600010094,16,2,8,1345,1,1,1,2,7.0,36168,M,4650780.0,133866.0,36
201600010095,16,7,13,2345,3,1,1,1,1.0,36053,M,0.0,0.0,36
201600010096,16,8,10,745,1,1,1,1,6.0,36165,M,4669800.0,103722.0,36
201600010097,16,9,3,1845,1,1,1,1,7.0,36213,M,4666500.0,99816.0,36
201600010098,16,9,18,1615,1,2,9,1,1.0,36018,M,0.0,0.0,36
201600010099,16,10,22,1945,3,1,1,1,6.0,36192,M,0.0,0.0,36
201600010100,16,10,26,1415,1,1,1,1,2.0,36096,M,0.0,0.0,36
201600010101,16,11,16,1845,3,1,1,1,7.0,36051,M,0.0,0.0,36
201600010102,16,12,11,1830,3,1,2,5,3.0,36096,M,0.0,0.0,36
201600010103,16,3,14,1745,1,1,1,1,1.0,36186,M,4666170.0,210554.0,36
201600010104,16,4,23,1000,1,1,1,2,7.0,36130,M,4658660.0,209709.0,36
201600010105,16,5,28,1545,1,1,3,1,3.0,36146,M,4644530.0,173645.0,36
201600010106,16,7,9,2245,4,2,1,1,5.0,36143,M,4662800.0,197098.0,36
201600010107,16,7,31,1500,1,1,1,1,7.0,36043,M,0.0,0.0,36
201600010108,16,8,14,1100,1,1,1,1,6.0,36127,M,4659780.0,201101.0,36
201600010109,16,9,23,1530,1,1,1,1,1.0,36221,M,0.0,0.0,36
201600010110,16,10,4,1115,1,1,1,1,1.0,36214,M,0.0,0.0,36
201600010111,16,10,19,1400,1,2,1,1,3.0,36046,M,0.0,0.0,36
201600010112,16,11,18,1800,5,2,1,2,5.0,36046,M,4656490.0,198200.0,36
201600010113,16,12,11,500,3,1,1,1,7.0,36143,M,0.0,0.0,36
201600010114,16,2,22,1845,3,1,1,2,1.0,36009,M,4672030.0,171594.0,36
201600010115,16,3,13,2100,3,1,1,1,6.0,36056,M,4653870.0,173832.0,36