Num_Acc,an,mois,jour,hrmn,lum,agg,int,atm,col,com,gps,lat,long,dep
201600010116,16,9,11,1645,1,2,1,1,3.0,36005,M,0.0,0.0,36
201600010117,16,2,25,1615,1,1,1,1,6.0,36171,M,,,36
201600010118,16,3,6,800,1,1,1,1,6.0,36190,M,4686900.0,189200.0,36
201600010119,16,3,12,1415,1,2,1,1,1.0,36140,M,4688510.0,186183.0,36
201600010120,16,3,28,1630,1,1,1,6,7.0,36098,M,4698410.0,193025.0,36
201600010121,16,4,27,730,1,2,1,1,6.0,36088,M,4694800.0,198400.0,36
201600010122,16,8,15,2245,3,1,1,1,6.0,36037,M,0.0,0.0,36
201600010123,16,1,11,745,5,2,1,3,7.0,37003,M,0.0,0.0,37
201600010124,16,1,14,1230,1,2,1,1,3.0,37003,M,0.0,0.0,37
201600010125,16,2,16,1630,1,2,1,1,6.0,37003,M,0.0,0.0,37
201600010126,16,2,22,1745,1,2,1,1,6.0,37003,M,0.0,0.0,37
201600010127,16,4,1,1645,1,1,1,1,2.0,37185,M,4743600.0,98300.0,37
201600010128,16,4,19,1545,1,2,1,1,2.0,37003,M,0.0,0.0,37
201600010129,16,6,8,1500,1,1,1,1,3.0,37185,M,4743800.0,101400.0,37
201600010130,16,6,20,1515,1,2,1,1,3.0,37003,M,0.0,0.0,37
201600010131,16,5,6,700,2,2,1,1,6.0,37171,M,,,37
201600010132,16,6,27,1900,1,1,6,1,6.0,37003,M,4741900.0,101800.0,37
201600010133,16,7,10,915,1,2,1,1,3.0,37003,M,,,37
201600010134,16,8,4,1515,1,1,1,1,3.0,37185,M,0.0,0.0,37
201600010135,16,9,9,1715,1,2,1,1,6.0,37003,M,4741900.0,97000.0,37
201600010136,16,9,22,600,5,1,1,1,3.0,37003,M,4742600.0,100499.0,37
201600010137,16,9,8,1730,1,2,1,1,6.0,37003,M,0.0,0.0,37
201600010138,16,10,4,1655,1,1,1,1,6.0,37161,M,4745266.0,108869.0,37
201600010139,16,10,20,1300,1,1,2,8,3.0,37131,M,4747083.0,102892.0,37
201600010140,16,10,22,1610,1,2,1,1,6.0,37003,M,4741182.0,97937.0,37
201600010141,16,10,28,1000,1,1,1,5,3.0,37003,M,4739449.0,99615.0,37
201600010142,16,11,5,1815,5,2,3,2,7.0,37230,M,4746666.0,99445.0,37
201600010143,16,11,14,1650,1,1,1,1,3.0,37163,M,4744239.0,95437.0,37
201600010144,16,11,14,1755,2,1,2,1,3.0,37131,M,4747078.0,102891.0,37
201600010145,16,12,1,1645,1,2,1,1,1.0,37003,M,4740184.0,98048.0,37
201600010146,16,11,20,515,3,1,1,2,1.0,37043,M,4746208.0,108197.0,37
201600010147,16,6,13,815,1,2,1,8,5.0,37009,M,4753100.0,99300.0,37
201600010148,16,8,25,1745,1,2,1,1,1.0,37243,M,0.0,0.0,37
201600010149,16,1,1,15,3,2,1,8,6.0,37217,M,0.0,0.0,37
201600010150,16,4,7,1445,1,1,1,1,7.0,37055,M,0.0,0.0,37
201600010151,16,6,24,930,1,1,2,1,3.0,37109,M,4742700.0,56800.0,37
201600010152,16,7,8,1700,1,1,1,1,6.0,37002,M,0.0,0.0,37
201600010153,16,7,14,900,1,1,1,1,6.0,37139,M,0.0,0.0,37
201600010154,16,7,22,1945,1,1,1,1,6.0,37081,M,4744400.0,34500.0,37
201600010155,16,8,14,600,2,1,1,1,7.0,37002,M,4744200.0,42700.0,37
201600010156,16,9,24,1045,1,1,1,1,5.0,37109,M,0.0,0.0,37
201600010157,16,1,15,2215,3,1,2,1,1.0,37245,M,4751300.0,59500.0,37
201600010158,16,6,26,1930,1,1,1,1,6.0,37170,M,4763100.0,57600.0,37
201600010159,16,9,15,1000,1,1,1,1,1.0,37059,M,4746300.0,58000.0,37
201600010160,16,5,29,1830,2,1,1,2,1.0,37169,M,4761000.0,92100.0,37
201600010161,16,6,17,1045,1,1,1,1,2.0,37153,M,0.0,0.0,37
201600010162,16,7,10,300,3,2,1,1,6.0,37009,M,0.0,0.0,37
201600010163,16,9,15,1815,1,2,1,1,3.0,37281,M,4741500.0,79900.0,37
201600010164,16,9,24,130,3,1,1,1,7.0,37240,M,4760600.0,94800.0,37
201600010165,16,1,6,2015,3,1,1,1,6.0,37072,M,0.0,0.0,37
201600010166,16,2,3,1715,1,1,1,1,5.0,37242,M,4723100.0,11800.0,37
201600010167,16,2,5,1315,1,1,1,1,1.0,37058,M,0.0,0.0,37
201600010168,16,2,29,230,3,1,1,1,6.0,37031,M,4731600.0,19200.0,37
201600010169,16,4,8,1515,1,1,1,1,2.0,37120,M,0.0,0.0,37
201600010170,16,4,24,1015,1,2,1,1,6.0,37248,M,0.0,0.0,37
201600010171,16,5,26,1515,1,1,1,1,1.0,37072,M,0.0,0.0,37
201600010172,16,6,5,1545,1,2,1,1,1.0,37210,M,4722400.0,32000.0,37
201600010173,16,6,19,1200,1,1,2,1,1.0,37072,M,0.0,0.0,37
201600010174,16,9,2,1130,1,1,1,1,3.0,37082,M,0.0,0.0,37
201600010175,16,9,14,930,1,2,1,1,1.0,37072,M,4717200.0,23400.0,37
201600010176,16,9,21,1745,1,2,1,1,2.0,37022,M,0.0,0.0,37
201600010177,16,1,26,800,1,1,1,1,7.0,37077,M,0.0,0.0,37
201600010178,16,3,24,1315,1,1,1,1,5.0,37123,M,4732200.0,38500.0,37
201600010179,16,5,5,1730,1,2,1,1,7.0,37123,M,0.0,0.0,37
201600010180,16,5,10,245,3,1,1,1,6.0,37232,M,4729000.0,30200.0,37
201600010181,16,6,2,715,1,1,1,2,1.0,37232,M,4729000.0,32500.0,37
201600010182,16,6,19,2245,3,1,1,1,6.0,37123,M,4738100.0,36200.0,37
201600010183,16,6,22,1230,1,1,1,3,1.0,37014,M,0.0,0.0,37
201600010184,16,1,10,1130,1,1,1,3,6.0,37051,M,0.0,0.0,37
201600010185,16,2,4,1945,3,1,3,2,1.0,37278,M,0.0,0.0,37
201600010186,16,2,25,1745,1,1,1,1,1.0,37256,M,0.0,0.0,37
201600010187,16,4,27,1215,1,1,1,1,3.0,37196,M,0.0,0.0,37
201600010188,16,5,5,2145,3,1,1,1,1.0,37226,M,0.0,0.0,37
201600010189,16,6,9,845,1,1,1,7,1.0,37226,M,0.0,0.0,37
201600010190,16,8,15,115,3,2,1,1,6.0,37105,M,0.0,0.0,37
201600010191,16,8,24,815,1,1,1,1,1.0,37178,M,0.0,0.0,37
201600010192,16,8,30,2230,3,1,1,1,6.0,37226,M,0.0,0.0,37
201600010193,16,9,7,1315,1,1,1,1,7.0,37216,M,0.0,0.0,37
201600010194,16,2,18,1630,1,1,1,2,1.0,37192,M,4723500.0,90300.0,37
201600010195,16,2,21,2045,3,1,1,1,7.0,37127,M,4723300.0,109300.0,37
201600010196,16,5,28,1015,1,1,1,1,5.0,37016,M,4720000.0,92200.0,37
201600010197,16,7,19,1100,1,1,1,1,3.0,37108,M,0.0,0.0,37
201600010198,16,7,25,1600,1,1,1,1,1.0,37053,M,0.0,0.0,37
201600010199,16,7,26,1930,1,1,1,1,3.0,37053,M,0.0,0.0,37
201600010200,16,8,13,930,1,1,2,1,3.0,37157,M,4718600.0,132400.0,37
201600010201,16,10,2,1400,1,1,1,1,7.0,37049,M,4717500.0,97800.0,37
201600010202,16,1,10,1715,2,1,1,3,7.0,37028,M,4678700.0,99800.0,37
201600010203,16,4,12,1115,1,1,1,1,3.0,37001,M,4694500.0,71100.0,37
201600010204,16,5,9,1200,1,1,1,1,6.0,37094,M,4703300.0,76500.0,37
201600010205,16,5,29,1645,2,2,1,1,6.0,37115,M,0.0,0.0,37
201600010206,16,5,27,1900,1,2,1,1,3.0,37250,M,0.0,0.0,37
201600010207,16,6,24,530,2,1,1,1,1.0,37085,M,4725100.0,88600.0,37
201600010208,16,7,18,2000,1,1,9,7,7.0,37250,M,4726100.0,71800.0,37
201600010209,16,7,19,2000,1,1,1,1,1.0,37211,M,0.0,0.0,37
201600010210,16,7,22,2015,1,2,1,1,6.0,37006,M,4728500.0,58300.0,37
201600010211,16,8,28,1015,1,2,9,1,3.0,37159,M,4728200.0,62400.0,37
201600010212,16,10,3,1600,1,1,1,1,1.0,37104,M,0.0,0.0,37
201600010213,16,9,14,930,1,1,1,1,5.0,41067,M,4751930.0,143915.0,41
201600010214,16,1,21,1430,1,2,1,7,1.0,41252,M,4766235.0,144214.0,41
201600010215,16,2,26,1745,1,1,1,1,3.0,41252,M,4767719.0,145773.0,41
201600010216,16,4,27,2045,2,1,1,1,6.0,41136,M,4773217.0,150034.0,41
201600010217,16,4,28,1045,1,1,2,1,3.0,41008,M,4773055.0,155581.0,41
201600010218,16,6,8,1645,1,1,1,1,7.0,41071,M,4767491.0,162765.0,41
201600010219,16,8,1,945,1,1,1,1,7.0,41136,M,4771804.0,148423.0,41
201600010220,16,8,6,1300,1,2,2,1,3.0,41136,M,4770386.0,151536.0,41
201600010221,16,11,4,2230,5,2,1,2,6.0,41008,M,4772549.0,157083.0,41
201600010222,16,12,12,745,5,2,2,2,6.0,41288,M,4766250.0,137190.0,41
201600010223,16,12,18,545,5,2,1,5,6.0,41220,M,4768811.0,156394.0,41
201600010224,16,4,16,1500,1,1,1,2,1.0,33070,M,0.0,0.0,33
201600010225,16,8,6,1945,1,2,2,1,6.0,33214,M,4500311.0,-118699.0,33
201600010226,16,10,9,1700,1,1,1,1,2.0,33528,M,0.0,0.0,33
201600010227,16,10,18,1745,1,1,1,1,1.0,33097,M,0.0,0.0,33
201600010228,16,1,4,1915,3,1,1,3,6.0,29002,M,4788147.0,-348384.0,29
201600010229,16,1,15,845,2,1,1,4,1.0,29234,M,4788055.0,-348867.0,29
201600010230,16,2,17,130,3,1,1,1,6.0,29234,M,4783537.0,-350182.0,29
201600010231,16,2,27,145,3,1,1,2,1.0,29234,M,4784982.0,-351375.0,29
201600010232,16,3,30,345,3,1,1,1,7.0,29234,M,4784961.0,-351105.0,29
201600010233,16,3,29,1615,1,2,1,1,1.0,29233,M,4787649.0,-356073.0,29
201600010234,16,7,17,100,3,1,1,1,6.0,29233,M,4786275.0,-355224.0,29
201600010235,16,8,25,1815,1,1,1,1,5.0,29002,M,4789615.0,-344926.0,29
201600010236,16,9,11,945,1,1,1,1,7.0,29233,M,4787776.0,-354420.0,29
201600010237,16,9,20,1745,1,1,9,1,3.0,29234,M,4785533.0,-351350.0,29
201600010238,16,10,5,815,2,1,1,8,5.0,29297,M,4788079.0,-353773.0,29
201600010239,16,11,6,245,3,1,1,1,6.0,29234,M,4786303.0,-350656.0,29
201600010240,16,12,15,900,1,1,1,8,6.0,29230,M,0.0,0.0,29
201600010241,16,12,26,1700,2,2,7,1,6.0,29233,M,4786982.0,-357516.0,29
201600010242,16,3,15,1900,1,1,1,1,7.0,29236,M,4784329.0,-369363.0,29
201600010243,16,4,9,1415,1,1,1,1,6.0,29150,M,4782982.0,-361584.0,29
201600010244,16,4,28,1000,1,1,6,1,1.0,29031,M,4780075.0,-355529.0,29
201600010245,16,5,6,1700,1,1,1,1,7.0,29031,M,4779721.0,-354281.0,29
201600010246,16,10,17,1745,1,1,1,1,4.0,29300,M,4787734.0,-365344.0,29
201600010247,16,11,18,1215,1,1,1,1,6.0,29236,M,0.0,0.0,29
201600010248,16,11,21,1545,1,1,1,7,1.0,29150,M,4781840.0,-361914.0,29
201600010249,16,1,4,1330,1,1,1,2,7.0,29281,M,4800630.0,-382268.0,29
201600010250,16,1,12,1900,3,1,1,8,1.0,29241,M,4797617.0,-383286.0,29
201600010251,16,1,22,1815,3,1,1,2,2.0,29146,M,4790732.0,0.0,29
201600010252,16,6,11,445,3,1,1,1,6.0,29146,M,4789765.0,-380369.0,29
201600010253,16,7,1,1515,1,1,1,1,7.0,29004,M,4795232.0,-372175.0,29
201600010254,16,8,1,1400,1,1,1,1,7.0,29274,M,4799851.0,-370246.0,29
201600010255,16,8,16,1900,1,2,1,7,6.0,29241,M,4796106.0,-381319.0,29
201600010256,16,10,12,1500,1,1,1,1,1.0,29049,M,4798277.0,-387101.0,29
201600010257,16,11,24,1830,3,1,1,1,2.0,29004,M,4797019.0,-370977.0,29
201600010258,16,12,2,630,4,2,1,9,1.0,29241,M,4795486.0,-381093.0,29
201600010259,16,2,17,1300,1,2,1,1,1.0,13088,M,4336385.0,523896.0,13
201600010260,16,12,10,1500,1,1,1,1,1.0,13088,M,4336157.0,527109.0,13
201600010261,16,5,6,600,2,2,1,1,7.0,95028,M,4905770.0,234540.0,95
201600010262,16,6,6,2355,5,2,1,1,6.0,44020,M,4717627.0,-157910.0,44
201600010263,16,6,20,2045,1,2,1,2,6.0,44020,M,4717722.0,-160340.0,44
201600010264,16,8,23,2345,5,1,6,1,2.0,44020,M,4718649.0,-160118.0,44
201600010265,16,11,3,1445,1,2,1,1,6.0,44020,M,4717474.0,-156920.0,44
201600010266,16,11,7,1550,1,2,6,7,3.0,44020,M,4717402.0,-160997.0,44
201600010267,16,4,11,1515,1,2,6,1,2.0,33199,M,0.0,0.0,33
201600010268,16,6,20,1000,1,2,6,1,1.0,33199,M,0.0,0.0,33
201600010269,16,6,30,1845,1,2,1,1,7.0,33199,M,4463126.0,-110490.0,33
201600010270,16,8,8,245,5,2,1,1,6.0,33199,M,4463953.0,-111789.0,33
201600010271,16,9,10,2145,5,2,1,1,1.0,33199,M,4463616.0,-107613.0,33
201600010272,16,10,15,1300,1,2,1,1,1.0,33199,M,4463740.0,-106747.0,33
201600010273,16,12,27,1800,2,2,1,1,3.0,33199,M,4463637.0,-107210.0,33
201600010274,16,1,5,1445,1,1,1,2,1.0,87205,M,4573010.0,126599.0,87
201600010275,16,3,25,1945,3,1,1,2,1.0,87205,M,4573030.0,126653.0,87
201600010276,16,6,23,700,2,1,1,1,6.0,87019,M,4574640.0,130781.0,87
201600010277,16,7,16,915,1,1,1,1,2.0,87169,M,4568700.0,122800.0,87
201600010278,16,12,21,1745,3,1,1,1,5.0,87148,M,4571560.0,138152.0,87
201600010279,16,1,6,1855,5,2,1,1,1.0,06155,M,4356659.0,707062.0,06
201600010280,16,1,15,1500,1,2,3,1,5.0,06004,M,,,06
201600010281,16,1,15,1700,2,2,1,1,3.0,06155,M,4356655.0,707067.0,06
201600010282,16,1,17,435,5,2,1,1,6.0,06155,M,4358761.0,705557.0,06
201600010283,16,1,24,1250,1,2,3,1,1.0,06004,M,4357343.0,708746.0,06
201600010284,16,2,1,1140,1,2,1,1,1.0,06004,M,4356986.0,711949.0,06
201600010285,16,2,9,30,5,2,1,1,6.0,06004,M,4360531.0,712336.0,06
201600010286,16,2,10,1500,1,2,3,1,3.0,06004,M,4357877.0,712260.0,06
201600010287,16,2,10,550,5,2,1,1,7.0,06155,M,4356960.0,707827.0,06
201600010288,16,2,19,2030,5,2,2,1,5.0,06004,M,4336464.0,707283.0,06
201600010289,16,2,23,1600,1,2,3,7,6.0,06004,M,4357334.0,710905.0,06
201600010290,16,3,8,1310,1,2,1,1,3.0,06004,M,4357955.0,711712.0,06
201600010291,16,3,8,1445,1,2,1,1,3.0,06004,M,4358512.0,710714.0,06
201600010292,16,3,10,845,1,2,1,1,6.0,06004,M,4357880.0,712257.0,06
201600010293,16,3,11,900,1,2,3,1,3.0,06004,M,4358058.0,711717.0,06
201600010294,16,3,14,825,1,2,4,1,2.0,06155,M,4357095.0,708206.0,06
201600010295,16,3,19,1246,1,2,1,1,3.0,06004,M,,,06
201600010296,16,3,20,1852,5,2,1,1,3.0,06004,M,4360428.0,712300.0,06
201600010297,16,3,21,1430,1,2,1,1,6.0,06004,M,4359562.0,710621.0,06
201600010298,16,3,29,1550,1,2,2,1,3.0,06004,M,4356252.0,713651.0,06
201600010299,16,3,29,1640,1,2,1,1,5.0,06004,M,4336116.0,704259.0,06
201600010300,16,3,31,755,1,1,2,1,3.0,06004,M,4358091.0,711494.0,06
201600010301,16,4,12,130,5,2,1,1,6.0,06004,M,4334073.0,708228.0,06
201600010302,16,4,12,2029,2,2,1,1,6.0,06155,M,4356594.0,707458.0,06
201600010303,16,4,12,1325,1,2,1,1,1.0,06004,M,4358091.0,711492.0,06
201600010304,16,4,18,1645,1,2,1,1,1.0,06004,M,4357917.0,708551.0,06
201600010305,16,4,20,1550,1,2,3,1,2.0,06155,M,4357224.0,708427.0,06
201600010306,16,4,20,1843,1,2,1,1,6.0,06004,M,4358520.0,711694.0,06
201600010307,16,5,5,730,1,1,1,1,5.0,06155,M,4357229.0,708438.0,06
201600010308,16,5,13,2122,5,2,9,1,3.0,06155,M,4334102.0,704369.0,06
201600010309,16,5,16,2038,1,2,1,1,3.0,06004,M,4336092.0,705114.0,06
201600010310,16,5,17,2048,5,2,2,1,3.0,06004,M,4334097.0,706389.0,06
201600010311,16,5,20,1428,1,2,1,1,6.0,06004,M,4357212.0,711548.0,06
201600010312,16,5,22,2333,4,2,1,1,6.0,06004,M,4336126.0,707318.0,06
201600010313,16,5,24,1323,1,2,2,1,6.0,06004,M,4360269.0,708782.0,06
201600010314,16,5,25,1300,1,2,1,1,3.0,06004,M,,,06
201600010315,16,5,26,1930,1,2,1,1,3.0,06004,M,4359800.0,710338.0,06
201600010316,16,5,28,1955,1,2,2,1,6.0,06004,M,4335419.0,706247.0,06
201600010317,16,6,4,615,2,2,1,1,6.0,06004,M,4360256.0,708714.0,06
201600010318,16,6,4,1600,1,2,2,2,3.0,06004,M,4361292.0,712452.0,06
201600010319,16,6,9,1930,1,2,1,3,1.0,06004,M,4360267.0,711549.0,06
201600010320,16,6,24,830,1,2,3,1,3.0,06004,M,4357355.0,710032.0,06
201600010321,16,6,25,2210,5,1,1,1,5.0,06004,M,4335477.0,707313.0,06
201600010322,16,7,13,845,1,2,1,1,6.0,06004,M,,,06
201600010323,16,7,13,2330,3,2,1,1,6.0,06004,M,4358393.0,712532.0,06
201600010324,16,7,13,2330,5,2,1,1,7.0,06004,M,4336251.0,707249.0,06
201600010325,16,7,17,1500,1,2,1,1,6.0,06155,M,4359347.0,705686.0,06
201600010326,16,7,17,1950,1,2,1,1,4.0,06004,M,4358485.0,711864.0,06
201600010327,16,7,20,948,1,2,1,1,6.0,06004,M,4360134.0,711277.0,06
201600010328,16,7,22,2047,2,1,1,8,7.0,06004,M,4336370.0,707350.0,06
201600010329,16,7,24,100,5,1,1,8,6.0,06004,M,,,06
201600010330,16,7,24,945,1,2,1,1,5.0,06004,M,4335588.0,705599.0,06
201600010331,16,7,24,1550,1,1,1,1,3.0,06004,M,4360321.0,706363.0,06
201600010332,16,7,27,2004,1,2,1,1,5.0,06004,M,4360730.0,712415.0,06
201600010333,16,7,30,333,5,2,1,1,7.0,06004,M,4335269.0,705325.0,06
201600010334,16,7,30,940,1,2,2,1,3.0,06004,M,4355490.0,713304.0,06
201600010335,16,7,30,2239,5,2,1,1,3.0,06004,M,,,06
201600010336,16,8,2,1750,1,2,1,1,6.0,06155,M,4358068.0,705544.0,06
201600010337,16,8,8,2353,5,2,3,1,3.0,06004,M,4334459.0,707137.0,06
201600010338,16,8,10,2141,5,2,3,1,3.0,06004,M,4334197.0,706153.0,06
201600010339,16,8,14,157,5,2,1,1,3.0,06004,M,4357319.0,711444.0,06
201600010340,16,8,20,2025,2,2,1,1,3.0,06004,M,4359151.0,711662.0,06
201600010341,16,8,21,1530,1,2,1,1,3.0,06004,M,4360291.0,708674.0,06
201600010342,16,8,22,1515,1,2,1,1,6.0,06004,M,,,06
201600010343,16,8,23,1308,1,1,1,1,6.0,06155,M,4355754.0,706261.0,06
201600010344,16,8,25,2120,5,1,1,1,3.0,06004,M,,,06
201600010345,16,9,1,2330,5,2,3,1,3.0,06004,M,4334244.0,705146.0,06
201600010346,16,9,3,1530,1,2,1,1,6.0,06004,M,4358779.0,712140.0,06
201600010347,16,9,3,1619,1,2,2,1,3.0,06155,M,4357690.0,705295.0,06
201600010348,16,9,4,625,5,2,1,1,6.0,06004,M,4358471.0,711430.0,06
201600010349,16,9,7,2330,5,1,1,1,6.0,06155,M,4355218.0,705784.0,06
201600010350,16,9,13,1400,1,2,1,1,2.0,06004,M,4357505.0,709414.0,06
201600010351,16,9,14,1110,1,2,1,1,6.0,06155,M,4357625.0,705676.0,06
201600010352,16,9,17,1145,1,2,2,1,3.0,06004,M,4360428.0,710641.0,06
201600010353,16,9,21,1830,1,2,1,8,6.0,06004,M,4360346.0,712283.0,06
201600010354,16,9,22,1800,2,2,1,1,6.0,06155,M,4356952.0,707631.0,06
201600010355,16,9,28,1315,1,1,1,1,1.0,06155,M,,,06
201600010356,16,9,29,1315,1,2,1,1,3.0,06004,M,,,06
201600010357,16,10,2,2130,5,1,1,1,5.0,06155,M,,,06
201600010358,16,10,8,1257,1,2,1,1,3.0,06004,M,4359052.0,710001.0,06
201600010359,16,10,8,2040,5,2,3,1,3.0,06004,M,4336411.0,707341.0,06
201600010360,16,10,11,841,1,1,1,3,1.0,06155,M,4355771.0,706270.0,06
201600010361,16,10,8,1050,1,2,1,1,3.0,06004,M,4357825.0,790334.0,06
201600010362,16,10,21,1430,1,2,1,1,6.0,06004,M,4357386.0,709087.0,06
201600010363,16,10,27,1910,5,2,1,1,6.0,06004,M,4361802.0,712882.0,06
201600010364,16,10,30,915,1,2,1,1,7.0,06155,M,4357596.0,704978.0,06
201600010365,16,11,8,1035,1,2,1,1,6.0,06004,M,,,06
201600010366,16,11,14,1530,1,2,1,1,6.0,06004,M,4360009.0,711870.0,06
201600010367,16,11,22,1111,1,2,1,3,4.0,06004,M,4360338.0,712474.0,06
201600010368,16,11,23,730,2,1,1,2,1.0,06155,M,4355823.0,706324.0,06
201600010369,16,11,28,1505,1,2,1,1,3.0,06155,M,4359035.0,705823.0,06
201600010370,16,11,30,1152,1,2,9,1,6.0,06004,M,4359618.0,709052.0,06
201600010371,16,12,4,1300,1,2,1,1,3.0,06004,M,4359209.0,710366.0,06
201600010372,16,12,6,1727,5,1,1,1,6.0,06004,M,4359771.0,711355.0,06
201600010373,16,12,8,1030,1,2,3,1,3.0,06004,M,4358602.0,711275.0,06
201600010374,16,12,8,1810,5,2,7,1,1.0,06004,M,4358436.0,711518.0,06
201600010375,16,12,27,1210,1,2,6,1,6.0,06004,M,4360775.0,711144.0,06
201600010376,16,1,2,2150,5,2,1,1,3.0,06027,M,,,06
201600010377,16,1,6,940,1,2,1,1,6.0,06027,M,,,06
201600010378,16,1,9,1715,1,2,1,1,6.0,06027,M,4365745.0,714741.0,06
201600010379,16,1,10,950,1,2,3,1,6.0,06123,M,4366557.0,718678.0,06
201600010380,16,1,12,1325,1,2,1,1,4.0,06027,M,4365668.0,715627.0,06
201600010381,16,1,14,1825,5,2,3,1,3.0,06027,M,4365807.0,714301.0,06
201600010382,16,1,25,1600,1,2,1,1,6.0,06027,M,4366150.0,713018.0,06
201600010383,16,1,26,855,1,2,3,1,3.0,06027,M,4365696.0,714562.0,06
201600010384,16,1,27,1525,1,2,1,1,2.0,06123,M,,,06
201600010385,16,1,29,1030,1,2,1,1,6.0,06027,M,,,06
201600010386,16,1,29,1500,1,2,1,1,2.0,06123,M,,,06
201600010387,16,2,6,520,5,2,1,1,1.0,06123,M,,,06
201600010388,16,2,1,1600,1,2,1,1,1.0,06027,M,4367109.0,714717.0,06
201600010389,16,2,5,1430,1,2,1,1,6.0,06027,M,,,06
201600010390,16,2,5,1735,1,2,1,1,3.0,06027,M,4364751.0,714834.0,06
201600010391,16,2,18,1330,1,2,3,1,6.0,06123,M,4366044.0,718301.0,06
201600010392,16,2,11,800,1,2,1,1,6.0,06027,M,4366744.0,715212.0,06
201600010393,16,2,21,1630,1,2,1,1,2.0,06027,M,4365841.0,716113.0,06
201600010394,16,2,23,1910,1,2,1,1,6.0,06027,M,,,06
201600010395,16,2,24,1000,1,2,1,1,3.0,06027,M,4366650.0,716892.0,06
201600010396,16,3,4,1330,1,2,3,1,2.0,06123,M,4366881.0,718937.0,06
201600010397,16,3,7,850,1,2,1,1,6.0,06027,M,,,06
201600010398,16,3,8,1200,1,2,3,1,3.0,06027,M,,,06
201600010399,16,3,11,825,1,2,6,1,6.0,06027,M,,,06
201600010400,16,3,15,1805,1,2,1,1,4.0,06123,M,,,06
201600010401,16,3,18,1845,1,2,6,1,3.0,06027,M,,,06
201600010402,16,3,22,850,1,2,3,1,6.0,06123,M,4366366.0,719379.0,06
201600010403,16,3,24,2020,5,2,3,1,3.0,06027,M,4365972.0,715978.0,06
201600010404,16,3,24,950,1,2,1,1,2.0,06123,M,,,06
201600010405,16,3,29,1000,1,2,1,1,6.0,06027,M,4365481.0,715013.0,06
201600010406,16,3,29,1740,1,2,1,1,6.0,06027,M,4367141.0,714883.0,06
201600010407,16,4,4,950,1,2,1,1,2.0,06027,M,4365919.0,716529.0,06
201600010408,16,4,4,1100,1,2,1,1,3.0,06027,M,4365930.0,713517.0,06
201600010409,16,4,9,335,5,2,1,1,7.0,06123,M,,,06
201600010410,16,4,13,1300,1,2,2,1,2.0,06027,M,4366072.0,717716.0,06
201600010411,16,4,13,1420,1,2,1,1,4.0,06123,M,4368358.0,718849.0,06
201600010412,16,4,14,1815,1,2,3,1,6.0,06027,M,4366610.0,717567.0,06
201600010413,16,4,19,1030,1,2,3,1,6.0,06027,M,,,06
201600010414,16,4,20,835,1,2,1,1,1.0,06027,M,4367098.0,715129.0,06
201600010415,16,4,21,1300,1,2,1,1,3.0,06123,M,4366721.0,718167.0,06
201600010416,16,4,23,1845,1,2,1,1,3.0,06027,M,4366735.0,716760.0,06
201600010417,16,4,24,2020,2,2,3,1,3.0,06123,M,4367393.0,718758.0,06
201600010418,16,4,30,1735,1,2,3,1,3.0,06027,M,,,06
201600010419,16,5,1,1040,1,2,1,1,6.0,06027,M,,,06
201600010420,16,5,4,1435,1,2,1,1,2.0,06027,M,,,06
201600010421,16,5,5,1945,1,2,1,1,6.0,06123,M,,,06
201600010422,16,5,14,800,1,2,1,1,6.0,06123,M,,,06
201600010423,16,5,26,1620,1,2,3,1,2.0,06123,M,,,06
201600010424,16,6,8,1010,1,2,3,1,3.0,06123,M,,,06
201600010425,16,6,10,1815,1,2,1,1,3.0,06027,M,,,06
201600010426,16,6,17,1920,1,2,1,1,6.0,06027,M,4366160.0,714988.0,06
201600010427,16,6,18,920,1,2,1,1,2.0,06123,M,4366049.0,718999.0,06
201600010428,16,6,18,1035,1,2,3,1,3.0,06123,M,4366162.0,719421.0,06
201600010429,16,6,18,1300,1,2,1,1,6.0,06123,M,4365648.0,718094.0,06
201600010430,16,6,18,400,5,2,1,1,6.0,06027,M,4365708.0,717292.0,06
201600010431,16,7,2,1815,1,2,1,1,3.0,06123,M,,,06
201600010432,16,5,28,1915,1,2,1,1,3.0,06123,M,,,06
201600010433,16,7,6,850,1,2,1,1,1.0,06027,M,4367994.0,715625.0,06
201600010434,16,7,6,1700,1,2,1,1,6.0,06027,M,,,06
201600010435,16,7,13,2330,5,2,1,1,3.0,06027,M,4365380.0,714831.0,06
201600010436,16,7,14,1720,1,2,2,1,6.0,06027,M,,,06
201600010437,16,7,14,2135,2,2,2,1,3.0,06027,M,,,06
201600010438,16,7,16,35,5,2,1,1,1.0,06027,M,,,06
201600010439,16,8,5,2022,2,2,4,1,3.0,06027,M,,,06
201600010440,16,7,26,1200,1,2,3,1,3.0,06123,M,,,06
201600010441,16,8,12,1715,1,2,6,1,3.0,06027,M,4366284.0,713190.0,06
201600010442,16,8,15,1240,1,2,6,1,3.0,06027,M,4339460.0,707550.0,06
201600010443,16,8,16,1400,1,2,1,1,2.0,06123,M,,,06
201600010444,16,8,20,1505,1,2,1,1,6.0,06123,M,4340030.0,711350.0,06
201600010445,16,8,22,1930,1,2,1,1,3.0,06123,M,,,06
201600010446,16,9,9,820,1,2,3,1,3.0,06027,M,4366188.0,717277.0,06
201600010447,16,8,23,230,5,2,1,1,3.0,06027,M,4366051.0,717651.0,06