Num_Acc,an,mois,jour,hrmn,lum,agg,int,atm,col,com,gps,lat,long,dep
201600010448,16,9,19,1850,1,2,3,1,3.0,06123,M,4370328.0,718459.0,06
201600010449,16,9,20,2230,5,2,1,1,2.0,06123,M,,,06
201600010450,16,9,22,1030,1,2,2,1,6.0,06027,M,4366384.0,715094.0,06
201600010451,16,8,25,1530,1,2,1,1,3.0,06123,M,4939360.0,711170.0,06
201600010452,16,9,30,1610,1,2,1,1,3.0,06123,M,4341420.0,711050.0,06
201600010453,16,10,1,2000,5,2,1,1,3.0,06027,M,4339470.0,709170.0,06
201600010454,16,10,3,1050,1,2,1,1,2.0,06123,M,4340260.0,711240.0,06
201600010455,16,10,3,1806,1,2,3,1,5.0,06123,M,4340280.0,711060.0,06
201600010456,16,10,7,1015,1,2,1,1,7.0,06123,M,,,06
201600010457,16,10,7,1410,1,2,2,1,3.0,06027,M,4339580.0,709040.0,06
201600010458,16,10,8,1320,1,2,1,1,3.0,06027,M,4366372.0,715254.0,06
201600010459,16,10,8,1405,1,2,1,1,2.0,06027,M,,,06
201600010460,16,10,13,1150,1,2,1,3,2.0,06123,M,4340190.0,711360.0,06
201600010461,16,10,13,1315,1,2,3,3,6.0,06027,M,4339540.0,707260.0,06
201600010462,16,10,15,1432,1,2,6,1,3.0,06123,M,4365885.0,719030.0,06
201600010463,16,10,18,1545,1,2,1,1,3.0,06123,M,4365910.0,719118.0,06
201600010464,16,10,22,1535,1,2,1,1,6.0,06123,M,4339430.0,711430.0,06
201600010465,16,10,24,1158,1,1,1,1,6.0,06027,M,4366300.0,715399.0,06
201600010466,16,10,26,1445,1,2,1,1,3.0,06027,M,4365807.0,716012.0,06
201600010467,16,10,27,1515,1,2,9,1,6.0,06123,M,,,06
201600010468,16,10,29,1255,1,2,1,1,3.0,06027,M,4339580.0,710310.0,06
201600010469,16,10,30,1145,1,1,1,1,6.0,06027,M,4365858.0,716733.0,06
201600010470,16,11,1,1845,5,2,1,1,3.0,06027,M,4339240.0,708450.0,06
201600010471,16,11,4,2139,5,2,1,2,3.0,06123,M,,,06
201600010472,16,11,15,1020,1,2,1,1,3.0,06123,M,4367917.0,718831.0,06
201600010473,16,11,16,945,1,2,1,1,3.0,06027,M,4339340.0,708440.0,06
201600010474,16,11,16,1020,1,2,1,1,6.0,06123,M,,,06
201600010475,16,11,17,1150,1,2,1,1,2.0,06123,M,4341080.0,711160.0,06
201600010476,16,11,20,1205,1,2,1,1,3.0,06027,M,,,06
201600010477,16,11,21,1405,1,1,1,2,1.0,06027,M,4369548.0,714902.0,06
201600010478,16,11,21,1920,5,2,1,2,3.0,06027,M,,,06
201600010479,16,11,28,1640,1,2,3,1,3.0,06027,M,4339300.0,708290.0,06
201600010480,16,12,1,2000,5,2,1,1,6.0,06123,M,4366466.0,719356.0,06
201600010481,16,12,5,928,1,1,1,1,5.0,06123,M,4368591.0,718752.0,06
201600010482,16,12,15,650,5,2,2,1,1.0,06027,M,4366552.0,717027.0,06
201600010483,16,12,15,844,1,2,3,1,1.0,06027,M,4366076.0,714774.0,06
201600010484,16,12,16,1800,5,2,1,1,6.0,06123,M,4366181.0,719356.0,06
201600010485,16,12,16,2229,5,2,1,1,1.0,06123,M,,,06
201600010486,16,12,18,1725,5,2,1,1,1.0,06027,M,,,06
201600010487,16,12,19,1300,1,2,1,2,6.0,06027,M,,,06
201600010488,16,12,19,1720,5,2,1,2,6.0,06027,M,,,06
201600010489,16,12,21,645,1,2,1,8,2.0,06123,M,,,06
201600010490,16,12,21,1330,1,2,1,1,2.0,06123,M,4366248.0,719514.0,06
201600010491,16,12,16,1610,1,2,9,1,6.0,06027,M,,,06
201600010492,16,12,28,1625,1,2,1,1,1.0,06027,M,4366374.0,717453.0,06
201600010493,16,1,8,745,1,2,1,1,6.0,06030,M,4357485.0,698732.0,06
201600010494,16,1,12,945,1,2,1,1,7.0,06029,M,4354933.0,702651.0,06
201600010495,16,1,12,1640,1,2,1,1,6.0,06030,M,,,06
201600010496,16,1,15,810,1,2,1,1,3.0,06029,M,,,06
201600010497,16,1,15,916,1,2,1,1,3.0,06029,M,4355786.0,702611.0,06
201600010498,16,1,16,1514,1,2,1,1,1.0,06030,M,,,06
201600010499,16,1,21,1445,1,2,1,1,1.0,06029,M,4355454.0,701609.0,06
201600010500,16,1,27,715,2,2,1,1,6.0,06029,M,4354944.0,697416.0,06
201600010501,16,1,30,1224,1,2,1,1,3.0,06029,M,,,06
201600010502,16,2,4,1541,1,2,1,1,2.0,06029,M,,,06
201600010503,16,2,11,1742,1,2,1,1,1.0,06030,M,,,06
201600010504,16,2,20,854,1,1,1,1,6.0,06030,M,4333560.0,701000.0,06
201600010505,16,3,1,1825,5,2,1,1,6.0,06030,M,4358008.0,700942.0,06
201600010506,16,3,2,1200,1,2,1,1,6.0,06029,M,4333560.0,701000.0,06
201600010507,16,3,8,1120,1,2,1,1,6.0,06030,M,4334080.0,700190.0,06
201600010508,16,3,14,805,1,2,1,1,3.0,06029,M,4356198.0,701755.0,06
201600010509,16,3,19,1652,1,2,1,1,1.0,06029,M,,,06
201600010510,16,3,20,1950,5,2,1,1,3.0,06029,M,4333100.0,700240.0,06
201600010511,16,3,22,755,1,2,1,1,6.0,06029,M,4355277.0,697666.0,06
201600010512,16,3,22,1740,1,2,1,1,7.0,06030,M,4334492.0,700401.0,06
201600010513,16,3,25,1203,1,2,1,1,3.0,06029,M,4355854.0,702204.0,06
201600010514,16,3,30,1015,1,2,1,1,1.0,06030,M,4356645.0,701650.0,06
201600010515,16,4,2,1007,1,2,1,1,3.0,06029,M,4354902.0,700445.0,06
201600010516,16,4,8,1537,1,2,1,1,2.0,06029,M,4354972.0,696758.0,06
201600010517,16,4,11,1508,1,2,1,1,6.0,06030,M,4334329.0,701031.0,06
201600010518,16,4,13,1149,1,2,1,1,6.0,06029,M,4355048.0,699254.0,06
201600010519,16,4,14,1445,1,2,1,1,4.0,06030,M,4334101.0,700590.0,06
201600010520,16,4,19,720,1,2,1,1,3.0,06029,M,4354843.0,700944.0,06
201600010521,16,4,21,1316,1,2,1,1,1.0,06029,M,4355843.0,696641.0,06
201600010522,16,4,22,1153,1,2,1,1,7.0,06029,M,4355148.0,701465.0,06
201600010523,16,4,22,1520,1,2,1,1,3.0,06029,M,,,06
201600010524,16,4,24,1940,1,2,1,1,6.0,06029,M,4355455.0,695956.0,06
201600010525,16,4,12,1700,1,2,1,1,6.0,06029,M,4333097.0,701453.0,06
201600010526,16,4,27,903,1,2,1,1,6.0,06029,M,,,06
201600010527,16,4,29,1620,1,2,1,1,5.0,06030,M,4356828.0,701192.0,06
201600010528,16,4,29,1650,1,2,1,1,6.0,06029,M,,,06
201600010529,16,5,2,1545,1,2,1,1,2.0,06030,M,,,06
201600010530,16,5,7,1152,1,2,1,1,3.0,06029,M,4355887.0,703041.0,06
201600010531,16,5,10,900,1,2,1,1,2.0,06030,M,,,06
201600010532,16,5,12,1348,1,2,1,1,3.0,06029,M,4355275.0,701084.0,06
201600010533,16,5,14,1554,1,2,1,1,3.0,06030,M,4357415.0,699931.0,06
201600010534,16,5,14,1651,1,2,1,1,3.0,06029,M,4355049.0,699365.0,06
201600010535,16,5,16,650,1,2,1,1,6.0,06030,M,4356984.0,701633.0,06
201600010536,16,5,18,2045,2,2,1,1,3.0,06029,M,4356740.0,696758.0,06
201600010537,16,5,19,1920,1,2,1,1,6.0,06029,M,4356445.0,700233.0,06
201600010538,16,5,17,920,1,2,1,1,3.0,06029,M,4356725.0,696708.0,06
201600010539,16,5,21,1120,1,2,1,1,7.0,06030,M,4356275.0,701670.0,06
201600010540,16,5,21,1529,1,2,1,1,3.0,06030,M,4334352.0,659500.0,06
201600010541,16,5,21,1736,1,2,1,1,6.0,06029,M,,,06
201600010542,16,5,21,1800,1,2,1,1,6.0,06029,M,,,06
201600010543,16,5,21,1815,1,2,1,1,6.0,06030,M,,,06
201600010544,16,5,22,1425,1,2,1,1,6.0,06030,M,,,06
201600010545,16,5,23,900,1,1,1,1,6.0,06029,M,,,06
201600010546,16,5,30,932,1,2,1,1,6.0,06029,M,,,06
201600010547,16,6,2,1835,1,1,1,1,6.0,06029,M,,,06
201600010548,16,6,6,1450,1,2,1,1,3.0,06029,M,4354952.0,697858.0,06
201600010549,16,6,12,1950,1,1,1,1,6.0,06030,M,4357309.0,698407.0,06
201600010550,16,6,13,722,1,2,1,1,3.0,06029,M,4333013.0,700119.0,06
201600010551,16,6,14,623,1,2,1,1,6.0,06029,M,,,06
201600010552,16,6,25,1348,1,2,1,1,2.0,06030,M,,,06
201600010553,16,6,29,1425,1,2,1,1,6.0,06029,M,4353998.0,703533.0,06
201600010554,16,7,8,1728,1,2,1,1,1.0,06029,M,4355961.0,697081.0,06
201600010555,16,7,10,1521,1,2,1,1,6.0,06029,M,4354899.0,700501.0,06
201600010556,16,7,20,1650,1,2,1,7,3.0,06029,M,4332510.0,703131.0,06
201600010557,16,7,23,2145,5,2,1,2,5.0,06029,M,,,06
201600010558,16,7,27,934,1,2,1,1,2.0,06029,M,,,06
201600010559,16,8,5,1348,1,1,1,1,3.0,06030,M,4357070.0,701891.0,06
201600010560,16,8,5,1932,1,2,1,1,6.0,06030,M,4357177.0,700129.0,06
201600010561,16,8,5,2340,5,2,1,1,1.0,06029,M,4355073.0,700131.0,06
201600010562,16,8,8,1610,1,2,1,1,3.0,06029,M,4355344.0,700513.0,06
201600010563,16,8,9,1840,1,2,1,1,3.0,06029,M,4354965.0,699374.0,06
201600010564,16,8,10,1900,1,2,1,1,6.0,06029,M,4355081.0,697873.0,06
201600010565,16,8,11,1057,1,2,1,7,6.0,06029,M,4355044.0,702275.0,06
201600010566,16,8,12,1129,1,2,1,1,6.0,06029,M,4354969.0,697414.0,06
201600010567,16,8,15,2335,5,2,1,1,6.0,06029,M,4355081.0,702063.0,06
201600010568,16,8,19,2200,5,2,1,1,3.0,06029,M,,,06
201600010569,16,8,18,1830,1,2,1,1,2.0,06029,M,,,06
201600010570,16,8,24,1740,1,2,1,1,6.0,06029,M,,,06
201600010571,16,9,2,1000,1,2,1,1,1.0,06029,M,4333545.0,700237.0,06
201600010572,16,9,3,30,5,2,1,1,3.0,06029,M,4354452.0,696821.0,06
201600010573,16,9,10,2130,5,2,1,1,3.0,06030,M,4356770.0,701642.0,06
201600010574,16,9,10,1730,1,2,1,1,6.0,06029,M,4354824.0,704077.0,06
201600010575,16,9,9,1226,1,2,1,1,6.0,06029,M,4355425.0,701703.0,06
201600010576,16,9,16,1720,1,2,1,1,6.0,06029,M,4355147.0,696231.0,06
201600010577,16,9,20,1509,1,2,1,1,3.0,06029,M,4335491.0,699744.0,06
201600010578,16,9,23,40,5,2,1,1,6.0,06029,M,,,06
201600010579,16,9,25,114,5,2,1,1,6.0,06029,M,4355147.0,696231.0,06
201600010580,16,9,26,1725,1,1,1,1,1.0,06029,M,4354371.0,696585.0,06
201600010581,16,9,20,2156,5,2,1,1,6.0,06029,M,4355072.0,701232.0,06
201600010582,16,9,30,1353,1,2,1,1,6.0,06030,M,4357540.0,702226.0,06
201600010583,16,10,4,1837,1,2,1,1,3.0,06029,M,4356288.0,700546.0,06
201600010584,16,10,8,1353,1,1,1,1,1.0,06029,M,4355655.0,700697.0,06
201600010585,16,10,3,1345,1,2,1,1,6.0,06029,M,4355872.0,702190.0,06
201600010586,16,10,6,2000,5,2,1,1,3.0,06029,M,4355142.0,696862.0,06
201600010587,16,10,10,1110,1,2,1,1,1.0,06029,M,4354283.0,703493.0,06
201600010588,16,10,12,1258,1,2,1,1,6.0,06029,M,4354989.0,697035.0,06
201600010589,16,10,12,1910,1,2,1,1,6.0,06030,M,4354701.0,700865.0,06
201600010590,16,10,13,1800,5,2,1,1,6.0,06029,M,4355053.0,699420.0,06
201600010591,16,10,14,736,1,2,1,1,6.0,06030,M,4356684.0,701653.0,06
201600010592,16,10,16,1145,1,2,1,1,6.0,06030,M,4356581.0,699694.0,06
201600010593,16,10,20,804,1,2,1,1,6.0,06029,M,4355771.0,702232.0,06
201600010594,16,10,24,400,5,2,1,1,6.0,06029,M,4355356.0,701510.0,06
201600010595,16,10,28,830,1,2,1,1,6.0,06029,M,4356123.0,696263.0,06
201600010596,16,10,30,1711,1,2,1,1,3.0,06029,M,4355074.0,700065.0,06
201600010597,16,11,1,1200,1,2,1,1,3.0,06029,M,4355270.0,700191.0,06
201600010598,16,11,1,1830,5,2,1,1,6.0,06029,M,4355560.0,696746.0,06
201600010599,16,11,3,1840,5,2,1,1,3.0,06029,M,4354734.0,704658.0,06
201600010600,16,11,8,1800,5,2,1,1,3.0,06029,M,4354795.0,696213.0,06
201600010601,16,11,6,837,1,2,1,1,3.0,06030,M,4357033.0,700322.0,06
201600010602,16,11,13,1650,1,2,1,1,6.0,06029,M,4357590.0,699731.0,06
201600010603,16,11,19,2250,5,2,1,1,2.0,06029,M,4355317.0,701266.0,06
201600010604,16,11,18,1334,1,2,1,1,6.0,06029,M,4355074.0,699895.0,06
201600010605,16,11,24,1750,3,1,1,3,6.0,06029,M,4355963.0,699035.0,06
201600010606,16,11,29,855,1,2,1,1,6.0,06030,M,4357062.0,701495.0,06
201600010607,16,12,1,2200,5,2,1,1,3.0,06030,M,4356978.0,699526.0,06
201600010608,16,12,2,1240,1,2,1,1,6.0,06029,M,4355226.0,701621.0,06
201600010609,16,12,3,1731,5,2,1,1,6.0,06030,M,4356704.0,698078.0,06
201600010610,16,12,8,835,1,2,1,1,6.0,06029,M,4355911.0,702833.0,06
201600010611,16,12,10,1650,1,2,1,1,1.0,06029,M,4355791.0,697736.0,06
201600010612,16,12,25,436,5,2,1,1,6.0,06029,M,4354014.0,695867.0,06
201600010613,16,12,27,1045,1,2,1,1,6.0,06029,M,4355159.0,697148.0,06
201600010614,16,12,28,1125,1,2,1,1,6.0,06029,M,,,06
201600010615,16,12,28,1700,2,2,1,1,3.0,06030,M,4356562.0,701981.0,06
201600010616,16,1,1,440,5,2,1,1,6.0,06069,M,4365187.0,694466.0,06
201600010617,16,1,4,815,1,2,1,1,1.0,06069,M,4364217.0,693167.0,06
201600010618,16,1,5,1800,5,2,1,1,3.0,06069,M,4363216.0,695730.0,06
201600010619,16,1,6,1825,2,2,1,1,3.0,06069,M,4364424.0,689901.0,06
201600010620,16,1,7,1335,1,2,1,1,6.0,06069,M,4364474.0,693966.0,06
201600010621,16,1,7,1535,1,2,1,1,6.0,06069,M,4365751.0,692205.0,06
201600010622,16,1,8,1220,1,2,6,1,3.0,06069,M,4365034.0,692231.0,06
201600010623,16,1,9,1410,1,2,1,8,6.0,06069,M,4365339.0,692368.0,06
201600010624,16,1,10,15,5,2,1,1,7.0,06069,M,4367311.0,694590.0,06
201600010625,16,1,10,340,5,2,1,1,7.0,06069,M,4363095.0,693093.0,06
201600010626,16,1,13,810,1,2,4,1,5.0,06069,M,4368161.0,696080.0,06
201600010627,16,1,19,1115,1,2,9,1,3.0,06069,M,4363863.0,697600.0,06
201600010628,16,1,22,1640,2,2,3,1,1.0,06069,M,4364597.0,691665.0,06
201600010629,16,1,23,1000,1,2,1,1,1.0,06069,M,4364500.0,690115.0,06
201600010630,16,1,23,2200,5,2,6,1,7.0,06069,M,0.0,0.0,06
201600010631,16,1,24,1245,1,2,1,1,2.0,06069,M,4364098.0,698407.0,06
201600010632,16,1,22,1740,1,2,4,1,1.0,06069,M,4363950.0,694945.0,06
201600010633,16,1,29,1430,1,2,1,1,3.0,06069,M,4365197.0,694455.0,06
201600010634,16,1,31,1710,1,1,1,1,6.0,06069,M,4364762.0,690162.0,06
201600010635,16,2,1,1020,1,1,6,1,3.0,06069,M,4368016.0,696754.0,06
201600010636,16,2,1,1805,5,2,1,1,2.0,06069,M,4364309.0,691295.0,06
201600010637,16,2,1,1940,5,2,1,1,6.0,06069,M,4364901.0,693166.0,06
201600010638,16,2,3,1625,1,2,1,1,6.0,06069,M,4366078.0,693087.0,06
201600010639,16,2,5,1400,1,2,3,1,7.0,06069,M,4364445.0,695437.0,06
201600010640,16,2,6,1615,1,2,3,1,3.0,06069,M,4365615.0,693516.0,06
201600010641,16,2,5,2342,5,2,1,1,3.0,06069,M,4365022.0,692195.0,06
201600010642,16,2,5,1315,1,2,1,1,3.0,06069,M,4365119.0,692730.0,06
201600010643,16,2,8,1300,1,2,1,1,2.0,06069,M,4363560.0,695156.0,06
201600010644,16,2,13,750,2,1,1,1,6.0,06069,M,4366665.0,688778.0,06
201600010645,16,2,13,750,1,1,1,1,1.0,06069,M,4364169.0,696880.0,06
201600010646,16,2,15,1845,2,2,1,1,7.0,06069,M,4364918.0,692366.0,06
201600010647,16,2,19,1630,1,2,1,1,6.0,06069,M,4364270.0,694219.0,06
201600010648,16,2,19,1735,2,2,3,1,3.0,06069,M,4365053.0,692141.0,06
201600010649,16,2,20,1530,1,2,1,1,2.0,06069,M,4364462.0,694068.0,06
201600010650,16,2,20,2330,5,1,1,1,7.0,06069,M,4363216.0,693143.0,06
201600010651,16,2,21,1830,5,2,1,1,5.0,06069,M,4364897.0,692427.0,06
201600010652,16,2,23,1020,1,2,1,1,7.0,06069,M,4365209.0,692196.0,06
201600010653,16,2,23,1615,1,2,6,1,6.0,06069,M,4329260.0,655148.0,06
201600010654,16,3,2,1655,1,2,1,1,7.0,06069,M,4364830.0,692666.0,06
201600010655,16,3,5,1754,1,2,1,1,7.0,06069,M,4365984.0,695552.0,06
201600010656,16,3,6,2343,5,2,1,1,6.0,06069,M,4365309.0,691432.0,06
201600010657,16,3,7,1320,1,2,3,1,3.0,06069,M,4365794.0,693763.0,06
201600010658,16,3,10,1130,1,1,1,1,7.0,06069,M,4364236.0,693533.0,06
201600010659,16,3,11,2015,5,2,3,1,5.0,06069,M,4365412.0,693060.0,06
201600010660,16,3,20,1730,1,2,1,1,6.0,06069,M,4365840.0,692192.0,06
201600010661,16,3,23,1500,1,1,1,1,7.0,06069,M,,,06
201600010662,16,3,25,1000,1,2,1,1,5.0,06069,M,4363833.0,695027.0,06
201600010663,16,3,27,1115,1,2,1,2,1.0,06069,M,4363059.0,691217.0,06
201600010664,16,3,30,1030,1,2,1,1,6.0,06069,M,,,06
201600010665,16,4,3,150,5,2,6,1,7.0,06069,M,4365384.0,694426.0,06
201600010666,16,4,4,700,1,2,1,1,6.0,06069,M,4364958.0,690988.0,06
201600010667,16,4,6,1536,1,1,1,1,2.0,06069,M,4362066.0,693041.0,06
201600010668,16,4,9,230,5,2,1,1,1.0,06069,M,4363789.0,693138.0,06
201600010669,16,4,18,750,1,2,1,1,3.0,06069,M,4365103.0,691958.0,06
201600010670,16,4,15,1245,1,2,1,1,7.0,06069,M,4364931.0,692362.0,06
201600010671,16,4,15,1415,1,2,1,1,2.0,06069,M,,,06
201600010672,16,4,18,1025,1,1,1,1,4.0,06069,M,,,06
201600010673,16,4,19,1350,1,2,1,1,2.0,06069,M,4364291.0,694608.0,06
201600010674,16,4,22,730,1,2,1,1,6.0,06069,M,4364152.0,691180.0,06
201600010675,16,4,22,910,1,2,1,1,3.0,06069,M,4365527.0,693813.0,06
201600010676,16,4,22,950,1,2,9,1,6.0,06069,M,4364522.0,694001.0,06
201600010677,16,4,22,1300,1,2,1,1,7.0,06069,M,4300000.0,600000.0,06
201600010678,16,4,25,1320,1,2,6,1,2.0,06069,M,4365377.0,692808.0,06
201600010679,16,4,26,1200,1,1,1,1,7.0,06069,M,4362399.0,692762.0,06
201600010680,16,4,26,1900,1,2,1,1,1.0,06069,M,4364097.0,690866.0,06
201600010681,16,4,28,1545,1,2,1,1,7.0,06069,M,4364189.0,692251.0,06
201600010682,16,4,29,2330,5,2,1,1,2.0,06069,M,4365543.0,691914.0,06
201600010683,16,5,3,1517,1,2,1,1,1.0,06069,M,4364900.0,693157.0,06
201600010684,16,5,3,1925,1,2,1,1,5.0,06069,M,4365744.0,692108.0,06
201600010685,16,5,4,1615,1,2,1,1,3.0,06069,M,4365428.0,693176.0,06
201600010686,16,5,6,620,2,2,1,1,7.0,06069,M,4364755.0,693410.0,06
201600010687,16,5,7,1800,1,2,1,1,6.0,06069,M,4365013.0,697080.0,06
201600010688,16,5,11,930,1,2,9,3,2.0,06069,M,4365000.0,691666.0,06
201600010689,16,5,12,335,5,1,1,1,6.0,06069,M,,,06
201600010690,16,5,12,1710,1,2,1,1,6.0,06069,M,4364376.0,694709.0,06
201600010691,16,5,13,1300,1,2,1,1,1.0,06069,M,4364261.0,694536.0,06
201600010692,16,5,13,1320,1,2,1,1,2.0,06069,M,4362550.0,696341.0,06
201600010693,16,5,13,1950,1,2,6,1,3.0,06069,M,4365033.0,692230.0,06
201600010694,16,5,13,2230,5,1,1,1,7.0,06069,M,4362767.0,695979.0,06
201600010695,16,5,14,1740,1,2,1,2,1.0,06069,M,4364788.0,691694.0,06
201600010696,16,5,15,1050,1,2,1,1,2.0,06069,M,4363522.0,695163.0,06
201600010697,16,5,17,1100,1,2,1,1,3.0,06069,M,4363773.0,695087.0,06
201600010698,16,5,17,2025,1,2,1,1,6.0,06069,M,,,06
201600010699,16,5,19,1050,1,2,9,1,3.0,06069,M,4366654.0,692861.0,06
201600010700,16,5,19,1214,1,2,1,1,1.0,06069,M,4363941.0,690916.0,06
201600010701,16,5,22,1545,1,2,1,1,3.0,06069,M,4365374.0,694433.0,06
201600010702,16,5,24,755,1,2,1,1,3.0,06069,M,4364305.0,694890.0,06
201600010703,16,5,25,1350,1,2,1,1,5.0,06069,M,4362266.0,693591.0,06
201600010704,16,5,26,1400,1,2,1,1,3.0,06069,M,4365033.0,693119.0,06
201600010705,16,5,27,1835,1,2,1,1,3.0,06069,M,4365730.0,692797.0,06
201600010706,16,5,28,1410,1,2,1,1,3.0,06069,M,4364600.0,695322.0,06
201600010707,16,5,30,850,1,2,1,1,3.0,06069,M,4364906.0,693169.0,06
201600010708,16,6,1,830,1,2,1,1,2.0,06069,M,4338466.0,655040.0,06
201600010709,16,6,1,1230,1,2,1,8,4.0,06069,M,4338102.0,655595.0,06
201600010710,16,6,3,635,1,2,1,1,7.0,06069,M,4338420.0,656263.0,06
201600010711,16,6,3,1635,1,2,1,2,1.0,06069,M,4368171.0,696148.0,06
201600010712,16,6,3,2010,2,1,1,1,6.0,06069,M,,,06
201600010713,16,6,4,1320,1,2,1,2,3.0,06069,M,4365250.0,691980.0,06
201600010714,16,6,7,1830,1,2,1,8,7.0,06069,M,4338410.0,654028.0,06
201600010715,16,6,9,1100,1,2,1,1,6.0,06069,M,4339550.0,656540.0,06
201600010716,16,6,10,1255,1,2,1,1,6.0,06069,M,4362661.0,696145.0,06
201600010717,16,6,14,1845,1,2,1,1,6.0,06069,M,4339141.0,655193.0,06
201600010718,16,6,17,1145,1,1,1,1,3.0,06069,M,4340473.0,657284.0,06
201600010719,16,6,17,1630,1,2,1,1,6.0,06069,M,4363932.0,694135.0,06
201600010720,16,6,20,1355,1,2,1,1,7.0,06069,M,4337358.0,657413.0,06
201600010721,16,6,20,1850,1,2,2,1,5.0,06069,M,4338228.0,654467.0,06
201600010722,16,6,21,1330,1,2,1,1,3.0,06069,M,4366282.0,692507.0,06
201600010723,16,6,28,1355,1,2,1,1,6.0,06069,M,,,06
201600010724,16,6,28,1739,1,2,4,1,3.0,06069,M,4338380.0,654490.0,06
201600010725,16,7,1,2120,2,2,1,1,7.0,06069,M,4365427.0,693183.0,06
201600010726,16,7,5,1700,1,2,1,1,6.0,06069,M,4365283.0,692544.0,06
201600010727,16,7,6,1800,1,2,1,1,6.0,06069,M,4363955.0,692030.0,06
201600010728,16,7,7,900,1,2,1,1,2.0,06069,M,,,06
201600010729,16,7,8,1250,1,2,1,1,7.0,06069,M,4364700.0,695350.0,06
201600010730,16,7,11,1615,1,2,3,1,3.0,06069,M,4364096.0,691051.0,06
201600010731,16,7,11,2230,5,1,1,1,7.0,06069,M,,,06
201600010732,16,7,12,1815,1,2,1,1,2.0,06069,M,4364525.0,690280.0,06
201600010733,16,7,13,2144,5,2,2,1,3.0,06069,M,4363991.0,691952.0,06
201600010734,16,7,15,1445,1,2,1,1,1.0,06069,M,4364041.0,694811.0,06
201600010735,16,7,16,450,5,2,1,1,3.0,06069,M,4364083.0,690898.0,06
201600010736,16,7,17,1600,1,2,1,1,6.0,06069,M,4368016.0,654429.0,06
201600010737,16,7,22,1630,1,2,1,2,6.0,06069,M,,,06
201600010738,16,7,28,1925,1,2,2,1,6.0,06069,M,,,06
201600010739,16,7,26,1750,1,2,1,1,2.0,06069,M,,,06
201600010740,16,7,28,1045,1,1,1,1,2.0,06069,M,4364186.0,693508.0,06
201600010741,16,8,2,1140,1,2,1,1,3.0,06069,M,4364347.0,691480.0,06
201600010742,16,8,5,1610,1,2,1,1,3.0,06069,M,4365638.0,692272.0,06
201600010743,16,8,6,1720,1,2,1,1,3.0,06069,M,4364522.0,694072.0,06
201600010744,16,8,11,1215,1,1,1,1,3.0,06069,M,4367701.0,694710.0,06
201600010745,16,8,13,1115,1,2,1,1,3.0,06069,M,4363850.0,695030.0,06
201600010746,16,8,14,1930,1,2,1,1,7.0,06069,M,,,06
201600010747,16,8,19,1228,1,2,1,1,2.0,06069,M,4365719.0,692263.0,06
201600010748,16,8,22,1415,1,2,1,1,4.0,06069,M,,,06
201600010749,16,8,23,935,1,2,1,1,6.0,06069,M,4364083.0,691191.0,06
201600010750,16,8,23,1200,1,2,3,1,3.0,06069,M,4364316.0,695705.0,06
201600010751,16,8,26,810,1,2,1,1,7.0,06069,M,4365911.0,692605.0,06
201600010752,16,8,30,1245,1,1,1,1,6.0,06069,M,,,06
201600010753,16,8,30,745,1,2,1,1,6.0,06069,M,,,06
201600010754,16,9,1,1330,1,2,1,1,7.0,06069,M,,,06
201600010755,16,9,2,1035,1,2,1,1,1.0,06069,M,4363759.0,695090.0,06
201600010756,16,9,3,545,2,1,1,1,6.0,06069,M,4364269.0,690675.0,06
201600010757,16,9,6,1310,1,2,1,1,2.0,06069,M,4364300.0,694897.0,06
201600010758,16,9,7,1210,1,1,1,1,2.0,06069,M,4363820.0,695058.0,06
201600010759,16,9,7,1700,1,2,1,1,3.0,06069,M,4365530.0,691716.0,06
201600010760,16,9,8,1930,1,2,1,1,3.0,06069,M,4300000.0,600000.0,06
201600010761,16,9,9,2353,5,1,1,1,6.0,06069,M,,,06
201600010762,16,9,15,1220,1,2,1,1,6.0,06069,M,,,06
201600010763,16,9,15,1815,1,2,1,1,2.0,06069,M,4364725.0,691852.0,06
201600010764,16,9,22,835,1,2,3,1,3.0,06069,M,4364079.0,691718.0,06
201600010765,16,9,23,1820,1,2,1,1,2.0,06069,M,,,06
201600010766,16,9,26,730,1,2,1,1,3.0,06069,M,4364620.0,695320.0,06
201600010767,16,9,29,1730,1,2,1,1,3.0,06069,M,,,06
201600010768,16,9,30,1830,2,2,1,1,2.0,06069,M,,,06
201600010769,16,10,3,710,1,2,1,1,3.0,06069,M,,,06
201600010770,16,10,4,1200,1,2,1,1,7.0,06069,M,,,06
201600010771,16,10,4,1150,1,2,1,1,6.0,06069,M,,,06
201600010772,16,10,7,1030,1,2,1,1,2.0,06069,M,,,06
201600010773,16,10,7,1425,1,2,1,1,3.0,06069,M,,,06
201600010774,16,10,9,920,1,2,1,1,6.0,06069,M,,,06
201600010775,16,10,9,1105,1,2,1,1,1.0,06069,M,,,06
201600010776,16,10,10,815,1,2,1,1,3.0,06069,M,,,06
201600010777,16,10,10,2010,5,2,1,2,2.0,06069,M,,,06