Num_Acc,an,mois,jour,hrmn,lum,agg,int,atm,col,com,gps,lat,long,dep
201600010778,16,10,11,1850,1,1,1,1,3.0,06069,M,4363852.0,695029.0,06
201600010779,16,10,19,1105,1,2,3,1,3.0,06069,M,,,06
201600010780,16,10,19,1350,1,2,1,1,1.0,06069,M,4364945.0,693311.0,06
201600010781,16,10,24,818,1,1,1,1,7.0,06069,M,4365274.0,695580.0,06
201600010782,16,10,24,1430,1,2,1,1,3.0,06069,M,,,06
201600010783,16,10,24,1830,5,2,1,1,3.0,06069,M,4361000.0,694000.0,06
201600010784,16,10,24,2030,5,2,1,1,3.0,06069,M,4364789.0,692751.0,06
201600010785,16,10,25,915,1,2,4,2,1.0,06069,M,4364225.0,693167.0,06
201600010786,16,10,25,1745,1,1,4,2,3.0,06069,M,4364417.0,689975.0,06
201600010787,16,10,26,1355,1,2,1,1,3.0,06069,M,4334840.0,692930.0,06
201600010788,16,10,26,1640,1,1,3,1,1.0,06069,M,,,06
201600010789,16,10,27,1920,5,2,3,1,3.0,06069,M,4366372.0,692758.0,06
201600010790,16,11,3,730,1,2,1,1,7.0,06069,M,4365519.0,692270.0,06
201600010791,16,11,5,1245,1,1,1,5,6.0,06069,M,4371206.0,727884.0,06
201600010792,16,11,7,1600,1,2,1,1,1.0,06069,M,4365628.0,692670.0,06
201600010793,16,11,10,845,1,2,1,1,7.0,06069,M,4365847.0,692869.0,06
201600010794,16,11,12,655,1,2,1,1,3.0,06069,M,4364420.0,689982.0,06
201600010795,16,11,18,2145,5,2,1,1,6.0,06069,M,4365941.0,693010.0,06
201600010796,16,11,23,1650,1,2,1,1,6.0,06069,M,4365062.0,692172.0,06
201600010797,16,11,24,1905,3,1,1,3,2.0,06069,M,4363951.0,693642.0,06
201600010798,16,11,26,1115,1,2,9,1,3.0,06069,M,4363761.0,695086.0,06
201600010799,16,11,26,1120,1,2,1,1,3.0,06069,M,4363450.0,693937.0,06
201600010800,16,11,29,840,1,2,1,1,1.0,06069,M,4368197.0,696274.0,06
201600010801,16,11,30,1212,1,1,1,1,7.0,06069,M,4362488.0,696447.0,06
201600010802,16,11,30,1300,1,2,1,1,6.0,06069,M,4365126.0,692221.0,06
201600010803,16,12,4,2010,5,2,6,1,6.0,06069,M,4364079.0,691151.0,06
201600010804,16,12,5,1730,1,1,1,1,2.0,06069,M,4366577.0,689942.0,06
201600010805,16,12,6,1600,1,2,1,1,1.0,06069,M,4364408.0,693866.0,06
201600010806,16,12,7,1545,1,2,6,1,1.0,06069,M,4365641.0,693251.0,06
201600010807,16,12,9,1730,2,2,1,1,2.0,06069,M,4364514.0,689536.0,06
201600010808,16,12,10,1600,1,2,1,1,7.0,06069,M,4364716.0,694010.0,06
201600010809,16,12,10,1730,5,2,1,1,2.0,06069,M,4364078.0,691079.0,06
201600010810,16,12,10,1915,5,2,1,1,4.0,06069,M,4364420.0,689868.0,06
201600010811,16,12,13,1800,3,1,1,1,4.0,06069,M,4363223.0,694682.0,06
201600010812,16,12,14,915,1,2,6,1,3.0,06069,M,4365733.0,692391.0,06
201600010813,16,12,14,1315,1,2,7,1,6.0,06069,M,4366087.0,692244.0,06
201600010814,16,12,14,1820,5,2,1,1,3.0,06069,M,4364380.0,694177.0,06
201600010815,16,12,15,1130,1,2,1,1,3.0,06069,M,4366140.0,693221.0,06
201600010816,16,12,17,1415,1,2,1,1,2.0,06069,M,4364182.0,695717.0,06
201600010817,16,12,19,1230,1,2,1,1,2.0,06069,M,4363820.0,695060.0,06
201600010818,16,12,19,1800,5,2,6,2,3.0,06069,M,4364526.0,694026.0,06
201600010819,16,12,20,1650,2,2,1,8,2.0,06069,M,4364420.0,689975.0,06
201600010820,16,12,21,1415,1,2,1,1,6.0,06069,M,4364230.0,693790.0,06
201600010821,16,12,22,605,5,2,1,1,1.0,06069,M,4364480.0,694155.0,06
201600010822,16,12,22,1250,1,2,1,1,7.0,06069,M,4365098.0,691412.0,06
201600010823,16,12,23,1110,1,2,1,1,1.0,06069,M,4364036.0,696452.0,06
201600010824,16,12,30,1020,1,2,6,1,2.0,06069,M,4366020.0,692241.0,06
201600010825,16,1,5,740,4,2,1,1,3.0,06083,M,4377250.0,749110.0,06
201600010826,16,1,9,2100,5,2,1,2,7.0,06083,M,4377669.0,749976.0,06
201600010827,16,1,12,1132,1,2,3,1,3.0,06104,M,4345410.0,728150.0,06
201600010828,16,1,12,1540,1,1,1,1,6.0,06104,M,4376238.0,747682.0,06
201600010829,16,1,31,1,5,2,1,1,3.0,06104,M,4375635.0,747895.0,06
201600010830,16,2,2,2238,5,1,1,1,1.0,06104,M,4376170.0,745599.0,06
201600010831,16,2,4,725,2,2,1,1,5.0,06104,M,4377939.0,750750.0,06
201600010832,16,2,6,2030,5,2,1,1,6.0,06104,M,4375628.0,744721.0,06
201600010833,16,2,1,723,5,2,1,1,5.0,06104,M,4376160.0,745650.0,06
201600010834,16,2,19,2240,5,1,1,1,6.0,06104,M,4376029.0,747787.0,06
201600010835,16,2,27,1910,5,2,1,1,6.0,06083,M,4378062.0,749384.0,06
201600010836,16,2,4,1035,1,2,3,1,6.0,06083,M,4377378.0,743335.0,06
201600010837,16,2,28,1435,1,2,6,1,3.0,06104,M,4376370.0,748030.0,06
201600010838,16,3,17,1210,1,2,1,1,6.0,06104,M,4376450.0,748173.0,06
201600010839,16,3,1,1728,1,2,3,1,3.0,06104,M,4376203.0,748465.0,06
201600010840,16,3,24,1120,1,2,1,1,3.0,06104,M,4376546.0,744572.0,06
201600010841,16,3,29,1620,1,2,1,1,6.0,06083,M,4376558.0,748832.0,06
201600010842,16,3,29,830,1,2,3,1,3.0,06104,M,4375338.0,744263.0,06
201600010843,16,3,30,1150,1,2,1,1,3.0,06083,M,4377882.0,748515.0,06
201600010844,16,2,1,1135,1,2,3,1,2.0,06083,M,4377160.0,749690.0,06
201600010845,16,4,10,120,5,2,1,1,3.0,06083,M,4378516.0,751983.0,06
201600010846,16,4,18,1025,1,2,3,1,6.0,06083,M,4377579.0,748778.0,06
201600010847,16,4,24,433,5,2,1,1,7.0,06083,M,4377390.0,749530.0,06
201600010848,16,4,26,2300,5,2,1,1,7.0,06083,M,4376870.0,749100.0,06
201600010849,16,4,29,2220,5,2,1,1,3.0,06104,M,,,06
201600010850,16,3,26,915,1,2,3,1,1.0,06104,M,,,06
201600010851,16,3,27,1018,1,2,1,1,6.0,06083,M,4377720.0,749410.0,06
201600010852,16,5,3,1318,1,2,1,1,6.0,06083,M,,,06
201600010853,16,5,6,825,1,2,1,1,7.0,06083,M,4377670.0,750810.0,06
201600010854,16,6,12,250,5,2,1,1,6.0,06104,M,,,06
201600010855,16,6,8,1435,1,2,1,1,6.0,06104,M,4376472.0,748257.0,06
201600010856,16,3,21,1200,1,2,3,1,3.0,06083,M,4376731.0,748986.0,06
201600010857,16,6,15,900,1,2,1,1,4.0,06083,M,4377240.0,749110.0,06
201600010858,16,6,22,2140,5,2,1,1,6.0,06104,M,4376050.0,747690.0,06
201600010859,16,6,24,1820,1,2,1,1,5.0,06083,M,4377114.0,749595.0,06
201600010860,16,3,14,1628,1,2,2,1,3.0,06012,M,,,06
201600010861,16,7,5,1425,1,2,1,1,6.0,06104,M,,,06
201600010862,16,7,14,1730,1,2,1,1,1.0,06083,M,4377500.0,748910.0,06
201600010863,16,7,22,2130,2,2,1,1,3.0,06083,M,4377380.0,749370.0,06
201600010864,16,6,21,45,5,2,1,1,6.0,06083,M,4377060.0,747270.0,06
201600010865,16,7,30,2230,5,2,1,1,6.0,06083,M,4379790.0,748180.0,06
201600010866,16,8,9,1810,1,2,1,1,2.0,06104,M,4375780.0,747150.0,06
201600010867,16,8,9,1035,1,2,1,1,6.0,06104,M,4375930.0,747240.0,06
201600010868,16,8,24,1620,1,2,1,1,7.0,06083,M,4376925.0,748007.0,06
201600010869,16,8,28,1830,1,2,1,1,7.0,06083,M,4377294.0,749967.0,06
201600010870,16,8,30,1400,1,2,2,1,6.0,06083,M,4376710.0,748559.0,06
201600010871,16,9,3,1350,1,2,1,1,6.0,06083,M,4377249.0,749768.0,06
201600010872,16,9,14,845,1,2,1,1,6.0,06012,M,4373883.0,741622.0,06
201600010873,16,10,7,845,1,2,1,1,6.0,06083,M,4377670.0,749774.0,06
201600010874,16,10,10,2015,5,2,1,1,3.0,06104,M,4375552.0,748202.0,06
201600010875,16,10,11,330,5,2,6,8,7.0,06083,M,,,06
201600010876,16,9,21,815,1,2,1,1,6.0,06083,M,4377425.0,748959.0,06
201600010877,16,10,17,1027,1,1,2,1,3.0,06012,M,,,06
201600010878,16,10,30,240,5,1,1,1,6.0,06104,M,,,06
201600010879,16,10,19,1950,2,2,1,1,1.0,06104,M,,,06
201600010880,16,11,8,1810,2,2,1,1,2.0,06012,M,4374669.0,742704.0,06
201600010881,16,11,10,1300,1,2,3,1,5.0,06083,M,,,06
201600010882,16,11,15,30,5,2,6,1,6.0,06083,M,4377639.0,748808.0,06
201600010883,16,11,20,329,5,2,1,1,7.0,06104,M,,,06
201600010884,16,11,28,1300,1,2,3,1,4.0,06083,M,4377050.0,749470.0,06
201600010885,16,11,24,1750,2,2,9,2,6.0,06083,M,4377500.0,749670.0,06
201600010886,16,12,9,1236,1,1,1,1,1.0,06083,M,4379056.0,747648.0,06
201600010887,16,12,14,1610,1,2,2,1,3.0,06083,M,4378481.0,752099.0,06
201600010888,16,11,16,1830,3,1,1,8,6.0,74217,M,0.0,0.0,74
201600010889,16,1,1,645,5,2,1,1,6.0,06088,M,4343218.0,715035.0,06
201600010890,16,1,1,1500,1,2,1,1,3.0,06088,M,4368103.0,723147.0,06
201600010891,16,1,1,1430,1,2,1,1,1.0,06088,M,4372202.0,721711.0,06
201600010892,16,1,2,800,1,2,2,2,3.0,06088,M,4342053.0,715514.0,06
201600010893,16,1,2,1930,5,2,2,8,3.0,06088,M,4370031.0,726225.0,06
201600010894,16,1,5,1915,2,2,1,1,3.0,06088,M,4370989.0,728244.0,06
201600010895,16,1,7,1630,1,2,2,1,3.0,06088,M,4342398.0,717343.0,06
201600010896,16,1,7,1745,2,2,1,1,6.0,06088,M,4373992.0,730837.0,06
201600010897,16,1,8,530,5,2,2,1,6.0,06088,M,4342182.0,716007.0,06
201600010898,16,1,8,1830,5,2,3,1,3.0,06088,M,,,06
201600010899,16,1,9,1030,1,2,1,2,5.0,06088,M,4342352.0,711481.0,06
201600010900,16,1,9,1425,1,2,1,1,5.0,06088,M,4368342.0,723438.0,06
201600010901,16,1,9,1900,5,2,1,1,5.0,06088,M,4368141.0,723222.0,06
201600010902,16,1,11,735,2,2,1,1,6.0,06088,M,4371296.0,724771.0,06
201600010903,16,1,11,1415,1,2,2,1,3.0,06088,M,4371296.0,725986.0,06
201600010904,16,1,11,1715,2,2,1,1,6.0,06088,M,4372695.0,727568.0,06
201600010905,16,1,12,1400,1,2,1,1,7.0,06088,M,4341495.0,715211.0,06
201600010906,16,1,12,1430,1,2,1,1,3.0,06088,M,4370531.0,727107.0,06
201600010907,16,1,13,740,1,2,1,1,2.0,06088,M,4343440.0,717107.0,06
201600010908,16,1,13,1435,1,2,1,1,2.0,06088,M,,,06
201600010909,16,1,14,855,1,2,1,3,4.0,06088,M,,,06
201600010910,16,1,14,1155,1,2,1,2,6.0,06088,M,4342449.0,717314.0,06
201600010911,16,1,15,347,3,1,1,2,7.0,06088,M,4375417.0,719538.0,06
201600010912,16,1,16,119,5,1,1,1,6.0,06088,M,4372887.0,723079.0,06
201600010913,16,1,16,1545,1,2,1,1,6.0,06088,M,4369800.0,726679.0,06
201600010914,16,1,16,1650,1,1,2,1,3.0,06088,M,4370655.0,726412.0,06
201600010915,16,1,16,1950,5,2,1,1,2.0,06088,M,4370094.0,725241.0,06
201600010916,16,1,18,820,1,2,1,1,3.0,06088,M,4367816.0,721239.0,06
201600010917,16,1,18,1515,1,2,3,1,3.0,06088,M,4342415.0,716288.0,06
201600010918,16,1,18,2210,5,2,1,1,5.0,06088,M,4372011.0,729172.0,06
201600010919,16,1,19,905,1,2,1,1,3.0,06088,M,4368383.0,723131.0,06
201600010920,16,1,21,1015,1,2,1,1,4.0,06088,M,4366395.0,719934.0,06
201600010921,16,1,22,720,2,2,2,1,3.0,06088,M,4370514.0,724754.0,06
201600010922,16,1,22,515,5,2,1,1,6.0,06088,M,4342187.0,711578.0,06
201600010923,16,1,22,1450,1,2,1,1,6.0,06088,M,4371461.0,729289.0,06
201600010924,16,1,23,520,5,2,2,1,3.0,06088,M,4342183.0,716179.0,06
201600010925,16,1,23,1435,1,2,2,1,3.0,06088,M,4370379.0,728484.0,06
201600010926,16,1,23,1750,2,2,2,1,5.0,06088,M,4369998.0,728210.0,06
201600010927,16,1,24,900,1,2,1,1,6.0,06088,M,4371069.0,725584.0,06
201600010928,16,1,24,1205,1,2,1,1,3.0,06088,M,4369845.0,725114.0,06
201600010929,16,1,24,1530,1,2,9,1,3.0,06088,M,4342495.0,716464.0,06
201600010930,16,1,25,1710,2,2,8,1,6.0,06088,M,4373107.0,725373.0,06
201600010931,16,1,26,1420,1,1,3,1,3.0,06088,M,,,06
201600010932,16,1,26,1510,1,2,1,1,3.0,06088,M,4342059.0,716561.0,06
201600010933,16,1,26,1740,5,1,1,1,4.0,06088,M,,,06
201600010934,16,1,28,1800,1,2,1,1,3.0,06088,M,4340470.0,711591.0,06
201600010935,16,1,29,1715,5,2,1,1,1.0,06088,M,4340215.0,712333.0,06
201600010936,16,1,30,1815,5,2,1,1,6.0,06088,M,4370738.0,728780.0,06
201600010937,16,1,31,1650,1,2,1,1,3.0,06088,M,4369721.0,726265.0,06
201600010938,16,2,1,1110,1,2,1,1,2.0,06088,M,,,06
201600010939,16,2,1,1110,1,2,2,1,3.0,06088,M,4371292.0,725875.0,06
201600010940,16,2,2,740,1,2,1,1,6.0,06088,M,4342284.0,716430.0,06
201600010941,16,2,3,955,1,2,1,1,2.0,06088,M,4368719.0,723859.0,06
201600010942,16,2,5,1330,1,2,1,1,5.0,06088,M,4370848.0,726757.0,06
201600010943,16,2,5,1610,1,2,3,1,3.0,06088,M,4371774.0,728177.0,06
201600010944,16,2,5,1740,5,2,3,1,3.0,06159,M,4370431.0,730948.0,06
201600010945,16,2,6,300,5,1,1,1,7.0,06088,M,,,06
201600010946,16,2,6,2100,5,2,7,2,2.0,06088,M,,,06
201600010947,16,2,8,700,2,2,3,1,3.0,06088,M,4367486.0,722343.0,06
201600010948,16,2,8,1515,1,2,3,1,7.0,06088,M,4343581.0,715306.0,06
201600010949,16,2,9,1930,5,2,1,2,6.0,06088,M,4370267.0,727093.0,06
201600010950,16,2,10,1100,1,1,1,1,3.0,06088,M,,,06
201600010951,16,2,10,950,1,2,1,1,6.0,06088,M,4370830.0,728923.0,06
201600010952,16,2,10,1850,5,2,1,1,4.0,06088,M,4367013.0,722222.0,06
201600010953,16,2,11,1640,1,2,1,1,3.0,06088,M,,,06
201600010954,16,2,12,845,1,2,4,1,1.0,06088,M,4369550.0,721725.0,06
201600010955,16,2,12,1700,2,2,1,3,1.0,06088,M,,,06
201600010956,16,2,13,712,2,2,1,1,6.0,06088,M,4372120.0,728858.0,06
201600010957,16,2,13,1445,1,2,1,1,2.0,06088,M,4370732.0,728257.0,06
201600010958,16,2,13,1900,5,2,3,1,3.0,06088,M,4370825.0,723083.0,06
201600010959,16,2,13,2000,5,2,1,1,6.0,06088,M,4368274.0,721196.0,06
201600010960,16,2,16,1320,1,1,1,1,3.0,06088,M,4340178.0,712103.0,06
201600010961,16,2,16,1450,1,2,1,1,2.0,06088,M,4371085.0,727893.0,06
201600010962,16,2,16,1635,1,2,1,1,6.0,06088,M,4342072.0,716571.0,06
201600010963,16,2,16,1650,1,2,1,1,4.0,06088,M,,,06
201600010964,16,2,18,1515,1,2,2,1,3.0,06088,M,4370215.0,727649.0,06
201600010965,16,2,18,1645,1,2,1,1,6.0,06088,M,4340334.0,712161.0,06
201600010966,16,2,19,830,1,2,1,1,6.0,06088,M,4368809.0,724008.0,06
201600010967,16,2,19,1410,1,2,2,1,6.0,06088,M,4342041.0,715592.0,06
201600010968,16,2,19,1145,1,2,1,1,5.0,06088,M,4342201.0,715465.0,06
201600010969,16,2,19,1330,1,2,6,1,3.0,06088,M,,,06
201600010970,16,2,19,1645,1,2,3,1,3.0,06088,M,4370395.0,726785.0,06
201600010971,16,2,20,2000,5,1,2,1,1.0,06088,M,4367378.0,720830.0,06
201600010972,16,2,22,140,5,2,1,1,1.0,06088,M,4372868.0,728201.0,06
201600010973,16,2,23,1805,2,2,1,1,6.0,06088,M,4342197.0,716544.0,06
201600010974,16,2,24,1325,1,2,3,1,3.0,06088,M,4370187.0,728283.0,06
201600010975,16,2,24,1440,1,2,1,1,3.0,06088,M,4367083.0,720403.0,06
201600010976,16,2,25,1105,1,2,2,1,6.0,06088,M,4369527.0,725607.0,06
201600010977,16,2,25,1645,1,2,1,1,6.0,06088,M,4341187.0,714264.0,06
201600010978,16,2,28,1310,1,2,1,1,6.0,06088,M,4367079.0,721134.0,06
201600010979,16,3,1,800,1,2,1,1,2.0,06088,M,4370562.0,726258.0,06
201600010980,16,3,1,900,1,2,1,1,4.0,06088,M,4368867.0,724076.0,06
201600010981,16,3,1,1100,1,2,1,1,6.0,06088,M,4342177.0,717006.0,06
201600010982,16,3,2,750,1,2,1,1,3.0,06088,M,4372043.0,728767.0,06
201600010983,16,3,2,1910,5,2,1,1,2.0,06088,M,,,06
201600010984,16,3,2,2200,5,2,3,1,6.0,06088,M,4370365.0,725210.0,06
201600010985,16,3,3,900,1,2,1,1,6.0,06088,M,4371200.0,728259.0,06
201600010986,16,3,3,1450,1,2,6,1,2.0,06088,M,4370797.0,728707.0,06
201600010987,16,3,4,750,1,1,1,1,2.0,06088,M,4373229.0,728908.0,06
201600010988,16,3,4,1710,1,2,1,1,2.0,06088,M,,,06
201600010989,16,3,5,2110,5,2,1,1,3.0,06088,M,,,06
201600010990,16,3,8,750,1,2,1,1,3.0,06088,M,4371773.0,728179.0,06
201600010991,16,3,8,630,2,2,1,1,1.0,06088,M,4369678.0,722839.0,06
201600010992,16,3,10,1345,1,2,2,1,3.0,06088,M,4342239.0,715420.0,06
201600010993,16,3,11,800,1,2,2,1,5.0,06088,M,4370358.0,728848.0,06
201600010994,16,3,11,840,1,2,1,1,3.0,06088,M,4368671.0,720823.0,06
201600010995,16,3,11,1600,1,2,1,1,6.0,06088,M,4371639.0,728070.0,06
201600010996,16,3,11,1721,1,2,1,1,3.0,06088,M,4369490.0,726603.0,06
201600010997,16,3,13,2130,5,1,1,1,6.0,06088,M,4344443.0,718181.0,06
201600010998,16,3,13,2257,5,2,2,1,6.0,06088,M,4370614.0,726721.0,06
201600010999,16,3,15,920,1,2,1,1,2.0,06088,M,4370308.0,727786.0,06
201600011000,16,3,15,940,1,2,1,1,3.0,06088,M,4370235.0,725403.0,06
201600011001,16,3,16,2240,5,2,1,2,6.0,06088,M,,,06
201600011002,16,3,17,1045,1,2,1,1,6.0,06088,M,,,06
201600011003,16,3,17,1605,1,2,1,1,6.0,06088,M,4370050.0,725083.0,06
201600011004,16,3,17,2022,5,2,1,1,7.0,06088,M,4370296.0,725950.0,06
201600011005,16,3,18,1205,1,2,1,1,2.0,06088,M,,,06
201600011006,16,3,18,2220,5,2,1,1,6.0,06159,M,4342227.0,719104.0,06
201600011007,16,3,20,530,5,2,1,1,5.0,06088,M,4369502.0,726592.0,06
201600011008,16,3,20,2143,5,2,2,1,3.0,06088,M,4370736.0,726248.0,06
201600011009,16,3,21,1200,1,2,1,1,6.0,06088,M,,,06
201600011010,16,3,21,1850,1,2,1,1,6.0,06088,M,4369528.0,723634.0,06
201600011011,16,3,23,1630,1,2,1,1,2.0,06088,M,4367423.0,722137.0,06
201600011012,16,3,23,1300,1,2,6,1,3.0,06088,M,,,06
201600011013,16,3,23,1700,1,2,3,8,3.0,06088,M,,,06
201600011014,16,2,23,1700,1,2,3,8,3.0,06088,M,4368446.0,722431.0,06
201600011015,16,3,24,1705,1,2,1,1,2.0,06159,M,4370591.0,731023.0,06
201600011016,16,3,25,830,1,2,1,1,3.0,06088,M,4369666.0,718857.0,06
201600011017,16,3,26,522,5,2,1,1,6.0,06088,M,4368065.0,723117.0,06
201600011018,16,3,29,750,1,2,3,1,3.0,06088,M,4369326.0,724994.0,06
201600011019,16,3,30,1030,1,2,2,1,6.0,06088,M,4371064.0,726355.0,06
201600011020,16,3,30,1830,1,2,3,1,3.0,06088,M,4369413.0,723841.0,06
201600011021,16,4,1,715,1,2,2,2,3.0,06088,M,4372879.0,727888.0,06
201600011022,16,4,1,2245,5,2,1,1,6.0,06088,M,,,06
201600011023,16,4,2,315,5,2,1,1,5.0,06088,M,4341371.0,715193.0,06
201600011024,16,4,4,1740,1,2,1,2,6.0,06088,M,4370428.0,729029.0,06
201600011025,16,4,4,1845,2,2,1,2,3.0,06088,M,4369593.0,725636.0,06
201600011026,16,4,6,840,1,1,1,1,6.0,06088,M,4344289.0,713342.0,06
201600011027,16,4,6,1830,1,2,2,1,3.0,06088,M,4370280.0,725451.0,06
201600011028,16,4,6,2030,2,2,3,1,3.0,06088,M,4370329.0,727415.0,06
201600011029,16,4,7,1100,1,2,7,1,6.0,06088,M,,,06
201600011030,16,4,7,1850,1,2,1,1,6.0,06088,M,4370708.0,728359.0,06
201600011031,16,4,7,1650,1,2,1,1,5.0,06088,M,,,06
201600011032,16,4,8,2225,5,2,1,1,2.0,06088,M,4369845.0,726820.0,06
201600011033,16,4,9,1530,1,2,1,1,3.0,06088,M,4369112.0,724655.0,06
201600011034,16,4,10,145,5,2,3,1,6.0,06088,M,4341297.0,714404.0,06
201600011035,16,4,11,1945,1,2,1,1,2.0,06088,M,4369845.0,724012.0,06
201600011036,16,4,12,1400,1,2,1,1,1.0,06088,M,4370047.0,726580.0,06
201600011037,16,4,12,1425,1,2,2,1,1.0,06088,M,4341557.0,717015.0,06
201600011038,16,4,12,1750,1,2,1,1,3.0,06088,M,4342256.0,716598.0,06
201600011039,16,4,13,1400,1,2,1,1,3.0,06088,M,4368691.0,723825.0,06
201600011040,16,4,15,1525,1,2,1,1,3.0,06088,M,,,06
201600011041,16,4,18,810,1,2,1,1,4.0,06088,M,4368601.0,723732.0,06
201600011042,16,4,18,1005,1,2,1,1,6.0,06088,M,4371681.0,728113.0,06
201600011043,16,4,18,930,1,2,1,1,5.0,06088,M,4340009.0,712519.0,06
201600011044,16,4,18,1140,1,2,1,1,6.0,06088,M,,,06
201600011045,16,4,18,1755,1,2,1,1,4.0,06088,M,,,06
201600011046,16,4,18,2215,5,1,1,1,6.0,06088,M,4340293.0,713011.0,06
201600011047,16,4,19,1045,1,2,1,1,5.0,06088,M,,,06
201600011048,16,4,19,1620,1,2,1,1,6.0,06088,M,4341425.0,716234.0,06
201600011049,16,4,19,1750,1,2,1,1,3.0,06088,M,4340314.0,712249.0,06
201600011050,16,4,20,1105,1,2,3,1,3.0,06088,M,,,06
201600011051,16,4,20,2055,5,2,1,1,2.0,06088,M,4343016.0,717296.0,06
201600011052,16,4,21,730,1,2,3,1,3.0,06088,M,,,06
201600011053,16,4,21,755,1,2,1,1,3.0,06088,M,4341185.0,714270.0,06
201600011054,16,4,22,850,1,2,1,1,3.0,06088,M,,,06
201600011055,16,4,22,1317,1,2,1,1,6.0,06088,M,4342364.0,716019.0,06
201600011056,16,4,22,1420,1,2,3,1,3.0,06088,M,4342071.0,716415.0,06
201600011057,16,4,22,1550,1,2,1,1,6.0,06088,M,,,06
201600011058,16,4,25,2210,5,2,2,1,6.0,06088,M,4342328.0,715216.0,06
201600011059,16,4,26,1230,1,2,2,1,6.0,06088,M,,,06
201600011060,16,4,27,740,1,2,3,1,3.0,06088,M,,,06
201600011061,16,4,27,928,1,2,3,1,3.0,06088,M,4343245.0,717016.0,06
201600011062,16,4,28,1600,1,2,3,1,3.0,06088,M,,,06
201600011063,16,4,29,1315,1,2,1,1,3.0,06088,M,,,06
201600011064,16,4,29,2340,5,2,1,1,3.0,06088,M,4343266.0,717242.0,06
201600011065,16,5,1,135,5,2,1,1,3.0,06088,M,,,06
201600011066,16,5,1,1350,1,2,1,1,3.0,06088,M,,,06
201600011067,16,5,2,735,1,2,1,1,6.0,06088,M,,,06
201600011068,16,5,3,750,1,2,1,1,2.0,06088,M,,,06
201600011069,16,5,3,1245,1,2,2,1,6.0,06088,M,,,06
201600011070,16,5,4,900,1,2,3,1,1.0,06088,M,,,06
201600011071,16,5,4,1510,1,2,1,1,6.0,06088,M,,,06
201600011072,16,5,4,1645,1,2,1,1,4.0,06088,M,,,06
201600011073,16,5,4,2058,5,2,3,1,3.0,06088,M,,,06
201600011074,16,5,6,210,4,2,1,1,3.0,06088,M,4342239.0,717533.0,06
201600011075,16,5,6,745,1,2,1,1,1.0,06088,M,4341184.0,718248.0,06
201600011076,16,5,6,1220,1,2,1,1,5.0,06088,M,,,06
201600011077,16,5,6,2115,5,1,1,1,5.0,06088,M,,,06
201600011078,16,5,8,2200,5,2,1,2,3.0,06088,M,4342105.0,715332.0,06
201600011079,16,5,9,1430,1,2,1,1,6.0,06088,M,,,06
201600011080,16,5,10,1100,1,2,2,1,3.0,06088,M,4342033.0,715090.0,06
201600011081,16,5,11,830,1,2,6,2,3.0,06088,M,,,06
201600011082,16,5,13,907,1,2,1,1,6.0,06088,M,,,06
201600011083,16,5,14,1200,1,2,1,1,2.0,06088,M,4342206.0,718344.0,06
201600011084,16,5,16,1610,1,2,1,1,2.0,06088,M,,,06
201600011085,16,5,17,1205,1,1,1,1,1.0,06088,M,,,06
201600011086,16,5,19,1325,1,2,3,1,1.0,06088,M,4342364.0,715391.0,06
201600011087,16,5,19,1600,1,2,3,1,5.0,06088,M,4342444.0,719338.0,06
201600011088,16,5,20,200,5,2,3,1,6.0,06088,M,4343017.0,715412.0,06
201600011089,16,5,21,1059,1,2,3,1,1.0,06088,M,4342561.0,716228.0,06
201600011090,16,5,21,2145,5,2,1,1,6.0,06088,M,,,06
201600011091,16,5,21,2100,5,2,1,1,6.0,06088,M,,,06
201600011092,16,5,22,1810,1,2,3,1,2.0,06088,M,4341183.0,714282.0,06
201600011093,16,5,23,1550,1,2,1,1,6.0,06088,M,4341480.0,715214.0,06
201600011094,16,5,23,1705,1,1,1,1,2.0,06088,M,,,06
201600011095,16,5,23,1840,1,2,1,1,6.0,06088,M,,,06
201600011096,16,5,24,1630,1,2,3,1,3.0,06088,M,,,06
201600011097,16,5,25,915,1,2,1,1,2.0,06088,M,4342111.0,715594.0,06
201600011098,16,5,27,640,1,2,1,1,6.0,06088,M,,,06
201600011099,16,5,30,830,1,2,1,1,3.0,06088,M,,,06
201600011100,16,5,31,250,5,2,1,1,1.0,06088,M,4341299.0,712441.0,06
201600011101,16,5,31,830,1,2,6,1,6.0,06088,M,4343310.0,715084.0,06
201600011102,16,5,31,930,1,2,1,1,2.0,06088,M,,,06
201600011103,16,5,31,1545,1,2,1,1,1.0,06088,M,,,06
201600011104,16,6,1,1810,1,2,3,1,6.0,06088,M,4342247.0,717318.0,06
201600011105,16,6,1,1810,1,2,1,1,2.0,06088,M,4367474.0,721462.0,06
201600011106,16,6,2,755,1,2,1,1,2.0,06088,M,4341466.0,715541.0,06
201600011107,16,6,2,2110,5,2,2,2,6.0,06088,M,4370397.0,728715.0,06
201600011108,16,6,3,1550,1,2,2,1,3.0,06088,M,4367520.0,722712.0,06