Num_Acc,an,mois,jour,hrmn,lum,agg,int,atm,col,com,gps,lat,long,dep
201600011109,16,6,3,2300,5,1,1,1,6.0,06088,M,,,06
201600011110,16,6,5,55,5,2,1,1,2.0,06088,M,4370904.0,728378.0,06
201600011111,16,6,5,2130,5,2,1,1,3.0,06088,M,4371585.0,725364.0,06
201600011112,16,6,6,830,1,2,1,1,6.0,06088,M,4370408.0,729929.0,06
201600011113,16,6,6,1010,1,2,1,1,2.0,06088,M,4342288.0,716534.0,06
201600011114,16,6,9,800,1,2,1,1,7.0,06088,M,4371213.0,725899.0,06
201600011115,16,6,9,1100,1,2,3,1,6.0,06088,M,4341544.0,716283.0,06
201600011116,16,6,9,1700,1,2,1,1,3.0,06088,M,4343310.0,715090.0,06
201600011117,16,6,9,1845,1,2,1,3,6.0,06088,M,4370229.0,727659.0,06
201600011118,16,6,10,1320,1,2,1,1,1.0,06088,M,4342240.0,716533.0,06
201600011119,16,6,10,2357,3,2,2,1,3.0,06088,M,4367378.0,720837.0,06
201600011120,16,6,11,2100,4,2,1,1,5.0,06088,M,,,06
201600011121,16,6,12,100,5,2,2,1,3.0,06088,M,4370165.0,727799.0,06
201600011122,16,6,14,1045,1,2,8,1,2.0,06088,M,4342154.0,716019.0,06
201600011123,16,6,14,1130,1,2,1,1,6.0,06088,M,4373699.0,729941.0,06
201600011124,16,6,14,1600,1,2,9,1,2.0,06088,M,4369317.0,725317.0,06
201600011125,16,6,15,1510,1,2,1,2,4.0,06088,M,,,06
201600011126,16,6,17,930,1,2,1,1,6.0,06088,M,4342134.0,716218.0,06
201600011127,16,6,18,1200,1,2,1,1,2.0,06088,M,,,06
201600011128,16,6,18,1623,1,2,2,1,3.0,06088,M,4371588.0,726275.0,06
201600011129,16,6,20,820,1,2,2,1,3.0,06088,M,4342150.0,717196.0,06
201600011130,16,6,21,730,1,2,3,1,3.0,06088,M,4342582.0,716498.0,06
201600011131,16,6,21,1450,1,2,1,1,3.0,06088,M,4369719.0,728702.0,06
201600011132,16,6,22,1715,1,2,2,1,1.0,06088,M,4369866.0,725620.0,06
201600011133,16,6,24,515,2,1,1,1,3.0,06088,M,4344442.0,710566.0,06
201600011134,16,6,24,1400,1,2,1,1,1.0,06088,M,4341269.0,714441.0,06
201600011135,16,6,24,1645,1,2,1,1,1.0,06088,M,4373046.0,728269.0,06
201600011136,16,6,25,55,5,2,3,1,3.0,06088,M,4371530.0,725392.0,06
201600011137,16,6,26,145,5,2,1,1,2.0,06088,M,4341423.0,716307.0,06
201600011138,16,6,26,1245,1,2,1,1,3.0,06088,M,4341489.0,717194.0,06
201600011139,16,6,26,1800,1,2,2,1,1.0,06088,M,4371342.0,727158.0,06
201600011140,16,6,27,1419,1,2,2,1,3.0,06088,M,4342128.0,717185.0,06
201600011141,16,6,28,1215,1,2,1,1,2.0,06088,M,,,06
201600011142,16,6,28,1505,1,2,1,1,5.0,06088,M,4340206.0,713106.0,06
201600011143,16,6,28,2250,5,2,1,1,3.0,06088,M,4342053.0,715204.0,06
201600011144,16,6,28,1935,1,2,3,1,3.0,06088,M,4369377.0,725641.0,06
201600011145,16,6,29,1750,1,2,2,1,3.0,06088,M,4340523.0,712512.0,06
201600011146,16,6,29,1915,1,2,1,1,6.0,06088,M,4369891.0,723529.0,06
201600011147,16,7,2,200,5,2,1,1,1.0,06088,M,,,06
201600011148,16,7,3,1720,1,2,1,1,6.0,06088,M,,,06
201600011149,16,7,4,1501,1,2,1,1,3.0,06088,M,,,06
201600011150,16,7,5,1515,1,2,1,1,1.0,06088,M,,,06
201600011151,16,7,6,945,1,2,1,1,2.0,06088,M,4340538.0,713482.0,06
201600011152,16,7,6,940,1,2,1,1,3.0,06088,M,,,06
201600011153,16,7,6,2140,5,1,1,1,6.0,06159,M,,,06
201600011154,16,7,7,1300,1,2,1,1,3.0,06088,M,,,06
201600011155,16,7,8,1045,1,1,1,1,6.0,06088,M,,,06
201600011156,16,7,8,1400,1,2,3,1,2.0,06088,M,,,06
201600011157,16,7,8,1755,1,2,1,1,2.0,06088,M,,,06
201600011158,16,7,9,1715,1,2,1,1,3.0,06088,M,,,06
201600011159,16,7,9,2015,1,2,1,1,3.0,06088,M,,,06
201600011160,16,7,9,2220,5,2,2,1,3.0,06088,M,,,06
201600011161,16,7,10,245,5,2,1,1,6.0,06088,M,,,06
201600011162,16,7,10,945,1,2,2,1,1.0,06088,M,,,06
201600011163,16,7,10,1230,1,2,1,1,3.0,06088,M,,,06
201600011164,16,7,10,1720,1,2,1,1,3.0,06088,M,4342059.0,718246.0,06
201600011165,16,7,10,1728,1,2,2,1,3.0,06088,M,4341484.0,715379.0,06
201600011166,16,7,10,1915,1,2,2,1,3.0,06088,M,,,06
201600011167,16,7,11,109,5,2,2,1,3.0,06088,M,,,06
201600011168,16,7,11,1110,1,2,1,1,4.0,06088,M,4368886.0,724148.0,06
201600011169,16,7,11,1330,1,2,1,1,2.0,06088,M,,,06
201600011170,16,7,12,540,2,2,9,1,1.0,06088,M,,,06
201600011171,16,7,12,711,1,2,1,1,3.0,06088,M,4340238.0,713176.0,06
201600011172,16,7,12,1255,1,2,1,1,3.0,06088,M,,,06
201600011173,16,7,15,1645,1,2,1,1,6.0,06088,M,4342170.0,717266.0,06
201600011174,16,7,19,930,1,2,1,1,2.0,06088,M,4342243.0,716575.0,06
201600011175,16,7,19,1145,1,2,2,1,1.0,06088,M,,,06
201600011176,16,7,20,1120,1,2,2,1,6.0,06088,M,,,06
201600011177,16,7,21,2315,5,2,2,1,3.0,06088,M,,,06
201600011178,16,7,22,538,2,1,1,1,6.0,06159,M,4370720.0,731740.0,06
201600011179,16,7,22,2325,5,2,3,1,3.0,06088,M,4340294.0,713243.0,06
201600011180,16,7,23,2225,5,2,2,1,3.0,06088,M,4371467.0,728018.0,06
201600011181,16,7,24,2115,1,2,1,1,1.0,06088,M,,,06
201600011182,16,7,25,525,5,2,1,1,2.0,06088,M,,,06
201600011183,16,7,28,1700,1,2,1,1,6.0,06088,M,,,06
201600011184,16,7,29,230,5,1,1,1,6.0,06088,M,,,06
201600011185,16,7,29,1110,1,2,3,1,6.0,06088,M,,,06
201600011186,16,7,29,1220,1,2,1,1,6.0,06088,M,,,06
201600011187,16,7,30,1400,1,2,2,1,3.0,06088,M,,,06
201600011188,16,8,2,1130,1,1,1,1,3.0,06159,M,,,06
201600011189,16,8,2,1630,1,2,2,1,1.0,06088,M,,,06
201600011190,16,8,3,1343,1,2,1,1,3.0,06088,M,,,06
201600011191,16,8,4,645,2,2,2,1,6.0,06088,M,,,06
201600011192,16,8,4,850,1,2,1,1,6.0,06088,M,,,06
201600011193,16,8,5,301,5,1,1,1,7.0,06088,M,,,06
201600011194,16,8,5,2010,1,2,1,1,6.0,06088,M,4342454.0,715412.0,06
201600011195,16,8,6,2340,5,2,1,1,2.0,06088,M,,,06
201600011196,16,8,7,1820,1,2,2,1,6.0,06088,M,4341336.0,714520.0,06
201600011197,16,8,8,1355,1,2,1,1,3.0,06088,M,,,06
201600011198,16,8,8,2255,5,2,1,1,2.0,06088,M,4341414.0,715474.0,06
201600011199,16,8,11,630,2,2,1,1,2.0,06088,M,4342367.0,715215.0,06
201600011200,16,8,12,1110,1,2,2,1,3.0,06088,M,4342256.0,717326.0,06
201600011201,16,8,15,1400,1,2,3,1,3.0,06088,M,,,06
201600011202,16,8,15,344,5,2,1,1,7.0,06088,M,,,06
201600011203,16,8,17,1045,1,2,1,1,1.0,06088,M,4342241.0,716538.0,06
201600011204,16,8,18,1750,1,2,1,1,4.0,06088,M,,,06
201600011205,16,8,19,1850,1,2,2,1,3.0,06088,M,,,06
201600011206,16,8,21,915,1,2,1,1,2.0,06088,M,4342254.0,715422.0,06
201600011207,16,8,22,1215,1,2,1,1,3.0,06088,M,,,06
201600011208,16,8,22,1330,1,2,3,1,1.0,06088,M,4344084.0,717520.0,06
201600011209,16,8,22,1440,1,2,2,1,3.0,06088,M,4341005.0,713581.0,06
201600011210,16,8,22,2240,5,1,2,1,3.0,06159,M,,,06
201600011211,16,8,22,2340,3,1,1,1,6.0,06088,M,,,06
201600011212,16,8,23,430,5,2,1,1,1.0,06159,M,,,06
201600011213,16,8,23,1210,1,2,1,1,2.0,06088,M,,,06
201600011214,16,8,24,1015,1,2,1,1,3.0,06088,M,4343015.0,717251.0,06
201600011215,16,8,24,1810,1,1,1,1,5.0,06159,M,,,06
201600011216,16,8,26,1800,1,2,1,1,4.0,06088,M,,,06
201600011217,16,8,26,2300,5,2,1,1,6.0,06088,M,4373419.0,726145.0,06
201600011218,16,8,27,1215,1,2,1,1,6.0,06088,M,,,06
201600011219,16,8,27,1830,1,2,1,1,6.0,06088,M,,,06
201600011220,16,8,28,1530,1,2,2,1,6.0,06088,M,,,06
201600011221,16,8,29,735,1,2,1,1,3.0,06088,M,,,06
201600011222,16,8,31,850,1,2,2,1,3.0,06088,M,,,06
201600011223,16,8,31,1158,1,1,1,1,6.0,06159,M,4342364.0,719088.0,06
201600011224,16,9,1,1620,1,1,1,1,1.0,06088,M,,,06
201600011225,16,9,2,2100,4,2,6,1,3.0,06088,M,4370842.0,728759.0,06
201600011226,16,9,3,1405,1,2,1,1,2.0,06088,M,4341373.0,714418.0,06
201600011227,16,9,4,1015,1,2,1,1,3.0,06088,M,,,06
201600011228,16,9,6,645,1,2,1,1,3.0,06088,M,,,06
201600011229,16,9,6,1115,1,2,1,1,6.0,06088,M,4343598.0,717207.0,06
201600011230,16,9,6,1338,1,2,1,1,2.0,06088,M,4368860.0,723983.0,06
201600011231,16,9,6,1945,2,2,1,1,3.0,06088,M,4371058.0,726185.0,06
201600011232,16,9,7,1335,1,2,1,1,2.0,06088,M,4371735.0,725299.0,06
201600011233,16,9,7,1830,1,1,1,1,3.0,06088,M,4370263.0,727110.0,06
201600011234,16,9,8,145,5,2,2,1,3.0,06088,M,4372294.0,729018.0,06
201600011235,16,9,9,1445,1,2,1,1,6.0,06088,M,4373091.0,728340.0,06
201600011236,16,9,9,2313,5,2,2,1,3.0,06088,M,4342103.0,715598.0,06
201600011237,16,9,12,510,5,2,2,1,3.0,06088,M,4369375.0,724338.0,06
201600011238,16,9,14,1005,1,2,1,1,6.0,06088,M,,,06
201600011239,16,9,14,1800,1,2,2,1,3.0,06088,M,4369795.0,725214.0,06
201600011240,16,9,14,2000,5,1,2,1,3.0,06088,M,4370005.0,727294.0,06
201600011241,16,9,14,2135,5,2,1,1,3.0,06088,M,4371518.0,725822.0,06
201600011242,16,9,15,1130,1,2,1,1,3.0,06088,M,,,06
201600011243,16,9,16,900,1,2,3,1,7.0,06088,M,4372530.0,725170.0,06
201600011244,16,9,19,1545,1,2,1,1,6.0,06088,M,,,06
201600011245,16,9,19,2209,5,2,1,1,7.0,06159,M,4370689.0,730983.0,06
201600011246,16,9,20,1145,1,2,1,1,2.0,06088,M,4371235.0,726187.0,06
201600011247,16,9,20,1335,1,2,1,1,6.0,06088,M,4370711.0,725992.0,06
201600011248,16,9,20,1645,1,1,2,1,3.0,06088,M,4369957.0,725292.0,06
201600011249,16,9,22,1730,1,2,7,1,3.0,06088,M,4370531.0,728997.0,06
201600011250,16,9,23,745,1,2,1,1,3.0,06088,M,4369501.0,726620.0,06
201600011251,16,9,23,1107,1,2,1,1,6.0,06088,M,,,06
201600011252,16,9,23,2230,5,2,1,1,1.0,06088,M,,,06
201600011253,16,9,25,1630,1,2,1,1,3.0,06088,M,,,06
201600011254,16,9,26,740,1,2,2,1,2.0,06088,M,,,06
201600011255,16,9,27,715,2,2,2,1,3.0,06088,M,,,06
201600011256,16,9,27,1030,1,2,1,1,3.0,06088,M,,,06
201600011257,16,9,27,1420,1,2,1,1,2.0,06088,M,4371035.0,728255.0,06
201600011258,16,9,29,1645,1,2,1,1,2.0,06088,M,,,06
201600011259,16,10,1,1435,1,2,1,1,3.0,06088,M,4370643.0,725607.0,06
201600011260,16,10,2,2225,5,2,2,1,3.0,06088,M,4369674.0,725626.0,06
201600011261,16,10,4,1338,1,2,1,1,1.0,06088,M,,,06
201600011262,16,10,4,2130,5,2,1,1,2.0,06088,M,,,06
201600011263,16,10,7,1300,1,2,9,1,5.0,06088,M,,,06
201600011264,16,10,8,1500,1,2,1,1,3.0,06088,M,,,06
201600011265,16,10,8,1540,1,2,2,1,3.0,06088,M,,,06
201600011266,16,10,8,2128,5,2,2,1,3.0,06088,M,,,06
201600011267,16,10,9,1945,5,2,1,2,1.0,06088,M,,,06
201600011268,16,10,9,2113,5,2,1,2,6.0,06088,M,,,06
201600011269,16,10,10,1430,1,2,1,1,3.0,06088,M,,,06
201600011270,16,10,10,2044,5,2,1,3,6.0,06088,M,,,06
201600011271,16,10,11,715,1,2,1,1,3.0,06088,M,,,06
201600011272,16,10,11,715,1,2,2,1,3.0,06088,M,,,06
201600011273,16,10,13,807,1,2,1,3,6.0,06088,M,,,06
201600011274,16,10,16,2127,5,2,9,1,3.0,06088,M,,,06
201600011275,16,10,18,1730,1,2,1,1,4.0,06088,M,,,06
201600011276,16,10,19,1430,1,2,1,1,2.0,06088,M,,,06
201600011277,16,10,19,2150,5,2,2,1,7.0,06088,M,,,06
201600011278,16,10,20,145,5,2,2,1,3.0,06088,M,,,06
201600011279,16,10,20,1420,1,2,3,1,3.0,06088,M,,,06
201600011280,16,10,20,1900,5,2,1,1,6.0,06088,M,,,06
201600011281,16,10,20,2220,4,2,2,2,3.0,06088,M,4370735.0,726245.0,06
201600011282,16,10,22,1010,1,2,1,1,3.0,06088,M,,,06
201600011283,16,10,22,2220,5,2,2,1,3.0,06088,M,4370415.0,726846.0,06
201600011284,16,10,23,530,5,2,1,2,6.0,06088,M,,,06
201600011285,16,10,24,1740,1,2,1,1,6.0,06088,M,,,06
201600011286,16,10,25,1700,1,2,1,2,6.0,06088,M,,,06
201600011287,16,10,25,2140,5,2,2,1,3.0,06088,M,,,06
201600011288,16,10,27,1130,1,2,1,1,1.0,06088,M,,,06
201600011289,16,10,27,1645,1,2,3,1,3.0,06088,M,,,06
201600011290,16,10,27,1945,5,2,1,1,6.0,06088,M,,,06
201600011291,16,10,27,2005,5,2,1,1,3.0,06088,M,,,06
201600011292,16,10,28,1650,1,2,1,1,2.0,06088,M,,,06
201600011293,16,10,28,1621,1,2,1,1,2.0,06088,M,,,06
201600011294,16,10,29,640,5,2,1,1,6.0,06088,M,,,06
201600011295,16,10,29,745,1,2,1,1,5.0,06088,M,,,06
201600011296,16,10,29,2110,5,1,1,1,6.0,06088,M,,,06
201600011297,16,11,1,115,5,2,1,1,1.0,06088,M,4368855.0,722999.0,06
201600011298,16,11,1,1240,1,2,2,1,3.0,06088,M,4370644.0,726855.0,06
201600011299,16,11,2,1640,1,2,1,1,3.0,06088,M,4370926.0,725336.0,06
201600011300,16,11,3,900,1,2,1,1,1.0,06088,M,,,06
201600011301,16,11,3,1845,5,2,3,1,3.0,06088,M,4371835.0,725252.0,06
201600011302,16,11,4,1200,1,2,1,1,6.0,06088,M,4370525.0,726454.0,06
201600011303,16,11,5,550,5,1,1,2,6.0,06088,M,4370143.0,725371.0,06
201600011304,16,11,5,1120,1,2,1,1,2.0,06088,M,4370751.0,726802.0,06
201600011305,16,11,5,1830,5,1,1,2,4.0,06088,M,4373092.0,718476.0,06
201600011306,16,11,6,134,5,2,1,2,1.0,06088,M,4369659.0,725626.0,06
201600011307,16,11,6,1940,5,2,1,1,3.0,06088,M,4373441.0,729435.0,06
201600011308,16,11,9,645,4,2,1,1,1.0,06088,M,4371861.0,728127.0,06
201600011309,16,11,11,2125,5,2,1,1,6.0,06088,M,4373682.0,729840.0,06
201600011310,16,11,12,530,5,2,1,1,1.0,06088,M,4369491.0,727703.0,06
201600011311,16,11,12,1030,1,2,2,1,3.0,06088,M,4368379.0,720293.0,06
201600011312,16,11,12,1310,1,2,2,1,3.0,06088,M,4370516.0,729100.0,06
201600011313,16,11,12,1615,1,2,2,1,3.0,06088,M,4368379.0,720293.0,06
201600011314,16,11,12,1900,4,2,1,1,3.0,06088,M,4371142.0,728820.0,06
201600011315,16,11,13,320,5,2,1,1,6.0,06159,M,4370762.0,731601.0,06
201600011316,16,11,16,1645,2,2,1,1,3.0,06088,M,4370994.0,726001.0,06
201600011317,16,11,17,1300,1,2,1,1,2.0,06088,M,4367027.0,721425.0,06
201600011318,16,11,18,845,1,2,1,1,4.0,06088,M,4367243.0,721949.0,06
201600011319,16,11,18,1220,1,1,1,1,3.0,06088,M,,,06
201600011320,16,11,18,1735,5,2,1,1,6.0,06088,M,4370287.0,723581.0,06
201600011321,16,11,19,1345,1,2,1,1,2.0,06088,M,4371797.0,729201.0,06
201600011322,16,11,20,1330,1,2,2,1,3.0,06088,M,4370265.0,728327.0,06
201600011323,16,11,20,1920,5,2,1,2,6.0,06088,M,4369705.0,724117.0,06
201600011324,16,11,21,1550,1,2,3,2,6.0,06088,M,4369511.0,726616.0,06
201600011325,16,11,21,2310,5,2,4,2,3.0,06088,M,4371694.0,725548.0,06
201600011326,16,11,22,1110,1,2,1,2,2.0,06088,M,4372574.0,727526.0,06
201600011327,16,11,24,1200,1,2,1,3,6.0,06088,M,4370080.0,726059.0,06
201600011328,16,11,25,820,1,2,1,8,6.0,06088,M,4368123.0,719894.0,06
201600011329,16,11,26,1241,1,2,2,1,3.0,06088,M,4371220.0,729268.0,06
201600011330,16,11,27,1850,5,2,1,1,3.0,06088,M,4368370.0,721050.0,06
201600011331,16,11,27,1955,5,2,1,1,6.0,06088,M,4369726.0,726974.0,06
201600011332,16,11,28,815,1,2,4,1,6.0,06088,M,4367153.0,720989.0,06
201600011333,16,11,28,1650,2,2,1,1,7.0,06088,M,4371546.0,729115.0,06
201600011334,16,11,28,1905,5,2,1,1,5.0,06088,M,4366421.0,719994.0,06
201600011335,16,11,29,805,1,1,1,1,3.0,06088,M,4372260.0,728192.0,06
201600011336,16,11,29,1730,1,2,1,1,6.0,06088,M,4369515.0,727168.0,06
201600011337,16,11,30,800,1,2,1,1,1.0,06088,M,4372627.0,722773.0,06
201600011338,16,12,1,1640,2,2,3,1,3.0,06088,M,4370704.0,728005.0,06
201600011339,16,12,2,845,1,2,1,1,2.0,06088,M,4370577.0,728093.0,06
201600011340,16,12,2,850,1,2,1,1,3.0,06088,M,4370842.0,721509.0,06
201600011341,16,12,2,1930,5,2,2,1,3.0,06088,M,4373143.0,728541.0,06
201600011342,16,12,3,2345,5,2,1,1,1.0,06088,M,4369315.0,728073.0,06
201600011343,16,12,3,1855,5,2,3,1,3.0,06088,M,4369738.0,719619.0,06
201600011344,16,12,4,1055,1,1,1,1,3.0,06088,M,4371338.0,729613.0,06
201600011345,16,12,5,1455,1,2,1,1,7.0,06088,M,4370720.0,722405.0,06
201600011346,16,12,7,250,5,2,1,1,1.0,06088,M,4369312.0,728090.0,06
201600011347,16,12,7,915,1,2,3,1,6.0,06088,M,4368047.0,723032.0,06
201600011348,16,12,7,1405,1,2,1,1,6.0,06088,M,4370015.0,725611.0,06
201600011349,16,12,7,2040,5,1,1,1,1.0,06088,M,4371579.0,726277.0,06
201600011350,16,12,8,740,1,2,1,1,6.0,06088,M,4371991.0,726639.0,06
201600011351,16,12,8,1230,1,2,2,1,3.0,06088,M,4367588.0,722068.0,06
201600011352,16,12,8,1600,1,2,3,1,6.0,06088,M,4371116.0,725893.0,06
201600011353,16,12,8,2110,5,2,2,1,3.0,06088,M,4369930.0,728316.0,06
201600011354,16,12,9,830,1,2,1,1,5.0,06088,M,4368943.0,724296.0,06
201600011355,16,12,10,100,5,2,1,1,2.0,06088,M,4367861.0,722966.0,06
201600011356,16,12,10,834,1,2,2,1,3.0,06088,M,4369839.0,727415.0,06
201600011357,16,12,12,1000,1,2,2,1,3.0,06088,M,4367501.0,722713.0,06
201600011358,16,12,13,1210,1,2,3,1,3.0,06088,M,4371765.0,726283.0,06
201600011359,16,12,15,1410,1,2,2,1,1.0,06088,M,4372810.0,727701.0,06
201600011360,16,12,15,1740,5,2,1,1,2.0,06088,M,4372029.0,728671.0,06
201600011361,16,12,17,510,3,2,1,1,3.0,06088,M,4367517.0,722746.0,06
201600011362,16,12,17,605,5,2,3,1,5.0,06088,M,4370315.0,727716.0,06
201600011363,16,12,17,1800,5,2,1,1,6.0,06088,M,4372078.0,726312.0,06
201600011364,16,12,18,1730,2,2,1,1,3.0,06088,M,,,06
201600011365,16,12,19,1315,1,2,1,2,6.0,06088,M,4370833.0,729142.0,06
201600011366,16,12,19,1845,5,2,1,2,6.0,06088,M,4370844.0,725205.0,06
201600011367,16,12,18,20,5,2,1,1,7.0,06088,M,4371910.0,728479.0,06
201600011368,16,12,19,2115,5,2,1,2,6.0,06088,M,4368796.0,723686.0,06
201600011369,16,12,21,1400,1,1,2,1,3.0,06088,M,4368567.0,719470.0,06
201600011370,16,12,22,1415,1,2,2,1,6.0,06088,M,4370244.0,728788.0,06
201600011371,16,12,22,2340,5,2,1,1,1.0,06088,M,4369524.0,725624.0,06
201600011372,16,12,24,115,5,2,1,1,5.0,06088,M,4368157.0,723233.0,06
201600011373,16,12,24,450,5,2,1,1,6.0,06088,M,4369214.0,729340.0,06
201600011374,16,12,25,345,5,2,1,1,6.0,06088,M,4367001.0,722103.0,06
201600011375,16,12,26,1515,1,2,1,1,3.0,06088,M,4371267.0,725528.0,06
201600011376,16,12,27,2010,5,2,1,1,1.0,06088,M,4371133.0,727888.0,06
201600011377,16,12,28,741,5,2,1,1,6.0,06088,M,4366600.0,720823.0,06
201600011378,16,12,28,2250,5,2,1,1,6.0,06088,M,4369744.0,728367.0,06
201600011379,16,12,30,1220,1,2,1,1,3.0,06088,M,4371099.0,724565.0,06
201600011380,16,12,31,1715,1,1,1,1,3.0,06088,M,4371062.0,719200.0,06
201600011381,16,11,29,700,3,2,2,1,3.0,33099,M,4480331.0,-48143.0,33
201600011382,16,1,1,230,3,1,1,2,3.0,58300,M,0.0,0.0,58
201600011383,16,1,2,1145,1,1,1,1,7.0,58212,M,0.0,0.0,58
201600011384,16,3,10,815,1,1,1,9,1.0,58207,M,0.0,0.0,58
201600011385,16,4,6,1700,1,2,1,1,1.0,58300,M,0.0,0.0,58
201600011386,16,4,13,815,1,2,6,1,2.0,58303,M,0.0,0.0,58
201600011387,16,7,3,1915,1,1,1,1,3.0,58196,M,0.0,0.0,58
201600011388,16,7,31,500,3,1,1,1,6.0,58303,M,0.0,0.0,58
201600011389,16,9,24,645,2,1,1,1,6.0,58254,M,0.0,0.0,58
201600011390,16,10,5,1345,1,2,1,1,1.0,58303,M,0.0,0.0,58
201600011391,16,12,5,1730,3,1,1,1,3.0,58303,M,0.0,0.0,58
201600011392,16,12,14,1730,5,2,1,1,6.0,58088,M,0.0,0.0,58
201600011393,16,1,9,1700,1,2,1,1,3.0,21515,M,4730597.0,509819.0,21
201600011394,16,1,4,1245,1,2,1,1,7.0,21171,M,4730226.0,514085.0,21
201600011395,16,3,15,1245,1,2,1,1,1.0,21515,M,4731700.0,509600.0,21
201600011396,16,7,1,800,1,2,1,1,3.0,21515,M,4731764.0,509483.0,21
201600011397,16,7,1,1630,1,2,9,1,6.0,21515,M,4731382.0,511292.0,21
201600011398,16,7,26,1915,1,2,1,1,3.0,21605,M,4729301.0,510548.0,21
201600011399,16,7,28,1200,1,2,1,1,6.0,21515,M,4731252.0,511647.0,21
201600011400,16,9,27,700,2,2,1,1,3.0,21515,M,4731153.0,510441.0,21
201600011401,16,5,2,1830,1,1,1,1,6.0,15235,M,4500100.0,302200.0,15
201600011402,16,5,20,730,1,1,1,1,6.0,15045,M,4482900.0,298100.0,15
201600011403,16,7,10,515,4,1,1,1,6.0,15152,M,4492500.0,287000.0,15
201600011404,16,7,25,1445,1,1,1,1,6.0,15142,M,4490300.0,300600.0,15
201600011405,16,4,6,1800,1,1,1,7,3.0,13040,M,4347864.0,556630.0,13
201600011406,16,5,15,730,1,1,1,1,1.0,13040,M,0.0,0.0,13
201600011407,16,5,22,1730,1,1,1,1,3.0,13025,M,0.0,0.0,13
201600011408,16,6,9,2030,1,1,1,1,1.0,13040,M,0.0,0.0,13
201600011409,16,6,26,2100,1,2,1,1,6.0,13040,M,4347794.0,553491.0,13
201600011410,16,7,18,1400,1,1,1,1,1.0,13040,M,4348100.0,554000.0,13
201600011411,16,7,24,1915,1,1,1,1,1.0,13087,M,4348927.0,562983.0,13
201600011412,16,7,28,1600,1,1,1,1,1.0,13040,M,4344206.0,555397.0,13
201600011413,16,8,24,1045,1,1,1,1,5.0,13087,M,4349400.0,564700.0,13
201600011414,16,11,26,1700,3,1,1,1,1.0,13025,M,0.0,0.0,13
201600011415,16,1,18,1330,1,1,1,2,5.0,47045,M,4413830.0,39386.0,47
201600011416,16,3,14,1015,1,2,1,1,6.0,47143,M,4418400.0,29365.0,47
201600011417,16,3,23,1730,1,1,1,1,1.0,47180,M,4413620.0,46513.0,47
201600011418,16,4,19,1430,1,1,1,1,7.0,47174,M,4404640.0,36385.0,47
201600011419,16,4,22,1745,1,1,1,1,3.0,47318,M,4423540.0,32221.0,47
201600011420,16,4,28,745,1,1,1,1,1.0,47318,M,4419460.0,32838.0,47
201600011421,16,6,2,1645,1,2,1,1,1.0,47021,M,4417680.0,25963.0,47
201600011422,16,7,1,1800,1,1,1,1,6.0,47327,M,4419600.0,25749.0,47
201600011423,16,7,31,1300,1,1,1,1,7.0,47195,M,4413910.0,29989.0,47
201600011424,16,8,1,745,1,1,1,1,7.0,47287,M,4412530.0,46521.0,47
201600011425,16,9,16,1615,1,1,3,2,3.0,47318,M,4422880.0,32412.0,47
201600011426,16,12,23,1830,3,2,1,2,6.0,47143,M,4417300.0,29308.0,47
201600011427,16,12,31,1120,1,2,3,1,3.0,07019,M,4461387.0,439359.0,07
201600011428,16,1,20,2045,3,1,1,1,6.0,07231,M,,,07
201600011429,16,1,22,2340,3,1,1,2,1.0,07116,M,4463780.0,437497.0,07
201600011430,16,1,27,735,5,2,3,8,1.0,07019,M,,,07
201600011431,16,1,28,1700,2,2,1,1,6.0,07019,M,,,07
201600011432,16,2,27,55,5,2,3,2,3.0,07019,M,4461950.0,439425.0,07
201600011433,16,2,19,1220,1,2,6,1,3.0,07019,M,4461541.0,440105.0,07
201600011434,16,2,21,1215,1,1,1,1,6.0,07019,M,,,07
201600011435,16,3,17,803,1,2,1,1,2.0,07019,M,4400000.0,400000.0,07
201600011436,16,3,29,1400,1,2,1,1,6.0,07019,M,4461880.0,438463.0,07
201600011437,16,4,4,1720,1,1,1,8,3.0,07019,M,4459222.0,442097.0,07
201600011438,16,4,13,1800,1,1,1,8,1.0,07019,M,4462436.0,438586.0,07
201600011439,16,4,11,1645,1,2,1,1,6.0,07019,M,4462097.0,439219.0,07
201600011440,16,4,16,1650,1,2,2,1,3.0,07019,M,4461702.0,437986.0,07
201600011441,16,6,1,1750,1,1,1,1,3.0,07325,M,4438214.0,423196.0,07
201600011442,16,6,27,2200,5,2,1,1,6.0,07019,M,,,07
201600011443,16,7,11,1750,1,1,1,1,3.0,07019,M,4462436.0,438588.0,07
201600011444,16,7,23,1730,1,1,1,1,2.0,07019,M,4463038.0,438038.0,07
201600011445,16,10,20,910,1,2,6,1,3.0,07019,M,4460930.0,439564.0,07
201600011446,16,11,5,1730,3,1,1,3,3.0,07019,M,4459229.0,442212.0,07
201600011447,16,11,11,505,3,2,1,1,6.0,07231,M,4459493.0,439041.0,07
201600011448,16,12,10,530,5,2,1,1,6.0,07231,M,4459774.0,437887.0,07
201600011449,16,12,15,1220,1,1,6,1,2.0,07019,M,4461255.0,440816.0,07