Num_Acc,an,mois,jour,hrmn,lum,agg,int,atm,col,com,gps,lat,long,dep
201600011450,16,2,4,848,1,2,1,1,4.0,07102,M,4493241.0,488172.0,07
201600011451,16,2,11,1125,1,2,1,1,2.0,07070,M,4496763.0,485008.0,07
201600011452,16,3,14,2345,5,2,6,1,6.0,07281,M,4494541.0,485244.0,07
201600011453,16,3,19,2010,5,2,1,1,6.0,07102,M,,,07
201600011454,16,3,28,1105,1,2,3,8,5.0,07070,M,4496050.0,485222.0,07
201600011455,16,4,4,805,1,2,3,1,3.0,07102,M,4493330.0,485686.0,07
201600011456,16,4,4,1520,1,1,6,1,6.0,07316,M,4489041.0,485033.0,07
201600011457,16,4,21,1700,1,2,1,1,6.0,07102,M,4493866.0,486511.0,07
201600011458,16,4,25,920,1,2,1,1,6.0,07102,M,4493844.0,486377.0,07
201600011459,16,5,1,740,1,1,1,1,1.0,07281,M,4494052.0,483316.0,07
201600011460,16,5,20,1725,1,2,1,1,6.0,07281,M,4494261.0,485969.0,07
201600011461,16,5,21,1330,1,2,3,1,7.0,07102,M,,,07
201600011462,16,7,2,1720,1,2,1,1,6.0,07281,M,4494605.0,484930.0,07
201600011463,16,7,13,905,1,2,2,1,3.0,07102,M,4493072.0,486277.0,07
201600011464,16,7,13,1645,1,2,2,1,3.0,07070,M,,,07
201600011465,16,7,14,1325,1,2,3,1,3.0,07102,M,4493813.0,486222.0,07
201600011466,16,7,29,930,1,2,3,1,6.0,07281,M,4494905.0,484355.0,07
201600011467,16,7,23,1850,1,1,1,1,3.0,07281,M,,,07
201600011468,16,8,16,945,1,2,1,1,1.0,07102,M,,,07
201600011469,16,9,29,1650,1,2,1,1,6.0,07102,M,,,07
201600011470,16,10,13,830,2,1,1,2,3.0,07070,M,,,07
201600011471,16,11,12,1130,1,2,1,1,2.0,07281,M,,,07
201600011472,16,11,12,1828,5,2,1,1,4.0,07102,M,,,07
201600011473,16,11,22,1440,1,1,1,2,1.0,07102,M,,,07
201600011474,16,11,27,1930,5,2,6,1,3.0,07102,M,,,07
201600011475,16,3,14,945,1,1,1,1,1.0,11202,M,4292001.0,301819.0,11
201600011476,16,4,30,1945,2,1,1,6,7.0,11202,M,4293622.0,301865.0,11
201600011477,16,6,5,700,1,1,1,1,7.0,11202,M,4292999.0,301356.0,11
201600011478,16,6,29,2315,3,1,1,1,6.0,11144,M,4290424.0,300055.0,11
201600011479,16,8,21,1945,1,1,1,1,1.0,11144,M,4292575.0,299443.0,11
201600011480,16,2,19,1915,5,2,1,8,6.0,57038,M,4948002.0,596139.0,57
201600011481,16,5,23,2230,3,1,1,1,3.0,57041,M,0.0,0.0,57
201600011482,16,5,25,430,2,1,1,1,1.0,57041,M,0.0,0.0,57
201600011483,16,5,24,1500,1,1,1,1,3.0,57038,M,0.0,0.0,57
201600011484,16,5,30,1230,1,2,1,3,1.0,57529,M,0.0,0.0,57
201600011485,16,5,31,1430,1,1,1,2,1.0,57038,M,0.0,0.0,57
201600011486,16,6,10,1700,1,1,1,1,3.0,57038,M,0.0,0.0,57
201600011487,16,6,16,545,1,1,1,1,6.0,57498,M,4933356.0,600186.0,57
201600011488,16,7,17,1045,1,2,1,1,1.0,57498,M,0.0,0.0,57
201600011489,16,9,27,1700,1,2,1,1,6.0,57038,M,4947561.0,595788.0,57
201600011490,16,1,19,1814,5,1,6,1,3.0,07186,M,4472333.0,460661.0,07
201600011491,16,5,14,330,3,1,1,1,7.0,07186,M,,,07
201600011492,16,5,30,1235,1,2,3,1,6.0,07186,M,,,07
201600011493,16,5,21,1100,1,2,1,1,6.0,07186,M,,,07
201600011494,16,6,22,810,1,1,1,1,6.0,07008,M,,,07
201600011495,16,6,23,1035,1,2,1,1,7.0,07186,M,4443361.0,436494.0,07
201600011496,16,6,26,1155,1,2,1,1,6.0,07186,M,4473496.0,459645.0,07
201600011497,16,8,3,1705,1,2,1,1,1.0,07186,M,4473258.0,458538.0,07
201600011498,16,8,7,1825,1,2,1,1,1.0,07186,M,4473474.0,459867.0,07
201600011499,16,6,6,1900,1,1,4,1,3.0,07186,M,,,07
201600011500,16,8,20,1815,1,1,1,1,7.0,07008,M,4471261.0,463552.0,07
201600011501,16,7,12,1730,1,1,1,2,4.0,07008,M,,,07
201600011502,16,11,10,1740,5,2,4,2,6.0,07186,M,4473810.0,460156.0,07
201600011503,16,12,12,850,1,2,1,1,6.0,07186,M,4473220.0,459236.0,07
201600011504,16,12,6,1750,5,2,1,1,6.0,07186,M,,,07
201600011505,16,1,24,1845,5,2,2,1,5.0,34134,M,4359010.0,380098.0,34
201600011506,16,2,4,1600,1,1,1,1,6.0,34282,M,4362750.0,368673.0,34
201600011507,16,4,29,1230,1,1,1,1,3.0,34134,M,4357700.0,379501.0,34
201600011508,16,4,29,1615,1,1,1,1,7.0,34163,M,4368130.0,369255.0,34
201600011509,16,6,4,1715,1,2,1,1,6.0,34123,M,4361330.0,380617.0,34
201600011510,16,7,19,815,1,2,1,1,5.0,34202,M,4358460.0,377833.0,34
201600011511,16,8,22,1445,1,1,1,1,3.0,34134,M,4358980.0,380042.0,34
201600011512,16,10,9,230,5,2,1,1,1.0,34123,M,4361000.0,380196.0,34
201600011513,16,1,9,1615,1,2,1,1,6.0,11397,M,4321200.0,244200.0,11
201600011514,16,2,24,1600,1,2,1,1,6.0,11397,M,4320756.0,245330.0,11
201600011515,16,4,2,245,3,2,1,1,6.0,11027,M,4318600.0,250300.0,11
201600011516,16,4,20,1415,1,1,1,1,7.0,11146,M,4317486.0,248147.0,11
201600011517,16,5,14,800,1,1,1,1,6.0,11257,M,4315056.0,248102.0,11
201600011518,16,7,26,1745,1,1,1,1,1.0,11068,M,4319663.0,254084.0,11
201600011519,16,6,6,1130,1,1,1,1,1.0,23077,M,4572429.0,193691.0,23
201600011520,16,6,20,1400,1,1,1,1,1.0,23077,M,4574557.0,193673.0,23
201600011521,16,7,14,1745,1,2,1,1,6.0,23140,M,4591341.0,219695.0,23
201600011522,16,1,13,715,2,1,1,1,6.0,91249,M,4860460.0,207894.0,91
201600011523,16,1,15,2015,3,1,1,1,6.0,91249,M,4860458.0,207898.0,91
201600011524,16,1,18,2300,3,1,1,1,2.0,91017,M,4859900.0,205788.0,91
201600011525,16,1,20,2230,3,1,1,1,6.0,28026,M,4831994.0,186317.0,28
201600011526,16,2,17,1815,2,1,1,1,6.0,78120,M,4863800.0,201100.0,78
201600011527,16,3,19,1015,1,1,1,1,2.0,78009,M,4845500.0,191000.0,78
201600011528,16,3,30,1745,1,1,1,2,3.0,78009,M,4848200.0,191200.0,78
201600011529,16,4,24,645,2,1,1,1,6.0,91363,M,4864145.0,215566.0,91
201600011530,16,5,21,1900,1,1,1,2,6.0,78537,M,0.0,0.0,78
201600011531,16,5,27,1615,1,1,1,7,1.0,78087,M,4862900.0,204000.0,78
201600011532,16,5,30,1345,1,1,1,2,6.0,78470,M,0.0,0.0,78
201600011533,16,6,1,1130,1,1,1,8,6.0,78569,M,0.0,0.0,78
201600011534,16,6,2,530,2,1,1,2,6.0,78522,M,0.0,0.0,78
201600011535,16,6,14,1400,1,1,1,1,7.0,78601,M,4854600.0,188200.0,78
201600011536,16,6,22,145,4,1,1,1,2.0,78349,M,4858600.0,202000.0,78
201600011537,16,6,28,1445,1,1,1,1,4.0,91017,M,4859485.0,204857.0,91
201600011538,16,7,24,815,1,1,1,1,7.0,28092,M,4834193.0,186894.0,28
201600011539,16,8,13,2045,1,1,1,1,2.0,91319,M,4864190.0,215654.0,91
201600011540,16,8,19,1945,1,1,1,1,2.0,78506,M,0.0,0.0,78
201600011541,16,8,27,215,3,1,1,1,6.0,28169,M,4843709.0,190613.0,28
201600011542,16,9,2,1945,1,1,1,1,2.0,91319,M,4864039.0,215399.0,91
201600011543,16,10,6,800,1,1,1,1,6.0,28363,M,4841329.0,189716.0,28
201600011544,16,11,11,730,1,1,9,1,6.0,78003,M,0.0,0.0,78
201600011545,16,11,27,1315,1,1,1,1,2.0,91111,M,0.0,0.0,91
201600011546,16,12,13,1100,1,1,1,1,2.0,91363,M,4865997.0,218525.0,91
201600011547,16,2,23,2115,3,1,1,1,1.0,51054,M,4928553.0,438172.0,51
201600011548,16,3,12,1930,3,1,1,1,6.0,51105,M,4926500.0,408584.0,51
201600011549,16,1,29,600,2,1,1,9,7.0,69007,M,4550600.0,480200.0,69
201600011550,16,3,1,2100,5,2,1,1,6.0,69118,M,0.0,0.0,69
201600011551,16,3,10,1030,1,1,3,1,3.0,69007,M,0.0,0.0,69
201600011552,16,4,9,1700,1,1,1,1,6.0,69091,M,0.0,0.0,69
201600011553,16,4,28,1345,1,2,1,1,6.0,69189,M,0.0,0.0,69
201600011554,16,10,9,1630,1,2,1,1,6.0,69064,M,4546356.0,476829.0,69
201600011555,16,11,24,1430,1,1,1,5,6.0,69080,M,4554207.0,472991.0,69
201600011556,16,1,17,145,5,2,1,9,6.0,37050,M,0.0,0.0,37
201600011557,16,2,7,1415,1,2,1,1,3.0,37050,M,0.0,0.0,37
201600011558,16,3,27,1000,1,1,1,6,2.0,37050,M,0.0,0.0,37
201600011559,16,5,4,2145,5,2,1,1,3.0,37050,M,0.0,0.0,37
201600011560,16,7,6,1400,1,1,1,1,6.0,37018,M,0.0,0.0,37
201600011561,16,9,1,700,1,2,1,1,3.0,37018,M,0.0,0.0,37
201600011562,16,4,6,1630,1,2,1,1,3.0,29043,M,4835650.0,-425810.0,29
201600011563,16,4,19,1815,1,2,1,1,2.0,29080,M,4832868.0,-424168.0,29
201600011564,16,7,17,1145,1,1,1,1,6.0,29137,M,4835176.0,-427109.0,29
201600011565,16,8,28,115,3,1,1,1,6.0,29080,M,0.0,0.0,29
201600011566,16,3,26,1930,1,2,2,1,2.0,33229,M,0.0,0.0,33
201600011567,16,4,19,1415,1,2,3,1,7.0,33005,M,4473971.0,-109391.0,33
201600011568,16,4,27,345,3,1,1,1,7.0,33229,M,0.0,0.0,33
201600011569,16,5,7,2030,2,1,3,1,3.0,33229,M,4470070.0,-102577.0,33
201600011570,16,6,16,1615,1,2,1,2,3.0,33005,M,4474458.0,-108520.0,33
201600011571,16,6,24,1545,1,1,1,1,1.0,33005,M,4475617.0,-111409.0,33
201600011572,16,8,30,1645,1,1,1,1,6.0,33229,M,0.0,0.0,33
201600011573,16,9,3,1930,1,2,1,1,4.0,33229,M,4470330.0,-103692.0,33
201600011574,16,9,11,700,2,2,1,1,1.0,33229,M,4478681.0,-93568.0,33
201600011575,16,10,28,1645,1,2,1,1,3.0,33005,M,4473383.0,-108249.0,33
201600011576,16,10,31,1700,1,2,2,7,1.0,33005,M,4474694.0,-108952.0,33
201600011577,16,1,7,545,3,2,1,2,6.0,60142,M,4912825.0,253145.0,60
201600011578,16,3,29,1615,1,1,1,7,6.0,60482,M,4913576.0,250740.0,60
201600011579,16,7,28,530,1,1,1,1,6.0,60142,M,4913614.0,253099.0,60
201600011580,16,8,22,1600,1,1,1,1,1.0,60482,M,4914308.0,254071.0,60
201600011581,16,9,9,1715,1,1,1,1,3.0,60482,M,4913884.0,249293.0,60
201600011582,16,10,4,2330,3,1,1,1,1.0,60505,M,4917013.0,255959.0,60
201600011583,16,11,12,1130,2,1,1,2,1.0,60494,M,4909988.0,257636.0,60
201600011584,16,2,7,1400,1,1,1,4,5.0,73257,M,4536686.0,651872.0,73
201600011585,16,3,9,715,1,2,1,1,6.0,73257,M,0.0,0.0,73
201600011586,16,10,9,2345,3,1,1,1,6.0,51147,M,4902962.0,448579.0,51
201600011587,16,10,20,2315,3,1,1,1,2.0,51545,M,4875911.0,423654.0,51
201600011588,16,3,22,945,1,1,1,7,1.0,77069,M,4845554.0,261065.0,77
201600011589,16,4,2,1115,1,1,1,1,2.0,77458,M,4819395.0,276816.0,77
201600011590,16,4,5,315,3,1,1,1,2.0,77370,M,0.0,0.0,77
201600011591,16,3,31,1630,1,1,1,2,6.0,91441,M,4884600.0,250700.0,91
201600011592,16,5,28,2330,3,1,1,3,6.0,91441,M,4850500.0,250600.0,91
201600011593,16,6,24,1615,1,1,1,1,5.0,77477,M,0.0,0.0,77
201600011594,16,8,5,530,3,1,1,1,6.0,77458,M,0.0,0.0,77
201600011595,16,8,24,2200,3,1,1,1,5.0,77412,M,0.0,0.0,77
201600011596,16,10,17,1350,1,1,1,8,6.0,77412,M,4847218.0,251185.0,77
201600011597,16,10,23,1800,1,1,1,3,1.0,77069,M,4845565.0,260906.0,77
201600011598,16,11,14,705,1,1,1,1,2.0,77370,M,4822097.0,276807.0,77
201600011599,16,11,22,100,3,1,1,1,6.0,45026,M,4811741.0,298081.0,45
201600011600,16,11,24,1225,1,1,1,1,2.0,77001,M,4836679.0,256696.0,77
201600011601,16,11,27,1320,1,1,1,1,7.0,77071,M,4819670.0,280816.0,77
201600011602,16,12,13,2125,3,1,1,1,6.0,77216,M,4830749.0,265861.0,77
201600011603,16,12,26,600,3,1,1,2,6.0,45026,M,0.0,0.0,45
201600011604,16,1,2,1400,1,1,1,1,6.0,62259,M,0.0,0.0,62
201600011605,16,1,12,630,3,1,1,2,2.0,62259,M,0.0,0.0,62
201600011606,16,2,11,330,3,1,1,1,1.0,62829,M,0.0,0.0,62
201600011607,16,5,31,1630,1,1,1,2,6.0,62426,M,0.0,0.0,62
201600011608,16,8,8,1030,1,1,1,3,3.0,62829,M,0.0,0.0,62
201600011609,16,9,3,645,2,1,1,1,2.0,62476,M,0.0,0.0,62
201600011610,16,9,7,1330,1,1,1,1,2.0,62259,M,0.0,0.0,62
201600011611,16,9,7,1500,1,1,1,1,4.0,62839,M,0.0,0.0,62
201600011612,16,10,21,2315,5,2,1,1,6.0,62801,M,5039115.0,273840.0,62
201600011613,16,12,1,1845,3,1,1,1,6.0,62093,M,0.0,0.0,62
201600011614,16,1,17,1630,1,1,1,1,7.0,80204,M,0.0,0.0,80
201600011615,16,1,20,700,2,1,9,8,4.0,80288,M,0.0,0.0,80
201600011616,16,2,7,1545,1,1,1,1,6.0,80428,M,0.0,0.0,80
201600011617,16,3,17,630,2,1,1,1,1.0,80521,M,0.0,0.0,80
201600011618,16,4,26,1600,1,1,9,1,2.0,80685,M,0.0,0.0,80
201600011619,16,5,9,715,2,1,1,1,6.0,80467,M,0.0,0.0,80
201600011620,16,5,9,1315,1,1,1,1,2.0,80313,M,0.0,0.0,80
201600011621,16,6,1,1130,1,1,1,8,2.0,80342,M,0.0,0.0,80
201600011622,16,6,3,1645,1,1,1,8,6.0,80551,M,0.0,0.0,80
201600011623,16,7,11,1815,1,1,1,1,6.0,80417,M,0.0,0.0,80
201600011624,16,7,27,300,3,1,1,1,5.0,80204,M,0.0,0.0,80
201600011625,16,9,27,1715,1,1,1,1,7.0,80741,M,4985766.0,278461.0,80
201600011626,16,10,2,2245,3,1,1,1,5.0,80101,M,0.0,0.0,80
201600011627,16,10,12,1430,1,1,9,1,2.0,80646,M,4979195.0,280380.0,80
201600011628,16,11,7,628,3,1,1,2,2.0,80555,M,4983130.0,304612.0,80
201600011629,16,12,12,325,3,1,1,5,4.0,80002,M,4985265.0,283267.0,80
201600011630,16,1,15,1845,3,1,1,1,4.0,13051,M,0.0,0.0,13
201600011631,16,3,22,2130,3,1,1,1,2.0,13112,M,0.0,0.0,13
201600011632,16,4,4,1630,1,1,1,1,2.0,13103,M,4362768.0,511210.0,13
201600011633,16,4,7,1700,1,1,1,1,2.0,13044,M,0.0,0.0,13
201600011634,16,4,13,945,1,1,1,1,2.0,13105,M,4374201.0,509012.0,13
201600011635,16,4,16,1145,1,1,1,1,4.0,13118,M,0.0,0.0,13
201600011636,16,5,4,745,1,1,1,1,6.0,13037,M,0.0,0.0,13
201600011637,16,5,7,2230,3,1,1,1,7.0,13001,M,0.0,0.0,13
201600011638,16,5,24,700,1,1,1,1,7.0,13067,M,0.0,0.0,13
201600011639,16,6,4,1230,1,1,1,1,3.0,13076,M,0.0,0.0,13
201600011640,16,6,9,2345,3,1,1,1,6.0,13067,M,0.0,0.0,13
201600011641,16,6,17,1015,1,1,1,1,4.0,13103,M,0.0,0.0,13
201600011642,16,6,19,2330,3,1,1,1,4.0,13118,M,0.0,0.0,13
201600011643,16,6,20,615,1,1,1,1,2.0,13103,M,0.0,0.0,13
201600011644,16,7,9,1145,1,1,1,1,1.0,13105,M,0.0,0.0,13
201600011645,16,7,10,1145,1,1,1,1,3.0,13076,M,4382000.0,502300.0,13
201600011646,16,7,17,915,1,1,1,1,6.0,13103,M,4365400.0,510100.0,13
201600011647,16,8,3,1800,1,1,1,1,3.0,13051,M,0.0,0.0,13
201600011648,16,8,5,915,1,1,9,1,2.0,13051,M,4359700.0,529500.0,13
201600011649,16,9,17,930,1,1,1,1,7.0,13037,M,0.0,0.0,13
201600011650,16,9,18,1215,1,1,1,1,7.0,13001,M,0.0,0.0,13
201600011651,16,9,23,1530,1,1,1,1,7.0,13103,M,0.0,0.0,13
201600011652,16,9,27,915,1,1,1,1,3.0,13112,M,0.0,0.0,13
201600011653,16,10,27,1545,1,1,1,1,2.0,13097,M,0.0,0.0,13
201600011654,16,10,27,1815,1,1,1,1,6.0,13103,M,0.0,0.0,13
201600011655,16,11,10,2030,3,1,1,1,5.0,13051,M,4358800.0,517500.0,13
201600011656,16,11,19,515,3,1,1,5,2.0,13118,M,0.0,0.0,13
201600011657,16,12,1,15,3,1,1,1,2.0,13105,M,0.0,0.0,13
201600011658,16,12,4,1315,1,1,1,1,6.0,13051,M,0.0,0.0,13
201600011659,16,11,3,2115,3,1,1,1,4.0,13076,M,0.0,0.0,13
201600011660,16,12,7,2315,3,1,1,1,6.0,13103,M,0.0,0.0,13
201600011661,16,12,9,1545,1,1,1,1,7.0,13103,M,4363945.0,502647.0,13
201600011662,16,12,12,1530,1,1,1,1,2.0,13049,M,0.0,0.0,13
201600011663,16,12,31,1930,3,1,1,1,6.0,13081,M,4350710.0,523643.0,13
201600011664,16,2,1,115,3,1,1,1,1.0,84087,M,0.0,0.0,84
201600011665,16,5,14,2345,3,1,1,1,5.0,84019,M,0.0,0.0,84
201600011666,16,8,15,930,1,1,1,1,6.0,84081,M,0.0,0.0,84
201600011667,16,8,16,1430,1,1,1,1,2.0,84019,M,0.0,0.0,84
201600011668,16,9,10,1200,1,1,1,1,4.0,30221,M,4406173.0,476615.0,30
201600011669,16,10,11,1745,1,1,1,1,2.0,84091,M,0.0,0.0,84
201600011670,16,1,4,815,1,1,3,1,3.0,60686,M,4920581.0,238867.0,60
201600011671,16,1,14,1930,3,1,1,2,1.0,60686,M,4920769.0,239971.0,60
201600011672,16,1,14,1200,1,2,1,1,2.0,60074,M,4922248.0,235559.0,60
201600011673,16,2,3,1100,1,1,1,8,6.0,60393,M,4926542.0,237238.0,60
201600011674,16,3,3,800,1,2,1,1,4.0,60513,M,4920585.0,237449.0,60
201600011675,16,5,3,1615,1,1,1,1,3.0,60584,M,4921582.0,241708.0,60
201600011676,16,6,22,1815,1,1,1,1,1.0,60651,M,4928443.0,229182.0,60
201600011677,16,6,21,2045,1,2,1,1,2.0,60584,M,4921268.0,240864.0,60
201600011678,16,8,4,115,4,2,1,1,6.0,60513,M,4920071.0,236478.0,60
201600011679,16,8,19,915,1,2,1,1,6.0,60686,M,4921301.0,240125.0,60
201600011680,16,11,2,1545,1,1,1,1,5.0,60686,M,4920861.0,240261.0,60
201600011681,16,1,17,1715,2,1,1,1,6.0,25381,M,4727495.0,597009.0,25
201600011682,16,4,16,1215,1,1,9,3,6.0,25368,M,4733017.0,613309.0,25
201600011683,16,6,23,1730,1,2,9,1,5.0,25410,M,4722433.0,607623.0,25
201600011684,16,10,1,1600,1,1,1,2,6.0,25527,M,4719639.0,580295.0,25
201600011685,16,12,12,1600,2,1,1,2,5.0,25445,M,4705600.0,587900.0,25
201600011686,16,1,30,1615,1,1,1,8,6.0,76484,M,4933807.0,107260.0,76
201600011687,16,2,1,515,4,1,1,1,3.0,76457,M,4933894.0,95932.0,76
201600011688,16,4,14,1445,1,1,1,1,3.0,76484,M,4933505.0,107737.0,76
201600011689,16,4,29,1645,1,1,1,2,2.0,27497,M,4936967.0,75096.0,27
201600011690,16,6,17,1445,1,1,1,2,3.0,76484,M,4934587.0,103913.0,76
201600011691,16,6,28,815,1,1,1,1,6.0,76319,M,4934062.0,102335.0,76
201600011692,16,7,9,300,5,1,1,1,1.0,76484,M,4934029.0,106776.0,76
201600011693,16,7,18,1600,1,1,1,1,2.0,27497,M,4936995.0,75647.0,27
201600011694,16,8,11,1830,1,1,1,1,6.0,27102,M,4936933.0,77148.0,27
201600011695,16,8,17,1645,1,1,1,1,3.0,27340,M,4936496.0,81542.0,27
201600011696,16,8,26,1915,2,1,1,1,2.0,27107,M,4937924.0,61612.0,27
201600011697,16,9,5,815,1,1,1,1,6.0,76484,M,4934253.0,103537.0,76
201600011698,16,10,24,1600,1,1,1,1,2.0,76319,M,4933854.0,98921.0,76
201600011699,16,11,19,1815,4,1,1,1,2.0,76705,M,4933229.0,108221.0,76
201600011700,16,12,16,1645,1,1,1,8,6.0,27340,M,4936478.0,82120.0,27
201600011701,16,3,22,1755,1,1,1,1,6.0,78668,M,0.0,0.0,78
201600011702,16,3,27,1515,1,1,1,1,2.0,78089,M,0.0,0.0,78
201600011703,16,4,28,830,1,1,1,1,2.0,27099,M,4907782.0,118723.0,27
201600011704,16,5,13,900,1,1,1,1,7.0,27648,M,4927272.0,133149.0,27
201600011705,16,7,8,2300,3,1,1,1,5.0,27598,M,4921314.0,121802.0,27
201600011706,16,8,3,1215,1,1,1,1,4.0,27081,M,4901258.0,129175.0,27
201600011707,16,7,29,930,1,1,1,1,2.0,27701,M,4924982.0,117322.0,27
201600011708,16,8,28,1030,1,1,1,1,6.0,27188,M,4928882.0,112471.0,27
201600011709,16,9,25,715,2,1,1,1,7.0,27701,M,4924769.0,117925.0,27
201600011710,16,12,23,1445,1,1,1,1,3.0,27332,M,4918999.0,123358.0,27
201600011711,16,12,24,145,3,1,1,2,7.0,27517,M,4911287.0,133599.0,27
201600011712,16,1,26,415,3,1,1,8,3.0,60100,M,4926610.0,269087.0,60
201600011713,16,2,3,345,3,1,1,1,2.0,60369,M,4935550.0,270204.0,60
201600011714,16,2,25,2230,3,1,1,1,2.0,60541,M,4929923.0,268922.0,60
201600011715,16,5,3,200,3,1,1,1,2.0,60149,M,4933968.0,269613.0,60
201600011716,16,5,8,615,1,1,1,1,6.0,60149,M,4933602.0,269426.0,60
201600011717,16,5,10,45,3,1,1,3,2.0,60138,M,4921576.0,262679.0,60
201600011718,16,6,1,1430,1,1,1,1,3.0,60558,M,4960077.0,275342.0,60
201600011719,16,6,6,2000,1,1,1,1,3.0,60254,M,4945249.0,269942.0,60
201600011720,16,6,12,1545,1,1,1,3,6.0,60541,M,4930563.0,268504.0,60
201600011721,16,6,16,1330,1,1,1,1,7.0,60408,M,4947546.0,271113.0,60
201600011722,16,7,9,1000,1,1,1,1,2.0,60019,M,4951506.0,271978.0,60
201600011723,16,7,12,845,1,1,1,1,5.0,60160,M,4961173.0,275535.0,60
201600011724,16,7,12,1945,1,1,1,1,2.0,60138,M,4921637.0,262825.0,60
201600011725,16,7,29,630,1,1,1,1,2.0,60138,M,4921630.0,262811.0,60
201600011726,16,8,10,1100,1,1,9,1,6.0,60138,M,4921619.0,262801.0,60
201600011727,16,8,18,600,3,1,1,2,6.0,60071,M,4957695.0,274314.0,60
201600011728,16,8,23,815,1,1,1,1,3.0,60254,M,4945567.0,270113.0,60
201600011729,16,8,27,300,3,1,1,1,2.0,60254,M,4945628.0,270142.0,60
201600011730,16,9,4,2245,3,1,1,2,2.0,60329,M,4958415.0,274682.0,60
201600011731,16,9,29,2130,3,1,1,1,2.0,60024,M,4940928.0,269375.0,60
201600011732,16,10,8,730,2,1,1,1,7.0,60408,M,4947614.0,271152.0,60
201600011733,16,11,3,1800,3,1,9,1,2.0,60369,M,4936319.0,270379.0,60
201600011734,16,11,8,630,3,1,1,5,2.0,60369,M,4936188.0,270355.0,60
201600011735,16,12,13,1800,2,1,1,1,6.0,60254,M,4945601.0,270156.0,60
201600011736,16,12,24,930,1,1,1,1,7.0,60100,M,4924037.0,266549.0,60
201600011737,16,5,20,2130,3,1,1,1,5.0,21646,M,4739015.0,473326.0,21
201600011738,16,5,21,1645,1,1,1,1,2.0,21408,M,4739337.0,502719.0,21
201600011739,16,6,14,1000,1,1,1,2,1.0,21651,M,4741737.0,487837.0,21
201600011740,16,1,11,2145,3,1,1,2,2.0,69206,M,0.0,0.0,69
201600011741,16,5,10,1215,1,1,1,1,6.0,69019,M,4610800.0,475500.0,69
201600011742,16,7,14,1200,1,1,1,1,2.0,69264,M,0.0,0.0,69
201600011743,16,8,1,1745,1,1,1,1,2.0,69242,M,0.0,0.0,69
201600011744,16,8,14,1030,1,1,1,1,2.0,69115,M,4597900.0,473400.0,69
201600011745,16,11,15,1250,1,1,1,1,2.0,69115,M,4597045.0,472926.0,69
201600011746,16,11,18,1955,3,1,1,2,6.0,69206,M,4605916.0,473622.0,69
201600011747,16,12,9,1225,1,1,1,5,6.0,69206,M,4605802.0,472136.0,69
201600011748,16,1,6,815,2,1,1,8,2.0,62384,M,0.0,0.0,62
201600011749,16,2,8,630,3,1,1,2,5.0,59488,M,5019148.0,319916.0,59
201600011750,16,5,14,1230,1,1,1,1,1.0,59244,M,0.0,0.0,59
201600011751,16,12,1,1830,3,1,1,1,4.0,59047,M,0.0,0.0,59
201600011752,16,11,25,1500,1,1,1,7,3.0,64405,M,4332708.0,-30137.0,64
201600011753,16,8,1,1330,1,1,1,1,1.0,64256,M,4341818.0,-131372.0,64
201600011754,16,3,4,2345,5,1,1,3,6.0,38276,M,0.0,0.0,38
201600011755,16,3,8,930,1,1,1,8,7.0,38348,M,0.0,0.0,38
201600011756,16,5,30,1600,1,2,1,1,3.0,38449,M,0.0,0.0,38
201600011757,16,7,4,1400,1,1,1,1,4.0,38029,M,4556968.0,555280.0,38
201600011758,16,7,13,1600,1,1,1,1,5.0,38288,M,4557818.0,504137.0,38
201600011759,16,7,21,800,1,2,1,1,5.0,38276,M,4555391.0,530601.0,38
201600011760,16,8,1,1400,1,1,1,1,2.0,38449,M,0.0,0.0,38
201600011761,16,9,23,2015,3,1,1,1,2.0,38029,M,0.0,0.0,38
201600011762,16,9,24,1700,1,1,1,1,1.0,38449,M,0.0,0.0,38
201600011763,16,11,5,1845,3,1,1,3,6.0,38276,M,4557840.0,530490.0,38
201600011764,16,12,8,830,1,1,1,1,2.0,38053,M,0.0,0.0,38
201600011765,16,12,18,1830,3,1,1,1,2.0,38064,M,0.0,0.0,38
201600011766,16,12,22,1615,1,1,1,1,5.0,38348,M,4559178.0,529577.0,38
201600011767,16,5,4,1845,1,2,3,1,3.0,68278,M,4775455.0,740381.0,68
201600011768,16,9,11,1730,1,1,1,1,2.0,68278,M,4776526.0,742876.0,68
201600011769,16,9,5,1000,1,2,9,3,3.0,68278,M,4775389.0,739299.0,68
201600011770,16,10,20,1315,1,2,1,1,3.0,68278,M,0.0,0.0,68
201600011771,16,11,13,1830,5,2,1,2,2.0,68278,M,0.0,0.0,68
201600011772,16,11,26,830,5,2,1,1,3.0,68278,M,4774564.0,741151.0,68
201600011773,16,12,15,1345,1,2,1,1,6.0,68278,M,0.0,0.0,68
201600011774,16,1,6,1430,1,1,1,1,7.0,53015,M,4816668.0,-88542.0,53
201600011775,16,3,18,1500,1,1,1,1,6.0,53243,M,4814578.0,-94467.0,53
201600011776,16,5,4,30,3,1,1,1,6.0,53169,M,4812422.0,-94939.0,53
201600011777,16,5,5,100,3,1,4,1,6.0,53039,M,4816418.0,-96866.0,53
201600011778,16,5,10,1430,1,1,3,1,1.0,53137,M,4805925.0,-93943.0,53
201600011779,16,6,24,1930,1,1,2,1,3.0,53225,M,4819685.0,-83936.0,53
201600011780,16,8,22,1915,1,1,2,1,3.0,53209,M,4804329.0,-100294.0,53
201600011781,16,9,1,1645,1,2,6,1,3.0,53247,M,4811716.0,-103026.0,53
201600011782,16,9,7,1645,1,1,2,1,3.0,53209,M,4804331.0,-100296.0,53