Num_Acc,an,mois,jour,hrmn,lum,agg,int,atm,col,com,gps,lat,long,dep
201600011783,16,10,27,1445,1,2,3,1,6.0,53039,M,4816847.0,-97652.0,53
201600011784,16,11,29,1915,3,1,1,1,1.0,53005,M,4815726.0,-79274.0,53
201600011785,16,1,29,1730,1,1,1,1,1.0,95580,M,4908540.0,254420.0,95
201600011786,16,4,11,1730,1,2,1,2,6.0,95371,M,4908620.0,250650.0,95
201600011787,16,6,15,1015,1,2,1,1,1.0,95580,M,4908890.0,256730.0,95
201600011788,16,8,29,115,5,2,1,1,3.0,95250,M,4909610.0,250810.0,95
201600011789,16,12,24,1045,1,1,1,2,3.0,95604,M,4909690.0,253090.0,95
201600011790,16,5,23,1515,1,2,9,1,6.0,17434,M,4611364.0,-75745.0,17
201600011791,16,8,10,900,1,1,6,1,3.0,17472,M,4624246.0,-107947.0,17
201600011792,16,10,3,900,1,1,1,1,7.0,17373,M,4615791.0,-98079.0,17
201600011793,16,12,31,1530,1,1,9,8,2.0,17354,M,4560792.0,-59608.0,17
201600011794,16,2,14,1500,1,1,1,2,7.0,17181,M,4586623.0,-62208.0,17
201600011795,16,4,18,1430,1,1,1,1,1.0,17285,M,4582124.0,-65922.0,17
201600011796,16,4,19,745,1,1,1,1,5.0,17228,M,4565609.0,-95037.0,17
201600011797,16,5,2,1500,1,1,3,1,5.0,17220,M,4550960.0,-45507.0,17
201600011798,16,5,30,1630,1,1,1,1,2.0,17280,M,4584315.0,-71434.0,17
201600011799,16,7,4,830,1,1,1,1,7.0,17444,M,4565774.0,-63498.0,17
201600011800,16,7,4,745,1,2,1,1,1.0,17244,M,4563516.0,-74930.0,17
201600011801,16,7,6,1430,1,1,1,1,1.0,17425,M,4559734.0,-89048.0,17
201600011802,16,7,12,1430,1,1,1,1,2.0,17213,M,4605888.0,-53603.0,17
201600011803,16,7,13,715,1,1,1,1,3.0,17157,M,4589035.0,-60875.0,17
201600011804,16,11,23,700,5,1,1,2,3.0,17307,M,4568473.0,-90556.0,17
201600011805,16,12,7,745,2,1,1,1,6.0,17436,M,4583318.0,-62916.0,17
201600011806,16,12,31,215,3,1,1,5,2.0,17139,M,4611631.0,-53338.0,17
201600011807,16,1,26,1700,1,1,1,1,1.0,42283,M,4556165.0,450987.0,42
201600011808,16,4,1,1800,1,2,1,1,1.0,42271,M,4547148.0,456118.0,42
201600011809,16,2,10,730,2,1,1,4,7.0,25398,M,4697966.0,644235.0,25
201600011810,16,4,29,1815,1,1,1,1,3.0,25029,M,0.0,0.0,25
201600011811,16,11,28,645,3,1,3,1,1.0,25493,M,4686553.0,620010.0,25
201600011812,16,4,30,845,1,2,1,1,6.0,31116,M,4369336.0,142986.0,31
201600011813,16,6,5,1730,1,1,1,1,1.0,31182,M,4369324.0,140192.0,31
201600011814,16,9,11,915,1,2,1,1,6.0,31410,M,0.0,0.0,31
201600011815,16,2,9,2015,1,1,1,1,1.0,13087,M,0.0,0.0,13
201600011816,16,3,23,2145,3,1,1,1,2.0,83140,M,0.0,0.0,83
201600011817,16,5,18,1500,1,1,1,1,6.0,13087,M,0.0,0.0,13
201600011818,16,7,14,1500,1,1,1,1,6.0,83116,M,0.0,0.0,83
201600011819,16,8,2,815,1,1,2,1,6.0,13087,M,0.0,0.0,13
201600011820,16,8,29,1400,1,1,1,1,2.0,83116,M,0.0,0.0,83
201600011821,16,11,22,1415,1,1,1,1,2.0,83096,M,0.0,0.0,83
201600011822,16,3,5,2300,3,1,1,2,3.0,74018,M,0.0,0.0,74
201600011823,16,6,3,1745,1,1,1,1,2.0,74133,M,0.0,0.0,74
201600011824,16,8,14,1430,1,1,1,1,3.0,74133,M,0.0,0.0,74
201600011825,16,1,11,1800,3,1,1,1,4.0,30145,M,4390336.0,454560.0,30
201600011826,16,2,20,2315,3,1,1,1,7.0,34154,M,4361650.0,394725.0,34
201600011827,16,3,15,2345,3,1,9,1,2.0,34022,M,4365140.0,398733.0,34
201600011828,16,5,2,1515,1,1,1,1,2.0,30333,M,4376636.0,426839.0,30
201600011829,16,5,5,1015,1,1,1,1,2.0,30189,M,4380984.0,434429.0,30
201600011830,16,5,21,1000,1,1,1,1,2.0,30185,M,4373840.0,419518.0,30
201600011831,16,6,12,1115,1,1,1,1,2.0,34022,M,4365890.0,399885.0,34
201600011832,16,6,14,1930,1,1,1,1,3.0,30257,M,4387945.0,446162.0,30
201600011833,16,6,13,1745,1,1,1,1,3.0,34022,M,4365210.0,398912.0,34
201600011834,16,7,1,1900,1,1,1,1,2.0,30189,M,4382633.0,438851.0,30
201600011835,16,7,4,1645,1,1,1,1,2.0,30117,M,4372439.0,450473.0,30
201600011836,16,7,4,1830,1,1,1,1,1.0,30169,M,4380069.0,431181.0,30
201600011837,16,7,12,730,1,1,1,1,5.0,34022,M,4367580.0,402536.0,34
201600011838,16,8,21,930,1,1,1,1,6.0,30039,M,4388819.0,449935.0,30
201600011839,16,8,26,230,3,1,1,1,2.0,34340,M,4371710.0,413835.0,34
201600011840,16,9,3,1415,1,1,1,1,2.0,30156,M,4387351.0,444663.0,30
201600011841,16,9,11,615,3,1,1,8,1.0,34256,M,4368490.0,404934.0,34
201600011842,16,9,19,1215,1,1,1,1,6.0,30034,M,4372710.0,450123.0,30
201600011843,16,9,19,1630,1,1,1,1,2.0,34240,M,4364420.0,397630.0,34
201600011844,16,10,3,815,1,1,1,1,1.0,30189,M,4384393.0,441616.0,30
201600011845,16,10,9,600,4,1,1,1,6.0,34240,M,4363000.0,396776.0,34
201600011846,16,10,11,630,3,1,1,1,4.0,34294,M,4370417.0,411808.0,34
201600011847,16,10,25,1015,1,1,1,9,2.0,34146,M,4368950.0,406283.0,34
201600011848,16,10,28,1100,1,1,1,1,2.0,30189,M,4380640.0,436404.0,30
201600011849,16,10,29,1730,1,1,1,1,5.0,34146,M,4369410.0,408228.0,34
201600011850,16,11,13,530,3,1,1,1,3.0,30347,M,4375126.0,425487.0,30
201600011851,16,1,1,700,3,1,1,2,7.0,11262,M,4315749.0,290860.0,11
201600011852,16,4,15,2115,3,1,1,1,6.0,11441,M,4321282.0,309016.0,11
201600011853,16,5,1,1630,1,1,1,6,6.0,11379,M,4302950.0,295246.0,11
201600011854,16,7,22,2230,3,1,1,1,2.0,11145,M,4323653.0,314028.0,11
201600011855,16,11,12,1745,2,1,1,1,6.0,11322,M,4299729.0,296703.0,11
201600011856,16,12,28,2330,3,1,1,1,5.0,11145,M,4324513.0,315051.0,11
201600011857,16,1,2,1730,5,2,1,2,1.0,37156,M,4739500.0,84200.0,37
201600011858,16,1,20,1530,1,2,1,8,6.0,37273,M,4739400.0,78800.0,37
201600011859,16,1,16,1845,3,1,1,1,6.0,37096,M,0.0,0.0,37
201600011860,16,5,4,1500,1,2,1,1,6.0,37273,M,0.0,0.0,37
201600011861,16,6,9,1515,1,2,1,1,3.0,37273,M,4739600.0,77100.0,37
201600011862,16,6,4,1645,1,1,1,1,1.0,37141,M,0.0,0.0,37
201600011863,16,6,14,915,1,2,1,1,3.0,37015,M,0.0,0.0,37
201600011864,16,6,25,1715,1,2,6,7,3.0,37156,M,0.0,0.0,37
201600011865,16,7,2,1930,1,1,1,1,6.0,37075,M,0.0,0.0,37
201600011866,16,7,28,1345,1,1,1,1,6.0,37273,M,4739200.0,78700.0,37
201600011867,16,8,9,845,1,2,1,7,3.0,37091,M,0.0,0.0,37
201600011868,16,9,24,1715,1,2,2,1,3.0,37027,M,0.0,0.0,37
201600011869,16,1,4,1015,1,1,1,1,6.0,45093,M,4804684.0,184104.0,45
201600011870,16,2,7,1945,3,1,1,1,2.0,45232,M,4785084.0,186635.0,45
201600011871,16,3,23,2100,3,1,1,8,2.0,45202,M,4781865.0,163863.0,45
201600011872,16,3,26,1245,1,1,1,1,5.0,28311,M,4816905.0,185374.0,28
201600011873,16,3,29,1345,1,1,1,8,6.0,45175,M,4775279.0,185823.0,45
201600011874,16,4,30,1130,1,1,1,2,6.0,28164,M,4826693.0,186400.0,28
201600011875,16,5,31,615,2,1,4,3,3.0,45302,M,4795214.0,184972.0,45
201600011876,16,6,10,715,1,1,1,1,6.0,45232,M,4784964.0,186641.0,45
201600011877,16,6,13,1345,1,1,1,1,6.0,28311,M,4821338.0,184711.0,28
201600011878,16,6,22,1630,1,1,1,1,7.0,28164,M,4825760.0,185138.0,28
201600011879,16,7,24,615,1,1,1,1,2.0,45093,M,4802263.0,184171.0,45
201600011880,16,10,2,815,1,1,1,1,2.0,28276,M,4827680.0,185700.0,28
201600011881,16,10,12,830,1,1,1,1,6.0,45024,M,4782584.0,165297.0,45
201600011882,16,10,17,245,3,1,1,1,6.0,45232,M,4785975.0,186458.0,45
201600011883,16,11,8,1200,1,1,1,4,6.0,45175,M,4775448.0,185727.0,45
201600011884,16,11,10,1715,1,1,1,8,3.0,45169,M,4790592.0,184904.0,45
201600011885,16,11,23,2315,3,1,1,1,6.0,28392,M,4823668.0,185003.0,28
201600011886,16,12,3,2100,3,1,1,1,4.0,45028,M,0.0,0.0,45
201600011887,16,12,6,1445,1,1,1,1,6.0,45269,M,0.0,0.0,45
201600011888,16,1,21,100,5,2,6,4,6.0,73304,M,0.0,0.0,73
201600011889,16,2,4,1030,1,1,1,1,6.0,13032,M,4355632.0,536342.0,13
201600011890,16,4,16,1645,1,1,1,1,3.0,13032,M,4354946.0,536660.0,13
201600011891,16,4,14,1445,1,1,1,1,3.0,13114,M,0.0,0.0,13
201600011892,16,5,30,1800,1,1,1,1,1.0,13114,M,0.0,0.0,13
201600011893,16,6,17,745,1,1,1,1,3.0,13114,M,4354905.0,530102.0,13
201600011894,16,7,10,1415,1,1,1,1,3.0,13114,M,0.0,0.0,13
201600011895,16,10,23,530,3,1,1,2,2.0,13037,M,4355256.0,517959.0,13
201600011896,16,11,13,1200,1,1,1,1,1.0,13114,M,0.0,0.0,13
201600011897,16,11,15,1315,1,1,1,1,6.0,13114,M,0.0,0.0,13
201600011898,16,6,7,1945,1,2,1,1,1.0,67405,M,0.0,0.0,67
201600011899,16,6,26,2015,1,2,1,1,3.0,67142,M,0.0,0.0,67
201600011900,16,8,27,1600,1,2,1,1,3.0,67106,M,0.0,0.0,67
201600011901,16,10,18,1245,1,1,1,2,1.0,67407,M,0.0,0.0,67
201600011902,16,2,6,945,1,2,1,1,6.0,56165,M,4793975.0,-240428.0,56
201600011903,16,2,13,1330,1,1,1,2,2.0,21405,M,4694720.0,482939.0,21
201600011904,16,3,16,2100,3,1,1,1,6.0,21295,M,4718092.0,500005.0,21
201600011905,16,5,17,800,1,1,1,1,2.0,21606,M,4706885.0,491960.0,21
201600011906,16,8,22,1745,1,1,1,1,7.0,21194,M,4709133.0,493903.0,21
201600011907,16,10,28,1600,1,1,1,1,6.0,21356,M,4706442.0,529083.0,21
201600011908,16,11,24,1950,3,1,1,8,3.0,21405,M,4696217.0,483669.0,21
201600011909,16,12,31,720,3,1,1,5,3.0,21423,M,4698699.0,485110.0,21
201600011910,16,2,3,930,1,1,1,2,7.0,73155,M,0.0,0.0,73
201600011911,16,2,6,845,1,1,1,1,6.0,73155,M,4565096.0,592366.0,73
201600011912,16,2,23,1945,3,1,1,3,5.0,73128,M,4570620.0,592683.0,73
201600011913,16,2,29,1245,1,1,1,8,7.0,73191,M,4556380.0,578035.0,73
201600011914,16,3,31,2030,3,1,1,1,2.0,73184,M,0.0,0.0,73
201600011915,16,7,10,1845,1,1,1,1,5.0,73309,M,0.0,0.0,73
201600011916,16,7,9,2315,3,1,1,1,6.0,73155,M,0.0,0.0,73
201600011917,16,7,22,845,1,1,1,1,5.0,73239,M,4577981.0,596226.0,73
201600011918,16,7,22,1645,1,1,1,3,4.0,73039,M,4555600.0,575100.0,73
201600011919,16,8,24,1615,1,1,1,1,6.0,73179,M,0.0,0.0,73
201600011920,16,10,1,1645,1,1,1,1,7.0,73179,M,0.0,0.0,73
201600011921,16,12,2,2100,3,1,1,1,2.0,73103,M,0.0,0.0,73
201600011922,16,12,12,715,2,1,1,8,3.0,73191,M,0.0,0.0,73
201600011923,16,12,18,645,5,1,1,1,3.0,73184,M,0.0,0.0,73
201600011924,16,1,12,1230,1,1,1,2,6.0,74093,M,0.0,0.0,74
201600011925,16,6,12,1845,1,1,1,1,2.0,38565,M,0.0,0.0,38
201600011926,16,7,28,630,2,1,9,1,1.0,38194,M,0.0,0.0,38
201600011927,16,8,1,1045,1,1,1,1,3.0,38400,M,0.0,0.0,38
201600011928,16,12,1,1530,3,1,1,1,2.0,38331,M,0.0,0.0,38
201600011929,16,6,15,1900,1,1,3,2,4.0,55201,M,0.0,0.0,55
201600011930,16,12,3,630,3,1,1,1,7.0,55276,M,4910900.0,533000.0,55
201600011931,16,11,22,1715,5,2,1,1,6.0,08105,M,4978363.0,471278.0,08
201600011932,16,11,25,1630,1,1,1,1,6.0,08105,M,4975744.0,442736.0,08
201600011933,16,12,20,1355,1,2,2,1,3.0,08105,M,4978633.0,469423.0,08
201600011934,16,12,20,1815,5,2,1,1,6.0,08105,M,4973963.0,472455.0,08
201600011935,16,12,3,2035,5,2,1,1,6.0,08105,M,4975767.0,471744.0,08
201600011936,16,12,13,1010,1,2,1,1,6.0,08105,M,4977255.0,471989.0,08
201600011937,16,1,13,1425,1,2,1,1,6.0,08105,M,4976775.0,471681.0,08
201600011938,16,12,17,1940,5,1,1,1,2.0,08105,M,4975698.0,470289.0,08
201600011939,16,12,27,1800,1,2,1,1,6.0,08105,M,,,08
201600011940,16,1,6,2210,5,2,5,2,6.0,08105,M,4977470.0,473587.0,08
201600011941,16,3,6,1945,3,2,8,1,3.0,08105,M,,,08
201600011942,16,5,10,1330,1,2,3,1,6.0,08105,M,4978521.0,471469.0,08
201600011943,16,6,3,1320,1,2,3,1,6.0,08105,M,4978623.0,470982.0,08
201600011944,16,6,6,1635,1,2,3,1,6.0,08105,M,4975410.0,472468.0,08
201600011945,16,6,26,1930,1,1,1,1,3.0,08105,M,4979413.0,471335.0,08
201600011946,16,7,31,2040,1,2,1,1,3.0,08105,M,,,08
201600011947,16,8,5,1010,1,1,4,1,7.0,08105,M,4973775.0,471457.0,08
201600011948,16,8,31,1020,1,2,3,1,3.0,08105,M,4977122.0,470000.0,08
201600011949,16,9,5,1220,1,1,1,1,6.0,08105,M,4977703.0,470604.0,08
201600011950,16,9,1,2000,5,2,3,1,3.0,08105,M,4977116.0,471001.0,08
201600011951,16,9,15,1707,1,2,1,1,6.0,08105,M,4974911.0,471429.0,08
201600011952,16,10,4,940,1,2,3,1,6.0,08105,M,4977217.0,472569.0,08
201600011953,16,10,5,1650,1,2,1,1,3.0,08105,M,4976989.0,471956.0,08
201600011954,16,10,17,1245,1,2,6,1,3.0,08105,M,4917832.0,471708.0,08
201600011955,16,12,3,1430,1,2,7,7,6.0,08105,M,4977369.0,471867.0,08
201600011956,16,5,24,1015,1,2,1,1,3.0,24551,M,4541130.0,91129.0,24
201600011957,16,5,29,2145,3,1,1,1,1.0,24024,M,4475290.0,69764.0,24
201600011958,16,7,15,1200,1,1,1,1,1.0,24405,M,4494280.0,68134.0,24
201600011959,16,8,12,830,1,1,1,1,1.0,24289,M,4485330.0,7131.0,24
201600011960,16,7,1,1715,1,1,1,3,3.0,14301,M,4916740.0,-27652.0,14
201600011961,16,7,6,1845,1,1,1,1,6.0,14682,M,4929720.0,21556.0,14
201600011962,16,7,31,1715,1,1,1,1,4.0,14012,M,4924270.0,-2281.0,14
201600011963,16,10,28,430,3,1,1,5,6.0,14036,M,4916930.0,-21994.0,14
201600011964,16,3,12,1545,1,1,3,1,3.0,13011,M,4373479.0,482116.0,13
201600011965,16,4,30,15,3,1,1,1,6.0,13011,M,0.0,0.0,13
201600011966,16,7,4,1700,1,1,1,1,6.0,13058,M,0.0,0.0,13
201600011967,16,8,8,1015,1,1,1,1,3.0,13065,M,0.0,0.0,13
201600011968,16,1,10,1315,1,1,1,2,7.0,27491,M,4882465.0,100896.0,27
201600011969,16,6,17,800,1,2,1,1,7.0,27438,M,4876623.0,121932.0,27
201600011970,16,11,21,730,1,1,1,1,1.0,69043,M,4569682.0,476590.0,69
201600011971,16,1,22,1715,2,2,1,1,5.0,69027,M,0.0,0.0,69
201600011972,16,5,24,845,1,2,1,1,3.0,69027,M,0.0,0.0,69
201600011973,16,5,25,1545,1,2,1,1,3.0,69027,M,4572400.0,469200.0,69
201600011974,16,5,28,1730,1,2,1,1,3.0,69043,M,0.0,0.0,69
201600011975,16,6,18,2300,5,2,1,1,3.0,69027,M,0.0,0.0,69
201600011976,16,9,22,1700,1,2,1,1,6.0,69268,M,0.0,0.0,69
201600011977,16,9,27,1715,1,1,1,1,3.0,69043,M,0.0,0.0,69
201600011978,16,11,16,1830,3,1,9,2,1.0,69027,M,4567331.0,472975.0,69
201600011979,16,11,18,1050,1,2,1,8,3.0,69089,M,4573313.0,477603.0,69
201600011980,16,12,18,2015,3,1,1,5,6.0,69043,M,4568766.0,475995.0,69
201600011981,16,4,25,1645,1,2,4,1,1.0,69125,M,0.0,0.0,69
201600011982,16,6,9,1730,1,2,1,1,1.0,69190,M,0.0,0.0,69
201600011983,16,6,23,1315,1,2,1,1,7.0,69244,M,0.0,0.0,69
201600011984,16,6,27,1000,1,1,1,1,3.0,69287,M,0.0,0.0,69
201600011985,16,7,6,1315,1,1,1,7,1.0,69072,M,0.0,0.0,69
201600011986,16,9,2,1830,1,2,1,7,6.0,69244,M,0.0,0.0,69
201600011987,16,10,14,1400,1,2,1,2,1.0,69244,M,4575681.0,474727.0,69
201600011988,16,10,14,1256,1,2,6,2,3.0,69244,M,4576615.0,477990.0,69
201600011989,16,11,8,700,1,2,1,1,1.0,69244,M,4575529.0,478214.0,69
201600011990,16,12,13,945,1,1,1,8,5.0,69072,M,4582619.0,473848.0,69
201600011991,16,4,7,1200,1,1,1,1,3.0,69050,M,0.0,0.0,69
201600011992,16,5,2,1130,1,1,1,1,1.0,69009,M,0.0,0.0,69
201600011993,16,5,13,1630,1,2,1,3,6.0,69009,M,0.0,0.0,69
201600011994,16,5,30,1630,1,1,1,8,1.0,69140,M,0.0,0.0,69
201600011995,16,8,14,1530,1,2,1,1,3.0,69019,M,0.0,0.0,69
201600011996,16,11,18,915,1,1,1,2,3.0,69258,M,4620767.0,464342.0,69
201600011997,16,12,9,553,3,1,1,9,1.0,69245,M,4594421.0,453761.0,69
201600011998,16,2,17,1800,1,1,1,3,1.0,29201,M,4841432.0,-465013.0,29
201600011999,16,3,1,1045,1,2,1,2,6.0,29212,M,4837335.0,-458838.0,29
201600012000,16,8,8,1230,1,1,2,1,3.0,29130,M,4839090.0,-467055.0,29
201600012001,16,8,14,1115,1,1,2,1,3.0,29201,M,4840553.0,-466987.0,29
201600012002,16,9,4,1615,1,1,1,1,3.0,29282,M,4837608.0,-474791.0,29
201600012003,16,9,11,2230,3,1,1,1,5.0,29212,M,4836989.0,-457196.0,29
201600012004,16,12,20,1630,1,1,1,2,6.0,29212,M,4836146.0,-462021.0,29
201600012005,16,5,25,830,1,1,1,1,1.0,86200,M,0.0,0.0,86
201600012006,16,9,15,815,1,2,1,1,3.0,86140,M,0.0,0.0,86
201600012007,16,9,18,1515,1,1,9,1,3.0,86153,M,0.0,0.0,86
201600012008,16,11,2,930,1,2,1,1,3.0,86126,M,0.0,0.0,86
201600012009,16,1,4,1645,1,1,1,1,2.0,34095,M,4352383.0,376223.0,34
201600012010,16,1,13,1215,1,1,1,1,5.0,34172,M,4359060.0,389920.0,34
201600012011,16,1,28,900,1,1,1,1,4.0,34172,M,4359050.0,389894.0,34
201600012012,16,2,7,1045,1,1,1,2,6.0,34143,M,4346320.0,362871.0,34
201600012013,16,3,9,1230,1,1,1,2,6.0,34213,M,4348220.0,368305.0,34
201600012014,16,3,14,200,3,1,1,1,6.0,34157,M,4344200.0,357222.0,34
201600012015,16,3,20,100,3,1,1,1,2.0,34213,M,4335570.0,333797.0,34
201600012016,16,4,13,1245,1,1,1,1,7.0,34336,M,4333370.0,328402.0,34
201600012017,16,4,15,1530,1,1,1,1,2.0,34172,M,4358400.0,388923.0,34
201600012018,16,5,17,930,1,1,1,1,2.0,34270,M,4355260.0,381769.0,34
201600012019,16,5,30,1600,1,1,1,1,2.0,34135,M,4326040.0,316865.0,34
201600012020,16,6,7,1100,1,1,1,1,2.0,34157,M,4342250.0,354133.0,34
201600012021,16,6,12,1300,1,1,1,1,2.0,34203,M,4340680.0,348982.0,34
201600012022,16,6,20,815,1,1,1,1,2.0,34095,M,4354310.0,387904.0,34
201600012023,16,7,10,215,3,1,9,1,6.0,34166,M,4335796.0,334095.0,34
201600012024,16,7,16,930,1,1,1,1,4.0,34157,M,4344170.0,357176.0,34
201600012025,16,7,18,530,3,1,1,1,3.0,34032,M,4329459.0,319783.0,34
201600012026,16,7,22,745,1,1,1,1,3.0,34113,M,4349900.0,372200.0,34
201600012027,16,8,2,1230,1,1,1,1,5.0,34172,M,4359050.0,389898.0,34
201600012028,16,8,18,1145,1,1,1,1,4.0,34101,M,4339520.0,346705.0,34
201600012029,16,8,25,945,1,1,1,1,5.0,34213,M,4333083.0,328027.0,34
201600012030,16,9,27,845,1,1,1,1,2.0,34095,M,4354200.0,378300.0,34
201600012031,16,9,28,1830,1,1,1,1,2.0,34213,M,4348400.0,367400.0,34
201600012032,16,10,30,1100,1,1,1,1,4.0,34270,M,4355980.0,382709.0,34
201600012033,16,11,4,1145,1,1,1,1,2.0,34101,M,4339540.0,346718.0,34
201600012034,16,11,19,630,3,1,1,1,2.0,34032,M,4330570.0,323720.0,34
201600012035,16,12,23,2300,3,1,1,1,6.0,34031,M,4336710.0,338811.0,34
201600012036,16,1,12,2100,3,1,1,8,6.0,33270,M,4442637.0,-25523.0,33
201600012037,16,1,17,1030,1,1,1,1,4.0,33205,M,4461032.0,-37545.0,33
201600012038,16,1,19,1745,2,1,1,3,6.0,33130,M,4448542.0,-20664.0,33
201600012039,16,2,15,915,1,1,1,1,3.0,33205,M,4461379.0,-37941.0,33
201600012040,16,3,10,1545,1,1,1,1,2.0,33050,M,0.0,0.0,33
201600012041,16,6,11,130,3,1,1,1,2.0,33021,M,0.0,0.0,33
201600012042,16,6,12,2345,3,1,1,2,2.0,33144,M,4436817.0,-22798.0,33
201600012043,16,8,8,1615,1,1,1,1,3.0,33474,M,0.0,0.0,33
201600012044,16,8,17,1015,1,1,1,1,1.0,33403,M,4461647.0,-16440.0,33
201600012045,16,8,17,1445,1,1,1,1,6.0,33036,M,4444454.0,-25182.0,33
201600012046,16,8,27,915,1,1,1,1,6.0,33337,M,0.0,0.0,33
201600012047,16,9,12,2245,5,1,1,1,6.0,33227,M,0.0,0.0,33
201600012048,16,9,18,2330,3,1,1,1,7.0,33270,M,4442223.0,-25135.0,33
201600012049,16,10,28,1530,1,1,1,1,6.0,33205,M,0.0,0.0,33
201600012050,16,11,1,930,1,1,1,5,4.0,33337,M,4456368.0,-30072.0,33
201600012051,16,11,18,2115,3,1,1,1,2.0,33343,M,0.0,0.0,33
201600012052,16,12,27,1300,1,1,1,1,6.0,33036,M,4444462.0,-25163.0,33
201600012053,16,12,27,1645,1,1,1,1,6.0,33155,M,4434171.0,-22110.0,33
201600012054,16,2,6,1330,1,1,1,6,1.0,31254,M,4355080.0,151061.0,31
201600012055,16,3,18,2300,5,2,1,1,3.0,31169,M,4351944.0,156004.0,31
201600012056,16,4,8,1000,1,2,1,1,3.0,31254,M,4353462.0,153105.0,31
201600012057,16,5,21,2230,3,1,1,1,1.0,31402,M,4351000.0,159100.0,31
201600012058,16,5,26,1700,1,1,1,1,6.0,31036,M,0.0,0.0,31
201600012059,16,11,29,2145,3,2,1,1,6.0,31506,M,4355400.0,155088.0,31
201600012060,16,12,5,1815,5,2,1,1,3.0,31254,M,4354666.0,151556.0,31
201600012061,16,1,5,1530,1,1,1,1,7.0,26088,M,0.0,0.0,26
201600012062,16,1,9,1345,1,1,3,1,1.0,26061,M,0.0,0.0,26
201600012063,16,1,24,1015,2,1,2,5,1.0,26380,M,0.0,0.0,26
201600012064,16,1,30,1045,1,2,1,1,6.0,26347,M,0.0,0.0,26
201600012065,16,2,14,1415,1,1,1,2,1.0,26174,M,4515180.0,504730.0,26
201600012066,16,2,23,1745,1,1,2,1,3.0,26084,M,0.0,0.0,26
201600012067,16,3,4,1430,1,1,1,2,7.0,26061,M,0.0,0.0,26
201600012068,16,3,6,1530,1,1,1,1,1.0,26194,M,0.0,0.0,26
201600012069,16,3,19,1515,1,1,1,1,2.0,26179,M,0.0,0.0,26
201600012070,16,3,26,1200,1,2,1,1,1.0,26379,M,0.0,0.0,26
201600012071,16,4,1,830,1,2,9,1,7.0,26083,M,4521590.0,493960.0,26
201600012072,16,4,6,1700,1,1,1,1,2.0,26039,M,0.0,0.0,26
201600012073,16,4,17,915,1,2,1,2,7.0,26010,M,0.0,0.0,26
201600012074,16,4,22,1015,1,1,1,1,1.0,26355,M,0.0,0.0,26
201600012075,16,4,27,1645,1,1,1,1,7.0,26295,M,0.0,0.0,26
201600012076,16,5,1,745,1,1,1,3,1.0,26071,M,0.0,0.0,26
201600012077,16,5,23,1515,1,1,1,1,2.0,26301,M,0.0,0.0,26
201600012078,16,5,31,1645,1,2,1,1,6.0,26129,M,0.0,0.0,26
201600012079,16,6,4,1845,1,1,1,3,1.0,26380,M,0.0,0.0,26
201600012080,16,6,10,1800,1,2,1,1,3.0,26250,M,0.0,0.0,26
201600012081,16,6,16,1945,1,1,1,3,1.0,26096,M,0.0,0.0,26
201600012082,16,6,26,2100,2,1,1,1,7.0,26218,M,4506803.0,506803.0,26
201600012083,16,7,9,1700,1,2,1,1,2.0,26301,M,0.0,0.0,26
201600012084,16,7,19,900,1,1,9,1,3.0,26002,M,4525426.0,483209.0,26
201600012085,16,7,21,745,1,2,9,1,6.0,26038,M,0.0,0.0,26
201600012086,16,8,4,1915,1,1,1,1,6.0,26002,M,0.0,0.0,26
201600012087,16,8,7,1500,1,1,1,1,7.0,26140,M,0.0,0.0,26
201600012088,16,8,10,2100,1,1,1,1,7.0,26038,M,4502400.0,494300.0,26
201600012089,16,8,22,1000,1,2,1,1,6.0,26301,M,0.0,0.0,26
201600012090,16,9,24,1200,1,1,1,1,3.0,26004,M,0.0,0.0,26
201600012091,16,9,24,1200,1,2,2,1,3.0,26271,M,0.0,0.0,26
201600012092,16,10,5,40,5,2,6,1,6.0,26250,M,0.0,0.0,26
201600012093,16,10,6,2230,3,1,1,1,6.0,26049,M,0.0,0.0,26
201600012094,16,10,7,2030,3,1,1,1,1.0,26061,M,0.0,0.0,26
201600012095,16,10,14,750,2,2,9,3,6.0,26084,M,0.0,0.0,26
201600012096,16,10,19,1830,2,1,3,1,3.0,26049,M,4496524.0,511659.0,26
201600012097,16,10,27,2020,3,1,6,1,6.0,26004,M,4498573.0,503073.0,26
201600012098,16,10,25,1920,3,1,2,2,3.0,26179,M,0.0,0.0,26
201600012099,16,12,11,645,3,1,1,5,6.0,26380,M,0.0,0.0,26
201600012100,16,1,17,600,3,1,1,1,1.0,63193,M,4578455.0,320342.0,63
201600012101,16,4,19,2230,3,1,1,1,6.0,63272,M,0.0,0.0,63
201600012102,16,7,12,1030,1,1,1,1,2.0,63113,M,4574210.0,276290.0,63
201600012103,16,8,17,1845,1,1,1,3,6.0,63425,M,0.0,0.0,63
201600012104,16,9,27,745,1,1,1,1,6.0,63113,M,0.0,0.0,63
201600012105,16,11,1,1745,3,1,1,1,2.0,63193,M,0.0,0.0,63
201600012106,16,12,15,915,1,1,1,1,4.0,63193,M,0.0,0.0,63
201600012107,16,4,25,1900,1,1,1,1,7.0,40120,M,4352980.0,-115220.0,40
201600012108,16,5,4,830,1,1,1,1,2.0,64147,M,4345282.0,-133924.0,64
201600012109,16,5,4,2200,3,1,9,1,7.0,64102,M,4348937.0,-144959.0,64
201600012110,16,5,4,1545,1,1,1,1,2.0,64483,M,4340882.0,-162298.0,64
201600012111,16,7,10,1000,1,1,1,1,2.0,64502,M,4352960.0,-118693.0,64
201600012112,16,7,18,1215,1,1,1,1,4.0,64147,M,4345122.0,-134800.0,64
201600012113,16,8,5,1045,1,1,1,1,2.0,64147,M,4344767.0,-131747.0,64