Num_Acc,an,mois,jour,hrmn,lum,agg,int,atm,col,com,gps,lat,long,dep
201600012114,16,8,5,1000,1,1,1,1,6.0,64407,M,4345272.0,-138813.0,64
201600012115,16,8,7,2345,1,1,1,1,6.0,64102,M,4349062.0,-38735.0,64
201600012116,16,8,18,800,2,1,1,2,6.0,64407,M,4344934.0,-137795.0,64
201600012117,16,10,15,1700,1,1,1,1,6.0,64483,M,4338260.0,-164420.0,64
201600012118,16,11,7,1,3,1,1,3,6.0,64102,M,4351434.0,-144350.0,64
201600012119,16,12,6,2215,3,1,1,1,6.0,64024,M,4346047.0,-151803.0,64
201600012120,16,5,3,900,1,2,3,1,3.0,08409,M,4969786.0,494023.0,08
201600012121,16,7,8,1120,1,2,3,1,3.0,08043,M,4968670.0,496608.0,08
201600012122,16,9,6,920,1,2,1,1,6.0,08409,M,4978213.0,469751.0,08
201600012123,16,11,29,1600,1,2,2,7,6.0,02514,M,0.0,0.0,02
201600012124,16,3,16,1230,1,1,1,1,1.0,51573,M,4925616.0,398394.0,51
201600012125,16,3,30,2230,3,1,1,8,6.0,51418,M,4923845.0,396899.0,51
201600012126,16,4,26,2245,3,1,1,8,2.0,51365,M,4922772.0,397031.0,51
201600012127,16,5,21,1015,1,1,1,1,5.0,51536,M,4918873.0,414092.0,51
201600012128,16,7,13,1245,1,1,1,1,6.0,51636,M,4914030.0,421605.0,51
201600012129,16,7,15,1445,1,1,1,1,6.0,51454,M,4925607.0,398105.0,51
201600012130,16,9,19,2130,3,1,1,1,5.0,51536,M,4918371.0,414993.0,51
201600012131,16,10,8,400,3,1,1,1,6.0,51573,M,4925572.0,399324.0,51
201600012132,16,11,2,715,2,1,1,1,2.0,51437,M,4922772.0,382600.0,51
201600012133,16,12,8,2030,3,1,1,1,2.0,51329,M,4935176.0,395794.0,51
201600012134,16,12,13,900,1,1,1,2,6.0,51562,M,4921162.0,407850.0,51
201600012135,16,12,20,1145,1,1,1,1,6.0,51454,M,4922592.0,405877.0,51
201600012136,16,12,26,445,3,1,1,2,6.0,51418,M,4923856.0,396900.0,51
201600012137,16,1,15,1145,1,1,1,1,4.0,13004,M,0.0,0.0,13
201600012138,16,4,20,1015,1,1,1,1,6.0,13004,M,0.0,0.0,13
201600012139,16,5,7,2100,2,1,1,1,7.0,13004,M,4366842.0,473947.0,13
201600012140,16,8,22,600,2,1,1,1,7.0,52235,M,4864940.0,485356.0,52
201600012141,16,2,25,1215,1,1,1,1,6.0,91085,M,4853800.0,220800.0,91
201600012142,16,10,14,2030,3,2,1,2,1.0,91105,M,4856810.0,216104.0,91
201600012143,16,10,19,130,3,1,1,2,2.0,91085,M,4853897.0,220993.0,91
201600012144,16,11,21,1600,1,2,1,8,1.0,91105,M,0.0,0.0,91
201600012145,16,11,29,2315,3,1,6,1,6.0,91581,M,4856400.0,220400.0,91
201600012146,16,12,10,1830,3,2,1,2,1.0,91105,M,4857587.0,214032.0,91
201600012147,16,6,20,1315,1,2,1,1,1.0,01004,M,4597205.0,534375.0,01
201600012148,16,8,23,1345,1,1,1,1,1.0,07276,M,0.0,0.0,07
201600012149,16,2,27,1030,1,1,1,1,3.0,38433,M,0.0,0.0,38
201600012150,16,5,10,1015,1,2,1,1,6.0,38486,M,0.0,0.0,38
201600012151,16,5,23,915,1,2,9,3,6.0,38485,M,4518059.0,569784.0,38
201600012152,16,11,15,1815,5,2,2,1,1.0,38485,M,4518404.0,569000.0,38
201600012153,16,12,21,745,2,2,1,5,6.0,38486,M,4515813.0,567037.0,38
201600012154,16,12,24,1630,1,2,1,1,6.0,38485,M,4516992.0,569203.0,38
201600012155,16,7,27,1600,1,2,1,1,7.0,38052,M,0.0,0.0,38
201600012156,16,8,18,1600,1,1,1,1,1.0,38052,M,4505690.0,603477.0,38
201600012157,16,11,30,1515,1,2,1,1,3.0,38052,M,0.0,0.0,38
201600012158,16,12,31,1300,1,1,1,1,1.0,38212,M,0.0,0.0,38
201600012159,16,10,11,745,2,1,1,1,5.0,33322,M,4494394.0,-66782.0,33
201600012160,16,10,26,745,2,2,3,5,5.0,33322,M,4495750.0,-7073.0,33
201600012161,16,4,8,1615,1,1,1,1,6.0,51515,M,4903545.0,457755.0,51
201600012162,16,8,19,2045,2,1,1,9,6.0,51197,M,4905033.0,467251.0,51
201600012163,16,5,17,1515,1,1,1,1,1.0,06100,M,0.0,0.0,06
201600012164,16,6,11,1600,1,1,1,3,6.0,57204,M,0.0,0.0,57
201600012165,16,10,31,2143,3,1,1,1,6.0,57073,M,4913962.0,681251.0,57
201600012166,16,11,22,1430,1,1,1,2,4.0,57303,M,4920098.0,618255.0,57
201600012167,16,12,18,1830,3,1,1,1,4.0,57073,M,4913248.0,682141.0,57
201600012168,16,12,22,15,5,1,9,5,6.0,57073,M,4913998.0,681260.0,57
201600012169,16,3,27,1800,1,1,1,2,2.0,86115,M,0.0,0.0,86
201600012170,16,5,21,1800,1,1,1,1,5.0,86075,M,0.0,0.0,86
201600012171,16,5,25,1200,1,1,1,1,6.0,86115,M,0.0,0.0,86
201600012172,16,6,7,1645,1,1,1,1,6.0,86066,M,0.0,0.0,86
201600012173,16,6,10,600,2,1,1,1,6.0,86007,M,0.0,0.0,86
201600012174,16,6,20,945,1,1,1,1,5.0,86027,M,0.0,0.0,86
201600012175,16,7,22,2345,3,1,1,1,1.0,86085,M,0.0,0.0,86
201600012176,16,7,28,745,1,1,1,1,6.0,86174,M,0.0,0.0,86
201600012177,16,8,19,2200,3,1,1,1,6.0,86062,M,0.0,0.0,86
201600012178,16,9,3,730,1,1,1,1,6.0,86062,M,0.0,0.0,86
201600012179,16,9,8,1545,1,1,1,1,3.0,86062,M,0.0,0.0,86
201600012180,16,9,29,1715,1,1,1,1,5.0,86174,M,0.0,0.0,86
201600012181,16,10,26,1715,1,1,1,1,2.0,86280,M,0.0,0.0,86
201600012182,16,7,22,1715,1,1,1,1,1.0,79322,M,4663874.0,-27993.0,79
201600012183,16,6,14,1430,1,1,1,1,2.0,36026,M,4696590.0,176180.0,36
201600012184,16,7,8,1745,1,1,1,1,7.0,36202,M,4679530.0,161812.0,36
201600012185,16,7,14,1245,1,1,1,1,6.0,36063,M,4685240.0,170201.0,36
201600012186,16,9,24,1745,1,1,1,1,2.0,36026,M,4694950.0,175462.0,36
201600012187,16,10,11,2015,3,1,1,1,7.0,36026,M,0.0,0.0,36
201600012188,16,11,15,2215,5,1,1,5,2.0,36063,M,0.0,0.0,36
201600012189,16,12,27,1430,1,1,1,1,6.0,36037,M,0.0,0.0,36
201600012190,16,1,14,1700,2,2,1,2,3.0,37050,M,0.0,0.0,37
201600012191,16,4,30,515,2,1,1,2,1.0,37245,M,4752000.0,58800.0,37
201600012192,16,11,18,1645,1,2,2,7,3.0,37251,M,4752299.0,39551.0,37
201600012193,16,8,22,1030,1,1,1,1,7.0,37067,M,4722400.0,37100.0,37
201600012194,16,2,12,1515,1,1,3,3,3.0,49329,M,4739922.0,-67159.0,49
201600012195,16,5,4,730,1,1,1,1,3.0,49160,M,4741029.0,-93554.0,49
201600012196,16,7,25,1130,1,1,1,1,6.0,49266,M,4743568.0,-78157.0,49
201600012197,16,8,29,1430,1,1,1,1,6.0,49063,M,4734924.0,-73562.0,49
201600012198,16,10,12,1100,1,2,1,1,1.0,49050,M,4735751.0,-44341.0,49
201600012199,16,10,13,745,1,1,1,1,3.0,49266,M,4743580.0,-78025.0,49
201600012200,16,10,21,1715,1,1,1,1,3.0,49015,M,4749069.0,-59131.0,49
201600012201,16,11,16,645,3,1,1,1,7.0,49321,M,4742492.0,-93833.0,49
201600012202,16,11,23,1600,1,1,1,3,1.0,49191,M,4724787.0,-45202.0,49
201600012203,16,1,5,2115,3,1,1,2,2.0,02443,M,0.0,0.0,02
201600012204,16,8,26,15,3,1,1,1,2.0,02227,M,0.0,0.0,02
201600012205,16,1,13,1815,3,1,2,8,6.0,09035,M,4294565.0,104227.0,09
201600012206,16,1,31,2015,5,1,1,1,2.0,06113,M,0.0,0.0,06
201600012207,16,3,8,1130,1,1,9,1,2.0,06083,M,0.0,0.0,06
201600012208,16,3,23,1745,1,1,1,1,2.0,06088,M,0.0,0.0,06
201600012209,16,6,3,1745,1,1,1,1,2.0,06104,M,0.0,0.0,06
201600012210,16,6,23,1930,1,1,1,1,6.0,06088,M,0.0,0.0,06
201600012211,16,9,15,945,1,1,1,1,6.0,06149,M,0.0,0.0,06
201600012212,16,9,16,1815,1,1,1,1,2.0,06088,M,0.0,0.0,06
201600012213,16,9,30,815,1,1,1,1,3.0,06088,M,0.0,0.0,06
201600012214,16,10,22,100,3,1,1,1,6.0,06113,M,4379074.0,747313.0,06
201600012215,16,10,23,1300,1,1,1,2,6.0,06088,M,4371202.0,721305.0,06
201600012216,16,11,7,1025,1,1,1,1,2.0,06088,M,4366795.0,719652.0,06
201600012217,16,11,7,1830,3,1,1,1,7.0,06088,M,4372257.0,722337.0,06
201600012218,16,11,13,2045,3,1,1,1,2.0,06088,M,4371202.0,721305.0,06
201600012219,16,11,21,2020,5,1,1,2,6.0,06088,M,4370737.0,718925.0,06
201600012220,16,11,24,740,1,1,1,3,7.0,06088,M,4370737.0,719147.0,06
201600012221,16,11,24,1030,1,1,1,3,6.0,06104,M,4376305.0,744800.0,06
201600012222,16,12,7,721,2,1,1,1,4.0,06088,M,4372236.0,722315.0,06
201600012223,16,12,12,650,3,1,1,1,5.0,06150,M,4374391.0,735384.0,06
201600012224,16,12,30,1110,1,1,1,1,4.0,06150,M,4374366.0,737745.0,06
201600012225,16,1,15,1000,1,1,1,8,6.0,57635,M,0.0,0.0,57
201600012226,16,5,7,230,3,1,1,1,6.0,67029,M,0.0,0.0,67
201600012227,16,9,3,1515,1,1,1,1,6.0,67191,M,0.0,0.0,67
201600012228,16,11,2,1730,3,1,1,1,6.0,57168,M,4877301.0,729184.0,57
201600012229,16,3,10,2015,3,1,1,1,5.0,90080,M,0.0,0.0,90
201600012230,16,3,29,745,1,1,1,1,2.0,90011,M,0.0,0.0,90
201600012231,16,3,31,745,1,1,1,1,2.0,68195,M,4774677.0,727423.0,68
201600012232,16,4,20,1045,1,1,1,1,2.0,90012,M,0.0,0.0,90
201600012233,16,5,27,1745,1,1,1,1,2.0,68218,M,0.0,0.0,68
201600012234,16,7,10,1045,1,1,1,1,7.0,90010,M,0.0,0.0,90
201600012235,16,7,13,2230,3,1,1,1,1.0,90011,M,0.0,0.0,90
201600012236,16,11,21,600,3,1,1,1,3.0,90062,M,0.0,0.0,90
201600012237,16,12,1,2130,3,1,1,1,2.0,90012,M,0.0,0.0,90
201600012238,16,2,18,700,2,1,1,1,3.0,67067,M,0.0,0.0,67
201600012239,16,7,30,930,1,1,1,1,3.0,67460,M,0.0,0.0,67
201600012240,16,9,19,1500,1,1,1,1,2.0,67162,M,0.0,0.0,67
201600012241,16,10,1,1100,1,1,9,2,1.0,67067,M,0.0,0.0,67
201600012242,16,12,30,215,3,1,1,5,4.0,67033,M,0.0,0.0,67
201600012243,16,3,24,2100,3,1,1,2,6.0,62810,M,0.0,0.0,62
201600012244,16,5,12,815,1,1,1,1,6.0,62848,M,0.0,0.0,62
201600012245,16,5,26,500,3,1,1,1,6.0,62073,M,0.0,0.0,62
201600012246,16,8,28,1230,1,1,1,1,6.0,62019,M,0.0,0.0,62
201600012247,16,10,21,1415,1,1,1,1,6.0,62019,M,0.0,0.0,62
201600012248,16,11,10,1845,3,1,1,2,1.0,56163,M,4812835.0,-332292.0,56
201600012249,16,8,9,1530,1,2,1,1,3.0,44210,M,4729630.0,-220145.0,44
201600012250,16,10,8,1120,1,2,6,1,1.0,44210,M,4729052.0,-220904.0,44
201600012251,16,10,17,815,1,1,1,1,2.0,44210,M,4730590.0,-220629.0,44
201600012252,16,12,1,1805,2,1,1,1,5.0,44103,M,4729056.0,-217400.0,44
201600012253,16,12,2,1515,1,1,3,7,3.0,49277,M,4766891.0,-89525.0,49
201600012254,16,1,22,1845,3,1,3,1,3.0,53121,M,4841609.0,-34363.0,53
201600012255,16,2,15,745,2,1,1,8,1.0,53096,M,4828937.0,-92180.0,53
201600012256,16,3,4,1930,3,1,1,2,1.0,53051,M,4834738.0,-51447.0,53
201600012257,16,8,25,1200,1,1,1,1,2.0,53016,M,4825956.0,-33759.0,53
201600012258,16,12,1,1000,1,2,1,7,2.0,53061,M,4841485.0,-40618.0,53
201600012259,16,1,23,1545,1,1,1,8,1.0,62308,M,5071515.0,195064.0,62
201600012260,16,5,15,45,3,1,1,1,2.0,62193,M,0.0,0.0,62
201600012261,16,7,7,1730,1,1,1,1,7.0,62226,M,0.0,0.0,62
201600012262,16,7,19,1100,1,1,1,1,2.0,62309,M,0.0,0.0,62
201600012263,16,10,15,1330,1,1,1,1,4.0,62794,M,0.0,0.0,62
201600012264,16,11,18,1815,3,1,1,4,6.0,62471,M,0.0,0.0,62
201600012265,16,1,15,2130,3,1,1,1,6.0,76360,M,4973620.0,106736.0,76
201600012266,16,1,29,1815,3,1,1,1,6.0,76405,M,4983325.0,106627.0,76
201600012267,16,5,27,745,1,1,1,3,1.0,76405,M,4984212.0,106828.0,76
201600012268,16,9,18,1915,1,1,1,1,5.0,76700,M,4968960.0,104479.0,76
201600012269,16,1,28,1815,2,1,1,1,1.0,27497,M,4935794.0,74243.0,27
201600012270,16,3,29,1600,1,2,2,1,3.0,27363,M,4940353.0,79724.0,27
201600012271,16,4,13,815,1,2,1,7,2.0,27497,M,4935803.0,72877.0,27
201600012272,16,6,20,1730,1,1,3,2,2.0,27665,M,4940946.0,57951.0,27
201600012273,16,7,8,1145,1,1,1,1,2.0,27105,M,4931440.0,89343.0,27
201600012274,16,3,18,1715,1,2,3,1,1.0,27274,M,4933801.0,139369.0,27
201600012275,16,4,25,915,1,1,2,8,2.0,27567,M,4925667.0,156000.0,27
201600012276,16,6,4,645,2,1,1,1,3.0,27188,M,4929939.0,107968.0,27
201600012277,16,3,23,1600,1,1,2,1,3.0,33222,M,0.0,0.0,33
201600012278,16,4,28,1715,1,1,1,1,3.0,33324,M,4482300.0,20000.0,33
201600012279,16,5,17,1245,1,1,1,1,2.0,17308,M,4586845.0,-96959.0,17
201600012280,16,12,16,1300,1,1,2,1,5.0,17385,M,4592740.0,-128430.0,17
201600012281,16,12,30,930,1,1,1,5,1.0,79172,M,0.0,0.0,79
201600012282,16,1,11,1530,1,2,1,1,6.0,09282,M,4323530.0,157551.0,09
201600012283,16,7,28,1430,1,1,1,1,1.0,09228,M,4273964.0,178767.0,09
201600012284,16,2,5,1200,1,2,3,1,3.0,09111,M,4294859.0,105858.0,09
201600012285,16,4,8,1630,1,1,1,8,1.0,09086,M,4303472.0,107224.0,09
201600012286,16,2,6,345,3,1,1,1,2.0,12101,M,4460920.0,224049.0,12
201600012287,16,7,8,842,1,1,1,7,5.0,12150,M,4429200.0,200500.0,12
201600012288,16,8,2,1845,1,1,1,1,3.0,12016,M,4451397.0,235755.0,12
201600012289,16,3,31,1800,1,2,1,8,6.0,91374,M,4837578.0,220394.0,91
201600012290,16,5,23,300,3,1,1,3,6.0,77252,M,4863215.0,268905.0,77
201600012291,16,9,19,1200,1,1,1,1,1.0,77107,M,0.0,0.0,77
201600012292,16,5,24,657,1,2,2,7,3.0,77223,M,4848619.0,308971.0,77
201600012293,16,5,8,1430,1,1,1,1,2.0,18034,M,0.0,0.0,18
201600012294,16,1,15,1530,1,1,2,7,3.0,28308,M,4871487.0,111058.0,28
201600012295,16,10,3,1015,1,1,1,1,6.0,07330,M,4441300.0,442300.0,07
201600012296,16,1,12,1230,1,1,1,2,1.0,42061,M,4596049.0,392978.0,42
201600012297,16,1,29,30,3,1,1,2,1.0,42229,M,4617654.0,438679.0,42
201600012298,16,5,21,1900,1,1,2,7,3.0,42267,M,4615432.0,415010.0,42
201600012299,16,6,28,1030,1,2,1,1,1.0,67414,M,0.0,0.0,67
201600012300,16,4,3,1145,1,1,1,1,1.0,13030,M,0.0,0.0,13
201600012301,16,1,2,1030,1,1,1,2,1.0,84023,M,0.0,0.0,84
201600012302,16,3,2,800,1,1,9,1,6.0,38397,M,0.0,0.0,38
201600012303,16,3,5,1400,1,1,1,1,2.0,38503,M,0.0,0.0,38
201600012304,16,6,30,1815,1,1,1,1,2.0,38431,M,0.0,0.0,38
201600012305,16,9,3,1245,1,1,1,1,4.0,38397,M,4522950.0,582907.0,38
201600012306,16,9,23,615,3,1,1,1,6.0,38397,M,0.0,0.0,38
201600012307,16,1,14,2045,3,1,1,1,1.0,13025,M,0.0,0.0,13
201600012308,16,1,21,700,2,1,1,1,2.0,13013,M,0.0,0.0,13
201600012309,16,2,20,1700,1,1,1,1,2.0,13007,M,0.0,0.0,13
201600012310,16,3,8,1600,1,1,1,1,7.0,13025,M,0.0,0.0,13
201600012311,16,3,11,2030,3,1,1,1,2.0,13001,M,0.0,0.0,13
201600012312,16,4,18,1830,1,1,1,1,4.0,13007,M,0.0,0.0,13
201600012313,16,6,6,1545,1,1,1,1,2.0,13073,M,0.0,0.0,13
201600012314,16,7,17,945,1,1,1,1,6.0,13086,M,0.0,0.0,13
201600012315,16,9,16,1615,1,1,1,1,6.0,13060,M,0.0,0.0,13
201600012316,16,12,10,545,3,1,1,1,6.0,13109,M,0.0,0.0,13
201600012317,16,12,31,2230,3,1,1,1,2.0,13040,M,0.0,0.0,13
201600012318,16,1,26,2100,1,1,1,1,6.0,06004,M,0.0,0.0,06
201600012319,16,2,7,215,3,1,1,1,6.0,06079,M,0.0,0.0,06
201600012320,16,2,16,530,3,1,1,1,1.0,06085,M,0.0,0.0,06
201600012321,16,2,23,1830,3,1,1,1,5.0,06004,M,0.0,0.0,06
201600012322,16,2,28,900,1,1,1,8,3.0,06027,M,0.0,0.0,06
201600012323,16,3,19,1600,1,1,1,1,3.0,06004,M,0.0,0.0,06
201600012324,16,3,10,1845,3,1,1,1,4.0,06123,M,0.0,0.0,06
201600012325,16,4,10,2045,2,1,1,1,2.0,06027,M,0.0,0.0,06
201600012326,16,4,18,830,1,1,1,1,6.0,06004,M,0.0,0.0,06
201600012327,16,4,27,1215,1,1,1,6,6.0,06085,M,0.0,0.0,06
201600012328,16,4,28,1530,1,1,1,1,5.0,06004,M,0.0,0.0,06
201600012329,16,4,30,900,1,1,1,1,2.0,06004,M,0.0,0.0,06
201600012330,16,7,2,200,3,1,1,1,2.0,83061,M,0.0,0.0,83
201600012331,16,7,7,845,1,1,1,1,5.0,06161,M,0.0,0.0,06
201600012332,16,7,7,2300,3,1,1,1,7.0,83001,M,0.0,0.0,83
201600012333,16,7,15,1930,1,1,1,1,6.0,06004,M,0.0,0.0,06
201600012334,16,8,2,800,1,1,1,1,3.0,06155,M,0.0,0.0,06
201600012335,16,8,4,2245,1,1,1,7,2.0,06004,M,0.0,0.0,06
201600012336,16,8,4,1630,1,1,1,1,3.0,06161,M,0.0,0.0,06
201600012337,16,8,18,30,4,1,1,1,2.0,06085,M,0.0,0.0,06
201600012338,16,9,17,1700,1,1,1,1,2.0,83133,M,0.0,0.0,83
201600012339,16,9,25,1545,1,1,1,1,1.0,06027,M,0.0,0.0,06
201600012340,16,10,7,1655,1,1,1,7,5.0,06161,M,4363232.0,712251.0,06
201600012341,16,10,16,1555,1,1,1,1,6.0,06004,M,4359336.0,710614.0,06
201600012342,16,10,19,2140,3,1,1,1,2.0,06085,M,4358388.0,701220.0,06
201600012343,16,11,14,602,3,1,1,1,6.0,06027,M,4366036.0,715986.0,06
201600012344,16,1,22,1600,1,1,1,8,6.0,64300,M,4342783.0,-62412.0,64
201600012345,16,1,25,1715,1,1,1,1,6.0,64520,M,4331334.0,-26531.0,64
201600012346,16,2,8,530,3,1,1,1,5.0,64290,M,4338490.0,-52123.0,64
201600012347,16,3,7,845,1,1,1,1,2.0,64198,M,4337068.0,-48531.0,64
201600012348,16,3,16,1345,1,1,1,1,6.0,64445,M,4332389.0,-30649.0,64
201600012349,16,5,5,1130,1,1,1,1,5.0,64335,M,4334470.0,-40497.0,64
201600012350,16,6,8,1630,1,1,1,1,5.0,64080,M,4336076.0,-46837.0,64
201600012351,16,7,5,1930,1,1,1,1,6.0,64131,M,4346960.0,-74950.0,64
201600012352,16,9,9,1700,1,1,1,3,6.0,64108,M,4351032.0,-91574.0,64
201600012353,16,10,12,2015,3,1,1,2,2.0,64305,M,4351893.0,-97688.0,64
201600012354,16,6,20,1215,1,1,1,1,1.0,66172,M,4270500.0,284551.0,66
201600012355,16,7,13,1845,1,1,9,1,7.0,66012,M,0.0,0.0,66
201600012356,16,12,15,1400,1,2,1,1,3.0,66172,M,4270955.0,285025.0,66
201600012357,16,2,11,930,3,1,1,2,5.0,63276,M,4585800.0,345900.0,63
201600012358,16,9,25,1845,2,1,1,3,6.0,63213,M,4583300.0,323600.0,63
201600012359,16,10,10,1945,3,1,1,1,6.0,63072,M,4587600.0,369800.0,63
201600012360,16,1,3,1715,1,2,2,2,3.0,74081,M,0.0,0.0,74
201600012361,16,1,15,2000,5,2,1,4,6.0,74081,M,0.0,0.0,74
201600012362,16,1,29,1815,5,1,1,1,2.0,74159,M,0.0,0.0,74
201600012363,16,2,22,2115,5,2,6,2,1.0,74169,M,0.0,0.0,74
201600012364,16,3,1,2015,5,2,1,1,3.0,74081,M,0.0,0.0,74
201600012365,16,3,25,1230,1,2,3,2,3.0,74081,M,0.0,0.0,74
201600012366,16,4,18,1945,2,1,1,2,6.0,74223,M,0.0,0.0,74
201600012367,16,4,24,700,1,2,1,1,6.0,74264,M,0.0,0.0,74
201600012368,16,5,4,1830,1,2,4,1,3.0,74081,M,0.0,0.0,74
201600012369,16,5,28,1430,1,2,1,1,1.0,74159,M,0.0,0.0,74
201600012370,16,5,26,1730,1,2,1,1,6.0,74081,M,0.0,0.0,74
201600012371,16,6,6,1800,1,2,1,3,1.0,74064,M,0.0,0.0,74
201600012372,16,6,14,1745,1,1,1,1,1.0,74081,M,0.0,0.0,74
201600012373,16,5,17,1215,1,2,9,1,6.0,74264,M,0.0,0.0,74
201600012374,16,7,2,330,3,1,1,1,6.0,74081,M,4603900.0,660400.0,74
201600012375,16,7,5,1030,1,2,2,1,6.0,74081,M,0.0,0.0,74
201600012376,16,7,15,1145,1,2,3,1,6.0,74081,M,0.0,0.0,74
201600012377,16,8,16,1600,1,1,1,1,7.0,74221,M,0.0,0.0,74
201600012378,16,8,16,1600,1,1,1,1,1.0,74221,M,0.0,0.0,74
201600012379,16,9,28,1215,1,2,1,1,2.0,74264,M,0.0,0.0,74
201600012380,16,12,1,1330,1,2,2,1,1.0,74081,M,0.0,0.0,74
201600012381,16,12,2,2230,3,1,1,1,1.0,74159,M,0.0,0.0,74
201600012382,16,12,14,1445,1,1,4,1,2.0,74159,M,0.0,0.0,74
201600012383,16,12,30,1845,3,1,1,1,6.0,74014,M,0.0,0.0,74
201600012384,16,1,23,1000,2,2,1,2,6.0,59037,M,0.0,0.0,59
201600012385,16,4,8,1845,1,2,1,1,6.0,59622,M,0.0,0.0,59
201600012386,16,5,4,1500,1,1,1,1,1.0,59622,M,0.0,0.0,59
201600012387,16,7,3,1230,1,2,1,1,1.0,59622,M,0.0,0.0,59
201600012388,16,10,13,945,1,2,1,7,6.0,59037,M,0.0,0.0,59
201600012389,16,11,24,1230,1,1,1,1,5.0,59213,M,0.0,0.0,59
201600012390,16,12,12,730,3,1,1,2,6.0,59635,M,0.0,0.0,59
201600012391,16,12,28,1800,3,1,1,5,1.0,59322,M,0.0,0.0,59
201600012392,16,1,12,1400,1,1,1,4,1.0,24217,M,4498270.0,88689.0,24
201600012393,16,6,28,400,3,1,1,1,2.0,47068,M,4447710.0,2848.0,47
201600012394,16,8,25,915,1,1,1,1,2.0,47285,M,4443390.0,12736.0,47
201600012395,16,10,17,915,2,1,1,1,5.0,47078,M,4428860.0,26437.0,47
201600012396,16,11,4,1730,3,1,1,3,5.0,47078,M,4430440.0,25982.0,47
201600012397,16,6,14,1600,1,1,1,2,5.0,72007,M,0.0,0.0,72
201600012398,16,6,17,1245,1,1,1,1,7.0,72300,M,0.0,0.0,72
201600012399,16,7,3,830,1,1,1,1,7.0,72353,M,0.0,0.0,72
201600012400,16,7,22,1345,1,1,1,1,7.0,72080,M,0.0,0.0,72
201600012401,16,9,25,1900,1,1,1,8,4.0,72093,M,0.0,0.0,72
201600012402,16,10,14,1400,1,1,1,1,3.0,72080,M,0.0,0.0,72
201600012403,16,11,21,845,1,1,1,8,3.0,72375,M,0.0,0.0,72
201600012404,16,12,26,1745,3,1,1,1,7.0,72375,M,0.0,0.0,72
201600012405,16,2,15,815,1,1,1,2,6.0,89316,M,4755041.0,396127.0,89
201600012406,16,6,26,1015,1,1,1,1,7.0,89341,M,4771226.0,377953.0,89
201600012407,16,7,17,2030,1,1,1,1,2.0,89277,M,4767535.0,386249.0,89
201600012408,16,7,24,1,3,2,1,1,6.0,89318,M,4738178.0,399653.0,89
201600012409,16,8,1,1545,1,1,1,1,6.0,89208,M,4762439.0,390770.0,89
201600012410,16,8,5,1200,1,1,1,1,7.0,89277,M,4767012.0,386685.0,89
201600012411,16,11,21,430,3,1,1,1,2.0,89109,M,4750459.0,405680.0,89
201600012412,16,12,3,2145,3,1,1,1,6.0,89208,M,4764557.0,390651.0,89
201600012413,16,4,18,815,1,1,1,1,3.0,85129,M,4685687.0,-152717.0,85
201600012414,16,10,28,1830,2,1,1,1,1.0,85280,M,4688895.0,-192651.0,85
201600012415,16,12,19,1720,1,1,1,1,5.0,09122,M,4295896.0,158985.0,09
201600012416,16,1,20,1330,1,2,1,1,6.0,09122,M,4296235.0,160566.0,09
201600012417,16,2,3,1920,5,2,3,1,3.0,09207,M,4293402.0,163407.0,09
201600012418,16,2,20,1145,1,1,1,1,2.0,09122,M,4297656.0,162233.0,09
201600012419,16,2,10,1920,3,1,1,2,7.0,09122,M,4297188.0,158437.0,09
201600012420,16,3,18,715,1,1,1,1,3.0,91617,M,4865875.0,251965.0,91
201600012421,16,7,12,1400,1,1,1,1,1.0,91617,M,4865400.0,250600.0,91
201600012422,16,9,15,1930,2,1,1,7,2.0,91573,M,4858890.0,252265.0,91
201600012423,16,10,1,2245,3,1,1,1,5.0,91617,M,4864426.0,250364.0,91
201600012424,16,11,24,1700,3,2,6,1,1.0,91553,M,0.0,0.0,91
201600012425,16,8,27,1045,1,1,9,1,4.0,38253,M,4502770.0,607761.0,38
201600012426,16,3,12,2245,5,2,1,1,1.0,09225,M,4313209.0,162330.0,09
201600012427,16,5,30,935,1,2,1,1,6.0,09225,M,4311968.0,161183.0,09
201600012428,16,3,11,1945,2,2,1,1,3.0,09225,M,4310837.0,161733.0,09
201600012429,16,6,21,1215,1,2,4,1,3.0,09225,M,4311659.0,163205.0,09
201600012430,16,5,18,1605,1,2,7,1,6.0,09225,M,4311610.0,161015.0,09
201600012431,16,7,1,1610,1,2,1,1,6.0,09225,M,4311492.0,161447.0,09
201600012432,16,9,4,1115,1,2,1,1,1.0,09225,M,4310504.0,161972.0,09
201600012433,16,9,23,2335,5,2,1,1,6.0,09225,M,4310902.0,161026.0,09
201600012434,16,11,13,2050,5,2,2,1,6.0,09225,M,4311545.0,161467.0,09
201600012435,16,2,21,300,3,1,1,1,6.0,31035,M,4353940.0,150666.0,31
201600012436,16,3,24,1745,1,1,1,1,7.0,31374,M,0.0,0.0,31
201600012437,16,3,29,1615,1,1,1,1,1.0,31048,M,4344909.0,162953.0,31
201600012438,16,7,15,600,2,1,1,1,6.0,31429,M,4350660.0,153239.0,31
201600012439,16,10,4,1735,1,1,1,1,2.0,31254,M,4354608.0,150014.0,31
201600012440,16,10,8,930,1,1,1,1,7.0,09185,M,4322242.0,163789.0,09
201600012441,16,10,9,1725,1,1,1,1,7.0,31374,M,4341679.0,165496.0,31
201600012442,16,10,27,930,1,1,3,5,3.0,31478,M,4343061.0,195368.0,31
201600012443,16,11,18,2223,3,1,1,1,2.0,11243,M,4334128.0,182763.0,11
201600012444,16,6,4,215,3,1,1,1,2.0,33284,M,0.0,0.0,33
201600012445,16,6,6,2215,3,1,9,8,2.0,33029,M,0.0,0.0,33
201600012446,16,6,7,215,3,1,1,8,2.0,33284,M,0.0,0.0,33
201600012447,16,6,21,1615,1,1,1,1,2.0,33284,M,0.0,0.0,33
201600012448,16,6,21,1730,1,1,1,1,5.0,33284,M,0.0,0.0,33
201600012449,16,7,2,1900,1,1,6,8,7.0,33199,M,0.0,0.0,33