Num_Acc,an,mois,jour,hrmn,lum,agg,int,atm,col,com,gps,lat,long,dep
201600012450,16,8,4,1115,1,1,1,8,3.0,33527,M,0.0,0.0,33
201600012451,16,8,31,1615,1,1,1,1,5.0,33284,M,0.0,0.0,33
201600012452,16,9,5,1900,1,1,1,1,2.0,33284,M,0.0,0.0,33
201600012453,16,1,7,2015,5,1,1,3,6.0,74208,M,0.0,0.0,74
201600012454,16,2,26,2130,3,1,2,1,1.0,74143,M,0.0,0.0,74
201600012455,16,4,28,1545,1,1,1,1,1.0,46162,M,4455613.0,159765.0,46
201600012456,16,7,2,315,3,1,1,1,6.0,46049,M,4447154.0,177819.0,46
201600012457,16,12,10,1630,2,1,1,1,6.0,46007,M,4443556.0,151156.0,46
201600012458,16,1,8,1200,1,1,9,1,6.0,69208,M,4584200.0,462500.0,69
201600012459,16,2,14,1545,1,2,1,1,1.0,69032,M,0.0,0.0,69
201600012460,16,3,29,1145,1,1,1,1,1.0,69254,M,4594400.0,443700.0,69
201600012461,16,5,31,1430,1,1,1,3,6.0,69112,M,0.0,0.0,69
201600012462,16,9,4,1630,1,1,1,1,1.0,69050,M,0.0,0.0,69
201600012463,16,9,15,830,1,1,1,9,6.0,69243,M,0.0,0.0,69
201600012464,16,10,14,2210,3,1,1,2,6.0,69102,M,4587756.0,439815.0,69
201600012465,16,11,9,654,2,1,1,2,5.0,69102,M,4589033.0,436777.0,69
201600012466,16,12,6,1745,3,1,1,5,4.0,69050,M,4586366.0,463174.0,69
201600012467,16,12,26,1405,1,1,1,1,6.0,69112,M,4581268.0,465051.0,69
201600012468,16,2,14,1700,2,1,1,4,6.0,72166,M,0.0,0.0,72
201600012469,16,3,30,1300,1,1,1,1,1.0,72089,M,0.0,0.0,72
201600012470,16,8,10,1945,1,1,9,1,2.0,72149,M,0.0,0.0,72
201600012471,16,11,21,1830,1,1,1,8,3.0,72149,M,0.0,0.0,72
201600012472,16,2,6,545,3,1,1,1,6.0,68297,M,4759144.0,754520.0,68
201600012473,16,3,29,900,1,1,1,1,7.0,68300,M,4777389.0,740015.0,68
201600012474,16,4,3,1330,1,1,1,1,6.0,68300,M,4778940.0,739910.0,68
201600012475,16,7,31,2030,2,1,1,2,7.0,68103,M,4764498.0,745544.0,68
201600012476,16,8,12,1515,1,1,1,1,6.0,68278,M,0.0,0.0,68
201600012477,16,9,5,1730,1,1,1,1,6.0,68300,M,0.0,0.0,68
201600012478,16,9,20,230,3,1,1,1,2.0,68278,M,4774769.0,742053.0,68
201600012479,16,9,29,1315,1,1,1,1,2.0,68253,M,4748053.0,749409.0,68
201600012480,16,10,10,1130,1,2,4,1,6.0,68300,M,4778462.0,740714.0,68
201600012481,16,11,6,415,4,1,1,1,6.0,68021,M,4763660.0,750012.0,68
201600012482,16,12,5,1615,1,1,1,1,7.0,68300,M,4778942.0,739906.0,68
201600012483,16,12,18,615,3,1,1,1,7.0,68021,M,0.0,0.0,68
201600012484,16,1,12,1445,1,1,1,1,6.0,53228,M,4804440.0,-39223.0,53
201600012485,16,2,23,1345,1,1,1,1,7.0,53049,M,4815479.0,-63917.0,53
201600012486,16,4,1,1115,1,1,1,1,6.0,53026,M,4799526.0,-98203.0,53
201600012487,16,4,9,615,3,1,1,3,6.0,53034,M,4809573.0,-69309.0,53
201600012488,16,5,8,630,2,1,1,1,2.0,53007,M,4807605.0,-64557.0,53
201600012489,16,5,10,1315,1,1,1,1,5.0,53267,M,4805163.0,-43359.0,53
201600012490,16,7,15,1800,1,1,1,1,6.0,53007,M,4807532.0,-61294.0,53
201600012491,16,7,23,830,1,1,1,1,6.0,53262,M,4806955.0,-55870.0,53
201600012492,16,12,10,1100,1,2,7,8,3.0,53001,M,4778329.0,-62965.0,53
201600012493,16,1,8,630,2,1,1,1,7.0,44048,M,4737864.0,-126274.0,44
201600012494,16,1,15,1330,1,1,1,1,7.0,44028,M,4734409.0,-136884.0,44
201600012495,16,1,27,1515,1,1,1,1,6.0,44026,M,4729900.0,-143607.0,44
201600012496,16,2,1,1415,1,1,1,1,6.0,44104,M,4741545.0,-96851.0,44
201600012497,16,3,21,1930,3,1,1,1,2.0,44003,M,4740033.0,-119746.0,44
201600012498,16,6,23,1045,1,1,1,1,2.0,44003,M,4740033.0,-119746.0,44
201600012499,16,1,11,830,2,1,1,2,6.0,47043,M,4424970.0,30262.0,47
201600012500,16,6,4,615,2,1,1,1,2.0,47097,M,4423050.0,33235.0,47
201600012501,16,9,4,1645,1,1,1,1,7.0,47041,M,4421330.0,40247.0,47
201600012502,16,12,3,1615,1,1,1,1,7.0,47078,M,4427940.0,27041.0,47
201600012503,16,12,21,1845,3,1,1,1,5.0,47267,M,4427240.0,27521.0,47
201600012504,16,1,3,1230,1,1,1,1,6.0,82125,M,0.0,0.0,82
201600012505,16,1,14,745,2,1,1,2,5.0,82028,M,0.0,0.0,82
201600012506,16,3,1,1130,1,1,6,1,6.0,82172,M,0.0,0.0,82
201600012507,16,3,5,1400,1,1,1,2,1.0,82123,M,0.0,0.0,82
201600012508,16,4,14,1915,1,1,1,1,6.0,31202,M,4384570.0,132294.0,31
201600012509,16,5,4,1815,1,1,1,1,2.0,82033,M,0.0,0.0,82
201600012510,16,7,10,1930,1,1,1,1,6.0,82033,M,0.0,0.0,82
201600012511,16,9,9,600,2,1,1,1,2.0,82033,M,0.0,0.0,82
201600012512,16,9,25,1000,1,1,1,1,6.0,82121,M,0.0,0.0,82
201600012513,16,10,2,1545,1,1,9,1,2.0,82025,M,0.0,0.0,82
201600012514,16,11,6,1415,1,1,1,5,4.0,31202,M,0.0,0.0,31
201600012515,16,12,10,1315,1,1,1,5,2.0,82149,M,0.0,0.0,82
201600012516,16,12,16,1600,1,1,1,2,2.0,82123,M,0.0,0.0,82
201600012517,16,1,16,1630,1,1,1,1,7.0,20027,M,4211693.0,892198.0,201
201600012518,16,5,24,1000,1,1,1,1,3.0,20348,M,0.0,0.0,201
201600012519,16,6,8,1730,1,1,1,1,5.0,20212,M,0.0,0.0,201
201600012520,16,6,15,2030,2,1,1,1,1.0,20048,M,0.0,0.0,201
201600012521,16,9,7,1030,1,1,1,1,4.0,20266,M,0.0,0.0,201
201600012522,16,1,1,1415,1,1,1,1,6.0,39150,M,4706949.0,543871.0,39
201600012523,16,2,3,1815,3,1,1,8,5.0,39233,M,4708679.0,542007.0,39
201600012524,16,3,16,1745,1,1,1,1,6.0,39448,M,4699657.0,549932.0,39
201600012525,16,6,8,715,1,1,1,1,1.0,39252,M,4704134.0,544793.0,39
201600012526,16,11,14,1700,2,1,1,1,5.0,39219,M,4717124.0,577886.0,39
201600012527,16,12,13,15,3,1,1,2,6.0,39031,M,4717235.0,566014.0,39
201600012528,16,3,26,800,1,2,4,1,3.0,38397,M,4524597.0,583107.0,38
201600012529,16,3,31,2130,5,2,1,1,3.0,38229,M,0.0,0.0,38
201600012530,16,4,27,1245,1,2,1,1,1.0,38431,M,4525897.0,585219.0,38
201600012531,16,5,29,45,5,2,1,1,3.0,38229,M,0.0,0.0,38
201600012532,16,6,26,500,2,1,1,1,1.0,38140,M,0.0,0.0,38
201600012533,16,7,20,2330,3,1,1,1,7.0,38435,M,4529779.0,586672.0,38
201600012534,16,11,12,1130,1,2,2,1,3.0,38229,M,0.0,0.0,38
201600012535,16,12,6,1915,5,2,3,1,6.0,38229,M,4520521.0,576478.0,38
201600012536,16,2,22,1500,1,2,6,2,7.0,06085,M,4360477.0,700187.0,06
201600012537,16,3,2,1700,1,1,1,1,3.0,06085,M,0.0,0.0,06
201600012538,16,4,9,245,5,2,1,1,3.0,06085,M,4358746.0,699657.0,06
201600012539,16,5,28,15,3,1,1,1,3.0,06085,M,0.0,0.0,06
201600012540,16,6,10,2245,5,2,1,1,6.0,06085,M,0.0,0.0,06
201600012541,16,7,6,815,1,1,1,1,3.0,06085,M,0.0,0.0,06
201600012542,16,7,3,1915,1,2,1,1,1.0,06085,M,0.0,0.0,06
201600012543,16,8,9,930,1,2,1,1,1.0,06085,M,0.0,0.0,06
201600012544,16,8,10,1815,2,2,1,1,6.0,06085,M,0.0,0.0,06
201600012545,16,8,27,630,2,1,1,1,6.0,06085,M,0.0,0.0,06
201600012546,16,9,3,800,1,2,3,1,5.0,06085,M,0.0,0.0,06
201600012547,16,9,23,1830,1,2,3,1,3.0,06085,M,0.0,0.0,06
201600012548,16,10,9,1700,1,2,3,1,2.0,06085,M,4361097.0,696708.0,06
201600012549,16,10,11,1915,2,2,1,1,2.0,06085,M,4359211.0,704358.0,06
201600012550,16,10,17,920,1,2,1,1,3.0,06085,M,4360575.0,704616.0,06
201600012551,16,10,2,745,1,2,2,1,3.0,06085,M,0.0,0.0,06
201600012552,16,10,29,1630,1,2,3,1,3.0,06085,M,4360850.0,696454.0,06
201600012553,16,11,29,855,1,1,1,1,5.0,06085,M,4360522.0,699019.0,06
201600012554,16,1,15,800,3,2,1,2,6.0,78466,M,0.0,0.0,78
201600012555,16,3,3,215,3,1,1,3,7.0,78431,M,0.0,0.0,78
201600012556,16,3,19,115,5,2,1,1,1.0,78466,M,0.0,0.0,78
201600012557,16,5,1,1730,1,2,1,1,6.0,78466,M,0.0,0.0,78
201600012558,16,5,10,830,1,1,1,1,1.0,78466,M,0.0,0.0,78
201600012559,16,6,2,1830,1,1,1,1,6.0,78431,M,0.0,0.0,78
201600012560,16,7,28,45,5,1,1,1,1.0,78466,M,0.0,0.0,78
201600012561,16,11,16,845,1,1,1,1,2.0,78466,M,4893100.0,199900.0,78
201600012562,16,2,22,645,2,1,6,5,4.0,33122,M,4471199.0,-75962.0,33
201600012563,16,3,6,1500,1,1,6,1,3.0,33122,M,4472320.0,-74858.0,33
201600012564,16,3,30,1230,1,1,1,1,7.0,33122,M,4474754.0,-75372.0,33
201600012565,16,4,18,1545,1,2,6,1,2.0,33122,M,4474499.0,-68292.0,33
201600012566,16,4,27,645,1,1,1,1,1.0,33122,M,4472400.0,-73900.0,33
201600012567,16,6,12,645,3,1,1,1,6.0,33122,M,4473800.0,-75900.0,33
201600012568,16,9,20,1715,2,1,4,1,1.0,33122,M,4476226.0,-68838.0,33
201600012569,16,9,25,1515,1,1,1,1,7.0,33122,M,4476700.0,-68700.0,33
201600012570,16,12,16,1945,5,1,6,1,6.0,33122,M,4475499.0,-68568.0,33
201600012571,16,2,25,1730,1,1,1,1,7.0,66195,M,0.0,0.0,66
201600012572,16,4,17,545,3,1,1,2,4.0,67008,M,0.0,0.0,67
201600012573,16,5,23,1245,1,1,1,2,6.0,67125,M,0.0,0.0,67
201600012574,16,6,14,2045,1,1,1,1,2.0,67125,M,0.0,0.0,67
201600012575,16,7,13,1645,1,1,1,1,2.0,67462,M,0.0,0.0,67
201600012576,16,10,9,515,3,1,1,1,6.0,67411,M,0.0,0.0,67
201600012577,16,11,25,2100,3,1,1,1,4.0,67073,M,0.0,0.0,67
201600012578,16,12,4,445,3,1,1,1,6.0,67101,M,0.0,0.0,67
201600012579,16,12,13,230,3,1,1,1,2.0,67125,M,0.0,0.0,67
201600012580,16,7,15,800,1,1,1,1,6.0,79246,M,4641538.0,-11938.0,79
201600012581,16,7,19,430,3,1,1,1,2.0,79003,M,4629347.0,-38319.0,79
201600012582,16,9,18,800,2,1,1,1,6.0,79290,M,4640005.0,-62197.0,79
201600012583,16,7,16,1500,1,1,1,1,7.0,33502,M,0.0,0.0,33
201600012584,16,9,9,1100,1,1,1,1,3.0,33123,M,0.0,0.0,33
201600012585,16,10,22,815,1,1,1,1,7.0,17050,M,4549088.0,-61469.0,17
201600012586,16,11,6,1245,1,1,1,1,5.0,33126,M,0.0,0.0,33
201600012587,16,12,28,1515,1,1,1,1,7.0,17050,M,4548397.0,-61742.0,17
201600012588,16,1,7,800,1,2,1,1,1.0,20269,M,4186100.0,940000.0,201
201600012589,16,4,2,315,5,2,1,1,7.0,20362,M,4170500.0,935400.0,201
201600012590,16,4,3,1745,1,1,1,1,6.0,20092,M,4172300.0,940300.0,201
201600012591,16,4,16,1615,1,1,1,1,6.0,20362,M,0.0,0.0,201
201600012592,16,5,14,745,1,1,1,1,1.0,20139,M,0.0,0.0,201
201600012593,16,6,1,1645,1,1,1,1,7.0,20139,M,0.0,0.0,201
201600012594,16,6,15,1645,1,1,1,1,3.0,20269,M,0.0,0.0,201
201600012595,16,6,16,1115,1,1,1,1,2.0,20362,M,4171500.0,939500.0,201
201600012596,16,6,19,1215,1,1,1,2,6.0,20139,M,4165599.0,932600.0,201
201600012597,16,6,26,1630,1,1,1,1,3.0,20269,M,4180500.0,939400.0,201
201600012598,16,6,30,1330,1,2,1,1,3.0,20362,M,4169900.0,933900.0,201
201600012599,16,7,14,815,1,2,1,1,6.0,20269,M,0.0,0.0,201
201600012600,16,7,20,1600,1,1,1,7,6.0,20269,M,4182400.0,940400.0,201
201600012601,16,3,26,240,3,1,1,1,7.0,14184,M,4926130.0,-78271.0,14
201600012602,16,6,3,1845,1,1,4,1,3.0,74268,M,0.0,0.0,74
201600012603,16,6,24,730,1,1,6,1,6.0,74268,M,0.0,0.0,74
201600012604,16,7,3,1830,1,1,1,1,1.0,74268,M,0.0,0.0,74
201600012605,16,7,7,1945,1,2,6,1,6.0,74268,M,0.0,0.0,74
201600012606,16,8,4,2115,5,2,1,3,5.0,74268,M,0.0,0.0,74
201600012607,16,8,27,845,1,2,3,1,5.0,74268,M,0.0,0.0,74
201600012608,16,8,30,1530,1,2,4,1,3.0,74268,M,0.0,0.0,74
201600012609,16,9,14,1645,1,2,4,1,1.0,74268,M,0.0,0.0,74
201600012610,16,1,26,1915,3,1,1,1,3.0,01276,M,0.0,0.0,01
201600012611,16,1,30,2300,3,1,1,1,6.0,01032,M,0.0,0.0,01
201600012612,16,2,18,1400,1,1,1,1,6.0,01099,M,0.0,0.0,01
201600012613,16,3,19,915,1,1,1,1,2.0,01089,M,0.0,0.0,01
201600012614,16,3,23,1500,1,1,1,6,7.0,01032,M,0.0,0.0,01
201600012615,16,4,20,1930,1,1,1,1,7.0,01089,M,0.0,0.0,01
201600012616,16,4,30,1700,1,1,1,1,6.0,01043,M,0.0,0.0,01
201600012617,16,4,28,1830,1,1,1,1,3.0,01099,M,0.0,0.0,01
201600012618,16,5,11,100,3,1,1,1,2.0,01142,M,0.0,0.0,01
201600012619,16,5,18,2200,3,1,1,1,5.0,01032,M,0.0,0.0,01
201600012620,16,6,18,245,3,1,1,1,2.0,01032,M,4586000.0,515000.0,01
201600012621,16,7,12,845,1,1,1,8,7.0,01007,M,4599000.0,531000.0,01
201600012622,16,7,20,500,2,1,1,1,1.0,01032,M,0.0,0.0,01
201600012623,16,8,21,1045,1,1,1,1,2.0,38557,M,4578475.0,508059.0,38
201600012624,16,10,5,123,3,1,1,5,2.0,01213,M,4592886.0,527363.0,01
201600012625,16,11,4,1830,3,1,1,1,1.0,01290,M,4589079.0,517612.0,01
201600012626,16,7,17,645,1,1,1,1,3.0,37027,M,4732200.0,98300.0,37
201600012627,16,9,14,1315,1,1,1,8,2.0,37030,M,4759200.0,88500.0,37
201600012628,16,2,16,1545,1,2,1,1,6.0,42279,M,4549979.0,424033.0,42
201600012629,16,3,11,2230,3,1,1,1,6.0,42279,M,4549220.0,429959.0,42
201600012630,16,3,15,2200,3,1,1,2,7.0,42279,M,4551849.0,427207.0,42
201600012631,16,3,16,1500,1,2,1,4,6.0,42279,M,4549935.0,424049.0,42
201600012632,16,3,18,1730,1,1,1,1,7.0,42042,M,4545178.0,423066.0,42
201600012633,16,3,19,1915,2,1,1,1,1.0,42169,M,4546262.0,411699.0,42
201600012634,16,4,19,1715,1,1,1,1,3.0,42042,M,4545412.0,422584.0,42
201600012635,16,5,7,1130,1,2,1,7,1.0,42279,M,4549942.0,424411.0,42
201600012636,16,5,12,1115,1,1,1,8,7.0,42126,M,4546003.0,411031.0,42
201600012637,16,5,23,1400,1,2,1,8,3.0,42279,M,4549885.0,424259.0,42
201600012638,16,6,24,1615,1,2,1,1,6.0,42279,M,4549930.0,424218.0,42
201600012639,16,7,26,515,5,2,1,1,6.0,42279,M,4551871.0,426427.0,42
201600012640,16,7,30,2015,1,1,1,2,6.0,42169,M,4545730.0,415165.0,42
201600012641,16,8,2,1800,1,1,1,1,7.0,42279,M,4549268.0,429402.0,42
201600012642,16,8,7,2000,2,1,1,1,3.0,42042,M,4545135.0,423065.0,42
201600012643,16,8,30,1615,1,2,1,1,1.0,42279,M,4549979.0,423926.0,42
201600012644,16,9,24,1230,1,2,1,7,3.0,42279,M,4549684.0,424408.0,42
201600012645,16,9,25,315,5,2,1,1,7.0,42256,M,4550070.0,416250.0,42
201600012646,16,10,10,1545,1,1,1,1,3.0,42256,M,4547200.0,413980.0,42
201600012647,16,11,30,1945,5,2,1,1,2.0,42279,M,4550466.0,426467.0,42
201600012648,16,1,17,515,3,1,1,9,6.0,91135,M,4851400.0,244200.0,91
201600012649,16,9,18,530,3,1,6,5,7.0,91244,M,4855348.0,241558.0,91
201600012650,16,12,11,1815,3,1,6,5,6.0,91244,M,4855001.0,241243.0,91
201600012651,16,12,12,1000,1,1,6,8,1.0,91244,M,4855354.0,241554.0,91
201600012652,16,3,22,830,1,1,1,1,2.0,51449,M,4920578.0,419496.0,51
201600012653,16,5,28,2000,1,1,1,1,2.0,51428,M,4911857.0,424907.0,51
201600012654,16,6,1,1315,1,1,1,1,1.0,51044,M,4917019.0,417818.0,51
201600012655,16,6,6,2015,1,1,8,1,3.0,51449,M,4919948.0,417678.0,51
201600012656,16,7,8,1545,1,1,2,1,1.0,51333,M,4916631.0,408378.0,51
201600012657,16,7,19,1845,1,1,1,1,1.0,51629,M,4915508.0,401198.0,51
201600012658,16,8,20,2230,3,1,6,1,6.0,51044,M,4918228.0,416646.0,51
201600012659,16,9,22,930,1,1,3,1,3.0,51613,M,4916601.0,414637.0,51
201600012660,16,11,13,1200,1,1,1,8,1.0,51629,M,4915618.0,401152.0,51
201600012661,16,12,14,400,3,1,1,1,1.0,51044,M,4917391.0,416905.0,51
201600012662,16,12,16,845,1,2,2,1,6.0,51079,M,4907923.0,414785.0,51
201600012663,16,12,21,1730,3,1,2,1,3.0,51571,M,4920184.0,425526.0,51
201600012664,16,8,30,1430,1,2,1,1,7.0,31157,M,4355414.0,135792.0,31
201600012665,16,1,4,1045,1,2,1,1,6.0,06018,M,4362368.0,710960.0,06
201600012666,16,1,11,745,2,2,6,1,6.0,06018,M,0.0,0.0,06
201600012667,16,1,24,1215,1,1,6,1,3.0,06018,M,0.0,0.0,06
201600012668,16,1,13,1700,1,1,1,1,3.0,06152,M,0.0,0.0,06
201600012669,16,3,6,1030,1,2,1,1,1.0,06018,M,4362832.0,709597.0,06
201600012670,16,4,14,900,1,2,1,1,1.0,06152,M,0.0,0.0,06
201600012671,16,4,21,1800,1,2,1,1,5.0,06152,M,4364227.0,703349.0,06
201600012672,16,4,27,1900,1,2,1,1,3.0,06018,M,4362430.0,710381.0,06
201600012673,16,5,14,230,3,1,1,1,3.0,06152,M,0.0,0.0,06
201600012674,16,5,7,1100,1,2,1,1,6.0,06018,M,0.0,0.0,06
201600012675,16,5,26,900,1,1,1,1,2.0,06018,M,0.0,0.0,06
201600012676,16,6,12,1330,1,2,1,1,3.0,06152,M,0.0,0.0,06
201600012677,16,6,23,1800,1,2,1,1,6.0,06018,M,0.0,0.0,06
201600012678,16,6,26,1545,1,1,6,1,6.0,06152,M,0.0,0.0,06
201600012679,16,7,13,1115,1,2,1,1,1.0,06152,M,0.0,0.0,06
201600012680,16,7,16,1900,1,1,1,1,7.0,06152,M,0.0,0.0,06
201600012681,16,8,4,1745,1,2,1,1,2.0,06018,M,0.0,0.0,06
201600012682,16,8,5,1500,1,1,1,6,6.0,06152,M,0.0,0.0,06
201600012683,16,6,2,1830,1,1,9,1,3.0,06018,M,0.0,0.0,06
201600012684,16,9,5,2245,3,1,1,1,1.0,06152,M,0.0,0.0,06
201600012685,16,10,10,1455,1,1,1,1,5.0,06152,M,4361101.0,704949.0,06
201600012686,16,10,19,747,1,1,1,1,2.0,06152,M,4362346.0,701098.0,06
201600012687,16,10,28,1140,1,1,1,1,6.0,06018,M,4361602.0,707719.0,06
201600012688,16,10,30,910,1,2,1,1,3.0,06152,M,4364395.0,701512.0,06
201600012689,16,11,9,1040,1,2,1,2,7.0,06018,M,4362150.0,709946.0,06
201600012690,16,11,23,820,1,1,1,2,5.0,06018,M,4361639.0,709245.0,06
201600012691,16,11,25,1850,5,1,1,1,5.0,06152,M,4362375.0,700713.0,06
201600012692,16,11,26,1200,1,1,1,1,1.0,06152,M,4360534.0,705209.0,06
201600012693,16,11,30,1835,3,2,6,1,6.0,06018,M,4361761.0,707050.0,06
201600012694,16,12,2,750,1,2,1,1,7.0,06018,M,4362867.0,709712.0,06
201600012695,16,12,15,1220,1,1,1,1,6.0,06018,M,4362120.0,705952.0,06
201600012696,16,12,30,1500,1,2,1,1,6.0,06152,M,4360556.0,705937.0,06
201600012697,16,3,24,800,1,2,1,1,3.0,69292,M,0.0,0.0,69
201600012698,16,7,5,1945,1,2,1,1,1.0,69088,M,0.0,0.0,69
201600012699,16,1,4,1745,5,2,1,2,3.0,69244,M,0.0,0.0,69
201600012700,16,1,12,1715,2,2,1,1,3.0,69244,M,0.0,0.0,69
201600012701,16,4,8,1645,1,2,1,1,6.0,69244,M,0.0,0.0,69
201600012702,16,10,7,1015,1,2,1,1,6.0,69244,M,4576357.0,477358.0,69
201600012703,16,10,19,1850,1,2,1,1,3.0,69244,M,4575637.0,477171.0,69
201600012704,16,11,18,2340,5,2,1,1,1.0,69244,M,4575815.0,477525.0,69
201600012705,16,12,1,1645,1,2,2,1,3.0,69244,M,4576892.0,475859.0,69
201600012706,16,12,6,1805,5,2,1,5,3.0,69244,M,4577031.0,478884.0,69
201600012707,16,12,8,1945,5,2,1,1,3.0,69244,M,4576484.0,476879.0,69
201600012708,16,12,11,2145,5,2,1,1,3.0,69244,M,4575454.0,477970.0,69
201600012709,16,12,10,1830,5,2,1,1,6.0,38019,M,0.0,0.0,38
201600012710,16,12,14,1230,1,2,1,1,3.0,38425,M,4539762.0,477776.0,38
201600012711,16,1,8,1745,3,1,1,3,5.0,74120,M,4604200.0,630200.0,74
201600012712,16,7,31,1700,1,1,1,1,1.0,74022,M,0.0,0.0,74
201600012713,16,8,6,1215,1,2,2,1,3.0,74303,M,0.0,0.0,74
201600012714,16,9,2,1830,1,1,1,1,7.0,74120,M,0.0,0.0,74
201600012715,16,3,5,1430,1,1,1,2,7.0,34320,M,4364044.0,373376.0,34
201600012716,16,3,24,1315,1,1,1,1,2.0,34153,M,4372990.0,380265.0,34
201600012717,16,8,25,130,3,1,1,1,7.0,34082,M,4366816.0,380013.0,34
201600012718,16,1,13,1230,1,1,1,1,1.0,01140,M,0.0,0.0,01
201600012719,16,3,19,1145,1,1,1,1,5.0,01254,M,0.0,0.0,01
201600012720,16,4,13,545,3,1,1,3,6.0,01343,M,0.0,0.0,01
201600012721,16,4,21,1500,1,1,1,1,6.0,01422,M,0.0,0.0,01
201600012722,16,5,23,845,1,1,1,1,5.0,01374,M,0.0,0.0,01
201600012723,16,5,26,730,1,1,1,1,6.0,01159,M,0.0,0.0,01
201600012724,16,6,18,500,3,1,1,1,6.0,01422,M,0.0,0.0,01
201600012725,16,6,23,1530,1,1,1,1,6.0,01195,M,0.0,0.0,01
201600012726,16,7,31,1930,1,1,1,1,1.0,01304,M,0.0,0.0,01
201600012727,16,8,11,700,1,1,1,1,7.0,01029,M,4643541.0,526961.0,01
201600012728,16,8,11,945,1,1,1,1,7.0,01195,M,0.0,0.0,01
201600012729,16,8,22,1445,1,1,1,1,6.0,01195,M,0.0,0.0,01
201600012730,16,9,28,2000,2,1,1,1,6.0,01024,M,4625998.0,516675.0,01
201600012731,16,11,1,2045,3,1,1,1,6.0,01159,M,4632905.0,488010.0,01
201600012732,16,10,7,850,1,1,1,1,3.0,77206,M,4885407.0,301845.0,77
201600012733,16,10,12,1215,1,1,2,1,3.0,77031,M,4867267.0,295962.0,77
201600012734,16,11,22,1600,1,2,9,1,6.0,77183,M,4895055.0,312465.0,77
201600012735,16,6,6,1630,1,1,1,1,4.0,78233,M,0.0,0.0,78
201600012736,16,2,16,815,2,1,1,7,4.0,78233,M,0.0,0.0,78
201600012737,16,2,21,1230,1,2,1,1,3.0,78043,M,0.0,0.0,78
201600012738,16,3,6,100,3,1,1,1,1.0,78152,M,0.0,0.0,78
201600012739,16,4,1,1345,1,1,1,1,1.0,78043,M,0.0,0.0,78
201600012740,16,4,2,1045,1,1,1,8,1.0,78152,M,0.0,0.0,78
201600012741,16,4,15,730,2,1,1,7,6.0,78043,M,0.0,0.0,78
201600012742,16,5,9,700,1,1,1,1,1.0,78233,M,0.0,0.0,78
201600012743,16,6,7,1830,1,1,1,1,1.0,78571,M,0.0,0.0,78
201600012744,16,8,28,1115,1,2,4,1,3.0,78152,M,0.0,0.0,78
201600012745,16,9,10,1730,1,2,1,1,2.0,78571,M,0.0,0.0,78
201600012746,16,10,14,845,1,2,1,1,3.0,78043,M,0.0,0.0,78
201600012747,16,1,4,245,3,1,1,2,7.0,13014,M,0.0,0.0,13
201600012748,16,1,21,945,1,1,1,1,2.0,13118,M,0.0,0.0,13
201600012749,16,2,1,1700,1,1,1,1,6.0,13037,M,0.0,0.0,13
201600012750,16,5,19,830,1,2,1,1,1.0,13037,M,4355043.0,522312.0,13
201600012751,16,7,13,2230,4,1,1,1,1.0,13037,M,0.0,0.0,13
201600012752,16,7,18,1630,1,1,1,1,1.0,13112,M,0.0,0.0,13
201600012753,16,9,21,800,1,1,1,1,3.0,13037,M,4355199.0,517941.0,13
201600012754,16,11,10,2200,4,1,1,1,1.0,13037,M,0.0,0.0,13
201600012755,16,10,22,1730,1,1,1,1,2.0,95430,M,4907190.0,232420.0,95
201600012756,16,12,2,1545,1,1,1,8,7.0,95028,M,4906170.0,234070.0,95
201600012757,16,5,14,1045,1,2,1,2,6.0,09032,M,4272162.0,183728.0,09
201600012758,16,5,16,1215,1,1,1,1,5.0,09228,M,4273134.0,180401.0,09
201600012759,16,6,3,2030,1,1,1,8,3.0,09139,M,4259012.0,180366.0,09
201600012760,16,7,24,1445,1,1,1,1,1.0,09032,M,4268443.0,182411.0,09
201600012761,16,10,6,1015,1,1,1,8,6.0,09032,M,4268652.0,182317.0,09
201600012762,16,11,5,1900,3,1,1,2,5.0,09004,M,4277560.0,169739.0,09
201600012763,16,3,27,2000,5,2,1,1,3.0,35059,M,4817890.0,-172425.0,35
201600012764,16,4,3,245,3,1,1,1,2.0,35275,M,4815803.0,-181817.0,35
201600012765,16,4,14,1000,1,1,1,1,1.0,35275,M,4813854.0,-187095.0,35
201600012766,16,5,28,1830,1,1,1,1,1.0,35210,M,4815012.0,-174418.0,35
201600012767,16,7,1,1345,1,2,6,1,1.0,35210,M,4814103.0,-176642.0,35
201600012768,16,7,7,1630,1,1,1,1,1.0,35210,M,4812570.0,-177279.0,35
201600012769,16,7,16,515,3,1,1,1,6.0,35210,M,4816072.0,-185105.0,35
201600012770,16,8,21,1115,1,1,3,1,3.0,35131,M,4811693.0,-180676.0,35
201600012771,16,9,14,700,3,1,1,8,3.0,35131,M,4812111.0,-183241.0,35
201600012772,16,10,12,1020,1,2,1,7,6.0,35210,M,4814668.0,-177139.0,35
201600012773,16,10,21,610,3,1,1,1,7.0,35210,M,4812946.0,-177236.0,35
201600012774,16,11,10,1145,1,2,1,1,3.0,35210,M,4814611.0,-177962.0,35
201600012775,16,11,23,1850,5,1,3,2,3.0,35059,M,4818926.0,-172763.0,35
201600012776,16,12,3,2230,4,1,1,1,7.0,35210,M,4812362.0,-177346.0,35
201600012777,16,12,18,2055,3,1,1,5,7.0,35210,M,4815021.0,-173674.0,35
201600012778,16,12,27,1400,1,1,6,1,3.0,35210,M,4814205.0,-176907.0,35
201600012779,16,4,17,730,2,1,1,1,6.0,56259,M,0.0,0.0,56
201600012780,16,7,14,245,3,1,1,1,6.0,56214,M,4750321.0,-281088.0,56
201600012781,16,7,17,1145,1,1,1,1,7.0,56248,M,4760319.0,-261608.0,56
201600012782,16,7,24,1900,1,1,1,1,3.0,56205,M,0.0,0.0,56
201600012783,16,11,8,1600,1,1,1,1,1.0,56251,M,0.0,0.0,56
201600012784,16,11,25,730,3,1,1,1,4.0,56150,M,4760462.0,-268146.0,56