Num_Acc,an,mois,jour,hrmn,lum,agg,int,atm,col,com,gps,lat,long,dep
201600012785,16,12,19,1900,5,1,1,2,6.0,56243,M,4766120.0,-275997.0,56
201600012786,16,2,8,815,1,1,1,1,1.0,42108,M,4560978.0,420718.0,42
201600012787,16,2,28,1615,1,1,1,1,6.0,42324,M,4555787.0,424968.0,42
201600012788,16,9,27,1145,1,1,1,1,4.0,42108,M,4558284.0,421364.0,42
201600012789,16,10,7,2245,3,1,9,1,2.0,42020,M,4562200.0,420245.0,42
201600012790,16,12,8,1830,3,1,1,1,4.0,42075,M,4556819.0,422625.0,42
201600012791,16,2,12,1430,1,1,1,2,7.0,42255,M,4587666.0,386806.0,42
201600012792,16,4,23,945,1,1,1,2,6.0,42255,M,4587803.0,387012.0,42
201600012793,16,1,16,1100,1,2,1,1,1.0,78474,M,0.0,0.0,78
201600012794,16,2,17,1715,1,1,2,1,3.0,78192,M,0.0,0.0,78
201600012795,16,3,31,1700,1,1,5,2,5.0,78591,M,0.0,0.0,78
201600012796,16,4,30,1315,1,1,1,8,5.0,78291,M,0.0,0.0,78
201600012797,16,3,19,1000,1,1,1,8,1.0,88430,M,4818802.0,575933.0,88
201600012798,16,7,24,1515,1,1,1,1,3.0,88430,M,4818636.0,575587.0,88
201600012799,16,3,14,1815,1,2,1,1,1.0,38553,M,0.0,0.0,38
201600012800,16,4,24,1545,1,1,1,1,1.0,38553,M,4560475.0,516371.0,38
201600012801,16,8,7,1400,1,1,1,1,3.0,38048,M,0.0,0.0,38
201600012802,16,8,22,2115,3,1,1,1,1.0,38048,M,0.0,0.0,38
201600012803,16,9,13,1215,1,2,1,1,3.0,38553,M,0.0,0.0,38
201600012804,16,9,19,915,1,2,1,3,3.0,38553,M,0.0,0.0,38
201600012805,16,11,5,1930,3,2,1,3,6.0,38553,M,0.0,0.0,38
201600012806,16,11,9,915,1,2,1,3,4.0,38553,M,0.0,0.0,38
201600012807,16,2,8,1215,1,1,1,1,6.0,13113,M,0.0,0.0,13
201600012808,16,2,10,1715,1,1,1,1,6.0,13048,M,0.0,0.0,13
201600012809,16,7,4,1345,1,1,1,1,5.0,13113,M,0.0,0.0,13
201600012810,16,7,13,945,1,1,1,1,2.0,13059,M,0.0,0.0,13
201600012811,16,7,17,2100,1,1,1,1,6.0,13059,M,0.0,0.0,13
201600012812,16,7,19,1700,1,1,1,1,2.0,13074,M,0.0,0.0,13
201600012813,16,9,19,600,3,1,1,1,5.0,13059,M,0.0,0.0,13
201600012814,16,2,12,1600,1,1,1,4,4.0,18214,M,0.0,0.0,18
201600012815,16,8,14,800,1,1,1,1,6.0,18138,M,0.0,0.0,18
201600012816,16,8,27,1000,1,1,1,1,6.0,18138,M,0.0,0.0,18
201600012817,16,9,7,1945,2,1,1,1,6.0,18050,M,4705415.0,231490.0,18
201600012818,16,2,3,730,5,2,1,1,1.0,34159,M,4350900.0,380166.0,34
201600012819,16,3,7,630,3,1,1,1,3.0,34337,M,4352620.0,381942.0,34
201600012820,16,3,12,845,1,1,1,1,4.0,34333,M,4348090.0,377297.0,34
201600012821,16,8,24,915,1,2,1,1,6.0,34159,M,4350550.0,379510.0,34
201600012822,16,9,5,830,1,1,1,1,3.0,34108,M,4347280.0,376948.0,34
201600012823,16,9,21,1045,1,1,9,1,3.0,34337,M,4354640.0,382436.0,34
201600012824,16,10,15,1415,1,1,3,1,3.0,34108,M,4347752.0,377167.0,34
201600012825,16,12,6,1415,1,1,1,1,3.0,34333,M,4349490.0,379530.0,34
201600012826,16,12,23,915,1,1,1,1,3.0,34333,M,4347451.0,377039.0,34
201600012827,16,1,12,1215,1,1,1,1,5.0,01373,M,0.0,0.0,01
201600012828,16,2,3,1715,2,1,1,4,2.0,01237,M,0.0,0.0,01
201600012829,16,6,12,230,5,1,1,1,7.0,01274,M,0.0,0.0,01
201600012830,16,11,6,1745,3,1,1,2,3.0,01283,M,4626902.0,564671.0,01
201600012831,16,11,10,1745,5,1,1,3,1.0,01014,M,4628172.0,566039.0,01
201600012832,16,12,18,315,3,1,1,1,1.0,01087,M,0.0,0.0,01
201600012833,16,1,26,1000,1,1,1,1,6.0,14535,M,4929700.0,-47578.0,14
201600012834,16,5,4,815,1,1,3,1,2.0,14685,M,4924430.0,-46041.0,14
201600012835,16,6,11,1345,1,1,2,1,3.0,14200,M,4929320.0,-54368.0,14
201600012836,16,7,13,945,1,2,1,1,2.0,14191,M,4933010.0,-44753.0,14
201600012837,16,8,15,1715,1,1,1,1,1.0,14535,M,,,14
201600012838,16,8,26,1145,1,2,3,1,6.0,14515,M,4934880.0,-75659.0,14
201600012839,16,9,19,2215,3,1,1,1,3.0,14049,M,4931100.0,-59300.0,14
201600012840,16,1,8,1700,1,1,1,1,3.0,13069,M,4363044.0,515869.0,13
201600012841,16,2,11,1900,1,1,1,1,7.0,13051,M,4357834.0,514997.0,13
201600012842,16,3,31,1845,1,1,1,1,3.0,13051,M,4359012.0,511487.0,13
201600012843,16,5,9,730,1,1,1,1,3.0,13051,M,0.0,0.0,13
201600012844,16,5,5,2130,3,1,1,1,6.0,13051,M,0.0,0.0,13
201600012845,16,8,5,845,1,1,1,1,5.0,13051,M,0.0,0.0,13
201600012846,16,9,24,1830,2,1,1,1,3.0,13051,M,0.0,0.0,13
201600012847,16,9,30,745,1,1,1,1,5.0,13051,M,0.0,0.0,13
201600012848,16,11,20,615,3,1,1,1,1.0,13051,M,4358732.0,512498.0,13
201600012849,16,11,25,1515,1,1,1,2,3.0,13009,M,4359217.0,525420.0,13
201600012850,16,12,16,1945,3,1,1,1,3.0,13044,M,4360351.0,506569.0,13
201600012851,16,12,18,1845,3,1,1,1,7.0,13044,M,0.0,0.0,13
201600012852,16,1,28,700,2,1,1,1,2.0,03118,M,4611300.0,315400.0,03
201600012853,16,2,18,30,3,1,9,1,3.0,03118,M,4609700.0,313800.0,03
201600012854,16,3,9,2115,3,1,1,1,2.0,03118,M,4609800.0,313800.0,03
201600012855,16,8,23,1600,1,1,1,1,7.0,03186,M,4623200.0,310000.0,03
201600012856,16,9,7,800,1,1,9,1,6.0,03175,M,4623700.0,309900.0,03
201600012857,16,9,8,1515,1,1,1,1,7.0,03220,M,0.0,0.0,03
201600012858,16,9,23,2345,3,1,1,1,6.0,03075,M,4621400.0,309800.0,03
201600012859,16,9,27,1715,1,1,1,1,6.0,03075,M,4623800.0,309900.0,03
201600012860,16,10,11,745,1,2,1,1,6.0,03082,M,0.0,0.0,03
201600012861,16,11,10,1945,3,1,1,1,6.0,03118,M,4611700.0,313400.0,03
201600012862,16,1,20,1945,3,1,1,1,2.0,63327,M,4593300.0,314000.0,63
201600012863,16,3,27,1645,1,1,1,1,3.0,63113,M,0.0,0.0,63
201600012864,16,6,4,1645,1,1,1,1,3.0,63082,M,4606300.0,311500.0,63
201600012865,16,7,2,1145,1,1,1,1,6.0,63113,M,4581300.0,315400.0,63
201600012866,16,8,13,1100,1,1,1,1,4.0,63300,M,4589100.0,315300.0,63
201600012867,16,5,1,1515,1,1,1,1,6.0,06084,M,4361444.0,696146.0,06
201600012868,16,5,14,1300,1,2,1,1,5.0,06084,M,0.0,0.0,06
201600012869,16,6,20,1500,1,2,6,1,6.0,06084,M,0.0,0.0,06
201600012870,16,8,31,1900,1,1,1,1,1.0,06084,M,0.0,0.0,06
201600012871,16,11,6,1528,1,1,6,1,2.0,06084,M,4361900.0,697106.0,06
201600012872,16,5,3,1215,1,1,1,1,1.0,49018,M,4753259.0,-5998.0,49
201600012873,16,5,18,1615,1,1,2,1,5.0,49127,M,4763322.0,-24890.0,49
201600012874,16,6,17,1315,1,1,1,1,1.0,49245,M,4753012.0,-4135.0,49
201600012875,16,6,29,1000,1,1,1,1,5.0,49110,M,4754215.0,-40078.0,49
201600012876,16,8,12,1710,1,1,1,1,2.0,49323,M,4750861.0,-44803.0,49
201600012877,16,10,24,830,2,1,1,2,4.0,49377,M,4751808.0,-41407.0,49
201600012878,16,10,28,1715,1,1,1,1,6.0,49377,M,4751978.0,-42834.0,49
201600012879,16,11,22,1600,1,1,1,1,2.0,49127,M,4764038.0,-27455.0,49
201600012880,16,4,5,1145,1,1,1,2,2.0,40209,M,4355586.0,-143206.0,40
201600012881,16,7,4,1445,1,1,1,1,7.0,40261,M,4371068.0,-122799.0,40
201600012882,16,12,24,2145,3,1,1,1,7.0,40133,M,4359184.0,-141753.0,40
201600012883,16,10,14,1020,1,1,1,1,6.0,40094,M,4412170.0,-98333.0,40
201600012884,16,12,17,1530,1,1,1,7,2.0,40134,M,4424719.0,-90539.0,40
201600012885,16,3,26,2215,3,1,1,1,6.0,63093,M,4600600.0,298800.0,63
201600012886,16,4,25,1345,1,1,1,1,6.0,63354,M,4602300.0,279400.0,63
201600012887,16,5,5,1500,1,1,1,1,3.0,63198,M,4593000.0,303200.0,63
201600012888,16,6,3,2315,3,2,1,1,6.0,63004,M,4592590.0,281560.0,63
201600012889,16,7,13,1,3,1,1,1,6.0,63349,M,0.0,0.0,63
201600012890,16,7,28,1115,1,2,1,1,6.0,63349,M,4593870.0,284150.0,63
201600012891,16,8,9,1830,1,2,3,1,3.0,63349,M,0.0,0.0,63
201600012892,16,11,21,1821,5,2,6,8,6.0,10387,M,4827638.0,408021.0,10
201600012893,16,10,13,1622,1,2,1,2,7.0,10387,M,4829669.0,408472.0,10
201600012894,16,10,19,1630,1,1,1,1,6.0,10060,M,4825645.0,410175.0,10
201600012895,16,12,15,1838,3,1,1,1,2.0,10333,M,4827115.0,404893.0,10
201600012896,16,12,19,1429,1,2,1,1,6.0,10362,M,4830137.0,403648.0,10
201600012897,16,12,27,1855,5,2,1,5,2.0,10297,M,4829828.0,411603.0,10
201600012898,16,12,24,1520,1,2,3,1,3.0,10387,M,4830477.0,407022.0,10
201600012899,16,1,6,1757,5,2,1,2,3.0,10387,M,4829481.0,406304.0,10
201600012900,16,8,3,2025,1,2,6,1,6.0,10343,M,4828121.0,409999.0,10
201600012901,16,1,20,1413,1,1,1,1,1.0,10333,M,4828197.0,403999.0,10
201600012902,16,1,8,1734,2,2,3,1,3.0,10297,M,4832536.0,409485.0,10
201600012903,16,1,22,2046,2,2,2,3,3.0,10387,M,4828770.0,407716.0,10
201600012904,16,1,23,1008,1,2,1,1,2.0,10387,M,4831049.0,406730.0,10
201600012905,16,1,26,852,1,2,6,1,2.0,10333,M,4827015.0,405083.0,10
201600012906,16,1,22,2300,5,2,3,3,3.0,10387,M,4829434.0,408275.0,10
201600012907,16,1,25,1815,5,2,1,1,2.0,10387,M,4829466.0,408251.0,10
201600012908,16,2,18,1030,1,2,1,1,6.0,10362,M,4829413.0,405766.0,10
201600012909,16,2,22,619,5,2,6,1,3.0,10387,M,4828764.0,408094.0,10
201600012910,16,2,22,1209,1,2,2,1,2.0,10387,M,4830282.0,406803.0,10
201600012911,16,2,15,1945,5,2,1,1,6.0,10387,M,4829941.0,406569.0,10
201600012912,16,2,3,1500,1,2,1,1,3.0,10387,M,4829591.0,408222.0,10
201600012913,16,2,15,1950,3,2,1,1,2.0,10081,M,4830829.0,402231.0,10
201600012914,16,2,28,1555,1,2,1,1,6.0,10387,M,4829116.0,407544.0,10
201600012915,16,2,23,2025,5,2,1,1,6.0,10387,M,4830044.0,407469.0,10
201600012916,16,2,24,1320,1,2,1,1,4.0,10387,M,4830659.0,409472.0,10
201600012917,16,3,7,1852,5,2,1,2,6.0,10081,M,4830538.0,402777.0,10
201600012918,16,3,15,1623,1,2,3,1,3.0,10325,M,4826342.0,404742.0,10
201600012919,16,3,9,1230,1,2,1,1,6.0,10387,M,4829147.0,407510.0,10
201600012920,16,3,8,2123,5,2,1,8,6.0,10387,M,4829522.0,407766.0,10
201600012921,16,3,6,2020,4,1,1,1,1.0,10081,M,4830296.0,402928.0,10
201600012922,16,3,29,850,1,2,6,1,6.0,10387,M,4829138.0,408811.0,10
201600012923,16,3,17,1048,1,2,3,1,6.0,10387,M,4830079.0,408864.0,10
201600012924,16,3,25,1414,1,2,1,1,6.0,10387,M,4830450.0,409483.0,10
201600012925,16,4,3,1054,1,2,6,1,3.0,10387,M,4826851.0,408609.0,10
201600012926,16,4,5,1055,1,2,1,1,6.0,10333,M,4827403.0,405797.0,10
201600012927,16,4,6,1735,1,2,1,1,3.0,10387,M,4830172.0,405154.0,10
201600012928,16,4,27,1627,1,2,3,1,3.0,10387,M,4829572.0,409618.0,10
201600012929,16,3,21,1830,1,2,1,1,6.0,10343,M,4827386.0,409243.0,10
201600012930,16,4,16,1329,1,2,1,1,6.0,10387,M,4830805.0,406940.0,10
201600012931,16,4,20,1640,1,2,1,1,3.0,10081,M,4832080.0,405332.0,10
201600012932,16,5,14,1653,1,2,1,1,6.0,10343,M,4826980.0,408741.0,10
201600012933,16,5,24,1722,1,2,2,1,3.0,10387,M,4830342.0,405224.0,10
201600012934,16,5,25,1400,1,2,1,1,3.0,10387,M,4830287.0,406794.0,10
201600012935,16,5,28,2003,1,2,1,1,6.0,10081,M,4618454.0,402364.0,10
201600012936,16,1,16,2220,1,1,1,1,3.0,10387,M,4829786.0,406726.0,10
201600012937,16,7,14,1835,1,2,1,1,6.0,10387,M,4831474.0,406808.0,10
201600012938,16,7,1,1608,1,2,1,1,3.0,10343,M,4828241.0,409280.0,10
201600012939,16,7,1,823,1,2,1,1,6.0,10387,M,4829927.0,406580.0,10
201600012940,16,7,30,951,1,2,3,1,6.0,10387,M,4829747.0,407475.0,10
201600012941,16,7,12,1355,1,2,1,1,3.0,10387,M,,,10
201600012942,16,7,31,1416,1,2,3,1,3.0,10387,M,4829616.0,407218.0,10
201600012943,16,7,28,1820,1,2,3,1,6.0,10387,M,4828172.0,407043.0,10
201600012944,16,8,3,1557,1,2,2,1,1.0,10387,M,4830481.0,408376.0,10
201600012945,16,8,3,1655,1,2,3,1,3.0,10081,M,4830834.0,403571.0,10
201600012946,16,8,12,1830,1,2,1,1,3.0,10333,M,4827969.0,404329.0,10
201600012947,16,8,30,1046,1,2,3,1,3.0,10325,M,4826762.0,406787.0,10
201600012948,16,8,19,1505,1,2,3,1,6.0,10387,M,4830953.0,405400.0,10
201600012949,16,8,19,1743,1,2,1,1,3.0,10387,M,4827242.0,408249.0,10
201600012950,16,9,9,1809,1,2,1,1,6.0,10387,M,4829377.0,407313.0,10
201600012951,16,9,12,1939,1,2,1,1,6.0,10387,M,4829980.0,407332.0,10
201600012952,16,9,7,1453,1,2,1,1,6.0,10387,M,4824030.0,407183.0,10
201600012953,16,9,16,1329,1,2,1,1,6.0,10387,M,4830316.0,407381.0,10
201600012954,16,9,27,1443,1,2,3,1,3.0,10362,M,4828976.0,404007.0,10
201600012955,16,9,29,1055,1,2,2,1,2.0,10387,M,4828667.0,407756.0,10
201600012956,16,10,7,109,5,2,1,1,7.0,10343,M,4827348.0,408516.0,10
201600012957,16,10,5,1500,1,1,1,1,2.0,10081,M,4832937.0,405251.0,10
201600012958,16,10,13,1818,2,2,3,2,6.0,10343,M,4827000.0,408724.0,10
201600012959,16,10,11,1516,1,1,1,1,2.0,10333,M,4828113.0,404024.0,10
201600012960,16,10,1,1741,1,2,1,1,6.0,10081,M,4830757.0,404324.0,10
201600012961,16,10,24,1454,1,1,1,2,7.0,10081,M,4832945.0,405196.0,10
201600012962,16,10,22,1,5,2,3,1,3.0,10362,M,4829374.0,405276.0,10
201600012963,16,10,18,1649,1,2,1,1,6.0,10362,M,4829104.0,402632.0,10
201600012964,16,10,30,422,5,2,1,5,2.0,10362,M,4829378.0,405347.0,10
201600012965,16,11,3,742,1,2,3,1,3.0,10387,M,4826883.0,408452.0,10
201600012966,16,11,3,855,1,2,1,1,6.0,10387,M,4829754.0,405877.0,10
201600012967,16,11,5,1514,1,2,3,1,5.0,10387,M,4830652.0,404887.0,10
201600012968,16,11,18,1327,1,2,1,1,6.0,10362,M,4829442.0,406064.0,10
201600012969,16,11,5,1037,1,2,3,1,3.0,10387,M,4829877.0,407036.0,10
201600012970,16,11,8,940,1,2,1,1,3.0,10387,M,4829474.0,407382.0,10
201600012971,16,11,7,1840,5,2,3,1,3.0,10387,M,4830399.0,408089.0,10
201600012972,16,11,8,1039,1,2,2,1,6.0,10387,M,4829486.0,408178.0,10
201600012973,16,12,8,1735,1,2,1,1,6.0,10362,M,4829410.0,405769.0,10
201600012974,16,12,1,1444,1,2,3,1,3.0,10387,M,4830580.0,406299.0,10
201600012975,16,1,27,900,1,2,1,1,6.0,67152,M,0.0,0.0,67
201600012976,16,2,6,600,5,2,6,8,7.0,67152,M,0.0,0.0,67
201600012977,16,8,7,2330,3,1,1,1,6.0,67049,M,0.0,0.0,67
201600012978,16,8,28,2015,2,1,1,8,6.0,67247,M,0.0,0.0,67
201600012979,16,9,21,1600,1,2,6,1,7.0,67212,M,0.0,0.0,67
201600012980,16,12,19,1500,1,1,9,1,6.0,67212,M,0.0,0.0,67
201600012981,16,12,30,615,5,1,1,5,7.0,67124,M,0.0,0.0,67
201600012982,16,4,2,1545,1,1,1,1,1.0,67389,M,0.0,0.0,67
201600012983,16,9,14,2130,3,1,1,1,6.0,67309,M,0.0,0.0,67
201600012984,16,9,24,1615,1,2,1,1,1.0,67343,M,0.0,0.0,67
201600012985,16,9,27,1830,1,2,9,1,1.0,67389,M,0.0,0.0,67
201600012986,16,11,7,700,2,1,9,1,4.0,67389,M,0.0,0.0,67
201600012987,16,11,16,915,1,2,1,3,3.0,67309,M,0.0,0.0,67
201600012988,16,3,3,2015,5,1,1,1,6.0,06038,M,0.0,0.0,06
201600012989,16,3,12,945,1,2,1,1,1.0,06112,M,4367706.0,701763.0,06
201600012990,16,3,25,730,1,1,1,1,1.0,06148,M,0.0,0.0,06
201600012991,16,4,3,1815,1,1,4,1,3.0,06089,M,0.0,0.0,06
201600012992,16,4,13,1700,1,2,1,1,3.0,06105,M,0.0,0.0,06
201600012993,16,7,27,1000,1,1,1,1,2.0,06112,M,0.0,0.0,06
201600012994,16,5,29,2000,1,1,1,1,1.0,06148,M,0.0,0.0,06
201600012995,16,1,2,1230,1,1,1,3,6.0,65258,M,4309960.0,39352.0,65
201600012996,16,3,9,1800,2,1,1,4,5.0,64238,M,4322972.0,-37580.0,64
201600012997,16,8,22,1615,1,1,1,1,2.0,65394,M,4309210.0,50932.0,65
201600012998,16,12,17,1630,1,1,1,1,6.0,65062,M,4320620.0,14382.0,65
201600012999,16,2,7,800,2,1,1,8,7.0,02013,M,0.0,0.0,02
201600013000,16,10,25,630,3,1,1,5,6.0,02046,M,0.0,0.0,02
201600013001,16,3,5,1145,1,1,1,8,3.0,38530,M,0.0,0.0,38
201600013002,16,5,10,100,3,1,1,1,6.0,38193,M,0.0,0.0,38
201600013003,16,6,2,830,1,1,1,1,3.0,38530,M,0.0,0.0,38
201600013004,16,6,10,1800,1,1,2,1,3.0,38530,M,0.0,0.0,38
201600013005,16,7,11,30,3,1,1,1,1.0,38193,M,4561040.0,521236.0,38
201600013006,16,8,26,15,3,1,1,1,6.0,38193,M,0.0,0.0,38
201600013007,16,9,26,2000,3,1,9,1,3.0,38352,M,4560459.0,522640.0,38
201600013008,16,12,18,815,1,2,1,5,7.0,38193,M,0.0,0.0,38
201600013009,16,12,31,1815,1,1,1,1,5.0,03031,M,0.0,0.0,03
201600013010,16,2,13,1345,1,1,1,3,6.0,03158,M,0.0,0.0,03
201600013011,16,7,29,30,3,1,1,1,6.0,03097,M,0.0,0.0,03
201600013012,16,9,3,30,3,1,1,1,6.0,03031,M,0.0,0.0,03
201600013013,16,11,29,1415,1,1,9,1,6.0,03031,M,4639900.0,271800.0,03
201600013014,16,2,4,1120,1,1,1,1,6.0,04091,M,4400200.0,592114.0,04
201600013015,16,5,23,1600,1,1,1,6,7.0,04049,M,4408780.0,598680.0,04
201600013016,16,8,23,1530,1,1,1,1,7.0,04075,M,4416420.0,595721.0,04
201600013017,16,9,26,1030,1,1,1,1,6.0,04013,M,4413390.0,597858.0,04
201600013018,16,11,12,1730,2,1,1,1,2.0,04075,M,4417450.0,595377.0,04
201600013019,16,11,27,1430,1,1,1,1,6.0,04112,M,4383100.0,584255.0,04
201600013020,16,1,15,1100,1,2,1,1,6.0,13113,M,4358796.0,547660.0,13
201600013021,16,4,8,1000,1,2,1,1,6.0,13113,M,0.0,0.0,13
201600013022,16,5,20,1645,1,1,1,1,2.0,13080,M,0.0,0.0,13
201600013023,16,6,15,800,1,1,1,1,1.0,13080,M,4366128.0,545273.0,13
201600013024,16,7,11,1600,1,1,1,1,3.0,13113,M,4361075.0,549887.0,13
201600013025,16,7,20,1215,1,2,6,1,3.0,13113,M,4358713.0,547572.0,13
201600013026,16,8,25,1900,1,1,1,1,3.0,13113,M,4360719.0,549449.0,13
201600013027,16,3,9,2200,3,1,1,1,1.0,73183,M,0.0,0.0,73
201600013028,16,6,24,1000,1,1,1,1,3.0,73183,M,0.0,0.0,73
201600013029,16,10,1,545,3,1,1,1,2.0,73183,M,0.0,0.0,73
201600013030,16,10,24,645,3,1,1,1,5.0,73007,M,0.0,0.0,73
201600013031,16,12,16,1200,1,1,1,1,2.0,73118,M,0.0,0.0,73
201600013032,16,12,30,1300,1,1,1,1,6.0,73118,M,0.0,0.0,73
201600013033,16,4,9,1730,1,1,1,1,1.0,38500,M,0.0,0.0,38
201600013034,16,5,17,900,1,2,1,1,1.0,38033,M,4519288.0,539094.0,38
201600013035,16,6,14,1745,1,1,1,1,1.0,26088,M,0.0,0.0,26
201600013036,16,8,13,1500,1,1,1,1,6.0,38356,M,0.0,0.0,38
201600013037,16,8,19,2300,3,1,3,1,1.0,38410,M,4508505.0,519966.0,38
201600013038,16,11,9,1815,3,1,1,1,3.0,38450,M,4526610.0,551854.0,38
201600013039,16,2,15,2000,3,1,1,1,1.0,35206,M,0.0,0.0,35
201600013040,16,7,12,1715,1,1,1,2,3.0,35032,M,0.0,0.0,35
201600013041,16,7,25,645,1,2,1,1,7.0,35352,M,4805858.0,-161266.0,35
201600013042,16,8,5,215,4,2,1,1,6.0,35352,M,0.0,0.0,35
201600013043,16,9,8,1500,1,1,6,1,6.0,35352,M,4807838.0,-163248.0,35
201600013044,16,10,25,1815,1,1,1,1,3.0,35208,M,4797956.0,-165579.0,35
201600013045,16,10,31,1100,1,1,3,1,2.0,35266,M,4800795.0,-164071.0,35
201600013046,16,12,6,815,1,2,6,7,6.0,35206,M,4804419.0,-166557.0,35
201600013047,16,12,6,815,2,2,9,9,6.0,35266,M,4801775.0,-166205.0,35
201600013048,16,12,18,1535,1,1,1,5,7.0,35032,M,4799450.0,-163252.0,35
201600013049,16,2,21,1630,1,1,1,8,6.0,67205,M,0.0,0.0,67
201600013050,16,2,29,2045,3,1,1,1,2.0,67151,M,0.0,0.0,67
201600013051,16,4,5,1915,3,1,1,2,2.0,67506,M,0.0,0.0,67
201600013052,16,4,20,715,1,1,1,1,6.0,67463,M,0.0,0.0,67
201600013053,16,5,25,745,1,1,1,8,2.0,67205,M,0.0,0.0,67
201600013054,16,9,16,715,2,1,1,1,7.0,67151,M,0.0,0.0,67
201600013055,16,9,21,1800,1,1,1,1,4.0,67237,M,0.0,0.0,67
201600013056,16,1,29,1730,2,1,1,2,5.0,62397,M,5085686.0,190058.0,62
201600013057,16,5,31,2015,1,2,1,1,3.0,62397,M,5088213.0,187267.0,62
201600013058,16,12,24,2340,5,2,1,1,6.0,11069,M,4321009.0,234866.0,11
201600013059,16,12,4,2130,5,2,1,1,3.0,11069,M,4320765.0,233765.0,11
201600013060,16,1,23,2340,3,1,1,5,1.0,11069,M,4321387.0,238563.0,11
201600013061,16,2,2,1205,1,2,1,1,6.0,11069,M,4321450.0,237361.0,11
201600013062,16,12,22,1600,1,1,1,1,2.0,11069,M,4323315.0,235819.0,11
201600013063,16,1,23,500,5,1,1,3,7.0,11069,M,4319791.0,233733.0,11
201600013064,16,1,27,1240,1,2,1,1,4.0,11069,M,4321099.0,233868.0,11
201600013065,16,1,10,1628,1,1,1,1,6.0,11069,M,4320293.0,233421.0,11
201600013066,16,2,13,600,5,2,3,2,3.0,11069,M,4321057.0,234499.0,11
201600013067,16,2,22,1920,5,2,1,1,6.0,11069,M,4321437.0,236649.0,11
201600013068,16,2,19,2030,3,1,1,1,6.0,11069,M,4322997.0,232627.0,11
201600013069,16,3,9,1357,1,1,1,2,3.0,11069,M,4320341.0,237825.0,11
201600013070,16,3,2,1645,1,2,1,2,5.0,11069,M,4320479.0,239951.0,11
201600013071,16,3,10,1845,1,1,1,1,4.0,11069,M,4321265.0,226685.0,11
201600013072,16,3,13,1114,1,2,1,1,3.0,11069,M,4321269.0,237179.0,11
201600013073,16,3,24,1515,1,2,1,1,6.0,11069,M,4322248.0,235424.0,11
201600013074,16,3,27,1110,1,1,6,1,3.0,11069,M,4319638.0,232238.0,11
201600013075,16,4,11,905,1,1,1,1,1.0,11069,M,4319136.0,233208.0,11
201600013076,16,3,28,1920,2,1,1,1,3.0,11069,M,4320409.0,238644.0,11
201600013077,16,3,21,1625,1,2,1,1,6.0,11069,M,4322209.0,234501.0,11
201600013078,16,4,18,2110,2,2,1,1,3.0,11069,M,4321073.0,236231.0,11
201600013079,16,4,29,1122,1,2,1,1,6.0,11069,M,4320902.0,236830.0,11
201600013080,16,4,3,1225,1,2,1,1,6.0,11069,M,4320788.0,233025.0,11
201600013081,16,4,30,1550,1,2,1,1,1.0,11069,M,4321025.0,238641.0,11
201600013082,16,5,13,645,1,1,1,2,7.0,11069,M,4320472.0,240013.0,11
201600013083,16,4,16,1816,1,1,1,1,5.0,11069,M,4322838.0,235952.0,11
201600013084,16,5,17,1040,1,2,1,1,3.0,11069,M,4321081.0,234674.0,11
201600013085,16,5,15,1440,1,2,1,1,3.0,11069,M,4320897.0,230852.0,11
201600013086,16,5,19,2145,5,2,1,1,3.0,11069,M,4320906.0,234493.0,11
201600013087,16,5,2,2340,5,2,1,1,6.0,11069,M,4320125.0,232942.0,11
201600013088,16,5,15,605,5,2,1,1,3.0,11069,M,4321111.0,234172.0,11
201600013089,16,4,24,1730,1,2,1,1,3.0,11069,M,4321642.0,235137.0,11
201600013090,16,5,28,1455,1,1,6,1,3.0,11069,M,4320822.0,230578.0,11
201600013091,16,5,12,1305,1,1,1,1,3.0,11069,M,4320219.0,231478.0,11
201600013092,16,5,21,1300,1,2,1,1,2.0,11069,M,4321641.0,235325.0,11
201600013093,16,6,13,2147,2,2,1,1,3.0,11069,M,4321763.0,234556.0,11
201600013094,16,6,12,2130,1,1,1,1,3.0,11069,M,4321319.0,230743.0,11
201600013095,16,6,24,220,3,2,1,1,2.0,11069,M,4320615.0,239207.0,11
201600013096,16,6,29,1030,1,2,1,1,3.0,11069,M,4321481.0,232838.0,11
201600013097,16,6,16,1800,1,2,1,1,1.0,11069,M,4320877.0,233199.0,11
201600013098,16,7,1,905,1,1,1,1,3.0,11069,M,4320769.0,231700.0,11
201600013099,16,7,9,510,3,1,1,1,6.0,11069,M,4322866.0,237457.0,11
201600013100,16,6,24,1509,1,2,1,1,4.0,11069,M,4321641.0,235663.0,11
201600013101,16,6,25,2155,2,1,1,1,2.0,11069,M,4323161.0,232288.0,11
201600013102,16,7,28,1702,1,2,1,1,3.0,11069,M,4321038.0,234944.0,11
201600013103,16,7,30,1010,1,2,1,1,3.0,11069,M,4322325.0,233610.0,11
201600013104,16,7,6,2055,1,2,1,1,6.0,11069,M,4320916.0,236830.0,11
201600013105,16,8,16,1220,1,1,1,1,1.0,11069,M,4324021.0,237795.0,11
201600013106,16,8,14,620,2,1,1,1,7.0,11069,M,4320150.0,236136.0,11
201600013107,16,7,26,1900,1,1,1,1,3.0,11069,M,4323545.0,236360.0,11
201600013108,16,7,28,1118,1,2,6,1,2.0,11069,M,4322637.0,233167.0,11
201600013109,16,8,23,1849,1,1,1,1,1.0,11069,M,4320413.0,238311.0,11
201600013110,16,8,11,1515,1,2,3,1,3.0,11069,M,4321526.0,234174.0,11