Num_Acc,an,mois,jour,hrmn,lum,agg,int,atm,col,com,gps,lat,long,dep
201600013111,16,8,22,2005,1,1,1,1,3.0,11069,M,4320370.0,237989.0,11
201600013112,16,9,2,1640,1,1,2,1,3.0,11069,M,4321132.0,232646.0,11
201600013113,16,9,9,1438,1,1,1,1,3.0,11069,M,4322913.0,234036.0,11
201600013114,16,9,24,1050,1,2,1,1,6.0,11069,M,4320867.0,238535.0,11
201600013115,16,10,2,450,3,1,1,1,3.0,11069,M,4319821.0,234858.0,11
201600013116,16,9,9,205,5,2,1,1,7.0,11069,M,4321500.0,235113.0,11
201600013117,16,10,4,1740,1,1,1,1,3.0,11069,M,4320337.0,237412.0,11
201600013118,16,10,7,400,5,2,6,1,6.0,11069,M,4322639.0,233157.0,11
201600013119,16,10,20,1215,1,1,1,1,7.0,11069,M,4320426.0,238689.0,11
201600013120,16,10,4,2255,4,2,3,1,3.0,11069,M,4320886.0,234719.0,11
201600013121,16,10,14,1933,5,2,1,3,6.0,11069,M,4320909.0,236869.0,11
201600013122,16,10,20,1715,1,1,1,1,5.0,11069,M,4321684.0,231605.0,11
201600013123,16,10,21,200,5,2,1,1,7.0,11069,M,4320670.0,236051.0,11
201600013124,16,11,15,1815,3,2,1,1,5.0,11069,M,4319549.0,232016.0,11
201600013125,16,11,16,1050,1,1,1,1,6.0,11069,M,4321252.0,237167.0,11
201600013126,16,12,9,1808,2,1,1,1,1.0,11037,M,4320926.0,242002.0,11
201600013127,16,12,17,1930,3,1,1,1,2.0,11069,M,4321191.0,231736.0,11
201600013128,16,1,28,100,3,1,1,2,6.0,31094,M,0.0,0.0,31
201600013129,16,2,24,1700,1,2,6,1,1.0,31044,M,4359297.0,150534.0,31
201600013130,16,3,7,1400,1,1,1,1,5.0,31561,M,4363438.0,149244.0,31
201600013131,16,3,21,1245,1,1,1,1,2.0,31488,M,4365358.0,152314.0,31
201600013132,16,5,5,1915,1,2,1,1,5.0,31555,M,4357314.0,149295.0,31
201600013133,16,5,7,1400,1,1,1,1,3.0,31228,M,0.0,0.0,31
201600013134,16,5,11,2030,2,1,1,1,1.0,31587,M,4375950.0,140484.0,31
201600013135,16,5,28,1000,1,1,1,1,3.0,31089,M,0.0,0.0,31
201600013136,16,9,1,1715,1,1,1,1,4.0,31459,M,4374670.0,161344.0,31
201600013137,16,9,30,30,3,1,9,1,4.0,31358,M,0.0,0.0,31
201600013138,16,10,6,2110,3,1,9,1,2.0,31118,M,4379922.0,137125.0,31
201600013139,16,10,27,850,1,1,1,5,4.0,31467,M,4367713.0,141589.0,31
201600013140,16,10,29,1220,1,1,1,1,3.0,31117,M,4368829.0,154379.0,31
201600013141,16,11,21,705,2,1,1,1,4.0,31118,M,4378094.0,138336.0,31
201600013142,16,12,22,1800,3,1,1,3,4.0,31462,M,0.0,0.0,31
201600013143,16,1,12,620,3,1,1,8,5.0,77306,M,0.0,0.0,77
201600013144,16,6,3,1830,1,1,1,8,7.0,77480,M,0.0,0.0,77
201600013145,16,9,11,1300,1,1,1,1,6.0,77165,M,4848302.0,285737.0,77
201600013146,16,1,4,1820,2,2,1,1,6.0,11262,M,4318964.0,301315.0,11
201600013147,16,1,8,1800,5,2,3,1,3.0,11262,M,4317676.0,301124.0,11
201600013148,16,1,12,1735,1,1,1,1,2.0,11262,M,4316913.0,298300.0,11
201600013149,16,1,14,1045,1,2,3,1,3.0,11262,M,4316763.0,298203.0,11
201600013150,16,12,28,1555,1,2,1,1,3.0,11262,M,4319190.0,300773.0,11
201600013151,16,2,4,1955,1,2,1,1,2.0,11262,M,4320052.0,301264.0,11
201600013152,16,12,30,1250,1,2,1,1,3.0,11262,M,4318985.0,300898.0,11
201600013153,16,12,23,1800,2,1,1,1,2.0,11262,M,4316818.0,298302.0,11
201600013154,16,2,12,1505,1,2,3,2,3.0,11262,M,4318022.0,299641.0,11
201600013155,16,12,23,1625,1,2,1,1,3.0,11262,M,4317426.0,299219.0,11
201600013156,16,2,12,1645,1,2,3,1,1.0,11262,M,4319171.0,301501.0,11
201600013157,16,2,19,1500,1,2,6,1,2.0,11262,M,4317997.0,301919.0,11
201600013158,16,2,21,1745,2,2,3,1,6.0,11262,M,4317576.0,299352.0,11
201600013159,16,3,3,1424,1,2,2,1,1.0,11262,M,4317888.0,300726.0,11
201600013160,16,3,19,307,5,1,1,1,1.0,11262,M,4313824.0,297051.0,11
201600013161,16,3,26,955,1,2,1,1,6.0,11262,M,4318512.0,299350.0,11
201600013162,16,3,16,1035,1,2,1,1,6.0,11262,M,4315729.0,298046.0,11
201600013163,16,3,18,2340,5,2,3,1,3.0,11262,M,4318634.0,299226.0,11
201600013164,16,10,27,1830,2,2,1,1,3.0,11262,M,4317993.0,302296.0,11
201600013165,16,4,5,1730,1,2,3,1,6.0,11262,M,4318084.0,300996.0,11
201600013166,16,4,10,1040,1,2,1,1,6.0,11262,M,4318067.0,299952.0,11
201600013167,16,4,15,755,1,2,3,1,2.0,11262,M,4316257.0,297730.0,11
201600013168,16,4,15,1720,1,2,3,1,1.0,11262,M,4318045.0,300123.0,11
201600013169,16,5,5,900,1,2,1,1,6.0,11262,M,4317788.0,299489.0,11
201600013170,16,5,12,1530,1,2,1,1,1.0,11262,M,4320096.0,301763.0,11
201600013171,16,5,12,1835,1,1,1,1,6.0,11262,M,4318473.0,300017.0,11
201600013172,16,5,24,1630,1,2,1,1,2.0,11262,M,4317525.0,299320.0,11
201600013173,16,5,28,840,1,2,9,1,1.0,11262,M,4316623.0,298557.0,11
201600013174,16,4,28,1318,1,2,6,1,2.0,11262,M,4317500.0,300577.0,11
201600013175,16,5,30,2150,5,2,1,1,6.0,11262,M,4318649.0,299783.0,11
201600013176,16,5,10,725,2,2,6,1,3.0,11262,M,4318031.0,301383.0,11
201600013177,16,6,16,1305,1,2,6,1,3.0,11262,M,4316964.0,298885.0,11
201600013178,16,6,21,1705,1,1,3,1,3.0,11262,M,4318565.0,298328.0,11
201600013179,16,6,23,1405,1,2,1,1,3.0,11262,M,4317896.0,300326.0,11
201600013180,16,6,29,1625,1,2,4,1,1.0,11262,M,4318050.0,296746.0,11
201600013181,16,7,20,2220,5,1,1,1,6.0,11262,M,4316388.0,297406.0,11
201600013182,16,6,20,750,1,2,1,1,4.0,11262,M,4319684.0,299951.0,11
201600013183,16,5,24,1155,1,2,1,1,2.0,11262,M,4318076.0,296969.0,11
201600013184,16,7,4,1400,1,2,1,1,2.0,11262,M,4318529.0,300080.0,11
201600013185,16,8,17,1605,1,1,1,1,2.0,11262,M,4320061.0,301479.0,11
201600013186,16,8,20,35,5,2,3,1,1.0,11262,M,4318534.0,297444.0,11
201600013187,16,8,19,1035,1,2,1,1,6.0,11262,M,4318242.0,300889.0,11
201600013188,16,7,30,1650,1,1,1,1,2.0,11262,M,4320052.0,301372.0,11
201600013189,16,9,14,1440,1,2,1,1,2.0,11262,M,4318345.0,301437.0,11
201600013190,16,8,6,1010,1,2,3,1,3.0,11262,M,4318685.0,301511.0,11
201600013191,16,9,24,1800,1,2,6,1,1.0,11262,M,4318039.0,301423.0,11
201600013192,16,9,23,1100,1,2,3,1,1.0,11262,M,4318989.0,301606.0,11
201600013193,16,9,27,1615,1,2,1,1,6.0,11262,M,4318007.0,302314.0,11
201600013194,16,9,27,1540,1,2,1,1,7.0,11262,M,4318754.0,298968.0,11
201600013195,16,10,5,1240,1,1,1,1,6.0,11262,M,4319005.0,297582.0,11
201600013196,16,10,8,1726,1,2,3,1,3.0,11262,M,4318575.0,301012.0,11
201600013197,16,10,13,1800,1,1,3,2,3.0,11262,M,4319333.0,301640.0,11
201600013198,16,10,18,905,1,2,1,1,2.0,11262,M,4317794.0,302891.0,11
201600013199,16,10,18,945,1,2,1,1,6.0,11262,M,4316605.0,298176.0,11
201600013200,16,10,24,1650,1,2,6,1,3.0,11262,M,4320060.0,301245.0,11
201600013201,16,11,8,1925,3,2,1,1,6.0,11262,M,4318159.0,295420.0,11
201600013202,16,10,28,1640,1,2,1,1,2.0,11262,M,4314560.0,297586.0,11
201600013203,16,10,25,1700,1,1,1,1,2.0,11262,M,4316966.0,298052.0,11
201600013204,16,10,29,400,5,2,1,1,6.0,11262,M,4318209.0,299017.0,11
201600013205,16,10,27,1122,1,2,3,1,6.0,11262,M,4317922.0,299577.0,11
201600013206,16,10,25,950,1,2,6,1,2.0,11262,M,4318866.0,300880.0,11
201600013207,16,11,22,1940,5,1,1,8,2.0,11262,M,4316984.0,298024.0,11
201600013208,16,11,27,515,5,2,3,1,3.0,11262,M,4318321.0,301500.0,11
201600013209,16,11,24,2020,3,2,1,1,2.0,11262,M,4315267.0,297973.0,11
201600013210,16,11,19,414,5,2,1,1,7.0,11262,M,4317088.0,298332.0,11
201600013211,16,11,25,759,2,1,3,1,3.0,11262,M,4318836.0,300433.0,11
201600013212,16,11,24,1245,1,2,1,1,2.0,11262,M,4318185.0,298552.0,11
201600013213,16,11,30,1255,1,2,1,1,3.0,11262,M,4318688.0,299120.0,11
201600013214,16,12,3,850,1,2,6,1,3.0,11262,M,4318154.0,302985.0,11
201600013215,16,12,13,1830,5,2,1,1,6.0,11262,M,4318715.0,299068.0,11
201600013216,16,12,16,1845,5,2,3,1,3.0,11262,M,4317919.0,299589.0,11
201600013217,16,12,17,1200,1,2,4,1,3.0,11262,M,4318896.0,299013.0,11
201600013218,16,1,23,1616,1,2,3,1,3.0,11262,M,4318481.0,299931.0,11
201600013219,16,2,10,800,1,1,1,1,1.0,60299,M,4962637.0,220850.0,60
201600013220,16,4,25,1545,1,1,1,1,2.0,60139,M,4917566.0,222558.0,60
201600013221,16,4,30,1600,1,1,1,1,7.0,60082,M,4966698.0,220831.0,60
201600013222,16,7,20,1845,1,1,1,1,1.0,60246,M,4919952.0,218190.0,60
201600013223,16,7,22,1545,1,1,1,1,3.0,95313,M,4911910.0,225250.0,95
201600013224,16,7,21,1745,1,1,1,1,6.0,60030,M,4937105.0,210896.0,60
201600013225,16,10,6,2015,3,1,1,1,5.0,95313,M,4911630.0,225290.0,95
201600013226,16,6,10,900,1,1,3,1,3.0,13050,M,4361738.0,526324.0,13
201600013227,16,8,5,1145,1,1,9,1,3.0,13091,M,0.0,0.0,13
201600013228,16,9,25,115,3,1,1,1,3.0,13050,M,0.0,0.0,13
201600013229,16,10,11,1415,1,1,9,1,2.0,13091,M,0.0,0.0,13
201600013230,16,10,21,1645,1,1,1,1,1.0,13091,M,4361760.0,525600.0,13
201600013231,16,11,6,1615,1,2,1,1,6.0,13050,M,4365509.0,525957.0,13
201600013232,16,1,25,1630,1,2,1,1,1.0,30036,M,4377637.0,428737.0,30
201600013233,16,3,18,1800,1,1,1,1,3.0,30169,M,4378337.0,429875.0,30
201600013234,16,5,25,2345,3,1,1,1,1.0,30347,M,4374612.0,425264.0,30
201600013235,16,6,17,1430,1,1,1,1,3.0,30169,M,4378335.0,429900.0,30
201600013236,16,7,19,1615,1,2,1,1,4.0,30036,M,4377856.0,429016.0,30
201600013237,16,9,7,830,1,1,1,1,3.0,30169,M,4378336.0,429875.0,30
201600013238,16,10,8,1545,1,2,2,1,3.0,30333,M,4375679.0,427324.0,30
201600013239,16,11,17,1745,3,2,1,1,5.0,30036,M,4377979.0,429205.0,30
201600013240,16,11,17,730,2,1,1,1,4.0,30036,M,0.0,0.0,30
201600013241,16,2,11,300,3,1,1,3,6.0,85034,M,4661412.0,-114051.0,85
201600013242,16,7,1,1600,1,1,1,1,6.0,85009,M,4646095.0,-88936.0,85
201600013243,16,5,2,1245,1,1,1,1,1.0,31433,M,0.0,0.0,31
201600013244,16,6,20,1030,1,1,1,1,6.0,31286,M,0.0,0.0,31
201600013245,16,7,30,545,3,1,1,8,2.0,31286,M,0.0,0.0,31
201600013246,16,9,3,1915,2,1,9,7,6.0,31458,M,4350517.0,135007.0,31
201600013247,16,9,20,515,3,1,1,1,5.0,31349,M,0.0,0.0,31
201600013248,16,9,26,2100,3,1,1,1,4.0,31107,M,0.0,0.0,31
201600013249,16,9,30,1700,1,1,1,1,2.0,31181,M,4340350.0,129153.0,31
201600013250,16,10,11,710,3,1,1,1,2.0,31458,M,4350030.0,134186.0,31
201600013251,16,11,9,530,3,1,9,3,4.0,31433,M,4353229.0,138864.0,31
201600013252,16,12,9,542,3,1,9,2,2.0,31395,M,4347233.0,131837.0,31
201600013253,16,6,20,1045,1,1,1,1,6.0,76657,M,4948197.0,33255.0,76
201600013254,16,6,20,1330,1,1,1,1,1.0,76657,M,4948126.0,33416.0,76
201600013255,16,7,11,1415,1,1,1,1,2.0,76169,M,4949123.0,39001.0,76
201600013256,16,7,23,1415,1,1,1,1,7.0,76660,M,4943451.0,27378.0,76
201600013257,16,10,15,1225,1,1,1,1,2.0,76660,M,4944259.0,27253.0,76
201600013258,16,12,12,835,3,1,1,2,6.0,76305,M,4949520.0,24963.0,76
201600013259,16,5,17,645,1,1,1,1,6.0,31270,M,0.0,0.0,31
201600013260,16,5,21,530,2,1,1,1,1.0,31124,M,0.0,0.0,31
201600013261,16,8,1,1000,1,1,1,1,6.0,31124,M,0.0,0.0,31
201600013262,16,8,6,1345,1,1,1,1,5.0,31296,M,0.0,0.0,31
201600013263,16,9,3,2200,5,2,3,1,6.0,31585,M,0.0,0.0,31
201600013264,16,10,24,1850,2,1,9,8,2.0,31503,M,4314335.0,93662.0,31
201600013265,16,12,8,725,2,1,1,1,2.0,31076,M,4311293.0,63300.0,31
201600013266,16,1,8,930,1,1,1,8,3.0,49098,M,4756327.0,12648.0,49
201600013267,16,3,15,1530,1,1,1,7,2.0,49215,M,4714758.0,-17143.0,49
201600013268,16,4,8,1630,1,1,1,1,6.0,49180,M,4739138.0,-10634.0,49
201600013269,16,4,12,2000,1,1,1,1,6.0,49378,M,4730678.0,-3408.0,49
201600013270,16,8,5,1515,1,1,1,1,6.0,49138,M,4748268.0,-21555.0,49
201600013271,16,8,20,1045,1,1,1,1,6.0,49021,M,4746673.0,-18666.0,49
201600013272,16,8,26,1,3,1,1,1,7.0,49002,M,4729929.0,-2965.0,49
201600013273,16,8,29,1200,1,1,2,1,3.0,49041,M,4728590.0,5948.0,49
201600013274,16,10,18,1615,1,1,1,1,3.0,49180,M,4736838.0,-12070.0,49
201600013275,16,1,31,1630,1,1,1,2,3.0,74241,M,0.0,0.0,74
201600013276,16,5,14,1730,1,1,1,8,1.0,74205,M,0.0,0.0,74
201600013277,16,10,7,1645,1,2,3,1,1.0,74164,M,0.0,0.0,74
201600013278,16,11,22,1900,3,1,1,1,1.0,74241,M,0.0,0.0,74
201600013279,16,12,7,1615,1,2,1,1,6.0,74164,M,0.0,0.0,74
201600013280,16,4,13,1645,1,1,1,1,6.0,80021,M,0.0,0.0,80
201600013281,16,6,20,1230,1,1,1,3,6.0,80131,M,0.0,0.0,80
201600013282,16,6,24,1715,1,1,1,1,1.0,80131,M,0.0,0.0,80
201600013283,16,9,2,1130,1,1,1,1,2.0,80813,M,4981642.0,191338.0,80
201600013284,16,10,11,1600,1,1,1,1,2.0,80131,M,4985967.0,238168.0,80
201600013285,16,11,16,715,2,1,1,2,2.0,80725,M,4986928.0,221581.0,80
201600013286,16,11,24,2045,3,1,1,1,2.0,80718,M,4993548.0,224494.0,80
201600013287,16,12,9,1950,3,1,1,1,6.0,80702,M,4985875.0,230868.0,80
201600013288,16,12,24,1000,1,1,1,8,2.0,80058,M,4985400.0,262432.0,80
201600013289,16,5,25,1600,1,1,1,1,6.0,80001,M,0.0,0.0,80
201600013290,16,8,5,1045,1,1,1,1,2.0,80001,M,0.0,0.0,80
201600013291,16,8,3,1045,1,2,1,1,6.0,73248,M,4527845.0,634295.0,73
201600013292,16,11,11,900,1,1,1,8,6.0,73203,M,4533700.0,630300.0,73
201600013293,16,3,7,1645,1,1,1,4,4.0,39508,M,4683816.0,555547.0,39
201600013294,16,4,4,1430,1,1,1,1,7.0,39191,M,4683320.0,560970.0,39
201600013295,16,4,24,700,2,1,1,1,7.0,71506,M,0.0,0.0,71
201600013296,16,5,11,1015,1,1,1,2,2.0,39159,M,4690355.0,557427.0,39
201600013297,16,6,10,1715,1,1,1,1,1.0,39017,M,4677383.0,551792.0,39
201600013298,16,7,23,1115,1,1,1,1,7.0,39229,M,4668911.0,545322.0,39
201600013299,16,8,31,1430,1,1,1,1,6.0,39534,M,4652752.0,564053.0,39
201600013300,16,9,7,1630,1,1,1,1,5.0,39492,M,4659466.0,559534.0,39
201600013301,16,11,6,1615,2,1,9,4,4.0,39049,M,4685112.0,557027.0,39
201600013302,16,2,28,1600,1,2,6,1,6.0,12089,M,4456134.0,225507.0,12
201600013303,16,12,31,420,3,1,1,1,6.0,12013,M,4451522.0,223794.0,12
201600013304,16,5,3,1015,1,2,1,1,6.0,12089,M,4455550.0,225718.0,12
201600013305,16,5,7,1910,1,2,3,1,6.0,12089,M,4457290.0,224955.0,12
201600013306,16,6,28,1305,1,1,3,1,3.0,12305,M,4456540.0,221271.0,12
201600013307,16,7,12,755,1,2,1,3,6.0,12089,M,4456020.0,225463.0,12
201600013308,16,7,26,2240,5,2,3,1,6.0,12089,M,4455670.0,225924.0,12
201600013309,16,7,29,1055,1,2,6,1,6.0,12089,M,4433210.0,215282.0,12
201600013310,16,10,24,1820,2,2,1,2,5.0,12089,M,4455300.0,225146.0,12
201600013311,16,11,2,1215,1,2,3,1,3.0,12089,M,4455490.0,226553.0,12
201600013312,16,3,11,1405,1,2,1,1,2.0,12145,M,4410560.0,308234.0,12
201600013313,16,5,11,1055,1,1,1,1,6.0,12145,M,4409670.0,307100.0,12
201600013314,16,5,15,1550,1,2,2,1,3.0,12145,M,4410386.0,304641.0,12
201600013315,16,7,20,647,1,1,1,1,1.0,12145,M,4411611.0,303681.0,12
201600013316,16,9,29,907,1,2,6,1,3.0,12145,M,4410150.0,306739.0,12
201600013317,16,9,28,1230,1,2,1,1,3.0,12145,M,4409710.0,307141.0,12
201600013318,16,12,11,1230,1,2,1,1,7.0,12145,M,4410720.0,308104.0,12
201600013319,16,12,19,630,2,1,9,8,7.0,74123,M,0.0,0.0,74
201600013320,16,1,8,1840,2,1,2,1,5.0,12202,M,4435280.0,255360.0,12
201600013321,16,12,24,535,5,2,1,1,6.0,12176,M,4437712.0,259284.0,12
201600013322,16,1,8,2130,3,1,1,2,7.0,12202,M,4436980.0,253618.0,12
201600013323,16,1,25,530,5,1,2,1,3.0,12176,M,4436250.0,260780.0,12
201600013324,16,2,9,1850,1,2,7,2,6.0,12202,M,4435100.0,257255.0,12
201600013325,16,2,15,840,1,2,1,1,2.0,12202,M,4434880.0,256918.0,12
201600013326,16,2,15,1210,1,1,1,1,7.0,12202,M,4435110.0,255493.0,12
201600013327,16,2,26,1205,1,2,3,1,6.0,12202,M,4434960.0,257784.0,12
201600013328,16,3,7,1200,1,2,1,1,3.0,12176,M,4437070.0,256870.0,12
201600013329,16,3,9,1200,1,2,7,3,6.0,12202,M,4434913.0,257775.0,12
201600013330,16,3,25,2015,5,2,3,2,3.0,12146,M,4434420.0,257125.0,12
201600013331,16,4,12,1720,1,2,3,1,2.0,12202,M,4434960.0,257179.0,12
201600013332,16,4,23,1530,1,2,1,1,5.0,12202,M,4436190.0,257260.0,12
201600013333,16,5,11,2200,5,2,1,3,6.0,12202,M,4435632.0,257854.0,12
201600013334,16,5,24,1540,1,1,1,1,7.0,12202,M,4435278.0,257779.0,12
201600013335,16,5,27,1425,1,1,1,1,7.0,12202,M,4436060.0,253980.0,12
201600013336,16,6,1,1710,1,1,1,1,5.0,12202,M,4438159.0,253223.0,12
201600013337,16,6,10,1035,1,2,3,1,6.0,12176,M,4436586.0,258597.0,12
201600013338,16,7,8,1425,1,1,1,1,5.0,12176,M,4437350.0,263575.0,12
201600013339,16,7,22,1305,1,1,1,1,5.0,12176,M,4438705.0,259481.0,12
201600013340,16,7,26,2000,1,1,1,1,6.0,12202,M,4434612.0,256353.0,12
201600013341,16,7,27,1405,1,2,1,1,3.0,12202,M,4436310.0,255883.0,12
201600013342,16,8,23,710,1,1,1,1,7.0,12176,M,4437300.0,263476.0,12
201600013343,16,8,29,1945,1,2,2,1,3.0,12174,M,4435560.0,255565.0,12
201600013344,16,9,1,1725,1,1,1,1,6.0,12176,M,4437416.0,259692.0,12
201600013345,16,9,14,815,1,1,1,1,5.0,12176,M,4435920.0,256523.0,12
201600013346,16,9,24,1052,1,1,1,1,6.0,12202,M,4434691.0,256316.0,12
201600013347,16,9,30,1230,1,2,1,1,7.0,12202,M,4434987.0,257310.0,12
201600013348,16,10,26,1615,1,1,1,1,5.0,12176,M,4439117.0,251139.0,12
201600013349,16,11,6,1840,2,1,1,2,5.0,12202,M,4436770.0,254086.0,12
201600013350,16,11,10,1935,2,2,1,1,6.0,12202,M,4435804.0,257581.0,12
201600013351,16,11,14,1620,1,1,2,1,6.0,12176,M,4437369.0,257832.0,12
201600013352,16,12,2,1430,1,1,1,1,1.0,12176,M,4437647.0,254075.0,12
201600013353,16,12,6,1635,1,2,1,1,6.0,12202,M,4436367.0,257444.0,12
201600013354,16,12,6,1745,3,1,1,1,1.0,12176,M,4438300.0,255245.0,12
201600013355,16,7,22,1630,1,1,1,1,6.0,46145,M,4493859.0,150323.0,46
201600013356,16,12,1,630,3,1,1,1,2.0,46204,M,4470097.0,157302.0,46
201600013357,16,2,26,30,3,1,1,1,7.0,38524,M,0.0,0.0,38
201600013358,16,3,5,1145,1,1,1,2,3.0,38524,M,0.0,0.0,38
201600013359,16,4,19,1645,1,1,1,1,1.0,38266,M,4496183.0,571454.0,38
201600013360,16,6,6,1100,1,1,1,1,7.0,38524,M,0.0,0.0,38
201600013361,16,10,1,2130,3,1,1,2,7.0,38524,M,0.0,0.0,38
201600013362,16,10,21,1830,2,1,1,1,1.0,38212,M,0.0,0.0,38
201600013363,16,12,8,1815,5,2,7,1,6.0,38545,M,4505592.0,566883.0,38
201600013364,16,1,25,645,3,1,1,1,6.0,45229,M,4781266.0,269463.0,45
201600013365,16,3,10,700,2,1,1,1,1.0,45199,M,4790906.0,293839.0,45
201600013366,16,8,6,1700,1,1,1,1,6.0,45283,M,4790917.0,267989.0,45
201600013367,16,9,8,1115,1,1,1,1,6.0,45345,M,4793087.0,268095.0,45
201600013368,16,9,22,1400,1,1,1,1,6.0,24226,M,4485800.0,-674.0,24
201600013369,16,2,5,1515,1,1,1,1,1.0,53077,M,4791403.0,-92371.0,53
201600013370,16,4,19,1630,1,1,1,1,1.0,53165,M,4784390.0,-101921.0,53
201600013371,16,10,24,1000,1,1,1,2,3.0,53124,M,4784329.0,-85212.0,53
201600013372,16,12,19,1715,3,1,1,1,2.0,53215,M,4778511.0,-70854.0,53
201600013373,16,1,5,1730,2,1,1,2,7.0,19263,M,0.0,0.0,19
201600013374,16,9,17,120,3,1,1,2,3.0,19130,M,4546800.0,214000.0,19
201600013375,16,11,19,1400,1,1,1,8,1.0,19002,M,4558800.0,237200.0,19
201600013376,16,11,30,930,1,1,1,1,1.0,19002,M,4561500.0,244300.0,19
201600013377,16,2,26,2200,3,1,1,1,5.0,10442,M,4846275.0,415981.0,10
201600013378,16,6,18,1730,1,1,1,3,3.0,10437,M,4813314.0,433352.0,10
201600013379,16,8,10,900,1,1,1,1,2.0,10415,M,4826875.0,370197.0,10
201600013380,16,8,27,900,1,1,1,1,3.0,10216,M,4870072.0,420106.0,10
201600013381,16,9,22,1645,1,2,1,1,5.0,10100,M,4819264.0,418269.0,10
201600013382,16,11,17,1530,1,1,1,1,6.0,10095,M,4858500.0,418400.0,10
201600013383,16,1,5,2050,3,2,1,1,3.0,13001,M,4351621.0,546756.0,13
201600013384,16,1,16,1127,1,1,3,1,3.0,13001,M,4358328.0,536791.0,13
201600013385,16,1,21,1445,1,1,1,1,5.0,13001,M,4349686.0,552022.0,13
201600013386,16,1,21,2125,3,1,1,1,2.0,13001,M,4350459.0,539720.0,13
201600013387,16,2,1,1,5,2,1,1,2.0,13001,M,4352406.0,545103.0,13
201600013388,16,2,7,20,5,2,2,1,7.0,13001,M,4352598.0,544752.0,13
201600013389,16,2,11,1100,1,1,2,1,5.0,13001,M,4356413.0,546387.0,13
201600013390,16,2,13,1950,3,1,1,8,1.0,13001,M,,,13
201600013391,16,2,25,1420,1,1,2,1,6.0,13001,M,4356415.0,546383.0,13
201600013392,16,2,29,1840,5,2,1,1,3.0,13001,M,4353446.0,543603.0,13
201600013393,16,2,25,1830,5,2,1,1,3.0,13001,M,4351095.0,540873.0,13
201600013394,16,3,3,1500,1,1,1,1,3.0,13001,M,4352996.0,537335.0,13
201600013395,16,3,5,220,5,2,1,2,6.0,13001,M,4350094.0,538186.0,13
201600013396,16,3,8,1800,2,2,1,1,6.0,13001,M,4351983.0,543404.0,13
201600013397,16,3,11,2300,3,1,1,1,1.0,13001,M,4359459.0,535559.0,13
201600013398,16,3,12,1930,5,2,1,1,3.0,13001,M,4353279.0,544735.0,13
201600013399,16,3,13,150,5,2,3,1,3.0,13001,M,4352834.0,542928.0,13
201600013400,16,3,15,1045,1,2,1,1,6.0,13001,M,4352834.0,543403.0,13
201600013401,16,1,5,1700,3,2,1,1,6.0,13001,M,4351635.0,546725.0,13
201600013402,16,1,14,1920,5,1,9,2,6.0,13001,M,4357662.0,543208.0,13
201600013403,16,3,24,1830,1,2,1,1,6.0,13001,M,4353414.0,545113.0,13
201600013404,16,3,26,1200,1,1,1,1,6.0,13001,M,4350959.0,543839.0,13
201600013405,16,3,28,2200,5,2,6,1,2.0,13001,M,4350466.0,539708.0,13
201600013406,16,2,28,2100,3,1,1,1,6.0,13001,M,4357596.0,538635.0,13
201600013407,16,4,4,1230,1,1,1,1,2.0,13001,M,4350427.0,533866.0,13
201600013408,16,4,7,1945,1,2,1,1,3.0,13001,M,,,13
201600013409,16,4,11,1345,1,2,6,1,3.0,13001,M,4352364.0,543778.0,13
201600013410,16,4,16,1950,1,1,1,1,2.0,13001,M,4355333.0,542282.0,13
201600013411,16,4,17,1530,1,1,3,1,5.0,13001,M,4355199.0,543489.0,13
201600013412,16,4,13,1940,1,1,1,1,4.0,13001,M,4357109.0,539664.0,13
201600013413,16,4,20,250,4,1,1,1,2.0,13001,M,,,13
201600013414,16,3,22,1600,1,2,6,1,6.0,13001,M,4351748.0,546017.0,13
201600013415,16,4,28,1650,1,2,9,1,7.0,13001,M,4352895.0,544393.0,13
201600013416,16,4,30,1710,1,1,1,2,6.0,13001,M,,,13
201600013417,16,4,30,230,3,1,1,1,6.0,13001,M,4353872.0,538023.0,13
201600013418,16,4,30,1300,1,2,8,1,6.0,13001,M,,,13
201600013419,16,5,1,2100,2,2,6,1,3.0,13001,M,4352504.0,542335.0,13
201600013420,16,5,9,2100,5,2,1,2,3.0,13001,M,,,13
201600013421,16,5,19,1710,1,2,4,1,3.0,13001,M,4351213.0,547369.0,13
201600013422,16,5,30,2040,2,2,1,1,3.0,13001,M,,,13
201600013423,16,5,30,1700,1,2,1,1,6.0,13001,M,4353039.0,545262.0,13
201600013424,16,6,10,2325,3,1,1,1,7.0,13001,M,4354980.0,544850.0,13
201600013425,16,6,22,110,5,2,2,1,2.0,13001,M,4352637.0,543936.0,13
201600013426,16,6,23,855,1,2,6,1,3.0,13001,M,4348412.0,538289.0,13
201600013427,16,4,12,1500,1,2,1,1,6.0,13001,M,4353013.0,544310.0,13
201600013428,16,6,25,1915,1,2,1,1,1.0,13001,M,4355848.0,542007.0,13
201600013429,16,6,21,2015,2,1,1,1,3.0,13001,M,4353341.0,544587.0,13