Num_Acc,an,mois,jour,hrmn,lum,agg,int,atm,col,com,gps,lat,long,dep
201600013430,16,6,27,815,1,2,6,1,3.0,13001,M,4352347.0,543712.0,13
201600013431,16,7,3,1215,1,2,1,1,6.0,13001,M,,,13
201600013432,16,6,27,1530,1,1,1,1,6.0,13001,M,4353423.0,542222.0,13
201600013433,16,7,4,430,5,2,1,1,7.0,13001,M,,,13
201600013434,16,5,25,1410,1,1,1,1,3.0,13001,M,,,13
201600013435,16,7,8,1335,1,1,1,1,3.0,13001,M,,,13
201600013436,16,7,8,1402,1,1,1,1,6.0,13001,M,,,13
201600013437,16,7,10,515,5,1,1,1,2.0,13001,M,,,13
201600013438,16,7,25,1230,1,1,1,1,2.0,13001,M,,,13
201600013439,16,8,5,400,3,1,1,1,6.0,13001,M,,,13
201600013440,16,8,12,1450,1,1,3,1,1.0,13001,M,,,13
201600013441,16,8,17,1625,1,2,6,1,3.0,13001,M,,,13
201600013442,16,8,17,1755,1,1,1,1,1.0,13001,M,,,13
201600013443,16,9,1,1720,1,1,1,1,2.0,13001,M,4354560.0,539816.0,13
201600013444,16,9,9,840,1,2,1,1,6.0,13001,M,4351117.0,544468.0,13
201600013445,16,9,9,1645,1,2,1,1,3.0,13001,M,4348861.0,537660.0,13
201600013446,16,9,5,1205,1,2,1,1,3.0,13001,M,4352778.0,540440.0,13
201600013447,16,9,12,750,1,1,1,1,2.0,13001,M,4350110.0,536181.0,13
201600013448,16,9,15,1327,1,1,8,1,3.0,13001,M,4354579.0,539821.0,13
201600013449,16,9,19,845,1,2,1,1,6.0,13001,M,4350762.0,538511.0,13
201600013450,16,9,2,1430,1,2,1,1,6.0,13001,M,4352773.0,544215.0,13
201600013451,16,9,7,830,1,2,1,1,1.0,13001,M,,,13
201600013452,16,9,21,1050,1,2,1,1,6.0,13001,M,,,13
201600013453,16,9,21,1340,1,1,1,1,1.0,13001,M,4350572.0,541169.0,13
201600013454,16,9,24,1845,1,2,1,1,6.0,13001,M,4352515.0,544469.0,13
201600013455,16,8,1,1530,1,1,1,1,6.0,13001,M,4352715.0,545129.0,13
201600013456,16,9,30,740,1,2,1,1,6.0,13001,M,4353209.0,545119.0,13
201600013457,16,10,7,1010,1,2,1,1,6.0,13001,M,,,13
201600013458,16,10,12,750,2,1,1,1,5.0,13001,M,4348134.0,541851.0,13
201600013459,16,10,27,745,2,1,3,1,3.0,13001,M,4355008.0,539087.0,13
201600013460,16,11,13,545,5,1,6,1,7.0,13001,M,4348304.0,541593.0,13
201600013461,16,11,13,1800,5,1,1,1,2.0,13001,M,4345952.0,533413.0,13
201600013462,16,11,15,2235,5,2,1,1,3.0,13001,M,4352884.0,543774.0,13
201600013463,16,11,17,1840,3,1,1,1,6.0,13001,M,4355936.0,545144.0,13
201600013464,16,11,20,2220,5,2,1,1,2.0,13001,M,4352308.0,545569.0,13
201600013465,16,11,29,2230,5,2,1,1,5.0,13001,M,,,13
201600013466,16,12,10,1720,2,2,1,1,1.0,13001,M,4352488.0,542901.0,13
201600013467,16,12,17,1145,1,2,1,1,7.0,13001,M,4350729.0,539323.0,13
201600013468,16,12,21,1750,3,1,1,1,4.0,13001,M,4353665.0,540586.0,13
201600013469,16,12,22,915,1,2,1,1,6.0,13001,M,4351763.0,546488.0,13
201600013470,16,12,23,1015,1,1,1,1,6.0,13001,M,4359965.0,536615.0,13
201600013471,16,1,1,545,5,2,1,2,6.0,13004,M,4364834.0,469146.0,13
201600013472,16,2,2,1945,5,2,1,1,1.0,13004,M,4366383.0,464350.0,13
201600013473,16,2,13,40,5,1,6,9,7.0,13004,M,4367909.0,460719.0,13
201600013474,16,2,18,510,3,1,1,1,6.0,13004,M,4364991.0,468107.0,13
201600013475,16,2,26,1830,1,2,1,1,5.0,13004,M,4368444.0,460630.0,13
201600013476,16,3,3,1940,2,2,2,1,3.0,13004,M,4367154.0,464207.0,13
201600013477,16,3,28,2345,5,2,9,1,3.0,13004,M,4367241.0,462948.0,13
201600013478,16,4,9,1855,1,2,1,1,3.0,13004,M,4370377.0,464149.0,13
201600013479,16,4,20,1925,1,2,1,1,6.0,13004,M,4368572.0,463475.0,13
201600013480,16,4,28,1414,1,2,1,1,6.0,13004,M,4369879.0,464072.0,13
201600013481,16,5,1,540,5,2,1,1,6.0,13004,M,,,13
201600013482,16,5,6,150,5,2,3,1,3.0,13004,M,4367475.0,462700.0,13
201600013483,16,5,25,1620,1,2,4,1,3.0,13004,M,4367744.0,462422.0,13
201600013484,16,6,12,1930,1,2,4,1,6.0,13004,M,4367454.0,461896.0,13
201600013485,16,6,12,1900,1,2,1,1,6.0,13004,M,,,13
201600013486,16,6,19,1955,1,2,6,1,7.0,13004,M,4367910.0,460720.0,13
201600013487,16,6,30,1500,1,1,1,1,6.0,13004,M,4368179.0,459832.0,13
201600013488,16,7,3,220,3,1,1,1,1.0,13004,M,,,13
201600013489,16,7,7,850,1,2,1,1,6.0,13004,M,4367476.0,463593.0,13
201600013490,16,7,14,900,1,2,1,1,6.0,13004,M,4367944.0,462250.0,13
201600013491,16,7,20,1235,1,2,1,7,6.0,13004,M,4367412.0,462163.0,13
201600013492,16,8,29,906,1,2,1,1,6.0,13004,M,,,13
201600013493,16,7,26,1500,1,2,1,1,2.0,13004,M,,,13
201600013494,16,10,20,1130,1,2,1,1,3.0,13004,M,4369133.0,463803.0,13
201600013495,16,11,9,1100,1,2,3,8,3.0,13004,M,4367928.0,462897.0,13
201600013496,16,11,23,2320,5,2,9,1,6.0,13004,M,4367511.0,463095.0,13
201600013497,16,11,26,700,2,1,1,1,2.0,13004,M,,,13
201600013498,16,1,3,1245,1,2,1,1,2.0,13005,M,4328636.0,558677.0,13
201600013499,16,1,3,1830,5,2,3,1,2.0,13005,M,4329758.0,557387.0,13
201600013500,16,1,6,945,1,2,1,2,2.0,13005,M,4328564.0,557848.0,13
201600013501,16,1,8,1800,5,2,3,1,3.0,13005,M,4330053.0,557105.0,13
201600013502,16,1,9,2225,5,1,1,1,6.0,13005,M,4328035.0,560774.0,13
201600013503,16,1,11,1920,5,2,1,8,6.0,13005,M,4328390.0,554212.0,13
201600013504,16,1,14,1600,1,2,1,2,6.0,13005,M,4329054.0,559546.0,13
201600013505,16,1,20,1200,1,2,1,1,2.0,13005,M,4328842.0,554694.0,13
201600013506,16,1,20,1740,5,2,1,1,1.0,13005,M,4328663.0,558582.0,13
201600013507,16,1,22,1715,1,2,1,1,3.0,13005,M,0.0,0.0,13
201600013508,16,1,23,820,2,2,1,1,7.0,13005,M,4328814.0,557498.0,13
201600013509,16,1,24,1820,3,1,1,1,1.0,13005,M,4332818.0,557342.0,13
201600013510,16,1,29,1100,1,2,1,1,6.0,13005,M,4329447.0,559487.0,13
201600013511,16,2,3,700,5,1,1,1,1.0,13005,M,4330931.0,557659.0,13
201600013512,16,2,5,950,1,2,1,1,6.0,13005,M,4328863.0,557046.0,13
201600013513,16,2,6,1300,1,2,1,1,6.0,13005,M,4329263.0,556744.0,13
201600013514,16,2,8,1855,1,1,1,1,3.0,13070,M,4328269.0,553029.0,13
201600013515,16,2,11,940,1,2,1,1,6.0,13005,M,4329161.0,559042.0,13
201600013516,16,2,12,2125,5,1,1,1,7.0,13005,M,4332578.0,559384.0,13
201600013517,16,2,16,1355,1,2,1,1,6.0,13005,M,4329421.0,555705.0,13
201600013518,16,2,19,1525,1,2,1,1,6.0,13005,M,4328300.0,560461.0,13
201600013519,16,2,19,1555,1,2,3,1,3.0,13005,M,4331992.0,558533.0,13
201600013520,16,2,20,1030,1,2,3,1,3.0,13005,M,4328445.0,554696.0,13
201600013521,16,2,20,1830,5,1,1,1,1.0,13005,M,4330470.0,557888.0,13
201600013522,16,2,26,830,1,2,6,1,3.0,13005,M,4328391.0,559362.0,13
201600013523,16,2,28,1410,1,2,1,8,6.0,13005,M,4329960.0,556934.0,13
201600013524,16,3,7,1025,1,2,6,1,7.0,13005,M,4329622.0,558356.0,13
201600013525,16,3,10,1730,1,2,1,1,6.0,13005,M,4330365.0,557199.0,13
201600013526,16,3,19,2000,5,2,1,1,6.0,13005,M,4329313.0,556322.0,13
201600013527,16,3,22,740,1,1,1,1,6.0,13005,M,,,13
201600013528,16,3,23,625,1,2,1,1,6.0,13005,M,4329482.0,556268.0,13
201600013529,16,3,31,820,1,2,3,1,6.0,13005,M,4329897.0,553503.0,13
201600013530,16,3,31,930,1,1,1,1,3.0,13005,M,4329815.0,559693.0,13
201600013531,16,4,4,1640,1,2,3,1,3.0,13005,M,4328902.0,557291.0,13
201600013532,16,4,8,450,5,2,1,1,3.0,13005,M,4329729.0,556531.0,13
201600013533,16,4,8,1400,1,2,1,1,6.0,13005,M,0.0,0.0,13
201600013534,16,4,12,1802,1,2,3,1,1.0,13005,M,4329112.0,556974.0,13
201600013535,16,4,19,1840,1,2,3,1,6.0,13005,M,4331636.0,558122.0,13
201600013536,16,4,20,2000,1,2,3,1,3.0,13005,M,4328991.0,557325.0,13
201600013537,16,4,21,645,1,2,2,1,3.0,13005,M,4328809.0,557182.0,13
201600013538,16,4,20,1830,1,2,1,1,6.0,13005,M,4328885.0,557318.0,13
201600013539,16,4,24,1005,1,2,1,1,2.0,13070,M,4328179.0,551212.0,13
201600013540,16,4,26,1300,1,2,1,1,6.0,13005,M,0.0,0.0,13
201600013541,16,4,29,820,1,1,3,1,5.0,13005,M,4330881.0,554616.0,13
201600013542,16,5,1,1415,1,1,1,1,1.0,13005,M,4330719.0,555128.0,13
201600013543,16,4,29,1220,1,1,1,1,2.0,13005,M,4328811.0,552413.0,13
201600013544,16,5,3,1300,1,1,1,1,3.0,13005,M,4329765.0,560756.0,13
201600013545,16,5,3,1800,1,2,2,1,6.0,13005,M,4329558.0,556822.0,13
201600013546,16,5,5,1615,1,1,1,1,6.0,13005,M,4329530.0,554885.0,13
201600013547,16,5,6,845,1,2,1,1,3.0,13005,M,4328790.0,557803.0,13
201600013548,16,5,12,1220,1,2,1,1,1.0,13005,M,4332583.0,559444.0,13
201600013549,16,5,18,850,1,2,1,1,6.0,13005,M,4330806.0,557580.0,13
201600013550,16,5,24,1640,1,2,3,1,3.0,13005,M,4328765.0,558718.0,13
201600013551,16,5,30,1820,1,1,1,1,1.0,13005,M,4330881.0,554400.0,13
201600013552,16,6,4,2150,5,2,1,1,3.0,13005,M,4328367.0,554069.0,13
201600013553,16,6,5,1250,1,2,1,1,6.0,13005,M,4328806.0,554498.0,13
201600013554,16,6,5,2235,5,2,1,1,1.0,13005,M,4329462.0,557328.0,13
201600013555,16,6,6,1620,1,2,3,1,3.0,13005,M,4328505.0,559546.0,13
201600013556,16,6,13,2000,1,2,1,1,6.0,13005,M,4329802.0,557928.0,13
201600013557,16,6,23,1810,1,2,1,1,3.0,13005,M,4329084.0,559472.0,13
201600013558,16,6,23,2035,1,1,1,1,3.0,13005,M,4328808.0,552204.0,13
201600013559,16,6,26,2045,1,1,1,1,3.0,13005,M,4329627.0,558282.0,13
201600013560,16,6,29,1230,1,2,1,1,6.0,13070,M,4328196.0,552569.0,13
201600013561,16,7,2,1030,1,1,1,1,2.0,13005,M,4328081.0,556741.0,13
201600013562,16,7,4,830,1,1,1,1,3.0,13005,M,4328500.0,559070.0,13
201600013563,16,7,5,815,1,1,1,1,2.0,13005,M,4331137.0,560442.0,13
201600013564,16,7,6,1720,1,2,1,1,2.0,13005,M,4328722.0,558323.0,13
201600013565,16,7,9,1915,1,1,2,1,3.0,13005,M,4331223.0,556335.0,13
201600013566,16,7,10,1745,1,2,1,1,6.0,13070,M,4327977.0,551642.0,13
201600013567,16,7,16,2130,1,2,1,1,1.0,13005,M,4328223.0,557132.0,13
201600013568,16,7,18,811,1,1,1,1,4.0,13005,M,4332306.0,558933.0,13
201600013569,16,7,28,845,1,2,9,1,3.0,13005,M,4328234.0,560243.0,13
201600013570,16,7,31,2100,1,2,1,1,2.0,13005,M,4329521.0,556679.0,13
201600013571,16,8,1,1520,1,2,1,1,7.0,13005,M,4330070.0,557063.0,13
201600013572,16,8,4,2130,5,2,3,1,1.0,13005,M,4329245.0,555570.0,13
201600013573,16,8,5,1745,1,2,9,1,3.0,13005,M,4329120.0,559404.0,13
201600013574,16,8,6,935,1,1,1,1,2.0,13005,M,4330996.0,559301.0,13
201600013575,16,8,2,800,1,1,6,1,3.0,13005,M,4329817.0,559691.0,13
201600013576,16,8,8,1715,1,2,1,1,6.0,13005,M,4329100.0,556993.0,13
201600013577,16,8,10,1700,1,2,3,1,1.0,13005,M,4329649.0,556960.0,13
201600013578,16,8,12,945,1,2,2,1,3.0,13005,M,4329590.0,557140.0,13
201600013579,16,8,13,1040,1,2,2,1,3.0,13005,M,4329592.0,557145.0,13
201600013580,16,8,19,1330,1,2,3,1,3.0,13005,M,4331267.0,557802.0,13
201600013581,16,8,23,1230,1,2,4,1,6.0,13005,M,4328761.0,557916.0,13
201600013582,16,8,25,2220,5,1,9,1,6.0,13005,M,,,13
201600013583,16,9,1,1100,1,2,1,1,6.0,13005,M,4329217.0,556187.0,13
201600013584,16,9,4,1815,1,2,1,1,3.0,13005,M,4330057.0,557110.0,13
201600013585,16,8,27,1110,1,2,1,1,6.0,13005,M,4328788.0,557219.0,13
201600013586,16,9,6,810,1,2,1,1,3.0,13005,M,4330708.0,557474.0,13
201600013587,16,9,12,1030,1,2,2,1,3.0,13005,M,4328766.0,558714.0,13
201600013588,16,9,12,1330,1,2,8,1,6.0,13005,M,4329643.0,537405.0,13
201600013589,16,9,27,1930,2,2,1,2,6.0,13005,M,4328142.0,555022.0,13
201600013590,16,9,28,1330,1,1,3,1,3.0,13005,M,4328711.0,553435.0,13
201600013591,16,10,10,2215,5,2,1,1,6.0,13005,M,4329439.0,556800.0,13
201600013592,16,10,13,1600,1,2,1,8,1.0,13005,M,4327996.0,555138.0,13
201600013593,16,10,14,1235,1,1,1,2,3.0,13005,M,4328629.0,558733.0,13
201600013594,16,10,21,1830,5,2,1,1,2.0,13005,M,4328193.0,560583.0,13
201600013595,16,10,26,1940,5,2,2,1,3.0,13070,M,4328193.0,551504.0,13
201600013596,16,10,28,1610,1,2,1,1,1.0,13070,M,4328686.0,551433.0,13
201600013597,16,10,29,1520,1,2,1,1,6.0,13005,M,4329350.0,556741.0,13
201600013598,16,11,3,855,1,1,1,1,2.0,13005,M,4328783.0,552122.0,13
201600013599,16,11,3,1540,1,2,1,1,1.0,13005,M,4328806.0,557180.0,13
201600013600,16,11,4,1900,5,2,1,1,3.0,13005,M,4328666.0,558583.0,13
201600013601,16,11,8,1125,1,2,1,1,3.0,13070,M,4328244.0,551503.0,13
201600013602,16,11,9,1830,5,1,1,1,1.0,13005,M,4330557.0,557291.0,13
201600013603,16,11,11,1720,2,1,1,6,6.0,13005,M,4331979.0,559441.0,13
201600013604,16,11,12,1850,5,2,1,1,6.0,13005,M,4330512.0,559210.0,13
201600013605,16,11,14,935,1,2,3,2,3.0,13005,M,4328784.0,558157.0,13
201600013606,16,11,17,2010,5,2,2,1,3.0,13005,M,4328941.0,557254.0,13
201600013607,16,11,19,1505,1,2,1,1,3.0,13005,M,4330957.0,557481.0,13
201600013608,16,11,23,830,1,2,1,1,6.0,13005,M,4328712.0,560153.0,13
201600013609,16,12,2,1145,1,2,1,1,2.0,13005,M,4328632.0,558691.0,13
201600013610,16,12,3,1254,1,2,1,1,3.0,13005,M,4329474.0,557387.0,13
201600013611,16,12,1,1205,1,2,3,1,3.0,13070,M,4328169.0,551500.0,13
201600013612,16,12,6,1530,1,2,1,1,6.0,13005,M,4330114.0,557018.0,13
201600013613,16,12,7,1610,1,2,1,1,3.0,13005,M,4328480.0,559206.0,13
201600013614,16,12,9,1930,5,2,2,1,1.0,13005,M,4328436.0,554598.0,13
201600013615,16,12,15,1915,5,2,3,2,3.0,13005,M,4329814.0,557582.0,13
201600013616,16,12,18,1500,1,2,1,1,3.0,13005,M,4328949.0,556739.0,13
201600013617,16,12,21,1725,5,2,1,1,2.0,13005,M,4329472.0,557390.0,13
201600013618,16,12,22,1535,1,2,1,1,2.0,13005,M,4328462.0,554847.0,13
201600013619,16,12,25,1300,1,2,3,1,3.0,13005,M,4330605.0,557283.0,13
201600013620,16,12,28,2300,5,2,1,1,6.0,13005,M,,,13
201600013621,16,1,7,1350,1,2,6,1,2.0,13028,M,4319202.0,560486.0,13
201600013622,16,1,7,1745,5,2,1,1,6.0,13028,M,4318726.0,559980.0,13
201600013623,16,1,10,1300,1,2,1,1,3.0,13028,M,4318240.0,560533.0,13
201600013624,16,1,12,1505,1,2,1,1,6.0,13028,M,4317906.0,559147.0,13
201600013625,16,1,13,2045,3,2,1,1,2.0,13028,M,4318900.0,562731.0,13
201600013626,16,1,14,710,2,2,6,2,3.0,13028,M,4318987.0,560359.0,13
201600013627,16,1,17,1800,3,2,3,1,3.0,13028,M,4319438.0,559988.0,13
201600013628,16,1,20,1727,1,2,3,1,3.0,13028,M,4318981.0,560906.0,13
201600013629,16,1,21,1310,1,2,1,1,3.0,13028,M,4319059.0,561379.0,13
201600013630,16,1,21,1330,1,2,3,1,1.0,13028,M,4318950.0,561676.0,13
201600013631,16,1,27,120,5,2,1,1,1.0,13028,M,4319816.0,560751.0,13
201600013632,16,1,28,920,1,2,1,1,2.0,13028,M,4319125.0,561775.0,13
201600013633,16,2,1,830,1,2,1,1,7.0,13028,M,4318121.0,560178.0,13
201600013634,16,2,4,1030,1,2,1,1,2.0,13028,M,4318240.0,566955.0,13
201600013635,16,2,4,1330,1,1,3,1,3.0,13028,M,4318076.0,567182.0,13
201600013636,16,2,4,1620,1,2,2,1,6.0,13028,M,4318302.0,561265.0,13
201600013637,16,2,5,840,1,2,1,1,6.0,13028,M,4318376.0,560030.0,13
201600013638,16,2,5,913,1,2,1,1,6.0,13028,M,4317374.0,561040.0,13
201600013639,16,2,6,1320,1,1,1,1,1.0,13028,M,4320243.0,558914.0,13
201600013640,16,2,10,1015,1,2,1,8,6.0,13028,M,4320114.0,562334.0,13
201600013641,16,2,11,15,5,2,6,1,3.0,13028,M,4319253.0,560945.0,13
201600013642,16,2,22,1100,1,2,6,8,3.0,13028,M,4319246.0,560952.0,13
201600013643,16,2,23,1810,3,2,1,6,3.0,13028,M,4318708.0,560627.0,13
201600013644,16,2,24,2007,2,2,2,1,1.0,13028,M,4317875.0,559748.0,13
201600013645,16,2,26,1000,1,2,1,1,2.0,13028,M,4318886.0,563382.0,13
201600013646,16,2,28,130,5,2,1,3,3.0,13028,M,4317344.0,561084.0,13
201600013647,16,3,2,810,1,2,1,1,1.0,13028,M,4318886.0,563382.0,13
201600013648,16,3,5,1410,1,1,1,1,3.0,13028,M,4319522.0,561023.0,13
201600013649,16,3,9,1830,1,1,1,1,1.0,13028,M,4320551.0,558736.0,13
201600013650,16,3,10,1800,1,2,6,1,2.0,13028,M,4319180.0,561789.0,13
201600013651,16,3,13,1350,1,2,6,8,4.0,13028,M,4318987.0,560359.0,13
201600013652,16,3,14,1110,1,2,1,1,3.0,13028,M,4318950.0,563521.0,13
201600013653,16,3,19,1450,1,2,1,1,2.0,13028,M,4317830.0,561129.0,13
201600013654,16,3,23,1700,1,2,1,1,3.0,13028,M,4319280.0,560945.0,13
201600013655,16,3,26,1540,1,2,3,1,4.0,13028,M,4318924.0,563457.0,13
201600013656,16,4,11,1430,1,2,6,1,3.0,13028,M,4317360.0,561016.0,13
201600013657,16,4,13,1420,1,2,3,1,1.0,13028,M,4320246.0,559858.0,13
201600013658,16,4,15,835,1,2,1,1,1.0,13028,M,4319069.0,564122.0,13
201600013659,16,4,18,1930,1,1,3,1,1.0,13028,M,4320422.0,562645.0,13
201600013660,16,4,18,2130,5,2,6,1,3.0,13028,M,4319202.0,560487.0,13
201600013661,16,4,19,1640,1,1,6,1,3.0,13028,M,4318994.0,560405.0,13
201600013662,16,4,25,1200,1,2,6,1,1.0,13028,M,4317375.0,560595.0,13
201600013663,16,4,27,1430,1,1,2,1,2.0,13028,M,4318528.0,566170.0,13
201600013664,16,5,4,800,1,2,1,1,1.0,13028,M,4320793.0,560725.0,13
201600013665,16,5,4,1840,1,2,1,1,1.0,13028,M,4318098.0,560523.0,13
201600013666,16,5,4,2000,1,2,6,1,1.0,13028,M,4319069.0,560902.0,13
201600013667,16,5,8,1530,1,2,1,1,4.0,13028,M,4319062.0,563854.0,13
201600013668,16,5,12,950,1,2,2,1,3.0,13028,M,4317214.0,559886.0,13
201600013669,16,5,15,1445,1,2,3,1,1.0,13028,M,4318635.0,560802.0,13
201600013670,16,5,16,1615,1,1,1,1,5.0,13028,M,4320231.0,558889.0,13
201600013671,16,5,20,1200,1,2,3,1,1.0,13028,M,4318319.0,561620.0,13
201600013672,16,5,21,1025,1,1,3,1,3.0,13028,M,4318525.0,566169.0,13
201600013673,16,5,25,1825,1,2,3,1,1.0,13028,M,4318636.0,562138.0,13
201600013674,16,5,26,825,1,2,1,1,4.0,13028,M,4319985.0,561900.0,13
201600013675,16,5,26,1920,1,2,1,1,2.0,13028,M,4318509.0,561398.0,13
201600013676,16,6,1,840,1,2,1,1,6.0,13028,M,4318958.0,562890.0,13
201600013677,16,6,1,1830,1,2,3,1,3.0,13028,M,4319723.0,562118.0,13
201600013678,16,6,5,1,3,2,1,1,1.0,13028,M,4320651.0,558559.0,13
201600013679,16,6,4,1600,1,2,6,1,2.0,13028,M,4318302.0,559781.0,13
201600013680,16,6,9,2115,2,2,2,1,3.0,13028,M,4319874.0,562648.0,13
201600013681,16,6,12,40,5,2,1,1,1.0,13028,M,4319724.0,562745.0,13
201600013682,16,6,12,1200,1,2,6,1,3.0,13028,M,4318956.0,562158.0,13
201600013683,16,6,17,1530,1,2,1,1,3.0,13028,M,4318534.0,559948.0,13
201600013684,16,6,18,1050,1,2,1,1,6.0,13028,M,4317531.0,561040.0,13
201600013685,16,6,26,1010,1,2,3,1,1.0,13028,M,4317546.0,560263.0,13
201600013686,16,6,26,1340,1,2,1,1,3.0,13028,M,,,13
201600013687,16,7,4,1420,1,2,6,1,3.0,13028,M,4319157.0,560474.0,13
201600013688,16,7,7,1820,1,2,6,1,6.0,13028,M,,,13
201600013689,16,7,8,920,1,2,6,1,3.0,13028,M,4319171.0,561772.0,13
201600013690,16,7,8,1900,1,2,1,1,2.0,13028,M,4318586.0,560763.0,13
201600013691,16,7,8,1930,1,2,1,1,6.0,13028,M,4318303.0,561266.0,13
201600013692,16,7,14,2110,2,1,2,1,3.0,13028,M,4319259.0,563301.0,13
201600013693,16,7,14,2345,5,2,1,1,7.0,13028,M,4319221.0,564769.0,13
201600013694,16,7,17,1250,1,2,1,1,6.0,13028,M,4319062.0,563854.0,13
201600013695,16,7,21,905,1,2,1,1,6.0,13028,M,4319073.0,564028.0,13
201600013696,16,7,21,1735,1,2,1,1,3.0,13028,M,4318867.0,561613.0,13
201600013697,16,7,21,1755,1,2,3,1,3.0,13028,M,4317053.0,559278.0,13
201600013698,16,7,23,410,5,2,3,1,1.0,13028,M,4318412.0,560648.0,13
201600013699,16,7,25,1445,1,2,1,1,5.0,13028,M,,,13
201600013700,16,7,26,1140,1,1,1,1,1.0,13028,M,4318336.0,557782.0,13
201600013701,16,7,27,2250,5,2,1,1,3.0,13028,M,4318531.0,560833.0,13
201600013702,16,7,29,15,5,2,1,1,1.0,13028,M,4318717.0,562805.0,13
201600013703,16,7,29,1225,1,2,6,1,3.0,13028,M,,,13
201600013704,16,8,4,1100,1,2,1,1,6.0,13028,M,,,13
201600013705,16,8,5,1700,1,2,3,1,6.0,13028,M,4317703.0,560231.0,13
201600013706,16,8,6,1120,1,2,1,1,6.0,13028,M,4317392.0,560549.0,13
201600013707,16,8,14,1015,1,2,1,1,2.0,13028,M,4318741.0,561527.0,13
201600013708,16,8,14,1930,1,2,1,1,3.0,83112,M,4319550.0,570050.0,83
201600013709,16,8,17,1500,1,2,1,1,1.0,13028,M,4318958.0,563657.0,13
201600013710,16,8,18,2115,3,2,2,1,3.0,13028,M,4318301.0,561267.0,13
201600013711,16,8,19,50,5,2,6,1,6.0,13028,M,4317347.0,561010.0,13
201600013712,16,8,20,150,3,1,1,1,7.0,13028,M,4319682.0,559500.0,13
201600013713,16,8,22,1000,1,2,3,1,2.0,13028,M,4317395.0,560603.0,13
201600013714,16,8,22,1350,1,2,1,1,6.0,13028,M,4317682.0,560666.0,13
201600013715,16,8,23,1230,1,2,2,1,3.0,13028,M,4317926.0,560524.0,13
201600013716,16,8,24,1100,1,2,3,1,1.0,13028,M,4318942.0,561679.0,13
201600013717,16,8,24,1420,1,2,3,1,3.0,13028,M,4317710.0,561081.0,13
201600013718,16,8,25,1645,1,2,1,1,3.0,13028,M,4320368.0,562321.0,13
201600013719,16,8,26,1605,1,2,1,1,3.0,13028,M,4319326.0,561830.0,13
201600013720,16,9,4,1030,1,2,3,1,6.0,13028,M,4319136.0,561986.0,13
201600013721,16,9,3,2130,5,2,3,1,1.0,13028,M,4318457.0,561781.0,13
201600013722,16,9,4,1810,1,2,6,1,3.0,13028,M,4319207.0,560481.0,13
201600013723,16,9,5,2150,5,2,1,1,2.0,13028,M,4319003.0,562857.0,13
201600013724,16,9,6,1820,1,2,3,1,6.0,13028,M,4318727.0,562461.0,13
201600013725,16,9,9,2338,3,1,3,1,3.0,13028,M,4318531.0,566171.0,13
201600013726,16,9,11,1750,1,2,3,1,7.0,13028,M,4318862.0,562866.0,13
201600013727,16,9,17,1640,1,2,1,1,6.0,13028,M,4319037.0,560208.0,13
201600013728,16,9,22,820,1,2,1,7,6.0,13028,M,4317686.0,560981.0,13
201600013729,16,9,24,1200,1,2,1,1,2.0,13028,M,4318186.0,560530.0,13
201600013730,16,10,3,845,1,2,1,1,3.0,13028,M,4319111.0,559082.0,13
201600013731,16,10,5,1740,1,2,3,1,3.0,13028,M,4318901.0,563381.0,13
201600013732,16,10,6,1630,1,2,1,2,2.0,13028,M,4318464.0,559321.0,13
201600013733,16,10,7,2200,5,2,1,1,3.0,13028,M,4318356.0,560192.0,13
201600013734,16,10,14,1300,1,1,1,2,1.0,13028,M,4320247.0,558920.0,13
201600013735,16,10,22,1025,1,2,1,1,7.0,13028,M,4318732.0,562614.0,13
201600013736,16,10,24,750,1,2,1,1,4.0,13028,M,4318873.0,559833.0,13
201600013737,16,10,29,1120,1,2,1,1,1.0,13028,M,4319457.0,563460.0,13
201600013738,16,10,29,1620,1,2,1,1,2.0,13028,M,4318629.0,560712.0,13
201600013739,16,11,7,855,1,2,1,1,2.0,13028,M,4319017.0,560407.0,13
201600013740,16,11,9,840,1,2,3,1,6.0,13028,M,4318527.0,560498.0,13
201600013741,16,11,10,1650,1,2,1,1,6.0,13028,M,4319068.0,561749.0,13
201600013742,16,11,14,715,2,2,6,2,3.0,13028,M,4319210.0,560480.0,13
201600013743,16,11,15,755,1,2,6,1,1.0,13028,M,4319248.0,560948.0,13
201600013744,16,11,19,1030,1,2,6,1,3.0,13028,M,4318948.0,562821.0,13
201600013745,16,11,19,2105,5,2,1,1,1.0,13028,M,4318724.0,562519.0,13
201600013746,16,11,21,1325,1,2,1,2,4.0,13028,M,4320110.0,559745.0,13
201600013747,16,11,22,800,1,1,1,3,5.0,13028,M,4318619.0,560729.0,13
201600013748,16,11,24,1920,5,2,1,3,1.0,13028,M,4320476.0,559997.0,13