Num_Acc,an,mois,jour,hrmn,lum,agg,int,atm,col,com,gps,lat,long,dep
201600013749,16,11,27,950,1,2,1,1,6.0,13028,M,4320170.0,560683.0,13
201600013750,16,11,27,1910,5,2,6,1,3.0,13028,M,4319245.0,560955.0,13
201600013751,16,11,29,1520,1,2,1,1,6.0,13028,M,4317880.0,560480.0,13
201600013752,16,11,29,1730,1,2,6,1,3.0,13028,M,4319870.0,562652.0,13
201600013753,16,12,7,1515,1,1,1,1,1.0,13028,M,4320067.0,562306.0,13
201600013754,16,12,9,1000,1,2,1,1,2.0,13028,M,4319870.0,562176.0,13
201600013755,16,12,13,1850,3,2,1,1,1.0,13028,M,4319295.0,560277.0,13
201600013756,16,12,21,1820,3,1,1,1,1.0,13028,M,4320848.0,562776.0,13
201600013757,16,12,23,1615,1,2,6,1,3.0,13028,M,4318251.0,561500.0,13
201600013758,16,12,26,1800,1,2,1,1,6.0,13028,M,4318385.0,560991.0,13
201600013759,16,7,9,1900,1,2,1,1,3.0,78368,M,0.0,0.0,78
201600013760,16,1,29,1800,3,2,9,2,6.0,13047,M,4350525.0,499053.0,13
201600013761,16,1,16,1730,2,1,1,6,1.0,13047,M,4354090.0,497364.0,13
201600013762,16,3,12,1825,2,2,1,1,7.0,13063,M,4359244.0,500065.0,13
201600013763,16,5,25,1215,1,2,6,1,3.0,13063,M,4358765.0,500273.0,13
201600013764,16,6,12,1845,1,1,1,1,6.0,13098,M,4344056.0,503631.0,13
201600013765,16,7,24,644,1,2,1,1,6.0,13063,M,4359244.0,500065.0,13
201600013766,16,8,18,1540,1,1,2,1,3.0,13047,M,4348884.0,496495.0,13
201600013767,16,10,29,1415,1,1,1,1,1.0,13063,M,4358835.0,499036.0,13
201600013768,16,1,5,1350,1,2,1,1,2.0,13054,M,4340074.0,522591.0,13
201600013769,16,1,6,1920,5,2,3,1,1.0,13054,M,4341979.0,522496.0,13
201600013770,16,1,8,1210,1,2,1,1,3.0,13054,M,,,13
201600013771,16,1,19,535,5,2,2,2,3.0,13043,M,4339197.0,520681.0,13
201600013772,16,12,7,725,2,1,1,1,6.0,13043,M,,,13
201600013773,16,2,3,1430,1,2,3,1,1.0,13054,M,4340507.0,522308.0,13
201600013774,16,2,8,2100,4,2,1,1,3.0,13054,M,4340115.0,525904.0,13
201600013775,16,2,23,1754,1,2,1,1,6.0,13054,M,,,13
201600013776,16,2,25,745,1,2,1,1,1.0,13102,M,4342126.0,523197.0,13
201600013777,16,3,2,850,1,2,1,1,3.0,13054,M,,,13
201600013778,16,3,3,1700,1,2,1,1,6.0,13054,M,4341221.0,521949.0,13
201600013779,16,2,26,1815,2,2,1,1,3.0,13043,M,4338506.0,521851.0,13
201600013780,16,3,18,1930,5,2,1,1,6.0,13054,M,,,13
201600013781,16,3,20,500,3,1,1,1,2.0,13043,M,4338233.0,522100.0,13
201600013782,16,3,26,1710,1,1,1,1,3.0,13043,M,4338468.0,521335.0,13
201600013783,16,5,3,1616,1,2,1,1,6.0,13054,M,4341054.0,519919.0,13
201600013784,16,5,5,1840,1,1,1,1,5.0,13043,M,4339495.0,523067.0,13
201600013785,16,5,22,1355,1,2,1,1,3.0,13054,M,4341878.0,521398.0,13
201600013786,16,5,23,1212,1,2,1,1,6.0,13043,M,,,13
201600013787,16,6,7,1310,1,2,1,1,2.0,13043,M,4338669.0,522227.0,13
201600013788,16,6,9,1105,1,2,1,1,3.0,13054,M,4339927.0,519964.0,13
201600013789,16,6,27,1728,1,2,3,1,3.0,13102,M,4340656.0,525671.0,13
201600013790,16,6,29,1650,1,1,1,1,4.0,13054,M,4348059.0,535659.0,13
201600013791,16,7,9,1305,1,1,1,1,1.0,13043,M,4338931.0,522154.0,13
201600013792,16,7,14,1655,1,2,9,1,1.0,13054,M,4340647.0,522218.0,13
201600013793,16,7,26,1340,1,2,3,1,3.0,13054,M,4341481.0,521472.0,13
201600013794,16,7,27,1105,1,2,2,1,3.0,13054,M,4341830.0,521410.0,13
201600013795,16,8,14,1,5,1,1,1,2.0,13054,M,,,13
201600013796,16,8,14,1000,1,2,1,1,2.0,13102,M,,,13
201600013797,16,8,10,1230,1,1,1,1,6.0,13054,M,,,13
201600013798,16,8,16,1755,1,2,1,1,5.0,13054,M,4342178.0,522863.0,13
201600013799,16,7,15,1330,1,2,1,1,7.0,13102,M,4341912.0,523026.0,13
201600013800,16,9,2,1838,1,1,1,1,1.0,13043,M,4338425.0,521909.0,13
201600013801,16,9,14,755,1,2,1,1,6.0,13054,M,,,13
201600013802,16,9,20,1855,1,2,6,7,6.0,13102,M,4341892.0,524496.0,13
201600013803,16,9,21,1200,1,2,1,1,2.0,13054,M,4340505.0,520419.0,13
201600013804,16,9,25,1715,1,2,3,1,1.0,13102,M,4341577.0,524402.0,13
201600013805,16,9,26,1400,1,2,6,1,3.0,13102,M,4341993.0,523663.0,13
201600013806,16,9,27,2235,5,2,1,2,2.0,13054,M,4341833.0,522102.0,13
201600013807,16,9,28,1230,1,1,1,1,3.0,13054,M,4342291.0,523004.0,13
201600013808,16,10,5,2050,3,2,1,1,2.0,13043,M,4339727.0,525258.0,13
201600013809,16,10,14,2100,3,1,1,9,6.0,13102,M,4341665.0,524242.0,13
201600013810,16,10,25,1205,1,1,1,8,6.0,13054,M,4342423.0,523559.0,13
201600013811,16,10,27,1220,1,1,8,1,5.0,13054,M,4340580.0,520620.0,13
201600013812,16,11,4,1155,1,2,1,1,6.0,13102,M,4341041.0,525266.0,13
201600013813,16,11,17,905,1,2,9,1,3.0,13054,M,4341111.0,521699.0,13
201600013814,16,11,19,1235,1,2,3,1,1.0,13043,M,4338484.0,521440.0,13
201600013815,16,12,14,930,1,2,6,1,2.0,13102,M,4341950.0,523766.0,13
201600013816,16,12,18,1430,1,2,1,1,3.0,13043,M,4338331.0,520190.0,13
201600013817,16,12,22,1650,1,2,1,1,6.0,13043,M,4339544.0,523504.0,13
201600013818,16,12,24,1430,1,2,3,1,2.0,13043,M,4338706.0,522745.0,13
201600013819,16,1,1,200,5,2,1,1,6.0,13055,M,4334670.0,537939.0,13
201600013820,16,1,1,300,5,2,1,1,6.0,13055,M,4327809.0,537790.0,13
201600013821,16,1,1,400,5,2,1,1,6.0,13055,M,4330356.0,543120.0,13
201600013822,16,1,1,630,2,2,1,1,6.0,13055,M,4330288.0,541488.0,13
201600013823,16,1,1,500,5,2,1,1,6.0,13055,M,4326019.0,538694.0,13
201600013824,16,12,16,525,3,2,1,2,7.0,13055,M,4328872.0,535891.0,13
201600013825,16,1,1,1900,3,2,3,1,2.0,13055,M,4330238.0,539545.0,13
201600013826,16,12,16,900,1,2,1,1,3.0,13055,M,4328170.0,535117.0,13
201600013827,16,1,2,1545,1,2,1,2,2.0,13055,M,4330480.0,537151.0,13
201600013828,16,1,3,15,5,2,2,1,2.0,13055,M,4331161.0,537132.0,13
201600013829,16,1,3,930,1,2,1,1,6.0,13055,M,4332622.0,536659.0,13
201600013830,16,1,3,1200,1,1,1,1,4.0,13055,M,4324690.0,539623.0,13
201600013831,16,11,23,1720,1,2,1,1,6.0,13055,M,4328592.0,547167.0,13
201600013832,16,1,3,2325,5,2,1,2,2.0,13055,M,4327046.0,540757.0,13
201600013833,16,12,28,1330,1,2,1,1,2.0,13055,M,4333792.0,534974.0,13
201600013834,16,1,4,750,1,2,1,1,6.0,13055,M,4328018.0,541951.0,13
201600013835,16,1,4,2130,5,2,1,2,3.0,13055,M,4324565.0,541520.0,13
201600013836,16,1,4,2210,5,2,1,2,6.0,13055,M,4327913.0,541251.0,13
201600013837,16,1,4,2243,5,2,2,2,3.0,13055,M,4330514.0,537197.0,13
201600013838,16,12,28,1330,1,2,9,1,6.0,13055,M,4329913.0,538101.0,13
201600013839,16,1,4,1940,5,2,1,2,1.0,13055,M,4328652.0,541587.0,13
201600013840,16,11,23,2010,5,2,1,1,3.0,13055,M,,,13
201600013841,16,1,5,1200,1,2,1,1,6.0,13055,M,4329395.0,538130.0,13
201600013842,16,12,7,950,1,2,1,1,3.0,13055,M,4331285.0,540185.0,13
201600013843,16,1,5,1509,1,2,1,1,2.0,13055,M,4329761.0,538106.0,13
201600013844,16,1,6,705,2,2,1,1,3.0,13055,M,4327355.0,538517.0,13
201600013845,16,1,6,830,1,2,1,1,6.0,13055,M,0.0,0.0,13
201600013846,16,12,15,1040,1,1,1,1,6.0,13055,M,4330224.0,538703.0,13
201600013847,16,1,6,1045,1,2,1,2,4.0,13055,M,4327421.0,539997.0,13
201600013848,16,1,6,1720,2,2,1,1,3.0,13055,M,4332208.0,538935.0,13
201600013849,16,1,6,1820,5,2,1,1,6.0,13055,M,4327476.0,539492.0,13
201600013850,16,12,13,2020,5,2,1,1,3.0,13055,M,4326218.0,540429.0,13
201600013851,16,1,6,1330,1,1,2,1,3.0,13055,M,4328583.0,542560.0,13
201600013852,16,1,6,1830,2,2,1,1,6.0,13055,M,4336138.0,534465.0,13
201600013853,16,1,7,1820,5,2,1,1,5.0,13075,M,4334940.0,546941.0,13
201600013854,16,12,29,1200,1,2,6,1,2.0,13055,M,4328485.0,542375.0,13
201600013855,16,1,7,930,1,2,1,2,6.0,13055,M,4334290.0,535961.0,13
201600013856,16,1,7,1300,1,2,1,1,7.0,13055,M,4328008.0,542529.0,13
201600013857,16,1,7,1345,1,2,1,1,1.0,13055,M,4334666.0,537953.0,13
201600013858,16,1,7,1245,1,2,3,8,3.0,13055,M,4326515.0,539520.0,13
201600013859,16,1,8,640,5,2,1,1,6.0,13055,M,4331581.0,540387.0,13
201600013860,16,1,8,820,1,2,1,1,3.0,13055,M,4325495.0,537625.0,13
201600013861,16,1,7,2000,5,2,1,1,6.0,13055,M,4330399.0,550590.0,13
201600013862,16,1,2,1900,2,2,1,1,2.0,13055,M,4328394.0,538589.0,13
201600013863,16,1,8,1430,1,2,7,1,1.0,13055,M,4325438.0,538179.0,13
201600013864,16,12,22,2010,5,2,1,1,2.0,13055,M,4328373.0,538088.0,13
201600013865,16,1,8,1350,1,2,1,1,1.0,13075,M,4333804.0,545305.0,13
201600013866,16,1,4,910,1,1,1,1,7.0,13002,M,0.0,0.0,13
201600013867,16,1,8,1925,5,1,3,1,3.0,13055,M,4329925.0,543039.0,13
201600013868,16,1,9,355,5,2,1,1,6.0,13055,M,4332276.0,536775.0,13
201600013869,16,1,6,1230,1,2,1,1,3.0,13055,M,4325797.0,539980.0,13
201600013870,16,1,9,345,5,2,2,1,6.0,13055,M,4328584.0,544257.0,13
201600013871,16,1,9,2130,5,2,1,1,3.0,13055,M,4335545.0,535731.0,13
201600013872,16,1,10,245,5,2,9,1,3.0,13055,M,4329933.0,538085.0,13
201600013873,16,1,10,225,5,2,1,8,6.0,13055,M,4324278.0,536839.0,13
201600013874,16,1,9,1120,1,2,1,1,7.0,13055,M,4328970.0,539786.0,13
201600013875,16,1,10,530,5,2,1,1,6.0,13055,M,4327657.0,538933.0,13
201600013876,16,1,10,700,5,2,2,1,3.0,13055,M,4329762.0,538104.0,13
201600013877,16,1,10,550,5,2,1,1,6.0,13055,M,4330411.0,540083.0,13
201600013878,16,1,9,1950,5,2,1,1,3.0,13055,M,4328652.0,541587.0,13
201600013879,16,1,10,1140,1,1,1,1,1.0,13055,M,4336627.0,535680.0,13
201600013880,16,1,10,1450,1,2,1,1,1.0,13055,M,4324703.0,538039.0,13
201600013881,16,1,10,1530,1,2,3,1,6.0,13055,M,4327036.0,538761.0,13
201600013882,16,1,10,1945,5,1,1,1,1.0,13055,M,4332956.0,536685.0,13
201600013883,16,1,11,930,1,2,2,1,3.0,13055,M,4329585.0,540028.0,13
201600013884,16,1,11,1330,1,2,1,2,3.0,13055,M,4325246.0,539462.0,13
201600013885,16,1,11,1530,1,2,1,1,2.0,13055,M,4328622.0,544235.0,13
201600013886,16,1,12,1115,1,2,1,1,6.0,13055,M,4325041.0,540397.0,13
201600013887,16,1,11,1310,1,2,1,2,1.0,13055,M,4330339.0,544199.0,13
201600013888,16,1,11,1840,5,1,3,1,7.0,13055,M,4331820.0,539030.0,13
201600013889,16,1,6,1650,1,2,1,1,3.0,13075,M,4334353.0,546672.0,13
201600013890,16,1,12,1500,1,2,3,1,6.0,13055,M,4333696.0,535756.0,13
201600013891,16,1,12,1630,1,2,3,1,3.0,13055,M,4330417.0,543487.0,13
201600013892,16,1,12,1630,1,2,1,1,3.0,13055,M,4330641.0,537425.0,13
201600013893,16,1,12,1900,1,2,1,1,3.0,13055,M,4329644.0,549069.0,13
201600013894,16,1,12,2030,5,2,1,1,6.0,13055,M,4328929.0,544131.0,13
201600013895,16,1,12,1645,2,2,1,1,7.0,13055,M,4324410.0,537130.0,13
201600013896,16,1,13,1400,1,2,1,1,6.0,13055,M,4332060.0,537321.0,13
201600013897,16,1,13,1845,5,2,1,1,6.0,13055,M,4327021.0,538809.0,13
201600013898,16,1,13,1800,5,2,1,1,3.0,13055,M,4327039.0,539250.0,13
201600013899,16,1,13,2005,3,2,1,1,1.0,13055,M,4330673.0,539484.0,13
201600013900,16,1,13,1925,5,2,1,1,6.0,13055,M,4326223.0,537889.0,13
201600013901,16,1,11,1300,1,2,2,8,6.0,13055,M,4330500.0,536820.0,13
201600013902,16,1,14,745,1,2,1,2,6.0,13055,M,4334729.0,534683.0,13
201600013903,16,1,14,845,1,2,1,2,2.0,13055,M,0.0,0.0,13
201600013904,16,1,13,1830,5,2,1,1,2.0,13055,M,4329268.0,538256.0,13
201600013905,16,1,13,1850,5,2,1,1,3.0,13055,M,4329582.0,539215.0,13
201600013906,16,1,13,1638,1,2,1,1,2.0,13055,M,4329442.0,539489.0,13
201600013907,16,1,14,1435,1,2,1,1,6.0,13055,M,4333307.0,543040.0,13
201600013908,16,1,14,1810,2,2,1,2,3.0,13055,M,4327511.0,538448.0,13
201600013909,16,1,8,1605,1,2,1,1,3.0,13055,M,4324856.0,543844.0,13
201600013910,16,12,6,710,5,2,1,1,3.0,13055,M,,,13
201600013911,16,1,14,1745,3,2,1,2,3.0,13055,M,4328826.0,550326.0,13
201600013912,16,1,9,1030,1,2,1,1,2.0,13055,M,4327874.0,538111.0,13
201600013913,16,1,15,845,1,2,1,1,5.0,13055,M,4328238.0,538539.0,13
201600013914,16,1,15,830,2,2,2,1,6.0,13055,M,4329040.0,539983.0,13
201600013915,16,1,11,840,1,2,1,6,6.0,13055,M,4327926.0,535343.0,13
201600013916,16,1,15,1200,1,2,1,1,6.0,13055,M,4329654.0,537812.0,13
201600013917,16,1,15,1715,2,1,1,1,7.0,13055,M,4327476.0,542632.0,13
201600013918,16,1,15,2250,5,2,1,1,3.0,13055,M,4330411.0,540082.0,13
201600013919,16,1,16,300,5,2,1,6,6.0,13075,M,4334382.0,546540.0,13
201600013920,16,1,15,1945,5,2,1,1,2.0,13055,M,4326209.0,537449.0,13
201600013921,16,1,16,400,3,2,1,1,1.0,13055,M,4329314.0,537965.0,13
201600013922,16,1,16,1900,5,2,1,1,2.0,13055,M,4329071.0,536662.0,13
201600013923,16,1,16,2045,5,2,1,1,6.0,13055,M,4336234.0,531879.0,13
201600013924,16,1,16,2030,5,2,1,1,1.0,13055,M,4336234.0,531879.0,13
201600013925,16,1,17,145,5,2,1,6,4.0,13055,M,4326160.0,537468.0,13
201600013926,16,10,28,730,1,2,1,1,3.0,13055,M,4333270.0,537774.0,13
201600013927,16,1,4,1315,1,2,1,1,7.0,13055,M,4330033.0,540071.0,13
201600013928,16,1,15,1430,1,2,2,6,3.0,13055,M,4329073.0,535736.0,13
201600013929,16,1,17,1430,1,2,3,1,2.0,13055,M,4324590.0,542099.0,13
201600013930,16,1,17,1810,5,2,1,1,3.0,13055,M,4328614.0,537422.0,13
201600013931,16,1,18,715,2,2,1,1,7.0,13002,M,4332919.0,547761.0,13
201600013932,16,1,18,730,1,2,1,1,1.0,13055,M,4328590.0,547917.0,13
201600013933,16,11,30,1530,1,2,2,1,6.0,13055,M,4330163.0,536987.0,13
201600013934,16,1,18,1115,1,2,3,1,3.0,13055,M,4324861.0,538168.0,13
201600013935,16,1,18,1400,1,2,1,2,2.0,13055,M,4332258.0,536187.0,13
201600013936,16,1,18,1230,1,2,1,2,6.0,13055,M,4327377.0,536236.0,13
201600013937,16,1,18,1620,1,2,1,2,3.0,13055,M,4334880.0,537169.0,13
201600013938,16,1,18,2015,5,2,3,2,1.0,13055,M,4326603.0,540321.0,13
201600013939,16,1,18,1630,1,2,1,2,1.0,13055,M,4329097.0,542614.0,13
201600013940,16,1,19,840,1,2,1,1,5.0,13055,M,4334808.0,537702.0,13
201600013941,16,1,19,1250,1,2,1,1,2.0,13055,M,4327148.0,540177.0,13
201600013942,16,1,15,1125,1,2,3,1,3.0,13055,M,4326650.0,540827.0,13
201600013943,16,1,19,1825,2,1,1,1,3.0,13055,M,4332447.0,542096.0,13
201600013944,16,1,14,1330,1,2,3,2,3.0,13055,M,4335714.0,536779.0,13
201600013945,16,1,19,1520,1,2,1,1,6.0,13055,M,4328895.0,542590.0,13
201600013946,16,1,15,1145,1,2,3,1,3.0,13055,M,4328855.0,536657.0,13
201600013947,16,1,20,1730,2,2,3,1,7.0,13055,M,4332323.0,541878.0,13
201600013948,16,1,19,1230,1,2,3,1,2.0,13055,M,4334202.0,540779.0,13
201600013949,16,1,20,1345,1,2,1,1,3.0,13055,M,4333444.0,537471.0,13
201600013950,16,1,21,910,1,1,1,1,4.0,13055,M,4324632.0,543263.0,13
201600013951,16,1,21,1200,1,2,1,1,6.0,13055,M,4327246.0,540019.0,13
201600013952,16,1,21,1445,1,2,1,1,2.0,13055,M,4330101.0,538294.0,13
201600013953,16,1,21,2345,5,2,6,1,1.0,13055,M,4335767.0,533788.0,13
201600013954,16,1,22,15,5,2,1,1,6.0,13055,M,4328816.0,550307.0,13
201600013955,16,1,19,1800,5,2,1,1,6.0,13055,M,4329724.0,540777.0,13
201600013956,16,1,22,730,1,2,1,1,6.0,13055,M,4324821.0,540611.0,13
201600013957,16,1,21,750,2,2,1,1,3.0,13055,M,4324593.0,537411.0,13
201600013958,16,1,18,930,1,2,1,1,3.0,13055,M,4331894.0,539026.0,13
201600013959,16,1,21,1400,1,2,3,1,2.0,13055,M,4329223.0,536316.0,13
201600013960,16,1,22,1415,1,2,1,1,2.0,13055,M,4328920.0,536255.0,13
201600013961,16,1,23,100,5,2,3,1,3.0,13055,M,4330458.0,537498.0,13
201600013962,16,1,23,1825,5,2,1,1,6.0,13055,M,4330417.0,540084.0,13
201600013963,16,1,23,1730,1,2,3,1,3.0,13055,M,4327643.0,535833.0,13
201600013964,16,1,23,2145,5,2,1,1,3.0,13055,M,4328163.0,542718.0,13
201600013965,16,1,18,2200,5,2,2,1,3.0,13055,M,4329338.0,538203.0,13
201600013966,16,1,23,1950,5,2,1,1,3.0,13055,M,4329540.0,539406.0,13
201600013967,16,1,22,1305,1,2,1,1,2.0,13055,M,4328655.0,539886.0,13
201600013968,16,1,21,1700,5,2,1,8,1.0,13055,M,4327272.0,536275.0,13
201600013969,16,1,24,1145,1,2,3,1,6.0,13055,M,4331297.0,541242.0,13
201600013970,16,1,24,1745,2,2,1,1,3.0,13055,M,4331953.0,537441.0,13
201600013971,16,1,24,1845,2,2,2,1,3.0,13055,M,4335924.0,533279.0,13
201600013972,16,1,24,2000,5,1,1,1,6.0,13055,M,4328174.0,542708.0,13
201600013973,16,1,24,2130,5,2,2,1,3.0,13055,M,4328974.0,538539.0,13
201600013974,16,1,20,1200,1,2,1,1,7.0,13002,M,4335970.0,549407.0,13
201600013975,16,1,23,1510,1,1,1,1,6.0,13002,M,4333626.0,548239.0,13
201600013976,16,1,25,900,1,2,1,1,1.0,13055,M,4332754.0,542688.0,13
201600013977,16,1,25,1345,1,2,1,1,3.0,13055,M,4332047.0,537277.0,13
201600013978,16,1,25,1800,1,2,1,1,6.0,13055,M,4334654.0,535506.0,13
201600013979,16,1,25,1645,2,2,1,1,1.0,13055,M,4329081.0,544118.0,13
201600013980,16,1,25,2130,5,2,1,1,6.0,13055,M,4329619.0,547529.0,13
201600013981,16,1,25,1200,1,2,1,1,6.0,13055,M,4328735.0,546389.0,13
201600013982,16,1,26,830,1,2,3,1,3.0,13055,M,4329382.0,547419.0,13
201600013983,16,1,26,1125,1,2,1,1,3.0,13055,M,4330569.0,537048.0,13
201600013984,16,1,26,1135,1,2,1,8,6.0,13055,M,4328104.0,538913.0,13
201600013985,16,1,26,1500,1,2,1,1,1.0,13055,M,4335984.0,536554.0,13
201600013986,16,1,26,2030,5,2,1,1,1.0,13106,M,4340037.0,536895.0,13
201600013987,16,1,27,1115,1,2,1,1,3.0,13055,M,4332071.0,537639.0,13
201600013988,16,1,22,1430,1,1,1,1,6.0,13055,M,4335985.0,531607.0,13
201600013989,16,1,24,1215,1,2,3,1,3.0,13055,M,4332227.0,539220.0,13
201600013990,16,1,27,1400,1,1,1,1,3.0,13002,M,4333773.0,548468.0,13
201600013991,16,1,27,2030,5,2,1,1,6.0,13055,M,4328008.0,537703.0,13
201600013992,16,1,27,2145,5,2,1,1,3.0,13055,M,4335935.0,534047.0,13
201600013993,16,1,27,2140,5,2,1,1,6.0,13055,M,4328288.0,539227.0,13
201600013994,16,1,20,1215,1,2,1,1,3.0,13055,M,4329315.0,537030.0,13
201600013995,16,1,28,655,5,2,1,1,4.0,13055,M,4329754.0,549687.0,13
201600013996,16,1,26,1640,1,2,1,1,3.0,13055,M,4331653.0,539685.0,13
201600013997,16,1,27,1420,1,2,3,1,2.0,13055,M,4328967.0,536526.0,13
201600013998,16,1,28,1400,1,2,2,1,5.0,13055,M,4329341.0,540316.0,13
201600013999,16,1,28,2100,5,2,2,1,6.0,13055,M,4327131.0,540911.0,13
201600014000,16,1,29,50,5,2,1,1,6.0,13055,M,4330385.0,543576.0,13
201600014001,16,1,23,1837,5,2,1,1,6.0,13055,M,4329226.0,537157.0,13
201600014002,16,1,29,2000,4,2,1,1,3.0,13055,M,4328323.0,540140.0,13
201600014003,16,1,29,2255,5,2,2,1,1.0,13055,M,4329750.0,540088.0,13
201600014004,16,1,29,1120,1,2,1,1,2.0,13055,M,4334810.0,536244.0,13
201600014005,16,1,27,1500,1,2,3,1,3.0,13055,M,4328564.0,538683.0,13
201600014006,16,9,7,1910,1,2,3,1,6.0,13055,M,4328892.0,536096.0,13
201600014007,16,1,27,1415,1,2,1,1,4.0,13055,M,4331626.0,540025.0,13
201600014008,16,9,8,1540,1,2,3,1,7.0,13055,M,4330744.0,537158.0,13
201600014009,16,1,30,1125,1,2,1,1,1.0,13055,M,4326188.0,541874.0,13
201600014010,16,1,30,1300,1,2,2,1,3.0,13055,M,4326480.0,540939.0,13
201600014011,16,1,30,1024,1,1,1,1,1.0,13055,M,4324792.0,537493.0,13
201600014012,16,1,30,1430,1,2,3,1,5.0,13055,M,4326387.0,540428.0,13
201600014013,16,1,30,1525,1,2,2,1,1.0,13055,M,4333383.0,540230.0,13
201600014014,16,1,31,200,5,2,1,1,2.0,13055,M,4326480.0,539565.0,13
201600014015,16,1,31,40,5,2,2,1,3.0,13055,M,4334632.0,536611.0,13
201600014016,16,1,31,545,5,2,3,1,3.0,13055,M,4328819.0,539520.0,13
201600014017,16,1,31,550,5,2,1,8,6.0,13106,M,4340032.0,536898.0,13
201600014018,16,1,28,820,1,2,1,1,1.0,13002,M,4334063.0,548522.0,13
201600014019,16,1,31,1150,1,1,1,1,3.0,13055,M,4326012.0,539401.0,13
201600014020,16,1,31,1258,1,2,2,1,6.0,13055,M,4329608.0,537683.0,13
201600014021,16,1,19,1650,1,2,1,1,3.0,13055,M,4326549.0,538059.0,13
201600014022,16,2,1,1550,1,2,1,1,6.0,13055,M,4328880.0,546041.0,13
201600014023,16,2,1,1850,5,2,1,1,3.0,13055,M,4324564.0,540995.0,13
201600014024,16,1,31,1935,5,2,3,1,1.0,13106,M,4338570.0,535880.0,13
201600014025,16,2,2,815,1,2,1,1,6.0,13055,M,4331317.0,537141.0,13
201600014026,16,2,2,1340,1,2,1,1,1.0,13055,M,4326222.0,541353.0,13
201600014027,16,2,2,1415,1,2,1,1,1.0,13055,M,4333310.0,543042.0,13
201600014028,16,2,2,1530,1,1,1,1,3.0,13055,M,4325944.0,541649.0,13
201600014029,16,2,2,800,1,2,1,1,3.0,13002,M,4333830.0,547626.0,13
201600014030,16,2,3,840,1,2,3,1,1.0,13055,M,4327988.0,542465.0,13
201600014031,16,2,3,1730,1,2,1,1,6.0,13055,M,4331662.0,539695.0,13
201600014032,16,2,4,57,5,2,2,1,3.0,13055,M,4329053.0,537800.0,13
201600014033,16,2,3,1330,1,2,1,1,3.0,13055,M,4329670.0,539780.0,13
201600014034,16,2,4,850,1,2,1,1,7.0,13055,M,4326804.0,541770.0,13
201600014035,16,2,4,1410,1,2,1,1,2.0,13055,M,4331656.0,539677.0,13
201600014036,16,2,4,1400,1,2,1,1,5.0,13055,M,4324539.0,542660.0,13
201600014037,16,2,4,1730,2,2,1,1,3.0,13055,M,4337287.0,536545.0,13
201600014038,16,2,4,1800,2,2,1,1,6.0,13055,M,4329729.0,537337.0,13
201600014039,16,2,3,1530,1,2,1,1,6.0,13055,M,4330099.0,537021.0,13
201600014040,16,1,21,1630,1,2,1,1,2.0,13055,M,4331188.0,539611.0,13
201600014041,16,1,28,1930,1,2,1,1,6.0,13055,M,4330120.0,536729.0,13
201600014042,16,2,5,720,1,2,1,1,3.0,13055,M,4327556.0,542399.0,13
201600014043,16,2,5,940,1,2,2,1,3.0,13055,M,4328109.0,538936.0,13
201600014044,16,2,4,1145,1,2,1,1,6.0,13055,M,4332981.0,542745.0,13
201600014045,16,2,5,1150,1,2,1,1,3.0,13055,M,4326086.0,539383.0,13
201600014046,16,2,5,1415,1,2,1,1,3.0,13055,M,4328565.0,542540.0,13
201600014047,16,2,5,2010,5,2,1,1,3.0,13055,M,0.0,0.0,13
201600014048,16,2,5,1810,5,2,1,1,1.0,13055,M,4329697.0,538114.0,13
201600014049,16,2,6,700,3,2,1,1,1.0,13055,M,4336590.0,535725.0,13
201600014050,16,1,13,930,1,2,1,1,3.0,13055,M,4327813.0,535501.0,13
201600014051,16,1,7,1845,2,2,1,1,3.0,13055,M,4329009.0,536776.0,13
201600014052,16,1,27,1100,1,2,3,1,2.0,13055,M,4330169.0,540071.0,13
201600014053,16,2,6,1620,1,2,1,1,4.0,13055,M,4335157.0,544033.0,13
201600014054,16,2,6,2130,5,1,3,1,3.0,13055,M,4335808.0,528727.0,13
201600014055,16,2,6,2320,5,2,1,2,3.0,13055,M,4330565.0,537259.0,13
201600014056,16,2,2,1150,1,2,1,1,2.0,13055,M,4328643.0,540826.0,13
201600014057,16,2,7,1420,1,2,3,1,3.0,13055,M,4330330.0,543787.0,13
201600014058,16,2,7,1500,1,2,3,1,3.0,13055,M,4328567.0,542557.0,13
201600014059,16,2,1,1845,5,2,1,1,3.0,13055,M,4329305.0,540520.0,13
201600014060,16,11,11,1830,5,2,1,2,3.0,13055,M,,,13
201600014061,16,2,7,1945,5,2,1,1,3.0,13055,M,4329269.0,544565.0,13
201600014062,16,2,2,900,1,2,1,1,3.0,13055,M,4328322.0,538121.0,13
201600014063,16,2,7,1415,1,2,3,1,1.0,13055,M,4335170.0,543376.0,13