Num_Acc,an,mois,jour,hrmn,lum,agg,int,atm,col,com,gps,lat,long,dep
201600014064,16,1,31,1400,1,2,1,1,4.0,13055,M,4327724.0,535683.0,13
201600014065,16,2,8,1215,1,2,1,1,3.0,13055,M,4328582.0,542555.0,13
201600014066,16,2,5,350,5,2,1,1,6.0,13055,M,4330581.0,538374.0,13
201600014067,16,2,9,50,5,1,1,1,2.0,13055,M,4329771.0,540095.0,13
201600014068,16,2,9,1100,1,2,1,1,1.0,13055,M,4333347.0,539063.0,13
201600014069,16,2,9,1530,1,2,2,1,1.0,13055,M,4331144.0,542288.0,13
201600014070,16,2,9,2045,5,2,1,2,7.0,13055,M,4324764.0,540034.0,13
201600014071,16,2,10,700,1,2,1,1,7.0,13055,M,4332804.0,536596.0,13
201600014072,16,2,10,2010,5,1,1,1,3.0,13055,M,4326016.0,539399.0,13
201600014073,16,2,10,810,1,2,1,1,1.0,13055,M,4329738.0,540063.0,13
201600014074,16,2,11,1220,1,2,1,1,7.0,13055,M,4333006.0,539672.0,13
201600014075,16,2,11,1810,2,2,1,1,7.0,13055,M,4329395.0,538779.0,13
201600014076,16,2,11,2230,5,2,1,1,3.0,13055,M,4325927.0,540064.0,13
201600014077,16,2,12,1015,1,2,1,2,3.0,13055,M,4327917.0,542289.0,13
201600014078,16,2,12,1030,1,2,1,2,6.0,13055,M,4325262.0,540253.0,13
201600014079,16,2,12,1145,1,2,1,3,6.0,13055,M,4332990.0,540668.0,13
201600014080,16,2,13,1130,1,2,1,1,6.0,13055,M,4324388.0,540598.0,13
201600014081,16,2,13,1100,1,2,1,2,6.0,13055,M,4331679.0,537571.0,13
201600014082,16,2,12,2000,4,2,1,1,6.0,13055,M,4334875.0,537145.0,13
201600014083,16,2,13,1615,1,2,1,7,3.0,13002,M,4336523.0,554274.0,13
201600014084,16,2,12,1925,2,1,3,1,6.0,13055,M,4333359.0,535840.0,13
201600014085,16,2,14,300,5,2,3,8,1.0,13055,M,4332696.0,538427.0,13
201600014086,16,2,14,500,5,2,1,2,3.0,13055,M,4332453.0,542109.0,13
201600014087,16,2,14,1750,5,2,1,1,2.0,13055,M,4330090.0,539077.0,13
201600014088,16,2,11,1020,1,1,1,1,6.0,13055,M,4329047.0,542042.0,13
201600014089,16,2,14,1815,2,2,1,1,3.0,13106,M,4340420.0,535804.0,13
201600014090,16,2,15,220,5,2,1,1,2.0,13055,M,4330517.0,539919.0,13
201600014091,16,1,23,1230,1,2,1,1,6.0,13055,M,4332342.0,544912.0,13
201600014092,16,2,15,2215,5,2,1,1,3.0,13055,M,4329370.0,540153.0,13
201600014093,16,2,9,1915,5,2,1,1,5.0,13055,M,4327071.0,536327.0,13
201600014094,16,2,16,835,1,2,1,1,6.0,13075,M,4335181.0,547435.0,13
201600014095,16,2,16,1215,1,2,2,1,3.0,13055,M,4329988.0,539968.0,13
201600014096,16,2,16,1518,1,2,1,1,7.0,13055,M,4336712.0,534355.0,13
201600014097,16,2,16,1600,1,2,1,1,6.0,13055,M,4330343.0,537385.0,13
201600014098,16,2,16,2000,5,2,1,1,6.0,13055,M,4332791.0,541007.0,13
201600014099,16,2,16,2100,5,2,1,1,3.0,13055,M,4326130.0,539744.0,13
201600014100,16,2,15,1630,1,2,3,1,7.0,13055,M,4328772.0,538059.0,13
201600014101,16,2,17,710,2,2,1,1,3.0,13055,M,4332249.0,545642.0,13
201600014102,16,2,17,1330,1,2,1,1,7.0,13055,M,4334975.0,537947.0,13
201600014103,16,2,17,1600,1,2,3,1,6.0,13055,M,4329568.0,543876.0,13
201600014104,16,2,17,1930,1,2,3,1,3.0,13055,M,4330301.0,545608.0,13
201600014105,16,2,17,1900,3,2,1,1,1.0,13055,M,4329023.0,536878.0,13
201600014106,16,2,17,2020,5,2,1,1,1.0,13075,M,4334869.0,546679.0,13
201600014107,16,2,18,1000,1,2,3,1,3.0,13106,M,4339019.0,536264.0,13
201600014108,16,2,18,1630,1,2,7,1,6.0,13055,M,4330447.0,537859.0,13
201600014109,16,2,17,2115,5,2,1,1,3.0,13055,M,4326957.0,539003.0,13
201600014110,16,2,19,1045,1,2,1,1,3.0,13055,M,4326713.0,538955.0,13
201600014111,16,2,3,1232,1,2,1,1,7.0,13055,M,4331136.0,540367.0,13
201600014112,16,2,19,1800,1,1,1,1,6.0,13055,M,4332039.0,537300.0,13
201600014113,16,2,3,900,1,2,1,1,1.0,13055,M,4328831.0,537326.0,13
201600014114,16,2,19,1730,1,2,3,1,3.0,13055,M,4334796.0,536260.0,13
201600014115,16,2,20,930,1,2,1,1,4.0,13055,M,4327706.0,535708.0,13
201600014116,16,2,20,1345,1,2,1,1,3.0,13055,M,4331024.0,546366.0,13
201600014117,16,2,20,1610,1,2,1,1,6.0,13055,M,4330169.0,539329.0,13
201600014118,16,2,20,2130,5,2,1,1,6.0,13055,M,4333944.0,538938.0,13
201600014119,16,2,21,940,1,2,1,7,6.0,13055,M,4331884.0,546749.0,13
201600014120,16,10,20,750,1,2,1,1,7.0,13055,M,4325509.0,540114.0,13
201600014121,16,2,21,1230,1,2,1,1,5.0,13055,M,4334371.0,542169.0,13
201600014122,16,2,21,1530,1,2,3,1,6.0,13055,M,4332834.0,536581.0,13
201600014123,16,2,21,1415,1,2,1,1,1.0,13055,M,4332753.0,543600.0,13
201600014124,16,2,21,1945,5,2,1,1,5.0,13055,M,4333036.0,538091.0,13
201600014125,16,2,21,1345,1,2,2,1,2.0,13055,M,4328935.0,535760.0,13
201600014126,16,2,21,1900,1,2,1,1,3.0,13055,M,4326306.0,537408.0,13
201600014127,16,2,22,950,1,2,3,2,3.0,13055,M,4331633.0,543569.0,13
201600014128,16,2,22,750,1,2,1,2,1.0,13055,M,4327025.0,542328.0,13
201600014129,16,2,10,1250,1,2,3,1,3.0,13055,M,4328864.0,538235.0,13
201600014130,16,2,22,1330,1,2,3,1,1.0,13055,M,4335202.0,543753.0,13
201600014131,16,2,22,1245,1,2,1,8,3.0,13055,M,4329166.0,546052.0,13
201600014132,16,2,22,1550,1,2,1,1,3.0,13055,M,4332456.0,542112.0,13
201600014133,16,2,22,2015,5,2,1,1,3.0,13055,M,4333092.0,542786.0,13
201600014134,16,2,17,1230,1,2,3,1,1.0,13055,M,4328554.0,539495.0,13
201600014135,16,2,21,1730,1,2,1,1,4.0,13055,M,4326806.0,538442.0,13
201600014136,16,2,23,700,1,2,3,1,6.0,13055,M,4328989.0,543632.0,13
201600014137,16,2,23,745,1,2,3,1,3.0,13055,M,4328910.0,538410.0,13
201600014138,16,2,23,1145,1,2,1,1,2.0,13055,M,4332698.0,541937.0,13
201600014139,16,1,29,1505,1,2,2,1,3.0,13055,M,4328443.0,538314.0,13
201600014140,16,2,23,1340,1,2,1,1,7.0,13055,M,4326828.0,541357.0,13
201600014141,16,2,22,1930,2,2,3,1,3.0,13055,M,4328570.0,542563.0,13
201600014142,16,2,23,2250,5,2,1,1,7.0,13055,M,4334336.0,536569.0,13
201600014143,16,2,24,745,1,2,1,1,3.0,13055,M,4327646.0,539750.0,13
201600014144,16,2,15,1110,1,2,1,1,2.0,13055,M,4328949.0,539653.0,13
201600014145,16,2,24,1915,5,2,1,1,3.0,13055,M,4333386.0,540226.0,13
201600014146,16,2,24,1920,5,2,1,1,1.0,13055,M,4329093.0,547302.0,13
201600014147,16,2,23,1845,5,2,1,1,3.0,13055,M,4336311.0,531978.0,13
201600014148,16,2,25,650,2,1,1,1,3.0,13055,M,4332554.0,538044.0,13
201600014149,16,2,7,1255,1,2,1,1,3.0,13055,M,4335895.0,535764.0,13
201600014150,16,2,13,1240,1,2,1,1,4.0,13055,M,4332322.0,541953.0,13
201600014151,16,2,19,1700,1,2,1,1,1.0,13055,M,4329328.0,540405.0,13
201600014152,16,2,25,1400,1,2,3,1,5.0,13055,M,4324550.0,541214.0,13
201600014153,16,2,25,1445,1,2,1,1,1.0,13055,M,4332604.0,541373.0,13
201600014154,16,2,24,1300,1,2,3,1,3.0,13055,M,4329347.0,538230.0,13
201600014155,16,2,25,1845,2,2,2,1,5.0,13055,M,4334632.0,536611.0,13
201600014156,16,2,18,1430,1,2,1,1,1.0,13055,M,4325223.0,540047.0,13
201600014157,16,2,26,915,1,2,1,1,6.0,13055,M,4330501.0,536719.0,13
201600014158,16,2,18,1730,1,2,1,1,6.0,13055,M,4329069.0,538325.0,13
201600014159,16,2,2,1525,1,2,1,1,3.0,13055,M,4329521.0,538724.0,13
201600014160,16,2,23,740,1,2,1,1,2.0,13055,M,4327568.0,539946.0,13
201600014161,16,2,26,1400,1,2,1,1,2.0,13055,M,4329682.0,548364.0,13
201600014162,16,2,26,1700,1,2,2,1,6.0,13055,M,4328040.0,538718.0,13
201600014163,16,2,26,1530,1,2,1,1,3.0,13055,M,4332530.0,536691.0,13
201600014164,16,2,26,2120,5,2,1,2,6.0,13055,M,4328848.0,542530.0,13
201600014165,16,2,26,2240,5,2,4,2,6.0,13055,M,4328150.0,539941.0,13
201600014166,16,2,26,2250,5,2,1,2,6.0,13055,M,4324693.0,538319.0,13
201600014167,16,2,26,845,1,2,3,1,3.0,13055,M,4335209.0,541580.0,13
201600014168,16,2,18,1922,5,2,1,1,6.0,13055,M,4328990.0,536654.0,13
201600014169,16,2,27,1130,1,2,2,2,3.0,13055,M,4336133.0,533722.0,13
201600014170,16,2,26,1730,1,2,1,1,6.0,13055,M,4326564.0,538676.0,13
201600014171,16,2,27,2040,5,2,1,3,6.0,13055,M,4330434.0,539751.0,13
201600014172,16,2,26,1515,1,2,1,1,3.0,13055,M,4328663.0,538634.0,13
201600014173,16,2,27,1745,1,2,3,2,3.0,13055,M,4332444.0,541553.0,13
201600014174,16,2,27,1930,1,2,1,3,7.0,13055,M,4331375.0,537421.0,13
201600014175,16,2,27,2100,5,2,1,3,2.0,13055,M,4328984.0,539837.0,13
201600014176,16,2,28,715,5,2,1,3,6.0,13055,M,4330090.0,539084.0,13
201600014177,16,2,28,1520,1,2,1,1,6.0,13055,M,4335569.0,532765.0,13
201600014178,16,2,28,1820,2,2,1,1,6.0,13055,M,4325963.0,541634.0,13
201600014179,16,2,28,2100,5,2,3,2,3.0,13055,M,4328512.0,542590.0,13
201600014180,16,2,28,2115,5,2,2,2,3.0,13055,M,4328914.0,538745.0,13
201600014181,16,2,28,2230,5,2,1,2,3.0,13055,M,4323675.0,536270.0,13
201600014182,16,2,29,1130,1,2,1,1,1.0,13055,M,4329536.0,538169.0,13
201600014183,16,2,29,1130,1,2,1,1,3.0,13055,M,4328372.0,540087.0,13
201600014184,16,2,29,1630,1,2,1,1,7.0,13055,M,4333185.0,539205.0,13
201600014185,16,2,29,1445,1,2,3,1,3.0,13055,M,4326662.0,538210.0,13
201600014186,16,2,29,1700,1,2,1,1,4.0,13055,M,4335337.0,536805.0,13
201600014187,16,2,29,1900,5,2,1,1,2.0,13055,M,4337854.0,535684.0,13
201600014188,16,2,29,1930,5,2,6,1,3.0,13055,M,4328512.0,542589.0,13
201600014189,16,3,1,730,1,2,1,1,7.0,13055,M,4326879.0,540354.0,13
201600014190,16,3,1,1050,1,2,1,1,4.0,13055,M,4337263.0,535754.0,13
201600014191,16,3,1,1031,1,1,1,1,6.0,13055,M,4325120.0,542205.0,13
201600014192,16,3,1,1040,1,2,1,1,3.0,13055,M,4335840.0,531946.0,13
201600014193,16,2,19,1920,5,2,1,1,6.0,13055,M,4330082.0,537522.0,13
201600014194,16,3,1,1615,1,1,1,1,3.0,13055,M,4333879.0,538632.0,13
201600014195,16,2,26,1100,1,2,1,1,3.0,13055,M,4333503.0,542064.0,13
201600014196,16,3,1,1535,1,2,1,1,6.0,13055,M,4330005.0,540066.0,13
201600014197,16,3,1,1256,1,1,1,1,6.0,13055,M,4328314.0,541068.0,13
201600014198,16,3,1,2130,5,2,1,1,6.0,13055,M,4331573.0,536881.0,13
201600014199,16,3,1,845,1,2,1,1,3.0,13055,M,4326487.0,539561.0,13
201600014200,16,3,1,845,1,2,1,1,3.0,13055,M,4323436.0,540944.0,13
201600014201,16,3,2,1020,1,2,1,1,6.0,13055,M,4326913.0,538852.0,13
201600014202,16,3,1,2000,5,2,3,1,1.0,13055,M,4328229.0,540308.0,13
201600014203,16,3,2,1135,1,2,1,1,3.0,13055,M,4326112.0,540595.0,13
201600014204,16,3,1,1930,5,2,1,1,3.0,13055,M,4328623.0,544371.0,13
201600014205,16,2,23,905,1,2,4,1,3.0,13055,M,4328896.0,540006.0,13
201600014206,16,3,3,800,2,2,1,1,5.0,13055,M,4329337.0,537558.0,13
201600014207,16,3,1,1315,1,2,1,1,6.0,13055,M,4332417.0,545587.0,13
201600014208,16,2,20,1200,1,2,1,1,6.0,13055,M,4329463.0,538918.0,13
201600014209,16,2,26,1040,1,2,3,1,6.0,13055,M,4331299.0,538286.0,13
201600014210,16,3,3,2000,5,2,3,1,3.0,13055,M,4326360.0,541069.0,13
201600014211,16,3,4,1545,1,2,1,1,6.0,13055,M,4326932.0,538916.0,13
201600014212,16,3,4,1750,1,2,1,8,3.0,13055,M,4337858.0,535685.0,13
201600014213,16,3,4,1820,1,2,2,1,3.0,13055,M,4329582.0,540020.0,13
201600014214,16,3,4,2115,5,2,3,1,3.0,13055,M,4328576.0,542514.0,13
201600014215,16,3,4,2020,5,2,1,1,3.0,13055,M,4331727.0,543802.0,13
201600014216,16,3,5,400,5,2,1,2,6.0,13055,M,4328040.0,539939.0,13
201600014217,16,3,4,1530,1,2,1,1,2.0,13055,M,4328629.0,538488.0,13
201600014218,16,3,4,1620,1,2,1,1,6.0,13055,M,4328632.0,546935.0,13
201600014219,16,3,5,530,3,2,2,3,3.0,13055,M,4332515.0,542333.0,13
201600014220,16,3,5,1225,1,2,1,1,5.0,13055,M,4330795.0,537128.0,13
201600014221,16,3,5,2110,5,2,2,1,3.0,13055,M,4329967.0,539773.0,13
201600014222,16,3,5,2145,5,2,1,1,3.0,13055,M,4327374.0,541387.0,13
201600014223,16,2,15,1550,1,2,1,1,3.0,13055,M,4332361.0,538664.0,13
201600014224,16,2,26,1325,1,2,1,1,4.0,13055,M,4334466.0,535937.0,13
201600014225,16,3,6,645,1,2,1,1,1.0,13055,M,4333584.0,536748.0,13
201600014226,16,3,4,1330,1,2,1,1,1.0,13055,M,4331272.0,538389.0,13
201600014227,16,3,6,920,1,2,1,1,5.0,13055,M,4332520.0,538821.0,13
201600014228,16,3,6,1330,1,2,1,1,5.0,13055,M,4328956.0,542691.0,13
201600014229,16,3,6,2030,5,2,1,1,3.0,13055,M,4329660.0,543830.0,13
201600014230,16,3,7,35,4,2,1,1,6.0,13055,M,4332693.0,541945.0,13
201600014231,16,3,7,710,1,2,1,1,3.0,13055,M,4328372.0,535005.0,13
201600014232,16,3,7,730,1,2,1,1,3.0,13055,M,4330745.0,541338.0,13
201600014233,16,3,3,1200,1,2,1,1,5.0,13055,M,4329406.0,538211.0,13
201600014234,16,3,7,1130,1,2,1,1,7.0,13055,M,4327974.0,541233.0,13
201600014235,16,2,25,1940,5,2,1,1,3.0,13055,M,4330710.0,540521.0,13
201600014236,16,3,7,1340,1,2,1,1,7.0,13002,M,4335198.0,547797.0,13
201600014237,16,3,7,1330,1,2,1,1,3.0,13055,M,4329934.0,537142.0,13
201600014238,16,3,7,1320,1,2,1,1,3.0,13055,M,4334000.0,541997.0,13
201600014239,16,3,4,1015,1,2,1,1,3.0,13055,M,4332708.0,543687.0,13
201600014240,16,3,8,725,1,2,4,1,3.0,13075,M,4333963.0,545508.0,13
201600014241,16,3,8,730,1,2,3,1,7.0,13055,M,4328333.0,541288.0,13
201600014242,16,2,13,2045,5,2,1,1,6.0,13055,M,4329618.0,537708.0,13
201600014243,16,3,8,1400,1,2,1,1,3.0,13055,M,4328869.0,539403.0,13
201600014244,16,3,8,1230,1,2,1,1,3.0,13055,M,4330739.0,540395.0,13
201600014245,16,3,8,1500,1,2,8,1,6.0,13055,M,4330546.0,538047.0,13
201600014246,16,3,7,1925,5,2,1,1,3.0,13055,M,4333064.0,537156.0,13
201600014247,16,3,8,1440,1,2,1,1,4.0,13055,M,4332560.0,542229.0,13
201600014248,16,3,8,1815,2,2,1,1,2.0,13055,M,4325779.0,537630.0,13
201600014249,16,3,8,1805,1,2,1,1,2.0,13055,M,4326933.0,540300.0,13
201600014250,16,3,7,1630,1,2,3,1,3.0,13055,M,4329250.0,538262.0,13
201600014251,16,2,26,1045,1,2,1,1,7.0,13055,M,4330356.0,539345.0,13
201600014252,16,3,8,930,1,2,2,1,3.0,13055,M,4328319.0,538111.0,13
201600014253,16,2,24,1515,1,2,3,1,3.0,13055,M,4330324.0,540349.0,13
201600014254,16,3,9,1015,1,2,1,1,6.0,13055,M,4326570.0,539008.0,13
201600014255,16,12,13,1530,2,2,1,1,3.0,13055,M,4329276.0,536807.0,13
201600014256,16,3,7,1430,1,2,2,1,3.0,13055,M,4328986.0,536630.0,13
201600014257,16,3,9,1700,1,2,1,1,3.0,13055,M,4334150.0,537307.0,13
201600014258,16,3,9,2230,5,2,1,1,6.0,13055,M,4328228.0,540313.0,13
201600014259,16,3,3,650,1,2,3,1,6.0,13055,M,4332166.0,541342.0,13
201600014260,16,3,9,900,1,2,1,1,4.0,13055,M,4327110.0,538495.0,13
201600014261,16,3,9,800,1,2,2,1,6.0,13055,M,4329585.0,540027.0,13
201600014262,16,1,9,1400,1,2,2,1,2.0,13055,M,4329354.0,540153.0,13
201600014263,16,3,9,1820,2,2,1,1,3.0,13055,M,4326565.0,537307.0,13
201600014264,16,3,10,1300,1,2,1,1,3.0,13055,M,4328065.0,539335.0,13
201600014265,16,3,10,1639,1,1,1,1,3.0,13055,M,4328006.0,538737.0,13
201600014266,16,3,11,1320,1,2,1,1,2.0,13055,M,4333351.0,540282.0,13
201600014267,16,3,11,1502,1,2,1,1,6.0,13055,M,4327331.0,539238.0,13
201600014268,16,3,11,1540,1,2,1,1,7.0,13055,M,4329557.0,539648.0,13
201600014269,16,3,11,1540,1,2,1,8,2.0,13055,M,4325839.0,539793.0,13
201600014270,16,3,11,2020,5,2,1,1,5.0,13055,M,4324822.0,540107.0,13
201600014271,16,3,9,250,5,2,1,1,7.0,13055,M,4330000.0,538072.0,13
201600014272,16,3,12,120,5,2,3,1,1.0,13055,M,4332625.0,536106.0,13
201600014273,16,3,11,1240,1,2,1,1,6.0,13055,M,4324787.0,539711.0,13
201600014274,16,3,12,1315,1,1,6,1,3.0,13055,M,4328507.0,542580.0,13
201600014275,16,3,11,1915,2,2,6,1,3.0,13055,M,4328507.0,542580.0,13
201600014276,16,3,12,1435,1,2,1,1,7.0,13055,M,4328243.0,543512.0,13
201600014277,16,3,12,2130,5,2,6,1,3.0,13055,M,4328607.0,538392.0,13
201600014278,16,2,10,1335,1,2,3,1,1.0,13055,M,4329371.0,538749.0,13
201600014279,16,3,13,900,1,2,3,1,3.0,13055,M,4331662.0,539617.0,13
201600014280,16,3,13,125,5,2,1,1,3.0,13055,M,4329004.0,539215.0,13
201600014281,16,3,14,656,2,2,1,1,3.0,13055,M,4326823.0,540624.0,13
201600014282,16,3,14,1245,1,2,1,1,6.0,13055,M,4332607.0,536116.0,13
201600014283,16,3,14,1500,1,2,1,1,6.0,13055,M,4332532.0,543333.0,13
201600014284,16,3,14,1730,1,2,2,2,3.0,13055,M,4332905.0,538788.0,13
201600014285,16,3,14,2255,5,2,3,1,3.0,13055,M,4328106.0,538938.0,13
201600014286,16,3,14,2345,5,2,1,1,3.0,13055,M,4330943.0,536853.0,13
201600014287,16,3,15,100,4,2,6,1,3.0,13055,M,4328584.0,542553.0,13
201600014288,16,2,25,1145,1,2,1,1,6.0,13055,M,4330938.0,540286.0,13
201600014289,16,3,15,1730,1,2,1,1,3.0,13055,M,4329041.0,543621.0,13
201600014290,16,3,16,30,5,2,1,1,7.0,13055,M,4324536.0,537309.0,13
201600014291,16,3,16,150,5,2,1,1,2.0,13055,M,4327820.0,539244.0,13
201600014292,16,3,15,1045,1,2,1,1,3.0,13055,M,4324626.0,537382.0,13
201600014293,16,3,15,1045,1,2,1,1,6.0,13055,M,4335700.0,535746.0,13
201600014294,16,3,15,1235,1,2,2,1,3.0,13055,M,4329770.0,539057.0,13
201600014295,16,3,16,720,2,2,1,2,2.0,13055,M,4329269.0,540021.0,13
201600014296,16,3,14,1820,2,2,1,2,1.0,13055,M,4329878.0,537484.0,13
201600014297,16,3,16,915,1,2,1,2,6.0,13055,M,4328624.0,536296.0,13
201600014298,16,3,15,1635,1,2,1,1,1.0,13055,M,4326351.0,539262.0,13
201600014299,16,3,15,1850,2,2,1,1,6.0,13055,M,4326000.0,540749.0,13
201600014300,16,3,16,1340,1,2,3,2,3.0,13055,M,4330415.0,543488.0,13
201600014301,16,3,12,830,1,2,1,1,1.0,13055,M,4327548.0,535986.0,13
201600014302,16,3,6,1010,1,2,3,1,3.0,13055,M,4329202.0,538027.0,13
201600014303,16,3,16,2010,5,2,3,3,6.0,13055,M,4327756.0,539308.0,13
201600014304,16,3,16,1900,5,2,1,2,3.0,13055,M,4327848.0,539921.0,13
201600014305,16,3,15,1530,1,2,1,1,6.0,13055,M,4330499.0,540094.0,13
201600014306,16,3,16,1400,1,2,1,2,6.0,13055,M,4329456.0,539630.0,13
201600014307,16,3,17,1450,1,2,1,1,3.0,13055,M,4333293.0,537459.0,13
201600014308,16,3,17,1500,1,2,3,1,2.0,13055,M,4328284.0,540872.0,13
201600014309,16,3,17,1630,1,2,1,1,3.0,13055,M,4328942.0,549631.0,13
201600014310,16,3,17,1815,1,2,2,1,3.0,13055,M,4329276.0,540727.0,13
201600014311,16,3,16,1850,2,2,1,3,3.0,13055,M,4328488.0,539424.0,13
201600014312,16,3,17,1815,1,2,1,1,6.0,13002,M,4333536.0,547648.0,13
201600014313,16,3,18,710,1,2,1,1,6.0,13055,M,4328027.0,536574.0,13
201600014314,16,3,18,837,1,2,1,1,3.0,13055,M,4329777.0,539064.0,13
201600014315,16,3,17,1815,5,2,1,1,2.0,13055,M,4332153.0,543255.0,13
201600014316,16,3,18,1500,1,2,1,1,3.0,13055,M,4336087.0,532026.0,13
201600014317,16,3,18,1500,1,2,1,1,1.0,13055,M,4329047.0,542041.0,13
201600014318,16,3,18,1630,1,2,1,1,1.0,13055,M,4332055.0,544805.0,13
201600014319,16,3,18,2045,5,2,1,1,2.0,13055,M,4333350.0,540282.0,13
201600014320,16,3,18,2310,5,2,1,1,3.0,13055,M,4329271.0,539984.0,13
201600014321,16,3,18,1900,2,2,2,1,3.0,13055,M,4329118.0,538077.0,13
201600014322,16,3,19,1135,1,2,1,1,2.0,13055,M,4332541.0,543287.0,13
201600014323,16,3,15,1150,1,2,1,1,6.0,13055,M,4330782.0,543710.0,13
201600014324,16,3,16,730,1,2,2,2,3.0,13055,M,4330621.0,537226.0,13
201600014325,16,3,19,1900,2,2,1,1,6.0,13055,M,4327729.0,539527.0,13
201600014326,16,3,20,100,3,2,1,1,6.0,13055,M,0.0,0.0,13
201600014327,16,3,20,1050,1,2,1,1,1.0,13055,M,4328194.0,540385.0,13
201600014328,16,3,19,1330,1,2,2,1,3.0,13055,M,4328928.0,538837.0,13
201600014329,16,3,20,1700,1,2,1,1,1.0,13055,M,4328368.0,540022.0,13
201600014330,16,3,21,745,1,2,1,1,4.0,13055,M,4327353.0,538519.0,13
201600014331,16,3,21,840,1,2,1,1,7.0,13055,M,4331393.0,537638.0,13
201600014332,16,3,21,1200,1,2,3,1,6.0,13055,M,4329776.0,537150.0,13
201600014333,16,3,18,300,5,2,6,1,7.0,13055,M,4329688.0,536271.0,13
201600014334,16,3,21,415,5,2,1,1,3.0,13055,M,4328489.0,541283.0,13
201600014335,16,3,11,420,5,2,1,1,6.0,13055,M,4328410.0,537510.0,13
201600014336,16,2,25,1315,1,2,1,1,7.0,13055,M,4331783.0,536842.0,13
201600014337,16,3,15,830,1,2,1,1,3.0,13055,M,4328745.0,538494.0,13
201600014338,16,3,16,1300,1,2,1,2,2.0,13055,M,4327154.0,540172.0,13
201600014339,16,2,15,1950,1,2,1,1,1.0,13055,M,4333251.0,542938.0,13
201600014340,16,3,22,2200,5,2,3,1,6.0,13055,M,4330986.0,537356.0,13
201600014341,16,3,22,1820,2,2,2,1,3.0,13055,M,4327934.0,539930.0,13
201600014342,16,3,18,830,1,2,1,1,6.0,13055,M,4330713.0,539540.0,13
201600014343,16,3,22,1945,5,2,6,1,6.0,13055,M,4330381.0,542853.0,13
201600014344,16,3,23,1300,1,2,1,1,6.0,13055,M,4336891.0,535643.0,13
201600014345,16,3,23,1230,1,2,1,1,4.0,13055,M,4325915.0,539415.0,13
201600014346,16,3,23,1710,1,2,1,1,3.0,13055,M,4329749.0,547855.0,13
201600014347,16,3,23,1515,1,2,1,1,2.0,13055,M,4324575.0,542963.0,13
201600014348,16,3,24,1535,1,2,1,1,6.0,13055,M,4335359.0,537163.0,13
201600014349,16,3,24,1820,1,2,1,1,3.0,13055,M,4332649.0,542198.0,13
201600014350,16,3,24,130,5,2,2,1,3.0,13055,M,4329276.0,540727.0,13
201600014351,16,3,24,2120,5,2,1,1,3.0,13055,M,4324977.0,538972.0,13
201600014352,16,3,24,1910,5,2,1,1,3.0,13055,M,4324774.0,537454.0,13
201600014353,16,3,25,812,1,1,1,1,6.0,13055,M,4330628.0,538504.0,13
201600014354,16,3,22,820,1,2,2,1,6.0,13055,M,4328890.0,539486.0,13
201600014355,16,3,22,1000,1,2,1,1,6.0,13055,M,4327551.0,538993.0,13
201600014356,16,3,25,1535,1,2,1,1,1.0,13055,M,4324583.0,539270.0,13
201600014357,16,3,25,2145,1,1,3,1,5.0,13055,M,4334407.0,535944.0,13
201600014358,16,3,24,9,5,2,1,1,3.0,13055,M,4326718.0,540313.0,13
201600014359,16,3,26,30,4,2,1,1,7.0,13055,M,4332353.0,536109.0,13
201600014360,16,3,26,1020,1,2,1,1,3.0,13055,M,4323290.0,541273.0,13
201600014361,16,3,25,1430,1,1,1,1,6.0,13055,M,4337386.0,535661.0,13
201600014362,16,2,26,815,1,2,1,1,5.0,13055,M,4336244.0,531649.0,13
201600014363,16,3,8,1330,1,2,3,1,3.0,13055,M,4330060.0,539964.0,13
201600014364,16,3,20,1750,2,1,2,1,3.0,13055,M,4328887.0,536074.0,13
201600014365,16,3,26,1450,1,2,1,1,3.0,13055,M,0.0,0.0,13
201600014366,16,3,26,1520,1,2,1,1,5.0,13055,M,4326636.0,537264.0,13
201600014367,16,3,26,2000,5,2,1,1,2.0,13055,M,4326655.0,537258.0,13
201600014368,16,3,27,2130,5,2,1,1,1.0,13055,M,4329509.0,547560.0,13
201600014369,16,3,27,2020,3,2,1,1,7.0,13055,M,4332873.0,536583.0,13
201600014370,16,3,23,1110,1,2,1,1,6.0,13055,M,4327699.0,541064.0,13
201600014371,16,3,27,1910,5,2,1,8,1.0,13055,M,4325992.0,540272.0,13
201600014372,16,3,23,845,1,2,2,1,2.0,13055,M,4329237.0,540089.0,13
201600014373,16,3,24,1000,1,2,1,1,6.0,13055,M,4328074.0,538822.0,13
201600014374,16,3,28,2020,2,2,1,1,3.0,13055,M,4326756.0,538362.0,13
201600014375,16,3,28,2115,5,2,1,1,2.0,13055,M,4328818.0,545063.0,13