Num_Acc,an,mois,jour,hrmn,lum,agg,int,atm,col,com,gps,lat,long,dep
201600014376,16,3,28,1640,1,2,1,1,3.0,13055,M,4328576.0,538410.0,13
201600014377,16,3,29,1145,1,2,1,1,6.0,13075,M,4333709.0,545243.0,13
201600014378,16,3,29,1340,1,2,1,1,3.0,13055,M,4324962.0,542254.0,13
201600014379,16,3,29,1400,1,2,1,1,1.0,13055,M,4328537.0,541310.0,13
201600014380,16,3,29,1500,1,2,1,1,6.0,13055,M,4326788.0,538414.0,13
201600014381,16,3,29,1600,1,2,1,1,3.0,13055,M,4330397.0,542197.0,13
201600014382,16,3,29,2215,5,1,1,1,6.0,13055,M,4329549.0,537500.0,13
201600014383,16,3,29,2200,5,2,2,1,4.0,13055,M,4328637.0,538575.0,13
201600014384,16,3,30,1730,1,2,1,1,6.0,13055,M,4329487.0,544384.0,13
201600014385,16,3,30,1900,1,2,1,1,6.0,13055,M,0.0,0.0,13
201600014386,16,3,30,2120,5,2,1,1,1.0,13055,M,4324794.0,543571.0,13
201600014387,16,3,31,220,5,2,1,1,6.0,13055,M,4329189.0,537516.0,13
201600014388,16,3,31,845,1,2,1,1,6.0,13055,M,4334001.0,541648.0,13
201600014389,16,3,31,1030,1,2,1,1,2.0,13055,M,4332027.0,537703.0,13
201600014390,16,3,31,1045,1,2,1,1,6.0,13055,M,4329711.0,544880.0,13
201600014391,16,3,26,1515,1,2,1,1,4.0,13055,M,4329839.0,538786.0,13
201600014392,16,2,26,1030,1,2,2,1,3.0,13055,M,4329221.0,538908.0,13
201600014393,16,3,31,1225,1,2,1,1,6.0,13055,M,4327673.0,538719.0,13
201600014394,16,3,31,1640,1,2,1,1,3.0,13055,M,4325965.0,539882.0,13
201600014395,16,3,23,2135,5,2,1,1,4.0,13055,M,4329299.0,538245.0,13
201600014396,16,4,1,830,1,1,1,1,6.0,13055,M,4323895.0,540227.0,13
201600014397,16,4,1,1215,1,2,1,1,5.0,13055,M,4329603.0,542477.0,13
201600014398,16,3,31,1300,1,2,1,1,2.0,13055,M,4329336.0,540163.0,13
201600014399,16,3,31,1700,1,2,1,1,6.0,13055,M,4331288.0,539933.0,13
201600014400,16,4,1,1400,1,2,3,2,3.0,13055,M,4334488.0,541284.0,13
201600014401,16,4,1,1510,1,2,1,1,6.0,13055,M,4325315.0,542186.0,13
201600014402,16,4,1,1500,1,2,1,8,2.0,13055,M,4327893.0,538791.0,13
201600014403,16,4,1,1430,1,2,1,1,6.0,13055,M,4328716.0,537857.0,13
201600014404,16,4,1,1500,1,2,1,2,6.0,13055,M,4330308.0,537921.0,13
201600014405,16,4,1,2100,5,2,3,1,3.0,13055,M,4334357.0,538532.0,13
201600014406,16,4,1,2130,5,2,1,1,7.0,13055,M,4329706.0,540475.0,13
201600014407,16,4,2,345,5,2,2,2,1.0,13055,M,4330206.0,539449.0,13
201600014408,16,4,2,855,1,2,1,1,2.0,13055,M,4334803.0,537689.0,13
201600014409,16,4,2,1500,1,2,1,2,1.0,13055,M,4323877.0,540415.0,13
201600014410,16,4,2,1730,1,2,1,2,6.0,13055,M,4334871.0,537157.0,13
201600014411,16,4,2,2345,5,2,1,1,6.0,13055,M,4328957.0,542689.0,13
201600014412,16,4,3,1800,2,2,3,1,2.0,13055,M,4333847.0,536234.0,13
201600014413,16,4,3,2240,5,2,1,2,6.0,13055,M,4326114.0,538734.0,13
201600014414,16,4,3,2120,5,2,1,2,6.0,13055,M,4330340.0,544197.0,13
201600014415,16,4,3,2210,5,2,1,3,7.0,13055,M,4329767.0,536371.0,13
201600014416,16,4,3,2100,5,1,1,1,2.0,13055,M,4327716.0,539855.0,13
201600014417,16,4,1,1200,1,2,1,8,6.0,13055,M,4329479.0,537445.0,13
201600014418,16,4,4,1230,1,2,3,1,3.0,13055,M,4329916.0,542843.0,13
201600014419,16,4,4,1105,1,2,1,1,3.0,13055,M,4329732.0,540848.0,13
201600014420,16,4,5,1500,1,2,1,1,6.0,13055,M,4328796.0,546394.0,13
201600014421,16,4,5,1710,1,2,3,1,3.0,13055,M,4324680.0,537386.0,13
201600014422,16,4,5,1720,1,2,1,1,3.0,13055,M,4329478.0,543319.0,13
201600014423,16,4,5,2000,1,2,1,1,3.0,13055,M,4329049.0,543950.0,13
201600014424,16,4,6,1030,1,2,1,1,6.0,13055,M,4331759.0,543913.0,13
201600014425,16,4,6,1530,1,2,1,1,2.0,13055,M,4336711.0,534355.0,13
201600014426,16,4,6,1700,1,1,1,1,5.0,13055,M,4324791.0,543569.0,13
201600014427,16,4,6,2137,5,2,1,1,1.0,13055,M,4329038.0,537236.0,13
201600014428,16,4,6,2040,5,1,1,1,6.0,13055,M,4329657.0,548029.0,13
201600014429,16,4,7,700,1,2,1,1,3.0,13055,M,4332269.0,545555.0,13
201600014430,16,4,7,800,1,2,1,1,1.0,13055,M,4325518.0,540109.0,13
201600014431,16,4,2,530,5,2,3,2,7.0,13055,M,4329032.0,536376.0,13
201600014432,16,4,7,1350,1,2,1,1,6.0,13055,M,4328499.0,538542.0,13
201600014433,16,4,6,1745,1,2,1,1,3.0,13055,M,4327338.0,543597.0,13
201600014434,16,4,7,2220,5,2,1,1,6.0,13055,M,4333514.0,544496.0,13
201600014435,16,4,7,2130,5,2,1,1,3.0,13055,M,4329043.0,540580.0,13
201600014436,16,4,8,345,5,2,1,1,2.0,13055,M,4329231.0,540099.0,13
201600014437,16,4,8,1545,1,2,1,1,3.0,13002,M,4336325.0,549572.0,13
201600014438,16,4,8,1415,1,2,1,1,6.0,13055,M,4324337.0,537983.0,13
201600014439,16,4,8,1645,1,2,1,1,7.0,13055,M,4329743.0,539933.0,13
201600014440,16,4,8,1645,1,2,3,1,6.0,13055,M,4328201.0,538594.0,13
201600014441,16,4,8,2240,5,2,1,1,3.0,13055,M,4328920.0,538404.0,13
201600014442,16,4,8,2215,5,2,1,1,3.0,13055,M,4328547.0,542576.0,13
201600014443,16,4,9,350,5,1,1,1,6.0,13055,M,4329118.0,540005.0,13
201600014444,16,4,9,830,1,2,7,1,4.0,13055,M,4334253.0,535968.0,13
201600014445,16,4,8,1755,1,2,2,1,1.0,13055,M,4328981.0,535930.0,13
201600014446,16,3,29,1115,1,1,1,1,6.0,13055,M,4331119.0,540229.0,13
201600014447,16,4,9,2245,5,2,2,1,3.0,13055,M,4329579.0,539158.0,13
201600014448,16,4,10,715,2,2,1,1,6.0,13055,M,4333068.0,543089.0,13
201600014449,16,4,10,815,1,2,1,1,2.0,13055,M,4327208.0,541046.0,13
201600014450,16,3,29,1430,1,2,1,1,3.0,13055,M,4330391.0,543309.0,13
201600014451,16,4,10,1410,1,2,1,1,6.0,13055,M,4333325.0,539798.0,13
201600014452,16,4,10,200,5,2,1,1,6.0,13055,M,4324996.0,537530.0,13
201600014453,16,4,8,1930,1,2,1,1,6.0,13055,M,4334145.0,540826.0,13
201600014454,16,4,11,1420,1,2,1,1,1.0,13055,M,0.0,0.0,13
201600014455,16,4,11,1310,1,2,1,1,6.0,13055,M,4325902.0,541694.0,13
201600014456,16,4,11,2330,5,2,1,1,2.0,13055,M,4325080.0,540355.0,13
201600014457,16,4,12,800,1,2,4,1,3.0,13055,M,4333114.0,540620.0,13
201600014458,16,4,12,912,1,2,1,1,3.0,13055,M,4325435.0,540159.0,13
201600014459,16,4,12,1500,1,2,6,1,3.0,13212,M,4330596.0,547018.0,13
201600014460,16,4,15,1200,1,2,1,1,5.0,13055,M,4331372.0,546312.0,13
201600014461,16,4,12,1840,1,1,1,1,3.0,13055,M,4328319.0,550536.0,13
201600014462,16,4,13,845,1,2,1,1,2.0,13055,M,4327425.0,536205.0,13
201600014463,16,4,13,1130,1,2,1,1,6.0,13055,M,4333153.0,542842.0,13
201600014464,16,4,12,2000,1,2,1,1,1.0,13055,M,4330556.0,545016.0,13
201600014465,16,4,12,1300,1,2,3,1,3.0,13055,M,4331324.0,536629.0,13
201600014466,16,4,13,1500,1,2,1,1,5.0,13055,M,4327214.0,541061.0,13
201600014467,16,4,12,1500,1,2,2,1,3.0,13055,M,4328928.0,538837.0,13
201600014468,16,4,13,1540,1,2,1,1,1.0,13002,M,4333192.0,548569.0,13
201600014469,16,4,14,550,5,2,1,1,2.0,13055,M,4325861.0,541725.0,13
201600014470,16,4,11,1040,1,2,3,1,1.0,13055,M,4326018.0,541584.0,13
201600014471,16,4,14,1545,1,2,1,1,1.0,13055,M,4326646.0,538824.0,13
201600014472,16,4,9,1630,1,2,1,1,1.0,13055,M,4328378.0,537846.0,13
201600014473,16,4,14,1930,1,1,1,1,3.0,13055,M,4335951.0,528617.0,13
201600014474,16,4,10,400,3,2,1,1,6.0,13055,M,4331148.0,540336.0,13
201600014475,16,4,15,200,5,2,1,1,6.0,13055,M,4329727.0,542183.0,13
201600014476,16,4,8,1030,1,2,1,1,6.0,13055,M,4329965.0,538429.0,13
201600014477,16,4,13,1645,1,2,9,1,2.0,13055,M,4328299.0,539071.0,13
201600014478,16,4,7,1800,1,2,1,1,2.0,13055,M,4328253.0,538565.0,13
201600014479,16,3,19,1930,1,2,1,1,7.0,13055,M,4328829.0,535581.0,13
201600014480,16,4,15,1600,1,2,1,1,2.0,13055,M,4326570.0,539490.0,13
201600014481,16,4,16,130,5,2,1,1,3.0,13213,M,4333499.0,544370.0,13
201600014482,16,4,16,10,5,2,1,1,1.0,13210,M,4328332.0,539337.0,13
201600014483,16,4,14,1610,1,2,3,1,3.0,13055,M,4330710.0,540520.0,13
201600014484,16,4,14,1430,1,2,3,1,3.0,13055,M,4328819.0,539519.0,13
201600014485,16,3,11,1445,1,2,1,1,6.0,13055,M,4329756.0,536919.0,13
201600014486,16,4,16,1845,1,1,1,1,1.0,13215,M,4336711.0,534355.0,13
201600014487,16,4,14,1330,1,1,2,1,3.0,13055,M,4328671.0,539036.0,13
201600014488,16,4,15,1845,1,2,3,1,3.0,13055,M,4331395.0,546292.0,13
201600014489,16,4,17,430,5,2,1,1,3.0,13210,M,4328536.0,539881.0,13
201600014490,16,4,14,1440,1,2,3,1,3.0,13055,M,4329122.0,538303.0,13
201600014491,16,4,15,1930,1,2,1,1,3.0,13055,M,4333785.0,537358.0,13
201600014492,16,4,16,1845,1,2,3,1,3.0,13215,M,4337375.0,535504.0,13
201600014493,16,4,17,1215,1,2,3,1,3.0,13206,M,4328402.0,538480.0,13
201600014494,16,3,30,1945,2,2,2,1,3.0,13055,M,4329585.0,540039.0,13
201600014495,16,4,17,1400,1,2,1,1,1.0,13207,M,4328084.0,535218.0,13
201600014496,16,4,17,1610,1,2,1,1,2.0,13208,M,4326849.0,538507.0,13
201600014497,16,4,17,1930,1,2,1,1,3.0,13210,M,4328061.0,540774.0,13
201600014498,16,4,18,730,1,2,1,1,7.0,13211,M,4328763.0,543329.0,13
201600014499,16,4,9,1100,1,2,1,1,6.0,13055,M,4331545.0,540187.0,13
201600014500,16,4,8,930,1,2,1,1,6.0,13055,M,4330467.0,539018.0,13
201600014501,16,4,15,1115,1,2,1,1,6.0,13055,M,4327173.0,536280.0,13
201600014502,16,3,30,1600,1,2,1,1,6.0,13055,M,4329049.0,538339.0,13
201600014503,16,4,19,905,1,2,1,1,6.0,13206,M,4328769.0,538607.0,13
201600014504,16,4,19,1035,1,2,1,1,3.0,13203,M,4331539.0,536995.0,13
201600014505,16,3,30,1920,2,2,3,1,3.0,13055,M,4330032.0,538906.0,13
201600014506,16,4,19,1200,1,1,1,1,3.0,13210,M,4327688.0,541918.0,13
201600014507,16,4,18,1600,1,2,1,1,1.0,13211,M,4328975.0,542875.0,13
201600014508,16,4,18,1605,1,2,1,1,3.0,13211,M,4330511.0,550107.0,13
201600014509,16,4,19,1250,1,2,1,1,1.0,13215,M,4334048.0,535658.0,13
201600014510,16,4,14,830,1,2,7,1,6.0,13055,M,4329944.0,539718.0,13
201600014511,16,4,19,1830,1,2,1,1,3.0,13208,M,4325306.0,538531.0,13
201600014512,16,4,14,1120,1,2,1,1,2.0,13055,M,4331135.0,540351.0,13
201600014513,16,4,13,1515,1,2,1,1,2.0,13055,M,4330877.0,537305.0,13
201600014514,16,4,20,1,5,1,1,1,6.0,13208,M,4321936.0,534537.0,13
201600014515,16,4,20,105,3,1,1,1,6.0,13209,M,4324894.0,545216.0,13
201600014516,16,4,20,805,1,2,1,1,2.0,13213,M,4333726.0,543543.0,13
201600014517,16,4,8,1945,1,1,1,1,6.0,13055,M,4327329.0,541541.0,13
201600014518,16,4,20,1055,1,2,1,1,6.0,13214,M,4332818.0,539811.0,13
201600014519,16,4,9,1515,1,2,1,1,7.0,13055,M,4328855.0,545229.0,13
201600014520,16,4,20,1400,1,2,1,1,1.0,13106,M,4340413.0,537133.0,13
201600014521,16,4,20,1630,1,2,1,1,2.0,13215,M,4329965.0,536962.0,13
201600014522,16,4,20,1515,1,2,9,1,1.0,13212,M,4330787.0,542756.0,13
201600014523,16,4,20,1810,1,2,1,1,6.0,13210,M,4328484.0,539375.0,13
201600014524,16,4,20,2000,1,2,3,1,3.0,13208,M,4328153.0,538902.0,13
201600014525,16,4,20,2130,5,2,2,1,3.0,13206,M,4328863.0,537882.0,13
201600014526,16,4,13,1605,1,2,1,1,6.0,13055,M,4331700.0,539842.0,13
201600014527,16,4,19,1329,1,2,1,1,2.0,13214,M,4332734.0,537500.0,13
201600014528,16,4,21,1000,1,2,1,1,7.0,13212,M,4330390.0,541824.0,13
201600014529,16,4,21,740,1,2,1,1,5.0,13210,M,4328229.0,539946.0,13
201600014530,16,4,21,1200,1,2,1,1,3.0,13203,M,4332036.0,537292.0,13
201600014531,16,4,20,1230,1,2,1,1,3.0,13208,M,4327468.0,539708.0,13
201600014532,16,3,30,1015,1,2,1,1,2.0,13055,M,4329361.0,537443.0,13
201600014533,16,4,21,1355,1,2,1,1,7.0,13208,M,4327633.0,537773.0,13
201600014534,16,2,2,1555,1,2,1,1,3.0,13055,M,4329522.0,538725.0,13
201600014535,16,4,21,1725,1,2,1,2,1.0,13209,M,4325160.0,541476.0,13
201600014536,16,4,21,1800,1,2,1,1,3.0,13205,M,4328941.0,539674.0,13
201600014537,16,4,22,800,1,2,1,1,6.0,13205,M,4329791.0,540081.0,13
201600014538,16,4,22,1315,1,2,1,1,6.0,13202,M,4330170.0,537307.0,13
201600014539,16,4,22,1455,1,2,1,8,6.0,13211,M,4328576.0,547986.0,13
201600014540,16,4,22,2145,5,2,1,1,6.0,13206,M,4328861.0,539378.0,13
201600014541,16,4,22,2150,5,2,1,1,3.0,13213,M,4333082.0,540748.0,13
201600014542,16,4,20,1315,1,2,1,1,3.0,13201,M,4330757.0,539231.0,13
201600014543,16,4,22,1210,1,2,1,1,3.0,13208,M,4326822.0,538494.0,13
201600014544,16,4,22,1220,1,2,1,1,2.0,13055,M,4324320.0,539671.0,13
201600014545,16,4,20,1430,1,2,2,1,3.0,13205,M,4328818.0,539520.0,13
201600014546,16,4,23,1450,1,2,1,1,6.0,13204,M,4331662.0,539673.0,13
201600014547,16,4,23,1710,1,2,1,1,7.0,13213,M,4332833.0,544381.0,13
201600014548,16,4,23,2000,2,2,1,1,3.0,13213,M,0.0,0.0,13
201600014549,16,4,23,2050,2,2,2,1,3.0,13205,M,4329577.0,540043.0,13
201600014550,16,4,24,800,1,2,1,1,3.0,13203,M,0.0,0.0,13
201600014551,16,4,15,1020,1,2,1,1,3.0,13055,M,4328408.0,539032.0,13
201600014552,16,4,13,1500,1,2,2,1,3.0,13204,M,4330419.0,540074.0,13
201600014553,16,4,19,1500,1,2,1,1,2.0,13214,M,4333207.0,540664.0,13
201600014554,16,4,21,1215,1,2,1,1,3.0,13205,M,4329387.0,540167.0,13
201600014555,16,4,24,1600,1,2,1,1,7.0,13212,M,4330448.0,540756.0,13
201600014556,16,4,24,1806,1,2,1,1,3.0,13214,M,4334106.0,537550.0,13
201600014557,16,3,10,1810,1,2,1,1,1.0,13055,M,4326557.0,538053.0,13
201600014558,16,4,24,2250,5,2,1,6,4.0,13203,M,4330325.0,537894.0,13
201600014559,16,4,25,127,5,2,1,1,7.0,13208,M,4326874.0,538579.0,13
201600014560,16,4,25,730,1,2,1,1,1.0,13208,M,4326712.0,538957.0,13
201600014561,16,4,25,705,1,2,3,1,3.0,13212,M,4329809.0,545016.0,13
201600014562,16,4,25,1200,1,2,1,1,3.0,13208,M,4327380.0,539839.0,13
201600014563,16,4,19,2000,2,2,1,1,3.0,13215,M,4337637.0,535620.0,13
201600014564,16,4,25,1123,1,2,1,1,6.0,13203,M,4331725.0,537416.0,13
201600014565,16,4,19,1610,1,2,2,1,3.0,13201,M,4329694.0,537366.0,13
201600014566,16,4,1,1640,1,1,1,1,7.0,13055,M,4329252.0,537543.0,13
201600014567,16,4,26,810,1,2,1,1,4.0,13212,M,4329515.0,542624.0,13
201600014568,16,4,20,755,2,2,6,1,6.0,13206,M,4328462.0,538444.0,13
201600014569,16,4,26,850,1,2,1,1,3.0,13208,M,4324608.0,539448.0,13
201600014570,16,4,26,835,1,2,3,1,2.0,13213,M,4332097.0,543876.0,13
201600014571,16,4,11,930,1,2,1,7,6.0,13055,M,4329266.0,540842.0,13
201600014572,16,4,26,1800,1,2,1,1,6.0,13215,M,4332419.0,536269.0,13
201600014573,16,4,25,1450,1,2,1,1,7.0,13206,M,4328732.0,537847.0,13
201600014574,16,4,20,830,1,2,1,1,1.0,13201,M,4329217.0,537162.0,13
201600014575,16,4,26,830,1,2,1,1,3.0,13206,M,4328445.0,538642.0,13
201600014576,16,4,27,850,1,2,2,1,3.0,13204,M,4331379.0,540593.0,13
201600014577,16,4,27,1130,1,1,3,1,2.0,13201,M,4329609.0,537682.0,13
201600014578,16,4,27,1148,1,2,1,1,6.0,13212,M,4331900.0,543363.0,13
201600014579,16,4,27,1625,1,2,1,1,6.0,13201,M,4329405.0,538212.0,13
201600014580,16,4,27,1630,1,2,1,1,7.0,13206,M,4328428.0,538502.0,13
201600014581,16,4,27,1605,1,2,3,1,1.0,13201,M,4329910.0,538221.0,13
201600014582,16,4,22,1030,1,2,1,1,3.0,13205,M,4328679.0,538691.0,13
201600014583,16,4,23,955,1,2,1,1,6.0,13201,M,4329940.0,538085.0,13
201600014584,16,4,28,545,2,2,1,1,3.0,13210,M,4328570.0,540218.0,13
201600014585,16,4,28,1015,1,2,1,1,6.0,13214,M,4333535.0,540003.0,13
201600014586,16,4,28,840,1,2,1,1,3.0,13209,M,4327151.0,540174.0,13
201600014587,16,4,28,1340,1,2,1,1,1.0,13213,M,4333909.0,542038.0,13
201600014588,16,4,28,1430,1,2,1,1,5.0,13215,M,4334931.0,535885.0,13
201600014589,16,4,28,1845,1,2,1,1,3.0,13202,M,4331251.0,536909.0,13
201600014590,16,4,20,1645,1,2,2,1,3.0,13201,M,4330361.0,539309.0,13
201600014591,16,4,20,1300,1,2,1,1,1.0,13209,M,4326238.0,539703.0,13
201600014592,16,4,28,1200,1,2,2,1,3.0,13205,M,4329306.0,540332.0,13
201600014593,16,4,29,900,1,2,1,1,6.0,13212,M,4329521.0,542539.0,13
201600014594,16,4,29,1705,1,2,3,1,3.0,13214,M,4332904.0,538546.0,13
201600014595,16,4,29,1625,1,2,1,1,4.0,13211,M,4329721.0,549509.0,13
201600014596,16,4,29,1710,1,1,1,1,6.0,13212,M,4327674.0,543255.0,13
201600014597,16,4,29,1725,1,2,6,1,6.0,13216,M,4336236.0,533602.0,13
201600014598,16,4,29,1830,1,2,1,1,1.0,13214,M,0.0,0.0,13
201600014599,16,4,29,2145,5,2,1,1,5.0,13209,M,4325958.0,541631.0,13
201600014600,16,4,29,2230,5,2,1,1,2.0,13208,M,4326903.0,538591.0,13
201600014601,16,4,29,1950,1,2,3,1,6.0,13209,M,4326018.0,541584.0,13
201600014602,16,4,30,100,5,2,1,1,1.0,13055,M,4330468.0,547167.0,13
201600014603,16,4,29,1840,1,2,1,1,1.0,13210,M,0.0,0.0,13
201600014604,16,4,25,1445,1,2,1,1,2.0,13214,M,4334615.0,538123.0,13
201600014605,16,4,27,815,1,2,1,1,3.0,13209,M,4327483.0,539988.0,13
201600014606,16,4,30,1250,1,2,1,1,6.0,13055,M,4329590.0,536794.0,13
201600014607,16,4,27,1215,1,2,1,1,6.0,13215,M,4332405.0,536736.0,13
201600014608,16,4,30,1740,1,2,1,1,7.0,13106,M,4339843.0,535384.0,13
201600014609,16,5,1,1115,1,2,1,1,3.0,13055,M,4331627.0,538390.0,13
201600014610,16,4,24,1850,2,2,1,1,3.0,13212,M,4329572.0,544645.0,13
201600014611,16,4,30,1420,1,2,8,1,3.0,13055,M,4328861.0,538790.0,13
201600014612,16,4,30,1900,1,2,1,2,3.0,13055,M,4326768.0,538380.0,13
201600014613,16,4,27,810,1,2,3,1,5.0,13205,M,4329158.0,540599.0,13
201600014614,16,3,14,1600,1,2,2,1,3.0,13055,M,4333779.0,540749.0,13
201600014615,16,5,2,1830,1,2,1,1,2.0,13055,M,4324151.0,537894.0,13
201600014616,16,5,2,1615,1,1,1,1,1.0,13055,M,4331731.0,538983.0,13
201600014617,16,5,2,2010,1,2,1,1,3.0,13055,M,4327133.0,538949.0,13
201600014618,16,5,2,845,1,2,2,1,6.0,13055,M,4329926.0,537413.0,13
201600014619,16,5,3,750,1,2,1,1,1.0,13055,M,4332554.0,541422.0,13
201600014620,16,5,2,1000,1,2,1,1,2.0,13055,M,4330909.0,540046.0,13
201600014621,16,5,3,1130,1,2,1,1,1.0,13055,M,4332161.0,536491.0,13
201600014622,16,5,2,1800,1,2,1,1,3.0,13055,M,4328185.0,540407.0,13
201600014623,16,5,3,1750,1,2,1,1,3.0,13055,M,4334091.0,536078.0,13
201600014624,16,5,3,1615,1,2,1,1,7.0,13055,M,4330811.0,537403.0,13
201600014625,16,5,3,1710,1,2,1,1,6.0,13055,M,4327413.0,539787.0,13
201600014626,16,5,3,1900,1,2,1,1,5.0,13055,M,4326628.0,540308.0,13
201600014627,16,5,3,2000,1,2,1,1,3.0,13055,M,4329907.0,538279.0,13
201600014628,16,5,3,2100,2,2,1,1,5.0,13055,M,4332457.0,542114.0,13
201600014629,16,5,3,2120,5,2,1,1,1.0,13055,M,4328893.0,539465.0,13
201600014630,16,5,3,2125,5,2,1,1,1.0,13055,M,4333098.0,538899.0,13
201600014631,16,4,14,1630,1,2,1,1,3.0,13055,M,4328544.0,538015.0,13
201600014632,16,5,4,1245,1,2,3,1,1.0,13055,M,4329063.0,537121.0,13
201600014633,16,5,4,1430,1,2,1,1,6.0,13055,M,4328164.0,542802.0,13
201600014634,16,5,4,1215,1,2,1,1,3.0,13002,M,4332831.0,547428.0,13
201600014635,16,4,21,1345,1,2,1,2,7.0,13206,M,4329052.0,537802.0,13
201600014636,16,5,5,730,1,2,2,1,3.0,13055,M,4331501.0,538799.0,13
201600014637,16,5,5,1030,1,2,1,1,7.0,13055,M,4330386.0,541681.0,13
201600014638,16,3,24,1430,1,2,3,1,6.0,13055,M,4329314.0,537626.0,13
201600014639,16,5,5,1630,1,2,9,1,6.0,13055,M,0.0,0.0,13
201600014640,16,4,30,1830,1,2,1,1,3.0,13055,M,4333382.0,536396.0,13
201600014641,16,5,5,2340,5,2,1,1,3.0,13055,M,4326485.0,537341.0,13
201600014642,16,5,5,2200,3,2,1,1,3.0,13055,M,4328814.0,535414.0,13
201600014643,16,5,6,109,5,2,1,1,5.0,13055,M,4329640.0,538134.0,13
201600014644,16,2,24,745,1,2,7,1,1.0,13055,M,4330106.0,551987.0,13
201600014645,16,5,5,1445,1,2,3,1,2.0,13055,M,4333320.0,543815.0,13
201600014646,16,4,28,1430,1,2,1,1,2.0,13209,M,0.0,0.0,13
201600014647,16,5,6,1000,1,2,1,1,2.0,13055,M,4327486.0,538964.0,13
201600014648,16,4,25,1230,1,2,1,6,3.0,13202,M,4330527.0,536549.0,13
201600014649,16,5,6,2010,1,2,1,1,3.0,13055,M,4324552.0,541273.0,13
201600014650,16,5,6,1710,1,2,1,1,2.0,13055,M,4332918.0,537575.0,13
201600014651,16,5,6,2345,5,2,3,1,3.0,13055,M,4328573.0,539270.0,13
201600014652,16,5,7,1130,1,2,1,1,2.0,13055,M,4330293.0,540099.0,13
201600014653,16,5,7,1115,1,2,1,1,3.0,13055,M,4326664.0,540271.0,13
201600014654,16,5,7,1335,1,2,1,1,7.0,13055,M,4328349.0,549982.0,13
201600014655,16,5,7,1500,1,2,1,1,6.0,13055,M,4331767.0,537448.0,13
201600014656,16,5,3,1800,1,2,1,1,6.0,13055,M,4330161.0,539302.0,13
201600014657,16,4,29,1000,1,2,1,1,3.0,13206,M,4328634.0,538567.0,13
201600014658,16,5,7,2240,5,2,1,1,6.0,13055,M,4328341.0,549552.0,13
201600014659,16,5,8,2200,5,2,1,2,3.0,13055,M,4332344.0,545382.0,13
201600014660,16,4,18,1900,1,2,1,1,7.0,13203,M,4331929.0,536890.0,13
201600014661,16,5,9,909,1,2,1,1,6.0,13055,M,4328012.0,542910.0,13
201600014662,16,5,3,845,1,2,1,1,2.0,13055,M,4332472.0,543515.0,13
201600014663,16,5,9,920,1,2,2,1,3.0,13055,M,4335230.0,536028.0,13
201600014664,16,5,9,1345,1,2,3,1,3.0,13075,M,4333765.0,545280.0,13
201600014665,16,5,9,1130,1,2,1,1,2.0,13055,M,4326501.0,539559.0,13
201600014666,16,5,9,1205,1,2,3,1,1.0,13055,M,4328583.0,547954.0,13
201600014667,16,5,9,1400,1,2,1,1,3.0,13055,M,4333521.0,545091.0,13
201600014668,16,5,9,1430,1,1,1,6,1.0,13055,M,4324646.0,543492.0,13
201600014669,16,5,9,2330,5,2,1,6,3.0,13055,M,4327848.0,539925.0,13
201600014670,16,5,3,1930,1,2,1,1,3.0,13055,M,4327954.0,537144.0,13
201600014671,16,5,10,800,1,2,3,1,6.0,13055,M,4331474.0,543119.0,13
201600014672,16,5,10,750,1,1,2,1,3.0,13055,M,4328330.0,540126.0,13
201600014673,16,5,10,2230,5,2,2,2,1.0,13055,M,4327594.0,541743.0,13
201600014674,16,5,11,645,2,2,1,2,3.0,13055,M,4326826.0,541441.0,13
201600014675,16,5,11,1100,1,2,1,1,3.0,13055,M,4326886.0,538565.0,13
201600014676,16,5,11,1000,1,2,1,2,5.0,13055,M,4328622.0,547686.0,13
201600014677,16,5,11,1440,1,1,1,1,2.0,13055,M,4327658.0,538389.0,13
201600014678,16,5,11,1510,1,2,1,8,2.0,13055,M,4334032.0,538707.0,13
201600014679,16,5,11,1915,1,2,1,1,3.0,13055,M,4333134.0,541932.0,13
201600014680,16,5,12,830,1,2,9,1,3.0,13055,M,4325501.0,540118.0,13
201600014681,16,5,12,840,1,2,1,1,2.0,13055,M,4333061.0,537144.0,13
201600014682,16,5,3,825,1,2,1,1,6.0,13055,M,4323109.0,535495.0,13
201600014683,16,5,12,1645,1,2,1,1,3.0,13055,M,4336702.0,533956.0,13
201600014684,16,5,13,100,5,2,1,1,6.0,13055,M,4323569.0,543601.0,13
201600014685,16,5,13,855,1,2,1,1,2.0,13055,M,4333485.0,535801.0,13
201600014686,16,5,13,832,1,2,1,1,6.0,13055,M,4333123.0,540617.0,13
201600014687,16,5,13,1100,1,1,1,1,2.0,13055,M,4329321.0,545209.0,13
201600014688,16,5,13,2150,5,2,1,1,2.0,13055,M,4329112.0,540005.0,13
201600014689,16,5,14,1,4,2,6,1,5.0,13055,M,4328576.0,542560.0,13