Num_Acc,an,mois,jour,hrmn,lum,agg,int,atm,col,com,gps,lat,long,dep
201600014690,16,5,14,1300,1,2,1,1,1.0,13055,M,4338445.0,535860.0,13
201600014691,16,5,15,900,1,2,1,1,3.0,13055,M,0.0,0.0,13
201600014692,16,5,9,1810,1,2,1,1,3.0,13055,M,4329414.0,538211.0,13
201600014693,16,4,20,1740,1,2,3,1,3.0,13205,M,4329881.0,539048.0,13
201600014694,16,5,15,1600,1,2,1,1,3.0,13055,M,4327579.0,541440.0,13
201600014695,16,5,15,1915,1,2,9,1,1.0,13055,M,4332502.0,542378.0,13
201600014696,16,5,16,15,5,1,3,1,6.0,13055,M,4329019.0,542775.0,13
201600014697,16,5,15,1830,1,2,1,1,3.0,13055,M,4327878.0,538776.0,13
201600014698,16,5,14,1720,1,1,1,1,7.0,13055,M,4323849.0,536487.0,13
201600014699,16,4,12,950,1,2,2,1,3.0,13055,M,4328645.0,538551.0,13
201600014700,16,5,16,1800,1,2,1,1,1.0,13002,M,4334157.0,547201.0,13
201600014701,16,5,16,1807,1,2,2,1,2.0,13055,M,4328996.0,537255.0,13
201600014702,16,5,9,1700,1,2,1,1,3.0,13055,M,4333020.0,535528.0,13
201600014703,16,5,17,1135,1,2,1,1,5.0,13055,M,4333067.0,540489.0,13
201600014704,16,5,17,1815,1,2,1,1,2.0,13055,M,4326251.0,540465.0,13
201600014705,16,5,17,1815,1,2,3,1,3.0,13055,M,4328583.0,547953.0,13
201600014706,16,5,17,2010,2,2,1,1,6.0,13055,M,4331123.0,540364.0,13
201600014707,16,5,17,2240,5,2,1,1,3.0,13055,M,4328738.0,544198.0,13
201600014708,16,5,17,2115,5,2,2,1,3.0,13055,M,4329584.0,540027.0,13
201600014709,16,5,18,945,1,2,1,1,3.0,13055,M,4332903.0,540055.0,13
201600014710,16,5,18,820,1,2,1,1,2.0,13055,M,4328915.0,536228.0,13
201600014711,16,5,18,920,1,2,1,1,3.0,13055,M,4329231.0,545884.0,13
201600014712,16,5,18,1100,1,2,1,1,6.0,13055,M,4330156.0,536913.0,13
201600014713,16,5,19,745,1,1,1,1,6.0,13055,M,4329821.0,542934.0,13
201600014714,16,5,19,755,1,2,2,1,2.0,13055,M,4327962.0,540791.0,13
201600014715,16,5,19,955,1,2,1,1,3.0,13055,M,4332520.0,543379.0,13
201600014716,16,5,19,830,1,2,1,1,6.0,13055,M,4331400.0,546284.0,13
201600014717,16,5,19,1205,1,2,1,1,2.0,13055,M,4328319.0,538766.0,13
201600014718,16,5,18,1210,1,2,1,1,6.0,13055,M,4332708.0,536629.0,13
201600014719,16,5,18,1900,1,2,1,1,2.0,13055,M,4329715.0,540062.0,13
201600014720,16,5,19,825,1,1,1,1,6.0,13055,M,4329605.0,542543.0,13
201600014721,16,5,19,2000,1,2,6,1,2.0,13055,M,4329807.0,542737.0,13
201600014722,16,5,17,1225,1,2,1,1,3.0,13055,M,4328247.0,543088.0,13
201600014723,16,5,5,1225,1,2,2,1,1.0,13055,M,4328863.0,537882.0,13
201600014724,16,5,20,1500,1,2,1,1,6.0,13055,M,4329986.0,536369.0,13
201600014725,16,5,20,1800,1,2,1,1,1.0,13055,M,4328804.0,539177.0,13
201600014726,16,5,20,1400,1,2,2,1,3.0,13055,M,4334359.0,544605.0,13
201600014727,16,5,20,2200,5,2,6,1,3.0,13055,M,4328505.0,542548.0,13
201600014728,16,5,20,2040,2,2,1,1,2.0,13055,M,4328826.0,543475.0,13
201600014729,16,5,20,1215,1,2,2,1,7.0,13055,M,4327908.0,538286.0,13
201600014730,16,5,14,1140,1,2,1,1,2.0,13055,M,4328733.0,541215.0,13
201600014731,16,5,13,1750,1,2,1,1,3.0,13055,M,4335310.0,537144.0,13
201600014732,16,5,21,900,1,2,1,1,3.0,13055,M,4324717.0,538249.0,13
201600014733,16,5,21,1000,1,1,1,1,6.0,13055,M,4336224.0,534221.0,13
201600014734,16,5,2,1555,1,2,3,1,6.0,13055,M,4328396.0,537840.0,13
201600014735,16,5,21,1600,1,2,1,1,3.0,13055,M,4329414.0,538601.0,13
201600014736,16,5,15,2040,2,2,1,1,3.0,13055,M,4328658.0,538613.0,13
201600014737,16,5,22,1,5,2,1,1,6.0,13055,M,4326888.0,536908.0,13
201600014738,16,5,15,1830,1,2,1,1,3.0,13055,M,4329581.0,538155.0,13
201600014739,16,5,21,1400,1,2,3,1,6.0,13055,M,4330528.0,536543.0,13
201600014740,16,5,22,400,1,2,1,1,2.0,13055,M,4328975.0,548334.0,13
201600014741,16,5,22,1335,1,2,1,1,3.0,13055,M,,,13
201600014742,16,5,22,2030,1,2,2,1,1.0,13055,M,4327934.0,539930.0,13
201600014743,16,5,23,740,1,2,1,1,6.0,13055,M,4329195.0,539355.0,13
201600014744,16,5,23,840,1,1,1,1,6.0,13055,M,4328628.0,542950.0,13
201600014745,16,3,29,1415,1,2,1,1,6.0,13055,M,4330730.0,536583.0,13
201600014746,16,5,23,1000,1,2,1,1,1.0,13055,M,4337010.0,535628.0,13
201600014747,16,5,23,1740,1,2,1,1,6.0,13055,M,4336201.0,533661.0,13
201600014748,16,5,23,2045,1,2,1,7,6.0,13055,M,4329804.0,538225.0,13
201600014749,16,5,24,820,1,2,3,1,6.0,13055,M,4324546.0,537320.0,13
201600014750,16,5,2,930,1,2,1,1,3.0,13055,M,4329686.0,538119.0,13
201600014751,16,5,20,230,5,2,1,1,6.0,13055,M,4331280.0,540180.0,13
201600014752,16,5,7,1940,2,2,2,1,3.0,13055,M,4329342.0,540316.0,13
201600014753,16,5,20,810,1,2,1,1,5.0,13055,M,4332020.0,540960.0,13
201600014754,16,5,24,1730,1,2,1,1,6.0,13055,M,4333363.0,542905.0,13
201600014755,16,5,24,1340,1,2,1,1,6.0,13055,M,4325018.0,539589.0,13
201600014756,16,5,24,1634,1,2,1,1,6.0,13055,M,0.0,0.0,13
201600014757,16,5,24,1830,1,2,1,1,6.0,13055,M,4326543.0,539670.0,13
201600014758,16,5,24,2000,1,2,1,1,4.0,13055,M,4327654.0,542109.0,13
201600014759,16,5,24,2137,5,2,1,1,7.0,13055,M,4329351.0,537988.0,13
201600014760,16,5,25,1310,1,2,1,1,3.0,13055,M,4329694.0,537366.0,13
201600014761,16,5,24,2026,2,2,3,1,3.0,13055,M,4324199.0,536727.0,13
201600014762,16,5,25,1320,1,2,2,1,6.0,13055,M,4329460.0,537628.0,13
201600014763,16,5,6,1630,1,2,2,1,2.0,13055,M,4330309.0,536664.0,13
201600014764,16,5,25,2135,5,2,1,1,6.0,13055,M,4327326.0,540056.0,13
201600014765,16,5,25,2030,2,2,1,1,3.0,13055,M,4325781.0,539936.0,13
201600014766,16,5,8,1145,1,2,3,1,6.0,13055,M,4330201.0,539434.0,13
201600014767,16,5,25,1610,1,2,1,1,2.0,13055,M,4332379.0,541980.0,13
201600014768,16,5,26,830,1,2,1,1,3.0,13055,M,4327612.0,539696.0,13
201600014769,16,5,12,1435,1,2,2,1,3.0,13055,M,4329009.0,537251.0,13
201600014770,16,5,26,650,1,2,1,1,3.0,13055,M,4328333.0,550390.0,13
201600014771,16,5,23,1215,1,2,1,1,2.0,13055,M,4326482.0,540399.0,13
201600014772,16,5,21,1915,1,2,6,1,3.0,13055,M,4324865.0,539119.0,13
201600014773,16,5,26,1030,1,2,3,1,3.0,13055,M,4329043.0,549303.0,13
201600014774,16,5,24,1955,1,2,1,1,4.0,13055,M,0.0,0.0,13
201600014775,16,5,24,1810,1,2,1,1,3.0,13055,M,4329595.0,542411.0,13
201600014776,16,4,26,1150,1,2,1,1,3.0,13209,M,4326674.0,539539.0,13
201600014777,16,5,24,1415,1,2,2,1,3.0,13055,M,4330260.0,536895.0,13
201600014778,16,5,26,1015,1,2,1,1,3.0,13055,M,4333777.0,543607.0,13
201600014779,16,2,3,1615,1,2,1,1,6.0,13055,M,,,13
201600014780,16,5,27,1300,1,2,1,1,1.0,13055,M,4335596.0,536965.0,13
201600014781,16,5,27,1530,1,2,1,1,2.0,13055,M,4327165.0,542683.0,13
201600014782,16,5,27,1615,1,2,1,1,6.0,13055,M,4325016.0,539602.0,13
201600014783,16,5,27,2200,5,2,3,1,1.0,13075,M,4335646.0,546659.0,13
201600014784,16,5,28,100,5,2,2,1,3.0,13055,M,4328863.0,537883.0,13
201600014785,16,5,28,938,1,2,1,1,3.0,13055,M,0.0,0.0,13
201600014786,16,5,28,1320,1,2,1,1,1.0,13055,M,4328894.0,536645.0,13
201600014787,16,5,28,1545,1,2,1,1,3.0,13055,M,4327155.0,540172.0,13
201600014788,16,5,28,50,5,2,1,2,6.0,13055,M,4324795.0,543572.0,13
201600014789,16,5,29,615,2,2,1,2,6.0,13055,M,4328120.0,544170.0,13
201600014790,16,5,25,1220,1,2,1,1,6.0,13055,M,4330942.0,537045.0,13
201600014791,16,5,28,1745,1,2,2,1,3.0,13055,M,4331268.0,536970.0,13
201600014792,16,5,29,1237,1,2,1,1,7.0,13055,M,4327408.0,540017.0,13
201600014793,16,5,29,1700,1,2,1,1,1.0,13055,M,4330739.0,550130.0,13
201600014794,16,5,29,2200,5,2,1,1,3.0,13055,M,4325559.0,537641.0,13
201600014795,16,5,30,7,5,2,2,1,3.0,13055,M,4329967.0,539773.0,13
201600014796,16,5,30,745,1,2,1,1,2.0,13055,M,4324331.0,539669.0,13
201600014797,16,5,30,920,1,2,1,1,1.0,13055,M,4328876.0,546162.0,13
201600014798,16,5,30,1245,1,2,1,1,5.0,13055,M,4329234.0,547940.0,13
201600014799,16,5,26,1030,1,2,1,1,3.0,13055,M,4326705.0,540802.0,13
201600014800,16,5,30,1800,1,2,1,1,3.0,13055,M,4332165.0,541343.0,13
201600014801,16,5,30,1020,1,2,1,1,6.0,13055,M,4325864.0,541734.0,13
201600014802,16,5,31,750,1,2,1,1,3.0,13055,M,4327929.0,540770.0,13
201600014803,16,5,31,1015,1,2,2,1,6.0,13055,M,4336594.0,533794.0,13
201600014804,16,5,30,1820,1,2,1,1,6.0,13055,M,4334143.0,540802.0,13
201600014805,16,5,31,1140,1,2,1,1,4.0,13055,M,4328818.0,550328.0,13
201600014806,16,5,31,2100,2,2,3,1,2.0,13055,M,4331511.0,538710.0,13
201600014807,16,5,27,1528,1,2,3,1,3.0,13055,M,4329751.0,540036.0,13
201600014808,16,6,1,1135,1,2,3,1,3.0,13207,M,4329024.0,536886.0,13
201600014809,16,6,1,1430,1,2,1,1,3.0,13211,M,4330650.0,551006.0,13
201600014810,16,5,23,900,1,2,2,1,6.0,13055,M,4329299.0,540276.0,13
201600014811,16,6,1,1120,1,2,1,1,3.0,13208,M,4323864.0,536507.0,13
201600014812,16,6,1,1540,1,2,2,1,7.0,13206,M,4329122.0,538303.0,13
201600014813,16,6,1,2130,4,2,1,1,6.0,13203,M,4330866.0,537416.0,13
201600014814,16,6,1,2100,1,2,1,1,7.0,13212,M,4330406.0,541053.0,13
201600014815,16,6,1,2115,2,2,1,1,3.0,13205,M,4328954.0,539725.0,13
201600014816,16,5,31,1435,1,2,1,1,6.0,13055,M,4331413.0,536919.0,13
201600014817,16,6,2,1000,1,1,1,1,3.0,13208,M,4325442.0,538187.0,13
201600014818,16,6,2,1515,1,2,3,1,3.0,13212,M,4330875.0,543891.0,13
201600014819,16,6,2,1450,1,2,1,1,6.0,13216,M,4335597.0,534295.0,13
201600014820,16,6,2,1700,1,2,1,1,2.0,13214,M,4332625.0,537612.0,13
201600014821,16,6,2,1717,1,2,1,1,3.0,13207,M,4328895.0,536123.0,13
201600014822,16,6,2,1750,1,2,3,1,3.0,13206,M,4329096.0,538139.0,13
201600014823,16,6,3,910,1,2,1,1,2.0,13209,M,4327324.0,540056.0,13
201600014824,16,6,3,1000,1,2,1,1,3.0,13208,M,4325776.0,537612.0,13
201600014825,16,5,30,1130,1,1,7,1,6.0,13055,M,4338444.0,535858.0,13
201600014826,16,6,3,1315,1,2,1,1,6.0,13210,M,4328023.0,541971.0,13
201600014827,16,6,3,1355,1,2,3,1,3.0,13213,M,4331802.0,540983.0,13
201600014828,16,6,3,1600,1,1,1,1,2.0,13210,M,4327575.0,542338.0,13
201600014829,16,6,3,1710,1,2,2,1,3.0,13202,M,4330309.0,536664.0,13
201600014830,16,6,3,935,1,2,1,1,3.0,13201,M,4330415.0,538771.0,13
201600014831,16,6,2,1730,1,2,1,1,3.0,13202,M,4329767.0,537301.0,13
201600014832,16,6,1,1400,1,2,1,1,2.0,13213,M,4332421.0,545581.0,13
201600014833,16,6,3,2005,1,2,1,1,1.0,13213,M,4333091.0,540697.0,13
201600014834,16,6,3,1845,1,2,1,1,2.0,13210,M,0.0,0.0,13
201600014835,16,6,4,1410,1,2,1,1,3.0,13215,M,4336385.0,536123.0,13
201600014836,16,6,4,2030,5,2,1,1,2.0,13202,M,4332826.0,535950.0,13
201600014837,16,6,4,1745,1,1,1,1,1.0,13209,M,4324621.0,544579.0,13
201600014838,16,6,4,2000,1,2,1,1,6.0,13203,M,4330560.0,538222.0,13
201600014839,16,6,4,1930,1,2,1,1,6.0,13201,M,4329371.0,537434.0,13
201600014840,16,6,5,730,1,2,1,1,1.0,13208,M,4323245.0,535606.0,13
201600014841,16,5,31,1330,1,2,2,1,6.0,13055,M,4329907.0,538529.0,13
201600014842,16,5,18,820,1,2,2,1,3.0,13055,M,4329234.0,538346.0,13
201600014843,16,6,5,1845,1,2,1,1,6.0,13213,M,4332524.0,543368.0,13
201600014844,16,6,5,10,5,2,1,1,6.0,13215,M,4334500.0,535934.0,13
201600014845,16,6,5,1240,1,2,1,1,6.0,13210,M,4327912.0,542287.0,13
201600014846,16,4,5,1700,1,2,1,1,5.0,13055,M,4330554.0,540079.0,13
201600014847,16,6,6,715,1,2,1,1,3.0,13214,M,4333122.0,540612.0,13
201600014848,16,6,6,1044,1,1,1,1,6.0,13210,M,4327619.0,539950.0,13
201600014849,16,5,25,1700,1,2,1,1,6.0,13055,M,4328924.0,536271.0,13
201600014850,16,6,5,1930,1,2,2,1,3.0,13215,M,4338026.0,535742.0,13
201600014851,16,6,6,2030,2,2,1,1,6.0,13214,M,4333609.0,540730.0,13
201600014852,16,4,26,800,1,2,1,1,2.0,13055,M,4326500.0,539429.0,13
201600014853,16,6,7,930,1,2,1,1,3.0,13210,M,4327921.0,541411.0,13
201600014854,16,6,2,1610,1,2,1,1,2.0,13214,M,4333077.0,539811.0,13
201600014855,16,6,4,445,2,2,1,1,6.0,13209,M,4326792.0,540735.0,13
201600014856,16,6,7,1500,1,1,3,1,3.0,13201,M,4329913.0,538089.0,13
201600014857,16,6,6,1530,1,2,2,1,1.0,13201,M,4329694.0,537366.0,13
201600014858,16,6,8,800,1,2,3,1,1.0,13213,M,4333760.0,542793.0,13
201600014859,16,6,8,850,1,2,1,1,7.0,13204,M,4330510.0,539874.0,13
201600014860,16,6,8,1300,1,2,1,1,1.0,13203,M,,,13
201600014861,16,5,10,910,1,2,2,1,3.0,13055,M,4329254.0,539842.0,13
201600014862,16,6,8,1340,1,2,1,1,3.0,13209,M,4325073.0,540381.0,13
201600014863,16,6,8,1500,1,2,1,1,6.0,13215,M,4332739.0,536026.0,13
201600014864,16,6,8,1440,1,2,1,1,2.0,13211,M,4328816.0,550328.0,13
201600014865,16,6,8,2250,5,2,1,1,6.0,13213,M,4332500.0,542387.0,13
201600014866,16,6,8,1415,1,2,1,1,6.0,13210,M,4328373.0,542796.0,13
201600014867,16,6,7,1900,1,2,2,1,3.0,13201,M,4330348.0,538595.0,13
201600014868,16,6,6,1210,1,2,1,1,1.0,13203,M,4331653.0,538252.0,13
201600014869,16,6,9,1230,1,2,1,1,6.0,13211,M,4329645.0,545787.0,13
201600014870,16,6,9,1550,1,2,1,1,2.0,13214,M,4331797.0,539072.0,13
201600014871,16,6,9,1620,1,2,2,1,1.0,13211,M,4328631.0,547008.0,13
201600014872,16,6,9,1715,1,2,1,1,6.0,13208,M,4327117.0,540025.0,13
201600014873,16,6,9,1745,1,2,2,1,3.0,13202,M,4330766.0,536798.0,13
201600014874,16,6,9,1610,1,2,1,1,3.0,13204,M,4330348.0,539769.0,13
201600014875,16,6,9,1730,1,2,1,1,1.0,13208,M,4326761.0,538929.0,13
201600014876,16,6,9,2125,5,2,2,1,3.0,13206,M,4329118.0,538077.0,13
201600014877,16,5,27,1930,1,2,6,1,6.0,13055,M,4332480.0,538280.0,13
201600014878,16,6,9,930,1,2,1,1,3.0,13206,M,4329275.0,538253.0,13
201600014879,16,6,7,1900,1,2,1,1,6.0,13211,M,4329877.0,548911.0,13
201600014880,16,6,10,430,5,2,1,1,1.0,13210,M,4328557.0,539876.0,13
201600014881,16,6,10,1040,1,2,1,1,2.0,13213,M,4332386.0,540481.0,13
201600014882,16,2,13,1130,1,2,1,2,6.0,13055,M,4329893.0,536478.0,13
201600014883,16,6,10,1320,1,2,1,1,3.0,13209,M,4323428.0,540934.0,13
201600014884,16,6,10,1415,1,2,1,1,2.0,13215,M,4338411.0,535850.0,13
201600014885,16,6,10,1300,1,2,3,1,3.0,13213,M,4334299.0,543212.0,13
201600014886,16,6,10,1830,1,2,2,1,7.0,13203,M,4331527.0,538914.0,13
201600014887,16,6,10,1830,1,2,6,1,7.0,13208,M,4325015.0,538903.0,13
201600014888,16,6,11,815,1,2,1,1,1.0,13214,M,4334627.0,538076.0,13
201600014889,16,6,11,720,1,2,1,1,6.0,13211,M,4329768.0,549725.0,13
201600014890,16,6,8,1220,1,2,1,1,6.0,13213,M,4333412.0,545521.0,13
201600014891,16,6,8,700,1,2,1,1,6.0,13204,M,4331653.0,539699.0,13
201600014892,16,6,11,1728,1,2,1,1,6.0,13214,M,4333150.0,538340.0,13
201600014893,16,6,6,1430,1,2,3,1,2.0,13205,M,4329252.0,540114.0,13
201600014894,16,6,8,1150,1,2,1,1,6.0,13205,M,4329772.0,540099.0,13
201600014895,16,6,12,15,5,2,1,1,7.0,13201,M,4329238.0,536633.0,13
201600014896,16,6,6,1550,1,2,1,1,6.0,13206,M,4329196.0,538305.0,13
201600014897,16,6,6,1830,1,2,1,1,3.0,13204,M,4331130.0,539622.0,13
201600014898,16,6,2,900,1,2,3,1,4.0,13207,M,4328901.0,535487.0,13
201600014899,16,6,11,1700,1,2,1,1,3.0,13002,M,4333960.0,548188.0,13
201600014900,16,6,12,1900,1,2,1,1,3.0,13208,M,4325491.0,537624.0,13
201600014901,16,6,12,2115,5,2,1,1,6.0,13215,M,4336169.0,536255.0,13
201600014902,16,6,12,1345,1,2,1,1,6.0,13213,M,4332993.0,542941.0,13
201600014903,16,6,8,855,1,2,2,1,3.0,13201,M,4329107.0,537250.0,13
201600014904,16,6,8,1200,1,2,2,1,3.0,13206,M,4328585.0,539001.0,13
201600014905,16,6,13,1400,1,2,2,1,1.0,13210,M,4327667.0,541869.0,13
201600014906,16,6,8,1615,1,2,1,1,3.0,13206,M,4328993.0,538368.0,13
201600014907,16,6,13,1430,1,2,1,1,4.0,13213,M,4332319.0,544825.0,13
201600014908,16,6,13,1630,1,2,1,1,5.0,13213,M,4332125.0,544662.0,13
201600014909,16,6,13,1617,1,2,1,1,7.0,13210,M,4327833.0,542857.0,13
201600014910,16,6,13,1815,1,2,1,1,2.0,13214,M,4332542.0,538106.0,13
201600014911,16,6,13,1630,1,2,1,1,6.0,13210,M,4328340.0,539735.0,13
201600014912,16,6,13,1945,2,2,1,1,6.0,13208,M,4326289.0,537671.0,13
201600014913,16,6,14,30,5,2,6,1,3.0,13213,M,4331352.0,539720.0,13
201600014914,16,6,14,500,5,2,1,1,2.0,13201,M,4330081.0,539071.0,13
201600014915,16,6,12,1715,1,2,1,1,6.0,13201,M,4329432.0,537446.0,13
201600014916,16,6,14,630,1,2,1,1,6.0,13205,M,4329117.0,541732.0,13
201600014917,16,6,6,1920,1,2,3,1,3.0,13206,M,4328662.0,538627.0,13
201600014918,16,4,29,1330,1,1,1,1,1.0,13055,M,4333320.0,535857.0,13
201600014919,16,6,14,1130,1,1,1,1,5.0,13212,M,4330351.0,543051.0,13
201600014920,16,6,14,1215,1,1,1,1,3.0,13202,M,4331412.0,536557.0,13
201600014921,16,6,14,1730,1,2,1,1,7.0,13213,M,4332904.0,543053.0,13
201600014922,16,6,14,1950,1,2,2,1,1.0,13210,M,4327958.0,541720.0,13
201600014923,16,6,14,1920,1,2,1,1,6.0,13210,M,4326851.0,540940.0,13
201600014924,16,5,11,1035,1,2,1,1,6.0,13055,M,4330032.0,538861.0,13
201600014925,16,6,4,800,1,2,2,1,1.0,13206,M,4328475.0,539193.0,13
201600014926,16,6,14,1915,1,1,1,1,1.0,13211,M,4329299.0,542917.0,13
201600014927,16,6,15,730,1,2,1,1,3.0,13212,M,4330356.0,543154.0,13
201600014928,16,6,14,1615,1,2,1,1,2.0,13208,M,4326755.0,538935.0,13
201600014929,16,6,15,1500,1,2,1,1,7.0,13002,M,4335617.0,548664.0,13
201600014930,16,6,15,1220,1,2,3,1,2.0,13208,M,4326514.0,539547.0,13
201600014931,16,6,16,200,5,2,7,2,2.0,13208,M,4325432.0,538121.0,13
201600014932,16,6,16,2000,1,2,1,1,3.0,13213,M,4332643.0,542141.0,13
201600014933,16,5,21,1945,1,2,3,1,7.0,13055,M,4328955.0,539724.0,13
201600014934,16,6,3,930,1,2,1,1,3.0,13206,M,4328851.0,538441.0,13
201600014935,16,6,16,1405,1,2,6,2,2.0,13210,M,4327025.0,542306.0,13
201600014936,16,6,16,1600,1,2,1,1,3.0,13208,M,4324706.0,539350.0,13
201600014937,16,6,16,1635,1,2,1,1,2.0,13211,M,0.0,0.0,13
201600014938,16,6,16,1830,1,2,1,1,1.0,13213,M,4333998.0,543686.0,13
201600014939,16,6,17,740,1,2,1,1,3.0,13215,M,4332781.0,536217.0,13
201600014940,16,6,17,815,1,2,2,1,1.0,13215,M,4338030.0,535742.0,13
201600014941,16,6,17,740,1,2,1,1,3.0,13212,M,0.0,0.0,13
201600014942,16,6,17,850,1,2,1,1,3.0,13208,M,4326459.0,539321.0,13
201600014943,16,6,17,1020,1,2,1,1,3.0,13210,M,4328814.0,541082.0,13
201600014944,16,6,7,815,1,2,1,1,3.0,13205,M,4329593.0,539786.0,13
201600014945,16,6,17,1530,1,2,1,1,3.0,13208,M,4324582.0,539327.0,13
201600014946,16,6,18,530,2,2,3,1,3.0,13205,M,4328672.0,539036.0,13
201600014947,16,6,18,1330,1,2,1,1,2.0,13205,M,4329203.0,540087.0,13
201600014948,16,6,18,1650,1,2,1,1,6.0,13216,M,4333933.0,534818.0,13
201600014949,16,6,16,715,2,2,1,1,3.0,13205,M,4329607.0,538652.0,13
201600014950,16,6,19,1900,1,2,1,1,2.0,13214,M,4334824.0,537678.0,13
201600014951,16,6,19,1920,1,2,1,1,6.0,13212,M,4329972.0,543045.0,13
201600014952,16,6,20,115,5,2,2,1,3.0,13206,M,4328733.0,538907.0,13
201600014953,16,6,20,59,5,2,2,1,1.0,13215,M,4334895.0,537556.0,13
201600014954,16,6,11,1900,1,2,1,1,6.0,13215,M,4337883.0,535815.0,13
201600014955,16,6,20,730,1,2,1,1,6.0,13205,M,4328684.0,538709.0,13
201600014956,16,6,20,820,1,2,3,1,3.0,13212,M,4331566.0,546148.0,13
201600014957,16,6,20,1120,1,2,1,1,3.0,13209,M,4324615.0,543104.0,13
201600014958,16,6,19,1640,1,2,1,1,2.0,13209,M,4325362.0,539544.0,13
201600014959,16,6,20,1240,1,2,1,1,1.0,13201,M,4329925.0,537437.0,13
201600014960,16,6,20,1340,1,2,3,1,3.0,13207,M,4328935.0,535760.0,13
201600014961,16,6,19,1854,1,1,1,1,3.0,13212,M,4329655.0,541280.0,13
201600014962,16,6,20,2300,5,2,1,1,1.0,13215,M,4332159.0,536495.0,13
201600014963,16,6,21,205,5,2,1,1,6.0,13212,M,4330344.0,544187.0,13
201600014964,16,6,21,1350,1,2,1,1,6.0,13216,M,4336325.0,534152.0,13
201600014965,16,6,21,1200,1,2,1,1,6.0,13210,M,4328273.0,539998.0,13
201600014966,16,6,21,1330,1,2,1,1,2.0,13203,M,4332062.0,537405.0,13
201600014967,16,6,22,840,1,2,1,1,3.0,13210,M,4327315.0,539230.0,13
201600014968,16,6,22,820,1,2,1,1,6.0,13211,M,4328276.0,543217.0,13
201600014969,16,6,22,1100,1,2,1,1,2.0,13206,M,4327027.0,538784.0,13
201600014970,16,6,22,1525,1,2,1,1,7.0,13203,M,4331001.0,537616.0,13
201600014971,16,6,22,1610,1,2,1,1,3.0,13214,M,4333139.0,540410.0,13
201600014972,16,6,22,1520,1,2,1,1,5.0,13208,M,4326929.0,538630.0,13
201600014973,16,6,22,1745,1,2,3,1,3.0,13202,M,4330240.0,536973.0,13
201600014974,16,6,20,2215,5,2,2,1,6.0,13205,M,4329003.0,540000.0,13
201600014975,16,6,22,1930,1,2,6,1,2.0,13213,M,4334720.0,544965.0,13
201600014976,16,6,22,1930,1,2,1,1,2.0,13210,M,4328162.0,542734.0,13
201600014977,16,6,23,16,5,2,1,1,6.0,13214,M,4333172.0,539111.0,13
201600014978,16,5,17,245,5,2,1,1,3.0,13055,M,4332537.0,543295.0,13
201600014979,16,6,23,845,1,2,1,1,3.0,13216,M,4336323.0,531599.0,13
201600014980,16,6,23,1030,1,2,6,1,1.0,13212,M,4329467.0,543315.0,13
201600014981,16,6,23,1255,1,2,1,1,1.0,13212,M,4330429.0,541323.0,13
201600014982,16,6,23,1630,1,2,1,1,1.0,13207,M,4329237.0,536622.0,13
201600014983,16,6,23,1745,1,2,1,1,2.0,13208,M,4324654.0,537775.0,13
201600014984,16,6,23,2030,1,2,1,1,5.0,13208,M,4326413.0,537835.0,13
201600014985,16,6,24,550,2,2,2,1,3.0,13201,M,4330061.0,538835.0,13
201600014986,16,6,24,525,2,2,6,1,3.0,13208,M,4326196.0,537489.0,13
201600014987,16,6,24,1100,1,2,1,1,2.0,13215,M,4333757.0,535773.0,13
201600014988,16,6,23,1345,1,2,3,1,2.0,13213,M,4335154.0,544302.0,13
201600014989,16,6,24,1915,1,2,1,1,6.0,13215,M,4336896.0,535638.0,13
201600014990,16,6,23,1535,1,2,1,1,3.0,13202,M,4330461.0,536662.0,13
201600014991,16,6,23,1255,1,2,1,1,3.0,13202,M,4334697.0,535531.0,13
201600014992,16,6,25,415,5,2,1,1,3.0,13204,M,4331125.0,540366.0,13
201600014993,16,6,25,955,1,2,1,1,6.0,13211,M,4328166.0,542832.0,13
201600014994,16,6,25,1300,1,2,1,1,1.0,13210,M,0.0,0.0,13
201600014995,16,6,25,1800,1,2,3,1,3.0,13212,M,4330419.0,541213.0,13
201600014996,16,6,25,2055,2,2,2,1,3.0,13204,M,4329751.0,540080.0,13
201600014997,16,6,26,900,1,2,2,1,5.0,13075,M,4335188.0,547592.0,13
201600014998,16,6,22,1050,1,2,1,1,2.0,13204,M,4330939.0,540294.0,13
201600014999,16,6,25,1645,1,2,1,1,6.0,13211,M,4329380.0,548040.0,13
201600015000,16,6,26,1400,1,2,3,1,3.0,13211,M,4328196.0,544312.0,13
201600015001,16,6,10,715,1,2,1,1,4.0,13201,M,4329300.0,538245.0,13
201600015002,16,6,27,145,5,2,1,1,7.0,13211,M,4328628.0,542950.0,13
201600015003,16,6,27,220,5,2,1,1,1.0,13208,M,4328043.0,539937.0,13