Num_Acc,an,mois,jour,hrmn,lum,agg,int,atm,col,com,gps,lat,long,dep
201600015004,16,6,26,1730,1,2,1,1,3.0,13214,M,4331523.0,538720.0,13
201600015005,16,6,10,1020,1,2,2,1,6.0,13207,M,4328623.0,536284.0,13
201600015006,16,6,20,1500,1,2,1,1,3.0,13201,M,4329501.0,537559.0,13
201600015007,16,6,4,1020,1,2,1,1,6.0,13207,M,4329229.0,536105.0,13
201600015008,16,6,27,1325,1,2,1,1,1.0,13212,M,4331450.0,546239.0,13
201600015009,16,6,27,1750,1,2,1,1,3.0,13211,M,4330318.0,545491.0,13
201600015010,16,6,27,2100,2,2,2,1,3.0,13202,M,4331160.0,537134.0,13
201600015011,16,6,27,2210,5,2,9,1,3.0,13205,M,4329482.0,540087.0,13
201600015012,16,6,27,2340,5,2,2,1,2.0,13205,M,4329577.0,540042.0,13
201600015013,16,6,14,1246,1,2,2,1,5.0,13205,M,4329238.0,540128.0,13
201600015014,16,6,26,1410,1,2,1,1,2.0,13205,M,4329390.0,540166.0,13
201600015015,16,6,20,1605,1,2,1,1,4.0,13204,M,4331663.0,539698.0,13
201600015016,16,6,27,1130,1,2,3,1,1.0,13204,M,4331487.0,539086.0,13
201600015017,16,6,28,600,1,2,3,1,3.0,13210,M,4328304.0,540180.0,13
201600015018,16,6,19,1655,1,2,1,1,1.0,13205,M,4329035.0,539998.0,13
201600015019,16,6,28,800,1,2,3,1,3.0,13212,M,4330331.0,545381.0,13
201600015020,16,6,26,1915,1,1,1,1,2.0,13204,M,4331632.0,539471.0,13
201600015021,16,6,28,815,1,2,1,1,1.0,13002,M,4335495.0,548601.0,13
201600015022,16,6,29,135,5,2,1,1,3.0,13208,M,4326632.0,538168.0,13
201600015023,16,6,28,1920,1,2,1,1,1.0,13208,M,4325820.0,538358.0,13
201600015024,16,6,29,1550,1,2,1,1,3.0,13215,M,4334925.0,535456.0,13
201600015025,16,6,29,2030,5,2,1,1,2.0,13201,M,4330100.0,539120.0,13
201600015026,16,6,28,1820,1,2,1,1,2.0,13207,M,4328980.0,536395.0,13
201600015027,16,6,30,945,1,2,1,1,3.0,13214,M,4333584.0,536749.0,13
201600015028,16,6,29,1830,1,2,1,1,2.0,13211,M,4328412.0,543574.0,13
201600015029,16,6,29,1400,1,2,1,1,2.0,13214,M,4333365.0,537450.0,13
201600015030,16,6,30,1815,1,2,1,1,2.0,13215,M,4337230.0,536413.0,13
201600015031,16,6,30,2330,5,1,1,1,3.0,13208,M,4324748.0,539271.0,13
201600015032,16,6,30,1800,1,2,1,1,2.0,13208,M,4329496.0,542704.0,13
201600015033,16,6,30,1600,1,2,2,1,3.0,13212,M,4330298.0,544679.0,13
201600015034,16,6,24,1230,1,2,6,1,2.0,13203,M,4330493.0,537319.0,13
201600015035,16,6,23,1445,1,2,2,1,3.0,13206,M,4329049.0,538338.0,13
201600015036,16,6,6,1245,1,2,1,1,1.0,13209,M,4325022.0,539585.0,13
201600015037,16,7,1,1030,1,2,1,1,6.0,13055,M,4326932.0,538134.0,13
201600015038,16,6,28,1130,1,2,1,1,6.0,13205,M,4328892.0,539247.0,13
201600015039,16,6,26,1900,1,2,1,1,3.0,13213,M,4332655.0,543815.0,13
201600015040,16,7,1,2230,5,2,1,1,1.0,13055,M,4329619.0,537705.0,13
201600015041,16,7,2,330,5,2,1,1,7.0,13055,M,4329962.0,537363.0,13
201600015042,16,6,6,1800,1,2,1,1,3.0,13055,M,4331130.0,539622.0,13
201600015043,16,7,2,1010,1,2,1,1,6.0,13055,M,4329551.0,539060.0,13
201600015044,16,7,2,1100,1,2,8,1,6.0,13055,M,4325070.0,538938.0,13
201600015045,16,7,2,900,1,2,1,1,1.0,13055,M,4324108.0,539940.0,13
201600015046,16,7,1,1130,1,2,1,1,6.0,13055,M,4327012.0,538795.0,13
201600015047,16,7,2,1345,1,2,3,1,3.0,13055,M,4326650.0,539470.0,13
201600015048,16,7,2,1340,1,2,1,1,2.0,13055,M,4330161.0,539748.0,13
201600015049,16,7,1,1926,1,2,1,1,6.0,13055,M,4332181.0,538849.0,13
201600015050,16,7,2,1815,1,2,1,1,3.0,13055,M,4326557.0,538058.0,13
201600015051,16,6,24,155,5,2,1,1,6.0,13212,M,4324196.0,536715.0,13
201600015052,16,7,2,2240,5,2,1,1,3.0,13055,M,4327518.0,538448.0,13
201600015053,16,7,2,1840,1,2,1,1,2.0,13055,M,4330388.0,542782.0,13
201600015054,16,6,21,250,5,2,1,1,6.0,13210,M,4327461.0,541523.0,13
201600015055,16,6,21,1145,1,2,1,1,3.0,13205,M,4328978.0,539817.0,13
201600015056,16,6,30,1045,1,2,1,1,2.0,13210,M,4327912.0,542597.0,13
201600015057,16,7,3,1450,1,2,2,1,3.0,13055,M,4328336.0,541290.0,13
201600015058,16,7,3,1850,1,2,1,1,5.0,13055,M,4328183.0,538601.0,13
201600015059,16,7,4,250,5,2,1,1,3.0,13055,M,4327981.0,538716.0,13
201600015060,16,7,4,1020,1,2,1,1,6.0,13055,M,4330206.0,539378.0,13
201600015061,16,7,4,1100,1,2,3,1,3.0,13055,M,4333998.0,538817.0,13
201600015062,16,7,4,1440,1,2,1,1,3.0,13106,M,4339806.0,536556.0,13
201600015063,16,7,4,1925,1,2,1,1,6.0,13055,M,4330619.0,539607.0,13
201600015064,16,7,5,220,3,2,1,1,6.0,13055,M,4328698.0,543174.0,13
201600015065,16,7,5,640,1,2,1,1,7.0,13055,M,4328250.0,538500.0,13
201600015066,16,7,4,1700,1,2,1,1,3.0,13055,M,4333107.0,538085.0,13
201600015067,16,7,5,854,1,2,3,1,6.0,13055,M,4328955.0,535506.0,13
201600015068,16,7,5,1230,1,1,1,1,3.0,13055,M,4330580.0,541844.0,13
201600015069,16,7,5,1925,1,2,1,1,1.0,13055,M,4333754.0,539521.0,13
201600015070,16,7,5,2130,2,2,1,1,6.0,13055,M,4328750.0,540028.0,13
201600015071,16,7,6,206,5,2,1,1,7.0,13055,M,4328622.0,539873.0,13
201600015072,16,7,5,1120,1,2,1,1,1.0,13055,M,4336512.0,535747.0,13
201600015073,16,6,21,1345,1,1,1,1,3.0,13210,M,4328311.0,539874.0,13
201600015074,16,7,6,1015,1,2,1,1,7.0,13055,M,4335352.0,538545.0,13
201600015075,16,7,6,1325,1,2,1,1,1.0,13055,M,4327808.0,541784.0,13
201600015076,16,7,5,1730,1,2,3,1,3.0,13055,M,4328881.0,539472.0,13
201600015077,16,7,6,1445,1,2,1,1,3.0,13055,M,4331574.0,538525.0,13
201600015078,16,7,6,1350,1,2,1,1,3.0,13055,M,4334733.0,536362.0,13
201600015079,16,7,6,1915,3,2,1,1,6.0,13055,M,4331590.0,538489.0,13
201600015080,16,7,6,2310,5,2,1,1,7.0,13055,M,4328066.0,542120.0,13
201600015081,16,7,7,120,5,2,1,1,2.0,13055,M,4337313.0,536587.0,13
201600015082,16,7,7,30,5,2,1,1,3.0,13055,M,4324634.0,537996.0,13
201600015083,16,7,7,125,5,2,1,1,2.0,13055,M,4325440.0,538198.0,13
201600015084,16,7,5,1415,1,2,1,1,1.0,13055,M,4329574.0,538166.0,13
201600015085,16,7,6,1600,1,2,1,1,3.0,13055,M,4328189.0,540403.0,13
201600015086,16,6,18,1650,1,2,1,1,2.0,13204,M,4331533.0,540243.0,13
201600015087,16,7,8,105,5,1,1,1,7.0,13055,M,4331887.0,536775.0,13
201600015088,16,7,5,1920,1,2,1,1,6.0,13055,M,4332438.0,536728.0,13
201600015089,16,7,6,1715,1,2,1,1,3.0,13055,M,4334660.0,536467.0,13
201600015090,16,7,8,800,1,2,1,1,3.0,13055,M,4327656.0,539758.0,13
201600015091,16,7,8,1630,1,2,1,1,3.0,13055,M,4330287.0,536457.0,13
201600015092,16,7,8,1610,1,2,1,1,6.0,13055,M,4329935.0,537139.0,13
201600015093,16,7,8,1340,1,2,1,1,5.0,13055,M,4335537.0,536999.0,13
201600015094,16,7,8,1230,1,2,1,1,3.0,13055,M,4328883.0,538774.0,13
201600015095,16,7,8,1745,1,2,1,1,3.0,13055,M,4329050.0,542107.0,13
201600015096,16,7,8,2000,1,2,1,1,3.0,13055,M,4325125.0,537560.0,13
201600015097,16,7,8,2140,5,2,1,1,3.0,13055,M,4326818.0,541567.0,13
201600015098,16,7,9,100,5,2,1,1,6.0,13055,M,4330456.0,540107.0,13
201600015099,16,7,8,2035,1,2,1,1,2.0,13055,M,4329429.0,540152.0,13
201600015100,16,7,8,1750,1,2,1,1,3.0,13055,M,4329888.0,540076.0,13
201600015101,16,6,7,1810,1,2,2,1,3.0,13206,M,4328521.0,539087.0,13
201600015102,16,6,27,1530,1,2,3,1,6.0,13201,M,4329694.0,537366.0,13
201600015103,16,7,9,1700,1,2,1,1,2.0,13055,M,4331741.0,536316.0,13
201600015104,16,7,9,420,5,2,1,1,3.0,13055,M,4329886.0,538505.0,13
201600015105,16,7,10,225,5,2,1,1,6.0,13055,M,4329737.0,538038.0,13
201600015106,16,7,9,1840,1,2,1,1,5.0,13055,M,4329944.0,543662.0,13
201600015107,16,7,6,1235,1,2,1,1,6.0,13055,M,4332179.0,538840.0,13
201600015108,16,7,10,1650,1,2,1,1,3.0,13055,M,4333740.0,535332.0,13
201600015109,16,7,10,2115,5,2,1,1,3.0,13055,M,4334118.0,537700.0,13
201600015110,16,7,11,730,1,2,1,1,2.0,13055,M,4329755.0,547948.0,13
201600015111,16,7,11,745,1,2,1,1,2.0,13055,M,4327177.0,540998.0,13
201600015112,16,7,11,950,1,2,1,1,3.0,13055,M,4328715.0,540006.0,13
201600015113,16,7,11,1230,1,2,1,1,3.0,13055,M,4328909.0,543502.0,13
201600015114,16,7,1,830,1,2,1,1,3.0,13055,M,4332747.0,543618.0,13
201600015115,16,7,11,1400,1,2,1,1,4.0,13055,M,4327017.0,540786.0,13
201600015116,16,7,11,2210,5,2,8,1,3.0,13055,M,4329269.0,537989.0,13
201600015117,16,7,12,50,5,2,1,1,7.0,13055,M,4328623.0,537014.0,13
201600015118,16,7,12,245,5,2,1,1,3.0,13055,M,4329874.0,540069.0,13
201600015119,16,7,9,1845,1,1,1,1,3.0,13055,M,0.0,0.0,13
201600015120,16,7,12,650,1,2,3,1,3.0,13055,M,4331834.0,537979.0,13
201600015121,16,7,12,745,1,2,1,1,7.0,13055,M,4332989.0,540663.0,13
201600015122,16,7,12,1100,1,2,3,1,3.0,13055,M,4327031.0,540681.0,13
201600015123,16,7,11,1840,1,2,1,1,2.0,13055,M,4325756.0,539969.0,13
201600015124,16,7,12,1812,1,2,1,1,3.0,13055,M,4326268.0,540464.0,13
201600015125,16,7,13,140,5,1,1,1,6.0,13055,M,4324369.0,543800.0,13
201600015126,16,7,13,30,5,2,1,1,6.0,13055,M,4324772.0,540659.0,13
201600015127,16,7,13,1020,1,2,1,1,2.0,13055,M,4328212.0,544315.0,13
201600015128,16,7,13,1330,1,2,3,1,6.0,13055,M,4328850.0,539245.0,13
201600015129,16,7,13,1605,1,2,1,1,2.0,13055,M,4327312.0,539239.0,13
201600015130,16,7,13,1600,1,1,1,1,6.0,13002,M,4330881.0,554448.0,13
201600015131,16,7,13,1620,1,2,1,1,6.0,13055,M,4329483.0,537456.0,13
201600015132,16,7,14,20,5,2,1,1,6.0,13055,M,4327780.0,537456.0,13
201600015133,16,7,13,1240,1,2,1,1,4.0,13055,M,4329189.0,547316.0,13
201600015134,16,7,14,755,1,2,1,1,2.0,13055,M,4330517.0,539916.0,13
201600015135,16,7,13,1245,1,2,3,1,3.0,13055,M,4325977.0,540224.0,13
201600015136,16,7,7,1230,1,2,6,1,3.0,13055,M,4326280.0,540447.0,13
201600015137,16,7,14,1400,1,1,3,1,3.0,13002,M,4332363.0,547958.0,13
201600015138,16,7,9,1145,1,2,1,1,3.0,13055,M,4330059.0,538644.0,13
201600015139,16,7,1,1725,1,2,1,1,6.0,13055,M,4329202.0,539396.0,13
201600015140,16,7,4,730,1,2,1,1,2.0,13055,M,4331543.0,539236.0,13
201600015141,16,7,15,830,1,2,3,1,6.0,13055,M,4329002.0,544107.0,13
201600015142,16,7,2,1620,1,2,1,1,3.0,13055,M,4327732.0,535673.0,13
201600015143,16,7,15,1410,1,2,1,1,6.0,13055,M,4328740.0,544770.0,13
201600015144,16,7,15,1415,1,2,1,1,2.0,13055,M,4332881.0,538529.0,13
201600015145,16,7,2,1930,1,2,1,1,2.0,13055,M,4329292.0,540954.0,13
201600015146,16,7,14,1530,1,2,1,1,6.0,13055,M,4328588.0,538411.0,13
201600015147,16,7,15,1210,1,2,1,1,6.0,13055,M,4328644.0,538352.0,13
201600015148,16,7,16,1100,1,2,1,1,6.0,13055,M,4330606.0,539952.0,13
201600015149,16,7,16,2150,5,2,6,1,3.0,13055,M,4328583.0,542554.0,13
201600015150,16,7,17,635,1,2,1,1,2.0,13055,M,4331696.0,546062.0,13
201600015151,16,7,17,550,1,2,2,1,3.0,13055,M,4329400.0,539577.0,13
201600015152,16,7,17,1120,1,1,1,1,6.0,13055,M,4328861.0,536555.0,13
201600015153,16,7,1,830,1,2,1,1,3.0,13055,M,4330887.0,540461.0,13
201600015154,16,7,12,1920,1,2,1,1,3.0,13055,M,4337505.0,536107.0,13
201600015155,16,7,18,6,5,2,1,1,3.0,13055,M,4331795.0,538954.0,13
201600015156,16,7,18,120,5,2,1,1,6.0,13055,M,4331987.0,537112.0,13
201600015157,16,7,18,705,1,2,1,1,2.0,13055,M,4335809.0,532170.0,13
201600015158,16,7,18,730,1,2,1,1,2.0,13055,M,4331802.0,540605.0,13
201600015159,16,7,18,1045,1,2,1,1,4.0,13055,M,4329697.0,549366.0,13
201600015160,16,7,16,1830,1,2,1,1,6.0,13055,M,4335680.0,534269.0,13
201600015161,16,7,7,1550,1,2,3,1,3.0,13055,M,4329037.0,536837.0,13
201600015162,16,6,30,2040,1,2,2,1,3.0,13201,M,4329439.0,537542.0,13
201600015163,16,7,18,1030,1,2,1,1,1.0,13055,M,4336261.0,531748.0,13
201600015164,16,7,18,1430,1,2,1,1,4.0,13055,M,4328909.0,543502.0,13
201600015165,16,6,18,1620,1,2,1,2,3.0,13201,M,4330081.0,538164.0,13
201600015166,16,6,26,2355,5,2,1,1,1.0,13055,M,4329113.0,538306.0,13
201600015167,16,7,18,1330,1,2,1,1,4.0,13055,M,4332129.0,541702.0,13
201600015168,16,7,19,535,2,2,1,1,6.0,13055,M,4328909.0,543502.0,13
201600015169,16,7,5,1630,1,1,1,1,7.0,13055,M,4330348.0,536481.0,13
201600015170,16,7,18,2045,2,2,1,1,6.0,13055,M,4323522.0,536146.0,13
201600015171,16,7,19,1430,1,2,3,1,3.0,13055,M,4327375.0,541393.0,13
201600015172,16,7,19,1800,1,2,1,1,3.0,13055,M,4328322.0,538689.0,13
201600015173,16,7,19,1700,1,2,1,1,3.0,13055,M,4327200.0,536273.0,13
201600015174,16,7,19,1845,1,2,1,1,3.0,13055,M,4331158.0,542871.0,13
201600015175,16,7,20,54,5,2,1,1,3.0,13055,M,4330928.0,536885.0,13
201600015176,16,7,20,630,1,2,1,1,7.0,13055,M,,,13
201600015177,16,7,20,915,1,2,1,1,6.0,13055,M,4325343.0,540213.0,13
201600015178,16,7,20,1715,1,2,1,1,6.0,13055,M,4331581.0,539357.0,13
201600015179,16,7,20,1810,1,2,1,1,6.0,13055,M,4331132.0,545698.0,13
201600015180,16,7,20,2150,5,2,1,1,3.0,13055,M,4324721.0,539325.0,13
201600015181,16,7,21,1445,1,2,1,1,7.0,13055,M,4335801.0,532066.0,13
201600015182,16,7,21,1800,1,2,1,1,6.0,13055,M,4335850.0,531863.0,13
201600015183,16,7,21,1630,1,2,1,1,6.0,13055,M,4328614.0,539160.0,13
201600015184,16,7,21,1815,1,2,1,1,1.0,13055,M,4327914.0,542592.0,13
201600015185,16,5,15,2245,5,1,2,1,3.0,13055,M,4329251.0,540123.0,13
201600015186,16,7,21,2100,2,2,1,1,1.0,13055,M,4336185.0,535735.0,13
201600015187,16,7,21,2241,5,2,1,1,1.0,13055,M,4327078.0,538878.0,13
201600015188,16,7,22,115,5,2,1,1,6.0,13055,M,4331606.0,538880.0,13
201600015189,16,7,15,1040,1,2,3,1,2.0,13055,M,4330136.0,538014.0,13
201600015190,16,7,20,2000,1,2,9,1,5.0,13055,M,4328904.0,535806.0,13
201600015191,16,7,22,855,1,2,1,1,6.0,13055,M,4323432.0,539784.0,13
201600015192,16,7,22,1325,1,2,1,1,6.0,13055,M,4328415.0,538539.0,13
201600015193,16,7,22,1730,1,2,1,1,3.0,13055,M,4332152.0,541108.0,13
201600015194,16,7,22,1930,1,2,1,1,1.0,13055,M,4330155.0,543745.0,13
201600015195,16,7,23,1,5,2,1,1,3.0,13055,M,4327622.0,543177.0,13
201600015196,16,7,23,945,1,2,1,1,6.0,13055,M,4327643.0,542533.0,13
201600015197,16,7,23,1215,1,2,1,1,1.0,13055,M,4331693.0,543981.0,13
201600015198,16,7,23,1210,1,2,1,2,1.0,13055,M,4329566.0,544836.0,13
201600015199,16,7,23,2250,5,2,2,1,3.0,13055,M,4329721.0,539407.0,13
201600015200,16,7,23,2230,5,2,1,1,2.0,13055,M,4325389.0,537604.0,13
201600015201,16,7,24,733,1,2,1,1,3.0,13055,M,4330028.0,538418.0,13
201600015202,16,7,5,1300,1,2,3,1,3.0,13055,M,4327501.0,538951.0,13
201600015203,16,7,24,1440,1,1,1,1,3.0,13055,M,4328235.0,539946.0,13
201600015204,16,7,20,245,5,2,1,1,3.0,13055,M,4329857.0,540103.0,13
201600015205,16,7,23,1700,1,2,1,1,6.0,13055,M,4330139.0,538334.0,13
201600015206,16,7,25,940,1,2,1,1,7.0,13055,M,4329783.0,540904.0,13
201600015207,16,7,25,830,1,2,1,1,1.0,13055,M,4329634.0,537231.0,13
201600015208,16,7,21,1130,1,2,1,1,2.0,13055,M,4329550.0,540030.0,13
201600015209,16,7,25,1630,1,2,1,1,6.0,13055,M,4336116.0,534247.0,13
201600015210,16,7,25,1730,1,2,1,1,3.0,13055,M,4328158.0,542363.0,13
201600015211,16,7,25,1845,1,2,1,1,3.0,13055,M,4326127.0,538740.0,13
201600015212,16,7,24,1400,1,2,1,1,2.0,13055,M,4327898.0,535368.0,13
201600015213,16,7,26,830,1,2,1,1,5.0,13055,M,4333490.0,538531.0,13
201600015214,16,7,25,1110,1,2,1,1,5.0,13055,M,4334662.0,536470.0,13
201600015215,16,7,26,1300,1,2,1,1,1.0,13055,M,4330384.0,541703.0,13
201600015216,16,7,26,1615,1,2,1,1,5.0,13055,M,4335109.0,535849.0,13
201600015217,16,7,26,1800,1,2,3,1,2.0,13055,M,4328987.0,539819.0,13
201600015218,16,7,26,2025,2,2,1,1,6.0,13055,M,4331789.0,544585.0,13
201600015219,16,7,26,2215,5,2,1,1,3.0,13055,M,4333130.0,538925.0,13
201600015220,16,7,26,1750,1,2,2,1,6.0,13055,M,4328789.0,539136.0,13
201600015221,16,7,25,1130,1,2,3,1,1.0,13055,M,4329808.0,538099.0,13
201600015222,16,7,27,830,1,2,6,1,3.0,13055,M,4333073.0,536500.0,13
201600015223,16,7,27,1420,1,2,1,1,6.0,13055,M,4333584.0,536750.0,13
201600015224,16,7,27,1400,1,2,3,1,3.0,13055,M,4327022.0,540270.0,13
201600015225,16,7,27,1620,1,2,1,1,2.0,13055,M,4331891.0,540833.0,13
201600015226,16,7,27,1725,1,2,1,1,6.0,13055,M,4328597.0,544292.0,13
201600015227,16,7,27,1445,1,2,3,1,3.0,13055,M,4326649.0,540827.0,13
201600015228,16,7,27,1750,1,2,3,1,3.0,13055,M,4330456.0,537605.0,13
201600015229,16,7,28,1830,1,2,1,1,6.0,13055,M,4329008.0,536762.0,13
201600015230,16,7,28,855,1,2,1,1,6.0,13055,M,4327371.0,541377.0,13
201600015231,16,7,28,1440,1,2,1,1,6.0,13055,M,4328073.0,535227.0,13
201600015232,16,7,28,1515,1,1,1,1,6.0,13055,M,4331588.0,536447.0,13
201600015233,16,7,27,1930,1,2,1,1,6.0,13055,M,4327444.0,541500.0,13
201600015234,16,7,28,2030,1,2,1,1,6.0,13055,M,4330552.0,537546.0,13
201600015235,16,7,28,2045,1,2,1,1,2.0,13002,M,4335613.0,548547.0,13
201600015236,16,7,29,530,5,2,2,1,3.0,13055,M,4328402.0,538480.0,13
201600015237,16,7,28,1915,1,1,1,1,2.0,13055,M,4327456.0,536109.0,13
201600015238,16,7,7,600,1,2,1,1,3.0,13055,M,4328987.0,535872.0,13
201600015239,16,7,29,1610,1,2,1,1,6.0,13055,M,4332452.0,536244.0,13
201600015240,16,7,29,2220,5,2,1,1,2.0,13055,M,4325898.0,541700.0,13
201600015241,16,7,29,2245,5,2,6,1,6.0,13055,M,4325017.0,538932.0,13
201600015242,16,7,30,200,5,2,2,1,3.0,13055,M,4330841.0,537330.0,13
201600015243,16,7,30,400,5,2,1,1,3.0,13055,M,4328024.0,540051.0,13
201600015244,16,7,30,700,1,2,1,1,1.0,13055,M,4330601.0,539357.0,13
201600015245,16,7,30,2100,5,2,3,1,3.0,13055,M,4329481.0,539167.0,13
201600015246,16,7,30,1950,1,2,2,1,3.0,13055,M,4337065.0,535993.0,13
201600015247,16,7,30,1910,1,2,1,1,4.0,13075,M,4334383.0,546543.0,13
201600015248,16,6,25,1145,1,2,1,1,4.0,13055,M,4331484.0,539044.0,13
201600015249,16,7,31,940,1,2,1,1,6.0,13055,M,4331705.0,537404.0,13
201600015250,16,7,28,1150,1,2,8,1,6.0,13055,M,4330550.0,536731.0,13
201600015251,16,7,25,1900,1,2,1,1,3.0,13055,M,4328403.0,538473.0,13
201600015252,16,7,31,1950,1,2,3,1,3.0,13055,M,4325640.0,539014.0,13
201600015253,16,7,29,1630,1,2,1,1,3.0,13055,M,4334968.0,535416.0,13
201600015254,16,7,31,620,1,2,3,1,3.0,13055,M,4331082.0,538901.0,13
201600015255,16,7,31,1248,1,2,1,1,6.0,13055,M,4330477.0,536761.0,13
201600015256,16,7,28,810,1,2,1,1,3.0,13055,M,4328939.0,539650.0,13
201600015257,16,8,2,1300,1,2,2,1,3.0,13055,M,4330101.0,538607.0,13
201600015258,16,8,2,1355,1,2,1,1,6.0,13055,M,4333028.0,536521.0,13
201600015259,16,8,2,1410,1,2,7,1,4.0,13055,M,4331250.0,546477.0,13
201600015260,16,8,2,2015,2,2,1,1,6.0,13055,M,4328349.0,550062.0,13
201600015261,16,8,3,910,1,2,1,1,6.0,13055,M,4324861.0,538166.0,13
201600015262,16,8,3,1730,1,2,3,1,1.0,13055,M,4324232.0,536925.0,13
201600015263,16,8,3,1430,1,2,2,1,3.0,13055,M,4328641.0,535844.0,13
201600015264,16,8,2,2130,5,2,2,1,1.0,13055,M,4329590.0,539368.0,13
201600015265,16,8,4,1110,1,2,1,1,3.0,13055,M,4327194.0,539055.0,13
201600015266,16,8,1,800,1,2,1,1,2.0,13055,M,4331547.0,539231.0,13
201600015267,16,8,4,1300,1,1,1,1,6.0,13055,M,4326175.0,537487.0,13
201600015268,16,7,24,1830,1,2,1,1,3.0,13055,M,0.0,0.0,13
201600015269,16,8,4,1430,1,2,1,1,2.0,13055,M,4335831.0,532637.0,13
201600015270,16,8,4,2000,1,2,2,1,3.0,13055,M,4328880.0,536652.0,13
201600015271,16,8,5,100,5,2,1,2,1.0,13055,M,4324561.0,539338.0,13
201600015272,16,8,5,1010,1,2,1,1,5.0,13055,M,4333606.0,535758.0,13
201600015273,16,7,12,1530,1,2,1,1,3.0,13055,M,4331415.0,536927.0,13
201600015274,16,8,5,1810,1,2,2,1,6.0,13055,M,4330647.0,537371.0,13
201600015275,16,8,5,1800,1,2,1,1,6.0,13055,M,4330839.0,537214.0,13
201600015276,16,8,5,2130,5,2,1,1,6.0,13055,M,4332508.0,536183.0,13
201600015277,16,7,29,1300,1,2,1,1,3.0,13055,M,4328925.0,539637.0,13
201600015278,16,8,6,430,5,2,3,1,7.0,13055,M,4330182.0,535814.0,13
201600015279,16,8,2,1000,1,2,3,1,6.0,13055,M,4330274.0,538457.0,13
201600015280,16,8,3,1230,1,2,1,1,2.0,13055,M,4329335.0,540167.0,13
201600015281,16,8,6,1150,1,2,7,1,1.0,13055,M,4328596.0,540424.0,13
201600015282,16,8,7,200,5,2,1,1,6.0,13055,M,4328161.0,542776.0,13
201600015283,16,8,7,400,5,2,1,1,3.0,13055,M,4330208.0,538296.0,13
201600015284,16,8,7,1945,1,2,3,1,3.0,13055,M,4330867.0,540037.0,13
201600015285,16,8,8,1020,1,2,6,1,6.0,13055,M,4327269.0,539157.0,13
201600015286,16,8,8,1225,1,2,1,1,2.0,13055,M,4331882.0,540852.0,13
201600015287,16,8,8,1530,1,2,1,1,6.0,13055,M,4329737.0,538039.0,13
201600015288,16,8,8,2320,5,2,2,1,6.0,13055,M,4329923.0,538220.0,13
201600015289,16,8,8,2110,5,2,2,1,3.0,13055,M,4327269.0,539157.0,13
201600015290,16,8,1,1845,1,2,1,1,2.0,13055,M,4331547.0,539920.0,13
201600015291,16,8,9,1130,1,2,3,1,3.0,13055,M,4326847.0,538875.0,13
201600015292,16,8,9,1330,1,2,1,1,3.0,13055,M,4333125.0,539855.0,13
201600015293,16,8,9,1350,1,2,1,1,6.0,13055,M,4328230.0,538541.0,13
201600015294,16,8,9,1630,1,2,1,1,2.0,13055,M,4328470.0,538448.0,13
201600015295,16,8,9,1700,1,2,1,8,6.0,13055,M,4327367.0,543358.0,13
201600015296,16,8,9,1815,1,2,1,1,6.0,13055,M,4330448.0,538182.0,13
201600015297,16,8,10,900,1,2,1,1,6.0,13055,M,4335993.0,535759.0,13
201600015298,16,8,11,1445,1,2,1,1,1.0,13055,M,4334774.0,535925.0,13
201600015299,16,8,11,1430,1,2,1,1,6.0,13055,M,4327593.0,539675.0,13
201600015300,16,8,11,1700,1,2,1,1,3.0,13055,M,4330104.0,537033.0,13
201600015301,16,8,11,2030,1,2,1,1,2.0,13055,M,4331849.0,543944.0,13
201600015302,16,8,10,1810,1,2,1,5,2.0,13055,M,4327349.0,536276.0,13
201600015303,16,8,11,1830,1,2,1,1,3.0,13055,M,4329229.0,536106.0,13
201600015304,16,8,12,900,1,2,4,1,2.0,13055,M,4329027.0,539981.0,13
201600015305,16,8,12,1000,1,2,1,1,3.0,13055,M,4330645.0,551007.0,13
201600015306,16,8,12,1810,1,2,1,1,3.0,13055,M,4337216.0,535593.0,13
201600015307,16,8,12,1900,1,2,1,1,6.0,13055,M,4333182.0,536464.0,13
201600015308,16,8,13,10,5,2,1,1,3.0,13055,M,4329314.0,537034.0,13
201600015309,16,8,13,1225,1,2,1,1,2.0,13055,M,4330312.0,540065.0,13
201600015310,16,8,8,1030,1,2,1,1,6.0,13055,M,4330068.0,538093.0,13
201600015311,16,8,13,1700,1,2,1,1,6.0,13055,M,,,13
201600015312,16,8,13,310,5,2,1,1,6.0,13055,M,4326152.0,538751.0,13
201600015313,16,8,13,2130,5,2,1,1,2.0,13055,M,4333564.0,539944.0,13
201600015314,16,8,14,210,5,2,1,1,6.0,13055,M,,,13
201600015315,16,8,14,430,5,2,2,1,3.0,13055,M,4332228.0,541270.0,13
201600015316,16,8,13,1415,1,2,1,1,3.0,13055,M,4327996.0,538706.0,13
201600015317,16,8,14,1300,1,2,1,1,7.0,13055,M,4326817.0,538896.0,13