Num_Acc,an,mois,jour,hrmn,lum,agg,int,atm,col,com,gps,lat,long,dep
201600015318,16,8,15,615,2,2,1,1,3.0,13055,M,4330452.0,537619.0,13
201600015319,16,8,14,800,1,2,1,1,3.0,13055,M,4331645.0,536835.0,13
201600015320,16,8,15,1145,1,2,1,1,4.0,13055,M,4327338.0,539936.0,13
201600015321,16,8,15,140,5,2,1,1,3.0,13055,M,4330590.0,540096.0,13
201600015322,16,8,15,2330,5,2,1,1,1.0,13055,M,4328235.0,539947.0,13
201600015323,16,8,15,1630,1,2,1,1,1.0,13055,M,4327611.0,541732.0,13
201600015324,16,8,11,1820,1,2,9,1,3.0,13055,M,4331378.0,536802.0,13
201600015325,16,8,16,2200,5,2,1,1,6.0,13055,M,4333372.0,543132.0,13
201600015326,16,8,16,1300,1,2,1,1,1.0,13055,M,4336707.0,534353.0,13
201600015327,16,8,17,430,4,1,1,1,6.0,13055,M,4337065.0,535992.0,13
201600015328,16,8,17,730,1,2,6,1,3.0,13055,M,4331252.0,546478.0,13
201600015329,16,8,17,1040,1,2,1,1,4.0,13055,M,4328419.0,534977.0,13
201600015330,16,8,13,1145,1,2,1,1,3.0,13055,M,4332974.0,542883.0,13
201600015331,16,8,12,915,1,2,1,1,5.0,13055,M,4329505.0,540065.0,13
201600015332,16,8,17,2120,5,2,1,1,3.0,13055,M,4327345.0,536268.0,13
201600015333,16,8,18,30,5,2,1,1,7.0,13055,M,4329739.0,536892.0,13
201600015334,16,8,17,2350,5,2,1,1,3.0,13055,M,4322980.0,541471.0,13
201600015335,16,8,17,1845,1,2,1,1,3.0,13055,M,4327350.0,536273.0,13
201600015336,16,6,29,1230,1,2,9,1,2.0,13055,M,4327319.0,539126.0,13
201600015337,16,8,5,1420,1,2,1,1,1.0,13055,M,4329924.0,537618.0,13
201600015338,16,8,18,1615,1,2,1,1,2.0,13055,M,4328903.0,536132.0,13
201600015339,16,8,18,1950,2,1,1,1,6.0,13055,M,4333104.0,536489.0,13
201600015340,16,8,18,530,5,2,1,1,6.0,13055,M,4329756.0,547948.0,13
201600015341,16,8,19,645,2,2,1,1,2.0,13055,M,4331427.0,546250.0,13
201600015342,16,8,19,1220,1,2,1,1,3.0,13055,M,4329001.0,542171.0,13
201600015343,16,8,19,2155,5,2,1,1,1.0,13055,M,4328113.0,539931.0,13
201600015344,16,8,18,1730,1,1,2,1,1.0,13055,M,4329708.0,537351.0,13
201600015345,16,8,20,1000,1,2,2,1,6.0,13055,M,4332615.0,538370.0,13
201600015346,16,8,20,1600,1,2,3,8,3.0,13055,M,4329856.0,538011.0,13
201600015347,16,8,20,2350,5,2,1,1,3.0,13055,M,4328338.0,541291.0,13
201600015348,16,8,21,330,5,2,1,1,6.0,13055,M,4326291.0,538828.0,13
201600015349,16,8,21,1650,1,2,1,1,3.0,13055,M,4337779.0,535665.0,13
201600015350,16,8,21,2140,5,2,1,1,6.0,13055,M,4331303.0,538551.0,13
201600015351,16,8,22,845,1,2,1,1,3.0,13055,M,4328514.0,542590.0,13
201600015352,16,8,22,1615,1,2,1,1,6.0,13055,M,4326854.0,540824.0,13
201600015353,16,8,22,1655,1,2,1,1,6.0,13055,M,4331328.0,546364.0,13
201600015354,16,8,22,1950,1,1,1,1,5.0,13055,M,4328672.0,547993.0,13
201600015355,16,8,17,1900,1,2,3,1,3.0,13055,M,4229340.0,539580.0,13
201600015356,16,8,23,1230,1,2,1,1,1.0,13055,M,4333141.0,538926.0,13
201600015357,16,8,19,845,1,2,3,1,1.0,13055,M,4329162.0,541055.0,13
201600015358,16,8,23,1506,1,2,2,1,3.0,13055,M,4330081.0,538162.0,13
201600015359,16,8,23,1730,1,2,1,1,2.0,13055,M,4332962.0,537601.0,13
201600015360,16,8,23,1445,1,2,1,1,7.0,13055,M,4332526.0,537907.0,13
201600015361,16,8,23,1930,1,2,1,1,1.0,13055,M,4324411.0,537132.0,13
201600015362,16,8,23,2000,2,2,1,1,2.0,13055,M,4333068.0,540473.0,13
201600015363,16,8,21,410,5,2,1,1,6.0,13055,M,4331420.0,537610.0,13
201600015364,16,8,17,1700,1,2,1,1,6.0,13055,M,4331786.0,540590.0,13
201600015365,16,8,22,1900,1,2,1,1,5.0,13055,M,4328642.0,541645.0,13
201600015366,16,8,22,1220,1,2,6,1,1.0,13055,M,4337019.0,534631.0,13
201600015367,16,8,24,1110,1,2,3,1,3.0,13055,M,4328869.0,545794.0,13
201600015368,16,8,24,1451,1,2,1,1,6.0,13055,M,4331183.0,537232.0,13
201600015369,16,8,24,1200,1,2,1,1,3.0,13055,M,4333445.0,543766.0,13
201600015370,16,8,25,515,5,1,1,1,3.0,13055,M,4333034.0,538914.0,13
201600015371,16,8,24,1200,1,2,3,1,3.0,13055,M,4331257.0,536678.0,13
201600015372,16,7,29,2015,2,2,1,1,5.0,13055,M,4325624.0,537664.0,13
201600015373,16,8,8,640,1,1,1,1,3.0,13055,M,4328890.0,540029.0,13
201600015374,16,8,24,1900,1,2,1,1,6.0,13055,M,4327469.0,539000.0,13
201600015375,16,8,24,1800,1,2,1,1,3.0,13055,M,4326649.0,539562.0,13
201600015376,16,8,24,1818,1,2,1,1,6.0,13055,M,4328034.0,539917.0,13
201600015377,16,8,25,1330,1,2,6,1,3.0,13055,M,4328505.0,542544.0,13
201600015378,16,8,25,1755,1,1,1,1,6.0,13055,M,4329574.0,544643.0,13
201600015379,16,8,25,1910,1,2,1,1,2.0,13055,M,4327335.0,539261.0,13
201600015380,16,8,26,810,1,2,1,1,1.0,13055,M,,,13
201600015381,16,8,26,650,1,2,1,1,1.0,13055,M,4334783.0,535949.0,13
201600015382,16,8,21,1840,1,2,1,1,3.0,13055,M,4328280.0,539281.0,13
201600015383,16,8,17,945,1,1,1,1,3.0,13055,M,4326033.0,539398.0,13
201600015384,16,8,26,1230,1,2,1,1,6.0,13055,M,4334377.0,536574.0,13
201600015385,16,8,26,330,5,2,2,1,3.0,13055,M,4328264.0,539952.0,13
201600015386,16,8,25,2125,5,2,3,1,2.0,13055,M,,,13
201600015387,16,8,26,120,5,2,1,1,6.0,13055,M,4331492.0,540316.0,13
201600015388,16,8,26,1930,1,2,2,1,2.0,13055,M,4327583.0,541722.0,13
201600015389,16,8,26,2310,5,2,1,1,3.0,13055,M,4336383.0,535705.0,13
201600015390,16,8,27,920,1,2,1,1,3.0,13055,M,4328889.0,540894.0,13
201600015391,16,8,27,1230,1,2,3,1,3.0,13055,M,4327634.0,538947.0,13
201600015392,16,8,27,1430,1,2,1,1,3.0,13055,M,4324415.0,537146.0,13
201600015393,16,8,27,1530,1,2,2,1,3.0,13055,M,4331747.0,538990.0,13
201600015394,16,8,27,1930,1,2,4,1,3.0,13055,M,4326235.0,537559.0,13
201600015395,16,8,28,245,5,2,1,1,3.0,13055,M,4325002.0,537530.0,13
201600015396,16,8,28,2225,5,2,2,1,3.0,13055,M,4329281.0,537984.0,13
201600015397,16,8,28,2115,5,2,1,1,4.0,13055,M,4324215.0,536751.0,13
201600015398,16,8,28,2300,5,2,1,1,3.0,13055,M,4328506.0,541295.0,13
201600015399,16,8,28,1050,1,2,1,1,2.0,13055,M,4333096.0,537302.0,13
201600015400,16,8,29,900,1,2,1,1,1.0,13055,M,4328539.0,538399.0,13
201600015401,16,8,25,1215,1,2,2,1,3.0,13055,M,4328163.0,542751.0,13
201600015402,16,8,23,1630,1,2,1,1,6.0,13055,M,4329805.0,537993.0,13
201600015403,16,8,29,1745,1,2,3,1,3.0,13055,M,4333062.0,539895.0,13
201600015404,16,8,30,750,1,2,1,1,1.0,13055,M,4324195.0,536711.0,13
201600015405,16,8,29,1955,1,2,1,1,6.0,13055,M,4323868.0,540835.0,13
201600015406,16,8,30,810,1,2,4,1,3.0,13055,M,4328369.0,540074.0,13
201600015407,16,8,30,1300,1,2,1,1,6.0,13055,M,4337066.0,535991.0,13
201600015408,16,8,25,1815,1,2,1,1,2.0,13055,M,4328945.0,536396.0,13
201600015409,16,8,30,1415,1,2,1,1,2.0,13055,M,4329936.0,543668.0,13
201600015410,16,8,30,1800,1,1,3,1,6.0,13055,M,4327947.0,539877.0,13
201600015411,16,8,30,1930,1,2,1,1,4.0,13055,M,4327732.0,538356.0,13
201600015412,16,8,30,2100,5,2,1,1,6.0,13055,M,4329581.0,544663.0,13
201600015413,16,8,31,1,5,2,1,1,6.0,13055,M,4337200.0,535602.0,13
201600015414,16,8,31,508,2,2,1,1,6.0,13055,M,4329118.0,536913.0,13
201600015415,16,8,30,1850,1,2,3,1,3.0,13055,M,4329035.0,535921.0,13
201600015416,16,8,30,1920,1,2,1,2,3.0,13055,M,4327878.0,542829.0,13
201600015417,16,8,31,1700,1,2,1,1,5.0,13055,M,4329849.0,541968.0,13
201600015418,16,8,30,1800,1,2,1,1,1.0,13055,M,4336153.0,534241.0,13
201600015419,16,8,31,2020,2,2,1,1,3.0,13055,M,4332942.0,537485.0,13
201600015420,16,8,31,2130,3,2,1,1,2.0,13055,M,4336052.0,534265.0,13
201600015421,16,8,31,1800,1,2,1,1,6.0,13055,M,4329794.0,537718.0,13
201600015422,16,8,31,1515,1,2,1,1,5.0,13055,M,4328905.0,540867.0,13
201600015423,16,9,1,1000,1,2,1,1,3.0,13002,M,4332400.0,547318.0,13
201600015424,16,9,1,1300,1,2,3,1,3.0,13055,M,4328873.0,545833.0,13
201600015425,16,9,1,1340,1,2,1,1,6.0,13055,M,4329640.0,537608.0,13
201600015426,16,9,1,1200,1,2,1,1,3.0,13055,M,4337737.0,535652.0,13
201600015427,16,9,1,1600,1,2,1,1,3.0,13055,M,4334249.0,542027.0,13
201600015428,16,9,1,2230,5,2,1,1,3.0,13055,M,4332359.0,537402.0,13
201600015429,16,8,25,1530,1,2,1,1,3.0,13055,M,4331593.0,540075.0,13
201600015430,16,9,2,1030,1,2,1,1,2.0,13055,M,4328924.0,549921.0,13
201600015431,16,9,2,1530,1,2,1,1,3.0,13055,M,4333171.0,539849.0,13
201600015432,16,9,2,1720,1,2,1,1,7.0,13055,M,4329826.0,537664.0,13
201600015433,16,9,2,2330,5,2,9,1,1.0,13055,M,4328869.0,545794.0,13
201600015434,16,9,2,2325,1,2,1,1,1.0,13055,M,4330686.0,539270.0,13
201600015435,16,9,3,1105,1,2,1,1,3.0,13055,M,4331611.0,540388.0,13
201600015436,16,8,31,1200,1,2,1,1,6.0,13055,M,4335032.0,537459.0,13
201600015437,16,8,30,730,1,2,2,1,7.0,13055,M,4329242.0,537494.0,13
201600015438,16,9,4,130,5,2,1,1,3.0,13055,M,4327969.0,541039.0,13
201600015439,16,9,4,500,5,2,3,1,3.0,13055,M,4327959.0,541061.0,13
201600015440,16,9,4,1130,1,2,1,1,6.0,13055,M,4332881.0,536573.0,13
201600015441,16,9,4,1030,1,1,1,1,6.0,13002,M,4337329.0,555186.0,13
201600015442,16,9,4,1700,1,2,1,1,3.0,13055,M,4328156.0,539947.0,13
201600015443,16,9,4,1820,1,2,2,1,3.0,13055,M,4328141.0,540507.0,13
201600015444,16,9,4,1610,1,2,1,1,1.0,13055,M,4333040.0,537851.0,13
201600015445,16,8,31,932,1,2,2,1,3.0,13055,M,4330294.0,540081.0,13
201600015446,16,9,5,655,5,2,3,1,1.0,13055,M,4327386.0,538501.0,13
201600015447,16,9,5,815,1,2,1,1,4.0,13055,M,4325381.0,538125.0,13
201600015448,16,9,5,1500,1,2,2,1,3.0,13055,M,4331484.0,543793.0,13
201600015449,16,9,5,1430,1,2,2,1,1.0,13055,M,4328565.0,538256.0,13
201600015450,16,9,5,1250,1,2,1,1,3.0,13055,M,4328608.0,542570.0,13
201600015451,16,9,5,2130,5,2,5,1,3.0,13055,M,4329904.0,538529.0,13
201600015452,16,9,3,1040,1,2,1,1,6.0,13055,M,4330799.0,540088.0,13
201600015453,16,9,3,1900,1,2,3,1,6.0,13055,M,4330346.0,539342.0,13
201600015454,16,8,30,1030,1,2,1,1,6.0,13055,M,4331111.0,540183.0,13
201600015455,16,8,31,1740,1,2,1,1,6.0,13055,M,4329166.0,540025.0,13
201600015456,16,9,1,1730,1,2,1,1,3.0,13055,M,4334762.0,535903.0,13
201600015457,16,9,6,1600,1,2,1,1,1.0,13055,M,4333776.0,543737.0,13
201600015458,16,9,6,1250,1,2,1,1,2.0,13055,M,4327069.0,539232.0,13
201600015459,16,9,6,1915,1,2,1,1,6.0,13055,M,4329099.0,538147.0,13
201600015460,16,9,7,1615,1,2,1,1,3.0,13055,M,4334275.0,538608.0,13
201600015461,16,9,7,410,5,2,1,1,6.0,13055,M,4334012.0,538749.0,13
201600015462,16,9,7,2115,5,2,2,1,3.0,13055,M,4329988.0,539968.0,13
201600015463,16,9,7,2230,5,2,1,1,1.0,13055,M,4324925.0,545102.0,13
201600015464,16,9,2,530,5,2,1,1,3.0,13055,M,4328569.0,538368.0,13
201600015465,16,9,8,915,1,2,1,1,7.0,13055,M,4332899.0,536569.0,13
201600015466,16,9,8,1000,1,2,6,1,5.0,13055,M,4325074.0,540381.0,13
201600015467,16,9,8,1015,1,2,2,1,3.0,13055,M,4327457.0,538684.0,13
201600015468,16,9,8,1230,1,2,1,1,6.0,13055,M,4325718.0,539421.0,13
201600015469,16,9,8,1435,1,1,1,1,3.0,13055,M,4326504.0,539113.0,13
201600015470,16,9,8,1820,1,2,1,1,6.0,13002,M,4333842.0,547936.0,13
201600015471,16,9,8,2015,5,2,1,1,6.0,13055,M,4324419.0,537956.0,13
201600015472,16,9,9,30,5,1,1,1,7.0,13055,M,4335946.0,528618.0,13
201600015473,16,9,9,835,1,2,3,1,3.0,13055,M,4332738.0,535526.0,13
201600015474,16,9,9,840,1,2,1,1,3.0,13055,M,4332524.0,543368.0,13
201600015475,16,9,5,1200,1,2,1,1,6.0,13055,M,4330558.0,538131.0,13
201600015476,16,9,9,1000,1,2,1,1,5.0,13055,M,4336046.0,533830.0,13
201600015477,16,9,9,1330,1,2,1,1,6.0,13055,M,4331809.0,537476.0,13
201600015478,16,9,6,1130,1,2,1,1,1.0,13055,M,4329791.0,537282.0,13
201600015479,16,9,6,900,1,2,1,1,6.0,13055,M,4328945.0,536404.0,13
201600015480,16,9,9,1635,1,2,2,1,3.0,13055,M,4328589.0,538782.0,13
201600015481,16,9,9,2130,5,2,1,1,2.0,13055,M,4327860.0,538618.0,13
201600015482,16,9,10,10,5,2,1,1,3.0,13055,M,4327374.0,539325.0,13
201600015483,16,9,10,1045,1,2,1,1,2.0,13055,M,4325320.0,537594.0,13
201600015484,16,9,6,840,1,2,1,1,3.0,13055,M,4333040.0,535904.0,13
201600015485,16,9,10,1420,1,2,1,1,7.0,13055,M,4330442.0,540897.0,13
201600015486,16,9,10,1430,1,2,1,1,1.0,13055,M,4328512.0,537250.0,13
201600015487,16,9,10,1315,1,2,5,1,3.0,13055,M,4328513.0,542592.0,13
201600015488,16,9,6,1215,1,1,1,1,3.0,13055,M,4330522.0,541679.0,13
201600015489,16,9,6,645,2,2,1,1,6.0,13055,M,4331143.0,540352.0,13
201600015490,16,9,11,1430,1,2,1,1,6.0,13055,M,4332609.0,536119.0,13
201600015491,16,9,11,1420,1,2,1,1,2.0,13055,M,4329947.0,540073.0,13
201600015492,16,8,9,1130,1,1,2,1,3.0,13055,M,4331105.0,536954.0,13
201600015493,16,9,11,1625,1,2,1,1,3.0,13055,M,4326617.0,540095.0,13
201600015494,16,9,11,2105,5,2,1,1,2.0,13002,M,4333796.0,547114.0,13
201600015495,16,9,11,2150,5,2,1,1,6.0,13055,M,4329455.0,537449.0,13
201600015496,16,7,17,2330,5,2,1,1,6.0,13055,M,4329399.0,537387.0,13
201600015497,16,9,12,36,5,1,1,1,6.0,13055,M,4332725.0,535677.0,13
201600015498,16,9,11,1030,1,2,1,1,3.0,13055,M,4324692.0,539611.0,13
201600015499,16,9,12,830,1,2,1,1,6.0,13055,M,4330644.0,542062.0,13
201600015500,16,9,5,1700,1,2,3,1,6.0,13055,M,4328207.0,538625.0,13
201600015501,16,9,12,1500,1,2,1,1,6.0,13055,M,4325463.0,542046.0,13
201600015502,16,9,6,1838,1,2,1,1,2.0,13055,M,4331278.0,540465.0,13
201600015503,16,9,12,2345,5,2,1,1,2.0,13055,M,4327923.0,541425.0,13
201600015504,16,9,11,1820,1,2,2,1,3.0,13055,M,4336165.0,530643.0,13
201600015505,16,9,12,1730,1,2,1,1,5.0,13055,M,4328817.0,550329.0,13
201600015506,16,9,13,930,1,2,3,1,3.0,13075,M,4333765.0,545280.0,13
201600015507,16,9,12,2018,2,2,1,1,3.0,13215,M,4332943.0,536431.0,13
201600015508,16,9,13,1150,1,2,3,1,3.0,13055,M,4333904.0,539241.0,13
201600015509,16,9,9,1000,1,2,3,1,3.0,13055,M,4330791.0,537959.0,13
201600015510,16,9,14,215,5,2,1,1,7.0,13055,M,4325440.0,537639.0,13
201600015511,16,9,14,110,5,1,1,1,7.0,13055,M,4332226.0,539225.0,13
201600015512,16,9,7,840,1,2,2,1,6.0,13055,M,4329036.0,537082.0,13
201600015513,16,8,31,1630,1,2,1,1,4.0,13055,M,4330463.0,547177.0,13
201600015514,16,9,8,645,1,2,1,1,6.0,13055,M,4328802.0,538842.0,13
201600015515,16,9,14,520,5,2,1,1,2.0,13055,M,4330436.0,541408.0,13
201600015516,16,9,14,805,1,2,1,1,6.0,13055,M,4335251.0,535776.0,13
201600015517,16,9,14,1310,1,2,1,2,1.0,13055,M,4337840.0,535814.0,13
201600015518,16,9,14,1245,1,2,1,2,2.0,13055,M,4331802.0,540609.0,13
201600015519,16,9,13,1330,1,2,1,1,7.0,13055,M,4329515.0,538881.0,13
201600015520,16,9,14,1510,1,2,1,2,3.0,13055,M,4332789.0,541877.0,13
201600015521,16,9,14,1615,1,2,1,1,3.0,13055,M,4330491.0,540009.0,13
201600015522,16,9,14,1820,1,2,6,1,7.0,13055,M,4331620.0,540772.0,13
201600015523,16,9,15,700,1,2,1,8,7.0,13055,M,4327964.0,535365.0,13
201600015524,16,9,15,745,1,2,1,1,6.0,13055,M,4324752.0,540679.0,13
201600015525,16,8,25,1030,1,2,1,1,6.0,13055,M,4329600.0,536519.0,13
201600015526,16,9,15,1640,1,2,3,1,3.0,13055,M,4325010.0,539594.0,13
201600015527,16,9,15,1700,1,2,1,1,3.0,13055,M,4328849.0,542915.0,13
201600015528,16,9,15,145,5,2,9,1,6.0,13055,M,4328235.0,539945.0,13
201600015529,16,9,16,445,5,2,1,3,6.0,13055,M,4332650.0,539462.0,13
201600015530,16,9,16,840,1,1,1,1,6.0,13055,M,4325412.0,542100.0,13
201600015531,16,9,16,750,1,1,3,2,3.0,13106,M,4340917.0,536796.0,13
201600015532,16,9,16,1020,1,2,1,1,1.0,13055,M,4334243.0,536544.0,13
201600015533,16,9,9,1640,1,2,1,1,3.0,13055,M,4328328.0,540131.0,13
201600015534,16,9,15,1945,5,2,1,1,2.0,13055,M,4333233.0,541972.0,13
201600015535,16,9,16,2020,5,2,1,1,6.0,13002,M,4333962.0,548183.0,13
201600015536,16,9,17,30,5,2,1,1,6.0,13055,M,4328924.0,546638.0,13
201600015537,16,9,16,1615,1,2,1,1,3.0,13055,M,4326934.0,538647.0,13
201600015538,16,9,15,1520,1,2,1,1,3.0,13055,M,4328966.0,539768.0,13
201600015539,16,9,17,725,2,2,2,1,3.0,13055,M,4329762.0,538103.0,13
201600015540,16,9,17,830,1,2,1,1,4.0,13055,M,4330390.0,542868.0,13
201600015541,16,9,17,1200,1,2,1,1,7.0,13055,M,4328310.0,542714.0,13
201600015542,16,9,17,1715,1,2,1,1,6.0,13055,M,4336667.0,536833.0,13
201600015543,16,9,5,1815,1,2,7,1,6.0,13055,M,4328590.0,538345.0,13
201600015544,16,9,12,1615,1,2,1,1,6.0,13055,M,4330240.0,540074.0,13
201600015545,16,9,8,1100,1,2,1,1,6.0,13055,M,4329415.0,537423.0,13
201600015546,16,9,19,815,1,2,1,1,6.0,13055,M,4331605.0,540396.0,13
201600015547,16,9,19,805,1,2,1,1,3.0,13055,M,4328661.0,540991.0,13
201600015548,16,9,19,840,1,2,3,1,3.0,13055,M,4324598.0,541961.0,13
201600015549,16,9,19,1315,1,2,2,1,3.0,13055,M,4330060.0,538837.0,13
201600015550,16,8,20,1430,1,2,3,1,3.0,13055,M,4331494.0,538766.0,13
201600015551,16,9,19,1800,1,2,1,1,6.0,13055,M,4336990.0,535630.0,13
201600015552,16,9,19,1945,2,2,2,1,2.0,13055,M,4328986.0,536630.0,13
201600015553,16,8,24,1430,1,2,1,1,3.0,13055,M,4329878.0,537409.0,13
201600015554,16,9,20,530,5,2,1,1,6.0,13055,M,4330761.0,540181.0,13
201600015555,16,9,18,1730,1,2,1,1,2.0,13055,M,4327971.0,538606.0,13
201600015556,16,9,1,1130,1,2,1,1,7.0,13055,M,4328978.0,538376.0,13
201600015557,16,9,20,730,1,2,1,1,5.0,13055,M,4330227.0,540076.0,13
201600015558,16,9,20,1525,1,2,1,1,2.0,13055,M,4325346.0,540500.0,13
201600015559,16,9,17,305,5,2,2,1,3.0,13055,M,4329873.0,539958.0,13
201600015560,16,9,20,1850,1,2,1,1,3.0,13055,M,4326989.0,539256.0,13
201600015561,16,9,20,1825,1,2,1,1,1.0,13055,M,4324926.0,545103.0,13
201600015562,16,9,21,745,1,2,1,1,1.0,13055,M,4337065.0,535994.0,13
201600015563,16,9,16,1640,1,2,1,1,6.0,13055,M,4335222.0,536548.0,13
201600015564,16,9,21,1500,1,2,5,1,3.0,13055,M,4328483.0,542409.0,13
201600015565,16,9,21,1340,1,2,1,1,6.0,13055,M,4326932.0,538635.0,13
201600015566,16,9,21,1550,1,2,6,1,2.0,13055,M,4327350.0,543283.0,13
201600015567,16,9,21,1900,1,2,1,1,2.0,13055,M,4337230.0,534908.0,13
201600015568,16,9,22,10,1,1,1,1,1.0,13106,M,4340008.0,536554.0,13
201600015569,16,9,21,1200,1,2,1,1,3.0,13055,M,4327974.0,539507.0,13
201600015570,16,9,21,1045,1,2,1,7,3.0,13055,M,4328431.0,538467.0,13
201600015571,16,9,15,1950,1,2,2,1,3.0,13055,M,4329686.0,537372.0,13
201600015572,16,9,22,1830,1,2,1,1,3.0,13002,M,4332844.0,548343.0,13
201600015573,16,9,22,2345,3,2,1,1,6.0,13055,M,4333052.0,536659.0,13
201600015574,16,9,23,820,1,2,3,7,3.0,13075,M,4334307.0,546848.0,13
201600015575,16,9,20,1215,1,2,1,1,2.0,13055,M,4327986.0,538715.0,13
201600015576,16,9,23,1745,1,2,3,1,5.0,13055,M,4333333.0,539886.0,13
201600015577,16,9,23,2030,5,2,4,1,3.0,13055,M,4328391.0,535731.0,13
201600015578,16,9,23,2315,3,2,2,1,4.0,13055,M,4331387.0,540563.0,13
201600015579,16,9,21,1819,1,2,2,1,3.0,13055,M,4330161.0,538167.0,13
201600015580,16,9,22,1345,1,1,1,1,2.0,13055,M,4330779.0,540197.0,13
201600015581,16,9,24,1300,1,2,3,1,1.0,13055,M,4329359.0,547396.0,13
201600015582,16,9,24,1700,1,2,1,1,3.0,13055,M,4333413.0,540188.0,13
201600015583,16,9,24,2130,5,2,3,1,3.0,13055,M,4331324.0,536629.0,13
201600015584,16,9,25,210,5,2,1,1,3.0,13055,M,4336896.0,535644.0,13
201600015585,16,9,23,1725,1,2,1,1,1.0,13055,M,4327991.0,537500.0,13
201600015586,16,9,25,430,5,2,1,1,3.0,13055,M,4328866.0,546202.0,13
201600015587,16,9,25,450,5,2,3,1,3.0,13055,M,4326408.0,537818.0,13
201600015588,16,9,22,1100,1,2,1,1,2.0,13055,M,4325928.0,540053.0,13
201600015589,16,9,25,1345,1,2,3,1,3.0,13055,M,4325012.0,539594.0,13
201600015590,16,9,25,1820,1,2,1,1,6.0,13055,M,4328826.0,545590.0,13
201600015591,16,9,25,130,5,2,1,1,3.0,13055,M,4329352.0,538187.0,13
201600015592,16,9,25,2330,5,2,1,1,1.0,13055,M,4327294.0,536294.0,13
201600015593,16,9,23,1920,2,2,2,1,3.0,13055,M,4327935.0,540776.0,13
201600015594,16,9,26,700,1,2,1,1,5.0,13055,M,4329116.0,539996.0,13
201600015595,16,9,26,1400,1,2,6,1,6.0,13055,M,4329107.0,547296.0,13
201600015596,16,9,26,1420,1,2,3,1,1.0,13075,M,4333766.0,545280.0,13
201600015597,16,9,26,2120,5,2,1,1,6.0,13055,M,4326699.0,540805.0,13
201600015598,16,9,27,950,1,2,6,1,2.0,13055,M,4342472.0,527870.0,13
201600015599,16,9,27,910,1,2,1,1,3.0,13055,M,4333123.0,536485.0,13
201600015600,16,9,27,1400,1,2,4,1,3.0,13055,M,4330437.0,541420.0,13
201600015601,16,9,3,1650,1,2,2,1,3.0,13055,M,4329937.0,539966.0,13
201600015602,16,9,27,1508,1,2,6,1,3.0,13055,M,4328518.0,542592.0,13
201600015603,16,9,27,1705,1,2,1,1,2.0,13055,M,4330354.0,539771.0,13
201600015604,16,9,27,1645,1,2,1,1,6.0,13055,M,4335214.0,535385.0,13
201600015605,16,9,28,615,5,2,1,1,7.0,13055,M,4330940.0,538637.0,13
201600015606,16,9,28,530,5,1,1,1,1.0,13055,M,4333056.0,537120.0,13
201600015607,16,9,28,930,1,2,4,1,4.0,13055,M,4325878.0,539906.0,13
201600015608,16,9,28,1120,1,2,1,1,2.0,13055,M,4334379.0,537815.0,13
201600015609,16,9,28,930,1,2,2,1,3.0,13055,M,4330290.0,540042.0,13
201600015610,16,9,27,2000,5,2,1,2,1.0,13055,M,4325253.0,542108.0,13
201600015611,16,9,22,1440,1,2,1,1,6.0,13055,M,4328974.0,538373.0,13
201600015612,16,9,28,1415,1,2,1,1,2.0,13055,M,4327844.0,539927.0,13
201600015613,16,9,28,1400,1,2,1,1,2.0,13055,M,4324677.0,538440.0,13
201600015614,16,9,28,1330,1,2,1,1,1.0,13002,M,4335668.0,548762.0,13
201600015615,16,9,28,2130,5,2,2,1,3.0,13055,M,4328521.0,539087.0,13
201600015616,16,9,27,1840,2,2,4,3,3.0,13055,M,4327390.0,538504.0,13
201600015617,16,9,21,1925,1,2,1,1,6.0,13055,M,4326850.0,540672.0,13
201600015618,16,9,29,1645,1,1,1,1,7.0,13055,M,4337535.0,534748.0,13
201600015619,16,9,29,1945,5,2,2,1,3.0,13055,M,4328645.0,538548.0,13
201600015620,16,9,29,2030,5,2,1,1,3.0,13055,M,4329902.0,541323.0,13
201600015621,16,9,29,2150,5,2,1,1,3.0,13055,M,4334928.0,535885.0,13
201600015622,16,9,29,2150,5,2,1,1,7.0,13055,M,4325952.0,538645.0,13
201600015623,16,9,29,1220,1,2,1,1,6.0,13055,M,4332368.0,538473.0,13
201600015624,16,9,30,830,1,2,1,1,7.0,13106,M,4339914.0,536788.0,13
201600015625,16,9,29,1830,1,2,1,1,1.0,13002,M,4335181.0,547754.0,13
201600015626,16,9,30,1330,1,2,1,2,2.0,13055,M,4331490.0,546207.0,13
201600015627,16,9,29,1650,1,2,1,1,6.0,13055,M,4331051.0,546561.0,13
201600015628,16,9,29,1930,2,2,1,1,6.0,13055,M,4331709.0,543773.0,13
201600015629,16,9,30,1330,1,2,1,3,4.0,13055,M,4328552.0,544163.0,13