Num_Acc,an,mois,jour,hrmn,lum,agg,int,atm,col,com,gps,lat,long,dep
201600015630,16,9,29,1645,1,2,1,1,3.0,13055,M,4331700.0,539863.0,13
201600015631,16,9,30,2040,5,2,1,1,6.0,13055,M,4330133.0,539208.0,13
201600015632,16,9,30,1900,5,2,3,1,3.0,13055,M,4331561.0,540376.0,13
201600015633,16,9,30,2145,5,2,1,1,3.0,13055,M,4327091.0,542491.0,13
201600015634,16,9,30,2315,5,2,1,1,7.0,13055,M,4328797.0,545850.0,13
201600015635,16,9,30,1900,2,2,1,1,2.0,13055,M,4329197.0,540270.0,13
201600015636,16,10,1,530,5,2,1,2,7.0,13055,M,4331114.0,540343.0,13
201600015637,16,9,17,1540,1,2,2,1,3.0,13055,M,4331426.0,536972.0,13
201600015638,16,10,1,1155,1,2,1,2,6.0,13106,M,4340280.0,535724.0,13
201600015639,16,10,1,1715,1,2,2,1,3.0,13055,M,4328043.0,538716.0,13
201600015640,16,9,20,715,1,2,1,1,1.0,13055,M,4328941.0,536397.0,13
201600015641,16,10,1,1200,1,2,1,2,2.0,13055,M,4337447.0,535570.0,13
201600015642,16,10,2,1010,1,2,1,1,6.0,13055,M,4323210.0,535573.0,13
201600015643,16,10,2,1310,1,2,6,1,3.0,13055,M,4326286.0,540453.0,13
201600015644,16,10,3,1825,1,2,1,1,2.0,13055,M,4328623.0,538116.0,13
201600015645,16,10,3,800,1,2,1,1,2.0,13055,M,4326637.0,538179.0,13
201600015646,16,10,3,830,1,2,3,1,5.0,13055,M,4329598.0,536625.0,13
201600015647,16,10,3,840,2,2,1,1,6.0,13055,M,4331567.0,542655.0,13
201600015648,16,10,3,1030,1,1,1,1,1.0,13055,M,4329997.0,540490.0,13
201600015649,16,9,12,1220,1,2,3,1,3.0,13055,M,4330320.0,537393.0,13
201600015650,16,9,22,1500,1,2,1,1,3.0,13055,M,4329771.0,537208.0,13
201600015651,16,10,3,1430,1,2,1,1,1.0,13055,M,4328500.0,541283.0,13
201600015652,16,10,3,1550,1,2,6,1,3.0,13055,M,4329089.0,542650.0,13
201600015653,16,10,3,1835,2,2,2,1,5.0,13055,M,4329761.0,538102.0,13
201600015654,16,10,3,2150,5,2,1,1,3.0,13055,M,4329310.0,537009.0,13
201600015655,16,10,3,2100,5,2,1,1,6.0,13055,M,4328542.0,538368.0,13
201600015656,16,10,3,2120,5,2,2,1,3.0,13055,M,4331551.0,536497.0,13
201600015657,16,10,4,20,5,2,1,1,6.0,13055,M,4323944.0,540776.0,13
201600015658,16,9,20,1835,1,2,1,1,2.0,13055,M,4330469.0,541557.0,13
201600015659,16,10,3,1205,1,2,3,1,3.0,13055,M,4328993.0,538757.0,13
201600015660,16,10,3,1815,1,2,1,1,3.0,13055,M,4327271.0,540091.0,13
201600015661,16,10,3,1515,1,2,1,1,6.0,13055,M,4329202.0,538277.0,13
201600015662,16,10,4,1500,1,2,1,1,3.0,13055,M,4332548.0,544152.0,13
201600015663,16,10,4,1400,1,2,1,1,3.0,13055,M,4334806.0,536240.0,13
201600015664,16,10,4,1710,1,2,1,1,5.0,13055,M,4332458.0,542116.0,13
201600015665,16,10,4,1730,1,2,1,1,3.0,13055,M,4329438.0,549149.0,13
201600015666,16,10,4,2150,5,2,7,1,5.0,13055,M,4329522.0,538724.0,13
201600015667,16,10,4,1900,1,2,1,1,2.0,13055,M,4328385.0,544279.0,13
201600015668,16,10,4,1320,1,2,1,1,6.0,13055,M,4332099.0,538042.0,13
201600015669,16,9,22,1500,1,2,1,1,6.0,13055,M,4332789.0,539705.0,13
201600015670,16,10,4,1800,1,2,1,1,3.0,13055,M,4337063.0,534699.0,13
201600015671,16,10,4,1830,1,2,1,1,6.0,13055,M,4331285.0,543090.0,13
201600015672,16,10,3,1640,1,2,3,1,6.0,13055,M,4328677.0,538681.0,13
201600015673,16,10,5,850,1,2,1,1,6.0,13055,M,4330915.0,538026.0,13
201600015674,16,10,5,1500,1,2,1,1,1.0,13055,M,4330367.0,547458.0,13
201600015675,16,10,5,1525,1,2,1,1,1.0,13055,M,4327852.0,539250.0,13
201600015676,16,10,5,1645,1,2,1,1,2.0,13055,M,4336507.0,534687.0,13
201600015677,16,8,31,2055,2,2,1,1,6.0,13055,M,,,13
201600015678,16,10,5,2115,4,2,6,1,3.0,13055,M,4328597.0,538400.0,13
201600015679,16,10,6,630,5,2,1,1,3.0,13055,M,4334764.0,535906.0,13
201600015680,16,10,6,1315,1,2,1,1,3.0,13055,M,4328942.0,539676.0,13
201600015681,16,10,6,1230,1,2,1,2,1.0,13055,M,4330061.0,545004.0,13
201600015682,16,10,6,1400,1,2,3,3,7.0,13055,M,4328840.0,545171.0,13
201600015683,16,10,6,1630,1,2,1,2,3.0,13055,M,4336797.0,536307.0,13
201600015684,16,10,6,1900,5,2,1,2,3.0,13055,M,4336668.0,535675.0,13
201600015685,16,10,5,1615,1,2,1,1,6.0,13055,M,4328575.0,538320.0,13
201600015686,16,10,7,845,1,2,1,1,2.0,13055,M,4323549.0,539897.0,13
201600015687,16,10,7,830,1,2,1,1,1.0,13055,M,4328552.0,544161.0,13
201600015688,16,10,7,1315,1,2,1,1,3.0,13075,M,4334261.0,546979.0,13
201600015689,16,10,7,1315,1,2,1,1,6.0,13055,M,4333175.0,543386.0,13
201600015690,16,9,28,1055,1,2,1,1,3.0,13055,M,4329852.0,538092.0,13
201600015691,16,10,7,2320,5,2,1,1,3.0,13055,M,4333156.0,535493.0,13
201600015692,16,10,7,1230,1,2,1,1,3.0,13055,M,4333570.0,539929.0,13
201600015693,16,10,8,725,2,2,2,1,6.0,13055,M,4329640.0,537764.0,13
201600015694,16,10,8,1345,1,1,1,1,7.0,13002,M,4336178.0,549387.0,13
201600015695,16,10,3,1155,1,2,1,1,6.0,13055,M,4329015.0,537325.0,13
201600015696,16,10,8,1355,1,2,1,1,4.0,13055,M,4332652.0,543831.0,13
201600015697,16,10,8,1620,1,2,6,1,3.0,13055,M,4328521.0,542608.0,13
201600015698,16,10,9,500,5,2,2,1,3.0,13055,M,4327934.0,539930.0,13
201600015699,16,10,8,1930,2,2,2,1,7.0,13055,M,4326868.0,540390.0,13
201600015700,16,9,30,905,1,2,1,1,6.0,13055,M,4329117.0,537451.0,13
201600015701,16,10,9,1200,1,2,1,1,2.0,13055,M,4328503.0,537465.0,13
201600015702,16,9,30,1100,1,2,1,1,2.0,13055,M,4329206.0,535950.0,13
201600015703,16,10,3,1845,1,2,2,1,6.0,13055,M,4328804.0,536098.0,13
201600015704,16,10,5,740,1,2,3,1,3.0,13055,M,4329662.0,538129.0,13
201600015705,16,10,9,1420,1,2,1,1,3.0,13055,M,4332881.0,538781.0,13
201600015706,16,10,4,1720,1,2,1,1,3.0,13055,M,4328967.0,535679.0,13
201600015707,16,10,9,1910,5,2,1,1,1.0,13055,M,4333717.0,535765.0,13
201600015708,16,10,9,2145,5,2,1,1,3.0,13055,M,4329261.0,539889.0,13
201600015709,16,10,10,55,5,2,2,1,3.0,13055,M,4330172.0,538250.0,13
201600015710,16,10,10,150,5,1,1,1,7.0,13055,M,4332886.0,543143.0,13
201600015711,16,10,10,830,1,2,1,1,3.0,13055,M,4330024.0,538162.0,13
201600015712,16,10,10,915,1,2,6,1,2.0,13055,M,4334775.0,534412.0,13
201600015713,16,10,9,2000,5,2,6,1,3.0,13055,M,4329500.0,548156.0,13
201600015714,16,9,28,1430,1,2,1,1,3.0,13055,M,4329198.0,540206.0,13
201600015715,16,10,4,1620,1,2,1,1,6.0,13055,M,4329857.0,538379.0,13
201600015716,16,10,10,2340,5,2,1,1,3.0,13055,M,4336050.0,533425.0,13
201600015717,16,10,11,620,2,2,1,1,3.0,13055,M,4329048.0,542109.0,13
201600015718,16,10,10,2000,5,2,1,1,6.0,13055,M,4328845.0,538441.0,13
201600015719,16,10,11,1145,1,2,1,1,3.0,13055,M,4324912.0,540200.0,13
201600015720,16,10,11,1550,1,2,6,1,3.0,13055,M,4328521.0,542607.0,13
201600015721,16,9,2,2200,5,2,1,1,6.0,13055,M,4332768.0,536000.0,13
201600015722,16,10,12,5,3,1,1,1,7.0,13055,M,4327940.0,538443.0,13
201600015723,16,10,11,2320,5,2,1,1,6.0,13055,M,4331268.0,536778.0,13
201600015724,16,10,11,1150,1,2,1,1,6.0,13055,M,4333355.0,538544.0,13
201600015725,16,10,6,935,1,2,3,1,3.0,13055,M,4328932.0,536317.0,13
201600015726,16,10,11,1200,1,2,9,1,3.0,13055,M,4329009.0,538359.0,13
201600015727,16,10,12,715,5,2,9,1,6.0,13055,M,4330398.0,537014.0,13
201600015728,16,9,28,1845,2,2,1,1,6.0,13055,M,4331050.0,537147.0,13
201600015729,16,10,12,840,1,2,6,1,3.0,13055,M,4328512.0,542560.0,13
201600015730,16,10,11,1100,1,2,1,1,2.0,13055,M,4327171.0,542725.0,13
201600015731,16,9,29,1315,1,2,1,1,6.0,13055,M,4328732.0,538094.0,13
201600015732,16,10,12,950,1,2,1,1,6.0,13055,M,4332989.0,539446.0,13
201600015733,16,10,12,1545,1,2,1,1,3.0,13055,M,4331811.0,539027.0,13
201600015734,16,10,13,912,1,2,1,1,3.0,13055,M,4328824.0,541036.0,13
201600015735,16,10,13,718,2,2,1,2,2.0,13055,M,4330702.0,541324.0,13
201600015736,16,10,13,1230,1,2,1,1,3.0,13055,M,4333151.0,542841.0,13
201600015737,16,10,13,1820,2,2,1,1,3.0,13055,M,4333322.0,539047.0,13
201600015738,16,10,13,2015,5,2,1,8,6.0,13055,M,4327876.0,542219.0,13
201600015739,16,10,1,800,1,2,1,2,2.0,13055,M,4330628.0,540094.0,13
201600015740,16,10,14,1610,1,2,1,8,2.0,13055,M,4328916.0,542764.0,13
201600015741,16,10,14,1430,1,2,1,2,1.0,13055,M,4329446.0,544266.0,13
201600015742,16,10,14,1930,5,2,1,1,4.0,13055,M,4329276.0,538253.0,13
201600015743,16,10,16,100,5,2,2,1,3.0,13055,M,4328691.0,541250.0,13
201600015744,16,10,16,10,5,2,2,1,3.0,13055,M,4328913.0,538745.0,13
201600015745,16,10,16,645,2,2,1,1,5.0,13055,M,4331463.0,537093.0,13
201600015746,16,10,15,1920,2,2,1,1,6.0,13055,M,4326926.0,538904.0,13
201600015747,16,10,11,1130,1,2,2,1,3.0,13055,M,4329204.0,538030.0,13
201600015748,16,10,16,2300,5,2,1,1,6.0,13055,M,4328801.0,543414.0,13
201600015749,16,10,11,1105,1,2,1,1,6.0,13055,M,4330242.0,537702.0,13
201600015750,16,10,17,820,1,2,1,1,6.0,13055,M,4333106.0,539528.0,13
201600015751,16,10,17,1330,1,2,1,1,1.0,13055,M,4324656.0,540817.0,13
201600015752,16,9,30,1300,1,2,1,2,6.0,13055,M,4336124.0,534491.0,13
201600015753,16,10,17,1730,1,2,1,3,4.0,13055,M,4328891.0,543036.0,13
201600015754,16,10,17,1900,2,2,1,8,1.0,13055,M,4325249.0,539462.0,13
201600015755,16,10,17,1120,1,2,1,1,3.0,13055,M,4337665.0,535629.0,13
201600015756,16,10,18,800,2,2,1,1,3.0,13055,M,4330746.0,536595.0,13
201600015757,16,10,17,1825,3,1,1,3,7.0,13002,M,4336580.0,550266.0,13
201600015758,16,10,18,1415,1,2,1,1,3.0,13055,M,4333163.0,539055.0,13
201600015759,16,9,3,1030,1,2,3,1,3.0,13055,M,4329020.0,537371.0,13
201600015760,16,10,18,2200,5,1,1,1,1.0,13055,M,4328310.0,542714.0,13
201600015761,16,10,7,1230,1,2,1,1,6.0,13055,M,4328377.0,538769.0,13
201600015762,16,10,19,530,5,2,1,1,6.0,13055,M,4334099.0,535217.0,13
201600015763,16,10,19,747,2,2,1,1,6.0,13055,M,4331638.0,538305.0,13
201600015764,16,10,7,830,1,2,1,1,6.0,13055,M,4329179.0,540791.0,13
201600015765,16,10,19,955,1,2,1,1,2.0,13055,M,4325072.0,540338.0,13
201600015766,16,10,19,910,1,1,1,1,6.0,13055,M,4324902.0,539068.0,13
201600015767,16,10,19,1330,1,2,1,1,6.0,13055,M,4328099.0,543891.0,13
201600015768,16,10,15,1220,1,2,2,1,3.0,13055,M,4329993.0,540074.0,13
201600015769,16,6,27,1815,1,2,1,1,2.0,13055,M,4329216.0,537387.0,13
201600015770,16,10,19,2335,5,2,2,1,3.0,13055,M,4328795.0,538345.0,13
201600015771,16,10,19,1130,1,2,1,1,3.0,13055,M,4329675.0,544321.0,13
201600015772,16,10,20,900,1,2,1,1,6.0,13055,M,4331232.0,546522.0,13
201600015773,16,10,20,925,1,1,1,1,5.0,13055,M,4323726.0,549915.0,13
201600015774,16,10,16,1130,1,2,1,1,6.0,13055,M,4327960.0,535351.0,13
201600015775,16,10,20,1500,1,2,3,1,6.0,13055,M,4332778.0,535994.0,13
201600015776,16,10,20,2000,5,2,1,1,4.0,13055,M,4326338.0,539645.0,13
201600015777,16,10,20,2130,5,2,1,1,3.0,13055,M,4330504.0,539861.0,13
201600015778,16,10,16,1115,1,2,1,1,6.0,13055,M,4326886.0,536890.0,13
201600015779,16,10,20,1705,1,2,1,1,6.0,13055,M,4330929.0,537882.0,13
201600015780,16,10,21,740,1,2,1,1,3.0,13055,M,4328650.0,541603.0,13
201600015781,16,10,21,1310,1,2,9,1,1.0,13055,M,4325834.0,539929.0,13
201600015782,16,10,21,1545,1,2,1,1,3.0,13055,M,4330678.0,542137.0,13
201600015783,16,10,21,1245,1,2,3,1,3.0,13002,M,4334537.0,548707.0,13
201600015784,16,10,21,1620,1,2,1,1,3.0,13055,M,4336625.0,535680.0,13
201600015785,16,10,21,2300,5,2,1,1,7.0,13055,M,4330542.0,537315.0,13
201600015786,16,10,22,210,5,2,1,1,7.0,13055,M,4330561.0,537321.0,13
201600015787,16,10,22,900,1,2,1,1,7.0,13002,M,4333826.0,547845.0,13
201600015788,16,10,22,1300,1,2,1,1,6.0,13055,M,4329544.0,539371.0,13
201600015789,16,10,22,1545,1,2,1,1,6.0,13055,M,4334306.0,537801.0,13
201600015790,16,10,22,1610,1,2,1,2,1.0,13055,M,4332657.0,536084.0,13
201600015791,16,10,22,2140,5,2,1,2,7.0,13055,M,4330800.0,539618.0,13
201600015792,16,10,23,2310,5,2,3,1,3.0,13055,M,4328501.0,538964.0,13
201600015793,16,10,24,6,5,2,1,1,3.0,13055,M,4328360.0,538540.0,13
201600015794,16,10,24,250,5,2,1,1,6.0,13055,M,4335092.0,535105.0,13
201600015795,16,9,9,1930,2,2,2,1,2.0,13055,M,4331400.0,540607.0,13
201600015796,16,10,23,710,1,2,3,2,3.0,13055,M,4332908.0,543086.0,13
201600015797,16,10,12,1010,1,2,1,1,6.0,13055,M,4332737.0,537501.0,13
201600015798,16,10,12,700,2,2,1,1,3.0,13055,M,4332978.0,541903.0,13
201600015799,16,10,24,1200,1,2,1,1,3.0,13055,M,4330647.0,551009.0,13
201600015800,16,10,24,1236,1,2,1,1,3.0,13055,M,4328517.0,542583.0,13
201600015801,16,10,20,1230,1,2,1,1,7.0,13055,M,4331280.0,537601.0,13
201600015802,16,10,24,2000,1,2,1,1,3.0,13055,M,4331285.0,536617.0,13
201600015803,16,10,25,1005,1,2,1,2,2.0,13055,M,4329702.0,539443.0,13
201600015804,16,10,25,1340,1,2,1,1,1.0,13055,M,4328077.0,538825.0,13
201600015805,16,10,25,1600,1,2,1,1,6.0,13055,M,0.0,0.0,13
201600015806,16,10,25,1945,5,2,1,1,6.0,13055,M,4323527.0,541092.0,13
201600015807,16,10,25,2045,5,1,1,1,3.0,13055,M,4325326.0,540217.0,13
201600015808,16,10,25,2300,5,2,3,1,3.0,13055,M,4329158.0,540599.0,13
201600015809,16,10,5,1330,1,2,1,1,6.0,13055,M,4330163.0,540056.0,13
201600015810,16,10,26,1345,1,2,1,1,6.0,13055,M,4332584.0,541988.0,13
201600015811,16,10,26,1355,1,2,1,1,3.0,13055,M,4330855.0,546956.0,13
201600015812,16,10,26,1915,2,2,1,1,2.0,13055,M,4328660.0,537887.0,13
201600015813,16,10,4,1445,1,2,9,1,6.0,13055,M,4330293.0,539700.0,13
201600015814,16,10,27,1340,1,2,1,1,2.0,13055,M,4329066.0,539985.0,13
201600015815,16,10,27,1410,1,2,3,1,3.0,13055,M,4333512.0,540748.0,13
201600015816,16,10,27,1630,1,2,1,1,6.0,13055,M,4331066.0,537864.0,13
201600015817,16,10,27,1800,1,2,1,1,1.0,13055,M,4333202.0,540419.0,13
201600015818,16,10,27,2350,5,2,1,1,2.0,13055,M,4329553.0,539443.0,13
201600015819,16,10,28,45,5,2,1,1,2.0,13055,M,4329892.0,538480.0,13
201600015820,16,10,28,945,1,2,1,1,6.0,13055,M,4324199.0,539327.0,13
201600015821,16,10,17,1015,1,2,2,1,3.0,13055,M,4328108.0,535179.0,13
201600015822,16,10,28,1220,1,2,1,1,2.0,13055,M,4333342.0,539656.0,13
201600015823,16,10,17,735,1,1,2,1,6.0,13055,M,4328137.0,536905.0,13
201600015824,16,10,15,1630,1,2,1,1,5.0,13055,M,4330956.0,540058.0,13
201600015825,16,10,28,1630,1,2,1,1,6.0,13055,M,4325756.0,539971.0,13
201600015826,16,10,28,1715,1,1,1,1,3.0,13055,M,4332470.0,543514.0,13
201600015827,16,10,28,2130,5,1,1,1,3.0,13055,M,4331553.0,536696.0,13
201600015828,16,10,28,2115,1,1,2,1,3.0,13055,M,4331969.0,538260.0,13
201600015829,16,10,21,1900,2,2,1,1,2.0,13055,M,4329333.0,540169.0,13
201600015830,16,10,29,720,2,2,1,1,5.0,13055,M,4333357.0,544057.0,13
201600015831,16,10,24,1500,1,2,1,1,6.0,13055,M,4330714.0,540166.0,13
201600015832,16,10,29,1015,1,2,1,1,6.0,13055,M,4329952.0,537144.0,13
201600015833,16,10,5,1140,1,2,1,1,2.0,13055,M,4329906.0,538403.0,13
201600015834,16,10,29,1015,1,1,1,1,6.0,13055,M,4330555.0,538374.0,13
201600015835,16,10,30,600,5,2,1,1,7.0,13055,M,4331642.0,539985.0,13
201600015836,16,10,30,510,5,2,1,1,3.0,13055,M,4325789.0,539955.0,13
201600015837,16,10,30,605,5,2,1,1,2.0,13055,M,4330442.0,536755.0,13
201600015838,16,10,30,615,5,2,1,1,6.0,13055,M,4328052.0,538226.0,13
201600015839,16,10,28,1515,1,2,1,1,6.0,13055,M,4329563.0,539668.0,13
201600015840,16,10,29,1900,2,2,1,1,6.0,13002,M,4333651.0,548169.0,13
201600015841,16,10,13,1230,1,1,1,1,3.0,13055,M,4329571.0,538153.0,13
201600015842,16,10,30,1230,1,2,1,1,3.0,13055,M,4327007.0,539268.0,13
201600015843,16,10,23,1815,1,2,1,1,6.0,13055,M,4331228.0,540536.0,13
201600015844,16,10,30,2025,5,2,1,1,6.0,13055,M,4330851.0,537413.0,13
201600015845,16,10,14,730,1,2,1,1,6.0,13055,M,4328871.0,538430.0,13
201600015846,16,10,18,1648,1,2,1,1,6.0,13055,M,4329678.0,537703.0,13
201600015847,16,10,31,1006,1,2,2,1,6.0,13055,M,4327669.0,541872.0,13
201600015848,16,10,31,1340,1,1,1,1,6.0,13055,M,4333632.0,536309.0,13
201600015849,16,10,31,1450,1,1,1,1,4.0,13055,M,4329893.0,547829.0,13
201600015850,16,10,31,1630,1,2,1,1,1.0,13055,M,4331931.0,539249.0,13
201600015851,16,10,31,1845,4,2,1,1,6.0,13055,M,4325800.0,539670.0,13
201600015852,16,10,31,2230,5,2,3,1,1.0,13055,M,4330791.0,537639.0,13
201600015853,16,10,31,1140,1,2,1,1,3.0,13055,M,4324783.0,539993.0,13
201600015854,16,11,1,645,1,2,1,1,1.0,13055,M,4329507.0,540069.0,13
201600015855,16,10,31,1900,3,1,1,1,5.0,13055,M,4323885.0,546649.0,13
201600015856,16,10,31,2100,5,2,1,1,6.0,13055,M,4329216.0,540201.0,13
201600015857,16,10,27,2010,5,2,1,1,3.0,13055,M,4324434.0,539645.0,13
201600015858,16,10,27,1450,1,2,1,1,2.0,13055,M,4332699.0,535593.0,13
201600015859,16,11,2,1546,1,2,1,1,3.0,13055,M,4331783.0,538053.0,13
201600015860,16,11,2,2130,5,2,3,1,3.0,13075,M,4334126.0,545693.0,13
201600015861,16,11,2,2230,5,2,1,1,6.0,13055,M,4329315.0,537032.0,13
201600015862,16,10,21,720,2,2,3,1,3.0,13055,M,4330093.0,539634.0,13
201600015863,16,11,3,735,2,2,1,1,5.0,13055,M,4334345.0,538553.0,13
201600015864,16,11,3,1000,1,2,1,7,6.0,13055,M,4332069.0,541546.0,13
201600015865,16,11,3,815,1,2,4,9,6.0,13055,M,4326918.0,540275.0,13
201600015866,16,10,28,1700,1,2,1,1,4.0,13055,M,4329061.0,537110.0,13
201600015867,16,11,3,1345,1,2,1,1,6.0,13055,M,4333612.0,536747.0,13
201600015868,16,11,2,1945,5,2,1,1,3.0,13055,M,4330489.0,541305.0,13
201600015869,16,11,3,1845,5,2,1,1,6.0,13002,M,4333307.0,546151.0,13
201600015870,16,11,3,1945,5,2,1,1,1.0,13055,M,4333010.0,544953.0,13
201600015871,16,11,3,2110,5,2,1,1,1.0,13055,M,4331463.0,537091.0,13
201600015872,16,11,3,2245,5,2,3,1,6.0,13055,M,4331682.0,541603.0,13
201600015873,16,10,30,1035,1,2,1,1,6.0,13055,M,4329086.0,538840.0,13
201600015874,16,11,3,1930,5,2,1,1,2.0,13055,M,4330881.0,546930.0,13
201600015875,16,10,10,1745,1,2,1,1,3.0,13055,M,4328947.0,536403.0,13
201600015876,16,11,2,1745,2,2,1,1,3.0,13055,M,4343285.0,541131.0,13
201600015877,16,10,28,1730,1,2,1,1,6.0,13055,M,4329241.0,537492.0,13
201600015878,16,11,4,915,1,2,1,7,1.0,13002,M,4332967.0,549006.0,13
201600015879,16,11,4,1035,1,2,3,1,3.0,13055,M,4329017.0,542638.0,13
201600015880,16,11,4,1300,1,2,1,1,3.0,13055,M,4329817.0,541833.0,13
201600015881,16,11,4,1410,1,2,1,1,6.0,13055,M,4326019.0,541737.0,13
201600015882,16,10,26,1125,1,2,1,1,6.0,13055,M,4328377.0,539635.0,13
201600015883,16,11,4,1500,1,2,2,1,3.0,13055,M,4330184.0,538253.0,13
201600015884,16,10,26,1020,1,2,1,1,6.0,13055,M,4327908.0,542271.0,13
201600015885,16,11,4,1240,1,2,1,1,3.0,13055,M,4325346.0,538083.0,13
201600015886,16,11,4,2135,5,2,1,2,3.0,13055,M,4326632.0,538335.0,13
201600015887,16,11,4,845,1,2,2,1,2.0,13055,M,4332129.0,541702.0,13
201600015888,16,11,5,530,5,2,3,8,2.0,13055,M,4329960.0,538723.0,13
201600015889,16,11,5,415,5,2,1,2,1.0,13055,M,4329787.0,540076.0,13
201600015890,16,11,2,1514,1,1,1,1,2.0,13055,M,4327218.0,539065.0,13
201600015891,16,11,4,1500,1,2,6,1,3.0,13055,M,4328505.0,542546.0,13
201600015892,16,11,5,1800,1,2,3,1,2.0,13055,M,4329431.0,544211.0,13
201600015893,16,11,5,1710,2,2,1,1,6.0,13055,M,4326437.0,539048.0,13
201600015894,16,9,23,1950,5,2,1,1,4.0,13055,M,4329173.0,540715.0,13
201600015895,16,11,6,1220,1,2,1,1,4.0,13055,M,4331621.0,538374.0,13
201600015896,16,11,6,1655,2,2,1,1,3.0,13055,M,4328073.0,544139.0,13
201600015897,16,11,6,1720,5,2,3,1,3.0,13055,M,4333037.0,541239.0,13
201600015898,16,11,7,630,1,2,1,1,6.0,13055,M,4331654.0,539698.0,13
201600015899,16,11,7,845,1,2,1,1,4.0,13055,M,4329304.0,547964.0,13
201600015900,16,11,4,2015,2,2,2,1,3.0,13106,M,4340347.0,535692.0,13
201600015901,16,11,7,940,1,2,3,1,3.0,13055,M,4323603.0,536171.0,13
201600015902,16,11,7,1430,1,2,1,1,3.0,13055,M,4334590.0,538169.0,13
201600015903,16,11,7,1315,1,2,1,1,6.0,13055,M,4328568.0,541293.0,13
201600015904,16,11,7,1800,5,2,1,1,6.0,13075,M,4335476.0,546709.0,13
201600015905,16,11,7,1815,5,2,2,1,6.0,13055,M,4331152.0,538604.0,13
201600015906,16,11,7,420,5,2,1,1,6.0,13055,M,4329344.0,540315.0,13
201600015907,16,11,7,1920,5,2,1,1,1.0,13055,M,4331654.0,539699.0,13
201600015908,16,11,8,750,1,2,3,1,3.0,13055,M,4333368.0,542021.0,13
201600015909,16,11,8,1000,1,2,1,1,3.0,13055,M,4335158.0,535824.0,13
201600015910,16,11,8,925,1,2,1,1,3.0,13055,M,4328024.0,540050.0,13
201600015911,16,11,5,800,1,2,1,1,6.0,13055,M,4328254.0,538603.0,13
201600015912,16,11,8,2000,5,2,1,1,6.0,13055,M,4328923.0,536639.0,13
201600015913,16,11,8,1100,1,2,2,1,3.0,13055,M,4328672.0,539035.0,13
201600015914,16,11,9,700,2,2,1,2,3.0,13055,M,4328038.0,540068.0,13
201600015915,16,11,9,1145,1,2,1,8,2.0,13055,M,4332990.0,539460.0,13
201600015916,16,11,8,1750,5,2,1,1,6.0,13055,M,4334017.0,538735.0,13
201600015917,16,11,5,1115,1,2,1,1,3.0,13055,M,4328136.0,540516.0,13
201600015918,16,11,4,1055,1,1,1,1,6.0,13055,M,4330174.0,537299.0,13
201600015919,16,11,9,1200,1,2,3,8,3.0,13055,M,4330953.0,536856.0,13
201600015920,16,11,9,1140,1,2,1,2,2.0,13055,M,4336389.0,535817.0,13
201600015921,16,11,9,1410,1,2,6,1,6.0,13055,M,4330493.0,537324.0,13
201600015922,16,11,9,1300,1,2,3,1,3.0,13055,M,4336090.0,531604.0,13
201600015923,16,11,4,855,1,2,1,1,2.0,13055,M,4332905.0,537486.0,13
201600015924,16,11,9,1910,5,2,3,1,5.0,13075,M,4334564.0,546155.0,13
201600015925,16,11,8,1915,3,2,1,1,6.0,13055,M,4324700.0,539355.0,13
201600015926,16,11,10,447,5,2,2,1,3.0,13055,M,4328303.0,539009.0,13
201600015927,16,11,10,1040,1,2,1,1,3.0,13055,M,4332665.0,542538.0,13
201600015928,16,11,9,1310,1,2,1,3,3.0,13055,M,4325666.0,538262.0,13
201600015929,16,10,29,1825,1,2,1,1,6.0,13055,M,4328926.0,535470.0,13
201600015930,16,11,10,1515,1,2,2,1,3.0,13055,M,4330053.0,538141.0,13
201600015931,16,11,11,155,5,2,3,1,3.0,13055,M,4330534.0,540102.0,13
201600015932,16,11,11,1515,1,2,1,1,3.0,13055,M,4328573.0,542576.0,13
201600015933,16,11,11,1745,5,2,1,1,2.0,13055,M,4323818.0,540862.0,13
201600015934,16,11,11,1810,3,2,2,1,1.0,13055,M,4331392.0,540594.0,13
201600015935,16,11,11,1925,5,2,1,1,1.0,13055,M,4328174.0,540433.0,13
201600015936,16,11,11,2210,4,2,1,1,3.0,13055,M,4328586.0,544261.0,13
201600015937,16,11,11,2215,5,2,1,1,2.0,13055,M,4328398.0,538505.0,13
201600015938,16,11,11,2314,5,2,9,1,1.0,13055,M,4330211.0,539461.0,13