Num_Acc,an,mois,jour,hrmn,lum,agg,int,atm,col,com,gps,lat,long,dep
201600015939,16,11,12,545,5,2,3,1,3.0,13055,M,4328156.0,539167.0,13
201600015940,16,11,12,900,1,2,3,1,4.0,13055,M,4330653.0,538298.0,13
201600015941,16,11,12,530,3,2,3,1,3.0,13055,M,4327067.0,540762.0,13
201600015942,16,11,12,2110,5,2,9,1,2.0,13055,M,4328987.0,539832.0,13
201600015943,16,11,12,2010,5,2,9,1,3.0,13055,M,4334035.0,544203.0,13
201600015944,16,11,12,2045,5,2,9,1,6.0,13055,M,4327607.0,539849.0,13
201600015945,16,11,12,1050,1,2,2,1,1.0,13055,M,4329381.0,540961.0,13
201600015946,16,11,12,2010,5,2,1,1,4.0,13055,M,4329849.0,540058.0,13
201600015947,16,11,13,1325,1,1,6,1,3.0,13055,M,4328928.0,543793.0,13
201600015948,16,11,13,2145,5,2,1,1,2.0,13055,M,4332226.0,539225.0,13
201600015949,16,11,14,545,5,2,1,1,6.0,13055,M,4327551.0,535977.0,13
201600015950,16,10,22,1800,1,2,1,1,7.0,13055,M,4332781.0,536244.0,13
201600015951,16,11,14,1000,1,2,1,2,2.0,13055,M,4331803.0,538021.0,13
201600015952,16,11,14,1730,2,2,1,1,1.0,13055,M,4333459.0,544255.0,13
201600015953,16,11,15,900,1,2,1,1,5.0,13055,M,4332967.0,542980.0,13
201600015954,16,11,15,800,1,2,1,1,2.0,13055,M,4323931.0,543758.0,13
201600015955,16,11,15,1130,1,2,1,1,3.0,13055,M,4333114.0,543214.0,13
201600015956,16,11,14,1730,2,2,1,1,3.0,13055,M,4332638.0,542054.0,13
201600015957,16,11,15,1800,5,2,8,1,6.0,13055,M,4325000.0,537518.0,13
201600015958,16,11,15,1230,1,1,1,1,2.0,13055,M,4331199.0,536724.0,13
201600015959,16,11,15,1315,1,2,1,1,5.0,13055,M,4325614.0,538241.0,13
201600015960,16,11,15,1700,1,2,2,1,7.0,13055,M,4329069.0,538420.0,13
201600015961,16,11,5,330,5,2,2,2,3.0,13055,M,4326490.0,540938.0,13
201600015962,16,11,15,1910,5,2,1,1,2.0,13055,M,4329906.0,538322.0,13
201600015963,16,11,15,1845,4,2,1,1,1.0,13055,M,4332993.0,540054.0,13
201600015964,16,11,16,735,1,2,3,1,6.0,13055,M,4328156.0,542567.0,13
201600015965,16,11,16,825,1,2,1,1,6.0,13055,M,4337061.0,535999.0,13
201600015966,16,11,13,1230,1,2,1,1,3.0,13055,M,4328482.0,542398.0,13
201600015967,16,11,16,1300,1,2,1,1,6.0,13055,M,4329397.0,539987.0,13
201600015968,16,11,16,1550,1,2,1,1,1.0,13055,M,4336268.0,531738.0,13
201600015969,16,11,16,2245,5,2,3,1,3.0,13055,M,4329589.0,539078.0,13
201600015970,16,11,17,840,1,2,1,1,6.0,13055,M,4332756.0,543588.0,13
201600015971,16,11,17,800,1,2,1,1,3.0,13055,M,4330435.0,541366.0,13
201600015972,16,11,17,605,2,2,1,1,6.0,13055,M,4330153.0,536994.0,13
201600015973,16,11,17,1045,1,2,1,1,4.0,13055,M,4329661.0,548033.0,13
201600015974,16,11,4,1419,1,2,1,1,6.0,13055,M,4331653.0,539699.0,13
201600015975,16,11,12,1210,1,2,1,1,2.0,13055,M,4330677.0,536592.0,13
201600015976,16,11,17,1320,1,2,1,1,6.0,13055,M,4331093.0,537718.0,13
201600015977,16,11,7,640,5,2,1,1,6.0,13055,M,4331652.0,539613.0,13
201600015978,16,11,17,1600,1,2,7,1,3.0,13055,M,4327754.0,539896.0,13
201600015979,16,11,17,1950,5,2,1,1,2.0,13055,M,4330416.0,542407.0,13
201600015980,16,11,17,1950,5,2,2,1,3.0,13055,M,4327676.0,538180.0,13
201600015981,16,11,18,40,5,2,1,1,6.0,13055,M,4326156.0,537491.0,13
201600015982,16,11,18,1115,1,2,1,1,3.0,13055,M,4330841.0,537330.0,13
201600015983,16,11,18,1510,1,2,1,1,3.0,13055,M,4326887.0,540326.0,13
201600015984,16,11,18,1600,1,2,1,1,6.0,13055,M,4332525.0,537414.0,13
201600015985,16,11,18,1300,1,2,1,8,7.0,13055,M,4334101.0,536530.0,13
201600015986,16,11,18,1645,1,2,1,8,3.0,13055,M,4334880.0,543068.0,13
201600015987,16,11,18,2020,5,2,1,2,3.0,13055,M,4332524.0,544189.0,13
201600015988,16,11,18,345,5,2,1,1,7.0,13055,M,4323487.0,543088.0,13
201600015989,16,11,19,230,5,2,1,1,6.0,13055,M,4325114.0,542497.0,13
201600015990,16,11,19,600,5,2,1,9,3.0,13055,M,4327275.0,539118.0,13
201600015991,16,11,19,850,1,2,1,1,3.0,13055,M,4324201.0,541415.0,13
201600015992,16,11,19,1830,5,2,1,1,3.0,13055,M,4332558.0,543814.0,13
201600015993,16,11,19,2120,5,2,2,1,3.0,13055,M,4328541.0,538255.0,13
201600015994,16,11,9,1900,3,2,1,1,2.0,13055,M,4329904.0,538820.0,13
201600015995,16,11,17,745,2,2,9,1,3.0,13055,M,4325810.0,539696.0,13
201600015996,16,11,20,1630,1,2,1,1,3.0,13055,M,4327280.0,539955.0,13
201600015997,16,11,20,2030,5,2,1,2,2.0,13055,M,4331535.0,540259.0,13
201600015998,16,11,20,2330,5,2,1,2,6.0,13055,M,4334947.0,537537.0,13
201600015999,16,11,21,525,5,2,1,2,6.0,13055,M,4332194.0,541090.0,13
201600016000,16,11,19,1915,5,2,2,1,3.0,13055,M,4329584.0,540017.0,13
201600016001,16,11,21,1010,1,2,1,3,6.0,13055,M,4328869.0,535974.0,13
201600016002,16,11,17,1200,1,2,2,1,6.0,13055,M,4331289.0,541233.0,13
201600016003,16,11,20,2015,5,2,1,2,1.0,13055,M,4328465.0,543716.0,13
201600016004,16,11,8,1300,1,2,1,1,7.0,13055,M,4328078.0,535227.0,13
201600016005,16,11,10,1220,1,2,4,1,3.0,13055,M,4328504.0,538531.0,13
201600016006,16,11,22,458,5,2,1,3,2.0,13055,M,4330659.0,540082.0,13
201600016007,16,11,22,1712,1,1,1,1,6.0,13055,M,4326875.0,540357.0,13
201600016008,16,11,22,2115,3,1,1,1,7.0,13002,M,4335952.0,549397.0,13
201600016009,16,11,22,1210,1,1,1,2,1.0,13055,M,4323944.0,546556.0,13
201600016010,16,11,21,1230,1,2,3,3,2.0,13055,M,4332906.0,542733.0,13
201600016011,16,11,22,810,1,2,3,3,6.0,13055,M,4329790.0,541337.0,13
201600016012,16,11,23,815,1,2,1,1,5.0,13055,M,4327198.0,541040.0,13
201600016013,16,11,23,942,1,2,1,1,3.0,13055,M,4333260.0,537458.0,13
201600016014,16,11,23,1045,1,2,1,1,3.0,13055,M,4332723.0,538442.0,13
201600016015,16,11,23,1310,1,2,1,1,7.0,13055,M,4327040.0,538815.0,13
201600016016,16,11,23,1635,2,2,1,1,2.0,13055,M,4328235.0,540305.0,13
201600016017,16,11,24,1200,1,2,1,1,3.0,13055,M,4330903.0,540042.0,13
201600016018,16,11,24,1710,2,2,1,3,7.0,13055,M,4335952.0,534423.0,13
201600016019,16,11,25,1,5,2,1,2,6.0,13055,M,4324676.0,538489.0,13
201600016020,16,11,25,1430,1,2,1,1,6.0,13075,M,4334731.0,546355.0,13
201600016021,16,11,25,1900,5,2,8,1,6.0,13055,M,4336789.0,536416.0,13
201600016022,16,11,25,1810,5,2,1,1,2.0,13055,M,4323429.0,540920.0,13
201600016023,16,11,25,2105,5,2,1,8,6.0,13055,M,4328351.0,538509.0,13
201600016024,16,11,25,2100,5,2,3,3,6.0,13055,M,4327234.0,540628.0,13
201600016025,16,11,25,1806,5,2,1,2,6.0,13055,M,4327956.0,538729.0,13
201600016026,16,11,21,1745,5,2,3,3,4.0,13055,M,4333247.0,537459.0,13
201600016027,16,11,27,200,5,2,1,1,1.0,13055,M,4327957.0,541759.0,13
201600016028,16,11,27,210,5,2,9,1,2.0,13055,M,4327082.0,540220.0,13
201600016029,16,11,27,330,5,2,1,1,6.0,13055,M,4335118.0,535263.0,13
201600016030,16,11,26,1550,1,2,9,1,1.0,13055,M,4327724.0,539923.0,13
201600016031,16,11,26,1855,5,2,1,1,3.0,13055,M,4328813.0,546346.0,13
201600016032,16,11,27,2144,5,2,1,1,6.0,13055,M,4326252.0,539315.0,13
201600016033,16,11,17,1157,1,2,3,1,1.0,13055,M,4332504.0,536699.0,13
201600016034,16,11,23,1215,1,2,3,1,3.0,13055,M,4330554.0,537324.0,13
201600016035,16,11,28,715,2,2,1,1,2.0,13055,M,4331727.0,538137.0,13
201600016036,16,11,28,1250,1,2,1,1,5.0,13055,M,4329310.0,540154.0,13
201600016037,16,11,28,1330,1,2,1,1,2.0,13055,M,4324033.0,539713.0,13
201600016038,16,11,4,1930,1,2,1,1,5.0,13055,M,4328476.0,542110.0,13
201600016039,16,11,28,1500,1,2,1,1,3.0,13055,M,4334149.0,536037.0,13
201600016040,16,11,28,1830,5,2,1,1,6.0,13055,M,4325132.0,540327.0,13
201600016041,16,11,28,1830,5,2,1,1,3.0,13055,M,4331492.0,540338.0,13
201600016042,16,11,29,700,1,2,1,1,4.0,13055,M,4332380.0,541985.0,13
201600016043,16,11,22,1010,1,2,2,2,6.0,13055,M,4328883.0,538289.0,13
201600016044,16,11,29,1110,1,2,1,1,3.0,13055,M,4336282.0,531683.0,13
201600016045,16,11,29,1215,1,2,1,1,3.0,13055,M,4328480.0,542120.0,13
201600016046,16,11,29,1810,3,1,1,1,5.0,13055,M,4324898.0,545208.0,13
201600016047,16,11,29,1900,5,2,1,1,6.0,13106,M,4339919.0,536790.0,13
201600016048,16,11,28,1640,2,2,1,1,6.0,13055,M,4332579.0,541394.0,13
201600016049,16,11,30,745,1,2,2,1,5.0,13055,M,4331788.0,544553.0,13
201600016050,16,11,30,900,2,2,3,1,2.0,13055,M,4326172.0,541438.0,13
201600016051,16,11,30,634,1,2,1,1,6.0,13055,M,4327099.0,539216.0,13
201600016052,16,11,30,1500,1,2,3,1,5.0,13055,M,4329538.0,537464.0,13
201600016053,16,11,30,1215,1,2,1,1,5.0,13055,M,4328208.0,542743.0,13
201600016054,16,11,30,1610,1,2,1,1,6.0,13055,M,4332520.0,538167.0,13
201600016055,16,11,30,1800,5,2,1,1,3.0,13055,M,4333785.0,538469.0,13
201600016056,16,11,30,1500,1,2,1,1,6.0,13055,M,4329197.0,540270.0,13
201600016057,16,12,1,1845,5,2,1,1,3.0,13055,M,4332584.0,542418.0,13
201600016058,16,12,1,1830,5,2,1,1,6.0,13055,M,4335864.0,533802.0,13
201600016059,16,12,2,205,1,1,1,1,6.0,13055,M,4329587.0,538739.0,13
201600016060,16,12,1,2030,5,1,1,1,6.0,13055,M,4329258.0,537883.0,13
201600016061,16,11,3,1000,1,2,1,1,7.0,13055,M,4325552.0,540089.0,13
201600016062,16,12,2,1205,1,2,3,1,2.0,13055,M,4327912.0,541223.0,13
201600016063,16,10,3,2000,5,2,1,1,3.0,13055,M,4328744.0,538494.0,13
201600016064,16,12,2,1445,1,2,1,1,1.0,13055,M,4326301.0,539293.0,13
201600016065,16,12,2,1800,5,2,1,1,6.0,13055,M,4333703.0,536284.0,13
201600016066,16,12,2,2215,5,2,2,1,3.0,13055,M,4329638.0,537765.0,13
201600016067,16,12,1,1820,5,2,1,1,2.0,13055,M,4329163.0,546062.0,13
201600016068,16,12,3,1805,5,2,1,1,6.0,13055,M,4331397.0,538459.0,13
201600016069,16,12,3,2025,5,2,2,1,6.0,13055,M,4328759.0,539006.0,13
201600016070,16,11,26,1800,5,2,4,1,1.0,13055,M,4334038.0,538694.0,13
201600016071,16,12,4,915,1,2,6,1,3.0,13055,M,4328042.0,538714.0,13
201600016072,16,11,17,1715,2,2,1,1,6.0,13055,M,4331136.0,540353.0,13
201600016073,16,12,5,835,1,2,1,1,3.0,13106,M,4338966.0,536227.0,13
201600016074,16,12,5,805,1,2,1,1,6.0,13055,M,4331247.0,538503.0,13
201600016075,16,12,5,1835,5,2,1,1,1.0,13055,M,4323102.0,540071.0,13
201600016076,16,12,6,740,1,2,3,1,3.0,13055,M,4329656.0,543819.0,13
201600016077,16,12,5,1605,1,2,1,1,3.0,13055,M,4326872.0,540379.0,13
201600016078,16,12,1,1900,5,2,1,1,3.0,13055,M,4333146.0,537573.0,13
201600016079,16,12,6,1745,5,2,1,1,6.0,13055,M,4335013.0,534864.0,13
201600016080,16,12,6,1845,5,2,1,1,3.0,13055,M,4332742.0,537503.0,13
201600016081,16,12,6,1045,1,2,1,1,3.0,13055,M,4324598.0,539517.0,13
201600016082,16,12,6,1100,1,2,1,1,7.0,13055,M,4328990.0,537828.0,13
201600016083,16,12,7,900,1,2,1,1,4.0,13075,M,4334661.0,546268.0,13
201600016084,16,12,7,745,1,2,1,1,1.0,13055,M,4329854.0,545911.0,13
201600016085,16,12,7,1215,1,2,1,1,6.0,13055,M,4325561.0,538228.0,13
201600016086,16,12,7,1245,1,2,1,1,6.0,13055,M,4331508.0,536734.0,13
201600016087,16,12,7,1240,1,2,1,1,3.0,13055,M,4327490.0,539970.0,13
201600016088,16,12,7,1650,2,2,1,1,3.0,13055,M,4333025.0,537000.0,13
201600016089,16,12,7,2030,5,2,1,1,4.0,13055,M,4336458.0,535699.0,13
201600016090,16,12,3,1845,5,2,2,1,6.0,13055,M,4330316.0,539518.0,13
201600016091,16,12,5,1045,1,2,2,1,3.0,13055,M,4328860.0,537883.0,13
201600016092,16,12,8,1800,5,2,1,1,6.0,13055,M,4324716.0,537393.0,13
201600016093,16,12,8,2135,5,2,3,1,7.0,13055,M,4328624.0,538470.0,13
201600016094,16,12,9,740,1,2,1,1,6.0,13055,M,4333393.0,543203.0,13
201600016095,16,12,9,1115,1,1,1,1,6.0,13055,M,4328932.0,543816.0,13
201600016096,16,12,9,1200,1,2,2,1,6.0,13055,M,4327507.0,538985.0,13
201600016097,16,12,9,1500,1,2,1,1,6.0,13055,M,4324290.0,536840.0,13
201600016098,16,12,9,1630,1,2,3,1,3.0,13055,M,4336010.0,533083.0,13
201600016099,16,12,9,1617,1,2,1,1,6.0,13055,M,4327863.0,542819.0,13
201600016100,16,12,9,1715,2,2,1,1,6.0,13055,M,4331714.0,537272.0,13
201600016101,16,12,9,1540,1,2,4,1,7.0,13055,M,4329946.0,543027.0,13
201600016102,16,12,9,1830,5,2,1,1,7.0,13055,M,4329974.0,545662.0,13
201600016103,16,12,9,1930,5,2,1,1,6.0,13055,M,4328576.0,544235.0,13
201600016104,16,12,10,10,5,2,3,1,3.0,13055,M,4326852.0,540914.0,13
201600016105,16,11,25,830,1,2,1,1,3.0,13055,M,4329063.0,538332.0,13
201600016106,16,12,10,1820,5,2,2,1,3.0,13055,M,4337893.0,535698.0,13
201600016107,16,12,11,25,5,2,1,1,1.0,13055,M,4333787.0,538471.0,13
201600016108,16,12,11,53,5,2,1,1,3.0,13055,M,4325479.0,539184.0,13
201600016109,16,12,10,2220,5,2,3,8,7.0,13055,M,4329342.0,543982.0,13
201600016110,16,12,5,1635,1,2,1,1,3.0,13055,M,4329075.0,539987.0,13
201600016111,16,12,11,1555,1,2,6,1,2.0,13055,M,4330339.0,547335.0,13
201600016112,16,12,11,145,5,2,1,1,1.0,13055,M,4324973.0,544574.0,13
201600016113,16,12,11,2220,5,2,2,1,3.0,13055,M,4329562.0,539785.0,13
201600016114,16,12,12,1245,1,2,2,1,3.0,13055,M,4331512.0,543906.0,13
201600016115,16,12,9,1100,1,2,1,1,6.0,13055,M,4329908.0,538415.0,13
201600016116,16,12,12,1540,1,2,1,1,6.0,13055,M,4333544.0,539184.0,13
201600016117,16,12,12,1545,1,2,3,1,3.0,13055,M,4328156.0,543425.0,13
201600016118,16,12,12,1345,1,2,1,1,3.0,13055,M,4324638.0,543599.0,13
201600016119,16,12,12,2030,5,2,1,1,6.0,13055,M,4328540.0,548162.0,13
201600016120,16,12,12,2100,5,2,1,1,3.0,13055,M,4330775.0,540283.0,13
201600016121,16,12,12,2050,5,2,1,1,1.0,13055,M,4333506.0,542067.0,13
201600016122,16,12,12,2120,5,2,1,1,1.0,13055,M,4328978.0,540728.0,13
201600016123,16,12,12,1220,1,2,1,1,2.0,13055,M,4331179.0,539607.0,13
201600016124,16,12,13,800,1,2,1,1,7.0,13055,M,4331275.0,538434.0,13
201600016125,16,12,13,930,1,2,3,1,3.0,13055,M,4327234.0,539978.0,13
201600016126,16,12,13,1655,5,2,1,1,6.0,13055,M,4330917.0,538024.0,13
201600016127,16,12,14,810,1,1,1,1,3.0,13055,M,4330784.0,542693.0,13
201600016128,16,12,14,1640,1,2,1,1,1.0,13055,M,4335034.0,536201.0,13
201600016129,16,12,15,715,2,2,1,1,6.0,13055,M,4334111.0,541096.0,13
201600016130,16,12,15,730,2,2,1,1,3.0,13055,M,4333604.0,536748.0,13
201600016131,16,12,15,1100,1,2,1,1,6.0,13055,M,4327957.0,541729.0,13
201600016132,16,12,15,1105,1,2,1,1,6.0,13055,M,4328941.0,548125.0,13
201600016133,16,12,14,1831,2,2,1,1,2.0,13055,M,4331567.0,540162.0,13
201600016134,16,12,15,1330,1,2,1,1,3.0,13055,M,4328163.0,542556.0,13
201600016135,16,12,15,1600,1,2,1,1,6.0,13055,M,4331637.0,542791.0,13
201600016136,16,12,15,2020,5,2,1,2,6.0,13055,M,4330328.0,544235.0,13
201600016137,16,12,15,1830,5,2,1,1,6.0,13075,M,4334282.0,546923.0,13
201600016138,16,12,16,745,2,2,2,1,1.0,13055,M,4332958.0,545789.0,13
201600016139,16,12,16,915,1,2,3,1,3.0,13055,M,4328872.0,545833.0,13
201600016140,16,12,16,1600,1,2,1,1,2.0,13055,M,4326877.0,540365.0,13
201600016141,16,12,16,1620,1,2,1,1,6.0,13055,M,4328014.0,544181.0,13
201600016142,16,12,16,1640,2,2,9,1,6.0,13055,M,4329571.0,543336.0,13
201600016143,16,12,16,1810,5,2,1,1,3.0,13055,M,4330654.0,542086.0,13
201600016144,16,12,16,2345,5,2,1,1,3.0,13055,M,4330854.0,542575.0,13
201600016145,16,12,17,10,5,2,1,1,6.0,13055,M,4328342.0,539717.0,13
201600016146,16,12,17,1920,5,2,3,1,1.0,13055,M,4328284.0,540872.0,13
201600016147,16,12,16,1420,1,2,3,1,3.0,13055,M,4329415.0,538601.0,13
201600016148,16,12,16,1345,1,2,1,1,6.0,13055,M,4328341.0,538102.0,13
201600016149,16,12,18,1540,1,2,2,1,3.0,13055,M,4333512.0,543306.0,13
201600016150,16,12,18,1925,5,2,1,1,7.0,13055,M,4328448.0,543675.0,13
201600016151,16,12,19,1830,5,2,1,2,6.0,13055,M,4328443.0,539865.0,13
201600016152,16,12,20,129,5,2,1,8,3.0,13055,M,4331113.0,540100.0,13
201600016153,16,11,29,830,1,2,1,1,1.0,13055,M,4328372.0,535440.0,13
201600016154,16,12,20,2035,5,2,1,8,5.0,13055,M,4329233.0,540139.0,13
201600016155,16,12,21,1211,1,1,1,1,2.0,13055,M,4328434.0,540035.0,13
201600016156,16,12,21,1330,1,2,3,1,6.0,13055,M,4331152.0,544516.0,13
201600016157,16,12,17,1145,1,2,1,1,4.0,13055,M,4331266.0,536673.0,13
201600016158,16,12,14,1230,1,2,6,1,3.0,13055,M,4333917.0,542053.0,13
201600016159,16,12,22,740,1,2,1,1,2.0,13055,M,4328675.0,541447.0,13
201600016160,16,12,22,1415,1,2,1,1,6.0,13055,M,4328605.0,538712.0,13
201600016161,16,12,22,1915,5,2,1,1,6.0,13055,M,4329485.0,544381.0,13
201600016162,16,12,17,1115,1,2,1,1,3.0,13055,M,4329186.0,535720.0,13
201600016163,16,12,23,600,5,2,9,1,2.0,13055,M,4328429.0,538461.0,13
201600016164,16,12,23,800,2,2,1,1,1.0,13055,M,4331018.0,538963.0,13
201600016165,16,12,21,2020,5,2,1,1,6.0,13055,M,4327804.0,535506.0,13
201600016166,16,12,16,1400,1,2,1,1,6.0,13055,M,4328741.0,537842.0,13
201600016167,16,12,23,1500,1,2,2,1,6.0,13055,M,4330309.0,536665.0,13
201600016168,16,12,23,1730,5,2,1,1,2.0,13055,M,4327914.0,538318.0,13
201600016169,16,12,23,1820,5,2,1,1,3.0,13055,M,4334950.0,544409.0,13
201600016170,16,12,24,1030,1,2,3,1,1.0,13055,M,4330112.0,551051.0,13
201600016171,16,12,21,1230,1,2,1,1,2.0,13055,M,4327854.0,535462.0,13
201600016172,16,12,24,1430,1,2,1,1,3.0,13055,M,4327394.0,541416.0,13
201600016173,16,12,24,1400,1,1,1,1,5.0,13002,M,4336112.0,549387.0,13
201600016174,16,12,24,1720,1,2,3,1,3.0,13055,M,4329694.0,537366.0,13
201600016175,16,12,23,1840,5,2,1,1,2.0,13002,M,4335256.0,548178.0,13
201600016176,16,12,25,1110,1,2,1,1,3.0,13055,M,4332699.0,535668.0,13
201600016177,16,12,25,1900,5,2,3,1,6.0,13055,M,4330415.0,536973.0,13
201600016178,16,12,25,2000,1,1,1,1,2.0,13055,M,4328393.0,538453.0,13
201600016179,16,12,26,500,5,2,1,1,1.0,13055,M,4329588.0,546171.0,13
201600016180,16,12,26,1230,1,2,1,1,7.0,13055,M,4325993.0,540274.0,13
201600016181,16,12,26,1455,1,2,1,1,6.0,13055,M,4328044.0,540824.0,13
201600016182,16,12,26,1445,1,2,2,1,5.0,13055,M,4328475.0,539191.0,13
201600016183,16,12,26,1920,1,2,9,1,3.0,13055,M,4333479.0,545384.0,13
201600016184,16,12,26,1730,5,2,1,1,4.0,13055,M,4330647.0,551009.0,13
201600016185,16,12,27,1,5,2,1,1,3.0,13055,M,4332873.0,539969.0,13
201600016186,16,12,27,445,5,2,1,1,6.0,13055,M,4327319.0,538534.0,13
201600016187,16,12,27,1120,1,2,1,1,4.0,13055,M,4331663.0,539698.0,13
201600016188,16,12,27,1500,1,2,1,1,2.0,13055,M,4326499.0,539558.0,13
201600016189,16,12,27,1500,1,2,1,1,6.0,13055,M,4332665.0,542330.0,13
201600016190,16,12,27,2015,5,2,1,1,7.0,13055,M,4324672.0,539587.0,13
201600016191,16,12,27,2130,5,2,1,1,3.0,13055,M,4333413.0,545522.0,13
201600016192,16,12,9,1315,1,2,2,1,3.0,13055,M,4328996.0,538835.0,13
201600016193,16,12,27,1823,5,2,1,1,6.0,13055,M,4328457.0,539538.0,13
201600016194,16,12,27,1700,1,2,3,1,5.0,13055,M,4333161.0,541018.0,13
201600016195,16,12,9,1800,3,2,3,1,1.0,13055,M,4328895.0,539965.0,13
201600016196,16,12,28,1300,1,2,1,1,3.0,13055,M,4328832.0,543495.0,13
201600016197,16,12,28,1940,5,2,1,1,5.0,13055,M,4325771.0,537621.0,13
201600016198,16,12,23,1100,1,2,3,1,6.0,13055,M,4328752.0,537694.0,13
201600016199,16,12,27,1145,1,2,7,1,6.0,13055,M,4329139.0,538063.0,13
201600016200,16,12,29,530,5,2,1,1,6.0,13055,M,4333506.0,544390.0,13
201600016201,16,12,29,1015,1,2,1,1,3.0,13055,M,4327954.0,541723.0,13
201600016202,16,12,17,1820,1,2,1,1,3.0,13055,M,4329255.0,538403.0,13
201600016203,16,12,25,1110,1,2,9,1,3.0,13055,M,4332694.0,535654.0,13
201600016204,16,12,29,1720,2,2,1,1,6.0,13055,M,4325586.0,537660.0,13
201600016205,16,12,29,1835,5,2,1,1,3.0,13055,M,4328875.0,539432.0,13
201600016206,16,12,29,2230,5,2,1,1,6.0,13055,M,4329402.0,541169.0,13
201600016207,16,12,30,1330,1,2,1,1,1.0,13055,M,4331374.0,537106.0,13
201600016208,16,12,30,1620,1,2,1,1,3.0,13055,M,4327688.0,541918.0,13
201600016209,16,12,30,1750,2,2,3,1,1.0,13055,M,4328477.0,544246.0,13
201600016210,16,12,31,1021,1,2,1,1,6.0,13055,M,4329664.0,540563.0,13
201600016211,16,12,31,1230,1,2,1,1,6.0,13055,M,4331742.0,536866.0,13
201600016212,16,12,31,1645,1,2,3,1,3.0,13055,M,4331377.0,536804.0,13
201600016213,16,12,31,1850,4,2,1,1,3.0,13055,M,4328224.0,539944.0,13
201600016214,16,12,31,1500,1,2,1,1,1.0,13055,M,4329132.0,540488.0,13
201600016215,16,12,16,1500,1,2,1,1,2.0,13056,M,4341100.0,505700.0,13
201600016216,16,12,15,1405,1,1,1,1,1.0,13039,M,4346057.0,483741.0,13
201600016217,16,12,23,1155,1,2,1,1,4.0,13056,M,4339924.0,504812.0,13
201600016218,16,12,16,1921,3,1,1,1,1.0,13056,M,4336620.0,505636.0,13
201600016219,16,12,3,1800,5,2,1,1,1.0,13026,M,4338123.0,517403.0,13
201600016220,16,9,26,1720,1,2,1,1,1.0,13056,M,,,13
201600016221,16,2,7,1805,2,1,1,1,1.0,13026,M,4337872.0,518810.0,13
201600016222,16,1,10,1730,4,2,1,1,1.0,13056,M,0.0,0.0,13
201600016223,16,3,4,1250,1,2,1,1,6.0,13056,M,0.0,0.0,13
201600016224,16,1,6,1215,1,2,3,1,3.0,13056,M,4341211.0,502029.0,13
201600016225,16,1,31,1730,1,2,1,1,6.0,13077,M,,,13
201600016226,16,1,6,1410,1,2,1,1,4.0,13056,M,4341176.0,504387.0,13
201600016227,16,1,15,1334,1,2,3,1,1.0,13056,M,4339947.0,505862.0,13
201600016228,16,2,5,900,1,2,1,1,6.0,13039,M,4346330.0,493899.0,13
201600016229,16,2,17,1500,1,2,1,1,4.0,13077,M,0.0,0.0,13
201600016230,16,2,25,1210,1,2,1,1,6.0,13056,M,0.0,0.0,13
201600016231,16,2,2,1606,1,2,1,1,6.0,13026,M,0.0,0.0,13
201600016232,16,2,6,1755,2,1,1,1,6.0,13039,M,4343291.0,494223.0,13
201600016233,16,2,14,600,2,1,1,1,1.0,13026,M,0.0,0.0,13
201600016234,16,3,2,1145,1,2,1,1,6.0,13039,M,4327540.0,456350.0,13
201600016235,16,3,3,1115,1,1,1,9,6.0,13039,M,4343773.0,494092.0,13
201600016236,16,3,5,1810,1,1,1,1,2.0,13056,M,,,13
201600016237,16,3,7,2015,3,1,1,1,7.0,13039,M,4348610.0,488425.0,13
201600016238,16,3,17,1600,1,1,1,2,2.0,13039,M,4348206.0,487130.0,13
201600016239,16,3,25,2030,5,2,1,1,5.0,13056,M,,,13
201600016240,16,3,31,1000,1,2,1,1,2.0,13077,M,4342182.0,497735.0,13
201600016241,16,6,6,1034,1,1,1,1,5.0,13056,M,4334879.0,505714.0,13
201600016242,16,5,28,445,3,1,1,1,1.0,13056,M,,,13
201600016243,16,4,16,650,5,2,1,1,6.0,13056,M,,,13
201600016244,16,4,1,1400,1,1,1,2,1.0,13056,M,4338297.0,506523.0,13
201600016245,16,4,16,1830,1,1,1,1,1.0,13056,M,4337499.0,506376.0,13
201600016246,16,4,19,1625,1,1,1,1,2.0,13077,M,0.0,0.0,13
201600016247,16,6,24,1200,1,2,1,1,2.0,13077,M,4341664.0,498220.0,13
201600016248,16,4,25,715,2,2,1,1,3.0,13056,M,0.0,0.0,13