Num_Acc,an,mois,jour,hrmn,lum,agg,int,atm,col,com,gps,lat,long,dep
201600016249,16,4,28,1710,2,2,1,1,3.0,13077,M,0.0,0.0,13
201600016250,16,4,29,1210,1,2,1,1,2.0,13056,M,4333391.0,504840.0,13
201600016251,16,4,29,1250,1,2,1,1,2.0,13026,M,4339113.0,517616.0,13
201600016252,16,5,23,2000,2,1,1,1,4.0,13039,M,4344577.0,493845.0,13
201600016253,16,5,24,751,2,1,1,1,3.0,13039,M,4347132.0,495064.0,13
201600016254,16,5,28,230,3,1,1,1,6.0,13039,M,4346175.0,491973.0,13
201600016255,16,6,1,2030,2,1,1,1,1.0,13056,M,4337627.0,506454.0,13
201600016256,16,9,3,2040,2,2,1,1,6.0,13026,M,4338037.0,518683.0,13
201600016257,16,6,29,1524,1,2,3,1,3.0,13056,M,4341993.0,504367.0,13
201600016258,16,5,21,1330,1,1,1,1,6.0,13039,M,4343060.0,494711.0,13
201600016259,16,7,3,2130,3,1,1,1,1.0,13056,M,4342500.0,501879.0,13
201600016260,16,5,25,1730,1,2,1,1,6.0,13077,M,4340505.0,498517.0,13
201600016261,16,7,12,700,2,1,1,1,3.0,13077,M,4342172.0,497753.0,13
201600016262,16,7,23,1930,2,2,2,1,3.0,13026,M,4338486.0,515828.0,13
201600016263,16,5,25,750,1,1,1,1,3.0,13026,M,4338680.0,519274.0,13
201600016264,16,7,25,1945,2,2,1,1,6.0,13039,M,,,13
201600016265,16,8,1,1445,1,2,1,1,3.0,13056,M,4336627.0,508902.0,13
201600016266,16,7,6,1035,1,2,3,1,3.0,13056,M,4341264.0,505074.0,13
201600016267,16,7,18,1710,1,2,1,1,6.0,13039,M,,,13
201600016268,16,7,20,1130,1,1,1,1,1.0,13056,M,,,13
201600016269,16,6,15,1030,1,2,1,1,6.0,13056,M,4333928.0,505386.0,13
201600016270,16,6,22,1440,1,1,1,1,2.0,13026,M,4337901.0,518866.0,13
201600016271,16,6,21,2245,5,2,1,1,1.0,13056,M,4339145.0,502639.0,13
201600016272,16,6,28,1159,1,2,1,1,3.0,13056,M,4340331.0,505742.0,13
201600016273,16,9,25,215,4,1,1,1,6.0,13039,M,4346184.0,492060.0,13
201600016274,16,8,5,1715,1,1,1,1,3.0,13026,M,4339181.0,515730.0,13
201600016275,16,8,14,1730,1,1,1,1,3.0,13077,M,4341369.0,500412.0,13
201600016276,16,8,14,1130,1,2,3,1,6.0,13056,M,4340103.0,505610.0,13
201600016277,16,8,22,1915,1,2,1,1,6.0,13056,M,4333738.0,505074.0,13
201600016278,16,8,22,1205,1,1,1,1,2.0,13077,M,4342008.0,500193.0,13
201600016279,16,8,25,1700,1,1,1,1,3.0,13077,M,4342686.0,500066.0,13
201600016280,16,8,15,1540,1,2,1,1,3.0,13056,M,4340332.0,505745.0,13
201600016281,16,8,21,445,3,1,1,1,3.0,13039,M,4346918.0,494195.0,13
201600016282,16,9,21,930,1,2,1,1,6.0,13056,M,4340625.0,504887.0,13
201600016283,16,9,3,1330,1,2,3,1,1.0,13056,M,4341400.0,503700.0,13
201600016284,16,9,8,1520,1,2,1,1,1.0,13056,M,4340384.0,502859.0,13
201600016285,16,9,2,1145,1,2,1,1,3.0,13056,M,4339932.0,503971.0,13
201600016286,16,9,20,1300,1,2,1,1,2.0,13056,M,4339631.0,503466.0,13
201600016287,16,10,7,1630,1,1,1,1,3.0,13039,M,4346957.0,493935.0,13
201600016288,16,10,19,1750,1,2,1,1,6.0,13056,M,4342585.0,504586.0,13
201600016289,16,10,18,1725,1,2,1,1,3.0,13039,M,4343675.0,494430.0,13
201600016290,16,11,24,2027,5,2,1,3,5.0,13056,M,4339955.0,506333.0,13
201600016291,16,10,8,1500,1,1,1,1,1.0,13056,M,4336282.0,509643.0,13
201600016292,16,11,17,1650,1,1,1,1,4.0,13039,M,4343052.0,494818.0,13
201600016293,16,11,14,905,2,1,1,1,4.0,13039,M,4343055.0,494805.0,13
201600016294,16,12,12,1200,1,2,1,1,5.0,13056,M,4340140.0,504523.0,13
201600016295,16,11,17,2315,4,1,1,1,7.0,13039,M,4348648.0,488647.0,13
201600016296,16,11,26,305,5,1,1,1,6.0,13077,M,4342226.0,497768.0,13
201600016297,16,2,15,950,1,2,1,1,6.0,13103,M,4364049.0,508496.0,13
201600016298,16,5,4,905,1,2,8,1,6.0,13103,M,4364813.0,509242.0,13
201600016299,16,5,5,1650,1,1,3,1,2.0,13103,M,4366884.0,507630.0,13
201600016300,16,7,29,2115,2,2,1,1,6.0,13103,M,,,13
201600016301,16,9,24,1725,1,2,1,1,7.0,13103,M,4363560.0,506719.0,13
201600016302,16,10,4,2345,5,2,1,1,3.0,13103,M,4362830.0,511657.0,13
201600016303,16,10,5,1825,1,2,3,1,6.0,13103,M,4364145.0,509697.0,13
201600016304,16,10,11,1520,1,2,3,1,6.0,13103,M,,,13
201600016305,16,10,16,1830,2,1,1,8,3.0,13103,M,4364418.0,511388.0,13
201600016306,16,12,17,426,5,1,1,1,6.0,13103,M,4365640.0,508535.0,13
201600016307,16,12,25,1845,3,1,1,1,6.0,13103,M,4365858.0,509724.0,13
201600016308,16,1,3,1750,5,2,6,1,3.0,30032,M,4381510.0,461609.0,30
201600016309,16,1,22,30,3,1,1,1,7.0,30032,M,,,30
201600016310,16,2,6,1029,1,1,1,1,7.0,30032,M,,,30
201600016311,16,2,24,1000,1,2,1,1,6.0,13108,M,4380131.0,466516.0,13
201600016312,16,3,4,1130,1,2,3,1,3.0,13108,M,4380883.0,465568.0,13
201600016313,16,3,31,700,1,1,1,1,2.0,30032,M,,,30
201600016314,16,4,25,730,1,1,1,1,6.0,30032,M,,,30
201600016315,16,4,25,1610,1,1,1,1,5.0,30032,M,,,30
201600016316,16,5,18,1607,1,1,3,2,5.0,13108,M,4382416.0,469489.0,13
201600016317,16,6,12,1245,1,1,1,1,6.0,13108,M,4382579.0,469970.0,13
201600016318,16,7,6,1800,1,1,1,1,2.0,30032,M,,,30
201600016319,16,6,21,2000,1,2,1,1,6.0,30032,M,,,30
201600016320,16,7,15,1920,1,1,3,1,5.0,13108,M,4377554.0,468135.0,13
201600016321,16,7,15,1930,1,1,3,1,3.0,30032,M,4379283.0,458590.0,30
201600016322,16,8,25,920,1,1,1,1,6.0,13108,M,,,13
201600016323,16,8,28,800,2,1,1,1,7.0,30032,M,4378083.0,455112.0,30
201600016324,16,8,29,830,1,1,1,1,3.0,13108,M,4383194.0,467250.0,13
201600016325,16,9,16,730,1,2,3,1,3.0,13108,M,4380438.0,466279.0,13
201600016326,16,10,20,750,1,1,1,1,5.0,30032,M,4379501.0,459477.0,30
201600016327,16,11,4,1100,1,1,1,1,1.0,30032,M,,,30
201600016328,16,11,18,1845,5,2,3,2,3.0,30032,M,4380714.0,463646.0,30
201600016329,16,11,18,945,1,2,1,1,6.0,30032,M,,,30
201600016330,16,12,4,500,3,2,1,1,6.0,30032,M,4380779.0,462308.0,30
201600016331,16,12,7,745,1,1,1,1,1.0,30032,M,,,30
201600016332,16,1,3,845,1,2,1,1,6.0,13117,M,4343769.0,523523.0,13
201600016333,16,1,5,800,1,2,1,1,2.0,13117,M,4341977.0,527151.0,13
201600016334,16,1,5,930,1,1,1,1,6.0,13117,M,4345149.0,530296.0,13
201600016335,16,1,7,900,1,2,1,2,6.0,13117,M,4342867.0,527226.0,13
201600016336,16,1,7,1220,1,2,1,8,3.0,13071,M,4341092.0,532653.0,13
201600016337,16,1,9,1700,1,2,1,1,6.0,13071,M,,,13
201600016338,16,1,12,1340,1,1,6,1,2.0,13071,M,4340922.0,532478.0,13
201600016339,16,1,13,900,1,1,1,1,4.0,13019,M,4347960.0,535509.0,13
201600016340,16,1,14,1430,1,2,3,2,3.0,13102,M,4342324.0,524109.0,13
201600016341,16,1,15,2050,5,1,1,1,2.0,13071,M,4341474.0,534988.0,13
201600016342,16,1,16,1940,5,1,1,1,2.0,13117,M,4343176.0,525833.0,13
201600016343,16,1,19,750,1,2,1,1,2.0,13071,M,,,13
201600016344,16,1,21,1050,1,2,6,1,3.0,13117,M,4344985.0,524325.0,13
201600016345,16,1,22,1120,1,2,1,1,2.0,13117,M,4343598.0,524206.0,13
201600016346,16,1,26,1540,1,2,1,1,7.0,13117,M,,,13
201600016347,16,1,26,1735,1,2,3,1,3.0,13117,M,4343012.0,523468.0,13
201600016348,16,1,27,1030,1,1,1,1,6.0,13071,M,4341718.0,528852.0,13
201600016349,16,1,27,1400,1,2,1,1,4.0,13117,M,4342462.0,524716.0,13
201600016350,16,1,29,615,3,2,1,1,6.0,13071,M,,,13
201600016351,16,2,1,1715,1,1,1,1,4.0,13117,M,4345963.0,523283.0,13
201600016352,16,2,7,845,1,1,1,3,6.0,13117,M,4342700.0,525320.0,13
201600016353,16,2,5,1115,1,2,3,1,5.0,13117,M,4344204.0,525300.0,13
201600016354,16,2,10,910,1,2,2,1,3.0,13117,M,4342689.0,523473.0,13
201600016355,16,2,8,2050,5,1,1,2,7.0,13117,M,4342217.0,528676.0,13
201600016356,16,2,13,1500,1,1,1,1,6.0,13117,M,4344350.0,529692.0,13
201600016357,16,2,16,1400,1,1,1,1,2.0,13117,M,4342498.0,524823.0,13
201600016358,16,2,16,1920,5,2,1,1,1.0,13117,M,4344521.0,525643.0,13
201600016359,16,2,17,810,1,1,1,1,1.0,13117,M,,,13
201600016360,16,2,17,1630,1,2,7,1,2.0,13117,M,4343567.0,525889.0,13
201600016361,16,2,19,2120,5,2,1,1,2.0,13117,M,4342684.0,527807.0,13
201600016362,16,2,20,1650,1,2,1,1,4.0,13117,M,4343304.0,526298.0,13
201600016363,16,2,22,850,1,2,1,1,2.0,13019,M,4346661.0,535406.0,13
201600016364,16,2,26,1840,2,2,3,1,3.0,13117,M,4342489.0,528243.0,13
201600016365,16,3,1,1300,1,2,1,1,4.0,13117,M,,,13
201600016366,16,3,2,1200,1,1,2,1,3.0,13117,M,4342324.0,524106.0,13
201600016367,16,3,5,1730,1,1,1,1,1.0,13071,M,,,13
201600016368,16,3,5,1115,1,1,1,1,5.0,13019,M,4347213.0,535489.0,13
201600016369,16,3,6,1700,1,1,1,1,2.0,13019,M,4346408.0,535352.0,13
201600016370,16,3,6,2310,5,2,1,1,7.0,13071,M,4341261.0,530231.0,13
201600016371,16,3,4,1620,1,1,1,1,4.0,13117,M,4347170.0,523050.0,13
201600016372,16,3,7,745,1,1,1,1,4.0,13117,M,4342751.0,525574.0,13
201600016373,16,3,7,1640,1,2,1,1,2.0,13117,M,,,13
201600016374,16,3,8,1520,1,2,1,1,3.0,13019,M,4342193.0,536774.0,13
201600016375,16,3,10,1350,1,1,1,1,6.0,13117,M,4344091.0,523348.0,13
201600016376,16,3,11,1830,1,2,1,1,3.0,13019,M,,,13
201600016377,16,3,12,330,5,1,1,1,6.0,13019,M,4346093.0,537108.0,13
201600016378,16,3,14,1450,1,1,1,1,6.0,13117,M,4341982.0,527140.0,13
201600016379,16,3,10,1100,1,2,1,1,6.0,13071,M,4337792.0,534855.0,13
201600016380,16,3,16,1030,1,1,1,2,6.0,13019,M,4345472.0,531732.0,13
201600016381,16,3,16,1115,1,1,1,2,7.0,13117,M,4344350.0,529692.0,13
201600016382,16,3,17,715,2,2,2,1,5.0,13117,M,4342688.0,523473.0,13
201600016383,16,3,17,1510,1,2,1,1,2.0,13117,M,0.0,0.0,13
201600016384,16,3,19,1715,1,1,1,1,7.0,13019,M,4345785.0,535390.0,13
201600016385,16,3,20,1800,2,1,1,1,7.0,13019,M,4345658.0,532208.0,13
201600016386,16,3,21,1115,1,1,6,1,2.0,13117,M,4347083.0,523138.0,13
201600016387,16,3,24,700,1,2,3,1,1.0,13117,M,4342792.0,523655.0,13
201600016388,16,3,25,1050,1,2,1,1,6.0,13117,M,0.0,0.0,13
201600016389,16,3,26,930,1,1,1,1,4.0,13117,M,4344325.0,523218.0,13
201600016390,16,3,26,1800,1,1,1,1,6.0,13117,M,4346488.0,523625.0,13
201600016391,16,3,28,1252,1,2,1,1,6.0,13071,M,4339089.0,534171.0,13
201600016392,16,3,30,1530,1,2,1,1,2.0,13117,M,4342436.0,524641.0,13
201600016393,16,3,30,1400,1,1,1,1,3.0,13071,M,4341681.0,529188.0,13
201600016394,16,4,1,1700,1,2,1,2,6.0,13117,M,,,13
201600016395,16,4,4,1530,1,1,9,1,1.0,13117,M,,,13
201600016396,16,4,7,645,5,2,1,1,6.0,13071,M,4338316.0,534658.0,13
201600016397,16,4,7,1800,1,2,2,1,1.0,13117,M,4342330.0,528372.0,13
201600016398,16,4,8,1000,1,1,9,1,3.0,13117,M,,,13
201600016399,16,4,8,1715,1,1,1,1,4.0,13117,M,4342057.0,527035.0,13
201600016400,16,4,8,2130,3,1,2,1,3.0,13071,M,4341852.0,536650.0,13
201600016401,16,4,9,900,1,1,1,1,7.0,13117,M,4341958.0,527178.0,13
201600016402,16,4,10,600,3,2,3,1,3.0,13071,M,4341549.0,529646.0,13
201600016403,16,4,11,1400,1,2,1,1,2.0,13117,M,,,13
201600016404,16,4,12,1655,1,2,3,1,4.0,13071,M,4338033.0,534805.0,13
201600016405,16,4,14,1520,1,1,3,1,3.0,13117,M,4342324.0,524109.0,13
201600016406,16,4,16,745,1,2,1,1,2.0,13071,M,4340851.0,531802.0,13
201600016407,16,4,17,1450,1,2,2,1,3.0,13117,M,4342324.0,524109.0,13
201600016408,16,4,20,910,1,2,1,1,2.0,13019,M,4345980.0,535333.0,13
201600016409,16,4,20,1800,1,2,2,1,3.0,13117,M,4342688.0,523473.0,13
201600016410,16,4,21,1010,1,2,1,1,6.0,13071,M,,,13
201600016411,16,4,22,1800,1,1,1,1,3.0,13071,M,4340727.0,532992.0,13
201600016412,16,4,23,1800,1,2,1,1,1.0,13071,M,4341830.0,532108.0,13
201600016413,16,4,26,830,1,1,1,1,6.0,13019,M,4342200.0,536768.0,13
201600016414,16,4,26,1815,1,2,1,1,1.0,13071,M,4341292.0,530171.0,13
201600016415,16,4,27,825,1,2,6,1,3.0,13117,M,4345029.0,524558.0,13
201600016416,16,4,27,1220,1,1,1,1,3.0,13117,M,4341585.0,523041.0,13
201600016417,16,4,27,1700,1,2,1,1,5.0,13117,M,4344385.0,524593.0,13
201600016418,16,4,27,1800,1,2,1,1,2.0,13117,M,4343084.0,525921.0,13
201600016419,16,4,29,2354,5,2,1,1,6.0,13071,M,,,13
201600016420,16,5,2,1540,1,2,1,1,2.0,13071,M,4341260.0,531820.0,13
201600016421,16,5,4,830,1,1,1,1,6.0,13117,M,4342762.0,526200.0,13
201600016422,16,5,6,2205,5,1,6,1,3.0,13071,M,4341433.0,535347.0,13
201600016423,16,5,9,1800,1,2,2,1,3.0,13117,M,4342324.0,524108.0,13
201600016424,16,5,11,1350,1,2,1,1,2.0,13117,M,,,13
201600016425,16,5,12,840,1,2,1,1,3.0,13117,M,4347067.0,523169.0,13
201600016426,16,5,12,750,1,2,3,1,3.0,13117,M,4343692.0,525662.0,13
201600016427,16,5,7,1730,1,1,1,1,2.0,13071,M,4340801.0,530883.0,13
201600016428,16,5,12,1610,1,1,1,1,3.0,13071,M,4340778.0,530200.0,13
201600016429,16,5,14,1330,1,2,1,1,3.0,13071,M,4340946.0,532552.0,13
201600016430,16,5,17,1345,1,2,1,1,2.0,13071,M,,,13
201600016431,16,5,18,900,1,1,1,1,3.0,13019,M,4347963.0,535526.0,13
201600016432,16,5,24,715,1,2,1,1,6.0,13071,M,4338004.0,534970.0,13
201600016433,16,5,26,930,1,2,6,1,4.0,13117,M,,,13
201600016434,16,5,27,1430,1,2,9,1,6.0,13071,M,4341997.0,536696.0,13
201600016435,16,5,28,1550,1,2,6,1,3.0,13117,M,4342567.0,526973.0,13
201600016436,16,5,28,2210,5,2,1,1,7.0,13071,M,4341849.0,536686.0,13
201600016437,16,5,31,1245,1,2,6,1,7.0,13117,M,4342622.0,525048.0,13
201600016438,16,6,1,915,1,2,1,1,6.0,13071,M,4339041.0,534206.0,13
201600016439,16,6,1,2000,1,1,6,1,3.0,13019,M,4347849.0,535609.0,13
201600016440,16,6,3,1700,1,2,1,1,6.0,13117,M,4343627.0,526028.0,13
201600016441,16,6,4,1730,1,1,1,1,3.0,13071,M,4340743.0,529406.0,13
201600016442,16,6,7,1750,1,2,1,1,2.0,13117,M,4344307.0,524194.0,13
201600016443,16,6,8,1845,1,2,1,1,3.0,13117,M,4344459.0,525490.0,13
201600016444,16,6,13,1420,1,1,2,1,3.0,13117,M,4342324.0,524112.0,13
201600016445,16,6,14,900,1,2,1,1,4.0,13071,M,4341103.0,530971.0,13
201600016446,16,6,15,820,1,2,1,1,1.0,13071,M,4341334.0,536808.0,13
201600016447,16,6,14,2330,3,1,1,1,1.0,13071,M,4341159.0,536091.0,13
201600016448,16,6,15,1915,1,1,1,1,2.0,13019,M,,,13
201600016449,16,6,16,1245,1,2,1,2,7.0,13117,M,4343158.0,525853.0,13
201600016450,16,6,17,630,2,1,1,1,2.0,13117,M,4342323.0,524108.0,13
201600016451,16,6,17,2050,1,2,9,1,1.0,13071,M,4337440.0,535444.0,13
201600016452,16,6,19,2045,2,2,6,1,2.0,13071,M,4340941.0,532553.0,13
201600016453,16,6,21,1350,1,1,3,1,3.0,13117,M,4342324.0,524109.0,13
201600016454,16,6,22,600,2,2,1,1,7.0,13117,M,4343204.0,527624.0,13
201600016455,16,6,23,715,1,1,1,1,4.0,13117,M,4342700.0,525320.0,13
201600016456,16,6,24,845,1,1,1,1,6.0,13071,M,4340164.0,533914.0,13
201600016457,16,6,24,1750,1,2,1,1,3.0,13071,M,4340868.0,531960.0,13
201600016458,16,6,28,1030,1,2,3,1,6.0,13019,M,4346120.0,535302.0,13
201600016459,16,6,28,1615,1,1,1,1,2.0,13019,M,4342170.0,536748.0,13
201600016460,16,6,29,1750,1,1,1,1,3.0,13071,M,4341784.0,536714.0,13
201600016461,16,6,30,1750,1,2,1,1,2.0,13117,M,,,13
201600016462,16,7,1,815,1,1,1,1,1.0,13071,M,4340775.0,530249.0,13
201600016463,16,7,1,1650,1,1,3,1,6.0,13117,M,4344390.0,524108.0,13
201600016464,16,6,30,1800,1,2,1,1,3.0,13071,M,4341265.0,530227.0,13
201600016465,16,7,3,2130,2,2,1,1,1.0,13071,M,4339469.0,534033.0,13
201600016466,16,7,5,1045,1,2,2,1,3.0,13117,M,4344851.0,524650.0,13
201600016467,16,7,5,1220,1,1,6,1,2.0,13117,M,4342092.0,526815.0,13
201600016468,16,7,5,1410,1,1,1,1,7.0,13019,M,4345644.0,532649.0,13
201600016469,16,7,7,830,1,2,6,1,1.0,13019,M,4346528.0,535367.0,13
201600016470,16,7,7,820,1,2,1,1,1.0,13071,M,4340800.0,530883.0,13
201600016471,16,7,8,1250,1,2,1,1,2.0,13117,M,,,13
201600016472,16,7,7,1600,1,1,2,1,3.0,13071,M,4341380.0,536109.0,13
201600016473,16,7,9,1005,1,2,3,1,3.0,13019,M,4344025.0,537381.0,13
201600016474,16,7,11,1330,1,1,1,1,2.0,13117,M,4342309.0,525719.0,13
201600016475,16,7,12,1750,1,1,1,1,2.0,13019,M,4347970.0,535619.0,13
201600016476,16,7,13,1450,1,1,6,1,2.0,13019,M,,,13
201600016477,16,7,15,515,5,2,1,1,6.0,13117,M,,,13
201600016478,16,7,18,930,1,2,1,1,2.0,13117,M,4345431.0,523823.0,13
201600016479,16,7,22,1855,1,1,1,1,1.0,13019,M,4346132.0,537023.0,13
201600016480,16,7,24,1720,1,1,1,1,6.0,13019,M,4342069.0,536714.0,13
201600016481,16,7,26,1515,1,1,1,1,2.0,13117,M,4342418.0,524529.0,13
201600016482,16,7,26,1730,1,1,1,1,4.0,13019,M,4347659.0,535094.0,13
201600016483,16,7,27,700,1,1,1,1,6.0,13117,M,4342785.0,526928.0,13
201600016484,16,7,27,1620,1,1,1,1,3.0,13071,M,4341010.0,532424.0,13
201600016485,16,7,28,1950,1,2,1,1,6.0,13071,M,4338003.0,534987.0,13
201600016486,16,7,31,345,3,1,1,1,1.0,13019,M,4345953.0,533416.0,13
201600016487,16,8,1,120,3,1,1,1,7.0,13019,M,,,13
201600016488,16,8,1,1045,1,2,3,1,3.0,13117,M,,,13
201600016489,16,8,1,1930,1,2,1,1,5.0,13071,M,4340977.0,535121.0,13
201600016490,16,8,6,1100,1,1,1,1,3.0,13071,M,,,13
201600016491,16,8,16,1730,1,1,1,1,2.0,13117,M,,,13
201600016492,16,8,18,1100,1,2,1,1,7.0,13071,M,,,13
201600016493,16,8,20,1630,1,2,1,1,3.0,13019,M,,,13
201600016494,16,8,22,2015,3,2,1,1,7.0,13117,M,,,13
201600016495,16,8,24,545,2,2,1,1,3.0,13117,M,,,13
201600016496,16,8,24,1715,1,1,1,1,5.0,13019,M,4345097.0,535981.0,13
201600016497,16,8,26,2315,3,2,1,1,7.0,13117,M,,,13
201600016498,16,8,27,1755,1,2,1,1,2.0,13071,M,,,13
201600016499,16,8,29,1130,1,1,1,1,2.0,13117,M,4341982.0,527142.0,13
201600016500,16,8,30,1450,1,2,6,1,6.0,13117,M,,,13
201600016501,16,8,30,1115,1,1,1,1,4.0,13117,M,,,13
201600016502,16,8,31,1700,1,2,2,1,6.0,13117,M,,,13
201600016503,16,9,7,1105,1,2,1,1,3.0,13071,M,,,13
201600016504,16,9,7,1505,1,1,1,1,6.0,13117,M,4343173.0,525838.0,13
201600016505,16,9,7,1755,1,1,1,1,1.0,13117,M,,,13
201600016506,16,9,8,740,1,2,4,1,4.0,13117,M,4347494.0,522803.0,13
201600016507,16,9,8,1030,1,1,1,1,5.0,13019,M,,,13
201600016508,16,9,8,1445,1,1,1,1,1.0,13071,M,4342532.0,536965.0,13
201600016509,16,9,9,850,1,1,1,1,3.0,13071,M,4341125.0,531250.0,13
201600016510,16,9,9,1410,1,1,1,1,2.0,13117,M,4341839.0,527239.0,13
201600016511,16,9,9,1855,1,2,2,1,5.0,13117,M,4342324.0,524108.0,13
201600016512,16,9,9,1940,2,1,1,1,3.0,13117,M,,,13
201600016513,16,9,10,2135,5,2,1,1,6.0,13071,M,4341756.0,535941.0,13
201600016514,16,9,12,800,1,2,1,1,2.0,13117,M,4343839.0,524592.0,13
201600016515,16,9,14,930,1,2,1,1,6.0,13117,M,4341857.0,527369.0,13
201600016516,16,9,19,630,2,1,1,1,5.0,13117,M,4342811.0,526949.0,13
201600016517,16,9,19,1630,1,2,1,1,1.0,13071,M,4340992.0,531144.0,13
201600016518,16,9,20,1325,1,1,1,1,4.0,13117,M,4343898.0,523446.0,13
201600016519,16,9,20,1700,1,1,1,1,6.0,13117,M,4344616.0,524860.0,13
201600016520,16,9,21,1440,1,2,9,1,3.0,13117,M,4342370.0,527535.0,13
201600016521,16,9,23,1825,1,1,1,1,6.0,13117,M,,,13
201600016522,16,9,24,1555,1,1,1,1,3.0,13071,M,4341159.0,536091.0,13
201600016523,16,9,24,1600,1,2,1,1,3.0,13071,M,,,13
201600016524,16,9,24,1815,1,1,1,1,7.0,13019,M,4345876.0,533259.0,13
201600016525,16,9,26,1250,1,1,1,1,3.0,13117,M,4344350.0,529692.0,13
201600016526,16,9,28,1530,1,2,1,1,2.0,13117,M,4344782.0,524265.0,13
201600016527,16,9,30,710,1,1,1,1,4.0,13117,M,4342275.0,526751.0,13
201600016528,16,9,30,1515,1,1,1,2,3.0,13071,M,4338371.0,534048.0,13
201600016529,16,9,30,1920,2,2,6,1,2.0,13071,M,4340962.0,532550.0,13
201600016530,16,10,1,1420,1,1,1,1,6.0,13019,M,4341861.0,536119.0,13
201600016531,16,10,3,700,3,2,1,1,2.0,13019,M,4346145.0,535310.0,13
201600016532,16,10,4,2335,3,2,1,1,2.0,13117,M,4342471.0,524685.0,13
201600016533,16,10,6,1850,2,2,4,3,4.0,13117,M,4342780.0,526774.0,13
201600016534,16,10,7,815,1,2,1,5,6.0,13019,M,4343922.0,538938.0,13
201600016535,16,10,10,730,1,2,1,1,3.0,13071,M,4338311.0,534519.0,13
201600016536,16,10,10,700,1,1,2,1,3.0,13117,M,4342691.0,523473.0,13
201600016537,16,10,20,1800,1,1,1,1,5.0,13117,M,4344881.0,523033.0,13
201600016538,16,10,21,1645,1,2,1,1,1.0,13117,M,4343541.0,523957.0,13
201600016539,16,10,22,930,1,1,1,1,3.0,13019,M,4345034.0,536012.0,13
201600016540,16,10,27,935,1,1,1,1,2.0,13117,M,4341934.0,527115.0,13
201600016541,16,10,28,1000,1,1,1,1,2.0,13071,M,4340734.0,529359.0,13
201600016542,16,10,29,1415,1,1,1,1,3.0,13071,M,,,13
201600016543,16,10,31,745,1,2,6,1,3.0,13117,M,4343968.0,524273.0,13
201600016544,16,11,3,825,1,2,9,1,6.0,13117,M,4344843.0,524691.0,13
201600016545,16,11,5,630,3,1,1,2,4.0,13117,M,4342735.0,526636.0,13
201600016546,16,11,10,1045,1,1,1,1,2.0,13117,M,4345186.0,530384.0,13
201600016547,16,11,7,1200,1,1,3,1,3.0,13117,M,4346849.0,523339.0,13
201600016548,16,11,10,1250,1,1,1,1,3.0,13019,M,4347512.0,534540.0,13
201600016549,16,11,12,1520,1,1,1,1,3.0,13071,M,4341001.0,532545.0,13
201600016550,16,11,12,1825,4,2,1,1,2.0,13117,M,0.0,0.0,13
201600016551,16,11,16,1300,1,2,6,1,4.0,13117,M,4344120.0,524381.0,13
201600016552,16,11,17,1330,1,2,1,1,4.0,13117,M,4347120.0,523373.0,13
201600016553,16,11,17,1440,1,1,1,1,4.0,13117,M,4342765.0,526748.0,13
201600016554,16,11,17,1800,5,2,1,1,5.0,13117,M,4343021.0,526803.0,13
201600016555,16,11,18,1,5,1,1,1,7.0,13117,M,4344877.0,523055.0,13
201600016556,16,11,18,1430,1,1,1,1,3.0,13117,M,4342588.0,526878.0,13
201600016557,16,11,21,1400,1,2,1,3,3.0,13071,M,4340923.0,532152.0,13
201600016558,16,11,21,1740,3,1,1,2,3.0,13019,M,4345238.0,535880.0,13
201600016559,16,11,24,1850,3,2,1,3,2.0,13117,M,4343469.0,526044.0,13
201600016560,16,11,25,1030,1,1,1,8,7.0,13117,M,4344925.0,523054.0,13
201600016561,16,11,25,1550,1,2,1,8,2.0,13117,M,4344241.0,525267.0,13
201600016562,16,11,27,535,5,2,1,1,6.0,13117,M,,,13
201600016563,16,11,28,1015,1,1,1,1,2.0,13117,M,4342761.0,526751.0,13
201600016564,16,11,29,1800,3,1,1,1,4.0,13117,M,4341919.0,527137.0,13
201600016565,16,11,30,1700,1,1,3,1,3.0,13071,M,4338124.0,534702.0,13
201600016566,16,12,1,1140,1,2,1,1,6.0,13117,M,4344782.0,524265.0,13
201600016567,16,12,1,1400,1,2,1,1,2.0,13117,M,4342397.0,527125.0,13
201600016568,16,12,2,1920,5,1,1,1,5.0,13117,M,4342507.0,526497.0,13
201600016569,16,12,4,1350,1,1,1,1,3.0,13071,M,4338770.0,534568.0,13
201600016570,16,12,6,1355,1,2,1,1,6.0,13117,M,4344241.0,525267.0,13
201600016571,16,12,12,1800,3,1,1,1,4.0,13117,M,4342666.0,526138.0,13
201600016572,16,12,16,730,3,1,1,2,3.0,13117,M,4342473.0,523674.0,13
201600016573,16,12,17,1455,1,2,1,1,2.0,13019,M,4345034.0,536012.0,13
201600016574,16,12,17,1815,5,2,6,1,6.0,13071,M,4341395.0,534468.0,13
201600016575,16,12,20,1300,1,1,1,1,3.0,13117,M,4343738.0,524838.0,13