Num_Acc,an,mois,jour,hrmn,lum,agg,int,atm,col,com,gps,lat,long,dep
201600016576,16,12,20,1430,1,1,1,8,3.0,13071,M,4341857.0,536104.0,13
201600016577,16,12,25,2330,3,1,2,1,3.0,13117,M,4342970.0,523874.0,13
201600016578,16,12,26,615,4,1,1,1,3.0,13117,M,4344091.0,523348.0,13
201600016579,16,12,29,1300,1,2,1,1,6.0,13117,M,4342393.0,527759.0,13
201600016580,16,1,1,530,3,1,1,5,2.0,68082,M,4787173.0,738802.0,68
201600016581,16,1,28,1830,3,1,1,2,4.0,68022,M,4781490.0,739299.0,68
201600016582,16,2,15,2000,3,1,1,2,6.0,68235,M,4798784.0,737699.0,68
201600016583,16,2,27,2200,3,1,1,1,5.0,68296,M,4821216.0,740195.0,68
201600016584,16,3,7,745,1,1,3,1,2.0,68028,M,4820808.0,740088.0,68
201600016585,16,3,23,2345,3,1,1,1,2.0,68022,M,4784588.0,739472.0,68
201600016586,16,4,20,2230,3,1,1,1,6.0,68295,M,4802928.0,737201.0,68
201600016587,16,4,19,1400,1,1,1,1,2.0,68242,M,4797228.0,737213.0,68
201600016588,16,4,23,1545,1,1,1,1,6.0,68113,M,4818666.0,739083.0,68
201600016589,16,6,2,600,2,1,1,3,3.0,68266,M,4790403.0,736828.0,68
201600016590,16,5,30,30,3,1,1,8,2.0,68022,M,4784863.0,739473.0,68
201600016591,16,6,10,1600,1,2,1,1,4.0,68266,M,4788718.0,737883.0,68
201600016592,16,6,23,1730,1,1,1,1,3.0,68066,M,4808802.0,738325.0,68
201600016593,16,7,12,1715,1,1,1,1,2.0,68022,M,4781664.0,739296.0,68
201600016594,16,9,10,800,1,1,1,1,6.0,68235,M,4798028.0,737471.0,68
201600016595,16,9,14,1515,1,1,1,7,4.0,68242,M,4797174.0,737145.0,68
201600016596,16,10,14,2330,3,1,1,8,3.0,68295,M,4802607.0,737242.0,68
201600016597,16,11,25,1745,3,1,1,1,5.0,68295,M,4801072.0,737641.0,68
201600016598,16,11,25,1830,2,1,4,1,6.0,68252,M,4817110.0,737551.0,68
201600016599,16,11,26,1745,2,1,4,1,3.0,68228,M,4792389.0,736015.0,68
201600016600,16,12,12,1045,1,1,1,1,2.0,68242,M,4796822.0,737088.0,68
201600016601,16,12,27,1615,1,1,1,1,4.0,68252,M,4814564.0,736840.0,68
201600016602,16,2,9,645,2,2,2,3,6.0,78356,M,4872800.0,209200.0,78
201600016603,16,2,14,1530,1,1,1,1,6.0,78356,M,4875600.0,203300.0,78
201600016604,16,6,26,2045,2,1,1,1,1.0,78143,M,4873300.0,209300.0,78
201600016605,16,8,6,1945,1,1,1,1,7.0,78356,M,0.0,0.0,78
201600016606,16,8,28,1100,1,1,1,1,3.0,78356,M,0.0,0.0,78
201600016607,16,10,8,1300,1,1,1,1,3.0,78620,M,4875100.0,211500.0,78
201600016608,16,10,29,715,3,1,1,6,7.0,78356,M,4874000.0,206800.0,78
201600016609,16,12,5,1900,3,2,1,1,7.0,78356,M,4875300.0,207200.0,78
201600016610,16,12,16,2230,5,2,6,1,7.0,78356,M,4873000.0,208199.0,78
201600016611,16,2,14,1445,1,1,1,1,7.0,72386,M,0.0,0.0,72
201600016612,16,7,29,2330,3,1,1,1,5.0,72124,M,4783600.0,27200.0,72
201600016613,16,8,7,745,1,1,1,1,6.0,72350,M,0.0,0.0,72
201600016614,16,8,14,1000,1,1,1,1,6.0,72115,M,4765700.0,49200.0,72
201600016615,16,9,18,1945,1,1,1,1,2.0,72328,M,4806400.0,21700.0,72
201600016616,16,11,15,1545,1,1,1,1,2.0,72386,M,4805600.0,32100.0,72
201600016617,16,12,28,800,2,1,1,1,6.0,72328,M,0.0,0.0,72
201600016618,16,1,16,1800,3,2,1,1,5.0,72089,M,4811800.0,600.0,72
201600016619,16,2,10,2330,3,1,1,1,1.0,72119,M,4810300.0,5000.0,72
201600016620,16,2,13,145,3,1,1,1,7.0,72255,M,0.0,0.0,72
201600016621,16,3,4,1930,5,2,1,1,2.0,72320,M,4806900.0,15500.0,72
201600016622,16,5,6,1750,1,1,1,1,6.0,72065,M,0.0,0.0,72
201600016623,16,6,19,915,1,1,1,1,6.0,72216,M,0.0,0.0,72
201600016624,16,8,8,1645,1,1,1,1,7.0,72211,M,4826100.0,-14300.0,72
201600016625,16,8,19,1800,1,1,1,2,6.0,72315,M,4818200.0,-11400.0,72
201600016626,16,8,18,1515,1,1,1,1,3.0,72024,M,4807800.0,16300.0,72
201600016627,16,9,29,400,3,1,9,1,3.0,72001,M,0.0,0.0,72
201600016628,16,10,27,100,3,1,1,1,6.0,72109,M,4817800.0,-8100.0,72
201600016629,16,10,31,1715,1,2,1,1,1.0,72334,M,0.0,0.0,72
201600016630,16,11,14,800,5,2,1,1,6.0,72089,M,4812700.0,-2500.0,72
201600016631,16,5,3,930,1,2,1,1,2.0,95394,M,4905940.0,216580.0,95
201600016632,16,5,14,1745,1,2,1,1,6.0,95256,M,4904820.0,220050.0,95
201600016633,16,6,8,745,1,2,1,1,3.0,95394,M,4906160.0,218860.0,95
201600016634,16,8,20,1500,1,2,1,1,6.0,95394,M,4906050.0,218910.0,95
201600016635,16,8,26,815,1,2,2,1,3.0,95394,M,4905420.0,219440.0,95
201600016636,16,9,7,1830,1,2,1,1,3.0,95392,M,4907620.0,220270.0,95
201600016637,16,2,3,1230,1,1,1,1,6.0,72254,M,0.0,0.0,72
201600016638,16,3,9,915,1,1,1,8,7.0,72320,M,0.0,0.0,72
201600016639,16,3,18,1515,1,1,1,1,6.0,72078,M,0.0,0.0,72
201600016640,16,6,6,1115,1,1,1,1,1.0,72225,M,0.0,0.0,72
201600016641,16,8,16,845,1,1,1,1,6.0,72380,M,0.0,0.0,72
201600016642,16,9,13,1515,1,1,1,1,6.0,72186,M,0.0,0.0,72
201600016643,16,1,7,1100,1,1,1,1,3.0,49223,M,4739560.0,-52766.0,49
201600016644,16,2,5,830,1,1,1,8,1.0,49349,M,4715119.0,-116407.0,49
201600016645,16,2,5,1930,3,1,1,1,1.0,49024,M,4733156.0,-92156.0,49
201600016646,16,2,29,645,2,1,1,1,2.0,49099,M,4701643.0,-87757.0,49
201600016647,16,3,29,700,1,1,1,1,3.0,49292,M,4729838.0,-60942.0,49
201600016648,16,4,19,600,3,1,1,1,2.0,49022,M,4731931.0,-60578.0,49
201600016649,16,5,28,1800,1,1,1,3,7.0,49099,M,4700535.0,-90262.0,49
201600016650,16,8,6,130,3,1,1,1,7.0,49071,M,4728649.0,-61571.0,49
201600016651,16,8,28,200,3,1,1,1,7.0,49153,M,4724207.0,-63908.0,49
201600016652,16,10,6,1345,1,1,1,1,6.0,49022,M,4731975.0,-60567.0,49
201600016653,16,10,23,1330,1,1,1,2,6.0,49071,M,4724146.0,-65208.0,49
201600016654,16,12,26,1500,1,1,1,8,6.0,49099,M,4708727.0,-82393.0,49
201600016655,16,2,28,1400,1,1,2,1,3.0,24267,M,4473070.0,42497.0,24
201600016656,16,3,13,1530,1,1,1,1,1.0,24054,M,4476730.0,52363.0,24
201600016657,16,4,2,1115,1,1,2,1,3.0,24267,M,4473070.0,42497.0,24
201600016658,16,4,6,1730,1,1,2,1,5.0,24225,M,4483970.0,39701.0,24
201600016659,16,9,5,730,1,1,1,5,1.0,24126,M,4477620.0,53160.0,24
201600016660,16,10,17,915,1,1,1,2,6.0,24168,M,4471940.0,55832.0,24
201600016661,16,11,10,2030,3,1,1,1,7.0,24132,M,4476840.0,54634.0,24
201600016662,16,12,28,1230,1,1,2,1,3.0,24037,M,4480480.0,49209.0,24
201600016663,16,5,13,1315,1,1,6,2,3.0,68375,M,4777454.0,722765.0,68
201600016664,16,5,26,1600,1,1,1,1,1.0,68375,M,4781544.0,725111.0,68
201600016665,16,11,26,1545,1,1,1,1,1.0,68321,M,4782957.0,723798.0,68
201600016666,16,1,6,1800,4,2,1,3,6.0,19073,M,4540900.0,204800.0,19
201600016667,16,5,2,1200,1,2,1,1,3.0,19085,M,4539900.0,205300.0,19
201600016668,16,7,28,1730,1,1,1,1,3.0,19123,M,4517700.0,162100.0,19
201600016669,16,7,30,1800,1,1,1,1,6.0,19227,M,4531300.0,167500.0,19
201600016670,16,9,16,1845,2,1,1,3,3.0,19081,M,4535100.0,195000.0,19
201600016671,16,10,6,2130,3,1,1,1,6.0,33452,M,4464344.0,-43618.0,33
201600016672,16,1,7,1130,1,2,1,8,7.0,67512,M,0.0,0.0,67
201600016673,16,1,11,1800,5,2,1,2,6.0,67388,M,0.0,0.0,67
201600016674,16,6,9,1715,1,1,1,1,6.0,67324,M,0.0,0.0,67
201600016675,16,7,1,1100,1,1,1,1,6.0,67388,M,0.0,0.0,67
201600016676,16,7,8,1030,1,2,1,1,7.0,67536,M,0.0,0.0,67
201600016677,16,7,6,1930,1,2,4,1,3.0,67388,M,0.0,0.0,67
201600016678,16,8,7,1715,1,1,1,1,5.0,67324,M,0.0,0.0,67
201600016679,16,9,10,1315,1,1,1,1,6.0,67176,M,0.0,0.0,67
201600016680,16,9,18,600,3,1,1,2,6.0,67388,M,0.0,0.0,67
201600016681,16,6,26,330,3,1,1,1,6.0,14648,M,4911720.0,16196.0,14
201600016682,16,12,6,1142,1,1,1,1,6.0,14301,M,4910968.0,-16588.0,14
201600016683,16,1,6,1744,4,1,1,2,7.0,14118,M,4919740.0,-34072.0,14
201600016684,16,1,10,1426,1,2,1,1,6.0,14118,M,4918110.0,-35621.0,14
201600016685,16,1,9,1545,1,1,1,1,2.0,14437,M,4917220.0,-30694.0,14
201600016686,16,1,15,1100,1,2,2,8,6.0,14118,M,4917310.0,-39379.0,14
201600016687,16,1,19,1920,4,2,1,1,6.0,14118,M,4918450.0,-39354.0,14
201600016688,16,2,10,1205,1,2,3,7,6.0,14118,M,4918350.0,-35424.0,14
201600016689,16,2,25,800,1,2,1,1,6.0,14118,M,4921100.0,-37318.0,14
201600016690,16,3,8,2115,5,2,1,1,6.0,14271,M,4914910.0,-37213.0,14
201600016691,16,3,6,300,5,2,1,2,6.0,14437,M,4917300.0,-32251.0,14
201600016692,16,3,10,510,3,1,6,1,6.0,14341,M,4914490.0,-33851.0,14
201600016693,16,2,16,2310,5,2,2,1,6.0,14118,M,4918530.0,-36831.0,14
201600016694,16,3,15,1820,1,2,1,1,2.0,14118,M,4919360.0,-35751.0,14
201600016695,16,3,27,550,5,2,1,1,6.0,14118,M,4918040.0,-36864.0,14
201600016696,16,3,30,1138,1,2,1,1,5.0,14437,M,4918560.0,-31180.0,14
201600016697,16,3,30,1825,1,2,2,3,3.0,14437,M,,,14
201600016698,16,3,31,730,2,2,2,2,3.0,14181,M,4915780.0,-33643.0,14
201600016699,16,4,23,1145,1,2,1,2,6.0,14118,M,4919360.0,-39447.0,14
201600016700,16,4,18,750,1,2,1,7,6.0,14118,M,4917050.0,-39158.0,14
201600016701,16,4,28,1650,1,2,1,1,6.0,14437,M,4916650.0,-31391.0,14
201600016702,16,5,11,1709,1,2,1,1,3.0,14137,M,4918390.0,-44727.0,14
201600016703,16,5,13,2210,2,1,1,1,6.0,14437,M,4915970.0,-30980.0,14
201600016704,16,5,14,810,1,1,1,1,6.0,14271,M,4913720.0,-38997.0,14
201600016705,16,5,24,1423,1,2,1,1,6.0,14118,M,4918440.0,-35799.0,14
201600016706,16,5,25,1735,1,2,1,1,6.0,14327,M,4920690.0,-33797.0,14
201600016707,16,6,3,1816,1,2,1,1,1.0,14118,M,4917040.0,-35372.0,14
201600016708,16,5,27,2315,5,2,1,1,6.0,14118,M,4918560.0,-35093.0,14
201600016709,16,5,31,2135,5,1,1,2,2.0,14118,M,,,14
201600016710,16,6,23,1345,1,2,1,1,1.0,14301,M,4917600.0,-28064.0,14
201600016711,16,6,29,1740,1,2,1,1,3.0,14137,M,4919630.0,-45840.0,14
201600016712,16,7,21,1840,1,2,3,1,6.0,14118,M,,,14
201600016713,16,7,22,1915,1,1,1,1,5.0,14118,M,4917330.0,-35420.0,14
201600016714,16,8,3,1910,1,2,2,1,3.0,14118,M,4919090.0,-36064.0,14
201600016715,16,7,29,712,1,2,6,8,3.0,14118,M,4918020.0,-35008.0,14
201600016716,16,8,10,1710,1,2,4,1,3.0,14118,M,4917420.0,-37274.0,14
201600016717,16,8,25,1945,1,1,1,1,2.0,14327,M,4921410.0,-32930.0,14
201600016718,16,9,5,1210,1,2,1,1,6.0,14118,M,,,14
201600016719,16,9,9,2155,3,1,6,1,7.0,14341,M,4914504.0,33860.0,14
201600016720,16,9,10,1950,1,1,2,1,3.0,14437,M,4918220.0,32143.0,14
201600016721,16,9,11,145,5,2,2,1,3.0,14118,M,4916817.0,36162.0,14
201600016722,16,9,11,145,3,1,1,1,6.0,14383,M,4915808.0,37975.0,14
201600016723,16,9,20,1400,1,2,2,1,3.0,14118,M,4916253.0,-34865.0,14
201600016724,16,9,9,1415,1,1,1,1,7.0,14327,M,4912070.0,-21380.0,14
201600016725,16,10,6,2105,5,2,1,1,7.0,14118,M,4917290.0,-33247.0,14
201600016726,16,10,8,2035,5,2,3,1,6.0,14118,M,,,14
201600016727,16,10,12,859,1,2,1,1,6.0,14327,M,,,14
201600016728,16,10,14,1638,1,2,2,1,3.0,14118,M,4917680.0,-35455.0,14
201600016729,16,10,14,1805,2,2,3,1,3.0,14242,M,4922240.0,-36756.0,14
201600016730,16,10,18,915,1,1,1,1,6.0,14327,M,4919390.0,-31861.0,14
201600016731,16,10,21,2045,3,1,1,1,2.0,14301,M,4918150.0,-29433.0,14
201600016732,16,10,22,920,1,1,1,1,7.0,14437,M,4914560.0,-33964.0,14
201600016733,16,11,9,1930,3,2,1,3,6.0,14437,M,,,14
201600016734,16,11,22,1335,1,2,1,1,7.0,14118,M,4917100.0,-35368.0,14
201600016735,16,11,7,1840,4,2,1,3,6.0,14118,M,4919260.0,-39357.0,14
201600016736,16,12,6,752,3,2,6,1,3.0,14437,M,,,14
201600016737,16,12,24,2321,5,2,1,1,1.0,14101,M,4916634.0,41411.0,14
201600016738,16,12,27,1805,5,2,1,1,6.0,14118,M,,,14
201600016739,16,1,5,1845,3,1,2,1,3.0,31547,M,4350427.0,124828.0,31
201600016740,16,2,8,1745,2,1,1,1,1.0,31454,M,0.0,0.0,31
201600016741,16,4,18,1800,1,1,1,1,1.0,31454,M,4338961.0,112879.0,31
201600016742,16,5,7,2300,5,2,3,1,3.0,31475,M,0.0,0.0,31
201600016743,16,1,21,910,1,2,1,1,6.0,14117,M,4928580.0,-12294.0,14
201600016744,16,2,23,1520,1,2,1,1,3.0,14225,M,4928490.0,-10796.0,14
201600016745,16,4,6,1350,1,2,2,1,3.0,14117,M,4928330.0,-12430.0,14
201600016746,16,4,4,1015,1,2,2,1,3.0,14225,M,4928310.0,-9710.0,14
201600016747,16,4,12,950,1,1,1,1,6.0,14117,M,4927540.0,-14969.0,14
201600016748,16,6,10,820,1,2,6,1,3.0,14225,M,4928750.0,-10591.0,14
201600016749,16,7,24,2100,1,1,1,1,2.0,14338,M,,,14
201600016750,16,8,5,1652,1,2,1,1,5.0,14338,M,,,14
201600016751,16,8,13,1412,1,2,1,1,5.0,14117,M,4927940.0,-14395.0,14
201600016752,16,8,17,1855,1,2,2,1,3.0,14225,M,,,14
201600016753,16,9,27,1830,1,2,2,1,1.0,14225,M,,,14
201600016754,16,8,7,1820,1,2,1,1,6.0,14338,M,4930180.0,-8134.0,14
201600016755,16,10,6,1820,1,2,1,1,3.0,14338,M,,,14
201600016756,16,10,11,850,1,2,9,1,1.0,14117,M,,,14
201600016757,16,10,20,2055,5,2,2,8,3.0,14225,M,,,14
201600016758,16,11,9,1200,1,1,1,1,7.0,14225,M,,,14
201600016759,16,2,6,45,3,1,1,1,6.0,30060,M,4380310.0,439681.0,30
201600016760,16,2,13,115,3,1,1,5,1.0,30135,M,4383133.0,457523.0,30
201600016761,16,2,25,1100,1,1,1,1,1.0,30117,M,4371310.0,460638.0,30
201600016762,16,4,4,730,2,1,1,1,1.0,30117,M,4372785.0,453540.0,30
201600016763,16,4,8,30,3,1,1,1,6.0,30047,M,4378009.0,445329.0,30
201600016764,16,5,22,345,3,2,1,1,6.0,30034,M,4374852.0,452061.0,30
201600016765,16,6,4,1745,1,1,6,1,2.0,30047,M,4378906.0,443364.0,30
201600016766,16,7,9,1015,1,1,1,1,3.0,30060,M,0.0,0.0,30
201600016767,16,9,12,2315,3,1,1,1,6.0,30032,M,4382843.0,459114.0,30
201600016768,16,9,20,800,1,1,1,1,1.0,30060,M,4379658.0,439229.0,30
201600016769,16,11,12,1230,1,1,1,1,3.0,30125,M,0.0,0.0,30
201600016770,16,11,15,1215,1,1,1,1,1.0,30047,M,4380449.0,445252.0,30
201600016771,16,12,5,1800,5,2,1,1,6.0,30034,M,0.0,0.0,30
201600016772,16,12,9,1545,3,1,1,1,7.0,30135,M,4383063.0,458448.0,30
201600016773,16,12,24,945,1,2,6,1,4.0,30189,M,4380795.0,437088.0,30
201600016774,16,6,21,2330,3,2,1,1,6.0,61257,M,4850120.0,-38457.0,61
201600016775,16,7,9,1630,1,1,1,1,1.0,88487,M,4794008.0,647778.0,88
201600016776,16,1,2,1650,3,1,1,2,1.0,08218,M,4990352.0,484109.0,08
201600016777,16,2,20,1910,2,2,1,3,6.0,08328,M,4981633.0,474339.0,08
201600016778,16,3,11,1230,1,1,1,1,6.0,08328,M,4983207.0,478732.0,08
201600016779,16,6,5,1930,1,2,1,1,6.0,08328,M,4981700.0,475688.0,08
201600016780,16,6,8,1130,1,2,1,1,6.0,08328,M,4981760.0,473680.0,08
201600016781,16,6,12,1415,1,1,1,1,3.0,08448,M,4994156.0,478316.0,08
201600016782,16,6,20,1530,1,2,1,3,6.0,08328,M,4981578.0,474315.0,08
201600016783,16,5,28,2245,5,2,1,1,6.0,08408,M,4886068.0,466161.0,08
201600016784,16,6,14,600,2,1,1,3,6.0,08058,M,4977278.0,465318.0,08
201600016785,16,10,13,815,1,1,1,1,1.0,08449,M,4971454.0,448596.0,08
201600016786,16,10,26,800,1,1,1,1,6.0,08361,M,4982895.0,460266.0,08
201600016787,16,12,3,1500,1,1,1,7,6.0,08212,M,0.0,0.0,08
201600016788,16,5,5,615,1,2,1,1,6.0,08451,M,0.0,0.0,08
201600016789,16,9,25,1645,1,1,1,2,1.0,08084,M,4943141.0,404681.0,08
201600016790,16,10,20,1700,1,1,1,1,1.0,08084,M,4943034.0,406394.0,08
201600016791,16,10,30,1500,1,1,1,1,3.0,08004,M,4948007.0,415460.0,08
201600016792,16,12,20,1045,1,1,1,1,6.0,08356,M,0.0,0.0,08
201600016793,16,5,25,1800,1,1,2,1,3.0,08324,M,4962774.0,452470.0,08
201600016794,16,9,14,830,1,1,8,1,1.0,08222,M,5000440.0,469270.0,08
201600016795,16,10,18,1900,5,2,1,2,6.0,08363,M,4994175.0,464125.0,08
201600016796,16,11,21,1515,1,2,1,1,6.0,08190,M,5013474.0,482909.0,08
201600016797,16,2,25,2145,5,2,1,1,6.0,08373,M,4980751.0,426855.0,08
201600016798,16,4,23,530,2,1,1,1,6.0,08318,M,4993865.0,422270.0,08
201600016799,16,7,21,1300,1,2,1,1,6.0,08037,M,0.0,0.0,08
201600016800,16,9,4,1230,1,1,1,3,6.0,08284,M,0.0,0.0,08
201600016801,16,10,8,1600,1,1,1,7,5.0,08156,M,4989306.0,440168.0,08
201600016802,16,11,25,1300,1,1,9,8,3.0,08367,M,4990291.0,451728.0,08
201600016803,16,2,3,1200,1,2,1,8,2.0,08090,M,4962921.0,516269.0,08
201600016804,16,2,7,1200,1,2,1,1,6.0,08067,M,4962382.0,518803.0,08
201600016805,16,3,20,1330,1,1,1,1,6.0,08311,M,0.0,0.0,08
201600016806,16,3,31,1530,1,2,1,2,6.0,08276,M,0.0,0.0,08
201600016807,16,4,24,1815,1,1,1,4,1.0,08153,M,0.0,0.0,08
201600016808,16,5,6,1815,1,1,1,1,6.0,08267,M,0.0,0.0,08
201600016809,16,6,5,1330,1,1,1,1,6.0,08145,M,0.0,0.0,08
201600016810,16,6,22,1345,1,1,2,1,2.0,08343,M,4967565.0,506928.0,08
201600016811,16,7,4,2345,5,2,1,1,7.0,08053,M,4968443.0,497188.0,08
201600016812,16,7,7,1400,1,1,1,1,7.0,08311,M,0.0,0.0,08
201600016813,16,9,2,1945,1,2,1,1,3.0,08289,M,4967691.0,516002.0,08
201600016814,16,10,5,1745,1,1,1,1,7.0,08466,M,4961834.0,513118.0,08
201600016815,16,10,9,1100,1,1,1,1,3.0,08336,M,4965781.0,514057.0,08
201600016816,16,10,11,800,1,1,1,1,3.0,08055,M,4952444.0,507925.0,08
201600016817,16,11,9,2045,5,2,6,2,6.0,08349,M,4967731.0,516434.0,08
201600016818,16,11,16,800,2,2,1,2,6.0,08090,M,4963298.0,517272.0,08
201600016819,16,2,16,1830,5,2,1,1,3.0,08191,M,4972069.0,498908.0,08
201600016820,16,4,16,1330,1,2,1,8,3.0,08115,M,4960259.0,486976.0,08
201600016821,16,4,27,2145,3,1,1,2,7.0,08488,M,0.0,0.0,08
201600016822,16,8,5,15,3,1,1,1,6.0,08072,M,4974595.0,487578.0,08
201600016823,16,8,13,1630,1,2,1,1,6.0,08491,M,0.0,0.0,08
201600016824,16,8,22,1930,1,1,1,7,1.0,08235,M,4976190.0,482889.0,08
201600016825,16,10,22,1600,1,1,1,8,3.0,08142,M,4973624.0,488947.0,08
201600016826,16,10,22,1645,1,2,1,1,1.0,08488,M,0.0,0.0,08
201600016827,16,11,1,530,3,1,1,5,6.0,08079,M,4967312.0,477162.0,08
201600016828,16,4,22,2315,3,1,1,2,6.0,08406,M,0.0,0.0,08
201600016829,16,5,23,1700,1,2,1,1,2.0,08490,M,0.0,0.0,08
201600016830,16,6,9,815,1,1,1,1,2.0,08455,M,4939093.0,459081.0,08
201600016831,16,8,3,1515,1,1,1,1,5.0,08151,M,4953934.0,461243.0,08
201600016832,16,12,1,2100,3,1,1,5,7.0,08296,M,0.0,0.0,08
201600016833,16,12,3,1700,1,1,2,1,3.0,08296,M,0.0,0.0,08
201600016834,16,12,6,1845,3,1,1,1,5.0,08390,M,0.0,0.0,08
201600016835,16,12,29,1730,3,1,1,1,1.0,08490,M,0.0,0.0,08
201600016836,16,2,13,1900,3,1,1,3,6.0,08171,M,4931530.0,496815.0,08
201600016837,16,3,21,945,1,1,1,1,6.0,08383,M,4933167.0,495354.0,08
201600016838,16,3,21,1100,1,1,9,1,6.0,08198,M,4932172.0,484577.0,08
201600016839,16,9,25,1545,1,1,1,1,7.0,52093,M,4781876.0,540788.0,52
201600016840,16,9,21,2115,5,2,1,1,2.0,52093,M,4780760.0,542300.0,52
201600016841,16,1,4,2115,5,2,1,1,6.0,14333,M,,,14
201600016842,16,1,23,1550,1,2,3,7,3.0,14333,M,4941640.0,23034.0,14
201600016843,16,3,6,1640,1,1,4,1,3.0,14243,M,,,14
201600016844,16,3,28,1513,1,2,1,1,1.0,14333,M,4942000.0,20467.0,14
201600016845,16,4,4,905,1,1,2,1,2.0,14536,M,,,14
201600016846,16,4,8,2115,5,1,2,1,6.0,14333,M,,,14
201600016847,16,6,7,1625,1,2,4,1,1.0,14536,M,4940680.0,27354.0,14
201600016848,16,6,26,1946,1,1,1,1,6.0,14333,M,4939950.0,24183.0,14
201600016849,16,8,6,1345,1,1,1,1,3.0,14333,M,4941720.0,19263.0,14
201600016850,16,8,17,1715,1,2,1,1,2.0,14333,M,4941860.0,23351.0,14
201600016851,16,8,27,1204,1,2,1,1,2.0,14333,M,4941730.0,23923.0,14
201600016852,16,8,31,1445,1,2,1,1,6.0,14333,M,4941710.0,23741.0,14
201600016853,16,9,3,1600,1,2,1,1,3.0,14536,M,,,14
201600016854,16,9,15,1600,1,1,1,1,3.0,14333,M,,,14
201600016855,16,9,17,1855,2,2,3,1,3.0,14333,M,,,14
201600016856,16,9,19,1745,1,1,1,1,2.0,14333,M,,,14
201600016857,16,10,6,1545,1,1,1,1,7.0,14333,M,4941820.0,19528.0,14
201600016858,16,10,25,1855,5,2,7,1,7.0,14333,M,4942110.0,23308.0,14
201600016859,16,12,1,755,2,2,1,1,6.0,14333,M,,,14
201600016860,16,12,7,815,1,1,6,1,6.0,14333,M,,,14
201600016861,16,12,14,1045,1,2,1,1,1.0,14333,M,,,14
201600016862,16,12,16,1610,1,2,6,1,2.0,14536,M,,,14
201600016863,16,12,17,2200,3,1,1,5,6.0,14243,M,,,14
201600016864,16,12,28,1935,5,2,1,9,6.0,14333,M,,,14
201600016865,16,1,14,1845,3,1,1,4,7.0,52550,M,4850059.0,496056.0,52
201600016866,16,9,21,1115,1,2,1,1,3.0,48027,M,0.0,0.0,48
201600016867,16,11,3,1745,1,1,2,1,2.0,48189,M,0.0,0.0,48
201600016868,16,8,15,315,3,1,1,1,6.0,48080,M,0.0,0.0,48
201600016869,16,4,4,830,1,1,1,2,3.0,48075,M,0.0,0.0,48
201600016870,16,6,26,1500,1,1,1,7,6.0,48172,M,0.0,0.0,48
201600016871,16,11,13,1045,1,1,1,1,7.0,48116,M,4438523.0,382151.0,48
201600016872,16,9,19,1645,1,1,1,1,6.0,48144,M,0.0,0.0,48
201600016873,16,10,25,1100,1,2,1,1,6.0,48019,M,0.0,0.0,48
201600016874,16,7,20,1150,1,1,1,1,3.0,48154,M,0.0,0.0,48
201600016875,16,4,28,1545,1,1,1,1,1.0,48099,M,0.0,0.0,48
201600016876,16,5,18,1300,1,1,1,1,3.0,48034,M,0.0,0.0,48
201600016877,16,5,14,1030,1,1,2,1,1.0,48187,M,0.0,0.0,48
201600016878,16,8,9,1915,1,1,1,3,6.0,48128,M,4477800.0,332500.0,48
201600016879,16,9,21,1715,1,1,1,1,6.0,48140,M,4481600.0,329200.0,48
201600016880,16,1,7,215,3,1,1,2,6.0,37025,M,0.0,0.0,37
201600016881,16,5,12,1300,1,2,1,1,3.0,37050,M,,,37
201600016882,16,9,12,1830,1,2,1,1,6.0,37050,M,0.0,0.0,37
201600016883,16,10,23,2130,3,1,1,5,7.0,37099,M,4730412.0,55881.0,37
201600016884,16,10,20,2040,5,1,1,1,6.0,37018,M,4736091.0,61552.0,37
201600016885,16,11,10,1605,1,1,1,2,2.0,37018,M,4736695.0,63739.0,37
201600016886,16,12,1,500,3,2,6,1,7.0,37050,M,4733433.0,70548.0,37
201600016887,16,4,24,1205,1,2,1,1,3.0,37041,M,,,37
201600016888,16,10,21,720,3,1,2,1,5.0,37047,M,4751594.0,69417.0,37
201600016889,16,10,26,1235,1,1,2,1,3.0,37152,M,4745057.0,66598.0,37
201600016890,16,10,28,1925,5,2,2,1,1.0,37021,M,4757054.0,66556.0,37
201600016891,16,10,31,1200,1,1,2,1,1.0,37047,M,4751594.0,69417.0,37
201600016892,16,11,30,2120,3,1,1,1,6.0,37149,M,4763715.0,69080.0,37
201600016893,16,12,6,915,1,1,1,1,6.0,37167,M,4754042.0,58060.0,37
201600016894,16,12,11,1733,3,1,1,5,7.0,37152,M,4744059.0,67573.0,37
201600016895,16,12,24,1315,1,1,1,1,3.0,37231,M,4757402.0,49926.0,37
201600016896,16,10,25,1720,1,1,1,2,6.0,37084,M,4753491.0,36014.0,37
201600016897,16,11,8,1005,1,2,1,1,7.0,37109,M,4739858.0,59559.0,37
201600016898,16,11,11,1030,1,1,1,1,6.0,37182,M,4743708.0,52373.0,37
201600016899,16,12,8,750,1,1,2,1,3.0,37109,M,4741541.0,61720.0,37
201600016900,16,12,15,815,1,2,1,1,6.0,37109,M,4739212.0,64303.0,37
201600016901,16,12,16,1640,1,1,1,1,6.0,37109,M,4740302.0,60355.0,37
201600016902,16,12,23,1830,3,1,1,1,3.0,37251,M,4751287.0,38027.0,37
201600016903,16,4,11,1445,1,2,8,1,3.0,37156,M,0.0,0.0,37
201600016904,16,6,16,1745,1,1,1,1,3.0,37091,M,0.0,0.0,37
201600016905,16,10,7,2130,3,1,1,1,3.0,37156,M,4737879.0,84299.0,37