Num_Acc,an,mois,jour,hrmn,lum,agg,int,atm,col,com,gps,lat,long,dep
201600016906,16,10,29,1940,5,2,6,1,3.0,37156,M,4738548.0,83048.0,37
201600016907,16,11,16,1925,5,2,1,3,6.0,37100,M,4727909.0,110931.0,37
201600016908,16,11,19,1040,1,1,3,1,3.0,37096,M,4734640.0,94306.0,37
201600016909,16,12,6,1030,1,2,7,1,6.0,37225,M,4735650.0,90986.0,37
201600016910,16,12,13,1655,1,1,1,1,7.0,37156,M,4736653.0,84710.0,37
201600016911,16,2,21,2000,5,2,1,1,5.0,37153,M,4750900.0,79600.0,37
201600016912,16,3,17,1840,2,2,1,7,2.0,37153,M,,,37
201600016913,16,8,20,530,3,2,1,1,7.0,37153,M,,,37
201600016914,16,10,24,1400,1,1,1,2,6.0,37179,M,4745229.0,74261.0,37
201600016915,16,11,1,1220,1,1,6,5,1.0,37281,M,4742382.0,78730.0,37
201600016916,16,12,11,2330,3,1,1,8,6.0,37276,M,4757602.0,89637.0,37
201600016917,16,12,29,1135,1,2,1,1,6.0,14366,M,4914434.0,228119.0,14
201600016918,16,1,5,1755,3,2,3,1,6.0,14366,M,4914160.0,22308.0,14
201600016919,16,1,9,1500,1,2,2,1,3.0,14069,M,4913070.0,25796.0,14
201600016920,16,1,15,745,2,2,1,4,6.0,14366,M,4914380.0,22152.0,14
201600016921,16,1,13,2210,5,2,1,1,6.0,14366,M,4916070.0,22166.0,14
201600016922,16,1,16,940,1,2,1,8,7.0,14366,M,4914180.0,21435.0,14
201600016923,16,1,31,1450,1,2,1,2,3.0,14366,M,4913100.0,22600.0,14
201600016924,16,2,11,550,3,1,1,9,6.0,14366,M,4913070.0,23308.0,14
201600016925,16,2,11,615,3,1,1,9,6.0,14574,M,4912520.0,19507.0,14
201600016926,16,2,11,630,3,1,1,9,6.0,14574,M,4912520.0,19508.0,14
201600016927,16,2,11,1635,1,2,1,1,6.0,14366,M,4915230.0,22512.0,14
201600016928,16,2,19,1615,1,2,1,1,6.0,14366,M,4915020.0,25446.0,14
201600016929,16,3,4,1350,1,2,1,1,2.0,14366,M,4916110.0,22018.0,14
201600016930,16,3,14,2150,5,2,1,1,3.0,14366,M,4914250.0,21590.0,14
201600016931,16,3,25,1110,1,2,1,1,7.0,14366,M,4914750.0,25049.0,14
201600016932,16,4,2,500,3,1,1,1,6.0,14574,M,4912940.0,18105.0,14
201600016933,16,4,2,1230,1,1,1,2,3.0,14487,M,4917450.0,21170.0,14
201600016934,16,4,6,1345,1,1,1,2,2.0,14303,M,4914480.0,27942.0,14
201600016935,16,4,8,1015,1,2,1,1,6.0,14366,M,4914440.0,22638.0,14
201600016936,16,4,18,1315,1,2,1,1,6.0,14366,M,4914250.0,24156.0,14
201600016937,16,5,17,1115,1,2,1,1,6.0,14366,M,4914660.0,23115.0,14
201600016938,16,5,24,1715,1,2,3,1,6.0,14366,M,4914460.0,22259.0,14
201600016939,16,5,25,1855,1,1,1,1,6.0,14487,M,4917840.0,22686.0,14
201600016940,16,6,24,830,1,1,1,1,7.0,14520,M,4915400.0,16428.0,14
201600016941,16,6,25,1120,1,2,2,2,6.0,14366,M,4914540.0,22442.0,14
201600016942,16,6,26,1100,1,1,1,1,2.0,14366,M,4912820.0,22216.0,14
201600016943,16,7,4,1940,1,2,2,1,3.0,14366,M,4914350.0,22683.0,14
201600016944,16,7,7,1140,1,2,2,1,3.0,14366,M,4914790.0,22492.0,14
201600016945,16,7,7,1645,1,2,1,1,2.0,14366,M,4914950.0,25325.0,14
201600016946,16,7,17,1750,1,1,6,1,3.0,14366,M,4914440.0,26312.0,14
201600016947,16,7,22,1100,1,1,2,1,3.0,14487,M,4917840.0,20935.0,14
201600016948,16,7,22,1835,1,2,1,1,7.0,14366,M,4916670.0,21705.0,14
201600016949,16,7,23,1325,1,2,1,1,2.0,14366,M,4912550.0,21434.0,14
201600016950,16,7,26,1820,1,1,1,1,2.0,14366,M,4915420.0,24900.0,14
201600016951,16,7,28,1700,1,2,3,1,1.0,14487,M,4917900.0,22134.0,14
201600016952,16,8,1,815,1,2,6,7,6.0,14366,M,4914810.0,23268.0,14
201600016953,16,8,4,1125,1,2,2,1,6.0,14366,M,4914610.0,22806.0,14
201600016954,16,8,16,1545,1,2,6,1,2.0,14366,M,4914330.0,21879.0,14
201600016955,16,8,18,1710,1,2,1,1,6.0,14366,M,4915380.0,22763.0,14
201600016956,16,8,19,1135,1,2,3,1,3.0,14069,M,4913010.0,24749.0,14
201600016957,16,9,1,1625,1,2,1,1,1.0,14366,M,4909551.0,125740.0,14
201600016958,16,9,2,1320,1,2,3,1,7.0,14366,M,4909551.0,131040.0,14
201600016959,16,9,7,1520,1,2,1,1,7.0,14366,M,4914397.0,27844.0,14
201600016960,16,9,12,1350,1,1,1,1,7.0,14487,M,4917998.0,22827.0,14
201600016961,16,9,19,25,5,2,1,2,6.0,14366,M,4909395.0,142260.0,14
201600016962,16,9,24,55,3,1,6,1,7.0,14574,M,4912606.0,191231.0,14
201600016963,16,9,25,1840,1,2,2,1,3.0,14487,M,4917853.0,209540.0,14
201600016964,16,9,25,1910,1,2,1,1,3.0,14366,M,4914492.0,227880.0,14
201600016965,16,9,28,1815,1,2,1,1,6.0,14366,M,4915240.0,224211.0,14
201600016966,16,9,28,800,2,1,1,2,7.0,14487,M,4917047.0,227202.0,14
201600016967,16,9,29,1210,1,2,3,1,6.0,14366,M,,,14
201600016968,16,10,1,315,5,2,1,1,6.0,14069,M,4913210.0,25580.0,14
201600016969,16,10,2,1400,1,2,1,1,2.0,14366,M,4914340.0,21881.0,14
201600016970,16,10,2,1440,1,2,1,1,3.0,14366,M,4914500.0,27133.0,14
201600016971,16,10,5,720,3,1,1,1,3.0,14366,M,4913260.0,23628.0,14
201600016972,16,10,6,1955,3,1,1,1,2.0,14487,M,4916820.0,22741.0,14
201600016973,16,10,8,920,1,2,6,1,6.0,14366,M,4914340.0,22902.0,14
201600016974,16,10,8,1540,1,1,1,1,7.0,14574,M,4913920.0,20105.0,14
201600016975,16,10,8,1650,1,2,1,1,7.0,14366,M,4916740.0,21656.0,14
201600016976,16,10,11,1340,1,2,1,1,6.0,14366,M,,,14
201600016977,16,10,15,1605,1,2,1,1,2.0,14366,M,4914420.0,26286.0,14
201600016978,16,10,29,1400,1,2,2,1,3.0,14366,M,4915520.0,22279.0,14
201600016979,16,11,4,1845,5,2,1,2,7.0,14366,M,4915400.0,22315.0,14
201600016980,16,11,8,1215,1,2,1,1,6.0,14366,M,4914560.0,22735.0,14
201600016981,16,11,9,1445,1,2,1,2,6.0,14366,M,,,14
201600016982,16,11,15,1640,2,2,1,2,2.0,14366,M,4914480.0,23020.0,14
201600016983,16,11,18,750,1,1,1,1,2.0,14574,M,4913500.0,17796.0,14
201600016984,16,11,23,725,3,2,1,2,6.0,14366,M,4915160.0,22339.0,14
201600016985,16,11,23,1735,5,2,1,2,4.0,14366,M,4915240.0,22770.0,14
201600016986,16,11,28,1800,3,1,3,1,3.0,14487,M,4917220.0,18595.0,14
201600016987,16,12,1,2000,5,2,1,5,6.0,14574,M,4913641.0,202218.0,14
201600016988,16,12,1,1835,3,1,1,1,6.0,14366,M,4912203.0,22279.0,14
201600016989,16,12,7,1440,1,2,1,1,6.0,14366,M,4914508.0,227022.0,14
201600016990,16,12,17,1300,1,2,1,1,3.0,14366,M,4914588.0,23998.0,14
201600016991,16,12,24,1,5,2,6,2,3.0,14366,M,4914374.0,246441.0,14
201600016992,16,12,28,800,2,1,1,9,7.0,14487,M,,,14
201600016993,16,10,26,2015,3,1,1,1,6.0,37022,M,4719254.0,16642.0,37
201600016994,16,11,6,2200,3,1,1,1,6.0,37074,M,4725641.0,11437.0,37
201600016995,16,11,6,1658,2,1,1,1,3.0,37210,M,4721278.0,35373.0,37
201600016996,16,11,8,1835,5,2,1,1,6.0,37011,M,4721498.0,16638.0,37
201600016997,16,11,21,1027,1,2,6,2,3.0,37072,M,4716697.0,23991.0,37
201600016998,16,11,22,2330,3,1,1,3,1.0,37058,M,4724158.0,20095.0,37
201600016999,16,11,26,2055,3,1,1,1,1.0,37228,M,4729853.0,12174.0,37
201600017000,16,11,27,1800,5,2,1,1,3.0,37228,M,4728883.0,12341.0,37
201600017001,16,12,28,1940,5,2,9,1,1.0,37072,M,4717047.0,24263.0,37
201600017002,16,8,20,1830,1,1,1,1,5.0,37123,M,0.0,0.0,37
201600017003,16,10,14,2000,3,1,1,1,7.0,37014,M,4727024.0,47997.0,37
201600017004,16,11,4,1930,3,1,1,1,2.0,37077,M,4732606.0,43731.0,37
201600017005,16,11,14,540,3,1,1,1,6.0,37099,M,4729325.0,53726.0,37
201600017006,16,11,19,910,1,2,1,7,2.0,37227,M,4731198.0,34586.0,37
201600017007,16,12,10,1800,5,2,1,1,1.0,37205,M,4724687.0,54722.0,37
201600017008,16,12,11,820,2,1,1,5,6.0,37067,M,4722753.0,39136.0,37
201600017009,16,12,22,1440,1,2,1,2,7.0,37257,M,4724501.0,58044.0,37
201600017010,16,12,22,1659,2,2,7,2,6.0,37123,M,4732438.0,40906.0,37
201600017011,16,3,26,2304,3,2,1,2,7.0,37121,M,,,37
201600017012,16,10,15,1505,1,1,1,1,7.0,37216,M,4714029.0,53107.0,37
201600017013,16,10,20,1655,1,2,9,1,1.0,37119,M,4712013.0,42478.0,37
201600017014,16,10,22,1430,1,1,1,1,6.0,37226,M,4711866.0,62110.0,37
201600017015,16,10,28,730,3,1,1,5,7.0,37216,M,4715170.0,58664.0,37
201600017016,16,11,18,800,1,1,1,2,6.0,37119,M,4711095.0,45470.0,37
201600017017,16,11,30,700,3,1,1,1,6.0,37051,M,4705788.0,32088.0,37
201600017018,16,12,18,555,4,1,1,5,6.0,37212,M,4716002.0,64687.0,37
201600017019,16,9,7,1745,1,1,1,1,7.0,37222,M,4709800.0,103800.0,37
201600017020,16,10,23,2345,3,1,1,3,6.0,37221,M,4704355.0,111123.0,37
201600017021,16,1,17,630,3,1,1,8,7.0,37115,M,0.0,0.0,37
201600017022,16,1,17,1715,1,1,1,1,7.0,37162,M,0.0,0.0,37
201600017023,16,6,1,1100,1,1,3,1,3.0,37265,M,4707400.0,91000.0,37
201600017024,16,7,12,1245,1,1,1,1,1.0,37115,M,0.0,0.0,37
201600017025,16,10,13,735,2,1,1,2,2.0,37130,M,4702946.0,83893.0,37
201600017026,16,10,17,743,2,2,3,2,3.0,37130,M,4703996.0,81327.0,37
201600017027,16,10,27,25,3,1,6,5,7.0,37130,M,4703359.0,80097.0,37
201600017028,16,11,21,2005,5,2,1,1,3.0,37115,M,4697516.0,70041.0,37
201600017029,16,12,16,1400,1,1,1,1,6.0,37045,M,4701030.0,63187.0,37
201600017030,16,4,7,1130,1,1,1,1,3.0,37033,M,4685600.0,92100.0,37
201600017031,16,8,14,1930,2,1,1,1,5.0,37048,M,0.0,0.0,37
201600017032,16,10,23,300,3,1,1,8,6.0,37028,M,4681977.0,97257.0,37
201600017033,16,6,11,30,3,1,1,8,2.0,37028,M,0.0,0.0,37
201600017034,16,10,28,2000,3,1,1,1,7.0,37282,M,4678997.0,84603.0,37
201600017035,16,11,8,950,1,2,4,1,3.0,37266,M,4731170.0,71240.0,37
201600017036,16,12,6,1720,3,1,1,1,7.0,37254,M,4719387.0,77456.0,37
201600017037,16,5,21,1845,1,1,1,1,2.0,87205,M,4576190.0,129469.0,87
201600017038,16,1,28,1915,3,1,1,2,1.0,87059,M,4618870.0,106804.0,87
201600017039,16,5,31,1600,1,1,1,3,1.0,87116,M,4613020.0,99968.0,87
201600017040,16,10,23,2045,3,1,1,2,6.0,87108,M,4608970.0,91284.0,87
201600017041,16,12,9,1100,1,1,2,1,5.0,87122,M,4601890.0,133986.0,87
201600017042,16,8,3,1715,1,1,1,1,6.0,87061,M,4618420.0,118485.0,87
201600017043,16,12,10,1530,1,2,1,1,1.0,87090,M,4632190.0,135845.0,87
201600017044,16,7,31,1515,1,1,1,7,7.0,87073,M,4574400.0,100864.0,87
201600017045,16,12,15,1415,1,2,4,1,3.0,87111,M,4573880.0,86734.0,87
201600017046,16,8,2,1900,2,1,1,1,2.0,87031,M,4556420.0,111944.0,87
201600017047,16,11,1,1145,1,1,1,1,6.0,87106,M,4567960.0,128037.0,87
201600017048,16,3,12,1600,1,1,1,1,6.0,23041,M,4641243.0,198703.0,23
201600017049,16,4,28,1100,1,1,1,1,6.0,23032,M,4637051.0,224920.0,23
201600017050,16,10,13,1713,1,1,9,8,1.0,23089,M,4633687.0,198630.0,23
201600017051,16,10,19,1830,1,1,1,1,6.0,23022,M,4636387.0,209396.0,23
201600017052,16,1,1,430,3,1,1,5,6.0,23149,M,4619725.0,217093.0,23
201600017053,16,1,24,200,3,1,1,1,6.0,23160,M,4609749.0,245916.0,23
201600017054,16,10,4,1700,1,1,1,1,3.0,23045,M,4619288.0,242259.0,23
201600017055,16,1,26,1600,1,1,1,1,1.0,23222,M,4594340.0,207489.0,23
201600017056,16,10,17,1845,1,2,1,2,7.0,23008,M,4595704.0,216966.0,23
201600017057,16,12,28,1800,3,1,1,1,6.0,23182,M,4592550.0,230918.0,23
201600017058,16,1,31,1815,2,1,1,2,6.0,23048,M,4604363.0,225907.0,23
201600017059,16,5,13,2300,3,1,1,3,7.0,23164,M,4606326.0,250156.0,23
201600017060,16,6,21,130,3,1,1,2,7.0,23131,M,4588850.0,248480.0,23
201600017061,16,10,9,1330,1,1,1,1,7.0,23113,M,4599345.0,239457.0,23
201600017062,16,3,7,900,1,1,1,1,6.0,27009,M,4885160.0,73326.0,27
201600017063,16,3,27,2100,3,1,1,6,2.0,27578,M,4880454.0,92167.0,27
201600017064,16,4,7,1745,1,2,1,1,6.0,27112,M,4881883.0,92052.0,27
201600017065,16,4,17,1730,1,1,1,1,6.0,27565,M,4892777.0,84058.0,27
201600017066,16,6,17,1500,1,1,2,1,2.0,27383,M,4874412.0,84299.0,27
201600017067,16,8,2,1400,1,1,6,2,3.0,27679,M,4874764.0,93493.0,27
201600017068,16,9,5,1200,1,1,1,2,6.0,27427,M,4889574.0,74636.0,27
201600017069,16,9,11,1515,1,1,1,1,7.0,27457,M,4876010.0,98080.0,27
201600017070,16,10,6,1645,1,2,6,7,6.0,27679,M,4874192.0,92465.0,27
201600017071,16,12,25,645,5,2,1,1,6.0,27112,M,4884160.0,90379.0,27
201600017072,16,1,24,1515,1,1,1,8,6.0,27207,M,4910850.0,43838.0,27
201600017073,16,2,13,1645,1,1,1,3,1.0,27398,M,4909306.0,64477.0,27
201600017074,16,5,23,1745,1,1,2,1,3.0,27547,M,4906591.0,43831.0,27
201600017075,16,6,9,1715,1,1,1,1,1.0,27505,M,4895112.0,55871.0,27
201600017076,16,6,26,2200,2,1,1,1,6.0,27239,M,4901884.0,56648.0,27
201600017077,16,7,27,1700,1,1,3,1,5.0,27148,M,4897700.0,48846.0,27
201600017078,16,9,1,1845,1,2,7,1,6.0,27056,M,4908933.0,59393.0,27
201600017079,16,9,20,1100,1,2,2,1,6.0,27629,M,4913877.0,45636.0,27
201600017080,16,10,4,1700,1,2,6,1,6.0,27056,M,4908547.0,59730.0,27
201600017081,16,10,27,1940,3,1,3,5,3.0,27129,M,4907803.0,55249.0,27
201600017082,16,12,5,1915,2,1,1,9,6.0,27056,M,4909415.0,63114.0,27
201600017083,16,12,9,130,3,1,1,1,6.0,27046,M,4917904.0,56082.0,27
201600017084,16,12,16,1215,1,2,1,9,6.0,27056,M,4908131.0,59793.0,27
201600017085,16,12,23,2130,2,1,9,1,6.0,27106,M,4911707.0,50132.0,27
201600017086,16,3,5,1600,1,2,1,1,6.0,27116,M,4919434.0,72061.0,27
201600017087,16,5,1,145,3,1,1,1,7.0,27210,M,4912144.0,83144.0,27
201600017088,16,5,1,1730,1,1,1,1,1.0,27432,M,4917481.0,81285.0,27
201600017089,16,5,5,600,2,1,1,1,6.0,27109,M,4910256.0,85378.0,27
201600017090,16,5,20,1130,1,1,1,1,1.0,27630,M,4915541.0,81063.0,27
201600017091,16,6,5,700,2,1,2,5,6.0,27444,M,4899773.0,74848.0,27
201600017092,16,6,24,1600,1,1,3,1,3.0,27164,M,4907227.0,89375.0,27
201600017093,16,7,24,1945,1,1,2,1,3.0,27441,M,4919372.0,60274.0,27
201600017094,16,8,13,1645,1,2,7,1,6.0,27116,M,4919602.0,71749.0,27
201600017095,16,9,9,845,1,1,5,1,1.0,27095,M,4920532.0,78459.0,27
201600017096,16,10,6,1115,1,2,1,1,6.0,27116,M,4919754.0,70264.0,27
201600017097,16,11,8,800,2,1,2,2,6.0,27466,M,4907713.0,84617.0,27
201600017098,16,11,24,700,4,2,4,1,6.0,27116,M,4920014.0,72137.0,27
201600017099,16,12,17,1600,1,1,3,1,3.0,27296,M,4903724.0,66569.0,27
201600017100,16,12,19,445,3,1,1,1,6.0,27380,M,4923120.0,76057.0,27
201600017101,16,2,16,1130,1,1,2,1,3.0,27420,M,4924860.0,155791.0,27
201600017102,16,10,16,1345,1,1,1,1,1.0,27614,M,4935786.0,168506.0,27
201600017103,16,11,28,830,1,2,1,1,6.0,27632,M,4931130.0,155764.0,27
201600017104,16,2,6,1945,3,1,1,1,6.0,27212,M,4912359.0,99801.0,27
201600017105,16,4,28,1415,1,1,6,1,7.0,27224,M,4911990.0,86104.0,27
201600017106,16,9,11,1830,1,1,2,1,5.0,27636,M,4926782.0,95699.0,27
201600017107,16,10,7,1000,1,1,2,1,3.0,27663,M,4919264.0,93074.0,27
201600017108,16,10,17,745,3,1,9,1,6.0,27534,M,4925357.0,104409.0,27
201600017109,16,11,12,745,3,1,1,1,7.0,27654,M,4924472.0,90213.0,27
201600017110,16,1,7,815,3,1,1,3,5.0,27105,M,4927561.0,88569.0,27
201600017111,16,4,22,1545,1,2,1,1,5.0,27340,M,4938349.0,80046.0,27
201600017112,16,5,15,1315,1,2,3,1,1.0,27669,M,4936566.0,61109.0,27
201600017113,16,10,3,1630,1,2,3,7,3.0,27090,M,4929601.0,92472.0,27
201600017114,16,4,23,1115,1,2,2,1,3.0,27594,M,4926607.0,61703.0,27
201600017115,16,7,23,1915,1,2,2,1,3.0,27367,M,4922978.0,49175.0,27
201600017116,16,8,7,2330,3,1,1,1,7.0,27415,M,0.0,0.0,27
201600017117,16,8,18,1630,1,2,3,1,1.0,27367,M,4923266.0,49999.0,27
201600017118,16,10,31,1115,1,2,1,1,6.0,27170,M,4925479.0,38005.0,27
201600017119,16,11,11,100,3,1,1,2,7.0,27520,M,4923481.0,60971.0,27
201600017120,16,2,27,2150,3,1,1,1,7.0,85031,M,4680306.0,-98639.0,85
201600017121,16,4,28,715,1,2,1,1,2.0,85059,M,4664261.0,-73013.0,85
201600017122,16,2,3,1115,1,1,1,1,6.0,04091,M,4401380.0,591829.0,04
201600017123,16,1,4,1845,3,1,1,1,6.0,04007,M,4394020.0,652164.0,04
201600017124,16,2,12,1315,1,1,1,4,3.0,04133,M,4396140.0,644210.0,04
201600017125,16,5,15,1815,1,1,1,1,1.0,04144,M,4376720.0,632467.0,04
201600017126,16,2,9,1630,1,1,3,2,3.0,04068,M,4389490.0,577620.0,04
201600017127,16,3,12,1830,1,2,1,1,3.0,04088,M,4395710.0,577613.0,04
201600017128,16,12,2,1415,1,1,1,1,1.0,04208,M,4395640.0,556839.0,04
201600017129,16,2,5,1230,1,2,1,1,6.0,04209,M,4418650.0,594783.0,04
201600017130,16,9,18,1200,1,1,1,1,7.0,04140,M,4417830.0,557905.0,04
201600017131,16,11,7,1245,1,2,1,1,6.0,04209,M,4418560.0,594824.0,04
201600017132,16,1,8,1315,1,1,1,8,5.0,24146,M,4506510.0,68311.0,24
201600017133,16,1,11,1230,1,1,1,6,6.0,24094,M,4507410.0,69028.0,24
201600017134,16,5,20,1530,1,1,1,1,7.0,24115,M,4527880.0,67859.0,24
201600017135,16,6,4,800,1,1,1,1,1.0,24190,M,4499780.0,67321.0,24
201600017136,16,7,3,1545,1,1,1,1,6.0,24160,M,4510200.0,72548.0,24
201600017137,16,8,8,645,1,1,1,1,1.0,24098,M,4522530.0,71270.0,24
201600017138,16,10,19,915,1,1,1,1,1.0,24102,M,4522800.0,67830.0,24
201600017139,16,11,27,1315,1,1,1,7,3.0,24026,M,4519160.0,83444.0,24
201600017140,16,12,9,1830,3,1,1,1,2.0,24026,M,4519390.0,80328.0,24
201600017141,16,6,9,745,2,1,1,1,2.0,24011,M,4522190.0,84635.0,24
201600017142,16,10,14,1200,1,1,1,2,1.0,24009,M,4531000.0,111825.0,24
201600017143,16,1,1,115,3,1,1,5,6.0,24182,M,4489080.0,24520.0,24
201600017144,16,2,29,500,3,2,1,1,6.0,24487,M,4486230.0,31952.0,24
201600017145,16,4,10,2030,2,1,1,1,7.0,24487,M,4487330.0,30148.0,24
201600017146,16,8,10,1530,1,2,1,1,1.0,24259,M,4492960.0,47536.0,24
201600017147,16,9,10,830,1,2,1,1,5.0,24340,M,4485050.0,43877.0,24
201600017148,16,9,24,1415,1,1,1,1,1.0,24340,M,4485050.0,43854.0,24
201600017149,16,11,6,1345,1,1,3,1,1.0,24413,M,4490770.0,34921.0,24
201600017150,16,11,17,700,3,1,1,2,6.0,24420,M,4497860.0,32330.0,24
201600017151,16,12,31,1015,1,2,1,7,6.0,24311,M,4553100.0,66361.0,24
201600017152,16,4,10,1645,1,1,1,1,6.0,24411,M,4550240.0,65731.0,24
201600017153,16,4,16,1345,1,1,1,1,7.0,24163,M,4561740.0,64226.0,24
201600017154,16,4,28,1400,1,1,1,1,3.0,24498,M,4551150.0,81917.0,24
201600017155,16,7,5,1930,1,1,2,1,1.0,24451,M,4551870.0,65227.0,24
201600017156,16,8,14,2100,2,1,1,1,3.0,24071,M,4563670.0,59374.0,24
201600017157,16,11,26,215,5,1,1,1,6.0,24311,M,4552330.0,66031.0,24
201600017158,16,6,4,1530,1,1,1,1,2.0,24171,M,4537220.0,88041.0,24
201600017159,16,7,7,1200,1,2,1,1,6.0,24133,M,4554120.0,97787.0,24
201600017160,16,5,9,1015,1,2,1,1,6.0,24243,M,4527170.0,54852.0,24
201600017161,16,5,27,1630,1,2,1,1,2.0,24352,M,4524620.0,33696.0,24
201600017162,16,6,12,1845,1,1,1,1,1.0,24564,M,4519170.0,27105.0,24
201600017163,16,11,25,2030,5,2,1,5,6.0,24243,M,4527990.0,54656.0,24
201600017164,16,5,15,1300,1,1,1,1,6.0,24587,M,4484950.0,118993.0,24
201600017165,16,7,4,1715,1,1,3,7,1.0,24520,M,4490560.0,122212.0,24
201600017166,16,9,14,1915,1,1,1,2,1.0,24366,M,4491160.0,116231.0,24
201600017167,16,10,29,1700,1,1,1,1,6.0,24366,M,4491000.0,117166.0,24
201600017168,16,10,31,1715,1,1,1,1,1.0,24082,M,4486770.0,127038.0,24
201600017169,16,9,17,1800,1,1,1,1,7.0,24330,M,4503070.0,104821.0,24
201600017170,16,12,11,1930,3,1,1,1,7.0,24172,M,4492710.0,107902.0,24
201600017171,16,1,15,1935,5,2,1,1,1.0,40288,M,4402804.0,-32730.0,40
201600017172,16,11,10,1635,1,1,1,8,7.0,40250,M,4394501.0,-45791.0,40
201600017173,16,12,28,1830,3,2,2,1,3.0,40288,M,4402575.0,-33424.0,40
201600017174,16,10,7,1700,1,1,1,1,7.0,40093,M,4397971.0,3610.0,40
201600017175,16,10,13,1705,1,2,1,1,6.0,40255,M,4388049.0,-33159.0,40
201600017176,16,10,24,1115,1,2,3,2,2.0,40096,M,4403668.0,-11580.0,40
201600017177,16,11,25,1430,1,2,1,1,3.0,40331,M,4388284.0,-30661.0,40
201600017178,16,11,29,1900,3,1,1,1,6.0,40039,M,4399010.0,-16425.0,40
201600017179,16,4,4,815,1,2,1,1,2.0,40306,M,4353159.0,-106188.0,40
201600017180,16,6,12,1920,1,1,1,1,1.0,40222,M,4362874.0,-122362.0,40
201600017181,16,10,29,730,3,1,1,5,1.0,40306,M,4353942.0,-108323.0,40
201600017182,16,11,12,1600,1,1,1,2,3.0,40212,M,4356049.0,-115641.0,40
201600017183,16,12,7,1745,2,1,1,1,1.0,40095,M,4361368.0,-92731.0,40
201600017184,16,5,24,830,1,2,1,1,2.0,40168,M,4377774.0,-121784.0,40
201600017185,16,5,31,1400,1,1,1,8,3.0,40284,M,4365135.0,-132297.0,40
201600017186,16,7,2,1630,1,1,1,1,6.0,40284,M,4364930.0,-126359.0,40
201600017187,16,8,20,1915,2,2,1,1,3.0,40284,M,4365672.0,-129988.0,40
201600017188,16,8,27,645,2,2,1,1,6.0,40328,M,4379196.0,-139333.0,40
201600017189,16,9,2,1000,1,1,1,1,6.0,40284,M,4365362.0,-131886.0,40
201600017190,16,10,10,900,1,1,1,7,2.0,40291,M,4366991.0,-134233.0,40
201600017191,16,1,21,915,1,1,1,1,1.0,40273,M,4354053.0,-136653.0,40
201600017192,16,2,10,1200,1,1,1,3,1.0,40044,M,4354933.0,-132227.0,40
201600017193,16,6,22,1645,1,1,3,1,3.0,40312,M,4351899.0,-142312.0,40
201600017194,16,10,3,930,1,2,1,1,6.0,40312,M,4353499.0,-145410.0,40
201600017195,16,10,9,1745,1,2,9,1,3.0,40209,M,4356262.0,-144698.0,40
201600017196,16,10,12,1736,1,2,1,3,5.0,40312,M,4354339.0,-149982.0,40
201600017197,16,10,21,1730,1,2,1,1,6.0,40312,M,4353662.0,-148956.0,40
201600017198,16,11,2,1815,2,2,1,1,3.0,40312,M,4353717.0,-146093.0,40
201600017199,16,11,30,2200,5,2,1,1,6.0,40312,M,4354534.0,-146081.0,40
201600017200,16,5,15,1015,1,2,1,1,6.0,40217,M,4434390.0,-110981.0,40
201600017201,16,5,18,1645,1,1,1,1,6.0,40046,M,4445844.0,-122412.0,40
201600017202,16,7,16,2120,1,2,1,1,6.0,40046,M,4444159.0,-124534.0,40
201600017203,16,8,5,1745,1,2,9,1,6.0,40046,M,4444296.0,-124773.0,40
201600017204,16,10,5,1750,1,2,1,1,6.0,40217,M,4435236.0,-106431.0,40
201600017205,16,10,29,1100,1,1,1,5,6.0,40217,M,4433066.0,-107040.0,40
201600017206,16,1,24,1250,1,2,1,1,2.0,40152,M,4392382.0,-111020.0,40
201600017207,16,4,21,2130,3,1,1,1,7.0,40303,M,4414490.0,-88792.0,40
201600017208,16,10,6,2045,3,1,1,1,3.0,40333,M,4399005.0,-75329.0,40
201600017209,16,11,8,1200,1,1,1,1,1.0,40197,M,4398482.0,-90388.0,40
201600017210,16,11,14,615,2,1,2,5,3.0,40303,M,4414892.0,-84784.0,40
201600017211,16,12,14,1145,1,1,2,1,3.0,40119,M,4364776.0,-57292.0,40
201600017212,16,10,15,1615,1,1,1,1,6.0,40091,M,4369699.0,-34811.0,40
201600017213,16,10,30,1145,1,1,1,5,7.0,40001,M,4367862.0,-28684.0,40
201600017214,16,10,28,45,3,1,1,5,6.0,40275,M,4378620.0,-47232.0,40
201600017215,16,9,5,1415,1,1,1,1,6.0,40104,M,4372915.0,-86199.0,40
201600017216,16,10,9,2115,3,2,1,1,2.0,40084,M,4365008.0,-89969.0,40
201600017217,16,10,28,1850,2,1,2,7,1.0,40126,M,4370353.0,-90699.0,40
201600017218,16,11,20,1535,1,1,1,3,6.0,40228,M,4364087.0,-83698.0,40
201600017219,16,11,25,1600,1,1,1,1,1.0,40194,M,4370129.0,-85053.0,40
201600017220,16,3,3,935,1,1,1,2,2.0,40313,M,4381663.0,-78351.0,40
201600017221,16,10,19,1825,1,1,1,1,1.0,40309,M,4376706.0,-74128.0,40