Num_Acc,an,mois,jour,hrmn,lum,agg,int,atm,col,com,gps,lat,long,dep
201600017222,16,12,5,1515,1,1,2,1,3.0,40237,M,4374815.0,-90742.0,40
201600017223,16,5,27,1615,1,2,1,1,3.0,21527,M,4695328.0,467383.0,21
201600017224,16,12,3,530,3,1,1,9,1.0,21684,M,4704077.0,489365.0,21
201600017225,16,12,20,1642,1,1,1,1,1.0,21347,M,4700165.0,486058.0,21
201600017226,16,10,22,1805,1,2,1,7,6.0,21023,M,4713213.0,448087.0,21
201600017227,16,11,21,615,3,1,1,2,6.0,21441,M,4726855.0,440008.0,21
201600017228,16,12,19,1555,1,1,2,2,1.0,21533,M,4721499.0,459920.0,21
201600017229,16,12,29,1100,1,2,1,7,6.0,21501,M,4726222.0,455620.0,21
201600017230,16,8,6,645,1,1,1,1,6.0,21647,M,4697561.0,515705.0,21
201600017231,16,10,26,1508,1,1,1,1,5.0,21035,M,4706242.0,509483.0,21
201600017232,16,12,10,1715,3,1,1,5,1.0,21332,M,4700575.0,507958.0,21
201600017233,16,7,14,2130,2,1,1,1,7.0,21536,M,4758297.0,530680.0,21
201600017234,16,8,14,2045,1,2,1,1,5.0,21383,M,4752485.0,513448.0,21
201600017235,16,2,26,945,1,1,1,1,6.0,21610,M,4723765.0,544240.0,21
201600017236,16,5,3,1500,1,2,1,1,1.0,21496,M,4729837.0,540687.0,21
201600017237,16,11,3,1535,1,1,1,1,3.0,21256,M,4731808.0,533652.0,21
201600017238,16,11,13,1630,2,1,1,2,7.0,21060,M,4735750.0,523795.0,21
201600017239,16,8,25,1715,1,1,1,1,1.0,21027,M,4738447.0,503438.0,21
201600017240,16,10,8,445,3,1,1,1,2.0,21027,M,4739119.0,505941.0,21
201600017241,16,11,26,1730,3,1,1,1,3.0,21136,M,4745426.0,475968.0,21
201600017242,16,12,23,2000,5,2,1,2,3.0,21425,M,4762963.0,434990.0,21
201600017243,16,12,30,145,5,2,1,1,6.0,21425,M,4762874.0,434042.0,21
201600017244,16,10,23,2030,3,1,1,2,6.0,21276,M,4764635.0,455706.0,21
201600017245,16,12,7,705,5,2,1,9,2.0,21004,M,4766866.0,472911.0,21
201600017246,16,8,9,1915,1,2,1,1,1.0,21674,M,4794393.0,480255.0,21
201600017247,16,12,13,1830,5,2,1,1,6.0,21154,M,4785999.0,457261.0,21
201600017248,16,11,14,1030,1,1,1,2,7.0,21349,M,4726567.0,425962.0,21
201600017249,16,12,23,1545,1,2,3,1,3.0,21525,M,4738245.0,417766.0,21
201600017250,16,10,23,2025,3,1,1,2,6.0,21288,M,4752907.0,464763.0,21
201600017251,16,8,11,500,3,1,1,1,6.0,53025,M,4802055.0,-55170.0,53
201600017252,16,12,7,1130,1,1,1,1,6.0,53006,M,4778329.0,-62965.0,53
201600017253,16,4,15,1845,1,2,1,1,3.0,53084,M,4784697.0,-94301.0,53
201600017254,16,4,25,945,1,1,1,1,1.0,53165,M,4784673.0,-98985.0,53
201600017255,16,2,11,1330,1,1,3,1,3.0,53071,M,4840104.0,-83120.0,53
201600017256,16,10,16,45,3,1,1,1,6.0,53126,M,4832367.0,-98669.0,53
201600017257,16,9,9,1545,1,1,1,1,6.0,53111,M,4837547.0,-61011.0,53
201600017258,16,10,20,2030,3,1,6,5,6.0,53127,M,4843318.0,-50330.0,53
201600017259,16,10,21,1500,1,1,1,1,3.0,53127,M,4847663.0,-43840.0,53
201600017260,16,11,14,615,3,1,1,5,6.0,53170,M,4834454.0,-66253.0,53
201600017261,16,8,22,1630,1,1,1,1,3.0,07346,M,0.0,0.0,07
201600017262,16,10,2,315,1,1,1,5,7.0,07005,M,0.0,0.0,07
201600017263,16,3,5,730,3,1,1,1,6.0,07238,M,4445400.0,417199.0,07
201600017264,16,5,27,1730,1,1,1,1,1.0,07329,M,4460400.0,407099.0,07
201600017265,16,1,30,1700,1,2,1,7,1.0,07296,M,0.0,0.0,07
201600017266,16,8,16,2345,5,2,1,1,1.0,07339,M,0.0,0.0,07
201600017267,16,12,8,1830,3,1,1,1,3.0,07339,M,4464500.0,443000.0,07
201600017268,16,12,15,1830,5,1,1,1,3.0,07339,M,4466000.0,444800.0,07
201600017269,16,2,22,1815,2,1,1,2,1.0,07153,M,0.0,0.0,07
201600017270,16,4,30,1645,1,1,1,2,3.0,07153,M,0.0,0.0,07
201600017271,16,6,5,1215,1,1,1,1,3.0,07130,M,0.0,0.0,07
201600017272,16,7,19,1215,1,1,1,1,1.0,07232,M,0.0,0.0,07
201600017273,16,5,21,1630,1,1,1,1,3.0,07294,M,0.0,0.0,07
201600017274,16,8,3,2115,2,1,1,1,6.0,07334,M,0.0,0.0,07
201600017275,16,11,22,1400,2,1,1,8,1.0,07017,M,4441700.0,414499.0,07
201600017276,16,5,27,1015,1,2,1,7,6.0,07201,M,0.0,0.0,07
201600017277,16,9,4,700,1,1,1,1,1.0,07330,M,0.0,0.0,07
201600017278,16,9,23,1700,1,1,1,1,1.0,07126,M,0.0,0.0,07
201600017279,16,12,15,1545,1,1,1,1,7.0,07330,M,0.0,0.0,07
201600017280,16,4,23,1800,1,2,3,1,1.0,07009,M,0.0,0.0,07
201600017281,16,5,13,1630,1,1,1,1,1.0,07227,M,0.0,0.0,07
201600017282,16,7,26,715,2,2,1,7,1.0,07317,M,0.0,0.0,07
201600017283,16,9,17,1245,1,1,1,1,7.0,07172,M,0.0,0.0,07
201600017284,16,9,19,945,1,1,1,1,6.0,07172,M,0.0,0.0,07
201600017285,16,10,12,1030,1,2,1,1,1.0,07308,M,0.0,0.0,07
201600017286,16,11,17,1515,1,2,1,1,5.0,07234,M,0.0,0.0,07
201600017287,16,2,21,245,3,1,1,1,6.0,07338,M,0.0,0.0,07
201600017288,16,6,15,1915,1,1,1,1,1.0,07338,M,0.0,0.0,07
201600017289,16,6,19,1945,2,2,1,2,1.0,07244,M,0.0,0.0,07
201600017290,16,6,21,930,1,1,1,1,1.0,07052,M,0.0,0.0,07
201600017291,16,11,19,1415,1,1,1,2,7.0,07129,M,0.0,0.0,07
201600017292,16,5,26,1530,1,1,1,1,7.0,07103,M,0.0,0.0,07
201600017293,16,6,9,1930,1,1,1,1,1.0,07204,M,0.0,0.0,07
201600017294,16,8,7,1245,1,1,1,1,6.0,07165,M,0.0,0.0,07
201600017295,16,8,28,1230,1,1,1,1,4.0,07252,M,0.0,0.0,07
201600017296,16,12,21,1030,1,1,1,1,7.0,07064,M,0.0,0.0,07
201600017297,16,2,14,1745,2,1,1,1,1.0,07170,M,4508400.0,457000.0,07
201600017298,16,5,25,2000,1,1,1,1,1.0,07250,M,0.0,0.0,07
201600017299,16,12,14,745,3,1,1,1,2.0,07205,M,0.0,0.0,07
201600017300,16,12,24,1800,5,2,1,8,6.0,07292,M,0.0,0.0,07
201600017301,16,5,17,1445,1,1,1,1,1.0,16082,M,4550023.0,16257.0,16
201600017302,16,5,25,2015,1,1,2,1,1.0,16283,M,4548018.0,24687.0,16
201600017303,16,6,25,1655,1,1,3,1,3.0,16382,M,4556716.0,20468.0,16
201600017304,16,7,12,1900,2,1,1,1,7.0,16263,M,4551659.0,6923.0,16
201600017305,16,8,12,1745,1,1,1,1,6.0,16424,M,4526311.0,-1735.0,16
201600017306,16,7,3,2000,1,1,1,7,1.0,16055,M,4561372.0,29560.0,16
201600017307,16,9,9,1600,1,1,2,1,3.0,16137,M,4557048.0,44127.0,16
201600017308,16,6,5,1100,1,2,1,1,3.0,16167,M,4568509.0,-17019.0,16
201600017309,16,9,24,1500,1,1,1,1,1.0,16366,M,4562169.0,-20452.0,16
201600017310,16,12,2,1815,5,2,3,1,3.0,16153,M,4567318.0,-17779.0,16
201600017311,16,4,28,1830,1,1,1,1,6.0,16106,M,4602288.0,67571.0,16
201600017312,16,5,4,1915,1,1,1,1,7.0,16383,M,4578560.0,19071.0,16
201600017313,16,1,31,2145,3,1,1,2,6.0,36010,M,4683280.0,105168.0,36
201600017314,16,4,24,2045,3,1,1,2,6.0,36139,M,4679030.0,148372.0,36
201600017315,16,5,1,745,1,1,1,1,6.0,36204,M,4679830.0,109576.0,36
201600017316,16,8,1,1230,1,1,1,1,6.0,36212,M,4685750.0,122445.0,36
201600017317,16,3,15,1500,1,1,1,1,6.0,36028,M,4649730.0,179127.0,36
201600017318,16,11,19,1100,1,2,1,1,6.0,36046,M,0.0,0.0,36
201600017319,16,9,24,1845,1,2,1,1,2.0,36032,M,4652500.0,155200.0,36
201600017320,16,1,11,2130,3,1,1,4,6.0,36168,M,4652200.0,133600.0,36
201600017321,16,3,20,845,3,1,1,1,6.0,36047,M,4642910.0,137562.0,36
201600017322,16,4,30,1445,1,1,1,3,6.0,36070,M,4645890.0,160157.0,36
201600017323,16,1,9,1600,1,1,2,1,3.0,10269,M,4851700.0,410799.0,10
201600017324,16,3,3,1100,1,1,1,4,6.0,10216,M,4863800.0,417900.0,10
201600017325,16,4,21,2130,5,2,1,8,4.0,10015,M,4843400.0,411800.0,10
201600017326,16,7,2,545,2,1,1,1,6.0,10015,M,4843700.0,411900.0,10
201600017327,16,10,28,530,3,1,1,5,6.0,10004,M,4860300.0,416200.0,10
201600017328,16,11,13,500,3,1,1,2,1.0,10006,M,4852900.0,414400.0,10
201600017329,16,1,5,1945,3,1,1,2,1.0,10422,M,4809217.0,385753.0,10
201600017330,16,3,25,1700,1,2,1,1,1.0,10394,M,4799620.0,406244.0,10
201600017331,16,7,24,1845,1,1,1,1,6.0,10104,M,4812969.0,412419.0,10
201600017332,16,1,8,1845,3,1,3,1,1.0,10270,M,4840220.0,424379.0,10
201600017333,16,3,18,1245,1,1,3,1,1.0,10209,M,4824404.0,428163.0,10
201600017334,16,2,27,30,3,1,1,1,7.0,10011,M,4826715.0,475108.0,10
201600017335,16,4,23,1100,1,1,1,2,1.0,10055,M,4873359.0,421320.0,10
201600017336,16,8,21,645,1,1,1,1,3.0,10399,M,4818585.0,419319.0,10
201600017337,16,5,6,2045,3,1,1,1,6.0,10259,M,4846937.0,345063.0,10
201600017338,16,8,20,1545,1,1,1,1,7.0,10420,M,4857600.0,352600.0,10
201600017339,16,10,17,1745,1,2,1,1,3.0,10268,M,4849228.0,349675.0,10
201600017340,16,10,31,1615,1,1,1,1,4.0,10334,M,4849822.0,354621.0,10
201600017341,16,10,31,900,2,1,1,5,6.0,10268,M,4848493.0,351500.0,10
201600017342,16,3,5,1930,5,2,1,1,6.0,10271,M,4847000.0,377400.0,10
201600017343,16,3,17,2000,3,1,1,1,6.0,10353,M,4843700.0,392100.0,10
201600017344,16,3,30,245,3,1,1,2,6.0,10320,M,4844796.0,394349.0,10
201600017345,16,5,24,845,1,1,1,1,6.0,10341,M,4851800.0,366700.0,10
201600017346,16,6,12,345,3,1,1,1,3.0,10220,M,4850100.0,379145.0,10
201600017347,16,6,13,1145,1,2,1,1,6.0,10323,M,4852000.0,371900.0,10
201600017348,16,7,8,2145,2,2,1,1,1.0,10323,M,0.0,0.0,10
201600017349,16,7,15,545,5,2,1,1,6.0,10323,M,0.0,0.0,10
201600017350,16,9,25,815,1,1,1,8,6.0,10144,M,4855600.0,387000.0,10
201600017351,16,10,7,645,3,1,1,1,7.0,10164,M,4848600.0,370400.0,10
201600017352,16,10,13,730,2,1,1,2,3.0,10392,M,4846700.0,391200.0,10
201600017353,16,10,16,2100,3,1,1,1,7.0,10086,M,4851863.0,394479.0,10
201600017354,16,10,22,2100,3,1,1,1,6.0,10089,M,4849900.0,381700.0,10
201600017355,16,10,31,1615,1,2,1,1,6.0,10323,M,4851500.0,371600.0,10
201600017356,16,11,7,1045,1,2,1,1,1.0,10323,M,4850900.0,372900.0,10
201600017357,16,11,9,945,2,1,1,2,6.0,10323,M,4851400.0,372200.0,10
201600017358,16,11,21,1645,2,1,1,2,3.0,10323,M,4851500.0,372100.0,10
201600017359,16,11,22,1430,1,1,1,1,6.0,10323,M,4851200.0,369100.0,10
201600017360,16,12,14,45,3,1,1,1,7.0,10368,M,4840200.0,394100.0,10
201600017361,16,12,28,1215,1,2,1,1,3.0,10280,M,4848700.0,373100.0,10
201600017362,16,6,16,115,5,2,3,2,6.0,43268,M,,,43
201600017363,16,7,5,1745,1,1,2,1,1.0,43007,M,4503810.0,417303.0,43
201600017364,16,8,13,1030,1,1,3,1,3.0,43203,M,4515520.0,403401.0,43
201600017365,16,12,15,630,3,1,1,1,3.0,43162,M,4522670.0,405574.0,43
201600017366,16,9,8,2230,3,1,1,1,3.0,43012,M,4538360.0,422712.0,43
201600017367,16,1,27,845,1,2,1,1,6.0,18139,M,0.0,0.0,18
201600017368,16,3,2,1845,3,1,1,4,1.0,18265,M,0.0,0.0,18
201600017369,16,7,24,1345,1,1,1,1,6.0,18174,M,4707600.0,249200.0,18
201600017370,16,8,13,1145,1,2,1,1,1.0,18220,M,4712500.0,300900.0,18
201600017371,16,10,21,400,3,1,1,1,6.0,18049,M,4716533.0,297211.0,18
201600017372,16,10,29,1615,1,1,1,1,3.0,18012,M,4717355.0,298885.0,18
201600017373,16,10,30,200,3,1,1,5,1.0,18118,M,4703549.0,312767.0,18
201600017374,16,11,30,1500,1,1,9,1,7.0,18158,M,4708305.0,251654.0,18
201600017375,16,12,3,1645,3,1,2,1,5.0,18061,M,4714300.0,278300.0,18
201600017376,16,1,10,245,5,2,7,2,6.0,18109,M,4730274.0,252387.0,18
201600017377,16,1,16,1000,1,1,1,4,6.0,18176,M,0.0,0.0,18
201600017378,16,5,6,1700,1,1,2,1,3.0,18253,M,0.0,0.0,18
201600017379,16,5,18,1700,1,2,2,1,2.0,18097,M,4714442.0,242954.0,18
201600017380,16,6,25,1500,1,1,2,1,3.0,18226,M,4715671.0,249452.0,18
201600017381,16,7,16,1500,1,1,2,1,3.0,18206,M,4714716.0,235687.0,18
201600017382,16,7,17,615,2,1,1,1,7.0,18229,M,4714716.0,235687.0,18
201600017383,16,7,21,1500,1,1,1,1,6.0,18223,M,4726073.0,266396.0,18
201600017384,16,7,28,2130,2,1,1,1,7.0,18109,M,0.0,0.0,18
201600017385,16,8,26,1730,1,1,1,1,3.0,18004,M,0.0,0.0,18
201600017386,16,9,11,1630,1,1,1,1,7.0,18206,M,4714055.0,234180.0,18
201600017387,16,10,9,1615,1,1,1,7,1.0,18189,M,4721387.0,243250.0,18
201600017388,16,10,11,1945,2,1,1,2,2.0,18109,M,4729485.0,252163.0,18
201600017389,16,12,11,315,3,1,1,9,7.0,18280,M,0.0,0.0,18
201600017390,16,7,2,2015,1,2,1,1,3.0,18086,M,4669843.0,251538.0,18
201600017391,16,9,3,1830,1,1,1,1,6.0,18231,M,4674029.0,256139.0,18
201600017392,16,10,27,1730,1,2,1,1,1.0,18197,M,4672503.0,250627.0,18
201600017393,16,1,26,745,2,1,3,1,3.0,18153,M,0.0,0.0,18
201600017394,16,2,3,1415,1,1,1,1,1.0,18041,M,4663131.0,249234.0,18
201600017395,16,2,14,2015,5,2,1,2,6.0,18057,M,0.0,0.0,18
201600017396,16,3,14,1800,1,2,1,1,3.0,18089,M,0.0,0.0,18
201600017397,16,3,27,1400,1,1,1,1,7.0,18152,M,0.0,0.0,18
201600017398,16,4,27,1300,1,1,1,1,6.0,18059,M,4662300.0,228700.0,18
201600017399,16,8,28,1715,1,2,1,1,7.0,18252,M,4651100.0,232000.0,18
201600017400,16,9,4,730,1,1,1,1,7.0,18114,M,4675200.0,226900.0,18
201600017401,16,11,19,1430,1,1,1,1,1.0,18209,M,4668600.0,246400.0,18
201600017402,16,11,26,1730,3,1,1,1,1.0,18130,M,4665800.0,240600.0,18
201600017403,16,1,15,1900,2,1,1,9,1.0,18221,M,4681700.0,237900.0,18
201600017404,16,2,24,1230,1,2,1,2,6.0,18087,M,4689133.0,257143.0,18
201600017405,16,3,1,330,3,1,1,1,6.0,18063,M,0.0,0.0,18
201600017406,16,5,5,1500,1,1,1,1,6.0,18254,M,4701871.0,251269.0,18
201600017407,16,5,22,1730,1,1,1,2,1.0,18180,M,4701200.0,249300.0,18
201600017408,16,12,9,2115,3,2,1,1,7.0,18121,M,4691200.0,266300.0,18
201600017409,16,12,22,1215,1,1,2,2,3.0,18129,M,4697200.0,235100.0,18
201600017410,16,5,14,2000,1,1,2,1,3.0,18149,M,0.0,0.0,18
201600017411,16,6,18,2030,1,1,1,8,6.0,18165,M,4733000.0,224100.0,18
201600017412,16,7,31,1515,1,1,1,1,6.0,18011,M,4756089.0,236875.0,18
201600017413,16,9,3,900,1,1,1,1,6.0,18165,M,4727900.0,228702.0,18
201600017414,16,10,11,1900,2,1,1,1,1.0,18030,M,4751158.0,249625.0,18
201600017415,16,11,27,2000,3,1,1,1,6.0,18037,M,4755718.0,211682.0,18
201600017416,16,1,21,730,2,1,1,5,1.0,18036,M,0.0,0.0,18
201600017417,16,2,20,1015,1,1,3,1,3.0,18141,M,4714765.0,226619.0,18
201600017418,16,6,24,600,3,1,1,1,6.0,18124,M,4706102.0,206841.0,18
201600017419,16,8,8,2015,1,2,1,1,6.0,18214,M,0.0,0.0,18
201600017420,16,9,14,1515,1,2,1,2,7.0,18028,M,4713746.0,232805.0,18
201600017421,16,9,21,1715,1,2,7,1,6.0,18103,M,0.0,0.0,18
201600017422,16,1,6,1645,1,2,1,2,6.0,73128,M,4571414.0,591925.0,73
201600017423,16,8,6,1610,1,1,1,1,2.0,73300,M,4566549.0,589596.0,73
201600017424,16,10,22,1545,1,1,1,1,6.0,73300,M,4567454.0,589377.0,73
201600017425,16,1,27,1500,1,2,1,7,6.0,73096,M,0.0,0.0,73
201600017426,16,9,24,1400,1,1,1,1,3.0,73151,M,4548771.0,599540.0,73
201600017427,16,10,18,1145,1,1,4,1,3.0,73183,M,4550804.0,599122.0,73
201600017428,16,2,25,1015,1,1,1,2,5.0,73162,M,4559187.0,627369.0,73
201600017429,16,3,26,1615,1,1,1,1,1.0,73308,M,4568768.0,640466.0,73
201600017430,16,4,22,1815,1,1,1,1,1.0,73032,M,4563847.0,644326.0,73
201600017431,16,5,14,315,3,1,1,5,6.0,73162,M,4560452.0,628025.0,73
201600017432,16,5,22,1,5,2,6,1,3.0,73114,M,4581858.0,651636.0,73
201600017433,16,5,24,2100,5,2,1,1,3.0,73303,M,4575316.0,642121.0,73
201600017434,16,6,22,1215,1,1,2,1,1.0,73124,M,4565814.0,635163.0,73
201600017435,16,6,27,1115,1,2,1,1,6.0,73186,M,4580896.0,651871.0,73
201600017436,16,8,8,1120,1,1,1,1,6.0,73153,M,4572852.0,643533.0,73
201600017437,16,8,26,1830,1,1,1,1,4.0,73121,M,4562706.0,632143.0,73
201600017438,16,10,28,1345,1,2,1,7,1.0,73110,M,4561401.0,643509.0,73
201600017439,16,6,10,830,1,2,1,1,3.0,73248,M,4527311.0,634949.0,73
201600017440,16,6,29,1145,1,2,7,1,6.0,73248,M,4527701.0,634324.0,73
201600017441,16,1,24,1500,1,2,1,1,6.0,73067,M,0.0,0.0,73
201600017442,16,1,29,1400,1,1,1,1,1.0,73019,M,4550756.0,630889.0,73
201600017443,16,3,4,2359,3,1,1,8,6.0,73007,M,4557812.0,625256.0,73
201600017444,16,6,24,1430,1,1,1,1,1.0,73074,M,4542057.0,627321.0,73
201600017445,16,8,1,1115,1,2,3,1,6.0,73212,M,4554438.0,630913.0,73
201600017446,16,1,21,1315,1,1,3,1,1.0,64519,M,4339243.0,-38023.0,64
201600017447,16,2,21,1600,1,1,1,1,6.0,64511,M,4341620.0,-36572.0,64
201600017448,16,3,1,1345,1,1,1,1,2.0,64448,M,4334252.0,-47047.0,64
201600017449,16,6,9,1700,1,1,1,1,1.0,64060,M,4332776.0,-47480.0,64
201600017450,16,10,21,1700,1,2,2,1,3.0,64037,M,4332856.0,-50113.0,64
201600017451,16,11,17,1830,3,1,2,1,3.0,64511,M,4339824.0,-41205.0,64
201600017452,16,1,12,1830,3,1,1,2,6.0,64152,M,4333956.0,-32503.0,64
201600017453,16,3,3,1715,1,2,1,2,3.0,64395,M,4343291.0,-1380.0,64
201600017454,16,4,9,615,3,1,1,2,7.0,64329,M,4329700.0,-28400.0,64
201600017455,16,8,23,1945,1,1,1,7,5.0,64216,M,4325817.0,-15181.0,64
201600017456,16,10,25,1800,1,1,2,1,5.0,64309,M,4336987.0,-5083.0,64
201600017457,16,12,11,1030,1,1,1,1,6.0,64389,M,4341290.0,-19676.0,64
201600017458,16,5,5,1715,1,2,1,1,3.0,64417,M,4318238.0,-26131.0,64
201600017459,16,12,7,415,3,2,2,1,3.0,64141,M,4354990.0,-31571.0,64
201600017460,16,2,11,1230,1,1,1,9,6.0,64034,M,4334650.0,-99696.0,64
201600017461,16,10,2,1415,1,1,1,1,6.0,64104,M,4298072.0,-60597.0,64
201600017462,16,1,12,1815,3,1,1,2,1.0,64535,M,4335502.0,-53531.0,64
201600017463,16,5,8,2000,1,1,1,1,7.0,64430,M,4351100.0,-81700.0,64
201600017464,16,8,25,1100,1,1,6,1,3.0,64108,M,4351996.0,-91516.0,64
201600017465,16,9,22,630,3,1,1,1,3.0,64087,M,4350694.0,-83550.0,64
201600017466,16,10,15,1000,1,1,1,1,2.0,64462,M,4351800.0,-87034.0,64
201600017467,16,3,6,1545,1,1,1,1,6.0,45020,M,4785534.0,165082.0,45
201600017468,16,5,4,1745,1,2,3,1,3.0,45098,M,4782575.0,176291.0,45
201600017469,16,5,15,1845,1,1,3,1,2.0,45264,M,4792816.0,170438.0,45
201600017470,16,7,6,700,1,2,3,1,3.0,45130,M,4779357.0,170888.0,45
201600017471,16,11,12,1615,1,1,1,2,6.0,45179,M,4778137.0,170468.0,45
201600017472,16,12,15,700,3,1,1,9,6.0,45167,M,4791371.0,170018.0,45
201600017473,16,12,15,745,3,1,1,1,1.0,45313,M,4806477.0,182017.0,45
201600017474,16,2,25,645,5,2,1,5,6.0,45307,M,4806298.0,289475.0,45
201600017475,16,6,28,1315,1,1,1,1,1.0,45306,M,4801531.0,286409.0,45
201600017476,16,9,29,830,1,2,2,1,3.0,45030,M,4806925.0,243474.0,45
201600017477,16,1,15,1845,5,1,1,9,6.0,45095,M,4807006.0,209246.0,45
201600017478,16,2,20,1800,1,1,1,2,6.0,45224,M,4805152.0,205229.0,45
201600017479,16,3,5,2330,3,1,1,2,6.0,45095,M,4807048.0,211724.0,45
201600017480,16,3,12,1745,1,2,1,1,6.0,45118,M,4812162.0,206625.0,45
201600017481,16,8,22,1830,1,1,1,1,1.0,45188,M,4803044.0,207601.0,45
201600017482,16,12,12,1600,1,1,1,1,1.0,45095,M,4807963.0,214282.0,45
201600017483,16,12,12,1945,3,1,1,1,7.0,45347,M,0.0,0.0,45
201600017484,16,1,10,300,1,1,1,1,6.0,60250,M,4945420.0,203307.0,60
201600017485,16,1,29,1945,3,1,1,1,1.0,60251,M,4945796.0,221165.0,60
201600017486,16,3,3,1515,1,1,1,1,6.0,60230,M,4945738.0,225286.0,60
201600017487,16,7,25,1730,1,1,1,1,5.0,60646,M,4947603.0,205057.0,60
201600017488,16,9,30,1615,1,2,1,1,3.0,60041,M,4938286.0,222354.0,60
201600017489,16,11,7,1045,1,1,1,1,3.0,60646,M,4948263.0,203876.0,60
201600017490,16,11,12,2200,1,2,3,2,3.0,60103,M,4940365.0,224976.0,60
201600017491,16,12,5,1215,1,2,1,1,1.0,60103,M,4941011.0,224689.0,60
201600017492,16,12,30,1345,1,1,1,5,1.0,60668,M,4950290.0,208683.0,60
201600017493,16,3,21,1930,1,1,1,1,1.0,60187,M,4944446.0,182214.0,60
201600017494,16,6,24,2300,2,2,1,1,1.0,60164,M,4941289.0,183981.0,60
201600017495,16,6,30,1815,1,1,1,1,1.0,60063,M,4934508.0,207311.0,60
201600017496,16,7,21,1130,1,2,1,1,6.0,60343,M,4939272.0,178545.0,60
201600017497,16,1,12,1730,5,2,1,3,5.0,60110,M,4965610.0,182765.0,60
201600017498,16,2,2,615,5,2,1,1,6.0,60286,M,4966105.0,192556.0,60
201600017499,16,2,23,830,1,1,1,1,6.0,60194,M,4970064.0,195949.0,60
201600017500,16,5,4,1430,1,1,1,1,6.0,60233,M,4965029.0,184787.0,60
201600017501,16,3,18,1815,1,1,1,1,6.0,60233,M,4964871.0,184652.0,60
201600017502,16,4,6,1930,1,1,1,1,3.0,60288,M,4955695.0,189172.0,60
201600017503,16,4,12,1400,1,1,1,1,1.0,60605,M,4967336.0,192025.0,60
201600017504,16,4,19,2100,3,1,1,1,7.0,60304,M,4958539.0,198708.0,60
201600017505,16,4,21,945,1,1,1,1,1.0,60691,M,4957966.0,174628.0,60
201600017506,16,4,25,1515,1,1,1,1,6.0,60180,M,4952442.0,191992.0,60
201600017507,16,5,12,2200,2,1,1,1,6.0,60387,M,4957337.0,195940.0,60
201600017508,16,8,2,1330,1,1,1,1,1.0,60004,M,4955269.0,198489.0,60
201600017509,16,11,6,845,1,2,1,1,6.0,60435,M,4958015.0,187184.0,60
201600017510,16,12,16,1815,3,2,1,1,6.0,60354,M,4968241.0,199733.0,60
201600017511,16,12,19,2000,5,2,1,1,3.0,60122,M,4961516.0,174910.0,60
201600017512,16,4,19,745,1,2,1,1,6.0,60155,M,4925868.0,233184.0,60
201600017513,16,9,22,945,1,2,1,1,6.0,60155,M,4927105.0,235836.0,60
201600017514,16,10,20,1530,1,2,1,1,6.0,60584,M,4921663.0,242156.0,60
201600017515,16,11,23,1630,1,1,1,1,1.0,60584,M,4921320.0,240938.0,60
201600017516,16,12,6,1345,1,1,1,9,1.0,60155,M,4926603.0,234697.0,60
201600017517,16,7,19,30,3,1,1,1,7.0,60111,M,4963115.0,246050.0,60
201600017518,16,10,25,1515,1,2,1,1,6.0,60104,M,4963632.0,228961.0,60
201600017519,16,12,13,1330,1,1,1,1,1.0,60178,M,4961023.0,210350.0,60
201600017520,16,12,13,1615,1,2,1,1,1.0,60104,M,4963230.0,229079.0,60
201600017521,16,12,8,1630,2,1,1,1,3.0,60026,M,4956756.0,211837.0,60
201600017522,16,1,21,745,2,1,1,9,1.0,60556,M,4960302.0,252458.0,60
201600017523,16,1,22,2100,3,1,1,5,6.0,60468,M,4950267.0,235528.0,60
201600017524,16,3,5,1215,1,1,1,9,1.0,60503,M,4958633.0,258037.0,60
201600017525,16,3,2,1430,1,2,1,2,6.0,60581,M,4950614.0,243388.0,60
201600017526,16,3,29,800,1,1,2,1,3.0,60232,M,4958761.0,249728.0,60
201600017527,16,6,24,2300,3,1,1,1,1.0,60112,M,4955766.0,248183.0,60
201600017528,16,7,14,815,1,1,1,1,1.0,60374,M,4954364.0,252799.0,60
201600017529,16,10,18,1945,1,1,2,1,3.0,60222,M,4946906.0,226211.0,60
201600017530,16,10,27,1515,1,2,1,1,6.0,60702,M,4960677.0,247872.0,60
201600017531,16,11,15,1645,2,1,1,2,5.0,60581,M,4951715.0,242052.0,60
201600017532,16,1,9,1845,1,1,3,1,3.0,60537,M,4952640.0,293882.0,60
201600017533,16,2,16,1430,1,2,1,1,3.0,60064,M,4941364.0,301245.0,60
201600017534,16,3,12,1830,1,2,1,1,6.0,60119,M,4949865.0,290245.0,60
201600017535,16,3,16,1015,1,1,1,1,3.0,60129,M,4952458.0,300248.0,60
201600017536,16,4,28,2245,5,2,1,1,6.0,60534,M,4941601.0,294235.0,60
201600017537,16,6,22,1700,1,2,6,1,6.0,60471,M,4957829.0,299476.0,60
201600017538,16,6,28,1415,1,1,1,1,7.0,60025,M,4940432.0,307001.0,60
201600017539,16,8,20,1445,1,2,1,1,3.0,60636,M,4947736.0,286742.0,60
201600017540,16,8,25,1500,1,2,1,1,1.0,60151,M,4943109.0,286436.0,60