Num_Acc,an,mois,jour,hrmn,lum,agg,int,atm,col,com,gps,lat,long,dep
201600017541,16,10,24,1815,1,2,1,8,1.0,60537,M,4951725.0,292428.0,60
201600017542,16,11,15,1730,1,1,1,2,5.0,60150,M,4954744.0,295807.0,60
201600017543,16,12,3,545,5,2,1,1,6.0,60119,M,4950003.0,291440.0,60
201600017544,16,12,8,900,1,2,1,8,6.0,60641,M,4947775.0,299711.0,60
201600017545,16,12,23,1015,1,2,1,1,6.0,60188,M,4940412.0,300511.0,60
201600017546,16,1,8,715,3,1,1,1,1.0,60617,M,4962238.0,293156.0,60
201600017547,16,1,11,830,2,2,1,2,6.0,60471,M,4957294.0,301138.0,60
201600017548,16,2,5,115,3,1,1,9,6.0,60471,M,4960272.0,301274.0,60
201600017549,16,2,26,1045,1,1,2,1,3.0,60474,M,4969940.0,291305.0,60
201600017550,16,4,10,1930,1,2,1,1,2.0,60676,M,4955349.0,293668.0,60
201600017551,16,6,20,1015,1,2,1,2,3.0,60507,M,4955213.0,304980.0,60
201600017552,16,8,6,1315,1,2,2,1,6.0,60471,M,4957782.0,299804.0,60
201600017553,16,8,21,1945,1,1,1,1,7.0,60291,M,4967428.0,302334.0,60
201600017554,16,9,20,1045,1,2,1,1,3.0,60471,M,4957953.0,300763.0,60
201600017555,16,10,4,930,1,1,3,1,3.0,60055,M,4959985.0,296963.0,60
201600017556,16,10,22,530,2,1,2,5,3.0,60124,M,4963764.0,290569.0,60
201600017557,16,11,8,1530,1,1,1,8,1.0,60127,M,4959293.0,280638.0,60
201600017558,16,12,29,1515,1,1,2,1,3.0,60124,M,4963794.0,290534.0,60
201600017559,16,2,3,1,3,1,1,1,6.0,60160,M,4961836.0,272435.0,60
201600017560,16,3,10,1515,1,1,1,1,3.0,60533,M,4952564.0,270894.0,60
201600017561,16,7,10,1930,1,2,2,1,3.0,60386,M,4951695.0,276313.0,60
201600017562,16,1,1,115,5,2,1,1,6.0,60670,M,4927260.0,250919.0,60
201600017563,16,1,21,815,1,1,1,1,1.0,60509,M,4928733.0,260294.0,60
201600017564,16,4,16,2115,3,1,1,1,6.0,60509,M,4929601.0,258579.0,60
201600017565,16,4,27,600,2,2,1,1,6.0,60508,M,4930053.0,265193.0,60
201600017566,16,6,17,1330,1,2,1,1,3.0,60509,M,4930662.0,260434.0,60
201600017567,16,7,24,1530,1,1,1,1,1.0,60667,M,4929459.0,272313.0,60
201600017568,16,8,27,815,1,1,1,1,6.0,60667,M,4927474.0,272754.0,60
201600017569,16,8,7,200,3,1,1,1,6.0,60667,M,4929713.0,272173.0,60
201600017570,16,9,22,45,5,1,6,1,6.0,60509,M,4932424.0,260412.0,60
201600017571,16,10,7,545,1,2,1,1,1.0,60509,M,4930406.0,260443.0,60
201600017572,16,5,4,2215,3,1,1,1,1.0,09176,M,4275614.0,177071.0,09
201600017573,16,8,14,1700,1,1,1,1,6.0,09032,M,4267658.0,183481.0,09
201600017574,16,9,9,1215,1,1,1,1,1.0,09189,M,4268488.0,182365.0,09
201600017575,16,9,10,1700,1,1,1,1,6.0,09139,M,4257617.0,179032.0,09
201600017576,16,1,22,2045,5,2,1,2,3.0,09324,M,4304699.0,163327.0,09
201600017577,16,12,13,815,2,1,1,9,6.0,09163,M,4314705.0,152245.0,09
201600017578,16,12,30,2030,3,1,1,5,7.0,09238,M,4309250.0,170384.0,09
201600017579,16,2,6,1545,1,1,1,2,6.0,83032,M,0.0,0.0,83
201600017580,16,2,13,1500,1,1,1,2,5.0,83025,M,0.0,0.0,83
201600017581,16,4,20,1745,1,1,1,1,3.0,83039,M,0.0,0.0,83
201600017582,16,11,12,315,3,1,1,1,7.0,83032,M,0.0,0.0,83
201600017583,16,5,27,1715,1,1,1,1,1.0,83149,M,0.0,0.0,83
201600017584,16,1,14,800,2,1,1,4,1.0,90026,M,,,90
201600017585,16,5,6,800,1,1,1,1,7.0,90068,M,0.0,0.0,90
201600017586,16,6,18,300,5,1,6,1,6.0,90093,M,0.0,0.0,90
201600017587,16,6,25,30,3,2,1,3,7.0,90037,M,0.0,0.0,90
201600017588,16,12,27,1430,1,1,1,7,3.0,90012,M,0.0,0.0,90
201600017589,16,5,30,1630,1,1,1,1,6.0,90009,M,0.0,0.0,90
201600017590,16,3,6,515,3,1,1,1,1.0,50202,M,4900620.0,-96024.0,50
201600017591,16,3,11,2030,3,1,3,1,3.0,50139,M,4907250.0,-102247.0,50
201600017592,16,3,31,1230,1,1,2,1,3.0,50444,M,4904680.0,-96303.0,50
201600017593,16,6,7,1145,1,1,1,1,6.0,50601,M,4904040.0,-98471.0,50
201600017594,16,2,3,700,3,1,2,2,3.0,50625,M,4875390.0,-90623.0,50
201600017595,16,9,16,1130,1,1,1,8,5.0,50284,M,4858300.0,-143644.0,50
201600017596,16,10,15,145,5,2,1,1,6.0,50410,M,4855280.0,-150629.0,50
201600017597,16,10,29,1800,1,1,2,1,3.0,50543,M,4864010.0,-129443.0,50
201600017598,16,11,12,1900,5,2,1,3,1.0,50347,M,4852410.0,-132865.0,50
201600017599,16,11,27,1700,1,1,1,1,1.0,50290,M,4865990.0,-128011.0,50
201600017600,16,12,1,1745,5,2,1,1,3.0,50168,M,4861960.0,-128888.0,50
201600017601,16,3,2,615,3,2,1,3,6.0,50484,M,4856900.0,-109542.0,50
201600017602,16,4,27,1630,1,2,9,1,6.0,50274,M,4857730.0,-109178.0,50
201600017603,16,6,4,1130,1,1,3,1,1.0,50274,M,4853830.0,-106876.0,50
201600017604,16,7,7,1100,1,1,1,1,2.0,50256,M,4859860.0,-119705.0,50
201600017605,16,11,3,1115,1,1,1,1,2.0,50256,M,4859990.0,-120021.0,50
201600017606,16,7,22,1745,1,1,2,1,3.0,50648,M,4949610.0,-151466.0,50
201600017607,16,11,25,1515,1,1,1,1,1.0,50135,M,4964990.0,-139621.0,50
201600017608,16,1,7,2000,3,1,1,8,7.0,50045,M,4954100.0,-177906.0,50
201600017609,16,1,19,1930,3,1,1,9,1.0,50402,M,4951100.0,-176767.0,50
201600017610,16,2,5,715,2,1,1,1,3.0,50604,M,4954780.0,-185074.0,50
201600017611,16,3,27,100,3,1,1,1,7.0,50425,M,4951520.0,-166137.0,50
201600017612,16,4,23,1615,1,2,1,1,6.0,50031,M,4936900.0,-176775.0,50
201600017613,16,5,3,800,1,2,3,7,3.0,50082,M,4947050.0,-163867.0,50
201600017614,16,6,22,1115,1,2,1,1,7.0,50425,M,4951950.0,-168082.0,50
201600017615,16,7,8,1700,1,1,2,1,3.0,50425,M,4951440.0,-167850.0,50
201600017616,16,7,31,930,1,1,1,1,6.0,50176,M,4947430.0,-159967.0,50
201600017617,16,9,3,1815,1,1,2,1,3.0,50031,M,4937870.0,-174213.0,50
201600017618,16,9,21,500,3,1,1,1,1.0,50176,M,4947940.0,-160636.0,50
201600017619,16,10,21,2115,3,1,1,1,7.0,50425,M,4952790.0,-164855.0,50
201600017620,16,2,28,1915,3,1,1,8,6.0,50390,M,4950650.0,-134768.0,50
201600017621,16,3,11,1515,1,1,1,1,6.0,50551,M,4937820.0,-157731.0,50
201600017622,16,3,25,1915,2,1,1,1,7.0,50177,M,4940420.0,-144166.0,50
201600017623,16,5,3,815,2,2,9,7,2.0,50103,M,4936840.0,-133629.0,50
201600017624,16,8,5,30,3,1,1,1,5.0,50233,M,4942830.0,-149389.0,50
201600017625,16,9,9,1615,1,1,1,1,3.0,50426,M,4937940.0,-153091.0,50
201600017626,16,9,23,1115,1,1,3,1,3.0,50269,M,4935430.0,-132693.0,50
201600017627,16,7,8,830,1,1,1,1,1.0,50092,M,4908580.0,-135291.0,50
201600017628,16,8,11,1515,1,1,1,1,7.0,50350,M,4902430.0,-130031.0,50
201600017629,16,10,6,1745,1,1,1,1,5.0,50419,M,4896130.0,-147382.0,50
201600017630,16,5,22,1430,1,2,1,1,1.0,05010,M,4452681.0,576326.0,05
201600017631,16,5,29,2000,1,1,1,1,7.0,05008,M,4449725.0,572969.0,05
201600017632,16,6,24,1745,1,1,1,7,6.0,05179,M,4453996.0,583973.0,05
201600017633,16,8,6,1715,1,1,1,1,2.0,05123,M,4456189.0,593421.0,05
201600017634,16,10,20,1730,1,1,1,1,5.0,05146,M,4458349.0,572263.0,05
201600017635,16,11,17,1745,3,1,1,1,2.0,05179,M,4453320.0,579964.0,05
201600017636,16,11,22,945,1,2,3,2,3.0,05179,M,4453156.0,580649.0,05
201600017637,16,8,14,930,1,1,1,1,4.0,05084,M,4455648.0,623806.0,05
201600017638,16,9,9,2325,3,1,1,3,2.0,05124,M,4457734.0,614901.0,05
201600017639,16,11,1,1800,3,1,3,1,4.0,05084,M,4455911.0,622078.0,05
201600017640,16,4,30,1715,1,1,1,2,1.0,05012,M,4454786.0,648516.0,05
201600017641,16,2,22,1845,3,1,1,3,6.0,14506,M,4917840.0,-79851.0,14
201600017642,16,3,8,2055,3,1,1,1,6.0,14103,M,4925140.0,-87522.0,14
201600017643,16,3,9,1410,1,1,1,3,6.0,14551,M,4933290.0,-82472.0,14
201600017644,16,3,20,1600,1,1,1,1,6.0,14239,M,4938840.0,-94092.0,14
201600017645,16,5,22,1900,1,2,1,3,7.0,14614,M,4922520.0,-104638.0,14
201600017646,16,5,26,1850,1,1,1,1,3.0,14716,M,4919210.0,-72072.0,14
201600017647,16,6,19,915,1,1,2,1,3.0,14714,M,4922640.0,-81569.0,14
201600017648,16,10,26,1345,1,2,1,1,3.0,14312,M,4938100.0,-105658.0,14
201600017649,16,7,18,2330,3,1,1,1,7.0,14377,M,4932090.0,-70293.0,14
201600017650,16,9,1,1045,1,1,2,1,1.0,14577,M,4927200.0,-55800.0,14
201600017651,16,3,29,150,4,2,1,1,7.0,14692,M,4917720.0,-60870.0,14
201600017652,16,8,10,1550,1,1,2,1,7.0,14353,M,4906910.0,-57535.0,14
201600017653,16,12,1,1530,1,1,1,1,2.0,14111,M,4921800.0,-65500.0,14
201600017654,16,12,11,1345,1,1,1,1,1.0,14182,M,0.0,0.0,14
201600017655,16,12,20,1515,1,1,2,7,5.0,14389,M,4905200.0,-66500.0,14
201600017656,16,2,21,1000,1,2,1,2,6.0,14514,M,4928520.0,18336.0,14
201600017657,16,2,22,1945,5,2,3,3,6.0,14644,M,4920890.0,28693.0,14
201600017658,16,4,11,1600,1,1,1,1,6.0,14578,M,4934090.0,21931.0,14
201600017659,16,4,28,800,1,1,3,1,1.0,14593,M,4922880.0,18066.0,14
201600017660,16,5,8,1030,1,1,2,1,3.0,14299,M,4937640.0,27580.0,14
201600017661,16,5,15,1930,1,1,1,1,1.0,14492,M,4941270.0,18572.0,14
201600017662,16,12,28,600,3,1,1,9,6.0,14528,M,0.0,0.0,14
201600017663,16,6,26,1615,1,2,1,1,6.0,14754,M,4932230.0,-563.0,14
201600017664,16,8,19,900,1,1,1,1,3.0,14494,M,,,14
201600017665,16,10,3,1730,1,1,1,1,3.0,14474,M,4913270.0,-91.0,14
201600017666,16,11,1,1500,1,2,1,1,6.0,14754,M,,,14
201600017667,16,11,15,1430,1,1,1,2,7.0,14083,M,4923080.0,10111.0,14
201600017668,16,11,27,2045,3,1,1,1,7.0,14033,M,4922540.0,6438.0,14
201600017669,16,12,31,1015,1,1,1,9,1.0,14455,M,4900500.0,-36000.0,14
201600017670,16,12,30,1845,3,1,9,9,6.0,14546,M,4900700.0,-17400.0,14
201600017671,16,3,29,1230,1,2,1,1,7.0,14456,M,4911450.0,-17295.0,14
201600017672,16,6,23,2345,3,2,1,1,7.0,14516,M,4896830.0,-24119.0,14
201600017673,16,7,9,1845,1,1,1,1,2.0,14039,M,4900960.0,-35825.0,14
201600017674,16,11,7,745,2,1,1,2,1.0,14319,M,,,14
201600017675,16,4,7,725,2,1,1,2,1.0,14251,M,4895970.0,-47865.0,14
201600017676,16,4,10,1745,1,1,3,1,2.0,14223,M,4887630.0,-33805.0,14
201600017677,16,4,14,715,1,2,1,1,5.0,14162,M,4893200.0,-51131.0,14
201600017678,16,4,24,1945,1,1,1,1,6.0,14656,M,4895390.0,-48929.0,14
201600017679,16,5,10,1145,1,2,6,2,7.0,14689,M,4898060.0,-47581.0,14
201600017680,16,5,14,1645,1,1,1,1,7.0,14505,M,4897080.0,-43503.0,14
201600017681,16,6,6,2030,1,1,1,1,6.0,14656,M,4895430.0,-48856.0,14
201600017682,16,6,13,1815,1,1,1,8,6.0,14764,M,4887930.0,-39952.0,14
201600017683,16,6,22,2200,2,1,1,2,6.0,14689,M,,,14
201600017684,16,6,23,915,1,1,1,1,1.0,14602,M,4893440.0,-56362.0,14
201600017685,16,7,1,1745,1,1,1,2,6.0,14458,M,,,14
201600017686,16,1,20,1700,1,1,3,1,3.0,14478,M,4903340.0,38600.0,14
201600017687,16,3,7,1330,1,1,1,1,1.0,14210,M,4902940.0,27814.0,14
201600017688,16,3,18,1555,1,2,1,1,6.0,14471,M,4899080.0,26465.0,14
201600017689,16,5,5,1315,1,1,1,1,6.0,14326,M,,,14
201600017690,16,6,1,1350,1,1,1,2,3.0,14647,M,4907650.0,30444.0,14
201600017691,16,7,3,2315,3,1,1,1,2.0,14504,M,4920330.0,32543.0,14
201600017692,16,7,23,2000,1,1,1,1,6.0,14626,M,,,14
201600017693,16,10,6,1415,1,1,1,1,1.0,14326,M,4916120.0,27330.0,14
201600017694,16,11,7,510,4,2,1,1,1.0,14069,M,4912970.0,26771.0,14
201600017695,16,12,3,1030,1,1,1,1,3.0,14504,M,4921200.0,34000.0,14
201600017696,16,12,9,1215,1,2,1,1,7.0,14303,M,0.0,0.0,14
201600017697,16,12,15,915,1,1,1,1,1.0,14326,M,4918600.0,29900.0,14
201600017698,16,2,3,1900,5,2,3,1,6.0,14431,M,4908000.0,-5964.0,14
201600017699,16,5,17,1500,1,1,1,1,7.0,14419,M,4909020.0,17280.0,14
201600017700,16,7,22,1900,1,1,1,1,6.0,14697,M,4895210.0,4849.0,14
201600017701,16,5,19,1900,1,1,1,1,7.0,14611,M,4882180.0,-95838.0,14
201600017702,16,3,22,1640,1,1,1,1,3.0,14730,M,4886280.0,-83086.0,14
201600017703,16,7,10,1815,1,1,1,1,7.0,06079,M,0.0,0.0,06
201600017704,16,7,14,230,5,2,1,1,6.0,06079,M,0.0,0.0,06
201600017705,16,8,25,530,5,1,1,1,6.0,06138,M,0.0,0.0,06
201600017706,16,9,16,445,4,2,1,1,6.0,06090,M,0.0,0.0,06
201600017707,16,10,4,850,1,2,6,7,6.0,06090,M,4359294.0,693008.0,06
201600017708,16,10,9,1230,1,2,1,1,3.0,06090,M,4357522.0,693385.0,06
201600017709,16,11,1,1538,1,2,3,1,2.0,06079,M,4352570.0,691389.0,06
201600017710,16,11,10,700,1,2,6,1,3.0,06007,M,4361377.0,692008.0,06
201600017711,16,11,16,1015,1,2,1,1,2.0,06090,M,4359955.0,693194.0,06
201600017712,16,12,3,2150,5,2,3,2,3.0,06079,M,4355178.0,694185.0,06
201600017713,16,12,6,1730,3,2,1,1,6.0,06007,M,4361027.0,691607.0,06
201600017714,16,12,9,1450,1,1,1,1,3.0,06108,M,4358646.0,695704.0,06
201600017715,16,12,13,2250,5,2,1,1,1.0,06079,M,4354874.0,694178.0,06
201600017716,16,12,21,330,5,1,1,2,6.0,06079,M,4353667.0,693402.0,06
201600017717,16,12,31,1725,5,2,9,1,3.0,06079,M,4352676.0,692663.0,06
201600017718,16,3,26,1315,1,1,1,1,6.0,06010,M,0.0,0.0,06
201600017719,16,6,22,1915,1,1,1,1,1.0,06068,M,0.0,0.0,06
201600017720,16,7,19,1700,1,2,1,1,3.0,06112,M,0.0,0.0,06
201600017721,16,7,27,1545,1,2,1,1,2.0,06112,M,0.0,0.0,06
201600017722,16,9,8,1215,1,2,1,1,1.0,06112,M,4367458.0,700950.0,06
201600017723,16,9,11,1100,1,1,1,1,7.0,06010,M,0.0,0.0,06
201600017724,16,10,4,2250,3,2,1,1,6.0,06010,M,4369439.0,697087.0,06
201600017725,16,10,23,1520,1,2,1,2,3.0,06105,M,4366460.0,705324.0,06
201600017726,16,11,16,1015,1,2,1,1,6.0,06148,M,4371645.0,705831.0,06
201600017727,16,12,10,1400,1,1,1,1,6.0,06068,M,4372249.0,697942.0,06
201600017728,16,12,17,200,5,2,9,1,6.0,06105,M,4366306.0,705567.0,06
201600017729,16,3,26,830,1,2,1,1,6.0,06136,M,4387838.0,744788.0,06
201600017730,16,6,3,1645,1,1,1,3,1.0,06163,M,0.0,0.0,06
201600017731,16,6,6,1,3,1,1,1,6.0,06163,M,0.0,0.0,06
201600017732,16,7,29,1915,1,1,1,1,6.0,06163,M,4406900.0,758900.0,06
201600017733,16,9,25,1100,1,1,1,1,7.0,06163,M,0.0,0.0,06
201600017734,16,11,10,1800,5,2,3,1,1.0,06023,M,4394656.0,751822.0,06
201600017735,16,11,30,835,1,2,1,1,7.0,06163,M,4408350.0,759409.0,06
201600017736,16,1,12,730,2,2,1,1,3.0,06059,M,4320500.0,759700.0,06
201600017737,16,2,3,1645,1,2,1,1,3.0,06059,M,0.0,0.0,06
201600017738,16,6,27,1745,1,2,9,1,1.0,06059,M,0.0,0.0,06
201600017739,16,7,31,1730,1,2,1,1,6.0,06059,M,0.0,0.0,06
201600017740,16,8,4,1930,1,1,1,1,1.0,06032,M,0.0,0.0,06
201600017741,16,8,16,730,1,2,1,1,2.0,06032,M,0.0,0.0,06
201600017742,16,8,24,1200,1,1,3,1,3.0,06059,M,0.0,0.0,06
201600017743,16,8,28,615,2,1,1,1,7.0,06059,M,0.0,0.0,06
201600017744,16,10,15,2035,5,1,1,1,6.0,06059,M,4373566.0,736469.0,06
201600017745,16,10,19,827,1,1,1,1,3.0,06059,M,4372461.0,737972.0,06
201600017746,16,12,9,1805,3,1,1,1,6.0,06059,M,4372050.0,736873.0,06
201600017747,16,12,17,1319,1,2,9,7,6.0,06032,M,4372705.0,741131.0,06
201600017748,16,12,17,1745,5,2,4,1,6.0,06150,M,4374960.0,740902.0,06
201600017749,16,6,10,1630,1,1,1,1,6.0,06101,M,0.0,0.0,06
201600017750,16,8,15,1430,1,2,1,1,2.0,06071,M,0.0,0.0,06
201600017751,16,12,25,1859,3,1,1,1,6.0,06016,M,4409618.0,698063.0,06
201600017752,16,11,16,845,1,1,1,1,3.0,06151,M,4387063.0,719810.0,06
201600017753,16,8,13,1030,1,2,1,1,2.0,72023,M,0.0,0.0,72
201600017754,16,9,26,1015,1,1,1,1,1.0,72026,M,0.0,0.0,72
201600017755,16,5,8,1715,1,1,1,1,6.0,72042,M,0.0,0.0,72
201600017756,16,4,7,1415,1,1,1,1,6.0,72300,M,0.0,0.0,72
201600017757,16,4,3,100,3,1,1,1,6.0,72161,M,0.0,0.0,72
201600017758,16,7,23,1515,1,1,1,1,2.0,72071,M,0.0,0.0,72
201600017759,16,12,1,1830,5,2,1,1,2.0,72325,M,4783000.0,49000.0,72
201600017760,16,12,12,615,3,1,1,2,7.0,72183,M,4773800.0,55200.0,72
201600017761,16,3,6,2000,3,1,2,1,3.0,72104,M,0.0,0.0,72
201600017762,16,3,12,1715,1,1,6,1,1.0,72039,M,0.0,0.0,72
201600017763,16,3,23,1630,1,1,1,1,6.0,72276,M,0.0,0.0,72
201600017764,16,4,5,1430,1,2,9,1,3.0,72104,M,0.0,0.0,72
201600017765,16,5,2,1645,1,2,9,1,1.0,72180,M,0.0,0.0,72
201600017766,16,11,27,1545,1,2,1,1,2.0,72180,M,0.0,0.0,72
201600017767,16,12,13,1715,2,1,1,1,6.0,72104,M,0.0,0.0,72
201600017768,16,6,24,1615,1,2,6,1,3.0,72132,M,0.0,0.0,72
201600017769,16,8,9,715,1,1,1,1,6.0,72322,M,0.0,0.0,72
201600017770,16,8,17,1345,1,2,1,1,1.0,72029,M,0.0,0.0,72
201600017771,16,11,27,1700,5,2,1,1,3.0,72138,M,4828000.0,2900.0,72
201600017772,16,12,6,800,2,1,1,5,1.0,54394,M,4957800.0,539500.0,54
201600017773,16,6,10,2215,5,2,1,1,6.0,54260,M,0.0,0.0,54
201600017774,16,11,20,430,5,2,1,1,6.0,54325,M,4844500.0,643900.0,54
201600017775,16,1,10,1400,1,2,1,2,1.0,54129,M,4858500.0,694200.0,54
201600017776,16,3,27,1745,1,1,1,1,3.0,54040,M,4881700.0,653300.0,54
201600017777,16,6,28,1415,1,1,1,1,7.0,54040,M,4848910.0,694595.0,54
201600017778,16,7,8,1400,1,1,1,1,3.0,54040,M,4848464.0,695435.0,54
201600017779,16,4,1,1600,1,1,1,8,6.0,54343,M,0.0,0.0,54
201600017780,16,4,9,1900,1,1,1,1,7.0,54463,M,4879000.0,598000.0,54
201600017781,16,4,25,1815,1,2,2,2,1.0,54490,M,4879295.0,604569.0,54
201600017782,16,7,10,2030,1,1,1,1,6.0,54200,M,4889300.0,583700.0,54
201600017783,16,9,8,1530,1,1,1,1,6.0,54200,M,4886900.0,583200.0,54
201600017784,16,12,27,1545,1,1,1,4,6.0,54435,M,4896700.0,593300.0,54
201600017785,16,11,22,1313,1,2,2,1,3.0,14220,M,,,14
201600017786,16,11,29,2255,5,2,2,1,1.0,14220,M,,,14
201600017787,16,12,4,1745,5,2,3,1,3.0,14220,M,,,14
201600017788,16,1,2,1750,3,2,2,2,3.0,14079,M,4932400.0,3632.0,14
201600017789,16,12,5,1430,1,2,1,1,7.0,14715,M,,,14
201600017790,16,1,9,1900,5,2,6,2,6.0,14220,M,4936030.0,8235.0,14
201600017791,16,12,28,1210,1,2,3,1,3.0,14079,M,,,14
201600017792,16,1,13,1455,1,2,1,1,3.0,14715,M,4936260.0,8511.0,14
201600017793,16,1,15,715,1,2,1,1,3.0,14715,M,4935960.0,8887.0,14
201600017794,16,1,27,1400,1,2,1,1,6.0,14699,M,4934240.0,10246.0,14
201600017795,16,1,28,1115,1,1,2,2,3.0,14079,M,4930710.0,4083.0,14
201600017796,16,1,29,1535,1,1,1,1,6.0,14701,M,4929810.0,8110.0,14
201600017797,16,1,30,1300,1,2,6,2,2.0,14557,M,4933900.0,9894.0,14
201600017798,16,1,31,1020,1,1,1,1,1.0,14715,M,4936490.0,10229.0,14
201600017799,16,1,31,1920,5,2,1,1,1.0,14557,M,4934330.0,8735.0,14
201600017800,16,2,13,1430,1,2,1,2,7.0,14220,M,4935820.0,7163.0,14
201600017801,16,2,27,1745,1,1,1,1,3.0,14557,M,4931810.0,8998.0,14
201600017802,16,3,6,1350,1,1,6,1,7.0,14220,M,4935660.0,8581.0,14
201600017803,16,3,18,1407,1,2,1,1,7.0,14220,M,4935930.0,8693.0,14
201600017804,16,3,27,1145,1,2,1,1,6.0,14715,M,4936460.0,8238.0,14
201600017805,16,3,19,1810,1,2,1,1,6.0,14220,M,,,14
201600017806,16,3,10,1358,1,1,2,1,7.0,14699,M,4935100.0,9245.0,14
201600017807,16,4,28,1930,1,2,1,1,6.0,14701,M,4935200.0,6018.0,14
201600017808,16,4,15,1835,1,2,1,1,7.0,14699,M,4935710.0,10946.0,14
201600017809,16,4,16,1750,1,2,1,1,3.0,14059,M,4934570.0,4345.0,14
201600017810,16,4,10,1021,1,2,1,1,6.0,14220,M,4935840.0,7695.0,14
201600017811,16,5,14,1819,1,1,1,1,2.0,14557,M,4932780.0,9352.0,14
201600017812,16,5,14,1037,1,2,6,8,3.0,14220,M,4935300.0,9020.0,14
201600017813,16,5,8,1525,1,2,1,1,3.0,14220,M,4935780.0,7547.0,14
201600017814,16,5,25,1825,1,2,1,1,6.0,14220,M,4936090.0,6886.0,14
201600017815,16,5,20,1425,1,2,3,1,3.0,14699,M,4934670.0,10246.0,14
201600017816,16,7,19,1300,1,2,1,1,6.0,14220,M,4936010.0,6648.0,14
201600017817,16,6,23,1005,1,2,2,1,6.0,14715,M,4936100.0,8689.0,14
201600017818,16,6,19,1825,1,2,1,1,7.0,14220,M,4935900.0,7871.0,14
201600017819,16,6,22,1845,1,1,1,1,3.0,14701,M,4932750.0,7646.0,14
201600017820,16,7,24,1535,1,1,1,1,2.0,14701,M,4935230.0,6023.0,14
201600017821,16,7,9,1700,1,2,1,1,7.0,14701,M,,,14
201600017822,16,7,11,1905,1,2,1,1,7.0,14220,M,4936080.0,7105.0,14
201600017823,16,7,13,855,1,2,2,2,3.0,14220,M,,,14
201600017824,16,7,20,1320,1,2,1,1,7.0,14715,M,,,14
201600017825,16,7,23,1640,1,2,1,1,7.0,14220,M,4935580.0,7003.0,14
201600017826,16,7,27,1215,1,2,1,1,6.0,14220,M,,,14
201600017827,16,7,30,1740,1,2,1,1,7.0,14220,M,,,14
201600017828,16,7,30,2100,1,2,2,1,3.0,14220,M,,,14
201600017829,16,9,20,125,5,2,4,1,1.0,14220,M,,,14
201600017830,16,9,21,1630,1,2,1,1,6.0,14220,M,,,14
201600017831,16,8,17,1035,1,2,1,1,2.0,14557,M,4934400.0,8614.0,14
201600017832,16,9,20,2120,5,2,1,1,6.0,14699,M,,,14
201600017833,16,8,24,1745,1,2,1,1,6.0,14079,M,4933710.0,2907.0,14
201600017834,16,8,10,1750,1,2,1,1,3.0,14059,M,,,14
201600017835,16,8,20,1215,1,1,1,1,3.0,14701,M,,,14
201600017836,16,8,20,1400,1,1,2,1,3.0,14079,M,,,14
201600017837,16,8,23,850,1,2,1,1,7.0,14220,M,,,14
201600017838,16,8,30,1130,1,2,1,1,7.0,14715,M,,,14
201600017839,16,8,30,1105,1,2,1,1,7.0,14220,M,,,14
201600017840,16,9,5,1755,1,2,1,1,4.0,14079,M,,,14
201600017841,16,9,10,1735,1,2,1,1,2.0,14699,M,,,14
201600017842,16,9,27,1905,1,1,1,1,7.0,14701,M,,,14
201600017843,16,11,2,230,5,1,1,1,7.0,14557,M,4934070.0,9746.0,14
201600017844,16,10,1,1815,1,2,1,1,3.0,14220,M,,,14
201600017845,16,10,1,1525,1,2,1,1,7.0,14715,M,,,14
201600017846,16,10,6,1035,1,2,1,1,7.0,14220,M,,,14
201600017847,16,10,13,1410,1,1,1,1,1.0,14715,M,,,14
201600017848,16,10,15,2105,3,1,1,1,7.0,14701,M,,,14
201600017849,16,10,15,945,1,2,1,1,7.0,14059,M,,,14
201600017850,16,10,15,1440,1,2,1,2,7.0,14220,M,,,14
201600017851,16,10,17,1420,1,2,1,1,7.0,14079,M,,,14
201600017852,16,10,22,1650,1,2,1,1,7.0,14220,M,,,14
201600017853,16,10,29,1610,1,1,1,1,7.0,14557,M,,,14
201600017854,16,6,8,1130,1,1,1,1,7.0,66137,M,0.0,0.0,66
201600017855,16,7,15,1300,1,2,1,1,6.0,66106,M,4248918.0,280852.0,66
201600017856,16,7,29,1615,1,1,1,1,6.0,66214,M,0.0,0.0,66
201600017857,16,9,21,1515,1,1,1,1,6.0,66178,M,0.0,0.0,66
201600017858,16,5,5,1500,1,2,1,1,3.0,66053,M,0.0,0.0,66
201600017859,16,2,24,1715,1,1,1,1,6.0,66197,M,0.0,0.0,66
201600017860,16,8,8,1945,2,1,1,1,1.0,66025,M,0.0,0.0,66
201600017861,16,12,20,500,3,1,1,1,7.0,66218,M,4245569.0,193614.0,66
201600017862,16,9,17,1800,1,1,1,1,3.0,66020,M,0.0,0.0,66
201600017863,16,1,20,645,4,2,1,9,6.0,58010,M,0.0,0.0,58
201600017864,16,2,6,1745,2,1,2,1,3.0,58289,M,0.0,0.0,58
201600017865,16,12,1,1445,1,1,1,7,1.0,58168,M,0.0,0.0,58
201600017866,16,12,31,330,3,1,1,1,7.0,58168,M,0.0,0.0,58
201600017867,16,8,24,2200,3,1,1,1,6.0,58125,M,0.0,0.0,58
201600017868,16,2,15,1215,1,1,1,2,6.0,58283,M,0.0,0.0,58
201600017869,16,3,17,930,1,1,1,1,1.0,58127,M,0.0,0.0,58
201600017870,16,7,6,1115,1,1,1,1,3.0,58127,M,0.0,0.0,58
201600017871,16,5,31,1430,1,1,1,2,6.0,26020,M,0.0,0.0,26
201600017872,16,6,11,2330,5,2,1,1,6.0,26108,M,4472891.0,502385.0,26
201600017873,16,8,17,1000,1,1,1,1,6.0,26234,M,0.0,0.0,26
201600017874,16,11,14,930,1,2,1,1,6.0,26108,M,4473179.0,504212.0,26