Num_Acc,an,mois,jour,hrmn,lum,agg,int,atm,col,com,gps,lat,long,dep
201600017875,16,11,14,1115,1,2,2,1,6.0,26108,M,4472709.0,502398.0,26
201600017876,16,12,10,1830,5,2,1,1,6.0,26108,M,4472570.0,503141.0,26
201600017877,16,10,6,2000,3,1,1,1,1.0,26167,M,0.0,0.0,26
201600017878,16,10,15,1220,1,1,1,1,6.0,26069,M,0.0,0.0,26
201600017879,16,10,16,200,5,2,1,1,6.0,26113,M,0.0,0.0,26
201600017880,16,10,18,1400,1,1,1,1,7.0,26187,M,0.0,0.0,26
201600017881,16,10,22,835,1,1,1,1,7.0,26113,M,4476737.0,531948.0,26
201600017882,16,11,10,1150,1,1,1,8,3.0,26001,M,0.0,0.0,26
201600017883,16,12,3,430,3,1,1,9,6.0,26248,M,0.0,0.0,26
201600017884,16,2,20,1430,1,1,1,1,6.0,26243,M,0.0,0.0,26
201600017885,16,10,5,1710,1,1,1,1,6.0,26300,M,0.0,0.0,26
201600017886,16,1,2,2000,3,1,1,1,7.0,26193,M,0.0,0.0,26
201600017887,16,10,22,1220,1,2,1,1,6.0,26063,M,0.0,0.0,26
201600017888,16,3,19,1730,1,1,1,2,7.0,26148,M,0.0,0.0,26
201600017889,16,7,23,1500,1,2,1,1,1.0,70428,M,4764278.0,614454.0,70
201600017890,16,8,23,2330,3,1,1,1,7.0,70111,M,4764076.0,626875.0,70
201600017891,16,11,6,430,3,1,1,1,7.0,70429,M,4766294.0,616570.0,70
201600017892,16,9,15,1530,1,1,1,8,7.0,70488,M,4781558.0,605639.0,70
201600017893,16,12,26,2100,3,1,1,5,7.0,70329,M,4773495.0,580304.0,70
201600017894,16,12,23,1215,1,1,1,5,7.0,70387,M,4757383.0,598094.0,70
201600017895,16,11,14,1345,1,2,4,8,5.0,70340,M,4759252.0,573353.0,70
201600017896,16,1,26,1145,1,1,1,1,6.0,70393,M,4743623.0,590555.0,70
201600017897,16,11,10,1315,1,1,1,2,1.0,70048,M,4727899.0,563028.0,70
201600017898,16,9,24,830,1,1,1,7,6.0,70215,M,4768164.0,678011.0,70
201600017899,16,1,21,2100,5,1,1,1,6.0,70245,M,4786741.0,638656.0,70
201600017900,16,4,12,800,1,1,2,1,3.0,70360,M,4793055.0,608152.0,70
201600017901,16,6,4,1300,1,1,1,8,5.0,70245,M,4792409.0,642559.0,70
201600017902,16,7,29,1730,1,2,5,1,2.0,70245,M,4787497.0,639111.0,70
201600017903,16,7,10,1800,1,1,1,1,7.0,70477,M,4759297.0,663191.0,70
201600017904,16,12,28,1400,1,2,1,1,2.0,85246,M,4672647.0,-115711.0,85
201600017905,16,1,12,900,1,1,1,4,4.0,85064,M,4682070.0,-121766.0,85
201600017906,16,1,15,1300,1,1,1,1,5.0,85232,M,4666228.0,-115684.0,85
201600017907,16,5,25,1400,1,1,1,1,6.0,85038,M,4689732.0,-134144.0,85
201600017908,16,7,23,1915,1,1,1,1,6.0,85089,M,4675276.0,-126717.0,85
201600017909,16,10,27,800,3,1,1,1,5.0,85064,M,4684450.0,-125851.0,85
201600017910,16,11,6,1315,1,1,1,4,6.0,85302,M,4694155.0,-97322.0,85
201600017911,16,11,17,730,2,1,1,1,5.0,85109,M,4687197.0,-94979.0,85
201600017912,16,11,21,1445,1,1,1,1,1.0,85224,M,4703065.0,-135248.0,85
201600017913,16,12,19,1300,1,2,1,1,6.0,85097,M,4694350.0,-105916.0,85
201600017914,16,1,20,1800,3,1,1,1,5.0,01072,M,0.0,0.0,01
201600017915,16,1,27,1815,3,1,1,1,1.0,01072,M,4618546.0,530110.0,01
201600017916,16,7,10,815,1,2,1,7,6.0,01350,M,0.0,0.0,01
201600017917,16,8,4,715,1,1,2,1,3.0,01426,M,4628536.0,534171.0,01
201600017918,16,9,30,2015,1,1,6,1,7.0,01072,M,0.0,0.0,01
201600017919,16,12,10,950,1,1,1,1,1.0,01184,M,4616496.0,540660.0,01
201600017920,16,12,19,1415,1,1,1,2,7.0,01426,M,0.0,0.0,01
201600017921,16,1,8,1915,3,1,1,2,1.0,01266,M,0.0,0.0,01
201600017922,16,5,14,1145,1,1,1,2,5.0,01108,M,4638000.0,534000.0,01
201600017923,16,6,4,130,5,2,1,2,6.0,01323,M,4642761.0,493675.0,01
201600017924,16,6,12,330,3,1,1,1,6.0,01102,M,4639440.0,494515.0,01
201600017925,16,6,24,1630,1,2,7,1,6.0,01108,M,0.0,0.0,01
201600017926,16,8,26,845,1,1,2,1,3.0,01352,M,0.0,0.0,01
201600017927,16,11,6,500,3,1,1,1,3.0,01236,M,0.0,0.0,01
201600017928,16,11,30,1615,1,1,1,1,1.0,01163,M,0.0,0.0,01
201600017929,16,3,17,1200,1,2,1,1,3.0,01159,M,0.0,0.0,01
201600017930,16,6,20,1700,1,1,1,1,6.0,01332,M,0.0,0.0,01
201600017931,16,12,14,1600,1,2,1,1,1.0,01343,M,4627572.0,497461.0,01
201600017932,16,12,16,1630,1,1,1,1,2.0,01320,M,0.0,0.0,01
201600017933,16,12,27,51,5,2,1,2,3.0,01144,M,4633670.0,499217.0,01
201600017934,16,1,19,815,1,1,1,8,1.0,01216,M,0.0,0.0,01
201600017935,16,4,17,1115,1,1,1,3,1.0,01182,M,0.0,0.0,01
201600017936,16,7,8,2115,1,2,1,7,6.0,01034,M,0.0,0.0,01
201600017937,16,3,7,815,1,2,1,7,3.0,01452,M,0.0,0.0,01
201600017938,16,4,27,615,2,1,1,1,6.0,01329,M,0.0,0.0,01
201600017939,16,8,23,1145,1,1,1,1,3.0,01010,M,0.0,0.0,01
201600017940,16,10,4,1500,1,1,1,1,5.0,01138,M,0.0,0.0,01
201600017941,16,1,8,1530,1,1,1,8,1.0,01035,M,0.0,0.0,01
201600017942,16,2,25,2045,5,1,6,1,6.0,01031,M,0.0,0.0,01
201600017943,16,6,18,515,2,1,1,1,1.0,01214,M,0.0,0.0,01
201600017944,16,9,11,45,5,2,1,1,1.0,01152,M,0.0,0.0,01
201600017945,16,10,2,1515,1,2,1,1,1.0,01269,M,4616901.0,557766.0,01
201600017946,16,12,16,2230,3,1,1,1,1.0,01240,M,0.0,0.0,01
201600017947,16,7,2,1,5,2,6,1,7.0,01314,M,4599000.0,528000.0,01
201600017948,16,12,21,1800,3,2,1,2,6.0,01273,M,4607879.0,537659.0,01
201600017949,16,12,19,1530,1,2,1,1,6.0,01374,M,4611527.0,532536.0,01
201600017950,16,3,17,1915,2,1,1,1,3.0,01348,M,4618165.0,480000.0,01
201600017951,16,3,19,1430,1,1,2,1,3.0,01083,M,0.0,0.0,01
201600017952,16,6,6,1500,1,2,1,1,4.0,01420,M,0.0,0.0,01
201600017953,16,12,16,745,2,1,1,8,2.0,01446,M,0.0,0.0,01
201600017954,16,7,11,1145,1,1,1,7,5.0,15014,M,0.0,0.0,15
201600017955,16,8,27,1515,1,1,1,1,1.0,15094,M,4499600.0,219300.0,15
201600017956,16,8,29,1345,1,1,1,1,2.0,15175,M,0.0,0.0,15
201600017957,16,1,23,1100,1,1,9,1,1.0,15181,M,0.0,0.0,15
201600017958,16,1,26,1615,1,1,1,1,6.0,15172,M,4474300.0,232800.0,15
201600017959,16,8,23,2315,3,1,1,1,7.0,15120,M,0.0,0.0,15
201600017960,16,9,18,1645,1,2,6,1,2.0,15120,M,4522000.0,234200.0,15
201600017961,16,10,21,1530,1,1,1,8,3.0,15120,M,0.0,0.0,15
201600017962,16,12,31,1500,1,1,1,9,1.0,15162,M,0.0,0.0,15
201600017963,16,6,2,1315,1,1,1,2,6.0,15092,M,4541900.0,250000.0,15
201600017964,16,9,3,1915,1,1,1,1,5.0,15008,M,0.0,0.0,15
201600017965,16,12,15,1630,5,1,6,1,3.0,15187,M,4504300.0,307000.0,15
201600017966,16,8,24,1300,1,1,1,1,7.0,15192,M,0.0,0.0,15
201600017967,16,8,29,1430,1,1,1,1,5.0,03099,M,4637400.0,302700.0,03
201600017968,16,10,28,1215,1,1,1,1,3.0,03247,M,0.0,0.0,03
201600017969,16,1,26,900,3,1,1,1,6.0,03264,M,0.0,0.0,03
201600017970,16,5,21,2315,3,2,1,1,1.0,03080,M,0.0,0.0,03
201600017971,16,12,15,630,3,1,1,1,1.0,03236,M,0.0,0.0,03
201600017972,16,12,22,1730,5,2,6,2,3.0,03060,M,0.0,0.0,03
201600017973,16,6,5,1945,1,2,1,1,7.0,03118,M,0.0,0.0,03
201600017974,16,1,18,430,3,2,1,1,6.0,03053,M,0.0,0.0,03
201600017975,16,5,22,1545,1,2,1,3,6.0,03149,M,4630700.0,323200.0,03
201600017976,16,10,27,2000,5,1,2,1,3.0,03254,M,4633200.0,328700.0,03
201600017977,16,6,10,1430,1,2,1,1,6.0,84089,M,0.0,0.0,84
201600017978,16,3,30,500,3,1,1,1,6.0,84072,M,0.0,0.0,84
201600017979,16,6,3,1215,1,1,1,1,3.0,84072,M,0.0,0.0,84
201600017980,16,6,19,130,4,1,1,1,6.0,84046,M,0.0,0.0,84
201600017981,16,6,20,1815,1,1,1,1,6.0,84107,M,0.0,0.0,84
201600017982,16,7,26,2045,2,1,1,1,7.0,84148,M,4407300.0,518800.0,84
201600017983,16,8,15,1030,1,1,1,1,1.0,84017,M,0.0,0.0,84
201600017984,16,8,25,1130,1,1,1,1,3.0,84017,M,0.0,0.0,84
201600017985,16,9,10,2015,2,1,1,1,6.0,84148,M,0.0,0.0,84
201600017986,16,9,12,1545,1,1,1,1,3.0,84072,M,0.0,0.0,84
201600017987,16,9,15,1200,1,1,1,1,7.0,84079,M,4405667.0,532696.0,84
201600017988,16,10,28,1445,1,1,1,1,1.0,84030,M,0.0,0.0,84
201600017989,16,11,12,1745,2,1,1,1,1.0,84107,M,0.0,0.0,84
201600017990,16,12,11,1700,2,1,1,1,1.0,84148,M,4405800.0,522300.0,84
201600017991,16,12,18,1915,3,1,1,1,1.0,84123,M,0.0,0.0,84
201600017992,16,12,23,1000,1,1,1,1,1.0,84041,M,0.0,0.0,84
201600017993,16,2,3,1845,3,1,1,2,6.0,02128,M,0.0,0.0,02
201600017994,16,7,20,630,2,1,1,1,1.0,02238,M,0.0,0.0,02
201600017995,16,1,14,1745,3,1,2,2,3.0,02461,M,0.0,0.0,02
201600017996,16,3,10,845,1,2,1,1,4.0,02680,M,0.0,0.0,02
201600017997,16,5,17,1715,1,2,1,1,3.0,02173,M,4962655.0,321806.0,02
201600017998,16,10,3,945,1,1,6,1,3.0,02820,M,0.0,0.0,02
201600017999,16,5,25,1500,1,2,1,1,1.0,02052,M,4952465.0,338544.0,02
201600018000,16,10,19,1915,5,2,1,1,3.0,02292,M,4903708.0,341340.0,02
201600018001,16,10,22,1700,1,1,1,1,6.0,02228,M,0.0,0.0,02
201600018002,16,4,28,30,3,1,1,2,7.0,02121,M,0.0,0.0,02
201600018003,16,6,18,1415,1,1,1,1,1.0,02356,M,0.0,0.0,02
201600018004,16,5,11,1745,1,1,2,3,3.0,02330,M,4985625.0,322529.0,02
201600018005,16,7,4,1530,1,1,1,1,7.0,02359,M,0.0,0.0,02
201600018006,16,12,24,1715,2,2,1,1,6.0,02334,M,4995025.0,343117.0,02
201600018007,16,1,28,1215,1,2,2,1,6.0,02361,M,0.0,0.0,02
201600018008,16,4,25,1845,1,1,1,8,1.0,02783,M,0.0,0.0,02
201600018009,16,10,15,1815,1,2,1,1,6.0,02306,M,4973425.0,356407.0,02
201600018010,16,1,2,1000,1,1,1,1,7.0,02770,M,0.0,0.0,02
201600018011,16,1,2,1530,1,1,2,1,3.0,02643,M,0.0,0.0,02
201600018012,16,6,18,1800,1,2,1,1,6.0,02226,M,4934661.0,332308.0,02
201600018013,16,6,26,1330,1,1,1,1,6.0,02598,M,0.0,0.0,02
201600018014,16,10,13,1930,2,2,9,1,6.0,02245,M,4939885.0,332708.0,02
201600018015,16,3,15,1315,1,2,4,1,3.0,02210,M,4939831.0,347194.0,02
201600018016,16,11,3,930,1,2,1,1,7.0,02174,M,4947286.0,351644.0,02
201600018017,16,1,1,1000,1,1,1,1,1.0,02232,M,0.0,0.0,02
201600018018,16,1,31,1900,3,1,1,2,7.0,02810,M,0.0,0.0,02
201600018019,16,2,21,1800,3,1,1,1,3.0,02307,M,0.0,0.0,02
201600018020,16,3,31,1845,1,2,1,2,6.0,02368,M,4927755.0,305610.0,02
201600018021,16,6,13,215,3,1,1,3,6.0,02506,M,0.0,0.0,02
201600018022,16,8,5,1845,1,1,1,1,5.0,02810,M,0.0,0.0,02
201600018023,16,9,14,815,1,1,2,7,3.0,02744,M,0.0,0.0,02
201600018024,16,9,16,1500,1,1,3,1,3.0,02258,M,0.0,0.0,02
201600018025,16,12,27,1600,1,1,1,1,1.0,02810,M,0.0,0.0,02
201600018026,16,9,5,1800,1,2,3,1,1.0,02069,M,4966330.0,410703.0,02
201600018027,16,10,22,1430,1,2,1,1,6.0,02826,M,0.0,0.0,02
201600018028,16,11,5,1900,3,1,1,2,7.0,02109,M,0.0,0.0,02
201600018029,16,5,8,45,2,1,1,1,1.0,02684,M,0.0,0.0,02
201600018030,16,7,15,2300,3,1,1,1,6.0,02684,M,0.0,0.0,02
201600018031,16,1,28,1215,1,1,3,1,1.0,02379,M,0.0,0.0,02
201600018032,16,5,10,945,1,1,2,1,3.0,02419,M,0.0,0.0,02
201600018033,16,8,20,1315,1,1,1,7,1.0,02135,M,0.0,0.0,02
201600018034,16,9,5,1730,1,2,1,1,3.0,02324,M,5002814.0,386684.0,02
201600018035,16,11,6,100,3,1,1,2,6.0,02558,M,0.0,0.0,02
201600018036,16,3,27,1845,1,1,1,1,6.0,13036,M,0.0,0.0,13
201600018037,16,5,18,1830,1,1,1,2,1.0,13045,M,0.0,0.0,13
201600018038,16,6,4,600,1,1,1,1,7.0,13083,M,0.0,0.0,13
201600018039,16,8,1,2145,3,1,1,1,7.0,13045,M,0.0,0.0,13
201600018040,16,8,4,1345,1,1,1,1,3.0,13083,M,4389600.0,480400.0,13
201600018041,16,8,18,200,3,1,1,1,7.0,13036,M,0.0,0.0,13
201600018042,16,9,13,1715,1,2,1,1,1.0,13083,M,4389679.0,480182.0,13
201600018043,16,12,17,830,1,1,1,5,1.0,13045,M,4386034.0,476875.0,13
201600018044,16,12,26,1500,1,1,1,1,1.0,13036,M,4386200.0,484300.0,13
201600018045,16,10,29,1215,1,1,1,1,7.0,38128,M,0.0,0.0,38
201600018046,16,6,24,1000,1,2,1,1,1.0,38044,M,0.0,0.0,38
201600018047,16,6,25,1115,1,1,1,1,1.0,38305,M,4545306.0,552416.0,38
201600018048,16,7,16,1815,1,1,1,1,5.0,38118,M,0.0,0.0,38
201600018049,16,11,11,1215,1,1,1,2,3.0,38257,M,4548776.0,540127.0,38
201600018050,16,1,10,115,3,2,3,8,6.0,38541,M,4561523.0,553993.0,38
201600018051,16,3,1,1900,5,1,2,1,3.0,38297,M,4568512.0,544528.0,38
201600018052,16,6,22,1430,1,2,1,1,6.0,38126,M,0.0,0.0,38
201600018053,16,7,27,1015,1,1,4,1,3.0,38249,M,4521900.0,582258.0,38
201600018054,16,9,8,945,1,1,1,1,1.0,38140,M,4528108.0,591235.0,38
201600018055,16,10,18,2330,5,2,2,1,3.0,38229,M,0.0,0.0,38
201600018056,16,12,13,1815,5,2,1,1,2.0,38249,M,4522388.0,581881.0,38
201600018057,16,12,6,2330,5,2,1,1,6.0,38538,M,4521414.0,586071.0,38
201600018058,16,2,29,1830,5,1,1,3,3.0,38075,M,0.0,0.0,38
201600018059,16,7,25,1230,1,1,1,1,1.0,38314,M,0.0,0.0,38
201600018060,16,1,11,1845,3,1,3,1,3.0,38416,M,0.0,0.0,38
201600018061,16,9,17,1830,1,1,1,2,6.0,38333,M,4508773.0,547395.0,38
201600018062,16,4,7,945,1,1,1,1,6.0,38347,M,4526293.0,521093.0,38
201600018063,16,1,15,1030,1,1,1,1,6.0,38324,M,0.0,0.0,38
201600018064,16,1,27,800,1,2,1,1,6.0,38034,M,4533856.0,505337.0,38
201600018065,16,1,28,1800,4,2,1,1,6.0,38130,M,0.0,0.0,38
201600018066,16,2,12,1300,1,1,1,1,5.0,38130,M,4535191.0,526499.0,38
201600018067,16,2,12,1415,1,1,1,2,3.0,38198,M,0.0,0.0,38
201600018068,16,5,6,1600,1,2,1,1,6.0,38130,M,4539309.0,524932.0,38
201600018069,16,5,15,645,1,1,1,1,6.0,38267,M,4541934.0,532754.0,38
201600018070,16,5,15,1845,1,1,2,1,3.0,38130,M,0.0,0.0,38
201600018071,16,9,6,1045,1,2,1,1,2.0,38034,M,0.0,0.0,38
201600018072,16,10,15,845,1,1,2,7,3.0,38130,M,4538330.0,525283.0,38
201600018073,16,10,18,600,3,1,1,2,1.0,38134,M,4544551.0,499418.0,38
201600018074,16,10,31,1615,1,1,1,1,4.0,38473,M,0.0,0.0,38
201600018075,16,3,22,1745,1,2,2,1,3.0,38015,M,0.0,0.0,38
201600018076,16,6,22,645,1,1,1,1,1.0,38189,M,4553663.0,515354.0,38
201600018077,16,6,23,745,1,1,1,1,1.0,38184,M,4565578.0,506098.0,38
201600018078,16,4,29,1740,1,1,1,1,3.0,31490,M,,,31
201600018079,16,10,14,755,1,2,1,2,6.0,31230,M,4372240.0,143131.0,31
201600018080,16,10,23,230,5,2,3,1,2.0,31182,M,4368746.0,140512.0,31
201600018081,16,10,28,2250,5,2,4,8,3.0,31205,M,4369959.0,137185.0,31
201600018082,16,12,14,2310,5,2,1,1,6.0,31136,M,4374128.0,142975.0,31
201600018083,16,1,28,1345,1,1,2,1,1.0,31583,M,4381830.0,149483.0,31
201600018084,16,4,28,100,3,1,1,1,6.0,31563,M,4378449.0,147265.0,31
201600018085,16,10,7,830,1,1,2,1,3.0,31563,M,4380168.0,151778.0,31
201600018086,16,10,10,900,1,1,3,1,6.0,31079,M,4377033.0,138786.0,31
201600018087,16,10,27,1030,1,1,1,5,3.0,31311,M,4381611.0,151217.0,31
201600018088,16,10,29,715,1,1,1,5,1.0,31079,M,4380755.0,140395.0,31
201600018089,16,11,10,2125,3,1,3,2,5.0,31202,M,4385209.0,137924.0,31
201600018090,16,11,24,2000,5,2,1,5,3.0,31079,M,4378310.0,141808.0,31
201600018091,16,12,16,1110,1,1,1,1,6.0,31079,M,4380186.0,140532.0,31
201600018092,16,12,31,1310,1,2,1,8,3.0,31066,M,4380120.0,160919.0,31
201600018093,16,5,12,1600,1,2,3,1,1.0,31561,M,,,31
201600018094,16,7,8,1750,1,1,1,1,3.0,31117,M,4370657.0,153321.0,31
201600018095,16,11,4,220,3,1,1,5,2.0,31094,M,4376909.0,165177.0,31
201600018096,16,11,21,1825,3,2,1,3,6.0,31561,M,4364856.0,147123.0,31
201600018097,16,1,1,445,3,1,1,5,5.0,31403,M,4379270.0,129667.0,31
201600018098,16,1,13,1400,1,1,2,1,1.0,31356,M,4368747.0,124141.0,31
201600018099,16,4,30,730,2,2,1,2,6.0,31232,M,4377001.0,129100.0,31
201600018100,16,7,27,1430,1,1,1,1,1.0,31232,M,0.0,0.0,31
201600018101,16,7,30,245,5,2,1,1,6.0,31232,M,0.0,0.0,31
201600018102,16,10,18,820,1,1,3,1,3.0,31160,M,4368169.0,125686.0,31
201600018103,16,10,21,645,3,1,1,1,1.0,31098,M,4372966.0,106282.0,31
201600018104,16,11,28,2330,3,1,1,9,2.0,31089,M,4370967.0,118804.0,31
201600018105,16,10,29,415,3,1,6,5,7.0,31574,M,4344171.0,141649.0,31
201600018106,16,10,30,1244,1,2,8,7,6.0,31033,M,4336710.0,145082.0,31
201600018107,16,11,9,1540,1,2,1,2,6.0,31033,M,4334987.0,147153.0,31
201600018108,16,12,21,1555,1,1,1,1,5.0,31033,M,4334283.0,147630.0,31
201600018109,16,12,31,1810,3,1,1,5,6.0,31033,M,4333385.0,148357.0,31
201600018110,16,5,24,1810,1,2,1,1,1.0,31455,M,4326446.0,119424.0,31
201600018111,16,10,1,845,1,2,1,1,6.0,31107,M,4329630.0,120645.0,31
201600018112,16,10,16,1150,1,1,1,1,6.0,31334,M,4337958.0,129005.0,31
201600018113,16,10,18,1530,1,1,1,1,6.0,31279,M,4319350.0,130067.0,31
201600018114,16,10,29,2125,3,1,1,1,6.0,31107,M,4328170.0,121402.0,31
201600018115,16,11,2,1800,3,2,1,1,7.0,31399,M,4336692.0,127992.0,31
201600018116,16,11,5,1650,2,2,1,2,1.0,31320,M,4331777.0,125828.0,31
201600018117,16,11,6,1555,1,1,4,1,7.0,31361,M,4331964.0,130254.0,31
201600018118,16,11,22,1810,5,2,6,2,3.0,31107,M,4331005.0,122231.0,31
201600018119,16,11,30,1155,1,2,1,1,6.0,31107,M,4330807.0,122381.0,31
201600018120,16,11,25,1745,3,1,3,1,7.0,31303,M,4334130.0,120620.0,31
201600018121,16,12,8,1720,2,2,1,1,6.0,31365,M,4311636.0,123331.0,31
201600018122,16,12,15,930,1,1,1,2,6.0,31219,M,4321020.0,112312.0,31
201600018123,16,1,5,1915,3,1,1,8,6.0,31193,M,4326841.0,106897.0,31
201600018124,16,2,6,1315,1,1,3,6,6.0,31292,M,0.0,0.0,31
201600018125,16,12,18,1530,1,1,1,1,6.0,31324,M,4319952.0,101207.0,31
201600018126,16,5,17,2015,1,1,1,1,1.0,31188,M,4354390.0,119087.0,31
201600018127,16,11,13,100,3,1,1,2,6.0,31187,M,4354600.0,120332.0,31
201600018128,16,11,17,720,3,2,1,1,6.0,31424,M,4356220.0,126457.0,31
201600018129,16,12,1,1705,1,1,3,1,3.0,31481,M,4348838.0,114773.0,31
201600018130,16,10,23,1710,1,2,1,1,3.0,31426,M,4308356.0,60836.0,31
201600018131,16,11,24,1345,1,2,5,7,3.0,31042,M,4279517.0,59615.0,31
201600018132,16,8,5,1300,1,1,2,1,3.0,31468,M,0.0,0.0,31
201600018133,16,9,9,2130,3,1,9,2,7.0,31080,M,0.0,0.0,31
201600018134,16,10,8,315,3,1,1,1,7.0,31239,M,4337274.0,84473.0,31
201600018135,16,12,29,2220,3,1,1,5,6.0,31276,M,4319152.0,61190.0,31
201600018136,16,10,28,1435,1,1,3,1,3.0,31372,M,4309230.0,84298.0,31
201600018137,16,7,9,2015,2,1,3,7,3.0,31210,M,4339819.0,167849.0,31
201600018138,16,12,2,510,5,1,2,1,1.0,31582,M,4339714.0,170467.0,31
201600018139,16,12,6,1500,1,1,3,1,3.0,31210,M,4337849.0,168252.0,31
201600018140,16,12,12,1905,5,2,3,1,6.0,31582,M,4339754.0,171772.0,31
201600018141,16,12,28,1545,1,1,1,1,1.0,31037,M,4337220.0,176656.0,31
201600018142,16,4,23,430,3,1,1,1,6.0,31534,M,4358220.0,173192.0,31
201600018143,16,11,4,830,1,1,1,1,1.0,31570,M,4347557.0,180979.0,31
201600018144,16,3,18,1545,1,1,1,1,7.0,29173,M,4802358.0,-419749.0,29
201600018145,16,2,15,1115,1,1,3,1,3.0,29284,M,4782116.0,-426528.0,29
201600018146,16,9,9,1600,1,1,1,1,3.0,29165,M,4781371.0,-421277.0,29
201600018147,16,1,24,1845,5,1,3,2,3.0,29160,M,4845920.0,-436444.0,29
201600018148,16,2,11,745,2,2,6,4,1.0,29093,M,4856731.0,-443239.0,29
201600018149,16,2,23,745,2,1,1,8,7.0,29100,M,4855873.0,-439762.0,29
201600018150,16,5,1,1245,1,1,1,1,3.0,29195,M,4860518.0,-450665.0,29
201600018151,16,9,6,1315,1,1,3,1,3.0,29095,M,4846567.0,-437152.0,29
201600018152,16,10,7,1700,1,2,1,1,6.0,29117,M,4857179.0,-451988.0,29
201600018153,16,10,15,2230,3,1,1,8,6.0,29160,M,4850388.0,-438326.0,29
201600018154,16,10,31,1515,1,1,1,1,3.0,29290,M,4855386.0,-455638.0,29
201600018155,16,11,13,2045,5,1,1,1,1.0,29160,M,4849453.0,-443006.0,29
201600018156,16,5,22,2330,4,2,1,1,6.0,29149,M,4846631.0,-456422.0,29
201600018157,16,8,7,915,1,1,1,1,1.0,29026,M,4818934.0,-410944.0,29
201600018158,16,12,6,1800,5,2,1,1,6.0,29026,M,4819618.0,-408804.0,29
201600018159,16,5,30,1700,1,1,1,1,1.0,29054,M,4837664.0,-383074.0,29
201600018160,16,9,15,945,1,1,1,1,7.0,29162,M,4823362.0,-394984.0,29
201600018161,16,10,15,2015,3,1,1,1,6.0,29125,M,4811811.0,-373086.0,29
201600018162,16,12,4,530,3,1,1,1,6.0,29249,M,4815230.0,-380127.0,29
201600018163,16,10,17,800,3,1,1,8,6.0,29199,M,4857256.0,-373396.0,29
201600018164,16,4,1,1415,1,1,1,1,1.0,29210,M,4855547.0,-402107.0,29
201600018165,16,5,15,830,1,1,1,1,1.0,29111,M,4859720.0,-416532.0,29
201600018166,16,7,13,1745,1,1,1,1,2.0,29079,M,4862029.0,-389908.0,29
201600018167,16,8,22,1715,1,1,1,1,3.0,29239,M,4870146.0,-399782.0,29
201600018168,16,10,10,1815,1,1,1,1,3.0,29111,M,4858660.0,-418876.0,29
201600018169,16,1,21,1515,1,2,1,2,6.0,29236,M,4784467.0,-369387.0,29
201600018170,16,7,6,1030,1,2,1,1,1.0,29274,M,4802739.0,-370316.0,29
201600018171,16,10,22,130,3,1,1,5,6.0,35117,M,4819074.0,-218998.0,35
201600018172,16,10,21,1545,1,2,1,1,6.0,35184,M,4819720.0,-205169.0,35
201600018173,16,11,24,900,1,2,1,1,6.0,35027,M,4816775.0,-206375.0,35
201600018174,16,12,11,1915,3,1,1,2,1.0,35027,M,4816551.0,-209212.0,35
201600018175,16,6,11,715,1,1,1,2,6.0,35133,M,4814895.0,-197997.0,35
201600018176,16,7,5,1215,1,1,1,1,6.0,35331,M,4811658.0,-193162.0,35
201600018177,16,9,5,1745,1,1,2,1,3.0,35211,M,4803879.0,-218185.0,35
201600018178,16,9,16,1845,1,2,1,1,6.0,35188,M,4814342.0,-196488.0,35
201600018179,16,10,2,1600,1,1,3,1,1.0,35211,M,4801798.0,-215712.0,35
201600018180,16,10,27,2045,4,1,3,1,1.0,35065,M,4812169.0,-184439.0,35
201600018181,16,4,28,815,1,1,1,1,1.0,35062,M,4833298.0,-111605.0,35
201600018182,16,10,16,1315,1,1,4,1,2.0,35214,M,4826227.0,-118977.0,35
201600018183,16,12,4,920,2,1,1,1,7.0,35071,M,4841910.0,-122514.0,35
201600018184,16,9,2,815,1,2,1,1,6.0,35012,M,4784298.0,-168517.0,35
201600018185,16,9,3,1830,1,2,1,1,1.0,35218,M,4792761.0,-162434.0,35
201600018186,16,10,12,215,3,1,1,1,7.0,35106,M,4781862.0,-157812.0,35
201600018187,16,10,13,1340,1,1,2,1,1.0,35106,M,4781843.0,-157509.0,35
201600018188,16,11,28,1710,2,1,1,1,1.0,35012,M,4781149.0,-171757.0,35
201600018189,16,12,13,1830,3,1,3,1,2.0,35054,M,4794936.0,-161141.0,35
201600018190,16,1,15,2300,3,1,1,1,6.0,35179,M,4853562.0,-191505.0,35
201600018191,16,6,9,1830,1,1,3,1,3.0,35299,M,4865257.0,-194108.0,35
201600018192,16,6,14,1415,1,1,1,1,6.0,35284,M,4859923.0,-196718.0,35
201600018193,16,7,8,2015,1,1,3,1,3.0,35263,M,4867088.0,-193263.0,35
201600018194,16,8,28,800,1,1,1,1,1.0,35299,M,4864914.0,-190600.0,35
201600018195,16,8,28,1545,1,1,1,1,7.0,35299,M,4863145.0,-190179.0,35
201600018196,16,10,18,2200,3,1,1,2,6.0,35306,M,4858132.0,-191420.0,35
201600018197,16,10,27,1745,1,1,2,1,3.0,35284,M,4860764.0,-195933.0,35
201600018198,16,11,23,745,4,1,2,5,6.0,35299,M,4864798.0,-190363.0,35
201600018199,16,12,13,1820,5,2,7,1,6.0,35179,M,4851423.0,-189889.0,35
201600018200,16,2,7,700,3,1,1,2,6.0,35329,M,4848471.0,-148938.0,35
201600018201,16,3,24,1830,1,1,9,8,1.0,35259,M,4857986.0,-167796.0,35
201600018202,16,4,6,1030,1,1,2,1,3.0,35009,M,4851903.0,-176112.0,35
201600018203,16,4,29,1930,1,1,1,2,6.0,35010,M,4854748.0,-167860.0,35