Num_Acc,an,mois,jour,hrmn,lum,agg,int,atm,col,com,gps,lat,long,dep
201600018204,16,5,1,1300,1,1,1,1,2.0,35361,M,4859557.0,-177239.0,35
201600018205,16,5,3,1700,1,1,1,1,6.0,35095,M,4856148.0,-175432.0,35
201600018206,16,5,15,2030,1,2,1,1,5.0,35095,M,4855127.0,-175902.0,35
201600018207,16,7,9,1045,1,1,1,1,1.0,35329,M,4851689.0,-152353.0,35
201600018208,16,7,24,1830,1,1,1,1,5.0,35339,M,4849179.0,-158166.0,35
201600018209,16,8,2,1115,1,1,3,1,3.0,35078,M,4859481.0,-169476.0,35
201600018210,16,8,13,1730,1,1,1,1,1.0,35010,M,4853563.0,-169281.0,35
201600018211,16,10,6,700,2,1,1,1,6.0,35034,M,4852678.0,-167645.0,35
201600018212,16,10,15,1450,1,1,1,1,5.0,35222,M,4852399.0,-158368.0,35
201600018213,16,11,6,530,3,1,1,3,6.0,35078,M,4860333.0,-171630.0,35
201600018214,16,11,18,1415,1,1,3,1,3.0,35010,M,4857065.0,-170125.0,35
201600018215,16,12,2,1150,1,1,2,1,3.0,35246,M,4853468.0,-178694.0,35
201600018216,16,12,3,2005,5,2,1,1,6.0,35104,M,4850992.0,-169759.0,35
201600018217,16,12,4,1830,5,2,1,1,3.0,35010,M,4855302.0,-169916.0,35
201600018218,16,12,6,1710,1,1,3,1,3.0,35078,M,4860485.0,-172607.0,35
201600018219,16,12,29,1950,3,1,1,1,7.0,35095,M,4853631.0,-177749.0,35
201600018220,16,10,15,1200,1,2,3,1,3.0,35097,M,4799400.0,-123915.0,35
201600018221,16,11,18,1613,1,2,1,7,6.0,35360,M,4811830.0,-119551.0,35
201600018222,16,12,2,800,3,1,1,8,1.0,35061,M,4813556.0,-107684.0,35
201600018223,16,12,11,1720,2,1,1,5,1.0,35087,M,4808577.0,-130078.0,35
201600018224,16,12,17,1330,1,1,1,5,7.0,35097,M,4797239.0,-125811.0,35
201600018225,16,12,26,2145,3,1,1,1,7.0,35194,M,4814440.0,-122495.0,35
201600018226,16,1,5,1100,1,1,1,1,1.0,35096,M,4806969.0,-137449.0,35
201600018227,16,7,23,1745,1,1,1,1,7.0,35039,M,4810931.0,-150564.0,35
201600018228,16,8,30,1315,1,2,2,1,3.0,35209,M,4805972.0,-145106.0,35
201600018229,16,10,9,215,3,1,1,1,7.0,35068,M,4809160.0,-138618.0,35
201600018230,16,12,21,2000,3,1,1,2,7.0,35327,M,4810286.0,-145622.0,35
201600018231,16,12,23,750,2,1,1,5,5.0,35207,M,4807039.0,-148373.0,35
201600018232,16,2,12,1245,1,2,1,1,6.0,44194,M,4726050.0,-166127.0,44
201600018233,16,10,18,1845,1,1,1,1,3.0,44158,M,4729477.0,-175884.0,44
201600018234,16,5,20,1145,1,1,2,2,3.0,44180,M,4751231.0,-118436.0,44
201600018235,16,10,13,1215,1,2,1,1,3.0,44003,M,4737439.0,-118753.0,44
201600018236,16,10,15,1200,1,1,1,9,6.0,44163,M,4740227.0,-111467.0,44
201600018237,16,10,2,1800,1,1,1,1,2.0,44107,M,4743096.0,-133167.0,44
201600018238,16,10,11,1350,1,1,1,1,6.0,44077,M,4750863.0,-143883.0,44
201600018239,16,2,19,1700,1,1,1,1,5.0,44058,M,4779365.0,-134385.0,44
201600018240,16,5,3,1015,1,1,2,1,3.0,44036,M,4771533.0,-135675.0,44
201600018241,16,6,3,900,1,1,1,1,2.0,44036,M,4771003.0,-137333.0,44
201600018242,16,7,4,1915,1,1,1,1,1.0,44112,M,4777232.0,-135241.0,44
201600018243,16,11,24,1700,4,2,6,1,3.0,44036,M,4771043.0,-137446.0,44
201600018244,16,12,3,1530,1,2,1,1,6.0,44015,M,4747793.0,-176522.0,44
201600018245,16,12,7,1855,3,1,1,1,5.0,44023,M,4741773.0,-181893.0,44
201600018246,16,12,10,910,1,1,4,5,5.0,44015,M,4745957.0,-169382.0,44
201600018247,16,12,12,1130,1,1,2,1,3.0,44007,M,4764035.0,-201268.0,44
201600018248,16,12,18,715,3,1,1,5,6.0,44044,M,4764938.0,-175712.0,44
201600018249,16,12,19,1650,1,1,2,8,3.0,44128,M,4753686.0,-192758.0,44
201600018250,16,5,4,1800,1,1,3,1,2.0,44164,M,4706875.0,-190519.0,44
201600018251,16,7,24,1915,1,1,1,1,3.0,44106,M,4706538.0,-198477.0,44
201600018252,16,9,8,1900,1,1,2,1,1.0,44164,M,4707449.0,-188976.0,44
201600018253,16,10,2,600,3,1,1,1,6.0,44131,M,4717708.0,-205163.0,44
201600018254,16,10,18,1420,1,2,9,1,3.0,44087,M,4698525.0,-181211.0,44
201600018255,16,10,24,1800,1,1,1,1,3.0,44087,M,4699086.0,-178544.0,44
201600018256,16,10,28,1615,1,2,1,7,6.0,44182,M,4718294.0,-215876.0,44
201600018257,16,11,26,1545,1,1,1,1,1.0,44154,M,4725217.0,-214821.0,44
201600018258,16,10,26,740,3,1,5,5,3.0,44127,M,4700620.0,-145499.0,44
201600018259,16,10,29,1640,1,2,6,7,3.0,44043,M,4708959.0,-128615.0,44
201600018260,16,10,31,1245,1,1,1,7,2.0,44014,M,4708048.0,-152060.0,44
201600018261,16,11,15,1910,3,1,1,8,3.0,44022,M,4704733.0,-114691.0,44
201600018262,16,12,4,400,5,2,1,1,6.0,44043,M,4710132.0,-128278.0,44
201600018263,16,10,13,1755,1,1,1,1,1.0,44084,M,4724059.0,-136585.0,44
201600018264,16,10,29,15,3,1,1,1,1.0,44212,M,4715275.0,-119960.0,44
201600018265,16,12,6,1645,1,2,3,1,1.0,44029,M,4726839.0,-133173.0,44
201600018266,16,7,7,1900,1,1,1,1,4.0,44130,M,4715115.0,-156002.0,44
201600018267,16,8,9,1315,1,1,1,1,6.0,44018,M,4715294.0,-169743.0,44
201600018268,16,10,15,1120,1,1,2,2,3.0,44018,M,4716607.0,-167268.0,44
201600018269,16,10,17,1730,1,2,3,1,3.0,44120,M,4720017.0,-177682.0,44
201600018270,16,11,6,1545,1,1,1,1,5.0,44171,M,4713794.0,-172009.0,44
201600018271,16,12,3,1650,1,1,1,7,2.0,44120,M,4719041.0,-176865.0,44
201600018272,16,12,5,825,1,1,1,1,6.0,44130,M,4714285.0,-157194.0,44
201600018273,16,10,16,1615,1,1,1,2,6.0,44188,M,4704757.0,-163926.0,44
201600018274,16,11,12,1615,1,1,1,2,7.0,44188,M,4702755.0,-161814.0,44
201600018275,16,10,12,1610,1,2,1,1,6.0,44030,M,4743020.0,-224561.0,44
201600018276,16,10,22,1130,1,1,3,1,2.0,44069,M,4735752.0,-243252.0,44
201600018277,16,10,22,1525,1,1,1,1,3.0,44151,M,4732349.0,-231810.0,44
201600018278,16,10,25,1545,1,2,1,1,6.0,44069,M,4732593.0,-245738.0,44
201600018279,16,11,5,1130,1,2,1,1,3.0,44069,M,4732725.0,-241762.0,44
201600018280,16,11,28,745,2,2,1,1,6.0,44030,M,4744409.0,-223393.0,44
201600018281,16,12,13,1605,1,1,1,1,6.0,44069,M,4730003.0,-241185.0,44
201600018282,16,12,15,1040,1,2,1,1,6.0,44049,M,4729566.0,-251278.0,44
201600018283,16,12,17,535,2,1,1,5,5.0,44072,M,4744343.0,-232285.0,44
201600018284,16,12,27,1700,2,2,1,1,6.0,44097,M,4740341.0,-244930.0,44
201600018285,16,11,24,430,3,1,1,2,6.0,44068,M,4749462.0,-188919.0,44
201600018286,16,12,30,2035,3,1,1,5,7.0,44196,M,4755713.0,-205460.0,44
201600018287,16,10,19,1700,1,2,1,1,3.0,25186,M,4733748.0,594632.0,25
201600018288,16,4,16,1815,1,1,1,1,7.0,25262,M,4712621.0,661079.0,25
201600018289,16,6,2,1530,1,1,1,2,1.0,25222,M,4713646.0,628025.0,25
201600018290,16,6,24,1500,1,1,1,1,3.0,25432,M,4714511.0,653654.0,25
201600018291,16,4,30,1400,1,2,1,2,6.0,25632,M,4748268.0,676377.0,25
201600018292,16,12,7,730,3,2,1,1,3.0,25190,M,4749495.0,690641.0,25
201600018293,16,5,8,2230,3,1,1,1,1.0,25061,M,4732618.0,678373.0,25
201600018294,16,5,20,1700,1,1,1,1,1.0,25485,M,4738822.0,672441.0,25
201600018295,16,11,20,1145,1,2,1,1,1.0,25082,M,4740721.0,676992.0,25
201600018296,16,7,9,1615,1,1,1,1,3.0,25254,M,4684260.0,639057.0,25
201600018297,16,8,19,2115,3,1,1,1,6.0,25075,M,4681927.0,624131.0,25
201600018298,16,4,22,1730,1,1,1,2,1.0,25592,M,4680222.0,626488.0,25
201600018299,16,5,31,1700,1,1,1,1,3.0,73315,M,4552654.0,619027.0,73
201600018300,16,7,7,1100,1,1,4,1,1.0,73079,M,4554552.0,618560.0,73
201600018301,16,7,25,1530,1,1,1,1,7.0,73089,M,4553986.0,613410.0,73
201600018302,16,3,15,2130,3,1,1,1,7.0,39390,M,4660687.0,564150.0,39
201600018303,16,12,3,1700,2,1,1,1,7.0,39066,M,4659770.0,555767.0,39
201600018304,16,8,25,1900,1,1,1,1,7.0,39069,M,4634939.0,541197.0,39
201600018305,16,9,9,1245,1,1,3,7,3.0,39363,M,4642744.0,549682.0,39
201600018306,16,11,17,1745,3,1,1,1,1.0,39148,M,4637113.0,556149.0,39
201600018307,16,10,3,715,1,2,1,1,1.0,39576,M,4660023.0,548046.0,39
201600018308,16,10,28,1430,1,1,1,1,3.0,39475,M,4643397.0,535404.0,39
201600018309,16,12,14,1145,1,1,2,5,3.0,39320,M,4656563.0,541595.0,39
201600018310,16,1,1,345,3,1,1,1,7.0,39013,M,4691669.0,574259.0,39
201600018311,16,2,1,1200,1,2,6,1,3.0,39434,M,4683488.0,570316.0,39
201600018312,16,3,27,1415,1,1,3,1,1.0,39054,M,4691061.0,554336.0,39
201600018313,16,6,30,1815,1,1,3,1,3.0,39019,M,4694537.0,578093.0,39
201600018314,16,8,8,2030,2,1,2,1,3.0,39049,M,4685962.0,560826.0,39
201600018315,16,9,21,2230,3,1,1,1,6.0,39013,M,4689273.0,573097.0,39
201600018316,16,9,25,1630,1,1,3,1,3.0,39013,M,4691336.0,576728.0,39
201600018317,16,4,7,1815,1,1,3,1,2.0,39365,M,4697303.0,560053.0,39
201600018318,16,10,22,2345,3,1,1,1,1.0,39577,M,4678789.0,549319.0,39
201600018319,16,11,12,1545,1,1,2,1,3.0,39305,M,4701986.0,555550.0,39
201600018320,16,7,26,845,1,2,2,7,3.0,39396,M,4714795.0,565700.0,39
201600018321,16,8,1,2130,2,2,1,1,6.0,39402,M,4724920.0,570222.0,39
201600018322,16,9,11,1745,1,1,1,1,3.0,39235,M,4714525.0,576075.0,39
201600018323,16,11,27,545,3,1,1,5,6.0,39400,M,4713517.0,563720.0,39
201600018324,16,12,19,1,3,2,1,1,6.0,39396,M,4714523.0,566708.0,39
201600018325,16,4,18,1830,2,1,1,1,7.0,39478,M,4637682.0,582828.0,39
201600018326,16,7,6,1200,1,1,1,1,1.0,39339,M,4635557.0,577138.0,39
201600018327,16,9,18,730,2,1,1,3,6.0,39275,M,4639654.0,597994.0,39
201600018328,16,11,23,1245,1,1,1,1,7.0,39453,M,4641649.0,579770.0,39
201600018329,16,12,19,1315,1,1,1,8,6.0,39269,M,4638447.0,571324.0,39
201600018330,16,11,14,800,1,2,1,1,6.0,39367,M,4653578.0,601587.0,39
201600018331,16,1,2,1230,1,1,1,3,1.0,22251,M,4854673.0,-278959.0,22
201600018332,16,1,9,1330,1,1,1,1,6.0,22251,M,4858403.0,-282572.0,22
201600018333,16,1,19,800,3,1,1,2,7.0,22222,M,4865141.0,-296131.0,22
201600018334,16,1,26,2215,5,2,1,6,6.0,22007,M,4860139.0,-283581.0,22
201600018335,16,2,24,1715,1,1,1,1,1.0,22055,M,4862026.0,-285292.0,22
201600018336,16,7,9,2015,1,1,1,1,3.0,22222,M,4868610.0,-298581.0,22
201600018337,16,10,13,1445,1,1,1,1,6.0,22236,M,4865796.0,-297393.0,22
201600018338,16,11,15,945,3,1,2,1,3.0,22055,M,4861727.0,-284172.0,22
201600018339,16,2,20,400,3,1,1,2,6.0,22122,M,4822463.0,-252361.0,22
201600018340,16,3,20,1700,1,1,1,1,4.0,22292,M,4825533.0,-254352.0,22
201600018341,16,7,10,2200,2,1,2,1,3.0,22062,M,4817313.0,-249840.0,22
201600018342,16,7,22,2045,1,1,1,1,6.0,22083,M,4814219.0,-235652.0,22
201600018343,16,8,3,115,4,2,1,1,6.0,22333,M,4824108.0,-244255.0,22
201600018344,16,10,1,2300,3,1,2,1,1.0,22147,M,4820739.0,-243107.0,22
201600018345,16,10,29,1015,1,1,1,1,6.0,22241,M,4812035.0,-265201.0,22
201600018346,16,11,11,1645,1,1,1,1,1.0,22147,M,4819663.0,-234232.0,22
201600018347,16,12,23,1700,2,1,1,2,6.0,22133,M,4818986.0,-227943.0,22
201600018348,16,3,12,1245,1,1,3,1,3.0,22296,M,4833546.0,-253061.0,22
201600018349,16,4,14,2230,4,2,1,1,6.0,22281,M,4839940.0,-273285.0,22
201600018350,16,5,20,1115,1,1,1,1,1.0,22079,M,4839690.0,-262611.0,22
201600018351,16,6,5,1800,1,1,1,1,1.0,22203,M,4836100.0,-283700.0,22
201600018352,16,6,16,2100,1,1,1,1,7.0,22219,M,4824848.0,-272016.0,22
201600018353,16,9,7,1000,1,1,1,1,7.0,22219,M,4826368.0,-271299.0,22
201600018354,16,10,10,815,2,2,1,5,6.0,22079,M,4838536.0,-268322.0,22
201600018355,16,10,29,1745,1,1,1,1,3.0,22258,M,4841428.0,-265325.0,22
201600018356,16,11,30,1115,1,1,1,1,6.0,22079,M,4840062.0,-266439.0,22
201600018357,16,12,9,2245,5,2,1,1,6.0,22015,M,4840404.0,-257264.0,22
201600018358,16,2,4,2100,3,1,1,1,7.0,22091,M,4861732.0,-318284.0,22
201600018359,16,8,3,1500,1,2,1,1,6.0,22250,M,4869653.0,-316455.0,22
201600018360,16,9,24,1515,1,2,1,1,7.0,22004,M,4862450.0,-329871.0,22
201600018361,16,9,29,700,2,1,1,1,7.0,22256,M,4870080.0,-309512.0,22
201600018362,16,1,25,2330,3,1,1,5,1.0,22249,M,4848335.0,-328578.0,22
201600018363,16,1,31,830,3,1,6,2,6.0,22298,M,4820044.0,-289053.0,22
201600018364,16,8,22,1700,1,1,1,1,7.0,22298,M,4820847.0,-293127.0,22
201600018365,16,1,2,945,1,1,1,3,6.0,22029,M,4831829.0,-309440.0,22
201600018366,16,3,2,945,1,1,2,6,3.0,22163,M,4821463.0,-346464.0,22
201600018367,16,6,7,1645,1,2,1,1,6.0,22266,M,4823660.0,-331215.0,22
201600018368,16,7,3,2030,1,2,1,1,2.0,22331,M,4827015.0,-315504.0,22
201600018369,16,9,23,1930,1,1,1,1,6.0,22115,M,4838556.0,-320548.0,22
201600018370,16,9,28,900,1,1,9,1,3.0,22331,M,4827288.0,-315628.0,22
201600018371,16,11,30,100,3,1,1,1,7.0,22220,M,4822579.0,-325010.0,22
201600018372,16,12,23,1530,1,1,3,2,4.0,22087,M,4824830.0,-335982.0,22
201600018373,16,1,5,1400,1,1,1,3,6.0,22224,M,4870012.0,-352471.0,22
201600018374,16,1,8,1245,1,1,2,1,3.0,22207,M,4863871.0,-345506.0,22
201600018375,16,2,16,1345,1,1,1,1,1.0,22131,M,4849696.0,-353637.0,22
201600018376,16,3,9,1330,1,1,1,6,1.0,22228,M,4855024.0,-340991.0,22
201600018377,16,6,4,830,2,1,1,1,6.0,22265,M,4873564.0,-337509.0,22
201600018378,16,6,25,1500,1,1,3,1,3.0,22359,M,4857984.0,-341307.0,22
201600018379,16,9,18,1100,1,1,1,1,1.0,22211,M,4867941.0,-344372.0,22
201600018380,16,9,30,930,1,1,1,1,1.0,22350,M,4864583.0,-357003.0,22
201600018381,16,10,5,1715,1,2,1,1,1.0,22245,M,4864303.0,-337319.0,22
201600018382,16,10,14,1500,1,2,7,1,3.0,22194,M,4865406.0,-363115.0,22
201600018383,16,11,11,1815,3,1,1,1,3.0,22131,M,4851425.0,-349030.0,22
201600018384,16,11,22,1130,1,2,1,2,6.0,22194,M,4866168.0,-363076.0,22
201600018385,16,12,11,1115,1,2,1,1,6.0,22194,M,4865375.0,-363423.0,22
201600018386,16,12,10,1745,3,1,1,1,6.0,22207,M,4862775.0,-345046.0,22
201600018387,16,1,8,2245,3,1,1,1,1.0,22041,M,4876650.0,-330773.0,22
201600018388,16,2,17,1530,1,2,1,3,6.0,22221,M,4879558.0,-323678.0,22
201600018389,16,3,27,1200,1,1,1,2,5.0,22347,M,4878364.0,-320763.0,22
201600018390,16,4,28,1715,1,1,1,1,2.0,22347,M,4878338.0,-321356.0,22
201600018391,16,7,11,1045,1,2,3,1,6.0,22166,M,4881179.0,-329634.0,22
201600018392,16,9,15,815,1,1,1,3,6.0,22196,M,4874795.0,-316029.0,22
201600018393,16,9,19,1930,1,1,6,8,6.0,22152,M,4876009.0,-329309.0,22
201600018394,16,9,30,2215,3,2,6,5,6.0,22152,M,4876034.0,-329365.0,22
201600018395,16,12,6,1730,2,1,2,1,3.0,22264,M,4874534.0,-324961.0,22
201600018396,16,12,22,1200,1,1,1,1,3.0,22127,M,4880491.0,-310603.0,22
201600018397,16,12,27,1200,1,2,7,1,6.0,22362,M,4878741.0,-323033.0,22
201600018398,16,5,30,1345,1,1,2,1,1.0,68374,M,4806826.0,730970.0,68
201600018399,16,8,23,1800,1,1,1,7,2.0,68237,M,4809706.0,725744.0,68
201600018400,16,8,26,1815,1,1,1,1,1.0,68338,M,4808473.0,728753.0,68
201600018401,16,8,27,930,5,2,3,1,2.0,68338,M,4808925.0,727869.0,68
201600018402,16,12,2,1645,3,1,1,1,1.0,68365,M,4805300.0,731800.0,68
201600018403,16,1,17,1315,1,1,1,1,6.0,68062,M,4762937.0,720464.0,68
201600018404,16,10,19,900,1,2,1,2,7.0,68139,M,4759389.0,721971.0,68
201600018405,16,9,22,930,1,2,1,1,1.0,68031,M,4769480.0,718301.0,68
201600018406,16,9,25,1845,1,1,1,1,6.0,68031,M,4771111.0,719475.0,68
201600018407,16,10,23,100,5,2,1,1,6.0,68299,M,4759794.0,711936.0,68
201600018408,16,10,30,230,3,1,1,1,6.0,68347,M,4751770.0,730987.0,68
201600018409,16,1,7,930,1,1,3,2,3.0,68195,M,4775691.0,726774.0,68
201600018410,16,1,19,1630,2,2,1,4,2.0,68384,M,4769673.0,730120.0,68
201600018411,16,2,14,1915,5,1,1,2,7.0,68129,M,4773879.0,723328.0,68
201600018412,16,6,27,1715,1,1,1,1,7.0,68101,M,4770610.0,721249.0,68
201600018413,16,7,5,945,1,1,1,1,1.0,68384,M,4769785.0,729700.0,68
201600018414,16,12,22,515,3,1,1,5,7.0,68195,M,0.0,0.0,68
201600018415,16,4,8,1745,1,2,1,1,1.0,68182,M,4750063.0,749031.0,68
201600018416,16,9,19,600,3,1,1,1,6.0,68135,M,4756754.0,749164.0,68
201600018417,16,10,22,1800,1,2,1,1,1.0,68286,M,4762898.0,754315.0,68
201600018418,16,11,6,1645,1,1,4,1,1.0,68264,M,4757500.0,741200.0,68
201600018419,16,12,24,1720,5,2,1,1,2.0,68042,M,4760017.0,749195.0,68
201600018420,16,6,28,1235,1,2,1,1,3.0,68258,M,4783340.0,730009.0,68
201600018421,16,3,25,1715,1,1,1,8,6.0,68308,M,4777996.0,698079.0,68
201600018422,16,7,7,830,1,2,1,1,6.0,68304,M,4775687.0,704438.0,68
201600018423,16,11,21,1615,2,1,1,2,6.0,68060,M,4774327.0,713007.0,68
201600018424,16,2,18,645,2,2,1,1,3.0,34119,M,4359410.0,311975.0,34
201600018425,16,3,11,1445,1,1,1,9,6.0,34096,M,4358780.0,317073.0,34
201600018426,16,5,17,1515,1,1,1,1,6.0,34096,M,4355170.0,319775.0,34
201600018427,16,5,18,1645,1,1,1,1,3.0,34084,M,4338600.0,319772.0,34
201600018428,16,1,30,1915,3,1,1,1,6.0,34326,M,4340590.0,275048.0,34
201600018429,16,12,6,1515,1,2,1,7,6.0,34142,M,4373260.0,331808.0,34
201600018430,16,12,20,1015,1,2,1,2,6.0,34306,M,4373390.0,335085.0,34
201600018431,16,1,10,1000,1,1,1,1,6.0,34013,M,4357050.0,345522.0,34
201600018432,16,1,22,1845,3,1,1,2,6.0,34079,M,4361310.0,343671.0,34
201600018433,16,2,25,1145,1,1,1,1,6.0,34051,M,4359620.0,349391.0,34
201600018434,16,3,2,2315,3,1,1,2,6.0,34194,M,4355090.0,346697.0,34
201600018435,16,5,12,1900,1,1,1,1,5.0,34051,M,4359500.0,348738.0,34
201600018436,16,6,24,1615,1,2,1,1,1.0,34222,M,4357090.0,351512.0,34
201600018437,16,7,6,930,1,2,1,1,6.0,34079,M,4363240.0,343906.0,34
201600018438,16,7,18,2000,2,2,1,1,6.0,34079,M,4362592.0,343108.0,34
201600018439,16,7,26,2145,5,2,1,1,6.0,34047,M,4353710.0,349722.0,34
201600018440,16,7,26,945,1,2,1,1,2.0,34281,M,4352740.0,357188.0,34
201600018441,16,10,22,300,3,1,1,1,2.0,34079,M,4361070.0,343668.0,34
201600018442,16,11,4,2230,3,1,2,2,3.0,34013,M,4353990.0,345833.0,34
201600018443,16,12,6,2215,3,1,1,1,7.0,34079,M,4361220.0,346561.0,34
201600018444,16,2,8,730,2,2,1,1,1.0,34239,M,4365040.0,350225.0,34
201600018445,16,2,9,1900,4,2,2,1,6.0,15014,M,,,15
201600018446,16,2,10,1410,1,1,1,3,3.0,15012,M,4700000.0,200000.0,15
201600018447,16,4,7,1725,1,1,3,1,3.0,15012,M,4489947.0,248187.0,15
201600018448,16,12,7,1900,5,2,2,1,3.0,15014,M,4491280.0,244176.0,15
201600018449,16,7,26,1100,1,2,1,1,6.0,15014,M,4492701.0,244098.0,15
201600018450,16,12,28,1355,1,2,3,7,6.0,15014,M,,,15
201600018451,16,7,31,345,5,2,1,1,6.0,15014,M,,,15
201600018452,16,10,4,1845,1,2,1,1,6.0,15014,M,4490870.0,244569.0,15
201600018453,16,10,2,1850,1,2,1,1,7.0,15014,M,4491666.0,243953.0,15
201600018454,16,10,25,750,5,2,1,3,6.0,15014,M,4491642.0,243662.0,15
201600018455,16,10,1,1500,1,2,3,1,3.0,15014,M,4492504.0,244488.0,15
201600018456,16,11,22,1809,5,2,1,3,6.0,15014,M,,,15
201600018457,16,11,24,740,4,2,1,2,6.0,15014,M,4491562.0,243536.0,15
201600018458,16,11,7,2000,5,2,1,1,6.0,15014,M,4492221.0,243998.0,15
201600018459,16,2,8,1445,1,2,1,1,6.0,34031,M,4337800.0,342045.0,34
201600018460,16,4,6,1745,1,2,1,1,3.0,34002,M,4353340.0,342952.0,34
201600018461,16,5,8,1615,1,1,1,2,1.0,34182,M,4341623.0,341756.0,34
201600018462,16,5,31,2145,3,1,1,2,1.0,34017,M,4347360.0,345167.0,34
201600018463,16,8,12,1600,1,1,1,1,6.0,86178,M,0.0,0.0,86
201600018464,16,10,4,830,1,1,1,1,3.0,86209,M,0.0,0.0,86
201600018465,16,11,6,1315,1,1,1,1,6.0,86178,M,0.0,0.0,86
201600018466,16,11,6,1800,2,1,1,1,1.0,86235,M,0.0,0.0,86
201600018467,16,1,13,745,2,1,1,1,3.0,86116,M,0.0,0.0,86
201600018468,16,3,25,2215,3,1,1,2,6.0,86139,M,0.0,0.0,86
201600018469,16,7,17,1900,1,2,1,7,2.0,86244,M,0.0,0.0,86
201600018470,16,7,26,1830,1,1,1,1,7.0,86116,M,4647460.0,6000.0,86
201600018471,16,8,26,1830,1,1,1,1,7.0,86116,M,0.0,0.0,86
201600018472,16,8,26,2240,3,1,9,1,7.0,86139,M,0.0,0.0,86
201600018473,16,11,10,1915,3,1,1,8,7.0,86188,M,4636921.0,21168.0,86
201600018474,16,11,23,1815,3,1,1,2,7.0,86113,M,4650532.0,27977.0,86
201600018475,16,7,23,830,1,1,2,1,3.0,86053,M,0.0,0.0,86
201600018476,16,7,29,745,1,1,1,2,1.0,86030,M,0.0,0.0,86
201600018477,16,6,5,1715,1,1,1,1,1.0,86170,M,0.0,0.0,86
201600018478,16,9,16,1645,1,2,6,1,3.0,29189,M,4838435.0,-437719.0,29
201600018479,16,12,10,1600,1,1,1,1,1.0,29045,M,4837952.0,-429345.0,29
201600018480,16,5,4,1345,1,1,1,1,5.0,41043,M,4731808.0,149828.0,41
201600018481,16,6,10,2200,4,1,1,3,2.0,41097,M,4731499.0,167352.0,41
201600018482,16,7,1,1945,1,1,1,1,7.0,41038,M,4723285.0,177426.0,41
201600018483,16,7,1,1545,1,1,4,1,3.0,41280,M,4728621.0,176944.0,41
201600018484,16,7,5,1815,1,1,1,1,7.0,41122,M,4720932.0,187932.0,41
201600018485,16,7,10,1900,1,1,1,1,3.0,41097,M,4727889.0,170109.0,41
201600018486,16,7,18,1530,1,2,1,1,3.0,41280,M,4729897.0,177799.0,41
201600018487,16,9,20,745,1,1,1,5,3.0,41185,M,4737729.0,168714.0,41
201600018488,16,10,1,1600,1,1,1,1,6.0,41122,M,4724572.0,187347.0,41
201600018489,16,10,28,2345,5,2,3,1,3.0,41135,M,4726901.0,186584.0,41
201600018490,16,11,12,1900,5,2,1,3,3.0,41242,M,4728344.0,154184.0,41
201600018491,16,12,12,1145,1,1,1,1,6.0,41185,M,4734155.0,170394.0,41
201600018492,16,1,31,1830,5,2,1,1,1.0,41170,M,4746152.0,131225.0,41
201600018493,16,3,6,1215,1,1,2,1,3.0,41198,M,4726088.0,133339.0,41
201600018494,16,4,1,1615,1,1,1,1,3.0,41080,M,4733360.0,117266.0,41
201600018495,16,3,3,915,1,2,1,1,6.0,41198,M,4726885.0,137184.0,41
201600018496,16,4,27,2030,1,2,1,1,6.0,41239,M,4726017.0,139676.0,41
201600018497,16,5,3,2015,1,1,1,1,7.0,41166,M,4739088.0,139010.0,41
201600018498,16,5,28,545,2,1,2,1,3.0,41257,M,4739102.0,131431.0,41
201600018499,16,6,18,30,3,1,1,1,6.0,41082,M,4744053.0,137255.0,41
201600018500,16,6,25,1800,1,1,1,1,5.0,41059,M,4740379.0,141684.0,41
201600018501,16,6,28,230,3,1,1,2,6.0,41180,M,4741508.0,120741.0,41
201600018502,16,6,30,1800,1,1,1,7,1.0,41126,M,4726494.0,132567.0,41
201600018503,16,7,9,915,1,2,1,1,7.0,41151,M,4734396.0,117144.0,41
201600018504,16,8,13,2315,3,1,1,1,6.0,41092,M,4745234.0,133751.0,41
201600018505,16,8,23,1200,1,2,1,1,6.0,41059,M,4741778.0,142825.0,41
201600018506,16,9,19,800,2,2,1,1,2.0,41059,M,4742773.0,142801.0,41
201600018507,16,10,4,945,5,2,2,1,3.0,41051,M,4733590.0,113340.0,41
201600018508,16,10,9,1000,1,2,1,1,6.0,41198,M,4727163.0,137246.0,41
201600018509,16,10,27,745,2,2,1,5,2.0,41198,M,4727089.0,137529.0,41
201600018510,16,11,1,1845,3,1,1,5,7.0,41059,M,4742370.0,145751.0,41
201600018511,16,11,13,1030,1,2,3,1,3.0,41059,M,4741638.0,143177.0,41
201600018512,16,12,15,1445,1,1,1,1,6.0,41051,M,4737195.0,111160.0,41
201600018513,16,12,16,1915,3,1,1,1,1.0,41237,M,4739531.0,140932.0,41
201600018514,16,12,19,1830,3,1,1,1,6.0,41063,M,4724991.0,143229.0,41