Num_Acc,an,mois,jour,hrmn,lum,agg,int,atm,col,com,gps,lat,long,dep
201600018515,16,12,22,1430,1,1,2,2,3.0,41237,M,4739894.0,141648.0,41
201600018516,16,1,12,1030,1,2,3,7,3.0,41232,M,4742023.0,206046.0,41
201600018517,16,4,21,1730,1,2,1,1,6.0,41084,M,4738660.0,194424.0,41
201600018518,16,5,3,700,1,1,1,1,1.0,41256,M,4730075.0,205838.0,41
201600018519,16,5,6,1500,1,2,1,1,3.0,41241,M,4738598.0,191809.0,41
201600018520,16,5,14,2130,3,1,1,1,7.0,41251,M,4765517.0,217575.0,41
201600018521,16,6,16,1400,1,2,1,1,6.0,41232,M,4742367.0,205762.0,41
201600018522,16,7,11,1430,1,1,1,1,1.0,41159,M,4750456.0,181234.0,41
201600018523,16,7,27,1130,1,1,2,1,3.0,41125,M,4743513.0,190793.0,41
201600018524,16,8,9,1000,1,1,1,1,3.0,41232,M,4744377.0,206618.0,41
201600018525,16,8,28,1245,1,2,1,1,7.0,41241,M,4738512.0,191312.0,41
201600018526,16,9,11,1745,1,1,1,1,7.0,41161,M,4758770.0,206013.0,41
201600018527,16,9,12,1215,1,2,1,1,3.0,41241,M,4739269.0,192383.0,41
201600018528,16,9,28,1830,1,1,1,1,1.0,41232,M,4740003.0,205446.0,41
201600018529,16,12,23,1500,1,1,1,1,7.0,41232,M,4744548.0,199935.0,41
201600018530,16,2,19,530,3,1,1,9,6.0,41154,M,4792663.0,125925.0,41
201600018531,16,3,18,1815,1,1,1,1,6.0,41088,M,4796871.0,116343.0,41
201600018532,16,3,30,1430,1,1,1,2,6.0,41053,M,4801718.0,87522.0,41
201600018533,16,4,4,1400,1,1,1,1,6.0,41012,M,4797688.0,86490.0,41
201600018534,16,5,3,2030,2,1,1,1,6.0,41175,M,4787100.0,115700.0,41
201600018535,16,5,29,1230,1,1,1,2,7.0,41073,M,4789160.0,105145.0,41
201600018536,16,5,29,1515,1,2,1,2,1.0,41075,M,4803901.0,107576.0,41
201600018537,16,6,5,745,1,1,1,1,7.0,41216,M,4796179.0,122033.0,41
201600018538,16,10,2,1815,1,1,1,1,6.0,41073,M,4787854.0,103855.0,41
201600018539,16,7,18,2300,3,1,3,1,3.0,47210,M,4425540.0,36195.0,47
201600018540,16,12,2,2130,3,1,1,5,7.0,47038,M,4434620.0,39960.0,47
201600018541,16,12,16,930,1,1,1,1,7.0,47213,M,4430210.0,47977.0,47
201600018542,16,6,15,1445,1,1,1,1,6.0,47138,M,4426070.0,73603.0,47
201600018543,16,12,17,115,3,1,3,1,7.0,47289,M,4425130.0,81590.0,47
201600018544,16,2,1,1245,1,1,1,2,6.0,47317,M,4446250.0,41432.0,47
201600018545,16,2,23,1615,1,1,1,2,7.0,47253,M,4440990.0,15398.0,47
201600018546,16,6,4,2330,3,2,1,1,6.0,47101,M,4444850.0,15869.0,47
201600018547,16,7,21,900,1,1,1,1,7.0,47110,M,4446550.0,30335.0,47
201600018548,16,7,31,1515,1,2,1,1,6.0,47065,M,4435920.0,37648.0,47
201600018549,16,8,12,2000,1,1,1,7,7.0,47310,M,4436100.0,31956.0,47
201600018550,16,9,13,1745,1,1,1,1,7.0,47310,M,4435340.0,31993.0,47
201600018551,16,5,30,1530,1,1,1,1,1.0,47222,M,4428760.0,13025.0,47
201600018552,16,11,23,2315,3,1,1,3,6.0,47106,M,4450120.0,94734.0,47
201600018553,16,2,4,1400,1,2,4,1,3.0,47049,M,4444660.0,61799.0,47
201600018554,16,10,29,1845,2,1,1,1,3.0,01110,M,0.0,0.0,01
201600018555,16,12,31,1545,1,1,1,1,2.0,12102,M,4427759.0,260869.0,12
201600018556,16,4,1,1500,1,2,1,1,1.0,12056,M,4427720.0,244456.0,12
201600018557,16,4,16,610,3,1,1,1,1.0,12032,M,4428890.0,241899.0,12
201600018558,16,5,15,1745,1,1,1,1,7.0,12187,M,4427070.0,278909.0,12
201600018559,16,9,20,1530,1,1,1,1,3.0,12133,M,4428970.0,257794.0,12
201600018560,16,10,11,1715,1,1,1,1,3.0,12283,M,4424780.0,265292.0,12
201600018561,16,10,27,1800,1,1,1,1,3.0,12133,M,4431620.0,255803.0,12
201600018562,16,2,19,1635,1,1,1,1,6.0,12095,M,4448290.0,234429.0,12
201600018563,16,6,1,1815,1,1,1,2,1.0,12288,M,4444500.0,243451.0,12
201600018564,16,6,29,800,1,1,2,1,3.0,12254,M,4442280.0,253148.0,12
201600018565,16,6,28,1820,1,1,1,1,1.0,12218,M,4455150.0,242563.0,12
201600018566,16,7,5,1705,1,2,1,1,6.0,12138,M,4447410.0,246481.0,12
201600018567,16,11,18,1340,1,1,1,2,6.0,12288,M,4444510.0,243446.0,12
201600018568,16,4,14,900,1,1,3,1,3.0,12182,M,4442240.0,290481.0,12
201600018569,16,5,31,1345,1,1,1,2,6.0,12160,M,4420110.0,317531.0,12
201600018570,16,6,25,1930,1,1,1,1,6.0,12077,M,4391040.0,318433.0,12
201600018571,16,7,2,1425,1,1,1,1,5.0,12204,M,4412180.0,321154.0,12
201600018572,16,8,11,1010,1,1,1,1,2.0,12082,M,4395150.0,329608.0,12
201600018573,16,4,19,1055,1,1,1,1,6.0,12123,M,4433320.0,305023.0,12
201600018574,16,5,11,1030,1,1,3,1,3.0,12022,M,4401590.0,307283.0,12
201600018575,16,6,9,1510,1,2,1,1,7.0,12208,M,4395620.0,288590.0,12
201600018576,16,6,10,1740,1,2,1,1,6.0,12243,M,4401220.0,296772.0,12
201600018577,16,6,22,1500,1,2,1,1,6.0,12208,M,4395800.0,288328.0,12
201600018578,16,5,23,845,1,1,1,2,6.0,12044,M,4383610.0,284908.0,12
201600018579,16,8,9,1710,1,1,1,1,6.0,12248,M,4389060.0,259447.0,12
201600018580,16,10,1,1730,1,1,1,1,3.0,12154,M,4388420.0,281806.0,12
201600018581,16,11,15,1600,1,1,1,1,6.0,12154,M,4430270.0,271456.0,12
201600018582,16,12,17,215,3,1,1,1,6.0,12044,M,4380770.0,290309.0,12
201600018583,16,8,4,1815,1,1,2,2,3.0,12217,M,4441190.0,192533.0,12
201600018584,16,11,13,1300,1,1,1,2,6.0,12257,M,4455050.0,202059.0,12
201600018585,16,7,16,1340,1,1,1,1,1.0,12135,M,4423620.0,213141.0,12
201600018586,16,8,6,1100,1,1,2,1,3.0,12167,M,4421370.0,199979.0,12
201600018587,16,12,12,648,3,1,1,1,6.0,12054,M,4430900.0,217452.0,12
201600018588,16,3,23,1215,1,1,1,1,3.0,49345,M,4726964.0,-49416.0,49
201600018589,16,10,1,1730,1,2,1,1,6.0,49292,M,4730146.0,-63219.0,49
201600018590,16,10,10,1815,1,2,1,1,3.0,49223,M,4739995.0,-52460.0,49
201600018591,16,1,24,1530,1,1,1,1,6.0,49307,M,4743617.0,-34326.0,49
201600018592,16,2,5,730,2,2,2,9,3.0,49238,M,4751954.0,-43613.0,49
201600018593,16,2,19,815,1,2,1,7,1.0,49117,M,4741845.0,-43667.0,49
201600018594,16,2,24,745,2,1,1,2,3.0,49042,M,4746513.0,-41837.0,49
201600018595,16,4,18,1030,1,2,1,1,7.0,49042,M,4747641.0,-41348.0,49
201600018596,16,9,22,2145,3,1,1,1,6.0,49004,M,4746537.0,-39662.0,49
201600018597,16,10,26,1430,1,1,1,1,1.0,49377,M,4755729.0,-49992.0,49
201600018598,16,11,10,415,3,2,1,2,6.0,49326,M,4750152.0,-38976.0,49
201600018599,16,9,21,745,2,1,1,8,1.0,49068,M,4740342.0,-85295.0,49
201600018600,16,11,19,1145,1,1,1,1,5.0,49283,M,4743118.0,-77098.0,49
201600018601,16,12,16,1100,1,2,1,1,1.0,49063,M,4735418.0,-76188.0,49
201600018602,16,12,10,1430,1,1,1,5,2.0,49296,M,4727992.0,-120681.0,49
201600018603,16,2,12,1415,1,1,1,2,6.0,49018,M,4757786.0,-11406.0,49
201600018604,16,8,5,1815,1,1,1,1,6.0,49370,M,4726810.0,-19272.0,49
201600018605,16,9,4,2100,3,1,1,1,6.0,49374,M,4724822.0,-787.0,49
201600018606,16,5,22,1100,1,1,2,2,3.0,49009,M,4708419.0,-13525.0,49
201600018607,16,7,30,1930,1,1,2,1,3.0,49362,M,4723046.0,-5353.0,49
201600018608,16,9,3,1500,1,1,1,1,3.0,49215,M,4715457.0,-14701.0,49
201600018609,16,2,22,1645,1,2,1,2,3.0,49054,M,4755954.0,-103925.0,49
201600018610,16,3,18,1700,1,1,1,1,7.0,49054,M,4755514.0,-100085.0,49
201600018611,16,6,10,1430,1,2,6,1,3.0,49331,M,4768464.0,-87077.0,49
201600018612,16,7,21,1630,1,1,1,1,7.0,49305,M,4771984.0,-71643.0,49
201600018613,16,8,25,1830,1,2,1,1,2.0,49331,M,4768284.0,-87826.0,49
201600018614,16,12,8,645,3,1,1,5,1.0,49277,M,4767702.0,-86015.0,49
201600018615,16,12,29,2000,3,1,1,1,7.0,49014,M,4770419.0,-76492.0,49
201600018616,16,11,11,1345,1,1,1,1,7.0,55350,M,4859600.0,563300.0,55
201600018617,16,3,31,1715,1,1,1,8,3.0,55008,M,4924547.0,566801.0,55
201600018618,16,5,1,800,1,1,1,2,1.0,55057,M,4917777.0,567693.0,55
201600018619,16,7,10,2045,2,1,1,1,1.0,55237,M,4912106.0,551073.0,55
201600018620,16,2,25,1415,1,2,7,1,6.0,61074,M,4856692.0,-14710.0,61
201600018621,16,3,25,1900,1,1,1,1,1.0,61433,M,4852628.0,5859.0,61
201600018622,16,1,15,715,3,1,1,4,1.0,61479,M,4866273.0,-7886.0,61
201600018623,16,1,31,1830,2,1,2,2,3.0,61170,M,4869517.0,-4354.0,61
201600018624,16,9,14,730,1,1,1,1,1.0,61179,M,4874294.0,-24446.0,61
201600018625,16,3,27,1800,1,1,1,3,6.0,61320,M,4889795.0,31084.0,61
201600018626,16,6,25,1125,1,1,1,1,7.0,61317,M,4875795.0,34309.0,61
201600018627,16,10,31,1315,1,1,3,1,7.0,61019,M,4878962.0,22108.0,61
201600018628,16,2,10,800,1,1,1,1,1.0,61459,M,4867116.0,-49673.0,61
201600018629,16,8,26,1645,1,1,3,1,3.0,61201,M,4860007.0,-67014.0,61
201600018630,16,2,8,1700,1,1,3,2,3.0,61377,M,4871650.0,-71003.0,61
201600018631,16,3,5,400,3,1,1,1,7.0,61030,M,4877135.0,-59779.0,61
201600018632,16,11,5,2356,3,1,1,2,7.0,14703,M,4896580.0,-32675.0,14
201600018633,16,2,19,2315,4,1,2,2,1.0,61243,M,4858630.0,-33235.0,61
201600018634,16,3,2,315,3,1,1,2,7.0,61035,M,4861709.0,-28103.0,61
201600018635,16,11,30,1030,1,1,1,1,6.0,61096,M,4852561.0,-48042.0,61
201600018636,16,12,26,2315,3,1,6,1,6.0,61243,M,4858482.0,-32603.0,61
201600018637,16,2,13,1600,1,1,1,2,6.0,61130,M,4852175.0,49466.0,61
201600018638,16,7,19,1515,1,1,1,1,1.0,61414,M,4851722.0,52403.0,61
201600018639,16,7,2,300,3,1,1,1,7.0,61130,M,4852656.0,49697.0,61
201600018640,16,12,13,2115,3,1,1,5,6.0,61128,M,4846251.0,66630.0,61
201600018641,16,8,7,1145,1,1,2,1,6.0,61100,M,4870482.0,61593.0,61
201600018642,16,8,31,1330,1,1,1,7,7.0,61456,M,4877263.0,66728.0,61
201600018643,16,10,31,1600,1,1,1,1,6.0,61244,M,4867581.0,45217.0,61
201600018644,16,11,8,1345,1,2,6,1,2.0,61214,M,4876116.0,63425.0,61
201600018645,16,1,6,1815,3,1,1,2,6.0,61207,M,4831712.0,49190.0,61
201600018646,16,5,6,1645,1,1,1,1,3.0,61309,M,4836036.0,69746.0,61
201600018647,16,5,5,820,1,1,1,1,7.0,61426,M,4834548.0,53013.0,61
201600018648,16,5,16,1845,1,2,1,1,6.0,61099,M,4831171.0,60825.0,61
201600018649,16,12,13,1730,2,1,1,5,7.0,61061,M,4842864.0,85573.0,61
201600018650,16,12,18,1700,1,1,1,5,6.0,61500,M,4860738.0,70511.0,61
201600018651,16,1,12,930,1,2,1,8,1.0,76255,M,5003979.0,142360.0,76
201600018652,16,1,27,1615,1,2,1,2,6.0,76255,M,5004836.0,141923.0,76
201600018653,16,2,3,815,2,2,1,1,3.0,76255,M,5005196.0,140183.0,76
201600018654,16,2,7,1515,1,2,1,1,7.0,80533,M,5007726.0,141590.0,80
201600018655,16,3,5,1745,1,1,1,1,1.0,76638,M,5001532.0,142731.0,76
201600018656,16,3,10,1800,1,1,1,1,2.0,80533,M,5006091.0,140790.0,80
201600018657,16,4,6,1230,1,2,1,1,1.0,76711,M,5005511.0,138234.0,76
201600018658,16,4,30,1245,1,2,1,1,6.0,76255,M,5005295.0,139059.0,76
201600018659,16,5,9,1700,1,1,1,1,2.0,76507,M,5004023.0,144463.0,76
201600018660,16,5,29,1930,1,1,1,1,1.0,76507,M,5003542.0,145544.0,76
201600018661,16,6,8,2045,1,1,1,1,5.0,76696,M,4999668.0,127969.0,76
201600018662,16,6,18,1615,1,1,1,1,3.0,76644,M,5000583.0,137194.0,76
201600018663,16,7,14,1830,1,2,1,1,6.0,80533,M,5006531.0,139207.0,80
201600018664,16,7,24,1900,1,2,1,1,2.0,76711,M,5004867.0,136664.0,76
201600018665,16,9,13,715,1,1,1,1,1.0,76696,M,4999392.0,127617.0,76
201600018666,16,11,10,1145,1,1,1,3,1.0,76027,M,4998357.0,128764.0,76
201600018667,16,2,28,1645,1,1,2,1,3.0,76581,M,4953059.0,133302.0,76
201600018668,16,5,9,1130,1,1,3,1,3.0,76617,M,4948383.0,115267.0,76
201600018669,16,5,13,1700,1,1,1,1,3.0,76571,M,4956867.0,136363.0,76
201600018670,16,7,19,800,1,2,1,7,6.0,76560,M,4942216.0,117970.0,76
201600018671,16,7,30,2100,1,2,6,1,3.0,76509,M,4949136.0,122337.0,76
201600018672,16,12,31,500,3,2,1,9,6.0,63262,M,4570110.0,316210.0,63
201600018673,16,2,5,1830,5,2,1,1,6.0,63455,M,4567270.0,317168.0,63
201600018674,16,3,10,815,1,1,1,9,6.0,63378,M,4566800.0,322500.0,63
201600018675,16,5,28,1130,1,1,2,1,3.0,63350,M,4569000.0,328600.0,63
201600018676,16,8,18,2045,2,1,1,1,7.0,63026,M,4566500.0,304200.0,63
201600018677,16,8,18,1445,1,2,9,1,1.0,63395,M,4564100.0,310370.0,63
201600018678,16,5,5,1730,1,2,1,1,2.0,63003,M,4554400.0,376400.0,63
201600018679,16,11,5,1415,1,2,1,2,1.0,63003,M,4558000.0,376200.0,63
201600018680,16,1,10,1515,1,2,1,8,1.0,63207,M,0.0,0.0,63
201600018681,16,6,1,1715,1,1,1,2,1.0,63258,M,0.0,0.0,63
201600018682,16,8,14,1900,1,1,1,1,1.0,63023,M,4560900.0,351200.0,63
201600018683,16,9,17,1500,1,1,1,2,6.0,63258,M,4568300.0,363300.0,63
201600018684,16,10,30,115,3,1,1,5,6.0,63207,M,4565300.0,369300.0,63
201600018685,16,11,6,2315,3,1,1,4,6.0,63086,M,4561700.0,362200.0,63
201600018686,16,11,17,2215,3,1,1,1,6.0,63132,M,4563200.0,359300.0,63
201600018687,16,1,29,1645,1,1,1,1,2.0,63054,M,0.0,0.0,63
201600018688,16,2,20,15,3,2,6,8,6.0,63178,M,4554346.0,322430.0,63
201600018689,16,2,22,2015,5,2,6,1,3.0,63050,M,4541470.0,331960.0,63
201600018690,16,5,26,1600,1,1,1,1,7.0,63255,M,0.0,0.0,63
201600018691,16,5,30,1300,1,1,6,1,6.0,63352,M,4546500.0,325400.0,63
201600018692,16,5,4,1815,1,1,1,1,6.0,63397,M,4561600.0,267700.0,63
201600018693,16,7,3,1800,1,1,3,1,7.0,63426,M,0.0,0.0,63
201600018694,16,7,9,1600,1,1,1,1,7.0,63397,M,4560200.0,271700.0,63
201600018695,16,7,12,1800,1,2,3,1,3.0,63047,M,4559020.0,276230.0,63
201600018696,16,8,8,1630,1,1,1,7,1.0,63192,M,4552000.0,265900.0,63
201600018697,16,1,25,1515,1,1,1,7,1.0,63322,M,0.0,0.0,63
201600018698,16,3,20,1945,4,1,6,1,1.0,63322,M,4585000.0,316600.0,63
201600018699,16,2,7,1600,1,2,6,8,3.0,63381,M,4582440.0,291190.0,63
201600018700,16,3,17,1830,1,2,1,1,3.0,63285,M,4583352.0,285813.0,63
201600018701,16,5,2,1015,1,2,5,1,3.0,63237,M,4593900.0,258600.0,63
201600018702,16,6,7,1630,1,1,1,1,1.0,63381,M,0.0,0.0,63
201600018703,16,6,10,1900,1,1,1,1,1.0,63283,M,0.0,0.0,63
201600018704,16,6,11,1630,1,1,1,1,7.0,63228,M,4594000.0,269700.0,63
201600018705,16,10,22,1715,1,1,1,1,1.0,63118,M,0.0,0.0,63
201600018706,16,10,24,945,1,1,1,8,3.0,63186,M,0.0,0.0,63
201600018707,16,3,26,1530,1,1,1,1,3.0,63223,M,0.0,0.0,63
201600018708,16,3,30,1530,1,1,1,1,6.0,63197,M,0.0,0.0,63
201600018709,16,7,8,930,1,1,2,1,3.0,63338,M,4617900.0,284050.0,63
201600018710,16,9,2,1615,1,1,3,1,3.0,63233,M,4617670.0,281020.0,63
201600018711,16,11,27,830,1,1,1,1,7.0,63243,M,0.0,0.0,63
201600018712,16,12,1,15,3,1,1,9,7.0,63223,M,0.0,0.0,63
201600018713,16,9,10,930,1,2,1,1,6.0,63430,M,4584970.0,353720.0,63
201600018714,16,12,15,1945,5,2,1,1,6.0,63430,M,4588790.0,351390.0,63
201600018715,16,2,9,1730,1,1,1,6,6.0,63249,M,0.0,0.0,63
201600018716,16,2,18,1500,1,2,1,1,1.0,63125,M,4575900.0,354300.0,63
201600018717,16,3,18,1200,1,1,1,1,2.0,63414,M,0.0,0.0,63
201600018718,16,6,20,1330,1,1,3,1,3.0,63016,M,4570700.0,359400.0,63
201600018719,16,6,29,1700,1,1,3,1,3.0,63249,M,0.0,0.0,63
201600018720,16,9,7,1645,1,1,1,1,1.0,63195,M,0.0,0.0,63
201600018721,16,9,14,1515,1,2,1,2,6.0,63249,M,4580000.0,352300.0,63
201600018722,16,9,21,1515,1,1,3,1,3.0,63195,M,0.0,0.0,63
201600018723,16,9,24,1630,1,1,1,1,6.0,63125,M,4575200.0,352900.0,63
201600018724,16,2,22,1000,1,1,1,5,6.0,63210,M,4592000.0,335800.0,63
201600018725,16,3,22,1415,1,1,1,1,3.0,63210,M,4592800.0,334100.0,63
201600018726,16,5,10,1945,1,1,1,1,3.0,63201,M,0.0,0.0,63
201600018727,16,4,26,1530,1,1,1,2,7.0,89129,M,0.0,0.0,89
201600018728,16,11,23,2300,3,1,1,1,6.0,89015,M,4759845.0,376485.0,89
201600018729,16,12,5,1800,3,1,1,1,2.0,89015,M,4761556.0,375387.0,89
201600018730,16,7,10,2345,5,2,1,1,6.0,89227,M,4789968.0,375754.0,89
201600018731,16,12,21,800,2,1,1,1,1.0,89307,M,4789937.0,371188.0,89
201600018732,16,3,25,700,2,1,1,2,6.0,89425,M,4805891.0,374617.0,89
201600018733,16,3,5,1645,1,2,1,2,3.0,89419,M,4774151.0,329099.0,89
201600018734,16,3,4,1315,1,1,1,2,1.0,89217,M,4768045.0,333657.0,89
201600018735,16,2,2,1915,5,2,1,1,3.0,89025,M,4749163.0,391623.0,89
201600018736,16,6,20,1930,1,1,1,2,7.0,89433,M,4751489.0,381696.0,89
201600018737,16,7,9,1030,1,1,5,1,1.0,89378,M,4749680.0,396689.0,89
201600018738,16,12,3,1800,3,1,1,1,3.0,89306,M,4749191.0,387948.0,89
201600018739,16,4,24,1145,1,1,1,1,1.0,89012,M,4762060.0,404497.0,89
201600018740,16,5,1,430,3,1,1,9,6.0,89339,M,4755181.0,396782.0,89
201600018741,16,10,5,1800,2,1,1,1,6.0,89204,M,0.0,0.0,89
201600018742,16,10,18,1700,1,2,1,7,3.0,89022,M,4753781.0,398860.0,89
201600018743,16,1,30,1645,1,1,1,3,6.0,89445,M,4788287.0,386827.0,89
201600018744,16,8,8,1545,1,1,1,1,2.0,89184,M,4774310.0,417054.0,89
201600018745,16,9,29,715,2,2,1,1,3.0,89321,M,4773420.0,423172.0,89
201600018746,16,10,31,1530,1,1,1,7,6.0,89418,M,4784910.0,393186.0,89
201600018747,16,3,17,1745,1,1,1,1,6.0,89003,M,4786702.0,334189.0,89
201600018748,16,7,9,1745,1,2,1,1,1.0,89003,M,4787337.0,334376.0,89
201600018749,16,1,5,945,1,1,1,1,6.0,89467,M,4826788.0,308834.0,89
201600018750,16,3,4,2200,5,2,1,1,6.0,89274,M,4822340.0,322173.0,89
201600018751,16,8,30,530,5,2,1,1,6.0,89144,M,4811527.0,306582.0,89
201600018752,16,4,12,1530,1,1,1,8,1.0,71469,M,4627661.0,454079.0,71
201600018753,16,4,13,1445,1,1,1,8,5.0,71134,M,0.0,0.0,71
201600018754,16,5,6,2300,3,1,1,1,1.0,71134,M,0.0,0.0,71
201600018755,16,5,31,1000,1,1,1,3,7.0,71137,M,0.0,0.0,71
201600018756,16,7,6,1400,1,2,2,7,3.0,71137,M,4644059.0,465271.0,71
201600018757,16,9,20,1215,1,1,1,1,3.0,71146,M,0.0,0.0,71
201600018758,16,10,1,1030,1,1,1,2,3.0,71287,M,0.0,0.0,71
201600018759,16,11,4,815,2,2,1,5,5.0,71383,M,4642734.0,487740.0,71
201600018760,16,4,29,1400,1,1,1,1,7.0,71014,M,4694256.0,435395.0,71
201600018761,16,5,23,815,1,1,1,2,7.0,71014,M,4692149.0,436724.0,71
201600018762,16,5,31,2130,2,1,1,8,7.0,71493,M,0.0,0.0,71
201600018763,16,8,2,745,1,2,1,1,2.0,71527,M,4704787.0,421869.0,71
201600018764,16,10,4,1400,1,1,1,1,1.0,71129,M,0.0,0.0,71
201600018765,16,11,9,1815,3,1,1,2,1.0,71015,M,0.0,0.0,71
201600018766,16,12,3,1830,5,2,1,9,1.0,71014,M,4695391.0,429530.0,71
201600018767,16,1,12,1415,1,1,1,3,1.0,71202,M,0.0,0.0,71
201600018768,16,9,25,1830,1,1,1,1,7.0,71450,M,0.0,0.0,71
201600018769,16,10,5,1545,1,2,1,1,6.0,71073,M,4690507.0,476246.0,71
201600018770,16,11,26,2345,5,2,1,5,7.0,71369,M,4690625.0,472044.0,71
201600018771,16,10,8,2130,3,1,2,1,3.0,71159,M,4664309.0,464320.0,71
201600018772,16,12,9,1645,2,1,1,5,5.0,71221,M,0.0,0.0,71
201600018773,16,12,24,1215,1,1,1,1,3.0,71221,M,4676444.0,473783.0,71
201600018774,16,3,25,1600,1,1,2,2,3.0,71187,M,4676069.0,449719.0,71
201600018775,16,5,18,1530,1,1,1,1,2.0,71310,M,0.0,0.0,71
201600018776,16,6,17,1815,1,1,1,2,1.0,71310,M,0.0,0.0,71
201600018777,16,6,30,1015,1,1,1,1,2.0,71310,M,0.0,0.0,71
201600018778,16,9,11,600,3,1,1,1,1.0,71310,M,0.0,0.0,71
201600018779,16,6,9,1830,1,2,3,1,3.0,71428,M,0.0,0.0,71
201600018780,16,2,1,1030,1,2,1,8,2.0,71263,M,4664747.0,520437.0,71
201600018781,16,2,4,745,2,1,1,1,5.0,71558,M,0.0,0.0,71
201600018782,16,3,18,1145,1,2,1,1,3.0,71528,M,4662634.0,520258.0,71
201600018783,16,3,2,545,2,1,1,1,7.0,71580,M,0.0,0.0,71
201600018784,16,3,18,1645,1,1,1,1,5.0,71484,M,0.0,0.0,71
201600018785,16,5,19,830,1,1,2,1,3.0,71303,M,0.0,0.0,71
201600018786,16,8,13,1645,1,1,9,1,1.0,71380,M,0.0,0.0,71
201600018787,16,8,25,845,1,1,1,1,3.0,71196,M,4665359.0,534371.0,71
201600018788,16,9,12,1200,1,2,1,1,6.0,71263,M,4662941.0,521507.0,71
201600018789,16,9,16,1900,1,1,1,1,1.0,71300,M,0.0,0.0,71
201600018790,16,10,18,1430,1,2,1,1,1.0,71263,M,4662398.0,523086.0,71
201600018791,16,11,16,1800,4,2,1,2,6.0,71263,M,4662675.0,521591.0,71
201600018792,16,2,12,1430,1,1,1,1,6.0,71158,M,0.0,0.0,71
201600018793,16,3,26,1930,2,2,1,1,3.0,71351,M,0.0,0.0,71
201600018794,16,1,15,1030,1,1,1,8,2.0,71265,M,0.0,0.0,71
201600018795,16,6,22,515,2,1,1,1,6.0,71292,M,0.0,0.0,71
201600018796,16,8,25,1045,1,1,1,1,3.0,71292,M,0.0,0.0,71
201600018797,16,11,22,730,2,1,1,2,2.0,71292,M,0.0,0.0,71
201600018798,16,9,17,1430,1,1,1,1,6.0,32407,M,4350440.0,86980.0,32
201600018799,16,12,28,1400,1,1,2,1,3.0,32277,M,4348830.0,86550.0,32
201600018800,16,12,28,2000,3,1,1,1,6.0,32433,M,4347350.0,74275.0,32
201600018801,16,8,22,1200,1,1,1,1,6.0,32253,M,4398220.0,80290.0,32
201600018802,16,1,2,845,2,2,6,2,1.0,32344,M,4365590.0,-7367.0,32
201600018803,16,5,20,1830,1,1,1,1,5.0,32027,M,4368440.0,-16534.0,32
201600018804,16,4,18,2245,3,1,1,1,6.0,81101,M,,,81
201600018805,16,10,16,1655,1,1,1,1,5.0,81319,M,4403390.0,200993.0,81
201600018806,16,10,6,1630,1,1,1,1,7.0,81254,M,4405840.0,222669.0,81
201600018807,16,8,1,1430,1,1,1,1,6.0,81124,M,4372800.0,268993.0,81
201600018808,16,12,1,1430,1,1,1,1,3.0,81271,M,4375290.0,169149.0,81
201600018809,16,12,13,1410,1,1,2,1,3.0,81255,M,4373800.0,174302.0,81
201600018810,16,12,21,800,1,1,1,1,1.0,81092,M,4369900.0,187280.0,81
201600018811,16,12,16,1945,3,1,1,1,6.0,81182,M,4371990.0,233187.0,81
201600018812,16,12,18,15,3,1,1,1,6.0,81256,M,4368610.0,226873.0,81
201600018813,16,2,15,730,2,1,1,1,6.0,81038,M,4388740.0,190664.0,81
201600018814,16,12,8,2230,3,1,1,1,6.0,81197,M,4401440.0,198290.0,81
201600018815,16,11,6,1805,5,2,7,3,6.0,81038,M,4386520.0,188372.0,81
201600018816,16,11,25,1455,1,2,1,7,6.0,81220,M,4382260.0,172525.0,81
201600018817,16,1,24,1630,1,2,1,1,6.0,81311,M,4350990.0,215859.0,81
201600018818,16,4,9,945,1,2,1,1,2.0,81130,M,4357820.0,227937.0,81
201600018819,16,9,14,715,3,1,1,3,1.0,81325,M,4355310.0,215820.0,81
201600018820,16,10,9,1540,1,2,2,1,3.0,81081,M,4348840.0,214082.0,81
201600018821,16,11,30,915,1,2,1,1,6.0,81120,M,4353590.0,226568.0,81
201600018822,16,12,4,830,1,1,1,1,6.0,81160,M,4347490.0,220471.0,81
201600018823,16,12,6,1645,1,1,1,1,6.0,81204,M,4353920.0,235151.0,81
201600018824,16,10,4,2100,5,1,1,1,6.0,69063,M,4580337.0,483955.0,69
201600018825,16,12,22,119,5,2,3,1,6.0,69063,M,4580453.0,483831.0,69
201600018826,16,4,25,1330,1,2,1,1,6.0,69135,M,0.0,0.0,69
201600018827,16,5,1,1730,1,2,1,2,1.0,69018,M,0.0,0.0,69
201600018828,16,11,4,945,1,1,1,1,6.0,69267,M,4617255.0,465108.0,69
201600018829,16,11,22,2000,3,1,1,5,7.0,69124,M,4610823.0,456134.0,69
201600018830,16,12,28,1030,1,1,3,1,3.0,69162,M,4612958.0,462328.0,69
201600018831,16,7,28,1530,1,1,1,1,7.0,69169,M,4597800.0,439200.0,69
201600018832,16,10,10,1720,1,2,4,1,1.0,69066,M,4610629.0,433065.0,69
201600018833,16,12,8,1850,5,1,1,1,3.0,69214,M,4598084.0,432587.0,69
201600018834,16,1,29,1730,1,2,1,1,6.0,33363,M,4478352.0,-41662.0,33