Num_Acc,an,mois,jour,hrmn,lum,agg,int,atm,col,com,gps,lat,long,dep
201600018835,16,7,15,1345,1,2,3,1,3.0,33011,M,4478416.0,-114342.0,33
201600018836,16,3,8,615,2,1,1,1,7.0,33439,M,4512142.0,-42463.0,33
201600018837,16,3,19,1745,1,1,1,1,6.0,33151,M,4525467.0,-43643.0,33
201600018838,16,3,1,1345,1,1,1,1,6.0,33316,M,0.0,0.0,33
201600018839,16,12,17,1045,1,1,2,1,3.0,33163,M,4477459.0,-24395.0,33
201600018840,16,1,1,320,3,1,1,1,1.0,33333,M,4491780.0,-107698.0,33
201600018841,16,4,24,40,3,1,2,1,3.0,33314,M,4517550.0,-77439.0,33
201600018842,16,5,30,730,1,2,1,1,7.0,33395,M,4523187.0,-78720.0,33
201600018843,16,7,27,1850,1,1,1,1,6.0,33424,M,4511110.0,-80637.0,33
201600018844,16,9,22,645,3,1,1,1,2.0,33424,M,4512600.0,-80900.0,33
201600018845,16,10,10,1115,1,1,1,1,5.0,33424,M,4517281.0,-83736.0,33
201600018846,16,5,7,1230,1,1,1,1,3.0,33540,M,0.0,0.0,33
201600018847,16,5,24,1230,1,1,1,1,1.0,33348,M,0.0,0.0,33
201600018848,16,8,15,1000,1,2,2,1,3.0,33540,M,4538040.0,-115198.0,33
201600018849,16,4,10,1315,1,1,3,1,3.0,33086,M,4480138.0,-30289.0,33
201600018850,16,9,10,1100,1,1,1,1,1.0,65340,M,4328345.0,13414.0,65
201600018851,16,6,18,1030,1,1,1,1,1.0,65121,M,4334960.0,7100.0,65
201600018852,16,8,7,1430,1,1,1,1,6.0,65137,M,4351750.0,-1243.0,65
201600018853,16,12,19,1730,5,2,1,1,7.0,65460,M,4337340.0,5995.0,65
201600018854,16,6,3,1430,1,2,4,1,1.0,65334,M,4307390.0,-7880.0,65
201600018855,16,7,26,200,3,1,1,1,6.0,65395,M,4310410.0,-17491.0,65
201600018856,16,9,11,1,3,1,1,1,1.0,65218,M,4301090.0,37343.0,65
201600018857,16,11,18,1600,1,2,6,2,3.0,65258,M,4312126.0,38325.0,65
201600018858,16,11,28,1745,5,2,3,1,1.0,65258,M,4311440.0,39375.0,65
201600018859,16,2,7,1945,3,1,1,1,7.0,65075,M,4285620.0,34164.0,65
201600018860,16,5,10,1545,1,1,1,1,6.0,41049,M,4732913.0,150291.0,41
201600018861,16,5,18,815,1,1,1,8,2.0,41016,M,4733715.0,154751.0,41
201600018862,16,8,4,600,2,1,1,2,6.0,41049,M,4732786.0,149764.0,41
201600018863,16,8,14,1915,1,1,9,1,3.0,41229,M,4730565.0,135629.0,41
201600018864,16,8,17,1115,1,1,1,1,6.0,41126,M,4729561.0,131361.0,41
201600018865,16,12,15,2030,3,1,1,1,6.0,41280,M,4732158.0,176713.0,41
201600018866,16,2,6,1015,1,1,1,1,3.0,82037,M,0.0,0.0,82
201600018867,16,8,13,2000,1,1,5,1,3.0,82076,M,0.0,0.0,82
201600018868,16,5,12,1700,1,2,1,1,6.0,82123,M,0.0,0.0,82
201600018869,16,2,21,1745,1,1,1,1,3.0,82118,M,0.0,0.0,82
201600018870,16,3,17,1715,1,2,1,1,6.0,82112,M,0.0,0.0,82
201600018871,16,4,10,1530,1,1,1,1,6.0,82112,M,0.0,0.0,82
201600018872,16,11,21,1800,3,1,1,2,6.0,82096,M,4404333.0,125566.0,82
201600018873,16,1,25,2000,5,2,1,1,3.0,80234,M,4990217.0,245242.0,80
201600018874,16,3,14,2045,3,2,1,1,6.0,80461,M,4988602.0,238378.0,80
201600018875,16,4,17,300,3,1,1,1,6.0,80411,M,4990384.0,256082.0,80
201600018876,16,6,9,1715,1,2,1,1,6.0,80212,M,4991014.0,250993.0,80
201600018877,16,8,30,1630,1,1,1,1,5.0,80107,M,4986897.0,242729.0,80
201600018878,16,10,13,2130,5,2,1,1,6.0,80212,M,4991030.0,250751.0,80
201600018879,16,11,25,635,5,2,4,1,3.0,80212,M,4991685.0,251659.0,80
201600018880,16,11,30,1300,1,1,1,1,7.0,80036,M,4988744.0,246330.0,80
201600018881,16,3,3,1645,1,2,1,1,2.0,80013,M,4996552.0,193506.0,80
201600018882,16,3,30,1730,1,2,1,2,1.0,80443,M,4984760.0,190650.0,80
201600018883,16,4,6,815,1,2,1,1,3.0,80606,M,4995473.0,176944.0,80
201600018884,16,5,19,2045,1,1,1,1,6.0,80606,M,4995770.0,175125.0,80
201600018885,16,6,1,1915,1,1,1,1,1.0,80165,M,4987562.0,195476.0,80
201600018886,16,8,9,1545,1,1,1,1,1.0,80062,M,4983137.0,177947.0,80
201600018887,16,9,19,1630,1,1,1,1,7.0,80606,M,4995803.0,177574.0,80
201600018888,16,12,19,2020,3,2,1,1,6.0,80456,M,4980188.0,179502.0,80
201600018889,16,12,20,1425,1,1,1,1,6.0,80606,M,4994483.0,175034.0,80
201600018890,16,1,7,1945,3,1,2,1,3.0,80670,M,4984499.0,214986.0,80
201600018891,16,3,17,815,1,2,1,1,2.0,80211,M,4973854.0,215377.0,80
201600018892,16,5,5,2130,5,2,1,1,6.0,80582,M,4981127.0,211218.0,80
201600018893,16,6,11,1915,1,2,1,1,7.0,80656,M,4982272.0,208597.0,80
201600018894,16,9,2,1930,1,1,1,1,6.0,80577,M,4979728.0,203627.0,80
201600018895,16,9,7,1045,1,2,1,1,6.0,80630,M,4977467.0,198312.0,80
201600018896,16,9,13,1015,1,1,2,1,3.0,80211,M,4973976.0,218086.0,80
201600018897,16,11,3,1430,1,2,1,1,6.0,80098,M,4980352.0,187747.0,80
201600018898,16,12,7,615,3,1,1,1,1.0,80791,M,4983645.0,224034.0,80
201600018899,16,2,29,15,3,1,1,1,6.0,80639,M,4994056.0,230836.0,80
201600018900,16,2,29,1845,2,1,1,1,1.0,80718,M,4994868.0,221240.0,80
201600018901,16,3,28,2045,3,1,1,1,1.0,80187,M,4996396.0,217328.0,80
201600018902,16,3,27,1745,1,1,2,1,1.0,80718,M,4995187.0,223840.0,80
201600018903,16,4,18,1630,1,1,1,1,3.0,80082,M,4997981.0,213375.0,80
201600018904,16,5,12,145,3,1,6,2,6.0,80650,M,4993316.0,241158.0,80
201600018905,16,5,12,945,1,1,2,1,3.0,80738,M,4994751.0,208196.0,80
201600018906,16,7,22,1630,1,1,1,1,7.0,80704,M,0.0,0.0,80
201600018907,16,7,22,1515,1,1,1,1,3.0,80722,M,4996528.0,221295.0,80
201600018908,16,7,31,1100,1,1,1,1,6.0,80316,M,5001579.0,222757.0,80
201600018909,16,8,3,1415,1,1,1,1,1.0,80639,M,4995093.0,227629.0,80
201600018910,16,8,4,1945,1,1,1,1,1.0,80229,M,4997453.0,207297.0,80
201600018911,16,8,11,1645,1,2,1,1,3.0,80207,M,5000525.0,248014.0,80
201600018912,16,10,19,2015,3,1,1,1,6.0,80639,M,4997975.0,231606.0,80
201600018913,16,10,27,1440,1,2,3,1,3.0,80782,M,4996315.0,224566.0,80
201600018914,16,12,1,1830,3,1,1,1,6.0,80639,M,4993109.0,230646.0,80
201600018915,16,12,8,1445,1,1,1,1,2.0,80024,M,4993686.0,226197.0,80
201600018916,16,12,13,1830,5,2,1,1,6.0,80798,M,4999637.0,231845.0,80
201600018917,16,12,21,1500,1,1,1,1,1.0,80341,M,4994329.0,209737.0,80
201600018918,16,1,23,915,1,1,1,8,6.0,80512,M,5006138.0,183910.0,80
201600018919,16,2,3,945,1,1,1,1,1.0,80825,M,4995900.0,184869.0,80
201600018920,16,2,13,1245,1,1,1,2,7.0,80716,M,5012681.0,197555.0,80
201600018921,16,5,17,1345,1,1,1,1,7.0,80200,M,5004909.0,192898.0,80
201600018922,16,5,25,1215,1,1,1,1,3.0,80588,M,5012905.0,189599.0,80
201600018923,16,6,5,2015,1,2,1,1,3.0,80262,M,5006736.0,188073.0,80
201600018924,16,6,9,1630,1,2,2,1,3.0,80546,M,5009739.0,172096.0,80
201600018925,16,6,10,1900,1,1,1,1,1.0,80262,M,5006054.0,189563.0,80
201600018926,16,6,14,1845,1,1,1,2,7.0,80546,M,5009878.0,173166.0,80
201600018927,16,7,3,30,3,2,1,1,1.0,80830,M,5010043.0,197078.0,80
201600018928,16,7,16,615,2,1,1,1,3.0,80574,M,5004272.0,205878.0,80
201600018929,16,7,17,200,3,2,1,1,6.0,80171,M,5013181.0,188581.0,80
201600018930,16,8,9,1215,1,1,1,1,7.0,80155,M,5011268.0,201755.0,80
201600018931,16,8,22,1845,1,1,1,1,3.0,80779,M,5009339.0,187505.0,80
201600018932,16,8,30,1845,1,2,1,1,2.0,80171,M,5012253.0,186793.0,80
201600018933,16,8,31,1615,1,2,1,1,7.0,80716,M,5013566.0,195334.0,80
201600018934,16,8,31,1730,1,2,1,1,3.0,80260,M,5015168.0,185188.0,80
201600018935,16,9,7,945,1,1,1,1,3.0,80635,M,5005988.0,189704.0,80
201600018936,16,9,17,2015,3,1,1,1,1.0,80163,M,5010600.0,176471.0,80
201600018937,16,9,20,1200,1,1,1,1,7.0,80328,M,5002443.0,195799.0,80
201600018938,16,10,4,710,1,1,1,5,1.0,80574,M,5005017.0,204376.0,80
201600018939,16,10,14,1300,1,1,1,1,2.0,80385,M,5012355.0,180520.0,80
201600018940,16,10,14,1245,1,1,9,1,2.0,80385,M,5012815.0,178493.0,80
201600018941,16,10,16,1700,1,2,2,2,3.0,80260,M,5015527.0,185461.0,80
201600018942,16,10,18,2250,5,2,1,1,6.0,80476,M,5004379.0,189710.0,80
201600018943,16,10,25,1630,1,1,4,1,2.0,80716,M,5013651.0,195739.0,80
201600018944,16,11,1,1615,1,1,1,1,6.0,80009,M,5007430.0,200566.0,80
201600018945,16,11,4,1940,3,1,2,2,3.0,80380,M,5009027.0,206556.0,80
201600018946,16,11,7,1702,5,1,1,2,4.0,80546,M,5009307.0,170970.0,80
201600018947,16,11,12,1730,3,1,1,2,2.0,80019,M,4996050.0,191106.0,80
201600018948,16,11,19,1220,1,2,2,2,3.0,80215,M,5014361.0,202834.0,80
201600018949,16,12,9,2055,3,1,1,1,6.0,80716,M,5011931.0,195593.0,80
201600018950,16,12,29,400,3,1,1,9,6.0,80836,M,5009703.0,178191.0,80
201600018951,16,2,3,1445,1,2,2,2,3.0,80308,M,5005635.0,159882.0,80
201600018952,16,2,12,1630,1,2,1,8,6.0,80368,M,5008436.0,154641.0,80
201600018953,16,2,13,915,1,2,1,2,6.0,80360,M,5007126.0,157894.0,80
201600018954,16,3,18,900,1,2,3,1,6.0,80827,M,5006664.0,153836.0,80
201600018955,16,3,18,1530,1,2,1,1,2.0,80368,M,5008596.0,155480.0,80
201600018956,16,4,1,1815,1,1,2,1,3.0,80760,M,4998750.0,159991.0,80
201600018957,16,4,25,1530,1,2,1,3,7.0,80368,M,5009133.0,155669.0,80
201600018958,16,5,4,1800,1,1,1,1,1.0,80360,M,5007451.0,157915.0,80
201600018959,16,6,21,2115,1,2,1,1,2.0,80364,M,5009031.0,147269.0,80
201600018960,16,7,9,1630,1,1,1,1,4.0,80834,M,5006653.0,152186.0,80
201600018961,16,7,12,1915,1,2,1,1,3.0,80373,M,4997735.0,156766.0,80
201600018962,16,8,11,1145,1,2,1,8,3.0,80063,M,5002097.0,151413.0,80
201600018963,16,8,15,930,1,2,1,1,3.0,80368,M,5009158.0,155303.0,80
201600018964,16,8,18,1915,1,2,1,1,7.0,80368,M,5008170.0,153957.0,80
201600018965,16,8,24,1800,1,1,1,7,3.0,80190,M,5004976.0,164249.0,80
201600018966,16,8,27,1130,1,1,1,1,3.0,80063,M,5000776.0,152518.0,80
201600018967,16,9,22,1815,1,2,1,1,6.0,80235,M,5004276.0,153081.0,80
201600018968,16,9,28,2030,3,1,1,1,7.0,80765,M,5003200.0,167336.0,80
201600018969,16,10,17,1650,1,2,3,1,3.0,80368,M,5009088.0,154910.0,80
201600018970,16,10,20,2000,5,2,1,2,6.0,80235,M,5003958.0,152473.0,80
201600018971,16,10,22,1130,1,1,1,1,2.0,80765,M,5002346.0,169924.0,80
201600018972,16,11,2,1445,1,1,6,1,3.0,80368,M,5007299.0,154178.0,80
201600018973,16,11,5,1545,1,2,3,1,7.0,80368,M,5009452.0,155982.0,80
201600018974,16,11,27,345,3,1,1,1,6.0,80765,M,5003017.0,168586.0,80
201600018975,16,12,11,1715,2,2,1,1,6.0,80063,M,5000956.0,152187.0,80
201600018976,16,12,15,730,2,1,3,1,2.0,80126,M,4993494.0,163996.0,80
201600018977,16,1,14,1445,1,2,1,4,2.0,80228,M,5023886.0,163069.0,80
201600018978,16,2,4,845,3,1,1,1,3.0,80327,M,5023056.0,193603.0,80
201600018979,16,3,12,1530,1,1,1,7,4.0,80688,M,5026346.0,168612.0,80
201600018980,16,4,3,1545,1,1,1,1,2.0,80633,M,5020017.0,168759.0,80
201600018981,16,4,11,2300,5,2,1,3,6.0,80228,M,5024643.0,161943.0,80
201600018982,16,4,23,1845,1,1,3,1,1.0,80590,M,5016683.0,186323.0,80
201600018983,16,5,6,1645,1,2,1,1,1.0,80333,M,5033983.0,156506.0,80
201600018984,16,5,29,1930,1,1,1,1,1.0,80600,M,5018489.0,171940.0,80
201600018985,16,7,4,1745,1,1,1,1,3.0,80688,M,5026912.0,165482.0,80
201600018986,16,10,30,905,2,1,1,5,6.0,80030,M,5027851.0,173288.0,80
201600018987,16,11,27,1245,1,1,1,1,1.0,80222,M,5024436.0,186649.0,80
201600018988,16,11,30,2010,3,1,1,1,2.0,80109,M,5026491.0,197915.0,80
201600018989,16,1,14,1130,1,1,1,8,1.0,80253,M,0.0,0.0,80
201600018990,16,4,18,930,1,2,2,1,3.0,80777,M,5009858.0,247732.0,80
201600018991,16,5,13,1520,1,2,1,1,3.0,80003,M,5006963.0,253939.0,80
201600018992,16,8,22,1545,1,1,2,1,3.0,80425,M,5004259.0,257047.0,80
201600018993,16,11,13,1345,1,2,2,2,3.0,80253,M,5015450.0,234718.0,80
201600018994,16,2,19,2145,3,1,1,1,7.0,80241,M,5009917.0,212749.0,80
201600018995,16,7,13,1300,1,2,1,1,6.0,80795,M,5004089.0,211521.0,80
201600018996,16,7,31,1900,1,2,1,1,6.0,80166,M,5005205.0,221363.0,80
201600018997,16,8,8,1545,1,1,1,1,1.0,80408,M,5003591.0,220619.0,80
201600018998,16,9,15,1900,1,1,1,2,6.0,80408,M,5004742.0,222105.0,80
201600018999,16,10,4,2045,5,2,2,1,3.0,80086,M,5013096.0,216171.0,80
201600019000,16,11,21,1330,1,2,1,2,6.0,80205,M,5000988.0,202174.0,80
201600019001,16,12,7,1450,1,1,1,1,2.0,80318,M,5000948.0,210864.0,80
201600019002,16,12,13,1855,2,1,1,2,6.0,80793,M,5000186.0,219645.0,80
201600019003,16,12,15,1855,3,1,1,1,1.0,80123,M,4999678.0,210505.0,80
201600019004,16,1,29,715,5,2,1,9,1.0,80185,M,4969587.0,286313.0,80
201600019005,16,2,2,245,5,2,1,2,6.0,80478,M,4967920.0,265121.0,80
201600019006,16,3,6,1900,3,1,2,1,3.0,80759,M,4964719.0,275189.0,80
201600019007,16,5,11,1415,1,1,2,1,3.0,80293,M,4966865.0,260190.0,80
201600019008,16,7,5,1700,1,2,1,1,6.0,80678,M,4960146.0,265706.0,80
201600019009,16,7,12,1845,1,2,1,1,6.0,80561,M,4964961.0,256898.0,80
201600019010,16,7,30,1815,1,2,1,1,1.0,80561,M,4964393.0,257481.0,80
201600019011,16,8,16,2015,2,1,1,1,2.0,80685,M,4968429.0,279427.0,80
201600019012,16,9,22,1930,1,1,1,1,6.0,80623,M,4962550.0,263240.0,80
201600019013,16,9,29,815,1,1,1,1,7.0,80176,M,4971179.0,283392.0,80
201600019014,16,10,14,2145,3,2,1,2,6.0,80685,M,4968783.0,278571.0,80
201600019015,16,10,30,1115,1,1,2,1,3.0,80232,M,4973271.0,275503.0,80
201600019016,16,12,2,1825,3,2,1,5,7.0,80561,M,4964407.0,257470.0,80
201600019017,16,12,11,1850,3,1,2,1,2.0,80685,M,4968406.0,278948.0,80
201600019018,16,12,15,2020,3,1,1,9,6.0,80224,M,4972458.0,291515.0,80
201600019019,16,12,16,10,3,2,9,9,2.0,80685,M,4970982.0,279700.0,80
201600019020,16,12,17,1855,5,2,2,1,6.0,80561,M,4964660.0,256758.0,80
201600019021,16,1,13,1745,3,2,1,1,6.0,80570,M,4977190.0,248309.0,80
201600019022,16,2,29,700,2,1,2,1,3.0,80652,M,4976950.0,261956.0,80
201600019023,16,3,13,1130,1,2,1,1,6.0,80415,M,4975621.0,260143.0,80
201600019024,16,6,22,1900,1,2,1,8,6.0,80349,M,4971548.0,223090.0,80
201600019025,16,6,26,1300,1,1,2,1,3.0,80752,M,4981657.0,244453.0,80
201600019026,16,6,30,1745,1,1,1,1,7.0,80545,M,4979124.0,254808.0,80
201600019027,16,8,15,1645,1,2,1,1,3.0,80010,M,4975562.0,236592.0,80
201600019028,16,8,26,1500,1,1,1,1,3.0,80452,M,4975572.0,233022.0,80
201600019029,16,8,28,300,3,1,1,1,6.0,80668,M,4978026.0,238304.0,80
201600019030,16,9,7,1745,1,1,1,1,6.0,80570,M,4977113.0,251140.0,80
201600019031,16,9,24,145,3,1,1,1,6.0,80570,M,4979241.0,244332.0,80
201600019032,16,9,24,1630,1,1,1,1,1.0,80094,M,4981379.0,245294.0,80
201600019033,16,9,29,2330,3,1,1,2,6.0,80094,M,4982100.0,246885.0,80
201600019034,16,10,12,1545,1,1,1,1,1.0,80570,M,4979304.0,247163.0,80
201600019035,16,11,25,1750,5,2,1,1,5.0,80010,M,4975799.0,235785.0,80
201600019036,16,12,7,1330,1,2,2,1,3.0,80570,M,4977197.0,248843.0,80
201600019037,16,12,9,1800,3,1,3,8,3.0,80094,M,4981553.0,246047.0,80
201600019038,16,12,15,728,3,1,1,1,6.0,80242,M,4981208.0,250564.0,80
201600019039,16,1,8,630,3,1,1,1,6.0,80801,M,4986179.0,288523.0,80
201600019040,16,3,11,1300,1,1,2,1,3.0,80314,M,5006185.0,282540.0,80
201600019041,16,5,5,930,1,1,3,1,3.0,80240,M,4991566.0,296659.0,80
201600019042,16,8,9,2115,2,2,1,1,1.0,80199,M,4995803.0,288985.0,80
201600019043,16,9,17,2015,5,2,1,1,1.0,80620,M,4993389.0,293291.0,80
201600019044,16,10,14,1615,1,1,1,1,2.0,80294,M,4988524.0,290772.0,80
201600019045,16,12,1,1315,1,1,1,1,7.0,80620,M,4993529.0,295175.0,80
201600019046,16,12,2,700,3,1,1,8,6.0,80141,M,4987636.0,292154.0,80
201600019047,16,12,9,1650,2,1,1,1,1.0,80115,M,4996718.0,292222.0,80
201600019048,16,12,16,1630,2,1,9,1,1.0,80601,M,4999283.0,300871.0,80
201600019049,16,12,19,1700,5,2,1,1,6.0,80620,M,4992910.0,293424.0,80
201600019050,16,12,22,1626,1,2,1,2,1.0,80141,M,4987641.0,292821.0,80
201600019051,16,12,23,2040,3,2,1,1,6.0,80557,M,4987819.0,304710.0,80
201600019052,16,1,6,1530,1,1,1,1,6.0,80680,M,4981670.0,270680.0,80
201600019053,16,2,10,745,2,1,1,2,6.0,80184,M,4988820.0,259945.0,80
201600019054,16,2,29,1645,1,1,2,1,3.0,80116,M,4974474.0,267092.0,80
201600019055,16,4,9,230,3,1,1,1,6.0,80532,M,4990604.0,269029.0,80
201600019056,16,5,6,1715,1,1,3,1,3.0,80530,M,4995330.0,257332.0,80
201600019057,16,5,13,1515,1,1,1,1,7.0,80184,M,4989906.0,261080.0,80
201600019058,16,5,17,1645,1,1,1,1,7.0,80789,M,4983443.0,279034.0,80
201600019059,16,5,21,1445,1,1,1,1,3.0,80644,M,4988346.0,270703.0,80
201600019060,16,6,12,1500,1,1,1,2,3.0,80162,M,4980823.0,264623.0,80
201600019061,16,8,22,1815,1,1,1,1,2.0,80530,M,4993791.0,252857.0,80
201600019062,16,8,23,1900,1,1,2,1,3.0,80116,M,4974473.0,267095.0,80
201600019063,16,9,24,1745,1,1,9,1,7.0,80617,M,4973646.0,269762.0,80
201600019064,16,10,19,1500,1,1,1,1,3.0,80136,M,4996302.0,271802.0,80
201600019065,16,11,18,2100,3,1,2,1,3.0,80647,M,4978817.0,283154.0,80
201600019066,16,11,19,1635,2,2,1,1,3.0,80162,M,4981542.0,264007.0,80
201600019067,16,11,23,1230,1,2,1,1,1.0,80342,M,4986187.0,271449.0,80
201600019068,16,12,5,735,2,1,2,9,3.0,80781,M,4983669.0,270950.0,80
201600019069,16,12,7,1650,2,2,3,1,3.0,80417,M,4984732.0,267267.0,80
201600019070,16,12,11,45,3,1,3,2,3.0,80058,M,4987216.0,261957.0,80
201600019071,16,12,14,900,1,1,2,1,3.0,80288,M,4986919.0,281685.0,80
201600019072,16,12,18,1830,5,2,1,5,7.0,80524,M,4980700.0,272578.0,80
201600019073,16,12,25,1715,2,2,1,2,6.0,80530,M,4995028.0,256491.0,80
201600019074,16,12,28,916,1,1,2,7,3.0,80781,M,4983696.0,270891.0,80
201600019075,16,12,30,945,1,1,1,5,7.0,80743,M,4995624.0,276476.0,80
201600019076,16,1,1,400,5,2,1,1,6.0,80605,M,4976156.0,300881.0,80
201600019077,16,1,2,1730,3,1,1,3,7.0,80284,M,4972630.0,304078.0,80
201600019078,16,4,1,630,2,1,1,1,1.0,80465,M,4975981.0,294633.0,80
201600019079,16,4,6,1215,1,2,1,1,2.0,80579,M,4973901.0,306854.0,80
201600019080,16,4,10,1930,1,2,1,1,2.0,80410,M,4974511.0,307426.0,80
201600019081,16,5,6,1015,1,1,2,7,3.0,80811,M,4975512.0,300595.0,80
201600019082,16,5,21,1415,1,1,4,1,1.0,80442,M,4974634.0,296306.0,80
201600019083,16,8,15,1030,1,1,1,1,5.0,80585,M,4976123.0,293947.0,80
201600019084,16,8,31,1915,1,2,1,1,6.0,80410,M,4974290.0,308288.0,80
201600019085,16,10,30,1925,3,1,1,1,6.0,80585,M,4976367.0,289477.0,80
201600019086,16,11,4,2015,5,2,1,3,6.0,80410,M,4974334.0,306930.0,80
201600019087,16,11,18,1630,1,2,1,1,1.0,80579,M,4973775.0,306842.0,80
201600019088,16,11,23,1115,1,2,2,1,3.0,80519,M,4979223.0,301144.0,80
201600019089,16,6,10,1900,1,1,1,1,3.0,60050,M,4934274.0,262183.0,60
201600019090,16,6,11,230,5,1,1,1,6.0,60102,M,4930303.0,253025.0,60
201600019091,16,6,1,745,1,1,1,2,2.0,19030,M,0.0,0.0,19
201600019092,16,2,7,1945,5,2,1,2,1.0,20305,M,0.0,0.0,202
201600019093,16,2,6,945,2,2,1,1,3.0,20046,M,0.0,0.0,202
201600019094,16,6,20,830,1,1,1,1,1.0,20261,M,4295800.0,940200.0,202
201600019095,16,11,22,945,1,2,9,1,1.0,20046,M,4287048.0,947648.0,202
201600019096,16,5,9,430,3,1,1,1,7.0,20286,M,0.0,0.0,202
201600019097,16,7,10,415,3,1,1,1,6.0,20343,M,0.0,0.0,202
201600019098,16,7,30,1815,1,1,1,1,3.0,20319,M,0.0,0.0,202
201600019099,16,8,2,1400,1,1,1,1,1.0,20125,M,4244470.0,934897.0,202
201600019100,16,12,30,2230,3,1,1,1,6.0,20252,M,4243377.0,944856.0,202
201600019101,16,1,8,645,2,1,1,1,6.0,20049,M,4245800.0,876500.0,202
201600019102,16,1,19,1,3,1,1,2,1.0,20150,M,0.0,0.0,202
201600019103,16,5,20,1845,1,2,1,1,1.0,20050,M,0.0,0.0,202
201600019104,16,5,20,1030,1,1,1,1,3.0,20121,M,0.0,0.0,202
201600019105,16,6,1,1500,1,1,1,3,3.0,20150,M,0.0,0.0,202
201600019106,16,7,16,1200,1,1,1,7,1.0,20049,M,0.0,0.0,202
201600019107,16,8,1,830,1,2,1,1,6.0,20050,M,0.0,0.0,202
201600019108,16,10,15,1700,1,1,1,1,6.0,20150,M,0.0,0.0,202
201600019109,16,10,15,1700,1,1,1,8,1.0,20150,M,4258881.0,883436.0,202
201600019110,16,5,15,1430,1,1,1,8,1.0,20354,M,0.0,0.0,202
201600019111,16,5,22,600,2,1,1,1,6.0,20123,M,0.0,0.0,202
201600019112,16,1,20,1400,1,1,6,1,3.0,31056,M,4366425.0,136059.0,31
201600019113,16,3,13,15,3,1,1,1,1.0,31541,M,4370310.0,134522.0,31
201600019114,16,4,6,1715,1,2,1,1,3.0,31541,M,0.0,0.0,31
201600019115,16,9,13,800,1,1,1,7,3.0,31160,M,0.0,0.0,31
201600019116,16,9,16,1130,1,1,1,1,3.0,31541,M,0.0,0.0,31
201600019117,16,9,17,2000,2,1,3,1,3.0,31032,M,4370700.0,134247.0,31
201600019118,16,9,22,800,1,1,1,1,7.0,31150,M,0.0,0.0,31
201600019119,16,10,6,730,2,1,2,1,3.0,31150,M,4364655.0,133121.0,31
201600019120,16,10,23,1725,1,2,1,1,6.0,31150,M,4365428.0,132406.0,31
201600019121,16,11,2,850,1,1,3,1,3.0,31150,M,4364830.0,134518.0,31
201600019122,16,11,25,230,4,1,1,1,6.0,31150,M,4366171.0,134615.0,31
201600019123,16,11,8,1735,3,2,1,1,3.0,31032,M,4367923.0,131938.0,31
201600019124,16,4,29,645,1,2,1,1,1.0,20271,M,0.0,0.0,201
201600019125,16,4,29,1615,1,1,1,1,1.0,20271,M,4197553.0,882580.0,201
201600019126,16,10,7,1255,1,2,1,1,1.0,20001,M,4198038.0,880392.0,201
201600019127,16,10,21,1600,1,1,9,1,6.0,20271,M,4195776.0,880164.0,201
201600019128,16,11,27,1010,1,1,1,1,3.0,20271,M,4197923.0,883332.0,201
201600019129,16,12,21,1010,1,2,1,1,6.0,20271,M,4196416.0,881441.0,201
201600019130,16,6,17,1330,1,2,1,1,7.0,20326,M,4197571.0,897857.0,201
201600019131,16,6,23,845,1,1,1,1,1.0,20104,M,0.0,0.0,201
201600019132,16,7,3,1015,1,1,1,1,1.0,20085,M,0.0,0.0,201
201600019133,16,10,5,1920,2,1,1,1,3.0,20130,M,4187648.0,894464.0,201
201600019134,16,10,5,1920,5,2,1,1,3.0,20130,M,4189310.0,880633.0,201
201600019135,16,11,5,1400,1,1,1,3,1.0,20130,M,4188523.0,892815.0,201
201600019136,16,12,13,1830,3,1,1,1,1.0,20085,M,4191175.0,887716.0,201
201600019137,16,11,27,1447,1,1,9,1,7.0,20362,M,4171438.0,929788.0,201
201600019138,16,1,31,900,1,1,1,2,6.0,79101,M,4639109.0,-45183.0,79
201600019139,16,2,24,1635,1,2,1,2,6.0,79351,M,4640312.0,-53961.0,79
201600019140,16,3,30,2331,3,1,1,8,6.0,79133,M,4643221.0,-39098.0,79
201600019141,16,7,30,1630,1,1,1,1,6.0,79086,M,4642032.0,-33481.0,79
201600019142,16,7,29,1830,1,1,1,1,3.0,79351,M,4639836.0,-52070.0,79
201600019143,16,10,8,2115,3,1,1,1,3.0,79133,M,4643316.0,-39067.0,79
201600019144,16,11,9,715,3,1,1,2,1.0,79119,M,4652994.0,-51302.0,79
201600019145,16,1,20,1400,1,1,1,1,1.0,79355,M,4631210.0,-38056.0,79
201600019146,16,1,28,1800,3,1,2,1,3.0,79130,M,4624254.0,-52468.0,79
201600019147,16,4,6,1230,1,1,1,1,3.0,79031,M,4620373.0,-46953.0,79
201600019148,16,4,8,1300,1,1,1,1,1.0,79355,M,4630447.0,-36020.0,79
201600019149,16,5,12,1500,1,1,1,1,6.0,79162,M,4631077.0,-57725.0,79
201600019150,16,8,4,1630,1,2,3,1,6.0,79170,M,4619556.0,-67332.0,79