Num_Acc,an,mois,jour,hrmn,lum,agg,int,atm,col,com,gps,lat,long,dep
201600019151,16,8,8,1745,1,1,2,1,3.0,79337,M,4629846.0,-65540.0,79
201600019152,16,10,3,1830,2,1,1,1,3.0,79003,M,,,79
201600019153,16,10,6,1900,2,1,1,1,5.0,79170,M,4618836.0,-67171.0,79
201600019154,16,10,31,730,2,1,1,1,6.0,79130,M,4626000.0,-53830.0,79
201600019155,16,11,27,1545,1,1,1,1,6.0,79137,M,0.0,0.0,79
201600019156,16,1,14,1630,1,1,1,1,1.0,79264,M,4621806.0,-12766.0,79
201600019157,16,1,24,1830,3,2,1,1,6.0,79327,M,4626192.0,-24228.0,79
201600019158,16,3,6,1400,1,1,1,1,6.0,79111,M,4610488.0,-26393.0,79
201600019159,16,8,3,1815,1,1,4,1,1.0,79310,M,4617369.0,-34691.0,79
201600019160,16,8,25,1215,1,1,1,1,1.0,79004,M,4633847.0,-23399.0,79
201600019161,16,8,28,1815,1,1,1,1,6.0,79111,M,4610128.0,-26975.0,79
201600019162,16,9,19,1800,1,1,2,1,3.0,79327,M,4630519.0,-26425.0,79
201600019163,16,9,22,1800,1,1,1,1,1.0,79129,M,4634126.0,-28103.0,79
201600019164,16,9,27,1800,1,1,2,1,3.0,79090,M,4609987.0,-34154.0,79
201600019165,16,10,16,915,1,2,1,1,7.0,79129,M,4632443.0,-30687.0,79
201600019166,16,12,2,15,3,1,1,1,4.0,79061,M,4625250.0,-21240.0,79
201600019167,16,12,6,845,1,1,1,7,1.0,79204,M,4620258.0,-26457.0,79
201600019168,16,2,4,1400,1,1,2,2,3.0,79098,M,4631371.0,-15033.0,79
201600019169,16,3,15,440,3,1,1,1,1.0,79201,M,4642412.0,-4049.0,79
201600019170,16,5,5,2345,3,1,1,1,6.0,79270,M,4640759.0,-20419.0,79
201600019171,16,5,17,1450,1,2,1,7,6.0,79270,M,4641432.0,-20254.0,79
201600019172,16,6,8,1930,1,1,1,1,3.0,79048,M,4634941.0,-30304.0,79
201600019173,16,6,10,200,5,2,1,1,7.0,79189,M,4641947.0,-18404.0,79
201600019174,16,6,12,1600,1,2,2,1,3.0,79270,M,4641321.0,-20240.0,79
201600019175,16,6,24,2015,1,2,1,1,6.0,79024,M,4640579.0,-24110.0,79
201600019176,16,2,4,645,3,1,2,1,3.0,79242,M,4697894.0,-51527.0,79
201600019177,16,3,5,2130,5,2,1,1,2.0,79062,M,4681981.0,-67602.0,79
201600019178,16,4,7,1745,1,2,1,1,6.0,79062,M,4682218.0,-66803.0,79
201600019179,16,4,14,1515,1,1,1,2,6.0,79195,M,4693794.0,-55101.0,79
201600019180,16,6,11,1045,1,1,2,8,3.0,79062,M,4683811.0,-65850.0,79
201600019181,16,7,24,600,2,1,1,1,7.0,79079,M,4695612.0,-75613.0,79
201600019182,16,8,5,1555,1,2,7,1,3.0,79079,M,4692207.0,-74898.0,79
201600019183,16,10,10,1500,1,1,1,1,2.0,79079,M,4694251.0,-75537.0,79
201600019184,16,10,22,1945,5,2,1,1,1.0,79195,M,4695797.0,-59616.0,79
201600019185,16,2,1,530,3,1,2,1,3.0,79161,M,4694298.0,-20354.0,79
201600019186,16,2,6,1530,1,1,1,1,6.0,79063,M,4707991.0,-35912.0,79
201600019187,16,2,8,2200,3,1,1,2,7.0,79277,M,4708552.0,-19710.0,79
201600019188,16,3,26,1930,3,1,1,2,6.0,79196,M,4693961.0,-7594.0,79
201600019189,16,3,26,1600,1,1,1,1,1.0,79299,M,4688300.0,-24100.0,79
201600019190,16,4,12,745,1,1,1,1,5.0,79292,M,4700973.0,-25818.0,79
201600019191,16,4,18,2015,2,1,2,1,3.0,79053,M,4701493.0,-44101.0,79
201600019192,16,5,5,1900,1,1,1,1,1.0,79043,M,0.0,0.0,79
201600019193,16,5,15,1630,1,1,1,1,1.0,79157,M,4702813.0,-19513.0,79
201600019194,16,6,24,2015,1,2,3,1,3.0,79157,M,4700969.0,-19996.0,79
201600019195,16,7,7,1830,1,2,1,1,3.0,79299,M,4689284.0,-23753.0,79
201600019196,16,7,26,1100,1,1,2,1,3.0,79196,M,4690619.0,-9104.0,79
201600019197,16,9,23,2000,3,1,1,1,3.0,79161,M,4694292.0,-20357.0,79
201600019198,16,10,8,400,3,1,1,1,6.0,79014,M,4704706.0,-24003.0,79
201600019199,16,10,23,1800,1,1,1,2,7.0,79013,M,4697849.0,-45794.0,79
201600019200,16,10,30,1130,1,1,1,1,6.0,79277,M,4708817.0,-17249.0,79
201600019201,16,2,9,1700,1,2,1,8,6.0,79202,M,4664792.0,-25391.0,79
201600019202,16,3,14,2130,3,1,1,1,7.0,79354,M,4655382.0,-27028.0,79
201600019203,16,4,22,2230,3,1,1,1,1.0,79339,M,4658863.0,-5872.0,79
201600019204,16,4,23,1730,1,1,1,1,6.0,79080,M,4665627.0,-24929.0,79
201600019205,16,4,29,2135,4,2,2,2,3.0,79080,M,4665933.0,-25424.0,79
201600019206,16,5,7,1650,1,1,2,1,3.0,79285,M,4659070.0,-29127.0,79
201600019207,16,7,4,1830,1,1,1,1,6.0,79029,M,4655538.0,-18975.0,79
201600019208,16,7,4,1435,1,2,1,1,1.0,79145,M,4673118.0,-23687.0,79
201600019209,16,7,20,2230,5,2,6,1,6.0,79202,M,4664430.0,-24894.0,79
201600019210,16,8,27,1945,1,2,3,1,3.0,79202,M,4664235.0,-24260.0,79
201600019211,16,8,31,1435,1,1,1,1,1.0,79118,M,0.0,0.0,79
201600019212,16,9,3,2215,3,1,1,1,1.0,79322,M,4663783.0,-28269.0,79
201600019213,16,9,29,2345,5,2,1,1,6.0,79213,M,4660829.0,-23375.0,79
201600019214,16,10,21,1800,1,1,1,1,6.0,79339,M,4660263.0,-5003.0,79
201600019215,16,10,30,1930,3,1,1,1,6.0,79080,M,4667061.0,-24587.0,79
201600019216,16,11,13,700,3,1,1,2,6.0,79347,M,4669634.0,-24185.0,79
201600019217,16,11,15,630,3,1,1,1,6.0,79322,M,4662234.0,-30976.0,79
201600019218,16,1,15,1130,1,1,1,1,1.0,79005,M,4681369.0,-16705.0,79
201600019219,16,3,11,1805,1,1,2,1,3.0,79005,M,4684811.0,-20880.0,79
201600019220,16,4,18,2200,3,1,1,1,5.0,79135,M,4673183.0,-21130.0,79
201600019221,16,4,18,1900,1,1,1,1,1.0,79047,M,4681733.0,-26277.0,79
201600019222,16,5,2,1945,1,1,2,1,1.0,79005,M,4684822.0,-20884.0,79
201600019223,16,8,3,1930,1,1,1,1,7.0,79016,M,4681539.0,-8518.0,79
201600019224,16,8,15,1145,1,2,1,1,1.0,79268,M,4678653.0,-16443.0,79
201600019225,16,8,18,1845,1,1,1,1,1.0,79120,M,4665380.0,-9583.0,79
201600019226,16,2,19,1930,3,1,1,1,1.0,79311,M,4659580.0,-41739.0,79
201600019227,16,6,22,1215,1,1,2,1,6.0,79076,M,4673733.0,-48268.0,79
201600019228,16,6,28,1645,1,1,1,1,7.0,79179,M,4674245.0,-56368.0,79
201600019229,16,7,10,2045,1,1,1,1,6.0,79025,M,4662548.0,-32240.0,79
201600019230,16,7,19,2015,1,1,1,1,6.0,79190,M,4669062.0,-46447.0,79
201600019231,16,9,6,715,2,1,1,1,6.0,79051,M,4670389.0,-55982.0,79
201600019232,16,11,12,1600,1,1,1,2,6.0,79311,M,4662234.0,-30976.0,79
201600019233,16,12,2,2145,3,1,1,8,6.0,79286,M,4664702.0,-63986.0,79
201600019234,16,12,7,1615,1,1,3,1,3.0,79179,M,0.0,0.0,79
201600019235,16,12,13,1045,1,1,3,5,3.0,79179,M,4674177.0,-56466.0,79
201600019236,16,12,14,700,5,2,3,1,6.0,79094,M,0.0,0.0,79
201600019237,16,12,16,1445,1,2,2,7,6.0,79076,M,4674789.0,-47605.0,79
201600019238,16,12,26,1530,1,2,1,8,7.0,79311,M,4660935.0,-42463.0,79
201600019239,16,5,14,1400,1,2,2,1,3.0,76152,M,4957913.0,122984.0,76
201600019240,16,12,1,1715,3,1,1,1,6.0,76517,M,4952271.0,116258.0,76
201600019241,16,10,14,705,3,1,1,1,1.0,76560,M,4941752.0,121419.0,76
201600019242,16,12,1,835,2,1,2,1,3.0,76591,M,4945175.0,121028.0,76
201600019243,16,12,9,1400,1,1,1,1,6.0,76560,M,4941124.0,120745.0,76
201600019244,16,5,13,415,3,1,1,1,7.0,76133,M,4986762.0,89634.0,76
201600019245,16,8,7,1445,1,2,1,1,7.0,76697,M,4980776.0,117388.0,76
201600019246,16,10,5,1140,1,1,4,1,3.0,76582,M,4985188.0,116333.0,76
201600019247,16,10,9,1930,3,1,1,1,4.0,76570,M,4978055.0,110350.0,76
201600019248,16,11,29,2125,3,1,1,1,7.0,76482,M,4986049.0,102486.0,76
201600019249,16,8,13,1715,1,1,1,1,7.0,76532,M,4960761.0,126832.0,76
201600019250,16,10,21,2110,3,1,1,2,6.0,76648,M,4965865.0,124311.0,76
201600019251,16,10,30,1220,1,1,3,1,6.0,76096,M,4971910.0,106217.0,76
201600019252,16,11,15,2110,3,1,1,2,3.0,76654,M,4967940.0,100356.0,76
201600019253,16,12,6,1315,1,1,4,1,1.0,76700,M,4967893.0,103011.0,76
201600019254,16,12,16,1400,1,1,4,1,3.0,76191,M,4972307.0,115026.0,76
201600019255,16,2,20,645,2,1,1,3,1.0,76115,M,4959018.0,55439.0,76
201600019256,16,3,23,800,1,1,1,1,1.0,76258,M,4966076.0,59295.0,76
201600019257,16,12,22,1300,1,1,1,1,3.0,76592,M,4949458.0,47357.0,76
201600019258,16,1,5,1845,3,1,1,8,6.0,76101,M,4991849.0,162113.0,76
201600019259,16,9,16,745,1,1,1,2,1.0,76048,M,4947367.0,166280.0,76
201600019260,16,10,6,1600,1,2,1,1,6.0,76312,M,4948375.0,172786.0,76
201600019261,16,10,22,1445,1,1,2,7,3.0,76450,M,4944822.0,166734.0,76
201600019262,16,10,30,1540,1,2,1,1,3.0,76260,M,4947852.0,174036.0,76
201600019263,16,12,14,1730,2,1,1,1,1.0,76614,M,4944760.0,97111.0,76
201600019264,16,6,5,245,3,1,1,2,6.0,76419,M,4939142.0,90482.0,76
201600019265,16,9,7,750,1,1,1,1,1.0,76401,M,4944254.0,78871.0,76
201600019266,16,10,5,1350,1,2,1,1,3.0,76222,M,4947029.0,85884.0,76
201600019267,16,10,10,715,3,2,1,5,6.0,76742,M,4950274.0,66922.0,76
201600019268,16,10,13,1900,2,2,1,2,6.0,76709,M,4947474.0,81375.0,76
201600019269,16,10,11,715,2,2,1,5,6.0,76164,M,4952455.0,72382.0,76
201600019270,16,10,19,1700,1,2,1,8,1.0,76709,M,4948118.0,80226.0,76
201600019271,16,10,28,1900,3,1,2,1,6.0,76088,M,4946156.0,90348.0,76
201600019272,16,11,4,1655,2,1,1,3,5.0,76659,M,4954217.0,75363.0,76
201600019273,16,11,23,1915,3,2,1,1,6.0,76222,M,4948323.0,88158.0,76
201600019274,16,12,1,1905,3,1,1,8,6.0,76419,M,4939343.0,87628.0,76
201600019275,16,12,10,1140,1,1,1,1,6.0,76418,M,4954859.0,72199.0,76
201600019276,16,12,11,1635,2,1,3,1,1.0,76750,M,4945923.0,83065.0,76
201600019277,16,12,25,1200,1,1,2,1,3.0,76022,M,4952953.0,63312.0,76
201600019278,16,5,3,1230,1,1,2,1,2.0,76129,M,4972130.0,88536.0,76
201600019279,16,7,28,1945,1,1,1,2,6.0,76251,M,4973620.0,80989.0,76
201600019280,16,10,7,755,1,1,1,1,1.0,76251,M,4972224.0,81847.0,76
201600019281,16,10,31,1405,1,1,6,1,3.0,76198,M,4965669.0,86800.0,76
201600019282,16,12,2,2330,5,2,1,1,6.0,76693,M,4968236.0,20156.0,76
201600019283,16,12,9,1800,3,1,3,1,3.0,76693,M,4969696.0,21946.0,76
201600019284,16,12,13,755,2,1,1,2,1.0,76143,M,4966627.0,35976.0,76
201600019285,16,10,31,1515,1,1,2,1,3.0,76488,M,4978416.0,60983.0,76
201600019286,16,11,3,1730,2,1,2,1,3.0,76569,M,4980804.0,75312.0,76
201600019287,16,10,4,715,2,1,2,1,3.0,76587,M,4977469.0,44490.0,76
201600019288,16,11,15,1455,1,1,1,5,3.0,76670,M,4976909.0,42402.0,76
201600019289,16,12,17,1640,2,1,6,5,6.0,76689,M,4970396.0,50495.0,76
201600019290,16,12,25,200,3,2,1,1,6.0,76686,M,4976338.0,54749.0,76
201600019291,16,12,30,1820,3,1,1,5,3.0,76187,M,4972976.0,43446.0,76
201600019292,16,1,5,845,1,2,1,2,3.0,67276,M,0.0,0.0,67
201600019293,16,6,12,115,3,1,1,1,7.0,67414,M,0.0,0.0,67
201600019294,16,6,11,945,1,1,1,2,7.0,67342,M,0.0,0.0,67
201600019295,16,7,3,1230,1,1,1,1,6.0,67314,M,0.0,0.0,67
201600019296,16,6,26,2100,2,1,1,8,7.0,67165,M,0.0,0.0,67
201600019297,16,11,17,900,1,1,1,8,1.0,67377,M,0.0,0.0,67
201600019298,16,2,18,1415,1,2,1,1,6.0,67234,M,0.0,0.0,67
201600019299,16,7,24,945,1,1,2,1,1.0,78591,M,4890400.0,167200.0,78
201600019300,16,9,9,2015,2,1,1,1,7.0,78192,M,4891300.0,162700.0,78
201600019301,16,1,9,1350,1,1,2,1,3.0,77099,M,4816267.0,270567.0,77
201600019302,16,10,6,1910,2,1,3,1,3.0,77414,M,4861595.0,329345.0,77
201600019303,16,10,22,957,1,1,1,5,1.0,77109,M,4860084.0,321113.0,77
201600019304,16,11,16,1700,3,1,2,2,2.0,77239,M,4869049.0,314855.0,77
201600019305,16,2,22,2315,5,2,1,2,7.0,77076,M,4848653.0,325051.0,77
201600019306,16,4,24,1730,1,2,1,3,3.0,77524,M,4845834.0,315969.0,77
201600019307,16,7,13,1600,1,2,2,1,1.0,77208,M,4849122.0,329135.0,77
201600019308,16,7,22,745,1,2,2,1,1.0,77101,M,4841907.0,309533.0,77
201600019309,16,10,22,2230,3,1,9,5,6.0,77509,M,4848000.0,302448.0,77
201600019310,16,12,13,1530,1,2,1,1,2.0,77051,M,4841771.0,323567.0,77
201600019311,16,4,30,1215,1,1,1,1,1.0,74120,M,0.0,0.0,74
201600019312,16,7,11,1445,1,2,1,1,6.0,74299,M,4585900.0,622300.0,74
201600019313,16,6,5,2055,1,1,1,1,6.0,74194,M,0.0,0.0,74
201600019314,16,4,9,615,2,1,1,8,6.0,74311,M,0.0,0.0,74
201600019315,16,9,8,1715,1,2,7,1,6.0,74241,M,0.0,0.0,74
201600019316,16,9,30,730,2,1,1,1,6.0,74240,M,0.0,0.0,74
201600019317,16,12,30,1345,1,2,4,1,1.0,74311,M,0.0,0.0,74
201600019318,16,9,24,915,1,1,1,1,7.0,74276,M,0.0,0.0,74
201600019319,16,1,3,1150,1,1,1,1,1.0,74128,M,0.0,0.0,74
201600019320,16,1,1,1400,1,1,1,8,1.0,74128,M,0.0,0.0,74
201600019321,16,2,25,1730,1,1,1,1,3.0,74220,M,0.0,0.0,74
201600019322,16,5,3,1800,1,2,1,1,7.0,74220,M,0.0,0.0,74
201600019323,16,5,4,2330,3,1,1,1,2.0,74094,M,0.0,0.0,74
201600019324,16,5,21,1715,1,2,2,1,3.0,74094,M,0.0,0.0,74
201600019325,16,6,28,1015,1,2,2,1,3.0,74094,M,0.0,0.0,74
201600019326,16,7,8,1645,1,1,4,1,3.0,74128,M,0.0,0.0,74
201600019327,16,7,9,15,3,1,1,1,7.0,74229,M,0.0,0.0,74
201600019328,16,7,19,2345,3,2,1,1,3.0,74220,M,0.0,0.0,74
201600019329,16,7,20,1400,1,1,1,1,3.0,74193,M,0.0,0.0,74
201600019330,16,7,28,715,1,2,6,1,7.0,74220,M,0.0,0.0,74
201600019331,16,8,15,2030,2,1,1,1,6.0,74220,M,0.0,0.0,74
201600019332,16,9,27,1615,1,2,4,1,3.0,74211,M,0.0,0.0,74
201600019333,16,10,15,1215,1,1,2,1,1.0,74094,M,0.0,0.0,74
201600019334,16,5,6,1415,1,2,1,1,1.0,74314,M,0.0,0.0,74
201600019335,16,6,12,1130,1,1,6,3,3.0,74245,M,0.0,0.0,74
201600019336,16,8,18,1645,1,1,1,1,6.0,74068,M,0.0,0.0,74
201600019337,16,10,14,1100,1,1,1,3,7.0,74131,M,0.0,0.0,74
201600019338,16,10,14,1600,1,1,1,3,4.0,74184,M,0.0,0.0,74
201600019339,16,10,20,1645,1,1,1,1,1.0,74269,M,0.0,0.0,74
201600019340,16,10,24,1530,1,1,1,1,6.0,74077,M,0.0,0.0,74
201600019341,16,11,7,2015,3,1,1,1,5.0,74086,M,0.0,0.0,74
201600019342,16,12,1,1800,3,1,1,1,5.0,74291,M,0.0,0.0,74
201600019343,16,1,1,530,3,1,1,2,1.0,74173,M,0.0,0.0,74
201600019344,16,5,8,815,1,1,6,1,3.0,74208,M,0.0,0.0,74
201600019345,16,6,13,1815,1,1,1,1,1.0,74208,M,0.0,0.0,74
201600019346,16,6,22,1745,1,1,1,1,2.0,74208,M,0.0,0.0,74
201600019347,16,8,2,2115,2,1,4,1,7.0,74256,M,0.0,0.0,74
201600019348,16,9,10,1030,1,2,1,1,1.0,74256,M,0.0,0.0,74
201600019349,16,11,19,1145,1,1,1,1,1.0,59663,M,0.0,0.0,59
201600019350,16,1,7,1315,1,1,1,1,5.0,59587,M,5080160.0,257320.0,59
201600019351,16,9,18,1015,1,1,1,1,1.0,59662,M,0.0,0.0,59
201600019352,16,2,26,2000,3,1,1,1,1.0,25258,M,4722400.0,592600.0,25
201600019353,16,4,22,1800,1,1,3,1,3.0,25448,M,4727800.0,591100.0,25
201600019354,16,4,29,1730,1,1,1,1,6.0,25510,M,4728509.0,578993.0,25
201600019355,16,8,23,700,1,1,1,1,3.0,25454,M,4725229.0,596261.0,25
201600019356,16,8,29,2015,3,1,1,1,6.0,25258,M,4721564.0,592312.0,25
201600019357,16,9,10,2345,3,1,1,1,1.0,25467,M,4725491.0,594827.0,25
201600019358,16,10,29,1430,1,1,2,1,1.0,25482,M,4726852.0,584099.0,25
201600019359,16,11,12,1745,5,2,6,2,5.0,25258,M,4723001.0,593380.0,25
201600019360,16,11,14,1500,1,1,1,8,6.0,25258,M,4723400.0,592400.0,25
201600019361,16,1,27,45,3,1,1,2,3.0,56158,M,0.0,0.0,56
201600019362,16,3,20,1745,1,1,9,1,3.0,56164,M,4767783.0,-280832.0,56
201600019363,16,8,25,1815,1,1,3,1,3.0,56164,M,0.0,0.0,56
201600019364,16,10,25,2130,5,2,1,8,3.0,56164,M,4766144.0,-280331.0,56
201600019365,16,6,12,245,3,1,1,8,1.0,56223,M,4764451.0,-211861.0,56
201600019366,16,6,14,1800,1,1,1,8,1.0,56001,M,4764455.0,-216331.0,56
201600019367,16,2,13,1545,1,1,2,1,3.0,56155,M,4745612.0,-247030.0,56
201600019368,16,5,16,1515,1,1,1,1,2.0,56030,M,4748846.0,-241256.0,56
201600019369,16,12,26,1015,1,1,1,1,6.0,56004,M,4753705.0,-239252.0,56
201600019370,16,11,20,1945,3,1,1,9,4.0,56231,M,4767352.0,-267873.0,56
201600019371,16,3,19,1930,1,1,1,1,1.0,56205,M,4754882.0,-271856.0,56
201600019372,16,7,17,1415,1,1,1,1,1.0,56205,M,0.0,0.0,56
201600019373,16,7,21,2000,1,2,1,1,6.0,56005,M,4754029.0,-288295.0,56
201600019374,16,8,4,1245,1,2,1,1,4.0,56214,M,0.0,0.0,56
201600019375,16,1,8,815,3,1,1,8,2.0,56034,M,0.0,0.0,56
201600019376,16,2,1,1730,1,2,1,1,6.0,56034,M,4758869.0,-309151.0,56
201600019377,16,2,5,2000,3,1,1,1,6.0,56233,M,4759853.0,-298159.0,56
201600019378,16,3,22,815,1,2,1,1,3.0,56168,M,4759975.0,-311966.0,56
201600019379,16,6,20,1415,1,2,1,3,6.0,56034,M,4758419.0,-308199.0,56
201600019380,16,8,18,215,5,2,1,1,3.0,56034,M,4757573.0,-307776.0,56
201600019381,16,8,25,715,1,2,1,1,3.0,56234,M,0.0,0.0,56
201600019382,16,9,4,245,4,2,1,1,1.0,56234,M,4756793.0,-313455.0,56
201600019383,16,9,25,1145,1,1,1,1,3.0,56234,M,0.0,0.0,56
201600019384,16,10,16,1415,1,2,6,1,3.0,56034,M,4757950.0,-308164.0,56
201600019385,16,11,14,1230,1,1,1,1,1.0,56168,M,4761007.0,-309390.0,56
201600019386,16,1,9,1515,1,1,1,2,3.0,56036,M,0.0,0.0,56
201600019387,16,1,16,945,1,1,1,7,6.0,56179,M,4783597.0,-337857.0,56
201600019388,16,1,19,1845,3,1,1,3,7.0,56078,M,4777682.0,-346766.0,56
201600019389,16,1,30,315,3,1,1,2,6.0,56063,M,0.0,0.0,56
201600019390,16,2,5,2145,5,2,2,1,3.0,56185,M,4778652.0,-341588.0,56
201600019391,16,3,9,1000,1,1,1,2,1.0,56078,M,0.0,0.0,56
201600019392,16,3,13,1515,1,1,1,1,1.0,56185,M,0.0,0.0,56
201600019393,16,3,15,1945,3,1,1,1,7.0,56078,M,0.0,0.0,56
201600019394,16,4,24,930,1,1,1,1,7.0,56166,M,4791674.0,-333243.0,56
201600019395,16,5,6,30,3,1,1,1,1.0,56026,M,0.0,0.0,56
201600019396,16,5,7,2000,1,1,1,1,6.0,56185,M,4777682.0,-339250.0,56
201600019397,16,5,27,2045,2,1,9,1,6.0,56166,M,4791037.0,-332565.0,56
201600019398,16,6,6,1800,1,2,1,1,3.0,56185,M,0.0,0.0,56
201600019399,16,6,22,1615,1,1,1,1,3.0,56036,M,4779807.0,-337380.0,56
201600019400,16,9,1,1500,1,1,1,1,7.0,56078,M,4774577.0,-350480.0,56
201600019401,16,10,25,945,1,1,1,1,3.0,56185,M,0.0,0.0,56
201600019402,16,10,29,1700,1,1,2,1,3.0,56078,M,4779492.0,-350895.0,56
201600019403,16,11,18,2115,5,1,6,2,7.0,56078,M,4777569.0,-351633.0,56
201600019404,16,11,24,2130,3,1,1,1,1.0,56036,M,4780466.0,-336423.0,56
201600019405,16,6,5,915,1,2,1,1,1.0,56013,M,4767419.0,-316946.0,56
201600019406,16,7,24,1800,1,1,1,1,2.0,56119,M,0.0,0.0,56
201600019407,16,8,4,830,1,2,6,1,6.0,56130,M,4773921.0,-322648.0,56
201600019408,16,12,9,1900,5,2,1,1,1.0,56193,M,4771313.0,-331081.0,56
201600019409,16,12,21,1045,1,1,1,2,3.0,56161,M,4766743.0,-307734.0,56
201600019410,16,12,21,1845,3,1,1,2,3.0,56119,M,4766602.0,-309732.0,56
201600019411,16,4,25,745,1,1,1,1,1.0,56080,M,0.0,0.0,56
201600019412,16,6,14,1030,1,1,1,1,1.0,56122,M,0.0,0.0,56
201600019413,16,3,2,1230,1,1,1,1,5.0,56228,M,0.0,0.0,56
201600019414,16,4,8,1830,1,1,1,1,6.0,56159,M,0.0,0.0,56
201600019415,16,5,6,100,3,1,1,1,6.0,56180,M,0.0,0.0,56
201600019416,16,7,4,1445,1,1,1,1,6.0,56136,M,4789511.0,-218965.0,56
201600019417,16,7,7,1745,1,1,1,1,1.0,56075,M,4791124.0,-209528.0,56
201600019418,16,7,10,1200,1,1,1,1,6.0,56075,M,4794453.0,-214459.0,56
201600019419,16,7,25,1930,1,1,2,1,3.0,56075,M,0.0,0.0,56
201600019420,16,10,25,530,3,1,1,5,2.0,56006,M,4793022.0,-224619.0,56
201600019421,16,10,26,1745,1,1,1,1,1.0,56006,M,4792120.0,-229186.0,56
201600019422,16,11,17,1745,5,2,1,3,6.0,56124,M,4780887.0,-238399.0,56
201600019423,16,1,11,1400,1,1,1,2,5.0,56027,M,0.0,0.0,56
201600019424,16,3,4,1745,1,1,1,4,1.0,56236,M,0.0,0.0,56
201600019425,16,12,14,800,5,2,1,1,6.0,56172,M,4783927.0,-264886.0,56
201600019426,16,6,26,930,1,1,2,1,3.0,56141,M,0.0,0.0,56
201600019427,16,7,22,1900,1,1,1,8,1.0,56074,M,0.0,0.0,56
201600019428,16,10,31,1015,1,2,1,1,6.0,56117,M,4788718.0,-283648.0,56
201600019429,16,7,10,1600,1,1,1,2,1.0,56081,M,0.0,0.0,56
201600019430,16,12,5,1600,1,1,1,1,1.0,56057,M,4802651.0,-350032.0,56
201600019431,16,5,10,330,3,2,1,2,1.0,95527,M,4899890.0,251020.0,95
201600019432,16,11,19,1915,2,2,1,8,3.0,95612,M,4899830.0,247550.0,95
201600019433,16,12,7,1700,1,1,1,1,6.0,95612,M,4899550.0,248010.0,95
201600019434,16,8,15,1430,1,2,1,1,6.0,19073,M,0.0,0.0,19
201600019435,16,8,23,1130,1,1,1,1,1.0,19176,M,0.0,0.0,19
201600019436,16,10,24,1730,1,1,1,3,6.0,19079,M,4548500.0,163800.0,19
201600019437,16,10,25,1330,1,1,1,2,6.0,19269,M,4554300.0,180100.0,19
201600019438,16,12,16,1830,3,1,1,1,1.0,19250,M,4550600.0,152100.0,19
201600019439,16,1,6,1100,1,1,1,2,6.0,19273,M,4507000.0,156400.0,19
201600019440,16,4,9,2345,3,1,1,1,6.0,19007,M,0.0,0.0,19
201600019441,16,8,26,1100,1,2,1,1,1.0,19019,M,4497900.0,184000.0,19
201600019442,16,12,3,1800,3,1,1,1,1.0,19150,M,4507700.0,162200.0,19
201600019443,16,11,21,1315,1,1,1,3,6.0,19230,M,4545600.0,144900.0,19
201600019444,16,2,9,1700,1,2,6,1,6.0,19153,M,4526300.0,140700.0,19
201600019445,16,11,8,1715,1,2,1,1,1.0,19153,M,0.0,0.0,19
201600019446,16,1,9,15,3,1,1,2,7.0,56177,M,0.0,0.0,56
201600019447,16,2,15,1630,1,1,1,1,3.0,56094,M,0.0,0.0,56
201600019448,16,2,28,1515,1,2,1,1,6.0,56090,M,4782967.0,-325637.0,56
201600019449,16,5,17,800,1,1,1,1,6.0,56094,M,0.0,0.0,56
201600019450,16,5,23,1430,1,1,1,1,6.0,56101,M,0.0,0.0,56
201600019451,16,6,17,1645,1,2,6,1,6.0,56177,M,0.0,0.0,56
201600019452,16,8,24,1700,1,1,1,1,6.0,56177,M,0.0,0.0,56
201600019453,16,8,25,2300,3,1,1,1,2.0,56021,M,0.0,0.0,56
201600019454,16,8,31,1630,1,1,1,1,3.0,56090,M,4786135.0,-329132.0,56
201600019455,16,9,5,1000,1,1,1,1,1.0,56177,M,0.0,0.0,56
201600019456,16,2,2,1415,5,1,1,2,6.0,59233,M,0.0,0.0,59
201600019457,16,2,16,1045,1,2,1,7,6.0,59464,M,5018876.0,360341.0,59
201600019458,16,12,24,1145,1,1,1,8,3.0,59099,M,0.0,0.0,59
201600019459,16,11,6,600,3,1,9,2,6.0,59562,M,0.0,0.0,59
201600019460,16,6,5,1930,1,1,1,1,1.0,59604,M,0.0,0.0,59
201600019461,16,3,24,1130,1,1,1,1,1.0,51372,M,4890540.0,443604.0,51
201600019462,16,2,19,1315,1,1,1,1,2.0,51627,M,4892485.0,402703.0,51
201600019463,16,3,19,445,3,1,1,1,6.0,51435,M,4891723.0,416202.0,51
201600019464,16,11,26,930,1,1,1,8,6.0,51387,M,4895295.0,391534.0,51
201600019465,16,1,5,1915,3,1,1,2,1.0,51381,M,4894444.0,383990.0,51
201600019466,16,7,31,1945,1,2,1,1,6.0,51380,M,4887039.0,353790.0,51
201600019467,16,10,24,1115,1,1,1,1,6.0,51380,M,4887359.0,357844.0,51
201600019468,16,12,1,1730,3,1,1,1,7.0,51050,M,4884477.0,360866.0,51
201600019469,16,6,21,715,1,2,1,2,3.0,51331,M,4910418.0,411660.0,51
201600019470,16,9,27,1300,1,1,1,1,3.0,51028,M,4905558.0,405300.0,51
201600019471,16,9,27,515,5,1,1,1,2.0,51576,M,4905694.0,412446.0,51
201600019472,16,9,29,2215,5,2,6,1,6.0,51347,M,4904894.0,402163.0,51
201600019473,16,1,8,915,1,2,1,9,5.0,62170,M,0.0,0.0,62
201600019474,16,8,20,2345,3,1,1,2,7.0,62268,M,5067716.0,180524.0,62
201600019475,16,9,30,1715,1,2,1,8,6.0,62773,M,5063571.0,174745.0,62
201600019476,16,10,28,1500,1,1,1,1,6.0,62268,M,5065837.0,183626.0,62