Num_Acc,an,mois,jour,hrmn,lum,agg,int,atm,col,com,gps,lat,long,dep
201600019477,16,5,5,1200,1,1,1,1,1.0,51370,M,4915913.0,487553.0,51
201600019478,16,1,11,845,1,1,1,1,3.0,91617,M,4866100.0,251300.0,91
201600019479,16,2,9,1,3,1,1,1,1.0,91617,M,4866400.0,252000.0,91
201600019480,16,2,19,1745,1,2,1,1,6.0,91573,M,4861307.0,251049.0,91
201600019481,16,5,9,1715,1,2,1,1,1.0,91573,M,4862000.0,250500.0,91
201600019482,16,6,9,830,1,1,1,1,1.0,91617,M,4864591.0,253413.0,91
201600019483,16,8,20,1500,1,2,1,1,3.0,91573,M,4860631.0,250635.0,91
201600019484,16,11,25,1830,5,2,1,1,1.0,91600,M,0.0,0.0,91
201600019485,16,3,17,800,1,1,1,1,5.0,91679,M,4873300.0,213200.0,91
201600019486,16,4,14,1830,1,1,6,2,3.0,91679,M,4872904.0,212748.0,91
201600019487,16,5,14,830,1,2,1,1,6.0,91272,M,4870441.0,211629.0,91
201600019488,16,6,12,1830,1,2,6,2,7.0,91679,M,4872955.0,212794.0,91
201600019489,16,6,15,1500,1,1,1,1,1.0,91538,M,4871174.0,215004.0,91
201600019490,16,6,28,1900,1,1,1,7,3.0,91679,M,4872903.0,213803.0,91
201600019491,16,7,28,815,1,2,2,1,3.0,91272,M,4870480.0,211879.0,91
201600019492,16,10,11,1630,1,2,7,1,6.0,91272,M,4869742.0,212865.0,91
201600019493,16,11,10,1400,1,1,1,2,1.0,91679,M,4873099.0,211925.0,91
201600019494,16,11,30,2030,3,2,1,1,2.0,91538,M,4871400.0,215400.0,91
201600019495,16,5,6,1900,1,1,1,1,3.0,95652,M,4913770.0,237370.0,95
201600019496,16,5,28,1200,1,2,1,1,6.0,95652,M,4912820.0,237020.0,95
201600019497,16,7,10,530,2,1,1,1,5.0,95214,M,4908210.0,241340.0,95
201600019498,16,10,2,1630,1,1,1,1,6.0,95055,M,4909950.0,246910.0,95
201600019499,16,10,19,1000,1,1,1,1,6.0,95365,M,4907130.0,239970.0,95
201600019500,16,1,7,1145,1,2,1,2,6.0,89461,M,4823666.0,356263.0,89
201600019501,16,2,9,930,1,1,1,6,4.0,89261,M,4823610.0,354105.0,89
201600019502,16,3,14,800,1,2,1,1,6.0,89387,M,4814712.0,330726.0,89
201600019503,16,5,27,1745,1,1,1,1,3.0,89387,M,4815555.0,330670.0,89
201600019504,16,8,19,2215,3,1,9,2,1.0,89399,M,4823824.0,331043.0,89
201600019505,16,12,3,1430,1,2,9,1,7.0,89066,M,4812655.0,351837.0,89
201600019506,16,12,12,1900,5,2,1,2,2.0,89399,M,4824705.0,332537.0,89
201600019507,16,12,23,2300,3,1,1,6,7.0,89066,M,4812023.0,353079.0,89
201600019508,16,6,9,1200,1,1,3,1,3.0,04161,M,4439740.0,648081.0,04
201600019509,16,8,13,2000,1,1,1,1,2.0,57605,M,0.0,0.0,57
201600019510,16,10,16,611,3,1,1,5,6.0,57218,M,4902201.0,619885.0,57
201600019511,16,12,15,1735,5,2,1,1,6.0,57655,M,4896448.0,629617.0,57
201600019512,16,10,16,1615,1,1,1,1,6.0,57142,M,0.0,0.0,57
201600019513,16,10,18,1135,1,1,1,1,1.0,57482,M,4911592.0,630872.0,57
201600019514,16,11,22,1630,2,1,2,3,3.0,57482,M,4911775.0,631910.0,57
201600019515,16,11,24,715,2,1,1,8,2.0,57028,M,0.0,0.0,57
201600019516,16,7,31,845,1,1,1,1,7.0,57097,M,0.0,0.0,57
201600019517,16,11,12,1745,2,2,1,1,5.0,57097,M,4918467.0,648348.0,57
201600019518,16,11,17,845,1,1,1,1,7.0,57154,M,0.0,0.0,57
201600019519,16,12,13,1840,3,1,1,1,1.0,57070,M,4923280.0,648834.0,57
201600019520,16,4,12,900,1,1,1,2,5.0,57490,M,0.0,0.0,57
201600019521,16,10,26,1720,1,1,1,1,2.0,57059,M,4890760.0,656121.0,57
201600019522,16,11,13,2000,4,1,1,3,7.0,57040,M,4886226.0,634679.0,57
201600019523,16,12,1,1630,1,1,1,1,6.0,57448,M,4878939.0,659282.0,57
201600019524,16,12,14,1500,1,2,1,1,6.0,57126,M,4878610.0,645868.0,57
201600019525,16,12,23,1015,1,1,1,1,6.0,57236,M,4892162.0,647531.0,57
201600019526,16,10,28,830,2,1,1,5,6.0,57560,M,4892927.0,667728.0,57
201600019527,16,10,28,1230,1,1,1,1,2.0,57398,M,4901846.0,682635.0,57
201600019528,16,12,8,1100,1,2,3,1,6.0,57483,M,4892505.0,664329.0,57
201600019529,16,12,9,1225,1,1,1,1,5.0,57198,M,0.0,0.0,57
201600019530,16,12,14,1250,1,2,1,1,6.0,57483,M,4892555.0,664756.0,57
201600019531,16,12,25,1725,5,2,1,2,7.0,57311,M,4899533.0,683729.0,57
201600019532,16,11,17,2300,3,1,1,2,6.0,57321,M,0.0,0.0,57
201600019533,16,11,24,1708,3,1,1,1,6.0,57374,M,0.0,0.0,57
201600019534,16,11,28,1200,1,1,1,1,6.0,57564,M,4867023.0,683055.0,57
201600019535,16,12,1,1230,1,1,1,1,7.0,57382,M,4877970.0,693962.0,57
201600019536,16,12,24,2250,3,1,1,1,6.0,57564,M,4866716.0,687121.0,57
201600019537,16,9,25,115,5,2,1,1,6.0,57168,M,0.0,0.0,57
201600019538,16,10,31,1430,1,1,3,1,3.0,57163,M,4868583.0,719667.0,57
201600019539,16,11,13,2120,3,1,1,2,6.0,57315,M,4874040.0,720944.0,57
201600019540,16,12,2,800,2,1,1,2,6.0,57618,M,4872358.0,719794.0,57
201600019541,16,12,2,800,2,2,1,5,7.0,57742,M,4867252.0,714067.0,57
201600019542,16,12,6,1900,5,2,6,1,2.0,57540,M,4876679.0,726317.0,57
201600019543,16,12,30,2000,3,1,3,5,3.0,57114,M,4875576.0,714082.0,57
201600019544,16,12,3,300,5,2,1,1,6.0,57499,M,4907675.0,706472.0,57
201600019545,16,1,1,2145,5,1,1,2,6.0,57089,M,0.0,0.0,57
201600019546,16,6,8,2230,1,1,1,1,1.0,57195,M,0.0,0.0,57
201600019547,16,6,8,2245,3,1,1,2,6.0,57089,M,0.0,0.0,57
201600019548,16,9,20,1245,1,1,1,1,6.0,57089,M,0.0,0.0,57
201600019549,16,12,5,1310,1,1,1,5,3.0,57089,M,4904687.0,745190.0,57
201600019550,16,12,7,1030,1,1,1,1,5.0,57541,M,4899618.0,754619.0,57
201600019551,16,12,14,1350,1,2,1,1,6.0,57732,M,4910933.0,734235.0,57
201600019552,16,11,19,230,5,2,1,1,6.0,57269,M,4929462.0,619860.0,57
201600019553,16,4,5,2145,3,1,2,1,5.0,35173,M,4819578.0,-169175.0,35
201600019554,16,7,14,900,1,2,1,1,1.0,35024,M,4818168.0,-164026.0,35
201600019555,16,8,10,2115,1,2,1,1,6.0,35173,M,4822918.0,-169996.0,35
201600019556,16,8,28,2015,1,2,1,1,3.0,35024,M,4818208.0,-164062.0,35
201600019557,16,9,2,1145,1,1,1,1,6.0,35024,M,4819695.0,-166680.0,35
201600019558,16,10,16,2230,3,1,1,9,7.0,35173,M,4821663.0,-171903.0,35
201600019559,16,11,15,805,5,2,1,2,6.0,35024,M,4818107.0,-163652.0,35
201600019560,16,12,11,530,3,1,1,1,6.0,35173,M,4821660.0,-172442.0,35
201600019561,16,12,10,1345,1,1,1,1,7.0,35024,M,4817875.0,-162528.0,35
201600019562,16,12,19,800,2,1,2,8,3.0,35173,M,4822718.0,-170547.0,35
201600019563,16,5,10,1845,1,2,1,1,1.0,31588,M,4352969.0,132906.0,31
201600019564,16,3,28,1400,1,1,1,1,7.0,44071,M,4718140.0,-141337.0,44
201600019565,16,4,17,2015,1,1,6,1,7.0,44009,M,4722026.0,-145333.0,44
201600019566,16,8,27,1915,1,1,6,1,7.0,44009,M,4718766.0,-148735.0,44
201600019567,16,10,13,730,3,1,1,1,6.0,44009,M,4721181.0,-145002.0,44
201600019568,16,3,24,2345,3,1,1,1,1.0,03180,M,0.0,0.0,03
201600019569,16,4,27,530,3,1,1,1,5.0,03180,M,0.0,0.0,03
201600019570,16,5,14,1230,1,1,1,1,2.0,03207,M,0.0,0.0,03
201600019571,16,7,11,1445,1,1,1,1,1.0,03180,M,0.0,0.0,03
201600019572,16,10,11,2030,5,1,1,1,6.0,33003,M,4492455.0,-46450.0,33
201600019573,16,7,25,1800,1,2,1,1,2.0,62792,M,5080993.0,222178.0,62
201600019574,16,9,5,1100,1,1,1,2,1.0,62792,M,5080659.0,222955.0,62
201600019575,16,10,16,1730,1,1,3,2,3.0,62452,M,5070130.0,228386.0,62
201600019576,16,1,11,600,2,2,1,8,3.0,83116,M,0.0,0.0,83
201600019577,16,2,4,1530,1,1,1,1,3.0,83140,M,0.0,0.0,83
201600019578,16,2,4,2230,5,2,1,1,6.0,83021,M,0.0,0.0,83
201600019579,16,2,29,930,1,1,1,1,1.0,83087,M,4338548.0,575064.0,83
201600019580,16,4,14,315,3,1,1,2,6.0,83116,M,0.0,0.0,83
201600019581,16,6,11,915,1,1,1,1,2.0,83087,M,0.0,0.0,83
201600019582,16,6,14,1645,1,1,1,1,7.0,83140,M,4367000.0,557300.0,83
201600019583,16,6,15,1815,1,1,1,3,7.0,83087,M,0.0,0.0,83
201600019584,16,6,15,1945,1,1,1,1,1.0,83087,M,0.0,0.0,83
201600019585,16,6,30,1215,1,1,1,1,6.0,83125,M,0.0,0.0,83
201600019586,16,7,7,1545,1,1,1,1,1.0,83140,M,0.0,0.0,83
201600019587,16,7,26,1900,1,1,1,1,1.0,83097,M,0.0,0.0,83
201600019588,16,12,6,1345,1,2,1,1,1.0,83093,M,4332615.0,572566.0,83
201600019589,16,1,15,1545,1,1,1,1,7.0,83026,M,0.0,0.0,83
201600019590,16,4,9,2100,3,1,1,1,6.0,83073,M,0.0,0.0,83
201600019591,16,6,1,1015,1,2,6,1,6.0,83031,M,4965700.0,655200.0,83
201600019592,16,6,11,2115,3,1,1,1,6.0,83057,M,4337829.0,623758.0,83
201600019593,16,7,23,930,1,1,1,1,1.0,83073,M,0.0,0.0,83
201600019594,16,7,24,1045,1,1,1,1,1.0,83073,M,0.0,0.0,83
201600019595,16,7,30,930,1,2,7,1,6.0,83018,M,0.0,0.0,83
201600019596,16,9,28,1345,1,1,1,1,3.0,83092,M,4330094.0,622557.0,83
201600019597,16,10,5,1445,1,1,1,1,6.0,83073,M,4365800.0,652200.0,83
201600019598,16,11,2,1545,2,1,1,1,3.0,83073,M,4361700.0,636800.0,83
201600019599,16,11,14,130,3,1,1,2,6.0,83031,M,4371100.0,655400.0,83
201600019600,16,12,1,1715,2,2,1,1,1.0,83073,M,4339135.0,630037.0,83
201600019601,16,3,27,1200,1,1,2,8,1.0,74199,M,0.0,0.0,74
201600019602,16,4,10,1945,2,2,1,1,1.0,74163,M,0.0,0.0,74
201600019603,16,4,15,2230,5,1,1,8,2.0,74048,M,0.0,0.0,74
201600019604,16,4,13,1915,1,2,2,3,3.0,74210,M,0.0,0.0,74
201600019605,16,6,16,1945,1,1,2,1,3.0,74025,M,0.0,0.0,74
201600019606,16,6,24,1745,1,2,1,1,3.0,74105,M,0.0,0.0,74
201600019607,16,6,29,1900,1,2,4,1,3.0,74048,M,0.0,0.0,74
201600019608,16,7,2,115,5,2,3,2,3.0,74105,M,0.0,0.0,74
201600019609,16,7,1,1045,1,1,4,1,3.0,74048,M,0.0,0.0,74
201600019610,16,7,18,830,1,2,1,1,5.0,74263,M,0.0,0.0,74
201600019611,16,8,5,1515,1,1,1,2,3.0,74025,M,0.0,0.0,74
201600019612,16,8,27,350,3,2,3,1,6.0,74070,M,0.0,0.0,74
201600019613,16,9,3,1815,1,1,1,1,1.0,74263,M,0.0,0.0,74
201600019614,16,9,22,1245,1,2,4,1,3.0,74070,M,0.0,0.0,74
201600019615,16,9,27,645,2,1,1,1,2.0,74171,M,0.0,0.0,74
201600019616,16,10,3,645,2,2,2,1,2.0,74180,M,0.0,0.0,74
201600019617,16,10,3,1800,1,2,3,1,3.0,74105,M,0.0,0.0,74
201600019618,16,10,9,1800,1,1,1,1,6.0,74157,M,0.0,0.0,74
201600019619,16,12,18,1915,1,1,3,1,1.0,74048,M,0.0,0.0,74
201600019620,16,1,21,1015,1,1,1,5,3.0,24139,M,4513580.0,61013.0,24
201600019621,16,1,27,1745,2,1,1,1,6.0,24295,M,4513600.0,60892.0,24
201600019622,16,4,10,1415,1,1,1,1,1.0,24449,M,4498510.0,17942.0,24
201600019623,16,4,19,2245,3,1,1,1,1.0,24449,M,4500380.0,25718.0,24
201600019624,16,4,21,1015,1,1,1,3,6.0,24059,M,4502130.0,37796.0,24
201600019625,16,4,30,30,3,1,1,1,6.0,24029,M,4500800.0,28106.0,24
201600019626,16,6,20,1700,1,2,2,1,7.0,24294,M,4500980.0,15933.0,24
201600019627,16,8,9,1330,1,1,1,1,7.0,24444,M,4504960.0,41948.0,24
201600019628,16,10,3,1645,1,1,1,1,6.0,24462,M,4500920.0,30377.0,24
201600019629,16,11,2,730,2,1,1,1,6.0,24139,M,4513830.0,60061.0,24
201600019630,16,1,15,900,1,2,1,1,6.0,34309,M,4368860.0,392892.0,34
201600019631,16,1,17,1500,1,1,1,1,1.0,34217,M,4371900.0,386838.0,34
201600019632,16,1,31,1345,1,2,1,8,6.0,34118,M,4372460.0,392568.0,34
201600019633,16,3,25,1645,1,1,1,1,5.0,34169,M,4365070.0,386360.0,34
201600019634,16,3,31,1715,1,2,1,1,2.0,34217,M,4368800.0,385800.0,34
201600019635,16,6,24,1915,1,2,1,1,3.0,34120,M,4366630.0,390773.0,34
201600019636,16,7,8,1945,1,1,1,1,1.0,34118,M,4372550.0,391253.0,34
201600019637,16,7,25,1200,1,1,1,1,2.0,34118,M,4373700.0,390500.0,34
201600019638,16,9,5,1215,1,1,6,1,1.0,34120,M,4365970.0,390140.0,34
201600019639,16,9,14,1815,1,1,1,1,6.0,34217,M,4372140.0,386867.0,34
201600019640,16,10,5,1600,1,1,1,1,5.0,34309,M,4370240.0,394193.0,34
201600019641,16,10,20,1300,1,2,1,1,3.0,34169,M,4365970.0,386327.0,34
201600019642,16,10,28,1600,1,2,7,7,6.0,34120,M,4365600.0,390300.0,34
201600019643,16,1,4,1000,1,2,1,8,6.0,16291,M,4567651.0,21965.0,16
201600019644,16,10,31,1515,1,2,1,1,7.0,16113,M,,,16
201600019645,16,11,3,1940,5,2,1,1,1.0,16015,M,4565109.0,11734.0,16
201600019646,16,11,13,1100,1,2,1,2,6.0,16166,M,4566114.0,18384.0,16
201600019647,16,12,17,1750,3,2,3,1,1.0,16358,M,4566432.0,13606.0,16
201600019648,16,12,27,2155,5,2,3,1,1.0,16113,M,4561107.0,9611.0,16
201600019649,16,12,22,1730,2,1,1,1,1.0,16291,M,4569523.0,26371.0,16
201600019650,16,12,5,1405,1,2,1,1,6.0,16015,M,4565635.0,18169.0,16
201600019651,16,12,2,1856,5,2,1,1,1.0,16166,M,4566507.0,20085.0,16
201600019652,16,1,30,1345,1,2,1,1,6.0,16015,M,4564799.0,16973.0,16
201600019653,16,3,9,145,3,1,1,1,6.0,16113,M,4562269.0,10761.0,16
201600019654,16,3,12,1750,2,2,1,1,6.0,16015,M,4566196.0,15498.0,16
201600019655,16,1,14,745,2,2,1,1,6.0,16015,M,4563015.0,15374.0,16
201600019656,16,1,13,830,2,1,1,8,7.0,16113,M,4561856.0,14556.0,16
201600019657,16,1,13,830,2,1,1,8,7.0,16271,M,4562026.0,14558.0,16
201600019658,16,2,19,645,3,1,1,1,7.0,16374,M,4562598.0,19616.0,16
201600019659,16,4,26,1058,1,1,1,2,4.0,16113,M,4561794.0,10164.0,16
201600019660,16,4,21,1620,1,2,1,3,6.0,16015,M,4565669.0,18229.0,16
201600019661,16,3,23,1430,1,2,6,1,3.0,16015,M,4565035.0,14459.0,16
201600019662,16,5,26,1910,1,1,1,1,6.0,16113,M,4562031.0,11427.0,16
201600019663,16,5,19,2020,1,2,1,1,7.0,16015,M,4564829.0,11936.0,16
201600019664,16,5,21,500,3,2,1,1,6.0,16015,M,4565497.0,16845.0,16
201600019665,16,3,15,830,2,2,1,1,6.0,16015,M,4565563.0,15909.0,16
201600019666,16,6,2,1226,1,2,1,1,6.0,16015,M,4564923.0,16274.0,16
201600019667,16,6,3,1455,1,1,1,1,6.0,16374,M,4563630.0,20758.0,16
201600019668,16,6,8,1100,1,2,1,1,3.0,16166,M,4566401.0,19614.0,16
201600019669,16,4,3,350,5,2,1,1,6.0,16015,M,4565104.0,11744.0,16
201600019670,16,6,16,1735,1,1,1,1,1.0,16015,M,4565254.0,10397.0,16
201600019671,16,9,4,1800,1,2,1,1,6.0,16166,M,4565089.0,19589.0,16
201600019672,16,5,30,1000,1,2,1,1,5.0,16341,M,4563482.0,12517.0,16
201600019673,16,5,15,1530,1,2,1,1,6.0,16015,M,4564880.0,16283.0,16
201600019674,16,9,16,1810,1,1,1,1,1.0,16291,M,4569421.0,26246.0,16
201600019675,16,9,10,645,2,2,1,1,1.0,16154,M,4567982.0,17341.0,16
201600019676,16,10,8,1450,1,2,1,1,7.0,16015,M,4563535.0,12645.0,16
201600019677,16,10,5,2130,5,2,1,1,7.0,16015,M,4563724.0,12864.0,16
201600019678,16,10,11,1350,1,2,1,1,3.0,16015,M,4563711.0,13173.0,16
201600019679,16,7,3,1800,1,2,1,1,2.0,16015,M,4566061.0,16263.0,16
201600019680,16,8,20,714,1,2,1,1,6.0,16015,M,4564801.0,15506.0,16
201600019681,16,8,20,745,1,2,6,1,6.0,16015,M,4566004.0,16529.0,16
201600019682,16,8,2,1330,1,2,1,1,6.0,16374,M,4564218.0,19074.0,16
201600019683,16,10,25,1740,1,1,1,2,1.0,16271,M,4563724.0,1286.0,16
201600019684,16,11,25,2230,5,2,1,8,1.0,16015,M,4565539.0,14847.0,16
201600019685,16,9,6,1834,2,2,1,1,6.0,16015,M,4565005.0,16119.0,16
201600019686,16,11,12,1655,2,2,1,1,6.0,16015,M,4563173.0,15389.0,16
201600019687,16,12,19,1840,5,2,1,1,6.0,16015,M,4563913.0,13606.0,16
201600019688,16,12,16,1040,1,2,1,1,6.0,16089,M,4568373.0,30639.0,16
201600019689,16,4,19,1515,1,2,6,1,3.0,16089,M,4567757.0,-30854.0,16
201600019690,16,5,30,755,1,2,1,2,3.0,16102,M,4569192.0,-31877.0,16
201600019691,16,6,17,2315,5,2,2,1,3.0,16102,M,4568839.0,-31898.0,16
201600019692,16,6,20,1550,1,2,1,1,5.0,16089,M,4568187.0,-29847.0,16
201600019693,16,7,5,1355,1,2,1,1,1.0,16089,M,4568234.0,-30753.0,16
201600019694,16,8,22,1105,1,2,4,1,3.0,16102,M,4568392.0,-34017.0,16
201600019695,16,9,4,1130,1,2,6,1,3.0,16089,M,4566818.0,-32804.0,16
201600019696,16,9,26,800,2,2,3,1,3.0,16102,M,4569134.0,-32919.0,16
201600019697,16,10,5,1320,1,2,2,1,6.0,16102,M,4568996.0,-31937.0,16
201600019698,16,10,6,1745,2,2,1,1,6.0,16102,M,4569296.0,-32584.0,16
201600019699,16,11,21,815,2,2,2,1,3.0,16102,M,4668727.0,-31059.0,16
201600019700,16,5,24,1715,1,1,1,1,1.0,77069,M,4845859.0,261307.0,77
201600019701,16,8,12,2300,3,1,1,1,6.0,77069,M,4848519.0,262803.0,77
201600019702,16,12,12,1545,1,1,3,1,3.0,77425,M,4843904.0,256295.0,77
201600019703,16,7,7,645,1,2,1,1,3.0,69100,M,0.0,0.0,69
201600019704,16,7,22,2245,4,2,1,8,6.0,69100,M,0.0,0.0,69
201600019705,16,9,11,700,1,2,1,1,7.0,69260,M,0.0,0.0,69
201600019706,16,10,25,1820,2,2,1,2,6.0,69260,M,4563894.0,480719.0,69
201600019707,16,3,5,1700,1,2,3,1,3.0,59335,M,5047100.0,339500.0,59
201600019708,16,2,4,1600,1,2,6,1,6.0,66189,M,4270101.0,289235.0,66
201600019709,16,6,5,1630,1,1,1,1,7.0,66186,M,4266424.0,299188.0,66
201600019710,16,12,17,45,4,1,1,2,7.0,66189,M,0.0,0.0,66
201600019711,16,1,23,1100,1,2,1,1,1.0,60471,M,4958495.0,300002.0,60
201600019712,16,8,18,1954,1,1,1,1,7.0,05071,M,4441801.0,597972.0,05
201600019713,16,12,3,1655,1,2,6,1,7.0,17449,M,4595050.0,-89616.0,17
201600019714,16,2,11,715,5,2,1,2,6.0,17299,M,4594952.0,-95647.0,17
201600019715,16,12,14,1505,1,2,1,1,6.0,17299,M,4595664.0,-97746.0,17
201600019716,16,3,19,1410,1,1,1,1,2.0,17299,M,4591635.0,-96624.0,17
201600019717,16,12,26,1755,5,2,2,1,3.0,17299,M,4594483.0,-95774.0,17
201600019718,16,4,2,1030,1,2,3,1,3.0,17449,M,4595129.0,-89056.0,17
201600019719,16,12,30,1140,1,2,1,1,6.0,17449,M,4594815.0,-91274.0,17
201600019720,16,4,8,1055,1,2,1,1,2.0,17299,M,4594923.0,-97658.0,17
201600019721,16,4,15,1525,1,2,1,1,3.0,17299,M,4594164.0,-96437.0,17
201600019722,16,5,14,1715,1,2,1,1,2.0,17299,M,4595594.0,-95547.0,17
201600019723,16,5,25,1105,1,2,2,1,3.0,17299,M,4593881.0,-96281.0,17
201600019724,16,5,28,2110,1,2,1,1,7.0,17449,M,4595216.0,-87825.0,17
201600019725,16,5,31,855,1,2,1,1,3.0,17449,M,4595004.0,-92536.0,17
201600019726,16,6,12,1955,1,2,2,1,3.0,17299,M,4594822.0,96752.0,17
201600019727,16,6,13,2150,2,2,2,1,7.0,17299,M,4592776.0,95685.0,17
201600019728,16,7,5,1935,1,2,1,1,7.0,17449,M,4594980.0,-92343.0,17
201600019729,16,7,7,1535,1,2,2,1,3.0,17299,M,4593330.0,96185.0,17
201600019730,16,7,9,830,1,2,1,1,7.0,17299,M,4593545.0,98047.0,17
201600019731,16,7,11,1730,1,1,1,1,2.0,17299,M,4593325.0,-98366.0,17
201600019732,16,7,30,1720,1,2,1,1,7.0,17299,M,4594513.0,-95703.0,17
201600019733,16,8,16,1940,1,2,2,1,3.0,17299,M,4593562.0,-96241.0,17
201600019734,16,8,10,1930,1,1,1,1,1.0,17449,M,4595303.0,-87595.0,17
201600019735,16,9,3,1635,1,1,1,1,7.0,17449,M,4596210.0,-92820.0,17
201600019736,16,9,23,1220,1,2,1,1,2.0,17299,M,4593277.0,-96638.0,17
201600019737,16,10,5,1250,1,2,1,1,6.0,17299,M,4594328.0,-96064.0,17
201600019738,16,10,13,400,5,2,6,1,7.0,17299,M,4595582.0,-97803.0,17
201600019739,16,10,15,1630,1,2,1,1,7.0,17299,M,4595465.0,-94514.0,17
201600019740,16,11,9,135,5,2,1,3,7.0,17299,M,4594451.0,-95915.0,17
201600019741,16,11,9,1110,1,2,1,2,6.0,17299,M,4594724.0,-96593.0,17
201600019742,16,11,25,1715,2,1,1,1,1.0,17299,M,4595164.0,-93288.0,17
201600019743,16,12,2,825,2,2,1,1,7.0,17449,M,4595174.0,-89618.0,17
201600019744,16,12,30,135,5,2,2,1,6.0,17300,M,4616649.0,-113746.0,17
201600019745,16,1,1,1657,1,2,1,1,3.0,17300,M,4613839.0,-115182.0,17
201600019746,16,12,31,1811,3,1,1,1,2.0,17291,M,4617921.0,-109664.0,17
201600019747,16,1,3,1900,4,1,1,3,4.0,17291,M,4617920.0,-109663.0,17
201600019748,16,1,3,2000,4,1,1,3,2.0,17291,M,4617558.0,-110875.0,17
201600019749,16,1,3,2000,5,1,1,3,4.0,17291,M,4617205.0,-112005.0,17
201600019750,16,1,4,710,4,2,1,2,7.0,17300,M,4616241.0,-114218.0,17
201600019751,16,1,4,1830,5,2,2,2,6.0,17300,M,4616772.0,-117598.0,17
201600019752,16,1,6,1115,1,2,1,1,6.0,17300,M,4616966.0,-114666.0,17
201600019753,16,1,6,2025,5,2,2,2,3.0,17300,M,4615045.0,-114621.0,17
201600019754,16,1,7,800,2,2,1,2,7.0,17300,M,4616374.0,-117162.0,17
201600019755,16,1,7,1500,1,2,1,1,6.0,17300,M,4616477.0,-117525.0,17
201600019756,16,1,8,1350,1,2,1,2,2.0,17300,M,4616351.0,-116887.0,17
201600019757,16,1,10,1326,1,2,2,2,3.0,17300,M,4616177.0,-114671.0,17
201600019758,16,1,12,1840,5,2,1,3,1.0,17200,M,4618311.0,-115296.0,17
201600019759,16,1,14,745,5,1,1,1,7.0,17291,M,4617883.0,-112882.0,17
201600019760,16,1,19,1730,1,2,2,1,6.0,17291,M,4617234.0,-112443.0,17
201600019761,16,1,20,1220,1,1,1,1,2.0,17028,M,4612089.0,-110954.0,17
201600019762,16,1,23,2130,5,2,1,1,6.0,17300,M,4614111.0,-116135.0,17
201600019763,16,1,25,1515,1,1,1,1,4.0,17300,M,4616926.0,-112058.0,17
201600019764,16,1,26,1740,1,1,1,1,6.0,17300,M,4617318.0,-121765.0,17
201600019765,16,1,27,110,5,2,1,1,2.0,17028,M,4614010.0,-113326.0,17
201600019766,16,1,28,800,2,2,2,2,3.0,17300,M,4614825.0,-115509.0,17
201600019767,16,1,31,1900,5,2,1,1,6.0,17274,M,4615509.0,-109602.0,17
201600019768,16,2,1,1135,1,2,1,1,5.0,17028,M,4614078.0,-113686.0,17
201600019769,16,2,2,950,1,2,1,1,2.0,17300,M,4615806.0,-115311.0,17
201600019770,16,2,2,1840,5,1,1,2,2.0,17291,M,4617920.0,-109667.0,17
201600019771,16,2,2,1850,5,2,6,2,6.0,17028,M,4613637.0,-112477.0,17
201600019772,16,2,3,800,1,2,3,2,3.0,17300,M,4617140.0,-117701.0,17
201600019773,16,2,3,1946,2,2,1,1,2.0,17291,M,4617697.0,-111522.0,17
201600019774,16,2,5,1147,1,2,1,1,6.0,17200,M,4617337.0,-116125.0,17
201600019775,16,2,6,937,1,2,1,2,7.0,17291,M,4618059.0,-111621.0,17
201600019776,16,2,6,2310,5,1,1,1,6.0,17300,M,4617621.0,-121162.0,17
201600019777,16,2,8,2024,5,2,2,1,3.0,17300,M,4616900.0,-117183.0,17
201600019778,16,2,9,1415,1,2,2,1,6.0,17300,M,4616364.0,-115201.0,17
201600019779,16,2,10,1010,1,2,1,2,6.0,17200,M,4617379.0,-116640.0,17
201600019780,16,2,11,430,5,2,1,2,2.0,17300,M,4615621.0,-114153.0,17
201600019781,16,2,11,1900,1,2,1,1,1.0,17291,M,4618358.0,-111984.0,17
201600019782,16,2,12,950,1,2,1,1,6.0,17300,M,4614174.0,-115862.0,17
201600019783,16,2,12,1630,1,2,1,1,6.0,17300,M,4616010.0,-114100.0,17
201600019784,16,2,12,1715,1,2,1,1,2.0,17300,M,4615817.0,-115108.0,17
201600019785,16,2,22,1920,5,2,1,2,3.0,17300,M,4615807.0,-115071.0,17
201600019786,16,2,28,430,5,2,1,1,6.0,17300,M,4616146.0,-115839.0,17
201600019787,16,3,1,1910,2,1,1,1,7.0,17028,M,4612085.0,-110936.0,17
201600019788,16,3,2,800,1,2,1,2,3.0,17300,M,4616039.0,-114930.0,17
201600019789,16,3,2,1750,1,2,1,1,3.0,17200,M,4617341.0,-116099.0,17
201600019790,16,3,3,1148,1,1,1,1,7.0,17274,M,4615436.0,-111235.0,17
201600019791,16,3,4,1615,1,2,1,1,2.0,17200,M,4617748.0,-115166.0,17
201600019792,16,3,9,1810,1,2,1,2,1.0,17274,M,4615259.0,-111260.0,17
201600019793,16,3,16,805,1,2,1,1,3.0,17028,M,4613041.0,-109811.0,17
201600019794,16,3,16,1720,1,2,1,1,6.0,17300,M,4616314.0,-115061.0,17
201600019795,16,3,18,1250,1,2,1,1,2.0,17300,M,4616659.0,-117861.0,17
201600019796,16,3,21,1605,1,2,1,1,6.0,17300,M,4616038.0,-112870.0,17