Num_Acc,an,mois,jour,hrmn,lum,agg,int,atm,col,com,gps,lat,long,dep
201600019797,16,3,24,1550,1,2,2,1,3.0,17300,M,4616519.0,-117501.0,17
201600019798,16,3,27,1740,1,2,1,2,2.0,17300,M,4616538.0,-113669.0,17
201600019799,16,3,27,1840,1,2,6,1,3.0,17300,M,4616746.0,-114022.0,17
201600019800,16,4,1,1740,1,2,1,1,2.0,17300,M,4616809.0,-113232.0,17
201600019801,16,4,1,2220,5,2,1,1,5.0,17300,M,4614973.0,-114720.0,17
201600019802,16,4,3,1620,1,1,1,1,2.0,17291,M,4617919.0,-109657.0,17
201600019803,16,4,3,2325,5,2,1,2,6.0,17200,M,4617866.0,-115259.0,17
201600019804,16,4,4,900,1,2,1,1,4.0,17300,M,4613861.0,-114935.0,17
201600019805,16,4,4,1735,1,2,1,2,6.0,17300,M,4616349.0,-116899.0,17
201600019806,16,4,6,745,1,2,6,1,6.0,17300,M,4616453.0,-118173.0,17
201600019807,16,4,6,1525,1,2,2,1,6.0,17300,M,4615869.0,-115964.0,17
201600019808,16,4,10,620,3,1,1,1,2.0,17291,M,4617185.0,-112081.0,17
201600019809,16,4,11,1200,1,2,1,1,2.0,17300,M,4616017.0,-119434.0,17
201600019810,16,4,12,130,5,2,1,1,6.0,17300,M,4616079.0,-117256.0,17
201600019811,16,4,12,1250,1,2,3,1,3.0,17300,M,4616309.0,-115432.0,17
201600019812,16,4,12,1810,1,2,1,1,4.0,17300,M,4615685.0,-112206.0,17
201600019813,16,4,12,1910,1,2,3,1,6.0,17300,M,4615037.0,-114611.0,17
201600019814,16,4,13,1810,1,2,1,1,4.0,17300,M,4615686.0,-112208.0,17
201600019815,16,4,14,945,1,2,1,1,6.0,17300,M,4615817.0,-114978.0,17
201600019816,16,4,14,1915,1,2,1,2,6.0,17300,M,4615701.0,-114994.0,17
201600019817,16,4,15,525,1,2,1,1,6.0,17200,M,4617222.0,-116325.0,17
201600019818,16,4,15,1440,1,2,3,1,1.0,17300,M,4616241.0,-115852.0,17
201600019819,16,4,16,853,1,2,3,1,3.0,17300,M,4616422.0,-120274.0,17
201600019820,16,4,18,950,1,2,3,1,3.0,17300,M,4616664.0,-118317.0,17
201600019821,16,4,23,1945,1,1,1,1,1.0,17300,M,4618202.0,-117334.0,17
201600019822,16,5,3,1854,1,2,1,1,1.0,17300,M,4616287.0,-114600.0,17
201600019823,16,5,3,1905,1,2,1,1,1.0,17300,M,4615139.0,-115409.0,17
201600019824,16,5,3,2340,3,1,1,1,6.0,17291,M,4617920.0,-109666.0,17
201600019825,16,5,6,1129,1,2,1,1,3.0,17300,M,4615133.0,-115411.0,17
201600019826,16,5,9,1639,1,2,1,1,1.0,17291,M,4617562.0,-111582.0,17
201600019827,16,5,11,155,5,2,1,1,6.0,17300,M,4615556.0,-115844.0,17
201600019828,16,5,16,2140,5,2,1,1,7.0,17300,M,4616149.0,-117601.0,17
201600019829,16,5,17,955,1,2,1,1,2.0,17300,M,4616523.0,-119206.0,17
201600019830,16,5,18,1505,1,2,1,2,2.0,17300,M,4615622.0,-113110.0,17
201600019831,16,5,20,2210,1,1,2,1,3.0,17300,M,4615866.0,-115952.0,17
201600019832,16,5,22,1,5,2,1,1,6.0,17300,M,4615383.0,-114848.0,17
201600019833,16,5,23,805,1,2,1,1,7.0,17300,M,4614711.0,-115515.0,17
201600019834,16,5,23,910,1,2,1,1,3.0,17300,M,4616518.0,-120154.0,17
201600019835,16,5,23,1839,2,2,1,1,1.0,17300,M,4617153.0,-119581.0,17
201600019836,16,5,24,820,1,2,1,1,4.0,17274,M,4616242.0,-109175.0,17
201600019837,16,5,26,1400,1,2,1,1,6.0,17274,M,4615529.0,-108830.0,17
201600019838,16,5,27,855,1,1,1,1,3.0,17274,M,4615263.0,-110863.0,17
201600019839,16,5,27,1025,1,2,1,1,3.0,17291,M,4617617.0,-111337.0,17
201600019840,16,5,29,2145,5,2,1,1,7.0,17300,M,4616408.0,-118190.0,17
201600019841,16,5,31,1658,1,1,1,1,2.0,17028,M,4613730.0,-110346.0,17
201600019842,16,6,3,1040,1,2,1,1,3.0,17300,M,4616275.0,-115238.0,17
201600019843,16,6,3,1453,1,2,1,1,3.0,17300,M,4616912.0,-114946.0,17
201600019844,16,6,6,1825,1,2,1,1,3.0,17028,M,4614030.0,-111095.0,17
201600019845,16,6,8,1720,1,1,1,1,6.0,17300,M,4617597.0,-121502.0,17
201600019846,16,6,8,2000,1,2,2,1,3.0,17300,M,4616174.0,-114670.0,17
201600019847,16,6,10,1205,1,2,1,1,1.0,17300,M,4615870.0,-120347.0,17
201600019848,16,6,11,1605,1,2,1,1,2.0,17300,M,4615780.0,-109232.0,17
201600019849,16,6,13,1328,1,1,1,1,2.0,17028,M,4613292.0,-111215.0,17
201600019850,16,6,13,1840,1,2,1,1,6.0,17300,M,4615620.0,-113053.0,17
201600019851,16,6,16,1615,1,2,1,1,2.0,17300,M,4615081.0,-120539.0,17
201600019852,16,6,17,1430,1,2,2,1,3.0,17300,M,4616424.0,-120274.0,17
201600019853,16,6,19,1620,1,2,2,1,3.0,17300,M,4616425.0,-120268.0,17
201600019854,16,6,20,1035,1,2,1,1,2.0,17300,M,4616284.0,-116237.0,17
201600019855,16,6,21,1335,1,2,1,1,5.0,17300,M,4616671.0,-113654.0,17
201600019856,16,6,21,2350,5,2,2,1,3.0,17300,M,4615796.0,-114229.0,17
201600019857,16,6,23,145,5,2,1,1,6.0,17028,M,4613107.0,-112245.0,17
201600019858,16,6,23,1650,1,2,1,1,3.0,17300,M,4616736.0,-113461.0,17
201600019859,16,6,23,1840,1,2,2,1,3.0,17300,M,4616685.0,-116399.0,17
201600019860,16,6,24,910,1,2,2,1,3.0,17300,M,4613877.0,-114813.0,17
201600019861,16,6,25,1200,1,2,2,1,3.0,17300,M,4615939.0,-117963.0,17
201600019862,16,6,25,1530,1,2,2,1,3.0,17300,M,4614841.0,-115337.0,17
201600019863,16,6,26,530,5,2,1,1,6.0,17300,M,4615598.0,-116584.0,17
201600019864,16,6,28,910,1,2,1,1,2.0,17291,M,4617811.0,-112398.0,17
201600019865,16,6,28,1211,1,2,3,2,3.0,17300,M,4614693.0,-114322.0,17
201600019866,16,6,28,1300,1,2,2,2,1.0,17300,M,4615502.0,-114959.0,17
201600019867,16,6,28,1733,1,1,1,1,4.0,17028,M,4612085.0,-110936.0,17
201600019868,16,6,28,2340,5,1,1,1,5.0,17291,M,4617547.0,-110869.0,17
201600019869,16,7,1,923,1,2,1,1,6.0,17291,M,4617717.0,-111558.0,17
201600019870,16,7,3,1530,1,2,1,1,6.0,17300,M,4614788.0,-114335.0,17
201600019871,16,7,5,1640,1,1,1,1,4.0,17291,M,4617557.0,-110875.0,17
201600019872,16,7,5,1909,1,2,1,1,3.0,17300,M,4616003.0,-114110.0,17
201600019873,16,7,6,830,1,2,1,1,3.0,17200,M,4618987.0,-114492.0,17
201600019874,16,7,6,1625,1,2,3,1,3.0,17300,M,4616867.0,-114985.0,17
201600019875,16,7,8,1007,1,2,1,1,3.0,17300,M,4616803.0,-113250.0,17
201600019876,16,7,14,1730,1,2,1,1,6.0,17300,M,4615320.0,-114581.0,17
201600019877,16,7,16,1032,1,1,1,1,6.0,17300,M,4617182.0,-112082.0,17
201600019878,16,7,17,300,5,2,1,1,6.0,17300,M,4616680.0,-113662.0,17
201600019879,16,7,17,405,5,1,1,1,2.0,17291,M,4617219.0,-112015.0,17
201600019880,16,7,17,1215,1,2,1,1,4.0,17300,M,4616431.0,-120192.0,17
201600019881,16,7,18,1640,1,2,1,1,3.0,17291,M,4617762.0,-111350.0,17
201600019882,16,7,21,1835,1,2,6,1,6.0,17300,M,4615403.0,-114716.0,17
201600019883,16,7,21,1830,1,1,1,1,1.0,17274,M,4616854.0,-164520.0,17
201600019884,16,7,25,1945,1,2,1,1,7.0,17300,M,4614245.0,-114996.0,17
201600019885,16,7,26,1311,1,2,2,1,3.0,17300,M,4614921.0,-115879.0,17
201600019886,16,7,26,1415,1,2,4,1,3.0,17300,M,4615830.0,-114451.0,17
201600019887,16,7,26,1418,1,2,2,1,3.0,17300,M,4616423.0,-115180.0,17
201600019888,16,7,30,1055,1,2,1,1,3.0,17300,M,4614860.0,-116083.0,17
201600019889,16,8,1,1455,1,2,1,1,2.0,17300,M,4614089.0,-116196.0,17
201600019890,16,8,2,1415,1,1,1,1,2.0,17300,M,4617221.0,-112012.0,17
201600019891,16,8,2,1945,1,2,2,1,3.0,17300,M,4615968.0,-116573.0,17
201600019892,16,8,3,1109,1,2,1,1,2.0,17200,M,4617928.0,-115959.0,17
201600019893,16,8,4,1840,1,2,2,1,3.0,17300,M,4617140.0,-117700.0,17
201600019894,16,8,9,1559,1,2,1,1,6.0,17300,M,4616542.0,-120505.0,17
201600019895,16,8,10,800,1,1,1,1,2.0,17028,M,4613729.0,-110345.0,17
201600019896,16,8,11,2155,5,2,2,1,3.0,17300,M,4616245.0,-115849.0,17
201600019897,16,8,22,1832,1,2,3,1,3.0,17300,M,4616272.0,-116147.0,17
201600019898,16,8,22,1951,1,2,6,1,6.0,17300,M,4616749.0,-114037.0,17
201600019899,16,8,24,1556,1,2,1,1,6.0,17300,M,4616684.0,-113614.0,17
201600019900,16,8,27,1242,1,2,1,1,6.0,17291,M,4617460.0,-111700.0,17
201600019901,16,8,28,1847,1,2,1,1,6.0,17300,M,4615584.0,-117059.0,17
201600019902,16,8,29,1220,1,2,3,1,2.0,17300,M,4616916.0,-112913.0,17
201600019903,16,8,30,1110,1,2,1,1,2.0,17028,M,4613220.0,-110989.0,17
201600019904,16,8,30,1908,1,2,1,1,3.0,17300,M,4616365.0,-112533.0,17
201600019905,16,8,30,2215,5,2,3,1,3.0,17028,M,4613814.0,-112939.0,17
201600019906,16,9,2,906,1,2,2,1,6.0,17300,M,4615209.0,-112429.0,17
201600019907,16,9,4,1507,1,1,1,1,2.0,17300,M,4617707.0,-121169.0,17
201600019908,16,9,4,2150,5,2,1,1,7.0,17300,M,4614734.0,-115527.0,17
201600019909,16,9,4,2300,5,2,1,1,6.0,17300,M,4616029.0,-115339.0,17
201600019910,16,9,6,815,1,2,1,1,2.0,17300,M,4616616.0,-112568.0,17
201600019911,16,9,6,1810,1,2,1,1,7.0,17200,M,4617860.0,-115242.0,17
201600019912,16,9,10,1751,1,2,9,1,3.0,17300,M,4616251.0,-112129.0,17
201600019913,16,9,11,1824,1,1,1,1,6.0,17200,M,4619353.0,-114128.0,17
201600019914,16,9,15,2350,5,2,1,1,7.0,17300,M,4615082.0,-115263.0,17
201600019915,16,9,15,1633,1,2,2,1,2.0,17300,M,4616960.0,-116989.0,17
201600019916,16,9,23,1640,1,2,3,1,3.0,17300,M,4615312.0,-114629.0,17
201600019917,16,9,23,1822,1,1,1,1,4.0,17300,M,4617368.0,-117828.0,17
201600019918,16,9,24,345,5,2,1,1,6.0,17028,M,4613165.0,-110447.0,17
201600019919,16,9,24,1700,1,2,1,1,7.0,17300,M,4616572.0,-115385.0,17
201600019920,16,9,25,50,5,2,1,1,2.0,17300,M,4614859.0,-114392.0,17
201600019921,16,9,25,1400,1,2,1,1,3.0,17300,M,4616514.0,-119284.0,17
201600019922,16,9,27,2100,5,2,3,1,3.0,17300,M,4617139.0,-117700.0,17
201600019923,16,9,28,1122,1,2,1,1,3.0,17300,M,4615580.0,-117047.0,17
201600019924,16,9,28,2340,5,2,1,1,6.0,17300,M,4614778.0,-114331.0,17
201600019925,16,9,29,851,1,2,2,1,3.0,17300,M,4616749.0,-109320.0,17
201600019926,16,9,30,1320,1,2,1,1,6.0,17300,M,4616029.0,-115572.0,17
201600019927,16,10,2,550,2,2,1,1,7.0,17300,M,4616144.0,-118352.0,17
201600019928,16,10,2,1620,1,2,2,1,3.0,17300,M,4616150.0,-116392.0,17
201600019929,16,10,4,1345,1,2,3,1,3.0,17300,M,4615782.0,-114457.0,17
201600019930,16,10,5,800,1,2,1,1,6.0,17300,M,4616294.0,-115141.0,17
201600019931,16,10,5,1725,1,2,1,1,3.0,17300,M,4616383.0,-117230.0,17
201600019932,16,10,6,1538,1,2,2,1,1.0,17300,M,4614104.0,-114127.0,17
201600019933,16,10,6,1719,1,1,1,1,6.0,17028,M,4613731.0,-110345.0,17
201600019934,16,10,7,1721,1,1,1,1,2.0,17291,M,4617160.0,-112071.0,17
201600019935,16,10,7,1819,1,1,1,1,2.0,17028,M,4612086.0,-110935.0,17
201600019936,16,10,8,2300,5,2,1,1,6.0,17300,M,4616798.0,-119508.0,17
201600019937,16,10,11,1705,1,2,1,1,6.0,17300,M,4614809.0,-114344.0,17
201600019938,16,10,12,1200,1,2,2,1,6.0,17300,M,4616304.0,-109540.0,17
201600019939,16,10,12,1846,1,2,2,1,6.0,17300,M,4616354.0,-115468.0,17
201600019940,16,10,14,1815,1,2,3,1,3.0,17300,M,4616938.0,-112148.0,17
201600019941,16,10,14,2330,5,2,1,1,6.0,17200,M,4617821.0,-115326.0,17
201600019942,16,10,15,1630,1,1,6,1,3.0,17291,M,4617359.0,-111201.0,17
201600019943,16,10,16,340,5,2,1,1,6.0,17300,M,4616351.0,-116977.0,17
201600019944,16,10,17,915,1,2,6,1,3.0,17300,M,4616134.0,-118303.0,17
201600019945,16,10,17,1730,1,2,2,1,1.0,17300,M,4616166.0,-114549.0,17
201600019946,16,10,18,1825,1,2,1,1,6.0,17300,M,4616048.0,-114838.0,17
201600019947,16,10,20,820,1,2,1,1,6.0,17300,M,4616356.0,-113834.0,17
201600019948,16,10,22,1740,1,1,6,1,6.0,17274,M,4615434.0,-111233.0,17
201600019949,16,10,24,935,1,1,1,2,6.0,17300,M,4617105.0,-119055.0,17
201600019950,16,10,26,1630,1,2,4,1,3.0,17300,M,4617021.0,-115229.0,17
201600019951,16,10,28,900,1,2,1,1,7.0,17300,M,4616212.0,-115542.0,17
201600019952,16,11,2,920,1,2,2,1,6.0,17300,M,4615944.0,-116416.0,17
201600019953,16,11,2,1653,1,2,1,1,2.0,17028,M,4612087.0,-110935.0,17
201600019954,16,11,4,2100,5,2,1,2,3.0,17300,M,4616248.0,-115867.0,17
201600019955,16,11,5,1725,1,2,3,1,3.0,17300,M,4617082.0,-118653.0,17
201600019956,16,11,5,2310,5,2,2,1,3.0,17300,M,4615795.0,-114231.0,17
201600019957,16,11,6,2145,5,2,2,1,1.0,17300,M,4615870.0,-115950.0,17
201600019958,16,11,6,2216,5,1,1,1,6.0,17291,M,4617738.0,-110227.0,17
201600019959,16,11,8,1015,1,1,4,1,4.0,17200,M,4618068.0,-114771.0,17
201600019960,16,11,9,834,2,2,2,6,3.0,17300,M,4616430.0,-120177.0,17
201600019961,16,11,9,1713,1,2,2,1,3.0,17300,M,4614991.0,-115555.0,17
201600019962,16,11,13,1020,1,2,2,1,2.0,17200,M,4618614.0,-115096.0,17
201600019963,16,11,16,1806,5,2,1,1,6.0,17300,M,4616661.0,-114113.0,17
201600019964,16,11,17,1837,5,2,1,1,6.0,17300,M,4615028.0,-115289.0,17
201600019965,16,11,18,749,5,2,1,2,6.0,17300,M,4615692.0,-114229.0,17
201600019966,16,11,18,756,5,2,1,1,3.0,17300,M,4614461.0,-115295.0,17
201600019967,16,11,18,831,1,1,1,1,4.0,17291,M,4617192.0,-112086.0,17
201600019968,16,11,18,1749,2,2,1,2,2.0,17200,M,4617820.0,115339.0,17
201600019969,16,11,20,2320,5,2,1,2,3.0,17300,M,4616924.0,-112882.0,17
201600019970,16,11,23,2235,5,2,1,2,6.0,17300,M,4615881.0,-114979.0,17
201600019971,16,11,24,1116,1,1,1,2,3.0,17028,M,4613730.0,-110347.0,17
201600019972,16,11,24,1802,5,2,1,1,6.0,17300,M,4615666.0,-111865.0,17
201600019973,16,11,25,855,1,2,1,1,3.0,17300,M,4614613.0,-115436.0,17
201600019974,16,11,27,2040,5,1,1,1,1.0,17028,M,4612087.0,-110935.0,17
201600019975,16,11,25,1230,1,1,1,1,3.0,17028,M,4613413.0,-112028.0,17
201600019976,16,11,30,810,1,2,1,1,3.0,17300,M,4617347.0,-115036.0,17
201600019977,16,12,1,430,1,1,1,1,5.0,17291,M,4617919.0,-109662.0,17
201600019978,16,12,3,539,3,1,1,9,7.0,17200,M,4619596.0,-115660.0,17
201600019979,16,12,4,1105,1,2,2,1,3.0,17300,M,4616312.0,-116515.0,17
201600019980,16,12,5,1532,1,2,1,1,2.0,17291,M,4617737.0,-111595.0,17
201600019981,16,12,7,1535,1,2,1,1,6.0,17028,M,4612704.0,-109856.0,17
201600019982,16,12,9,921,1,2,2,1,3.0,17200,M,4618950.0,-114297.0,17
201600019983,16,12,10,2240,5,2,2,1,3.0,17300,M,4619512.0,-112099.0,17
201600019984,16,12,12,1157,1,2,1,1,3.0,17291,M,4617711.0,-111559.0,17
201600019985,16,12,12,1532,1,1,1,1,7.0,17291,M,4617184.0,-112080.0,17
201600019986,16,12,12,1647,1,2,1,1,6.0,17200,M,4617478.0,-116681.0,17
201600019987,16,12,15,1552,1,2,1,1,3.0,17300,M,4616369.0,-117610.0,17
201600019988,16,12,16,130,5,2,1,2,7.0,17300,M,4615483.0,-113601.0,17
201600019989,16,12,16,1057,1,2,1,1,3.0,17300,M,4614648.0,-115239.0,17
201600019990,16,12,16,1906,5,2,1,1,2.0,17300,M,4616419.0,-117551.0,17
201600019991,16,12,22,1,5,2,1,3,2.0,17300,M,4615157.0,-113967.0,17
201600019992,16,12,22,1355,1,2,1,2,3.0,17300,M,4616823.0,-113192.0,17
201600019993,16,12,29,1135,1,2,1,1,3.0,17300,M,4616459.0,-118119.0,17
201600019994,16,11,2,1805,1,2,1,1,6.0,17306,M,4562478.0,-102429.0,17
201600019995,16,11,23,820,1,2,6,1,6.0,17333,M,4560750.0,-99242.0,17
201600019996,16,10,5,140,5,2,1,1,6.0,17306,M,4561943.0,-103169.0,17
201600019997,16,1,3,1235,1,2,1,1,6.0,17380,M,4564423.0,-109120.0,17
201600019998,16,1,8,1810,5,2,1,1,6.0,17306,M,4562390.0,-101436.0,17
201600019999,16,1,8,2259,5,2,1,1,6.0,17461,M,4565256.0,-104296.0,17
201600020000,16,1,12,1434,1,2,3,1,3.0,17306,M,4563359.0,-103704.0,17
201600020001,16,1,15,1145,1,2,1,1,6.0,17306,M,4563720.0,-102250.0,17
201600020002,16,1,18,1150,1,2,6,1,6.0,17306,M,4562560.0,-104964.0,17
201600020003,16,1,15,1215,1,2,1,1,2.0,17306,M,4562869.0,-99493.0,17
201600020004,16,2,2,1650,1,2,1,1,2.0,17306,M,4562274.0,-103100.0,17
201600020005,16,2,5,1305,1,1,1,1,6.0,17461,M,4565112.0,-104920.0,17
201600020006,16,2,12,1057,1,2,1,1,6.0,17306,M,4562478.0,-102904.0,17
201600020007,16,2,14,35,3,1,1,1,1.0,17306,M,4563852.0,-102144.0,17
201600020008,16,3,1,1515,1,2,1,1,3.0,17306,M,4562742.0,-104289.0,17
201600020009,16,4,5,2145,5,2,2,1,3.0,17461,M,4564831.0,-106317.0,17
201600020010,16,4,11,1500,1,2,2,1,3.0,17306,M,4562675.0,-104352.0,17
201600020011,16,4,17,1140,1,1,1,1,3.0,17380,M,4566499.0,-113775.0,17
201600020012,16,4,24,1340,1,2,1,1,1.0,17306,M,4563582.0,-103473.0,17
201600020013,16,5,4,1001,1,1,1,1,6.0,17333,M,4559311.0,-97060.0,17
201600020014,16,5,8,1215,1,2,1,1,6.0,17306,M,4562918.0,-103748.0,17
201600020015,16,5,8,2239,5,2,1,1,7.0,17306,M,4561638.0,-100914.0,17
201600020016,16,5,11,1040,1,2,2,1,3.0,17306,M,4564896.0,-102444.0,17
201600020017,16,5,15,1922,1,2,1,1,5.0,17461,M,4563352.0,-106570.0,17
201600020018,16,5,19,2311,3,2,1,1,6.0,17380,M,4567289.0,-114578.0,17
201600020019,16,5,21,1045,1,2,3,1,6.0,17333,M,4560547.0,-97169.0,17
201600020020,16,5,21,1303,1,2,6,1,3.0,17306,M,4563638.0,-102873.0,17
201600020021,16,6,5,745,2,2,1,1,6.0,17306,M,4562797.0,-105294.0,17
201600020022,16,6,9,1650,1,1,1,1,1.0,17380,M,4565612.0,-109375.0,17
201600020023,16,6,9,1720,1,2,1,1,2.0,17306,M,4562361.0,-101298.0,17
201600020024,16,6,19,1025,1,2,1,1,6.0,17306,M,4562642.0,-105071.0,17
201600020025,16,6,21,1130,1,2,1,1,7.0,17306,M,4563503.0,-103512.0,17
201600020026,16,6,22,1810,1,2,3,1,3.0,17306,M,4563176.0,-103767.0,17
201600020027,16,6,30,1830,1,2,1,1,2.0,17306,M,4561378.0,-101081.0,17
201600020028,16,7,4,2155,1,2,5,1,1.0,17306,M,4563193.0,-103169.0,17
201600020029,16,7,9,755,1,2,1,1,2.0,17306,M,4562463.0,-102493.0,17
201600020030,16,7,11,725,1,1,2,1,3.0,17380,M,4565387.0,-110362.0,17
201600020031,16,7,12,220,5,1,1,1,1.0,17380,M,4565673.0,-109118.0,17
201600020032,16,7,12,2240,5,1,1,1,4.0,17306,M,4563941.0,-102611.0,17
201600020033,16,7,17,1630,1,1,1,1,4.0,17333,M,4560883.0,-97636.0,17
201600020034,16,7,19,1110,1,2,1,1,6.0,17306,M,4562558.0,-103053.0,17
201600020035,16,7,19,1130,1,2,1,1,6.0,17306,M,4561903.0,-101662.0,17
201600020036,16,7,20,2345,5,2,6,1,6.0,17461,M,4537516.0,-103214.0,17
201600020037,16,7,22,1025,1,1,1,1,2.0,17306,M,4563781.0,-101974.0,17
201600020038,16,7,31,1245,1,1,1,1,3.0,17306,M,4562932.0,-100397.0,17
201600020039,16,8,2,1625,1,1,1,1,1.0,17380,M,4566276.0,-107738.0,17
201600020040,16,8,3,1458,1,2,1,1,6.0,17380,M,4564555.0,-107422.0,17
201600020041,16,8,4,2340,5,2,1,1,2.0,17306,M,4562503.0,-104765.0,17
201600020042,16,8,5,1830,1,2,6,1,3.0,17306,M,4563185.0,-103192.0,17
201600020043,16,8,8,1754,1,2,1,1,2.0,17306,M,4561949.0,-101721.0,17
201600020044,16,8,8,1815,1,2,1,1,2.0,17306,M,4564230.0,-102476.0,17
201600020045,16,8,9,1750,1,2,1,1,3.0,17306,M,4562686.0,-101875.0,17
201600020046,16,8,12,1045,1,1,1,1,3.0,17380,M,4564767.0,-111138.0,17
201600020047,16,8,15,2350,5,2,1,1,3.0,17306,M,4562486.0,-102559.0,17
201600020048,16,8,20,1050,1,2,1,1,6.0,17380,M,4564717.0,-109710.0,17
201600020049,16,8,22,918,1,2,1,1,6.0,17306,M,4562519.0,-102797.0,17
201600020050,16,8,26,1918,1,2,1,1,6.0,17306,M,4562070.0,-103070.0,17
201600020051,16,8,28,859,1,2,1,1,6.0,17306,M,4563834.0,-102719.0,17
201600020052,16,8,31,1430,1,2,4,1,3.0,17306,M,4563038.0,-103232.0,17
201600020053,16,9,3,600,1,2,1,1,6.0,17333,M,4560181.0,-100107.0,17
201600020054,16,9,5,1910,1,2,1,1,6.0,17306,M,4562368.0,-103150.0,17
201600020055,16,9,23,915,1,2,1,1,3.0,17306,M,4563167.0,-98753.0,17
201600020056,16,10,6,1430,1,2,1,1,6.0,17306,M,4562296.0,-102899.0,17
201600020057,16,10,7,1010,1,1,1,1,3.0,17306,M,4564907.0,-102445.0,17
201600020058,16,10,7,1720,1,2,1,1,6.0,17333,M,4561216.0,-99091.0,17
201600020059,16,10,19,1540,1,2,1,1,2.0,17461,M,4563807.0,-105952.0,17
201600020060,16,10,26,1742,1,2,1,1,3.0,17306,M,4563043.0,-99212.0,17
201600020061,16,10,27,1405,1,2,6,1,6.0,17333,M,4560467.0,-98174.0,17
201600020062,16,10,28,855,1,2,1,1,6.0,17306,M,4563341.0,-98064.0,17
201600020063,16,10,29,945,1,2,1,1,6.0,17461,M,4564473.0,-106065.0,17
201600020064,16,10,31,930,1,2,3,1,3.0,17306,M,4565152.0,-102388.0,17
201600020065,16,11,3,1815,1,2,6,1,6.0,17333,M,,,17
201600020066,16,11,12,1812,1,1,1,1,4.0,17306,M,4562474.0,-102675.0,17
201600020067,16,11,14,1810,1,2,1,1,6.0,17306,M,4562494.0,-102335.0,17
201600020068,16,11,17,845,1,2,2,1,3.0,17461,M,4564728.0,-105814.0,17
201600020069,16,11,18,830,5,2,2,1,3.0,17306,M,4562592.0,-103081.0,17
201600020070,16,11,21,1605,1,1,1,1,5.0,17306,M,4563222.0,-100932.0,17
201600020071,16,11,24,1027,1,2,1,1,6.0,17306,M,4562566.0,-100014.0,17
201600020072,16,11,24,1115,1,2,2,1,3.0,17333,M,4560461.0,-99904.0,17
201600020073,16,11,28,915,1,2,1,1,6.0,17306,M,4562178.0,-102009.0,17
201600020074,16,11,29,950,1,2,6,1,3.0,17380,M,4564438.0,-109128.0,17
201600020075,16,11,29,1352,1,2,3,1,3.0,17306,M,4563791.0,-103995.0,17
201600020076,16,12,3,1830,1,2,1,1,6.0,17333,M,4560613.0,-100825.0,17
201600020077,16,12,16,1810,1,2,1,1,6.0,17306,M,4562527.0,-99864.0,17
201600020078,16,1,14,1315,1,1,1,4,6.0,27085,M,4930666.0,80846.0,27
201600020079,16,2,23,1645,1,2,1,1,6.0,27056,M,4908445.0,59149.0,27
201600020080,16,5,9,830,1,1,1,1,3.0,27131,M,4915477.0,68535.0,27
201600020081,16,6,20,915,1,1,1,2,1.0,27253,M,4915482.0,72572.0,27
201600020082,16,9,10,1330,1,1,2,1,3.0,27050,M,4909086.0,79923.0,27
201600020083,16,10,29,500,3,1,1,1,1.0,27251,M,4910238.0,69368.0,27
201600020084,16,10,30,1145,1,1,1,1,6.0,27463,M,4915141.0,62016.0,27
201600020085,16,11,6,1915,3,1,1,1,2.0,27552,M,4900520.0,44269.0,27
201600020086,16,11,27,1730,2,1,1,1,1.0,27695,M,4914689.0,84976.0,27
201600020087,16,11,25,1705,1,2,7,8,7.0,40246,M,4414871.0,-74068.0,40
201600020088,16,3,6,1830,3,1,1,2,6.0,61462,M,4870762.0,-5034.0,61
201600020089,16,4,17,1615,1,1,1,1,6.0,61256,M,4865999.0,7692.0,61
201600020090,16,5,30,1600,1,1,1,8,6.0,61385,M,4882641.0,35606.0,61
201600020091,16,6,11,730,2,1,1,1,7.0,61282,M,4889969.0,39269.0,61
201600020092,16,8,19,15,3,1,1,1,2.0,61181,M,4877801.0,31250.0,61
201600020093,16,11,15,730,2,1,9,5,6.0,61461,M,4884911.0,37390.0,61
201600020094,16,11,18,1630,1,1,1,8,6.0,61275,M,4869179.0,23760.0,61
201600020095,16,11,25,1115,1,1,1,1,6.0,61310,M,4870234.0,24444.0,61
201600020096,16,12,11,1415,1,1,1,1,6.0,61511,M,4869156.0,-1018.0,61
201600020097,16,12,12,740,2,1,1,9,7.0,61173,M,4872337.0,-5953.0,61
201600020098,16,12,31,2345,5,2,1,1,6.0,17415,M,4574163.0,-63656.0,17
201600020099,16,1,1,1610,2,2,1,1,2.0,17415,M,4574675.0,-61824.0,17
201600020100,16,1,2,1845,5,2,1,1,3.0,17415,M,4574497.0,-63881.0,17
201600020101,16,1,6,1630,2,2,6,1,2.0,17415,M,4573371.0,-64555.0,17
201600020102,16,1,7,1820,2,2,1,1,3.0,17415,M,4575761.0,-64484.0,17
201600020103,16,1,12,1805,2,2,3,1,3.0,17415,M,4573980.0,-61928.0,17