Num_Acc,an,mois,jour,hrmn,lum,agg,int,atm,col,com,gps,lat,long,dep
201600020104,16,1,12,1855,5,2,1,2,6.0,17415,M,4574652.0,-62609.0,17
201600020105,16,1,14,1340,1,1,1,1,4.0,17415,M,4572289.0,-63993.0,17
201600020106,16,1,22,1535,1,1,1,1,2.0,17415,M,4574573.0,-59351.0,17
201600020107,16,1,24,500,1,1,1,1,2.0,17415,M,4574064.0,-62299.0,17
201600020108,16,2,5,1330,1,2,3,1,6.0,17415,M,4574391.0,-62071.0,17
201600020109,16,2,5,1915,5,2,1,1,3.0,17415,M,4575409.0,-65481.0,17
201600020110,16,2,18,1640,1,2,1,1,6.0,17415,M,4574661.0,-62292.0,17
201600020111,16,2,19,1333,1,2,6,1,1.0,17415,M,4574099.0,-62240.0,17
201600020112,16,3,4,925,1,1,1,1,1.0,17415,M,4572427.0,-68313.0,17
201600020113,16,3,18,1640,1,2,6,1,3.0,17415,M,4574791.0,-65868.0,17
201600020114,16,3,25,1625,1,1,1,1,2.0,17415,M,4571205.0,-69840.0,17
201600020115,16,3,28,1845,2,2,1,1,2.0,17415,M,4575185.0,-65036.0,17
201600020116,16,4,1,1835,1,2,1,1,1.0,17415,M,4574691.0,-61477.0,17
201600020117,16,4,4,400,5,2,2,1,3.0,17415,M,4574703.0,-63050.0,17
201600020118,16,4,8,1800,1,2,2,1,3.0,17415,M,4574819.0,-63909.0,17
201600020119,16,4,11,1925,2,2,6,1,3.0,17415,M,4574563.0,-62041.0,17
201600020120,16,4,13,2325,5,2,1,1,6.0,17415,M,4573605.0,-64444.0,17
201600020121,16,4,20,1415,1,2,2,1,1.0,17415,M,4574453.0,-62718.0,17
201600020122,16,4,27,1250,1,2,1,1,3.0,17415,M,4575392.0,-65446.0,17
201600020123,16,4,29,1050,1,2,3,1,3.0,17415,M,4574638.0,-61848.0,17
201600020124,16,5,7,2000,2,1,1,1,6.0,17415,M,4578525.0,-65221.0,17
201600020125,16,5,12,915,1,1,3,1,1.0,17415,M,4574303.0,-66878.0,17
201600020126,16,5,19,1540,1,1,1,1,6.0,17415,M,4573014.0,-62242.0,17
201600020127,16,6,1,1900,1,2,1,1,2.0,17415,M,4574679.0,-62643.0,17
201600020128,16,6,3,1425,1,1,1,1,5.0,17415,M,4575240.0,-65154.0,17
201600020129,16,6,9,1530,1,2,1,1,2.0,17415,M,4574984.0,-66671.0,17
201600020130,16,6,24,1155,1,2,2,1,2.0,17415,M,4574704.0,-63047.0,17
201600020131,16,7,9,1650,1,2,3,1,3.0,17415,M,4574517.0,-63867.0,17
201600020132,16,7,13,735,1,2,3,1,6.0,17415,M,4575633.0,-64415.0,17
201600020133,16,7,21,315,3,1,1,1,6.0,17415,M,4571204.0,-69851.0,17
201600020134,16,7,29,2335,5,1,3,1,3.0,17415,M,4574530.0,-66966.0,17
201600020135,16,8,9,1925,1,2,1,1,6.0,17415,M,4574651.0,-62118.0,17
201600020136,16,8,11,1125,1,2,1,1,2.0,17415,M,4573938.0,-61848.0,17
201600020137,16,8,11,1210,1,2,1,1,2.0,17415,M,4573995.0,-61969.0,17
201600020138,16,8,13,1916,1,2,1,1,3.0,17415,M,4574170.0,-62385.0,17
201600020139,16,7,13,2005,2,2,9,1,2.0,17415,M,4573219.0,-65870.0,17
201600020140,16,8,14,2105,1,2,1,1,6.0,17415,M,4574326.0,-63995.0,17
201600020141,16,8,13,2000,2,1,9,1,2.0,17415,M,4574107.0,-66006.0,17
201600020142,16,8,17,915,1,2,1,1,1.0,17415,M,4574566.0,-61750.0,17
201600020143,16,8,22,1530,1,1,1,1,1.0,17415,M,4570641.0,-64502.0,17
201600020144,16,8,26,1130,1,2,7,1,6.0,17415,M,4574574.0,-63844.0,17
201600020145,16,9,2,1730,1,2,1,1,1.0,17415,M,4574068.0,-62320.0,17
201600020146,16,9,7,1800,1,2,1,1,6.0,17415,M,4573122.0,-62508.0,17
201600020147,16,9,8,1440,1,1,1,1,6.0,17415,M,4574563.0,-67945.0,17
201600020148,16,9,11,1950,2,2,2,1,1.0,17415,M,4573798.0,-61653.0,17
201600020149,16,9,15,1120,1,2,1,1,6.0,17415,M,4574161.0,-63949.0,17
201600020150,16,9,16,1508,1,2,1,1,1.0,17415,M,4574553.0,-61800.0,17
201600020151,16,10,5,850,1,2,6,1,3.0,17415,M,4574911.0,-65911.0,17
201600020152,16,10,13,1815,2,2,1,1,2.0,17415,M,4574589.0,-61688.0,17
201600020153,16,11,9,1453,1,2,6,1,2.0,17415,M,4574748.0,-63732.0,17
201600020154,16,11,21,800,5,1,6,1,4.0,17415,M,4575591.0,-65761.0,17
201600020155,16,11,26,915,1,1,1,1,1.0,17415,M,4572244.0,-63896.0,17
201600020156,16,12,1,1230,1,2,4,1,3.0,17415,M,4574828.0,-64682.0,17
201600020157,16,12,5,912,1,2,6,1,3.0,17415,M,4544268.0,-37355.0,17
201600020158,16,12,8,1800,5,2,6,1,3.0,17415,M,4574104.0,-62234.0,17
201600020159,16,12,9,830,1,1,1,1,6.0,17415,M,4574767.0,-66900.0,17
201600020160,16,12,9,1100,1,2,1,1,6.0,17415,M,4573603.0,-65240.0,17
201600020161,16,12,9,1325,1,2,1,1,3.0,17415,M,4574319.0,-66456.0,17
201600020162,16,12,9,1439,1,2,9,1,1.0,17415,M,4573470.0,-64511.0,17
201600020163,16,12,13,800,2,1,1,1,5.0,17415,M,4572503.0,-64179.0,17
201600020164,16,12,20,1726,1,1,6,1,4.0,17415,M,4572416.0,-63920.0,17
201600020165,16,2,14,1630,1,1,1,4,7.0,37206,M,0.0,0.0,37
201600020166,16,7,10,1245,1,1,1,1,7.0,37194,M,0.0,0.0,37
201600020167,16,7,19,1645,1,1,1,1,2.0,37160,M,0.0,0.0,37
201600020168,16,8,4,1445,1,1,1,1,1.0,37160,M,0.0,0.0,37
201600020169,16,8,23,1545,1,1,1,1,2.0,37010,M,0.0,0.0,37
201600020170,16,10,27,755,2,1,1,2,2.0,37153,M,4748186.0,79182.0,37
201600020171,16,10,28,1140,1,1,1,1,6.0,37010,M,4752347.0,93100.0,37
201600020172,16,12,27,1145,1,1,1,1,2.0,37160,M,4755598.0,101608.0,37
201600020173,16,1,22,1900,3,1,1,2,6.0,34270,M,4356910.0,384961.0,34
201600020174,16,3,27,645,3,1,1,3,3.0,34095,M,4353350.0,375308.0,34
201600020175,16,4,25,1800,1,2,1,1,7.0,34270,M,4358730.0,383766.0,34
201600020176,16,6,16,745,1,2,1,1,6.0,34270,M,4357080.0,383694.0,34
201600020177,16,6,24,1745,1,2,1,1,3.0,34095,M,4355080.0,378423.0,34
201600020178,16,7,18,1330,1,2,1,1,3.0,34270,M,4357723.0,382951.0,34
201600020179,16,8,6,1745,1,1,1,1,1.0,34095,M,4354100.0,376529.0,34
201600020180,16,8,22,1715,1,1,1,1,6.0,34095,M,4355190.0,380018.0,34
201600020181,16,10,3,745,1,1,1,1,5.0,34270,M,4356100.0,384912.0,34
201600020182,16,11,18,800,1,1,1,1,2.0,34095,M,4355940.0,379684.0,34
201600020183,16,11,28,445,3,1,1,1,6.0,34270,M,4356130.0,384957.0,34
201600020184,16,11,28,615,1,2,2,1,3.0,34172,M,4362390.0,386221.0,34
201600020185,16,12,2,1530,1,2,1,1,3.0,34095,M,4354680.0,377732.0,34
201600020186,16,12,12,1945,3,1,1,1,5.0,34095,M,4356140.0,379920.0,34
201600020187,16,4,6,900,1,2,1,1,6.0,66021,M,4273243.0,293422.0,66
201600020188,16,9,17,1300,1,1,1,1,6.0,66021,M,4273543.0,294189.0,66
201600020189,16,1,2,1945,3,1,1,1,6.0,30331,M,4412727.0,460075.0,30
201600020190,16,1,5,2215,3,1,1,1,7.0,30225,M,4416364.0,456501.0,30
201600020191,16,1,6,1300,1,2,1,1,7.0,30141,M,4409765.0,470111.0,30
201600020192,16,2,13,2200,3,1,1,2,1.0,30127,M,4405845.0,457025.0,30
201600020193,16,2,15,1415,1,1,1,1,2.0,30331,M,4412572.0,461450.0,30
201600020194,16,3,17,1615,1,2,1,1,1.0,30141,M,0.0,0.0,30
201600020195,16,3,12,415,3,1,1,1,6.0,30081,M,4413856.0,469374.0,30
201600020196,16,4,14,1630,1,2,1,1,1.0,30141,M,0.0,0.0,30
201600020197,16,6,15,515,3,1,1,1,6.0,30092,M,4410025.0,460418.0,30
201600020198,16,6,24,1330,1,1,1,1,3.0,30076,M,4411009.0,452852.0,30
201600020199,16,6,29,1700,1,1,1,1,2.0,30092,M,4409228.0,459686.0,30
201600020200,16,7,26,1015,1,1,1,1,3.0,30141,M,4410542.0,465943.0,30
201600020201,16,8,3,830,1,1,1,1,1.0,30191,M,4413333.0,467512.0,30
201600020202,16,9,8,815,1,1,1,1,6.0,30084,M,4413625.0,469792.0,30
201600020203,16,9,16,2015,3,1,1,1,3.0,30207,M,4405706.0,457049.0,30
201600020204,16,10,4,1430,1,1,3,1,3.0,30141,M,4412379.0,468135.0,30
201600020205,16,10,31,1400,1,1,3,1,3.0,30331,M,4410952.0,457919.0,30
201600020206,16,11,16,1830,3,1,1,1,2.0,30191,M,4413805.0,466692.0,30
201600020207,16,11,30,1330,1,1,1,1,2.0,30141,M,4411416.0,469018.0,30
201600020208,16,11,30,1400,1,2,1,1,1.0,30141,M,4411277.0,467033.0,30
201600020209,16,12,16,1645,1,1,1,1,6.0,30081,M,4414547.0,468966.0,30
201600020210,16,2,3,1530,1,2,1,1,6.0,41149,M,4775648.0,86075.0,41
201600020211,16,2,25,1515,1,1,1,1,6.0,41131,M,4783319.0,93625.0,41
201600020212,16,3,2,1015,1,1,1,1,5.0,41238,M,4788481.0,79571.0,41
201600020213,16,3,8,2345,5,2,1,2,7.0,41294,M,4780599.0,99141.0,41
201600020214,16,3,10,1545,1,1,1,1,6.0,41120,M,4778939.0,93105.0,41
201600020215,16,4,5,745,1,1,1,1,6.0,41238,M,4785307.0,89199.0,41
201600020216,16,4,7,1400,1,1,1,2,7.0,41225,M,4773341.0,83552.0,41
201600020217,16,4,24,1445,1,2,3,2,3.0,41010,M,4784823.0,99502.0,41
201600020218,16,5,31,715,1,1,1,3,6.0,41098,M,4764102.0,109924.0,41
201600020219,16,6,19,1200,1,1,1,1,6.0,41007,M,4762571.0,88613.0,41
201600020220,16,6,19,1715,1,1,3,1,3.0,41255,M,4774874.0,76933.0,41
201600020221,16,7,27,1830,1,2,1,1,3.0,41250,M,4777470.0,74719.0,41
201600020222,16,9,7,2000,1,1,1,1,1.0,41293,M,4775060.0,98392.0,41
201600020223,16,10,4,1600,1,1,1,1,7.0,41131,M,4781198.0,95297.0,41
201600020224,16,10,6,1200,1,2,1,1,2.0,41149,M,4775895.0,87054.0,41
201600020225,16,11,7,1715,2,2,1,2,1.0,41192,M,4778571.0,89605.0,41
201600020226,16,11,17,2000,3,1,1,6,7.0,41001,M,4770528.0,98527.0,41
201600020227,16,11,25,1830,5,1,1,1,1.0,41294,M,4781185.0,97608.0,41
201600020228,16,11,30,1615,1,1,1,1,5.0,41278,M,4763555.0,94266.0,41
201600020229,16,12,6,1745,5,2,1,1,3.0,41279,M,4771930.0,64864.0,41
201600020230,16,12,14,1845,3,1,1,1,2.0,41294,M,4781828.0,101603.0,41
201600020231,16,12,25,1800,3,2,1,2,6.0,41149,M,4775067.0,85729.0,41
201600020232,16,1,9,645,3,1,1,5,6.0,77030,M,4885688.0,331060.0,77
201600020233,16,3,23,1815,1,1,3,1,3.0,77182,M,4881664.0,332092.0,77
201600020234,16,5,10,1500,1,2,3,3,6.0,77182,M,4878004.0,330493.0,77
201600020235,16,5,17,1915,2,1,1,1,7.0,77405,M,4889774.0,315469.0,77
201600020236,16,11,8,1900,3,2,1,1,6.0,77406,M,4884305.0,319477.0,77
201600020237,16,5,1,1800,1,2,1,1,1.0,62858,M,5022991.0,301227.0,62
201600020238,16,5,24,2100,1,1,1,1,6.0,62424,M,5021597.0,293692.0,62
201600020239,16,9,30,1230,1,1,1,1,1.0,62374,M,5014395.0,278983.0,62
201600020240,16,12,6,1815,5,2,1,1,6.0,62559,M,5021004.0,309081.0,62
201600020241,16,10,19,815,1,1,1,1,7.0,62422,M,5012388.0,264823.0,62
201600020242,16,6,19,1015,1,2,1,1,3.0,62610,M,5047393.0,177562.0,62
201600020243,16,2,20,1030,1,1,1,2,6.0,62686,M,5037200.0,230700.0,62
201600020244,16,2,24,1400,1,2,1,1,6.0,62767,M,5038221.0,234084.0,62
201600020245,16,2,28,1500,1,1,1,6,7.0,62859,M,5022513.0,219278.0,62
201600020246,16,4,2,1415,1,1,1,1,3.0,62631,M,5030300.0,228100.0,62
201600020247,16,9,13,730,1,1,1,1,3.0,62370,M,5027276.0,205467.0,62
201600020248,16,2,23,545,3,1,1,1,1.0,44012,M,4709882.0,-203779.0,44
201600020249,16,1,20,1515,1,1,1,1,7.0,63055,M,0.0,0.0,63
201600020250,16,5,25,115,3,1,1,1,6.0,63198,M,0.0,0.0,63
201600020251,16,7,11,1415,1,1,1,1,2.0,63053,M,0.0,0.0,63
201600020252,16,11,21,1145,1,1,1,1,2.0,63110,M,0.0,0.0,63
201600020253,16,1,22,1700,1,2,1,3,7.0,37142,M,,,37
201600020254,16,2,23,1645,1,1,1,1,6.0,37005,M,0.0,0.0,37
201600020255,16,3,14,1545,1,1,1,7,6.0,37266,M,0.0,0.0,37
201600020256,16,4,22,1200,1,1,1,1,2.0,37141,M,0.0,0.0,37
201600020257,16,5,6,1400,1,1,1,1,2.0,37142,M,4705900.0,57600.0,37
201600020258,16,5,8,1815,1,1,1,1,6.0,37226,M,0.0,0.0,37
201600020259,16,6,6,1630,1,1,1,1,3.0,37272,M,0.0,0.0,37
201600020260,16,6,7,1420,1,2,1,1,1.0,37179,M,,,37
201600020261,16,7,9,1745,1,1,1,1,6.0,37250,M,0.0,0.0,37
201600020262,16,8,20,1045,1,1,1,1,7.0,37226,M,0.0,0.0,37
201600020263,16,10,8,2300,3,1,1,1,3.0,37193,M,4726480.0,23234.0,37
201600020264,16,10,14,1650,1,1,1,8,6.0,37142,M,4704994.0,58720.0,37
201600020265,16,10,28,1610,1,1,1,1,6.0,37104,M,4731029.0,78961.0,37
201600020266,16,11,6,1600,1,1,1,4,6.0,37188,M,4707574.0,58658.0,37
201600020267,16,12,12,2230,5,1,1,1,7.0,37179,M,4745062.0,74321.0,37
201600020268,16,12,15,1400,1,1,1,1,5.0,37261,M,4738195.0,71172.0,37
201600020269,16,12,22,1900,5,1,1,1,4.0,37261,M,4740111.0,71146.0,37
201600020270,16,7,5,1700,1,1,1,1,6.0,21611,M,4729444.0,471515.0,21
201600020271,16,8,2,1000,1,1,1,1,3.0,21559,M,4728608.0,478608.0,21
201600020272,16,8,21,2030,3,1,1,1,7.0,21310,M,4732505.0,459077.0,21
201600020273,16,9,17,2230,3,1,1,8,1.0,21559,M,4729907.0,481714.0,21
201600020274,16,10,29,1615,1,2,1,1,6.0,21553,M,4721768.0,474663.0,21
201600020275,16,1,14,1930,5,1,1,1,2.0,83054,M,4315490.0,604221.0,83
201600020276,16,4,3,1945,3,2,9,1,3.0,83132,M,4318372.0,604312.0,83
201600020277,16,4,23,600,2,1,1,1,6.0,83130,M,4318664.0,603950.0,83
201600020278,16,4,28,1830,1,1,1,1,3.0,83132,M,4317500.0,604100.0,83
201600020279,16,5,5,1645,1,2,1,1,3.0,83132,M,0.0,0.0,83
201600020280,16,5,14,1700,1,1,1,1,3.0,83130,M,4320345.0,604758.0,83
201600020281,16,5,21,915,1,2,1,1,3.0,83017,M,0.0,0.0,83
201600020282,16,6,1,1600,1,2,1,1,1.0,83130,M,4319993.0,604642.0,83
201600020283,16,6,22,500,5,2,6,1,1.0,83054,M,4315854.0,605000.0,83
201600020284,16,7,11,1745,1,2,1,1,3.0,83131,M,0.0,0.0,83
201600020285,16,7,23,1915,1,2,1,1,1.0,83130,M,4319694.0,605818.0,83
201600020286,16,7,30,1445,1,2,1,1,6.0,83130,M,4319802.0,603526.0,83
201600020287,16,8,11,1915,1,2,1,1,7.0,83132,M,4317300.0,604200.0,83
201600020288,16,10,9,1715,1,1,1,1,1.0,83131,M,0.0,0.0,83
201600020289,16,10,23,1800,1,1,1,7,4.0,83054,M,0.0,0.0,83
201600020290,16,11,8,645,2,2,6,1,1.0,83054,M,0.0,0.0,83
201600020291,16,11,9,1445,1,1,1,1,1.0,83054,M,0.0,0.0,83
201600020292,16,11,24,1600,1,1,1,2,4.0,83054,M,0.0,0.0,83
201600020293,16,3,9,1215,1,2,1,1,1.0,87021,M,4577540.0,120850.0,87
201600020294,16,10,15,1445,1,1,1,1,1.0,87202,M,4588010.0,109802.0,87
201600020295,16,12,12,1730,3,1,2,1,3.0,87107,M,4591630.0,116887.0,87
201600020296,16,11,6,200,3,2,1,2,6.0,35276,M,4826562.0,-183085.0,35
201600020297,16,3,9,1515,1,1,1,2,3.0,20009,M,0.0,0.0,202
201600020298,16,4,11,1530,1,2,1,1,6.0,20009,M,0.0,0.0,202
201600020299,16,4,13,1945,2,1,1,1,3.0,20009,M,4211370.0,949938.0,202
201600020300,16,4,15,300,3,1,9,1,6.0,20009,M,0.0,0.0,202
201600020301,16,7,18,2030,1,1,1,1,3.0,20143,M,0.0,0.0,202
201600020302,16,9,3,1100,1,1,1,1,3.0,20009,M,0.0,0.0,202
201600020303,16,9,14,700,2,1,1,1,7.0,20143,M,4219821.0,953262.0,202
201600020304,16,9,22,1945,5,1,1,1,7.0,20009,M,0.0,0.0,202
201600020305,16,1,9,1400,1,2,1,1,5.0,47257,M,4456290.0,8266.0,47
201600020306,16,3,1,1245,1,1,1,1,7.0,47034,M,4440840.0,9281.0,47
201600020307,16,3,13,1800,1,1,1,1,5.0,47059,M,4460700.0,18600.0,47
201600020308,16,9,11,1615,1,1,2,1,3.0,47056,M,4459200.0,13323.0,47
201600020309,16,9,23,945,1,1,1,7,7.0,47165,M,4448590.0,4221.0,47
201600020310,16,5,7,2345,3,1,1,1,6.0,23039,M,4630920.0,177586.0,23
201600020311,16,6,14,1600,1,1,1,1,7.0,23231,M,4617192.0,150634.0,23
201600020312,16,1,24,2200,3,1,2,1,3.0,50048,M,4888860.0,-113952.0,50
201600020313,16,1,27,2030,3,1,2,2,3.0,50213,M,4905100.0,-109854.0,50
201600020314,16,1,28,1800,2,1,3,1,3.0,50512,M,4903180.0,-113631.0,50
201600020315,16,4,27,1730,1,1,1,1,1.0,50545,M,4903050.0,-110217.0,50
201600020316,16,6,25,1145,1,1,1,1,3.0,50095,M,4907810.0,-116550.0,50
201600020317,16,8,28,1900,1,1,1,1,1.0,50295,M,4894330.0,-119545.0,50
201600020318,16,11,13,815,3,1,1,2,6.0,50363,M,4899000.0,-115721.0,50
201600020319,16,2,17,1415,1,1,1,8,5.0,22305,M,4825830.0,-216567.0,22
201600020320,16,2,21,1730,2,1,1,2,6.0,22020,M,4830456.0,-226760.0,22
201600020321,16,3,8,900,1,1,9,1,6.0,22084,M,4840867.0,-234648.0,22
201600020322,16,3,9,1545,1,1,1,6,1.0,22114,M,4826133.0,-230603.0,22
201600020323,16,3,11,2345,4,2,1,1,6.0,22305,M,4826705.0,-216041.0,22
201600020324,16,3,13,800,2,1,1,5,6.0,22305,M,4827136.0,-215491.0,22
201600020325,16,7,6,1215,1,1,1,1,2.0,22020,M,4832781.0,-226494.0,22
201600020326,16,8,30,330,3,2,2,1,3.0,22020,M,4831883.0,-226335.0,22
201600020327,16,9,2,1045,1,1,2,1,3.0,22337,M,4831091.0,-234106.0,22
201600020328,16,9,4,1030,1,1,1,8,6.0,22369,M,4836231.0,-224537.0,22
201600020329,16,10,21,1900,2,1,1,1,6.0,22051,M,4836834.0,-233330.0,22
201600020330,16,10,30,1615,1,1,1,1,1.0,22114,M,4828311.0,-228607.0,22
201600020331,16,11,15,1730,2,1,2,9,6.0,22239,M,4836142.0,-209761.0,22
201600020332,16,12,24,1800,3,1,1,1,1.0,22185,M,4837396.0,-236925.0,22
201600020333,16,3,2,1615,1,1,1,1,2.0,14160,M,4906380.0,-29196.0,14
201600020334,16,6,17,2030,1,1,1,3,6.0,14160,M,4906860.0,-29472.0,14
201600020335,16,1,8,1950,5,2,3,8,1.0,08140,M,4969365.0,479018.0,08
201600020336,16,2,6,1415,1,1,1,1,6.0,08498,M,4973621.0,465954.0,08
201600020337,16,3,11,800,1,2,3,7,1.0,08140,M,4965368.0,479016.0,08
201600020338,16,3,13,1100,1,1,1,1,7.0,08209,M,0.0,0.0,08
201600020339,16,5,14,1945,1,1,1,1,7.0,08469,M,4958545.0,481521.0,08
201600020340,16,6,6,1415,1,1,1,1,7.0,08341,M,0.0,0.0,08
201600020341,16,7,3,630,1,1,1,1,7.0,08469,M,0.0,0.0,08
201600020342,16,1,9,1825,2,2,1,8,6.0,18213,M,0.0,0.0,18
201600020343,16,1,14,1615,2,2,3,1,6.0,18033,M,4707934.0,238951.0,18
201600020344,16,1,22,1821,5,1,6,3,6.0,18205,M,4709882.0,233435.0,18
201600020345,16,12,28,1025,1,2,1,1,2.0,18033,M,4706031.0,242425.0,18
201600020346,16,1,31,148,5,2,1,3,3.0,18033,M,4708030.0,240431.0,18
201600020347,16,12,28,955,1,2,3,1,6.0,18033,M,4710465.0,240500.0,18
201600020348,16,2,8,1905,5,2,1,8,6.0,18033,M,4708120.0,240761.0,18
201600020349,16,2,10,815,2,2,1,1,6.0,18033,M,4709227.0,239384.0,18
201600020350,16,3,3,1545,1,2,1,8,3.0,18205,M,4709312.0,238520.0,18
201600020351,16,3,13,1408,1,2,4,1,7.0,18033,M,4709302.0,239980.0,18
201600020352,16,3,16,830,1,2,1,1,6.0,18033,M,4710933.0,241359.0,18
201600020353,16,3,17,1613,1,2,3,1,5.0,18205,M,4709726.0,238194.0,18
201600020354,16,4,3,2111,5,2,1,1,6.0,18033,M,4709568.0,241970.0,18
201600020355,16,4,11,1226,1,2,3,2,6.0,18033,M,4708118.0,238730.0,18
201600020356,16,4,16,2200,5,2,1,2,6.0,18033,M,4707064.0,239042.0,18
201600020357,16,4,21,700,1,1,1,1,7.0,18205,M,0.0,0.0,18
201600020358,16,5,2,753,1,2,2,1,1.0,18033,M,4707153.0,239036.0,18
201600020359,16,4,27,1600,1,2,3,1,6.0,18033,M,4708314.0,239619.0,18
201600020360,16,5,6,2300,5,2,1,1,6.0,18033,M,4709464.0,241671.0,18
201600020361,16,5,3,1830,1,1,1,1,6.0,18033,M,4710440.0,241233.0,18
201600020362,16,5,11,1605,1,2,3,2,6.0,18033,M,4705013.0,225218.0,18
201600020363,16,6,1,1958,1,1,2,1,2.0,18205,M,4712519.0,234733.0,18
201600020364,16,6,13,210,5,2,3,1,6.0,18033,M,4709507.0,242354.0,18
201600020365,16,6,15,1117,1,2,1,3,6.0,18205,M,4710576.0,237445.0,18
201600020366,16,6,19,1355,1,2,2,1,3.0,18033,M,4705593.0,239188.0,18
201600020367,16,6,25,1340,1,2,1,1,6.0,18033,M,,,18
201600020368,16,7,8,800,1,2,3,1,6.0,18033,M,4711729.0,240214.0,18
201600020369,16,7,5,610,1,1,1,1,6.0,18033,M,4704706.0,233863.0,18
201600020370,16,7,10,609,1,2,1,1,6.0,18033,M,4706644.0,241785.0,18
201600020371,16,7,11,700,1,1,1,1,1.0,18033,M,4704036.0,235288.0,18
201600020372,16,7,21,145,4,1,6,1,7.0,18267,M,4702665.0,239052.0,18
201600020373,16,7,18,1220,1,1,1,1,1.0,18033,M,4704591.0,234397.0,18
201600020374,16,8,2,1118,1,2,3,1,3.0,18205,M,4710577.0,238194.0,18
201600020375,16,8,10,1630,1,2,1,1,2.0,18033,M,4709500.0,242144.0,18
201600020376,16,8,8,1150,1,2,1,1,2.0,18267,M,4706180.0,238486.0,18
201600020377,16,9,2,135,5,1,6,1,7.0,18205,M,4712560.0,234260.0,18
201600020378,16,9,4,1930,1,2,3,1,3.0,18033,M,4710599.0,240645.0,18
201600020379,16,9,15,2236,3,1,1,1,6.0,18213,M,4711279.0,249997.0,18
201600020380,16,9,24,1148,1,2,1,1,6.0,18033,M,4708300.0,238913.0,18
201600020381,16,10,3,1614,1,2,1,1,6.0,18033,M,4708145.0,239769.0,18
201600020382,16,10,3,1640,1,2,3,1,3.0,18033,M,4709768.0,239506.0,18
201600020383,16,10,4,755,2,2,3,1,6.0,18033,M,4708070.0,239000.0,18
201600020384,16,10,9,100,5,2,6,1,7.0,18205,M,4710523.0,237934.0,18
201600020385,16,10,9,1854,2,2,2,1,3.0,18033,M,4707579.0,240596.0,18
201600020386,16,10,11,1020,1,2,2,1,6.0,18033,M,4710018.0,241564.0,18
201600020387,16,10,18,1050,1,1,1,1,6.0,18267,M,4706063.0,237787.0,18
201600020388,16,10,30,238,5,2,1,9,6.0,18033,M,4708328.0,339481.0,18
201600020389,16,11,11,2210,3,1,1,5,3.0,18033,M,4710946.0,245034.0,18
201600020390,16,11,18,1740,5,2,1,1,3.0,18033,M,4711236.0,239868.0,18
201600020391,16,11,22,925,1,2,1,1,1.0,18033,M,4707529.0,230025.0,18
201600020392,16,11,27,645,5,2,4,1,3.0,18033,M,4708261.0,238448.0,18
201600020393,16,12,2,1400,1,2,5,1,6.0,18033,M,4707134.0,238847.0,18
201600020394,16,12,3,1510,1,1,1,1,3.0,18033,M,4709518.0,242465.0,18
201600020395,16,12,12,840,1,2,6,1,3.0,18205,M,0.0,242088.0,18
201600020396,16,12,8,750,5,2,6,1,6.0,18033,M,,,18
201600020397,16,12,12,800,2,1,2,1,3.0,18033,M,4704594.0,242093.0,18
201600020398,16,12,27,1202,1,2,1,1,1.0,18050,M,4706080.0,231403.0,18
201600020399,16,2,25,1530,1,1,9,1,1.0,83100,M,4329405.0,614812.0,83
201600020400,16,4,1,1900,1,1,1,1,1.0,83033,M,0.0,0.0,83
201600020401,16,1,23,700,3,1,1,5,6.0,41245,M,4774389.0,150027.0,41
201600020402,16,6,30,1830,1,2,1,1,3.0,41173,M,4791060.0,153147.0,41
201600020403,16,7,8,1845,1,1,1,1,3.0,41221,M,4781519.0,137468.0,41
201600020404,16,7,24,745,1,1,1,1,7.0,41171,M,4780868.0,130091.0,41
201600020405,16,9,10,1000,1,1,1,1,3.0,41141,M,4790425.0,133745.0,41
201600020406,16,9,24,1745,1,2,1,1,1.0,41119,M,4782062.0,150169.0,41
201600020407,16,12,20,2330,3,1,1,5,1.0,41178,M,4780831.0,143983.0,41
201600020408,16,1,8,1259,1,1,1,1,1.0,12179,M,4376300.0,286000.0,12
201600020409,16,1,12,1120,1,1,1,8,1.0,12002,M,4414020.0,310050.0,12
201600020410,16,2,12,1115,1,1,1,3,6.0,12145,M,4396200.0,320983.0,12
201600020411,16,4,5,1130,1,1,1,2,6.0,12225,M,4406050.0,302922.0,12
201600020412,16,4,11,657,2,1,1,1,6.0,12291,M,4421080.0,306904.0,12
201600020413,16,5,9,1915,1,1,1,3,6.0,12063,M,4397620.0,319582.0,12
201600020414,16,6,12,1200,1,1,1,1,6.0,12291,M,4426020.0,306342.0,12
201600020415,16,7,21,1700,1,1,1,1,6.0,12238,M,4423830.0,296355.0,12
201600020416,16,10,17,830,1,1,1,1,6.0,12025,M,4386370.0,275345.0,12
201600020417,16,11,8,855,1,1,1,5,1.0,12152,M,4427426.0,234248.0,12
201600020418,16,12,28,1640,1,1,1,1,5.0,12270,M,4435740.0,311379.0,12
201600020419,16,1,13,1445,1,1,1,1,6.0,58238,M,0.0,0.0,58
201600020420,16,3,2,1845,3,1,1,6,6.0,58278,M,0.0,0.0,58
201600020421,16,7,13,145,3,1,1,1,6.0,58238,M,0.0,0.0,58
201600020422,16,5,12,1445,1,1,1,8,6.0,71398,M,0.0,0.0,71