Num_Acc,an,mois,jour,hrmn,lum,agg,int,atm,col,com,gps,lat,long,dep
201600020423,16,2,9,1330,1,1,1,6,7.0,36134,M,4639930.0,145456.0,36
201600020424,16,10,8,2330,3,1,1,1,6.0,36239,M,4646500.0,149731.0,36
201600020425,16,12,30,845,1,1,1,5,6.0,36200,M,0.0,0.0,36
201600020426,16,5,13,1215,1,1,1,1,2.0,15119,M,4525500.0,319300.0,15
201600020427,16,7,16,1415,1,1,1,1,6.0,15055,M,0.0,0.0,15
201600020428,16,8,20,1915,1,1,1,1,4.0,43121,M,4534970.0,327727.0,43
201600020429,16,4,22,1515,1,1,1,1,2.0,63054,M,4550700.0,326200.0,63
201600020430,16,5,18,1315,1,1,1,1,2.0,63121,M,4561700.0,320800.0,63
201600020431,16,8,4,1615,1,1,1,2,6.0,63411,M,4560500.0,321600.0,63
201600020432,16,10,18,1830,1,1,1,1,6.0,63178,M,4554700.0,324900.0,63
201600020433,16,10,25,1045,1,1,1,1,2.0,63054,M,4548800.0,324700.0,63
201600020434,16,12,9,915,1,1,1,1,2.0,63404,M,4558200.0,323900.0,63
201600020435,16,1,2,1345,1,1,1,7,5.0,87020,M,4593290.0,130318.0,87
201600020436,16,3,5,1015,1,1,1,4,6.0,23219,M,4621184.0,138505.0,23
201600020437,16,7,2,1345,1,1,1,2,2.0,87122,M,4605460.0,135890.0,87
201600020438,16,8,3,1615,1,1,1,1,7.0,87122,M,4602370.0,134404.0,87
201600020439,16,8,16,1445,1,1,1,1,4.0,87020,M,4594110.0,130638.0,87
201600020440,16,1,8,730,2,1,1,1,2.0,34239,M,4365420.0,352445.0,34
201600020441,16,1,10,945,1,1,1,1,2.0,34079,M,4362710.0,345034.0,34
201600020442,16,2,27,300,3,1,1,3,6.0,34239,M,4365230.0,353096.0,34
201600020443,16,3,26,345,3,1,1,1,6.0,34142,M,4373010.0,332702.0,34
201600020444,16,4,2,430,3,1,1,2,6.0,34142,M,4369363.0,334365.0,34
201600020445,16,5,8,1515,1,1,1,2,7.0,34114,M,4364960.0,354038.0,34
201600020446,16,5,8,1845,1,1,1,3,2.0,34076,M,4365670.0,346095.0,34
201600020447,16,5,10,845,1,1,1,2,7.0,34036,M,4368840.0,335384.0,34
201600020448,16,6,18,830,1,1,1,1,6.0,34064,M,4388450.0,330211.0,34
201600020449,16,6,26,1715,1,1,1,1,6.0,34199,M,4344430.0,341821.0,34
201600020450,16,7,14,1330,1,1,1,1,2.0,34106,M,4374799.0,333067.0,34
201600020451,16,7,29,300,3,1,1,1,3.0,34123,M,4360300.0,380800.0,34
201600020452,16,8,11,2345,3,1,1,1,6.0,34196,M,4382570.0,331674.0,34
201600020453,16,8,26,1200,1,1,1,1,1.0,34032,M,4336701.0,328301.0,34
201600020454,16,9,9,900,1,1,1,1,6.0,34079,M,4367989.0,338964.0,34
201600020455,16,9,24,1145,1,1,1,1,3.0,34142,M,4375200.0,332400.0,34
201600020456,16,10,3,900,1,1,1,1,1.0,34114,M,4363800.0,357100.0,34
201600020457,16,11,14,715,2,1,1,1,5.0,34259,M,4363359.0,375011.0,34
201600020458,16,11,22,1500,1,1,1,3,6.0,34196,M,4382280.0,332085.0,34
201600020459,16,11,24,1845,3,1,1,9,7.0,34032,M,4337860.0,330039.0,34
201600020460,16,11,27,2030,3,1,1,1,5.0,34114,M,4362550.0,361534.0,34
201600020461,16,2,21,2015,3,1,1,1,1.0,48005,M,0.0,0.0,48
201600020462,16,3,5,645,2,1,1,4,6.0,48140,M,0.0,0.0,48
201600020463,16,3,5,1000,1,1,1,1,7.0,48128,M,0.0,0.0,48
201600020464,16,4,4,1345,1,1,1,1,2.0,48009,M,0.0,0.0,48
201600020465,16,4,8,1800,1,1,1,1,7.0,48009,M,0.0,0.0,48
201600020466,16,4,30,1845,1,1,1,1,7.0,48128,M,0.0,0.0,48
201600020467,16,6,15,1515,2,1,1,1,7.0,48017,M,0.0,0.0,48
201600020468,16,6,23,1715,1,1,1,1,2.0,48140,M,0.0,0.0,48
201600020469,16,8,6,345,3,1,1,1,1.0,48140,M,0.0,0.0,48
201600020470,16,9,4,1745,1,1,1,1,6.0,48009,M,0.0,0.0,48
201600020471,16,10,31,1945,3,1,1,1,2.0,48099,M,0.0,0.0,48
201600020472,16,11,8,1430,1,1,1,4,5.0,48009,M,0.0,0.0,48
201600020473,16,10,1,2015,3,1,1,1,2.0,08001,M,4948604.0,434342.0,08
201600020474,16,10,24,1115,1,1,1,8,6.0,08490,M,4939901.0,471571.0,08
201600020475,16,12,3,2100,3,1,1,1,2.0,08324,M,0.0,0.0,08
201600020476,16,1,4,1215,1,1,1,8,3.0,44073,M,4743872.0,-163988.0,44
201600020477,16,10,18,1745,1,1,1,1,2.0,44113,M,4758742.0,-162687.0,44
201600020478,16,1,1,930,1,1,1,1,7.0,44052,M,4735203.0,-205976.0,44
201600020479,16,1,29,1430,1,1,3,1,3.0,44129,M,4741919.0,-203724.0,44
201600020480,16,2,17,130,3,1,1,1,7.0,44098,M,4748997.0,-223337.0,44
201600020481,16,2,20,1830,3,1,1,2,7.0,44098,M,4747856.0,-218361.0,44
201600020482,16,3,8,2045,3,1,1,2,6.0,44052,M,4733761.0,-210989.0,44
201600020483,16,6,6,1100,1,1,1,1,6.0,44195,M,4736878.0,-191762.0,44
201600020484,16,7,2,2315,3,1,1,1,6.0,44194,M,4725371.0,-166941.0,44
201600020485,16,8,1,2345,3,1,1,1,6.0,44103,M,4732856.0,-212937.0,44
201600020486,16,9,17,515,3,1,1,1,6.0,44210,M,4732193.0,-218688.0,44
201600020487,16,10,28,1800,1,1,1,1,2.0,44217,M,4730398.0,-175888.0,44
201600020488,16,11,12,1405,1,1,1,1,6.0,44129,M,4744781.0,-210220.0,44
201600020489,16,11,14,1246,1,1,1,1,6.0,44137,M,4739406.0,-199812.0,44
201600020490,16,12,3,1500,1,1,1,1,7.0,44052,M,4734408.0,-208944.0,44
201600020491,16,12,3,2005,3,1,1,1,2.0,44089,M,4734151.0,-183125.0,44
201600020492,16,12,8,1745,3,1,1,1,2.0,44158,M,4727592.0,-172227.0,44
201600020493,16,12,11,825,3,1,1,1,6.0,44189,M,4745636.0,-214113.0,44
201600020494,16,12,12,1145,1,1,1,8,7.0,44025,M,4740181.0,-200783.0,44
201600020495,16,5,22,1330,1,1,1,1,7.0,14188,M,4905020.0,-72773.0,14
201600020496,16,6,22,1520,1,1,1,1,2.0,14738,M,4916060.0,-45728.0,14
201600020497,16,7,18,1210,1,1,1,1,7.0,14101,M,4916450.0,-42928.0,14
201600020498,16,12,8,1115,1,1,1,1,6.0,14475,M,4913200.0,-56800.0,14
201600020499,16,2,18,2030,3,1,1,1,5.0,50214,M,4890740.0,-110389.0,50
201600020500,16,5,2,1645,1,1,1,1,5.0,50025,M,4869990.0,-134728.0,50
201600020501,16,5,17,845,1,1,1,1,1.0,50410,M,4856120.0,-149890.0,50
201600020502,16,5,18,300,3,1,1,1,2.0,50214,M,4893300.0,-107255.0,50
201600020503,16,8,27,2215,3,1,1,1,6.0,50554,M,4870400.0,-133911.0,50
201600020504,16,9,16,1030,1,1,1,8,6.0,50616,M,4867470.0,-137237.0,50
201600020505,16,10,30,2030,3,1,1,8,4.0,50224,M,4898940.0,-92743.0,50
201600020506,16,11,9,830,1,1,3,2,5.0,50288,M,4870010.0,-138271.0,50
201600020507,16,12,11,1645,1,1,1,7,4.0,50214,M,4892080.0,-108288.0,50
201600020508,16,2,22,1500,1,1,1,1,6.0,50498,M,4952150.0,-150133.0,50
201600020509,16,6,23,2315,3,1,1,1,2.0,50373,M,4942010.0,-132664.0,50
201600020510,16,8,30,1200,1,1,1,1,2.0,50615,M,4950600.0,-149233.0,50
201600020511,16,10,19,1030,1,1,2,1,3.0,50031,M,4939410.0,-177584.0,50
201600020512,16,11,19,1330,1,1,1,4,6.0,50169,M,4947170.0,-136625.0,50
201600020513,16,11,23,1415,1,1,1,8,1.0,50160,M,4931390.0,-168089.0,50
201600020514,16,12,5,1400,1,1,1,1,1.0,50233,M,4943130.0,-148674.0,50
201600020515,16,1,7,1344,1,2,1,1,6.0,18279,M,4722705.0,206126.0,18
201600020516,16,1,9,1425,1,2,1,1,3.0,18279,M,,,18
201600020517,16,1,11,655,5,2,1,2,6.0,18279,M,,,18
201600020518,16,1,15,910,1,2,1,4,7.0,18279,M,,,18
201600020519,16,1,7,740,5,2,2,3,6.0,18279,M,4722948.0,206133.0,18
201600020520,16,1,28,1620,1,2,1,2,6.0,18279,M,4721894.0,209105.0,18
201600020521,16,3,25,1915,5,2,4,1,3.0,18279,M,4721900.0,208999.0,18
201600020522,16,6,4,2040,1,2,1,1,1.0,18279,M,4722250.0,206284.0,18
201600020523,16,6,6,1455,1,2,2,1,6.0,18279,M,4721914.0,206660.0,18
201600020524,16,6,6,1825,1,2,3,1,5.0,18279,M,4719885.0,208000.0,18
201600020525,16,6,21,1355,1,2,3,1,2.0,18279,M,4721356.0,206408.0,18
201600020526,16,7,8,1400,1,1,1,1,1.0,18279,M,4721144.0,213817.0,18
201600020527,16,9,12,1610,1,1,1,1,3.0,18279,M,4721143.0,213817.0,18
201600020528,16,11,15,1355,1,1,9,5,2.0,18279,M,,,18
201600020529,16,12,8,1110,1,2,1,1,6.0,18279,M,,,18
201600020530,16,12,9,1355,1,2,3,1,3.0,18279,M,,,18
201600020531,16,10,6,830,1,1,1,7,1.0,44086,M,4767985.0,-157373.0,44
201600020532,16,12,24,1815,3,1,2,1,3.0,44086,M,4769084.0,-160748.0,44
201600020533,16,6,4,1600,1,1,1,1,6.0,72299,M,0.0,0.0,72
201600020534,16,6,6,915,1,1,1,1,1.0,72047,M,0.0,0.0,72
201600020535,16,2,10,915,1,1,1,1,5.0,72231,M,0.0,0.0,72
201600020536,16,2,18,1745,1,1,1,1,7.0,72231,M,4795400.0,72400.0,72
201600020537,16,2,21,1245,1,1,1,1,1.0,72124,M,0.0,0.0,72
201600020538,16,3,9,2100,3,1,9,2,3.0,72155,M,0.0,0.0,72
201600020539,16,2,24,1245,1,1,1,2,1.0,72231,M,0.0,0.0,72
201600020540,16,3,18,1430,1,1,1,1,1.0,72008,M,0.0,0.0,72
201600020541,16,5,3,845,1,1,1,1,1.0,72299,M,0.0,0.0,72
201600020542,16,5,19,845,1,2,1,1,1.0,72213,M,0.0,0.0,72
201600020543,16,5,12,1500,1,1,1,8,2.0,72008,M,0.0,0.0,72
201600020544,16,6,9,2100,1,1,1,1,6.0,72124,M,0.0,0.0,72
201600020545,16,7,25,900,1,1,1,1,3.0,72200,M,0.0,0.0,72
201600020546,16,7,31,40,3,1,1,1,6.0,72231,M,0.0,0.0,72
201600020547,16,8,16,1930,1,1,1,1,3.0,72124,M,0.0,0.0,72
201600020548,16,8,27,1000,1,2,1,7,1.0,72008,M,0.0,0.0,72
201600020549,16,9,7,815,1,1,1,1,1.0,72187,M,0.0,0.0,72
201600020550,16,9,10,845,1,1,1,1,1.0,72181,M,0.0,0.0,72
201600020551,16,9,8,530,3,2,1,9,6.0,72213,M,0.0,0.0,72
201600020552,16,10,7,1445,1,2,2,1,1.0,72213,M,0.0,0.0,72
201600020553,16,10,14,1500,1,1,1,1,3.0,72187,M,0.0,0.0,72
201600020554,16,11,12,600,3,1,1,1,2.0,72260,M,0.0,0.0,72
201600020555,16,11,12,1800,3,1,1,2,1.0,72008,M,0.0,0.0,72
201600020556,16,10,17,1615,1,1,9,1,1.0,65133,M,4332330.0,12612.0,65
201600020557,16,2,2,1500,1,2,1,1,3.0,83070,M,0.0,0.0,83
201600020558,16,2,25,1345,1,2,1,1,6.0,83070,M,4314358.0,635742.0,83
201600020559,16,3,22,1215,1,2,1,1,3.0,83070,M,4313627.0,635802.0,83
201600020560,16,5,19,730,1,1,1,1,1.0,83019,M,0.0,0.0,83
201600020561,16,6,10,830,1,1,1,1,3.0,83019,M,4314285.0,633760.0,83
201600020562,16,6,14,900,1,2,1,1,1.0,83070,M,4313827.0,637455.0,83
201600020563,16,7,7,1615,1,1,1,1,3.0,83019,M,0.0,0.0,83
201600020564,16,7,18,2330,5,2,1,1,1.0,83019,M,4313652.0,634620.0,83
201600020565,16,7,25,745,1,1,1,1,5.0,83019,M,4313382.0,635108.0,83
201600020566,16,8,2,30,5,1,1,1,7.0,83070,M,0.0,0.0,83
201600020567,16,9,11,1500,1,2,1,1,3.0,83019,M,0.0,0.0,83
201600020568,16,9,28,2145,5,2,1,1,3.0,83019,M,0.0,0.0,83
201600020569,16,12,8,1515,1,1,1,1,3.0,83019,M,0.0,0.0,83
201600020570,16,12,8,830,2,2,6,7,6.0,83019,M,0.0,0.0,83
201600020571,16,1,1,315,3,1,1,1,1.0,60430,M,4932758.0,289466.0,60
201600020572,16,1,2,2130,1,2,1,1,6.0,60656,M,4909656.0,304747.0,60
201600020573,16,1,16,715,1,1,1,1,1.0,60176,M,4922102.0,290997.0,60
201600020574,16,7,3,1615,1,1,1,1,3.0,60101,M,4908642.0,287247.0,60
201600020575,16,10,24,1015,1,1,1,1,7.0,60358,M,4919454.0,291690.0,60
201600020576,16,10,23,600,3,2,1,2,6.0,60358,M,4920091.0,291988.0,60
201600020577,16,11,5,1645,1,1,1,1,6.0,60260,M,4927329.0,291290.0,60
201600020578,16,5,6,1815,1,1,6,1,2.0,91648,M,4856143.0,235272.0,91
201600020579,16,9,30,1545,1,1,1,1,1.0,80206,M,5002850.0,272618.0,80
201600020580,16,1,2,1805,2,2,3,2,3.0,19031,M,,,19
201600020581,16,12,30,1510,1,2,1,1,6.0,19031,M,4516421.0,153369.0,19
201600020582,16,1,4,1740,2,2,1,2,6.0,19031,M,,,19
201600020583,16,1,6,755,2,2,1,2,3.0,19031,M,,,19
201600020584,16,1,6,1320,1,2,1,2,1.0,19031,M,,,19
201600020585,16,1,9,1900,5,2,2,1,6.0,19031,M,,,19
201600020586,16,1,14,1745,2,2,1,1,6.0,19031,M,,,19
201600020587,16,1,15,1715,1,2,3,1,3.0,19031,M,,,19
201600020588,16,1,20,2220,5,1,2,1,3.0,19031,M,,,19
201600020589,16,1,21,1725,1,2,1,1,6.0,19031,M,,,19
201600020590,16,1,21,1940,1,2,2,1,3.0,19031,M,,,19
201600020591,16,1,30,1815,2,2,1,2,6.0,19031,M,,,19
201600020592,16,2,1,740,2,2,3,1,3.0,19031,M,,,19
201600020593,16,2,6,1445,1,2,1,1,3.0,19031,M,,,19
201600020594,16,2,14,810,2,2,3,2,1.0,19031,M,,,19
201600020595,16,2,15,750,2,2,1,1,1.0,19031,M,,,19
201600020596,16,2,16,900,1,2,1,1,6.0,19031,M,,,19
201600020597,16,2,19,1620,1,2,2,1,3.0,19031,M,,,19
201600020598,16,3,5,1540,1,2,1,1,2.0,19031,M,,,19
201600020599,16,3,5,2115,5,2,5,1,3.0,19031,M,4516501.0,153202.0,19
201600020600,16,3,7,1445,1,2,3,1,3.0,19031,M,4515320.0,153439.0,19
201600020601,16,3,10,1800,1,2,1,1,3.0,19031,M,4516333.0,149037.0,19
201600020602,16,3,11,945,1,2,1,1,3.0,19031,M,4515512.0,151504.0,19
201600020603,16,3,13,1135,1,2,3,1,3.0,19031,M,4516062.0,151586.0,19
201600020604,16,3,14,810,1,2,3,1,3.0,19031,M,4516876.0,153118.0,19
201600020605,16,3,18,1240,1,2,1,1,6.0,19031,M,4515993.0,152518.0,19
201600020606,16,3,18,1905,2,2,2,1,1.0,19031,M,4515084.0,155055.0,19
201600020607,16,3,24,1540,1,2,1,1,3.0,19031,M,4514553.0,148136.0,19
201600020608,16,4,1,1955,1,2,1,1,6.0,19031,M,4517087.0,154117.0,19
201600020609,16,4,2,1120,1,2,1,1,6.0,19031,M,4515654.0,153320.0,19
201600020610,16,4,5,735,1,2,1,1,6.0,19031,M,4516754.0,153152.0,19
201600020611,16,4,12,1455,1,2,1,1,3.0,19031,M,4515551.0,151657.0,19
201600020612,16,4,14,1130,1,2,1,1,6.0,19031,M,4514482.0,148162.0,19
201600020613,16,4,15,1510,1,2,1,1,2.0,19031,M,4516537.0,153638.0,19
201600020614,16,4,16,1315,1,2,1,1,5.0,19031,M,4514914.0,148213.0,19
201600020615,16,5,8,520,5,2,3,1,3.0,19031,M,4515810.0,155849.0,19
201600020616,16,5,11,1730,1,2,1,3,4.0,19031,M,4516696.0,154697.0,19
201600020617,16,5,26,1720,1,1,1,1,4.0,19031,M,4512491.0,155438.0,19
201600020618,16,5,26,1845,1,2,1,1,4.0,19031,M,4514998.0,149563.0,19
201600020619,16,5,28,2000,1,2,3,1,3.0,19031,M,4515798.0,155449.0,19
201600020620,16,6,2,1730,1,2,1,2,2.0,19031,M,4516748.0,154416.0,19
201600020621,16,6,6,1330,1,2,1,1,2.0,19031,M,4516251.0,153268.0,19
201600020622,16,6,7,2005,1,2,1,1,3.0,19031,M,4516621.0,152576.0,19
201600020623,16,6,16,1340,1,2,1,1,2.0,19031,M,4516633.0,154285.0,19
201600020624,16,6,18,950,1,2,1,1,4.0,19031,M,4516576.0,152849.0,19
201600020625,16,6,21,1635,1,2,1,1,2.0,19031,M,4515650.0,152027.0,19
201600020626,16,6,24,2305,5,2,1,3,7.0,19031,M,4515506.0,151195.0,19
201600020627,16,6,29,1910,1,2,1,1,1.0,19031,M,4515536.0,152720.0,19
201600020628,16,7,2,1620,1,2,1,1,3.0,19031,M,,,19
201600020629,16,7,6,1100,1,2,3,1,3.0,19031,M,,,19
201600020630,16,7,13,2325,5,2,3,1,3.0,19031,M,,,19
201600020631,16,7,17,1745,1,1,1,1,1.0,19031,M,,,19
201600020632,16,7,18,2020,1,2,1,1,6.0,19031,M,,,19
201600020633,16,7,26,900,1,1,1,1,7.0,19031,M,,,19
201600020634,16,7,26,1705,1,2,1,1,6.0,19031,M,,,19
201600020635,16,7,27,815,1,2,3,1,3.0,19031,M,,,19
201600020636,16,8,5,250,5,2,1,1,6.0,19031,M,4515550.0,155262.0,19
201600020637,16,8,8,1740,1,2,1,1,2.0,19031,M,4516132.0,150312.0,19
201600020638,16,8,11,1955,1,2,6,1,6.0,19031,M,4515431.0,155813.0,19
201600020639,16,8,13,2355,5,2,1,1,6.0,19031,M,4515677.0,153098.0,19
201600020640,16,8,23,2300,5,2,1,1,6.0,19031,M,4516761.0,149536.0,19
201600020641,16,9,3,1905,1,2,2,1,6.0,19031,M,4515901.0,154059.0,19
201600020642,16,9,5,1800,1,2,3,1,4.0,19031,M,4516762.0,153153.0,19
201600020643,16,9,6,1710,1,2,1,1,2.0,19031,M,4516084.0,151533.0,19
201600020644,16,9,13,1600,1,2,1,1,6.0,19031,M,4516780.0,153292.0,19
201600020645,16,9,19,825,1,2,2,1,6.0,19031,M,4516273.0,152292.0,19
201600020646,16,9,21,1915,1,2,3,1,3.0,19031,M,4516715.0,152522.0,19
201600020647,16,9,23,1250,1,2,2,1,5.0,19031,M,4515649.0,150418.0,19
201600020648,16,9,24,1545,1,2,1,1,7.0,19031,M,4513956.0,147467.0,19
201600020649,16,9,27,2030,1,2,2,1,3.0,19031,M,4515745.0,152382.0,19
201600020650,16,9,29,1105,1,2,1,1,6.0,19031,M,4515777.0,153319.0,19
201600020651,16,9,30,1335,1,2,1,1,1.0,19031,M,4515259.0,148077.0,19
201600020652,16,10,3,1125,1,2,1,7,2.0,19031,M,4515254.0,154005.0,19
201600020653,16,10,4,1605,1,2,1,1,3.0,19031,M,4515497.0,151444.0,19
201600020654,16,10,9,1020,1,2,3,1,3.0,19031,M,4516670.0,153686.0,19
201600020655,16,10,9,1910,2,2,3,1,3.0,19031,M,4516314.0,152252.0,19
201600020656,16,10,13,1700,1,2,1,1,4.0,19031,M,4515579.0,148267.0,19
201600020657,16,10,25,1200,1,2,3,1,3.0,19031,M,4516136.0,150314.0,19
201600020658,16,10,26,1725,1,2,1,1,6.0,19031,M,4515905.0,152973.0,19
201600020659,16,10,27,1530,1,2,1,1,3.0,19031,M,4515088.0,150709.0,19
201600020660,16,10,28,1755,1,2,3,1,3.0,19031,M,4515586.0,151783.0,19
201600020661,16,11,3,1830,5,2,3,1,3.0,19031,M,4516068.0,152351.0,19
201600020662,16,11,4,1605,1,2,1,1,1.0,19031,M,4516768.0,152800.0,19
201600020663,16,11,11,305,5,2,1,2,7.0,19031,M,4516434.0,149205.0,19
201600020664,16,11,13,1625,1,2,3,3,3.0,19031,M,4516768.0,153151.0,19
201600020665,16,11,15,1435,1,1,1,1,2.0,19031,M,4514310.0,146991.0,19
201600020666,16,11,16,1455,1,2,1,2,1.0,19031,M,,,19
201600020667,16,11,18,1635,1,2,1,2,6.0,19031,M,,,19
201600020668,16,11,19,1650,1,2,3,1,3.0,19031,M,,,19
201600020669,16,11,22,1140,1,2,2,1,3.0,19031,M,,,19
201600020670,16,11,22,1835,5,2,1,3,4.0,19031,M,4514646.0,148243.0,19
201600020671,16,12,2,1510,1,2,1,1,6.0,19031,M,4516318.0,153315.0,19
201600020672,16,12,3,955,1,2,3,1,1.0,19031,M,4515377.0,150477.0,19
201600020673,16,12,5,1000,1,2,3,1,6.0,19031,M,4515687.0,153480.0,19
201600020674,16,12,9,755,2,2,3,1,3.0,19031,M,4516783.0,153978.0,19
201600020675,16,12,12,610,5,2,2,1,3.0,19031,M,4515651.0,150418.0,19
201600020676,16,12,15,1420,1,2,2,1,3.0,19031,M,4516521.0,153190.0,19
201600020677,16,12,15,1730,2,2,1,1,6.0,19031,M,4515763.0,154122.0,19
201600020678,16,12,18,1425,1,2,1,1,2.0,19031,M,4515529.0,151565.0,19
201600020679,16,12,18,1525,1,2,1,1,2.0,19031,M,4515934.0,153059.0,19
201600020680,16,12,18,1740,5,2,1,1,3.0,19031,M,4515099.0,149957.0,19
201600020681,16,12,20,1820,5,2,1,1,2.0,19031,M,4516575.0,153912.0,19
201600020682,16,12,21,1830,5,2,3,1,3.0,19031,M,4516765.0,153151.0,19
201600020683,16,12,22,2110,5,2,1,2,2.0,19031,M,4514731.0,148252.0,19
201600020684,16,12,24,1900,5,2,3,2,3.0,19031,M,4515794.0,155472.0,19
201600020685,16,2,11,1900,5,2,1,8,2.0,68343,M,4787693.0,731197.0,68
201600020686,16,5,9,1900,1,2,6,1,3.0,68043,M,4785390.0,726367.0,68
201600020687,16,9,10,400,3,1,1,1,6.0,68315,M,4788637.0,722558.0,68
201600020688,16,10,14,45,5,2,3,2,6.0,68043,M,4786120.0,723845.0,68
201600020689,16,3,3,700,2,2,1,2,6.0,59668,M,0.0,0.0,59
201600020690,16,9,1,2115,3,1,1,1,7.0,59499,M,0.0,0.0,59
201600020691,16,5,8,1130,1,1,1,7,5.0,59309,M,0.0,0.0,59
201600020692,16,5,14,1030,1,1,2,8,3.0,59668,M,0.0,0.0,59
201600020693,16,6,25,645,1,1,1,1,6.0,59260,M,5106528.0,254550.0,59
201600020694,16,8,13,1630,1,2,1,1,6.0,59309,M,0.0,0.0,59
201600020695,16,8,16,1715,1,2,1,1,1.0,59107,M,0.0,0.0,59
201600020696,16,1,10,1840,5,2,1,3,1.0,19272,M,,,19
201600020697,16,4,28,1725,1,2,1,1,6.0,19272,M,4525257.0,175669.0,19
201600020698,16,5,29,1530,1,2,1,3,6.0,19272,M,,,19
201600020699,16,6,13,900,1,1,1,1,3.0,19272,M,,,19
201600020700,16,7,5,1420,1,1,1,1,3.0,19272,M,,,19
201600020701,16,7,17,1645,1,2,1,1,6.0,19272,M,,,19
201600020702,16,7,30,1005,1,1,1,1,3.0,19272,M,,,19
201600020703,16,10,9,1730,1,2,6,1,3.0,19272,M,4526981.0,177393.0,19
201600020704,16,12,9,940,1,2,1,1,6.0,19272,M,4526889.0,177313.0,19
201600020705,16,2,2,1540,1,2,1,2,6.0,19275,M,,,19
201600020706,16,7,17,645,1,2,1,1,6.0,19275,M,4554988.0,230708.0,19
201600020707,16,10,29,1145,1,2,9,1,3.0,19275,M,4554599.0,230627.0,19
201600020708,16,10,14,1525,1,1,1,2,3.0,19275,M,4556152.0,232172.0,19
201600020709,16,11,25,645,5,2,1,3,1.0,19275,M,4555530.0,232827.0,19
201600020710,16,5,10,800,1,2,1,2,3.0,68300,M,4777680.0,736273.0,68
201600020711,16,5,27,1415,1,1,1,1,3.0,68064,M,4783437.0,755054.0,68
201600020712,16,6,1,900,1,1,1,1,6.0,68144,M,4776698.0,749917.0,68
201600020713,16,6,6,1700,1,2,6,1,3.0,68300,M,4777971.0,736474.0,68
201600020714,16,8,31,1930,2,2,1,1,2.0,68300,M,4778169.0,736593.0,68
201600020715,16,10,6,1900,5,2,1,1,1.0,68022,M,4782400.0,738100.0,68
201600020716,16,11,25,1915,3,1,1,1,3.0,68253,M,4779400.0,752400.0,68
201600020717,16,12,15,815,1,1,1,5,6.0,68022,M,4780615.0,743705.0,68
201600020718,16,1,23,1450,1,2,1,1,2.0,21054,M,4704036.0,484020.0,21
201600020719,16,2,11,1955,3,1,1,2,1.0,21054,M,,,21
201600020720,16,2,13,1845,5,2,1,2,6.0,21054,M,4703706.0,483768.0,21
201600020721,16,4,10,1040,1,1,2,1,3.0,21054,M,4701706.0,487290.0,21
201600020722,16,5,20,1755,1,2,1,1,3.0,21054,M,4702192.0,484172.0,21
201600020723,16,6,6,1120,1,2,6,1,3.0,21054,M,4701824.0,483267.0,21
201600020724,16,7,4,1820,1,2,2,1,3.0,21054,M,4702189.0,484395.0,21
201600020725,16,9,29,715,2,2,2,1,3.0,21054,M,4702978.0,483310.0,21
201600020726,16,10,4,1725,1,2,1,1,2.0,21054,M,4703129.0,484211.0,21
201600020727,16,10,7,1230,1,2,6,1,6.0,21054,M,4701979.0,484716.0,21
201600020728,16,10,11,1000,1,2,9,1,3.0,21054,M,4704078.0,483814.0,21
201600020729,16,10,20,1115,1,2,2,1,3.0,21054,M,4703819.0,483768.0,21
201600020730,16,10,27,1536,1,2,4,1,3.0,21054,M,4701686.0,484550.0,21
201600020731,16,11,3,1715,2,2,3,1,3.0,21054,M,4703520.0,483799.0,21
201600020732,16,11,28,1730,3,1,1,1,5.0,21054,M,4701097.0,485340.0,21
201600020733,16,11,23,315,5,2,4,1,6.0,21054,M,4702055.0,483910.0,21
201600020734,16,1,1,1635,1,2,1,1,2.0,21231,M,4732076.0,500911.0,21
201600020735,16,1,12,1829,5,2,1,3,5.0,21231,M,,,21
201600020736,16,1,13,1807,5,2,1,1,6.0,21231,M,4730674.0,504918.0,21
201600020737,16,1,14,1928,5,2,1,2,6.0,21231,M,4735723.0,504495.0,21
201600020738,16,1,22,1507,1,1,1,1,6.0,21231,M,,,21
201600020739,16,1,30,427,5,2,1,1,1.0,21231,M,4731361.0,498988.0,21
201600020740,16,2,2,1437,1,2,1,1,6.0,21231,M,4732231.0,506789.0,21
201600020741,16,2,11,1510,1,2,1,8,6.0,21617,M,4732912.0,501068.0,21
201600020742,16,2,28,355,5,2,1,1,6.0,21231,M,4731347.0,503285.0,21
201600020743,16,2,28,330,5,2,2,1,3.0,21231,M,4732880.0,506502.0,21
201600020744,16,3,3,1148,1,2,6,2,3.0,21231,M,4736186.0,504996.0,21
201600020745,16,3,8,1935,5,2,7,1,4.0,21231,M,4732645.0,503834.0,21
201600020746,16,3,11,2110,5,2,3,1,6.0,21231,M,4734408.0,504504.0,21
201600020747,16,3,13,415,5,2,1,1,6.0,21231,M,4732482.0,504787.0,21
201600020748,16,3,17,1625,1,2,2,1,4.0,21231,M,,,21
201600020749,16,3,26,502,5,2,4,1,6.0,21278,M,4733564.0,503118.0,21
201600020750,16,3,27,1830,1,2,9,1,1.0,21231,M,4732569.0,500762.0,21
201600020751,16,4,6,1435,1,2,1,1,6.0,21231,M,4732652.0,504421.0,21
201600020752,16,4,3,745,3,2,1,2,6.0,21355,M,4728748.0,504886.0,21
201600020753,16,5,3,938,1,2,1,8,6.0,21166,M,4729537.0,500864.0,21