Num_Acc,an,mois,jour,hrmn,lum,agg,int,atm,col,com,gps,lat,long,dep
201600020754,16,5,13,840,1,2,1,1,6.0,21231,M,4731271.0,501036.0,21
201600020755,16,5,15,450,5,2,1,1,6.0,21231,M,4731203.0,501461.0,21
201600020756,16,5,18,752,1,2,3,1,1.0,21231,M,4731731.0,506058.0,21
201600020757,16,5,26,730,1,2,2,1,3.0,21231,M,4730713.0,501966.0,21
201600020758,16,5,26,1802,1,2,1,1,6.0,21231,M,4732752.0,504666.0,21
201600020759,16,5,27,233,5,2,2,1,6.0,21231,M,4732875.0,505580.0,21
201600020760,16,6,2,1725,1,2,1,3,4.0,21231,M,4731812.0,504655.0,21
201600020761,16,6,6,2000,1,2,2,1,3.0,21231,M,4733701.0,504990.0,21
201600020762,16,6,6,1857,1,2,3,1,1.0,21231,M,4730507.0,500920.0,21
201600020763,16,6,10,2014,1,2,3,1,3.0,21166,M,4717178.0,501214.0,21
201600020764,16,6,29,1545,1,2,7,1,6.0,21231,M,4732370.0,503359.0,21
201600020765,16,6,30,1619,1,2,7,1,6.0,21231,M,4732119.0,504357.0,21
201600020766,16,7,4,1150,1,2,7,1,6.0,21231,M,4731538.0,503819.0,21
201600020767,16,7,5,2145,2,2,4,1,6.0,21231,M,4732377.0,504424.0,21
201600020768,16,7,12,1904,1,2,1,1,1.0,21231,M,4733276.0,507112.0,21
201600020769,16,7,27,905,1,2,1,1,6.0,21278,M,4733729.0,503138.0,21
201600020770,16,7,27,1131,1,2,3,1,1.0,21231,M,4730912.0,500152.0,21
201600020771,16,8,7,2020,1,2,2,1,3.0,21231,M,4732976.0,506505.0,21
201600020772,16,8,16,1420,1,2,1,1,6.0,21231,M,4733392.0,501586.0,21
201600020773,16,8,22,1850,1,2,1,1,6.0,21231,M,4732293.0,502969.0,21
201600020774,16,9,6,1450,1,2,3,1,3.0,21231,M,4731662.0,502546.0,21
201600020775,16,9,10,1740,1,2,2,1,6.0,21231,M,4731397.0,504880.0,21
201600020776,16,9,12,745,1,2,1,1,3.0,21231,M,4733032.0,504310.0,21
201600020777,16,9,18,105,5,2,1,1,7.0,21166,M,4729611.0,500405.0,21
201600020778,16,9,20,1054,1,2,1,1,3.0,21231,M,4730858.0,505602.0,21
201600020779,16,10,16,1820,2,2,1,1,2.0,21231,M,4731255.0,503952.0,21
201600020780,16,10,18,1445,1,2,1,1,4.0,21231,M,4733372.0,507393.0,21
201600020781,16,10,25,1830,5,2,3,1,5.0,21231,M,4731483.0,503113.0,21
201600020782,16,10,27,1450,1,2,5,1,6.0,21231,M,4731476.0,508223.0,21
201600020783,16,10,29,808,1,2,2,1,3.0,21166,M,4729778.0,501345.0,21
201600020784,16,10,29,1709,1,2,2,1,3.0,21231,M,4732726.0,506508.0,21
201600020785,16,11,21,520,5,2,2,2,3.0,21231,M,4730558.0,502211.0,21
201600020786,16,12,2,1620,1,2,2,7,6.0,21231,M,4730956.0,501661.0,21
201600020787,16,12,1,1220,1,2,4,1,1.0,21355,M,4730026.0,505185.0,21
201600020788,16,12,9,1650,2,2,1,5,6.0,21231,M,4731864.0,500145.0,21
201600020789,16,12,10,1249,1,2,1,1,6.0,21231,M,4734078.0,505445.0,21
201600020790,16,12,8,1638,2,2,1,5,3.0,21231,M,4730459.0,506228.0,21
201600020791,16,12,28,110,5,2,4,1,6.0,21231,M,4733688.0,505537.0,21
201600020792,16,1,11,715,3,1,1,1,1.0,42308,M,4544325.0,464085.0,42
201600020793,16,2,5,1245,1,1,1,1,1.0,42210,M,4547704.0,464985.0,42
201600020794,16,2,12,1245,1,1,1,2,6.0,42271,M,4545105.0,460893.0,42
201600020795,16,3,8,745,3,1,1,1,6.0,42308,M,4546256.0,458330.0,42
201600020796,16,3,8,1130,1,2,1,1,6.0,42271,M,4548230.0,457509.0,42
201600020797,16,5,29,2045,2,1,1,1,7.0,42271,M,4549075.0,456953.0,42
201600020798,16,6,6,1915,1,1,1,1,7.0,42320,M,4554984.0,452072.0,42
201600020799,16,7,11,1745,1,1,1,3,3.0,42242,M,4554564.0,462944.0,42
201600020800,16,8,13,1415,1,1,1,1,1.0,42307,M,4555024.0,467323.0,42
201600020801,16,9,14,1645,1,1,1,1,7.0,42322,M,4539971.0,453329.0,42
201600020802,16,1,14,1800,2,2,1,2,7.0,22113,M,4874840.0,-345762.0,22
201600020803,16,1,22,730,3,1,1,2,2.0,22113,M,4877257.0,-348587.0,22
201600020804,16,1,27,1847,3,2,1,3,6.0,22113,M,4873416.0,-344064.0,22
201600020805,16,2,8,1835,3,1,1,3,2.0,22113,M,4875218.0,-345445.0,22
201600020806,16,1,25,820,2,1,1,1,3.0,22113,M,4875337.0,-351682.0,22
201600020807,16,1,26,835,1,2,1,1,1.0,22113,M,4875942.0,-347744.0,22
201600020808,16,2,13,2200,5,2,1,3,6.0,22113,M,4872750.0,-346643.0,22
201600020809,16,2,23,2305,5,2,1,1,7.0,22113,M,4873978.0,-346560.0,22
201600020810,16,3,7,1655,1,2,3,1,3.0,22113,M,4872611.0,-344855.0,22
201600020811,16,3,8,1815,1,2,1,1,1.0,22113,M,4873323.0,-345152.0,22
201600020812,16,2,19,1615,1,2,4,1,3.0,22113,M,4873882.0,-346375.0,22
201600020813,16,3,31,955,1,2,1,1,6.0,22113,M,4873066.0,-345983.0,22
201600020814,16,4,13,835,1,2,1,7,6.0,22113,M,4874658.0,-346415.0,22
201600020815,16,4,19,1659,1,1,1,1,6.0,22113,M,4873007.0,-346060.0,22
201600020816,16,4,18,850,1,1,3,1,3.0,22113,M,4872025.0,-348549.0,22
201600020817,16,5,14,2340,5,2,1,1,1.0,22113,M,4873287.0,-344446.0,22
201600020818,16,6,30,2220,2,1,1,8,7.0,22113,M,4875210.0,-350318.0,22
201600020819,16,7,4,1645,1,2,3,1,3.0,22113,M,4872610.0,-344857.0,22
201600020820,16,7,5,1815,1,1,1,1,2.0,22113,M,4875330.0,-345901.0,22
201600020821,16,7,13,1205,1,1,1,2,1.0,22113,M,4874890.0,-345150.0,22
201600020822,16,7,20,1325,1,2,1,8,4.0,22113,M,4844506.0,-328561.0,22
201600020823,16,7,21,1305,1,2,1,1,2.0,22113,M,4873042.0,-346866.0,22
201600020824,16,7,25,1725,1,1,3,1,3.0,22113,M,4872524.0,-347153.0,22
201600020825,16,8,8,2230,4,2,1,1,6.0,22113,M,4874320.0,-347275.0,22
201600020826,16,7,26,1415,1,2,9,1,6.0,22113,M,4873296.0,-344456.0,22
201600020827,16,8,8,1740,1,2,1,1,3.0,22113,M,4874744.0,-346680.0,22
201600020828,16,8,14,2115,1,2,1,1,6.0,22113,M,4874364.0,-348011.0,22
201600020829,16,8,10,1755,1,2,1,1,6.0,22113,M,4872674.0,-344782.0,22
201600020830,16,8,19,115,5,2,6,1,3.0,22113,M,4873199.0,-346510.0,22
201600020831,16,8,29,1330,1,1,1,1,2.0,22113,M,4874915.0,-346075.0,22
201600020832,16,8,9,1525,1,2,6,1,3.0,22113,M,4874706.0,-346162.0,22
201600020833,16,9,15,1620,1,1,6,1,6.0,22113,M,4873412.0,-343931.0,22
201600020834,16,10,3,935,1,2,6,1,3.0,22113,M,4874472.0,-347667.0,22
201600020835,16,11,2,955,1,2,6,2,7.0,22113,M,4874287.0,-347342.0,22
201600020836,16,11,14,1455,1,1,1,1,2.0,22113,M,4872434.0,-343136.0,22
201600020837,16,11,15,1600,1,1,1,1,6.0,22113,M,4873304.0,-343727.0,22
201600020838,16,11,16,1018,1,2,1,2,6.0,22113,M,4873369.0,-344434.0,22
201600020839,16,12,3,1015,1,2,1,1,2.0,22113,M,4873485.0,-346808.0,22
201600020840,16,11,26,1600,1,2,1,1,6.0,22113,M,4874431.0,-346225.0,22
201600020841,16,12,9,1444,1,2,1,1,7.0,22113,M,4873803.0,-345661.0,22
201600020842,16,12,7,1925,2,2,3,1,3.0,22113,M,4874902.0,-348608.0,22
201600020843,16,12,18,748,3,1,4,5,6.0,22113,M,4875289.0,-341044.0,22
201600020844,16,12,26,2040,3,1,1,1,6.0,22113,M,4874454.0,-353405.0,22
201600020845,16,12,29,820,3,2,2,1,6.0,22113,M,4874901.0,-348594.0,22
201600020846,16,12,28,1625,1,1,1,1,3.0,22215,M,4848346.0,-279650.0,22
201600020847,16,1,5,1404,1,1,1,1,3.0,22106,M,4849466.0,-272479.0,22
201600020848,16,12,16,2015,3,1,1,1,7.0,22360,M,4828208.0,-245050.0,22
201600020849,16,1,5,950,1,1,6,8,3.0,22187,M,4854622.0,-277270.0,22
201600020850,16,1,5,815,5,2,3,1,3.0,22215,M,4849750.0,-279891.0,22
201600020851,16,1,12,1745,2,2,6,2,4.0,22278,M,4851846.0,-274844.0,22
201600020852,16,1,9,1140,1,2,1,2,6.0,22278,M,4851701.0,-275438.0,22
201600020853,16,1,15,810,3,1,3,2,2.0,22106,M,4849172.0,-270479.0,22
201600020854,16,1,31,1900,5,2,1,1,6.0,22278,M,4850373.0,-276219.0,22
201600020855,16,1,12,800,5,2,1,2,6.0,22278,M,4851199.0,-275579.0,22
201600020856,16,2,4,1820,1,1,1,1,3.0,22106,M,4849581.0,-273140.0,22
201600020857,16,2,5,1740,1,2,1,1,2.0,22278,M,4850454.0,-276202.0,22
201600020858,16,2,5,1720,1,2,1,1,3.0,22278,M,4851753.0,-273412.0,22
201600020859,16,2,9,1615,1,1,1,2,4.0,22215,M,4849456.0,-276432.0,22
201600020860,16,2,18,1710,1,1,6,1,2.0,22278,M,4849338.0,-276137.0,22
201600020861,16,1,23,1435,1,1,1,1,7.0,22215,M,4848196.0,-279259.0,22
201600020862,16,2,28,1730,1,1,6,1,3.0,22215,M,4849403.0,-276282.0,22
201600020863,16,3,7,1440,1,1,1,1,6.0,22360,M,4846538.0,-277855.0,22
201600020864,16,2,28,1650,1,1,1,1,7.0,22278,M,4852155.0,-278330.0,22
201600020865,16,3,22,2013,4,1,2,1,4.0,22278,M,4850785.0,-273314.0,22
201600020866,16,4,6,1810,1,1,1,1,2.0,22187,M,4853131.0,-275632.0,22
201600020867,16,4,20,845,1,2,2,1,1.0,22278,M,4851732.0,-277837.0,22
201600020868,16,4,15,2013,1,1,1,1,7.0,22278,M,4852541.0,-274052.0,22
201600020869,16,4,19,1215,1,2,6,1,3.0,22278,M,4849709.0,-274703.0,22
201600020870,16,4,22,1330,1,2,1,1,6.0,22278,M,4850630.0,-274736.0,22
201600020871,16,3,31,1830,1,2,2,1,1.0,22278,M,4851320.0,-278042.0,22
201600020872,16,5,1,130,3,1,1,1,6.0,22215,M,4850144.0,-281322.0,22
201600020873,16,4,28,1426,1,2,1,1,4.0,22278,M,4851154.0,-274524.0,22
201600020874,16,4,28,1850,1,2,3,1,3.0,22215,M,4849386.0,-278139.0,22
201600020875,16,5,15,830,1,2,6,7,3.0,22360,M,4848834.0,-274235.0,22
201600020876,16,5,25,805,1,1,9,1,3.0,22187,M,4854300.0,-278268.0,22
201600020877,16,5,28,2220,4,2,3,1,2.0,22278,M,4851421.0,-274747.0,22
201600020878,16,6,6,1215,1,2,6,1,3.0,22278,M,4850884.0,-277212.0,22
201600020879,16,6,8,1810,1,2,2,1,6.0,22278,M,4851225.0,-278132.0,22
201600020880,16,6,11,1125,1,1,4,1,2.0,22360,M,4848178.0,-269326.0,22
201600020881,16,6,15,840,1,2,1,1,4.0,22278,M,4851224.0,-275418.0,22
201600020882,16,6,26,1745,1,1,9,1,2.0,22187,M,4854527.0,-278684.0,22
201600020883,16,7,5,1140,1,2,1,1,6.0,22278,M,4851128.0,-276102.0,22
201600020884,16,7,5,1550,1,1,1,1,7.0,22106,M,4849978.0,-273147.0,22
201600020885,16,7,18,1940,1,2,1,1,3.0,22278,M,4852030.0,-275226.0,22
201600020886,16,7,24,2025,1,1,1,1,3.0,22187,M,4854014.0,-276353.0,22
201600020887,16,7,22,2000,1,2,1,1,6.0,22187,M,4852908.0,-273137.0,22
201600020888,16,7,26,1655,1,1,1,1,7.0,22278,M,4851605.0,-274367.0,22
201600020889,16,7,27,1715,1,1,1,1,2.0,22106,M,4850112.0,-272836.0,22
201600020890,16,7,28,2010,1,2,2,1,3.0,22278,M,4851552.0,-277358.0,22
201600020891,16,8,2,1325,1,1,1,1,4.0,22360,M,4849257.0,-276253.0,22
201600020892,16,8,6,1540,1,1,6,1,3.0,22360,M,4849305.0,-276238.0,22
201600020893,16,6,26,15,3,2,1,1,6.0,22360,M,4847907.0,-270739.0,22
201600020894,16,8,10,850,1,2,6,1,3.0,22278,M,4849822.0,-275194.0,22
201600020895,16,8,5,1630,1,2,2,1,3.0,22360,M,4846824.0,-276553.0,22
201600020896,16,8,9,1345,1,2,1,1,3.0,22187,M,4855624.0,-276947.0,22
201600020897,16,8,26,1852,1,1,6,1,7.0,22187,M,4852353.0,-276392.0,22
201600020898,16,8,31,1750,1,2,1,1,2.0,22278,M,4851075.0,-275692.0,22
201600020899,16,9,7,1500,1,1,1,1,6.0,22106,M,4849628.0,-272728.0,22
201600020900,16,9,3,1108,1,1,1,1,4.0,22360,M,4849251.0,-276261.0,22
201600020901,16,9,13,1,4,2,1,1,7.0,22106,M,4849291.0,-270900.0,22
201600020902,16,9,12,1500,1,2,1,1,6.0,22278,M,4851235.0,-275076.0,22
201600020903,16,9,12,1200,1,1,6,1,3.0,22278,M,4849773.0,-274823.0,22
201600020904,16,7,3,1620,1,1,1,1,1.0,22215,M,4846248.0,-279764.0,22
201600020905,16,7,5,1850,1,2,2,1,3.0,22278,M,4850025.0,-275115.0,22
201600020906,16,9,16,805,1,1,1,3,1.0,22278,M,4851015.0,-274225.0,22
201600020907,16,9,22,1850,1,1,3,1,2.0,22106,M,4849724.0,-268922.0,22
201600020908,16,9,21,1740,1,1,3,1,3.0,22278,M,4850230.0,-276894.0,22
201600020909,16,9,16,1730,1,1,6,1,3.0,22360,M,4849325.0,-276163.0,22
201600020910,16,10,1,940,1,2,3,1,2.0,22360,M,4849140.0,-272578.0,22
201600020911,16,10,4,2115,5,2,2,1,1.0,22278,M,4850021.0,-275120.0,22
201600020912,16,10,4,1340,1,1,1,1,4.0,22278,M,4850802.0,-273670.0,22
201600020913,16,10,6,1510,1,1,3,1,3.0,22187,M,4854542.0,-278694.0,22
201600020914,16,10,1,1735,1,1,6,1,5.0,22360,M,4849402.0,-276280.0,22
201600020915,16,9,29,1605,1,1,3,1,3.0,22187,M,4854145.0,-282515.0,22
201600020916,16,10,11,1020,1,1,1,7,6.0,22187,M,4854099.0,-283213.0,22
201600020917,16,6,24,2320,3,1,2,1,3.0,22187,M,4854176.0,-283467.0,22
201600020918,16,10,7,1840,1,2,2,1,3.0,22187,M,4854027.0,-277114.0,22
201600020919,16,10,7,2110,3,1,1,1,6.0,22187,M,4854631.0,-278094.0,22
201600020920,16,10,18,1900,1,2,1,1,5.0,22278,M,4850900.0,-278320.0,22
201600020921,16,10,26,1805,1,1,1,1,2.0,22360,M,4849109.0,-276299.0,22
201600020922,16,9,21,1640,1,2,1,1,2.0,22278,M,4850966.0,-275976.0,22
201600020923,16,10,20,2300,5,2,1,2,6.0,22278,M,4851269.0,-276213.0,22
201600020924,16,11,2,1845,5,1,1,1,3.0,22106,M,4849858.0,-272533.0,22
201600020925,16,10,29,1600,1,1,2,1,5.0,22187,M,4854475.0,-278568.0,22
201600020926,16,11,7,1810,2,1,1,1,4.0,22187,M,4854467.0,-277216.0,22
201600020927,16,11,8,1830,5,2,1,2,4.0,22187,M,4853536.0,-277041.0,22
201600020928,16,10,24,2105,5,2,2,1,1.0,22278,M,4850767.0,-274347.0,22
201600020929,16,10,29,1025,1,2,2,1,6.0,22278,M,4851072.0,-275134.0,22
201600020930,16,11,7,1840,1,2,2,1,3.0,22278,M,4851556.0,-277358.0,22
201600020931,16,11,12,1000,1,2,3,1,2.0,22278,M,4850633.0,-276573.0,22
201600020932,16,11,11,1730,5,2,2,1,3.0,22278,M,4849349.0,-275370.0,22
201600020933,16,11,20,1600,1,2,2,2,3.0,22278,M,4850522.0,-276967.0,22
201600020934,16,11,25,810,5,2,2,1,3.0,22106,M,4849556.0,-271793.0,22
201600020935,16,11,11,215,3,1,1,2,6.0,22215,M,4850791.0,-281380.0,22
201600020936,16,11,25,1430,1,1,6,1,2.0,22360,M,4849405.0,-276184.0,22
201600020937,16,11,18,1211,1,1,6,1,1.0,22360,M,4848873.0,-276418.0,22
201600020938,16,11,22,800,2,2,1,1,6.0,22278,M,4851745.0,-276579.0,22
201600020939,16,12,3,1015,1,2,6,1,3.0,22106,M,4849836.0,-272326.0,22
201600020940,16,12,6,1715,1,2,1,1,6.0,22278,M,4851060.0,-276258.0,22
201600020941,16,12,8,805,5,1,6,2,6.0,22360,M,4849315.0,-276271.0,22
201600020942,16,12,10,1254,1,2,1,1,6.0,22278,M,4851347.0,-276090.0,22
201600020943,16,11,24,1740,1,1,3,1,3.0,22187,M,4854470.0,-278563.0,22
201600020944,16,11,24,1845,4,2,1,1,6.0,22278,M,4851619.0,-277605.0,22
201600020945,16,12,24,1730,2,1,1,1,6.0,22187,M,4854291.0,-278235.0,22
201600020946,16,12,7,1815,3,1,1,1,1.0,22187,M,4855161.0,-280095.0,22
201600020947,16,2,10,1030,1,2,1,1,6.0,23096,M,4617788.0,187717.0,23
201600020948,16,5,24,750,2,2,1,7,1.0,23096,M,4616697.0,188564.0,23
201600020949,16,7,8,1330,1,2,1,1,7.0,23096,M,4616830.0,187165.0,23
201600020950,16,7,25,1420,1,2,1,1,7.0,23096,M,4617707.0,185874.0,23
201600020951,16,7,26,1825,1,2,2,1,3.0,23096,M,4617238.0,186763.0,23
201600020952,16,9,23,1500,1,1,2,1,3.0,23096,M,4614364.0,186637.0,23
201600020953,16,10,12,1355,1,1,1,1,5.0,23096,M,4618881.0,189570.0,23
201600020954,16,3,13,55,5,2,4,1,1.0,24037,M,4486170.0,49671.0,24
201600020955,16,3,15,1345,1,2,2,1,3.0,24037,M,4484320.0,48316.0,24
201600020956,16,4,20,1450,1,2,1,1,3.0,24037,M,4484240.0,46679.0,24
201600020957,16,4,18,655,5,2,3,1,6.0,24037,M,4486430.0,49932.0,24
201600020958,16,5,31,1045,1,1,1,3,1.0,24037,M,4481980.0,50437.0,24
201600020959,16,8,3,945,1,2,1,1,6.0,24037,M,4485280.0,48718.0,24
201600020960,16,8,5,900,1,2,1,1,6.0,24037,M,4485550.0,48527.0,24
201600020961,16,8,11,1315,1,2,1,1,6.0,24037,M,4486480.0,47160.0,24
201600020962,16,11,3,600,5,2,2,5,6.0,24037,M,4486060.0,47912.0,24
201600020963,16,11,19,1625,1,2,2,1,3.0,24037,M,4483530.0,48671.0,24
201600020964,16,12,7,1645,1,1,1,1,6.0,24037,M,4486350.0,45200.0,24
201600020965,16,12,13,1250,1,2,1,1,6.0,24037,M,4483640.0,49308.0,24
201600020966,16,1,11,815,2,2,1,5,6.0,24322,M,4517710.0,73133.0,24
201600020967,16,1,27,2040,5,2,2,1,3.0,24557,M,4519050.0,74102.0,24
201600020968,16,2,12,802,2,2,1,3,6.0,24138,M,4518930.0,69662.0,24
201600020969,16,2,23,910,1,2,1,1,6.0,24322,M,4518390.0,72379.0,24
201600020970,16,4,7,835,1,2,3,1,6.0,24053,M,4518270.0,71892.0,24
201600020971,16,4,10,1425,1,2,3,7,3.0,24322,M,4518980.0,72409.0,24
201600020972,16,4,4,800,1,2,1,1,2.0,24256,M,4519810.0,66118.0,24
201600020973,16,4,30,915,1,2,3,1,6.0,24322,M,4518270.0,71892.0,24
201600020974,16,4,30,1522,1,2,3,2,3.0,24322,M,4518220.0,71988.0,24
201600020975,16,5,4,1255,1,2,3,1,3.0,24322,M,4518610.0,73850.0,24
201600020976,16,7,22,1215,1,1,1,1,3.0,24053,M,4517889.0,74040.0,24
201600020977,16,9,14,730,1,2,1,1,6.0,24053,M,4518325.0,76830.0,24
201600020978,16,10,2,535,5,2,3,1,6.0,24322,M,4518340.0,72520.0,24
201600020979,16,10,6,1420,1,2,1,1,6.0,24322,M,4518410.0,71626.0,24
201600020980,16,10,17,955,1,2,9,2,6.0,24322,M,4518780.0,71921.0,24
201600020981,16,10,10,1510,1,1,6,1,6.0,24557,M,4518890.0,76436.0,24
201600020982,16,10,26,1740,1,2,1,1,6.0,24322,M,4518070.0,71746.0,24
201600020983,16,10,25,1730,1,1,1,1,1.0,24102,M,4519730.0,62947.0,24
201600020984,16,10,25,1730,1,2,1,1,2.0,24557,M,4519000.0,73362.0,24
201600020985,16,11,7,1914,5,1,2,1,3.0,24322,M,4518376.0,73359.0,24
201600020986,16,12,1,1120,1,1,9,1,5.0,24256,M,4519790.0,66035.0,24
201600020987,16,9,22,1210,1,2,2,1,7.0,24322,M,4517860.0,73868.0,24
201600020988,16,11,5,1740,2,1,1,1,2.0,24312,M,4510950.0,69253.0,24
201600020989,16,12,13,715,5,2,6,1,3.0,24256,M,4519100.0,66159.0,24
201600020990,16,12,17,1020,1,1,1,1,6.0,24557,M,4519052.0,74013.0,24
201600020991,16,1,6,1630,2,2,3,2,6.0,25056,M,4724527.0,602805.0,25
201600020992,16,1,6,1836,1,2,7,2,6.0,25056,M,4723444.0,602055.0,25
201600020993,16,1,7,1929,5,2,1,9,6.0,25056,M,4724222.0,602277.0,25
201600020994,16,1,7,1800,5,2,3,2,3.0,25056,M,4723444.0,598416.0,25
201600020995,16,1,8,1849,5,2,3,2,3.0,25056,M,4725760.0,604202.0,25
201600020996,16,1,11,635,3,2,1,3,6.0,25056,M,4723280.0,598247.0,25
201600020997,16,1,11,755,3,2,1,3,1.0,25056,M,4724286.0,601190.0,25
201600020998,16,1,15,1812,5,2,3,1,6.0,25056,M,,,25
201600020999,16,1,17,2255,5,2,1,1,6.0,25056,M,4721916.0,594844.0,25
201600021000,16,1,22,530,3,2,1,1,6.0,25056,M,4721611.0,598713.0,25
201600021001,16,1,25,1802,2,2,1,1,6.0,25056,M,4725008.0,603769.0,25
201600021002,16,2,3,1540,1,1,9,2,6.0,25056,M,4724277.0,601705.0,25
201600021003,16,2,4,1858,5,2,1,2,6.0,25056,M,4725033.0,600480.0,25
201600021004,16,2,11,2223,5,2,9,9,6.0,25056,M,4714424.0,600849.0,25
201600021005,16,2,14,57,5,2,1,1,6.0,25056,M,4725969.0,604040.0,25
201600021006,16,2,14,1824,1,2,1,1,6.0,25056,M,,,25
201600021007,16,2,15,1000,1,2,1,1,4.0,25056,M,4725617.0,602850.0,25
201600021008,16,2,18,1909,5,2,1,2,6.0,25056,M,4725046.0,603075.0,25
201600021009,16,3,5,2326,5,2,1,2,1.0,25056,M,,,25
201600021010,16,3,15,806,1,2,1,1,7.0,25056,M,4723444.0,601000.0,25
201600021011,16,3,21,1920,2,2,1,1,6.0,25056,M,4722269.0,596669.0,25
201600021012,16,3,23,2100,5,2,1,1,2.0,25056,M,,,25
201600021013,16,3,25,1352,1,1,1,8,5.0,25056,M,,,25
201600021014,16,3,26,2008,5,2,1,1,6.0,25056,M,4724232.0,602082.0,25
201600021015,16,4,1,1018,1,2,1,1,6.0,25056,M,4723058.0,599408.0,25
201600021016,16,4,1,1700,1,2,1,1,6.0,25056,M,4721315.0,596423.0,25
201600021017,16,4,8,928,1,2,2,1,6.0,25056,M,4724311.0,599461.0,25
201600021018,16,4,10,154,5,2,1,1,6.0,25056,M,4726185.0,603420.0,25
201600021019,16,4,11,1118,1,2,1,1,6.0,25056,M,,,25
201600021020,16,4,12,708,1,2,1,1,6.0,25056,M,4722872.0,603805.0,25
201600021021,16,4,13,2305,5,2,1,2,6.0,25056,M,4722328.0,597625.0,25
201600021022,16,4,24,1606,1,2,6,1,3.0,25056,M,4726038.0,602702.0,25
201600021023,16,5,1,545,5,2,1,3,6.0,25056,M,4723036.0,601163.0,25
201600021024,16,5,2,1739,1,2,2,1,3.0,25056,M,4724216.0,603344.0,25
201600021025,16,5,6,400,5,2,3,1,3.0,25056,M,4725741.0,603628.0,25
201600021026,16,5,7,1129,1,2,2,1,3.0,25056,M,4724496.0,598157.0,25
201600021027,16,5,10,1745,1,2,1,1,6.0,25056,M,4722002.0,597638.0,25
201600021028,16,5,14,39,5,2,1,2,6.0,25056,M,4724583.0,603519.0,25
201600021029,16,5,18,1816,1,2,1,1,6.0,25056,M,4721808.0,597027.0,25
201600021030,16,5,20,1739,1,2,4,1,6.0,25056,M,4724098.0,601821.0,25
201600021031,16,5,28,434,5,2,1,8,6.0,25056,M,4724147.0,603269.0,25
201600021032,16,5,28,450,5,2,1,1,2.0,25056,M,4723261.0,600216.0,25
201600021033,16,6,4,244,5,2,1,1,6.0,25056,M,4722635.0,603143.0,25
201600021034,16,6,6,2330,5,2,1,1,6.0,25056,M,4724957.0,598417.0,25
201600021035,16,6,7,1400,1,2,1,1,6.0,25056,M,4722858.0,598670.0,25
201600021036,16,6,7,1449,1,2,2,1,6.0,25056,M,4724906.0,603126.0,25
201600021037,16,6,9,1902,1,2,1,1,2.0,25056,M,4726109.0,601605.0,25
201600021038,16,6,17,602,1,2,1,2,6.0,25056,M,4713689.0,600932.0,25
201600021039,16,6,18,1601,1,2,3,8,2.0,25056,M,4722792.0,598386.0,25
201600021040,16,6,19,1730,1,2,6,1,2.0,25056,M,4722074.0,598003.0,25
201600021041,16,6,21,1042,1,2,1,1,6.0,25056,M,4725847.0,602299.0,25
201600021042,16,6,21,1645,1,2,9,1,6.0,25056,M,4722123.0,596970.0,25
201600021043,16,6,23,1652,1,2,1,1,6.0,25056,M,4722489.0,597694.0,25
201600021044,16,6,24,1404,1,2,1,1,6.0,25056,M,4726326.0,604810.0,25
201600021045,16,6,26,1338,1,2,1,1,6.0,25056,M,0.0,0.0,25
201600021046,16,6,29,2330,5,2,4,2,6.0,25056,M,4724199.0,599371.0,25
201600021047,16,7,4,1908,1,2,1,1,3.0,25056,M,4725569.0,602155.0,25
201600021048,16,7,16,202,5,2,1,1,6.0,25056,M,4724247.0,601294.0,25
201600021049,16,7,22,717,1,2,9,1,6.0,25056,M,4724219.0,600897.0,25
201600021050,16,7,23,1058,1,2,1,1,6.0,25056,M,4721810.0,601359.0,25
201600021051,16,7,27,32,5,2,1,1,6.0,25056,M,4722155.0,595894.0,25
201600021052,16,8,6,722,1,2,1,1,6.0,25056,M,4722470.0,597473.0,25
201600021053,16,8,25,303,3,1,1,1,6.0,25056,M,4721708.0,602105.0,25
201600021054,16,8,27,1526,1,2,1,1,3.0,25056,M,4721694.0,594858.0,25
201600021055,16,8,30,719,1,2,1,1,7.0,25056,M,4724331.0,601723.0,25
201600021056,16,8,31,2041,5,2,3,1,3.0,25056,M,4723448.0,598426.0,25
201600021057,16,9,9,1241,1,2,1,1,6.0,25056,M,4721663.0,598094.0,25
201600021058,16,9,9,1949,1,2,1,1,6.0,25056,M,4724984.0,600492.0,25
201600021059,16,9,12,1727,1,2,1,1,6.0,25056,M,4722983.0,596650.0,25
201600021060,16,9,15,1613,1,2,1,8,6.0,25056,M,4725152.0,603487.0,25
201600021061,16,9,16,947,1,2,9,8,3.0,25056,M,4723042.0,601170.0,25
201600021062,16,9,16,1754,1,2,1,1,1.0,25056,M,4723094.0,600928.0,25
201600021063,16,9,24,1801,1,2,3,1,6.0,25056,M,4724933.0,600264.0,25
201600021064,16,10,2,1111,1,2,1,1,7.0,25056,M,4723950.0,601282.0,25