Num_Acc,an,mois,jour,hrmn,lum,agg,int,atm,col,com,gps,lat,long,dep
201600021065,16,10,3,1724,1,2,1,1,2.0,25056,M,4724288.0,602468.0,25
201600021066,16,10,6,1751,1,2,1,1,3.0,25056,M,4724471.0,603493.0,25
201600021067,16,10,11,1225,1,2,3,1,6.0,25056,M,4722536.0,597404.0,25
201600021068,16,10,14,1410,1,2,1,1,1.0,25056,M,4724736.0,603895.0,25
201600021069,16,10,15,250,5,2,1,1,6.0,25056,M,4723436.0,598432.0,25
201600021070,16,10,16,442,5,1,1,2,6.0,25056,M,4721805.0,594456.0,25
201600021071,16,10,18,1750,1,2,1,1,6.0,25056,M,4724343.0,602386.0,25
201600021072,16,10,28,1821,1,2,1,1,5.0,25056,M,4723699.0,600309.0,25
201600021073,16,10,30,552,5,2,1,1,6.0,25056,M,4723044.0,601705.0,25
201600021074,16,11,3,1427,1,2,1,1,6.0,25056,M,4722042.0,595441.0,25
201600021075,16,11,5,1825,5,2,1,2,6.0,25056,M,4724762.0,602822.0,25
201600021076,16,11,7,1652,1,2,3,1,3.0,25056,M,4725459.0,604481.0,25
201600021077,16,11,27,251,5,2,1,1,7.0,25056,M,4723080.0,602893.0,25
201600021078,16,11,26,1308,1,2,1,1,1.0,25056,M,4721858.0,594654.0,25
201600021079,16,11,28,1933,5,2,1,1,6.0,25056,M,4722038.0,597790.0,25
201600021080,16,12,1,1730,1,2,1,1,2.0,25056,M,4725109.0,603445.0,25
201600021081,16,12,9,242,5,2,1,1,6.0,25056,M,4723309.0,600390.0,25
201600021082,16,12,9,755,1,2,1,9,6.0,25056,M,4723962.0,602797.0,25
201600021083,16,12,11,1613,1,1,1,1,6.0,25056,M,4729756.0,603458.0,25
201600021084,16,12,14,1749,3,2,1,1,6.0,25056,M,4725081.0,599201.0,25
201600021085,16,12,18,954,1,2,1,1,6.0,25056,M,4723806.0,602384.0,25
201600021086,16,12,27,1810,1,2,1,1,3.0,25056,M,4722875.0,598797.0,25
201600021087,16,1,20,1950,5,2,1,9,6.0,25031,M,4748422.0,683792.0,25
201600021088,16,1,4,1730,3,2,1,3,6.0,25031,M,4746808.0,684779.0,25
201600021089,16,1,26,1610,1,2,1,1,6.0,25388,M,,,25
201600021090,16,2,2,1750,3,2,1,2,6.0,25539,M,4746787.0,685394.0,25
201600021091,16,2,4,1401,1,2,1,2,6.0,25031,M,4747920.0,684180.0,25
201600021092,16,2,4,2122,5,2,1,2,5.0,25031,M,4748452.0,683695.0,25
201600021093,16,2,10,1237,1,1,1,1,7.0,25388,M,4749984.0,682206.0,25
201600021094,16,2,23,2221,5,2,1,1,6.0,25388,M,,,25
201600021095,16,3,9,1800,1,2,1,1,7.0,25031,M,4748216.0,683771.0,25
201600021096,16,3,11,2252,5,2,1,1,7.0,25388,M,4750995.0,679418.0,25
201600021097,16,3,12,1520,1,1,1,1,6.0,25388,M,4750392.0,679295.0,25
201600021098,16,3,30,1710,1,1,1,1,6.0,25031,M,4748216.0,683771.0,25
201600021099,16,4,28,1540,1,2,1,1,6.0,25031,M,4749062.0,682793.0,25
201600021100,16,4,23,1010,1,2,1,2,7.0,25547,M,4751224.0,683652.0,25
201600021101,16,5,2,1630,1,1,1,1,3.0,25580,M,4747105.0,683138.0,25
201600021102,16,3,18,1210,1,2,9,1,4.0,25539,M,4746600.0,685499.0,25
201600021103,16,5,8,1745,1,2,1,1,6.0,25580,M,4747011.0,683249.0,25
201600021104,16,4,27,1604,1,2,1,1,6.0,25388,M,4751263.0,679776.0,25
201600021105,16,6,1,810,1,2,1,1,1.0,25580,M,4747232.0,683666.0,25
201600021106,16,6,26,2000,1,2,7,1,3.0,25580,M,4747232.0,683666.0,25
201600021107,16,7,13,2240,5,2,3,1,1.0,25388,M,4750936.0,678630.0,25
201600021108,16,7,27,2330,5,2,1,1,2.0,25031,M,4748226.0,684522.0,25
201600021109,16,9,21,1433,1,2,1,1,4.0,25031,M,4748513.0,684126.0,25
201600021110,16,9,23,1620,1,2,7,1,6.0,25388,M,4751011.0,680154.0,25
201600021111,16,10,9,450,5,1,1,1,7.0,25388,M,4751623.0,681540.0,25
201600021112,16,11,10,2231,5,2,1,3,6.0,25388,M,,,25
201600021113,16,11,17,706,4,2,1,8,6.0,25031,M,4748746.0,684238.0,25
201600021114,16,12,13,1841,5,2,3,1,3.0,25388,M,4750229.0,680170.0,25
201600021115,16,1,22,825,1,2,1,1,1.0,25462,M,,,25
201600021116,16,2,2,1810,5,2,6,1,1.0,25462,M,4690213.0,634603.0,25
201600021117,16,2,8,1030,1,2,1,2,6.0,25462,M,4690170.0,636013.0,25
201600021118,16,3,5,1433,1,2,3,1,6.0,25462,M,4690906.0,634904.0,25
201600021119,16,4,5,1410,1,2,1,2,7.0,25462,M,4690224.0,634767.0,25
201600021120,16,5,14,1115,1,2,1,2,3.0,25462,M,4690936.0,633666.0,25
201600021121,16,5,17,1227,1,2,1,1,4.0,25462,M,4690953.0,634371.0,25
201600021122,16,5,27,1500,1,2,1,1,6.0,25462,M,4689870.0,634604.0,25
201600021123,16,6,7,808,1,2,1,1,6.0,25462,M,4690606.0,634821.0,25
201600021124,16,6,11,1215,1,2,2,3,3.0,25462,M,4691406.0,633738.0,25
201600021125,16,6,11,1250,1,2,3,2,3.0,25462,M,4690606.0,635284.0,25
201600021126,16,6,11,1749,1,1,3,2,3.0,25204,M,4693211.0,636655.0,25
201600021127,16,6,14,730,1,1,1,3,6.0,25462,M,,,25
201600021128,16,6,15,825,1,2,2,1,1.0,25462,M,4691544.0,634221.0,25
201600021129,16,6,19,1930,1,2,1,1,6.0,25462,M,4691976.0,634272.0,25
201600021130,16,6,27,1155,1,2,1,1,3.0,25462,M,4690090.0,635533.0,25
201600021131,16,6,28,530,1,2,1,1,6.0,25204,M,4692590.0,634316.0,25
201600021132,16,7,3,1520,1,2,3,1,3.0,25462,M,4690050.0,635657.0,25
201600021133,16,7,5,718,1,2,6,1,6.0,25462,M,4690092.0,634294.0,25
201600021134,16,7,6,1745,1,2,7,1,3.0,25462,M,4690492.0,635710.0,25
201600021135,16,7,8,1945,1,1,3,1,2.0,25204,M,4692778.0,634921.0,25
201600021136,16,7,15,1425,1,2,3,1,7.0,25462,M,,,25
201600021137,16,8,3,1215,1,1,1,1,3.0,25462,M,4690092.0,634294.0,25
201600021138,16,8,26,1620,1,2,3,1,6.0,25462,M,4690299.0,635699.0,25
201600021139,16,8,27,915,1,2,3,1,1.0,25462,M,4691405.0,633740.0,25
201600021140,16,9,24,1120,1,1,1,1,2.0,25204,M,4692699.0,634313.0,25
201600021141,16,9,24,1630,1,2,3,1,2.0,25462,M,4691913.0,634391.0,25
201600021142,16,9,28,510,5,2,3,1,3.0,25462,M,4690140.0,634832.0,25
201600021143,16,9,30,830,1,2,1,1,3.0,25462,M,4690742.0,634387.0,25
201600021144,16,10,7,655,5,2,1,1,2.0,25204,M,4692794.0,634891.0,25
201600021145,16,10,13,1930,5,2,3,1,6.0,25462,M,4691697.0,634429.0,25
201600021146,16,10,15,1100,1,2,1,1,6.0,25462,M,4690677.0,634500.0,25
201600021147,16,10,17,1206,1,2,3,2,2.0,25462,M,4690205.0,635925.0,25
201600021148,16,11,4,1710,1,2,1,1,2.0,25462,M,4690935.0,635802.0,25
201600021149,16,11,8,900,1,1,1,4,6.0,25204,M,,,25
201600021150,16,11,8,1330,1,2,1,4,6.0,25462,M,4690386.0,635298.0,25
201600021151,16,11,24,1315,1,1,1,1,3.0,25204,M,4692478.0,633877.0,25
201600021152,16,11,28,1537,1,2,8,1,6.0,25462,M,4690140.0,636053.0,25
201600021153,16,12,6,1230,1,2,2,1,3.0,25462,M,4690432.0,635651.0,25
201600021154,16,12,10,1600,1,2,1,1,3.0,25462,M,4690149.0,634423.0,25
201600021155,16,12,14,1930,3,1,1,1,5.0,26333,M,0.0,0.0,26
201600021156,16,1,14,1200,1,1,1,8,3.0,84025,M,4387634.0,514823.0,84
201600021157,16,3,2,1630,1,2,1,2,7.0,84062,M,4389089.0,510809.0,84
201600021158,16,3,11,945,1,1,2,1,3.0,84099,M,4386086.0,513419.0,84
201600021159,16,4,2,1445,1,2,1,1,3.0,84025,M,0.0,0.0,84
201600021160,16,6,5,1115,1,1,1,1,6.0,84099,M,0.0,0.0,84
201600021161,16,7,14,1745,1,1,2,1,3.0,84025,M,0.0,0.0,84
201600021162,16,8,14,645,1,1,1,1,6.0,84062,M,0.0,0.0,84
201600021163,16,11,2,1645,1,1,1,1,3.0,84025,M,0.0,0.0,84
201600021164,16,11,23,830,1,1,1,1,6.0,84038,M,0.0,0.0,84
201600021165,16,11,27,2145,3,1,1,1,6.0,84099,M,0.0,0.0,84
201600021166,16,12,11,945,2,1,3,5,3.0,84071,M,0.0,0.0,84
201600021167,16,2,26,600,3,2,1,1,6.0,59154,M,5099343.0,239681.0,59
201600021168,16,3,26,845,1,2,6,1,2.0,59478,M,0.0,0.0,59
201600021169,16,8,18,1600,1,2,8,1,1.0,59082,M,0.0,0.0,59
201600021170,16,11,9,715,2,2,1,2,6.0,59478,M,0.0,0.0,59
201600021171,16,11,28,1830,5,2,1,1,6.0,59319,M,0.0,0.0,59
201600021172,16,2,29,730,2,1,1,1,1.0,79163,M,4615331.0,-5502.0,79
201600021173,16,6,18,245,3,1,1,1,6.0,79136,M,4611552.0,-3970.0,79
201600021174,16,7,5,1730,1,1,3,1,3.0,79180,M,4610499.0,19069.0,79
201600021175,16,8,16,930,1,1,2,1,3.0,79307,M,4611465.0,11847.0,79
201600021176,16,9,2,1400,1,2,1,7,1.0,79122,M,4612023.0,-13765.0,79
201600021177,16,9,7,830,1,1,4,1,3.0,79095,M,4615869.0,3927.0,79
201600021178,16,9,23,1125,1,2,2,1,3.0,79150,M,4613764.0,17845.0,79
201600021179,16,10,3,1500,1,1,1,1,6.0,79212,M,4614866.0,11709.0,79
201600021180,16,12,30,745,3,1,1,5,6.0,79148,M,4626947.0,-3062.0,79
201600021181,16,1,7,300,4,2,1,1,6.0,62261,M,5047803.0,159936.0,62
201600021182,16,4,20,1845,1,1,1,1,7.0,62233,M,5036378.0,165334.0,62
201600021183,16,6,4,1930,1,1,1,1,1.0,62571,M,5043586.0,160994.0,62
201600021184,16,6,7,1115,1,1,2,1,3.0,62815,M,5036472.0,170374.0,62
201600021185,16,10,9,1830,1,2,3,1,3.0,62866,M,5040897.0,264217.0,62
201600021186,16,12,2,1530,1,2,1,9,6.0,62752,M,5047506.0,164704.0,62
201600021187,16,12,5,1530,1,2,1,1,6.0,62261,M,5048554.0,162369.0,62
201600021188,16,12,6,1345,1,1,2,1,1.0,62016,M,5042278.0,168267.0,62
201600021189,16,1,13,1730,3,1,1,5,1.0,59278,M,0.0,0.0,59
201600021190,16,1,23,2045,3,1,1,1,3.0,59278,M,0.0,0.0,59
201600021191,16,3,13,1745,1,1,1,1,2.0,59278,M,0.0,0.0,59
201600021192,16,5,8,1030,1,1,1,1,2.0,59487,M,0.0,0.0,59
201600021193,16,5,24,700,1,2,1,1,3.0,59201,M,0.0,0.0,59
201600021194,16,6,30,445,3,1,1,2,6.0,59553,M,0.0,0.0,59
201600021195,16,10,11,1800,1,2,1,1,3.0,59653,M,0.0,0.0,59
201600021196,16,10,17,745,1,2,1,1,6.0,59653,M,0.0,0.0,59
201600021197,16,10,16,1715,1,2,1,1,6.0,59653,M,0.0,0.0,59
201600021198,16,12,23,1630,1,2,1,1,4.0,59553,M,0.0,0.0,59
201600021199,16,1,17,2120,3,1,1,1,6.0,74257,M,0.0,0.0,74
201600021200,16,5,1,1950,1,2,1,1,1.0,74213,M,4591700.0,605000.0,74
201600021201,16,8,14,1800,1,1,1,1,7.0,74019,M,0.0,0.0,74
201600021202,16,8,23,1845,1,1,1,1,3.0,74292,M,0.0,0.0,74
201600021203,16,2,11,1845,5,1,1,4,6.0,01033,M,0.0,0.0,01
201600021204,16,7,6,2300,5,2,1,1,6.0,01044,M,0.0,0.0,01
201600021205,16,7,19,1345,1,1,1,1,2.0,01044,M,0.0,0.0,01
201600021206,16,9,8,1000,1,2,1,1,3.0,01357,M,0.0,0.0,01
201600021207,16,10,23,2000,3,1,1,2,1.0,01091,M,0.0,0.0,01
201600021208,16,11,26,1800,5,2,1,1,6.0,01033,M,4608822.0,581404.0,01
201600021209,16,1,4,1530,1,1,1,1,1.0,83033,M,0.0,0.0,83
201600021210,16,3,8,845,1,1,1,6,3.0,83091,M,0.0,0.0,83
201600021211,16,3,26,1930,3,1,1,1,5.0,83100,M,4325700.0,610700.0,83
201600021212,16,4,11,1715,1,1,1,1,1.0,83033,M,4349800.0,636200.0,83
201600021213,16,4,25,1145,1,1,1,1,6.0,83049,M,4323420.0,609946.0,83
201600021214,16,5,16,1445,1,2,3,1,3.0,83049,M,4323747.0,607204.0,83
201600021215,16,7,1,1500,1,1,1,1,1.0,83091,M,4317252.0,605586.0,83
201600021216,16,8,11,1745,1,1,1,1,3.0,83033,M,0.0,0.0,83
201600021217,16,10,15,1915,3,1,1,1,1.0,83033,M,0.0,0.0,83
201600021218,16,10,30,2330,3,1,1,1,6.0,83043,M,0.0,0.0,83
201600021219,16,12,10,1200,1,1,1,1,3.0,83033,M,0.0,0.0,83
201600021220,16,1,20,850,1,2,1,1,2.0,26198,M,4453501.0,474609.0,26
201600021221,16,12,13,1812,5,2,1,1,2.0,26198,M,4455139.0,474783.0,26
201600021222,16,1,27,555,5,2,1,1,7.0,26198,M,4455673.0,472642.0,26
201600021223,16,11,26,1020,1,2,2,1,6.0,26198,M,4455131.0,476854.0,26
201600021224,16,2,12,1840,5,1,1,2,6.0,26198,M,4453181.0,474228.0,26
201600021225,16,3,20,110,5,2,1,1,6.0,26198,M,4455430.0,473918.0,26
201600021226,16,3,2,1735,1,2,3,1,5.0,26198,M,4453587.0,474616.0,26
201600021227,16,4,29,1915,1,1,3,1,3.0,26198,M,4455390.0,471154.0,26
201600021228,16,4,27,1445,1,2,1,1,6.0,26198,M,4454664.0,473189.0,26
201600021229,16,5,20,1045,1,1,1,1,3.0,26198,M,4454335.0,473093.0,26
201600021230,16,5,15,1930,1,2,1,1,1.0,26198,M,4455919.0,474786.0,26
201600021231,16,5,5,1900,1,2,3,1,3.0,26198,M,4454576.0,476164.0,26
201600021232,16,5,26,1420,1,1,1,1,2.0,26198,M,4456779.0,475379.0,26
201600021233,16,6,28,1740,1,1,1,1,3.0,26198,M,4454557.0,473154.0,26
201600021234,16,7,9,250,5,2,1,1,1.0,26198,M,4455799.0,474317.0,26
201600021235,16,7,10,1045,1,2,1,1,3.0,26198,M,4455709.0,472808.0,26
201600021236,16,7,6,1100,1,2,1,1,6.0,26198,M,4455905.0,474572.0,26
201600021237,16,7,31,615,1,1,1,1,2.0,26198,M,0.0,0.0,26
201600021238,16,8,5,1730,1,1,1,1,5.0,26005,M,,,26
201600021239,16,8,16,1330,1,2,1,1,3.0,26198,M,,,26
201600021240,16,6,26,2110,1,1,1,1,7.0,26008,M,0.0,0.0,26
201600021241,16,9,12,1640,1,1,1,1,1.0,26198,M,4455448.0,471279.0,26
201600021242,16,10,3,1120,1,2,1,1,6.0,26198,M,4455374.0,474465.0,26
201600021243,16,9,21,1150,1,2,1,1,6.0,26198,M,4454599.0,475574.0,26
201600021244,16,10,24,1930,3,2,1,1,6.0,26198,M,4455838.0,475526.0,26
201600021245,16,10,26,1730,1,2,3,1,6.0,26198,M,4455820.0,473991.0,26
201600021246,16,9,4,305,3,1,1,1,3.0,26198,M,4456904.0,478059.0,26
201600021247,16,9,12,2000,3,1,1,1,6.0,26198,M,4457607.0,473389.0,26
201600021248,16,12,6,1810,5,1,1,1,2.0,26198,M,4452677.0,474545.0,26
201600021249,16,1,4,1740,2,2,1,1,6.0,26281,M,4504840.0,507390.0,26
201600021250,16,1,4,1815,2,2,6,1,2.0,26281,M,4505592.0,507176.0,26
201600021251,16,1,6,1845,5,2,1,8,3.0,26281,M,4504529.0,505931.0,26
201600021252,16,1,11,1640,1,2,1,1,3.0,26281,M,4504701.0,505525.0,26
201600021253,16,1,12,1150,1,2,6,1,3.0,26281,M,4504450.0,504120.0,26
201600021254,16,1,12,1320,1,2,1,1,3.0,26281,M,4504767.0,503865.0,26
201600021255,16,1,14,1107,1,2,1,2,7.0,26281,M,4504670.0,504680.0,26
201600021256,16,1,14,1830,2,2,1,1,3.0,26057,M,4501760.0,503570.0,26
201600021257,16,2,1,1415,1,2,1,1,6.0,26281,M,4504523.0,506075.0,26
201600021258,16,2,13,1620,1,2,1,1,6.0,26281,M,4504593.0,505161.0,26
201600021259,16,2,14,1945,5,2,2,1,1.0,26057,M,4503667.0,505447.0,26
201600021260,16,3,14,845,1,2,1,1,6.0,26281,M,4504580.0,505170.0,26
201600021261,16,3,16,2000,5,2,1,1,4.0,26281,M,4504356.0,506138.0,26
201600021262,16,3,19,1825,1,2,2,1,3.0,26281,M,4504656.0,507235.0,26
201600021263,16,3,19,1825,1,2,3,1,3.0,26057,M,4503934.0,506433.0,26
201600021264,16,3,21,1730,1,2,1,1,2.0,26057,M,4502808.0,504636.0,26
201600021265,16,3,23,725,1,1,1,1,3.0,26139,M,4506590.0,509270.0,26
201600021266,16,3,23,905,1,2,1,1,6.0,26281,M,4504499.0,505236.0,26
201600021267,16,3,30,2125,3,1,6,1,7.0,26281,M,4504787.0,499616.0,26
201600021268,16,4,7,1045,1,2,2,1,3.0,26057,M,4503474.0,506763.0,26
201600021269,16,4,7,1205,1,2,1,1,3.0,26057,M,4503389.0,506746.0,26
201600021270,16,4,10,1225,1,2,3,1,2.0,26281,M,4505085.0,505865.0,26
201600021271,16,4,14,1650,1,2,1,1,2.0,26281,M,4504669.0,503492.0,26
201600021272,16,4,16,1745,1,1,3,1,2.0,26088,M,4502668.0,507421.0,26
201600021273,16,4,20,2327,5,2,6,1,3.0,26084,M,4501994.0,503369.0,26
201600021274,16,4,21,1550,1,2,1,1,3.0,26281,M,4505034.0,505912.0,26
201600021275,16,4,29,1210,1,2,1,1,5.0,26281,M,4504660.0,505148.0,26
201600021276,16,5,2,1205,1,2,1,1,1.0,26057,M,4503242.0,505088.0,26
201600021277,16,5,5,1525,1,2,4,1,3.0,26281,M,4504811.0,506460.0,26
201600021278,16,5,11,1540,1,2,2,2,5.0,26281,M,4504999.0,503997.0,26
201600021279,16,5,16,10,5,2,1,1,1.0,26281,M,4504773.0,507225.0,26
201600021280,16,5,17,1830,1,2,1,1,6.0,26281,M,4504384.0,502866.0,26
201600021281,16,5,19,1330,1,2,1,1,2.0,26281,M,4504934.0,503799.0,26
201600021282,16,5,28,1205,1,2,1,1,6.0,26004,M,4498006.0,503110.0,26
201600021283,16,6,1,1330,1,2,1,1,3.0,26281,M,4505431.0,504880.0,26
201600021284,16,6,1,1855,1,2,3,2,3.0,26057,M,4504054.0,505624.0,26
201600021285,16,6,3,1650,1,1,1,1,2.0,26281,M,4504019.0,508370.0,26
201600021286,16,6,8,252,5,2,2,1,3.0,26281,M,4504756.0,504976.0,26
201600021287,16,6,11,1100,1,2,2,1,3.0,26281,M,4504646.0,509319.0,26
201600021288,16,6,22,1840,1,2,1,1,6.0,26281,M,4504350.0,504421.0,26
201600021289,16,6,22,2050,2,2,1,1,3.0,26218,M,4505952.0,505821.0,26
201600021290,16,6,25,1750,1,2,6,1,3.0,26281,M,4505349.0,505606.0,26
201600021291,16,6,28,1905,1,2,1,1,6.0,26281,M,4504566.0,504664.0,26
201600021292,16,6,29,830,1,2,1,1,6.0,26281,M,4504494.0,504826.0,26
201600021293,16,7,1,1405,1,1,1,1,6.0,26281,M,4504383.0,502157.0,26
201600021294,16,7,2,1100,1,1,1,1,6.0,26281,M,4504388.0,503007.0,26
201600021295,16,7,7,1451,1,1,1,1,4.0,26281,M,4504347.0,502423.0,26
201600021296,16,7,12,39,3,2,1,1,6.0,26281,M,4504702.0,505624.0,26
201600021297,16,7,13,1905,1,2,1,1,5.0,26281,M,4504864.0,504948.0,26
201600021298,16,8,11,1157,1,2,2,1,3.0,26281,M,4504756.0,504977.0,26
201600021299,16,8,13,1230,1,2,1,1,3.0,26281,M,4504494.0,503252.0,26
201600021300,16,8,15,1040,1,2,1,1,6.0,26281,M,4505277.0,509506.0,26
201600021301,16,8,26,705,1,2,1,1,3.0,26281,M,4504143.0,505635.0,26
201600021302,16,8,26,820,1,2,1,1,6.0,26281,M,4504732.0,507210.0,26
201600021303,16,9,2,135,5,2,1,1,6.0,26281,M,4504442.0,505193.0,26
201600021304,16,9,12,1430,1,1,1,1,2.0,26057,M,4501361.0,503894.0,26
201600021305,16,9,13,1015,1,2,1,1,3.0,26281,M,4504802.0,505352.0,26
201600021306,16,9,15,1130,1,2,1,1,6.0,26281,M,4505426.0,508390.0,26
201600021307,16,9,21,1121,1,2,1,1,6.0,26281,M,4504688.0,504390.0,26
201600021308,16,9,28,1220,1,2,3,1,5.0,26281,M,4504646.0,509320.0,26
201600021309,16,9,29,1010,1,2,3,1,3.0,26281,M,4504266.0,504717.0,26
201600021310,16,10,5,1415,1,2,1,1,2.0,26057,M,4503141.0,504836.0,26
201600021311,16,10,8,1510,1,2,1,1,2.0,26281,M,4505091.0,508708.0,26
201600021312,16,10,15,1130,1,2,2,1,1.0,26281,M,4504778.0,505468.0,26
201600021313,16,10,18,1640,1,2,1,1,6.0,26281,M,4504566.0,504874.0,26
201600021314,16,10,21,1700,1,2,6,1,3.0,26281,M,4506092.0,505080.0,26
201600021315,16,11,7,1000,1,2,2,1,3.0,26281,M,4504595.0,505181.0,26
201600021316,16,11,9,800,1,2,1,1,2.0,26281,M,4505197.0,506085.0,26
201600021317,16,11,11,1140,1,2,1,1,2.0,26281,M,4505966.0,505042.0,26
201600021318,16,11,16,1825,5,2,1,1,2.0,26281,M,4504867.0,504950.0,26
201600021319,16,11,18,1430,1,2,1,1,2.0,26281,M,4504423.0,505329.0,26
201600021320,16,11,18,1505,1,2,3,1,3.0,26281,M,4504883.0,506531.0,26
201600021321,16,11,20,1734,1,2,1,1,3.0,26281,M,4505617.0,504934.0,26
201600021322,16,11,21,832,1,2,1,1,6.0,26281,M,4504614.0,507504.0,26
201600021323,16,11,26,237,3,1,1,1,7.0,26281,M,4504783.0,502066.0,26
201600021324,16,11,26,1055,1,2,1,1,6.0,26281,M,4504743.0,505497.0,26
201600021325,16,11,25,1810,1,2,6,1,3.0,26281,M,4504822.0,508544.0,26
201600021326,16,11,29,1400,1,2,2,1,3.0,26281,M,4504761.0,505484.0,26
201600021327,16,11,30,1240,1,2,2,1,3.0,26057,M,4504074.0,504851.0,26
201600021328,16,12,5,1835,3,2,3,1,3.0,26281,M,4504716.0,507083.0,26
201600021329,16,12,8,1700,1,2,1,1,2.0,26057,M,4503423.0,505247.0,26
201600021330,16,12,15,1300,1,2,6,1,3.0,26281,M,4504519.0,506180.0,26
201600021331,16,12,15,1751,1,2,1,1,6.0,26281,M,4504219.0,505613.0,26
201600021332,16,12,16,1840,3,1,6,1,5.0,26281,M,4505580.0,507166.0,26
201600021333,16,12,17,915,1,2,1,1,6.0,26281,M,4504956.0,503682.0,26
201600021334,16,12,17,1645,1,2,1,1,4.0,26281,M,4505246.0,508456.0,26
201600021335,16,12,21,1345,1,1,1,1,2.0,26281,M,4505672.0,500830.0,26
201600021336,16,12,28,1430,1,2,1,1,2.0,26281,M,4504560.0,504671.0,26
201600021337,16,12,30,240,3,1,1,1,6.0,26057,M,4503544.0,505350.0,26
201600021338,16,12,29,1630,1,2,1,1,6.0,26362,M,4494209.0,491803.0,26
201600021339,16,1,8,1654,1,2,1,1,3.0,26058,M,4493650.0,488930.0,26
201600021340,16,1,11,1950,3,1,1,1,6.0,26362,M,4494860.0,492560.0,26
201600021341,16,1,14,1025,1,2,1,1,6.0,26362,M,4493030.0,489430.0,26
201600021342,16,1,14,727,5,2,6,2,3.0,26362,M,4493383.0,490404.0,26
201600021343,16,1,30,1710,1,2,3,1,1.0,26362,M,4494030.0,492340.0,26
201600021344,16,2,3,1305,1,1,2,1,2.0,26058,M,0.0,0.0,26
201600021345,16,2,3,1652,1,2,1,1,6.0,26362,M,4493050.0,489010.0,26
201600021346,16,2,17,517,4,1,1,1,7.0,26362,M,0.0,0.0,26
201600021347,16,2,27,1700,1,1,1,1,1.0,26362,M,,,26
201600021348,16,2,16,1300,1,1,1,1,1.0,26252,M,0.0,0.0,26
201600021349,16,2,27,1917,5,2,1,1,2.0,26252,M,0.0,0.0,26
201600021350,16,3,3,2015,5,2,2,1,3.0,26362,M,4491594.0,491124.0,26
201600021351,16,3,7,1035,1,2,1,1,6.0,26362,M,4492695.0,489795.0,26
201600021352,16,3,11,1640,1,1,3,1,3.0,26362,M,4492540.0,492290.0,26
201600021353,16,3,31,830,1,1,6,1,4.0,26252,M,4489356.0,487341.0,26
201600021354,16,4,16,2230,5,2,3,1,3.0,26058,M,4494730.0,490290.0,26
201600021355,16,4,17,250,5,2,2,1,3.0,26362,M,4491715.0,488148.0,26
201600021356,16,4,27,1350,1,2,1,1,2.0,26058,M,4496472.0,488703.0,26
201600021357,16,4,26,1640,1,2,1,1,3.0,26058,M,0.0,0.0,26
201600021358,16,4,30,120,5,2,3,1,3.0,26362,M,4493467.0,490727.0,26
201600021359,16,5,4,800,1,1,1,1,1.0,26362,M,,,26
201600021360,16,5,4,1705,1,2,2,1,6.0,26362,M,4491550.0,490835.0,26
201600021361,16,5,4,725,1,2,1,1,6.0,26362,M,4493388.0,490433.0,26
201600021362,16,5,14,1649,1,2,1,1,3.0,26058,M,0.0,0.0,26
201600021363,16,5,26,805,1,2,3,1,3.0,26362,M,4492527.0,492335.0,26
201600021364,16,5,26,1746,1,2,1,1,5.0,26362,M,0.0,0.0,26
201600021365,16,5,30,745,1,2,1,1,6.0,26362,M,4493794.0,489803.0,26
201600021366,16,5,28,5,3,1,3,1,5.0,26252,M,0.0,0.0,26
201600021367,16,6,9,1710,1,2,6,1,6.0,26362,M,4492228.0,489063.0,26
201600021368,16,6,7,1700,1,2,1,1,2.0,26058,M,4494149.0,489502.0,26
201600021369,16,6,16,1040,1,1,1,2,3.0,26004,M,,,26
201600021370,16,6,22,1345,1,2,2,1,3.0,26362,M,4495025.0,491953.0,26
201600021371,16,6,30,1945,1,2,3,1,6.0,26362,M,4493191.0,490373.0,26
201600021372,16,6,29,2115,2,2,3,1,1.0,26362,M,4492541.0,492292.0,26
201600021373,16,7,4,705,1,2,1,1,3.0,26058,M,4496137.0,488349.0,26
201600021374,16,7,12,1710,1,1,1,1,5.0,26362,M,4489502.0,489931.0,26
201600021375,16,7,13,1713,1,2,1,1,2.0,26362,M,0.0,0.0,26
201600021376,16,7,18,1205,1,1,1,1,2.0,26058,M,0.0,0.0,26
201600021377,16,7,16,720,1,2,1,1,2.0,26252,M,,,26
201600021378,16,7,16,1250,1,1,1,1,7.0,26252,M,,,26
201600021379,16,5,4,2115,5,2,1,1,7.0,26362,M,4493221.0,491841.0,26
201600021380,16,6,9,1715,1,2,1,1,6.0,26252,M,0.0,0.0,26
201600021381,16,8,4,2035,1,1,1,1,6.0,26362,M,0.0,0.0,26
201600021382,16,9,22,1320,1,1,1,1,6.0,26313,M,0.0,0.0,26
201600021383,16,9,22,1410,1,1,1,1,4.0,26313,M,0.0,0.0,26
201600021384,16,9,27,1220,1,2,1,1,6.0,26362,M,4492606.0,492029.0,26
201600021385,16,9,28,815,1,2,3,1,1.0,26252,M,4487798.0,488480.0,26
201600021386,16,9,30,5,3,1,1,1,5.0,26058,M,0.0,0.0,26
201600021387,16,10,13,1700,1,2,1,2,6.0,26252,M,4487112.0,487713.0,26