Num_Acc,an,mois,jour,hrmn,lum,agg,int,atm,col,com,gps,lat,long,dep
201600021388,16,10,21,1700,1,2,1,1,6.0,26058,M,4494205.0,489489.0,26
201600021389,16,10,25,2015,5,2,3,2,3.0,26362,M,4492443.0,492789.0,26
201600021390,16,10,26,1530,1,2,1,1,3.0,26362,M,0.0,0.0,26
201600021391,16,10,27,1145,1,2,1,1,3.0,26362,M,4494064.0,493068.0,26
201600021392,16,11,8,1140,1,2,1,1,6.0,26058,M,4494240.0,490300.0,26
201600021393,16,11,12,1840,5,1,1,1,3.0,26362,M,0.0,0.0,26
201600021394,16,11,10,738,2,2,4,2,2.0,26252,M,0.0,0.0,26
201600021395,16,11,30,1149,1,2,1,1,6.0,26362,M,4490964.0,488144.0,26
201600021396,16,12,5,925,1,2,1,1,6.0,26058,M,4494833.0,489341.0,26
201600021397,16,12,12,1750,3,1,2,1,3.0,26170,M,4491441.0,493402.0,26
201600021398,16,12,13,1815,5,1,1,1,1.0,26058,M,4496424.0,491020.0,26
201600021399,16,12,17,1235,1,2,1,1,6.0,26362,M,,,26
201600021400,16,1,21,830,1,2,1,1,3.0,84037,M,4404363.0,484822.0,84
201600021401,16,5,26,2330,3,1,1,1,1.0,84037,M,0.0,0.0,84
201600021402,16,6,28,2300,3,1,1,1,7.0,84039,M,0.0,0.0,84
201600021403,16,7,31,1945,1,1,1,1,6.0,84027,M,0.0,0.0,84
201600021404,16,9,28,630,3,1,1,1,6.0,84037,M,0.0,0.0,84
201600021405,16,10,2,1015,1,2,1,1,3.0,84037,M,0.0,0.0,84
201600021406,16,11,6,1145,1,2,1,1,6.0,84056,M,0.0,0.0,84
201600021407,16,12,26,1715,3,1,1,1,6.0,84056,M,0.0,0.0,84
201600021408,16,2,19,1430,1,1,1,1,3.0,06033,M,0.0,0.0,06
201600021409,16,5,2,1800,1,1,1,1,2.0,06034,M,0.0,0.0,06
201600021410,16,6,29,1745,1,1,1,1,1.0,06034,M,0.0,0.0,06
201600021411,16,9,13,1615,1,2,1,1,6.0,06006,M,0.0,0.0,06
201600021412,16,10,6,710,2,1,1,1,1.0,06109,M,4383309.0,720489.0,06
201600021413,16,10,7,1155,1,1,1,1,5.0,06033,M,4378511.0,721344.0,06
201600021414,16,10,21,10,3,1,1,8,6.0,06046,M,4376294.0,721413.0,06
201600021415,16,10,30,415,5,2,1,1,1.0,06046,M,4375755.0,723805.0,06
201600021416,16,11,3,1325,1,1,3,1,5.0,06033,M,4377292.0,720983.0,06
201600021417,16,12,7,650,2,1,3,1,1.0,06033,M,4379577.0,720334.0,06
201600021418,16,12,13,835,1,1,1,1,1.0,06064,M,4376653.0,719786.0,06
201600021419,16,12,23,1630,1,1,1,1,1.0,06046,M,4375808.0,720863.0,06
201600021420,16,2,24,1145,1,1,1,2,6.0,38362,M,0.0,0.0,38
201600021421,16,7,1,30,3,1,1,1,7.0,38084,M,4535103.0,553450.0,38
201600021422,16,12,16,845,1,1,1,1,2.0,38084,M,4534240.0,552501.0,38
201600021423,16,4,15,1045,1,1,1,1,3.0,38194,M,4535552.0,544788.0,38
201600021424,16,5,5,930,1,1,1,1,1.0,38239,M,0.0,0.0,38
201600021425,16,6,29,2000,1,2,6,1,1.0,38332,M,4533668.0,548332.0,38
201600021426,16,7,1,230,5,2,1,1,7.0,38332,M,0.0,0.0,38
201600021427,16,7,2,845,1,1,1,1,1.0,38383,M,4536391.0,566579.0,38
201600021428,16,7,31,930,1,2,1,1,1.0,38337,M,4534931.0,549282.0,38
201600021429,16,9,28,1430,1,2,1,1,2.0,38133,M,4535650.0,559938.0,38
201600021430,16,11,3,645,2,2,2,1,3.0,38239,M,4533206.0,556632.0,38
201600021431,16,11,16,730,1,2,3,1,3.0,38239,M,4532605.0,558350.0,38
201600021432,16,11,19,1145,1,2,1,1,3.0,38270,M,0.0,0.0,38
201600021433,16,11,21,1745,3,1,1,8,3.0,38337,M,4534727.0,551288.0,38
201600021434,16,11,30,1830,3,1,1,1,6.0,38332,M,0.0,0.0,38
201600021435,16,1,23,15,5,2,1,2,6.0,69283,M,0.0,0.0,69
201600021436,16,2,9,1745,2,2,1,2,1.0,69283,M,0.0,0.0,69
201600021437,16,5,26,800,1,2,2,1,1.0,69283,M,0.0,0.0,69
201600021438,16,7,23,1230,1,2,1,1,3.0,69283,M,0.0,0.0,69
201600021439,16,7,28,1130,1,2,1,1,6.0,69283,M,0.0,0.0,69
201600021440,16,9,30,1730,1,2,1,1,3.0,69283,M,0.0,0.0,69
201600021441,16,11,5,815,1,1,1,2,1.0,69283,M,4567771.0,496393.0,69
201600021442,16,2,3,2200,3,1,1,1,7.0,62020,M,5077715.0,189370.0,62
201600021443,16,7,29,1545,1,1,1,1,6.0,62397,M,5087919.0,187234.0,62
201600021444,16,10,6,1945,3,1,1,1,6.0,62167,M,5077883.0,183297.0,62
201600021445,16,1,5,1130,1,1,1,1,7.0,41252,M,4768673.0,142262.0,41
201600021446,16,3,1,1130,1,1,1,1,6.0,41136,M,4771573.0,147868.0,41
201600021447,16,7,24,830,1,1,1,1,7.0,41091,M,4761660.0,128816.0,41
201600021448,16,7,31,630,1,1,1,1,6.0,41252,M,4770920.0,146100.0,41
201600021449,16,8,25,1045,1,1,1,1,3.0,41252,M,4768115.0,140960.0,41
201600021450,16,9,2,1030,1,1,1,1,6.0,41091,M,4761747.0,127327.0,41
201600021451,16,10,13,830,1,1,1,1,6.0,41223,M,4761759.0,121685.0,41
201600021452,16,11,24,100,3,1,1,1,6.0,41223,M,4761927.0,124677.0,41
201600021453,16,11,8,1528,1,2,1,1,6.0,27229,M,4907713.0,84617.0,27
201600021454,16,12,22,1030,1,2,1,1,1.0,27229,M,4899965.0,115401.0,27
201600021455,16,1,9,455,5,2,1,1,6.0,27229,M,4901663.0,113717.0,27
201600021456,16,2,12,1610,1,2,3,1,3.0,27229,M,4901866.0,114337.0,27
201600021457,16,2,17,2110,5,2,2,1,1.0,27229,M,4902009.0,115949.0,27
201600021458,16,2,29,900,1,2,1,1,1.0,27229,M,4901821.0,115652.0,27
201600021459,16,2,29,1525,1,2,1,1,1.0,27299,M,4904082.0,115881.0,27
201600021460,16,3,4,1025,1,2,1,1,3.0,27229,M,4902887.0,118773.0,27
201600021461,16,3,15,1935,2,2,1,1,6.0,27299,M,4904274.0,115980.0,27
201600021462,16,3,25,810,1,2,1,1,6.0,27229,M,4900834.0,115915.0,27
201600021463,16,3,27,10,5,2,1,1,3.0,27299,M,4903977.0,115818.0,27
201600021464,16,3,30,1850,2,2,3,1,2.0,27299,M,4904602.0,116170.0,27
201600021465,16,4,4,725,1,1,1,1,1.0,27299,M,4905326.0,117735.0,27
201600021466,16,4,9,630,2,2,1,1,1.0,27229,M,4903024.0,115524.0,27
201600021467,16,4,19,1440,1,1,1,1,2.0,27299,M,4905691.0,117469.0,27
201600021468,16,5,27,1720,1,2,1,1,2.0,27229,M,4901712.0,115987.0,27
201600021469,16,6,10,1935,1,2,2,1,3.0,27229,M,4902166.0,113761.0,27
201600021470,16,6,17,1510,1,2,2,1,6.0,27229,M,4900366.0,114847.0,27
201600021471,16,6,24,1640,1,2,2,1,3.0,27031,M,4905216.0,113421.0,27
201600021472,16,6,25,1055,1,1,2,1,3.0,27229,M,4901953.0,113895.0,27
201600021473,16,6,29,2054,1,2,1,2,6.0,27229,M,4902684.0,114086.0,27
201600021474,16,6,30,2225,2,2,3,1,3.0,27229,M,4901921.0,115182.0,27
201600021475,16,7,6,1725,1,2,2,1,6.0,27229,M,4901158.0,116808.0,27
201600021476,16,7,9,1515,1,2,3,1,3.0,27299,M,4904983.0,116425.0,27
201600021477,16,7,11,1210,1,2,2,1,3.0,27229,M,4901947.0,113900.0,27
201600021478,16,9,22,1620,1,2,1,1,2.0,27229,M,4902884.0,117260.0,27
201600021479,16,10,24,2325,5,2,1,5,1.0,27229,M,4903440.0,114814.0,27
201600021480,16,9,27,1415,1,2,6,1,3.0,27229,M,4901405.0,115253.0,27
201600021481,16,5,18,1220,1,2,1,1,2.0,27229,M,4903056.0,116024.0,27
201600021482,16,9,25,1455,1,2,2,1,1.0,27229,M,4901172.0,116839.0,27
201600021483,16,9,22,1445,1,2,1,1,1.0,27229,M,4901868.0,114232.0,27
201600021484,16,9,23,810,1,2,1,1,6.0,27229,M,4900253.0,114778.0,27
201600021485,16,10,4,1725,1,2,1,1,1.0,27229,M,4902265.0,112371.0,27
201600021486,16,10,14,2140,5,2,1,1,7.0,27229,M,4902530.0,113856.0,27
201600021487,16,10,25,1440,1,2,1,1,6.0,27229,M,4900852.0,115934.0,27
201600021488,16,12,11,205,4,2,1,8,6.0,27229,M,4901550.0,117948.0,27
201600021489,16,6,28,1900,1,1,1,1,1.0,35353,M,4810706.0,-172672.0,35
201600021490,16,11,26,2045,3,1,1,1,7.0,51559,M,4910328.0,450167.0,51
201600021491,16,1,16,1700,5,2,1,1,7.0,27701,M,4927297.0,120025.0,27
201600021492,16,12,10,1840,5,2,1,1,6.0,27375,M,4920997.0,116709.0,27
201600021493,16,12,25,145,3,1,1,1,1.0,27701,M,4925463.0,123702.0,27
201600021494,16,1,28,845,1,2,6,1,3.0,27701,M,4926347.0,121155.0,27
201600021495,16,2,13,930,1,1,1,3,1.0,27701,M,4923986.0,119927.0,27
201600021496,16,4,23,1725,1,1,1,1,2.0,27701,M,4924414.0,120100.0,27
201600021497,16,4,19,520,5,2,1,1,3.0,27375,M,4921513.0,116826.0,27
201600021498,16,6,16,1745,1,2,1,2,7.0,27351,M,4924048.0,118836.0,27
201600021499,16,4,10,1220,1,1,1,1,3.0,27375,M,4921652.0,111907.0,27
201600021500,16,7,23,1955,1,1,3,1,1.0,27375,M,4919755.0,116891.0,27
201600021501,16,10,9,1525,1,2,2,1,3.0,27701,M,4925930.0,119761.0,27
201600021502,16,10,11,1610,1,2,2,1,2.0,27701,M,4927238.0,121940.0,27
201600021503,16,10,16,650,5,2,2,1,2.0,27375,M,4922327.0,116741.0,27
201600021504,16,4,3,1245,1,2,3,1,2.0,27701,M,4926334.0,120794.0,27
201600021505,16,8,14,1610,1,2,1,1,7.0,27701,M,4923828.0,117160.0,27
201600021506,16,8,13,1750,1,1,1,1,6.0,27701,M,4923768.0,120237.0,27
201600021507,16,8,23,1415,1,2,1,1,7.0,27375,M,4921014.0,117057.0,27
201600021508,16,10,14,655,5,2,3,1,6.0,27375,M,4921016.0,116905.0,27
201600021509,16,6,21,1310,1,2,1,2,2.0,27375,M,,,27
201600021510,16,9,4,1045,1,1,1,2,6.0,02582,M,0.0,0.0,02
201600021511,16,6,21,1515,1,1,1,1,6.0,38191,M,0.0,0.0,38
201600021512,16,11,18,145,5,2,2,1,6.0,38474,M,4520208.0,567702.0,38
201600021513,16,1,18,600,3,1,1,2,2.0,14135,M,4924970.0,-63263.0,14
201600021514,16,1,25,1530,1,1,1,1,3.0,14568,M,4922220.0,-54803.0,14
201600021515,16,1,28,745,1,1,1,1,7.0,14124,M,4934170.0,-98626.0,14
201600021516,16,5,25,120,3,1,1,1,6.0,14630,M,4924970.0,-66486.0,14
201600021517,16,6,14,1545,1,1,1,1,6.0,14281,M,4933010.0,-89140.0,14
201600021518,16,7,9,2015,1,2,1,1,3.0,14663,M,4928080.0,-68572.0,14
201600021519,16,8,13,2215,3,1,1,1,4.0,14609,M,4919950.0,-48286.0,14
201600021520,16,9,6,1700,1,1,1,1,5.0,14543,M,0.0,0.0,14
201600021521,16,12,31,1030,1,1,1,5,7.0,14135,M,0.0,0.0,14
201600021522,16,10,16,1040,1,1,1,1,2.0,06037,M,4374194.0,691868.0,06
201600021523,16,10,16,1515,1,1,1,1,7.0,06130,M,4370580.0,682756.0,06
201600021524,16,11,6,1435,1,1,1,1,1.0,06130,M,4369495.0,685482.0,06
201600021525,16,11,18,1845,1,2,1,1,3.0,06095,M,4364237.0,688005.0,06
201600021526,16,12,13,2050,3,1,1,1,6.0,06118,M,4363533.0,683433.0,06
201600021527,16,1,16,1000,1,2,1,1,6.0,06095,M,4364090.0,686739.0,06
201600021528,16,1,17,915,1,1,1,1,6.0,06118,M,0.0,0.0,06
201600021529,16,2,8,900,1,2,1,1,6.0,06095,M,4363993.0,687671.0,06
201600021530,16,5,5,1115,1,1,1,1,7.0,06037,M,0.0,0.0,06
201600021531,16,5,21,1415,1,1,1,1,3.0,06003,M,0.0,0.0,06
201600021532,16,5,26,1515,1,2,1,1,6.0,06095,M,0.0,0.0,06
201600021533,16,5,28,1430,1,1,1,1,1.0,06130,M,0.0,0.0,06
201600021534,16,6,27,730,1,2,1,1,1.0,06140,M,0.0,0.0,06
201600021535,16,7,15,1600,1,1,1,7,3.0,06130,M,0.0,0.0,06
201600021536,16,8,15,2015,2,2,1,1,3.0,06095,M,0.0,0.0,06
201600021537,16,10,3,900,1,2,1,1,3.0,06118,M,0.0,0.0,06
201600021538,16,3,31,1215,1,1,1,8,1.0,39013,M,4689238.0,573085.0,39
201600021539,16,5,30,515,2,1,1,3,1.0,39554,M,4680676.0,591073.0,39
201600021540,16,12,7,915,1,2,1,1,7.0,27681,M,4909105.0,147364.0,27
201600021541,16,2,3,1645,1,2,3,1,6.0,27681,M,4909050.0,148427.0,27
201600021542,16,3,30,1200,1,2,3,1,6.0,27681,M,4909765.0,147857.0,27
201600021543,16,4,16,445,4,1,1,1,7.0,27588,M,4912756.0,143371.0,27
201600021544,16,7,8,1310,1,2,1,7,3.0,27681,M,4910055.0,148705.0,27
201600021545,16,7,24,335,3,1,2,1,1.0,27681,M,4909916.0,150495.0,27
201600021546,16,5,4,1305,1,2,3,1,1.0,27562,M,4910409.0,145995.0,27
201600021547,16,5,12,755,1,2,3,1,3.0,27681,M,4908402.0,147813.0,27
201600021548,16,6,25,1845,1,2,7,1,6.0,27681,M,4909094.0,148445.0,27
201600021549,16,9,9,1025,1,2,1,1,2.0,27562,M,4910193.0,146777.0,27
201600021550,16,10,12,1720,1,2,4,1,7.0,27554,M,4910886.0,143575.0,27
201600021551,16,8,3,1915,1,1,1,1,7.0,17407,M,4617614.0,-97102.0,17
201600021552,16,8,20,1945,1,1,2,1,5.0,17153,M,4623945.0,-110876.0,17
201600021553,16,11,2,645,1,1,3,1,3.0,17222,M,4623554.0,-112524.0,17
201600021554,16,11,19,615,3,1,1,2,6.0,17142,M,4617092.0,-107338.0,17
201600021555,16,1,19,1615,1,1,1,4,3.0,25470,M,4744712.0,661414.0,25
201600021556,16,3,3,1400,1,1,1,4,6.0,25629,M,4739472.0,643266.0,25
201600021557,16,7,6,1900,1,1,1,1,5.0,25097,M,4752915.0,685829.0,25
201600021558,16,10,27,1,5,1,1,1,2.0,25230,M,4751300.0,684100.0,25
201600021559,16,11,14,415,3,1,1,1,2.0,25156,M,4740726.0,649739.0,25
201600021560,16,12,24,2015,3,1,1,2,1.0,25214,M,4743705.0,672332.0,25
201600021561,16,1,1,2200,5,2,3,2,1.0,91665,M,4866381.0,227395.0,91
201600021562,16,1,12,630,3,1,1,1,3.0,91363,M,4866500.0,222200.0,91
201600021563,16,2,10,1745,1,2,1,1,1.0,91458,M,4865700.0,224600.0,91
201600021564,16,4,5,345,3,1,1,1,6.0,91666,M,4868323.0,223652.0,91
201600021565,16,3,24,1200,1,2,1,1,1.0,91363,M,4863982.0,224841.0,91
201600021566,16,4,17,800,1,1,1,1,2.0,91665,M,4866900.0,227800.0,91
201600021567,16,5,17,1230,1,2,1,1,2.0,91666,M,4868414.0,220515.0,91
201600021568,16,7,13,1500,1,2,1,1,3.0,91665,M,4866700.0,227600.0,91
201600021569,16,8,13,1715,1,1,1,1,6.0,91363,M,4864339.0,218810.0,91
201600021570,16,7,2,1445,1,1,1,1,3.0,76606,M,4977790.0,172812.0,76
201600021571,16,8,3,900,1,1,1,3,6.0,76244,M,4971464.0,140970.0,76
201600021572,16,12,30,2140,3,1,1,1,3.0,76278,M,4984379.0,154771.0,76
201600021573,16,1,5,1800,3,1,1,2,5.0,87203,M,4564720.0,140761.0,87
201600021574,16,1,11,1145,1,1,1,4,6.0,87203,M,4564900.0,140583.0,87
201600021575,16,1,26,1430,1,1,1,1,6.0,87019,M,4575520.0,133262.0,87
201600021576,16,4,4,815,1,1,1,1,2.0,87119,M,4569760.0,136281.0,87
201600021577,16,4,5,1515,1,1,1,1,6.0,87146,M,4558110.0,147831.0,87
201600021578,16,4,18,1930,2,1,1,1,6.0,87140,M,4590700.0,98038.0,87
201600021579,16,9,12,1345,1,1,1,1,2.0,87127,M,4557880.0,121649.0,87
201600021580,16,3,14,830,1,1,1,1,2.0,19031,M,4512500.0,148800.0,19
201600021581,16,5,3,1245,1,1,1,1,6.0,19178,M,4525400.0,153900.0,19
201600021582,16,8,16,915,1,1,1,1,7.0,19278,M,4516900.0,145500.0,19
201600021583,16,11,24,1845,3,1,1,1,2.0,19129,M,0.0,0.0,19
201600021584,16,7,19,930,1,1,1,1,3.0,59462,M,0.0,0.0,59
201600021585,16,9,11,930,1,1,1,1,7.0,59266,M,0.0,0.0,59
201600021586,16,10,6,1715,1,1,1,1,5.0,59266,M,5053800.0,297300.0,59
201600021587,16,1,9,1030,1,2,1,8,7.0,28220,M,4842986.0,147723.0,28
201600021588,16,1,21,1850,3,2,1,2,4.0,28209,M,4848756.0,147053.0,28
201600021589,16,2,1,915,1,2,1,1,7.0,28085,M,4844472.0,151550.0,28
201600021590,16,1,10,450,5,2,1,9,6.0,28229,M,4845341.0,146644.0,28
201600021591,16,2,3,1800,5,2,3,3,1.0,28220,M,4843821.0,148102.0,28
201600021592,16,3,17,925,1,1,2,1,3.0,28229,M,4845717.0,145954.0,28
201600021593,16,3,22,1250,1,1,6,1,3.0,28085,M,4842747.0,151546.0,28
201600021594,16,3,18,1825,1,2,3,1,3.0,28218,M,4843810.0,147291.0,28
201600021595,16,4,12,1350,1,2,1,1,6.0,28085,M,4844524.0,148142.0,28
201600021596,16,4,25,520,5,2,1,1,6.0,28218,M,4843784.0,147276.0,28
201600021597,16,4,13,1705,1,2,1,1,3.0,28085,M,4845820.0,148095.0,28
201600021598,16,4,29,750,1,2,2,1,6.0,28085,M,4844764.0,152090.0,28
201600021599,16,5,7,1105,1,1,6,1,7.0,28085,M,4845576.0,151184.0,28
201600021600,16,5,26,1715,1,2,3,1,3.0,28070,M,4846493.0,151169.0,28
201600021601,16,5,16,1900,1,2,1,1,6.0,28220,M,4842887.0,147734.0,28
201600021602,16,6,4,1925,1,2,1,1,3.0,28229,M,4845280.0,145931.0,28
201600021603,16,6,14,1330,1,2,1,1,6.0,28085,M,4844396.0,148071.0,28
201600021604,16,6,23,1340,1,2,1,1,6.0,28085,M,,,28
201600021605,16,7,10,1600,1,1,1,1,6.0,28209,M,4847841.0,147172.0,28
201600021606,16,7,12,655,1,2,1,1,6.0,28085,M,4844598.0,148364.0,28
201600021607,16,7,10,1520,1,2,1,1,7.0,28085,M,4845212.0,152087.0,28
201600021608,16,7,31,110,5,2,1,1,6.0,28085,M,4845023.0,148449.0,28
201600021609,16,8,1,735,1,2,3,1,1.0,28085,M,4843318.0,149286.0,28
201600021610,16,7,28,1730,1,2,1,1,6.0,28209,M,4846950.0,148052.0,28
201600021611,16,8,19,1410,1,2,1,1,6.0,28218,M,4844093.0,146315.0,28
201600021612,16,9,19,1405,1,2,1,1,6.0,28220,M,4843561.0,147897.0,28
201600021613,16,11,1,1055,1,1,1,1,6.0,28110,M,4842505.0,151314.0,28
201600021614,16,11,16,1040,1,2,6,2,2.0,28229,M,4845048.0,145190.0,28
201600021615,16,11,23,915,1,2,1,3,6.0,28085,M,4844219.0,148914.0,28
201600021616,16,12,7,1054,1,2,1,1,6.0,28085,M,4844577.0,148360.0,28
201600021617,16,5,8,1215,1,1,1,1,1.0,42233,M,4608097.0,393738.0,42
201600021618,16,7,27,1815,1,1,1,1,6.0,42281,M,4608185.0,385295.0,42
201600021619,16,1,16,1630,1,2,1,1,1.0,42199,M,4603180.0,391015.0,42
201600021620,16,3,4,1130,1,1,1,1,3.0,42182,M,4605135.0,395279.0,42
201600021621,16,3,27,1015,1,1,1,2,1.0,42003,M,4609905.0,391123.0,42
201600021622,16,3,31,1645,1,1,1,1,6.0,42163,M,4617798.0,387901.0,42
201600021623,16,7,10,1700,1,2,1,7,2.0,42049,M,4614168.0,389153.0,42
201600021624,16,7,25,1215,1,1,2,1,3.0,42198,M,4601166.0,431433.0,42
201600021625,16,7,28,830,1,1,1,1,7.0,42337,M,4618400.0,395200.0,42
201600021626,16,8,10,1500,1,1,1,1,7.0,42003,M,4610952.0,390995.0,42
201600021627,16,9,29,1330,1,1,1,1,1.0,42008,M,4599010.0,388104.0,42
201600021628,16,12,23,1,3,1,1,2,7.0,42231,M,4608934.0,395822.0,42
201600021629,16,12,2,2030,3,1,1,5,6.0,42232,M,4606460.0,392352.0,42
201600021630,16,12,5,945,1,2,1,1,1.0,42176,M,4604495.0,398338.0,42
201600021631,16,12,12,1530,1,1,2,1,5.0,42198,M,4601188.0,395051.0,42
201600021632,16,1,2,1500,1,2,3,1,6.0,28134,M,4873792.0,134679.0,28
201600021633,16,11,12,1845,3,2,1,2,6.0,28134,M,4873799.0,134815.0,28
201600021634,16,12,5,1810,5,2,6,1,6.0,28404,M,4871894.0,136882.0,28
201600021635,16,1,8,2045,5,2,2,5,3.0,28134,M,4873829.0,136103.0,28
201600021636,16,3,4,1535,1,1,1,2,2.0,28134,M,4874704.0,140087.0,28
201600021637,16,3,4,1620,1,2,3,2,5.0,28404,M,4873654.0,133007.0,28
201600021638,16,4,15,1830,1,2,1,1,6.0,28134,M,,,28
201600021639,16,4,18,1435,1,1,1,1,6.0,28134,M,4874883.0,139025.0,28
201600021640,16,4,26,735,1,2,1,2,6.0,28134,M,4873196.0,136074.0,28
201600021641,16,4,27,1620,1,2,1,1,1.0,28134,M,4874656.0,138266.0,28
201600021642,16,5,2,850,1,2,1,1,6.0,28134,M,4873391.0,136521.0,28
201600021643,16,5,7,1440,1,2,1,1,2.0,28134,M,4873183.0,136227.0,28
201600021644,16,5,21,1850,1,2,1,2,6.0,28404,M,4871582.0,136583.0,28
201600021645,16,5,24,1130,1,2,6,1,6.0,28134,M,4873842.0,134131.0,28
201600021646,16,6,7,1750,1,1,1,1,3.0,28223,M,4872529.0,139982.0,28
201600021647,16,7,16,1805,1,1,9,1,3.0,28134,M,4874608.0,135089.0,28
201600021648,16,7,20,900,1,1,1,1,7.0,28404,M,,,28
201600021649,16,8,9,1100,1,1,3,1,3.0,28134,M,4874939.0,138659.0,28
201600021650,16,8,24,2000,1,2,9,1,6.0,28134,M,4874166.0,134388.0,28
201600021651,16,10,6,1835,1,1,1,1,2.0,28404,M,4871333.0,136444.0,28
201600021652,16,6,2,1600,1,1,1,1,2.0,71520,M,0.0,0.0,71
201600021653,16,9,24,645,3,1,1,1,2.0,71081,M,0.0,0.0,71
201600021654,16,10,12,200,3,1,1,1,2.0,71081,M,0.0,0.0,71
201600021655,16,10,26,1145,1,1,1,1,2.0,71170,M,0.0,0.0,71
201600021656,16,3,23,1030,1,2,3,1,3.0,74182,M,0.0,0.0,74
201600021657,16,10,13,615,5,1,6,2,3.0,74257,M,0.0,0.0,74
201600021658,16,12,10,245,3,1,1,1,2.0,74112,M,0.0,0.0,74
201600021659,16,12,11,1045,1,2,1,1,1.0,74217,M,0.0,0.0,74
201600021660,16,2,13,1400,1,1,1,2,6.0,14618,M,4893760.0,-91882.0,14
201600021661,16,4,10,1345,1,1,2,1,3.0,14553,M,4903790.0,-58583.0,14
201600021662,16,8,19,1445,1,2,2,1,3.0,14255,M,4888670.0,-88279.0,14
201600021663,16,1,31,2045,3,1,1,2,2.0,22135,M,4855378.0,-336604.0,22
201600021664,16,2,13,1545,1,1,1,8,6.0,22227,M,4856708.0,-356421.0,22
201600021665,16,2,14,1215,1,1,1,4,2.0,22225,M,4853999.0,-306846.0,22
201600021666,16,2,26,745,1,1,1,1,3.0,22251,M,4854419.0,-282813.0,22
201600021667,16,2,28,1615,1,1,1,6,3.0,22034,M,4866492.0,-334521.0,22
201600021668,16,3,9,730,1,1,1,3,4.0,22304,M,4853637.0,-305422.0,22
201600021669,16,2,10,130,3,1,1,4,7.0,22135,M,4855963.0,-334413.0,22
201600021670,16,3,25,1800,1,1,1,1,2.0,22304,M,4853741.0,-305796.0,22
201600021671,16,3,28,1845,1,1,1,2,4.0,22372,M,4852887.0,-286018.0,22
201600021672,16,3,28,1445,1,1,1,4,6.0,22034,M,4868555.0,-336324.0,22
201600021673,16,3,30,2350,3,1,1,2,6.0,22004,M,4862397.0,-331782.0,22
201600021674,16,4,5,545,3,1,1,1,6.0,22004,M,4862465.0,-331867.0,22
201600021675,16,4,11,1600,1,1,1,1,7.0,22164,M,4858565.0,-324906.0,22
201600021676,16,4,22,1445,1,1,1,1,2.0,22067,M,4855214.0,-317014.0,22
201600021677,16,4,30,1530,1,1,1,1,7.0,22227,M,4856551.0,-354527.0,22
201600021678,16,5,17,1545,1,1,1,1,7.0,22272,M,4854866.0,-310389.0,22
201600021679,16,5,21,1645,1,1,1,2,6.0,22354,M,4856957.0,-327558.0,22
201600021680,16,5,26,1915,1,1,1,8,5.0,22182,M,4853129.0,-292970.0,22
201600021681,16,6,7,2300,3,1,1,1,6.0,22164,M,4859977.0,-326711.0,22
201600021682,16,6,13,1100,1,1,1,2,7.0,22304,M,4853613.0,-303535.0,22
201600021683,16,7,10,1545,1,1,1,1,6.0,22225,M,4855161.0,-311588.0,22
201600021684,16,9,30,1915,1,1,1,8,7.0,22372,M,4852932.0,-285969.0,22
201600021685,16,10,29,1430,1,1,1,1,3.0,22206,M,4853584.0,-301982.0,22
201600021686,16,11,8,1600,1,1,1,1,6.0,22272,M,4854890.0,-310564.0,22
201600021687,16,11,20,1030,1,1,1,1,2.0,22182,M,4853138.0,-292587.0,22
201600021688,16,11,24,845,1,1,1,1,7.0,22251,M,4854508.0,-281217.0,22
201600021689,16,12,6,1745,3,1,1,8,2.0,22225,M,4855219.0,-311800.0,22
201600021690,16,1,14,1430,1,1,1,4,2.0,22327,M,4848491.0,-204159.0,22
201600021691,16,1,15,115,3,1,1,9,6.0,22003,M,4844174.0,-212388.0,22
201600021692,16,1,27,1615,1,1,1,3,7.0,22093,M,4846443.0,-254402.0,22
201600021693,16,3,4,1545,1,1,1,8,4.0,22246,M,4847674.0,-260615.0,22
201600021694,16,5,13,1645,1,1,1,1,2.0,22193,M,4843595.0,-247083.0,22
201600021695,16,5,17,1115,1,1,1,1,1.0,22246,M,4847690.0,-260549.0,22
201600021696,16,5,17,1515,1,1,1,1,2.0,22093,M,4846738.0,-254869.0,22
201600021697,16,8,31,1145,1,1,1,1,4.0,22185,M,4837419.0,-235465.0,22
201600021698,16,9,17,530,3,1,1,2,3.0,22213,M,4853653.0,-197630.0,22
201600021699,16,10,22,1145,1,1,1,1,3.0,22213,M,4853653.0,-200176.0,22
201600021700,16,10,29,1715,1,1,1,1,7.0,22388,M,4843698.0,-214466.0,22
201600021701,16,11,7,30,3,1,1,3,7.0,22369,M,4834717.0,-228952.0,22
201600021702,16,12,15,800,2,1,1,1,5.0,22084,M,4841815.0,-228149.0,22
201600021703,16,1,13,1045,1,1,1,1,7.0,29266,M,4852807.0,-394315.0,29
201600021704,16,1,31,1945,3,1,1,2,7.0,29264,M,4850261.0,-416137.0,29
201600021705,16,2,7,430,3,1,1,1,6.0,29068,M,4851985.0,-401417.0,29
201600021706,16,3,30,1415,1,1,1,4,6.0,29268,M,4847406.0,-431705.0,29