Num_Acc,an,mois,jour,hrmn,lum,agg,int,atm,col,com,gps,lat,long,dep
201600021707,16,4,22,945,1,1,1,1,7.0,29183,M,4857052.0,-360889.0,29
201600021708,16,4,30,815,1,1,1,1,6.0,29266,M,4852731.0,-395096.0,29
201600021709,16,4,30,815,1,1,1,7,5.0,29266,M,4852675.0,-395266.0,29
201600021710,16,5,22,215,3,1,1,1,7.0,29105,M,4851956.0,-402206.0,29
201600021711,16,5,31,900,1,1,1,1,4.0,29075,M,4843465.0,-443690.0,29
201600021712,16,6,12,1730,1,1,1,1,3.0,29211,M,4834505.0,-376769.0,29
201600021713,16,6,21,1345,1,1,1,1,7.0,29075,M,4844879.0,-438890.0,29
201600021714,16,10,1,715,2,1,1,2,2.0,29265,M,4854301.0,-389763.0,29
201600021715,16,10,20,1200,1,1,1,1,7.0,29179,M,4848374.0,-429099.0,29
201600021716,16,10,29,900,1,1,1,1,7.0,29075,M,4844281.0,-440476.0,29
201600021717,16,11,9,2200,3,1,1,2,2.0,29105,M,4851824.0,-403921.0,29
201600021718,16,11,13,900,1,1,1,1,6.0,29181,M,4848566.0,-428122.0,29
201600021719,16,12,13,830,1,1,1,1,2.0,29179,M,4848213.0,-429817.0,29
201600021720,16,1,28,1300,1,1,1,2,6.0,29020,M,4810534.0,-402980.0,29
201600021721,16,3,8,1345,1,1,1,6,6.0,29142,M,4816969.0,-404719.0,29
201600021722,16,12,8,1815,3,1,1,8,5.0,29142,M,4816827.0,-404771.0,29
201600021723,16,12,17,2145,3,1,1,5,5.0,29086,M,4833971.0,-423011.0,29
201600021724,16,1,22,700,3,1,1,2,1.0,35139,M,4794505.0,-167666.0,35
201600021725,16,1,25,800,1,1,1,1,4.0,35139,M,4795390.0,-168051.0,35
201600021726,16,2,22,1630,1,1,1,1,6.0,35363,M,4801952.0,-169114.0,35
201600021727,16,3,30,330,3,1,1,1,6.0,35139,M,4796672.0,-169122.0,35
201600021728,16,8,24,2345,3,1,1,1,6.0,35363,M,4801338.0,-169143.0,35
201600021729,16,8,28,1315,1,1,1,1,6.0,35124,M,4773374.0,-171263.0,35
201600021730,16,10,15,1315,1,1,1,3,6.0,35012,M,4779524.0,-169052.0,35
201600021731,16,10,29,1815,1,1,1,1,6.0,35206,M,4805406.0,-168145.0,35
201600021732,16,11,28,1410,1,1,1,1,7.0,35012,M,4783946.0,-169561.0,35
201600021733,16,8,8,230,3,1,9,1,6.0,35152,M,4817316.0,-156830.0,35
201600021734,16,8,27,1430,1,1,1,1,3.0,35267,M,4840548.0,-131127.0,35
201600021735,16,12,17,1910,3,1,1,5,4.0,35293,M,4829624.0,-136630.0,35
201600021736,16,12,23,2230,3,1,1,5,6.0,35152,M,4820711.0,-152412.0,35
201600021737,16,3,5,1800,2,2,2,1,3.0,01419,M,4622300.0,596900.0,01
201600021738,16,8,14,845,1,1,1,1,5.0,01209,M,0.0,0.0,01
201600021739,16,9,9,2115,1,1,1,1,1.0,01419,M,4620200.0,595300.0,01
201600021740,16,9,30,815,2,2,1,7,6.0,01354,M,0.0,0.0,01
201600021741,16,12,9,530,5,1,6,5,2.0,01354,M,0.0,0.0,01
201600021742,16,12,30,1930,3,1,9,1,6.0,01288,M,4610340.0,555730.0,01
201600021743,16,4,29,1530,1,2,1,1,1.0,01354,M,0.0,0.0,01
201600021744,16,5,8,1245,1,2,5,1,3.0,01143,M,4636000.0,614000.0,01
201600021745,16,8,23,1745,1,2,1,1,3.0,01419,M,0.0,0.0,01
201600021746,16,9,1,2330,3,1,1,1,6.0,01419,M,4636800.0,564000.0,01
201600021747,16,9,4,115,5,1,1,1,6.0,01209,M,0.0,0.0,01
201600021748,16,11,12,1330,1,1,9,1,3.0,01360,M,0.0,0.0,01
201600021749,16,4,2,1200,1,1,9,1,3.0,54314,M,4951800.0,569200.0,54
201600021750,16,3,17,1445,1,2,1,1,6.0,54314,M,4949200.0,570800.0,54
201600021751,16,4,6,1530,1,1,1,1,3.0,54428,M,4942200.0,570800.0,54
201600021752,16,4,25,1745,1,2,1,2,3.0,54322,M,4944600.0,561900.0,54
201600021753,16,7,13,2230,3,1,1,2,3.0,54314,M,0.0,0.0,54
201600021754,16,7,25,600,2,1,1,1,3.0,54314,M,4951600.0,572500.0,54
201600021755,16,8,25,1615,1,1,1,1,1.0,54290,M,4945500.0,579400.0,54
201600021756,16,10,8,1130,1,1,1,1,6.0,54590,M,4946500.0,561000.0,54
201600021757,16,10,20,2230,3,1,1,2,6.0,54134,M,4946100.0,548800.0,54
201600021758,16,12,22,1915,5,2,1,5,1.0,54137,M,4949100.0,570500.0,54
201600021759,16,5,8,1115,1,1,1,1,3.0,67437,M,0.0,0.0,67
201600021760,16,5,21,1300,1,2,1,1,3.0,67380,M,0.0,0.0,67
201600021761,16,10,19,1615,1,2,1,1,2.0,67437,M,0.0,0.0,67
201600021762,16,12,14,1400,1,1,1,7,1.0,67367,M,0.0,0.0,67
201600021763,16,6,5,2245,3,2,1,1,1.0,83048,M,0.0,0.0,83
201600021764,16,7,17,1030,1,1,1,1,3.0,83036,M,0.0,0.0,83
201600021765,16,7,31,915,3,1,1,1,7.0,83048,M,4319735.0,654922.0,83
201600021766,16,8,7,1945,1,2,1,1,1.0,83048,M,0.0,0.0,83
201600021767,16,8,12,445,5,1,1,1,6.0,83048,M,4353388.0,663142.0,83
201600021768,16,8,17,1945,1,2,1,1,1.0,83048,M,4320075.0,656379.0,83
201600021769,16,9,15,1045,1,1,1,1,3.0,83048,M,4319200.0,658800.0,83
201600021770,16,4,10,1015,1,1,1,7,5.0,67163,M,0.0,0.0,67
201600021771,16,9,29,530,3,1,3,1,3.0,67166,M,0.0,0.0,67
201600021772,16,1,24,745,3,1,1,1,7.0,35219,M,4778388.0,-192696.0,35
201600021773,16,1,24,1800,2,2,1,1,6.0,35129,M,4782240.0,-182298.0,35
201600021774,16,2,6,800,2,1,1,6,7.0,35045,M,4782206.0,-203482.0,35
201600021775,16,4,13,1630,1,1,1,1,1.0,35285,M,4774989.0,-194988.0,35
201600021776,16,6,12,730,1,1,1,2,6.0,35045,M,4779562.0,-200793.0,35
201600021777,16,7,3,1300,1,1,1,1,6.0,35176,M,4777945.0,-177997.0,35
201600021778,16,7,15,1600,1,2,7,1,1.0,35219,M,4781035.0,-194674.0,35
201600021779,16,8,23,1915,1,1,1,1,5.0,35045,M,4779761.0,-199349.0,35
201600021780,16,9,1,2000,1,1,1,1,3.0,35168,M,4789669.0,-201229.0,35
201600021781,16,9,20,2045,3,1,1,1,6.0,35289,M,4786727.0,-178958.0,35
201600021782,16,10,15,2045,3,1,2,1,3.0,35045,M,4779546.0,-200918.0,35
201600021783,16,10,28,1800,1,1,2,1,3.0,35084,M,4786594.0,-206139.0,35
201600021784,16,10,28,2330,3,1,2,1,3.0,35160,M,4794668.0,-206738.0,35
201600021785,16,12,17,1700,2,2,3,5,2.0,35125,M,4792931.0,-123631.0,35
201600021786,16,2,22,1945,3,1,1,8,5.0,86100,M,0.0,0.0,86
201600021787,16,11,8,1900,3,1,1,1,5.0,86050,M,0.0,0.0,86
201600021788,16,1,2,930,1,1,1,1,7.0,21214,M,4716970.0,469316.0,21
201600021789,16,2,3,1930,3,1,1,2,6.0,21030,M,4710114.0,472821.0,21
201600021790,16,3,14,445,3,1,1,1,6.0,21073,M,4743203.0,431191.0,21
201600021791,16,3,16,630,2,1,1,1,6.0,21633,M,0.0,0.0,21
201600021792,16,7,6,1915,1,1,1,1,4.0,21214,M,4719324.0,466655.0,21
201600021793,16,7,6,1830,1,1,1,1,2.0,21214,M,4719377.0,466604.0,21
201600021794,16,7,19,2130,1,1,1,1,7.0,21205,M,4744526.0,429310.0,21
201600021795,16,8,6,1630,1,1,1,1,6.0,21244,M,4731674.0,449523.0,21
201600021796,16,8,21,830,1,1,1,1,2.0,21298,M,0.0,0.0,21
201600021797,16,8,23,1615,1,1,1,1,6.0,21214,M,4718289.0,467912.0,21
201600021798,16,9,17,645,3,1,1,3,4.0,21282,M,4747300.0,421222.0,21
201600021799,16,10,14,1115,1,1,1,2,2.0,21087,M,4711454.0,470981.0,21
201600021800,16,11,13,750,1,1,9,2,6.0,21244,M,4730345.0,450278.0,21
201600021801,16,12,11,1934,3,1,1,9,6.0,21634,M,4714822.0,469974.0,21
201600021802,16,12,26,1225,1,1,9,8,6.0,21676,M,4746533.0,424221.0,21
201600021803,16,9,30,2300,3,1,1,2,6.0,86120,M,0.0,0.0,86
201600021804,16,10,23,1730,1,2,2,1,3.0,86187,M,4658200.0,77700.0,86
201600021805,16,9,11,2345,3,1,1,1,6.0,01173,M,0.0,0.0,01
201600021806,16,9,28,1900,5,2,1,1,3.0,01103,M,0.0,0.0,01
201600021807,16,10,21,645,3,1,1,2,1.0,01173,M,0.0,0.0,01
201600021808,16,6,4,1700,1,1,1,1,1.0,12157,M,4440270.0,274080.0,12
201600021809,16,9,4,1630,1,1,1,1,1.0,12096,M,4451000.0,273481.0,12
201600021810,16,6,29,740,1,1,3,1,6.0,12043,M,4428130.0,253433.0,12
201600021811,16,1,3,230,5,1,1,1,7.0,64061,M,4339097.0,-57955.0,64
201600021812,16,5,23,1100,1,1,6,1,1.0,64410,M,4337758.0,-60342.0,64
201600021813,16,12,24,1700,2,1,3,2,1.0,64396,M,4343944.0,-66715.0,64
201600021814,16,12,23,1800,3,1,6,5,6.0,68253,M,4778307.0,750253.0,68
201600021815,16,6,2,1630,1,2,1,2,1.0,01427,M,4594481.0,476191.0,01
201600021816,16,12,6,1030,1,2,6,1,6.0,01194,M,4598469.0,475681.0,01
201600021817,16,12,15,1900,1,2,2,1,3.0,29019,M,4841548.0,-446195.0,29
201600021818,16,12,24,1400,1,2,2,1,3.0,29019,M,4839655.0,-444420.0,29
201600021819,16,1,5,1820,5,2,2,3,3.0,29019,M,4842225.0,-449856.0,29
201600021820,16,1,6,1200,1,2,1,1,4.0,29019,M,4840821.0,-448668.0,29
201600021821,16,1,12,1835,5,2,1,8,2.0,29019,M,4841255.0,-446801.0,29
201600021822,16,12,12,930,2,2,3,2,3.0,29019,M,4838999.0,-450353.0,29
201600021823,16,1,11,810,1,2,1,1,6.0,29019,M,4840452.0,-446763.0,29
201600021824,16,1,14,1000,1,2,1,1,2.0,29019,M,4839022.0,-448616.0,29
201600021825,16,1,12,1140,1,2,2,1,3.0,29019,M,4838716.0,-451396.0,29
201600021826,16,12,7,1820,5,2,3,1,1.0,29019,M,4840459.0,-450980.0,29
201600021827,16,1,21,1635,1,2,1,1,6.0,29019,M,4839213.0,-448137.0,29
201600021828,16,12,14,1135,1,2,1,1,6.0,29019,M,4838176.0,-452584.0,29
201600021829,16,1,18,1640,1,2,1,1,6.0,29019,M,4839317.0,-449414.0,29
201600021830,16,1,16,1715,1,2,1,1,7.0,29019,M,4839009.0,-443778.0,29
201600021831,16,12,15,1648,1,2,1,1,6.0,29019,M,4838070.0,-453208.0,29
201600021832,16,1,6,1842,5,2,2,3,6.0,29019,M,4840364.0,-448057.0,29
201600021833,16,1,30,1930,5,1,1,1,4.0,29019,M,4839205.0,-450362.0,29
201600021834,16,1,21,1945,5,2,3,2,3.0,29019,M,4839347.0,-449697.0,29
201600021835,16,1,28,2110,1,2,3,1,1.0,29019,M,4838378.0,-448422.0,29
201600021836,16,1,30,1850,5,2,1,2,6.0,29019,M,4839421.0,-448187.0,29
201600021837,16,1,13,945,1,2,3,1,3.0,29019,M,4838987.0,-450766.0,29
201600021838,16,2,2,1640,1,2,1,1,6.0,29019,M,4840717.0,-448962.0,29
201600021839,16,2,4,1220,1,2,1,1,6.0,29019,M,4840356.0,-447108.0,29
201600021840,16,1,30,1650,1,2,3,2,3.0,29019,M,4838133.0,-451277.0,29
201600021841,16,2,10,1600,1,2,3,1,2.0,29019,M,4841319.0,-449235.0,29
201600021842,16,2,7,635,5,2,2,2,5.0,29019,M,4837800.0,-454456.0,29
201600021843,16,1,14,1345,1,2,1,1,6.0,29019,M,4840637.0,-449635.0,29
201600021844,16,1,28,1840,5,2,1,1,2.0,29019,M,4840584.0,-450755.0,29
201600021845,16,1,10,1845,5,2,1,2,2.0,29019,M,4841316.0,-449591.0,29
201600021846,16,2,3,915,1,2,1,1,6.0,29019,M,4840549.0,-448465.0,29
201600021847,16,2,10,1930,5,2,6,1,3.0,29019,M,4841499.0,-447893.0,29
201600021848,16,2,10,1750,1,2,1,2,2.0,29019,M,4839558.0,-453828.0,29
201600021849,16,2,10,1000,1,2,3,1,1.0,29019,M,4839602.0,-448329.0,29
201600021850,16,2,17,2130,4,2,1,2,6.0,29019,M,4838956.0,-448312.0,29
201600021851,16,2,15,930,1,1,1,1,6.0,29019,M,4840031.0,-449849.0,29
201600021852,16,2,24,1115,1,2,1,2,6.0,29019,M,4840146.0,-445501.0,29
201600021853,16,2,25,1320,1,2,1,1,4.0,29019,M,4841318.0,-449592.0,29
201600021854,16,3,4,1530,1,2,1,1,6.0,29019,M,4839543.0,-449206.0,29
201600021855,16,3,10,1530,1,2,1,1,1.0,29019,M,4844632.0,-449567.0,29
201600021856,16,3,17,725,1,2,6,1,3.0,29019,M,4838278.0,-449185.0,29
201600021857,16,3,22,845,1,2,3,1,6.0,29019,M,4839082.0,-449401.0,29
201600021858,16,3,8,740,1,2,3,1,1.0,29019,M,4842107.0,-446347.0,29
201600021859,16,3,14,800,2,2,6,1,3.0,29019,M,4841840.0,-451180.0,29
201600021860,16,3,16,1020,1,1,3,1,3.0,29019,M,4840434.0,-451249.0,29
201600021861,16,3,25,1220,1,2,1,1,6.0,29019,M,4838514.0,-453531.0,29
201600021862,16,3,30,1640,1,1,1,1,3.0,29019,M,4840457.0,-450975.0,29
201600021863,16,3,31,1410,1,2,1,1,2.0,29019,M,4839731.0,-451773.0,29
201600021864,16,4,6,1850,1,2,2,1,3.0,29019,M,4838885.0,-448397.0,29
201600021865,16,3,31,1300,1,2,1,1,6.0,29019,M,4839542.0,-449207.0,29
201600021866,16,3,30,1220,1,2,1,1,3.0,29019,M,4838008.0,-448701.0,29
201600021867,16,4,7,1900,1,2,1,1,1.0,29019,M,4840761.0,-449195.0,29
201600021868,16,4,14,640,1,2,3,1,1.0,29019,M,4838880.0,-450347.0,29
201600021869,16,4,11,1525,1,2,2,1,3.0,29019,M,4840174.0,-448314.0,29
201600021870,16,4,4,1650,1,2,1,1,3.0,29019,M,4838801.0,-448152.0,29
201600021871,16,4,11,1815,1,2,2,1,3.0,29019,M,4839657.0,-448263.0,29
201600021872,16,4,17,850,1,2,1,1,6.0,29019,M,4839851.0,-445352.0,29
201600021873,16,4,20,1705,1,2,2,1,3.0,29019,M,4839979.0,-448614.0,29
201600021874,16,4,11,1700,1,2,1,1,2.0,29019,M,4836723.0,-454638.0,29
201600021875,16,4,6,2110,5,2,1,1,1.0,29019,M,4839717.0,-449756.0,29
201600021876,16,4,17,1630,1,2,3,1,3.0,29019,M,4843310.0,-449663.0,29
201600021877,16,4,8,2100,4,2,1,2,6.0,29019,M,4838421.0,-452786.0,29
201600021878,16,5,5,1530,1,2,1,1,1.0,29019,M,4838182.0,-452565.0,29
201600021879,16,5,18,2050,2,2,1,1,4.0,29019,M,4839933.0,-444289.0,29
201600021880,16,5,2,925,1,2,2,1,3.0,29019,M,4839541.0,-447692.0,29
201600021881,16,4,27,900,1,2,3,2,3.0,29019,M,4840004.0,-448666.0,29
201600021882,16,6,5,1910,1,2,1,1,6.0,29019,M,4838590.0,-449276.0,29
201600021883,16,6,6,1810,1,2,1,1,4.0,29019,M,4837360.0,-456100.0,29
201600021884,16,6,14,850,1,2,1,1,5.0,29019,M,4841034.0,-445666.0,29
201600021885,16,6,19,1500,1,2,3,1,3.0,29019,M,4839137.0,-450623.0,29
201600021886,16,6,12,1148,1,2,3,2,3.0,29019,M,4838307.0,-452765.0,29
201600021887,16,6,17,1500,1,1,1,1,2.0,29019,M,4841198.0,-448645.0,29
201600021888,16,6,2,2005,1,2,2,1,3.0,29019,M,4839171.0,-447827.0,29
201600021889,16,6,20,915,1,2,3,2,1.0,29019,M,4841004.0,-449087.0,29
201600021890,16,6,24,1550,1,2,2,1,3.0,29019,M,4839153.0,-448052.0,29
201600021891,16,7,6,755,1,2,6,1,3.0,29019,M,4840189.0,-450265.0,29
201600021892,16,7,6,1310,1,2,2,1,3.0,29019,M,4839266.0,-448224.0,29
201600021893,16,7,7,1030,1,2,1,1,4.0,29019,M,4838708.0,-448212.0,29
201600021894,16,6,13,2120,1,2,1,1,6.0,29019,M,4840527.0,-451496.0,29
201600021895,16,6,26,1210,1,2,6,1,3.0,29019,M,4838538.0,-452806.0,29
201600021896,16,7,16,2145,1,2,2,1,2.0,29019,M,4841628.0,-446805.0,29
201600021897,16,7,17,2310,5,2,1,1,1.0,29019,M,4841812.0,-447678.0,29
201600021898,16,7,15,1020,1,2,1,1,1.0,29019,M,4839611.0,-449256.0,29
201600021899,16,7,14,1855,1,2,1,1,6.0,29019,M,4841596.0,-448099.0,29
201600021900,16,7,20,745,1,2,1,1,6.0,29019,M,4838670.0,-449210.0,29
201600021901,16,7,13,1840,1,2,3,1,2.0,29019,M,4840260.0,-448190.0,29
201600021902,16,7,19,1650,1,2,1,1,6.0,29019,M,4838125.0,-452991.0,29
201600021903,16,7,27,2215,5,2,6,1,3.0,29019,M,4840468.0,-447712.0,29
201600021904,16,7,8,1800,1,2,2,1,3.0,29019,M,4839975.0,-448605.0,29
201600021905,16,7,18,1700,1,2,2,1,3.0,29019,M,4840217.0,-449475.0,29
201600021906,16,7,20,1915,1,2,1,1,3.0,29019,M,4837476.0,-455815.0,29
201600021907,16,8,2,1840,1,2,1,8,3.0,29019,M,4840933.0,-446816.0,29
201600021908,16,8,1,100,5,2,2,1,3.0,29019,M,4839718.0,-447366.0,29
201600021909,16,7,19,1910,1,2,1,1,6.0,29019,M,4841345.0,-447132.0,29
201600021910,16,7,13,1640,1,2,1,1,6.0,29019,M,4839016.0,-448498.0,29
201600021911,16,8,16,1150,1,1,6,1,2.0,29019,M,4841506.0,-447926.0,29
201600021912,16,8,29,1125,1,2,2,1,3.0,29019,M,4839703.0,-448199.0,29
201600021913,16,8,21,1950,1,2,2,1,3.0,29019,M,4839776.0,-447281.0,29
201600021914,16,8,28,1945,1,2,1,1,7.0,29019,M,4840621.0,-449666.0,29
201600021915,16,8,16,215,5,2,1,1,6.0,29019,M,4840331.0,-446979.0,29
201600021916,16,8,20,250,5,2,1,1,6.0,29019,M,4839674.0,-447508.0,29
201600021917,16,8,25,1405,1,2,1,1,4.0,29019,M,4841611.0,-447834.0,29
201600021918,16,9,9,1115,1,2,2,1,6.0,29019,M,4839685.0,-447583.0,29
201600021919,16,9,10,1051,1,2,1,3,5.0,29019,M,4842404.0,-450939.0,29
201600021920,16,9,9,2020,2,2,3,1,2.0,29019,M,4839892.0,-445958.0,29
201600021921,16,7,31,1115,1,2,2,1,3.0,29019,M,4840348.0,-447106.0,29
201600021922,16,9,17,24,5,2,1,1,6.0,29019,M,4838428.0,-450070.0,29
201600021923,16,8,8,2010,1,2,1,1,7.0,29019,M,4840039.0,-448896.0,29
201600021924,16,9,10,120,5,2,2,1,6.0,29019,M,4838896.0,-448400.0,29
201600021925,16,9,16,1815,1,2,1,1,2.0,29019,M,4840068.0,-448472.0,29
201600021926,16,9,14,1814,1,2,2,1,6.0,29019,M,4841314.0,-448661.0,29
201600021927,16,9,23,1000,1,2,3,1,6.0,29019,M,4838537.0,-452819.0,29
201600021928,16,9,6,1845,1,2,2,1,2.0,29019,M,4838537.0,-452816.0,29
201600021929,16,9,25,1340,1,2,6,1,2.0,29019,M,4841533.0,-447950.0,29
201600021930,16,10,4,1325,1,2,2,1,3.0,29019,M,4838611.0,-450305.0,29
201600021931,16,10,3,915,1,2,1,1,6.0,29019,M,4838869.0,-451709.0,29
201600021932,16,9,12,1945,1,2,2,1,6.0,29019,M,4839355.0,-448435.0,29
201600021933,16,10,5,1000,1,2,1,1,6.0,29019,M,4839469.0,-449283.0,29
201600021934,16,10,6,1835,1,2,2,1,6.0,29019,M,4839969.0,-448607.0,29
201600021935,16,10,7,845,1,2,1,1,4.0,29019,M,4839988.0,-449680.0,29
201600021936,16,10,3,1650,1,2,1,1,6.0,29019,M,4840773.0,-448857.0,29
201600021937,16,10,11,1710,1,2,1,1,4.0,29019,M,4840109.0,-448400.0,29
201600021938,16,10,12,1750,1,2,1,1,4.0,29019,M,4840504.0,-448463.0,29
201600021939,16,10,15,2104,5,2,3,1,3.0,29019,M,4838518.0,-449289.0,29
201600021940,16,10,19,1515,1,2,1,1,6.0,29019,M,4839358.0,-449239.0,29
201600021941,16,10,6,950,1,2,1,1,6.0,29019,M,4840675.0,-451226.0,29
201600021942,16,10,21,1255,1,2,3,1,1.0,29019,M,4839122.0,-450596.0,29
201600021943,16,10,20,715,1,2,1,1,6.0,29019,M,4839424.0,-447994.0,29
201600021944,16,9,29,1840,1,2,2,1,3.0,29019,M,4839353.0,-447273.0,29
201600021945,16,9,23,1045,1,2,1,1,6.0,29019,M,4841740.0,-446120.0,29
201600021946,16,11,2,1845,5,2,2,1,6.0,29019,M,4838669.0,-452829.0,29
201600021947,16,10,9,145,5,2,2,1,6.0,29019,M,4839782.0,-447290.0,29
201600021948,16,11,8,1815,5,2,1,2,6.0,29019,M,4839352.0,-448797.0,29
201600021949,16,11,5,1010,1,1,1,1,3.0,29019,M,4840875.0,-446806.0,29
201600021950,16,11,5,1800,4,2,6,1,3.0,29019,M,4840027.0,-446907.0,29
201600021951,16,11,16,1545,1,2,3,1,6.0,29019,M,4840490.0,-446372.0,29
201600021952,16,11,19,1100,1,1,1,1,1.0,29019,M,4838294.0,-451808.0,29
201600021953,16,11,28,1425,1,2,2,1,3.0,29019,M,4841652.0,-446288.0,29
201600021954,16,11,23,1825,5,2,1,2,6.0,29019,M,4838801.0,-446336.0,29
201600021955,16,11,9,720,5,2,2,1,6.0,29019,M,4840105.0,-448408.0,29
201600021956,16,11,25,1605,1,2,1,1,5.0,29019,M,4838313.0,-448729.0,29
201600021957,16,11,30,1525,1,2,1,1,3.0,29019,M,4838109.0,-453036.0,29
201600021958,16,1,19,1955,5,2,2,1,3.0,29019,M,4838968.0,-451281.0,29
201600021959,16,12,6,705,5,2,6,1,6.0,29019,M,4838689.0,-447085.0,29
201600021960,16,12,6,1715,1,2,2,1,1.0,29019,M,4842760.0,-446860.0,29
201600021961,16,11,9,745,2,2,1,2,6.0,29019,M,4838270.0,-451436.0,29
201600021962,16,12,7,1530,1,2,4,1,3.0,29019,M,4839200.0,-448751.0,29
201600021963,16,12,10,1850,5,2,1,1,1.0,29019,M,4839788.0,-447444.0,29
201600021964,16,12,9,1225,1,2,1,1,3.0,29019,M,4839838.0,-448928.0,29
201600021965,16,11,25,1510,1,2,6,1,3.0,29019,M,4838963.0,-449033.0,29
201600021966,16,12,14,905,1,2,2,1,3.0,29019,M,4838834.0,-451567.0,29
201600021967,16,12,18,645,5,2,6,1,3.0,29019,M,4840046.0,-449967.0,29
201600021968,16,12,16,1705,5,2,1,2,6.0,29019,M,4837576.0,-452862.0,29
201600021969,16,12,13,955,1,2,1,1,6.0,29019,M,4838121.0,-452980.0,29
201600021970,16,12,16,1840,5,2,2,1,3.0,29019,M,4840610.0,-446180.0,29
201600021971,16,12,15,740,5,1,1,2,6.0,29019,M,4841639.0,-448694.0,29
201600021972,16,12,19,1925,5,2,2,2,6.0,29019,M,4838888.0,-448413.0,29
201600021973,16,5,15,1130,1,1,1,1,6.0,40238,M,4388088.0,-36020.0,40
201600021974,16,1,2,1110,1,1,1,3,6.0,29039,M,4792479.0,-389698.0,29
201600021975,16,2,11,2100,3,1,6,1,6.0,29039,M,4792638.0,-389485.0,29
201600021976,16,2,14,1240,1,1,1,4,7.0,29039,M,4794000.0,-391995.0,29
201600021977,16,2,19,720,3,1,1,9,6.0,29039,M,4787283.0,-392073.0,29
201600021978,16,3,6,1635,1,2,1,1,6.0,29039,M,4787097.0,-391693.0,29
201600021979,16,3,9,620,3,1,1,1,6.0,29039,M,4791678.0,-392908.0,29
201600021980,16,3,9,1645,1,1,1,1,6.0,29039,M,4791060.0,-392032.0,29
201600021981,16,3,12,730,2,1,1,1,7.0,29039,M,4790119.0,-391054.0,29
201600021982,16,3,13,1650,1,2,1,1,5.0,29039,M,4786154.0,-388600.0,29
201600021983,16,3,19,2225,5,2,1,1,6.0,29039,M,4788426.0,-392844.0,29
201600021984,16,3,21,1845,1,1,1,1,1.0,29039,M,4786320.0,-389564.0,29
201600021985,16,4,1,1224,1,2,1,1,4.0,29039,M,4787920.0,-390454.0,29
201600021986,16,4,5,2110,3,2,6,1,6.0,29039,M,4789414.0,-391406.0,29
201600021987,16,4,7,2140,5,1,2,1,3.0,29039,M,4787415.0,-389833.0,29
201600021988,16,4,8,1414,1,2,1,1,7.0,29039,M,4787320.0,-391720.0,29
201600021989,16,4,21,1528,1,2,1,1,2.0,29039,M,4789780.0,-391009.0,29
201600021990,16,4,24,610,3,2,1,1,6.0,29039,M,4785935.0,-389504.0,29
201600021991,16,5,8,1155,1,2,1,1,3.0,29039,M,4789171.0,-391758.0,29
201600021992,16,5,11,5,3,1,1,1,7.0,29039,M,4788117.0,-388386.0,29
201600021993,16,5,13,725,1,2,1,1,3.0,29039,M,4787469.0,-390644.0,29
201600021994,16,5,13,1630,1,2,2,1,3.0,29039,M,4788771.0,-391592.0,29
201600021995,16,5,23,1000,1,2,1,1,7.0,29039,M,4788932.0,-392628.0,29
201600021996,16,5,27,1155,1,1,1,1,6.0,29039,M,4787847.0,-385402.0,29
201600021997,16,6,12,320,3,1,1,2,7.0,29039,M,4787833.0,-388888.0,29
201600021998,16,6,28,837,1,1,1,1,3.0,29039,M,4792583.0,-389388.0,29
201600021999,16,7,16,455,3,1,1,1,2.0,29039,M,4788125.0,-390969.0,29
201600022000,16,7,18,1005,1,1,1,1,4.0,29039,M,4787314.0,-389796.0,29
201600022001,16,7,18,1655,1,2,6,1,3.0,29039,M,4788844.0,-391877.0,29
201600022002,16,7,23,1530,1,2,1,1,5.0,29039,M,4788970.0,-391593.0,29
201600022003,16,8,8,1545,1,1,1,1,6.0,29039,M,4789881.0,-393986.0,29
201600022004,16,8,11,1702,1,2,9,1,6.0,29039,M,4787453.0,-392150.0,29
201600022005,16,8,12,1810,1,2,1,1,2.0,29039,M,4787941.0,-390497.0,29
201600022006,16,8,15,650,2,2,1,1,3.0,29039,M,4790772.0,-390744.0,29
201600022007,16,8,24,250,5,2,1,1,7.0,29039,M,4787803.0,-392506.0,29
201600022008,16,9,6,1220,1,1,1,1,7.0,29039,M,4792147.0,-390064.0,29
201600022009,16,9,8,1500,1,2,1,1,6.0,29039,M,4787013.0,-391634.0,29
201600022010,16,9,7,1833,1,2,6,1,7.0,29039,M,4788574.0,-391349.0,29
201600022011,16,9,19,1815,1,1,6,1,3.0,29039,M,4788574.0,-391349.0,29
201600022012,16,9,22,850,1,2,1,1,6.0,29039,M,4788915.0,-391775.0,29
201600022013,16,9,22,2010,2,1,1,1,2.0,29039,M,4792225.0,-388945.0,29
201600022014,16,9,29,1320,1,2,1,2,2.0,29039,M,4789512.0,-391361.0,29
201600022015,16,10,7,850,1,2,6,1,3.0,29039,M,4788842.0,-391874.0,29
201600022016,16,10,14,1900,1,2,1,1,2.0,29039,M,4787331.0,-390514.0,29
201600022017,16,10,16,550,5,2,1,2,6.0,29039,M,4786240.0,-389153.0,29
201600022018,16,10,18,1710,1,1,1,1,2.0,29039,M,4790902.0,-391909.0,29