Num_Acc,an,mois,jour,hrmn,lum,agg,int,atm,col,com,gps,lat,long,dep
201600022019,16,10,23,20,5,2,1,1,7.0,29039,M,4786239.0,-389130.0,29
201600022020,16,11,20,410,5,2,1,2,7.0,29039,M,4788813.0,-393501.0,29
201600022021,16,11,28,1800,5,2,1,1,1.0,29039,M,4788138.0,-391003.0,29
201600022022,16,11,28,1805,2,1,3,1,3.0,29039,M,4789100.0,-388549.0,29
201600022023,16,11,30,1920,5,2,1,1,6.0,29039,M,4786931.0,-389226.0,29
201600022024,16,12,2,735,3,1,2,8,1.0,29039,M,4787416.0,-389829.0,29
201600022025,16,12,2,1300,1,1,1,1,7.0,29039,M,4793699.0,-391258.0,29
201600022026,16,12,8,1200,1,2,1,8,6.0,29039,M,4787492.0,-391581.0,29
201600022027,16,12,13,1710,1,2,1,1,6.0,29039,M,4786952.0,-391637.0,29
201600022028,16,12,17,2157,3,1,1,1,6.0,29039,M,4789721.0,-394316.0,29
201600022029,16,12,26,1650,1,2,1,1,1.0,29039,M,4789074.0,-391740.0,29
201600022030,16,12,26,1200,1,2,6,1,3.0,29039,M,4789460.0,-391420.0,29
201600022031,16,12,30,1835,5,2,1,1,6.0,29039,M,4788810.0,-391845.0,29
201600022032,16,1,2,825,5,2,1,3,6.0,29151,M,4857714.0,-382632.0,29
201600022033,16,2,23,1500,1,1,1,1,7.0,29254,M,4858963.0,-384860.0,29
201600022034,16,3,12,1935,2,2,7,1,6.0,29151,M,4857754.0,-382703.0,29
201600022035,16,7,21,2002,1,1,1,1,3.0,29254,M,4860098.0,-384674.0,29
201600022036,16,7,30,1330,1,1,1,1,6.0,29254,M,4858349.0,-384565.0,29
201600022037,16,9,24,2035,5,2,1,1,6.0,29151,M,4858156.0,-382652.0,29
201600022038,16,11,10,850,1,1,1,2,4.0,29254,M,4858205.0,-386922.0,29
201600022039,16,1,18,1315,1,1,1,1,6.0,52349,M,4802209.0,509358.0,52
201600022040,16,2,14,800,1,1,1,2,6.0,52114,M,4805575.0,495935.0,52
201600022041,16,5,22,1830,1,1,1,3,7.0,52014,M,4777230.0,520378.0,52
201600022042,16,6,29,730,1,1,1,1,2.0,52027,M,4772220.0,519156.0,52
201600022043,16,7,6,1630,1,1,1,1,6.0,52027,M,4770818.0,518769.0,52
201600022044,16,8,14,415,3,1,1,1,7.0,52189,M,4770546.0,518735.0,52
201600022045,16,8,15,2315,3,1,1,1,5.0,52059,M,4796747.0,548747.0,52
201600022046,16,9,8,745,1,1,1,1,1.0,52432,M,4794759.0,533605.0,52
201600022047,16,9,15,1430,1,1,1,1,2.0,52399,M,0.0,0.0,52
201600022048,16,10,8,1645,1,1,1,8,7.0,52197,M,4778556.0,562171.0,52
201600022049,16,10,21,2300,3,1,1,1,1.0,52519,M,4768524.0,518093.0,52
201600022050,16,1,19,1615,1,2,6,4,6.0,57690,M,0.0,0.0,57
201600022051,16,5,5,545,2,1,6,1,6.0,57428,M,0.0,0.0,57
201600022052,16,8,25,745,1,1,6,1,6.0,57690,M,4907710.0,669316.0,57
201600022053,16,6,16,2200,2,2,3,1,1.0,76404,M,4956783.0,25438.0,76
201600022054,16,8,5,1945,1,2,1,1,3.0,76404,M,4956522.0,25598.0,76
201600022055,16,5,18,1615,1,1,1,3,7.0,76238,M,4955820.0,23923.0,76
201600022056,16,1,16,1445,1,1,1,1,6.0,41256,M,4730612.0,204730.0,41
201600022057,16,2,20,1345,1,1,1,2,4.0,41256,M,4727551.0,204283.0,41
201600022058,16,3,25,445,5,1,1,3,2.0,41161,M,4758157.0,199535.0,41
201600022059,16,8,6,530,3,1,1,1,2.0,41232,M,4739846.0,203715.0,41
201600022060,16,8,13,600,2,1,1,1,4.0,41256,M,4727907.0,204295.0,41
201600022061,16,8,20,500,3,1,1,1,7.0,41046,M,4766013.0,193159.0,41
201600022062,16,8,28,1515,1,1,1,1,6.0,41161,M,4754500.0,200823.0,41
201600022063,16,12,25,1715,1,1,1,1,3.0,41046,M,4766744.0,192446.0,41
201600022064,16,12,29,1300,1,1,1,1,7.0,41046,M,4765575.0,193455.0,41
201600022065,16,1,5,820,2,2,2,2,6.0,29232,M,4799040.0,-410350.0,29
201600022066,16,12,31,1900,3,1,3,1,3.0,29051,M,4802425.0,-398001.0,29
201600022067,16,12,2,920,1,1,1,9,7.0,29232,M,4797850.0,-404816.0,29
201600022068,16,1,11,1126,1,1,9,4,7.0,29232,M,4797657.0,-405457.0,29
201600022069,16,1,13,1645,1,2,1,2,2.0,29232,M,4799644.0,-407280.0,29
201600022070,16,1,14,1647,1,2,1,2,4.0,29232,M,4797939.0,-412251.0,29
201600022071,16,1,15,1915,5,2,1,1,6.0,29051,M,4799870.0,-405583.0,29
201600022072,16,1,16,1620,1,1,1,1,6.0,29232,M,4796370.0,-408796.0,29
201600022073,16,1,16,1815,5,2,1,1,2.0,29232,M,4801388.0,-408793.0,29
201600022074,16,1,21,1246,1,2,1,2,1.0,29232,M,4801293.0,-407500.0,29
201600022075,16,1,25,1944,2,2,1,1,6.0,29232,M,4801402.0,-408781.0,29
201600022076,16,1,26,2040,5,2,1,1,6.0,29232,M,4799214.0,-410819.0,29
201600022077,16,1,27,1707,1,2,4,1,6.0,29232,M,4799263.0,-410867.0,29
201600022078,16,12,24,1610,1,2,3,1,7.0,29232,M,4800355.0,-411619.0,29
201600022079,16,1,20,830,1,1,1,1,3.0,29232,M,4801851.0,-410738.0,29
201600022080,16,2,1,1335,1,2,1,1,6.0,29232,M,4799558.0,-412355.0,29
201600022081,16,2,1,1725,1,2,1,1,6.0,29232,M,4799873.0,-411620.0,29
201600022082,16,2,2,1305,1,2,3,1,3.0,29232,M,4800560.0,-411020.0,29
201600022083,16,2,3,1400,1,1,3,1,3.0,29232,M,4798450.0,-411280.0,29
201600022084,16,2,3,1505,1,1,1,1,1.0,29051,M,4799360.0,-404629.0,29
201600022085,16,2,4,750,1,2,3,1,3.0,29232,M,4800229.0,-409469.0,29
201600022086,16,1,24,1730,1,2,1,1,3.0,29232,M,4799590.0,-407549.0,29
201600022087,16,1,6,1725,5,2,4,3,3.0,29232,M,4799391.0,-409171.0,29
201600022088,16,2,5,1250,1,2,3,1,3.0,29232,M,4799257.0,-410863.0,29
201600022089,16,2,8,1215,1,2,1,1,2.0,29232,M,4798161.0,-409685.0,29
201600022090,16,2,9,837,1,2,1,3,6.0,29232,M,4799320.0,-410594.0,29
201600022091,16,2,9,2342,3,1,1,6,6.0,29232,M,4798020.0,-409940.0,29
201600022092,16,2,11,1145,1,2,1,1,3.0,29232,M,4799513.0,-410096.0,29
201600022093,16,1,29,1715,1,2,6,1,3.0,29232,M,4797946.0,-407483.0,29
201600022094,16,2,24,2224,3,1,6,2,6.0,29232,M,4799940.0,-414780.0,29
201600022095,16,3,1,1600,1,2,1,2,4.0,29232,M,4798081.0,-410208.0,29
201600022096,16,2,13,2100,3,2,1,2,7.0,29232,M,4798167.0,-410945.0,29
201600022097,16,3,4,2159,5,2,6,2,6.0,29232,M,4798771.0,-410934.0,29
201600022098,16,3,7,1613,1,2,1,1,7.0,29232,M,4798819.0,-412823.0,29
201600022099,16,3,14,725,1,2,1,1,6.0,29232,M,4800434.0,-411823.0,29
201600022100,16,3,16,1223,1,2,4,1,5.0,29232,M,4799259.0,-409036.0,29
201600022101,16,3,25,1440,1,1,3,1,6.0,29232,M,4797328.0,-411953.0,29
201600022102,16,3,25,1400,1,1,1,1,6.0,29232,M,4801351.0,-408770.0,29
201600022103,16,3,26,230,3,1,1,2,6.0,29051,M,4800369.0,-405750.0,29
201600022104,16,3,31,905,1,1,1,1,6.0,29051,M,4801198.0,-405311.0,29
201600022105,16,4,5,1140,1,2,6,1,6.0,29232,M,4798350.0,-410401.0,29
201600022106,16,4,5,1740,1,1,1,1,6.0,29232,M,4803085.0,-408236.0,29
201600022107,16,4,8,2010,2,1,1,1,6.0,29232,M,4797850.0,-404783.0,29
201600022108,16,4,14,35,5,2,1,1,6.0,29232,M,4799778.0,-410967.0,29
201600022109,16,4,14,1200,1,1,1,2,7.0,29232,M,4800233.0,-410953.0,29
201600022110,16,4,15,1645,1,1,3,1,3.0,29232,M,4796346.0,-408265.0,29
201600022111,16,4,21,450,3,1,1,1,7.0,29232,M,4801843.0,-410806.0,29
201600022112,16,4,22,1200,1,2,1,1,3.0,29232,M,4800186.0,-408509.0,29
201600022113,16,4,23,1545,1,2,1,1,4.0,29232,M,4798753.0,-410963.0,29
201600022114,16,4,19,1000,1,2,1,1,6.0,29232,M,4801014.0,-409597.0,29
201600022115,16,4,26,1315,1,2,9,1,6.0,29232,M,4799480.0,-410071.0,29
201600022116,16,4,26,1420,1,2,1,1,6.0,29232,M,4797598.0,-409338.0,29
201600022117,16,4,26,1350,1,1,9,1,7.0,29232,M,4802737.0,-407774.0,29
201600022118,16,5,1,434,3,1,1,1,7.0,29051,M,4799047.0,-398900.0,29
201600022119,16,5,4,1055,1,1,1,1,3.0,29232,M,4803970.0,-406844.0,29
201600022120,16,5,1,1020,1,2,1,1,2.0,29232,M,4798293.0,-411080.0,29
201600022121,16,4,23,1945,1,1,1,1,3.0,29232,M,4797616.0,-409382.0,29
201600022122,16,5,7,635,5,2,1,2,6.0,29232,M,4800226.0,-411408.0,29
201600022123,16,5,12,1255,1,2,3,1,3.0,29051,M,4799922.0,-405438.0,29
201600022124,16,5,14,1230,1,2,3,1,6.0,29232,M,4797529.0,-406732.0,29
201600022125,16,5,18,1655,1,1,1,1,6.0,29232,M,4797891.0,-412479.0,29
201600022126,16,5,19,1655,1,2,1,2,6.0,29232,M,4799369.0,-409044.0,29
201600022127,16,5,19,1805,1,2,3,2,4.0,29232,M,4799401.0,-410708.0,29
201600022128,16,5,20,825,1,1,1,2,6.0,29232,M,4802180.0,-408340.0,29
201600022129,16,5,21,1050,1,1,1,2,6.0,29232,M,4798045.0,-410082.0,29
201600022130,16,5,21,2245,3,1,1,2,6.0,29232,M,4801623.0,-407965.0,29
201600022131,16,5,26,750,1,2,3,1,3.0,29232,M,4798800.0,-409285.0,29
201600022132,16,5,28,630,1,1,1,1,7.0,29232,M,4759025.0,-406529.0,29
201600022133,16,5,30,1035,1,1,1,1,6.0,29232,M,4801504.0,-411992.0,29
201600022134,16,6,7,2155,1,2,2,1,3.0,29232,M,4800015.0,-411239.0,29
201600022135,16,9,5,2215,5,2,4,1,7.0,29232,M,4799922.0,-410538.0,29
201600022136,16,6,7,1200,1,2,1,1,7.0,29232,M,4798084.0,-410337.0,29
201600022137,16,6,10,1350,1,2,6,3,3.0,29232,M,4799635.0,-412131.0,29
201600022138,16,6,10,1645,1,2,1,1,3.0,29232,M,4799371.0,-409056.0,29
201600022139,16,6,8,1230,1,2,1,1,6.0,29232,M,4799041.0,-413280.0,29
201600022140,16,6,13,755,1,2,1,1,2.0,29232,M,4800995.0,-408157.0,29
201600022141,16,6,12,1024,1,2,4,2,3.0,29232,M,4800507.0,-410532.0,29
201600022142,16,6,16,1535,1,2,1,2,3.0,29232,M,4798459.0,-407399.0,29
201600022143,16,6,17,2108,1,2,1,1,3.0,29232,M,4800339.0,-409866.0,29
201600022144,16,6,10,1340,1,2,9,2,6.0,29232,M,4799472.0,-410333.0,29
201600022145,16,6,18,1855,1,1,1,1,6.0,29232,M,4798915.0,-406003.0,29
201600022146,16,6,19,1930,1,2,1,1,1.0,29232,M,4799192.0,-407690.0,29
201600022147,16,6,21,750,1,2,6,1,3.0,29232,M,4799490.0,-407313.0,29
201600022148,16,6,22,1035,1,2,1,1,6.0,29232,M,4797725.0,-410109.0,29
201600022149,16,6,16,1930,1,2,6,1,2.0,29232,M,4758468.0,-405424.0,29
201600022150,16,6,26,130,5,2,1,1,7.0,29232,M,4798863.0,-411101.0,29
201600022151,16,6,29,1850,1,1,1,2,4.0,29232,M,4797799.0,-402838.0,29
201600022152,16,7,2,2350,5,2,6,1,3.0,29232,M,4797897.0,-409431.0,29
201600022153,16,7,5,2105,1,1,1,1,7.0,29232,M,4797886.0,-409501.0,29
201600022154,16,7,3,1950,1,1,1,1,7.0,29051,M,4801852.0,-399916.0,29
201600022155,16,7,6,2220,2,1,1,1,6.0,29232,M,4802959.0,-405999.0,29
201600022156,16,7,11,2332,5,2,1,1,6.0,29232,M,4799167.0,-407637.0,29
201600022157,16,7,13,1102,1,2,1,1,7.0,29232,M,4801527.0,-408310.0,29
201600022158,16,6,19,1645,1,1,1,1,6.0,29232,M,4797866.0,-412821.0,29
201600022159,16,7,16,1440,1,2,1,1,7.0,29232,M,4799362.0,-410641.0,29
201600022160,16,7,16,1510,1,2,2,1,3.0,29232,M,4800627.0,-408940.0,29
201600022161,16,7,12,1630,1,2,1,1,6.0,29232,M,4799444.0,-409416.0,29
201600022162,16,7,9,2000,1,2,1,1,6.0,29232,M,4800738.0,-411885.0,29
201600022163,16,7,18,935,1,2,1,1,3.0,29232,M,4799474.0,-409551.0,29
201600022164,16,7,24,2030,1,1,1,1,6.0,29232,M,4797672.0,-401067.0,29
201600022165,16,6,18,1030,1,1,1,1,4.0,29232,M,4797839.0,-409408.0,29
201600022166,16,7,27,840,1,2,1,2,6.0,29232,M,4799675.0,-410011.0,29
201600022167,16,7,28,800,1,1,6,1,2.0,29232,M,4797857.0,-401467.0,29
201600022168,16,7,26,1800,1,2,3,1,3.0,29232,M,4799604.0,-413918.0,29
201600022169,16,7,23,605,1,2,2,1,1.0,29232,M,4799488.0,-409992.0,29
201600022170,16,7,24,1000,1,2,3,1,1.0,29232,M,4799273.0,-409159.0,29
201600022171,16,7,31,1920,1,2,1,1,2.0,29232,M,4798346.0,-404624.0,29
201600022172,16,8,8,1200,1,1,1,1,7.0,29051,M,4800127.0,-402127.0,29
201600022173,16,8,8,1728,1,1,6,1,3.0,29051,M,4800160.0,-404640.0,29
201600022174,16,8,12,1825,1,1,1,1,1.0,29051,M,4801243.0,-403710.0,29
201600022175,16,8,16,2348,3,1,1,1,7.0,29232,M,4796308.0,-406246.0,29
201600022176,16,8,18,915,1,2,1,8,6.0,29232,M,4797630.0,-413788.0,29
201600022177,16,8,20,1120,1,1,1,1,5.0,29232,M,4800009.0,-404000.0,29
201600022178,16,8,22,1805,1,2,3,1,3.0,29232,M,4799488.0,-409990.0,29
201600022179,16,8,12,145,5,1,1,1,7.0,29232,M,4801368.0,-409152.0,29
201600022180,16,8,24,1235,1,2,1,1,1.0,29232,M,4801584.0,-408194.0,29
201600022181,16,8,27,240,3,1,1,1,1.0,29232,M,4801420.0,-412010.0,29
201600022182,16,9,1,1050,1,2,1,1,6.0,29232,M,4800330.0,-409682.0,29
201600022183,16,9,1,645,2,1,1,1,7.0,29232,M,4800566.0,-406189.0,29
201600022184,16,9,7,520,3,1,1,1,7.0,29232,M,4801161.0,-411476.0,29
201600022185,16,9,4,1156,1,2,1,1,6.0,29232,M,4798532.0,-411250.0,29
201600022186,16,9,9,1615,1,1,1,1,1.0,29232,M,4800223.0,-411369.0,29
201600022187,16,9,9,900,1,2,1,1,3.0,29232,M,4799600.0,-409375.0,29
201600022188,16,9,10,1610,1,2,1,2,6.0,29232,M,4801172.0,-407862.0,29
201600022189,16,9,11,940,1,2,6,1,2.0,29232,M,4801681.0,-409563.0,29
201600022190,16,9,11,1820,1,2,1,1,3.0,29051,M,4799330.0,-403257.0,29
201600022191,16,9,29,1400,1,2,1,2,2.0,29232,M,4799341.0,-408837.0,29
201600022192,16,9,30,1215,1,2,1,1,2.0,29232,M,4797643.0,-408133.0,29
201600022193,16,10,1,125,3,2,1,1,7.0,29232,M,4798250.0,-407584.0,29
201600022194,16,10,2,1130,1,2,1,1,6.0,29232,M,4798075.0,-412620.0,29
201600022195,16,10,3,1650,1,1,1,1,6.0,29232,M,4799426.0,-411027.0,29
201600022196,16,10,4,1917,1,2,7,1,3.0,29232,M,4797641.0,-409656.0,29
201600022197,16,10,5,1350,1,2,1,1,2.0,29232,M,4798841.0,-409044.0,29
201600022198,16,10,7,1445,1,1,1,1,3.0,29232,M,4802850.0,-408739.0,29
201600022199,16,10,9,1730,1,1,1,1,6.0,29232,M,4800850.0,-412800.0,29
201600022200,16,10,12,1150,1,2,6,1,6.0,29232,M,4800221.0,-411404.0,29
201600022201,16,10,17,730,5,2,9,1,3.0,29232,M,4797324.0,-409668.0,29
201600022202,16,10,17,845,1,2,6,1,6.0,29232,M,4800647.0,-410772.0,29
201600022203,16,10,17,1500,1,2,1,1,4.0,29232,M,4800127.0,-410046.0,29
201600022204,16,10,18,1400,1,2,1,1,3.0,29232,M,4800329.0,-411552.0,29
201600022205,16,10,19,800,2,1,1,1,3.0,29232,M,4801614.0,-408003.0,29
201600022206,16,10,22,500,3,1,1,1,6.0,29232,M,4798552.0,-411252.0,29
201600022207,16,10,23,1845,1,1,1,1,6.0,29232,M,4798400.0,-411271.0,29
201600022208,16,10,24,125,5,1,4,1,7.0,29232,M,4796637.0,-406158.0,29
201600022209,16,10,25,2300,5,2,3,1,6.0,29232,M,4799515.0,-409781.0,29
201600022210,16,10,30,545,3,1,1,1,7.0,29051,M,4800183.0,-405271.0,29
201600022211,16,11,1,1740,1,2,1,1,6.0,29051,M,4801897.0,-402022.0,29
201600022212,16,11,6,1810,5,1,1,1,7.0,29051,M,4800119.0,-405265.0,29
201600022213,16,11,18,645,3,1,1,2,6.0,29232,M,4797824.0,-403418.0,29
201600022214,16,11,21,1945,5,2,1,2,3.0,29232,M,4799909.0,-410887.0,29
201600022215,16,11,25,50,3,1,1,9,6.0,29232,M,4796330.0,-405840.0,29
201600022216,16,11,29,1550,1,1,1,1,3.0,29232,M,4797990.0,-408790.0,29
201600022217,16,11,29,1920,5,2,3,1,1.0,29232,M,4799743.0,-411931.0,29
201600022218,16,10,28,900,1,1,1,1,7.0,29232,M,4799846.0,-412786.0,29
201600022219,16,11,30,1900,5,2,1,1,3.0,29232,M,4800861.0,-410638.0,29
201600022220,16,12,5,800,5,2,6,1,6.0,29232,M,4797877.0,-409462.0,29
201600022221,16,12,6,1257,1,2,1,2,6.0,29232,M,4798195.0,-410959.0,29
201600022222,16,11,13,240,5,2,1,2,6.0,29232,M,4798995.0,-411169.0,29
201600022223,16,11,25,1615,1,1,1,1,6.0,29051,M,4798522.0,-402170.0,29
201600022224,16,12,2,740,3,1,1,9,7.0,29232,M,4803555.0,-411611.0,29
201600022225,16,12,7,1310,1,1,6,1,7.0,29232,M,4801774.0,-411775.0,29
201600022226,16,12,10,840,2,2,1,1,6.0,29232,M,4799516.0,-409779.0,29
201600022227,16,12,9,825,2,1,1,8,2.0,29232,M,4794055.0,-407147.0,29
201600022228,16,12,17,1935,5,2,1,1,6.0,29232,M,4799513.0,-410067.0,29
201600022229,16,12,18,1850,5,2,1,1,3.0,29232,M,4797944.0,-409411.0,29
201600022230,16,12,18,1550,1,2,6,1,3.0,29232,M,4799478.0,-407325.0,29
201600022231,16,12,20,1350,1,2,1,2,2.0,29232,M,4798433.0,-411343.0,29
201600022232,16,12,2,655,3,1,1,9,6.0,29232,M,4798141.0,-407728.0,29
201600022233,16,12,13,1950,5,2,6,1,7.0,29232,M,4800322.0,-408418.0,29
201600022234,16,12,15,750,5,2,1,1,6.0,29232,M,4799177.0,-411885.0,29
201600022235,16,12,27,1615,1,2,1,1,2.0,29232,M,4798635.0,-407497.0,29
201600022236,16,9,18,1345,1,1,1,1,7.0,57211,M,0.0,0.0,57
201600022237,16,9,24,1200,1,1,1,1,7.0,54286,M,4919560.0,586764.0,54
201600022238,16,10,1,830,1,1,1,2,6.0,57443,M,0.0,0.0,57
201600022239,16,3,20,645,1,1,1,1,1.0,60395,M,4922723.0,211797.0,60
201600022240,16,5,24,1915,1,2,1,1,7.0,60395,M,4923350.0,213341.0,60
201600022241,16,7,6,1730,1,2,1,1,3.0,60012,M,4925847.0,216392.0,60
201600022242,16,9,8,1545,1,2,1,1,1.0,60395,M,4924486.0,212566.0,60
201600022243,16,10,5,2045,3,1,1,1,1.0,60395,M,4921321.0,213877.0,60
201600022244,16,10,30,1445,1,1,1,1,1.0,60088,M,4919370.0,218144.0,60
201600022245,16,11,14,1000,1,2,1,1,3.0,60395,M,4921965.0,213894.0,60
201600022246,16,11,30,1500,1,2,1,7,1.0,60395,M,4923414.0,212980.0,60
201600022247,16,12,18,1045,1,2,1,5,3.0,60395,M,4922290.0,213743.0,60
201600022248,16,10,2,15,3,2,1,1,6.0,67302,M,0.0,0.0,67
201600022249,16,11,30,735,1,2,2,1,3.0,30007,M,4413062.0,411324.0,30
201600022250,16,11,19,15,5,2,1,1,6.0,30007,M,4412360.0,407779.0,30
201600022251,16,11,17,1115,1,2,2,1,3.0,30243,M,4406104.0,409028.0,30
201600022252,16,12,10,1230,1,2,1,1,3.0,30007,M,4410988.0,411174.0,30
201600022253,16,11,14,1200,1,2,1,1,2.0,30007,M,4412604.0,407151.0,30
201600022254,16,12,7,1315,1,2,1,1,3.0,30007,M,4411172.0,410827.0,30
201600022255,16,11,18,1210,1,2,1,1,6.0,30007,M,4412137.0,407756.0,30
201600022256,16,12,6,1315,1,2,1,1,6.0,30007,M,4414743.0,408530.0,30
201600022257,16,1,8,1020,1,2,1,1,6.0,30007,M,4411597.0,411001.0,30
201600022258,16,12,23,900,1,2,6,1,3.0,30007,M,4414586.0,410107.0,30
201600022259,16,1,8,1055,1,2,1,1,6.0,30007,M,4412439.0,408499.0,30
201600022260,16,1,8,1215,1,2,1,1,6.0,30007,M,4413997.0,409037.0,30
201600022261,16,1,15,940,1,2,1,1,6.0,30007,M,4410733.0,409227.0,30
201600022262,16,12,31,255,5,2,1,1,6.0,30007,M,4412133.0,408338.0,30
201600022263,16,1,15,2235,5,2,2,1,3.0,30007,M,4413372.0,407833.0,30
201600022264,16,12,23,1645,1,2,1,1,1.0,30007,M,4411345.0,409290.0,30
201600022265,16,1,19,1630,1,2,3,1,3.0,30007,M,4412497.0,408830.0,30
201600022266,16,12,13,1850,2,2,6,1,3.0,30007,M,4414585.0,410095.0,30
201600022267,16,1,29,1350,1,2,1,1,6.0,30007,M,4412466.0,409040.0,30
201600022268,16,12,12,1540,1,2,1,1,6.0,30007,M,4413593.0,409962.0,30
201600022269,16,12,15,1525,1,2,1,1,3.0,30007,M,,,30
201600022270,16,2,4,1315,1,2,3,1,3.0,30007,M,4414722.0,408622.0,30
201600022271,16,12,31,1630,1,2,2,1,3.0,30243,M,4408123.0,407082.0,30
201600022272,16,2,15,450,5,2,1,1,6.0,30007,M,4410301.0,407868.0,30
201600022273,16,12,19,1640,2,2,2,1,3.0,30007,M,,,30
201600022274,16,2,16,1630,1,2,1,1,6.0,30007,M,4414573.0,408713.0,30
201600022275,16,12,9,1826,4,2,1,1,6.0,30007,M,,,30
201600022276,16,2,27,2050,5,2,1,1,6.0,30007,M,4413001.0,407185.0,30
201600022277,16,12,22,1515,1,2,3,1,2.0,30007,M,4413730.0,410545.0,30
201600022278,16,2,13,1700,1,2,1,1,6.0,30007,M,4412384.0,408348.0,30
201600022279,16,12,29,2220,5,2,1,1,1.0,30007,M,4413039.0,411530.0,30
201600022280,16,2,5,800,2,2,1,1,6.0,30007,M,4412143.0,408713.0,30
201600022281,16,3,10,1000,1,2,1,1,6.0,30007,M,4410302.0,407870.0,30
201600022282,16,3,4,2115,4,2,3,1,3.0,30007,M,4411681.0,410959.0,30
201600022283,16,3,11,1050,1,2,1,1,3.0,30007,M,4410858.0,408106.0,30
201600022284,16,12,17,1030,1,2,6,1,3.0,30243,M,4408165.0,407777.0,30
201600022285,16,3,13,315,5,2,1,1,1.0,30007,M,,,30
201600022286,16,4,6,1600,1,2,1,1,3.0,30007,M,4412147.0,408997.0,30
201600022287,16,4,1,1725,1,2,2,1,2.0,30007,M,4412462.0,408563.0,30
201600022288,16,3,30,1410,1,2,1,1,6.0,30007,M,4412738.0,408194.0,30
201600022289,16,4,30,535,5,2,1,1,6.0,30007,M,4413637.0,408812.0,30
201600022290,16,4,2,1900,2,2,2,1,6.0,30007,M,4412447.0,407566.0,30
201600022291,16,4,4,1640,1,2,1,1,3.0,30007,M,4411021.0,410912.0,30
201600022292,16,4,15,1705,1,2,2,1,6.0,30007,M,4412380.0,407924.0,30
201600022293,16,4,8,1110,1,2,1,1,5.0,30007,M,4413050.0,410822.0,30
201600022294,16,6,4,1800,1,2,1,1,3.0,30243,M,4407555.0,408014.0,30
201600022295,16,6,11,1540,1,2,3,1,1.0,30007,M,4411191.0,408089.0,30
201600022296,16,5,5,1750,1,2,2,1,3.0,30007,M,4413729.0,410489.0,30
201600022297,16,5,8,1930,1,2,2,1,3.0,30007,M,4413374.0,407824.0,30
201600022298,16,6,17,1225,1,2,2,1,1.0,30007,M,4413363.0,407829.0,30
201600022299,16,6,23,2100,1,2,1,1,1.0,30007,M,4412276.0,407195.0,30
201600022300,16,6,19,2130,2,1,1,1,6.0,30007,M,4414944.0,409804.0,30
201600022301,16,6,17,1335,1,2,1,1,2.0,30243,M,4407918.0,407876.0,30
201600022302,16,6,22,1440,1,2,2,1,3.0,30007,M,4411760.0,408997.0,30
201600022303,16,6,23,900,1,1,1,1,3.0,30007,M,4411386.0,410473.0,30
201600022304,16,6,25,1005,1,1,1,1,1.0,30007,M,4411333.0,409917.0,30
201600022305,16,6,14,1630,1,2,1,1,6.0,30007,M,4413764.0,408005.0,30
201600022306,16,6,30,1715,1,1,1,1,2.0,30007,M,4411170.0,410520.0,30
201600022307,16,7,12,1310,1,1,1,2,4.0,30007,M,4411188.0,410539.0,30
201600022308,16,7,4,1845,1,2,1,1,6.0,30007,M,4412696.0,407555.0,30
201600022309,16,7,28,1825,1,2,3,1,3.0,30007,M,4412613.0,409319.0,30
201600022310,16,7,30,510,5,2,2,1,6.0,30007,M,4413432.0,407714.0,30
201600022311,16,7,31,1740,1,2,1,1,6.0,30007,M,4412624.0,407158.0,30
201600022312,16,7,31,2030,1,2,1,1,6.0,30007,M,4412480.0,407768.0,30
201600022313,16,8,11,2335,5,2,2,1,1.0,30007,M,4413171.0,409849.0,30
201600022314,16,8,12,2045,2,2,1,1,3.0,30007,M,4413796.0,410475.0,30
201600022315,16,8,1,1105,1,2,9,1,7.0,30007,M,4413162.0,408122.0,30
201600022316,16,8,16,1830,1,2,6,1,2.0,30007,M,4412134.0,409204.0,30
201600022317,16,9,13,915,1,2,1,1,3.0,30007,M,4412867.0,410175.0,30
201600022318,16,9,7,835,1,2,3,1,3.0,30007,M,4412714.0,407678.0,30
201600022319,16,9,2,1235,1,2,2,1,3.0,30007,M,4411753.0,408183.0,30
201600022320,16,9,26,1200,1,2,2,1,6.0,30007,M,4412508.0,409029.0,30
201600022321,16,9,20,1755,1,2,1,1,2.0,30007,M,4412957.0,407981.0,30
201600022322,16,9,20,1830,1,2,1,1,6.0,30007,M,4411993.0,408178.0,30
201600022323,16,9,24,1800,1,2,1,1,2.0,30007,M,4410879.0,409814.0,30
201600022324,16,9,30,1435,1,2,1,1,3.0,30007,M,4412020.0,410892.0,30
201600022325,16,9,16,1020,1,2,1,1,1.0,30007,M,4411206.0,410555.0,30
201600022326,16,10,8,2245,5,2,1,1,3.0,30243,M,4408573.0,407737.0,30
201600022327,16,10,12,1525,1,2,1,1,6.0,30007,M,4412824.0,407977.0,30