Num_Acc,an,mois,jour,hrmn,lum,agg,int,atm,col,com,gps,lat,long,dep
201600022328,16,11,23,1715,2,2,1,1,6.0,30007,M,4410543.0,408248.0,30
201600022329,16,10,19,820,1,2,1,1,6.0,30007,M,4412740.0,407937.0,30
201600022330,16,10,18,1930,1,2,2,1,3.0,30243,M,4408123.0,407087.0,30
201600022331,16,10,3,1710,1,2,1,7,6.0,30007,M,4412528.0,409110.0,30
201600022332,16,11,14,1200,1,2,1,1,2.0,30007,M,4414601.0,408230.0,30
201600022333,16,11,4,1815,4,2,1,2,6.0,30007,M,4412506.0,409016.0,30
201600022334,16,11,11,1430,1,2,1,1,2.0,30007,M,4412507.0,410745.0,30
201600022335,16,11,12,2315,5,2,6,1,1.0,30007,M,4413139.0,409571.0,30
201600022336,16,1,5,1900,3,1,1,1,4.0,30028,M,4418675.0,462222.0,30
201600022337,16,2,2,1025,1,2,1,1,6.0,30028,M,4416457.0,462168.0,30
201600022338,16,2,9,1910,5,2,2,2,6.0,30028,M,4416528.0,461933.0,30
201600022339,16,3,5,1700,1,2,6,1,3.0,30028,M,4415819.0,463236.0,30
201600022340,16,2,21,705,2,2,1,1,6.0,30028,M,4415667.0,461401.0,30
201600022341,16,4,1,1030,1,1,2,1,3.0,30028,M,4413774.0,461293.0,30
201600022342,16,2,19,1700,1,2,1,1,6.0,30028,M,4416891.0,461891.0,30
201600022343,16,5,20,1150,1,2,1,1,2.0,30028,M,4417819.0,461433.0,30
201600022344,16,6,13,1540,1,2,9,1,1.0,30028,M,4415573.0,461672.0,30
201600022345,16,6,25,1110,1,2,1,1,3.0,30028,M,4416530.0,461932.0,30
201600022346,16,7,31,110,5,2,1,1,2.0,30028,M,4415903.0,461584.0,30
201600022347,16,8,18,735,1,2,3,1,3.0,30028,M,4415793.0,462353.0,30
201600022348,16,8,13,1700,1,2,1,1,2.0,30028,M,4415544.0,463991.0,30
201600022349,16,8,30,1215,1,1,1,1,2.0,30028,M,,,30
201600022350,16,9,2,1130,1,2,1,1,1.0,30028,M,,,30
201600022351,16,9,4,2115,5,2,1,1,3.0,30028,M,4416296.0,462578.0,30
201600022352,16,9,26,1033,1,2,3,1,6.0,30028,M,4415972.0,461625.0,30
201600022353,16,9,30,1730,1,2,1,1,3.0,30028,M,4414598.0,461505.0,30
201600022354,16,11,7,1435,1,2,6,1,6.0,30028,M,4415355.0,461636.0,30
201600022355,16,12,27,1800,5,2,6,1,2.0,30028,M,4415524.0,461315.0,30
201600022356,16,12,11,1545,1,2,1,1,4.0,30028,M,4417176.0,462012.0,30
201600022357,16,12,21,1140,1,2,3,2,6.0,30189,M,4384093.0,435263.0,30
201600022358,16,12,26,2340,5,2,9,1,6.0,30189,M,4381642.0,439286.0,30
201600022359,16,12,17,2330,5,2,1,1,3.0,30189,M,,,30
201600022360,16,1,7,1725,2,2,1,1,6.0,30189,M,4382902.0,435294.0,30
201600022361,16,12,25,645,5,2,1,1,7.0,30189,M,4384723.0,439602.0,30
201600022362,16,1,11,750,1,2,4,1,6.0,30189,M,4382106.0,434731.0,30
201600022363,16,1,6,1820,3,2,1,1,6.0,30189,M,,,30
201600022364,16,1,14,2230,5,2,2,1,3.0,30189,M,4383446.0,435132.0,30
201600022365,16,1,13,2215,4,2,1,1,7.0,30189,M,4387361.0,437889.0,30
201600022366,16,1,8,1656,1,2,6,1,1.0,30189,M,,,30
201600022367,16,1,20,1815,5,2,3,1,1.0,30189,M,4381514.0,436852.0,30
201600022368,16,1,24,1135,1,2,1,1,6.0,30189,M,4382784.0,437398.0,30
201600022369,16,1,18,1210,1,2,1,1,6.0,30189,M,4383740.0,435178.0,30
201600022370,16,1,31,1810,2,2,2,1,3.0,30189,M,4381775.0,436047.0,30
201600022371,16,2,5,1020,1,2,3,1,6.0,30189,M,4383719.0,438510.0,30
201600022372,16,2,9,735,1,2,1,1,7.0,30189,M,4384973.0,434925.0,30
201600022373,16,2,13,1135,1,1,1,2,3.0,30189,M,4386118.0,433224.0,30
201600022374,16,2,13,900,1,2,2,1,3.0,30189,M,4381624.0,434873.0,30
201600022375,16,1,7,1650,1,2,1,1,2.0,30189,M,4381068.0,432961.0,30
201600022376,16,2,12,1420,1,2,2,1,3.0,30189,M,4381624.0,434873.0,30
201600022377,16,2,16,1745,1,2,1,1,1.0,30189,M,4383039.0,432765.0,30
201600022378,16,2,24,2120,3,2,1,1,7.0,30189,M,4381632.0,430273.0,30
201600022379,16,2,19,1100,1,2,1,1,6.0,30189,M,4383177.0,434999.0,30
201600022380,16,2,26,1055,1,2,3,1,6.0,30189,M,4385076.0,431412.0,30
201600022381,16,3,1,1755,1,2,2,1,6.0,30189,M,4383208.0,435203.0,30
201600022382,16,2,27,2300,1,2,2,1,3.0,30189,M,4382756.0,435580.0,30
201600022383,16,3,5,1420,1,2,1,1,4.0,30189,M,,,30
201600022384,16,3,10,1520,1,1,3,1,3.0,30189,M,4383912.0,437508.0,30
201600022385,16,3,14,1815,1,2,6,1,4.0,30189,M,4382002.0,435813.0,30
201600022386,16,3,11,1635,1,2,1,1,2.0,30189,M,4381633.0,434300.0,30
201600022387,16,3,19,1810,1,2,1,1,6.0,30189,M,,,30
201600022388,16,2,24,2240,1,2,2,1,6.0,30189,M,4383386.0,436000.0,30
201600022389,16,3,24,1120,1,2,1,1,6.0,30189,M,4381999.0,434492.0,30
201600022390,16,3,24,1340,1,1,1,1,6.0,30189,M,,,30
201600022391,16,3,23,1600,1,2,3,1,3.0,30189,M,4381046.0,433660.0,30
201600022392,16,3,29,1748,1,2,1,1,3.0,30189,M,4381700.0,434758.0,30
201600022393,16,2,5,2130,5,2,2,1,3.0,30189,M,4382692.0,435358.0,30
201600022394,16,4,1,150,3,1,1,1,7.0,30189,M,4388847.0,432601.0,30
201600022395,16,4,1,550,5,2,2,1,7.0,30189,M,4381830.0,436622.0,30
201600022396,16,4,2,2300,5,2,3,3,3.0,30189,M,4382364.0,435193.0,30
201600022397,16,4,10,1115,1,2,1,1,2.0,30189,M,4382509.0,435409.0,30
201600022398,16,3,2,904,1,1,3,1,1.0,30189,M,4384442.0,441963.0,30
201600022399,16,3,29,2120,5,2,1,1,6.0,30189,M,4385209.0,439699.0,30
201600022400,16,3,23,1425,1,2,1,1,1.0,30189,M,,,30
201600022401,16,2,14,1740,1,2,3,1,5.0,30189,M,4385215.0,440048.0,30
201600022402,16,2,9,830,1,2,3,1,3.0,30189,M,4382603.0,433479.0,30
201600022403,16,2,21,2115,5,2,2,1,6.0,30189,M,4383735.0,436606.0,30
201600022404,16,4,4,1710,1,2,9,1,6.0,30189,M,4382327.0,433563.0,30
201600022405,16,4,13,1515,1,1,3,1,2.0,30189,M,4386783.0,440581.0,30
201600022406,16,4,14,1820,1,2,2,1,4.0,30189,M,4383175.0,444070.0,30
201600022407,16,4,17,1410,1,2,6,1,3.0,30189,M,4383076.0,432274.0,30
201600022408,16,4,19,1935,1,2,2,1,6.0,30189,M,4382274.0,433954.0,30
201600022409,16,4,22,1430,1,1,1,1,7.0,30189,M,4387406.0,431690.0,30
201600022410,16,4,25,720,1,2,1,1,3.0,30189,M,,,30
201600022411,16,3,16,2120,4,2,1,1,6.0,30189,M,4384422.0,437047.0,30
201600022412,16,4,19,750,1,1,6,1,3.0,30189,M,4383177.0,444072.0,30
201600022413,16,4,27,950,1,2,6,1,4.0,30189,M,4383040.0,435200.0,30
201600022414,16,4,28,2040,1,1,1,1,3.0,30189,M,4381001.0,432869.0,30
201600022415,16,4,19,1440,1,2,1,1,1.0,30189,M,4383835.0,438760.0,30
201600022416,16,4,21,815,1,2,3,1,5.0,30189,M,4384726.0,438964.0,30
201600022417,16,4,25,1620,1,2,1,1,6.0,30189,M,4383147.0,435221.0,30
201600022418,16,5,6,1935,1,2,6,1,1.0,30189,M,4382507.0,437074.0,30
201600022419,16,5,4,1235,1,2,1,1,6.0,30189,M,4381506.0,434885.0,30
201600022420,16,5,17,915,1,2,3,1,3.0,30189,M,4384002.0,431968.0,30
201600022421,16,4,26,1550,1,2,1,1,6.0,30189,M,4383107.0,435697.0,30
201600022422,16,5,16,2000,1,2,3,1,3.0,30189,M,4383759.0,438163.0,30
201600022423,16,4,29,2300,5,2,1,1,3.0,30189,M,4381742.0,435881.0,30
201600022424,16,5,6,1840,1,2,6,1,3.0,30189,M,4381623.0,434874.0,30
201600022425,16,4,26,2204,5,2,2,1,3.0,30189,M,4382841.0,435484.0,30
201600022426,16,5,19,2035,1,2,1,1,2.0,30189,M,4381883.0,433759.0,30
201600022427,16,5,20,1155,1,2,4,1,6.0,30189,M,4383243.0,438023.0,30
201600022428,16,5,5,2050,2,2,2,1,1.0,30189,M,4382571.0,437548.0,30
201600022429,16,4,30,40,5,2,2,1,7.0,30189,M,4384087.0,437334.0,30
201600022430,16,5,15,415,5,2,2,1,3.0,30189,M,4382840.0,435486.0,30
201600022431,16,5,4,1800,1,2,1,1,6.0,30189,M,4383089.0,435506.0,30
201600022432,16,6,3,1430,1,2,2,1,6.0,30189,M,4381183.0,436335.0,30
201600022433,16,6,11,2306,5,2,2,1,3.0,30189,M,4382733.0,437476.0,30
201600022434,16,6,1,1320,1,2,1,1,2.0,30189,M,4383722.0,436868.0,30
201600022435,16,6,8,1930,1,1,2,1,3.0,30189,M,4382981.0,436188.0,30
201600022436,16,6,8,2015,2,2,3,1,3.0,30189,M,4384903.0,437369.0,30
201600022437,16,6,13,1600,1,2,2,1,3.0,30189,M,4384195.0,438784.0,30
201600022438,16,5,15,2324,5,2,1,1,7.0,30189,M,4381664.0,433798.0,30
201600022439,16,6,15,950,1,2,2,1,6.0,30189,M,4383203.0,435288.0,30
201600022440,16,6,6,1220,1,2,3,1,2.0,30189,M,4383274.0,438442.0,30
201600022441,16,6,3,1855,1,2,3,1,2.0,30189,M,4384849.0,428945.0,30
201600022442,16,6,19,740,1,2,1,1,3.0,30189,M,4383279.0,435183.0,30
201600022443,16,6,14,1630,1,2,1,1,6.0,30189,M,4381698.0,433952.0,30
201600022444,16,6,15,444,1,2,4,1,1.0,30189,M,4384728.0,438972.0,30
201600022445,16,5,22,2056,2,1,1,3,3.0,30189,M,4387969.0,431065.0,30
201600022446,16,6,2,1820,1,2,3,1,6.0,30189,M,4383758.0,438161.0,30
201600022447,16,6,12,1700,1,2,3,1,1.0,30189,M,4384087.0,437332.0,30
201600022448,16,6,29,1055,1,2,1,1,1.0,30189,M,4387178.0,436294.0,30
201600022449,16,6,18,1150,1,2,2,1,2.0,30189,M,4381116.0,433023.0,30
201600022450,16,6,15,715,1,2,6,1,2.0,30189,M,4384162.0,439007.0,30
201600022451,16,6,16,2255,5,2,2,1,3.0,30189,M,4383000.0,435056.0,30
201600022452,16,7,3,1610,1,1,2,1,7.0,30189,M,4389202.0,441886.0,30
201600022453,16,6,27,1635,1,2,2,1,5.0,30189,M,4382736.0,437475.0,30
201600022454,16,7,4,2320,5,2,2,1,1.0,30189,M,4383720.0,434572.0,30
201600022455,16,7,14,1810,1,2,1,1,6.0,30189,M,4383722.0,438843.0,30
201600022456,16,6,18,430,5,2,2,1,2.0,30189,M,4383013.0,435902.0,30
201600022457,16,6,22,959,1,2,9,1,6.0,30189,M,4380893.0,436186.0,30
201600022458,16,7,14,2200,1,2,2,1,3.0,30189,M,4383024.0,435459.0,30
201600022459,16,7,18,2310,5,2,3,1,1.0,30189,M,4383690.0,436542.0,30
201600022460,16,6,22,310,5,2,2,1,2.0,30189,M,4382123.0,433893.0,30
201600022461,16,7,26,215,5,2,2,1,3.0,30189,M,4383764.0,436703.0,30
201600022462,16,7,2,2100,1,2,2,1,3.0,30189,M,4384174.0,436042.0,30
201600022463,16,7,5,2300,3,1,3,1,3.0,30189,M,4387170.0,432012.0,30
201600022464,16,7,22,510,1,2,1,1,6.0,30189,M,4382414.0,435394.0,30
201600022465,16,7,28,455,3,1,3,1,6.0,30189,M,4387196.0,431989.0,30
201600022466,16,7,29,1415,1,2,2,1,6.0,30189,M,4384725.0,438962.0,30
201600022467,16,8,1,1000,1,2,1,1,6.0,30189,M,4383978.0,436284.0,30
201600022468,16,7,29,1450,1,2,1,1,2.0,30189,M,,,30
201600022469,16,8,1,930,1,1,1,1,3.0,30189,M,4381665.0,430228.0,30
201600022470,16,8,4,1635,1,2,1,1,5.0,30189,M,4382278.0,435516.0,30
201600022471,16,8,10,2305,5,2,1,1,7.0,30189,M,4385937.0,440086.0,30
201600022472,16,7,27,1050,1,1,1,1,1.0,30189,M,,,30
201600022473,16,7,29,1943,1,2,1,1,3.0,30189,M,4381812.0,435275.0,30
201600022474,16,8,5,1537,1,2,6,1,3.0,30189,M,4381537.0,431353.0,30
201600022475,16,8,6,200,5,2,2,1,3.0,30189,M,4382735.0,437475.0,30
201600022476,16,8,20,450,5,2,2,1,3.0,30189,M,4382671.0,435680.0,30
201600022477,16,8,31,925,1,2,2,1,2.0,30189,M,4383317.0,442629.0,30
201600022478,16,9,5,735,1,2,1,1,3.0,30189,M,4381141.0,432997.0,30
201600022479,16,8,20,1605,1,1,5,1,6.0,30189,M,4381623.0,434874.0,30
201600022480,16,8,26,1840,1,1,1,1,7.0,30189,M,4384910.0,439349.0,30
201600022481,16,9,5,815,1,2,1,1,6.0,30189,M,4382167.0,433793.0,30
201600022482,16,8,12,855,1,2,2,1,3.0,30189,M,4384724.0,438962.0,30
201600022483,16,9,17,2040,5,1,6,1,6.0,30189,M,4383136.0,438722.0,30
201600022484,16,9,16,325,3,2,3,1,7.0,30189,M,4384935.0,437385.0,30
201600022485,16,9,1,1020,1,2,6,1,3.0,30189,M,4380768.0,436548.0,30
201600022486,16,9,21,1610,1,2,1,1,1.0,30189,M,4384854.0,431797.0,30
201600022487,16,8,23,2330,5,2,6,1,3.0,30189,M,4382503.0,436198.0,30
201600022488,16,8,29,1645,1,1,3,1,1.0,30189,M,4378856.0,435187.0,30
201600022489,16,9,26,1130,1,2,2,1,3.0,30189,M,4383211.0,435158.0,30
201600022490,16,9,17,155,5,2,2,1,3.0,30189,M,4383780.0,434521.0,30
201600022491,16,10,3,1555,1,2,1,1,3.0,30189,M,,,30
201600022492,16,8,21,240,5,2,3,1,3.0,30189,M,4383077.0,432273.0,30
201600022493,16,9,28,905,1,2,1,1,6.0,30189,M,4383395.0,434840.0,30
201600022494,16,8,18,1950,2,2,1,1,1.0,30189,M,4383718.0,436591.0,30
201600022495,16,10,4,830,1,2,2,1,3.0,30189,M,4382305.0,435489.0,30
201600022496,16,9,28,2040,5,2,2,1,3.0,30189,M,4382737.0,437481.0,30
201600022497,16,10,4,1727,1,2,1,7,6.0,30189,M,4382385.0,436654.0,30
201600022498,16,10,15,1745,1,2,3,1,7.0,30189,M,4381923.0,435244.0,30
201600022499,16,9,20,850,1,2,1,7,6.0,30189,M,4384158.0,438604.0,30
201600022500,16,10,8,1025,1,2,1,1,6.0,30189,M,4383065.0,436929.0,30
201600022501,16,10,9,620,5,2,1,1,6.0,30189,M,4383188.0,434511.0,30
201600022502,16,10,7,1140,1,2,1,1,2.0,30189,M,4381970.0,433651.0,30
201600022503,16,10,21,1250,1,2,3,1,3.0,30189,M,4382760.0,435290.0,30
201600022504,16,10,27,723,5,2,1,1,4.0,30189,M,4383686.0,433896.0,30
201600022505,16,10,27,1205,1,2,1,1,6.0,30189,M,4381918.0,434710.0,30
201600022506,16,10,29,1555,1,2,1,1,6.0,30189,M,4382519.0,435222.0,30
201600022507,16,9,11,2245,5,2,3,1,4.0,30189,M,4382351.0,432788.0,30
201600022508,16,9,1,920,1,2,3,1,3.0,30189,M,4382059.0,435226.0,30
201600022509,16,11,6,1905,5,2,4,1,3.0,30189,M,4383082.0,432306.0,30
201600022510,16,10,18,1700,1,1,2,7,6.0,30189,M,4383846.0,437235.0,30
201600022511,16,11,8,950,1,2,3,1,3.0,30189,M,4383023.0,435192.0,30
201600022512,16,11,21,1535,1,1,3,3,7.0,30189,M,4387008.0,432273.0,30
201600022513,16,11,26,835,1,2,1,1,6.0,30189,M,4382901.0,437208.0,30
201600022514,16,11,28,740,2,2,6,1,3.0,30189,M,4382003.0,435806.0,30
201600022515,16,10,22,2045,5,1,2,1,2.0,30189,M,4383693.0,437100.0,30
201600022516,16,10,21,255,3,2,1,1,1.0,30189,M,4380171.0,434001.0,30
201600022517,16,10,4,1150,1,2,1,1,6.0,30189,M,4383399.0,436201.0,30
201600022518,16,12,3,2102,5,2,1,2,2.0,30189,M,4380449.0,437297.0,30
201600022519,16,12,25,2207,5,2,1,1,6.0,30189,M,4382596.0,435909.0,30
201600022520,16,11,7,1420,1,2,2,1,3.0,30189,M,4381831.0,436618.0,30
201600022521,16,10,17,1237,1,1,2,1,5.0,30189,M,4381623.0,434874.0,30
201600022522,16,10,4,2011,5,2,3,1,3.0,30189,M,4383221.0,436077.0,30
201600022523,16,11,29,2,5,2,2,1,3.0,30189,M,4383331.0,435125.0,30
201600022524,16,12,17,1617,1,2,1,1,6.0,30189,M,4381780.0,434747.0,30
201600022525,16,12,16,2245,3,1,1,1,1.0,30189,M,4376891.0,440533.0,30
201600022526,16,12,10,1940,5,2,3,1,3.0,30189,M,4383676.0,433406.0,30
201600022527,16,11,22,1201,1,2,3,1,3.0,30189,M,4384032.0,435778.0,30
201600022528,16,11,30,1705,1,2,5,1,1.0,30189,M,4383694.0,437099.0,30
201600022529,16,11,5,2125,5,2,2,1,1.0,30189,M,4383035.0,435639.0,30
201600022530,16,12,18,640,5,1,1,1,7.0,30189,M,4383069.0,432909.0,30
201600022531,16,11,13,125,5,2,2,1,3.0,30189,M,4383648.0,435301.0,30
201600022532,16,11,27,725,1,1,6,1,7.0,30189,M,4384387.0,430877.0,30
201600022533,16,12,9,2225,5,2,1,1,3.0,30189,M,4381455.0,435833.0,30
201600022534,16,12,23,955,1,1,2,1,3.0,30189,M,4380525.0,433644.0,30
201600022535,16,12,28,1200,1,1,4,1,1.0,30189,M,4384365.0,439272.0,30
201600022536,16,12,16,1540,1,2,1,1,1.0,30189,M,4384344.0,439211.0,30
201600022537,16,1,11,830,1,1,1,8,6.0,63001,M,4600900.0,321200.0,63
201600022538,16,2,27,1900,5,1,1,8,3.0,63035,M,4597400.0,310400.0,63
201600022539,16,3,26,1245,1,1,2,1,3.0,63181,M,4602700.0,310300.0,63
201600022540,16,5,4,1030,1,1,1,1,7.0,63013,M,4598700.0,318300.0,63
201600022541,16,7,23,215,4,1,1,2,6.0,63012,M,0.0,0.0,63
201600022542,16,9,11,2000,2,2,1,1,3.0,63473,M,0.0,0.0,63
201600022543,16,11,11,1800,2,1,1,1,7.0,63408,M,4598810.0,282820.0,63
201600022544,16,6,4,2045,1,1,1,1,6.0,63163,M,4573850.0,278787.0,63
201600022545,16,6,24,1500,1,2,1,1,6.0,63163,M,0.0,0.0,63
201600022546,16,7,17,1245,1,1,1,1,6.0,63225,M,4562268.0,256327.0,63
201600022547,16,9,21,1315,1,1,1,1,6.0,63451,M,4567100.0,287300.0,63
201600022548,16,9,26,1945,3,2,1,1,6.0,63248,M,4572800.0,288200.0,63
201600022549,16,10,6,2345,3,1,1,1,1.0,63274,M,0.0,0.0,63
201600022550,16,10,13,2000,3,1,1,2,7.0,63225,M,0.0,0.0,63
201600022551,16,5,26,1800,1,1,1,1,1.0,23245,M,4617201.0,180939.0,23
201600022552,16,7,30,1545,1,1,1,1,4.0,23245,M,4616812.0,184703.0,23
201600022553,16,9,10,615,2,2,1,1,6.0,23247,M,4620473.0,176268.0,23
201600022554,16,11,4,1730,3,1,1,2,1.0,23262,M,4617302.0,208070.0,23
201600022555,16,12,9,1530,1,1,1,1,7.0,23245,M,4617076.0,183684.0,23
201600022556,16,12,1,1420,1,1,1,9,6.0,23001,M,4606853.0,202911.0,23
201600022557,16,6,9,1300,1,1,1,1,7.0,23245,M,4618597.0,184104.0,23
201600022558,16,7,16,1700,1,1,1,1,1.0,23247,M,4620603.0,171503.0,23
201600022559,16,7,17,1230,1,1,1,1,6.0,23002,M,4619130.0,194263.0,23
201600022560,16,1,7,1815,3,1,1,2,6.0,26085,M,4451406.0,470765.0,26
201600022561,16,2,16,1100,1,1,1,6,3.0,26324,M,0.0,0.0,26
201600022562,16,2,29,930,1,1,1,1,1.0,26121,M,0.0,0.0,26
201600022563,16,3,2,1315,1,1,1,1,2.0,26191,M,0.0,0.0,26
201600022564,16,3,17,1415,1,1,1,1,5.0,26339,M,4458773.0,478940.0,26
201600022565,16,3,22,215,3,1,1,1,2.0,26339,M,0.0,0.0,26
201600022566,16,3,19,1030,1,1,1,1,6.0,26099,M,0.0,0.0,26
201600022567,16,4,24,1730,1,1,1,1,1.0,26166,M,0.0,0.0,26
201600022568,16,5,6,1615,1,1,3,1,3.0,26343,M,0.0,0.0,26
201600022569,16,5,26,1645,1,1,1,1,1.0,26169,M,0.0,0.0,26
201600022570,16,6,10,2215,3,1,1,1,5.0,26169,M,0.0,0.0,26
201600022571,16,6,22,1845,1,1,1,1,6.0,26031,M,0.0,0.0,26
201600022572,16,6,22,1830,1,1,1,1,6.0,26357,M,0.0,0.0,26
201600022573,16,6,19,1900,1,1,1,1,3.0,26357,M,0.0,0.0,26
201600022574,16,6,25,1845,1,1,1,1,6.0,26169,M,0.0,0.0,26
201600022575,16,6,28,815,1,1,1,1,2.0,26138,M,0.0,0.0,26
201600022576,16,7,6,1715,1,1,1,1,1.0,26324,M,4433239.0,472845.0,26
201600022577,16,7,17,1715,1,1,1,1,7.0,26005,M,0.0,0.0,26
201600022578,16,7,30,2000,2,1,1,1,7.0,26339,M,0.0,0.0,26
201600022579,16,8,26,1900,1,1,9,1,6.0,26005,M,0.0,0.0,26
201600022580,16,8,27,200,3,1,1,1,6.0,26033,M,4433682.0,486981.0,26
201600022581,16,8,30,800,2,1,1,1,1.0,26338,M,0.0,0.0,26
201600022582,16,9,9,1015,1,1,1,1,2.0,26337,M,0.0,0.0,26
201600022583,16,9,9,830,1,1,3,1,3.0,26085,M,0.0,0.0,26
201600022584,16,9,22,2030,3,1,1,1,6.0,26342,M,4434453.0,480932.0,26
201600022585,16,9,25,1930,1,1,1,1,6.0,26005,M,0.0,0.0,26
201600022586,16,10,4,1115,1,1,1,1,3.0,26357,M,0.0,0.0,26
201600022587,16,10,13,2015,3,1,1,3,6.0,26116,M,0.0,0.0,26
201600022588,16,10,16,745,2,1,1,5,6.0,26353,M,0.0,0.0,26
201600022589,16,10,13,2045,3,1,1,3,2.0,26166,M,0.0,0.0,26
201600022590,16,11,2,700,1,1,1,5,6.0,26357,M,0.0,0.0,26
201600022591,16,11,21,605,3,1,1,3,6.0,26106,M,0.0,0.0,26
201600022592,16,11,21,1640,2,1,1,3,5.0,26357,M,0.0,0.0,26
201600022593,16,11,26,550,3,1,1,1,6.0,26339,M,0.0,0.0,26
201600022594,16,11,27,1535,1,2,1,1,6.0,26198,M,4456433.0,475375.0,26
201600022595,16,4,12,1830,1,1,1,1,6.0,84135,M,4418969.0,480103.0,84
201600022596,16,12,17,915,1,2,1,1,6.0,84091,M,0.0,0.0,84
201600022597,16,1,1,700,3,1,1,1,6.0,35085,M,4839367.0,-175341.0,35
201600022598,16,1,15,1530,1,1,1,1,1.0,35225,M,4843473.0,-193412.0,35
201600022599,16,2,6,200,4,2,1,1,6.0,35337,M,4832380.0,-183035.0,35
201600022600,16,3,5,2000,3,1,1,1,6.0,35147,M,4846562.0,-183446.0,35
201600022601,16,3,13,1815,1,1,1,1,7.0,35085,M,4839691.0,-173838.0,35
201600022602,16,4,1,1,3,1,1,5,7.0,35029,M,4846972.0,-173782.0,35
201600022603,16,4,28,2100,2,1,3,1,6.0,35085,M,4840046.0,-175287.0,35
201600022604,16,6,5,2200,2,1,1,1,6.0,35092,M,4844932.0,-162703.0,35
201600022605,16,6,18,1545,1,1,1,1,7.0,35156,M,4830442.0,-194315.0,35
201600022606,16,6,21,1500,1,1,2,1,3.0,35226,M,4840667.0,-190722.0,35
201600022607,16,10,6,315,3,1,1,1,7.0,35337,M,4833261.0,-188336.0,35
201600022608,16,10,9,2000,3,1,1,1,7.0,35225,M,4843308.0,-191901.0,35
201600022609,16,10,15,2050,3,1,1,1,2.0,35085,M,4843269.0,-179287.0,35
201600022610,16,12,16,1840,3,1,1,1,7.0,35092,M,4845174.0,-167236.0,35
201600022611,16,3,2,1430,1,1,2,1,3.0,27256,M,4891088.0,124030.0,27
201600022612,16,5,25,1845,1,2,1,1,1.0,27278,M,4890815.0,143540.0,27
201600022613,16,10,6,930,1,2,1,1,1.0,27507,M,4890689.0,126960.0,27
201600022614,16,11,22,1230,1,1,1,1,7.0,27306,M,4897582.0,119371.0,27
201600022615,16,4,5,645,2,2,1,2,1.0,62057,M,5089963.0,206618.0,62
201600022616,16,4,9,1415,1,2,1,1,1.0,62645,M,5097394.0,203904.0,62
201600022617,16,8,12,1300,1,1,1,1,1.0,83086,M,0.0,0.0,83
201600022618,16,8,14,1645,1,1,1,1,1.0,83134,M,0.0,0.0,83
201600022619,16,10,5,745,2,2,1,7,2.0,83086,M,4347467.0,655269.0,83
201600022620,16,12,3,1545,1,1,1,1,2.0,83086,M,0.0,0.0,83
201600022621,16,12,24,1230,1,2,9,1,6.0,83086,M,4347328.0,657083.0,83
201600022622,16,1,1,230,3,1,1,1,6.0,54553,M,4874800.0,633000.0,54
201600022623,16,2,5,1200,1,1,1,8,1.0,54336,M,4896300.0,609700.0,54
201600022624,16,5,8,1430,1,1,1,7,7.0,54241,M,4865800.0,609500.0,54
201600022625,16,5,26,1515,1,1,1,1,6.0,54164,M,4841900.0,602300.0,54
201600022626,16,6,1,1900,1,2,1,1,6.0,54204,M,4839600.0,607700.0,54
201600022627,16,9,18,1315,1,1,1,1,1.0,05107,M,4486491.0,659909.0,05
201600022628,16,1,28,645,3,1,1,2,1.0,55120,M,4873900.0,510752.0,55
201600022629,16,2,29,745,1,2,1,1,6.0,67239,M,0.0,0.0,67
201600022630,16,5,4,1130,1,1,1,1,1.0,67445,M,0.0,0.0,67
201600022631,16,6,21,345,3,1,1,2,6.0,67073,M,0.0,0.0,67
201600022632,16,1,5,1030,1,1,1,1,6.0,31483,M,4311138.0,74091.0,31
201600022633,16,1,20,1430,1,2,1,1,1.0,31483,M,4311332.0,71231.0,31
201600022634,16,2,9,750,5,2,1,1,6.0,31483,M,4310558.0,72257.0,31
201600022635,16,2,12,1210,1,2,1,3,6.0,31483,M,4310631.0,72514.0,31
201600022636,16,2,25,1020,1,2,6,1,6.0,31565,M,4309578.0,70166.0,31
201600022637,16,4,6,1141,1,2,1,1,7.0,31483,M,4310644.0,72340.0,31
201600022638,16,4,22,1805,1,1,1,1,3.0,31483,M,4314127.0,73569.0,31
201600022639,16,4,29,1535,1,2,1,1,6.0,31483,M,4311228.0,74589.0,31
201600022640,16,5,17,1000,1,2,6,1,3.0,31483,M,4311263.0,71411.0,31
201600022641,16,5,15,1025,1,2,4,1,3.0,31483,M,4310793.0,71545.0,31
201600022642,16,5,22,1745,1,2,4,3,7.0,31483,M,4310652.0,72502.0,31
201600022643,16,5,24,1338,1,2,9,1,7.0,31483,M,4310938.0,72388.0,31
201600022644,16,5,11,1630,1,1,1,1,1.0,31483,M,4314448.0,78798.0,31
201600022645,16,5,20,1700,1,2,1,1,3.0,31483,M,4310431.0,72825.0,31
201600022646,16,6,11,1730,1,2,1,1,7.0,31483,M,4310090.0,70991.0,31
201600022647,16,6,12,702,1,1,1,1,7.0,31565,M,4309443.0,69050.0,31
201600022648,16,6,15,1840,1,2,1,1,2.0,31483,M,4310173.0,70581.0,31