Num_Acc,an,mois,jour,hrmn,lum,agg,int,atm,col,com,gps,lat,long,dep
201600022649,16,6,15,1200,1,2,1,1,7.0,31483,M,4311515.0,70618.0,31
201600022650,16,6,17,1135,1,2,3,1,2.0,31483,M,4310922.0,72566.0,31
201600022651,16,6,21,1630,1,2,6,1,7.0,31483,M,4311254.0,73949.0,31
201600022652,16,6,24,1210,1,2,4,1,3.0,31483,M,,,31
201600022653,16,8,1,830,1,1,1,1,7.0,31565,M,4309579.0,70215.0,31
201600022654,16,8,15,1110,1,2,7,1,7.0,31483,M,4310891.0,72685.0,31
201600022655,16,9,9,1405,1,2,1,1,2.0,31483,M,4310855.0,72669.0,31
201600022656,16,9,19,5,5,1,1,1,7.0,31565,M,4309441.0,68738.0,31
201600022657,16,10,18,1520,1,2,1,8,3.0,31483,M,4310890.0,72643.0,31
201600022658,16,11,23,1400,1,2,1,2,7.0,31483,M,,,31
201600022659,16,12,1,917,1,2,1,1,1.0,31483,M,,,31
201600022660,16,12,9,1805,5,2,1,1,4.0,31483,M,4311167.0,74216.0,31
201600022661,16,12,16,1050,1,2,1,1,2.0,31483,M,4311310.0,72605.0,31
201600022662,16,12,16,1830,1,2,2,1,3.0,31483,M,4310809.0,72229.0,31
201600022663,16,7,5,1330,1,1,1,1,1.0,69280,M,4581000.0,507500.0,69
201600022664,16,10,22,1715,1,1,1,1,1.0,69280,M,4579963.0,506343.0,69
201600022665,16,11,7,1800,5,1,1,1,3.0,69277,M,4572947.0,498385.0,69
201600022666,16,12,30,2015,5,2,1,1,4.0,31555,M,4360961.0,145441.0,31
201600022667,16,1,3,1430,1,2,1,1,3.0,31555,M,,,31
201600022668,16,1,4,1820,5,2,1,2,6.0,31555,M,,,31
201600022669,16,1,4,2130,5,2,1,3,1.0,31555,M,,,31
201600022670,16,1,4,1945,5,1,1,2,3.0,31555,M,4360280.0,139990.0,31
201600022671,16,1,5,725,5,1,1,1,4.0,31555,M,,,31
201600022672,16,1,6,730,2,1,1,1,4.0,31555,M,,,31
201600022673,16,1,6,1647,1,2,1,2,6.0,31555,M,,,31
201600022674,16,1,6,2140,5,2,1,1,3.0,31555,M,,,31
201600022675,16,1,7,1645,1,2,1,2,3.0,31555,M,,,31
201600022676,16,1,8,1750,2,2,1,1,3.0,31555,M,,,31
201600022677,16,1,8,1845,5,2,1,1,6.0,31555,M,,,31
201600022678,16,1,9,1600,1,2,1,1,4.0,31555,M,,,31
201600022679,16,1,10,1410,1,1,1,1,2.0,31555,M,,,31
201600022680,16,1,11,1000,1,2,1,1,3.0,31555,M,,,31
201600022681,16,1,11,1450,1,2,3,1,3.0,31149,M,4360949.0,132989.0,31
201600022682,16,1,11,2300,5,1,3,3,3.0,31555,M,,,31
201600022683,16,1,12,730,5,2,1,2,1.0,31555,M,4359475.0,145296.0,31
201600022684,16,1,12,2025,5,2,1,2,6.0,31555,M,,,31
201600022685,16,1,12,730,5,2,1,2,4.0,31555,M,,,31
201600022686,16,1,13,1140,1,2,1,1,1.0,31555,M,,,31
201600022687,16,1,13,1235,1,2,1,1,3.0,31555,M,,,31
201600022688,16,1,13,1645,1,1,1,1,3.0,31555,M,,,31
201600022689,16,1,14,645,5,2,1,2,6.0,31149,M,,,31
201600022690,16,1,13,1300,1,2,2,1,1.0,31557,M,4358973.0,131709.0,31
201600022691,16,1,14,1740,5,2,1,2,6.0,31555,M,,,31
201600022692,16,1,15,710,5,2,3,2,3.0,31555,M,,,31
201600022693,16,1,15,1940,2,2,1,1,2.0,31555,M,,,31
201600022694,16,1,16,545,4,1,1,1,7.0,31555,M,4360940.0,141333.0,31
201600022695,16,1,16,1300,1,2,1,1,2.0,31555,M,,,31
201600022696,16,1,16,1625,1,2,3,1,1.0,31069,M,4365527.0,139317.0,31
201600022697,16,1,16,1700,2,1,1,1,7.0,31555,M,,,31
201600022698,16,1,16,1855,5,2,1,1,6.0,31149,M,4361019.0,132860.0,31
201600022699,16,1,17,220,5,2,1,1,7.0,31555,M,,,31
201600022700,16,1,17,230,5,2,1,1,7.0,31555,M,,,31
201600022701,16,1,15,1715,1,2,1,1,3.0,31557,M,4357850.0,135172.0,31
201600022702,16,1,18,1015,1,2,1,1,6.0,31555,M,,,31
201600022703,16,1,19,945,1,2,1,2,6.0,31555,M,,,31
201600022704,16,1,19,1640,1,2,1,1,4.0,31555,M,,,31
201600022705,16,1,20,835,1,2,1,1,3.0,31555,M,,,31
201600022706,16,1,21,25,5,2,3,1,3.0,31149,M,4361826.0,133894.0,31
201600022707,16,1,21,725,4,1,1,1,3.0,31555,M,,,31
201600022708,16,1,21,1720,1,2,1,1,6.0,31555,M,,,31
201600022709,16,1,21,1730,2,1,1,1,3.0,31149,M,4360880.0,136852.0,31
201600022710,16,1,21,1745,2,2,1,1,3.0,31555,M,,,31
201600022711,16,1,22,733,5,2,1,2,6.0,31557,M,4357729.0,131344.0,31
201600022712,16,1,24,730,5,1,1,1,2.0,31555,M,4364380.0,142157.0,31
201600022713,16,1,24,1100,1,2,1,1,4.0,31557,M,4358152.0,135041.0,31
201600022714,16,1,24,1400,1,2,1,1,3.0,31555,M,,,31
201600022715,16,1,25,945,1,1,1,1,2.0,31555,M,4358310.0,140373.0,31
201600022716,16,1,26,1458,1,2,1,1,3.0,31555,M,,,31
201600022717,16,1,28,650,5,2,1,1,6.0,31149,M,4361035.0,135213.0,31
201600022718,16,1,28,743,2,1,1,1,4.0,31555,M,,,31
201600022719,16,1,28,1215,1,1,1,1,2.0,31555,M,4361263.0,141651.0,31
201600022720,16,1,28,1900,5,2,3,1,3.0,31557,M,4358370.0,133655.0,31
201600022721,16,1,28,1925,3,1,1,1,2.0,31149,M,,,31
201600022722,16,1,29,1654,1,2,3,1,3.0,31555,M,,,31
201600022723,16,1,30,750,1,2,2,1,6.0,31555,M,,,31
201600022724,16,1,31,2124,5,2,1,2,1.0,31555,M,,,31
201600022725,16,1,30,2025,5,2,2,1,1.0,31555,M,,,31
201600022726,16,1,31,1735,5,1,1,2,4.0,31555,M,4357480.0,143977.0,31
201600022727,16,2,1,830,1,2,1,1,2.0,31149,M,,,31
201600022728,16,2,3,1800,5,2,1,1,3.0,31555,M,,,31
201600022729,16,2,3,1910,5,1,1,1,4.0,31069,M,,,31
201600022730,16,2,6,1110,1,2,1,1,6.0,31555,M,,,31
201600022731,16,2,6,1535,1,2,1,1,6.0,31555,M,,,31
201600022732,16,2,7,1740,1,2,2,2,3.0,31555,M,,,31
201600022733,16,2,5,1635,1,1,1,1,3.0,31555,M,4356860.0,142002.0,31
201600022734,16,2,5,1420,1,2,1,1,3.0,31555,M,,,31
201600022735,16,2,4,1730,2,2,1,1,3.0,31555,M,,,31
201600022736,16,2,8,810,1,2,9,1,3.0,31555,M,,,31
201600022737,16,2,8,855,1,2,3,1,6.0,31555,M,,,31
201600022738,16,2,9,1850,5,2,1,3,6.0,31149,M,4360441.0,133541.0,31
201600022739,16,2,9,1952,5,2,1,2,3.0,31555,M,,,31
201600022740,16,2,11,645,5,2,1,2,1.0,31557,M,4357951.0,133156.0,31
201600022741,16,2,11,1900,5,2,1,2,6.0,31555,M,,,31
201600022742,16,2,11,1540,1,2,1,1,2.0,31555,M,,,31
201600022743,16,2,12,700,5,2,1,3,6.0,31149,M,4360990.0,135225.0,31
201600022744,16,2,12,715,2,2,1,3,3.0,31555,M,,,31
201600022745,16,2,12,1330,1,2,3,3,3.0,31557,M,4358989.0,136976.0,31
201600022746,16,2,12,1615,1,2,1,1,6.0,31555,M,,,31
201600022747,16,2,10,1305,1,2,6,3,2.0,31069,M,4363732.0,139051.0,31
201600022748,16,2,13,1140,1,2,1,1,3.0,31557,M,4357850.0,135156.0,31
201600022749,16,2,15,1700,1,2,1,1,3.0,31557,M,4357861.0,132410.0,31
201600022750,16,2,17,1950,3,2,1,1,6.0,31555,M,,,31
201600022751,16,2,18,930,1,1,1,2,3.0,31555,M,4360500.0,140364.0,31
201600022752,16,2,18,1848,5,2,1,1,6.0,31555,M,,,31
201600022753,16,2,19,1720,1,2,3,7,3.0,31069,M,4362480.0,139249.0,31
201600022754,16,2,19,1535,1,2,1,1,6.0,31555,M,,,31
201600022755,16,2,22,1630,1,2,3,2,3.0,31149,M,4361520.0,134584.0,31
201600022756,16,2,23,1045,1,2,1,2,6.0,31555,M,,,31
201600022757,16,2,24,1340,1,2,1,1,3.0,31555,M,,,31
201600022758,16,2,24,1445,1,1,1,1,4.0,31555,M,4360660.0,139156.0,31
201600022759,16,2,25,1655,1,2,1,1,5.0,31555,M,,,31
201600022760,16,2,27,950,1,2,2,3,3.0,31555,M,,,31
201600022761,16,2,27,1515,1,2,1,8,6.0,31149,M,4361742.0,130949.0,31
201600022762,16,2,29,850,1,2,1,1,2.0,31555,M,,,31
201600022763,16,2,29,1850,2,2,1,1,3.0,31557,M,4357830.0,135292.0,31
201600022764,16,3,1,1320,1,2,2,1,1.0,31555,M,,,31
201600022765,16,3,2,2130,5,2,1,2,3.0,31555,M,,,31
201600022766,16,3,3,1310,1,2,1,2,1.0,31555,M,,,31
201600022767,16,3,3,1820,5,1,1,2,4.0,31555,M,4360960.0,141366.0,31
201600022768,16,3,4,1300,1,1,1,1,2.0,31555,M,4358570.0,140203.0,31
201600022769,16,3,4,1910,5,2,1,3,6.0,31555,M,,,31
201600022770,16,3,4,1800,2,2,1,1,3.0,31555,M,,,31
201600022771,16,3,5,1045,1,2,2,1,3.0,31555,M,,,31
201600022772,16,3,5,1145,1,2,3,1,3.0,31555,M,,,31
201600022773,16,3,5,1435,1,2,1,2,3.0,31555,M,,,31
201600022774,16,3,6,1045,1,1,1,1,7.0,31555,M,,,31
201600022775,16,3,6,300,5,2,1,1,6.0,31555,M,4360700.0,144730.0,31
201600022776,16,3,6,330,5,2,1,1,6.0,31555,M,,,31
201600022777,16,3,8,710,2,2,3,1,3.0,31555,M,,,31
201600022778,16,3,8,850,1,2,3,1,3.0,31555,M,,,31
201600022779,16,3,8,1645,1,2,1,1,2.0,31555,M,,,31
201600022780,16,3,8,1720,1,1,1,1,2.0,31555,M,4361070.0,137600.0,31
201600022781,16,3,8,2000,5,2,1,1,3.0,31555,M,,,31
201600022782,16,3,9,1640,1,2,2,1,3.0,31555,M,,,31
201600022783,16,3,10,910,1,2,6,1,3.0,31069,M,4362206.0,139589.0,31
201600022784,16,3,11,920,1,2,1,1,3.0,31555,M,,,31
201600022785,16,3,11,1615,1,1,6,1,1.0,31149,M,4361279.0,130870.0,31
201600022786,16,3,11,1830,1,2,6,1,3.0,31149,M,4360933.0,135265.0,31
201600022787,16,3,13,550,4,1,1,1,4.0,31555,M,4359130.0,139883.0,31
201600022788,16,3,12,2010,5,2,1,1,1.0,31069,M,4363719.0,139596.0,31
201600022789,16,3,12,339,5,2,1,1,3.0,31555,M,,,31
201600022790,16,3,15,1122,1,2,1,1,6.0,31069,M,4363798.0,138965.0,31
201600022791,16,3,15,830,1,2,3,1,6.0,31555,M,,,31
201600022792,16,3,15,900,1,2,3,1,3.0,31555,M,,,31
201600022793,16,3,16,1900,5,1,1,1,2.0,31555,M,4358700.0,140116.0,31
201600022794,16,3,17,1400,1,2,3,1,3.0,31555,M,,,31
201600022795,16,3,16,1545,1,2,1,1,4.0,31555,M,,,31
201600022796,16,3,18,820,1,1,1,2,3.0,31433,M,,,31
201600022797,16,3,18,1600,1,2,1,1,6.0,31555,M,,,31
201600022798,16,3,19,1205,1,2,6,1,3.0,31149,M,4360687.0,133605.0,31
201600022799,16,3,19,1351,1,2,1,1,6.0,31555,M,,,31
201600022800,16,3,19,1730,1,2,1,1,3.0,31555,M,,,31
201600022801,16,3,19,1900,2,2,1,1,6.0,31555,M,,,31
201600022802,16,3,20,1310,1,1,1,1,2.0,31555,M,,,31
201600022803,16,3,18,1750,1,2,1,1,2.0,31555,M,,,31
201600022804,16,3,17,1400,1,2,3,1,1.0,31555,M,,,31
201600022805,16,3,21,1645,1,2,1,1,2.0,31557,M,4358661.0,134817.0,31
201600022806,16,3,22,1315,1,2,1,1,3.0,31555,M,,,31
201600022807,16,3,22,1855,1,2,1,1,6.0,31555,M,,,31
201600022808,16,3,22,2010,5,2,3,1,2.0,31555,M,,,31
201600022809,16,3,22,1334,1,2,1,1,3.0,31555,M,,,31
201600022810,16,3,23,1000,1,1,1,1,3.0,31555,M,4357600.0,144253.0,31
201600022811,16,3,24,850,1,1,1,1,2.0,31555,M,4355410.0,149273.0,31
201600022812,16,3,24,2106,1,2,1,1,2.0,31555,M,,,31
201600022813,16,3,25,1435,1,2,1,1,2.0,31555,M,,,31
201600022814,16,3,25,1700,1,2,6,1,3.0,31555,M,,,31
201600022815,16,3,25,1734,1,1,1,1,4.0,31555,M,4363410.0,142043.0,31
201600022816,16,3,26,1420,1,2,1,1,6.0,31555,M,,,31
201600022817,16,3,26,1423,1,2,1,1,5.0,31555,M,,,31
201600022818,16,3,27,510,5,2,3,3,3.0,31555,M,,,31
201600022819,16,3,27,721,4,2,1,2,6.0,31555,M,,,31
201600022820,16,3,27,1605,1,2,2,1,3.0,31149,M,4359356.0,134621.0,31
201600022821,16,3,29,1810,1,2,1,1,1.0,31555,M,,,31
201600022822,16,3,30,2120,5,2,3,1,3.0,31555,M,,,31
201600022823,16,4,2,735,1,2,1,1,1.0,31555,M,,,31
201600022824,16,4,2,1055,1,2,1,1,3.0,31555,M,,,31
201600022825,16,4,2,2320,5,2,1,1,7.0,31555,M,,,31
201600022826,16,4,3,545,5,1,1,1,3.0,31555,M,4357030.0,147710.0,31
201600022827,16,4,4,1745,1,2,1,2,3.0,31555,M,,,31
201600022828,16,4,4,2043,2,2,1,2,1.0,31555,M,,,31
201600022829,16,4,5,1105,1,2,1,2,4.0,31557,M,4357875.0,135527.0,31
201600022830,16,4,6,1830,1,2,1,1,2.0,31555,M,,,31
201600022831,16,4,7,1402,1,2,1,8,3.0,31555,M,,,31
201600022832,16,4,8,825,1,2,1,1,6.0,31555,M,,,31
201600022833,16,4,8,840,1,2,3,1,6.0,31555,M,,,31
201600022834,16,4,8,1400,1,1,1,1,2.0,31555,M,4360500.0,139689.0,31
201600022835,16,4,9,2340,5,2,1,1,3.0,31555,M,,,31
201600022836,16,4,10,1830,1,2,1,1,2.0,31555,M,,,31
201600022837,16,4,12,1050,1,2,1,1,7.0,31149,M,4360105.0,131790.0,31
201600022838,16,4,12,1746,1,2,1,7,2.0,31149,M,,,31
201600022839,16,4,12,1825,1,2,1,1,6.0,31555,M,,,31
201600022840,16,4,8,1700,1,2,1,1,3.0,31149,M,4360605.0,133807.0,31
201600022841,16,4,14,820,1,2,1,1,4.0,31555,M,,,31
201600022842,16,4,14,1535,1,2,1,1,3.0,31149,M,4360689.0,133918.0,31
201600022843,16,4,14,2045,5,2,1,1,3.0,31555,M,,,31
201600022844,16,4,14,2345,5,2,1,1,7.0,31555,M,,,31
201600022845,16,4,14,834,1,2,1,1,6.0,31557,M,4358581.0,133801.0,31
201600022846,16,4,15,1004,1,2,1,1,3.0,31069,M,4362172.0,139533.0,31
201600022847,16,4,15,1605,1,2,3,1,3.0,31555,M,,,31
201600022848,16,4,16,1540,1,2,6,1,3.0,31555,M,,,31
201600022849,16,4,15,800,1,2,2,1,3.0,31149,M,4361601.0,131243.0,31
201600022850,16,4,18,820,1,2,6,1,2.0,31149,M,4360781.0,133720.0,31
201600022851,16,4,18,1630,1,2,1,1,3.0,31555,M,,,31
201600022852,16,4,19,815,1,2,1,1,2.0,31555,M,,,31
201600022853,16,4,19,1615,1,2,1,1,2.0,31555,M,,,31
201600022854,16,4,18,1740,1,1,1,1,2.0,31555,M,,,31
201600022855,16,4,20,1200,1,2,1,1,3.0,31555,M,,,31
201600022856,16,4,20,1445,1,2,1,1,3.0,31555,M,4364800.0,142208.0,31
201600022857,16,4,22,915,1,2,9,1,6.0,31555,M,,,31
201600022858,16,4,22,1050,1,2,2,1,1.0,31555,M,,,31
201600022859,16,4,22,1930,1,2,1,1,1.0,31555,M,,,31
201600022860,16,4,22,2155,5,2,1,1,3.0,31555,M,,,31
201600022861,16,4,24,1513,1,2,1,1,3.0,31555,M,,,31
201600022862,16,4,23,949,1,2,2,8,3.0,31555,M,,,31
201600022863,16,4,25,2005,2,2,1,1,7.0,31555,M,,,31
201600022864,16,4,26,1300,1,2,1,1,3.0,31555,M,,,31
201600022865,16,4,26,1435,1,2,1,1,2.0,31555,M,,,31
201600022866,16,4,26,1650,1,2,1,1,3.0,31149,M,4361028.0,132960.0,31
201600022867,16,4,27,1045,1,2,1,1,3.0,31555,M,,,31
201600022868,16,4,17,1139,1,2,1,1,3.0,31555,M,,,31
201600022869,16,4,27,1234,1,2,1,1,1.0,31555,M,,,31
201600022870,16,4,27,1500,1,2,1,1,6.0,31555,M,,,31
201600022871,16,4,27,1545,1,2,1,1,4.0,31555,M,4360580.0,139323.0,31
201600022872,16,4,29,707,1,2,2,1,3.0,31555,M,,,31
201600022873,16,4,29,1605,1,2,2,1,1.0,31555,M,,,31
201600022874,16,5,1,1559,1,2,1,1,3.0,31555,M,,,31
201600022875,16,4,30,150,5,2,6,1,7.0,31149,M,4359699.0,136390.0,31
201600022876,16,4,28,1330,1,2,1,1,2.0,31555,M,,,31
201600022877,16,4,29,1730,1,2,3,1,3.0,31557,M,,,31
201600022878,16,5,2,1815,1,2,2,1,2.0,31149,M,,,31
201600022879,16,5,3,1330,1,2,1,1,3.0,31555,M,,,31
201600022880,16,5,4,1810,1,2,1,1,3.0,31149,M,,,31
201600022881,16,5,5,2159,3,1,1,1,5.0,31149,M,,,31
201600022882,16,5,6,1218,1,2,1,1,3.0,31557,M,,,31
201600022883,16,5,7,240,5,2,2,1,1.0,31555,M,,,31
201600022884,16,5,7,2235,5,2,1,1,7.0,31555,M,,,31
201600022885,16,5,9,1005,1,2,2,1,3.0,31149,M,,,31
201600022886,16,5,8,1850,1,2,1,1,5.0,31555,M,,,31
201600022887,16,5,9,1315,1,2,1,2,4.0,31555,M,4357580.0,144129.0,31
201600022888,16,5,9,1455,1,2,1,2,4.0,31555,M,,,31
201600022889,16,5,9,1730,1,2,1,2,7.0,31555,M,,,31
201600022890,16,5,10,925,1,2,1,1,6.0,31555,M,,,31
201600022891,16,5,10,1010,1,2,1,1,6.0,31555,M,,,31
201600022892,16,5,11,1705,1,2,1,2,6.0,31555,M,,,31
201600022893,16,5,12,250,5,2,2,1,1.0,31555,M,4365892.0,141898.0,31
201600022894,16,5,11,1240,1,2,1,2,2.0,31149,M,,,31
201600022895,16,5,12,1445,1,2,1,1,3.0,31555,M,,,31
201600022896,16,5,13,1655,1,2,1,1,3.0,31069,M,,,31
201600022897,16,5,14,438,2,2,1,2,7.0,31555,M,,,31
201600022898,16,5,14,1108,1,2,1,2,2.0,31069,M,,,31
201600022899,16,5,16,2155,5,2,1,1,3.0,31555,M,,,31
201600022900,16,5,17,843,1,2,4,1,3.0,31557,M,4358562.0,135085.0,31
201600022901,16,5,17,1000,1,2,6,1,6.0,31555,M,,,31
201600022902,16,5,17,855,1,1,1,1,4.0,31555,M,4358290.0,140382.0,31
201600022903,16,5,18,1240,1,2,1,1,2.0,31555,M,,,31
201600022904,16,5,18,1650,1,2,3,1,3.0,31149,M,,,31
201600022905,16,5,15,1745,1,2,1,1,3.0,31555,M,,,31
201600022906,16,5,19,845,1,1,1,2,4.0,31555,M,,,31
201600022907,16,5,19,1645,1,1,1,1,3.0,31555,M,,,31
201600022908,16,5,19,1928,1,2,1,1,6.0,31555,M,4360893.0,145048.0,31
201600022909,16,5,20,1555,1,2,1,1,3.0,31555,M,,,31
201600022910,16,5,20,1900,1,2,1,1,3.0,31555,M,,,31
201600022911,16,5,20,1905,1,2,1,1,3.0,31555,M,,,31
201600022912,16,5,23,920,1,2,1,1,1.0,31555,M,4360045.0,145172.0,31
201600022913,16,5,21,805,1,2,1,1,2.0,31555,M,,,31
201600022914,16,5,23,1411,1,2,1,1,3.0,31555,M,,,31
201600022915,16,5,23,1715,1,2,1,1,2.0,31555,M,,,31
201600022916,16,5,25,1845,1,2,1,1,6.0,31555,M,,,31
201600022917,16,5,25,1845,1,2,1,1,6.0,31069,M,,,31
201600022918,16,5,27,845,1,1,1,1,3.0,31555,M,4356880.0,141515.0,31
201600022919,16,5,27,1730,1,2,1,1,3.0,31555,M,,,31
201600022920,16,5,27,1845,1,2,1,1,2.0,31555,M,,,31
201600022921,16,5,27,1915,1,2,1,1,3.0,31555,M,,,31
201600022922,16,5,29,1620,1,2,1,1,3.0,31555,M,,,31
201600022923,16,5,29,1825,1,1,1,1,4.0,31555,M,4361060.0,137594.0,31
201600022924,16,5,26,2330,5,2,1,1,3.0,31555,M,,,31
201600022925,16,5,30,1505,1,2,1,1,3.0,31555,M,,,31
201600022926,16,5,30,1800,1,2,1,1,2.0,31555,M,,,31
201600022927,16,5,25,850,1,2,1,1,4.0,31557,M,4358795.0,135405.0,31
201600022928,16,5,31,1510,1,2,1,2,2.0,31555,M,,,31
201600022929,16,5,31,1640,1,2,1,1,3.0,31149,M,4361421.0,135136.0,31
201600022930,16,5,31,1809,1,2,1,1,4.0,31555,M,,,31
201600022931,16,6,1,1400,1,2,6,1,7.0,31149,M,4361445.0,133998.0,31
201600022932,16,6,1,813,1,2,3,1,3.0,31555,M,4360320.0,140999.0,31
201600022933,16,6,1,1100,1,2,1,2,3.0,31555,M,4360486.0,144947.0,31
201600022934,16,6,1,2105,2,2,2,1,3.0,31555,M,,,31
201600022935,16,6,2,830,1,2,1,2,3.0,31555,M,,,31
201600022936,16,6,2,2115,5,2,3,1,3.0,31555,M,4358019.0,144947.0,31
201600022937,16,6,3,1530,1,2,1,1,4.0,31557,M,4357804.0,132697.0,31
201600022938,16,6,4,1040,1,2,1,1,2.0,31555,M,,,31
201600022939,16,6,4,1930,1,2,1,1,5.0,31555,M,,,31
201600022940,16,6,4,1930,1,2,3,1,2.0,31149,M,4360581.0,132755.0,31
201600022941,16,6,7,850,1,1,1,1,2.0,31555,M,,,31
201600022942,16,6,7,1555,1,2,1,1,2.0,31149,M,,,31
201600022943,16,6,8,1623,1,1,1,1,4.0,31555,M,,,31
201600022944,16,6,9,720,1,2,1,1,5.0,31555,M,,,31
201600022945,16,6,8,1830,1,1,1,1,4.0,31149,M,,,31
201600022946,16,6,9,1400,1,1,1,1,3.0,31149,M,4360510.0,129007.0,31
201600022947,16,6,12,1355,1,2,1,1,3.0,31555,M,,,31
201600022948,16,6,10,1940,1,2,3,1,3.0,31555,M,,,31
201600022949,16,6,13,740,1,1,1,2,4.0,31555,M,,,31
201600022950,16,6,13,1620,1,2,1,1,6.0,31555,M,,,31
201600022951,16,6,14,1030,1,1,1,1,2.0,31555,M,,,31
201600022952,16,6,14,1550,1,2,1,1,3.0,31555,M,,,31
201600022953,16,6,15,750,1,1,1,2,6.0,31555,M,,,31
201600022954,16,6,14,1830,1,2,1,1,3.0,31555,M,,,31
201600022955,16,6,15,645,1,1,1,1,2.0,31555,M,4360640.0,131346.0,31
201600022956,16,6,14,1141,1,2,1,1,4.0,31555,M,,,31
201600022957,16,6,16,955,1,2,1,1,6.0,31557,M,4358069.0,133678.0,31
201600022958,16,6,16,930,1,1,1,1,2.0,31555,M,4362080.0,148170.0,31
201600022959,16,6,18,2030,1,2,1,1,6.0,31555,M,,,31
201600022960,16,6,20,900,1,2,1,1,6.0,31555,M,,,31
201600022961,16,6,20,1740,1,2,1,1,2.0,31555,M,,,31
201600022962,16,6,21,2055,1,2,1,1,3.0,31149,M,4361659.0,133311.0,31
201600022963,16,6,22,540,1,2,1,1,1.0,31555,M,,,31
201600022964,16,6,22,1210,1,2,1,1,6.0,31555,M,,,31
201600022965,16,6,22,1735,1,2,1,1,6.0,31557,M,4358781.0,135133.0,31
201600022966,16,6,23,933,1,2,1,1,6.0,31555,M,,,31
201600022967,16,6,23,1815,1,1,1,1,4.0,31555,M,,,31
201600022968,16,6,22,750,1,2,1,1,3.0,31557,M,4357832.0,135250.0,31
201600022969,16,6,24,1540,1,1,1,1,2.0,31555,M,,,31
201600022970,16,6,24,1625,1,2,1,1,2.0,31557,M,4358667.0,134826.0,31
201600022971,16,6,24,2315,5,2,1,8,6.0,31555,M,,,31
201600022972,16,6,24,1800,1,2,3,1,1.0,31555,M,,,31
201600022973,16,6,27,1415,1,2,4,1,6.0,31555,M,4356001.0,139478.0,31
201600022974,16,6,28,1545,1,2,1,1,3.0,31149,M,4361169.0,135219.0,31
201600022975,16,6,28,2100,1,2,1,1,6.0,31555,M,,,31
201600022976,16,6,28,830,1,2,1,1,2.0,31555,M,,,31
201600022977,16,6,29,1410,1,2,1,1,3.0,31555,M,,,31
201600022978,16,6,29,1440,1,2,2,1,3.0,31555,M,,,31
201600022979,16,6,30,1625,1,2,2,1,3.0,31555,M,,,31
201600022980,16,7,1,545,2,2,1,1,3.0,31555,M,,,31
201600022981,16,7,1,845,1,1,1,1,2.0,31149,M,4361100.0,137705.0,31
201600022982,16,7,1,1200,1,2,1,1,3.0,31555,M,,,31
201600022983,16,7,1,1420,1,2,1,7,2.0,31555,M,,,31
201600022984,16,7,2,1630,1,2,1,1,3.0,31555,M,,,31
201600022985,16,7,1,1735,1,2,1,1,3.0,31555,M,,,31
201600022986,16,7,4,1800,1,2,1,1,3.0,31555,M,,,31
201600022987,16,7,2,2015,1,2,1,1,3.0,31555,M,,,31
201600022988,16,7,5,555,2,2,1,2,4.0,31555,M,,,31
201600022989,16,7,5,1910,1,2,1,1,3.0,31555,M,,,31
201600022990,16,7,5,1400,1,2,1,1,1.0,31555,M,,,31
201600022991,16,7,6,1953,1,2,1,1,3.0,31555,M,,,31
201600022992,16,7,6,2045,1,2,1,1,3.0,31555,M,,,31
201600022993,16,7,7,1100,1,2,1,1,3.0,31555,M,,,31
201600022994,16,7,7,1610,1,2,1,1,7.0,31555,M,,,31
201600022995,16,7,8,300,5,2,1,1,1.0,31555,M,,,31
201600022996,16,7,8,835,1,2,1,1,2.0,31149,M,,,31
201600022997,16,7,8,1115,1,2,1,1,6.0,31555,M,,,31
201600022998,16,7,8,855,1,2,1,1,6.0,31555,M,,,31
201600022999,16,7,8,950,1,2,1,1,3.0,31555,M,,,31
201600023000,16,7,8,1600,1,1,1,1,2.0,31555,M,4361250.0,141695.0,31
201600023001,16,7,10,320,5,2,1,1,6.0,31557,M,4356978.0,133403.0,31
201600023002,16,7,10,1940,1,2,1,1,1.0,31555,M,,,31
201600023003,16,7,11,1000,1,2,1,1,6.0,31555,M,,,31
201600023004,16,7,11,2020,1,2,1,1,1.0,31555,M,,,31
201600023005,16,6,21,1040,1,2,1,1,1.0,31555,M,,,31
201600023006,16,7,12,1720,1,2,1,1,6.0,31555,M,,,31
201600023007,16,7,13,2140,5,1,1,1,3.0,31555,M,4357160.0,147499.0,31
201600023008,16,7,14,2130,2,2,1,1,5.0,31555,M,,,31
201600023009,16,7,15,1400,1,2,1,1,5.0,31555,M,,,31
201600023010,16,7,16,1030,1,1,1,1,5.0,31555,M,,,31
201600023011,16,7,19,1715,1,2,3,1,3.0,31555,M,,,31
201600023012,16,7,20,800,1,2,1,1,3.0,31555,M,,,31
201600023013,16,7,20,1845,1,2,1,1,5.0,31555,M,,,31
201600023014,16,7,21,815,1,2,1,1,3.0,31555,M,,,31
201600023015,16,7,21,830,1,2,1,1,3.0,31555,M,,,31
201600023016,16,7,21,810,1,1,1,1,3.0,31555,M,,,31
201600023017,16,7,21,1940,1,2,1,1,3.0,31555,M,,,31
201600023018,16,7,22,1715,1,1,1,1,4.0,31555,M,4361120.0,137766.0,31
201600023019,16,7,24,1020,1,2,1,1,1.0,31555,M,,,31
201600023020,16,7,24,1935,1,2,1,1,3.0,31555,M,,,31
201600023021,16,7,23,1550,1,2,1,1,1.0,31555,M,,,31
201600023022,16,7,25,1135,1,2,1,1,1.0,31555,M,,,31
201600023023,16,7,25,745,1,2,1,1,2.0,31555,M,,,31
201600023024,16,7,25,1450,1,2,1,1,2.0,31555,M,,,31
201600023025,16,7,26,945,1,1,1,1,3.0,31555,M,,,31
201600023026,16,7,26,1430,1,2,6,1,3.0,31557,M,4358901.0,136110.0,31
201600023027,16,7,29,640,1,2,3,1,3.0,31149,M,4361525.0,134570.0,31
201600023028,16,7,29,1300,1,2,1,1,6.0,31555,M,,,31