Num_Acc,an,mois,jour,hrmn,lum,agg,int,atm,col,com,gps,lat,long,dep
201600023029,16,7,29,1445,1,2,1,1,3.0,31555,M,,,31
201600023030,16,7,30,1030,1,2,3,1,3.0,31557,M,4358548.0,134619.0,31
201600023031,16,7,30,1145,1,2,1,1,1.0,31555,M,,,31
201600023032,16,7,29,615,2,2,3,1,3.0,31555,M,,,31
201600023033,16,8,1,1955,1,2,1,1,3.0,31555,M,,,31
201600023034,16,8,2,1115,1,2,1,1,2.0,31149,M,4360629.0,133494.0,31
201600023035,16,8,2,820,1,2,2,1,3.0,31555,M,,,31
201600023036,16,8,3,1115,1,2,1,1,6.0,31555,M,,,31
201600023037,16,8,3,2110,5,2,1,1,2.0,31555,M,,,31
201600023038,16,8,4,835,1,2,1,1,3.0,31557,M,4358798.0,85925.0,31
201600023039,16,8,5,1810,1,2,1,1,3.0,31555,M,,,31
201600023040,16,8,6,1900,1,2,1,1,3.0,31555,M,,,31
201600023041,16,8,5,1610,1,2,1,1,2.0,31555,M,4361710.0,145831.0,31
201600023042,16,8,9,1325,1,2,1,1,6.0,31555,M,,,31
201600023043,16,8,10,925,1,2,1,1,6.0,31555,M,,,31
201600023044,16,8,10,1105,1,2,1,1,6.0,31149,M,,,31
201600023045,16,8,12,1445,1,2,1,1,3.0,31555,M,,,31
201600023046,16,8,13,1904,1,2,6,1,5.0,31557,M,4358850.0,135871.0,31
201600023047,16,8,13,2030,2,2,3,1,3.0,31555,M,,,31
201600023048,16,8,17,1750,1,2,2,1,3.0,31555,M,,,31
201600023049,16,8,19,821,1,2,6,1,3.0,31149,M,4362184.0,132082.0,31
201600023050,16,8,18,1340,1,2,1,1,3.0,31555,M,4358475.0,144775.0,31
201600023051,16,8,19,1705,1,2,1,1,6.0,31555,M,,,31
201600023052,16,8,20,925,1,1,1,1,5.0,31555,M,,,31
201600023053,16,8,20,925,1,1,1,3,3.0,31555,M,,,31
201600023054,16,8,22,207,5,2,6,1,1.0,31557,M,4356979.0,133361.0,31
201600023055,16,8,22,1410,1,2,1,1,2.0,31555,M,,,31
201600023056,16,8,22,1500,1,1,1,1,2.0,31555,M,4362370.0,140640.0,31
201600023057,16,8,22,1525,1,2,1,1,4.0,31555,M,,,31
201600023058,16,8,23,750,1,2,1,1,6.0,31555,M,,,31
201600023059,16,8,23,1445,1,2,1,1,3.0,31555,M,,,31
201600023060,16,8,23,1800,1,2,1,1,3.0,31555,M,,,31
201600023061,16,8,24,815,1,2,3,1,3.0,31555,M,,,31
201600023062,16,8,24,1440,1,2,1,1,3.0,31555,M,,,31
201600023063,16,8,25,1300,1,2,1,1,6.0,31555,M,,,31
201600023064,16,8,25,1905,1,1,1,1,4.0,31555,M,4364960.0,142170.0,31
201600023065,16,8,26,1440,1,2,1,1,6.0,31069,M,4362412.0,139294.0,31
201600023066,16,8,27,1125,1,2,1,1,3.0,31555,M,,,31
201600023067,16,8,27,2200,5,2,1,1,6.0,31555,M,,,31
201600023068,16,8,27,2245,5,1,1,1,2.0,31069,M,4362650.0,138432.0,31
201600023069,16,8,28,740,1,1,1,1,2.0,31555,M,4362480.0,140907.0,31
201600023070,16,8,30,905,1,2,1,1,3.0,31555,M,,,31
201600023071,16,8,30,1130,1,2,1,1,6.0,31555,M,,,31
201600023072,16,8,29,1740,1,1,1,1,4.0,31069,M,,,31
201600023073,16,8,29,1135,1,2,2,1,3.0,31069,M,4365746.0,139690.0,31
201600023074,16,8,30,1250,1,2,1,1,6.0,31555,M,,,31
201600023075,16,8,31,1530,1,1,1,1,2.0,31555,M,4363710.0,142085.0,31
201600023076,16,9,1,855,1,2,1,1,6.0,31555,M,,,31
201600023077,16,9,1,1815,1,1,1,1,2.0,31149,M,4360660.0,132585.0,31
201600023078,16,9,1,2240,5,2,3,1,3.0,31555,M,,,31
201600023079,16,9,2,110,5,2,1,1,3.0,31555,M,,,31
201600023080,16,9,1,1825,1,2,1,1,6.0,31557,M,,,31
201600023081,16,9,2,1240,1,2,1,1,3.0,31149,M,,,31
201600023082,16,9,2,825,1,1,1,1,3.0,31555,M,,,31
201600023083,16,9,5,750,1,2,1,1,1.0,31555,M,,,31
201600023084,16,9,5,1640,1,1,1,1,6.0,31557,M,,,31
201600023085,16,9,5,2145,3,1,1,1,4.0,31555,M,,,31
201600023086,16,9,5,1125,1,1,1,1,4.0,31555,M,,,31
201600023087,16,9,6,807,1,1,1,1,4.0,31555,M,,,31
201600023088,16,9,7,758,1,2,1,1,6.0,31555,M,,,31
201600023089,16,9,6,740,1,2,1,1,5.0,31149,M,,,31
201600023090,16,9,6,1305,1,2,1,1,4.0,31149,M,,,31
201600023091,16,9,7,855,1,1,1,1,4.0,31555,M,,,31
201600023092,16,9,7,930,1,2,1,1,6.0,31555,M,,,31
201600023093,16,9,8,715,1,2,1,1,3.0,31555,M,,,31
201600023094,16,9,9,1110,1,2,1,1,3.0,31555,M,,,31
201600023095,16,9,9,1350,1,2,1,1,2.0,31149,M,,,31
201600023096,16,9,9,1245,1,1,1,1,4.0,31555,M,,,31
201600023097,16,9,9,2333,5,2,3,1,3.0,31555,M,,,31
201600023098,16,9,10,1045,1,2,1,1,6.0,31555,M,,,31
201600023099,16,9,3,224,5,2,1,1,6.0,31555,M,,,31
201600023100,16,9,12,1355,1,2,1,1,6.0,31555,M,,,31
201600023101,16,9,12,1020,1,2,1,1,6.0,31555,M,,,31
201600023102,16,9,12,1100,1,2,1,1,2.0,31149,M,,,31
201600023103,16,9,12,1705,1,2,1,1,3.0,31555,M,,,31
201600023104,16,9,12,1755,1,1,3,1,3.0,31555,M,,,31
201600023105,16,9,10,220,5,2,1,1,6.0,31555,M,,,31
201600023106,16,9,13,635,1,2,4,1,3.0,31555,M,,,31
201600023107,16,9,13,810,1,2,1,1,6.0,31555,M,4359343.0,140726.0,31
201600023108,16,9,13,1830,1,2,2,1,3.0,31557,M,,,31
201600023109,16,9,15,1135,1,2,1,1,3.0,31555,M,,,31
201600023110,16,9,16,2000,5,2,1,2,2.0,31555,M,,,31
201600023111,16,9,17,420,5,2,1,1,2.0,31555,M,,,31
201600023112,16,9,17,1825,1,1,1,1,2.0,31555,M,,,31
201600023113,16,9,17,1800,1,2,1,1,2.0,31555,M,,,31
201600023114,16,9,21,845,1,2,1,1,6.0,31555,M,,,31
201600023115,16,9,21,1240,1,2,1,1,3.0,31555,M,,,31
201600023116,16,9,22,1450,1,2,1,1,6.0,31555,M,4358231.0,141406.0,31
201600023117,16,9,22,1855,1,1,1,1,2.0,31555,M,,,31
201600023118,16,9,23,1710,1,1,1,1,4.0,31555,M,4360210.0,136594.0,31
201600023119,16,9,25,1840,1,2,1,1,7.0,31555,M,,,31
201600023120,16,9,25,1950,5,2,2,1,2.0,31555,M,,,31
201600023121,16,9,24,1519,1,1,1,1,7.0,31149,M,4361020.0,138535.0,31
201600023122,16,9,25,600,4,2,1,1,6.0,31149,M,4360301.0,132908.0,31
201600023123,16,9,22,1150,1,2,1,1,3.0,31555,M,,,31
201600023124,16,9,26,1805,1,2,1,1,6.0,31555,M,4357433.0,140314.0,31
201600023125,16,9,27,715,2,1,2,1,3.0,31555,M,4355811.0,140209.0,31
201600023126,16,9,27,1220,1,2,1,1,2.0,31555,M,4359421.0,143320.0,31
201600023127,16,9,27,1540,1,2,1,1,3.0,31555,M,4359946.0,144567.0,31
201600023128,16,9,27,1545,1,2,1,1,3.0,31555,M,,,31
201600023129,16,9,24,820,1,2,1,1,1.0,31555,M,,,31
201600023130,16,9,28,1507,1,1,1,1,4.0,31555,M,4361260.0,141701.0,31
201600023131,16,9,29,845,1,2,1,7,6.0,31149,M,4360047.0,132259.0,31
201600023132,16,9,29,845,1,2,1,1,3.0,31555,M,4361076.0,142609.0,31
201600023133,16,9,29,820,1,2,1,1,6.0,31555,M,,,31
201600023134,16,9,29,825,1,1,1,1,3.0,31555,M,,,31
201600023135,16,9,29,925,1,2,1,1,6.0,31555,M,4357004.0,140200.0,31
201600023136,16,9,29,1635,1,1,1,1,2.0,31555,M,4365100.0,142261.0,31
201600023137,16,9,30,1945,5,2,1,1,6.0,31555,M,4359827.0,143345.0,31
201600023138,16,10,1,1345,1,2,1,1,3.0,31069,M,4364051.0,138235.0,31
201600023139,16,10,3,1310,1,2,1,1,1.0,31555,M,4361987.0,139677.0,31
201600023140,16,10,3,1750,1,2,2,1,3.0,31555,M,4358852.0,145439.0,31
201600023141,16,10,3,1813,1,1,1,1,3.0,31555,M,4364630.0,146599.0,31
201600023142,16,10,3,1830,1,2,1,1,6.0,31555,M,4359743.0,142110.0,31
201600023143,16,10,4,1710,1,1,1,1,6.0,31555,M,4362110.0,141770.0,31
201600023144,16,10,5,750,1,1,1,1,3.0,31555,M,4356325.0,141826.0,31
201600023145,16,10,5,1335,1,2,2,1,3.0,31555,M,4360689.0,142823.0,31
201600023146,16,10,5,1835,1,1,1,1,3.0,31555,M,4357239.0,145611.0,31
201600023147,16,10,6,15,5,1,1,1,6.0,31555,M,4362890.0,147892.0,31
201600023148,16,10,6,710,5,2,3,1,3.0,31557,M,,,31
201600023149,16,10,6,1020,1,2,1,1,3.0,31555,M,,,31
201600023150,16,10,6,655,5,2,1,1,6.0,31555,M,4363510.0,143096.0,31
201600023151,16,10,6,825,1,2,1,1,6.0,31555,M,,,31
201600023152,16,10,6,1250,1,2,2,1,6.0,31555,M,4361422.0,145094.0,31
201600023153,16,10,6,1700,1,1,1,1,4.0,31555,M,4360900.0,136396.0,31
201600023154,16,10,6,1940,5,1,1,1,3.0,31555,M,,,31
201600023155,16,10,7,830,1,2,1,1,1.0,31149,M,4360980.0,132486.0,31
201600023156,16,10,7,1310,1,2,1,1,3.0,31555,M,4356310.0,137207.0,31
201600023157,16,10,8,1108,1,2,1,1,1.0,31555,M,,,31
201600023158,16,10,8,1440,1,2,2,1,1.0,31555,M,,,31
201600023159,16,10,8,1700,1,2,1,1,3.0,31555,M,4363296.0,148203.0,31
201600023160,16,10,9,1800,1,2,1,1,6.0,31555,M,,,31
201600023161,16,10,8,1800,1,2,1,1,3.0,31555,M,4359631.0,142299.0,31
201600023162,16,10,10,800,2,2,1,1,3.0,31555,M,4358271.0,137435.0,31
201600023163,16,10,10,1318,1,2,3,1,3.0,31149,M,4360367.0,130556.0,31
201600023164,16,10,11,1620,1,1,1,1,3.0,31069,M,4363571.0,138504.0,31
201600023165,16,10,11,2140,5,2,2,1,3.0,31555,M,,,31
201600023166,16,10,12,720,2,1,1,1,3.0,31555,M,4364702.0,144303.0,31
201600023167,16,10,12,850,1,1,1,1,5.0,31555,M,4360163.0,139869.0,31
201600023168,16,10,12,1030,1,1,1,1,5.0,31555,M,4360050.0,139804.0,31
201600023169,16,10,12,1410,1,2,1,1,6.0,31555,M,4361687.0,142254.0,31
201600023170,16,10,12,1730,1,2,1,1,6.0,31555,M,4360948.0,144505.0,31
201600023171,16,10,12,1820,1,2,4,1,3.0,31555,M,4361604.0,145314.0,31
201600023172,16,10,14,1930,3,2,1,2,3.0,31555,M,4357883.0,145010.0,31
201600023173,16,10,14,2010,5,2,1,2,3.0,31555,M,4362600.0,143747.0,31
201600023174,16,10,15,1455,1,1,1,1,2.0,31555,M,4364375.0,142602.0,31
201600023175,16,10,15,1750,1,1,3,1,3.0,31555,M,4357899.0,144342.0,31
201600023176,16,10,16,1835,1,2,1,1,2.0,31555,M,,,31
201600023177,16,10,17,720,2,1,1,1,3.0,31555,M,4364777.0,142169.0,31
201600023178,16,10,18,652,5,1,1,1,2.0,31555,M,4360990.0,141377.0,31
201600023179,16,10,18,1320,1,1,1,1,2.0,31555,M,4361360.0,141757.0,31
201600023180,16,10,18,1820,1,2,1,1,3.0,31069,M,4362710.0,138523.0,31
201600023181,16,10,19,2040,5,2,1,1,3.0,31555,M,4359683.0,144663.0,31
201600023182,16,10,20,5,3,1,1,1,1.0,31555,M,4355871.0,144693.0,31
201600023183,16,10,20,730,5,1,6,1,3.0,31555,M,4356904.0,137569.0,31
201600023184,16,10,20,835,1,2,1,1,3.0,31555,M,4358018.0,136234.0,31
201600023185,16,10,20,1620,1,1,1,1,2.0,31555,M,4361070.0,137608.0,31
201600023186,16,10,20,1805,1,2,1,1,3.0,31555,M,4358324.0,141488.0,31
201600023187,16,10,20,1830,2,2,1,1,2.0,31555,M,4365373.0,142367.0,31
201600023188,16,10,21,1630,1,2,1,1,6.0,31555,M,4359998.0,145344.0,31
201600023189,16,10,21,1825,1,2,1,1,3.0,31555,M,4363357.0,142505.0,31
201600023190,16,10,22,150,5,2,2,1,3.0,31555,M,4360435.0,147434.0,31
201600023191,16,10,22,1650,1,2,3,1,6.0,31555,M,4363563.0,146385.0,31
201600023192,16,10,24,2150,5,1,1,2,2.0,31555,M,4360860.0,137170.0,31
201600023193,16,10,24,1610,1,2,3,1,3.0,31555,M,4365160.0,142608.0,31
201600023194,16,10,27,700,5,1,1,2,5.0,31555,M,4365199.0,142357.0,31
201600023195,16,10,25,1220,1,2,1,1,6.0,31555,M,4359432.0,144403.0,31
201600023196,16,10,27,1730,1,2,1,1,3.0,31555,M,4356990.0,137463.0,31
201600023197,16,10,28,416,1,2,1,1,6.0,31069,M,4362699.0,138530.0,31
201600023198,16,10,28,1535,1,2,1,1,3.0,31555,M,4366225.0,145334.0,31
201600023199,16,10,30,140,3,1,1,1,6.0,31555,M,4360962.0,137187.0,31
201600023200,16,10,31,955,1,2,2,1,3.0,31555,M,4362613.0,143711.0,31
201600023201,16,11,1,1910,5,2,3,1,3.0,31555,M,4358285.0,141680.0,31
201600023202,16,11,1,2000,4,1,1,1,4.0,31555,M,4363371.0,142069.0,31
201600023203,16,11,2,1630,1,1,1,1,4.0,31555,M,4356915.0,142237.0,31
201600023204,16,11,2,1715,1,2,1,1,3.0,31555,M,4359110.0,142107.0,31
201600023205,16,11,2,2020,5,2,1,1,2.0,31555,M,4364770.0,141405.0,31
201600023206,16,11,3,1345,1,2,1,1,3.0,31555,M,4361272.0,141701.0,31
201600023207,16,11,3,1515,1,2,1,1,1.0,31555,M,4355640.0,140615.0,31
201600023208,16,11,3,1800,2,2,1,1,3.0,31555,M,4359363.0,144872.0,31
201600023209,16,11,3,1900,5,2,1,1,2.0,31555,M,4360642.0,139593.0,31
201600023210,16,11,4,720,2,2,2,1,3.0,31555,M,4356566.0,150046.0,31
201600023211,16,11,4,1915,5,1,1,1,3.0,31555,M,4364819.0,142316.0,31
201600023212,16,11,4,1923,3,1,1,1,1.0,31555,M,4359772.0,141056.0,31
201600023213,16,11,5,215,5,2,3,2,3.0,31555,M,4362242.0,144555.0,31
201600023214,16,11,5,1810,4,2,1,2,6.0,31555,M,4357375.0,145187.0,31
201600023215,16,11,6,830,1,2,1,1,1.0,31555,M,4364879.0,142522.0,31
201600023216,16,11,7,1910,5,1,1,1,2.0,31555,M,4362030.0,139363.0,31
201600023217,16,11,7,1700,1,2,3,1,3.0,31555,M,4361888.0,145622.0,31
201600023218,16,11,8,820,1,2,1,1,1.0,31149,M,4360283.0,132618.0,31
201600023219,16,11,8,1910,5,2,3,2,3.0,31555,M,4357540.0,138513.0,31
201600023220,16,11,8,1815,5,2,1,1,6.0,31555,M,4358245.0,146290.0,31
201600023221,16,11,9,625,5,2,1,3,2.0,31555,M,4363671.0,143912.0,31
201600023222,16,11,9,1950,5,1,1,1,2.0,31555,M,4361876.0,141888.0,31
201600023223,16,11,10,630,4,1,1,2,4.0,31555,M,4360864.0,136742.0,31
201600023224,16,11,10,1050,1,1,1,2,3.0,31555,M,4364484.0,146874.0,31
201600023225,16,11,10,1708,1,2,1,1,1.0,31555,M,4361404.0,147596.0,31
201600023226,16,11,12,1640,1,2,1,1,6.0,31555,M,4357810.0,149071.0,31
201600023227,16,11,13,2335,5,2,1,1,1.0,31555,M,4358327.0,143924.0,31
201600023228,16,11,11,1330,1,2,1,1,2.0,31555,M,4364746.0,142565.0,31
201600023229,16,11,14,1245,1,1,1,1,5.0,31555,M,,,31
201600023230,16,11,14,1420,1,1,1,1,5.0,31555,M,4355846.0,141383.0,31
201600023231,16,11,15,730,1,2,3,1,3.0,31555,M,4357351.0,145890.0,31
201600023232,16,11,15,2125,5,2,3,1,1.0,31555,M,4360069.0,145606.0,31
201600023233,16,11,16,750,2,2,1,1,6.0,31149,M,4360507.0,132236.0,31
201600023234,16,11,16,905,1,1,1,1,2.0,31555,M,4357343.0,145038.0,31
201600023235,16,11,16,1729,2,2,1,1,3.0,31149,M,4361299.0,135258.0,31
201600023236,16,11,17,745,1,2,2,1,3.0,31149,M,4361030.0,133950.0,31
201600023237,16,11,17,1228,1,1,1,1,3.0,31555,M,4361456.0,141835.0,31
201600023238,16,11,17,2200,5,2,1,1,7.0,31555,M,4359345.0,139080.0,31
201600023239,16,11,18,940,1,1,1,2,2.0,31149,M,4359727.0,136414.0,31
201600023240,16,11,19,1500,1,2,1,1,4.0,31069,M,4364967.0,137977.0,31
201600023241,16,11,20,325,3,1,1,1,6.0,31555,M,4364459.0,142158.0,31
201600023242,16,11,21,1710,2,2,2,2,3.0,31555,M,4362674.0,144424.0,31
201600023243,16,11,17,1945,3,2,1,1,6.0,31555,M,4363127.0,138185.0,31
201600023244,16,11,21,1715,3,1,1,2,3.0,31069,M,4363821.0,137646.0,31
201600023245,16,11,21,1800,4,2,1,3,6.0,31555,M,4356917.0,139381.0,31
201600023246,16,11,22,1750,2,2,1,1,3.0,31555,M,4362521.0,144105.0,31
201600023247,16,11,23,900,1,2,1,1,6.0,31555,M,4364118.0,145980.0,31
201600023248,16,11,21,1610,2,1,1,2,2.0,31149,M,4360645.0,131086.0,31
201600023249,16,11,24,1320,1,2,1,1,1.0,31555,M,4358668.0,142614.0,31
201600023250,16,11,24,1715,2,2,3,1,3.0,31555,M,4366160.0,141640.0,31
201600023251,16,11,24,1955,5,2,1,1,6.0,31555,M,4362511.0,147535.0,31
201600023252,16,11,25,1700,1,2,1,1,4.0,31149,M,4359719.0,135029.0,31
201600023253,16,11,25,1755,5,2,1,1,3.0,31555,M,4363382.0,143846.0,31
201600023254,16,11,25,1820,5,2,1,1,6.0,31555,M,4363684.0,143912.0,31
201600023255,16,11,26,545,5,1,1,5,6.0,31555,M,4354517.0,140090.0,31
201600023256,16,11,27,1552,1,2,1,1,1.0,31555,M,4363978.0,145999.0,31
201600023257,16,11,26,600,5,2,1,1,3.0,31555,M,4364852.0,144379.0,31
201600023258,16,11,28,1852,4,1,1,1,2.0,31555,M,4360870.0,136807.0,31
201600023259,16,11,28,2040,5,2,1,1,3.0,31149,M,4362253.0,133370.0,31
201600023260,16,11,29,1825,5,2,2,1,1.0,31555,M,4360490.0,144567.0,31
201600023261,16,11,30,800,1,2,1,1,3.0,31555,M,4360482.0,144950.0,31
201600023262,16,11,30,1020,1,2,1,1,1.0,31557,M,4357944.0,131947.0,31
201600023263,16,11,30,1540,1,2,1,1,3.0,31555,M,4362618.0,143710.0,31
201600023264,16,12,1,1825,5,2,1,1,3.0,31555,M,4357329.0,141909.0,31
201600023265,16,11,30,1035,1,1,1,1,3.0,31149,M,4360597.0,133495.0,31
201600023266,16,12,1,1345,1,2,3,1,1.0,31555,M,4362619.0,142531.0,31
201600023267,16,12,2,1630,1,2,1,1,6.0,31555,M,4361310.0,147831.0,31
201600023268,16,12,3,15,5,2,1,1,7.0,31555,M,4360676.0,143014.0,31
201600023269,16,12,3,102,5,2,2,1,3.0,31555,M,4359967.0,144058.0,31
201600023270,16,12,3,2335,5,2,1,1,1.0,31555,M,4356715.0,139484.0,31
201600023271,16,12,4,1859,5,1,1,1,2.0,31555,M,4363140.0,147832.0,31
201600023272,16,12,5,1730,5,2,1,1,6.0,31555,M,4362193.0,147368.0,31
201600023273,16,12,6,845,1,2,1,1,3.0,31149,M,4361820.0,133892.0,31
201600023274,16,11,30,1610,1,2,1,1,3.0,31555,M,4359096.0,141827.0,31
201600023275,16,12,6,1230,1,2,1,1,3.0,31555,M,4361107.0,142077.0,31
201600023276,16,12,7,730,5,1,1,1,2.0,31555,M,4355940.0,141418.0,31
201600023277,16,12,7,1440,1,1,1,1,2.0,31555,M,4365165.0,142358.0,31
201600023278,16,12,7,1810,5,2,1,1,6.0,31555,M,4363892.0,145263.0,31
201600023279,16,12,6,1400,1,2,1,1,1.0,31555,M,4359245.0,144281.0,31
201600023280,16,12,8,1520,1,2,1,1,6.0,31555,M,4357465.0,140505.0,31
201600023281,16,12,8,1630,1,2,1,1,6.0,31557,M,4358803.0,135373.0,31
201600023282,16,12,4,430,3,1,1,1,6.0,31149,M,4360890.0,135609.0,31
201600023283,16,12,9,1120,1,2,1,1,6.0,31555,M,4359102.0,147985.0,31
201600023284,16,12,9,2015,4,1,1,1,4.0,31555,M,4361506.0,141829.0,31
201600023285,16,12,10,1,4,2,1,1,6.0,31555,M,4360680.0,145051.0,31
201600023286,16,12,10,1310,1,2,1,1,6.0,31555,M,4360530.0,147987.0,31
201600023287,16,12,11,1010,1,2,1,1,3.0,31555,M,4362027.0,142422.0,31
201600023288,16,12,11,2215,5,2,1,1,3.0,31555,M,4357372.0,145206.0,31
201600023289,16,12,9,1340,1,2,1,1,3.0,31555,M,4357084.0,140530.0,31
201600023290,16,12,12,1130,1,2,1,1,3.0,31555,M,4361019.0,137273.0,31
201600023291,16,12,12,1150,1,2,1,1,5.0,31555,M,4358680.0,146260.0,31
201600023292,16,12,14,1935,5,2,2,1,3.0,31555,M,4361682.0,143403.0,31
201600023293,16,12,14,1425,1,2,1,1,6.0,31555,M,4359802.0,143080.0,31
201600023294,16,12,15,1800,5,1,1,1,3.0,31555,M,4359719.0,139692.0,31
201600023295,16,12,15,2345,3,2,1,1,6.0,31555,M,4365233.0,142446.0,31
201600023296,16,12,18,1755,5,2,1,1,6.0,31555,M,4362833.0,145098.0,31
201600023297,16,12,18,1,5,1,1,1,6.0,31069,M,4364831.0,136729.0,31
201600023298,16,12,19,1900,3,2,1,1,4.0,31555,M,4361800.0,139412.0,31
201600023299,16,12,21,1700,2,2,1,1,6.0,31555,M,4358390.0,143714.0,31
201600023300,16,12,21,1455,1,2,1,1,3.0,31555,M,4361006.0,145737.0,31
201600023301,16,12,22,820,1,1,1,1,1.0,31555,M,4362463.0,141806.0,31
201600023302,16,12,22,1610,1,2,1,2,3.0,31555,M,4360806.0,144632.0,31
201600023303,16,12,22,1825,5,2,1,2,6.0,31557,M,4358524.0,134524.0,31
201600023304,16,12,25,1900,5,2,1,1,3.0,31555,M,4355094.0,139413.0,31
201600023305,16,12,25,1330,1,2,1,1,6.0,31555,M,4357189.0,140113.0,31
201600023306,16,12,28,1920,5,2,1,1,3.0,31557,M,4358994.0,137686.0,31
201600023307,16,12,29,1300,1,2,1,1,2.0,31555,M,4361497.0,143298.0,31
201600023308,16,1,3,1015,1,2,2,1,3.0,68227,M,4810248.0,746868.0,68
201600023309,16,5,22,1745,1,2,2,1,2.0,68145,M,4808113.0,738709.0,68
201600023310,16,1,23,1230,1,1,1,1,3.0,71270,M,0.0,0.0,71
201600023311,16,3,13,1515,1,1,1,1,6.0,71305,M,0.0,0.0,71
201600023312,16,4,13,1700,1,1,1,1,2.0,71481,M,0.0,0.0,71
201600023313,16,4,16,245,4,1,1,2,2.0,71270,M,0.0,0.0,71
201600023314,16,5,30,1245,1,1,1,8,2.0,71270,M,0.0,0.0,71
201600023315,16,7,28,700,1,1,1,1,2.0,71591,M,0.0,0.0,71
201600023316,16,8,2,2200,3,1,1,1,6.0,71543,M,0.0,0.0,71
201600023317,16,11,17,1830,3,1,1,2,5.0,71576,M,0.0,0.0,71
201600023318,16,11,22,1200,1,1,1,3,6.0,71543,M,0.0,0.0,71
201600023319,16,2,11,400,3,1,1,1,7.0,88478,M,4843879.0,586357.0,88
201600023320,16,4,1,700,2,1,1,1,2.0,88232,M,4844883.0,586733.0,88
201600023321,16,6,25,1530,1,1,1,1,3.0,54242,M,4860400.0,588600.0,54
201600023322,16,8,15,1230,1,1,1,1,7.0,88478,M,4842766.0,585992.0,88
201600023323,16,1,16,1845,3,1,9,1,2.0,83107,M,0.0,0.0,83
201600023324,16,1,24,430,3,1,1,5,4.0,83057,M,0.0,0.0,83
201600023325,16,2,22,2330,3,1,1,1,6.0,83049,M,0.0,0.0,83
201600023326,16,3,8,715,1,1,1,1,2.0,83073,M,0.0,0.0,83
201600023327,16,3,10,745,1,1,1,1,4.0,83130,M,0.0,0.0,83
201600023328,16,3,31,1530,1,1,1,1,6.0,83049,M,0.0,0.0,83
201600023329,16,5,13,1915,1,1,1,6,1.0,83107,M,0.0,0.0,83
201600023330,16,5,30,200,3,1,1,6,7.0,83099,M,0.0,0.0,83
201600023331,16,6,2,1630,1,1,9,1,7.0,83054,M,4315741.0,604567.0,83
201600023332,16,6,21,715,1,1,1,1,5.0,83130,M,0.0,0.0,83
201600023333,16,6,27,1700,1,1,1,1,4.0,83086,M,0.0,0.0,83
201600023334,16,7,24,100,3,1,1,8,3.0,83073,M,0.0,0.0,83
201600023335,16,8,2,915,1,1,1,1,6.0,83026,M,0.0,0.0,83
201600023336,16,8,5,1600,1,1,1,1,5.0,83033,M,0.0,0.0,83
201600023337,16,8,31,30,3,1,1,1,6.0,83057,M,0.0,0.0,83
201600023338,16,9,9,1015,1,1,1,1,4.0,83062,M,0.0,0.0,83
201600023339,16,10,18,1600,1,1,1,1,2.0,83130,M,0.0,0.0,83
201600023340,16,11,15,1545,1,1,9,1,3.0,83130,M,0.0,0.0,83
201600023341,16,12,8,830,1,1,1,1,7.0,83054,M,0.0,0.0,83
201600023342,16,1,4,1330,1,1,1,8,7.0,28018,M,4820493.0,90236.0,28
201600023343,16,2,19,1900,3,1,1,1,1.0,28361,M,4851272.0,176995.0,28
201600023344,16,3,11,1745,1,1,1,1,6.0,28161,M,4824878.0,111826.0,28
201600023345,16,3,25,1426,1,1,1,1,2.0,28196,M,4828086.0,122383.0,28
201600023346,16,3,28,1721,1,1,1,1,2.0,28403,M,4837145.0,146484.0,28
201600023347,16,4,1,2300,3,1,1,1,6.0,28141,M,4832873.0,138066.0,28
201600023348,16,4,10,1623,1,1,1,1,3.0,28409,M,4827824.0,119774.0,28
201600023349,16,4,11,1700,1,1,1,3,3.0,28015,M,4850917.0,173940.0,28
201600023350,16,6,23,845,1,1,1,1,2.0,28196,M,4828723.0,125765.0,28
201600023351,16,7,22,715,1,1,1,1,6.0,28041,M,4829911.0,128797.0,28
201600023352,16,7,24,300,3,1,1,1,6.0,28253,M,4834591.0,141413.0,28
201600023353,16,9,23,2115,3,1,1,1,6.0,28080,M,4820602.0,92443.0,28
201600023354,16,10,17,645,3,1,1,1,4.0,28104,M,4847198.0,159797.0,28
201600023355,16,11,25,1545,1,1,1,1,5.0,28018,M,0.0,0.0,28
201600023356,16,12,8,2115,3,1,1,1,6.0,28015,M,4851174.0,176527.0,28
201600023357,16,12,20,1615,1,1,1,1,6.0,45118,M,0.0,0.0,45
201600023358,16,3,1,900,1,1,1,1,5.0,44130,M,4710179.0,-155115.0,44
201600023359,16,5,1,2145,3,1,1,1,7.0,44142,M,4702227.0,-139893.0,44
201600023360,16,8,13,1615,1,1,1,1,2.0,44014,M,4711544.0,-149285.0,44
201600023361,16,2,6,1530,1,2,1,1,6.0,13078,M,4338878.0,480722.0,13
201600023362,16,3,27,1645,1,1,1,1,6.0,13078,M,4345677.0,475261.0,13
201600023363,16,4,29,1730,1,1,1,1,4.0,77141,M,4885600.0,285400.0,77
201600023364,16,6,13,945,1,1,4,1,2.0,77521,M,4885134.0,286353.0,77
201600023365,16,6,26,1545,1,1,1,1,6.0,77141,M,0.0,0.0,77