Num_Acc,an,mois,jour,hrmn,lum,agg,int,atm,col,com,gps,lat,long,dep
201600023366,16,9,8,700,2,1,1,1,3.0,77505,M,4852500.0,263000.0,77
201600023367,16,9,27,730,1,1,1,1,6.0,77478,M,4895200.0,304100.0,77
201600023368,16,10,22,400,3,1,1,5,6.0,77078,M,4900464.0,313579.0,77
201600023369,16,10,25,2020,5,1,1,8,6.0,77141,M,4887643.0,287737.0,77
201600023370,16,11,20,30,3,1,1,1,4.0,77141,M,4887098.0,286098.0,77
201600023371,16,11,17,715,2,1,3,1,5.0,81079,M,4384820.0,218459.0,81
201600023372,16,11,17,1230,1,2,1,1,1.0,81156,M,4391920.0,203839.0,81
201600023373,16,10,22,1810,1,1,3,1,2.0,81074,M,4392630.0,220312.0,81
201600023374,16,12,25,1740,2,1,1,1,5.0,81203,M,4389370.0,236693.0,81
201600023375,16,10,25,730,2,1,1,8,6.0,81286,M,4365790.0,201730.0,81
201600023376,16,12,24,1520,1,1,1,2,6.0,81250,M,4375600.0,217608.0,81
201600023377,16,1,31,1915,3,1,1,3,1.0,81115,M,4347300.0,261663.0,81
201600023378,16,3,8,1245,1,1,1,1,6.0,81238,M,4348360.0,247005.0,81
201600023379,16,10,7,1900,2,1,1,1,3.0,81036,M,4349380.0,243503.0,81
201600023380,16,1,24,345,5,2,1,1,6.0,32013,M,4364880.0,58433.0,32
201600023381,16,1,22,1920,5,2,1,8,1.0,32013,M,4363660.0,58957.0,32
201600023382,16,2,10,1240,1,2,1,2,1.0,32013,M,4364770.0,58348.0,32
201600023383,16,2,12,1800,1,1,1,1,3.0,32013,M,4364880.0,59624.0,32
201600023384,16,2,20,1350,1,2,2,1,3.0,32013,M,4363430.0,59915.0,32
201600023385,16,3,8,1240,1,1,1,1,6.0,32013,M,4367560.0,59641.0,32
201600023386,16,3,9,1355,1,1,1,8,1.0,32013,M,4365840.0,55956.0,32
201600023387,16,3,10,1215,1,2,1,1,6.0,32013,M,4364240.0,58640.0,32
201600023388,16,3,31,2315,3,2,1,2,6.0,32013,M,4364720.0,58905.0,32
201600023389,16,4,26,1525,1,2,3,1,3.0,32013,M,4366410.0,59246.0,32
201600023390,16,5,15,45,3,1,1,1,7.0,32013,M,4364550.0,61577.0,32
201600023391,16,5,19,1440,1,2,1,1,2.0,32013,M,4364960.0,58644.0,32
201600023392,16,5,23,1045,1,1,1,1,1.0,32013,M,4369070.0,60512.0,32
201600023393,16,5,23,1150,1,2,1,1,6.0,32013,M,4366450.0,59559.0,32
201600023394,16,6,10,225,5,2,3,1,3.0,32013,M,4364900.0,58959.0,32
201600023395,16,6,14,1050,1,2,1,1,6.0,32013,M,4364720.0,58900.0,32
201600023396,16,6,22,930,1,2,2,1,1.0,32013,M,4366560.0,59419.0,32
201600023397,16,6,23,840,1,2,4,1,2.0,32013,M,4364230.0,58972.0,32
201600023398,16,7,4,820,1,1,1,1,6.0,32013,M,4362260.0,54656.0,32
201600023399,16,7,5,1800,1,2,1,1,2.0,32013,M,4365370.0,61120.0,32
201600023400,16,7,12,645,2,1,1,2,1.0,32013,M,4366280.0,58546.0,32
201600023401,16,8,8,1430,1,2,3,1,1.0,32013,M,4364940.0,58813.0,32
201600023402,16,8,14,1032,1,1,1,1,6.0,32013,M,4366770.0,58510.0,32
201600023403,16,9,9,820,1,2,3,1,3.0,32013,M,4365370.0,59552.0,32
201600023404,16,9,19,1835,1,2,1,1,2.0,32013,M,4365580.0,59663.0,32
201600023405,16,10,9,1225,1,1,1,1,6.0,32013,M,4366540.0,57599.0,32
201600023406,16,10,25,1400,1,2,6,1,3.0,32013,M,4364080.0,59615.0,32
201600023407,16,10,27,1700,1,2,1,1,3.0,32013,M,4365130.0,60330.0,32
201600023408,16,11,8,730,1,1,1,8,1.0,32013,M,4367940.0,60234.0,32
201600023409,16,11,12,1640,1,1,1,8,5.0,32013,M,4367020.0,53281.0,32
201600023410,16,11,15,1845,1,1,3,1,1.0,32013,M,4363110.0,58131.0,32
201600023411,16,11,23,1215,1,2,4,2,3.0,32013,M,4364050.0,59010.0,32
201600023412,16,11,24,1020,1,2,1,1,3.0,32013,M,4364780.0,59254.0,32
201600023413,16,11,29,1429,1,2,1,1,2.0,32013,M,4364100.0,58579.0,32
201600023414,16,11,30,1335,1,2,2,1,6.0,32013,M,4365570.0,59660.0,32
201600023415,16,12,7,1225,1,1,3,1,3.0,32013,M,4365980.0,56057.0,32
201600023416,16,12,7,1349,1,2,1,1,2.0,32013,M,4364740.0,59225.0,32
201600023417,16,12,7,1525,1,2,1,1,2.0,32013,M,4364100.0,58579.0,32
201600023418,16,12,7,1835,5,2,1,1,6.0,32013,M,4366450.0,59287.0,32
201600023419,16,12,17,1615,1,2,2,1,2.0,32013,M,4363110.0,58131.0,32
201600023420,16,12,25,250,3,1,1,1,7.0,32013,M,4369450.0,60826.0,32
201600023421,16,12,26,1400,1,1,1,1,6.0,32013,M,4366340.0,59141.0,32
201600023422,16,12,29,1739,1,2,1,1,5.0,32013,M,4364370.0,58696.0,32
201600023423,16,9,11,1445,1,1,1,1,3.0,57161,M,0.0,0.0,57
201600023424,16,9,23,845,1,1,1,1,6.0,57086,M,0.0,0.0,57
201600023425,16,10,23,100,3,1,1,1,6.0,57404,M,4879217.0,673227.0,57
201600023426,16,10,24,1245,1,1,1,2,6.0,57410,M,4888773.0,688320.0,57
201600023427,16,11,7,1220,1,1,1,1,6.0,57210,M,4885177.0,701475.0,57
201600023428,16,11,23,1205,1,1,3,1,6.0,57011,M,4894495.0,686928.0,57
201600023429,16,12,6,800,2,1,1,5,1.0,57246,M,4876167.0,672732.0,57
201600023430,16,12,15,1405,1,1,1,1,6.0,57086,M,0.0,0.0,57
201600023431,16,12,25,1919,3,1,1,1,6.0,57011,M,4893030.0,684894.0,57
201600023432,16,1,11,1745,3,1,1,2,5.0,21599,M,4765503.0,517625.0,21
201600023433,16,3,28,1015,1,1,1,8,6.0,21261,M,4727804.0,515000.0,21
201600023434,16,4,6,715,2,1,9,5,6.0,21261,M,4727648.0,514697.0,21
201600023435,16,7,31,1515,1,1,1,1,3.0,21614,M,4744969.0,517053.0,21
201600023436,16,8,10,1915,1,1,1,1,6.0,21643,M,4719784.0,531008.0,21
201600023437,16,9,26,1430,1,1,1,1,6.0,21016,M,4740261.0,518302.0,21
201600023438,16,11,7,2009,3,1,1,1,6.0,21370,M,4726825.0,517449.0,21
201600023439,16,1,20,730,2,1,1,1,3.0,76675,M,4961178.0,104256.0,76
201600023440,16,5,17,1545,1,1,1,1,2.0,76066,M,4963767.0,105069.0,76
201600023441,16,5,23,2330,3,1,1,1,1.0,76729,M,4964278.0,74609.0,76
201600023442,16,8,27,1645,1,1,1,1,6.0,76675,M,4958871.0,104792.0,76
201600023443,16,9,13,1245,1,1,1,1,6.0,76325,M,4965317.0,83520.0,76
201600023444,16,9,11,1045,1,2,1,1,6.0,31044,M,0.0,0.0,31
201600023445,16,9,30,1745,1,1,1,1,3.0,31573,M,4366480.0,169586.0,31
201600023446,16,10,17,750,1,2,1,1,6.0,31044,M,4360457.0,150754.0,31
201600023447,16,11,29,1730,5,2,1,1,6.0,31389,M,4363887.0,152169.0,31
201600023448,16,11,29,1605,1,1,3,1,4.0,31029,M,4352587.0,168122.0,31
201600023449,16,12,4,1600,1,1,4,1,3.0,31418,M,4363260.0,152527.0,31
201600023450,16,11,27,1500,1,2,1,7,7.0,31044,M,4362401.0,149528.0,31
201600023451,16,6,12,1300,1,1,2,1,3.0,31454,M,4342824.0,113165.0,31
201600023452,16,10,12,1705,1,1,1,1,1.0,31547,M,4349000.0,128025.0,31
201600023453,16,1,13,1330,1,2,1,8,4.0,31113,M,0.0,0.0,31
201600023454,16,1,29,1500,1,2,1,2,6.0,31113,M,4351762.0,150260.0,31
201600023455,16,10,29,1215,1,2,1,1,3.0,31113,M,4351495.0,149275.0,31
201600023456,16,11,13,1515,1,1,1,3,1.0,31575,M,4352570.0,142750.0,31
201600023457,16,1,17,1500,3,1,1,2,6.0,42294,M,4600764.0,411170.0,42
201600023458,16,10,19,1200,1,2,2,1,6.0,31116,M,4369168.0,143267.0,31
201600023459,16,12,31,1230,1,2,1,1,6.0,76624,M,4987898.0,122145.0,76
201600023460,16,3,1,1615,1,1,1,2,6.0,76288,M,4982797.0,124658.0,76
201600023461,16,6,10,1245,1,1,1,1,7.0,76635,M,4985014.0,146113.0,76
201600023462,16,6,11,1630,1,2,1,1,5.0,76562,M,4986697.0,118427.0,76
201600023463,16,11,3,2020,5,2,1,1,6.0,76210,M,4985903.0,120536.0,76
201600023464,16,11,29,800,1,1,1,1,1.0,76392,M,4984132.0,138067.0,76
201600023465,16,1,2,1930,3,1,1,2,1.0,41040,M,4769152.0,125312.0,41
201600023466,16,4,9,1600,1,1,1,3,2.0,41091,M,4762447.0,129340.0,41
201600023467,16,5,1,630,1,2,6,1,6.0,41029,M,4751165.0,130019.0,41
201600023468,16,5,31,2000,1,1,1,2,3.0,41223,M,4761401.0,122464.0,41
201600023469,16,7,15,45,3,2,1,1,7.0,41055,M,4751400.0,122902.0,41
201600023470,16,9,3,45,3,1,1,1,1.0,41128,M,4764020.0,132541.0,41
201600023471,16,10,2,815,1,1,1,1,7.0,41029,M,4749045.0,125399.0,41
201600023472,16,10,22,1745,1,1,9,1,7.0,41223,M,4762095.0,121141.0,41
201600023473,16,11,29,1115,1,2,1,1,6.0,41276,M,4762478.0,131600.0,41
201600023474,16,12,24,1130,1,1,1,1,3.0,41091,M,4763294.0,128933.0,41
201600023475,16,12,30,30,3,2,1,5,6.0,41029,M,4750170.0,126095.0,41
201600023476,16,3,30,1800,1,1,1,1,7.0,36107,M,4720900.0,147297.0,36
201600023477,16,5,23,1000,1,1,1,1,7.0,36077,M,4723250.0,154019.0,36
201600023478,16,1,28,1455,1,2,1,3,1.0,33529,M,4464397.0,-115761.0,33
201600023479,16,12,27,1000,1,2,1,1,6.0,33529,M,4463496.0,-115334.0,33
201600023480,16,2,3,900,1,1,6,3,2.0,33529,M,4461693.0,-113818.0,33
201600023481,16,11,30,1650,1,1,1,1,6.0,33529,M,4462744.0,-112845.0,33
201600023482,16,2,7,1540,1,2,1,3,6.0,33529,M,4464101.0,-115596.0,33
201600023483,16,2,19,1,5,2,2,5,3.0,33529,M,4453810.0,-115219.0,33
201600023484,16,2,26,1430,1,1,1,1,6.0,33529,M,4463558.0,-115361.0,33
201600023485,16,2,17,2100,5,2,6,1,3.0,33529,M,4462671.0,-114152.0,33
201600023486,16,3,6,530,5,2,6,1,6.0,33529,M,4463788.0,-114390.0,33
201600023487,16,3,7,955,1,2,6,1,6.0,33529,M,4463426.0,-115197.0,33
201600023488,16,3,31,1815,1,2,1,1,6.0,33529,M,4462233.0,-114016.0,33
201600023489,16,4,2,1050,1,2,1,1,2.0,33529,M,4463233.0,-115271.0,33
201600023490,16,4,5,1330,1,1,1,1,4.0,33529,M,4461825.0,-112316.0,33
201600023491,16,4,27,1230,1,1,1,1,6.0,33529,M,4449216.0,-123605.0,33
201600023492,16,5,2,1555,1,2,1,1,6.0,33529,M,4463765.0,-113422.0,33
201600023493,16,5,5,30,5,1,1,1,6.0,33529,M,4463338.0,-116264.0,33
201600023494,16,5,5,850,1,2,1,1,6.0,33009,M,4466247.0,-116013.0,33
201600023495,16,5,4,1215,1,2,7,1,2.0,33009,M,4465750.0,-115080.0,33
201600023496,16,5,11,2240,4,1,1,1,6.0,33529,M,4460087.0,-118332.0,33
201600023497,16,5,17,1905,1,2,1,1,2.0,33529,M,4463904.0,-115422.0,33
201600023498,16,5,6,1900,1,2,1,1,6.0,33529,M,4463888.0,-114617.0,33
201600023499,16,6,1,910,1,2,3,1,3.0,33529,M,4462036.0,-113943.0,33
201600023500,16,5,28,1215,1,2,2,1,5.0,33529,M,4463342.0,-114173.0,33
201600023501,16,5,31,1615,1,2,1,1,6.0,33529,M,4460972.0,-113271.0,33
201600023502,16,6,7,1755,1,1,1,1,6.0,33529,M,4459800.0,-112989.0,33
201600023503,16,6,19,210,5,1,1,3,6.0,33529,M,4461219.0,-120246.0,33
201600023504,16,6,8,2215,5,2,2,1,3.0,33009,M,4466093.0,-116833.0,33
201600023505,16,6,21,1600,1,2,1,1,2.0,33009,M,4465786.0,-114762.0,33
201600023506,16,7,5,1605,1,1,1,1,6.0,33529,M,4461804.0,-112104.0,33
201600023507,16,7,8,1840,1,1,1,1,1.0,33529,M,4557800.0,-110987.0,33
201600023508,16,7,11,1045,1,1,1,1,6.0,33529,M,4463809.0,-117192.0,33
201600023509,16,7,26,1200,1,2,2,1,6.0,33529,M,4461646.0,-120155.0,33
201600023510,16,8,2,210,5,2,3,1,6.0,33529,M,4462860.0,-120239.0,33
201600023511,16,7,31,1140,1,2,1,1,6.0,33009,M,4466249.0,-116867.0,33
201600023512,16,8,1,1000,1,2,6,1,6.0,33529,M,4464719.0,-115824.0,33
201600023513,16,8,7,1145,1,1,1,1,6.0,33009,M,4459836.0,-119048.0,33
201600023514,16,8,4,1835,1,1,1,2,6.0,33529,M,4463387.0,-118865.0,33
201600023515,16,8,11,1815,1,2,6,1,6.0,33529,M,4464666.0,-115833.0,33
201600023516,16,8,14,1250,1,1,1,1,6.0,33529,M,4461526.0,-114256.0,33
201600023517,16,8,15,1640,1,2,1,1,6.0,33009,M,4466291.0,-117230.0,33
201600023518,16,8,14,1930,1,1,1,1,2.0,33529,M,4457320.0,-121808.0,33
201600023519,16,8,18,1230,1,1,1,1,1.0,33529,M,4460598.0,-120230.0,33
201600023520,16,8,11,1640,1,1,1,1,1.0,33529,M,4463115.0,-115826.0,33
201600023521,16,8,9,1215,1,2,1,1,6.0,33009,M,4466270.0,-117507.0,33
201600023522,16,8,25,1750,1,1,1,1,6.0,33009,M,4459618.0,-119602.0,33
201600023523,16,8,31,1745,1,2,3,1,6.0,33529,M,4463160.0,-114417.0,33
201600023524,16,9,8,1030,1,2,6,1,2.0,33529,M,4461040.0,-113272.0,33
201600023525,16,9,10,1250,1,2,1,1,6.0,33529,M,4463383.0,-115185.0,33
201600023526,16,9,10,1725,1,2,2,1,3.0,33529,M,4463439.0,-120246.0,33
201600023527,16,9,12,1120,1,2,1,1,6.0,33529,M,4463229.0,-114851.0,33
201600023528,16,9,10,1320,1,2,1,1,1.0,33009,M,4465207.0,-114710.0,33
201600023529,16,9,16,2040,5,2,2,1,1.0,33529,M,4463920.0,-114680.0,33
201600023530,16,9,13,1530,1,1,6,1,3.0,33529,M,4461844.0,-112538.0,33
201600023531,16,8,2,1620,1,1,2,1,3.0,33529,M,4463464.0,-115456.0,33
201600023532,16,8,8,1820,1,2,1,1,6.0,33529,M,4462438.0,-114083.0,33
201600023533,16,9,23,1745,1,2,3,1,6.0,33009,M,4465252.0,119444.0,33
201600023534,16,9,7,1035,1,2,1,1,6.0,33009,M,4465222.0,-114626.0,33
201600023535,16,9,24,1620,1,2,1,1,7.0,33009,M,4465831.0,-114705.0,33
201600023536,16,10,6,1420,1,1,1,1,4.0,33529,M,4461807.0,-112107.0,33
201600023537,16,9,28,1700,1,2,2,1,1.0,33009,M,4465665.0,-116024.0,33
201600023538,16,10,9,1715,1,2,1,1,6.0,33009,M,4465654.0,-117619.0,33
201600023539,16,10,24,1240,1,2,2,1,3.0,33009,M,4465840.0,-115878.0,33
201600023540,16,10,26,1000,1,2,1,1,6.0,33529,M,4461869.0,-113007.0,33
201600023541,16,10,27,1257,1,2,1,1,6.0,33529,M,4463308.0,-120252.0,33
201600023542,16,10,21,1240,1,2,1,1,6.0,33009,M,4466139.0,-116841.0,33
201600023543,16,10,30,440,5,2,1,5,6.0,33529,M,4463874.0,-113751.0,33
201600023544,16,11,10,1719,2,2,1,3,6.0,33529,M,4460062.0,-117667.0,33
201600023545,16,10,30,1340,1,2,1,1,3.0,33009,M,4466152.0,-118696.0,33
201600023546,16,11,25,2350,5,2,1,2,6.0,33529,M,4462752.0,-114862.0,33
201600023547,16,11,30,1710,1,1,6,1,6.0,33529,M,4461839.0,-112549.0,33
201600023548,16,12,15,1123,1,2,2,1,6.0,33529,M,4463167.0,-114797.0,33
201600023549,16,12,24,1900,1,1,2,1,6.0,33009,M,4465531.0,-114357.0,33
201600023550,16,12,26,900,2,2,6,2,3.0,33529,M,4461369.0,-111948.0,33
201600023551,16,1,19,1045,1,2,1,8,1.0,74191,M,4618800.0,671100.0,74
201600023552,16,2,21,1245,1,1,1,7,1.0,74134,M,4619600.0,669000.0,74
201600023553,16,3,1,800,1,1,1,1,6.0,74188,M,4620800.0,671000.0,74
201600023554,16,3,19,1100,1,2,1,1,6.0,74191,M,4618700.0,671000.0,74
201600023555,16,6,17,1545,1,2,1,1,7.0,74188,M,4620600.0,670100.0,74
201600023556,16,7,17,1815,1,2,2,1,3.0,74191,M,4619900.0,668600.0,74
201600023557,16,8,10,1445,1,1,1,1,6.0,74188,M,4621500.0,673700.0,74
201600023558,16,1,4,1715,4,2,3,1,6.0,33063,M,4482649.0,-56422.0,33
201600023559,16,12,30,610,3,2,1,1,6.0,33063,M,4486466.0,-55750.0,33
201600023560,16,12,28,2130,5,2,2,1,3.0,33167,M,4481486.0,-52759.0,33
201600023561,16,1,1,300,5,2,1,5,5.0,33063,M,4484398.0,-54041.0,33
201600023562,16,12,29,1035,1,2,1,5,6.0,33063,M,4482940.0,-58198.0,33
201600023563,16,12,23,2020,3,2,1,1,4.0,33063,M,4486780.0,-62517.0,33
201600023564,16,12,31,1630,1,2,1,1,6.0,33318,M,4479957.0,-63742.0,33
201600023565,16,1,4,1845,5,2,3,2,3.0,33063,M,4482190.0,-60896.0,33
201600023566,16,1,6,1150,1,2,3,1,6.0,33063,M,4483620.0,-58262.0,33
201600023567,16,1,4,1840,5,2,6,3,6.0,33200,M,4487086.0,-68743.0,33
201600023568,16,1,6,830,2,2,1,3,6.0,33013,M,4485100.0,-49794.0,33
201600023569,16,1,8,735,2,2,2,2,3.0,33063,M,4484450.0,-60614.0,33
201600023570,16,12,30,1545,1,2,1,1,2.0,33075,M,4487602.0,-59079.0,33
201600023571,16,1,5,1900,5,2,1,2,6.0,33119,M,4486230.0,-51968.0,33
201600023572,16,1,5,2025,5,2,2,2,3.0,33281,M,4484520.0,-64705.0,33
201600023573,16,12,30,1805,5,2,1,1,6.0,33069,M,4485993.0,-59241.0,33
201600023574,16,1,8,2020,5,2,1,2,3.0,33063,M,4485860.0,-55182.0,33
201600023575,16,1,8,1850,5,2,6,2,2.0,33063,M,4481870.0,-60234.0,33
201600023576,16,1,11,1025,1,2,4,6,6.0,33063,M,4483930.0,-55957.0,33
201600023577,16,1,11,2035,5,2,9,1,3.0,33063,M,4482080.0,-54147.0,33
201600023578,16,1,8,1815,4,2,6,2,6.0,33281,M,4482000.0,-64929.0,33
201600023579,16,1,3,1754,4,2,1,3,6.0,33249,M,4487270.0,-52347.0,33
201600023580,16,1,6,1925,5,2,1,2,6.0,33318,M,4480904.0,-62364.0,33
201600023581,16,1,14,2220,5,2,3,1,6.0,33063,M,4487540.0,-57202.0,33
201600023582,16,1,12,800,4,2,4,1,6.0,33167,M,4484770.0,-50599.0,33
201600023583,16,1,5,2110,5,2,3,2,3.0,33522,M,4480840.0,-58306.0,33
201600023584,16,1,15,900,1,2,4,1,6.0,33039,M,4481240.0,-55765.0,33
201600023585,16,1,15,1850,5,2,1,1,6.0,33063,M,4484070.0,-58334.0,33
201600023586,16,1,18,1415,1,2,2,2,1.0,33063,M,4486570.0,-55245.0,33
201600023587,16,1,10,610,5,2,1,3,6.0,33119,M,4485836.0,-53882.0,33
201600023588,16,1,18,800,2,2,4,3,6.0,33063,M,4482015.0,-54984.0,33
201600023589,16,1,14,1625,1,2,2,1,2.0,33281,M,4485660.0,-65327.0,33
201600023590,16,1,12,800,2,2,3,3,1.0,33075,M,4487450.0,-60941.0,33
201600023591,16,1,20,830,1,2,2,1,3.0,33063,M,4485370.0,-57635.0,33
201600023592,16,1,19,1920,5,2,2,2,6.0,33063,M,4486460.0,-56377.0,33
201600023593,16,1,16,1850,5,2,2,1,6.0,33162,M,4486120.0,-64214.0,33
201600023594,16,1,16,1540,1,2,1,1,6.0,33281,M,4485121.0,-65513.0,33
201600023595,16,1,20,1240,1,2,6,1,5.0,33550,M,4477840.0,-56997.0,33
201600023596,16,1,21,2215,5,2,3,8,3.0,33063,M,4483910.0,-58615.0,33
201600023597,16,1,18,1830,4,2,1,2,2.0,33281,M,4485260.0,-69339.0,33
201600023598,16,1,15,730,2,2,1,1,6.0,33192,M,4477190.0,-62633.0,33
201600023599,16,1,18,745,5,2,2,3,6.0,33069,M,4486570.0,-61983.0,33
201600023600,16,1,21,1250,1,2,1,8,3.0,33063,M,4483210.0,-54724.0,33
201600023601,16,1,19,1400,1,2,1,3,3.0,33281,M,4482760.0,-67128.0,33
201600023602,16,1,21,2310,5,2,2,1,3.0,33039,M,4481720.0,-54672.0,33
201600023603,16,1,23,415,5,2,1,5,3.0,33063,M,4483310.0,-56124.0,33
201600023604,16,12,12,1345,1,2,2,1,6.0,33550,M,4478563.0,-56637.0,33
201600023605,16,1,21,800,2,2,6,5,3.0,33522,M,4480170.0,-58523.0,33
201600023606,16,1,21,1040,1,2,3,1,2.0,33063,M,4484527.0,-59244.0,33
201600023607,16,1,23,610,5,2,3,1,2.0,33119,M,4486560.0,-51380.0,33
201600023608,16,1,19,1740,5,2,1,3,6.0,33039,M,4480850.0,-57383.0,33
201600023609,16,1,20,2200,4,2,6,1,6.0,33281,M,4484780.0,-70798.0,33
201600023610,16,1,20,1430,1,2,4,1,3.0,33162,M,4487000.0,-65794.0,33
201600023611,16,1,20,1005,1,2,2,1,1.0,33550,M,4477868.0,-56615.0,33
201600023612,16,1,21,1445,1,1,1,1,2.0,33200,M,4489350.0,-66898.0,33
201600023613,16,1,12,2005,5,2,3,1,3.0,33318,M,4480080.0,-67538.0,33
201600023614,16,1,18,1000,1,2,2,1,3.0,33192,M,4478030.0,-60302.0,33
201600023615,16,1,22,1705,1,2,2,3,1.0,33192,M,4477430.0,-61279.0,33
201600023616,16,1,27,1845,4,2,6,1,1.0,33063,M,4482680.0,-60124.0,33
201600023617,16,1,23,2300,5,2,4,1,1.0,33162,M,4486070.0,-65816.0,33
201600023618,16,1,26,1810,5,2,3,1,3.0,33063,M,4485520.0,-60043.0,33
201600023619,16,1,28,1720,2,2,3,2,2.0,33063,M,4482620.0,-54874.0,33
201600023620,16,1,28,1400,1,2,2,1,3.0,33063,M,4485500.0,-57446.0,33
201600023621,16,1,26,1550,1,2,1,1,3.0,33281,M,4484790.0,-68652.0,33
201600023622,16,1,31,2325,5,2,1,2,6.0,33318,M,4479950.0,-67257.0,33
201600023623,16,1,28,2300,5,2,4,1,3.0,33063,M,4481349.0,-56471.0,33
201600023624,16,1,30,2335,5,2,3,2,2.0,33063,M,4482880.0,-56356.0,33
201600023625,16,1,30,1550,1,2,2,2,3.0,33063,M,4486460.0,-56377.0,33
201600023626,16,1,29,2140,5,2,2,1,3.0,33281,M,4485250.0,-64518.0,33
201600023627,16,1,26,1712,1,2,3,1,3.0,33039,M,4480560.0,-57260.0,33
201600023628,16,2,2,815,1,2,1,1,5.0,33063,M,4482610.0,-58028.0,33
201600023629,16,1,25,735,5,2,3,1,3.0,33281,M,4482660.0,-66389.0,33
201600023630,16,2,3,1430,1,2,2,1,6.0,33063,M,4483670.0,-57065.0,33
201600023631,16,1,29,1545,1,2,1,1,2.0,33192,M,4476670.0,-61836.0,33
201600023632,16,1,29,2226,5,2,6,1,6.0,33032,M,4491980.0,-54343.0,33
201600023633,16,2,4,845,1,2,1,7,2.0,33063,M,4482180.0,-55315.0,33
201600023634,16,1,28,1900,5,2,2,2,2.0,33318,M,4480470.0,-66201.0,33
201600023635,16,2,6,320,5,2,1,5,6.0,33063,M,4481447.0,-57074.0,33
201600023636,16,2,3,1350,1,2,1,1,4.0,33281,M,4482664.0,-61980.0,33
201600023637,16,2,6,1020,1,2,2,1,3.0,33039,M,4481290.0,-56138.0,33
201600023638,16,1,28,1140,1,2,1,1,3.0,33318,M,4479290.0,-67132.0,33
201600023639,16,2,7,600,5,2,2,2,1.0,33063,M,4485380.0,-59343.0,33
201600023640,16,2,3,1710,1,2,1,1,6.0,33281,M,4485016.0,-65579.0,33
201600023641,16,2,7,530,5,2,2,3,2.0,33063,M,4484020.0,-59921.0,33
201600023642,16,2,7,2150,5,2,5,2,3.0,33063,M,4485150.0,-57398.0,33
201600023643,16,2,3,840,1,2,1,1,6.0,33318,M,4478270.0,-64808.0,33
201600023644,16,1,26,835,1,1,3,2,3.0,33281,M,4486222.0,-64510.0,33
201600023645,16,1,29,1803,1,2,3,1,5.0,33162,M,4488420.0,-63427.0,33
201600023646,16,2,6,1230,1,2,4,4,6.0,33119,M,4485560.0,-52095.0,33
201600023647,16,2,9,2102,5,2,6,2,6.0,33063,M,4482310.0,-60088.0,33
201600023648,16,2,9,2115,5,1,1,3,6.0,33039,M,4482040.0,-53927.0,33
201600023649,16,2,2,2203,5,2,2,3,3.0,33550,M,4478170.0,-56595.0,33
201600023650,16,2,9,740,1,2,3,1,6.0,33522,M,4480790.0,-60325.0,33
201600023651,16,2,5,715,2,1,1,1,1.0,33075,M,4489110.0,-58952.0,33
201600023652,16,2,8,1740,2,2,3,1,2.0,33249,M,4487358.0,-52444.0,33
201600023653,16,2,9,745,1,1,1,1,5.0,33281,M,4482090.0,-68198.0,33
201600023654,16,2,11,800,1,2,1,3,3.0,33522,M,4481840.0,-60216.0,33
201600023655,16,2,11,800,1,2,3,3,2.0,33063,M,4483250.0,-61113.0,33
201600023656,16,2,11,815,1,2,4,1,6.0,33063,M,4483090.0,-60469.0,33
201600023657,16,2,11,1813,5,1,2,2,1.0,33063,M,4481290.0,-56138.0,33
201600023658,16,2,11,2130,5,2,1,2,3.0,33063,M,4485900.0,-62925.0,33
201600023659,16,2,8,1123,1,2,1,1,1.0,33550,M,4478300.0,-56830.0,33
201600023660,16,2,12,1610,1,2,1,1,2.0,33063,M,4483252.0,-55411.0,33
201600023661,16,2,12,955,1,2,3,2,3.0,33063,M,4482835.0,-56164.0,33
201600023662,16,2,13,1800,1,2,2,1,1.0,33063,M,4487451.0,-55366.0,33
201600023663,16,2,14,1715,1,2,1,2,1.0,33318,M,4478903.0,-67498.0,33
201600023664,16,2,13,250,5,2,2,1,2.0,33281,M,4484390.0,-67355.0,33
201600023665,16,2,12,2115,5,2,3,2,1.0,33281,M,4481560.0,-63422.0,33
201600023666,16,2,6,330,5,2,3,5,6.0,33550,M,4476400.0,-56577.0,33
201600023667,16,2,8,1010,1,2,2,2,3.0,33063,M,4485830.0,-56689.0,33
201600023668,16,2,7,1745,1,2,1,2,3.0,33192,M,4477130.0,-59809.0,33
201600023669,16,2,5,1740,1,2,1,1,4.0,33192,M,4479000.0,-61263.0,33
201600023670,16,2,16,1720,1,2,2,1,1.0,33063,M,4484300.0,-57317.0,33
201600023671,16,2,10,1300,1,2,2,2,6.0,33075,M,4488560.0,-61090.0,33
201600023672,16,2,10,1435,1,2,1,2,3.0,33192,M,4477620.0,-61121.0,33
201600023673,16,2,13,1545,1,2,1,3,6.0,33119,M,4485560.0,-53462.0,33
201600023674,16,2,17,2130,5,2,1,1,6.0,33063,M,4485470.0,-59274.0,33
201600023675,16,2,13,400,5,2,1,3,6.0,33119,M,4485340.0,-53819.0,33
201600023676,16,1,6,1140,1,2,1,3,4.0,33069,M,4487230.0,-59959.0,33
201600023677,16,2,15,2115,5,2,4,1,6.0,33119,M,4485230.0,-51386.0,33