Num_Acc,an,mois,jour,hrmn,lum,agg,int,atm,col,com,gps,lat,long,dep
201600023678,16,2,10,1925,5,2,2,1,1.0,33318,M,4479250.0,-66725.0,33
201600023679,16,2,20,1230,1,2,1,1,3.0,33063,M,4484820.0,-57604.0,33
201600023680,16,2,22,555,5,2,3,1,6.0,33063,M,4484930.0,-54486.0,33
201600023681,16,2,11,935,1,2,1,1,6.0,33192,M,4478480.0,-60952.0,33
201600023682,16,2,20,1745,2,2,1,2,6.0,33318,M,4481190.0,-61690.0,33
201600023683,16,2,16,920,1,2,6,1,3.0,33522,M,4480730.0,-58872.0,33
201600023684,16,2,22,1505,1,2,1,1,3.0,33063,M,4487110.0,-56364.0,33
201600023685,16,2,25,130,5,2,1,2,7.0,33063,M,4486550.0,-57692.0,33
201600023686,16,2,25,1927,5,2,1,1,6.0,33063,M,4484230.0,-56999.0,33
201600023687,16,2,17,1025,1,2,2,1,6.0,33075,M,4488210.0,-61143.0,33
201600023688,16,2,18,1515,1,2,3,1,3.0,33039,M,4480770.0,-54763.0,33
201600023689,16,2,22,1430,1,2,2,1,6.0,33281,M,4483450.0,-63729.0,33
201600023690,16,2,19,815,2,2,6,2,3.0,33318,M,4481290.0,-63495.0,33
201600023691,16,2,21,330,5,2,1,2,6.0,33550,M,4477410.0,-58443.0,33
201600023692,16,2,26,1810,2,2,2,1,3.0,33063,M,4482300.0,-59542.0,33
201600023693,16,2,22,1545,1,2,6,1,3.0,33200,M,4485830.0,-67766.0,33
201600023694,16,2,28,2115,5,2,1,1,6.0,33063,M,4487130.0,-56301.0,33
201600023695,16,2,27,2310,5,2,1,1,2.0,33063,M,4485558.0,-61392.0,33
201600023696,16,2,27,630,5,2,2,1,3.0,33063,M,4482890.0,-55670.0,33
201600023697,16,2,22,1715,1,2,1,1,3.0,33249,M,4488608.0,-50932.0,33
201600023698,16,2,29,1320,1,2,2,1,3.0,33063,M,4482120.0,-56582.0,33
201600023699,16,2,29,845,1,2,1,1,6.0,33063,M,4482360.0,-58201.0,33
201600023700,16,2,29,1535,1,2,6,1,3.0,33119,M,4485271.0,-52783.0,33
201600023701,16,3,1,1835,2,2,3,1,3.0,33063,M,4484530.0,-59248.0,33
201600023702,16,2,24,2250,5,2,2,1,3.0,33522,M,4480680.0,-59171.0,33
201600023703,16,2,25,1920,5,2,2,1,3.0,33281,M,4485580.0,-67106.0,33
201600023704,16,3,1,2005,5,2,2,1,5.0,33063,M,4482980.0,-56805.0,33
201600023705,16,3,2,915,1,2,1,1,4.0,33063,M,4486920.0,-56805.0,33
201600023706,16,3,2,730,1,2,4,3,3.0,33063,M,4481280.0,-56072.0,33
201600023707,16,3,3,800,1,2,2,2,3.0,33063,M,4482470.0,-58496.0,33
201600023708,16,2,29,1640,1,2,1,1,6.0,33039,M,4478810.0,-56545.0,33
201600023709,16,3,3,920,1,2,3,2,3.0,33039,M,4481767.0,-54730.0,33
201600023710,16,3,5,125,5,2,1,2,1.0,33063,M,4482793.0,-58503.0,33
201600023711,16,3,5,1715,1,2,2,1,7.0,33063,M,4485670.0,-58878.0,33
201600023712,16,3,6,1730,1,2,6,1,6.0,33119,M,4486275.0,-51288.0,33
201600023713,16,3,4,615,5,2,3,2,3.0,33063,M,4483330.0,-60175.0,33
201600023714,16,3,1,2053,5,2,6,1,7.0,33550,M,4476930.0,-54568.0,33
201600023715,16,3,2,940,1,2,1,2,2.0,33281,M,4485650.0,-65264.0,33
201600023716,16,3,3,1325,1,2,4,2,5.0,33318,M,4480740.0,-63971.0,33
201600023717,16,3,4,815,1,2,1,3,4.0,33013,M,4486870.0,-50178.0,33
201600023718,16,3,8,745,1,2,1,1,3.0,33063,M,4485630.0,-54898.0,33
201600023719,16,3,8,945,1,2,1,1,6.0,33063,M,4485640.0,-59081.0,33
201600023720,16,3,8,1740,1,2,2,1,6.0,33069,M,4485810.0,-60520.0,33
201600023721,16,3,11,150,5,2,2,1,2.0,33063,M,4484750.0,-58127.0,33
201600023722,16,3,9,1945,5,2,3,1,3.0,33063,M,4487620.0,-54488.0,33
201600023723,16,3,11,245,5,2,3,1,6.0,33063,M,4483910.0,-57967.0,33
201600023724,16,3,11,430,5,2,1,1,6.0,33063,M,4482850.0,-55336.0,33
201600023725,16,3,9,1843,5,2,4,2,1.0,33550,M,4478070.0,-55784.0,33
201600023726,16,3,11,2340,5,2,1,1,6.0,33522,M,4481756.0,-58742.0,33
201600023727,16,3,12,1425,1,2,5,1,6.0,33063,M,4486290.0,-56044.0,33
201600023728,16,3,8,1520,1,2,1,1,1.0,33318,M,4475790.0,-73554.0,33
201600023729,16,3,12,1350,1,2,1,1,6.0,33063,M,4483038.0,-57078.0,33
201600023730,16,3,4,2055,5,2,1,1,3.0,33162,M,4487450.0,-63665.0,33
201600023731,16,3,14,1630,1,2,3,1,3.0,33063,M,4490680.0,-55578.0,33
201600023732,16,3,15,1010,1,2,1,1,6.0,33063,M,4483676.0,-57724.0,33
201600023733,16,3,11,540,3,1,2,1,1.0,33318,M,4479900.0,-71008.0,33
201600023734,16,3,15,2209,5,2,2,1,3.0,33063,M,4483510.0,-57499.0,33
201600023735,16,3,16,1720,1,2,1,1,6.0,33063,M,4486150.0,-58690.0,33
201600023736,16,3,15,2020,5,2,1,1,3.0,33522,M,4480840.0,-57378.0,33
201600023737,16,3,16,2050,5,2,2,1,3.0,33063,M,4484800.0,-60548.0,33
201600023738,16,3,15,2010,5,2,3,1,6.0,33063,M,4483470.0,-56380.0,33
201600023739,16,3,17,1720,1,2,2,1,6.0,33281,M,4484190.0,-66389.0,33
201600023740,16,3,18,2040,5,2,1,1,3.0,33119,M,4486150.0,-52007.0,33
201600023741,16,3,16,2005,5,2,3,1,3.0,33318,M,4480260.0,-64306.0,33
201600023742,16,3,16,1520,1,2,1,1,3.0,33013,M,4486370.0,-49095.0,33
201600023743,16,3,20,1205,1,2,3,1,3.0,33063,M,4483510.0,-55296.0,33
201600023744,16,3,11,1240,1,2,1,1,6.0,33192,M,4476510.0,-64250.0,33
201600023745,16,3,21,2350,5,2,1,1,7.0,33063,M,4482930.0,-56002.0,33
201600023746,16,3,18,1528,1,2,3,1,6.0,33063,M,4484320.0,-58647.0,33
201600023747,16,3,18,900,1,2,1,2,6.0,33119,M,4485720.0,-53195.0,33
201600023748,16,3,18,900,1,2,2,2,3.0,33063,M,4485650.0,-57085.0,33
201600023749,16,3,23,1655,1,2,1,1,1.0,33063,M,4483170.0,-57659.0,33
201600023750,16,3,24,918,1,2,3,1,3.0,33065,M,4480935.0,-52436.0,33
201600023751,16,3,16,1420,1,2,3,1,3.0,33119,M,4486138.0,-51456.0,33
201600023752,16,3,25,950,1,2,4,2,3.0,33063,M,4483880.0,-58877.0,33
201600023753,16,3,25,2140,5,2,3,2,7.0,33063,M,4483660.0,-59888.0,33
201600023754,16,3,25,1640,1,2,3,1,6.0,33063,M,4483230.0,-61033.0,33
201600023755,16,3,26,1645,1,2,1,1,6.0,33063,M,4484790.0,-58191.0,33
201600023756,16,3,28,450,5,2,3,2,6.0,33039,M,4480746.0,-56373.0,33
201600023757,16,3,29,728,1,2,1,1,6.0,33550,M,4476296.0,-55960.0,33
201600023758,16,3,29,1330,1,2,1,1,6.0,33063,M,4483620.0,-57358.0,33
201600023759,16,3,29,1820,1,2,1,1,5.0,33063,M,4485827.0,-58812.0,33
201600023760,16,3,30,1800,1,2,1,1,6.0,33063,M,4483656.0,-57582.0,33
201600023761,16,3,23,850,1,2,1,1,6.0,33162,M,4488600.0,-63671.0,33
201600023762,16,3,31,930,1,2,1,2,6.0,33063,M,4482813.0,-56039.0,33
201600023763,16,3,30,1750,1,2,2,1,3.0,33063,M,4483700.0,-60680.0,33
201600023764,16,3,31,1415,1,2,3,3,4.0,33063,M,4481270.0,-55999.0,33
201600023765,16,1,30,120,5,2,1,1,2.0,33063,M,4483990.0,-56030.0,33
201600023766,16,4,3,40,5,2,1,8,7.0,33063,M,4489115.0,-56404.0,33
201600023767,16,4,2,1924,1,2,2,1,3.0,33039,M,4479850.0,-54147.0,33
201600023768,16,4,1,845,1,2,6,1,6.0,33063,M,4482310.0,-60088.0,33
201600023769,16,4,1,1630,1,1,1,1,3.0,33063,M,4490020.0,-55268.0,33
201600023770,16,4,3,2040,2,2,2,2,3.0,33063,M,4485430.0,-57226.0,33
201600023771,16,3,31,1500,1,2,1,1,3.0,33063,M,4485370.0,-57619.0,33
201600023772,16,4,1,2230,5,2,3,1,2.0,33063,M,4483070.0,-57186.0,33
201600023773,16,3,30,1925,1,2,2,1,3.0,33063,M,4485900.0,-63605.0,33
201600023774,16,3,28,2125,5,2,1,1,1.0,33318,M,4480390.0,-61887.0,33
201600023775,16,4,5,845,1,2,2,1,6.0,33063,M,4485430.0,-57226.0,33
201600023776,16,3,30,1745,1,2,1,1,2.0,33281,M,4484070.0,-66698.0,33
201600023777,16,3,31,745,1,2,1,1,3.0,33522,M,4480760.0,-58428.0,33
201600023778,16,4,2,1955,1,2,3,1,6.0,33318,M,4480410.0,-61174.0,33
201600023779,16,3,30,1500,1,2,6,1,3.0,33119,M,4485074.0,-51744.0,33
201600023780,16,4,6,1330,1,2,3,1,3.0,33063,M,4482395.0,-59175.0,33
201600023781,16,4,6,2115,5,2,2,1,6.0,33063,M,4483330.0,-56156.0,33
201600023782,16,3,29,1545,1,2,3,1,2.0,33522,M,4481950.0,-59811.0,33
201600023783,16,4,7,1745,1,2,2,2,3.0,33063,M,4484200.0,-58455.0,33
201600023784,16,4,4,1900,1,2,6,2,3.0,33200,M,4488050.0,-68052.0,33
201600023785,16,4,2,1328,1,2,3,1,3.0,33550,M,4476300.0,-58111.0,33
201600023786,16,4,7,2125,5,2,1,1,3.0,33249,M,4486270.0,-53014.0,33
201600023787,16,4,4,1048,1,2,1,1,3.0,33318,M,4479780.0,-61345.0,33
201600023788,16,4,7,1730,1,2,2,1,3.0,33063,M,4486860.0,-57611.0,33
201600023789,16,4,8,945,1,2,1,1,6.0,33063,M,4483490.0,-58678.0,33
201600023790,16,4,8,1705,1,2,2,1,3.0,33063,M,4484530.0,-61535.0,33
201600023791,16,4,8,1040,1,2,1,1,2.0,33063,M,4484220.0,-60750.0,33
201600023792,16,4,9,2145,5,2,1,1,6.0,33063,M,4483180.0,-57343.0,33
201600023793,16,4,9,745,1,2,1,1,6.0,33063,M,4482650.0,-55774.0,33
201600023794,16,4,11,2130,5,2,4,1,6.0,33063,M,4485550.0,-58403.0,33
201600023795,16,4,7,900,1,2,2,2,5.0,33281,M,4484190.0,-66389.0,33
201600023796,16,4,9,45,5,2,3,1,2.0,33063,M,4483520.0,-58063.0,33
201600023797,16,4,9,1136,1,2,3,3,3.0,33063,M,4485340.0,-62156.0,33
201600023798,16,4,12,1745,1,2,3,2,3.0,33063,M,4484990.0,-54427.0,33
201600023799,16,4,4,1500,1,2,1,2,3.0,33039,M,4481220.0,-57369.0,33
201600023800,16,4,12,929,1,2,6,1,3.0,33013,M,4484909.0,-49722.0,33
201600023801,16,4,8,2130,5,2,1,1,6.0,33318,M,4479150.0,-62342.0,33
201600023802,16,4,14,445,4,1,1,1,6.0,33063,M,4491343.0,-56083.0,33
201600023803,16,4,8,800,1,2,2,1,6.0,33192,M,4477360.0,-61309.0,33
201600023804,16,4,11,1829,1,2,2,1,5.0,33281,M,4485610.0,-66907.0,33
201600023805,16,4,14,822,1,2,3,1,3.0,33063,M,4482130.0,-60507.0,33
201600023806,16,4,12,1355,1,2,3,1,3.0,33318,M,4480520.0,-65359.0,33
201600023807,16,4,18,850,1,2,4,1,3.0,33550,M,4476360.0,-56034.0,33
201600023808,16,4,18,1238,1,2,2,1,2.0,33069,M,4486730.0,-57599.0,33
201600023809,16,4,15,50,5,2,1,3,7.0,33065,M,4482020.0,-51239.0,33
201600023810,16,4,12,1920,1,2,2,1,3.0,33318,M,4479920.0,-66319.0,33
201600023811,16,4,13,2255,5,2,2,1,1.0,33281,M,4484720.0,-65800.0,33
201600023812,16,4,15,1420,1,2,2,1,3.0,33550,M,4476480.0,-57075.0,33
201600023813,16,4,22,1800,1,2,4,1,2.0,33063,M,4482850.0,-56205.0,33
201600023814,16,4,24,1800,1,2,2,1,6.0,33063,M,4483150.0,-57206.0,33
201600023815,16,4,21,2220,5,2,9,1,6.0,33318,M,4480000.0,-64402.0,33
201600023816,16,4,20,1405,1,2,9,1,6.0,33039,M,4479380.0,-53442.0,33
201600023817,16,4,21,1805,1,2,2,1,3.0,33318,M,4480780.0,-63037.0,33
201600023818,16,4,21,2135,5,2,2,1,3.0,33119,M,4484380.0,-52990.0,33
201600023819,16,4,22,320,5,2,2,1,3.0,33318,M,4480890.0,-66270.0,33
201600023820,16,4,26,845,1,2,1,1,3.0,33063,M,4485540.0,-55068.0,33
201600023821,16,4,26,815,1,2,4,1,2.0,33063,M,4485560.0,-60121.0,33
201600023822,16,4,26,750,1,2,3,1,3.0,33063,M,4485020.0,-58626.0,33
201600023823,16,4,26,1705,1,2,2,1,3.0,33063,M,4485620.0,-57173.0,33
201600023824,16,4,27,1506,1,2,1,1,6.0,33075,M,4488843.0,-61703.0,33
201600023825,16,4,27,2045,1,2,3,7,6.0,33063,M,4483550.0,-56479.0,33
201600023826,16,4,25,1325,1,2,1,1,7.0,33249,M,4487060.0,-52093.0,33
201600023827,16,4,21,900,1,2,6,1,3.0,33162,M,4488480.0,-66415.0,33
201600023828,16,4,24,1540,1,2,2,1,3.0,33281,M,4483340.0,-66614.0,33
201600023829,16,4,28,1815,1,2,2,1,6.0,33063,M,4486327.0,-55985.0,33
201600023830,16,4,29,1700,1,2,4,1,3.0,33063,M,4482850.0,-56205.0,33
201600023831,16,4,25,1830,1,2,1,1,6.0,33200,M,4487560.0,-67949.0,33
201600023832,16,4,25,1840,1,2,1,1,2.0,33192,M,4477981.0,-60208.0,33
201600023833,16,4,26,1740,1,2,1,1,3.0,33162,M,4487150.0,-63407.0,33
201600023834,16,4,25,2125,5,2,1,1,1.0,33039,M,4479790.0,-55294.0,33
201600023835,16,4,14,2250,3,1,6,2,6.0,33281,M,4485868.0,-67277.0,33
201600023836,16,4,28,830,1,2,1,1,1.0,33550,M,4479060.0,-58473.0,33
201600023837,16,4,30,1555,1,2,1,1,6.0,33013,M,4485780.0,-49600.0,33
201600023838,16,5,2,1140,1,2,2,1,3.0,33063,M,4483510.0,-58610.0,33
201600023839,16,5,2,1750,1,2,1,1,3.0,33063,M,4483440.0,-55168.0,33
201600023840,16,5,3,1605,1,2,3,1,2.0,33063,M,4482930.0,-55490.0,33
201600023841,16,5,3,2230,5,2,2,1,3.0,33063,M,4482310.0,-58217.0,33
201600023842,16,5,3,2240,5,2,2,1,3.0,33063,M,4482692.0,-56926.0,33
201600023843,16,5,2,1915,1,2,3,1,6.0,33281,M,4484920.0,-65451.0,33
201600023844,16,5,4,2050,2,2,3,1,7.0,33063,M,4483670.0,-58288.0,33
201600023845,16,5,4,1905,1,2,3,1,2.0,33063,M,4483710.0,-57891.0,33
201600023846,16,5,2,1715,1,2,3,1,3.0,33281,M,4483930.0,-63357.0,33
201600023847,16,5,3,1315,1,2,2,1,6.0,33281,M,4484370.0,-64557.0,33
201600023848,16,5,2,1340,1,2,2,1,3.0,33281,M,4485320.0,-66955.0,33
201600023849,16,4,20,915,1,1,2,1,4.0,33162,M,4488320.0,-65506.0,33
201600023850,16,5,6,1658,1,2,3,1,3.0,33063,M,4483563.0,-56479.0,33
201600023851,16,5,6,1130,1,1,3,1,2.0,33063,M,4484756.0,-59776.0,33
201600023852,16,4,29,1545,1,2,2,1,3.0,33550,M,4478440.0,-58293.0,33
201600023853,16,4,25,1030,1,2,2,1,3.0,33039,M,4481130.0,-54985.0,33
201600023854,16,5,3,1740,1,2,2,1,3.0,33162,M,4486340.0,-65707.0,33
201600023855,16,5,4,1907,1,2,1,1,6.0,33119,M,4485970.0,-52378.0,33
201600023856,16,5,6,1946,1,1,2,1,6.0,33281,M,4485660.0,-65327.0,33
201600023857,16,5,10,1015,1,2,1,1,6.0,33063,M,4482480.0,-57260.0,33
201600023858,16,5,3,1625,1,1,6,1,2.0,33167,M,4484170.0,-49593.0,33
201600023859,16,5,11,330,5,2,3,2,7.0,33063,M,4483450.0,-58857.0,33
201600023860,16,5,9,820,1,2,1,2,2.0,33281,M,4483460.0,-64990.0,33
201600023861,16,5,11,1425,1,2,1,1,6.0,33063,M,4484147.0,-61109.0,33
201600023862,16,5,7,1640,1,2,1,1,6.0,33318,M,4479410.0,-62897.0,33
201600023863,16,5,6,1950,1,2,2,1,3.0,33522,M,4479546.0,-60399.0,33
201600023864,16,5,9,1450,1,2,6,3,3.0,33281,M,4482440.0,-68604.0,33
201600023865,16,5,10,1240,1,2,1,1,3.0,33281,M,4483380.0,-64075.0,33
201600023866,16,5,12,1725,1,2,3,1,6.0,33063,M,4484620.0,-57725.0,33
201600023867,16,5,13,250,5,2,2,1,6.0,33063,M,4485200.0,-57237.0,33
201600023868,16,5,4,1828,1,1,1,1,4.0,33522,M,4479540.0,-59239.0,33
201600023869,16,5,16,2350,5,2,3,1,6.0,33063,M,4483240.0,-57986.0,33
201600023870,16,5,14,1707,1,1,2,1,3.0,33063,M,4484675.0,-54922.0,33
201600023871,16,5,13,1845,1,2,3,1,6.0,33063,M,4483920.0,-58467.0,33
201600023872,16,5,13,840,1,2,2,1,3.0,33063,M,4483058.0,-60305.0,33
201600023873,16,5,15,1650,1,1,1,1,3.0,33318,M,4476818.0,-71955.0,33
201600023874,16,5,11,1650,1,1,1,1,3.0,33192,M,4477410.0,-59867.0,33
201600023875,16,5,12,810,1,2,2,1,6.0,33075,M,4487390.0,-57783.0,33
201600023876,16,5,17,1115,1,2,1,1,2.0,33063,M,4481450.0,-57125.0,33
201600023877,16,5,10,1725,1,2,2,1,1.0,33063,M,4482399.0,-54357.0,33
201600023878,16,5,13,2320,4,2,2,1,3.0,33063,M,4483648.0,-58101.0,33
201600023879,16,5,13,740,1,1,2,1,1.0,33162,M,4487964.0,-62682.0,33
201600023880,16,5,11,1955,1,1,6,1,3.0,33167,M,4484340.0,-50353.0,33
201600023881,16,5,17,1300,1,1,1,1,6.0,33063,M,4487890.0,-56555.0,33
201600023882,16,5,19,220,5,2,2,1,6.0,33063,M,4482230.0,-57111.0,33
201600023883,16,5,18,1550,1,2,3,1,3.0,33063,M,4483570.0,-56808.0,33
201600023884,16,5,12,820,1,2,1,1,4.0,33281,M,4481482.0,-66577.0,33
201600023885,16,5,17,1015,1,2,1,1,6.0,33167,M,4484200.0,-51546.0,33
201600023886,16,5,18,1845,1,2,3,1,4.0,33063,M,4483330.0,-59483.0,33
201600023887,16,5,17,1740,1,2,4,1,3.0,33281,M,4484160.0,-63951.0,33
201600023888,16,5,21,1200,1,2,3,1,3.0,33063,M,4487640.0,-55998.0,33
201600023889,16,5,20,2100,1,1,1,1,6.0,33063,M,4489730.0,-55138.0,33
201600023890,16,5,22,805,1,2,7,2,1.0,33281,M,4483838.0,-61500.0,33
201600023891,16,5,20,2115,1,2,1,1,1.0,33063,M,4481870.0,-54552.0,33
201600023892,16,5,21,2140,5,2,2,1,6.0,33063,M,4485430.0,-57226.0,33
201600023893,16,5,21,2210,5,2,6,3,2.0,33063,M,4488840.0,-56021.0,33
201600023894,16,5,23,1330,1,2,2,1,1.0,33063,M,4482850.0,-56205.0,33
201600023895,16,5,17,1030,1,2,1,1,6.0,33522,M,4479060.0,-59131.0,33
201600023896,16,5,22,2125,2,2,1,3,7.0,33249,M,4486290.0,-53020.0,33
201600023897,16,5,24,1550,1,2,4,1,2.0,33063,M,4486820.0,-57039.0,33
201600023898,16,5,24,850,1,2,2,1,3.0,33063,M,4483510.0,-58610.0,33
201600023899,16,5,24,1010,1,2,1,1,2.0,33063,M,4486050.0,-63631.0,33
201600023900,16,5,13,1130,1,2,4,1,3.0,33063,M,4482570.0,-56973.0,33
201600023901,16,5,24,1830,1,2,2,1,3.0,33063,M,4482680.0,-56753.0,33
201600023902,16,5,25,1319,1,2,4,1,3.0,33281,M,4483690.0,-62110.0,33
201600023903,16,5,19,1210,1,2,2,1,3.0,33039,M,4480780.0,-55522.0,33
201600023904,16,5,23,2300,5,2,6,1,6.0,33522,M,4481500.0,-60325.0,33
201600023905,16,5,21,920,1,2,3,1,3.0,33200,M,4488860.0,-67416.0,33
201600023906,16,5,21,35,5,2,3,1,3.0,33318,M,4478360.0,-64671.0,33
201600023907,16,5,25,900,1,2,1,1,2.0,33281,M,4483920.0,-62808.0,33
201600023908,16,5,21,1305,1,1,2,1,1.0,33318,M,4480080.0,-60890.0,33
201600023909,16,5,26,820,1,2,2,2,1.0,33063,M,4485600.0,-58865.0,33
201600023910,16,5,27,1105,1,2,6,1,6.0,33069,M,4486360.0,-60646.0,33
201600023911,16,5,28,1520,1,2,1,1,6.0,33063,M,4481990.0,-57237.0,33
201600023912,16,5,24,745,1,2,4,1,2.0,33063,M,4485260.0,-62014.0,33
201600023913,16,5,28,1535,1,2,2,1,3.0,33063,M,4483840.0,-59919.0,33
201600023914,16,5,30,1320,1,2,2,1,3.0,33063,M,4485090.0,-57783.0,33
201600023915,16,5,29,959,1,2,6,1,1.0,33249,M,4488140.0,-53167.0,33
201600023916,16,5,31,2100,1,2,1,1,2.0,33063,M,4486990.0,-56669.0,33
201600023917,16,6,1,1435,1,2,1,2,3.0,33063,M,4485560.0,-56364.0,33
201600023918,16,6,1,850,1,2,2,2,2.0,33063,M,4483190.0,-57527.0,33
201600023919,16,6,3,100,5,2,1,1,6.0,33063,M,4483570.0,-60777.0,33
201600023920,16,6,2,2315,5,2,2,8,3.0,33063,M,4485380.0,-59353.0,33
201600023921,16,6,2,1700,1,2,1,1,6.0,33063,M,4483000.0,-56763.0,33
201600023922,16,5,30,1455,1,2,3,1,1.0,33167,M,4482880.0,-52930.0,33
201600023923,16,5,26,905,1,2,2,1,3.0,33281,M,4482160.0,-61885.0,33
201600023924,16,5,22,1930,1,2,3,2,3.0,33075,M,4487770.0,-59773.0,33
201600023925,16,5,25,1225,1,2,3,1,4.0,33281,M,4483970.0,-63800.0,33
201600023926,16,6,3,1020,1,2,4,1,2.0,33069,M,4485964.0,-58926.0,33
201600023927,16,6,3,1745,1,2,1,1,3.0,33063,M,4484050.0,-60063.0,33
201600023928,16,6,1,1430,1,1,6,1,2.0,33003,M,4492390.0,-53009.0,33
201600023929,16,5,24,1853,1,2,2,1,3.0,33039,M,4479480.0,-56776.0,33
201600023930,16,5,26,1645,1,2,3,1,2.0,33162,M,4488450.0,-66081.0,33
201600023931,16,5,27,1653,1,2,1,1,6.0,33032,M,4491370.0,-51149.0,33
201600023932,16,5,31,820,1,2,3,1,4.0,33281,M,4481780.0,-70119.0,33
201600023933,16,6,2,1515,1,2,1,1,7.0,33281,M,4483180.0,-64107.0,33
201600023934,16,6,2,2243,5,2,2,1,3.0,33119,M,4484380.0,-52990.0,33
201600023935,16,6,7,1900,1,2,2,1,3.0,33063,M,4482013.0,-56964.0,33
201600023936,16,6,7,1410,1,2,3,1,3.0,33063,M,4482230.0,-55058.0,33
201600023937,16,6,4,2140,1,2,1,1,1.0,33281,M,4483381.0,-66371.0,33
201600023938,16,6,4,2335,4,2,1,1,6.0,33039,M,4480520.0,-55442.0,33
201600023939,16,6,8,1805,1,2,4,1,2.0,33063,M,4481396.0,-56812.0,33
201600023940,16,5,31,745,1,2,2,1,2.0,33318,M,4480440.0,-66144.0,33
201600023941,16,6,6,1930,1,2,1,1,6.0,33039,M,4481255.0,-54964.0,33
201600023942,16,6,6,1700,1,2,1,1,2.0,33063,M,4482130.0,-58298.0,33
201600023943,16,5,13,340,5,2,1,1,7.0,33063,M,4484552.0,-61734.0,33
201600023944,16,6,8,815,1,2,1,1,2.0,33522,M,4479950.0,-59756.0,33
201600023945,16,6,12,125,5,2,3,1,3.0,33063,M,4486240.0,-57171.0,33
201600023946,16,6,11,200,5,2,1,1,6.0,33063,M,4484250.0,-54199.0,33
201600023947,16,6,9,1015,1,2,1,1,2.0,33013,M,4486871.0,-50192.0,33
201600023948,16,6,6,1623,1,2,2,1,3.0,33039,M,4481150.0,-55111.0,33
201600023949,16,6,8,2255,5,1,2,1,3.0,33162,M,4487960.0,-62689.0,33
201600023950,16,6,8,815,1,2,2,1,3.0,33522,M,4481550.0,-57904.0,33
201600023951,16,6,8,810,1,2,1,1,3.0,33162,M,4488900.0,-62650.0,33
201600023952,16,6,13,1635,1,2,2,2,6.0,33063,M,4483450.0,-58857.0,33
201600023953,16,6,14,900,1,2,2,1,3.0,33063,M,4484750.0,-54782.0,33
201600023954,16,6,7,812,1,2,6,1,3.0,33281,M,4481890.0,-65869.0,33
201600023955,16,6,10,1900,1,2,2,1,4.0,33281,M,4485700.0,-65767.0,33
201600023956,16,6,9,905,1,2,1,1,6.0,33039,M,4479891.0,-54688.0,33
201600023957,16,6,15,550,2,2,1,2,6.0,33167,M,4484430.0,-51291.0,33
201600023958,16,6,16,600,2,2,4,8,6.0,33063,M,4483888.0,-56778.0,33
201600023959,16,6,15,2320,5,2,2,2,1.0,33281,M,4484360.0,-67300.0,33
201600023960,16,6,16,1145,1,2,2,1,3.0,33063,M,4482990.0,-55600.0,33
201600023961,16,6,17,1640,1,2,3,1,3.0,33063,M,4483663.0,-56543.0,33
201600023962,16,6,18,2210,5,2,1,1,6.0,33063,M,4484900.0,-59695.0,33
201600023963,16,6,20,850,1,2,1,1,1.0,33063,M,4484920.0,-54426.0,33
201600023964,16,6,20,2115,1,2,3,1,6.0,33063,M,4483475.0,-56341.0,33
201600023965,16,6,17,900,1,2,4,2,5.0,33281,M,4484710.0,-63899.0,33
201600023966,16,6,20,1540,1,2,1,1,3.0,33063,M,4483510.0,-59890.0,33
201600023967,16,6,15,1420,1,2,2,2,3.0,33039,M,4479560.0,-56796.0,33
201600023968,16,6,16,1210,1,2,6,1,2.0,33281,M,4481786.0,-67167.0,33
201600023969,16,6,22,35,5,2,1,1,7.0,33063,M,4484170.0,-57897.0,33
201600023970,16,6,16,1650,1,2,4,2,3.0,33522,M,4480790.0,-57985.0,33
201600023971,16,6,21,2240,5,2,2,1,3.0,33063,M,4483510.0,-57499.0,33
201600023972,16,6,21,1715,1,2,1,1,3.0,33063,M,4482850.0,-59399.0,33
201600023973,16,6,21,1020,1,2,1,1,2.0,33063,M,4482610.0,-57347.0,33
201600023974,16,6,15,1900,1,2,1,1,1.0,33039,M,4478794.0,-56564.0,33
201600023975,16,6,17,1725,1,2,1,1,6.0,33063,M,4483870.0,-57686.0,33
201600023976,16,6,18,1600,1,2,1,1,3.0,33281,M,4483090.0,-66027.0,33
201600023977,16,6,23,1850,1,2,3,1,3.0,33039,M,4481500.0,-55230.0,33
201600023978,16,6,23,1930,1,2,6,1,2.0,33063,M,4487720.0,-56891.0,33
201600023979,16,6,23,1300,1,2,1,1,3.0,33063,M,4483810.0,-56330.0,33
201600023980,16,6,21,900,1,2,9,1,6.0,33039,M,4481144.0,-54855.0,33
201600023981,16,6,21,815,1,2,3,1,3.0,33318,M,4479560.0,-66782.0,33
201600023982,16,6,19,1925,1,1,1,1,2.0,33013,M,4486760.0,-49189.0,33
201600023983,16,6,24,2215,1,2,3,1,3.0,33063,M,4482770.0,-55866.0,33
201600023984,16,6,24,900,1,2,2,1,3.0,33063,M,4485700.0,-61992.0,33
201600023985,16,6,21,1830,1,2,4,1,2.0,33550,M,4476327.0,-56590.0,33
201600023986,16,6,24,2235,5,2,5,1,3.0,33063,M,4484140.0,-59933.0,33
201600023987,16,6,20,2120,1,2,2,1,3.0,33318,M,4480690.0,-62809.0,33
201600023988,16,6,27,2320,5,2,6,1,2.0,33039,M,4480780.0,-56067.0,33
201600023989,16,6,28,1640,1,2,3,1,6.0,33318,M,4477908.0,-65977.0,33