Num_Acc,an,mois,jour,hrmn,lum,agg,int,atm,col,com,gps,lat,long,dep
201600023990,16,6,27,820,1,2,6,1,2.0,33119,M,4485940.0,-53863.0,33
201600023991,16,6,28,1935,1,2,3,1,3.0,33063,M,4483560.0,-56854.0,33
201600023992,16,6,26,10,5,2,3,1,3.0,33063,M,4481120.0,-57389.0,33
201600023993,16,6,28,815,1,2,1,1,3.0,33281,M,4481580.0,-68129.0,33
201600023994,16,6,30,1940,1,2,2,1,3.0,33063,M,4482530.0,-56284.0,33
201600023995,16,6,29,835,1,2,1,1,6.0,33167,M,4484490.0,-51326.0,33
201600023996,16,6,23,1115,1,1,2,1,3.0,33162,M,4487960.0,-62689.0,33
201600023997,16,7,1,1255,1,2,2,1,5.0,33063,M,4485593.0,-57123.0,33
201600023998,16,7,1,1630,1,2,1,1,1.0,33075,M,4488720.0,-61019.0,33
201600023999,16,7,1,2320,5,2,4,8,3.0,33063,M,4483630.0,-55013.0,33
201600024000,16,7,4,855,1,1,1,1,7.0,33063,M,4490430.0,-55436.0,33
201600024001,16,7,1,1650,1,2,2,1,3.0,33063,M,4483007.0,-59241.0,33
201600024002,16,7,2,1130,1,2,3,2,6.0,33063,M,4485390.0,-59336.0,33
201600024003,16,7,3,10,5,2,1,1,4.0,33063,M,4485130.0,-54163.0,33
201600024004,16,7,4,2120,1,2,3,1,2.0,33063,M,4485120.0,-57420.0,33
201600024005,16,7,4,2045,1,2,2,1,3.0,33063,M,4484380.0,-58343.0,33
201600024006,16,7,5,1315,1,2,3,1,3.0,33063,M,4482540.0,-54898.0,33
201600024007,16,7,3,1800,1,2,1,1,3.0,33192,M,4476430.0,-62092.0,33
201600024008,16,7,5,1630,1,2,1,1,3.0,33063,M,4488280.0,-56469.0,33
201600024009,16,7,6,1049,1,2,1,1,6.0,33063,M,4483800.0,-57715.0,33
201600024010,16,7,6,1115,1,2,1,1,6.0,33063,M,4484880.0,-59716.0,33
201600024011,16,7,2,1840,1,2,3,1,3.0,33063,M,4483250.0,-60233.0,33
201600024012,16,7,4,2055,1,2,1,1,1.0,33075,M,4488535.0,-60817.0,33
201600024013,16,7,2,2355,5,2,1,1,6.0,33550,M,4478131.0,-56199.0,33
201600024014,16,7,4,1415,1,2,6,1,2.0,33249,M,4487254.0,-52035.0,33
201600024015,16,7,3,1205,1,2,3,1,3.0,33281,M,4483934.0,-62910.0,33
201600024016,16,7,6,1520,1,2,1,1,6.0,33063,M,4484650.0,-60474.0,33
201600024017,16,7,7,1715,1,2,2,1,2.0,33063,M,4483830.0,-59068.0,33
201600024018,16,7,10,1050,1,2,3,1,5.0,33063,M,4483630.0,-55013.0,33
201600024019,16,7,6,520,2,2,2,1,3.0,33249,M,4487160.0,-50929.0,33
201600024020,16,7,5,1805,1,1,2,1,3.0,33192,M,4477787.0,-64582.0,33
201600024021,16,7,6,2255,1,2,6,1,6.0,33032,M,4490550.0,-51737.0,33
201600024022,16,7,9,1945,1,2,2,1,3.0,33119,M,4485515.0,-53059.0,33
201600024023,16,7,9,1100,1,1,1,1,4.0,33013,M,4486610.0,-48288.0,33
201600024024,16,7,12,955,1,2,2,1,3.0,33063,M,4483350.0,-58822.0,33
201600024025,16,7,13,700,1,2,2,1,2.0,33063,M,4486110.0,-57015.0,33
201600024026,16,7,13,1330,1,2,1,1,3.0,33063,M,4488280.0,-56456.0,33
201600024027,16,7,13,1145,1,2,1,1,1.0,33063,M,4485410.0,-62514.0,33
201600024028,16,7,8,1810,1,2,2,1,3.0,33550,M,4478176.0,-56595.0,33
201600024029,16,7,4,2115,1,2,5,1,7.0,33281,M,4485250.0,-64518.0,33
201600024030,16,7,15,1440,1,2,3,1,3.0,33063,M,4484110.0,-56946.0,33
201600024031,16,7,15,1710,1,2,2,1,6.0,33063,M,4484830.0,-59764.0,33
201600024032,16,7,16,1800,1,2,4,1,6.0,33522,M,4480544.0,-57285.0,33
201600024033,16,7,12,1030,1,2,1,1,6.0,33281,M,4484620.0,-63344.0,33
201600024034,16,7,12,2014,1,2,2,1,3.0,33318,M,4479000.0,-63459.0,33
201600024035,16,7,13,1720,1,2,6,1,3.0,33013,M,4484180.0,-49620.0,33
201600024036,16,7,13,1825,1,2,1,1,3.0,33318,M,4479740.0,-68891.0,33
201600024037,16,7,19,1600,1,2,2,1,2.0,33063,M,4482530.0,-58937.0,33
201600024038,16,7,13,750,1,2,1,1,1.0,33550,M,4478650.0,-57927.0,33
201600024039,16,7,17,2030,1,2,3,1,3.0,33192,M,4478884.0,-60503.0,33
201600024040,16,7,19,845,1,1,2,1,1.0,33063,M,4482850.0,-56205.0,33
201600024041,16,7,16,30,5,2,1,1,7.0,33550,M,4476270.0,-55940.0,33
201600024042,16,7,18,930,1,2,6,1,3.0,33249,M,4488140.0,-53167.0,33
201600024043,16,7,20,1630,1,2,2,1,2.0,33063,M,4482690.0,-56923.0,33
201600024044,16,7,19,955,1,2,3,1,6.0,33318,M,4480250.0,-64463.0,33
201600024045,16,7,18,1710,1,2,4,1,6.0,33522,M,4480660.0,-57944.0,33
201600024046,16,7,23,1833,1,2,5,1,2.0,33063,M,4486980.0,-56647.0,33
201600024047,16,7,25,900,1,2,3,1,3.0,33063,M,4484320.0,-57180.0,33
201600024048,16,7,26,540,3,1,1,1,6.0,33063,M,4490200.0,-55322.0,33
201600024049,16,7,25,1520,1,2,2,1,3.0,33063,M,4483210.0,-58772.0,33
201600024050,16,7,27,150,5,2,1,1,2.0,33063,M,4485110.0,-54207.0,33
201600024051,16,7,25,1940,1,2,2,1,6.0,33281,M,4485150.0,-63424.0,33
201600024052,16,7,26,1915,1,2,2,1,3.0,33063,M,4481560.0,-55132.0,33
201600024053,16,7,18,1600,1,2,2,1,3.0,33063,M,4485430.0,-59839.0,33
201600024054,16,7,24,115,4,2,1,1,6.0,33192,M,4478180.0,-62320.0,33
201600024055,16,7,19,1740,1,1,1,1,4.0,33075,M,4490210.0,-58433.0,33
201600024056,16,7,22,35,5,2,1,1,6.0,33550,M,4477341.0,-53650.0,33
201600024057,16,7,28,2055,1,2,1,1,6.0,33063,M,4485950.0,-55845.0,33
201600024058,16,7,28,1050,1,2,4,1,6.0,33063,M,4484050.0,-58116.0,33
201600024059,16,7,29,135,5,2,3,1,3.0,33063,M,4483393.0,-55075.0,33
201600024060,16,7,27,2000,1,2,7,1,4.0,33063,M,4483990.0,-56029.0,33
201600024061,16,7,26,2045,1,2,3,1,2.0,33281,M,4483220.0,-67424.0,33
201600024062,16,8,1,1900,1,2,2,1,5.0,33063,M,4487750.0,-57625.0,33
201600024063,16,7,27,35,5,2,2,1,3.0,33550,M,4478174.0,-56602.0,33
201600024064,16,8,2,1555,1,2,1,1,6.0,33063,M,4484110.0,-56945.0,33
201600024065,16,8,1,1210,1,2,2,1,2.0,33119,M,4484380.0,-52990.0,33
201600024066,16,8,2,1840,1,2,2,1,3.0,33063,M,4482650.0,-59281.0,33
201600024067,16,8,2,1720,1,2,2,1,3.0,33063,M,4483440.0,-58876.0,33
201600024068,16,8,3,1330,1,2,4,1,2.0,33063,M,4485900.0,-58961.0,33
201600024069,16,8,1,2100,1,2,2,1,2.0,33192,M,4478374.0,-60659.0,33
201600024070,16,8,3,905,1,2,3,1,6.0,33063,M,4484880.0,-57566.0,33
201600024071,16,8,4,1540,1,2,2,2,3.0,33063,M,4484270.0,-59468.0,33
201600024072,16,7,30,1040,1,2,4,1,2.0,33039,M,4481770.0,-54728.0,33
201600024073,16,8,4,1400,1,2,1,2,2.0,33063,M,4483300.0,-56145.0,33
201600024074,16,8,2,1815,1,2,1,1,2.0,33281,M,4483290.0,-65292.0,33
201600024075,16,8,7,50,5,2,4,8,3.0,33167,M,4484010.0,-54371.0,33
201600024076,16,8,5,1440,1,2,1,1,6.0,33063,M,4484380.0,-55424.0,33
201600024077,16,8,6,535,5,2,3,1,3.0,33063,M,4484010.0,-56873.0,33
201600024078,16,8,7,1815,1,2,2,1,3.0,33063,M,4484598.0,-57667.0,33
201600024079,16,8,5,2155,5,2,5,1,3.0,33063,M,4485510.0,-57178.0,33
201600024080,16,8,3,1400,1,2,2,7,2.0,33281,M,4484110.0,-64338.0,33
201600024081,16,8,7,20,5,2,3,1,4.0,33013,M,4486866.0,-50295.0,33
201600024082,16,8,2,1110,1,2,6,1,3.0,33318,M,4479610.0,-69429.0,33
201600024083,16,8,10,100,5,2,2,1,3.0,33063,M,4486600.0,-56115.0,33
201600024084,16,8,9,1445,1,2,2,1,3.0,33063,M,4486080.0,-56111.0,33
201600024085,16,8,5,615,1,2,2,1,3.0,33063,M,4482130.0,-58277.0,33
201600024086,16,8,14,1750,1,2,1,1,6.0,33063,M,4482860.0,-55401.0,33
201600024087,16,8,13,1840,1,2,2,1,3.0,33063,M,4483320.0,-59856.0,33
201600024088,16,8,12,1200,1,2,1,1,4.0,33063,M,4487730.0,-56724.0,33
201600024089,16,8,12,1750,1,2,2,1,3.0,33063,M,4487420.0,-57187.0,33
201600024090,16,8,13,830,1,2,6,1,3.0,33039,M,4479356.0,-53521.0,33
201600024091,16,8,14,1245,1,2,3,1,3.0,33063,M,4483770.0,-55742.0,33
201600024092,16,8,15,2155,1,2,4,1,1.0,33063,M,4482770.0,-55866.0,33
201600024093,16,8,12,1220,1,2,3,1,3.0,33063,M,4485040.0,-54317.0,33
201600024094,16,8,14,1740,1,2,3,1,5.0,33063,M,4483630.0,-55013.0,33
201600024095,16,8,16,1320,1,2,2,1,3.0,33063,M,4482530.0,-61373.0,33
201600024096,16,8,16,1624,1,2,2,1,3.0,33063,M,4483230.0,-58170.0,33
201600024097,16,8,22,1,5,2,4,1,5.0,33550,M,4477570.0,-55180.0,33
201600024098,16,8,10,1245,1,2,2,1,3.0,33192,M,4477850.0,-60980.0,33
201600024099,16,8,20,420,5,2,1,8,6.0,33063,M,4482920.0,-55225.0,33
201600024100,16,8,18,35,5,2,2,1,1.0,33281,M,4483934.0,-63522.0,33
201600024101,16,8,19,1700,1,1,1,1,4.0,33281,M,4484620.0,-69214.0,33
201600024102,16,8,14,2230,3,1,4,1,2.0,33200,M,4489216.0,-67161.0,33
201600024103,16,8,22,450,5,2,2,1,6.0,33167,M,4484710.0,-51010.0,33
201600024104,16,8,12,750,1,2,2,1,3.0,33162,M,4487849.0,-64138.0,33
201600024105,16,8,25,850,1,2,2,1,3.0,33063,M,4487800.0,-57092.0,33
201600024106,16,8,25,610,5,2,2,1,3.0,33063,M,4481670.0,-56597.0,33
201600024107,16,8,20,1640,1,2,1,1,4.0,33119,M,4485400.0,-53733.0,33
201600024108,16,8,22,1115,1,2,4,1,6.0,33318,M,4479742.0,-66540.0,33
201600024109,16,8,22,1430,1,2,6,1,3.0,33075,M,4487360.0,-61718.0,33
201600024110,16,8,25,1640,1,2,1,1,2.0,33281,M,4485850.0,-66924.0,33
201600024111,16,8,28,1110,1,2,6,1,6.0,33119,M,4485548.0,-53521.0,33
201600024112,16,8,26,300,5,2,2,1,3.0,33063,M,4485830.0,-56689.0,33
201600024113,16,8,29,1706,1,2,1,1,3.0,33063,M,4487136.0,-56306.0,33
201600024114,16,8,29,2000,1,2,3,1,3.0,33063,M,4485950.0,-63136.0,33
201600024115,16,8,29,2245,5,2,9,1,1.0,33063,M,4483350.0,-58464.0,33
201600024116,16,8,29,2220,5,2,2,1,3.0,33063,M,4485230.0,-57911.0,33
201600024117,16,8,30,1710,1,2,1,1,3.0,33063,M,4483960.0,-56035.0,33
201600024118,16,8,30,1555,1,2,3,1,6.0,33063,M,4484340.0,-57765.0,33
201600024119,16,9,1,1710,1,2,1,1,6.0,33063,M,4485500.0,-57668.0,33
201600024120,16,9,1,910,1,2,1,1,1.0,33063,M,4484775.0,-61336.0,33
201600024121,16,9,1,700,1,2,1,1,2.0,33281,M,4484790.0,-70887.0,33
201600024122,16,8,28,1715,1,2,1,1,1.0,33075,M,4487950.0,-58234.0,33
201600024123,16,9,1,1430,1,2,1,1,2.0,33281,M,4485700.0,-67640.0,33
201600024124,16,8,30,1915,1,2,6,1,1.0,33522,M,4479664.0,-57953.0,33
201600024125,16,9,4,145,5,2,1,1,6.0,33063,M,4484049.0,-58081.0,33
201600024126,16,9,2,650,5,2,4,1,6.0,33063,M,4483192.0,-55934.0,33
201600024127,16,9,2,1830,1,2,1,1,3.0,33063,M,4485950.0,-55722.0,33
201600024128,16,9,3,1000,1,2,3,1,3.0,33063,M,4482510.0,-61299.0,33
201600024129,16,8,31,1220,1,2,2,1,3.0,33522,M,4479620.0,-58842.0,33
201600024130,16,9,3,1100,1,2,1,1,2.0,33281,M,4481930.0,-65597.0,33
201600024131,16,9,4,950,1,2,1,1,6.0,33192,M,4478590.0,-60336.0,33
201600024132,16,9,2,1115,1,2,4,1,6.0,33063,M,4483030.0,-57247.0,33
201600024133,16,9,4,2030,5,2,6,1,4.0,33522,M,4480060.0,-59605.0,33
201600024134,16,9,6,947,1,2,1,1,3.0,33063,M,4485670.0,-54828.0,33
201600024135,16,9,7,830,1,2,1,1,3.0,33063,M,4481380.0,-56670.0,33
201600024136,16,9,7,1100,1,2,1,1,3.0,33063,M,4487730.0,-56722.0,33
201600024137,16,9,7,2345,5,2,1,1,3.0,33063,M,4486030.0,-55393.0,33
201600024138,16,9,6,900,1,1,2,1,3.0,33069,M,4488020.0,-62764.0,33
201600024139,16,9,4,1845,1,2,1,1,6.0,33318,M,4479600.0,-64855.0,33
201600024140,16,9,4,1845,1,2,1,1,4.0,33063,M,4486356.0,-58186.0,33
201600024141,16,9,9,1730,1,2,4,1,4.0,33063,M,4487809.0,-56345.0,33
201600024142,16,9,9,2145,5,2,3,1,2.0,33063,M,4489074.0,-54896.0,33
201600024143,16,9,9,1410,1,2,2,1,3.0,33063,M,4487590.0,-54845.0,33
201600024144,16,9,11,230,5,2,1,1,6.0,33063,M,4482200.0,-58417.0,33
201600024145,16,9,12,800,1,2,1,1,4.0,33063,M,4483180.0,-55463.0,33
201600024146,16,9,10,2115,5,2,4,1,3.0,33063,M,4485590.0,-61639.0,33
201600024147,16,8,13,2040,2,2,2,1,3.0,33063,M,4482600.0,-54820.0,33
201600024148,16,9,12,1417,1,2,2,1,3.0,33063,M,4483774.0,-57180.0,33
201600024149,16,9,12,1229,1,1,9,1,2.0,33063,M,4482980.0,-60733.0,33
201600024150,16,9,7,1915,1,2,2,1,3.0,33075,M,4488080.0,-61182.0,33
201600024151,16,9,9,1435,1,2,1,1,1.0,33318,M,4481180.0,-62106.0,33
201600024152,16,9,12,1810,1,2,4,1,2.0,33249,M,4488330.0,-51796.0,33
201600024153,16,9,14,830,1,2,1,1,5.0,33063,M,4485700.0,-63580.0,33
201600024154,16,9,15,555,5,2,2,1,3.0,33063,M,4483495.0,-57281.0,33
201600024155,16,9,14,1630,1,2,2,3,3.0,33063,M,4484690.0,-62915.0,33
201600024156,16,9,14,2225,1,2,3,1,3.0,33063,M,4485500.0,-58990.0,33
201600024157,16,9,14,2125,5,1,2,1,1.0,33162,M,4487678.0,-62224.0,33
201600024158,16,9,14,1540,1,2,1,1,1.0,33063,M,4486696.0,-56257.0,33
201600024159,16,9,16,1410,1,2,2,2,3.0,33063,M,4482740.0,-59239.0,33
201600024160,16,9,16,1420,1,2,1,2,2.0,33063,M,4483690.0,-56519.0,33
201600024161,16,9,12,1930,1,2,4,1,2.0,33318,M,4481350.0,-62649.0,33
201600024162,16,9,14,1630,1,2,1,2,6.0,33013,M,4484990.0,-49741.0,33
201600024163,16,9,17,2030,5,2,2,1,6.0,33281,M,4482604.0,-63761.0,33
201600024164,16,9,16,1426,1,2,5,2,3.0,33063,M,4484640.0,-54063.0,33
201600024165,16,9,18,2235,5,2,6,1,1.0,33550,M,4478504.0,-58558.0,33
201600024166,16,9,15,745,1,2,1,1,1.0,33281,M,4484650.0,-72148.0,33
201600024167,16,9,12,945,1,2,1,1,3.0,33550,M,4477360.0,-54710.0,33
201600024168,16,9,21,830,1,2,9,1,3.0,33063,M,4483773.0,-59289.0,33
201600024169,16,9,8,1720,1,2,1,1,3.0,33162,M,4487480.0,-62639.0,33
201600024170,16,9,17,430,5,2,2,8,3.0,33281,M,4483594.0,-64106.0,33
201600024171,16,9,21,2340,5,2,1,1,6.0,33063,M,4485140.0,-55836.0,33
201600024172,16,9,21,1615,1,2,1,1,6.0,33063,M,4483100.0,-57357.0,33
201600024173,16,9,21,1510,1,2,1,1,2.0,33063,M,4482480.0,-59028.0,33
201600024174,16,9,21,2155,5,2,6,1,1.0,33063,M,4484520.0,-57789.0,33
201600024175,16,9,22,1500,1,1,1,1,2.0,33039,M,4481975.0,-53871.0,33
201600024176,16,9,23,140,5,2,1,1,6.0,33063,M,4484170.0,-55737.0,33
201600024177,16,9,24,930,1,2,1,1,6.0,33063,M,4483140.0,-55696.0,33
201600024178,16,9,23,1843,1,2,1,1,3.0,33063,M,4485110.0,-56927.0,33
201600024179,16,9,16,1340,1,2,1,2,3.0,33069,M,4486081.0,-59891.0,33
201600024180,16,9,22,820,1,2,1,1,4.0,33281,M,4483920.0,-62808.0,33
201600024181,16,9,20,1740,1,2,1,1,6.0,33522,M,4480790.0,-59138.0,33
201600024182,16,9,23,840,1,2,2,1,3.0,33063,M,4484020.0,-59937.0,33
201600024183,16,9,23,1325,1,2,2,1,3.0,33063,M,4483250.0,-60233.0,33
201600024184,16,9,23,1540,1,2,4,1,3.0,33063,M,4485054.0,-60612.0,33
201600024185,16,9,23,2155,5,2,3,1,3.0,33039,M,4480680.0,-57310.0,33
201600024186,16,9,26,1730,1,2,1,1,3.0,33063,M,4484910.0,-54407.0,33
201600024187,16,9,22,1230,1,2,1,1,3.0,33162,M,4488540.0,-65619.0,33
201600024188,16,9,23,625,5,2,1,1,6.0,33119,M,4486010.0,-52975.0,33
201600024189,16,9,22,850,1,1,6,1,1.0,33167,M,4484290.0,-50382.0,33
201600024190,16,9,19,1700,1,2,3,1,3.0,33318,M,4477760.0,-64548.0,33
201600024191,16,9,27,755,1,2,3,1,3.0,33063,M,4483860.0,-55876.0,33
201600024192,16,9,27,1345,1,1,1,1,2.0,33281,M,4484730.0,-69555.0,33
201600024193,16,9,29,2125,5,2,4,1,2.0,33063,M,4482352.0,-60020.0,33
201600024194,16,9,27,755,1,2,1,1,1.0,33167,M,4484520.0,-52107.0,33
201600024195,16,9,23,1725,1,2,3,1,3.0,33550,M,4478590.0,-57450.0,33
201600024196,16,9,23,2300,5,2,1,1,2.0,33039,M,4478600.0,-56641.0,33
201600024197,16,9,29,1640,1,2,1,1,6.0,33281,M,4484170.0,-64826.0,33
201600024198,16,9,21,1838,1,2,1,1,1.0,33522,M,4479420.0,-59705.0,33
201600024199,16,10,1,2135,5,2,4,1,2.0,33063,M,4483510.0,-55139.0,33
201600024200,16,9,30,725,2,2,3,1,3.0,33063,M,4485360.0,-62191.0,33
201600024201,16,10,3,1335,1,2,1,1,3.0,33063,M,4482850.0,-59395.0,33
201600024202,16,10,1,420,5,2,2,2,2.0,33063,M,4482820.0,-56077.0,33
201600024203,16,9,21,1540,1,2,2,1,6.0,33063,M,4483879.0,-62590.0,33
201600024204,16,10,4,1800,1,2,1,1,4.0,33063,M,4487080.0,-57611.0,33
201600024205,16,10,3,840,1,2,1,1,2.0,33281,M,4483520.0,-67660.0,33
201600024206,16,10,4,2010,5,2,2,1,1.0,33063,M,4483330.0,-59874.0,33
201600024207,16,9,23,1755,1,2,3,1,3.0,33162,M,4487530.0,-64370.0,33
201600024208,16,10,4,1150,1,2,2,1,3.0,33063,M,4487040.0,-56629.0,33
201600024209,16,10,3,1830,1,2,1,1,3.0,33281,M,4483273.0,-68168.0,33
201600024210,16,9,27,2030,5,2,1,1,3.0,33550,M,4478599.0,-56639.0,33
201600024211,16,10,2,1040,1,2,3,1,2.0,33318,M,4480520.0,-65359.0,33
201600024212,16,9,30,1600,1,2,3,1,3.0,33318,M,4478935.0,-64797.0,33
201600024213,16,10,6,1545,1,2,4,1,3.0,33063,M,4483890.0,-58178.0,33
201600024214,16,10,6,930,1,2,3,1,3.0,33063,M,4486570.0,-56219.0,33
201600024215,16,10,6,1800,1,2,1,1,2.0,33063,M,4487970.0,-56282.0,33
201600024216,16,10,6,2010,1,2,1,1,2.0,33063,M,4485650.0,-61813.0,33
201600024217,16,10,4,930,1,2,4,1,2.0,33281,M,4483380.0,-66815.0,33
201600024218,16,10,3,1135,1,2,2,1,3.0,33522,M,4479733.0,-59216.0,33
201600024219,16,10,5,1036,1,2,1,1,6.0,33522,M,4479740.0,-59921.0,33
201600024220,16,10,7,1030,1,2,3,1,4.0,33039,M,4481190.0,-57375.0,33
201600024221,16,10,8,2230,5,2,1,1,7.0,33063,M,4486000.0,-57500.0,33
201600024222,16,10,7,1155,1,2,4,1,3.0,33063,M,4483520.0,-58063.0,33
201600024223,16,10,5,730,5,2,2,1,3.0,33069,M,4486230.0,-59309.0,33
201600024224,16,10,9,345,5,2,3,1,6.0,33063,M,4484188.0,-55691.0,33
201600024225,16,10,10,1538,1,2,2,1,6.0,33318,M,4479568.0,-64876.0,33
201600024226,16,10,3,745,1,2,6,1,3.0,33039,M,4480760.0,-56049.0,33
201600024227,16,10,10,1345,1,2,2,1,6.0,33063,M,4484510.0,-59187.0,33
201600024228,16,10,10,1008,1,2,2,1,3.0,33063,M,4483248.0,-60228.0,33
201600024229,16,9,27,1150,1,2,1,1,6.0,33318,M,4479290.0,-62918.0,33
201600024230,16,10,4,1110,1,2,4,1,6.0,33550,M,4476344.0,-56580.0,33
201600024231,16,10,4,945,1,2,1,1,3.0,33200,M,4485990.0,-69583.0,33
201600024232,16,10,9,1830,1,2,1,1,4.0,33281,M,4481378.0,-68985.0,33
201600024233,16,10,11,1635,1,2,3,1,1.0,33063,M,4483530.0,-56956.0,33
201600024234,16,10,12,745,2,2,2,1,3.0,33063,M,4483500.0,-57205.0,33
201600024235,16,10,13,810,1,2,2,1,3.0,33063,M,4483006.0,-58934.0,33
201600024236,16,10,5,2210,5,2,3,1,3.0,33522,M,4478900.0,-58709.0,33
201600024237,16,10,10,1758,1,2,1,1,3.0,33281,M,4483400.0,-63797.0,33
201600024238,16,10,11,1800,1,2,1,1,6.0,33281,M,4482820.0,-63885.0,33
201600024239,16,10,11,745,2,2,2,1,3.0,33063,M,4484530.0,-61552.0,33
201600024240,16,10,15,1000,1,2,2,1,3.0,33063,M,4485800.0,-58780.0,33
201600024241,16,10,15,1550,1,2,3,1,3.0,33063,M,4484710.0,-57668.0,33
201600024242,16,10,16,1915,2,2,4,1,2.0,33063,M,4484460.0,-60352.0,33
201600024243,16,10,16,2330,5,2,4,1,3.0,33281,M,4482240.0,-69083.0,33
201600024244,16,10,17,900,1,2,1,2,1.0,33063,M,4482130.0,-58298.0,33
201600024245,16,10,18,20,5,2,9,1,6.0,33063,M,4484440.0,-57460.0,33
201600024246,16,10,17,2145,5,2,3,1,3.0,33063,M,4483670.0,-56542.0,33
201600024247,16,10,18,940,1,2,2,1,6.0,33063,M,4483471.0,-57834.0,33
201600024248,16,10,18,900,1,2,3,1,3.0,33063,M,4483500.0,-57205.0,33
201600024249,16,10,15,10,5,2,4,1,3.0,33281,M,4483281.0,-65322.0,33
201600024250,16,10,14,745,1,2,1,1,6.0,33063,M,4485100.0,-60674.0,33
201600024251,16,10,14,2115,5,2,3,1,3.0,33522,M,4479623.0,-59235.0,33
201600024252,16,10,10,1100,1,2,1,1,6.0,33200,M,4488111.0,-68290.0,33
201600024253,16,10,19,1840,1,2,1,1,3.0,33167,M,4483810.0,-53274.0,33
201600024254,16,10,19,2030,5,2,3,1,2.0,33281,M,4483940.0,-63632.0,33
201600024255,16,10,14,1300,1,2,2,1,3.0,33039,M,4480315.0,-56819.0,33
201600024256,16,10,14,1530,1,1,1,1,3.0,33075,M,4488600.0,-58678.0,33
201600024257,16,10,16,142,5,2,1,1,6.0,33119,M,4485462.0,-53649.0,33
201600024258,16,10,19,1940,1,2,4,1,6.0,33063,M,4481940.0,-57227.0,33
201600024259,16,10,20,2150,5,2,2,1,3.0,33063,M,4483870.0,-58920.0,33
201600024260,16,10,20,2135,5,1,1,1,6.0,33167,M,4484120.0,-49644.0,33
201600024261,16,10,18,940,1,2,1,1,2.0,33075,M,4488317.0,-59497.0,33
201600024262,16,10,24,245,5,1,1,1,6.0,33039,M,4482010.0,-53919.0,33
201600024263,16,10,18,1220,1,2,2,1,3.0,33281,M,4483264.0,-64062.0,33
201600024264,16,10,21,1342,1,2,3,1,6.0,33281,M,4481451.0,-63481.0,33
201600024265,16,10,24,1510,1,2,3,1,6.0,33063,M,4484882.0,-59890.0,33
201600024266,16,10,19,1741,1,2,4,1,1.0,33550,M,4477777.0,-57421.0,33
201600024267,16,10,20,2050,5,2,2,1,3.0,33522,M,4481490.0,-58021.0,33
201600024268,16,10,22,2150,5,2,4,1,1.0,33318,M,4480260.0,-64312.0,33
201600024269,16,10,23,645,5,2,1,1,2.0,33162,M,4487150.0,-63402.0,33
201600024270,16,10,24,845,1,2,6,1,3.0,33192,M,4477722.0,-59296.0,33
201600024271,16,10,22,1920,5,2,1,1,3.0,33162,M,4488640.0,-63999.0,33
201600024272,16,10,21,1610,1,2,1,1,6.0,33192,M,4478220.0,-60767.0,33
201600024273,16,10,21,1405,1,2,4,1,1.0,33192,M,4477390.0,-61209.0,33
201600024274,16,10,26,2045,5,2,2,1,2.0,33063,M,4482127.0,-58274.0,33
201600024275,16,10,21,740,5,2,4,1,6.0,33318,M,4479920.0,-66319.0,33
201600024276,16,10,21,1640,1,2,2,1,6.0,33522,M,4480680.0,-59172.0,33
201600024277,16,10,25,1445,1,2,3,1,3.0,33063,M,4487877.0,-56842.0,33
201600024278,16,10,21,1740,1,2,4,1,3.0,33075,M,4488810.0,-61407.0,33
201600024279,16,10,27,845,1,2,2,1,3.0,33063,M,4485210.0,-55710.0,33
201600024280,16,10,27,1820,1,2,1,1,1.0,33063,M,4485269.0,-55592.0,33
201600024281,16,10,27,2200,5,2,2,1,3.0,33249,M,4486590.0,-51300.0,33
201600024282,16,10,28,645,5,2,2,1,2.0,33063,M,4482319.0,-58215.0,33
201600024283,16,10,28,2115,5,2,2,1,1.0,33522,M,4480233.0,-58626.0,33
201600024284,16,11,1,600,5,2,2,1,3.0,33063,M,4483630.0,-55013.0,33
201600024285,16,10,30,200,5,2,1,1,6.0,33063,M,4484180.0,-54304.0,33
201600024286,16,10,31,1021,1,2,1,1,6.0,33063,M,4484090.0,-56940.0,33
201600024287,16,10,26,1340,1,2,6,1,4.0,33281,M,4485421.0,-67722.0,33
201600024288,16,10,30,25,5,2,7,1,6.0,33063,M,4482130.0,-58277.0,33
201600024289,16,10,27,1639,1,2,2,1,3.0,33522,M,4480790.0,-60325.0,33
201600024290,16,10,28,1800,1,2,3,1,1.0,33063,M,4484510.0,-62853.0,33
201600024291,16,10,28,1810,2,2,3,1,3.0,33063,M,4482050.0,-56832.0,33
201600024292,16,11,2,915,1,2,2,1,6.0,33063,M,4485240.0,-57422.0,33
201600024293,16,11,2,1915,2,2,3,1,3.0,33063,M,4485317.0,-59406.0,33
201600024294,16,10,25,1600,1,2,3,1,3.0,33039,M,4480390.0,-54027.0,33
201600024295,16,10,26,1750,1,1,2,1,3.0,33318,M,4479900.0,-71008.0,33
201600024296,16,11,2,1857,5,2,4,1,3.0,33281,M,4484850.0,-64384.0,33
201600024297,16,11,3,2200,5,2,1,1,1.0,33281,M,4483855.0,-62194.0,33
201600024298,16,11,6,210,5,2,2,1,2.0,33063,M,4482130.0,-58286.0,33
201600024299,16,11,6,1350,1,2,4,1,3.0,33063,M,4486971.0,-56663.0,33
201600024300,16,10,27,2130,5,2,2,1,2.0,33162,M,4488086.0,-64060.0,33