Num_Acc,an,mois,jour,hrmn,lum,agg,int,atm,col,com,gps,lat,long,dep
201600024301,16,11,4,1715,2,2,3,1,6.0,33063,M,4485028.0,-57476.0,33
201600024302,16,11,2,1915,5,2,6,5,2.0,33281,M,4485870.0,-67288.0,33
201600024303,16,11,5,700,4,2,1,2,1.0,33318,M,4478310.0,-67505.0,33
201600024304,16,11,7,745,2,2,1,1,1.0,33063,M,4481570.0,-57245.0,33
201600024305,16,11,7,2130,5,2,2,1,3.0,33281,M,4483700.0,-62058.0,33
201600024306,16,11,2,1840,5,2,3,5,3.0,33162,M,4486790.0,-63673.0,33
201600024307,16,11,8,130,5,2,2,1,6.0,33063,M,4484247.0,-54332.0,33
201600024308,16,11,7,2015,1,2,2,1,1.0,33063,M,4486240.0,-56718.0,33
201600024309,16,11,8,1755,1,2,2,1,3.0,33063,M,4484010.0,-58101.0,33
201600024310,16,11,3,1605,1,2,2,1,3.0,33039,M,4480410.0,-55492.0,33
201600024311,16,11,13,215,5,2,4,2,1.0,33063,M,4483670.0,-56542.0,33
201600024312,16,11,9,1115,1,2,4,2,3.0,33063,M,4482270.0,-60381.0,33
201600024313,16,11,8,1810,5,2,2,2,7.0,33281,M,4484171.0,-64644.0,33
201600024314,16,11,8,810,1,2,3,1,2.0,33249,M,4487770.0,-51853.0,33
201600024315,16,11,8,1315,1,2,3,1,1.0,33167,M,4482060.0,-51970.0,33
201600024316,16,11,9,2310,5,1,1,2,6.0,33063,M,4484153.0,-54319.0,33
201600024317,16,11,9,1630,1,2,9,3,3.0,33063,M,4485510.0,-57178.0,33
201600024318,16,11,4,1727,1,2,4,1,2.0,33281,M,4485670.0,-65500.0,33
201600024319,16,11,14,810,2,2,6,1,3.0,33063,M,4484834.0,-61677.0,33
201600024320,16,11,14,605,5,2,2,1,3.0,33063,M,4482820.0,-56075.0,33
201600024321,16,11,13,420,5,2,4,2,6.0,33063,M,4482879.0,-55441.0,33
201600024322,16,11,8,830,1,2,2,1,3.0,33281,M,4485620.0,-64950.0,33
201600024323,16,11,10,340,5,2,4,3,6.0,33550,M,4480551.0,-57255.0,33
201600024324,16,11,15,1345,1,2,2,1,3.0,33063,M,4483505.0,-57512.0,33
201600024325,16,11,15,1830,5,2,1,1,4.0,33162,M,4486450.0,-66319.0,33
201600024326,16,11,10,1740,2,2,3,2,2.0,33318,M,4477991.0,-66312.0,33
201600024327,16,11,10,1150,1,2,1,1,6.0,33281,M,4483879.0,-67052.0,33
201600024328,16,11,12,1330,1,2,3,1,3.0,33281,M,4483256.0,-62790.0,33
201600024329,16,11,16,734,1,1,2,1,3.0,33063,M,4482120.0,-58287.0,33
201600024330,16,10,16,620,5,2,3,1,3.0,33063,M,4488236.0,-55088.0,33
201600024331,16,11,17,2310,5,2,3,1,3.0,33522,M,4481211.0,-58104.0,33
201600024332,16,11,14,930,1,2,1,1,1.0,33550,M,4479620.0,-57713.0,33
201600024333,16,11,17,1440,1,2,3,1,6.0,33063,M,4485880.0,-55847.0,33
201600024334,16,11,18,2115,5,2,4,2,7.0,33063,M,4485250.0,-57419.0,33
201600024335,16,11,17,755,2,2,3,1,3.0,33318,M,4479880.0,-60712.0,33
201600024336,16,11,20,2028,5,2,3,2,1.0,33119,M,4485140.0,-50809.0,33
201600024337,16,11,19,600,5,2,3,2,6.0,33063,M,4481954.0,-56230.0,33
201600024338,16,11,18,2045,5,2,2,2,3.0,33522,M,4479230.0,-58969.0,33
201600024339,16,11,21,1930,5,2,2,1,7.0,33063,M,4486344.0,-56147.0,33
201600024340,16,11,21,1020,1,2,2,1,3.0,33063,M,4483870.0,-58920.0,33
201600024341,16,11,21,1815,5,2,2,1,3.0,33063,M,4486430.0,-55848.0,33
201600024342,16,11,23,730,1,2,2,2,3.0,33063,M,4485357.0,-54172.0,33
201600024343,16,11,19,615,5,2,2,1,3.0,33281,M,4483600.0,-64108.0,33
201600024344,16,11,18,1815,5,2,2,2,1.0,33318,M,4479290.0,-64705.0,33
201600024345,16,11,21,1025,1,2,2,1,5.0,33013,M,4486728.0,-49733.0,33
201600024346,16,11,17,1800,5,2,2,2,2.0,33069,M,4486240.0,-59017.0,33
201600024347,16,11,21,825,1,2,2,2,2.0,33119,M,4486230.0,-52310.0,33
201600024348,16,11,23,1750,5,2,3,2,1.0,33281,M,4486221.0,-64513.0,33
201600024349,16,11,23,848,1,2,2,2,2.0,33063,M,4483665.0,-59879.0,33
201600024350,16,11,16,750,2,2,2,1,1.0,33075,M,4488410.0,-59916.0,33
201600024351,16,11,18,1430,1,2,3,1,1.0,33200,M,4485939.0,-67755.0,33
201600024352,16,11,18,745,2,2,4,2,3.0,33069,M,4485580.0,-60135.0,33
201600024353,16,11,24,1625,1,2,3,1,3.0,33063,M,4482937.0,-57223.0,33
201600024354,16,11,25,745,1,2,2,2,1.0,33063,M,4482680.0,-59138.0,33
201600024355,16,11,24,2120,5,2,2,1,1.0,33063,M,4485096.0,-57781.0,33
201600024356,16,11,21,1412,1,2,1,1,4.0,33318,M,4479730.0,-64163.0,33
201600024357,16,11,26,2030,5,2,2,2,1.0,33119,M,4484363.0,-53060.0,33
201600024358,16,11,22,2050,5,2,3,2,6.0,33522,M,4478900.0,-58709.0,33
201600024359,16,11,23,715,5,2,1,2,3.0,33522,M,4480850.0,-57382.0,33
201600024360,16,11,25,800,2,2,1,2,1.0,33063,M,4485250.0,-55628.0,33
201600024361,16,11,24,750,2,2,6,2,6.0,33281,M,4484670.0,-67751.0,33
201600024362,16,11,24,1805,5,2,3,1,6.0,33318,M,4480620.0,-63062.0,33
201600024363,16,11,27,1700,1,2,2,1,1.0,33063,M,4483330.0,-59857.0,33
201600024364,16,11,28,1435,1,2,2,1,2.0,33063,M,4486596.0,-56086.0,33
201600024365,16,11,18,930,1,2,2,2,3.0,33192,M,4477788.0,-64584.0,33
201600024366,16,11,23,1620,1,2,4,2,2.0,33162,M,4486347.0,-63943.0,33
201600024367,16,11,29,1755,5,2,3,1,1.0,33063,M,4484510.0,-61080.0,33
201600024368,16,11,29,1350,1,2,2,1,3.0,33063,M,4481290.0,-56138.0,33
201600024369,16,11,30,1315,1,2,3,1,6.0,33063,M,4487557.0,-57666.0,33
201600024370,16,11,30,945,1,2,4,1,6.0,33063,M,4482562.0,-55728.0,33
201600024371,16,12,1,1725,1,2,1,1,3.0,33063,M,4488970.0,-55756.0,33
201600024372,16,11,28,1645,1,2,3,1,3.0,33192,M,4475920.0,-63018.0,33
201600024373,16,11,30,715,2,2,2,1,7.0,33281,M,4482880.0,-66453.0,33
201600024374,16,11,30,1200,1,2,2,1,6.0,33249,M,4487980.0,-52432.0,33
201600024375,16,11,27,1200,1,2,1,1,3.0,33318,M,4479243.0,-67103.0,33
201600024376,16,11,29,1800,1,2,3,1,3.0,33063,M,4485800.0,-57486.0,33
201600024377,16,11,26,1220,1,2,1,1,6.0,33063,M,4488040.0,-57309.0,33
201600024378,16,11,26,1200,1,2,4,1,3.0,33162,M,4487640.0,-65197.0,33
201600024379,16,11,29,755,5,2,1,1,3.0,33522,M,4480150.0,-60174.0,33
201600024380,16,11,29,2015,5,2,2,1,1.0,33522,M,4481232.0,-58748.0,33
201600024381,16,12,2,1400,1,2,2,1,3.0,33063,M,4484510.0,-59187.0,33
201600024382,16,12,3,2305,5,2,1,1,3.0,33063,M,4485939.0,-55483.0,33
201600024383,16,11,25,1745,4,2,2,2,3.0,33281,M,4481530.0,-62751.0,33
201600024384,16,12,5,1450,1,2,2,1,3.0,33063,M,4484183.0,-55553.0,33
201600024385,16,12,6,735,1,2,3,1,3.0,33063,M,4486400.0,-62010.0,33
201600024386,16,12,5,1725,5,2,3,1,5.0,33063,M,4487560.0,-57674.0,33
201600024387,16,11,30,1645,1,2,1,1,6.0,33281,M,4481894.0,-69877.0,33
201600024388,16,11,30,1935,5,2,4,1,3.0,33318,M,4479550.0,-64249.0,33
201600024389,16,12,2,1840,5,2,4,1,6.0,33200,M,4486866.0,-67157.0,33
201600024390,16,12,6,2010,5,2,9,1,2.0,33063,M,4484662.0,-53748.0,33
201600024391,16,12,2,800,1,2,4,1,3.0,33318,M,4479580.0,-67249.0,33
201600024392,16,12,1,840,1,2,3,1,6.0,33318,M,4481087.0,-62060.0,33
201600024393,16,12,6,730,2,2,1,1,3.0,33063,M,4482967.0,-59567.0,33
201600024394,16,12,7,2010,5,2,3,1,3.0,33063,M,4483347.0,-56157.0,33
201600024395,16,12,7,745,2,2,2,1,2.0,33063,M,4482770.0,-55866.0,33
201600024396,16,12,7,2215,5,1,2,1,1.0,33162,M,4487670.0,-62214.0,33
201600024397,16,12,8,1400,1,2,1,1,3.0,33063,M,4486491.0,-57464.0,33
201600024398,16,12,8,2130,5,2,2,1,6.0,33063,M,4484021.0,-59937.0,33
201600024399,16,12,8,1407,1,2,9,1,6.0,33063,M,4481939.0,-57235.0,33
201600024400,16,11,7,30,5,2,3,1,3.0,33063,M,4484088.0,-54958.0,33
201600024401,16,12,10,1910,5,2,1,1,2.0,33063,M,4483902.0,-58798.0,33
201600024402,16,11,29,725,5,2,9,1,1.0,33281,M,4483450.0,-67117.0,33
201600024403,16,12,10,1925,5,2,2,1,4.0,33063,M,4481478.0,-57288.0,33
201600024404,16,12,9,630,5,2,6,8,2.0,33281,M,4484666.0,-71950.0,33
201600024405,16,12,10,210,5,2,3,5,1.0,33063,M,4482463.0,-54997.0,33
201600024406,16,12,10,1550,1,2,1,1,2.0,33063,M,4483166.0,-57645.0,33
201600024407,16,12,12,810,1,2,3,1,2.0,33063,M,4485988.0,-61944.0,33
201600024408,16,12,9,1640,1,2,3,1,1.0,33063,M,4482565.0,-58878.0,33
201600024409,16,12,12,1145,1,2,2,1,1.0,33063,M,4482120.0,-56582.0,33
201600024410,16,12,10,1600,1,2,3,1,6.0,33063,M,4484010.0,-56890.0,33
201600024411,16,11,9,1615,1,2,2,2,3.0,33063,M,4484530.0,-61535.0,33
201600024412,16,12,10,335,5,2,4,5,6.0,33318,M,4479346.0,-60750.0,33
201600024413,16,12,11,2110,5,2,7,1,3.0,33063,M,4483651.0,-56572.0,33
201600024414,16,12,8,1235,1,2,1,1,5.0,33119,M,4485752.0,-53157.0,33
201600024415,16,12,14,1830,5,2,3,1,3.0,33063,M,4482484.0,-56650.0,33
201600024416,16,12,14,1815,5,2,4,1,3.0,33063,M,4484385.0,-56425.0,33
201600024417,16,12,3,40,5,2,2,1,3.0,33162,M,4488011.0,-62764.0,33
201600024418,16,12,13,1220,1,2,3,1,3.0,33063,M,4481317.0,-57329.0,33
201600024419,16,12,13,1730,2,2,4,1,1.0,33281,M,4482238.0,-69092.0,33
201600024420,16,12,13,1420,1,2,1,1,3.0,33063,M,4488190.0,-56390.0,33
201600024421,16,12,9,1110,1,2,1,1,1.0,33249,M,4487730.0,-51039.0,33
201600024422,16,12,9,2100,5,2,2,1,3.0,33249,M,4488530.0,-51826.0,33
201600024423,16,12,14,1510,1,2,3,1,2.0,33063,M,4490680.0,-55578.0,33
201600024424,16,12,13,1345,1,2,9,1,6.0,33119,M,4485576.0,-53217.0,33
201600024425,16,12,15,1720,5,2,2,1,3.0,33039,M,4480938.0,-57395.0,33
201600024426,16,12,12,1830,2,2,1,1,3.0,33013,M,4487266.0,-48287.0,33
201600024427,16,12,9,1800,5,2,1,1,3.0,33162,M,4487810.0,-64444.0,33
201600024428,16,2,21,500,5,2,1,1,6.0,33063,M,4484410.0,-57644.0,33
201600024429,16,12,16,1900,5,2,2,1,1.0,33063,M,4485650.0,-62961.0,33
201600024430,16,12,16,1905,1,2,3,1,6.0,33063,M,4485155.0,-59693.0,33
201600024431,16,12,17,1720,5,2,4,1,3.0,33063,M,4483630.0,-55013.0,33
201600024432,16,12,14,800,2,2,2,7,1.0,33281,M,4482570.0,-62813.0,33
201600024433,16,12,15,1300,1,2,9,1,3.0,33281,M,4485251.0,-64519.0,33
201600024434,16,12,19,1550,1,2,2,1,1.0,33063,M,4481480.0,-57263.0,33
201600024435,16,12,19,1830,5,2,2,1,3.0,33063,M,4483290.0,-58415.0,33
201600024436,16,12,16,1005,1,2,1,1,3.0,33013,M,4486550.0,-47255.0,33
201600024437,16,12,16,1800,5,1,3,1,6.0,33249,M,4487473.0,-51547.0,33
201600024438,16,12,14,1820,5,2,1,1,3.0,33550,M,4477840.0,-56997.0,33
201600024439,16,12,16,1745,5,2,1,1,2.0,33200,M,4486160.0,-69587.0,33
201600024440,16,12,20,1820,1,2,6,1,6.0,33063,M,4487550.0,-55355.0,33
201600024441,16,12,21,2140,5,2,4,2,1.0,33063,M,4486480.0,-57869.0,33
201600024442,16,12,10,1935,5,2,1,1,6.0,33318,M,4478068.0,-65126.0,33
201600024443,16,12,21,2130,5,2,6,2,2.0,33063,M,4482719.0,-60171.0,33
201600024444,16,12,22,2140,5,2,1,2,2.0,33063,M,4485289.0,-56734.0,33
201600024445,16,12,20,1700,1,2,3,1,6.0,33119,M,4485230.0,-51420.0,33
201600024446,16,12,19,1410,1,2,1,1,3.0,33318,M,4479680.0,-66170.0,33
201600024447,16,12,15,1645,2,2,2,1,6.0,33281,M,4483795.0,-61652.0,33
201600024448,16,12,22,1930,5,2,2,1,3.0,33063,M,4483293.0,-58414.0,33
201600024449,16,12,21,1445,1,2,1,1,7.0,33550,M,4477365.0,-56464.0,33
201600024450,16,12,17,10,5,2,3,1,1.0,33075,M,4488820.0,-61045.0,33
201600024451,16,12,24,16,5,2,1,1,6.0,33063,M,4483211.0,-59626.0,33
201600024452,16,12,23,1740,5,2,3,1,2.0,33281,M,4485150.0,-64448.0,33
201600024453,16,12,27,2135,5,2,9,1,3.0,33063,M,4484196.0,-58456.0,33
201600024454,16,12,21,1540,1,2,2,1,3.0,33167,M,4483700.0,-53677.0,33
201600024455,16,12,19,1645,2,2,1,1,7.0,33039,M,4479445.0,-53263.0,33
201600024456,16,12,23,2125,5,2,1,2,3.0,33063,M,4484401.0,-60914.0,33
201600024457,16,12,28,950,1,2,2,1,3.0,33063,M,4485602.0,-58863.0,33
201600024458,16,12,23,1815,5,2,2,1,7.0,33063,M,4485251.0,-61706.0,33
201600024459,16,12,23,1355,1,2,2,8,6.0,33063,M,4484821.0,-59768.0,33
201600024460,16,12,29,700,2,2,6,5,3.0,33063,M,4488792.0,-55984.0,33
201600024461,16,12,23,1330,1,2,3,1,3.0,33063,M,4483071.0,-57196.0,33
201600024462,16,9,23,1530,1,1,1,1,3.0,49355,M,4713516.0,-81253.0,49
201600024463,16,6,1,1500,1,1,2,1,1.0,18272,M,4727000.0,273500.0,18
201600024464,16,7,20,1445,1,2,1,1,3.0,18032,M,4741091.0,289594.0,18
201600024465,16,1,7,1100,1,2,1,1,3.0,06161,M,0.0,0.0,06
201600024466,16,2,14,1530,1,2,9,1,1.0,06161,M,0.0,0.0,06
201600024467,16,3,25,1000,1,2,1,1,7.0,06044,M,0.0,0.0,06
201600024468,16,3,14,645,2,1,1,1,7.0,06044,M,0.0,0.0,06
201600024469,16,5,2,2145,5,2,1,1,3.0,06161,M,0.0,0.0,06
201600024470,16,4,26,1300,1,2,9,1,1.0,06161,M,0.0,0.0,06
201600024471,16,5,25,1545,1,2,1,1,1.0,06044,M,0.0,0.0,06
201600024472,16,6,3,1830,1,2,1,1,4.0,06161,M,0.0,0.0,06
201600024473,16,6,8,1330,1,2,9,1,1.0,06161,M,0.0,0.0,06
201600024474,16,6,15,1715,1,2,1,1,1.0,06161,M,0.0,0.0,06
201600024475,16,6,17,1745,1,1,1,1,6.0,06161,M,0.0,0.0,06
201600024476,16,6,30,1145,1,1,1,1,6.0,06044,M,0.0,0.0,06
201600024477,16,6,28,1700,2,2,6,1,3.0,06161,M,0.0,0.0,06
201600024478,16,7,11,1930,1,1,1,1,6.0,06161,M,0.0,0.0,06
201600024479,16,7,13,2000,1,1,1,1,1.0,06161,M,0.0,0.0,06
201600024480,16,8,13,1400,1,2,1,1,1.0,06161,M,0.0,0.0,06
201600024481,16,9,1,2015,3,1,1,1,5.0,06161,M,0.0,0.0,06
201600024482,16,9,14,1400,1,1,1,1,1.0,06161,M,0.0,0.0,06
201600024483,16,10,3,1830,1,2,1,1,1.0,06161,M,0.0,0.0,06
201600024484,16,10,14,1245,2,2,3,3,1.0,06161,M,4363330.0,713416.0,06
201600024485,16,10,19,745,2,2,1,1,6.0,06161,M,4364272.0,713307.0,06
201600024486,16,10,24,1615,1,1,1,1,7.0,06161,M,4365725.0,711688.0,06
201600024487,16,11,8,1630,1,1,1,1,5.0,06161,M,4365817.0,710500.0,06
201600024488,16,11,19,2345,3,1,1,1,6.0,06161,M,4362775.0,713380.0,06
201600024489,16,11,26,1650,2,2,4,1,3.0,06044,M,4368428.0,710991.0,06
201600024490,16,11,30,2010,5,2,3,1,1.0,06161,M,4364272.0,713307.0,06
201600024491,16,12,13,815,1,2,1,1,3.0,06161,M,4364997.0,713070.0,06
201600024492,16,1,12,1120,1,2,1,1,6.0,34003,M,4331000.0,347000.0,34
201600024493,16,3,26,1000,1,2,1,1,6.0,34003,M,4328730.0,350949.0,34
201600024494,16,4,2,1815,1,2,2,2,3.0,34003,M,4330000.0,347000.0,34
201600024495,16,6,13,1100,1,2,1,1,6.0,34003,M,4329880.0,347840.0,34
201600024496,16,4,8,1900,1,2,1,1,2.0,34003,M,4331500.0,347150.0,34
201600024497,16,6,19,1930,1,2,1,1,3.0,34003,M,4328600.0,351340.0,34
201600024498,16,7,11,1825,1,2,1,1,1.0,34003,M,4330770.0,349833.0,34
201600024499,16,7,12,1515,1,1,1,1,3.0,34003,M,4329400.0,350310.0,34
201600024500,16,8,8,1035,1,2,1,1,3.0,34003,M,4330310.0,347744.0,34
201600024501,16,8,28,600,2,1,1,1,3.0,34003,M,4329740.0,347310.0,34
201600024502,16,7,7,710,1,2,1,1,6.0,34003,M,4331130.0,347052.0,34
201600024503,16,9,15,1735,1,2,3,1,3.0,34003,M,4330580.0,346912.0,34
201600024504,16,6,5,1620,1,1,1,1,6.0,34003,M,4330470.0,345213.0,34
201600024505,16,9,23,2130,5,2,1,1,6.0,34003,M,4328000.0,351000.0,34
201600024506,16,9,3,1350,1,2,1,1,3.0,34003,M,4329000.0,351000.0,34
201600024507,16,10,6,2115,5,2,2,1,3.0,34003,M,4330840.0,347623.0,34
201600024508,16,9,10,525,3,2,1,2,7.0,34003,M,4329490.0,350437.0,34
201600024509,16,11,10,2035,5,2,1,1,1.0,34003,M,4331050.0,347531.0,34
201600024510,16,11,24,1811,5,2,6,1,3.0,34003,M,4330000.0,348000.0,34
201600024511,16,12,13,705,5,2,3,1,6.0,34003,M,4331190.0,347200.0,34
201600024512,16,1,6,830,1,1,1,1,7.0,34032,M,4330770.0,321212.0,34
201600024513,16,11,21,1530,1,1,1,1,7.0,34032,M,4333550.0,322713.0,34
201600024514,16,1,9,1050,1,2,1,1,7.0,34032,M,4333700.0,325280.0,34
201600024515,16,11,22,1730,2,1,1,1,3.0,34032,M,4334580.0,325620.0,34
201600024516,16,1,19,1430,1,1,1,1,1.0,34032,M,4335870.0,325029.0,34
201600024517,16,1,16,1200,1,2,6,1,3.0,34032,M,4336050.0,324995.0,34
201600024518,16,1,29,1400,1,2,2,1,7.0,34032,M,4334480.0,323435.0,34
201600024519,16,12,23,2150,5,1,6,1,3.0,34032,M,4335339.0,322503.0,34
201600024520,16,1,20,1155,1,2,9,1,6.0,34032,M,4334300.0,320915.0,34
201600024521,16,2,5,1320,1,2,1,7,7.0,34032,M,4334340.0,323333.0,34
201600024522,16,2,13,1720,1,1,1,1,7.0,34032,M,4335030.0,325132.0,34
201600024523,16,2,10,730,1,2,6,1,6.0,34336,M,4332080.0,328415.0,34
201600024524,16,2,12,740,1,2,1,1,7.0,34032,M,4333480.0,326070.0,34
201600024525,16,2,27,1945,1,1,3,1,3.0,34032,M,4334310.0,326138.0,34
201600024526,16,3,27,520,3,1,1,5,6.0,34032,M,4332380.0,260301.0,34
201600024527,16,3,24,1410,1,1,1,1,7.0,34032,M,4337990.0,320294.0,34
201600024528,16,4,15,915,1,2,1,1,7.0,34032,M,4333120.0,324488.0,34
201600024529,16,3,28,530,5,2,1,1,6.0,34032,M,4335610.0,322185.0,34
201600024530,16,4,15,750,1,2,1,1,7.0,34032,M,4336060.0,324964.0,34
201600024531,16,4,27,800,1,1,1,1,7.0,34032,M,4336310.0,319123.0,34
201600024532,16,3,30,950,1,1,1,1,1.0,34032,M,4336220.0,324516.0,34
201600024533,16,5,2,1830,1,2,1,1,7.0,34032,M,4333880.0,321199.0,34
201600024534,16,5,10,1950,1,2,1,1,1.0,34032,M,4334380.0,322063.0,34
201600024535,16,5,28,1610,1,2,1,1,7.0,34032,M,4334730.0,324417.0,34
201600024536,16,5,3,1910,1,1,1,1,1.0,34032,M,4338270.0,322552.0,34
201600024537,16,6,27,1530,1,2,1,1,7.0,34032,M,4335100.0,322483.0,34
201600024538,16,6,29,1200,1,1,1,1,4.0,34032,M,4335620.0,324987.0,34
201600024539,16,7,8,1339,1,2,1,1,1.0,34336,M,4333140.0,327068.0,34
201600024540,16,6,7,1440,1,2,1,1,7.0,34032,M,4334770.0,325691.0,34
201600024541,16,7,21,500,3,1,1,1,6.0,34032,M,4333300.0,315322.0,34
201600024542,16,7,31,420,3,1,1,1,6.0,34032,M,4331010.0,323371.0,34
201600024543,16,8,2,850,1,2,1,1,3.0,34032,M,4333910.0,321078.0,34
201600024544,16,7,5,210,5,1,1,1,3.0,34032,M,4333820.0,320634.0,34
201600024545,16,9,21,1615,1,1,1,1,5.0,34032,M,4337780.0,329632.0,34
201600024546,16,9,30,1650,1,2,1,1,7.0,34032,M,4334510.0,323645.0,34
201600024547,16,11,1,1000,1,2,1,1,7.0,34032,M,4333360.0,325083.0,34
201600024548,16,10,8,1535,1,2,1,7,3.0,34032,M,4335940.0,323495.0,34
201600024549,16,11,6,820,1,1,1,1,2.0,34032,M,4334750.0,325379.0,34
201600024550,16,11,9,2330,5,2,1,9,1.0,34032,M,4333710.0,321532.0,34
201600024551,16,12,14,830,1,2,1,1,2.0,34032,M,4333510.0,327153.0,34
201600024552,16,12,14,955,1,2,1,1,7.0,34032,M,4333650.0,325561.0,34
201600024553,16,12,17,1115,1,2,1,1,5.0,34032,M,4336540.0,323148.0,34
201600024554,16,11,19,25,3,1,1,1,6.0,34032,M,4336520.0,318937.0,34
201600024555,16,1,3,1640,2,2,1,1,7.0,34172,M,4357979.0,386861.0,34
201600024556,16,1,4,1055,1,1,1,8,3.0,34172,M,4363360.0,384352.0,34
201600024557,16,1,4,1840,5,2,2,1,3.0,34172,M,4359507.0,384411.0,34
201600024558,16,1,4,1950,5,2,1,8,4.0,34172,M,4360177.0,388395.0,34
201600024559,16,1,5,1607,1,2,2,1,3.0,34172,M,4359320.0,385970.0,34
201600024560,16,1,6,1330,1,2,1,1,3.0,34172,M,4359490.0,390543.0,34
201600024561,16,1,1,1625,1,2,1,8,5.0,34172,M,4359628.0,387670.0,34
201600024562,16,1,10,1335,1,2,3,1,6.0,34172,M,4360040.0,386764.0,34
201600024563,16,1,12,1750,2,2,1,1,7.0,34172,M,4359160.0,385391.0,34
201600024564,16,1,14,635,5,2,3,1,6.0,34172,M,4361690.0,387368.0,34
201600024565,16,1,15,1710,1,2,1,1,3.0,34172,M,4362840.0,386118.0,34
201600024566,16,1,16,515,5,2,1,1,6.0,34172,M,4359095.0,385728.0,34
201600024567,16,12,24,1420,1,2,3,1,3.0,34172,M,4360590.0,389409.0,34
201600024568,16,1,16,1145,1,2,1,1,3.0,34172,M,4360230.0,385630.0,34
201600024569,16,1,19,1135,1,2,1,1,6.0,34172,M,4360740.0,387349.0,34
201600024570,16,1,19,1955,3,1,1,8,1.0,34129,M,4358220.0,390890.0,34
201600024571,16,1,22,630,5,2,1,1,1.0,34172,M,4359340.0,385994.0,34
201600024572,16,1,23,1130,1,2,3,1,3.0,34172,M,4359900.0,386600.0,34
201600024573,16,1,23,1950,5,2,1,1,4.0,34172,M,4363130.0,385066.0,34
201600024574,16,1,24,1535,1,1,1,1,7.0,34198,M,4356670.0,395690.0,34
201600024575,16,1,27,1240,1,2,6,1,6.0,34172,M,4361540.0,386948.0,34
201600024576,16,1,27,1310,1,2,1,1,7.0,34172,M,4360560.0,385671.0,34
201600024577,16,1,28,1800,2,2,1,1,3.0,34172,M,4361970.0,385142.0,34
201600024578,16,1,28,1830,5,2,1,1,6.0,34172,M,4360010.0,389620.0,34
201600024579,16,1,30,1050,1,2,1,1,3.0,34172,M,4362500.0,385099.0,34
201600024580,16,1,31,2150,5,2,1,1,6.0,34172,M,4360840.0,393045.0,34
201600024581,16,2,1,1530,1,1,1,1,7.0,34198,M,4356730.0,395627.0,34
201600024582,16,2,1,1105,1,2,2,1,3.0,34172,M,4362380.0,386205.0,34
201600024583,16,12,22,1540,1,2,1,1,6.0,34172,M,4361270.0,386670.0,34
201600024584,16,2,2,2110,5,2,3,1,3.0,34172,M,4360860.0,384604.0,34
201600024585,16,2,2,2330,5,2,1,1,6.0,34172,M,4363460.0,384923.0,34
201600024586,16,2,3,1015,1,2,1,1,6.0,34172,M,4360790.0,389411.0,34
201600024587,16,2,4,1000,1,2,1,1,3.0,34172,M,4362500.0,385100.0,34
201600024588,16,2,4,1830,5,2,2,1,3.0,34172,M,4358330.0,388730.0,34
201600024589,16,2,5,830,1,2,3,1,3.0,34172,M,4359420.0,389837.0,34
201600024590,16,2,8,920,1,2,1,1,6.0,34172,M,4359520.0,383764.0,34
201600024591,16,2,8,1810,5,2,1,1,2.0,34172,M,4361830.0,386308.0,34
201600024592,16,2,10,755,1,2,1,1,7.0,34172,M,4359700.0,387587.0,34
201600024593,16,2,4,2200,5,2,1,1,6.0,34129,M,4358690.0,392986.0,34
201600024594,16,2,15,920,1,2,1,1,7.0,34172,M,4360960.0,390900.0,34
201600024595,16,2,15,1310,1,2,2,1,2.0,34172,M,4359670.0,384481.0,34
201600024596,16,2,16,1110,1,2,1,1,7.0,34172,M,4363080.0,382129.0,34
201600024597,16,2,19,1620,1,2,1,1,4.0,34129,M,4357300.0,390818.0,34
201600024598,16,2,19,1700,1,2,1,1,6.0,34172,M,4361154.0,384661.0,34
201600024599,16,2,20,1510,1,2,1,1,3.0,34172,M,4361980.0,386541.0,34
201600024600,16,2,21,640,5,2,3,1,3.0,34172,M,4362270.0,385453.0,34
201600024601,16,2,22,1405,1,2,1,2,2.0,34172,M,4360280.0,386381.0,34
201600024602,16,2,22,1915,5,2,2,1,6.0,34172,M,4359170.0,387359.0,34
201600024603,16,2,25,1135,1,2,2,1,3.0,34172,M,4360014.0,389459.0,34
201600024604,16,2,25,1258,1,2,1,1,6.0,34172,M,4362400.0,381150.0,34
201600024605,16,2,28,1948,5,2,1,1,6.0,34172,M,4359130.0,389104.0,34
201600024606,16,3,2,1545,1,2,3,1,3.0,34172,M,4358960.0,388789.0,34
201600024607,16,3,3,1540,1,2,1,1,7.0,34172,M,4357690.0,387399.0,34
201600024608,16,3,7,915,1,2,2,1,1.0,34172,M,4360370.0,389035.0,34
201600024609,16,3,8,1710,1,2,1,1,6.0,34172,M,4360727.0,387976.0,34
201600024610,16,3,8,1600,1,2,1,1,2.0,34172,M,4360930.0,383809.0,34
201600024611,16,3,8,1742,1,2,1,1,6.0,34172,M,4360530.0,390597.0,34
201600024612,16,3,9,920,1,2,1,1,7.0,34172,M,4360560.0,388221.0,34
201600024613,16,3,9,1705,1,2,1,2,6.0,34172,M,4359120.0,385752.0,34