Num_Acc,an,mois,jour,hrmn,lum,agg,int,atm,col,com,gps,lat,long,dep
201600025232,16,7,9,1250,1,2,3,1,6.0,35238,M,4810750.0,-167456.0,35
201600025233,16,7,12,1040,1,2,1,1,1.0,35238,M,4812780.0,-165058.0,35
201600025234,16,7,16,1720,1,2,2,1,3.0,35238,M,4808370.0,-167516.0,35
201600025235,16,7,17,735,1,2,1,1,6.0,35238,M,4810200.0,-165792.0,35
201600025236,16,7,13,1900,1,1,9,1,2.0,35278,M,4814716.0,-169908.0,35
201600025237,16,7,15,1630,1,2,5,1,6.0,35238,M,4808280.0,-167501.0,35
201600025238,16,7,15,2030,1,2,5,1,7.0,35238,M,4808074.0,-167064.0,35
201600025239,16,7,16,850,1,2,6,1,3.0,35281,M,4808693.0,-170750.0,35
201600025240,16,7,16,1850,1,2,2,1,3.0,35238,M,4808590.0,-167504.0,35
201600025241,16,7,17,1450,1,2,2,1,2.0,35238,M,4813150.0,-167260.0,35
201600025242,16,7,12,1710,1,2,1,1,6.0,35238,M,4810960.0,-168822.0,35
201600025243,16,7,17,1949,1,2,2,1,3.0,35238,M,4808670.0,-167501.0,35
201600025244,16,7,18,125,3,2,1,1,6.0,35238,M,4810150.0,-171580.0,35
201600025245,16,7,18,740,1,2,6,1,2.0,35281,M,4808700.0,-170744.0,35
201600025246,16,7,19,1300,1,2,3,1,3.0,35238,M,4810610.0,-166727.0,35
201600025247,16,7,19,1200,1,2,1,1,2.0,35238,M,4811960.0,-171352.0,35
201600025248,16,7,19,1919,1,2,3,1,3.0,35238,M,4810770.0,-171531.0,35
201600025249,16,7,20,830,1,2,6,1,2.0,35238,M,4810630.0,-169515.0,35
201600025250,16,7,20,1217,1,2,1,1,3.0,35238,M,4811630.0,-166712.0,35
201600025251,16,7,20,1845,1,2,6,1,1.0,35278,M,4814230.0,-166369.0,35
201600025252,16,7,21,2040,1,2,1,1,2.0,35238,M,4808670.0,-167982.0,35
201600025253,16,7,22,950,1,2,6,1,3.0,35238,M,4809160.0,-165839.0,35
201600025254,16,7,22,1215,1,2,1,1,1.0,35238,M,4812920.0,-164470.0,35
201600025255,16,7,26,830,1,2,3,1,3.0,35238,M,4811630.0,-166839.0,35
201600025256,16,7,26,1307,1,2,3,1,3.0,35055,M,4808710.0,-162167.0,35
201600025257,16,7,26,1410,1,2,1,1,3.0,35278,M,4813670.0,-169723.0,35
201600025258,16,7,26,1540,1,2,1,1,7.0,35238,M,4812830.0,-168172.0,35
201600025259,16,7,27,700,1,2,1,1,7.0,35238,M,4810840.0,-169521.0,35
201600025260,16,7,27,1150,1,2,1,1,3.0,35238,M,4810290.0,-168433.0,35
201600025261,16,8,8,1545,1,2,5,1,1.0,35238,M,4810750.0,-171646.0,35
201600025262,16,8,5,2130,1,2,1,1,6.0,35238,M,4810750.0,-169469.0,35
201600025263,16,8,19,1116,1,2,3,2,3.0,35238,M,4810640.0,-167774.0,35
201600025264,16,8,24,1730,1,2,2,1,2.0,35238,M,4812790.0,-168345.0,35
201600025265,16,8,27,1200,1,2,1,1,4.0,35238,M,4808250.0,-169736.0,35
201600025266,16,8,28,1250,1,2,3,1,6.0,35278,M,4815490.0,-168681.0,35
201600025267,16,8,19,900,1,2,6,3,3.0,35238,M,4810410.0,-165012.0,35
201600025268,16,8,28,1745,1,2,1,1,6.0,35238,M,4813860.0,-165635.0,35
201600025269,16,8,20,730,1,2,2,8,3.0,35238,M,4812790.0,-168345.0,35
201600025270,16,8,21,930,1,2,2,1,3.0,35238,M,4809140.0,-166750.0,35
201600025271,16,8,22,1445,1,2,1,1,6.0,35238,M,4810230.0,-167399.0,35
201600025272,16,7,29,1530,1,2,2,1,3.0,35055,M,4808850.0,-161980.0,35
201600025273,16,8,3,1645,1,2,1,1,2.0,35238,M,4811150.0,-171847.0,35
201600025274,16,8,31,1300,1,2,2,1,4.0,35238,M,4810890.0,-171024.0,35
201600025275,16,8,30,1550,1,2,1,1,2.0,35238,M,4808540.0,-169570.0,35
201600025276,16,8,29,1850,1,2,1,7,3.0,35238,M,4813230.0,-165268.0,35
201600025277,16,8,30,1345,1,2,1,1,1.0,35281,M,4806050.0,-173366.0,35
201600025278,16,7,29,1806,1,2,2,1,6.0,35238,M,4812850.0,-166415.0,35
201600025279,16,8,16,1504,1,2,3,1,3.0,35238,M,4810140.0,-165964.0,35
201600025280,16,8,3,1510,1,2,3,2,3.0,35238,M,4812510.0,-170021.0,35
201600025281,16,8,6,827,1,2,9,1,2.0,35238,M,4810750.0,-171646.0,35
201600025282,16,8,6,937,1,2,2,1,7.0,35238,M,4812260.0,-168419.0,35
201600025283,16,10,6,1035,1,2,2,1,3.0,35238,M,4809780.0,-166320.0,35
201600025284,16,10,3,843,1,2,3,1,6.0,35238,M,4811620.0,-166352.0,35
201600025285,16,10,9,1252,1,2,6,1,2.0,35055,M,4808700.0,-160909.0,35
201600025286,16,10,4,830,1,2,2,1,3.0,35238,M,4811090.0,-169271.0,35
201600025287,16,10,5,1431,1,2,1,1,3.0,35238,M,4812060.0,-168189.0,35
201600025288,16,10,6,1742,1,2,6,1,3.0,35238,M,4812230.0,-163874.0,35
201600025289,16,10,6,2220,5,2,3,1,3.0,35238,M,4811330.0,-169625.0,35
201600025290,16,10,6,1704,1,2,3,1,3.0,35238,M,4810880.0,-168752.0,35
201600025291,16,10,6,1735,1,2,5,1,3.0,35278,M,4813977.0,-169623.0,35
201600025292,16,10,7,954,1,2,2,1,3.0,35238,M,4808370.0,-167516.0,35
201600025293,16,10,12,1615,1,2,2,1,2.0,35238,M,4812450.0,-170982.0,35
201600025294,16,10,7,1219,1,2,2,1,3.0,35238,M,4808840.0,-166920.0,35
201600025295,16,10,7,1524,1,2,6,1,3.0,35055,M,4809010.0,-162338.0,35
201600025296,16,10,7,1610,1,2,1,1,3.0,35238,M,4809140.0,-166456.0,35
201600025297,16,10,10,1310,1,2,3,1,2.0,35238,M,4812050.0,-170845.0,35
201600025298,16,10,11,921,1,1,5,1,4.0,35238,M,4807977.0,-168457.0,35
201600025299,16,10,11,820,1,2,1,1,6.0,35238,M,4811201.0,-170237.0,35
201600025300,16,9,1,2110,3,2,1,1,6.0,35278,M,4814070.0,-170032.0,35
201600025301,16,10,12,824,1,2,6,1,3.0,35238,M,4811180.0,-164641.0,35
201600025302,16,9,2,700,4,2,1,1,6.0,35238,M,4810210.0,-168256.0,35
201600025303,16,10,12,1730,1,2,1,1,6.0,35238,M,4810180.0,-167828.0,35
201600025304,16,9,2,858,1,2,5,1,2.0,35238,M,4811900.0,-164996.0,35
201600025305,16,10,12,1811,1,2,6,1,3.0,35238,M,4811750.0,-170466.0,35
201600025306,16,9,3,1155,1,2,6,1,6.0,35281,M,4808700.0,-170740.0,35
201600025307,16,10,12,1847,1,2,6,1,3.0,35238,M,4809160.0,-165839.0,35
201600025308,16,9,3,1230,1,2,1,1,6.0,35238,M,4812310.0,-171870.0,35
201600025309,16,10,13,930,1,2,1,1,3.0,35051,M,4810790.0,-161348.0,35
201600025310,16,9,4,1931,4,2,2,1,2.0,35238,M,4812850.0,-166415.0,35
201600025311,16,10,13,1900,1,2,1,1,3.0,35238,M,4810980.0,-167706.0,35
201600025312,16,9,5,1600,1,2,4,1,3.0,35238,M,4808890.0,-166073.0,35
201600025313,16,10,13,1918,5,2,1,1,6.0,35238,M,4811570.0,-168687.0,35
201600025314,16,9,5,1950,1,2,2,1,6.0,35238,M,4812850.0,-166415.0,35
201600025315,16,10,14,218,5,2,1,1,6.0,35238,M,4810960.0,-169283.0,35
201600025316,16,9,6,800,1,1,1,1,2.0,35055,M,4809740.0,-161715.0,35
201600025317,16,10,14,1010,1,2,6,1,6.0,35238,M,4810182.0,-170725.0,35
201600025318,16,9,6,1750,1,2,2,1,6.0,35281,M,4808970.0,-172185.0,35
201600025319,16,10,14,1525,1,2,1,1,3.0,35238,M,4810170.0,-172867.0,35
201600025320,16,9,3,1930,1,2,2,1,3.0,35238,M,4812270.0,-168542.0,35
201600025321,16,10,15,1623,1,2,1,2,4.0,35238,M,4813370.0,-168537.0,35
201600025322,16,10,16,1219,1,1,3,1,7.0,35238,M,4808250.0,-167471.0,35
201600025323,16,9,7,1000,1,1,1,1,4.0,35238,M,4814170.0,-164432.0,35
201600025324,16,10,17,836,1,2,1,1,3.0,35238,M,4810340.0,-167550.0,35
201600025325,16,9,7,1256,1,2,6,1,4.0,35278,M,4815510.0,-170131.0,35
201600025326,16,10,17,1430,1,2,2,8,3.0,35238,M,4812960.0,-164302.0,35
201600025327,16,10,17,2008,5,2,6,1,3.0,35051,M,4812340.0,-160168.0,35
201600025328,16,9,8,1720,1,2,2,1,3.0,35238,M,4808970.0,-168563.0,35
201600025329,16,10,18,754,5,2,3,1,3.0,35238,M,4808470.0,-166092.0,35
201600025330,16,9,8,1750,1,2,2,1,2.0,35051,M,4813260.0,-163319.0,35
201600025331,16,10,17,1805,1,2,3,1,3.0,35238,M,4809920.0,-165274.0,35
201600025332,16,9,9,1100,1,2,1,1,2.0,35238,M,4812530.0,-165608.0,35
201600025333,16,10,18,1159,1,2,2,1,6.0,35238,M,4811020.0,-168021.0,35
201600025334,16,9,10,930,1,2,2,1,3.0,35238,M,4810850.0,-169298.0,35
201600025335,16,10,19,1239,1,2,2,1,3.0,35238,M,4808830.0,-166760.0,35
201600025336,16,9,11,1146,1,2,2,1,6.0,35238,M,4810740.0,-167912.0,35
201600025337,16,10,19,1530,1,2,6,1,6.0,35051,M,4810190.0,-161032.0,35
201600025338,16,9,12,2355,3,2,6,1,6.0,35206,M,4807800.0,-166117.0,35
201600025339,16,10,19,2104,5,2,1,1,1.0,35238,M,4811710.0,-167793.0,35
201600025340,16,9,13,845,1,2,2,1,6.0,35238,M,4808830.0,-166760.0,35
201600025341,16,10,20,1710,1,2,1,1,2.0,35238,M,4811110.0,-164808.0,35
201600025342,16,9,13,837,1,2,1,8,4.0,35281,M,4809300.0,-170857.0,35
201600025343,16,10,20,1735,1,2,1,1,6.0,35238,M,4808270.0,-168249.0,35
201600025344,16,9,14,1615,1,2,5,1,3.0,35238,M,4810560.0,-166605.0,35
201600025345,16,10,21,420,3,2,1,1,6.0,35238,M,4812490.0,-170799.0,35
201600025346,16,10,21,958,1,2,6,1,4.0,35278,M,4816170.0,-168982.0,35
201600025347,16,8,22,900,1,2,3,1,6.0,35238,M,4808960.0,-164473.0,35
201600025348,16,9,16,10,4,2,1,1,6.0,35238,M,4812240.0,-170379.0,35
201600025349,16,9,15,830,1,2,1,1,4.0,35281,M,4809170.0,-169192.0,35
201600025350,16,10,3,830,1,2,3,1,3.0,35278,M,4816850.0,-171789.0,35
201600025351,16,10,25,827,1,2,1,5,3.0,35238,M,4808699.0,-163598.0,35
201600025352,16,10,26,1908,3,2,1,1,7.0,35278,M,4817500.0,-171707.0,35
201600025353,16,9,16,1140,1,2,6,1,3.0,35055,M,4808260.0,-164030.0,35
201600025354,16,10,23,1513,1,2,2,3,2.0,35238,M,4813850.0,-165858.0,35
201600025355,16,9,16,1200,1,2,5,1,2.0,35051,M,4814910.0,-161159.0,35
201600025356,16,10,23,1845,3,2,1,2,7.0,35238,M,4808030.0,-167815.0,35
201600025357,16,10,21,733,5,2,1,8,3.0,35238,M,4811100.0,-171838.0,35
201600025358,16,9,17,240,4,2,3,1,3.0,35238,M,4809130.0,-165283.0,35
201600025359,16,9,17,1240,1,2,1,1,2.0,35238,M,4811990.0,-167214.0,35
201600025360,16,10,24,739,4,2,6,2,7.0,35278,M,4815590.0,-170016.0,35
201600025361,16,10,21,915,1,2,1,8,4.0,35238,M,4811170.0,-171852.0,35
201600025362,16,9,18,750,2,2,2,2,3.0,35238,M,4811460.0,-165704.0,35
201600025363,16,10,25,2314,5,2,1,1,6.0,35238,M,4809440.0,-166844.0,35
201600025364,16,10,26,742,5,2,6,8,4.0,35281,M,4808720.0,-170717.0,35
201600025365,16,9,18,1040,1,1,5,2,6.0,35238,M,4808150.0,-167672.0,35
201600025366,16,10,27,2139,5,2,2,1,1.0,35238,M,4809680.0,-168157.0,35
201600025367,16,10,27,1743,1,2,3,1,6.0,35238,M,4810510.0,-167753.0,35
201600025368,16,9,19,735,2,2,1,1,7.0,35238,M,4810600.0,-166687.0,35
201600025369,16,9,20,857,1,2,1,1,3.0,35238,M,4810529.0,-173496.0,35
201600025370,16,10,28,29,5,2,1,1,6.0,35238,M,4809890.0,-168684.0,35
201600025371,16,10,28,1825,1,2,2,1,3.0,35238,M,4810890.0,-171024.0,35
201600025372,16,10,21,1711,1,2,1,1,3.0,35238,M,4812110.0,-168681.0,35
201600025373,16,9,21,1955,1,2,1,1,2.0,35281,M,4809320.0,-169106.0,35
201600025374,16,10,28,1840,1,2,1,1,2.0,35238,M,4810820.0,-169468.0,35
201600025375,16,9,21,1350,1,2,2,1,3.0,35238,M,4808970.0,-168563.0,35
201600025376,16,10,30,1743,1,2,2,1,6.0,35238,M,4812960.0,-164302.0,35
201600025377,16,9,21,2015,5,2,2,1,3.0,35238,M,4809450.0,-168562.0,35
201600025378,16,10,30,1857,5,2,1,1,1.0,35238,M,4810910.0,-169065.0,35
201600025379,16,9,22,1830,1,2,6,1,6.0,35278,M,4813500.0,-169355.0,35
201600025380,16,10,27,1814,1,1,1,1,6.0,35238,M,4808370.0,-164285.0,35
201600025381,16,10,25,1058,1,2,1,1,7.0,35238,M,4807980.0,-166850.0,35
201600025382,16,10,31,1412,1,2,1,1,6.0,35238,M,4811230.0,-169326.0,35
201600025383,16,9,23,1235,1,2,1,1,6.0,35238,M,4812640.0,-166408.0,35
201600025384,16,10,31,1402,1,2,1,1,7.0,35238,M,4810050.0,-168572.0,35
201600025385,16,9,23,1528,1,2,5,1,2.0,35238,M,4808064.0,-167385.0,35
201600025386,16,9,23,1835,1,2,5,1,4.0,35238,M,4810750.0,-171739.0,35
201600025387,16,11,1,1115,1,2,1,1,6.0,35238,M,4811981.0,-167387.0,35
201600025388,16,11,1,1546,1,2,1,1,6.0,35238,M,4811415.0,-163951.0,35
201600025389,16,11,2,1645,1,1,1,1,6.0,35238,M,4814226.0,-164666.0,35
201600025390,16,9,26,1458,1,2,2,1,6.0,35238,M,4812850.0,-166415.0,35
201600025391,16,11,3,856,1,1,6,7,3.0,35278,M,4813623.0,-169222.0,35
201600025392,16,9,27,1326,1,2,5,1,7.0,35051,M,4811438.0,-155980.0,35
201600025393,16,11,3,1323,1,2,3,1,7.0,35238,M,4813297.0,-166240.0,35
201600025394,16,11,4,842,1,1,1,1,4.0,35278,M,4814082.0,-168948.0,35
201600025395,16,9,28,1530,1,2,2,1,2.0,35238,M,4809410.0,-163435.0,35
201600025396,16,11,4,1511,1,2,6,8,6.0,35238,M,4813203.0,-165672.0,35
201600025397,16,11,4,646,3,1,9,2,6.0,35281,M,4809103.0,-170691.0,35
201600025398,16,9,29,231,5,2,3,2,7.0,35238,M,4809830.0,-164379.0,35
201600025399,16,11,4,1230,1,1,6,2,6.0,35051,M,4810222.0,-161021.0,35
201600025400,16,9,29,605,5,2,1,2,3.0,35281,M,4807490.0,-171686.0,35
201600025401,16,11,6,5,3,1,1,1,6.0,35278,M,4817475.0,-171705.0,35
201600025402,16,9,29,808,1,2,1,1,4.0,35278,M,4816310.0,-168039.0,35
201600025403,16,11,6,2119,4,2,4,2,7.0,35238,M,4810175.0,-166970.0,35
201600025404,16,9,29,1908,3,2,5,2,2.0,35281,M,4809250.0,-170776.0,35
201600025405,16,11,7,1529,1,1,1,1,3.0,35051,M,4812746.0,-162736.0,35
201600025406,16,9,30,1030,1,2,1,1,7.0,35238,M,4811990.0,-170833.0,35
201600025407,16,11,8,909,1,2,2,1,1.0,35238,M,4811251.0,-166619.0,35
201600025408,16,9,30,1345,1,2,1,1,3.0,35238,M,4812080.0,-163774.0,35
201600025409,16,9,6,832,1,2,1,1,7.0,35238,M,4811230.0,-169192.0,35
201600025410,16,9,28,1600,1,2,3,1,7.0,35278,M,4814620.0,-166855.0,35
201600025411,16,11,8,2345,3,1,1,2,2.0,35278,M,4814161.0,-167156.0,35
201600025412,16,11,8,1700,1,2,3,1,6.0,35238,M,4812337.0,-166006.0,35
201600025413,16,11,9,1220,1,2,1,1,6.0,35238,M,4809352.0,-166989.0,35
201600025414,16,11,9,1420,1,2,1,1,2.0,35238,M,4810166.0,-164957.0,35
201600025415,16,11,9,1728,1,1,1,2,2.0,35238,M,4814084.0,-168941.0,35
201600025416,16,11,9,1854,3,1,1,1,4.0,35278,M,4815687.0,-170374.0,35
201600025417,16,11,10,2050,3,1,1,1,2.0,35238,M,4808109.0,-166996.0,35
201600025418,16,11,10,1547,1,2,1,1,7.0,35051,M,4812255.0,-161822.0,35
201600025419,16,11,10,745,5,2,6,2,3.0,35238,M,4810405.0,-165017.0,35
201600025420,16,11,11,1940,3,1,1,1,3.0,35278,M,4814162.0,-170118.0,35
201600025421,16,11,12,1740,4,1,1,2,4.0,35281,M,4806805.0,-171383.0,35
201600025422,16,10,6,1730,1,2,1,1,6.0,35238,M,4812140.0,-171267.0,35
201600025423,16,11,11,450,3,1,1,1,6.0,35238,M,4809094.0,-162891.0,35
201600025424,16,11,12,1358,1,2,2,2,3.0,35238,M,4812850.0,-166418.0,35
201600025425,16,11,12,2252,5,2,2,2,3.0,35238,M,4810917.0,-165945.0,35
201600025426,16,11,14,750,2,2,2,1,3.0,35238,M,4812842.0,-166429.0,35
201600025427,16,11,15,1257,1,2,1,2,2.0,35238,M,4811246.0,-169336.0,35
201600025428,16,11,16,1929,5,2,3,2,3.0,35238,M,4811930.0,-170814.0,35
201600025429,16,11,17,230,5,2,1,1,6.0,35238,M,4809343.0,-166805.0,35
201600025430,16,11,17,2339,4,2,8,1,7.0,35238,M,4811093.0,-170400.0,35
201600025431,16,11,17,828,1,1,6,1,4.0,35281,M,4807328.0,-171229.0,35
201600025432,16,11,17,1354,1,2,3,1,3.0,35238,M,4808773.0,-163906.0,35
201600025433,16,11,17,1921,5,2,3,1,1.0,35238,M,4811357.0,-168724.0,35
201600025434,16,11,18,1526,1,2,1,1,6.0,35238,M,4813072.0,-164226.0,35
201600025435,16,11,19,2024,5,2,3,3,4.0,35055,M,4809059.0,-162525.0,35
201600025436,16,11,19,1846,3,1,6,2,2.0,35206,M,4807661.0,-169450.0,35
201600025437,16,11,21,1811,5,2,2,3,6.0,35238,M,4812705.0,-168658.0,35
201600025438,16,11,21,2110,5,2,1,1,3.0,35238,M,4810642.0,-167782.0,35
201600025439,16,11,21,1600,1,1,6,1,6.0,35051,M,4811442.0,-162062.0,35
201600025440,16,11,21,1401,1,1,6,2,6.0,35051,M,4813991.0,-162718.0,35
201600025441,16,11,21,700,3,1,1,1,4.0,35238,M,4810593.0,-171716.0,35
201600025442,16,11,22,912,1,1,1,7,5.0,35055,M,4809237.0,-162913.0,35
201600025443,16,11,22,1505,1,2,2,1,3.0,35238,M,4809517.0,-163756.0,35
201600025444,16,11,22,1745,3,1,1,1,3.0,35055,M,4809465.0,-162208.0,35
201600025445,16,11,23,800,1,2,1,1,4.0,35238,M,4812583.0,-169443.0,35
201600025446,16,11,24,2201,5,1,3,1,3.0,35238,M,4811255.0,-169216.0,35
201600025447,16,11,25,1936,5,2,1,1,7.0,35238,M,4809117.0,-164874.0,35
201600025448,16,11,25,1652,1,2,2,1,3.0,35238,M,4811249.0,-166625.0,35
201600025449,16,11,26,500,3,1,1,1,7.0,35238,M,4814014.0,-163386.0,35
201600025450,16,11,27,146,5,1,2,1,3.0,35238,M,4811645.0,-170969.0,35
201600025451,16,11,27,149,5,2,6,1,7.0,35238,M,4813509.0,-165198.0,35
201600025452,16,11,26,904,1,2,1,1,6.0,35051,M,4812359.0,-160138.0,35
201600025453,16,11,28,1900,3,1,1,1,4.0,35278,M,4815971.0,-170572.0,35
201600025454,16,11,28,1452,1,2,1,1,7.0,35051,M,4812946.0,-161991.0,35
201600025455,16,11,29,731,5,2,2,1,3.0,35238,M,4810568.0,-166601.0,35
201600025456,16,11,29,1434,1,2,3,1,3.0,35051,M,4813091.0,-162117.0,35
201600025457,16,11,29,1706,1,2,1,1,3.0,35238,M,4810937.0,-168453.0,35
201600025458,16,11,29,1626,1,2,6,1,6.0,35238,M,4811187.0,-164629.0,35
201600025459,16,11,29,1222,1,2,6,7,6.0,35238,M,4812718.0,-165167.0,35
201600025460,16,11,29,1520,1,2,1,1,6.0,35238,M,4808614.0,-168836.0,35
201600025461,16,11,29,1520,1,2,6,7,6.0,35278,M,4814361.0,-168967.0,35
201600025462,16,12,18,1945,5,2,2,1,3.0,35238,M,4809382.0,-167453.0,35
201600025463,16,11,30,737,5,2,1,1,2.0,35051,M,4810393.0,-163440.0,35
201600025464,16,11,30,950,1,2,3,1,6.0,35238,M,4809347.0,-166886.0,35
201600025465,16,12,3,1122,1,1,1,1,6.0,35055,M,4808786.0,-162605.0,35
201600025466,16,12,4,1507,1,2,2,1,3.0,35238,M,4810995.0,-165555.0,35
201600025467,16,12,5,1745,3,1,1,1,4.0,35238,M,4811812.0,-171999.0,35
201600025468,16,12,6,1855,5,2,3,1,6.0,35238,M,4810738.0,-167774.0,35
201600025469,16,12,7,1811,5,2,2,1,6.0,35238,M,4810950.0,-167808.0,35
201600025470,16,12,8,1408,1,2,1,1,3.0,35238,M,4812979.0,-170722.0,35
201600025471,16,12,8,1634,1,2,1,1,6.0,35238,M,4812998.0,-169567.0,35
201600025472,16,12,9,1402,1,2,2,1,3.0,35238,M,4809571.0,-163895.0,35
201600025473,16,12,9,2027,5,2,1,1,6.0,35238,M,4810943.0,-165705.0,35
201600025474,16,12,9,730,5,2,1,1,6.0,35238,M,4810823.0,-171284.0,35
201600025475,16,3,2,1220,1,2,9,1,1.0,35288,M,4863832.0,-200919.0,35
201600025476,16,3,2,1855,2,1,1,8,3.0,35241,M,4861415.0,-205071.0,35
201600025477,16,4,8,1715,1,2,1,1,3.0,35288,M,4864146.0,-200250.0,35
201600025478,16,3,25,1815,1,2,1,1,6.0,35288,M,4862295.0,-199702.0,35
201600025479,16,6,2,1625,1,2,3,1,6.0,35288,M,4864494.0,-199764.0,35
201600025480,16,5,26,1430,1,2,6,1,6.0,35093,M,4862740.0,-205941.0,35
201600025481,16,7,22,1834,1,2,2,1,1.0,35288,M,4865721.0,-197463.0,35
201600025482,16,8,25,2005,1,2,1,1,6.0,35093,M,4863129.0,-205246.0,35
201600025483,16,8,5,1930,1,2,3,1,1.0,35288,M,4867075.0,-198276.0,35
201600025484,16,9,28,2115,3,1,1,1,1.0,35288,M,,,35
201600025485,16,9,28,1900,1,2,1,1,6.0,35288,M,4865710.0,-199799.0,35
201600025486,16,11,12,2040,5,2,1,2,2.0,35288,M,4866269.0,-198860.0,35
201600025487,16,11,18,1610,1,2,1,8,2.0,35288,M,4865387.0,-198312.0,35
201600025488,16,12,12,1910,2,2,6,1,3.0,36044,M,4681820.0,169706.0,36
201600025489,16,12,14,1411,1,2,6,1,2.0,36044,M,4681820.0,169701.0,36
201600025490,16,12,4,1125,1,2,1,1,6.0,36044,M,4682380.0,168241.0,36
201600025491,16,12,5,1910,2,2,1,1,4.0,36063,M,4682513.0,169938.0,36
201600025492,16,12,13,1440,1,2,1,1,2.0,36044,M,4680640.0,170091.0,36
201600025493,16,12,16,1735,2,2,1,1,6.0,36044,M,4680560.0,171168.0,36
201600025494,16,12,17,1800,2,1,1,1,3.0,36202,M,4677820.0,164664.0,36
201600025495,16,11,23,1030,1,2,1,1,1.0,36063,M,4683250.0,171783.0,36
201600025496,16,11,25,850,3,2,1,8,2.0,36044,M,4682060.0,168402.0,36
201600025497,16,1,9,944,1,1,6,1,6.0,36063,M,4685150.0,170119.0,36
201600025498,16,1,15,1600,1,2,1,1,6.0,36044,M,4680540.0,171173.0,36
201600025499,16,1,5,1233,1,2,1,8,1.0,36044,M,,,36
201600025500,16,1,8,48,5,2,7,1,1.0,36044,M,,,36
201600025501,16,1,16,1230,1,2,3,8,3.0,36044,M,4680700.0,169595.0,36
201600025502,16,1,17,943,1,2,2,1,3.0,36044,M,4680880.0,170489.0,36
201600025503,16,1,23,502,5,2,1,8,6.0,36044,M,4680990.0,169435.0,36
201600025504,16,1,29,1020,1,2,1,1,3.0,36044,M,4680340.0,169196.0,36
201600025505,16,1,25,1810,5,1,1,1,3.0,36159,M,4679590.0,173016.0,36
201600025506,16,2,2,1220,1,2,1,1,3.0,36044,M,4680810.0,170620.0,36
201600025507,16,2,28,625,5,2,1,1,6.0,36044,M,4681940.0,170714.0,36
201600025508,16,2,14,1645,1,2,1,1,3.0,36044,M,4680290.0,170546.0,36
201600025509,16,2,19,2115,5,1,1,1,6.0,36044,M,4678680.0,168325.0,36
201600025510,16,2,19,549,5,2,1,9,6.0,36044,M,,,36
201600025511,16,2,16,1824,2,2,1,1,6.0,36044,M,,,36
201600025512,16,2,26,1345,1,2,2,1,6.0,36044,M,4679950.0,171441.0,36
201600025513,16,2,28,1815,2,2,3,1,3.0,36044,M,,,36
201600025514,16,3,25,1115,1,2,1,1,2.0,36044,M,4681090.0,170159.0,36
201600025515,16,4,6,1950,1,2,1,1,2.0,36044,M,4682000.0,171191.0,36
201600025516,16,3,4,1809,1,1,1,1,4.0,36202,M,4677580.0,164851.0,36
201600025517,16,3,13,2250,5,2,1,1,6.0,36044,M,4680860.0,170203.0,36
201600025518,16,3,1,750,1,1,1,1,6.0,36159,M,4678200.0,174500.0,36
201600025519,16,3,22,1620,1,2,1,1,3.0,36063,M,4682900.0,170961.0,36
201600025520,16,3,18,1848,1,2,3,1,5.0,36044,M,4681340.0,169463.0,36
201600025521,16,3,23,1035,1,2,2,1,3.0,36044,M,4680830.0,170368.0,36
201600025522,16,3,18,2005,5,1,4,1,3.0,36159,M,4676480.0,172626.0,36
201600025523,16,4,12,948,1,2,1,2,1.0,36063,M,4683560.0,170222.0,36
201600025524,16,4,18,2005,2,2,1,1,6.0,36044,M,4680870.0,170090.0,36
201600025525,16,4,19,815,2,2,2,1,3.0,36159,M,4677950.0,170720.0,36
201600025526,16,5,9,1825,1,2,1,8,4.0,36044,M,4681590.0,170893.0,36
201600025527,16,5,14,2216,5,2,1,1,6.0,36044,M,4680020.0,169727.0,36
201600025528,16,5,12,1750,1,1,1,8,4.0,36063,M,4683480.0,167747.0,36
201600025529,16,5,13,115,5,2,1,2,7.0,36044,M,4680300.0,170562.0,36
201600025530,16,5,31,1345,1,2,2,8,3.0,36044,M,4680760.0,170546.0,36
201600025531,16,5,24,1539,1,2,1,1,6.0,36063,M,4682580.0,170194.0,36
201600025532,16,5,22,1500,1,2,1,1,3.0,36044,M,4682070.0,168387.0,36
201600025533,16,5,17,1710,1,2,1,1,6.0,36044,M,4679650.0,171803.0,36
201600025534,16,5,23,900,1,2,1,8,6.0,36063,M,4682560.0,170055.0,36
201600025535,16,5,27,1725,1,2,1,1,3.0,36202,M,4681760.0,167111.0,36
201600025536,16,6,9,1610,1,2,1,1,3.0,36044,M,4681010.0,170554.0,36
201600025537,16,6,13,1845,1,1,1,8,3.0,36159,M,4677340.0,173574.0,36
201600025538,16,6,13,1700,1,1,2,8,3.0,36044,M,4678870.0,169130.0,36