Num_Acc,an,mois,jour,hrmn,lum,agg,int,atm,col,com,gps,lat,long,dep
201600025539,16,6,4,630,2,2,1,8,6.0,36063,M,4682570.0,170020.0,36
201600025540,16,6,12,2011,1,2,3,2,3.0,36044,M,4681950.0,170711.0,36
201600025541,16,6,10,1735,1,2,3,1,3.0,36063,M,4684160.0,170698.0,36
201600025542,16,6,10,811,1,2,1,1,4.0,36044,M,4682710.0,168102.0,36
201600025543,16,6,9,1720,1,2,6,1,3.0,36044,M,4681770.0,169703.0,36
201600025544,16,7,21,745,1,2,1,1,1.0,36044,M,4681010.0,169061.0,36
201600025545,16,6,18,1620,1,2,2,1,6.0,36044,M,4680060.0,171692.0,36
201600025546,16,6,26,1448,1,2,1,1,6.0,36044,M,4680500.0,169816.0,36
201600025547,16,7,6,1320,1,1,2,1,1.0,36202,M,4682490.0,164647.0,36
201600025548,16,6,16,1656,1,1,1,1,2.0,36044,M,4678750.0,167409.0,36
201600025549,16,6,10,1734,1,2,1,1,2.0,36063,M,4683630.0,170473.0,36
201600025550,16,7,9,1100,1,2,1,1,4.0,36159,M,4679560.0,173259.0,36
201600025551,16,6,21,1235,1,2,1,8,4.0,36044,M,4679370.0,169968.0,36
201600025552,16,7,18,1100,1,2,1,1,2.0,36044,M,4681050.0,170037.0,36
201600025553,16,7,30,1850,1,2,1,1,4.0,36044,M,,,36
201600025554,16,7,2,1500,1,2,1,1,3.0,36044,M,4678880.0,169567.0,36
201600025555,16,7,27,1830,1,1,1,1,2.0,36159,M,,,36
201600025556,16,7,6,1420,1,2,1,1,6.0,36044,M,4681070.0,169121.0,36
201600025557,16,7,3,1112,1,2,1,8,6.0,36044,M,4681270.0,169314.0,36
201600025558,16,7,15,1250,1,1,1,1,2.0,36044,M,4679970.0,166976.0,36
201600025559,16,8,29,1556,1,1,6,2,6.0,36063,M,4682040.0,173601.0,36
201600025560,16,7,16,1055,1,2,1,1,1.0,36044,M,4682440.0,169826.0,36
201600025561,16,7,18,1256,1,2,2,1,3.0,36063,M,4683460.0,169332.0,36
201600025562,16,7,26,1731,1,2,6,1,3.0,36044,M,4678800.0,170369.0,36
201600025563,16,9,8,1730,1,2,1,1,2.0,36044,M,4681100.0,168609.0,36
201600025564,16,9,7,910,1,2,6,1,2.0,36044,M,4679310.0,171128.0,36
201600025565,16,8,4,1740,1,2,4,1,3.0,36159,M,4679390.0,173612.0,36
201600025566,16,8,13,2035,1,2,1,1,7.0,36044,M,4678560.0,168620.0,36
201600025567,16,8,15,2214,5,2,3,1,3.0,36044,M,4680150.0,170319.0,36
201600025568,16,8,8,1336,1,2,1,8,4.0,36044,M,4681040.0,168631.0,36
201600025569,16,8,3,2120,5,2,7,1,3.0,36044,M,4681680.0,170915.0,36
201600025570,16,9,8,1420,1,2,1,1,6.0,36044,M,4680590.0,170432.0,36
201600025571,16,9,16,1730,1,2,1,1,2.0,36044,M,4680930.0,170350.0,36
201600025572,16,9,9,940,1,2,1,1,6.0,36044,M,,,36
201600025573,16,9,18,2215,5,2,2,1,3.0,36044,M,4680840.0,169161.0,36
201600025574,16,8,23,1604,1,2,1,1,3.0,36044,M,4679080.0,170988.0,36
201600025575,16,9,8,1115,1,1,2,1,3.0,36159,M,4676350.0,169589.0,36
201600025576,16,9,12,828,1,2,1,1,6.0,36044,M,4679640.0,167652.0,36
201600025577,16,9,7,910,1,2,1,1,6.0,36044,M,4681810.0,169503.0,36
201600025578,16,9,10,1710,1,2,2,1,3.0,36044,M,4680680.0,169426.0,36
201600025579,16,9,4,1154,1,2,1,8,6.0,36044,M,4679970.0,169700.0,36
201600025580,16,10,13,1825,2,2,1,1,6.0,36044,M,4680070.0,170306.0,36
201600025581,16,9,17,1610,1,2,1,1,6.0,36044,M,4680400.0,165367.0,36
201600025582,16,9,16,610,2,2,1,1,6.0,36044,M,4681010.0,169059.0,36
201600025583,16,9,24,1445,1,2,1,1,4.0,36202,M,4678730.0,165856.0,36
201600025584,16,10,26,1830,2,1,1,1,6.0,36202,M,4676050.0,163516.0,36
201600025585,16,9,27,1130,1,1,6,1,4.0,36063,M,4684830.0,171017.0,36
201600025586,16,9,17,915,1,1,6,1,3.0,36063,M,4684550.0,170895.0,36
201600025587,16,11,4,1745,2,2,1,2,6.0,36044,M,4681820.0,169508.0,36
201600025588,16,11,15,825,1,2,1,1,6.0,36044,M,4681960.0,169724.0,36
201600025589,16,10,6,1209,1,2,3,1,5.0,36044,M,4680940.0,168276.0,36
201600025590,16,10,4,1337,1,2,3,1,3.0,36044,M,4681820.0,171025.0,36
201600025591,16,10,6,1337,1,2,1,1,2.0,36063,M,4682460.0,169869.0,36
201600025592,16,8,12,2200,5,1,6,1,6.0,36063,M,4685164.0,170111.0,36
201600025593,16,10,29,645,5,1,1,1,6.0,36044,M,4679520.0,169203.0,36
201600025594,16,11,17,1945,5,2,6,3,6.0,36044,M,4681010.0,168784.0,36
201600025595,16,11,4,820,1,2,1,1,2.0,36063,M,4682890.0,170967.0,36
201600025596,16,10,17,1349,1,2,1,1,7.0,36159,M,4679240.0,173430.0,36
201600025597,16,10,21,2150,5,2,1,1,6.0,36044,M,4679650.0,169943.0,36
201600025598,16,10,31,2102,5,2,1,1,6.0,36063,M,4682850.0,170431.0,36
201600025599,16,12,2,940,1,2,2,1,3.0,36044,M,4680420.0,169180.0,36
201600025600,16,12,8,1930,3,1,1,1,3.0,36159,M,4679630.0,172951.0,36
201600025601,16,11,5,1905,2,2,2,8,3.0,36044,M,4680430.0,169175.0,36
201600025602,16,11,7,754,2,1,1,1,6.0,36202,M,4681239.0,165647.0,36
201600025603,16,11,8,1830,3,2,1,1,4.0,36202,M,4680330.0,162937.0,36
201600025604,16,11,11,53,5,2,1,1,2.0,36044,M,4681110.0,167900.0,36
201600025605,16,11,5,1015,1,1,6,1,3.0,36057,M,,,36
201600025606,16,11,3,1547,1,2,1,1,6.0,36063,M,4683420.0,167775.0,36
201600025607,16,12,6,800,1,2,1,1,3.0,36044,M,4681050.0,170581.0,36
201600025608,16,11,7,1415,1,2,1,1,2.0,36044,M,4679970.0,169680.0,36
201600025609,16,11,12,700,3,1,1,1,6.0,36202,M,4674920.0,162556.0,36
201600025610,16,11,3,1853,2,2,1,1,7.0,36044,M,4681620.0,168470.0,36
201600025611,16,11,4,1705,2,2,1,1,7.0,36202,M,4678200.0,165472.0,36
201600025612,16,1,2,1945,5,2,1,1,7.0,37261,M,4739734.0,68952.0,37
201600025613,16,1,3,2125,3,1,1,2,7.0,37122,M,,,37
201600025614,16,1,4,1015,1,2,6,1,7.0,37214,M,4742652.0,65520.0,37
201600025615,16,10,20,835,1,2,1,1,7.0,37122,M,,,37
201600025616,16,1,4,1835,5,2,1,8,7.0,37261,M,4741800.0,69178.0,37
201600025617,16,1,4,1830,5,2,1,2,2.0,37261,M,4738179.0,66825.0,37
201600025618,16,1,5,1140,1,2,1,1,6.0,37261,M,4736073.0,70658.0,37
201600025619,16,1,6,2310,5,2,1,2,2.0,37261,M,4739097.0,69540.0,37
201600025620,16,1,9,1020,1,2,1,1,5.0,37122,M,4735253.0,66101.0,37
201600025621,16,1,9,1410,1,2,1,1,2.0,37261,M,4740141.0,68418.0,37
201600025622,16,1,9,1545,1,2,1,1,2.0,37261,M,4742431.0,68939.0,37
201600025623,16,1,10,1702,2,2,1,8,2.0,37261,M,4739944.0,67535.0,37
201600025624,16,1,11,700,5,2,1,3,3.0,37233,M,4739700.0,72929.0,37
201600025625,16,1,12,1010,1,2,6,1,3.0,37261,M,4743266.0,68599.0,37
201600025626,16,1,12,1557,1,1,1,2,2.0,37195,M,4738865.0,64898.0,37
201600025627,16,1,13,510,5,2,2,1,3.0,37261,M,4738442.0,68237.0,37
201600025628,16,11,7,2106,5,2,6,1,7.0,37261,M,,,37
201600025629,16,1,14,1330,1,2,1,1,6.0,37261,M,4738657.0,70335.0,37
201600025630,16,1,14,2300,3,2,1,1,7.0,37122,M,4737091.0,65405.0,37
201600025631,16,1,15,650,5,2,6,1,7.0,37214,M,4741897.0,67370.0,37
201600025632,16,1,15,741,5,2,3,1,2.0,37261,M,4740641.0,68892.0,37
201600025633,16,1,18,840,1,2,1,4,3.0,37261,M,4738626.0,66769.0,37
201600025634,16,1,19,1235,1,2,1,1,6.0,37261,M,4739673.0,69332.0,37
201600025635,16,1,20,815,1,1,1,1,2.0,37195,M,4737457.0,65242.0,37
201600025636,16,1,20,1510,1,2,2,1,6.0,37261,M,4739185.0,70168.0,37
201600025637,16,1,21,1105,1,2,2,1,3.0,37261,M,4738403.0,69134.0,37
201600025638,16,1,22,135,5,2,1,1,6.0,37261,M,4739718.0,69940.0,37
201600025639,16,11,23,1853,5,2,1,1,4.0,37261,M,,,37
201600025640,16,1,3,2145,4,2,2,2,1.0,37261,M,4738453.0,67683.0,37
201600025641,16,1,22,1825,5,2,1,2,6.0,37261,M,4742337.0,68936.0,37
201600025642,16,1,24,1740,1,2,3,1,3.0,37214,M,,,37
201600025643,16,12,11,1200,1,1,1,1,7.0,37261,M,,,37
201600025644,16,1,25,905,1,2,1,1,3.0,37233,M,4739677.0,71157.0,37
201600025645,16,1,25,900,1,2,1,1,6.0,37214,M,4741150.0,67577.0,37
201600025646,16,1,27,1220,1,2,3,1,2.0,37261,M,4737959.0,66792.0,37
201600025647,16,1,28,840,1,1,1,3,4.0,37195,M,4739059.0,64805.0,37
201600025648,16,1,28,910,1,2,1,2,7.0,37122,M,4734788.0,64805.0,37
201600025649,16,1,28,1620,1,2,1,1,7.0,37195,M,4738963.0,64754.0,37
201600025650,16,1,28,1820,5,2,1,1,2.0,37208,M,4735590.0,71939.0,37
201600025651,16,1,27,2300,5,2,1,2,6.0,37261,M,4741758.0,70225.0,37
201600025652,16,1,28,130,5,2,1,8,7.0,37261,M,4737691.0,68786.0,37
201600025653,16,1,29,1620,1,2,3,1,3.0,37261,M,4741797.0,69179.0,37
201600025654,16,1,30,1412,1,2,1,2,7.0,37261,M,4743670.0,70933.0,37
201600025655,16,1,30,1720,2,2,3,2,1.0,37261,M,4741044.0,70662.0,37
201600025656,16,1,31,1845,5,2,6,1,6.0,37261,M,4737501.0,71591.0,37
201600025657,16,2,1,1518,1,2,1,1,4.0,37233,M,,,37
201600025658,16,2,3,1810,5,2,1,1,3.0,37122,M,4734959.0,67991.0,37
201600025659,16,2,4,1830,1,2,3,1,3.0,37261,M,,,37
201600025660,16,2,4,1815,5,2,1,1,3.0,37208,M,4736848.0,73467.0,37
201600025661,16,2,5,1620,1,2,1,1,3.0,37261,M,4739191.0,70179.0,37
201600025662,16,2,6,1830,5,1,1,1,6.0,37261,M,4742093.0,68144.0,37
201600025663,16,2,6,2200,3,2,1,1,2.0,37122,M,4736739.0,65307.0,37
201600025664,16,2,7,2045,5,2,1,2,7.0,37122,M,4735039.0,65624.0,37
201600025665,16,2,8,1140,1,2,1,1,6.0,37261,M,4741187.0,68503.0,37
201600025666,16,2,8,1900,5,2,1,8,6.0,37261,M,4700000.0,67680.0,37
201600025667,16,2,10,1350,1,2,2,1,6.0,37261,M,4739016.0,69428.0,37
201600025668,16,2,10,1425,1,2,4,1,7.0,37261,M,4740876.0,71421.0,37
201600025669,16,2,10,1725,1,2,1,1,2.0,37261,M,4743250.0,67361.0,37
201600025670,16,2,10,1745,1,2,9,1,6.0,37261,M,,,37
201600025671,16,2,10,1915,5,2,9,1,3.0,37261,M,4739218.0,70060.0,37
201600025672,16,2,10,2200,3,2,1,1,6.0,37261,M,4738034.0,74762.0,37
201600025673,16,2,10,1200,1,2,3,1,7.0,37261,M,0.0,0.0,37
201600025674,16,2,11,2049,3,1,1,1,6.0,37261,M,4739000.0,94912.0,37
201600025675,16,2,13,50,5,2,2,1,3.0,37261,M,4739125.0,69535.0,37
201600025676,16,2,13,1115,1,1,1,2,6.0,37122,M,0.0,0.0,37
201600025677,16,2,14,1335,1,2,1,1,6.0,37261,M,4738000.0,68927.0,37
201600025678,16,2,15,907,1,1,1,8,7.0,37122,M,4731800.0,65905.0,37
201600025679,16,2,15,1525,1,1,2,1,3.0,37261,M,4732540.0,67894.0,37
201600025680,16,2,15,1933,5,2,3,1,3.0,37261,M,4739173.0,70008.0,37
201600025681,16,2,16,851,1,2,1,1,6.0,37122,M,4734950.0,67270.0,37
201600025682,16,2,16,1630,1,2,1,1,7.0,37195,M,,,37
201600025683,16,1,22,1945,3,2,1,1,6.0,37122,M,4769885.0,66647.0,37
201600025684,16,1,18,1200,1,2,1,1,7.0,37195,M,4722365.0,67564.0,37
201600025685,16,2,18,900,1,2,2,4,3.0,37122,M,,,37
201600025686,16,2,18,1000,1,2,3,2,6.0,37261,M,,,37
201600025687,16,2,18,1020,1,1,1,2,6.0,37122,M,4733098.0,68023.0,37
201600025688,16,2,19,605,5,2,1,8,3.0,37261,M,4737783.0,67087.0,37
201600025689,16,2,19,1330,1,2,2,1,5.0,37233,M,4738968.0,71824.0,37
201600025690,16,2,19,1430,1,2,1,1,6.0,37214,M,4743406.0,64110.0,37
201600025691,16,2,19,2053,5,2,1,1,2.0,37233,M,4738043.0,-73071.0,37
201600025692,16,2,20,1140,1,2,1,2,2.0,37261,M,4743667.0,70941.0,37
201600025693,16,2,20,1525,1,2,1,1,2.0,37122,M,4735800.0,69110.0,37
201600025694,16,2,21,2200,5,2,2,2,6.0,37261,M,4739747.0,69928.0,37
201600025695,16,2,22,1102,1,2,1,1,3.0,37122,M,4734676.0,64783.0,37
201600025696,16,2,22,1940,5,2,2,8,3.0,37261,M,,,37
201600025697,16,1,23,1910,5,2,1,1,2.0,37261,M,,,37
201600025698,16,2,24,1530,1,2,1,3,1.0,37122,M,4735070.0,65513.0,37
201600025699,16,2,24,2150,5,2,1,2,6.0,37261,M,,,37
201600025700,16,1,18,1355,1,2,1,1,6.0,37261,M,4738555.0,69564.0,37
201600025701,16,2,25,910,1,2,3,1,1.0,37261,M,4737466.0,71777.0,37
201600025702,16,2,26,715,5,2,1,1,2.0,37261,M,,,37
201600025703,16,2,26,1602,1,2,1,1,4.0,37261,M,4758967.0,66984.0,37
201600025704,16,2,29,750,1,2,1,1,6.0,37122,M,4734756.0,66532.0,37
201600025705,16,2,29,715,1,1,3,1,3.0,37122,M,4735000.0,67305.0,37
201600025706,16,3,2,920,1,2,1,2,6.0,37261,M,,,37
201600025707,16,3,2,1730,1,2,2,1,3.0,37261,M,4742367.0,69310.0,37
201600025708,16,3,3,1250,1,2,6,1,3.0,37233,M,4738977.0,72273.0,37
201600025709,16,3,4,210,5,2,2,2,3.0,37261,M,,,37
201600025710,16,3,5,630,5,2,1,2,6.0,37261,M,4741006.0,72014.0,37
201600025711,16,2,29,1117,1,2,2,1,3.0,37261,M,,,37
201600025712,16,3,5,1200,1,2,1,1,4.0,37261,M,4740924.0,70332.0,37
201600025713,16,3,7,849,1,2,1,8,2.0,37261,M,4740223.0,70178.0,37
201600025714,16,3,4,1210,1,2,6,2,7.0,37261,M,4737379.0,67845.0,37
201600025715,16,3,7,1600,1,1,1,1,1.0,37122,M,4730277.0,65902.0,37
201600025716,16,3,8,850,1,2,3,1,3.0,37261,M,,,37
201600025717,16,3,8,941,1,1,1,1,2.0,37122,M,,,37
201600025718,16,3,9,955,1,2,1,1,6.0,37261,M,4738127.0,68412.0,37
201600025719,16,3,10,1125,1,1,1,1,7.0,37122,M,4735538.0,64588.0,37
201600025720,16,3,10,1440,1,2,1,1,7.0,37261,M,4742293.0,69730.0,37
201600025721,16,3,4,2000,5,2,2,2,2.0,37261,M,4737721.0,70683.0,37
201600025722,16,3,12,620,5,2,1,1,1.0,37233,M,4737936.0,72241.0,37
201600025723,16,3,11,1120,1,2,1,1,1.0,37208,M,4715732.0,17852.0,37
201600025724,16,3,12,1110,1,2,1,1,6.0,37261,M,4766522.0,17254.0,37
201600025725,16,3,12,1350,1,2,2,1,3.0,37261,M,,,37
201600025726,16,3,13,455,5,2,6,1,3.0,37261,M,4739480.0,70438.0,37
201600025727,16,3,15,1715,1,2,6,1,3.0,37261,M,4739532.0,67745.0,37
201600025728,16,3,16,730,1,1,1,1,6.0,37122,M,4736784.0,64432.0,37
201600025729,16,3,16,900,1,1,1,1,6.0,37122,M,4736722.0,65663.0,37
201600025730,16,3,18,850,1,2,1,1,3.0,37261,M,4739375.0,70285.0,37
201600025731,16,3,19,545,5,2,1,1,6.0,37233,M,,,37
201600025732,16,3,19,1520,1,2,1,1,6.0,37261,M,4736834.0,70956.0,37
201600025733,16,3,21,955,1,2,2,1,6.0,37122,M,,,37
201600025734,16,3,21,1135,1,2,1,1,7.0,37122,M,4735658.0,69840.0,37
201600025735,16,3,21,1720,1,2,1,1,1.0,37261,M,4741283.0,70100.0,37
201600025736,16,3,22,904,1,2,2,1,3.0,37261,M,,,37
201600025737,16,3,25,1110,1,1,1,2,3.0,37195,M,4737826.0,64948.0,37
201600025738,16,3,25,1950,5,2,6,1,3.0,37214,M,4740618.0,66920.0,37
201600025739,16,4,3,1200,1,2,1,1,6.0,37261,M,4742702.0,68376.0,37
201600025740,16,4,2,2025,1,2,2,1,3.0,37261,M,4738176.0,69729.0,37
201600025741,16,4,3,1642,1,2,1,1,6.0,37261,M,4740286.0,69668.0,37
201600025742,16,4,4,1928,1,2,2,1,3.0,37261,M,4738759.0,70214.0,37
201600025743,16,4,5,1716,1,2,3,1,3.0,37214,M,4742506.0,65329.0,37
201600025744,16,4,7,1440,1,2,4,8,2.0,37208,M,4737148.0,71592.0,37
201600025745,16,4,7,2125,5,2,9,1,5.0,37261,M,4739175.0,0.0,37
201600025746,16,4,8,1120,1,2,2,1,1.0,37261,M,4737599.0,70577.0,37
201600025747,16,4,10,210,3,2,1,1,7.0,37195,M,4738236.0,62515.0,37
201600025748,16,4,10,1145,1,2,1,1,3.0,37261,M,4740600.0,68264.0,37
201600025749,16,4,13,2210,5,2,1,1,7.0,37261,M,4741596.0,67799.0,37
201600025750,16,4,14,1000,1,2,7,1,6.0,37261,M,4738000.0,69308.0,37
201600025751,16,4,14,1345,1,2,1,2,7.0,37214,M,4739634.0,66018.0,37
201600025752,16,4,11,1215,1,2,3,1,7.0,37261,M,4725648.0,25489.0,37
201600025753,16,4,14,1520,1,2,1,2,7.0,37261,M,4739234.0,68805.0,37
201600025754,16,4,14,1700,1,2,2,2,3.0,37208,M,4737040.0,71819.0,37
201600025755,16,4,15,917,1,2,1,1,3.0,37261,M,4741432.0,70204.0,37
201600025756,16,3,2,845,2,1,1,2,7.0,37122,M,,,37
201600025757,16,3,2,650,5,2,1,3,1.0,37122,M,,,37
201600025758,16,4,16,2320,5,2,1,1,6.0,37261,M,4739641.0,68363.0,37
201600025759,16,4,17,2145,5,2,2,8,3.0,37261,M,4738215.0,68219.0,37
201600025760,16,4,18,810,1,2,1,1,3.0,37122,M,,,37
201600025761,16,4,18,815,1,2,2,1,3.0,37261,M,,,37
201600025762,16,4,18,1100,1,2,1,1,2.0,37261,M,,,37
201600025763,16,4,18,1515,1,1,9,1,4.0,37195,M,4738722.0,64811.0,37
201600025764,16,4,18,1715,1,2,1,1,6.0,37261,M,4739102.0,68413.0,37
201600025765,16,4,19,1225,1,2,1,1,6.0,37261,M,,,37
201600025766,16,4,19,1345,1,2,2,1,3.0,37261,M,4738634.0,68401.0,37
201600025767,16,4,19,1530,1,2,9,1,6.0,37261,M,4739154.0,69928.0,37
201600025768,16,3,18,920,1,2,1,1,1.0,37261,M,0.0,0.0,37
201600025769,16,3,23,845,1,2,1,1,7.0,37261,M,4725482.0,58722.0,37
201600025770,16,4,20,1745,1,2,1,1,7.0,37261,M,4739596.0,67703.0,37
201600025771,16,4,21,1810,1,2,1,1,6.0,37261,M,0.0,0.0,37
201600025772,16,4,22,1230,1,2,2,1,3.0,37261,M,4737759.0,68699.0,37
201600025773,16,4,23,2205,5,2,1,1,6.0,37261,M,4741799.0,68158.0,37
201600025774,16,4,25,800,1,1,1,1,4.0,37122,M,4735832.0,64573.0,37
201600025775,16,4,26,1648,1,2,1,1,6.0,37261,M,4739174.0,66813.0,37
201600025776,16,4,27,1245,1,2,1,1,2.0,37233,M,4737873.0,72042.0,37
201600025777,16,4,28,1130,1,2,1,1,3.0,37261,M,4738864.0,70280.0,37
201600025778,16,4,29,1435,1,2,1,1,3.0,37261,M,,,37
201600025779,16,4,29,1705,1,2,1,8,6.0,37261,M,,,37
201600025780,16,4,29,415,5,2,1,1,7.0,37261,M,4738117.0,69380.0,37
201600025781,16,4,30,1545,1,2,2,1,4.0,37261,M,4742364.0,69283.0,37
201600025782,16,5,1,2025,2,2,1,1,7.0,37261,M,4738802.0,68954.0,37
201600025783,16,4,29,1200,1,2,1,1,6.0,37208,M,4736139.0,72069.0,37
201600025784,16,5,3,1005,1,2,1,1,3.0,37261,M,4740111.0,68378.0,37
201600025785,16,5,3,1800,1,2,1,1,3.0,37261,M,4742086.0,68362.0,37
201600025786,16,5,6,800,1,2,1,1,3.0,37261,M,,,37
201600025787,16,5,6,600,5,2,1,1,6.0,37214,M,,,37
201600025788,16,5,6,950,1,2,2,1,3.0,37261,M,,,37
201600025789,16,5,6,2045,2,2,2,1,7.0,37233,M,4738728.0,71033.0,37
201600025790,16,5,7,1835,1,2,1,1,2.0,37233,M,4739788.0,75095.0,37
201600025791,16,5,10,1720,1,1,1,1,3.0,37233,M,4739091.0,72903.0,37
201600025792,16,5,10,1210,1,2,1,2,7.0,37261,M,4736234.0,69589.0,37
201600025793,16,5,14,540,5,2,2,1,6.0,37261,M,0.0,0.0,37
201600025794,16,5,14,2105,5,2,2,1,7.0,37261,M,4738397.0,69161.0,37
201600025795,16,5,14,1915,1,2,2,1,3.0,37195,M,4738702.0,65926.0,37
201600025796,16,5,11,2215,5,2,1,8,1.0,37233,M,4737843.0,71918.0,37
201600025797,16,5,16,2025,1,2,6,1,2.0,37261,M,4737489.0,67121.0,37
201600025798,16,5,17,1040,1,2,1,1,2.0,37261,M,4736542.0,71445.0,37
201600025799,16,5,17,2000,1,2,3,1,3.0,37261,M,4737872.0,67744.0,37
201600025800,16,5,18,1700,1,2,1,1,2.0,37233,M,4738729.0,71436.0,37
201600025801,16,5,18,2220,5,2,3,3,3.0,37261,M,4736786.0,71349.0,37
201600025802,16,5,19,1210,1,2,3,1,3.0,37122,M,4736302.0,67397.0,37
201600025803,16,5,20,850,1,2,2,1,3.0,37261,M,4741886.0,70290.0,37
201600025804,16,5,21,5,5,2,2,1,3.0,37261,M,0.0,0.0,37
201600025805,16,5,20,1220,1,2,1,1,6.0,37261,M,4739283.0,68785.0,37
201600025806,16,5,21,1155,1,2,2,1,3.0,37261,M,4739569.0,68901.0,37
201600025807,16,5,21,2030,1,2,1,1,7.0,37214,M,4739545.0,66621.0,37
201600025808,16,5,21,2005,1,2,1,1,3.0,37233,M,0.0,0.0,37
201600025809,16,5,23,1730,1,2,3,1,6.0,37261,M,0.0,0.0,37
201600025810,16,5,23,2100,2,1,9,1,6.0,37261,M,4721536.0,42294.0,37
201600025811,16,5,25,505,5,2,2,1,3.0,37261,M,,,37
201600025812,16,5,25,1220,1,2,2,1,3.0,37261,M,,,37
201600025813,16,5,26,640,1,1,6,1,6.0,37122,M,4736738.0,65268.0,37
201600025814,16,5,26,1440,1,2,1,1,6.0,37261,M,4739645.0,68484.0,37
201600025815,16,5,28,1455,1,2,1,1,6.0,37261,M,4737251.0,69677.0,37
201600025816,16,5,29,230,3,2,1,1,1.0,37233,M,4740367.0,76679.0,37
201600025817,16,5,30,900,1,2,1,1,2.0,37214,M,4742821.0,65181.0,37
201600025818,16,5,31,1035,1,2,2,2,3.0,37261,M,4739185.0,68583.0,37
201600025819,16,5,31,1217,1,2,6,3,2.0,37261,M,4739462.0,70475.0,37
201600025820,16,5,31,1400,1,2,2,2,3.0,37261,M,4738521.0,70697.0,37
201600025821,16,5,31,2105,1,1,1,1,6.0,37261,M,,,37
201600025822,16,6,1,145,3,1,1,1,6.0,37195,M,4738994.0,64819.0,37
201600025823,16,6,1,535,4,2,1,2,7.0,37261,M,4736295.0,69697.0,37
201600025824,16,6,1,1235,1,2,2,1,2.0,37261,M,4739245.0,68571.0,37
201600025825,16,6,1,1620,1,2,6,1,2.0,37214,M,0.0,0.0,37
201600025826,16,6,1,1925,1,2,1,2,6.0,37233,M,0.0,0.0,37
201600025827,16,6,3,1540,1,2,6,1,7.0,37122,M,4733879.0,65312.0,37
201600025828,16,6,5,850,1,2,1,1,7.0,37214,M,4742918.0,64380.0,37
201600025829,16,6,5,1625,1,1,1,1,6.0,37122,M,4736509.0,65082.0,37
201600025830,16,6,6,510,5,2,1,1,3.0,37261,M,4739535.0,67739.0,37
201600025831,16,6,6,731,1,2,1,1,6.0,37261,M,0.0,0.0,37
201600025832,16,6,7,1512,1,2,1,7,6.0,37261,M,4738755.0,69336.0,37
201600025833,16,6,7,1925,1,2,1,1,3.0,37261,M,0.0,0.0,37
201600025834,16,6,7,1000,1,2,1,1,7.0,37261,M,,,37
201600025835,16,6,8,1115,1,2,2,1,3.0,37261,M,4131100.0,326000.0,37
201600025836,16,6,8,1254,1,2,1,1,3.0,37261,M,4738716.0,69008.0,37
201600025837,16,6,8,1415,1,2,1,1,7.0,37261,M,4742157.0,68343.0,37
201600025838,16,6,10,1715,1,2,1,1,4.0,37261,M,4741462.0,70334.0,37
201600025839,16,6,11,55,3,2,1,8,6.0,37195,M,4737827.0,64950.0,37
201600025840,16,6,11,925,1,2,1,8,7.0,37214,M,4739784.0,66619.0,37
201600025841,16,6,11,2130,2,2,1,2,1.0,37261,M,4740792.0,68153.0,37
201600025842,16,6,12,2000,1,1,3,1,1.0,37208,M,4736861.0,73837.0,37
201600025843,16,6,13,1700,1,2,1,8,7.0,37261,M,4736099.0,69038.0,37
201600025844,16,6,14,1345,1,2,1,1,2.0,37122,M,4736770.0,64293.0,37
201600025845,16,6,15,20,5,2,1,2,6.0,37261,M,4739257.0,67884.0,37
201600025846,16,6,15,1330,1,2,6,1,3.0,37261,M,4738137.0,70675.0,37
201600025847,16,6,15,1405,1,2,1,1,7.0,37261,M,4738889.0,69133.0,37
201600025848,16,6,15,1545,1,2,1,1,2.0,37122,M,,,37
201600025849,16,6,3,1455,1,2,6,1,7.0,37195,M,4738483.0,64198.0,37
201600025850,16,6,17,830,1,2,3,1,3.0,37122,M,4733817.0,65335.0,37
201600025851,16,6,17,1445,1,1,1,1,7.0,37122,M,4732458.0,66246.0,37
201600025852,16,6,17,1900,1,2,2,3,6.0,37261,M,4739114.0,69538.0,37
201600025853,16,6,20,1615,1,2,1,1,6.0,37261,M,4737947.0,69215.0,37
201600025854,16,6,21,1925,1,2,1,1,1.0,37261,M,,,37
201600025855,16,6,22,118,5,2,3,1,3.0,37214,M,4739754.0,66744.0,37
201600025856,16,6,22,2035,1,2,1,1,3.0,37261,M,4741101.0,69423.0,37
201600025857,16,6,24,1550,1,2,3,1,2.0,37122,M,4735926.0,69772.0,37
201600025858,16,6,24,2315,5,2,1,1,2.0,37261,M,4742059.0,68370.0,37
201600025859,16,6,27,1140,1,2,1,1,6.0,37261,M,4736500.0,68305.0,37
201600025860,16,6,29,915,1,2,2,1,6.0,37261,M,4743383.0,67441.0,37
201600025861,16,6,29,1645,1,2,1,1,6.0,37261,M,4738449.0,69607.0,37
201600025862,16,7,1,1015,1,2,1,1,6.0,37122,M,4735105.0,66433.0,37
201600025863,16,7,1,1709,1,2,1,1,6.0,37261,M,4739656.0,69247.0,37
201600025864,16,5,7,1825,1,2,1,1,2.0,37261,M,,,37
201600025865,16,7,3,1850,1,2,1,1,7.0,37261,M,,,37
201600025866,16,7,3,1917,1,2,6,2,7.0,37208,M,4736695.0,72028.0,37
201600025867,16,7,3,1210,1,2,1,1,2.0,37122,M,4735106.0,67919.0,37