Num_Acc,an,mois,jour,hrmn,lum,agg,int,atm,col,com,gps,lat,long,dep
201600025868,16,7,4,1525,1,1,1,1,2.0,37122,M,4735170.0,64573.0,37
201600025869,16,7,5,1115,1,2,1,1,6.0,37261,M,,,37
201600025870,16,7,5,1905,1,2,6,1,7.0,37122,M,4734681.0,64708.0,37
201600025871,16,7,7,850,1,2,4,1,6.0,37122,M,0.0,0.0,37
201600025872,16,7,7,1305,1,2,1,1,3.0,37261,M,4737386.0,69518.0,37
201600025873,16,7,7,2040,1,2,1,1,3.0,37261,M,4738986.0,68492.0,37
201600025874,16,7,8,1640,1,2,1,1,3.0,37214,M,4741700.0,66677.0,37
201600025875,16,7,9,1723,1,2,1,1,6.0,37122,M,,,37
201600025876,16,7,10,145,5,2,1,1,6.0,37261,M,4739766.0,68980.0,37
201600025877,16,7,12,240,5,2,9,1,7.0,37261,M,4737673.0,71281.0,37
201600025878,16,7,12,1010,1,2,3,1,3.0,37261,M,,,37
201600025879,16,7,12,1610,1,2,1,1,7.0,37233,M,4738285.0,72163.0,37
201600025880,16,7,13,855,1,2,3,1,7.0,37261,M,4740308.0,70486.0,37
201600025881,16,7,9,2333,5,2,1,1,7.0,37261,M,,,37
201600025882,16,7,18,1040,1,2,6,1,3.0,37233,M,4738762.0,72685.0,37
201600025883,16,7,18,1655,1,1,1,1,6.0,37122,M,4733965.0,66712.0,37
201600025884,16,7,20,1120,1,2,3,1,3.0,37261,M,4736846.0,71022.0,37
201600025885,16,7,20,1815,1,2,1,1,7.0,37122,M,4734727.0,66365.0,37
201600025886,16,7,21,640,1,2,1,1,1.0,37233,M,4737968.0,72376.0,37
201600025887,16,7,22,1840,1,2,2,1,3.0,37122,M,,,37
201600025888,16,7,23,1815,1,2,2,1,7.0,37261,M,4739170.0,66818.0,37
201600025889,16,7,24,35,5,2,2,1,3.0,37261,M,4739030.0,68873.0,37
201600025890,16,7,24,1710,1,2,2,1,1.0,37261,M,4739751.0,69946.0,37
201600025891,16,6,10,1136,1,2,1,1,7.0,37208,M,,,37
201600025892,16,7,27,1728,1,2,6,1,3.0,37214,M,4742007.0,66260.0,37
201600025893,16,8,1,2023,1,2,1,1,6.0,37261,M,4738772.0,68989.0,37
201600025894,16,8,2,1030,1,2,1,1,7.0,37261,M,4741129.0,68683.0,37
201600025895,16,8,2,1600,1,2,1,1,3.0,37122,M,,,37
201600025896,16,8,3,1408,1,2,1,1,3.0,37261,M,4741100.0,69422.0,37
201600025897,16,8,4,1045,1,2,6,2,4.0,37261,M,4739462.0,70473.0,37
201600025898,16,8,4,1220,1,1,1,2,3.0,37261,M,4736789.0,66082.0,37
201600025899,16,8,4,1740,1,2,1,1,2.0,37208,M,4735760.0,72245.0,37
201600025900,16,8,5,2000,1,2,1,1,6.0,37261,M,4739085.0,69448.0,37
201600025901,16,8,6,2140,5,2,1,1,6.0,37233,M,4738941.0,71123.0,37
201600025902,16,8,7,640,1,2,3,1,3.0,37261,M,4739717.0,68851.0,37
201600025903,16,8,6,1720,1,2,1,1,1.0,37208,M,4736628.0,71758.0,37
201600025904,16,8,7,1940,1,2,9,1,6.0,37261,M,4737052.0,70653.0,37
201600025905,16,8,9,1510,1,2,3,1,2.0,37261,M,4739352.0,66302.0,37
201600025906,16,8,11,1130,1,2,2,1,3.0,37195,M,4738426.0,65292.0,37
201600025907,16,8,12,745,1,2,2,1,3.0,37261,M,4739157.0,69759.0,37
201600025908,16,8,12,1700,1,2,1,1,3.0,37233,M,4738213.0,72980.0,37
201600025909,16,8,12,1505,1,1,1,1,7.0,37261,M,4245700.0,67439.0,37
201600025910,16,8,12,2135,5,2,1,1,1.0,37122,M,4735952.0,66877.0,37
201600025911,16,8,14,900,1,2,1,1,6.0,37261,M,,,37
201600025912,16,7,12,1034,1,2,1,1,7.0,37122,M,,,37
201600025913,16,8,16,1145,1,2,2,1,6.0,37261,M,4737886.0,70085.0,37
201600025914,16,8,17,1240,1,2,2,1,7.0,37261,M,4740766.0,68156.0,37
201600025915,16,8,17,1105,1,2,1,1,2.0,37214,M,4743060.0,64282.0,37
201600025916,16,8,18,1250,1,2,6,1,7.0,37261,M,4739543.0,67747.0,37
201600025917,16,8,18,1745,1,2,1,1,3.0,37233,M,4738716.0,70977.0,37
201600025918,16,8,12,2005,1,2,3,1,6.0,37208,M,4736534.0,71835.0,37
201600025919,16,8,18,1055,1,2,1,1,2.0,37195,M,4737522.0,65211.0,37
201600025920,16,8,20,640,2,2,1,1,6.0,37214,M,4740447.0,67699.0,37
201600025921,16,8,20,1100,1,2,9,1,6.0,37122,M,4735554.0,69774.0,37
201600025922,16,8,19,1500,1,2,1,1,6.0,37122,M,,,37
201600025923,16,8,21,1945,1,2,1,1,2.0,37261,M,0.0,0.0,37
201600025924,16,4,15,1229,1,2,1,1,2.0,37261,M,4739303.0,70620.0,37
201600025925,16,8,22,932,1,1,3,1,7.0,37261,M,0.0,0.0,37
201600025926,16,8,22,1710,1,2,1,1,6.0,37214,M,4742477.0,65719.0,37
201600025927,16,8,23,940,1,2,1,1,2.0,37261,M,4723000.0,124000.0,37
201600025928,16,8,23,1240,1,2,2,1,6.0,37122,M,4735202.0,68696.0,37
201600025929,16,8,23,1400,1,2,2,1,6.0,37261,M,4739081.0,69191.0,37
201600025930,16,8,24,1205,1,2,3,1,6.0,37261,M,4738514.0,70010.0,37
201600025931,16,8,24,1355,1,2,2,1,7.0,37261,M,4738724.0,70540.0,37
201600025932,16,8,25,940,1,2,1,1,6.0,37261,M,4736346.0,69898.0,37
201600025933,16,8,24,2010,1,2,1,1,6.0,37261,M,4738188.0,70573.0,37
201600025934,16,8,25,1330,1,1,1,1,7.0,37195,M,4738858.0,64888.0,37
201600025935,16,8,25,1515,1,2,2,1,3.0,37261,M,4738700.0,69814.0,37
201600025936,16,8,29,1215,1,1,1,1,2.0,37122,M,,,37
201600025937,16,9,1,1800,1,2,1,1,6.0,37261,M,,,37
201600025938,16,9,2,1919,1,2,3,1,3.0,37122,M,4140000.0,180000.0,37
201600025939,16,9,4,140,5,2,2,1,6.0,37261,M,4739403.0,67804.0,37
201600025940,16,9,2,1140,1,2,1,1,6.0,37261,M,4737427.0,72008.0,37
201600025941,16,9,5,1535,1,2,3,1,3.0,37122,M,4735552.0,69861.0,37
201600025942,16,9,6,810,1,2,3,1,2.0,37122,M,4734275.0,62790.0,37
201600025943,16,9,6,830,1,2,1,1,3.0,37214,M,4741829.0,66461.0,37
201600025944,16,9,7,900,1,2,1,7,6.0,37214,M,,,37
201600025945,16,9,7,1340,1,2,1,1,6.0,37233,M,,,37
201600025946,16,9,8,1015,1,2,2,1,3.0,37208,M,4736528.0,71472.0,37
201600025947,16,9,7,1855,1,2,3,1,6.0,37122,M,,,37
201600025948,16,9,8,1845,1,2,1,1,6.0,37261,M,,,37
201600025949,16,9,9,945,1,2,3,1,1.0,37261,M,4740943.0,68209.0,37
201600025950,16,9,10,1730,1,2,1,1,6.0,37261,M,4738007.0,69574.0,37
201600025951,16,9,11,1915,1,2,1,1,7.0,37261,M,4737384.0,69514.0,37
201600025952,16,9,12,1545,1,2,1,1,7.0,37195,M,,,37
201600025953,16,9,13,1800,1,2,3,1,3.0,37208,M,,,37
201600025954,16,9,15,2250,5,2,1,1,6.0,37261,M,4741156.0,68428.0,37
201600025955,16,9,16,1623,1,1,1,2,7.0,37122,M,,,37
201600025956,16,9,16,1620,1,2,1,3,7.0,37122,M,4736016.0,68442.0,37
201600025957,16,9,16,1630,1,2,1,2,6.0,37261,M,4741806.0,67787.0,37
201600025958,16,9,16,2225,3,1,1,1,7.0,37261,M,,,37
201600025959,16,9,19,1650,1,2,2,8,2.0,37261,M,,,37
201600025960,16,9,20,1400,1,2,6,1,3.0,37261,M,4743000.0,68720.0,37
201600025961,16,9,22,815,1,2,1,1,6.0,37233,M,4738000.0,74400.0,37
201600025962,16,9,23,1759,1,2,1,1,7.0,37122,M,,,37
201600025963,16,9,24,1645,1,2,1,1,2.0,37233,M,4737892.0,72081.0,37
201600025964,16,9,29,750,2,2,1,1,3.0,37261,M,4738125.0,68840.0,37
201600025965,16,9,30,847,1,2,3,1,3.0,37233,M,4739575.0,72700.0,37
201600025966,16,9,30,800,1,1,1,1,2.0,37214,M,4743045.0,64268.0,37
201600025967,16,9,30,1730,1,2,6,2,3.0,37233,M,4739213.0,72532.0,37
201600025968,16,10,3,1320,1,2,3,1,7.0,37122,M,4734491.0,64937.0,37
201600025969,16,10,3,1740,1,2,3,1,7.0,37122,M,4736172.0,67312.0,37
201600025970,16,10,4,915,1,2,6,1,7.0,37261,M,4743000.0,70500.0,37
201600025971,16,10,4,1445,1,2,1,1,7.0,37261,M,4741934.0,68414.0,37
201600025972,16,10,4,1940,2,2,1,1,1.0,37233,M,4738984.0,71433.0,37
201600025973,16,10,5,745,1,1,1,1,7.0,37208,M,4733899.0,73954.0,37
201600025974,16,10,5,950,1,2,1,1,6.0,37195,M,4738371.0,66231.0,37
201600025975,16,10,5,1730,1,2,1,1,1.0,37122,M,4733794.0,66473.0,37
201600025976,16,10,5,1850,1,2,1,1,6.0,37261,M,4735708.0,70530.0,37
201600025977,16,10,6,1550,1,2,1,1,4.0,37261,M,4737122.0,69661.0,37
201600025978,16,10,7,1108,1,2,2,1,3.0,37261,M,4739240.0,69710.0,37
201600025979,16,10,7,1725,1,2,6,1,6.0,37122,M,4733801.0,65777.0,37
201600025980,16,10,9,1550,1,1,6,1,7.0,37261,M,4741037.0,72089.0,37
201600025981,16,10,7,1745,1,2,1,1,6.0,37261,M,,,37
201600025982,16,10,10,1340,1,2,2,1,3.0,37261,M,4739126.0,69534.0,37
201600025983,16,10,10,1358,1,2,4,1,2.0,37195,M,4737970.0,64356.0,37
201600025984,16,10,11,1400,1,2,1,1,2.0,37261,M,4737048.0,67700.0,37
201600025985,16,10,11,1720,1,2,2,1,4.0,37261,M,4738482.0,71038.0,37
201600025986,16,10,11,2115,5,2,2,1,2.0,37261,M,4738215.0,69214.0,37
201600025987,16,10,11,2225,5,2,3,1,3.0,37261,M,4737835.0,69035.0,37
201600025988,16,10,12,1700,1,2,1,1,1.0,37261,M,4738998.0,67006.0,37
201600025989,16,10,13,710,5,2,3,1,3.0,37122,M,4734850.0,66120.0,37
201600025990,16,10,13,1750,2,2,3,2,2.0,37122,M,4734852.0,66122.0,37
201600025991,16,10,14,100,5,2,6,8,6.0,37233,M,4737778.0,71652.0,37
201600025992,16,10,14,1840,5,1,2,1,3.0,37214,M,4743091.0,66770.0,37
201600025993,16,10,15,935,1,2,1,1,6.0,37208,M,4735488.0,72228.0,37
201600025994,16,10,15,1930,5,2,1,1,3.0,37261,M,4742859.0,70969.0,37
201600025995,16,10,16,2115,5,2,1,1,7.0,37233,M,4738010.0,72639.0,37
201600025996,16,10,20,1515,1,2,1,1,7.0,37261,M,4739300.0,68700.0,37
201600025997,16,10,20,1830,2,2,9,1,6.0,37233,M,,,37
201600025998,16,10,19,1510,1,2,1,1,6.0,37261,M,4738208.0,69270.0,37
201600025999,16,10,21,1530,1,2,3,1,3.0,37208,M,4735951.0,72736.0,37
201600026000,16,10,22,1220,1,2,9,1,3.0,37195,M,4738390.0,65884.0,37
201600026001,16,10,19,1145,1,2,3,1,3.0,37261,M,4743543.0,69323.0,37
201600026002,16,10,24,1340,1,2,1,2,7.0,37233,M,4739085.0,73127.0,37
201600026003,16,10,24,1355,1,2,1,2,6.0,37261,M,4742211.0,68330.0,37
201600026004,16,10,24,1725,1,1,1,1,7.0,37261,M,4737355.0,67882.0,37
201600026005,16,9,2,1159,1,2,3,1,1.0,37214,M,,,37
201600026006,16,10,25,1620,1,2,3,1,3.0,37261,M,4737466.0,71779.0,37
201600026007,16,10,25,1120,1,1,2,1,3.0,37233,M,4739114.0,71727.0,37
201600026008,16,10,25,1020,1,2,3,1,3.0,37122,M,4734859.0,65570.0,37
201600026009,16,10,26,805,1,1,1,1,6.0,37261,M,4738895.0,69602.0,37
201600026010,16,10,27,600,5,2,3,1,6.0,37261,M,,,37
201600026011,16,10,27,1055,1,2,1,1,6.0,37261,M,,,37
201600026012,16,9,9,1743,1,1,1,1,6.0,37208,M,,,37
201600026013,16,10,28,930,1,2,1,1,4.0,37261,M,4736400.0,68500.0,37
201600026014,16,10,28,1600,1,2,6,1,3.0,37261,M,4741866.0,68378.0,37
201600026015,16,10,30,1800,5,2,1,1,7.0,37261,M,4738038.0,69780.0,37
201600026016,16,11,1,1023,1,1,1,5,2.0,37261,M,4742021.0,71669.0,37
201600026017,16,11,2,515,5,2,1,5,7.0,37261,M,,,37
201600026018,16,11,2,1745,5,2,1,1,6.0,37261,M,4741848.0,68465.0,37
201600026019,16,11,2,2030,5,2,1,1,3.0,37261,M,4738357.0,67697.0,37
201600026020,16,11,4,1835,1,2,1,1,6.0,37261,M,4742997.0,70506.0,37
201600026021,16,11,5,1030,1,2,6,1,7.0,37261,M,4743081.0,70496.0,37
201600026022,16,11,5,1545,1,2,6,1,3.0,37214,M,4741528.0,67331.0,37
201600026023,16,11,5,1515,1,2,1,1,3.0,37233,M,4738108.0,73392.0,37
201600026024,16,11,6,1730,1,2,3,1,3.0,37214,M,,,37
201600026025,16,11,7,1020,1,2,2,2,1.0,37261,M,4738892.0,67936.0,37
201600026026,16,11,7,1800,5,2,1,2,4.0,37122,M,4733400.0,66400.0,37
201600026027,16,11,7,1450,1,2,1,1,7.0,37261,M,,,37
201600026028,16,11,7,2050,5,2,1,3,3.0,37261,M,4738200.0,70500.0,37
201600026029,16,11,10,1000,1,2,2,1,6.0,37261,M,4739286.0,67859.0,37
201600026030,16,11,10,825,1,2,3,1,3.0,37122,M,4734831.0,65969.0,37
201600026031,16,11,10,1205,1,2,1,1,4.0,37261,M,4736903.0,67650.0,37
201600026032,16,11,12,1725,5,2,1,2,2.0,37233,M,4738020.0,72770.0,37
201600026033,16,11,12,2115,5,2,2,2,3.0,37208,M,4735521.0,72364.0,37
201600026034,16,11,13,2255,5,2,1,1,6.0,37214,M,0.0,0.0,37
201600026035,16,10,24,1420,1,2,1,2,3.0,37261,M,,,37
201600026036,16,11,15,1840,5,2,1,2,4.0,37261,M,4738130.0,70191.0,37
201600026037,16,11,16,810,2,2,1,1,6.0,37261,M,4742208.0,68349.0,37
201600026038,16,11,16,910,1,1,1,1,6.0,37195,M,4738940.0,64696.0,37
201600026039,16,11,16,900,1,2,1,2,6.0,37122,M,4734941.0,67351.0,37
201600026040,16,11,13,1115,1,2,1,1,6.0,37122,M,4735079.0,66262.0,37
201600026041,16,11,16,1240,1,2,3,1,3.0,37261,M,4737773.0,67760.0,37
201600026042,16,11,16,1320,1,2,1,1,2.0,37261,M,4739185.0,66806.0,37
201600026043,16,11,16,2100,5,2,6,2,3.0,37233,M,4739206.0,72534.0,37
201600026044,16,11,17,905,1,2,6,1,5.0,37261,M,,,37
201600026045,16,11,16,1835,5,2,1,3,6.0,37122,M,4734607.0,64361.0,37
201600026046,16,11,17,1830,5,2,1,1,2.0,37261,M,4739525.0,69974.0,37
201600026047,16,11,18,1810,5,2,2,2,6.0,37261,M,4738359.0,66828.0,37
201600026048,16,11,18,2145,5,2,6,3,2.0,37261,M,4737391.0,69506.0,37
201600026049,16,11,19,1510,1,2,3,1,3.0,37261,M,,,37
201600026050,16,11,21,820,1,2,1,1,6.0,37233,M,,,37
201600026051,16,11,22,750,1,2,3,1,3.0,37208,M,4736501.0,71643.0,37
201600026052,16,11,22,820,1,2,1,1,7.0,37261,M,4737967.0,74497.0,37
201600026053,16,11,22,1720,1,2,1,1,6.0,37261,M,4738541.0,69262.0,37
201600026054,16,11,23,900,1,2,2,2,3.0,37261,M,4738662.0,69220.0,37
201600026055,16,11,27,1120,1,2,2,1,7.0,37195,M,,,37
201600026056,16,11,28,45,5,2,3,1,6.0,37122,M,4735676.0,69862.0,37
201600026057,16,11,28,1430,1,2,6,1,3.0,37233,M,4739203.0,72516.0,37
201600026058,16,9,29,2110,3,1,9,1,7.0,37122,M,,,37
201600026059,16,11,30,1340,1,2,1,1,6.0,37261,M,,,37
201600026060,16,11,30,1549,1,2,1,1,3.0,37261,M,,,37
201600026061,16,12,1,1000,1,2,1,1,6.0,37233,M,4738970.0,72609.0,37
201600026062,16,12,1,2045,5,2,3,1,5.0,37261,M,4739000.0,66700.0,37
201600026063,16,12,2,845,1,2,2,1,3.0,37261,M,4739127.0,69763.0,37
201600026064,16,12,2,1010,1,2,1,1,7.0,37233,M,4738900.0,72200.0,37
201600026065,16,11,29,1208,1,2,1,1,2.0,37261,M,4742894.0,67907.0,37
201600026066,16,11,29,1110,1,2,1,1,3.0,37233,M,4739004.0,73328.0,37
201600026067,16,12,2,1525,1,2,2,1,6.0,37261,M,4739663.0,68596.0,37
201600026068,16,12,2,1835,5,2,2,1,1.0,37208,M,4735674.0,73172.0,37
201600026069,16,12,2,2200,3,1,1,1,6.0,37195,M,4738646.0,64978.0,37
201600026070,16,12,2,2025,5,2,6,1,3.0,37261,M,4741881.0,70472.0,37
201600026071,16,12,6,1,3,2,1,8,6.0,37122,M,4731018.0,67964.0,37
201600026072,16,12,8,1730,5,2,6,1,6.0,37261,M,4741253.0,70057.0,37
201600026073,16,12,6,1159,1,2,6,1,6.0,37208,M,4736587.0,71805.0,37
201600026074,16,12,6,1216,1,2,1,1,2.0,37261,M,4739628.0,68831.0,37
201600026075,16,12,12,830,1,2,2,1,6.0,37261,M,4739338.0,67185.0,37
201600026076,16,12,13,1930,5,2,1,1,4.0,37261,M,4739500.0,67700.0,37
201600026077,16,12,13,2125,5,2,2,1,3.0,37261,M,4736517.0,68367.0,37
201600026078,16,12,15,915,1,2,1,1,4.0,37261,M,4737300.0,68900.0,37
201600026079,16,12,15,1310,1,2,1,7,6.0,37122,M,4736074.0,68970.0,37
201600026080,16,12,15,1845,5,2,1,1,3.0,37122,M,4734375.0,63979.0,37
201600026081,16,12,15,1920,3,2,1,1,6.0,37261,M,4738849.0,69649.0,37
201600026082,16,12,19,2210,3,2,1,1,6.0,37122,M,4734455.0,63427.0,37
201600026083,16,12,21,1735,3,2,1,2,2.0,37261,M,4743015.0,68201.0,37
201600026084,16,12,21,1725,5,2,2,2,3.0,37122,M,4734607.0,67307.0,37
201600026085,16,12,21,1845,5,2,1,2,6.0,37122,M,4735113.0,66426.0,37
201600026086,16,12,21,1910,4,2,1,3,2.0,37261,M,4738775.0,68763.0,37
201600026087,16,12,22,1350,1,2,1,1,3.0,37122,M,4736603.0,65233.0,37
201600026088,16,12,22,1450,1,2,6,1,7.0,37261,M,4737385.0,67848.0,37
201600026089,16,12,22,1150,1,2,1,8,6.0,37261,M,4737693.0,71410.0,37
201600026090,16,12,23,1055,1,2,2,5,6.0,37261,M,4742826.0,69683.0,37
201600026091,16,12,23,1555,1,2,1,1,2.0,37261,M,4739137.0,68160.0,37
201600026092,16,12,23,2005,5,2,1,1,6.0,37122,M,4735223.0,68734.0,37
201600026093,16,12,24,1125,1,2,1,1,7.0,37261,M,4738373.0,69676.0,37
201600026094,16,12,26,708,5,2,6,2,7.0,37261,M,4743000.0,67300.0,37
201600026095,16,12,27,1540,1,2,1,1,3.0,37214,M,4740281.0,67083.0,37
201600026096,16,12,27,1700,2,2,4,1,2.0,37208,M,4737033.0,71819.0,37
201600026097,16,12,28,1545,1,2,3,1,3.0,37261,M,4738696.0,69812.0,37
201600026098,16,12,28,115,5,2,2,1,3.0,37261,M,4736541.0,71311.0,37
201600026099,16,1,22,1800,5,2,1,2,6.0,37261,M,,,37
201600026100,16,1,3,1640,1,1,3,1,3.0,38053,M,4562334.0,528224.0,38
201600026101,16,2,9,1015,1,2,1,1,3.0,38053,M,,,38
201600026102,16,2,21,1900,5,2,1,1,6.0,38053,M,,,38
201600026103,16,4,6,1100,1,2,1,2,6.0,38053,M,,,38
201600026104,16,4,14,2150,5,2,2,1,3.0,38053,M,4558640.0,528119.0,38
201600026105,16,4,21,1720,1,2,1,1,6.0,38053,M,,,38
201600026106,16,5,6,2050,2,2,1,1,2.0,38053,M,4558867.0,526959.0,38
201600026107,16,5,17,1153,1,2,9,1,6.0,38053,M,,,38
201600026108,16,5,19,943,1,2,1,8,6.0,38053,M,,,38
201600026109,16,7,18,1823,1,1,9,1,6.0,38053,M,4535521.0,400000.0,38
201600026110,16,8,1,910,1,2,1,1,6.0,38053,M,4559205.0,529316.0,38
201600026111,16,8,7,1345,1,2,1,1,1.0,38053,M,,,38
201600026112,16,8,8,1555,1,2,2,1,3.0,38053,M,,,38
201600026113,16,11,4,800,1,2,2,1,3.0,38053,M,4558317.0,526855.0,38
201600026114,16,11,18,420,5,2,3,1,3.0,38053,M,,,38
201600026115,16,12,9,1845,5,2,9,1,3.0,38053,M,4558673.0,528130.0,38
201600026116,16,1,7,1900,5,2,1,2,1.0,38185,M,4518880.0,573594.0,38
201600026117,16,1,8,1135,1,1,1,2,6.0,38229,M,4520264.0,578209.0,38
201600026118,16,1,15,1030,1,2,3,1,3.0,38169,M,4519395.0,567627.0,38
201600026119,16,1,17,1450,1,2,1,1,2.0,38185,M,4516772.0,570425.0,38
201600026120,16,1,29,1800,5,2,2,1,3.0,38185,M,4518870.0,573450.0,38
201600026121,16,2,5,2110,5,2,1,1,2.0,38421,M,4516294.0,575263.0,38
201600026122,16,2,6,1825,5,2,1,1,6.0,38185,M,,,38
201600026123,16,2,14,630,3,2,1,1,2.0,38185,M,,,38
201600026124,16,2,15,1150,1,2,1,1,6.0,38421,M,4519220.0,576358.0,38
201600026125,16,2,13,2238,3,1,1,1,7.0,38421,M,4518020.0,577676.0,38
201600026126,16,2,17,1930,5,2,7,1,6.0,38185,M,4519637.0,573441.0,38
201600026127,16,2,25,1230,1,1,1,3,4.0,38185,M,4518094.0,570240.0,38
201600026128,16,2,26,1225,1,2,3,1,3.0,38185,M,4518727.0,572382.0,38
201600026129,16,3,1,1210,1,2,3,1,6.0,38185,M,4518050.0,574170.0,38
201600026130,16,3,8,1438,1,2,1,2,3.0,38185,M,4518680.0,573620.0,38
201600026131,16,3,12,920,1,2,1,1,6.0,38185,M,4518067.0,572210.0,38
201600026132,16,3,12,1215,1,2,1,1,6.0,38185,M,4518810.0,572341.0,38
201600026133,16,3,14,1800,2,2,1,1,6.0,38179,M,4518208.0,579270.0,38
201600026134,16,3,15,1500,1,2,1,1,3.0,38151,M,4514126.0,570323.0,38
201600026135,16,3,18,630,2,1,1,1,6.0,38151,M,4515101.0,569705.0,38
201600026136,16,3,18,1530,1,2,1,1,6.0,38151,M,4514382.0,570831.0,38
201600026137,16,3,20,1055,1,2,6,1,3.0,38185,M,4519710.0,573640.0,38
201600026138,16,3,21,1340,1,2,1,1,6.0,38421,M,4517340.0,575550.0,38
201600026139,16,3,23,1630,1,2,1,1,6.0,38169,M,,,38
201600026140,16,3,25,225,5,2,1,1,6.0,38185,M,4517631.0,572355.0,38
201600026141,16,3,29,1815,1,2,1,1,6.0,38185,M,4517631.0,572355.0,38
201600026142,16,4,2,2030,1,2,1,1,2.0,38516,M,4519247.0,574652.0,38
201600026143,16,4,12,1125,1,2,1,1,6.0,38185,M,4517284.0,570767.0,38
201600026144,16,4,18,730,1,2,1,1,6.0,38169,M,4520347.0,568525.0,38
201600026145,16,4,27,1411,1,2,1,1,4.0,38185,M,4518860.0,570280.0,38
201600026146,16,4,29,1820,1,2,1,1,5.0,38516,M,4519450.0,574940.0,38
201600026147,16,5,4,1258,1,2,9,1,1.0,38185,M,,,38
201600026148,16,5,4,1440,1,2,1,1,2.0,38151,M,,,38
201600026149,16,5,7,1935,1,2,1,1,2.0,38421,M,4518588.0,576058.0,38
201600026150,16,5,9,2300,5,2,9,2,1.0,38421,M,4517894.0,576171.0,38
201600026151,16,5,10,850,1,2,3,1,3.0,38185,M,4518930.0,572103.0,38
201600026152,16,5,10,2215,5,2,1,1,6.0,38185,M,4518761.0,572908.0,38
201600026153,16,5,15,1920,1,2,1,1,1.0,38185,M,4517490.0,574490.0,38
201600026154,16,5,21,540,4,2,2,1,6.0,38185,M,4519700.0,573422.0,38
201600026155,16,5,21,1725,1,2,2,1,3.0,38151,M,4515691.0,572466.0,38
201600026156,16,5,23,745,1,2,1,2,6.0,38185,M,4518258.0,572838.0,38
201600026157,16,5,25,545,2,2,3,1,3.0,38185,M,4518188.0,571674.0,38
201600026158,16,5,28,215,3,1,1,1,2.0,38185,M,4520478.0,571158.0,38
201600026159,16,5,28,1715,1,2,1,1,6.0,38169,M,4519883.0,569219.0,38
201600026160,16,6,7,1945,1,2,1,1,6.0,38185,M,4516445.0,572858.0,38
201600026161,16,6,8,1750,1,2,1,1,4.0,38151,M,4514540.0,570470.0,38
201600026162,16,6,12,1630,1,2,1,1,6.0,38185,M,4515930.0,572390.0,38
201600026163,16,6,19,1645,1,2,9,2,6.0,38185,M,,,38
201600026164,16,6,23,415,5,2,3,1,1.0,38185,M,4518591.0,571698.0,38
201600026165,16,6,27,1400,1,2,2,1,3.0,38185,M,4518338.0,571055.0,38
201600026166,16,6,28,1655,1,1,1,1,6.0,38383,M,4521982.0,567392.0,38
201600026167,16,6,29,645,1,1,1,1,6.0,38382,M,4522145.0,567224.0,38
201600026168,16,6,29,1155,1,2,2,1,3.0,38185,M,4518887.0,573734.0,38
201600026169,16,6,29,1605,1,2,4,1,6.0,38185,M,4515860.0,570430.0,38
201600026170,16,7,2,1520,1,2,1,1,6.0,38421,M,,,38
201600026171,16,7,3,1800,1,2,1,1,6.0,38185,M,4518473.0,574338.0,38
201600026172,16,7,5,750,1,2,9,1,6.0,38185,M,,,38
201600026173,16,7,7,10,5,2,2,1,7.0,38185,M,4518803.0,571919.0,38
201600026174,16,7,7,940,1,1,1,1,6.0,38185,M,4520572.0,578449.0,38
201600026175,16,7,8,1730,1,2,2,1,4.0,38185,M,4518002.0,570553.0,38
201600026176,16,7,8,2350,5,2,1,1,6.0,38185,M,4516530.0,570880.0,38
201600026177,16,7,9,1030,1,1,1,1,1.0,38179,M,4518749.0,580612.0,38
201600026178,16,7,9,2320,5,2,3,1,5.0,38185,M,4517393.0,572515.0,38
201600026179,16,7,10,750,1,2,2,1,6.0,38185,M,4518856.0,571121.0,38
201600026180,16,7,12,1200,1,2,1,1,6.0,38185,M,4517355.0,551773.0,38
201600026181,16,7,21,1045,1,2,4,1,6.0,38185,M,4518821.0,571483.0,38
201600026182,16,7,21,1550,1,2,1,1,6.0,38421,M,,,38
201600026183,16,7,23,545,2,1,1,8,2.0,38185,M,4515884.0,570144.0,38
201600026184,16,7,29,920,1,2,1,1,6.0,38516,M,4520705.0,574508.0,38
201600026185,16,7,31,640,1,1,1,1,6.0,38185,M,4515537.0,569907.0,38
201600026186,16,8,2,1730,1,2,2,1,6.0,38421,M,4519365.0,575608.0,38
201600026187,16,8,3,1500,1,2,2,1,3.0,38421,M,4516772.0,576227.0,38
201600026188,16,8,15,2210,5,2,2,1,6.0,38185,M,4518769.0,572374.0,38
201600026189,16,8,16,1500,1,1,1,1,5.0,38111,M,4511669.0,568488.0,38
201600026190,16,8,21,1940,1,2,1,1,6.0,38185,M,4518345.0,573314.0,38
201600026191,16,8,27,100,3,1,1,1,7.0,38423,M,4521512.0,571916.0,38
201600026192,16,9,1,1400,1,2,4,1,6.0,38185,M,4518022.0,570363.0,38
201600026193,16,9,8,1820,1,2,2,1,6.0,38185,M,4518651.0,573511.0,38
201600026194,16,9,9,920,1,2,5,1,4.0,38185,M,4519370.0,571837.0,38
201600026195,16,9,11,1054,1,2,1,1,6.0,38185,M,4518557.0,573087.0,38