Num_Acc,an,mois,jour,hrmn,lum,agg,int,atm,col,com,gps,lat,long,dep
201600026196,16,9,15,955,1,2,2,1,3.0,38185,M,,,38
201600026197,16,9,17,1205,1,1,1,2,2.0,38185,M,4515178.0,572143.0,38
201600026198,16,9,21,1842,1,1,1,1,6.0,38185,M,4515838.0,572432.0,38
201600026199,16,9,22,800,1,1,1,1,1.0,38179,M,4516880.0,579678.0,38
201600026200,16,9,29,825,1,1,1,1,1.0,38516,M,4519614.0,575293.0,38
201600026201,16,9,30,750,1,2,3,1,6.0,38185,M,4518590.0,571502.0,38
201600026202,16,9,30,2105,5,1,1,1,6.0,38516,M,4520352.0,577744.0,38
201600026203,16,10,6,1835,1,1,1,1,2.0,38185,M,4520098.0,571606.0,38
201600026204,16,10,7,1040,1,2,1,1,6.0,38151,M,4515914.0,572636.0,38
201600026205,16,10,7,1750,1,2,3,1,6.0,38185,M,4517429.0,572946.0,38
201600026206,16,10,10,2032,5,2,2,1,6.0,38185,M,4518102.0,572271.0,38
201600026207,16,10,12,1530,1,2,3,1,6.0,38421,M,4518580.0,576620.0,38
201600026208,16,10,15,1930,1,2,1,1,3.0,38151,M,4515108.0,570669.0,38
201600026209,16,10,16,615,1,2,1,1,2.0,38185,M,4519249.0,572228.0,38
201600026210,16,10,17,1226,1,2,2,1,1.0,38185,M,4519040.0,570431.0,38
201600026211,16,10,20,1640,1,2,1,1,2.0,38516,M,4519648.0,575221.0,38
201600026212,16,10,22,1424,1,2,2,1,6.0,38185,M,4517185.0,574353.0,38
201600026213,16,10,28,2020,4,1,1,1,5.0,38185,M,4518027.0,571190.0,38
201600026214,16,10,29,2145,1,1,1,1,6.0,38185,M,4518087.0,572217.0,38
201600026215,16,10,29,2359,4,1,1,1,2.0,38185,M,4518143.0,570237.0,38
201600026216,16,11,4,1845,5,2,3,1,6.0,38185,M,4518940.0,573057.0,38
201600026217,16,11,5,2240,5,2,3,2,3.0,38185,M,4518946.0,572905.0,38
201600026218,16,11,8,750,1,2,1,8,6.0,38185,M,4518826.0,573163.0,38
201600026219,16,11,16,1440,1,2,2,1,6.0,38185,M,4517056.0,572762.0,38
201600026220,16,11,19,945,1,2,2,1,7.0,38169,M,4519201.0,568548.0,38
201600026221,16,11,21,1645,1,2,2,9,6.0,38185,M,4518588.0,571656.0,38
201600026222,16,11,24,1930,5,2,1,2,1.0,38185,M,4517895.0,571094.0,38
201600026223,16,11,25,1750,5,1,1,1,4.0,38516,M,4519747.0,575398.0,38
201600026224,16,11,26,620,3,1,5,2,7.0,38185,M,4518311.0,577872.0,38
201600026225,16,12,1,740,1,2,2,1,3.0,38185,M,4517052.0,572754.0,38
201600026226,16,12,9,820,1,1,1,1,1.0,38185,M,4517380.0,571600.0,38
201600026227,16,12,9,1045,1,2,3,8,6.0,38169,M,4519113.0,569596.0,38
201600026228,16,12,9,1820,5,2,1,1,4.0,38185,M,4517616.0,570504.0,38
201600026229,16,12,10,2320,5,2,3,1,6.0,38185,M,4518591.0,571844.0,38
201600026230,16,12,13,1910,5,1,2,1,6.0,38185,M,4516948.0,571294.0,38
201600026231,16,12,13,830,1,2,1,1,6.0,38185,M,4518426.0,573211.0,38
201600026232,16,12,16,1330,1,2,1,1,6.0,38185,M,4518420.0,572370.0,38
201600026233,16,12,20,910,1,2,1,1,2.0,38185,M,4518789.0,572231.0,38
201600026234,16,12,21,2000,4,1,1,1,6.0,38185,M,4518024.0,570350.0,38
201600026235,16,12,22,1100,1,2,3,1,6.0,38185,M,4515905.0,572849.0,38
201600026236,16,12,23,337,5,2,6,2,6.0,38516,M,4520069.0,575833.0,38
201600026237,16,10,2,430,5,2,1,1,6.0,38544,M,4550014.0,484911.0,38
201600026238,16,11,12,1755,5,1,1,2,6.0,38544,M,4552682.0,490341.0,38
201600026239,16,1,9,2220,4,1,1,1,2.0,38544,M,4552488.0,488404.0,38
201600026240,16,9,30,1355,1,1,2,1,5.0,38318,M,4551929.0,491883.0,38
201600026241,16,11,17,1545,1,2,1,1,6.0,38544,M,4551674.0,486896.0,38
201600026242,16,3,8,1820,2,2,1,1,3.0,38544,M,4551063.0,485680.0,38
201600026243,16,10,14,808,2,2,1,3,6.0,38544,M,4552913.0,487800.0,38
201600026244,16,3,8,1845,1,2,1,1,3.0,38544,M,4558800.0,486572.0,38
201600026245,16,10,14,2053,5,2,2,2,3.0,38318,M,,,38
201600026246,16,10,14,1135,1,1,1,1,1.0,38544,M,4552498.0,488388.0,38
201600026247,16,5,25,1200,1,2,1,1,6.0,38544,M,4552398.0,487350.0,38
201600026248,16,10,12,1540,1,1,4,1,1.0,38318,M,4551000.0,492000.0,38
201600026249,16,11,11,2132,1,1,1,1,1.0,38544,M,,,38
201600026250,16,4,3,1655,1,2,1,1,2.0,38544,M,4552806.0,487342.0,38
201600026251,16,6,29,1016,1,1,1,1,3.0,38318,M,4554436.0,492063.0,38
201600026252,16,6,5,1445,1,2,1,1,1.0,38544,M,4552699.0,488271.0,38
201600026253,16,9,17,30,3,1,1,1,1.0,38544,M,4552281.0,491097.0,38
201600026254,16,9,19,1730,2,2,1,1,6.0,38544,M,,,38
201600026255,16,10,12,1250,1,2,1,1,6.0,38544,M,4552836.0,487360.0,38
201600026256,16,1,2,1920,5,2,4,2,6.0,38563,M,4536488.0,559075.0,38
201600026257,16,1,26,1905,5,2,1,1,2.0,38563,M,4538075.0,557963.0,38
201600026258,16,1,27,1755,2,1,1,1,6.0,38563,M,4535217.0,559145.0,38
201600026259,16,3,4,1100,1,2,3,2,3.0,38563,M,,,38
201600026260,16,3,1,1205,1,2,1,1,2.0,38563,M,4534975.0,558686.0,38
201600026261,16,3,18,1715,1,2,3,1,3.0,38563,M,4536722.0,559461.0,38
201600026262,16,4,18,2100,5,2,1,2,2.0,38563,M,4535805.0,559222.0,38
201600026263,16,5,13,815,1,1,1,3,4.0,38563,M,4535119.0,556877.0,38
201600026264,16,6,6,1540,1,2,4,1,3.0,38563,M,4522092.0,535021.0,38
201600026265,16,7,12,1100,1,2,6,2,6.0,38563,M,4536177.0,558122.0,38
201600026266,16,7,12,1943,1,2,1,3,4.0,38563,M,,,38
201600026267,16,9,4,1745,1,2,1,1,3.0,38563,M,4536913.0,558441.0,38
201600026268,16,9,17,950,1,2,9,3,2.0,38563,M,4536763.0,558963.0,38
201600026269,16,9,18,1445,1,2,1,1,5.0,38563,M,4520000.0,535000.0,38
201600026270,16,10,4,1030,1,2,1,1,2.0,38563,M,4537560.0,555808.0,38
201600026271,16,10,7,735,1,2,3,1,5.0,38563,M,4536905.0,558307.0,38
201600026272,16,11,12,1000,1,2,1,1,2.0,38563,M,4536000.0,558000.0,38
201600026273,16,11,13,1400,1,1,1,2,1.0,38563,M,4540047.0,0.0,38
201600026274,16,11,18,635,5,2,1,1,6.0,38563,M,4537000.0,558000.0,38
201600026275,16,12,14,1755,2,2,1,1,1.0,38563,M,4537753.0,558148.0,38
201600026276,16,1,4,935,1,1,1,3,1.0,39198,M,4710489.0,547383.0,39
201600026277,16,1,6,1830,3,1,1,2,6.0,39233,M,4707789.0,546288.0,39
201600026278,16,1,20,2010,5,2,1,1,6.0,39198,M,4709362.0,549362.0,39
201600026279,16,3,21,1420,1,1,1,1,1.0,39198,M,4710560.0,547465.0,39
201600026280,16,3,15,1640,1,1,1,1,7.0,39198,M,4707332.0,548663.0,39
201600026281,16,6,19,1050,1,2,1,8,6.0,39198,M,4709036.0,549689.0,39
201600026282,16,7,15,1300,1,1,1,7,7.0,39198,M,4711065.0,549770.0,39
201600026283,16,7,24,615,2,1,1,8,7.0,39198,M,4710471.0,547368.0,39
201600026284,16,7,28,1855,1,2,6,1,6.0,39150,M,4706473.0,545373.0,39
201600026285,16,9,22,1040,1,2,1,1,6.0,39198,M,4707331.0,546837.0,39
201600026286,16,10,16,1925,2,1,1,1,2.0,39198,M,4710529.0,547422.0,39
201600026287,16,10,19,1740,1,2,3,1,3.0,39198,M,4709388.0,549783.0,39
201600026288,16,10,30,1735,5,2,1,1,6.0,39198,M,4709097.0,549736.0,39
201600026289,16,11,19,2230,3,1,1,1,5.0,39233,M,4707613.0,546062.0,39
201600026290,16,12,3,145,5,2,1,1,6.0,39198,M,4708901.0,548139.0,39
201600026291,16,2,1,1640,1,2,2,1,3.0,39300,M,4666935.0,554728.0,39
201600026292,16,4,14,1515,1,2,1,1,6.0,39300,M,4667573.0,555391.0,39
201600026293,16,4,21,2100,3,1,1,1,6.0,39362,M,4669089.0,549979.0,39
201600026294,16,7,2,925,1,2,1,1,6.0,39362,M,4667522.0,553963.0,39
201600026295,16,7,10,1100,1,2,3,1,6.0,39300,M,4668091.0,555791.0,39
201600026296,16,9,22,705,1,2,3,1,3.0,39300,M,4667272.0,557601.0,39
201600026297,16,10,13,1800,2,2,1,3,6.0,39362,M,4667539.0,553663.0,39
201600026298,16,10,14,2010,5,1,1,2,6.0,39300,M,4667905.0,557299.0,39
201600026299,16,11,5,1825,5,2,1,3,6.0,39300,M,4667435.0,554019.0,39
201600026300,16,11,7,1345,1,2,1,1,6.0,39300,M,4667882.0,557024.0,39
201600026301,16,12,13,1420,1,2,1,1,6.0,39300,M,4667228.0,556563.0,39
201600026302,16,12,3,1240,1,2,2,1,5.0,40279,M,4372285.0,-105157.0,40
201600026303,16,3,17,1315,1,1,1,1,5.0,40279,M,4371788.0,-108494.0,40
201600026304,16,2,4,550,3,1,6,1,3.0,40088,M,4372417.0,-103737.0,40
201600026305,16,5,18,845,1,2,1,1,6.0,40279,M,4372475.0,-106023.0,40
201600026306,16,4,17,1110,1,1,1,1,1.0,40279,M,4371662.0,-108195.0,40
201600026307,16,3,23,2050,5,2,3,1,3.0,40279,M,4372528.0,-106403.0,40
201600026308,16,4,21,1620,1,1,1,2,1.0,40279,M,4373237.0,-103216.0,40
201600026309,16,6,30,1330,1,2,2,1,1.0,40279,M,4372395.0,-105315.0,40
201600026310,16,7,24,1850,1,2,1,1,6.0,40088,M,4371705.0,-105346.0,40
201600026311,16,5,11,1945,1,2,1,1,7.0,40088,M,4371314.0,-105486.0,40
201600026312,16,9,3,1930,1,2,1,1,6.0,40088,M,4370172.0,-105152.0,40
201600026313,16,7,9,1555,1,2,3,1,3.0,40088,M,4369503.0,-106878.0,40
201600026314,16,10,29,1530,1,2,1,1,6.0,40088,M,4371086.0,-104985.0,40
201600026315,16,11,29,720,5,2,2,5,3.0,40088,M,4369890.0,-106570.0,40
201600026316,16,1,12,1535,1,2,1,2,4.0,40192,M,4389548.0,-49271.0,40
201600026317,16,12,24,910,1,1,1,2,6.0,40192,M,4386446.0,-48217.0,40
201600026318,16,2,2,1810,5,2,3,1,3.0,40192,M,4388806.0,-51594.0,40
201600026319,16,1,13,755,5,2,3,1,3.0,40192,M,4388287.0,-48187.0,40
201600026320,16,2,11,1555,1,2,3,8,3.0,40192,M,4389297.0,-50525.0,40
201600026321,16,2,24,1505,1,1,3,1,3.0,40281,M,4385806.0,-51752.0,40
201600026322,16,4,15,1200,1,2,1,1,6.0,40192,M,4388835.0,-50799.0,40
201600026323,16,5,16,811,1,1,6,1,7.0,40192,M,4387512.0,-46894.0,40
201600026324,16,5,27,1235,1,2,1,1,4.0,40192,M,4387812.0,-47741.0,40
201600026325,16,7,24,920,1,2,1,1,3.0,40192,M,4389663.0,-51253.0,40
201600026326,16,8,1,2050,1,2,1,1,2.0,40192,M,4389308.0,-50104.0,40
201600026327,16,8,5,810,1,2,6,7,3.0,40192,M,4390280.0,47929.0,40
201600026328,16,8,9,1830,1,2,6,1,3.0,40281,M,4386233.0,-48552.0,40
201600026329,16,8,12,1000,1,1,1,1,3.0,40192,M,4391852.0,-48435.0,40
201600026330,16,8,19,515,5,1,1,1,6.0,40192,M,4390395.0,-48315.0,40
201600026331,16,8,31,1850,1,2,9,1,3.0,40192,M,4388588.0,-46978.0,40
201600026332,16,9,13,1125,1,2,1,1,6.0,40192,M,4388950.0,-50107.0,40
201600026333,16,11,16,1900,5,2,6,1,3.0,40192,M,4388733.0,50019.0,40
201600026334,16,12,10,1923,5,2,1,1,6.0,40192,M,4389277.0,-46568.0,40
201600026335,16,10,17,1740,1,2,1,1,6.0,41018,M,4759147.0,131259.0,41
201600026336,16,11,26,2122,5,2,1,1,3.0,41018,M,4758994.0,134189.0,41
201600026337,16,1,9,920,1,2,1,1,1.0,41018,M,4758238.0,132372.0,41
201600026338,16,1,14,1505,1,1,1,2,5.0,41018,M,4759487.0,135273.0,41
201600026339,16,1,27,1100,1,2,1,1,6.0,41018,M,4758664.0,133519.0,41
201600026340,16,1,28,755,5,2,1,2,6.0,41018,M,4759240.0,130815.0,41
201600026341,16,1,29,1145,1,2,3,1,3.0,41047,M,4760799.0,135519.0,41
201600026342,16,2,5,2120,3,1,1,1,7.0,41295,M,4759658.0,138162.0,41
201600026343,16,1,16,1410,1,2,1,1,5.0,41018,M,4756965.0,134052.0,41
201600026344,16,1,28,1905,5,2,3,1,1.0,41018,M,4759083.0,134094.0,41
201600026345,16,2,10,850,1,2,1,1,6.0,41018,M,4759291.0,133569.0,41
201600026346,16,2,12,1538,1,2,3,2,3.0,41018,M,4759905.0,134486.0,41
201600026347,16,2,19,1540,1,1,1,1,2.0,41018,M,4759584.0,135149.0,41
201600026348,16,2,24,1805,1,2,6,2,2.0,41018,M,4761077.0,133816.0,41
201600026349,16,2,27,1220,1,2,1,1,6.0,41018,M,4759675.0,133472.0,41
201600026350,16,2,27,1720,1,2,1,1,3.0,41018,M,4758751.0,131859.0,41
201600026351,16,3,8,1031,1,1,1,1,2.0,41018,M,4760990.0,133766.0,41
201600026352,16,3,29,1650,1,2,1,2,1.0,41212,M,4757124.0,136139.0,41
201600026353,16,3,30,1500,1,2,1,1,1.0,41047,M,4761149.0,135911.0,41
201600026354,16,3,31,1800,1,2,1,2,3.0,41018,M,4759537.0,130111.0,41
201600026355,16,3,8,1209,1,2,2,1,6.0,41018,M,4760649.0,132758.0,41
201600026356,16,4,1,1510,1,2,1,1,6.0,41018,M,4758765.0,132560.0,41
201600026357,16,4,8,2110,5,2,1,1,7.0,41295,M,4757270.0,137298.0,41
201600026358,16,4,11,1400,1,2,3,2,3.0,41047,M,4761178.0,135826.0,41
201600026359,16,4,14,1620,1,1,1,2,2.0,41018,M,4760669.0,134336.0,41
201600026360,16,4,20,1510,1,2,1,1,3.0,41018,M,4758057.0,134440.0,41
201600026361,16,4,16,1550,1,2,1,2,2.0,41018,M,4757803.0,132113.0,41
201600026362,16,4,27,1335,1,2,6,1,3.0,41212,M,4756185.0,137368.0,41
201600026363,16,4,28,1613,1,2,1,1,6.0,41018,M,4759748.0,133652.0,41
201600026364,16,4,28,1640,1,2,3,1,3.0,41018,M,4760066.0,132830.0,41
201600026365,16,5,4,800,1,2,9,1,3.0,41018,M,4760751.0,132762.0,41
201600026366,16,4,29,2330,5,2,3,1,3.0,41018,M,4758324.0,132086.0,41
201600026367,16,5,7,1625,1,2,1,1,3.0,41018,M,4760073.0,131869.0,41
201600026368,16,5,11,1730,1,2,1,1,3.0,41018,M,4759120.0,129935.0,41
201600026369,16,5,13,1355,1,1,1,2,2.0,41047,M,4761138.0,133947.0,41
201600026370,16,5,21,1050,1,1,1,1,7.0,41018,M,4756712.0,131276.0,41
201600026371,16,5,23,810,1,2,1,2,3.0,41018,M,4759539.0,130112.0,41
201600026372,16,5,24,1730,1,2,6,1,2.0,41018,M,4757489.0,132463.0,41
201600026373,16,5,20,1745,1,2,1,1,6.0,41018,M,4759036.0,131197.0,41
201600026374,16,6,3,2130,2,2,1,1,7.0,41295,M,4758198.0,136643.0,41
201600026375,16,6,2,1940,1,2,2,1,3.0,41018,M,4758140.0,134310.0,41
201600026376,16,6,12,1900,1,2,1,2,2.0,41018,M,4756903.0,133196.0,41
201600026377,16,6,13,1840,1,2,1,1,1.0,41018,M,4761361.0,133042.0,41
201600026378,16,6,23,1325,1,1,1,1,4.0,41018,M,4761541.0,130541.0,41
201600026379,16,6,27,1220,1,2,1,1,6.0,41018,M,4757656.0,130029.0,41
201600026380,16,6,28,1205,1,2,2,1,3.0,41212,M,4756050.0,136616.0,41
201600026381,16,6,15,835,1,2,1,1,6.0,41018,M,4759887.0,132195.0,41
201600026382,16,7,20,340,3,1,1,1,7.0,41295,M,4758632.0,136377.0,41
201600026383,16,7,25,1855,1,2,6,1,4.0,41018,M,4761338.0,132754.0,41
201600026384,16,7,31,2100,1,2,1,1,1.0,41018,M,4760052.0,134267.0,41
201600026385,16,8,12,1825,1,2,2,1,3.0,41018,M,4760020.0,131965.0,41
201600026386,16,8,22,1735,1,2,1,1,4.0,41047,M,4760310.0,134985.0,41
201600026387,16,8,24,1310,1,2,1,1,2.0,41295,M,4759164.0,138742.0,41
201600026388,16,9,13,1730,1,1,1,1,2.0,41018,M,4760305.0,134790.0,41
201600026389,16,9,15,800,1,2,1,2,7.0,41018,M,4758206.0,130970.0,41
201600026390,16,9,15,1650,1,2,1,1,2.0,41018,M,4759073.0,133755.0,41
201600026391,16,8,17,1640,1,2,1,1,1.0,41018,M,4758560.0,130028.0,41
201600026392,16,8,28,447,3,1,1,1,2.0,41295,M,4758900.0,136022.0,41
201600026393,16,10,6,1720,1,1,1,1,4.0,41295,M,4759407.0,135386.0,41
201600026394,16,10,14,1025,1,2,1,1,7.0,41018,M,4759973.0,134572.0,41
201600026395,16,10,14,908,1,2,1,1,2.0,41018,M,4759237.0,129965.0,41
201600026396,16,10,17,700,5,2,1,1,6.0,41018,M,4759888.0,132188.0,41
201600026397,16,10,1,1955,5,2,1,1,3.0,41018,M,4758713.0,131550.0,41
201600026398,16,10,30,550,5,2,1,5,7.0,41018,M,4758205.0,134374.0,41
201600026399,16,11,5,930,1,2,3,1,3.0,41018,M,4759237.0,130628.0,41
201600026400,16,11,7,1223,1,2,1,2,7.0,41018,M,4759136.0,133612.0,41
201600026401,16,11,10,345,3,1,1,1,7.0,41295,M,4758543.0,136456.0,41
201600026402,16,11,23,2235,5,2,1,1,7.0,41018,M,4758785.0,132515.0,41
201600026403,16,11,20,1200,1,2,1,1,2.0,41018,M,4759647.0,132370.0,41
201600026404,16,12,7,930,1,2,1,1,6.0,41047,M,4760825.0,135532.0,41
201600026405,16,12,7,1300,1,2,1,1,2.0,41295,M,4757701.0,136531.0,41
201600026406,16,11,23,1750,5,2,1,1,6.0,41018,M,4758201.0,130007.0,41
201600026407,16,12,1,1730,5,2,1,1,4.0,41047,M,4761218.0,135980.0,41
201600026408,16,12,15,745,2,2,1,1,3.0,41295,M,4757690.0,137822.0,41
201600026409,16,12,22,1350,1,2,3,2,3.0,41295,M,4757759.0,137549.0,41
201600026410,16,12,23,1355,1,2,1,1,6.0,41018,M,4758846.0,130425.0,41
201600026411,16,1,5,1210,1,2,2,1,3.0,41269,M,4780026.0,105743.0,41
201600026412,16,12,23,1610,1,2,5,1,1.0,41226,M,4781109.0,107380.0,41
201600026413,16,1,15,1600,1,2,2,1,6.0,41269,M,4780420.0,107115.0,41
201600026414,16,1,21,1740,2,2,3,1,3.0,41269,M,4780322.0,106102.0,41
201600026415,16,2,25,1640,1,2,1,1,6.0,41269,M,4780638.0,106797.0,41
201600026416,16,3,16,920,1,2,3,1,6.0,41269,M,4780646.0,106602.0,41
201600026417,16,5,5,255,4,2,1,1,6.0,41226,M,4781471.0,107059.0,41
201600026418,16,5,10,2230,5,2,9,1,3.0,41226,M,4781097.0,107393.0,41
201600026419,16,5,31,1600,1,1,1,2,1.0,41269,M,4781112.0,102546.0,41
201600026420,16,6,18,20,5,2,7,2,6.0,41269,M,4779161.0,106729.0,41
201600026421,16,6,26,1820,1,2,6,1,5.0,41269,M,4780061.0,104736.0,41
201600026422,16,6,26,1842,1,2,3,1,3.0,41269,M,4778613.0,107858.0,41
201600026423,16,7,7,1745,1,2,1,1,2.0,41269,M,4779874.0,107323.0,41
201600026424,16,9,17,1955,1,2,3,1,1.0,41269,M,4780169.0,106107.0,41
201600026425,16,10,27,1710,1,1,1,1,3.0,41226,M,4783126.0,106699.0,41
201600026426,16,11,4,1730,1,2,1,1,2.0,41269,M,4779773.0,106851.0,41
201600026427,16,11,6,558,3,1,1,1,6.0,41003,M,4778898.0,110428.0,41
201600026428,16,11,28,415,3,1,1,1,6.0,41269,M,4781642.0,104678.0,41
201600026429,16,12,31,1005,1,2,1,1,6.0,42316,M,4540166.0,426034.0,42
201600026430,16,1,20,825,1,2,1,1,6.0,42183,M,4540120.0,436067.0,42
201600026431,16,1,27,1800,1,2,1,1,1.0,42044,M,4539443.0,430601.0,42
201600026432,16,1,27,1925,5,2,1,1,3.0,42095,M,4538127.0,428228.0,42
201600026433,16,1,29,1720,1,1,3,1,1.0,42099,M,4538929.0,426309.0,42
201600026434,16,2,5,915,1,2,1,1,6.0,42183,M,4540339.0,436490.0,42
201600026435,16,2,12,1720,1,2,1,1,6.0,42316,M,4539232.0,428590.0,42
201600026436,16,2,21,1315,1,1,1,1,6.0,42183,M,4540458.0,436863.0,42
201600026437,16,3,4,1945,5,1,1,3,6.0,42316,M,4540833.0,424581.0,42
201600026438,16,4,4,1010,1,2,1,8,1.0,42044,M,4539567.0,432209.0,42
201600026439,16,4,7,1100,1,2,1,1,1.0,42044,M,4539368.0,433816.0,42
201600026440,16,4,22,1055,1,2,1,1,6.0,42044,M,4539632.0,432678.0,42
201600026441,16,5,12,1445,1,2,1,1,1.0,42031,M,4540411.0,423434.0,42
201600026442,16,5,18,1730,1,1,3,1,3.0,42316,M,4540226.0,426023.0,42
201600026443,16,5,29,125,5,2,1,1,6.0,42044,M,4538720.0,432741.0,42
201600026444,16,6,7,1325,1,2,1,1,5.0,42095,M,4537281.0,427136.0,42
201600026445,16,6,22,1415,1,1,1,1,1.0,42031,M,4541452.0,423684.0,42
201600026446,16,7,3,2045,1,1,1,1,1.0,42095,M,4540769.0,429390.0,42
201600026447,16,7,18,2105,1,2,1,1,6.0,42183,M,4540116.0,436017.0,42
201600026448,16,10,4,945,1,2,1,1,6.0,42095,M,4538708.0,428162.0,42
201600026449,16,10,23,2145,5,2,1,1,2.0,42183,M,4540109.0,435603.0,42
201600026450,16,11,5,1725,5,2,1,2,6.0,42095,M,4539151.0,429005.0,42
201600026451,16,11,17,1653,1,2,3,1,3.0,42187,M,4604040.0,405356.0,42
201600026452,16,11,19,1630,1,1,1,1,1.0,42170,M,4604185.0,412380.0,42
201600026453,16,11,23,300,5,2,9,1,6.0,42187,M,4604168.0,407327.0,42
201600026454,16,11,25,1730,5,2,1,1,6.0,42071,M,4602549.0,408638.0,42
201600026455,16,11,30,1450,1,2,3,1,3.0,42187,M,4603850.0,406843.0,42
201600026456,16,12,7,1415,1,2,4,1,3.0,42187,M,4610613.0,407702.0,42
201600026457,16,12,11,1440,1,2,1,1,1.0,42187,M,4603586.0,407118.0,42
201600026458,16,12,13,1810,2,2,1,1,6.0,42187,M,4605179.0,407320.0,42
201600026459,16,12,17,101,5,2,1,1,6.0,42127,M,4606383.0,406817.0,42
201600026460,16,12,19,1810,5,2,1,2,7.0,42184,M,4604159.0,405002.0,42
201600026461,16,12,20,1854,2,2,3,1,3.0,42127,M,4606375.0,406938.0,42
201600026462,16,12,20,1650,2,2,1,3,7.0,42127,M,4607005.0,406501.0,42
201600026463,16,1,3,1050,1,2,3,1,3.0,42187,M,4603373.0,405482.0,42
201600026464,16,1,3,1830,5,2,1,2,6.0,42187,M,4603616.0,407527.0,42
201600026465,16,1,7,1155,1,2,1,2,2.0,42187,M,4605118.0,409110.0,42
201600026466,16,1,7,1615,1,1,1,1,7.0,42170,M,4603189.0,418982.0,42
201600026467,16,1,8,1210,1,2,3,1,3.0,42187,M,4603589.0,407962.0,42
201600026468,16,1,9,1550,1,2,1,1,7.0,42127,M,4607295.0,407336.0,42
201600026469,16,1,14,1015,1,2,2,1,3.0,42184,M,4604416.0,404059.0,42
201600026470,16,1,23,1615,1,2,2,1,3.0,42184,M,4604516.0,403617.0,42
201600026471,16,1,28,1758,5,2,1,1,6.0,42187,M,4604257.0,406621.0,42
201600026472,16,2,2,1355,1,1,1,1,7.0,42170,M,4603705.0,412716.0,42
201600026473,16,2,3,1835,5,2,2,2,3.0,42184,M,4604007.0,402853.0,42
201600026474,16,2,4,1010,1,1,1,1,7.0,42170,M,4604120.0,415280.0,42
201600026475,16,2,4,1821,5,2,2,1,6.0,42187,M,4604196.0,408162.0,42
201600026476,16,2,6,150,5,2,1,1,7.0,42127,M,4606276.0,405965.0,42
201600026477,16,2,7,1625,1,2,1,1,6.0,42184,M,4605519.0,402600.0,42
201600026478,16,2,9,1106,1,2,3,6,6.0,42187,M,4604785.0,408248.0,42
201600026479,16,2,10,850,1,2,6,1,3.0,42127,M,4605777.0,407221.0,42
201600026480,16,2,12,1850,5,2,2,2,1.0,42187,M,4604327.0,406039.0,42
201600026481,16,2,16,1400,1,2,2,1,3.0,42127,M,4606708.0,406965.0,42
201600026482,16,2,24,850,1,2,1,2,6.0,42187,M,4603554.0,407934.0,42
201600026483,16,2,26,1405,1,2,1,1,2.0,42184,M,4605030.0,406405.0,42
201600026484,16,2,26,1530,1,2,1,1,3.0,42187,M,4603212.0,407512.0,42
201600026485,16,2,28,1525,1,2,6,1,7.0,42187,M,4603203.0,406780.0,42
201600026486,16,3,3,1110,1,2,3,2,2.0,42187,M,4603264.0,407939.0,42
201600026487,16,3,4,2015,5,2,1,2,7.0,42187,M,4603610.0,406030.0,42
201600026488,16,3,5,1700,1,2,2,1,3.0,42187,M,4604082.0,405802.0,42
201600026489,16,3,7,1945,5,2,2,2,3.0,42187,M,4604826.0,406940.0,42
201600026490,16,3,8,1610,1,2,3,1,3.0,42187,M,4603908.0,404748.0,42
201600026491,16,3,15,1035,1,2,1,1,3.0,42127,M,4606781.0,405972.0,42
201600026492,16,3,22,1210,1,2,1,1,2.0,42187,M,4603688.0,406616.0,42
201600026493,16,3,22,1740,1,2,2,1,3.0,42187,M,4602474.0,405782.0,42
201600026494,16,3,23,1740,1,1,1,1,6.0,42187,M,4603368.0,402987.0,42
201600026495,16,3,25,1141,1,2,1,1,2.0,42187,M,4605107.0,408276.0,42
201600026496,16,3,26,1208,1,2,7,1,3.0,42187,M,4603653.0,406770.0,42
201600026497,16,4,3,1025,1,1,1,2,1.0,42170,M,4604357.0,412502.0,42
201600026498,16,4,10,1120,1,2,3,1,3.0,42127,M,4607834.0,406682.0,42
201600026499,16,4,14,1355,1,2,2,1,3.0,42187,M,4603939.0,406646.0,42
201600026500,16,4,29,1740,1,1,1,1,4.0,42187,M,4603446.0,407495.0,42
201600026501,16,4,30,1915,2,2,2,2,5.0,42071,M,4602775.0,408493.0,42
201600026502,16,5,3,1310,1,2,2,1,3.0,42184,M,4605533.0,404794.0,42
201600026503,16,5,3,2113,5,2,1,1,7.0,42184,M,4602773.0,403193.0,42
201600026504,16,5,7,1040,1,1,1,1,1.0,42170,M,4604709.0,412237.0,42
201600026505,16,5,9,1223,1,2,2,1,3.0,42187,M,4602907.0,405300.0,42
201600026506,16,5,18,1845,1,2,1,1,2.0,42187,M,4607439.0,409904.0,42
201600026507,16,5,12,1345,1,2,2,1,3.0,42187,M,4603192.0,407574.0,42