Num_Acc,an,mois,jour,hrmn,lum,agg,int,atm,col,com,gps,lat,long,dep
201600026508,16,5,17,830,1,2,2,1,6.0,42187,M,4602470.0,405779.0,42
201600026509,16,5,18,1700,1,2,2,1,3.0,42187,M,4604755.0,406889.0,42
201600026510,16,5,19,1740,1,2,2,1,3.0,42184,M,4603150.0,404607.0,42
201600026511,16,5,20,1415,1,1,2,1,3.0,42184,M,4605110.0,400291.0,42
201600026512,16,5,23,1650,1,2,1,2,3.0,42187,M,4603415.0,406942.0,42
201600026513,16,5,23,1830,1,2,1,2,5.0,42071,M,4602671.0,408553.0,42
201600026514,16,5,26,1120,1,2,6,1,3.0,42187,M,4605994.0,407626.0,42
201600026515,16,6,6,1310,1,2,3,1,3.0,42187,M,4603059.0,404975.0,42
201600026516,16,6,7,1230,1,2,6,1,3.0,42184,M,4604913.0,405151.0,42
201600026517,16,6,9,1900,1,2,1,1,4.0,42071,M,4602638.0,409202.0,42
201600026518,16,6,11,1100,1,1,2,1,3.0,42170,M,4603973.0,409813.0,42
201600026519,16,6,13,1700,1,2,2,2,3.0,42187,M,4604075.0,405637.0,42
201600026520,16,6,15,1220,1,2,2,2,3.0,42187,M,4605584.0,408653.0,42
201600026521,16,6,16,1815,1,1,1,1,7.0,42170,M,4603710.0,412623.0,42
201600026522,16,6,17,1430,1,1,1,1,1.0,42127,M,4610670.0,407712.0,42
201600026523,16,6,22,1700,1,2,1,1,7.0,42184,M,4603560.0,404534.0,42
201600026524,16,6,24,1550,1,2,3,1,6.0,42187,M,4603454.0,407476.0,42
201600026525,16,6,30,2030,2,2,2,1,3.0,42187,M,4603774.0,405525.0,42
201600026526,16,7,1,205,5,2,6,1,1.0,42187,M,4602890.0,406557.0,42
201600026527,16,7,1,1720,1,2,1,1,4.0,42071,M,4602351.0,409672.0,42
201600026528,16,7,4,833,1,2,1,1,6.0,42187,M,4603399.0,407438.0,42
201600026529,16,7,7,1830,1,2,1,1,2.0,42127,M,4607814.0,403414.0,42
201600026530,16,7,9,1950,1,1,2,1,3.0,42187,M,4603866.0,405753.0,42
201600026531,16,7,10,2132,1,2,1,1,3.0,42187,M,4603689.0,406612.0,42
201600026532,16,7,16,1030,1,1,2,1,6.0,42071,M,4600536.0,409924.0,42
201600026533,16,7,18,1220,1,2,6,1,3.0,42184,M,4604746.0,405178.0,42
201600026534,16,7,20,1820,1,2,1,1,7.0,42187,M,4602769.0,404859.0,42
201600026535,16,7,21,1530,1,2,1,2,6.0,42187,M,4603167.0,407015.0,42
201600026536,16,7,22,1940,1,2,1,9,6.0,42170,M,4603770.0,417337.0,42
201600026537,16,7,29,1745,1,2,1,1,6.0,42184,M,4605183.0,406574.0,42
201600026538,16,7,30,2110,2,2,1,1,6.0,42170,M,4603269.0,410066.0,42
201600026539,16,8,5,1025,1,2,6,1,1.0,42187,M,4603940.0,406808.0,42
201600026540,16,8,19,1010,1,2,2,1,3.0,42187,M,4604909.0,407402.0,42
201600026541,16,8,27,1505,1,2,1,1,2.0,42071,M,4603130.0,408290.0,42
201600026542,16,8,30,1800,1,2,1,1,3.0,42187,M,4603628.0,406946.0,42
201600026543,16,8,30,1810,1,2,3,1,3.0,42071,M,4602617.0,409298.0,42
201600026544,16,9,1,900,1,2,6,1,1.0,42184,M,4604579.0,405597.0,42
201600026545,16,9,1,2113,1,2,1,1,7.0,42184,M,4604009.0,405213.0,42
201600026546,16,9,2,1030,1,2,3,1,3.0,42187,M,4604226.0,406628.0,42
201600026547,16,9,4,1855,1,2,3,1,6.0,42187,M,4603798.0,406854.0,42
201600026548,16,9,6,1910,2,2,3,1,3.0,42187,M,4603363.0,407887.0,42
201600026549,16,9,6,1535,1,2,3,1,3.0,42187,M,4602422.0,406813.0,42
201600026550,16,9,8,805,1,2,7,7,6.0,42187,M,4603642.0,406379.0,42
201600026551,16,9,10,1645,1,2,1,1,6.0,42127,M,4605886.0,407224.0,42
201600026552,16,9,11,940,1,2,9,1,1.0,42184,M,4605473.0,406372.0,42
201600026553,16,9,13,1010,1,2,1,1,2.0,42187,M,4604226.0,406616.0,42
201600026554,16,9,14,1355,1,2,3,1,3.0,42071,M,4602587.0,408619.0,42
201600026555,16,9,16,1640,1,2,1,2,2.0,42184,M,4604765.0,405119.0,42
201600026556,16,10,4,1500,1,2,1,1,6.0,42127,M,4607165.0,406670.0,42
201600026557,16,10,4,1140,1,2,3,1,6.0,42187,M,4602899.0,406562.0,42
201600026558,16,10,9,1530,1,2,3,1,5.0,42184,M,4605060.0,406670.0,42
201600026559,16,10,12,1640,1,2,3,1,3.0,42071,M,4602173.0,409223.0,42
201600026560,16,10,12,2119,5,2,3,1,3.0,42187,M,4605335.0,408582.0,42
201600026561,16,10,14,1625,1,2,3,3,3.0,42127,M,4606551.0,406834.0,42
201600026562,16,10,15,1105,1,2,3,1,6.0,42187,M,4603183.0,407163.0,42
201600026563,16,10,19,1456,1,2,7,1,4.0,42071,M,4603300.0,407908.0,42
201600026564,16,10,19,1740,1,2,1,1,6.0,42187,M,4603048.0,404689.0,42
201600026565,16,10,19,1936,5,2,3,1,2.0,42187,M,4603265.0,407951.0,42
201600026566,16,10,27,1311,1,2,1,1,6.0,42187,M,4603728.0,400635.0,42
201600026567,16,10,27,2014,5,2,6,1,1.0,42187,M,4603987.0,405218.0,42
201600026568,16,10,29,1000,1,2,1,1,6.0,42187,M,4603967.0,405401.0,42
201600026569,16,11,2,1445,1,2,1,1,7.0,42187,M,4605435.0,409020.0,42
201600026570,16,11,3,805,2,2,9,5,6.0,42184,M,4604971.0,406306.0,42
201600026571,16,11,6,1825,2,2,3,2,6.0,42184,M,4605359.0,404974.0,42
201600026572,16,11,7,1222,1,2,1,2,6.0,42127,M,4607618.0,406663.0,42
201600026573,16,11,4,2312,5,2,2,1,3.0,42187,M,4604180.0,405653.0,42
201600026574,16,11,9,800,1,2,3,3,3.0,42184,M,4605150.0,404469.0,42
201600026575,16,11,10,1820,2,2,1,2,3.0,42170,M,4602572.0,409445.0,42
201600026576,16,11,10,1405,1,2,1,2,6.0,42071,M,4601886.0,410231.0,42
201600026577,16,11,11,935,1,2,9,2,6.0,42184,M,4603985.0,405211.0,42
201600026578,16,11,12,1018,1,2,1,1,1.0,42187,M,4602545.0,408208.0,42
201600026579,16,11,16,1215,1,2,1,1,1.0,42187,M,4603860.0,406414.0,42
201600026580,16,11,16,1853,4,2,1,1,4.0,42071,M,4606289.0,406278.0,42
201600026581,16,12,22,1450,1,2,1,1,6.0,42218,M,4544289.0,438324.0,42
201600026582,16,12,30,1920,3,1,1,1,4.0,42218,M,4542232.0,436702.0,42
201600026583,16,12,28,1210,1,2,2,1,3.0,42218,M,4544976.0,436476.0,42
201600026584,16,1,5,1130,1,2,1,1,6.0,42218,M,4547205.0,439470.0,42
201600026585,16,1,7,2000,1,2,1,1,3.0,42218,M,4541468.0,440195.0,42
201600026586,16,1,14,1315,1,2,1,1,6.0,42218,M,4543071.0,439588.0,42
201600026587,16,4,1,1728,1,2,1,1,6.0,42218,M,,,42
201600026588,16,1,23,225,5,2,1,2,6.0,42218,M,4542593.0,440275.0,42
201600026589,16,1,31,1920,5,2,3,2,3.0,42218,M,4546486.0,439869.0,42
201600026590,16,2,12,1200,1,2,1,1,3.0,42218,M,4544679.0,439722.0,42
201600026591,16,2,17,1025,1,2,1,1,3.0,42218,M,4545443.0,441178.0,42
201600026592,16,2,13,2030,5,2,3,1,3.0,42218,M,4542257.0,439185.0,42
201600026593,16,1,2,1439,1,2,2,1,3.0,42218,M,4543390.0,442074.0,42
201600026594,16,3,12,1705,1,2,3,1,1.0,42218,M,4542193.0,440125.0,42
201600026595,16,3,14,820,1,2,1,1,6.0,42218,M,4541633.0,439025.0,42
201600026596,16,3,19,1215,1,2,3,1,3.0,42218,M,4541136.0,439805.0,42
201600026597,16,1,2,1537,1,2,1,1,6.0,42218,M,4544228.0,442077.0,42
201600026598,16,1,7,1210,1,2,1,1,7.0,42218,M,4541918.0,442373.0,42
201600026599,16,1,15,319,5,2,1,1,7.0,42218,M,4543187.0,439536.0,42
201600026600,16,3,11,1730,1,1,1,1,4.0,42330,M,4547377.0,434565.0,42
201600026601,16,3,4,735,1,2,1,2,6.0,42218,M,4542424.0,440750.0,42
201600026602,16,1,16,1121,1,2,1,8,6.0,42275,M,4547148.0,437829.0,42
201600026603,16,1,22,1226,1,2,1,1,3.0,42218,M,4545714.0,440522.0,42
201600026604,16,4,1,1725,1,2,3,2,6.0,42218,M,4543263.0,438729.0,42
201600026605,16,3,1,1015,1,2,6,1,6.0,42218,M,4544376.0,441922.0,42
201600026606,16,2,5,1329,1,2,1,1,6.0,42218,M,4544173.0,438167.0,42
201600026607,16,2,10,1152,1,2,1,1,6.0,42218,M,4544229.0,441393.0,42
201600026608,16,3,31,740,1,2,1,1,6.0,42218,M,4541177.0,439752.0,42
201600026609,16,4,11,1830,1,1,1,1,4.0,42189,M,4542713.0,435676.0,42
201600026610,16,4,12,820,1,2,1,1,6.0,42218,M,4545487.0,440866.0,42
201600026611,16,4,14,1130,1,2,1,1,6.0,42218,M,4544903.0,440192.0,42
201600026612,16,4,23,1,5,2,3,2,3.0,42218,M,4543071.0,439335.0,42
201600026613,16,4,22,1745,1,2,1,1,6.0,42218,M,4544252.0,438214.0,42
201600026614,16,2,21,1424,1,2,3,1,2.0,42218,M,4540400.0,440122.0,42
201600026615,16,4,28,1300,1,2,3,1,3.0,42218,M,4544017.0,438284.0,42
201600026616,16,3,6,2130,5,2,1,1,6.0,42218,M,4543953.0,437866.0,42
201600026617,16,3,7,1535,1,2,2,1,3.0,42218,M,4544515.0,438044.0,42
201600026618,16,4,13,1525,1,2,2,8,6.0,42218,M,4542316.0,439871.0,42
201600026619,16,4,13,1650,1,2,3,2,1.0,42218,M,4544048.0,443607.0,42
201600026620,16,4,12,1114,1,2,1,1,6.0,42218,M,4544467.0,440184.0,42
201600026621,16,3,22,1720,1,2,1,1,6.0,42218,M,4541215.0,438532.0,42
201600026622,16,4,14,900,1,1,1,1,4.0,42305,M,4547748.0,440976.0,42
201600026623,16,3,25,1400,1,2,1,1,6.0,42218,M,4541563.0,439507.0,42
201600026624,16,5,10,1120,1,2,1,2,4.0,42218,M,4542974.0,438882.0,42
201600026625,16,5,15,525,5,2,1,1,6.0,42305,M,4547660.0,442823.0,42
201600026626,16,5,20,1500,1,2,1,1,6.0,42218,M,4542379.0,441354.0,42
201600026627,16,5,20,1655,1,2,1,1,2.0,42218,M,4545440.0,441174.0,42
201600026628,16,5,20,1730,1,2,1,1,6.0,42218,M,4543474.0,440619.0,42
201600026629,16,5,21,1900,1,2,1,1,1.0,42218,M,4545070.0,439689.0,42
201600026630,16,5,27,1810,1,2,3,1,6.0,42218,M,4542562.0,439463.0,42
201600026631,16,5,25,1020,1,2,1,1,3.0,42218,M,4542122.0,439709.0,42
201600026632,16,5,31,1600,1,2,1,2,6.0,42218,M,4542673.0,440347.0,42
201600026633,16,6,2,1710,1,2,1,3,6.0,42218,M,4542345.0,439280.0,42
201600026634,16,6,6,2010,1,1,1,1,3.0,42218,M,4542439.0,429263.0,42
201600026635,16,5,2,1539,1,2,2,1,6.0,42218,M,4546485.0,437851.0,42
201600026636,16,5,5,1838,1,2,1,1,6.0,42218,M,4542974.0,438882.0,42
201600026637,16,6,2,1640,1,2,1,3,6.0,42218,M,4541729.0,441152.0,42
201600026638,16,6,12,839,1,2,1,1,6.0,42218,M,4541970.0,439444.0,42
201600026639,16,6,10,1250,1,2,1,1,6.0,42218,M,4543521.0,439254.0,42
201600026640,16,6,13,950,1,2,1,1,1.0,42218,M,4543200.0,441406.0,42
201600026641,16,6,17,2100,2,2,1,1,1.0,42218,M,4542044.0,437630.0,42
201600026642,16,6,17,1755,1,2,2,1,6.0,42218,M,4544705.0,438498.0,42
201600026643,16,6,18,1133,1,2,2,1,3.0,42218,M,4544559.0,438302.0,42
201600026644,16,6,22,1732,1,2,1,1,6.0,42218,M,4544090.0,439810.0,42
201600026645,16,6,29,710,1,2,1,1,6.0,42305,M,4548024.0,443243.0,42
201600026646,16,4,24,1810,1,1,2,1,3.0,42218,M,4542396.0,437520.0,42
201600026647,16,6,11,1000,1,2,1,1,7.0,42218,M,4544171.0,437898.0,42
201600026648,16,6,28,1920,1,2,1,1,3.0,42218,M,4541799.0,440009.0,42
201600026649,16,6,21,1340,1,2,3,1,3.0,42218,M,4541982.0,442467.0,42
201600026650,16,6,30,1820,1,2,1,1,6.0,42218,M,4542966.0,439297.0,42
201600026651,16,7,8,905,1,2,1,1,6.0,42218,M,4542397.0,439379.0,42
201600026652,16,7,11,1035,1,2,1,8,6.0,42218,M,4541494.0,439564.0,42
201600026653,16,7,13,1830,1,2,3,1,3.0,42218,M,4543921.0,440357.0,42
201600026654,16,7,22,1520,1,1,1,2,4.0,42223,M,4543492.0,434428.0,42
201600026655,16,7,26,2300,5,2,3,1,3.0,42218,M,4544884.0,439127.0,42
201600026656,16,7,22,950,1,1,1,1,6.0,42330,M,4547231.0,436207.0,42
201600026657,16,7,28,2315,5,2,1,1,2.0,42218,M,4541802.0,437971.0,42
201600026658,16,8,1,925,1,2,1,1,6.0,42218,M,4544151.0,438360.0,42
201600026659,16,8,3,950,1,2,1,1,6.0,42305,M,4547969.0,443001.0,42
201600026660,16,8,2,1341,1,2,1,1,2.0,42218,M,4543894.0,439712.0,42
201600026661,16,8,6,1910,1,2,1,1,4.0,42218,M,4541587.0,440115.0,42
201600026662,16,8,2,2116,1,2,3,1,3.0,42218,M,4543915.0,438441.0,42
201600026663,16,8,5,1452,1,2,3,1,3.0,42218,M,4543512.0,443718.0,42
201600026664,16,8,30,320,5,1,1,1,6.0,42189,M,4543576.0,434691.0,42
201600026665,16,6,8,1734,1,2,2,1,3.0,42218,M,4542828.0,439137.0,42
201600026666,16,9,1,1625,1,2,1,1,6.0,42218,M,4543774.0,439340.0,42
201600026667,16,7,13,1545,1,2,3,1,3.0,42218,M,4541866.0,441415.0,42
201600026668,16,7,2,1850,1,2,3,1,3.0,42218,M,4542293.0,438963.0,42
201600026669,16,7,1,1315,1,1,1,1,7.0,42223,M,4544225.0,434242.0,42
201600026670,16,9,3,1440,1,2,1,1,6.0,42218,M,4543750.0,438090.0,42
201600026671,16,9,9,2245,5,2,1,1,7.0,42218,M,4545545.0,439147.0,42
201600026672,16,9,13,1510,1,2,2,1,1.0,42218,M,4545614.0,439178.0,42
201600026673,16,9,17,2100,5,2,1,2,3.0,42218,M,4544039.0,442953.0,42
201600026674,16,8,15,1235,1,2,1,1,6.0,42218,M,4542213.0,439675.0,42
201600026675,16,9,16,940,1,2,1,1,6.0,42218,M,4544377.0,441571.0,42
201600026676,16,9,20,1315,1,2,1,1,2.0,42218,M,4542050.0,442540.0,42
201600026677,16,9,21,1625,1,2,1,1,4.0,42330,M,4547027.0,434509.0,42
201600026678,16,9,25,1410,1,2,1,1,7.0,42218,M,4547331.0,439522.0,42
201600026679,16,9,24,2106,5,2,1,1,6.0,42218,M,4544437.0,436363.0,42
201600026680,16,9,28,1800,1,2,3,1,6.0,42218,M,4541727.0,441390.0,42
201600026681,16,8,30,1546,1,2,3,1,6.0,42218,M,4542854.0,438231.0,42
201600026682,16,9,25,1950,5,2,1,3,1.0,42218,M,4544178.0,443411.0,42
201600026683,16,10,5,2045,4,1,4,1,3.0,42218,M,4543190.0,439549.0,42
201600026684,16,10,9,1304,1,2,1,1,6.0,42218,M,4543586.0,441346.0,42
201600026685,16,10,15,1810,2,2,3,1,3.0,42218,M,4543968.0,439979.0,42
201600026686,16,9,4,733,1,1,1,1,7.0,42218,M,4545486.0,426593.0,42
201600026687,16,10,18,1905,5,2,1,1,3.0,42218,M,4542935.0,440972.0,42
201600026688,16,9,12,1700,1,2,1,1,6.0,42218,M,4545764.0,438214.0,42
201600026689,16,10,31,2105,5,2,3,1,3.0,42218,M,4545363.0,438832.0,42
201600026690,16,10,21,1530,1,2,1,1,6.0,42218,M,4544668.0,438209.0,42
201600026691,16,11,5,1800,5,1,2,3,3.0,42218,M,4542435.0,429482.0,42
201600026692,16,11,6,1725,2,2,2,2,7.0,42218,M,4542392.0,437515.0,42
201600026693,16,11,13,1130,2,2,3,8,6.0,42218,M,4541697.0,439867.0,42
201600026694,16,11,13,1020,1,2,1,1,6.0,42237,M,4545148.0,444726.0,42
201600026695,16,11,14,1645,2,2,3,1,6.0,42218,M,4541129.0,439800.0,42
201600026696,16,11,11,1630,1,2,1,1,5.0,42218,M,4543041.0,441186.0,42
201600026697,16,11,12,200,5,2,1,1,6.0,42218,M,4544493.0,439817.0,42
201600026698,16,11,15,1210,1,2,1,1,2.0,42275,M,4546872.0,437681.0,42
201600026699,16,11,17,1137,1,2,3,1,1.0,42218,M,4544150.0,441417.0,42
201600026700,16,11,22,1321,1,2,3,3,6.0,42218,M,4543770.0,438250.0,42
201600026701,16,11,29,930,1,2,9,1,2.0,42218,M,4542489.0,439010.0,42
201600026702,16,11,16,1428,1,2,1,1,6.0,42218,M,4542874.0,441449.0,42
201600026703,16,11,30,1015,1,2,1,1,6.0,42218,M,4543998.0,438125.0,42
201600026704,16,11,29,1955,5,2,1,1,2.0,42189,M,4541702.0,431089.0,42
201600026705,16,12,6,1740,2,1,3,1,4.0,42218,M,4541820.0,440619.0,42
201600026706,16,12,6,1325,1,1,3,1,6.0,42218,M,4544303.0,441297.0,42
201600026707,16,10,29,1540,1,2,1,1,6.0,42218,M,4543224.0,439231.0,42
201600026708,16,12,7,1055,1,2,1,1,7.0,42218,M,4546730.0,437810.0,42
201600026709,16,12,10,120,5,2,1,1,7.0,42218,M,4541680.0,439333.0,42
201600026710,16,12,13,1500,1,2,1,1,6.0,42218,M,4546250.0,438055.0,42
201600026711,16,12,17,1515,1,2,1,1,6.0,42218,M,4542272.0,439203.0,42
201600026712,16,1,21,1950,5,2,1,1,6.0,42186,M,4552617.0,461164.0,42
201600026713,16,12,1,1630,1,2,1,1,6.0,42123,M,4551111.0,457805.0,42
201600026714,16,2,3,1740,1,1,1,1,3.0,42186,M,4551925.0,459830.0,42
201600026715,16,2,10,1855,4,2,1,1,6.0,42207,M,4547837.0,451556.0,42
201600026716,16,2,14,1140,1,1,1,1,1.0,42259,M,4553682.0,459541.0,42
201600026717,16,3,5,1150,1,2,1,1,3.0,42225,M,4553976.0,456667.0,42
201600026718,16,4,7,1450,1,2,1,1,6.0,42186,M,4552785.0,461352.0,42
201600026719,16,4,7,1635,1,2,1,1,4.0,42207,M,4547522.0,451942.0,42
201600026720,16,4,27,1450,1,2,3,1,1.0,42225,M,4553398.0,459003.0,42
201600026721,16,5,28,30,3,1,1,1,6.0,42259,M,4553591.0,461005.0,42
201600026722,16,6,30,1345,1,2,1,1,2.0,42186,M,4552956.0,461263.0,42
201600026723,16,7,5,1840,1,2,1,1,4.0,42207,M,4547532.0,450527.0,42
201600026724,16,7,9,1000,1,2,1,1,6.0,42110,M,4548503.0,453935.0,42
201600026725,16,9,21,830,1,2,1,1,6.0,42207,M,4547397.0,453325.0,42
201600026726,16,9,27,1545,1,2,4,1,3.0,42207,M,4547509.0,450827.0,42
201600026727,16,10,1,1940,3,1,1,2,3.0,42207,M,4547640.0,446872.0,42
201600026728,16,10,4,1815,1,2,1,1,2.0,42110,M,4548526.0,454034.0,42
201600026729,16,10,4,1515,1,2,1,1,3.0,42186,M,4552495.0,460948.0,42
201600026730,16,10,7,2130,5,2,1,1,3.0,42207,M,4547983.0,452443.0,42
201600026731,16,12,20,1755,5,2,3,1,3.0,42110,M,,,42
201600026732,16,12,15,1750,5,2,1,1,6.0,43046,M,,,43
201600026733,16,1,8,1000,1,2,1,1,3.0,43157,M,4504430.0,387990.0,43
201600026734,16,12,24,1940,5,2,1,1,6.0,43041,M,4505070.0,392230.0,43
201600026735,16,1,29,1955,5,2,1,1,6.0,43157,M,4504490.0,388993.0,43
201600026736,16,2,1,1435,1,2,1,1,2.0,43157,M,,,43
201600026737,16,12,27,1645,1,2,1,1,6.0,43041,M,4504960.0,391275.0,43
201600026738,16,2,3,1115,1,2,1,1,6.0,43046,M,4505840.0,390868.0,43
201600026739,16,4,15,1825,1,2,7,1,6.0,43041,M,,,43
201600026740,16,5,5,1020,1,1,6,1,3.0,43041,M,4505520.0,390904.0,43
201600026741,16,6,1,1715,1,2,1,1,2.0,43251,M,,,43
201600026742,16,6,3,750,1,2,3,1,3.0,43157,M,,,43
201600026743,16,6,27,1700,1,2,1,1,6.0,43157,M,4503190.0,388569.0,43
201600026744,16,6,24,1905,1,2,1,1,1.0,43157,M,,,43
201600026745,16,7,26,1340,1,2,1,1,3.0,43157,M,4503960.0,388199.0,43
201600026746,16,8,2,1229,1,2,1,1,6.0,43157,M,,,43
201600026747,16,8,12,655,1,2,1,1,6.0,43157,M,4504690.0,387923.0,43
201600026748,16,9,6,1420,1,2,1,1,4.0,43157,M,4504530.0,387983.0,43
201600026749,16,9,7,1350,1,2,1,1,6.0,43157,M,4504210.0,388140.0,43
201600026750,16,10,5,1220,1,2,1,1,3.0,43157,M,,,43
201600026751,16,10,11,840,1,2,1,1,6.0,43041,M,4505160.0,391203.0,43
201600026752,16,10,13,1320,1,2,3,2,6.0,43157,M,,,43
201600026753,16,11,7,1515,1,2,1,1,6.0,43157,M,4503680.0,388164.0,43
201600026754,16,11,8,1550,1,2,1,1,6.0,43157,M,4503940.0,388198.0,43
201600026755,16,12,2,1740,5,2,1,1,6.0,43041,M,4504690.0,392697.0,43
201600026756,16,1,8,1931,5,2,1,3,6.0,44055,M,4728584.0,-239644.0,44
201600026757,16,1,14,1200,1,2,3,1,3.0,44055,M,4727511.0,-235692.0,44
201600026758,16,1,15,1528,1,1,2,3,1.0,44132,M,4727962.0,-230238.0,44
201600026759,16,2,3,2145,5,2,1,1,6.0,44135,M,4727545.0,-242806.0,44
201600026760,16,2,24,2123,5,2,1,2,6.0,44055,M,4728080.0,-240967.0,44
201600026761,16,3,5,108,5,2,1,2,6.0,44132,M,4727053.0,-235198.0,44
201600026762,16,4,1,405,4,2,1,1,6.0,44055,M,4727789.0,-237032.0,44
201600026763,16,4,2,753,1,2,1,1,6.0,44055,M,4728207.0,-241205.0,44
201600026764,16,4,14,1810,1,2,1,1,6.0,44055,M,4727767.0,-237013.0,44
201600026765,16,5,8,1250,1,2,2,1,3.0,44132,M,4726439.0,-233835.0,44
201600026766,16,5,21,1145,1,2,3,1,3.0,44132,M,4716153.0,-235301.0,44
201600026767,16,5,23,1955,1,1,1,1,1.0,44055,M,4727566.0,-232403.0,44
201600026768,16,5,27,1720,1,2,1,1,2.0,44055,M,4728795.0,-238283.0,44
201600026769,16,6,5,1823,1,2,6,1,7.0,44055,M,4727957.0,-237813.0,44
201600026770,16,6,30,1140,1,2,6,1,3.0,44132,M,4725638.0,-231729.0,44
201600026771,16,7,4,1505,1,2,2,1,3.0,44132,M,4724915.0,-231299.0,44
201600026772,16,7,16,1410,1,2,1,1,6.0,44055,M,4727778.0,-237054.0,44
201600026773,16,7,14,1140,1,2,1,1,7.0,44055,M,4728177.0,-239758.0,44
201600026774,16,8,5,1630,1,2,2,1,3.0,44132,M,4726151.0,-234134.0,44
201600026775,16,8,6,1515,1,2,1,1,3.0,44135,M,4727618.0,-242775.0,44
201600026776,16,8,13,1950,1,2,2,1,6.0,44132,M,4726352.0,-234274.0,44
201600026777,16,8,15,1850,1,2,1,1,1.0,44135,M,4726764.0,-244203.0,44
201600026778,16,8,27,2057,1,2,1,1,6.0,44132,M,4726389.0,-234130.0,44
201600026779,16,9,21,1732,1,2,1,1,6.0,44132,M,4726500.0,-234486.0,44
201600026780,16,9,23,1620,1,2,1,1,3.0,44132,M,4726987.0,-234478.0,44
201600026781,16,10,8,1428,1,2,1,1,3.0,44135,M,4726731.0,-242288.0,44
201600026782,16,11,6,1900,5,2,1,1,6.0,44109,M,4721378.0,-157575.0,44
201600026783,16,1,7,1545,1,2,1,1,3.0,44109,M,4720200.0,-157631.0,44
201600026784,16,11,22,900,1,2,1,1,6.0,44109,M,4725269.0,-155028.0,44
201600026785,16,11,24,1615,1,2,1,1,6.0,44109,M,4721443.0,-154558.0,44
201600026786,16,1,9,1345,1,2,2,1,1.0,44190,M,4720260.0,-148848.0,44
201600026787,16,11,16,725,5,2,1,3,6.0,44109,M,4719671.0,-153803.0,44
201600026788,16,11,19,1100,1,2,1,1,6.0,44114,M,4724879.0,-160064.0,44
201600026789,16,1,5,1830,5,2,1,1,6.0,44162,M,4724189.0,-159475.0,44
201600026790,16,12,29,1500,1,2,1,1,7.0,44162,M,4722443.0,-162342.0,44
201600026791,16,11,27,550,5,2,1,1,6.0,44109,M,4722493.0,-152333.0,44
201600026792,16,1,8,730,5,2,1,2,6.0,44143,M,4718820.0,-157029.0,44
201600026793,16,11,14,845,2,2,1,1,6.0,44109,M,4724934.0,-152263.0,44
201600026794,16,1,14,805,2,2,6,2,6.0,44109,M,4722390.0,-155069.0,44
201600026795,16,11,25,2013,5,2,1,2,6.0,44109,M,4720758.0,-158237.0,44
201600026796,16,1,21,1635,1,2,1,1,6.0,44109,M,4723820.0,-151626.0,44
201600026797,16,11,9,900,2,2,1,1,6.0,44109,M,4720091.0,-154455.0,44
201600026798,16,1,13,1200,1,2,1,1,7.0,44109,M,4720740.0,-153435.0,44
201600026799,16,11,7,750,1,1,1,1,6.0,44162,M,4722142.0,-164725.0,44
201600026800,16,11,16,800,2,2,6,2,6.0,44190,M,4719901.0,-151064.0,44
201600026801,16,11,20,1355,1,2,1,1,6.0,44109,M,4724509.0,-156443.0,44
201600026802,16,1,12,1710,1,2,6,1,3.0,44109,M,4722070.0,-157029.0,44
201600026803,16,11,22,800,2,2,1,8,6.0,44109,M,4722431.0,-154540.0,44
201600026804,16,8,2,1410,1,2,6,1,6.0,44109,M,4720630.0,-155653.0,44
201600026805,16,11,25,2230,5,1,1,1,6.0,44109,M,4721811.0,-158753.0,44
201600026806,16,1,29,1525,1,2,6,1,6.0,44109,M,4723330.0,-156569.0,44
201600026807,16,11,21,825,2,2,1,1,6.0,44109,M,4722028.0,-155985.0,44
201600026808,16,1,1,250,5,2,2,1,3.0,44109,M,4725720.0,-157094.0,44
201600026809,16,11,16,1815,2,2,1,1,6.0,44162,M,4722040.0,-162750.0,44
201600026810,16,2,1,2115,5,2,6,1,3.0,44109,M,4720550.0,-155468.0,44
201600026811,16,11,13,1840,3,1,1,1,4.0,44109,M,4725710.0,-154646.0,44
201600026812,16,1,15,2125,5,2,1,1,1.0,44109,M,4721090.0,-157488.0,44
201600026813,16,11,20,330,5,2,1,2,1.0,44109,M,4719467.0,-161664.0,44
201600026814,16,11,14,1837,5,2,1,1,3.0,44109,M,4725444.0,-152255.0,44
201600026815,16,11,20,1755,4,1,1,2,4.0,44114,M,4726231.0,-158295.0,44
201600026816,16,11,19,930,1,2,1,1,2.0,44109,M,4725239.0,-155316.0,44
201600026817,16,11,15,1030,1,2,3,8,6.0,44109,M,4721941.0,-154941.0,44
201600026818,16,11,9,1925,5,2,1,2,6.0,44143,M,4717124.0,-154008.0,44
201600026819,16,12,22,500,5,2,1,2,1.0,44109,M,4721316.0,-153667.0,44