Num_Acc,an,mois,jour,hrmn,lum,agg,int,atm,col,com,gps,lat,long,dep
201600026820,16,12,13,1750,5,2,1,1,3.0,44109,M,4724360.0,-152688.0,44
201600026821,16,12,10,1745,2,2,1,5,6.0,44109,M,4723982.0,-153089.0,44
201600026822,16,12,7,910,1,2,1,7,3.0,44109,M,4723847.0,-152672.0,44
201600026823,16,2,3,1740,1,2,1,1,6.0,44162,M,4722200.0,-163683.0,44
201600026824,16,12,22,1100,1,2,1,1,6.0,44109,M,4720993.0,-161005.0,44
201600026825,16,12,2,1509,1,2,1,1,2.0,44109,M,4720600.0,-154706.0,44
201600026826,16,12,8,805,1,1,1,1,3.0,44114,M,4726489.0,-159134.0,44
201600026827,16,12,22,1820,3,2,1,2,3.0,44162,M,4721842.0,-164763.0,44
201600026828,16,12,19,2010,5,2,1,1,1.0,44109,M,4721441.0,-155026.0,44
201600026829,16,12,20,1920,3,2,1,1,3.0,44109,M,4723254.0,-148540.0,44
201600026830,16,12,8,830,1,2,1,1,3.0,44190,M,4722280.0,-147294.0,44
201600026831,16,1,30,1640,1,2,1,2,6.0,44162,M,4722010.0,-162588.0,44
201600026832,16,12,2,1550,1,1,1,1,2.0,44162,M,4721099.0,-162694.0,44
201600026833,16,2,9,2130,5,2,1,1,7.0,44109,M,4725820.0,-150544.0,44
201600026834,16,12,28,2320,5,2,3,1,6.0,44109,M,4720731.0,-156497.0,44
201600026835,16,1,25,1600,1,2,6,1,2.0,44109,M,4719990.0,-153519.0,44
201600026836,16,12,2,1600,1,2,1,1,6.0,44114,M,4725065.0,-161813.0,44
201600026837,16,1,1,2215,5,2,1,1,1.0,44162,M,4721100.0,-162903.0,44
201600026838,16,12,22,1950,2,2,1,1,6.0,44109,M,4721710.0,-156251.0,44
201600026839,16,1,31,715,5,2,1,2,6.0,44109,M,4722560.0,-152240.0,44
201600026840,16,12,22,2040,5,2,1,1,6.0,44109,M,4721452.0,-157286.0,44
201600026841,16,1,11,1325,1,2,1,1,6.0,44109,M,4720730.0,-156497.0,44
201600026842,16,12,23,100,5,2,1,1,6.0,44109,M,4721970.0,-153427.0,44
201600026843,16,1,25,115,5,2,1,9,6.0,44109,M,4721390.0,-155997.0,44
201600026844,16,12,10,150,5,2,1,5,6.0,44109,M,4722749.0,-154470.0,44
201600026845,16,1,31,1810,2,2,2,1,3.0,44109,M,4722720.0,-154257.0,44
201600026846,16,12,1,1745,5,2,1,1,6.0,44109,M,4720496.0,-153820.0,44
201600026847,16,2,1,900,1,2,1,2,3.0,44162,M,4721060.0,-162831.0,44
201600026848,16,2,6,2315,5,2,3,6,6.0,44109,M,4720390.0,-155172.0,44
201600026849,16,1,20,1625,1,2,6,1,6.0,44114,M,4723930.0,-158936.0,44
201600026850,16,1,29,1310,1,2,3,1,2.0,44190,M,4718820.0,-149510.0,44
201600026851,16,2,24,625,5,2,1,1,7.0,44109,M,4721730.0,-156256.0,44
201600026852,16,1,6,1752,3,1,1,2,6.0,44194,M,4728981.0,-165734.0,44
201600026853,16,11,23,1238,1,2,1,1,5.0,44109,M,4718094.0,-161039.0,44
201600026854,16,1,6,2110,5,2,1,2,7.0,44109,M,4721750.0,-155719.0,44
201600026855,16,1,4,1610,1,2,1,8,3.0,44114,M,4724780.0,-159590.0,44
201600026856,16,2,17,1750,1,2,1,1,6.0,44109,M,4723350.0,-153627.0,44
201600026857,16,1,17,2126,5,2,1,9,6.0,44109,M,4720420.0,-154667.0,44
201600026858,16,2,28,605,5,2,1,1,7.0,44109,M,4720040.0,-158924.0,44
201600026859,16,1,7,855,1,2,1,1,6.0,44109,M,4722105.0,-155582.0,44
201600026860,16,1,28,1150,1,2,2,1,3.0,44143,M,4718600.0,-156410.0,44
201600026861,16,1,28,1445,1,2,1,1,1.0,44114,M,4725100.0,-161361.0,44
201600026862,16,1,22,1625,1,2,1,2,6.0,44109,M,4723970.0,-157168.0,44
201600026863,16,1,12,840,2,2,1,2,6.0,44109,M,4723590.0,-152766.0,44
201600026864,16,2,15,1900,2,2,1,1,3.0,44162,M,4721160.0,-165157.0,44
201600026865,16,2,1,750,1,2,1,1,4.0,44109,M,4719280.0,-161359.0,44
201600026866,16,2,12,155,5,2,9,6,6.0,44109,M,4721559.0,-155633.0,44
201600026867,16,2,22,1805,2,2,1,8,1.0,44162,M,4723970.0,-163986.0,44
201600026868,16,2,1,810,1,2,1,1,6.0,44109,M,4722000.0,-153133.0,44
201600026869,16,2,16,1810,2,2,6,1,6.0,44109,M,4723160.0,-159229.0,44
201600026870,16,2,23,1225,1,2,1,2,3.0,44162,M,4721840.0,-164734.0,44
201600026871,16,2,26,1705,1,2,1,1,2.0,44109,M,4720720.0,-157253.0,44
201600026872,16,2,16,1515,1,2,1,1,3.0,44109,M,4719190.0,-161359.0,44
201600026873,16,2,26,1910,3,2,1,1,3.0,44109,M,4722810.0,-158014.0,44
201600026874,16,2,9,715,5,2,1,6,3.0,44109,M,4719470.0,-154637.0,44
201600026875,16,2,23,835,2,2,1,3,6.0,44109,M,4719610.0,-154223.0,44
201600026876,16,2,23,1505,1,2,9,1,6.0,44109,M,4722710.0,-151862.0,44
201600026877,16,3,1,1750,1,2,1,2,6.0,44109,M,4723810.0,-153232.0,44
201600026878,16,3,10,910,2,1,1,1,6.0,44109,M,4720970.0,-160008.0,44
201600026879,16,3,3,1010,1,2,1,1,6.0,44114,M,4726180.0,-158763.0,44
201600026880,16,3,1,1545,1,2,1,2,6.0,44109,M,4721840.0,-155100.0,44
201600026881,16,3,8,830,1,2,1,1,2.0,44026,M,4729110.0,-150138.0,44
201600026882,16,2,9,1335,1,2,2,1,3.0,44162,M,4721960.0,-165425.0,44
201600026883,16,3,11,2020,1,2,5,1,3.0,44109,M,4719770.0,-154235.0,44
201600026884,16,3,12,1805,1,2,6,1,3.0,44162,M,4722707.0,-165168.0,44
201600026885,16,3,4,2251,5,2,1,1,6.0,44109,M,4722250.0,-158095.0,44
201600026886,16,3,1,1025,1,2,1,1,1.0,44143,M,4717030.0,-153143.0,44
201600026887,16,3,14,800,1,1,1,1,3.0,44109,M,4725330.0,-154797.0,44
201600026888,16,3,25,820,1,2,1,1,3.0,44109,M,4725980.0,-155856.0,44
201600026889,16,3,3,825,1,2,1,1,6.0,44109,M,4723290.0,-156009.0,44
201600026890,16,3,25,1820,1,1,1,1,3.0,44162,M,4722430.0,-162173.0,44
201600026891,16,3,22,1435,1,2,1,1,5.0,44109,M,4722810.0,-158006.0,44
201600026892,16,3,15,830,1,2,1,1,6.0,44162,M,4722500.0,-162021.0,44
201600026893,16,3,17,805,1,1,1,1,3.0,44109,M,4720770.0,-158243.0,44
201600026894,16,2,26,720,2,2,1,1,6.0,44109,M,4721320.0,-153460.0,44
201600026895,16,3,9,2000,1,2,1,1,2.0,44109,M,4723520.0,-154941.0,44
201600026896,16,4,1,830,1,2,1,1,2.0,44143,M,4717940.0,-160482.0,44
201600026897,16,3,30,1250,1,1,1,2,4.0,44114,M,4726080.0,-161638.0,44
201600026898,16,3,13,855,1,2,1,1,6.0,44109,M,4722210.0,-154693.0,44
201600026899,16,4,1,1045,1,2,1,1,1.0,44109,M,4722064.0,-150500.0,44
201600026900,16,3,20,1300,1,2,1,1,6.0,44109,M,4725290.0,-152965.0,44
201600026901,16,3,21,1250,1,1,1,1,6.0,44109,M,4720370.0,-155177.0,44
201600026902,16,3,25,845,1,2,1,2,3.0,44162,M,4721980.0,-165427.0,44
201600026903,16,3,29,1930,1,2,1,1,6.0,44162,M,4721760.0,-161340.0,44
201600026904,16,3,17,1535,1,2,1,1,2.0,44162,M,4723730.0,-161224.0,44
201600026905,16,3,23,835,1,2,1,1,3.0,44109,M,4722950.0,-158610.0,44
201600026906,16,3,22,750,1,2,1,1,6.0,44109,M,4720100.0,-154440.0,44
201600026907,16,3,17,1,5,2,1,1,3.0,44109,M,4722840.0,-152638.0,44
201600026908,16,4,14,840,1,2,1,1,6.0,44020,M,4718670.0,-159744.0,44
201600026909,16,4,18,2020,1,2,2,1,3.0,44109,M,4721900.0,-155859.0,44
201600026910,16,4,13,1605,1,2,1,1,3.0,44109,M,4721480.0,-154599.0,44
201600026911,16,3,13,1330,1,2,1,1,7.0,44109,M,4724730.0,-156767.0,44
201600026912,16,3,15,1200,1,2,1,1,6.0,44109,M,4721050.0,-155922.0,44
201600026913,16,3,12,1915,2,2,1,1,6.0,44109,M,4722120.0,-155570.0,44
201600026914,16,3,17,645,2,2,1,1,6.0,44162,M,4721960.0,-163752.0,44
201600026915,16,4,1,1415,1,2,1,1,2.0,44109,M,4721520.0,-154705.0,44
201600026916,16,4,26,718,1,1,1,1,5.0,44109,M,4724080.0,-155764.0,44
201600026917,16,3,17,1700,1,2,1,1,1.0,44190,M,4719470.0,-150956.0,44
201600026918,16,4,25,1105,1,2,1,1,3.0,44109,M,4722990.0,-151080.0,44
201600026919,16,3,22,805,1,2,1,1,3.0,44162,M,4720550.0,-162429.0,44
201600026920,16,5,1,1445,1,2,1,1,1.0,44114,M,4725836.0,-162380.0,44
201600026921,16,4,16,1550,1,2,1,1,3.0,44162,M,4723440.0,-159199.0,44
201600026922,16,4,26,2110,1,2,1,1,3.0,44109,M,4721450.0,-157289.0,44
201600026923,16,4,23,1205,1,2,1,1,1.0,44162,M,4725490.0,-162888.0,44
201600026924,16,4,15,1755,1,2,1,1,5.0,44109,M,4720700.0,-154848.0,44
201600026925,16,5,4,1800,1,1,1,1,3.0,44109,M,4722404.0,-149994.0,44
201600026926,16,4,28,920,1,1,1,1,2.0,44114,M,4725870.0,-162612.0,44
201600026927,16,4,23,200,5,1,1,1,6.0,44109,M,4721340.0,-156283.0,44
201600026928,16,5,9,1755,1,2,1,1,3.0,44109,M,4724033.0,-157225.0,44
201600026929,16,5,16,950,1,2,1,1,3.0,44109,M,4726645.0,-151359.0,44
201600026930,16,4,13,2320,5,1,1,1,3.0,44109,M,4722400.0,-152011.0,44
201600026931,16,5,6,1915,1,2,1,1,6.0,44109,M,4721317.0,-155845.0,44
201600026932,16,4,8,1800,2,2,1,1,2.0,44109,M,4719830.0,-158827.0,44
201600026933,16,5,20,1400,1,2,1,1,7.0,44109,M,4722208.0,-158528.0,44
201600026934,16,5,4,1945,1,2,1,1,6.0,44109,M,4727430.0,-151283.0,44
201600026935,16,5,3,712,1,2,1,1,3.0,44035,M,4725670.0,-154292.0,44
201600026936,16,4,23,1844,1,2,1,1,1.0,44162,M,4721210.0,-164051.0,44
201600026937,16,5,20,930,1,1,1,2,4.0,44162,M,4722895.0,-163807.0,44
201600026938,16,4,23,905,1,2,1,1,6.0,44109,M,4720640.0,-154409.0,44
201600026939,16,4,30,407,5,2,1,2,6.0,44109,M,4721060.0,-155201.0,44
201600026940,16,4,9,950,1,2,1,1,6.0,44109,M,4723980.0,-151885.0,44
201600026941,16,4,16,2100,1,2,1,1,6.0,44109,M,4720350.0,-158848.0,44
201600026942,16,4,28,900,1,1,1,1,6.0,44172,M,4725920.0,-155632.0,44
201600026943,16,4,29,905,1,2,1,1,3.0,44109,M,4720520.0,-155510.0,44
201600026944,16,4,29,2320,5,1,1,1,6.0,44109,M,4721030.0,-161016.0,44
201600026945,16,5,3,1955,1,2,1,1,4.0,44109,M,4718952.0,-151626.0,44
201600026946,16,5,26,850,1,2,1,1,6.0,44109,M,4722642.0,-156792.0,44
201600026947,16,5,24,1915,1,1,1,1,6.0,44109,M,4721520.0,-153840.0,44
201600026948,16,5,19,1620,1,2,1,1,6.0,44162,M,4724848.0,-161945.0,44
201600026949,16,5,24,920,1,2,3,1,6.0,44109,M,4723539.0,-156927.0,44
201600026950,16,5,26,900,1,2,1,1,6.0,44109,M,4722133.0,-155560.0,44
201600026951,16,5,23,1620,1,1,1,1,2.0,44172,M,4723673.0,-148086.0,44
201600026952,16,5,21,1110,1,2,1,1,3.0,44190,M,4719935.0,-150391.0,44
201600026953,16,5,27,20,3,1,1,1,6.0,44114,M,4727249.0,-162870.0,44
201600026954,16,6,7,2336,5,2,1,1,3.0,44162,M,4723041.0,-159569.0,44
201600026955,16,6,7,1445,1,2,1,1,6.0,44109,M,4711587.0,-134493.0,44
201600026956,16,6,8,615,1,2,1,1,6.0,44109,M,4722062.0,-154856.0,44
201600026957,16,5,23,1555,1,2,1,1,6.0,44109,M,4722026.0,-154897.0,44
201600026958,16,5,11,1610,1,2,1,1,6.0,44143,M,4718820.0,-154805.0,44
201600026959,16,6,10,1910,1,2,1,1,1.0,44109,M,4719632.0,-153070.0,44
201600026960,16,6,7,800,1,2,2,1,6.0,44109,M,4722774.0,-151487.0,44
201600026961,16,6,15,1800,1,1,1,1,4.0,44114,M,4726756.0,-158881.0,44
201600026962,16,6,8,1815,1,2,1,1,1.0,44109,M,4722404.0,-149994.0,44
201600026963,16,6,23,245,4,2,1,2,7.0,44109,M,4726117.0,-150881.0,44
201600026964,16,6,18,150,3,2,1,2,2.0,44109,M,4725710.0,-154646.0,44
201600026965,16,6,16,1255,1,2,1,1,6.0,44109,M,4725852.0,-151838.0,44
201600026966,16,5,12,1615,1,1,1,1,3.0,44143,M,4717481.0,-155442.0,44
201600026967,16,6,11,1915,1,2,2,1,6.0,44109,M,4720026.0,-154650.0,44
201600026968,16,6,23,1735,1,2,1,1,6.0,44109,M,4720604.0,-160761.0,44
201600026969,16,5,28,1555,1,1,1,1,5.0,44114,M,4725472.0,-163370.0,44
201600026970,16,6,10,330,3,2,1,1,7.0,44190,M,4718896.0,-150121.0,44
201600026971,16,5,11,2135,1,2,1,1,6.0,44109,M,4720273.0,-155294.0,44
201600026972,16,6,25,2245,3,2,1,1,6.0,44114,M,4725690.0,-162201.0,44
201600026973,16,5,17,1130,1,2,1,1,6.0,44109,M,4722068.0,-154594.0,44
201600026974,16,5,24,805,1,2,1,1,6.0,44109,M,4725137.0,-154617.0,44
201600026975,16,5,25,1210,1,2,1,1,6.0,44143,M,4722427.0,-151941.0,44
201600026976,16,5,29,1300,1,2,1,2,7.0,44114,M,4724905.0,-157899.0,44
201600026977,16,5,25,2005,1,2,1,1,3.0,44109,M,4717004.0,-158473.0,44
201600026978,16,6,8,1725,1,2,1,1,1.0,44162,M,4721129.0,-165001.0,44
201600026979,16,6,11,328,3,2,1,2,6.0,44109,M,4721627.0,-155151.0,44
201600026980,16,6,13,1755,1,2,1,2,6.0,44109,M,4722259.0,-157259.0,44
201600026981,16,6,11,1115,1,1,1,1,4.0,44114,M,4725755.0,-162164.0,44
201600026982,16,6,8,1635,1,2,1,1,2.0,44109,M,4719913.0,-160988.0,44
201600026983,16,6,21,1510,1,2,1,8,6.0,44143,M,4716183.0,-154146.0,44
201600026984,16,6,17,1230,1,1,1,1,2.0,44114,M,4726133.0,-161979.0,44
201600026985,16,6,5,800,1,2,7,1,6.0,44109,M,4720203.0,-157277.0,44
201600026986,16,6,16,735,1,2,1,1,6.0,44109,M,4720937.0,-155047.0,44
201600026987,16,6,22,759,1,2,1,1,3.0,44109,M,4725117.0,-149876.0,44
201600026988,16,6,9,900,1,2,1,1,6.0,44109,M,4723717.0,-154529.0,44
201600026989,16,6,28,2300,3,2,1,1,6.0,44162,M,4720945.0,-163053.0,44
201600026990,16,6,13,1430,1,2,1,1,3.0,44109,M,4720664.0,-153401.0,44
201600026991,16,6,22,1835,1,2,1,3,6.0,44162,M,4721016.0,-161692.0,44
201600026992,16,6,24,1615,1,2,1,1,3.0,44109,M,4722608.0,-152877.0,44
201600026993,16,6,30,1845,1,2,1,1,2.0,44109,M,4725179.0,-151729.0,44
201600026994,16,6,26,250,5,2,1,1,1.0,44109,M,4721792.0,-155247.0,44
201600026995,16,6,7,1900,1,2,1,1,1.0,44109,M,4721773.0,-155549.0,44
201600026996,16,7,8,1230,1,2,1,1,6.0,44109,M,4725665.0,-155513.0,44
201600026997,16,7,11,1620,1,2,1,1,3.0,44109,M,4724039.0,-151196.0,44
201600026998,16,7,21,1945,1,2,9,1,6.0,44109,M,4722540.0,-155734.0,44
201600026999,16,8,3,240,5,2,1,1,6.0,44109,M,4718657.0,-152166.0,44
201600027000,16,7,11,1945,1,2,1,1,6.0,44109,M,4722434.0,-160177.0,44
201600027001,16,7,10,1910,1,2,1,1,6.0,44109,M,4720088.0,-154477.0,44
201600027002,16,7,19,830,1,2,1,1,3.0,44109,M,4721895.0,-154406.0,44
201600027003,16,7,24,1830,1,2,1,1,1.0,44162,M,4722347.0,-161293.0,44
201600027004,16,7,17,1810,1,2,9,1,6.0,44162,M,4724019.0,-160948.0,44
201600027005,16,7,19,1200,1,2,1,1,3.0,44162,M,4722714.0,-160871.0,44
201600027006,16,7,4,1843,1,2,1,1,3.0,44109,M,4725803.0,-152836.0,44
201600027007,16,8,11,1645,1,2,1,1,3.0,44162,M,4721334.0,-160890.0,44
201600027008,16,7,12,1330,1,2,1,2,1.0,44190,M,4719717.0,-151295.0,44
201600027009,16,7,18,725,1,2,1,1,6.0,44109,M,4721693.0,-155758.0,44
201600027010,16,7,26,1710,1,2,1,1,6.0,44109,M,4725896.0,-150819.0,44
201600027011,16,7,29,1810,1,2,1,1,3.0,44109,M,4722404.0,-149994.0,44
201600027012,16,8,16,905,1,2,1,1,6.0,44162,M,4720775.0,-161833.0,44
201600027013,16,7,2,955,1,1,1,1,7.0,44109,M,4722726.0,-150137.0,44
201600027014,16,8,10,1955,1,2,1,1,3.0,44109,M,4721226.0,-155457.0,44
201600027015,16,7,17,2143,2,2,1,1,6.0,44109,M,4720651.0,-155495.0,44
201600027016,16,7,30,1020,1,1,1,1,4.0,44114,M,4726547.0,-158706.0,44
201600027017,16,7,1,1530,1,2,1,1,6.0,44109,M,4719805.0,-152993.0,44
201600027018,16,7,11,1645,1,2,1,1,6.0,44109,M,4725852.0,-151838.0,44
201600027019,16,7,6,1730,1,2,1,1,6.0,44114,M,4726542.0,-158690.0,44
201600027020,16,7,10,1825,1,2,2,1,3.0,44109,M,4720550.0,-160643.0,44
201600027021,16,8,17,2326,5,2,1,1,6.0,44109,M,4721176.0,-155614.0,44
201600027022,16,7,25,1040,1,1,1,1,4.0,44109,M,4719292.0,-161357.0,44
201600027023,16,7,12,2245,5,2,1,1,6.0,44162,M,4721944.0,-162570.0,44
201600027024,16,7,15,1118,1,2,1,1,6.0,44109,M,4726573.0,-157354.0,44
201600027025,16,7,1,1435,1,2,1,1,6.0,44109,M,4721605.0,-154679.0,44
201600027026,16,8,12,1411,1,2,1,1,6.0,44114,M,4724603.0,-157986.0,44
201600027027,16,8,23,1455,1,2,1,1,6.0,44109,M,4724808.0,-151614.0,44
201600027028,16,9,3,1435,1,2,1,1,6.0,44109,M,4721033.0,-157198.0,44
201600027029,16,9,16,1430,1,2,1,1,1.0,44109,M,4721278.0,-155349.0,44
201600027030,16,9,1,1715,1,2,1,1,6.0,44143,M,4719355.0,-154620.0,44
201600027031,16,9,16,650,2,1,1,1,6.0,44109,M,4718717.0,-147731.0,44
201600027032,16,10,2,120,5,2,2,1,1.0,44109,M,4721214.0,-157906.0,44
201600027033,16,8,20,2040,1,1,1,1,6.0,44162,M,4721406.0,-160730.0,44
201600027034,16,9,2,1355,1,2,6,1,6.0,44109,M,4724741.0,-150390.0,44
201600027035,16,8,30,310,3,2,1,1,6.0,44162,M,4723609.0,-158740.0,44
201600027036,16,8,30,800,1,1,1,1,6.0,44109,M,4724606.0,-150291.0,44
201600027037,16,9,24,5,5,1,1,1,6.0,44109,M,4722794.0,-152730.0,44
201600027038,16,9,29,945,1,2,1,1,4.0,44114,M,4726210.0,-161258.0,44
201600027039,16,8,7,2011,1,2,1,1,6.0,44109,M,4721475.0,-157439.0,44
201600027040,16,8,20,255,5,2,1,1,7.0,44109,M,4721591.0,154685.0,44
201600027041,16,8,2,835,1,2,1,1,6.0,44109,M,4726411.0,-157623.0,44
201600027042,16,8,23,1640,1,2,1,1,6.0,44109,M,4725272.0,-155327.0,44
201600027043,16,9,25,1940,1,2,1,1,6.0,44162,M,4721329.0,-160845.0,44
201600027044,16,8,9,1555,1,1,1,1,6.0,44162,M,4723879.0,-166327.0,44
201600027045,16,10,4,910,1,2,1,1,4.0,44109,M,4727258.0,150970.0,44
201600027046,16,8,23,905,1,2,1,1,2.0,44162,M,4724113.0,-159844.0,44
201600027047,16,8,12,1200,1,1,1,1,3.0,44109,M,4719474.0,-161367.0,44
201600027048,16,10,18,1340,1,2,3,1,2.0,44109,M,4721724.0,-158150.0,44
201600027049,16,9,1,1725,1,2,1,1,6.0,44109,M,4723877.0,-157039.0,44
201600027050,16,10,21,258,5,2,1,1,7.0,44109,M,4721298.0,-154450.0,44
201600027051,16,9,18,1845,1,2,1,1,3.0,44143,M,4717394.0,-155870.0,44
201600027052,16,9,15,1705,1,1,1,1,6.0,44109,M,4722472.0,-155875.0,44
201600027053,16,9,12,1748,1,2,1,1,7.0,44109,M,4721822.0,-154045.0,44
201600027054,16,9,28,1005,1,2,1,1,6.0,44109,M,4725292.0,-156071.0,44
201600027055,16,9,8,1845,1,2,1,1,6.0,44109,M,,,44
201600027056,16,10,22,5,5,2,1,1,3.0,44109,M,4722243.0,-158249.0,44
201600027057,16,9,30,1710,1,2,1,1,6.0,44172,M,4724608.0,-149974.0,44
201600027058,16,9,23,1015,1,2,1,1,6.0,44020,M,4716803.0,-157686.0,44
201600027059,16,9,20,935,1,2,1,1,3.0,44162,M,4723422.0,-165422.0,44
201600027060,16,9,20,1620,1,2,1,1,3.0,44143,M,4715726.0,-154145.0,44
201600027061,16,9,28,1710,1,2,1,1,1.0,44162,M,4723132.0,-159195.0,44
201600027062,16,10,5,1315,1,2,1,1,6.0,44109,M,4720602.0,-160826.0,44
201600027063,16,10,2,1850,2,2,1,1,6.0,44109,M,4721214.0,-155861.0,44
201600027064,16,10,14,1600,1,2,1,1,6.0,44109,M,4721382.0,-156036.0,44
201600027065,16,10,7,1500,1,2,1,1,6.0,44114,M,4725054.0,-161759.0,44
201600027066,16,8,4,1900,2,2,1,1,6.0,44109,M,4721883.0,-155449.0,44
201600027067,16,9,28,815,1,2,1,1,3.0,44109,M,4725732.0,-155033.0,44
201600027068,16,11,7,2150,5,2,1,1,1.0,44162,M,4722252.0,-160892.0,44
201600027069,16,10,8,1730,1,2,1,1,6.0,44109,M,4722091.0,-155281.0,44
201600027070,16,10,3,1700,1,2,3,1,6.0,44114,M,4725449.0,-160031.0,44
201600027071,16,10,10,1015,1,2,1,1,6.0,44109,M,4725379.0,-149921.0,44
201600027072,16,9,23,1255,1,2,1,1,6.0,44109,M,4724843.0,-152134.0,44
201600027073,16,9,10,900,1,2,6,1,6.0,44109,M,4724849.0,-152141.0,44
201600027074,16,9,15,1810,1,2,1,1,3.0,44109,M,4726436.0,-157237.0,44
201600027075,16,9,24,1807,1,2,1,1,6.0,44109,M,4720830.0,-159303.0,44
201600027076,16,9,6,2020,2,2,1,1,6.0,44109,M,4722724.0,-156083.0,44
201600027077,16,9,29,850,1,2,1,1,3.0,44109,M,4719977.0,-156484.0,44
201600027078,16,9,30,50,5,2,1,1,6.0,44109,M,4721022.0,-159474.0,44
201600027079,16,9,29,820,1,2,1,1,1.0,44190,M,4720423.0,-151924.0,44
201600027080,16,9,15,1745,1,2,1,1,3.0,44109,M,4721338.0,-160242.0,44
201600027081,16,10,1,1450,1,2,1,1,6.0,44162,M,4721075.0,-162625.0,44
201600027082,16,11,24,42,5,2,1,1,6.0,44109,M,4722070.0,-154853.0,44
201600027083,16,10,8,1825,1,2,1,1,6.0,44162,M,4725029.0,-162031.0,44
201600027084,16,10,3,850,1,2,1,1,2.0,44162,M,4724053.0,-161053.0,44
201600027085,16,10,21,1830,1,2,1,1,1.0,44109,M,4725447.0,-156930.0,44
201600027086,16,10,29,1030,1,2,1,1,3.0,44162,M,4723805.0,-159774.0,44
201600027087,16,10,6,2300,5,2,1,1,3.0,44190,M,4719061.0,-148801.0,44
201600027088,16,10,19,1830,1,2,1,1,6.0,44109,M,4722452.0,-154978.0,44
201600027089,16,10,12,815,2,2,1,1,5.0,44109,M,4723537.0,-154596.0,44
201600027090,16,10,28,1110,1,2,1,1,3.0,44109,M,4720614.0,-153868.0,44
201600027091,16,10,18,1645,1,2,1,1,5.0,44162,M,4723344.0,-159019.0,44
201600027092,16,10,23,345,5,2,1,1,6.0,44109,M,4720824.0,-156582.0,44
201600027093,16,10,7,1735,1,2,1,1,6.0,44162,M,4722143.0,-160540.0,44
201600027094,16,11,14,700,5,2,1,1,1.0,44109,M,4722215.0,-155637.0,44
201600027095,16,11,4,1335,1,2,1,1,1.0,44109,M,4722079.0,-157120.0,44
201600027096,16,11,18,1950,2,2,1,1,6.0,44109,M,4720126.0,-154653.0,44
201600027097,16,11,8,1827,5,2,1,2,6.0,44114,M,4725290.0,-157633.0,44
201600027098,16,10,6,154,5,2,3,1,6.0,44109,M,4720682.0,-157917.0,44
201600027099,16,12,3,250,5,2,1,1,7.0,44109,M,4722767.0,-151560.0,44
201600027100,16,10,6,1820,1,2,1,1,1.0,44109,M,4723529.0,-154543.0,44
201600027101,16,10,16,915,1,2,1,1,6.0,44109,M,4722162.0,-155744.0,44
201600027102,16,10,31,1042,1,1,1,1,7.0,44109,M,4719473.0,-161299.0,44
201600027103,16,12,8,1650,1,2,1,1,7.0,44109,M,4719008.0,-152546.0,44
201600027104,16,10,2,2300,3,1,1,1,2.0,44109,M,4726479.0,-159100.0,44
201600027105,16,10,17,1100,1,2,1,1,6.0,44162,M,4725083.0,-162116.0,44
201600027106,16,10,6,2115,5,2,1,1,5.0,44109,M,4721069.0,-156022.0,44
201600027107,16,10,16,240,5,2,1,1,6.0,44162,M,4723465.0,-158892.0,44
201600027108,16,10,24,1930,1,2,1,1,3.0,44109,M,4720906.0,-155597.0,44
201600027109,16,11,23,1230,1,2,6,2,3.0,44109,M,4718958.0,-151933.0,44
201600027110,16,10,17,750,1,2,1,1,6.0,44162,M,4723559.0,-159608.0,44
201600027111,16,11,13,2000,3,2,1,1,5.0,44162,M,4721255.0,-162666.0,44
201600027112,16,12,15,1712,5,2,1,1,3.0,44109,M,4722886.0,-158619.0,44
201600027113,16,11,12,1819,2,2,1,1,6.0,44109,M,4721404.0,-153260.0,44
201600027114,16,12,20,1850,3,2,1,1,4.0,44109,M,4722133.0,-151073.0,44
201600027115,16,11,13,620,3,2,1,2,6.0,44109,M,4721174.0,-154346.0,44
201600027116,16,11,6,1925,1,1,4,1,1.0,44109,M,4721778.0,-155547.0,44
201600027117,16,1,3,1111,1,2,1,6,7.0,44184,M,4727963.0,-221135.0,44
201600027118,16,12,30,1855,1,2,3,1,3.0,44184,M,4728422.0,-220150.0,44
201600027119,16,1,4,1415,1,2,1,1,3.0,44184,M,4726358.0,-225887.0,44
201600027120,16,1,5,1230,1,2,1,1,1.0,44184,M,4728040.0,-225881.0,44
201600027121,16,1,6,1445,1,2,2,1,3.0,44184,M,4727094.0,-221447.0,44
201600027122,16,1,6,1920,5,2,1,3,7.0,44184,M,4727027.0,-223983.0,44
201600027123,16,1,8,1920,5,2,2,2,3.0,44184,M,4727813.0,-220854.0,44
201600027124,16,1,10,2045,3,2,1,2,2.0,44184,M,4728305.0,-227717.0,44
201600027125,16,1,16,1950,2,2,1,1,5.0,44184,M,4727851.0,-224845.0,44
201600027126,16,1,18,1810,5,2,1,2,3.0,44184,M,4729352.0,-219829.0,44