Num_Acc,an,mois,jour,hrmn,lum,agg,int,atm,col,com,gps,lat,long,dep
201600027127,16,1,20,715,2,2,3,1,2.0,44184,M,4727869.0,-221317.0,44
201600027128,16,1,21,2100,5,2,3,1,3.0,44184,M,4728163.0,-220928.0,44
201600027129,16,1,23,1130,1,2,1,1,3.0,44184,M,4727759.0,-221661.0,44
201600027130,16,1,26,1820,1,2,1,1,7.0,44184,M,4726944.0,-222785.0,44
201600027131,16,2,15,1640,1,2,3,1,1.0,44184,M,4728423.0,-220131.0,44
201600027132,16,2,25,1555,1,2,1,1,7.0,44184,M,4727162.0,-223291.0,44
201600027133,16,3,3,1220,1,2,1,1,4.0,44184,M,4726676.0,-225475.0,44
201600027134,16,3,19,1920,1,1,2,1,1.0,44184,M,4727022.0,-221396.0,44
201600027135,16,4,7,1730,1,2,7,1,3.0,44184,M,4727841.0,-221656.0,44
201600027136,16,4,12,1140,1,2,1,1,3.0,44184,M,4727945.0,-220254.0,44
201600027137,16,4,19,1100,1,2,1,1,5.0,44184,M,4728341.0,-224934.0,44
201600027138,16,4,23,2110,2,2,6,1,6.0,44184,M,4727091.0,-224461.0,44
201600027139,16,4,26,1650,1,1,2,1,2.0,44184,M,4726286.0,-223894.0,44
201600027140,16,4,28,750,1,2,2,1,3.0,44184,M,4727337.0,-222113.0,44
201600027141,16,5,2,1740,1,2,1,1,3.0,44184,M,4726399.0,-224409.0,44
201600027142,16,5,8,1335,1,2,1,1,3.0,44184,M,4728476.0,-220465.0,44
201600027143,16,5,11,1800,1,2,1,1,7.0,44184,M,4727501.0,-221843.0,44
201600027144,16,5,19,2125,1,2,1,1,2.0,44184,M,4730122.0,-218864.0,44
201600027145,16,5,24,1835,1,2,6,1,3.0,44184,M,4725675.0,-226837.0,44
201600027146,16,6,3,1600,1,2,2,1,3.0,44184,M,4728246.0,-223772.0,44
201600027147,16,6,3,1700,1,2,1,1,2.0,44184,M,4728290.0,-221923.0,44
201600027148,16,6,4,1600,1,2,1,1,1.0,44184,M,4729496.0,-219523.0,44
201600027149,16,6,14,1910,1,2,6,1,6.0,44184,M,4725617.0,-226884.0,44
201600027150,16,6,17,2215,1,2,1,1,2.0,44184,M,4725745.0,-222812.0,44
201600027151,16,6,21,1050,1,2,1,1,6.0,44184,M,4727663.0,-220543.0,44
201600027152,16,6,24,1822,1,2,2,1,7.0,44184,M,4727769.0,-221699.0,44
201600027153,16,6,29,1425,1,2,1,1,6.0,44184,M,4728027.0,-222851.0,44
201600027154,16,6,29,1610,1,2,1,1,1.0,44184,M,4726101.0,-225706.0,44
201600027155,16,6,30,1730,1,2,1,1,1.0,44184,M,4725937.0,-227984.0,44
201600027156,16,7,5,1455,1,2,1,1,1.0,44184,M,4727823.0,-226598.0,44
201600027157,16,7,13,1200,1,2,1,1,3.0,44184,M,4727329.0,-223170.0,44
201600027158,16,7,17,2030,1,2,2,1,3.0,44184,M,4727781.0,-221720.0,44
201600027159,16,7,22,1950,1,2,1,1,2.0,44184,M,4727851.0,-221069.0,44
201600027160,16,7,27,1435,1,2,2,1,3.0,44184,M,4728276.0,-220929.0,44
201600027161,16,8,4,2000,1,2,3,1,5.0,44184,M,4729052.0,-219957.0,44
201600027162,16,8,13,1650,1,2,1,1,2.0,44184,M,4729071.0,-223523.0,44
201600027163,16,8,22,1805,1,2,2,1,3.0,44184,M,4727875.0,-228631.0,44
201600027164,16,9,9,831,1,2,8,1,3.0,44184,M,4730029.0,-219283.0,44
201600027165,16,9,12,1700,1,2,1,1,7.0,44184,M,4725644.0,-226867.0,44
201600027166,16,9,13,1935,2,2,1,2,3.0,44184,M,4729114.0,-226267.0,44
201600027167,16,9,14,1745,1,2,1,1,4.0,44184,M,4727096.0,-224438.0,44
201600027168,16,9,22,830,1,2,2,1,3.0,44184,M,4728283.0,-221884.0,44
201600027169,16,9,26,1500,1,2,2,1,1.0,44184,M,4727548.0,-221334.0,44
201600027170,16,9,27,924,1,2,3,2,3.0,44184,M,4727078.0,-224203.0,44
201600027171,16,9,29,903,2,1,1,1,4.0,44184,M,4729071.0,-223523.0,44
201600027172,16,10,5,900,1,2,6,1,3.0,44184,M,4726479.0,-224331.0,44
201600027173,16,10,11,750,3,1,1,1,2.0,44184,M,4729246.0,-222662.0,44
201600027174,16,10,17,1545,1,2,1,1,7.0,44184,M,4725758.0,-225328.0,44
201600027175,16,10,11,840,1,2,3,1,6.0,44184,M,4728678.0,-221896.0,44
201600027176,16,10,22,620,4,2,6,1,1.0,44184,M,4728970.0,-219274.0,44
201600027177,16,10,23,1420,1,2,1,2,1.0,44184,M,4728626.0,-221106.0,44
201600027178,16,10,25,650,5,2,1,5,2.0,44184,M,4727540.0,-222079.0,44
201600027179,16,11,2,1715,1,2,1,1,4.0,44184,M,4727083.0,-224217.0,44
201600027180,16,11,9,1130,1,2,7,1,7.0,44184,M,4725784.0,-223654.0,44
201600027181,16,11,10,1805,2,2,3,1,1.0,44184,M,4727892.0,-222648.0,44
201600027182,16,11,14,745,2,2,1,1,1.0,44184,M,4729273.0,-218735.0,44
201600027183,16,11,19,1520,1,2,2,1,3.0,44184,M,4727689.0,-222751.0,44
201600027184,16,11,22,845,1,2,2,1,1.0,44184,M,4728457.0,-222272.0,44
201600027185,16,11,22,1530,1,2,2,1,3.0,44184,M,4728144.0,-222881.0,44
201600027186,16,11,28,630,5,2,1,1,3.0,44184,M,4728196.0,-220443.0,44
201600027187,16,11,29,1430,1,2,1,1,7.0,44184,M,,,44
201600027188,16,11,30,1330,1,2,6,1,1.0,44184,M,4726778.0,-223365.0,44
201600027189,16,12,3,1825,5,2,1,1,1.0,44184,M,4726768.0,-224067.0,44
201600027190,16,12,6,750,5,2,1,1,7.0,44184,M,4726216.0,-225475.0,44
201600027191,16,12,16,912,1,2,1,1,6.0,44184,M,4726348.0,-223367.0,44
201600027192,16,12,17,2305,3,1,1,5,6.0,44184,M,4729071.0,-223523.0,44
201600027193,16,12,22,1935,1,2,2,1,6.0,44184,M,4727845.0,-221066.0,44
201600027194,16,12,27,2120,3,1,6,1,2.0,44184,M,4728592.0,-224981.0,44
201600027195,16,1,7,750,2,2,1,3,6.0,45208,M,4799479.0,273363.0,45
201600027196,16,1,8,1832,5,2,3,1,2.0,45004,M,4799925.0,275278.0,45
201600027197,16,1,9,640,5,2,1,2,6.0,45004,M,4796868.0,277372.0,45
201600027198,16,1,14,1245,1,2,1,1,2.0,45208,M,4798726.0,273257.0,45
201600027199,16,1,18,1720,2,2,1,1,2.0,45068,M,4800462.0,272445.0,45
201600027200,16,1,2,1127,1,2,1,1,7.0,45208,M,,,45
201600027201,16,1,26,1250,1,2,1,1,1.0,45208,M,4799358.0,272855.0,45
201600027202,16,1,28,836,1,2,2,1,3.0,45208,M,4800537.0,274445.0,45
201600027203,16,1,28,1355,1,1,4,2,4.0,45004,M,4797579.0,273997.0,45
201600027204,16,1,30,1940,5,2,1,2,6.0,45208,M,4799379.0,273235.0,45
201600027205,16,2,5,1120,1,2,2,2,3.0,45068,M,4801304.0,273129.0,45
201600027206,16,2,5,1620,1,2,1,1,3.0,45004,M,4798142.0,273302.0,45
201600027207,16,2,12,720,2,2,1,2,3.0,45068,M,4802041.0,271529.0,45
201600027208,16,2,15,2155,5,2,2,1,3.0,45208,M,4800666.0,274113.0,45
201600027209,16,2,24,1250,1,2,1,1,6.0,45208,M,4799414.0,272851.0,45
201600027210,16,3,26,1950,2,2,2,1,3.0,45208,M,4800356.0,274201.0,45
201600027211,16,4,2,1526,1,2,1,1,6.0,45004,M,4797388.0,273589.0,45
201600027212,16,4,14,1615,1,2,2,8,3.0,45208,M,4799436.0,274255.0,45
201600027213,16,4,16,1415,1,2,3,2,1.0,45004,M,4797477.0,277979.0,45
201600027214,16,4,16,1510,1,1,1,8,6.0,45208,M,4799412.0,274034.0,45
201600027215,16,4,17,1655,1,2,1,1,6.0,45208,M,4800017.0,273126.0,45
201600027216,16,4,21,1450,1,1,1,1,2.0,45338,M,4798094.0,270854.0,45
201600027217,16,5,2,1640,1,1,3,1,2.0,45004,M,4798569.0,276944.0,45
201600027218,16,5,5,2126,5,2,3,1,1.0,45208,M,4800042.0,274568.0,45
201600027219,16,5,7,1032,1,2,3,1,3.0,45068,M,4801216.0,273131.0,45
201600027220,16,5,20,1120,1,2,1,1,2.0,45004,M,4798411.0,273276.0,45
201600027221,16,5,23,820,1,2,3,2,3.0,45208,M,4799867.0,274145.0,45
201600027222,16,5,24,1145,1,2,1,1,6.0,45208,M,4799681.0,273443.0,45
201600027223,16,5,28,235,5,2,1,1,6.0,45004,M,4798889.0,274698.0,45
201600027224,16,5,29,1205,1,2,2,2,6.0,45208,M,4799405.0,273242.0,45
201600027225,16,6,9,740,1,1,1,1,7.0,45004,M,,,45
201600027226,16,6,9,1905,1,2,1,1,3.0,45208,M,4800188.0,273586.0,45
201600027227,16,6,24,1203,1,2,3,2,3.0,45004,M,4798568.0,276937.0,45
201600027228,16,6,24,1225,1,1,1,8,4.0,45004,M,4796976.0,273494.0,45
201600027229,16,7,6,740,1,1,1,1,2.0,45004,M,,,45
201600027230,16,7,6,1620,1,2,1,1,6.0,45068,M,4800883.0,274053.0,45
201600027231,16,7,7,1930,1,2,1,1,6.0,45068,M,4801223.0,272229.0,45
201600027232,16,5,7,1905,1,2,6,1,3.0,45068,M,,,45
201600027233,16,5,11,1200,1,2,3,1,2.0,45338,M,4798890.0,272423.0,45
201600027234,16,7,22,530,1,2,1,1,3.0,45068,M,,,45
201600027235,16,7,26,1100,1,1,1,1,1.0,45004,M,4798989.0,277849.0,45
201600027236,16,8,1,2155,5,2,1,1,1.0,45004,M,4797576.0,274146.0,45
201600027237,16,8,2,123,5,2,2,1,3.0,45004,M,4799052.0,276909.0,45
201600027238,16,8,4,1750,1,2,4,1,2.0,45208,M,4798835.0,273246.0,45
201600027239,16,8,10,2240,5,2,3,1,3.0,45004,M,4798932.0,274676.0,45
201600027240,16,8,11,1645,1,1,1,1,6.0,45338,M,,,45
201600027241,16,8,22,812,1,2,2,1,3.0,45068,M,4801305.0,273126.0,45
201600027242,16,8,23,550,3,2,1,1,6.0,45068,M,4801064.0,273999.0,45
201600027243,16,8,23,1135,1,2,6,1,3.0,45068,M,4800776.0,274046.0,45
201600027244,16,8,29,1645,1,2,1,1,6.0,45208,M,4799744.0,274182.0,45
201600027245,16,9,5,1752,1,2,1,1,2.0,45004,M,,,45
201600027246,16,9,9,1055,1,2,1,1,6.0,45208,M,4799489.0,273222.0,45
201600027247,16,9,9,2252,5,2,1,1,7.0,45338,M,4799062.0,270779.0,45
201600027248,16,9,15,1425,1,2,1,2,3.0,45068,M,,,45
201600027249,16,9,19,420,5,2,1,8,6.0,45208,M,4800715.0,274095.0,45
201600027250,16,9,12,1720,1,1,1,1,3.0,45208,M,4799263.0,274535.0,45
201600027251,16,9,20,1130,1,2,1,1,6.0,45208,M,4799766.0,273568.0,45
201600027252,16,9,20,1755,1,2,3,2,3.0,45338,M,4798589.0,271427.0,45
201600027253,16,9,22,1850,1,2,2,1,3.0,45208,M,4799799.0,273991.0,45
201600027254,16,9,25,1640,1,2,1,8,6.0,45208,M,4799587.0,272254.0,45
201600027255,16,9,28,1035,1,2,1,1,6.0,45068,M,4801561.0,273599.0,45
201600027256,16,9,28,1345,1,2,1,1,6.0,45004,M,4797772.0,273361.0,45
201600027257,16,10,3,1300,1,2,1,1,3.0,45208,M,4800679.0,274112.0,45
201600027258,16,10,8,1645,1,2,6,1,3.0,45068,M,4801206.0,271901.0,45
201600027259,16,10,9,1546,1,1,1,1,6.0,45004,M,4795993.0,275912.0,45
201600027260,16,10,11,900,1,2,1,1,1.0,45208,M,4799682.0,272192.0,45
201600027261,16,10,17,1730,1,2,1,1,6.0,45068,M,4802459.0,273511.0,45
201600027262,16,10,21,2120,5,2,1,1,3.0,45068,M,4801575.0,271589.0,45
201600027263,16,10,23,1910,5,2,1,2,3.0,45338,M,4799077.0,271006.0,45
201600027264,16,10,28,1755,1,2,1,1,6.0,45004,M,4797713.0,273692.0,45
201600027265,16,10,28,2113,5,2,1,1,3.0,45208,M,4799119.0,273223.0,45
201600027266,16,11,2,830,1,1,1,5,2.0,45004,M,4797801.0,274169.0,45
201600027267,16,11,4,1100,1,2,1,1,6.0,45208,M,4799797.0,274215.0,45
201600027268,16,11,16,1800,5,2,1,1,6.0,45004,M,,,45
201600027269,16,9,10,1755,1,2,1,2,6.0,45208,M,4799858.0,273377.0,45
201600027270,16,11,24,845,1,1,1,1,4.0,45004,M,,,45
201600027271,16,11,24,1320,1,2,1,1,3.0,45004,M,4797741.0,273147.0,45
201600027272,16,11,30,1330,1,2,1,1,6.0,45068,M,4800149.0,272469.0,45
201600027273,16,11,30,1730,5,2,1,1,6.0,45208,M,4799982.0,273282.0,45
201600027274,16,11,29,1825,3,2,2,1,3.0,45004,M,4799242.0,277086.0,45
201600027275,16,12,5,1900,3,1,1,1,4.0,45004,M,,,45
201600027276,16,12,15,1550,1,2,1,1,6.0,45068,M,4803138.0,274288.0,45
201600027277,16,12,19,845,1,2,1,2,6.0,45338,M,4799199.0,270163.0,45
201600027278,16,12,22,2025,5,2,9,1,6.0,45004,M,,,45
201600027279,16,10,23,2210,5,2,1,1,6.0,45208,M,,,45
201600027280,16,12,28,1445,1,2,1,1,1.0,45208,M,,,45
201600027281,16,10,18,740,5,1,1,1,4.0,45234,M,,,45
201600027282,16,11,22,2035,5,2,3,1,3.0,45234,M,4788682.0,188872.0,45
201600027283,16,11,15,1020,1,1,1,2,4.0,45302,M,,,45
201600027284,16,12,27,1155,1,2,1,1,6.0,45234,M,,,45
201600027285,16,2,9,1910,3,2,3,1,6.0,45234,M,4791113.0,191521.0,45
201600027286,16,1,18,1810,5,2,1,2,5.0,45234,M,,,45
201600027287,16,1,23,26,5,2,3,2,3.0,45147,M,4793525.0,191748.0,45
201600027288,16,1,23,2230,5,2,2,1,6.0,45169,M,4792002.0,180714.0,45
201600027289,16,1,25,1330,1,2,1,1,3.0,45286,M,,,45
201600027290,16,1,29,1320,1,2,1,1,6.0,45147,M,4792728.0,191994.0,45
201600027291,16,2,6,2133,3,1,1,1,2.0,45232,M,4783962.0,191444.0,45
201600027292,16,4,30,2355,5,2,2,1,3.0,45234,M,4790549.0,189191.0,45
201600027293,16,4,26,1755,1,2,2,1,3.0,45147,M,4792256.0,191427.0,45
201600027294,16,4,8,1405,1,2,1,1,3.0,45075,M,4789731.0,185338.0,45
201600027295,16,4,14,1415,1,2,1,2,5.0,45302,M,4793356.0,186612.0,45
201600027296,16,6,8,845,1,1,1,1,3.0,45302,M,4793138.0,187907.0,45
201600027297,16,5,19,2050,1,2,2,1,5.0,45285,M,4791114.0,186708.0,45
201600027298,16,7,7,2305,5,2,3,1,3.0,45234,M,4788682.0,188872.0,45
201600027299,16,9,2,2355,5,2,3,1,3.0,45302,M,4796409.0,188864.0,45
201600027300,16,6,22,1600,1,2,1,1,7.0,45234,M,4791436.0,190457.0,45
201600027301,16,6,24,2240,5,2,2,1,1.0,45147,M,4793771.0,191847.0,45
201600027302,16,6,9,1355,1,2,3,1,1.0,45234,M,4788148.0,190345.0,45
201600027303,16,8,23,1025,1,2,3,1,2.0,45286,M,,,45
201600027304,16,11,3,1150,1,2,3,1,6.0,45147,M,4792644.0,191637.0,45
201600027305,16,8,6,15,5,2,3,1,3.0,45234,M,,,45
201600027306,16,8,6,845,1,2,2,1,3.0,45147,M,,,45
201600027307,16,9,3,1630,1,2,1,1,6.0,45234,M,4791456.0,189813.0,45
201600027308,16,9,5,2125,5,2,1,1,3.0,45234,M,4789997.0,192663.0,45
201600027309,16,12,4,2210,5,2,1,1,5.0,45234,M,4788231.0,190027.0,45
201600027310,16,9,27,1830,1,2,1,1,1.0,45285,M,4790482.0,187603.0,45
201600027311,16,9,11,630,5,2,1,1,3.0,45234,M,4787911.0,190797.0,45
201600027312,16,9,15,730,2,2,2,1,3.0,45169,M,4793007.0,185451.0,45
201600027313,16,9,19,1730,1,2,3,1,4.0,45284,M,4790538.0,198888.0,45
201600027314,16,9,22,1325,1,2,1,1,3.0,45234,M,4790019.0,192829.0,45
201600027315,16,9,25,1030,1,2,1,1,6.0,45234,M,4783212.0,192825.0,45
201600027316,16,9,6,1020,1,1,1,1,6.0,45286,M,4789238.0,191794.0,45
201600027317,16,1,14,1240,1,1,1,8,6.0,46095,M,4451925.0,135347.0,46
201600027318,16,3,2,1455,1,1,1,2,7.0,46042,M,4446547.0,144025.0,46
201600027319,16,4,4,1030,1,2,1,1,6.0,46042,M,4446176.0,145225.0,46
201600027320,16,4,4,1330,1,2,9,1,6.0,46042,M,4446086.0,145528.0,46
201600027321,16,3,12,1445,1,1,1,1,7.0,46042,M,4446058.0,148350.0,46
201600027322,16,5,21,1350,1,1,1,1,5.0,46095,M,4451452.0,136691.0,46
201600027323,16,5,27,1730,1,2,1,1,6.0,46042,M,4446194.0,145444.0,46
201600027324,16,6,13,1945,1,1,1,2,1.0,46042,M,4449289.0,140428.0,46
201600027325,16,7,6,1430,1,1,1,1,6.0,46191,M,4450785.0,139903.0,46
201600027326,16,7,9,1110,1,2,1,1,6.0,46042,M,4441563.0,142230.0,46
201600027327,16,7,13,1350,1,2,1,1,7.0,46042,M,4444451.0,143284.0,46
201600027328,16,8,8,1510,1,1,1,1,5.0,46191,M,4449355.0,140141.0,46
201600027329,16,9,2,1330,1,2,1,1,1.0,46042,M,4446550.0,142839.0,46
201600027330,16,8,29,945,1,1,4,1,2.0,46042,M,4443246.0,144335.0,46
201600027331,16,10,3,730,2,2,2,1,3.0,46042,M,4444573.0,143755.0,46
201600027332,16,10,25,955,1,2,1,1,6.0,46042,M,4445034.0,144501.0,46
201600027333,16,10,30,457,5,2,1,1,1.0,46042,M,4443984.0,144135.0,46
201600027334,16,11,25,1935,5,2,1,1,2.0,46042,M,4446113.0,145560.0,46
201600027335,16,1,21,1825,2,2,3,5,3.0,47201,M,4418600.0,59980.0,47
201600027336,16,2,5,1210,1,2,1,1,6.0,47001,M,4420720.0,61559.0,47
201600027337,16,2,17,950,1,2,1,1,6.0,47001,M,4420360.0,62463.0,47
201600027338,16,3,19,1635,1,2,1,1,6.0,47031,M,4417730.0,63027.0,47
201600027339,16,3,19,1930,2,2,1,1,3.0,47001,M,4420090.0,63330.0,47
201600027340,16,3,26,1750,1,2,9,1,1.0,47031,M,4418000.0,63406.0,47
201600027341,16,4,6,1124,1,2,1,1,7.0,47001,M,4421250.0,63640.0,47
201600027342,16,4,26,843,1,1,3,1,3.0,47031,M,4417670.0,63541.0,47
201600027343,16,4,29,1817,1,2,1,1,6.0,47032,M,4418690.0,66915.0,47
201600027344,16,5,3,1730,1,1,6,1,3.0,47201,M,4416960.0,60863.0,47
201600027345,16,5,12,740,1,2,3,2,1.0,47001,M,4419550.0,61770.0,47
201600027346,16,5,12,1031,1,2,6,1,3.0,47001,M,4419080.0,61320.0,47
201600027347,16,5,12,1044,1,1,1,1,6.0,47032,M,4418560.0,67328.0,47
201600027348,16,5,12,1800,1,2,1,1,6.0,47001,M,4420860.0,62863.0,47
201600027349,16,5,13,1540,1,2,1,1,2.0,47001,M,4419540.0,64246.0,47
201600027350,16,6,6,1732,1,2,1,1,6.0,47001,M,4420400.0,61749.0,47
201600027351,16,6,8,1549,1,2,3,1,3.0,47031,M,4418230.0,64764.0,47
201600027352,16,6,9,2115,1,2,3,1,3.0,47001,M,4420140.0,61206.0,47
201600027353,16,6,12,630,2,2,1,1,3.0,47001,M,4420790.0,61693.0,47
201600027354,16,6,14,1545,1,2,2,1,3.0,47032,M,4418420.0,66649.0,47
201600027355,16,6,16,819,1,2,1,1,6.0,47001,M,4418830.0,63339.0,47
201600027356,16,7,8,2153,2,2,3,1,3.0,47001,M,4419960.0,61590.0,47
201600027357,16,7,18,1120,1,2,2,1,6.0,47201,M,4418480.0,60330.0,47
201600027358,16,8,13,1609,1,1,1,1,1.0,47032,M,4419980.0,69561.0,47
201600027359,16,9,7,815,1,2,1,7,3.0,47201,M,4419450.0,60582.0,47
201600027360,16,9,20,1453,1,2,3,1,3.0,47001,M,4419550.0,61727.0,47
201600027361,16,9,21,1621,1,2,3,1,3.0,47031,M,4417750.0,64165.0,47
201600027362,16,9,23,1742,1,2,1,1,6.0,47001,M,4420460.0,62537.0,47
201600027363,16,10,14,857,1,2,1,2,6.0,47001,M,4420030.0,61729.0,47
201600027364,16,10,15,1900,1,2,3,1,3.0,47001,M,4420680.0,63775.0,47
201600027365,16,10,17,1230,1,2,1,1,2.0,47001,M,4418900.0,61330.0,47
201600027366,16,10,29,1415,1,1,6,1,1.0,47201,M,4416960.0,60863.0,47
201600027367,16,11,18,1255,1,2,1,1,5.0,47201,M,4419400.0,59952.0,47
201600027368,16,12,4,1545,1,1,1,1,3.0,47051,M,4418080.0,68635.0,47
201600027369,16,12,16,1440,1,2,3,1,3.0,47001,M,4420860.0,61656.0,47
201600027370,16,12,17,35,3,1,1,1,6.0,47201,M,4416730.0,60556.0,47
201600027371,16,12,22,1605,1,2,1,2,6.0,47001,M,4421050.0,63008.0,47
201600027372,16,1,8,1715,2,2,1,2,6.0,47323,M,4440880.0,73605.0,47
201600027373,16,1,7,710,3,1,6,2,3.0,47215,M,4437460.0,71418.0,47
201600027374,16,1,22,825,2,1,4,1,1.0,47323,M,4443370.0,76716.0,47
201600027375,16,2,7,5,3,1,3,2,3.0,47323,M,4440230.0,77615.0,47
201600027376,16,3,26,1320,1,2,1,1,7.0,47027,M,4440390.0,68669.0,47
201600027377,16,3,31,1800,1,1,2,2,3.0,47323,M,4445710.0,73022.0,47
201600027378,16,4,7,1555,1,2,1,1,6.0,47323,M,4440950.0,70426.0,47
201600027379,16,5,1,1655,1,2,1,1,7.0,47323,M,4440810.0,72330.0,47
201600027380,16,6,10,1440,1,1,1,2,6.0,47215,M,4437460.0,67090.0,47
201600027381,16,6,17,1405,1,2,3,1,3.0,47323,M,4440780.0,73559.0,47
201600027382,16,7,9,1250,1,2,3,1,3.0,47323,M,4441210.0,73675.0,47
201600027383,16,9,4,1750,1,2,1,1,6.0,47323,M,4441030.0,70873.0,47
201600027384,16,10,7,2010,5,2,1,2,1.0,47027,M,4440310.0,67260.0,47
201600027385,16,10,10,1710,1,2,1,1,6.0,47323,M,4440850.0,71950.0,47
201600027386,16,10,13,930,1,1,1,9,7.0,47323,M,4440500.0,76203.0,47
201600027387,16,11,4,1635,1,2,3,2,3.0,47027,M,4440390.0,68637.0,47
201600027388,16,11,8,2120,5,2,1,3,1.0,47323,M,4440740.0,71860.0,47
201600027389,16,11,17,1700,1,1,1,1,4.0,47027,M,4440210.0,65418.0,47
201600027390,16,11,21,1220,1,1,1,1,3.0,47323,M,4439840.0,72396.0,47
201600027391,16,11,22,1725,5,2,3,3,3.0,47323,M,4440880.0,73684.0,47
201600027392,16,12,8,1500,1,2,1,1,2.0,47323,M,4439660.0,74235.0,47
201600027393,16,12,15,1844,5,2,1,1,6.0,47323,M,4440790.0,74406.0,47
201600027394,16,1,9,520,3,1,9,2,3.0,48095,M,4453510.0,349644.0,48
201600027395,16,9,7,1040,1,2,1,1,6.0,48095,M,4451741.0,350117.0,48
201600027396,16,10,8,2030,5,2,2,1,3.0,48095,M,,,48
201600027397,16,11,11,603,5,2,7,2,6.0,48095,M,4451593.0,349848.0,48
201600027398,16,11,23,1904,5,2,1,1,6.0,48095,M,,,48
201600027399,16,12,31,540,5,2,2,1,7.0,49007,M,4747777.0,-55284.0,49
201600027400,16,12,30,1106,1,2,1,1,6.0,49007,M,4745033.0,-52896.0,49
201600027401,16,1,3,1800,5,2,3,1,5.0,49353,M,4745557.0,-50722.0,49
201600027402,16,1,5,1918,5,2,1,2,6.0,49007,M,4747343.0,-58873.0,49
201600027403,16,1,6,1300,1,2,9,1,3.0,49007,M,4745098.0,-54922.0,49
201600027404,16,1,6,852,1,2,6,2,6.0,49015,M,4749379.0,-58585.0,49
201600027405,16,1,6,845,1,2,1,1,6.0,49007,M,4749240.0,-56665.0,49
201600027406,16,1,10,1328,1,2,2,1,3.0,49007,M,4746692.0,-53852.0,49
201600027407,16,1,8,1742,1,2,1,1,2.0,49007,M,4747134.0,-52031.0,49
201600027408,16,1,11,1318,1,1,1,1,2.0,49246,M,4743790.0,-50993.0,49
201600027409,16,1,12,728,5,2,2,1,3.0,49007,M,4746643.0,-55295.0,49
201600027410,16,1,16,1315,1,2,1,1,2.0,49007,M,4746101.0,-60414.0,49
201600027411,16,1,16,1846,5,2,6,1,6.0,49015,M,4749552.0,-58787.0,49
201600027412,16,1,18,1935,5,2,1,1,7.0,49007,M,4746717.0,-56503.0,49
201600027413,16,1,18,1255,1,2,1,1,6.0,49007,M,4747149.0,-51920.0,49
201600027414,16,1,19,1212,1,2,1,1,3.0,49267,M,4748194.0,-50697.0,49
201600027415,16,1,19,1340,1,2,1,1,1.0,49007,M,4747551.0,-56700.0,49
201600027416,16,1,19,2050,1,2,6,1,7.0,49007,M,4747692.0,-59889.0,49
201600027417,16,1,19,1752,1,2,1,1,6.0,49007,M,4747950.0,-58945.0,49
201600027418,16,1,20,820,2,1,1,1,6.0,49353,M,4745338.0,-51479.0,49
201600027419,16,1,20,1345,1,2,1,1,7.0,49007,M,4745853.0,-52232.0,49
201600027420,16,1,20,830,2,2,1,1,3.0,49007,M,4747740.0,-54897.0,49
201600027421,16,1,21,725,3,2,1,1,4.0,49007,M,4747323.0,-56673.0,49
201600027422,16,1,22,1634,1,2,1,1,1.0,49007,M,4746169.0,-54193.0,49
201600027423,16,1,24,1511,1,2,1,1,1.0,49007,M,4747452.0,-54679.0,49
201600027424,16,1,22,1223,1,2,1,1,1.0,49007,M,4747008.0,-53147.0,49
201600027425,16,1,22,1517,1,2,1,2,6.0,49267,M,4746679.0,-49229.0,49
201600027426,16,1,22,1705,1,2,1,1,1.0,49007,M,4744349.0,-56108.0,49
201600027427,16,1,22,1820,5,2,1,1,1.0,49007,M,4746858.0,-52271.0,49
201600027428,16,1,21,1731,1,2,1,1,5.0,49007,M,4747158.0,-57429.0,49
201600027429,16,1,13,615,3,1,1,1,6.0,49007,M,4747498.0,-55560.0,49
201600027430,16,1,21,1830,2,2,1,1,7.0,49007,M,4745323.0,-55328.0,49
201600027431,16,1,25,1840,5,2,3,1,6.0,49007,M,4744846.0,-54740.0,49
201600027432,16,1,23,1400,1,1,1,1,6.0,49007,M,4746785.0,-59519.0,49
201600027433,16,1,21,1405,1,2,2,1,1.0,49015,M,4749873.0,-58446.0,49
201600027434,16,1,25,1110,1,1,1,1,2.0,49007,M,4746895.0,-60559.0,49
201600027435,16,1,27,1124,1,2,2,1,3.0,49007,M,4747992.0,-54551.0,49
201600027436,16,1,27,925,1,1,1,1,7.0,49015,M,4749721.0,-62255.0,49
201600027437,16,1,12,1725,2,1,1,1,6.0,49353,M,4744741.0,-44902.0,49
201600027438,16,1,26,1716,1,1,1,1,2.0,49007,M,4746786.0,-56582.0,49
201600027439,16,1,28,1425,1,2,2,1,6.0,49007,M,4747102.0,-56844.0,49
201600027440,16,1,28,910,1,2,6,1,7.0,49007,M,4747018.0,-56897.0,49
201600027441,16,1,28,1425,1,2,1,1,6.0,49007,M,4747487.0,-53615.0,49
201600027442,16,1,28,1825,2,2,2,1,7.0,49007,M,4746184.0,-54159.0,49
201600027443,16,1,29,2115,5,2,2,1,3.0,49007,M,4747318.0,-55526.0,49