Num_Acc,an,mois,jour,hrmn,lum,agg,int,atm,col,com,gps,lat,long,dep
201600027444,16,1,29,2305,5,2,2,2,3.0,49007,M,4745708.0,-55406.0,49
201600027445,16,1,30,2115,5,2,3,2,3.0,49353,M,4744435.0,-50056.0,49
201600027446,16,1,29,1610,1,1,1,1,6.0,49015,M,4749689.0,-61053.0,49
201600027447,16,1,30,1040,2,2,2,2,6.0,49353,M,4744319.0,-48346.0,49
201600027448,16,1,29,1030,1,2,1,1,2.0,49007,M,4746698.0,-55452.0,49
201600027449,16,1,31,1108,1,1,1,1,6.0,49007,M,4745711.0,-57248.0,49
201600027450,16,1,31,500,5,2,1,2,6.0,49007,M,4749086.0,-54291.0,49
201600027451,16,2,1,1240,1,2,6,1,6.0,49246,M,4743977.0,-50238.0,49
201600027452,16,2,2,1354,1,2,1,1,2.0,49007,M,4747413.0,-55197.0,49
201600027453,16,2,2,1327,1,2,1,2,7.0,49015,M,4750256.0,-59662.0,49
201600027454,16,2,7,1546,1,2,1,1,4.0,49353,M,4744284.0,-49582.0,49
201600027455,16,2,6,1808,1,2,2,1,6.0,49007,M,4747445.0,-54691.0,49
201600027456,16,2,8,1100,1,2,1,1,6.0,49007,M,4745976.0,-53660.0,49
201600027457,16,2,10,1740,1,2,1,1,6.0,49007,M,4744427.0,-53931.0,49
201600027458,16,2,11,720,5,2,1,1,6.0,49007,M,4746687.0,-55258.0,49
201600027459,16,2,10,1615,1,1,1,1,6.0,49007,M,4745220.0,-55376.0,49
201600027460,16,2,11,1800,5,2,1,1,6.0,49353,M,4744215.0,-49415.0,49
201600027461,16,2,11,1036,1,2,1,1,6.0,49353,M,4744417.0,-49008.0,49
201600027462,16,2,14,1735,1,2,1,1,6.0,49007,M,4744930.0,-46347.0,49
201600027463,16,2,12,2100,5,2,2,1,3.0,49007,M,4745311.0,-53876.0,49
201600027464,16,2,15,1845,5,2,1,1,5.0,49007,M,4748848.0,-54448.0,49
201600027465,16,2,16,1730,1,2,1,1,6.0,49007,M,4747504.0,-54991.0,49
201600027466,16,2,15,1636,1,1,1,1,6.0,49353,M,4744003.0,-50186.0,49
201600027467,16,2,17,1027,1,2,4,1,6.0,49007,M,4745309.0,-52595.0,49
201600027468,16,2,19,940,1,2,6,1,6.0,49007,M,4748884.0,-54529.0,49
201600027469,16,2,20,2120,5,2,1,1,7.0,49353,M,4744694.0,-47158.0,49
201600027470,16,2,22,915,1,2,2,1,7.0,49007,M,4747640.0,-56640.0,49
201600027471,16,2,23,750,2,2,1,1,3.0,49246,M,4743785.0,-50707.0,49
201600027472,16,2,23,1356,1,2,1,1,6.0,49007,M,4749095.0,-55997.0,49
201600027473,16,2,23,1150,1,2,6,1,7.0,49246,M,4742979.0,-54199.0,49
201600027474,16,2,23,1120,1,2,6,1,7.0,49007,M,4744851.0,-53864.0,49
201600027475,16,2,24,747,1,2,6,1,1.0,49007,M,4747719.0,-59260.0,49
201600027476,16,2,25,840,1,2,1,1,4.0,49007,M,4748842.0,-54440.0,49
201600027477,16,2,25,1449,1,2,1,1,1.0,49007,M,4746960.0,-56132.0,49
201600027478,16,2,28,1350,1,2,5,1,6.0,49007,M,4747816.0,-54364.0,49
201600027479,16,2,28,110,5,2,2,1,2.0,49007,M,4747133.0,-54690.0,49
201600027480,16,2,26,1804,1,2,1,1,4.0,49007,M,4747291.0,-60628.0,49
201600027481,16,2,27,1530,1,2,1,1,6.0,49007,M,4748572.0,-51105.0,49
201600027482,16,2,27,1717,1,2,1,1,7.0,49007,M,4746245.0,-54313.0,49
201600027483,16,2,29,1845,2,2,1,1,2.0,49007,M,4746881.0,-55916.0,49
201600027484,16,2,29,1151,1,1,1,1,2.0,49267,M,4747056.0,-51164.0,49
201600027485,16,3,1,810,1,2,3,1,1.0,49007,M,4746138.0,-54682.0,49
201600027486,16,3,1,2040,5,2,1,1,7.0,49007,M,4747115.0,-56506.0,49
201600027487,16,3,1,2148,5,1,1,1,6.0,49007,M,4747721.0,-55375.0,49
201600027488,16,3,3,1000,1,1,1,1,1.0,49007,M,4748345.0,-54911.0,49
201600027489,16,3,4,1726,1,2,2,1,3.0,49007,M,4747312.0,-59989.0,49
201600027490,16,3,4,1855,2,2,1,2,2.0,49007,M,4747757.0,-55341.0,49
201600027491,16,3,4,1130,1,2,3,1,6.0,49007,M,4745380.0,-52217.0,49
201600027492,16,3,7,2230,5,2,3,1,6.0,49007,M,4746885.0,-53195.0,49
201600027493,16,3,7,1555,1,2,3,1,6.0,49007,M,4746534.0,-55893.0,49
201600027494,16,3,9,1738,1,2,6,1,7.0,49246,M,4743006.0,-54190.0,49
201600027495,16,3,9,1710,1,2,1,2,6.0,49246,M,4743736.0,-50705.0,49
201600027496,16,3,11,1925,2,2,1,1,2.0,49007,M,4747389.0,-57819.0,49
201600027497,16,3,13,1255,1,2,1,1,7.0,49007,M,4747588.0,-54992.0,49
201600027498,16,3,12,1900,2,2,1,1,6.0,49007,M,4746243.0,-56278.0,49
201600027499,16,3,15,1400,1,2,1,1,4.0,49007,M,4747888.0,-54273.0,49
201600027500,16,3,16,1310,1,1,6,1,6.0,49007,M,4748097.0,-57367.0,49
201600027501,16,3,16,640,2,1,1,1,7.0,49267,M,4747147.0,-50934.0,49
201600027502,16,3,19,1700,1,2,1,1,6.0,49007,M,4747700.0,-55277.0,49
201600027503,16,3,19,1707,1,2,1,1,6.0,49353,M,4745791.0,-51493.0,49
201600027504,16,3,23,1445,1,2,6,1,2.0,49007,M,4747196.0,-56718.0,49
201600027505,16,3,24,1245,1,2,6,1,6.0,49007,M,4744887.0,-57311.0,49
201600027506,16,3,25,745,1,2,6,1,6.0,49007,M,4748338.0,-57460.0,49
201600027507,16,3,25,929,1,2,1,1,7.0,49007,M,4745484.0,-55358.0,49
201600027508,16,3,25,1720,1,2,1,1,6.0,49007,M,4746710.0,-59533.0,49
201600027509,16,3,26,950,1,1,6,1,2.0,49353,M,4745011.0,-48977.0,49
201600027510,16,3,26,1245,1,1,1,1,7.0,49267,M,4746419.0,-47816.0,49
201600027511,16,3,27,1300,1,2,5,1,3.0,49007,M,4747886.0,-55055.0,49
201600027512,16,3,29,839,2,2,1,1,6.0,49007,M,4748658.0,-53254.0,49
201600027513,16,3,29,846,1,2,1,1,7.0,49007,M,4745218.0,-54201.0,49
201600027514,16,3,29,1625,1,2,2,1,3.0,49007,M,4747657.0,-55160.0,49
201600027515,16,3,29,1705,1,1,1,1,6.0,49007,M,4745402.0,-57604.0,49
201600027516,16,3,30,1035,1,2,1,1,2.0,49007,M,4747894.0,-57006.0,49
201600027517,16,3,30,1032,1,2,1,1,6.0,49007,M,4746434.0,-54759.0,49
201600027518,16,3,31,1310,1,1,1,1,6.0,49267,M,4747113.0,-51076.0,49
201600027519,16,3,31,1611,1,1,1,1,6.0,49007,M,4749108.0,-52891.0,49
201600027520,16,4,1,130,5,2,1,1,6.0,49007,M,4746767.0,-55069.0,49
201600027521,16,3,31,1800,1,2,1,1,2.0,49007,M,4746960.0,-59157.0,49
201600027522,16,4,3,1150,1,2,1,1,6.0,49353,M,4745801.0,-48246.0,49
201600027523,16,4,4,835,1,2,1,1,6.0,49007,M,4748338.0,-52656.0,49
201600027524,16,4,5,600,5,2,1,1,7.0,49007,M,4745381.0,-52163.0,49
201600027525,16,4,5,1030,1,2,2,1,3.0,49267,M,4746673.0,-49064.0,49
201600027526,16,4,7,1130,1,2,6,1,3.0,49015,M,4750686.0,-58974.0,49
201600027527,16,4,8,1255,1,2,1,2,6.0,49007,M,4748353.0,-54905.0,49
201600027528,16,4,11,1000,1,2,1,1,2.0,49267,M,4746943.0,-51016.0,49
201600027529,16,4,8,630,3,1,1,1,3.0,49007,M,4745773.0,-51734.0,49
201600027530,16,4,12,1657,1,2,1,1,6.0,49007,M,4746818.0,-56476.0,49
201600027531,16,4,13,1339,1,2,2,1,7.0,49007,M,4747436.0,-55238.0,49
201600027532,16,4,16,30,5,2,2,1,3.0,49007,M,4748625.0,-52711.0,49
201600027533,16,4,18,1657,1,2,3,1,2.0,49007,M,4747383.0,-54510.0,49
201600027534,16,4,19,1310,1,2,6,1,6.0,49007,M,4746560.0,-59507.0,49
201600027535,16,4,19,1316,1,2,2,1,6.0,49007,M,4748178.0,-57576.0,49
201600027536,16,4,22,1600,1,2,1,1,6.0,49007,M,4745617.0,-53066.0,49
201600027537,16,4,24,1900,1,2,2,1,1.0,49007,M,4747437.0,-55237.0,49
201600027538,16,4,26,1508,1,1,2,1,3.0,49015,M,4750002.0,-62216.0,49
201600027539,16,4,25,915,1,2,1,1,4.0,49007,M,4746718.0,56700.0,49
201600027540,16,5,1,2125,3,1,1,1,7.0,49267,M,4747207.0,-50800.0,49
201600027541,16,4,21,1909,2,1,1,8,4.0,49267,M,4747273.0,-49325.0,49
201600027542,16,4,26,2048,2,2,2,1,3.0,49007,M,4747445.0,-56027.0,49
201600027543,16,4,30,730,1,2,3,1,7.0,49007,M,4748760.0,-54121.0,49
201600027544,16,5,1,2109,2,2,6,1,6.0,49353,M,4744236.0,-48338.0,49
201600027545,16,4,29,650,1,2,5,1,3.0,49007,M,4744452.0,-55133.0,49
201600027546,16,4,27,1511,1,2,2,1,3.0,49353,M,4744317.0,-48347.0,49
201600027547,16,4,21,1125,1,2,1,1,6.0,49007,M,4746681.0,-55384.0,49
201600027548,16,5,3,1833,1,2,1,1,7.0,49007,M,4748650.0,-52975.0,49
201600027549,16,5,4,1105,1,2,1,1,7.0,49007,M,4748274.0,-50400.0,49
201600027550,16,5,5,1558,1,2,1,1,2.0,49246,M,4741589.0,-52322.0,49
201600027551,16,4,29,1700,1,2,7,1,6.0,49007,M,4745290.0,0.0,49
201600027552,16,5,6,1629,1,2,1,1,7.0,49353,M,4745232.0,-51397.0,49
201600027553,16,5,6,1920,1,2,1,1,6.0,49007,M,4745857.0,-59901.0,49
201600027554,16,5,9,732,1,2,1,1,3.0,49007,M,4745373.0,-52690.0,49
201600027555,16,5,8,834,2,1,1,1,6.0,49015,M,4751073.0,-61826.0,49
201600027556,16,5,9,2333,5,2,1,2,6.0,49015,M,4750265.0,-58559.0,49
201600027557,16,4,9,931,1,2,1,2,7.0,49007,M,4745957.0,-55446.0,49
201600027558,16,5,9,931,1,2,1,2,7.0,49007,M,4745909.0,-55436.0,49
201600027559,16,5,10,2040,2,2,1,1,6.0,49007,M,4745588.0,-55853.0,49
201600027560,16,5,12,235,5,2,1,2,6.0,49007,M,4747012.0,-56200.0,49
201600027561,16,5,10,1715,1,2,1,1,2.0,49007,M,4747560.0,-54948.0,49
201600027562,16,5,12,921,1,2,1,2,2.0,49007,M,4747600.0,-55472.0,49
201600027563,16,5,11,1755,1,2,1,1,6.0,49246,M,4742449.0,-52496.0,49
201600027564,16,5,12,1625,1,2,1,1,3.0,49353,M,4744856.0,-50117.0,49
201600027565,16,5,13,835,1,2,7,1,3.0,49007,M,4746585.0,-55946.0,49
201600027566,16,5,13,1505,1,2,1,2,6.0,49007,M,4745690.0,-53334.0,49
201600027567,16,5,15,1810,1,2,1,1,2.0,49246,M,4743439.0,-52616.0,49
201600027568,16,3,4,1129,1,2,1,1,3.0,49007,M,4745374.0,-52209.0,49
201600027569,16,5,18,1830,1,2,1,1,2.0,49007,M,4744946.0,-53882.0,49
201600027570,16,5,19,1030,1,2,1,1,3.0,49007,M,4747679.0,-54712.0,49
201600027571,16,5,19,2103,2,2,1,8,1.0,49353,M,4745561.0,-50722.0,49
201600027572,16,5,19,1950,1,2,1,1,3.0,49007,M,4746693.0,-55429.0,49
201600027573,16,5,20,339,3,2,1,1,6.0,49007,M,4745005.0,-57590.0,49
201600027574,16,5,22,1140,1,1,1,2,6.0,49007,M,4745476.0,-56857.0,49
201600027575,16,5,23,835,1,2,1,1,1.0,49007,M,4745976.0,-52301.0,49
201600027576,16,5,24,1000,1,2,3,1,3.0,49007,M,4748325.0,-56973.0,49
201600027577,16,5,26,1010,1,2,1,1,2.0,49007,M,4747647.0,-53287.0,49
201600027578,16,5,26,905,1,2,1,1,3.0,49007,M,4747334.0,-59458.0,49
201600027579,16,5,26,2207,1,2,3,1,2.0,49007,M,4745196.0,-57105.0,49
201600027580,16,5,25,824,1,2,1,1,7.0,49007,M,4746462.0,-56539.0,49
201600027581,16,5,28,1926,2,2,1,3,6.0,49007,M,4745812.0,-52505.0,49
201600027582,16,5,28,1208,1,2,1,1,7.0,49007,M,4749073.0,-53217.0,49
201600027583,16,5,29,1250,1,2,1,1,7.0,49007,M,4745464.0,-56813.0,49
201600027584,16,5,28,1352,1,2,2,1,7.0,49007,M,4746253.0,-54331.0,49
201600027585,16,5,30,1245,1,2,1,1,3.0,49007,M,4748831.0,-54395.0,49
201600027586,16,5,30,1455,1,2,6,1,7.0,49246,M,4744549.0,-52685.0,49
201600027587,16,6,1,1652,1,2,1,1,3.0,49007,M,4746304.0,-53216.0,49
201600027588,16,6,3,809,1,2,1,1,7.0,49007,M,4747355.0,-54482.0,49
201600027589,16,5,6,1806,1,2,1,1,6.0,49007,M,4747933.0,-56002.0,49
201600027590,16,6,6,949,1,2,1,1,2.0,49007,M,4748604.0,-53431.0,49
201600027591,16,6,4,1156,1,2,1,1,6.0,49007,M,4746882.0,-54587.0,49
201600027592,16,6,7,657,1,2,6,1,2.0,49015,M,4751257.0,-59736.0,49
201600027593,16,6,9,2330,5,2,1,1,6.0,49007,M,4746557.0,-55097.0,49
201600027594,16,6,9,1845,1,2,1,1,6.0,49007,M,4746742.0,-53950.0,49
201600027595,16,6,13,400,5,2,1,1,7.0,49007,M,4746060.0,-55453.0,49
201600027596,16,6,10,1200,1,2,1,1,7.0,49007,M,4745292.0,-51771.0,49
201600027597,16,6,10,1607,1,2,1,1,6.0,49007,M,4744413.0,-56260.0,49
201600027598,16,6,11,855,1,2,1,2,7.0,49007,M,4747092.0,-56066.0,49
201600027599,16,6,12,802,1,2,1,3,3.0,49007,M,4745122.0,-51198.0,49
201600027600,16,6,12,1912,1,2,2,1,3.0,49007,M,4748210.0,-52216.0,49
201600027601,16,6,12,1049,1,2,1,1,6.0,49007,M,4747034.0,-56164.0,49
201600027602,16,6,10,2150,2,1,1,1,7.0,49007,M,4745485.0,-56846.0,49
201600027603,16,6,13,1238,1,2,3,1,3.0,49246,M,4742959.0,-52833.0,49
201600027604,16,6,15,1500,1,2,1,2,6.0,49007,M,4748469.0,-57136.0,49
201600027605,16,6,15,1545,1,1,6,2,7.0,49007,M,4749005.0,-56634.0,49
201600027606,16,6,8,824,1,2,1,1,6.0,49007,M,4747458.0,-54692.0,49
201600027607,16,6,16,902,1,2,2,2,3.0,49007,M,4748624.0,-51437.0,49
201600027608,16,6,16,1632,1,1,1,3,6.0,49007,M,4746615.0,-56919.0,49
201600027609,16,6,13,738,1,2,1,1,7.0,49007,M,4747520.0,-58564.0,49
201600027610,16,6,15,1725,1,2,1,1,3.0,49007,M,4749297.0,-56534.0,49
201600027611,16,6,22,1335,1,2,2,1,2.0,49007,M,4747941.0,-52132.0,49
201600027612,16,6,22,1820,1,2,1,1,7.0,49246,M,4743867.0,-53022.0,49
201600027613,16,6,15,2005,1,2,1,1,3.0,49007,M,4747398.0,-56891.0,49
201600027614,16,6,23,1920,1,2,1,1,3.0,49007,M,4747339.0,-59154.0,49
201600027615,16,6,23,1429,1,2,1,1,1.0,49007,M,4745354.0,-55772.0,49
201600027616,16,6,18,1523,1,2,1,1,3.0,49007,M,4747297.0,-54792.0,49
201600027617,16,6,25,2145,1,2,7,1,1.0,49007,M,4747876.0,-56503.0,49
201600027618,16,6,23,750,1,2,1,1,6.0,49267,M,4747651.0,-50145.0,49
201600027619,16,6,18,1123,1,1,1,1,4.0,49015,M,4750898.0,-57902.0,49
201600027620,16,6,28,1500,1,2,1,1,3.0,49353,M,4744857.0,-50117.0,49
201600027621,16,7,2,2050,1,2,1,1,3.0,49007,M,4747172.0,-53590.0,49
201600027622,16,7,2,1405,1,2,1,1,1.0,49007,M,4748799.0,-56154.0,49
201600027623,16,6,24,1745,1,1,1,1,1.0,49267,M,4746751.0,-47381.0,49
201600027624,16,7,4,905,1,2,1,1,2.0,49007,M,4745984.0,-53289.0,49
201600027625,16,7,5,2133,2,2,2,1,3.0,49007,M,4747887.0,-57013.0,49
201600027626,16,7,6,1908,1,2,2,1,1.0,49007,M,4747893.0,-57012.0,49
201600027627,16,7,5,1301,1,2,6,1,3.0,49007,M,4747175.0,-56690.0,49
201600027628,16,7,4,1612,1,2,1,1,2.0,49007,M,4747174.0,-54252.0,49
201600027629,16,7,6,1725,1,1,1,1,3.0,49267,M,4748515.0,-49810.0,49
201600027630,16,7,11,755,1,2,2,1,3.0,49007,M,4744829.0,-55030.0,49
201600027631,16,7,13,1215,1,2,1,1,2.0,49353,M,4744524.0,-50269.0,49
201600027632,16,7,8,2234,2,2,1,1,6.0,49007,M,4744893.0,-56485.0,49
201600027633,16,7,16,720,1,1,1,1,7.0,49267,M,4747390.0,-48015.0,49
201600027634,16,7,16,2016,1,2,2,1,6.0,49007,M,4745191.0,-57106.0,49
201600027635,16,7,18,1425,1,2,1,1,6.0,49007,M,4747020.0,-58858.0,49
201600027636,16,5,31,654,1,2,1,1,7.0,49267,M,4747045.0,-46000.0,49
201600027637,16,5,24,2015,1,1,1,1,7.0,49007,M,4749355.0,-54782.0,49
201600027638,16,5,28,2145,5,2,2,1,3.0,49007,M,4748741.0,-57354.0,49
201600027639,16,7,18,1246,1,2,1,1,6.0,49007,M,4748298.0,-57544.0,49
201600027640,16,7,19,1608,1,1,1,1,2.0,49246,M,4747080.0,-54884.0,49
201600027641,16,7,17,2151,2,2,1,1,3.0,49007,M,4747398.0,-56806.0,49
201600027642,16,7,18,909,1,2,1,1,6.0,49007,M,4748319.0,-57583.0,49
201600027643,16,7,19,1705,1,2,1,1,6.0,49015,M,4749337.0,-59706.0,49
201600027644,16,7,21,830,1,2,1,1,3.0,49246,M,4743768.0,-50652.0,49
201600027645,16,7,21,2035,1,2,1,1,6.0,49007,M,4748210.0,-56287.0,49
201600027646,16,7,24,1927,1,2,1,1,6.0,49007,M,4744776.0,-54250.0,49
201600027647,16,7,22,2043,1,2,1,1,6.0,49007,M,4746807.0,-54137.0,49
201600027648,16,7,23,120,5,2,1,1,3.0,49007,M,4748721.0,-53870.0,49
201600027649,16,7,23,1845,1,2,1,1,6.0,49007,M,4747235.0,-56344.0,49
201600027650,16,7,26,1530,1,2,1,1,3.0,49007,M,4746783.0,-55103.0,49
201600027651,16,7,27,935,1,2,1,1,6.0,49015,M,4752051.0,-61136.0,49
201600027652,16,7,28,1827,1,2,1,1,6.0,49007,M,4747167.0,-55395.0,49
201600027653,16,7,30,1626,1,2,1,1,7.0,49007,M,4746666.0,-55292.0,49
201600027654,16,7,30,2225,5,2,2,1,6.0,49007,M,4747384.0,-57548.0,49
201600027655,16,7,31,1850,1,2,3,1,6.0,49007,M,4747520.0,-56228.0,49
201600027656,16,8,3,255,5,2,1,1,6.0,49007,M,4744523.0,-57634.0,49
201600027657,16,8,3,1844,1,2,1,1,6.0,49267,M,4747481.0,-49558.0,49
201600027658,16,8,4,1022,1,1,1,1,6.0,49007,M,4749192.0,-54887.0,49
201600027659,16,8,5,1500,1,2,6,1,7.0,49007,M,4744886.0,-57328.0,49
201600027660,16,8,6,1740,1,2,1,1,6.0,49007,M,4747277.0,-55491.0,49
201600027661,16,6,15,2355,5,2,1,1,7.0,49015,M,4750628.0,-58908.0,49
201600027662,16,8,9,1730,1,1,1,1,2.0,49007,M,4747641.0,-55429.0,49
201600027663,16,8,11,2140,4,2,1,1,6.0,49007,M,4744924.0,-56238.0,49
201600027664,16,8,16,1551,1,2,1,1,3.0,49007,M,4747390.0,-55501.0,49
201600027665,16,8,17,1250,1,2,1,1,2.0,49015,M,4750148.0,-58447.0,49
201600027666,16,8,19,1417,1,2,1,1,3.0,49007,M,4747813.0,-58823.0,49
201600027667,16,8,19,1440,1,2,2,1,3.0,49007,M,4746636.0,-54765.0,49
201600027668,16,8,23,818,1,2,6,1,3.0,49353,M,4745007.0,-48920.0,49
201600027669,16,8,21,2125,1,2,1,1,3.0,49007,M,4747344.0,-54213.0,49
201600027670,16,8,22,819,1,2,1,1,6.0,49007,M,4747355.0,-55098.0,49
201600027671,16,8,23,1720,1,2,6,1,3.0,49007,M,4748621.0,-52229.0,49
201600027672,16,8,29,1628,1,2,1,1,6.0,49007,M,4746316.0,-54490.0,49
201600027673,16,8,30,1200,1,2,1,1,6.0,49007,M,4748710.0,-57324.0,49
201600027674,16,8,30,1530,1,1,1,1,2.0,49007,M,4747671.0,-55414.0,49
201600027675,16,8,30,1757,1,2,1,1,7.0,49007,M,4728322.0,-32373.0,49
201600027676,16,8,30,1923,1,2,6,1,6.0,49353,M,4744533.0,-47144.0,49
201600027677,16,8,30,2208,5,2,1,1,2.0,49007,M,4745035.0,-55438.0,49
201600027678,16,8,31,925,1,2,1,1,3.0,49246,M,4743791.0,-50821.0,49
201600027679,16,9,1,1900,1,2,3,1,3.0,49007,M,4747178.0,-60007.0,49
201600027680,16,9,1,1840,1,1,1,1,1.0,49007,M,4746296.0,-56511.0,49
201600027681,16,9,3,1130,1,2,1,1,6.0,49007,M,4746783.0,-55104.0,49
201600027682,16,9,3,2135,5,2,1,1,7.0,49015,M,4750917.0,-59235.0,49
201600027683,16,9,4,830,1,2,1,1,6.0,49007,M,4747898.0,-59146.0,49
201600027684,16,9,4,1225,1,2,6,1,6.0,49007,M,4744873.0,-57318.0,49
201600027685,16,9,4,2057,5,2,2,1,3.0,49007,M,4744965.0,-54765.0,49
201600027686,16,9,5,1745,1,2,1,1,2.0,49007,M,4749209.0,-57165.0,49
201600027687,16,9,5,1810,1,2,1,1,1.0,49007,M,4748259.0,-57587.0,49
201600027688,16,9,9,1220,1,2,1,1,6.0,49007,M,4746213.0,-52912.0,49
201600027689,16,9,9,800,1,2,1,1,6.0,49007,M,4749244.0,-57253.0,49
201600027690,16,9,12,105,3,1,1,1,6.0,49267,M,4747386.0,-48320.0,49
201600027691,16,9,10,15,5,2,2,1,3.0,49007,M,4746796.0,-54654.0,49
201600027692,16,9,6,735,2,2,2,1,6.0,49007,M,4747350.0,-54203.0,49
201600027693,16,9,13,5,5,2,1,1,2.0,49007,M,4747591.0,-52842.0,49
201600027694,16,9,6,1054,1,2,1,1,2.0,49007,M,4745044.0,-55385.0,49
201600027695,16,9,8,1700,1,2,1,1,2.0,49007,M,4747032.0,-55431.0,49
201600027696,16,9,14,826,1,1,3,8,3.0,49015,M,4749421.0,-59993.0,49
201600027697,16,9,14,2155,5,2,1,1,6.0,49267,M,4748489.0,-51712.0,49
201600027698,16,9,15,1520,1,2,6,1,3.0,49007,M,4744974.0,-55843.0,49
201600027699,16,9,16,914,1,2,1,1,2.0,49007,M,4748728.0,-53843.0,49
201600027700,16,9,16,1915,1,2,1,1,7.0,49007,M,4746370.0,-55213.0,49
201600027701,16,9,19,1930,1,2,1,1,2.0,49007,M,4747309.0,-55015.0,49
201600027702,16,9,19,920,1,2,1,1,3.0,49007,M,4747365.0,-58274.0,49
201600027703,16,9,20,1832,1,2,1,1,2.0,49007,M,4748125.0,-52217.0,49
201600027704,16,8,13,500,5,2,1,1,7.0,49007,M,4744867.0,-53697.0,49
201600027705,16,9,21,1842,1,2,2,1,3.0,49007,M,4744655.0,-56977.0,49
201600027706,16,9,22,2125,5,2,6,1,3.0,49007,M,4744827.0,-51151.0,49
201600027707,16,9,21,1425,1,2,6,1,6.0,49007,M,4745833.0,-54494.0,49
201600027708,16,9,21,950,1,2,1,1,6.0,49007,M,4748590.0,-55062.0,49
201600027709,16,9,21,1345,1,2,6,1,6.0,49007,M,4747809.0,-59847.0,49
201600027710,16,9,24,1520,1,1,1,1,6.0,49267,M,4747288.0,-46297.0,49
201600027711,16,9,27,815,1,2,6,1,7.0,49007,M,4744849.0,-53868.0,49
201600027712,16,9,29,1235,1,2,1,1,7.0,49007,M,4746255.0,-53224.0,49
201600027713,16,9,29,845,1,2,1,1,6.0,49007,M,4745709.0,-53332.0,49
201600027714,16,10,2,1643,1,2,2,1,3.0,49007,M,4744175.0,-57232.0,49
201600027715,16,10,1,750,2,1,3,1,6.0,49007,M,4750488.0,-56983.0,49
201600027716,16,10,2,600,5,2,6,1,6.0,49007,M,4746417.0,-53152.0,49
201600027717,16,9,30,1435,1,2,4,8,3.0,49007,M,4748060.0,-56219.0,49
201600027718,16,10,2,1847,1,2,6,1,6.0,49007,M,4747015.0,-56764.0,49
201600027719,16,9,30,2135,3,2,6,1,6.0,49007,M,4745156.0,-52701.0,49
201600027720,16,10,4,753,5,2,9,1,3.0,49007,M,4747318.0,-59983.0,49
201600027721,16,9,30,1918,5,2,1,1,6.0,49007,M,4746566.0,-60308.0,49
201600027722,16,10,3,1453,1,1,1,1,2.0,49007,M,4746938.0,-61111.0,49
201600027723,16,10,4,1335,1,2,1,1,7.0,49007,M,4747003.0,-56226.0,49
201600027724,16,10,4,1359,1,2,1,1,6.0,49007,M,4747285.0,-59993.0,49
201600027725,16,10,5,1923,1,2,2,1,3.0,49007,M,4748741.0,-57347.0,49
201600027726,16,10,6,740,2,2,1,1,2.0,49007,M,4749475.0,-56411.0,49
201600027727,16,10,6,1541,1,2,2,7,3.0,49007,M,4747442.0,-54688.0,49
201600027728,16,10,6,1230,1,2,5,1,6.0,49007,M,4747067.0,-55317.0,49
201600027729,16,10,7,1315,1,2,2,1,6.0,49007,M,4749809.0,-56525.0,49
201600027730,16,10,7,1530,1,2,1,1,6.0,49007,M,4747178.0,-54258.0,49
201600027731,16,10,9,2040,5,2,1,1,2.0,49007,M,4746751.0,-55163.0,49
201600027732,16,10,10,2005,5,2,2,1,7.0,49007,M,4747637.0,-55233.0,49
201600027733,16,10,11,920,1,2,1,1,1.0,49007,M,4746912.0,-54022.0,49
201600027734,16,10,12,1645,1,2,2,1,3.0,49007,M,4744436.0,-55156.0,49
201600027735,16,10,14,1533,1,2,1,1,2.0,49007,M,4748039.0,-55089.0,49
201600027736,16,10,14,835,2,2,1,1,7.0,49007,M,4745070.0,-55197.0,49
201600027737,16,10,15,1103,1,2,1,1,7.0,49007,M,4745861.0,-55433.0,49
201600027738,16,10,14,542,5,2,9,1,6.0,49007,M,4749228.0,-55070.0,49
201600027739,16,10,17,1245,1,2,1,1,1.0,49007,M,4748596.0,-54485.0,49
201600027740,16,10,17,1804,1,2,6,1,1.0,49007,M,4747202.0,-56703.0,49
201600027741,16,10,18,802,1,2,5,1,3.0,49007,M,4747789.0,-54604.0,49
201600027742,16,10,20,1020,1,2,1,1,2.0,49267,M,4747060.0,-51766.0,49
201600027743,16,10,21,750,1,2,6,1,3.0,49007,M,4748993.0,-56611.0,49
201600027744,16,10,23,2045,5,2,1,2,7.0,49007,M,4747713.0,-55381.0,49
201600027745,16,10,24,1505,1,1,1,2,7.0,49267,M,4747330.0,-50847.0,49
201600027746,16,10,24,1215,1,2,1,1,7.0,49246,M,4743711.0,-51454.0,49
201600027747,16,10,24,700,2,2,1,1,7.0,49007,M,4747833.0,-55548.0,49
201600027748,16,10,24,1845,2,2,2,1,3.0,49007,M,4747314.0,-54844.0,49
201600027749,16,10,25,1341,1,2,1,1,6.0,49007,M,4747574.0,-55311.0,49
201600027750,16,10,26,1608,1,2,1,1,6.0,49007,M,4748071.0,-55077.0,49
201600027751,16,10,25,1705,2,2,1,1,7.0,49246,M,4744122.0,-54228.0,49
201600027752,16,10,25,845,1,2,1,1,2.0,49007,M,4744914.0,-53875.0,49
201600027753,16,10,27,1650,1,2,6,1,6.0,49267,M,4747028.0,-51586.0,49
201600027754,16,10,28,1453,1,2,1,1,4.0,49007,M,4748609.0,-51449.0,49
201600027755,16,10,23,1837,1,2,1,1,6.0,49267,M,4748031.0,-49969.0,49