Num_Acc,an,mois,jour,hrmn,lum,agg,int,atm,col,com,gps,lat,long,dep
201600027756,16,10,29,407,5,1,1,1,6.0,49007,M,4746956.0,-61175.0,49
201600027757,16,10,29,1707,1,2,1,1,3.0,49007,M,4748670.0,-51492.0,49
201600027758,16,10,29,1816,2,2,1,1,6.0,49246,M,4743886.0,-48740.0,49
201600027759,16,11,2,751,2,2,1,1,3.0,49007,M,4747214.0,-56724.0,49
201600027760,16,11,2,808,2,2,1,1,6.0,49007,M,4746213.0,-53969.0,49
201600027761,16,11,2,1754,2,2,1,1,6.0,49246,M,4741749.0,-52339.0,49
201600027762,16,11,3,1405,1,2,4,1,3.0,49007,M,4746472.0,-54537.0,49
201600027763,16,11,3,1835,2,2,1,1,4.0,49007,M,4745065.0,-56050.0,49
201600027764,16,11,3,912,1,2,1,1,2.0,49007,M,4744531.0,-54692.0,49
201600027765,16,11,5,1600,1,2,1,1,6.0,49007,M,4747863.0,-56179.0,49
201600027766,16,11,5,2100,5,2,1,1,6.0,49007,M,4747247.0,-56292.0,49
201600027767,16,11,7,1801,2,2,2,1,3.0,49007,M,4744779.0,-54348.0,49
201600027768,16,11,8,1840,5,2,1,1,1.0,49007,M,4746061.0,-53271.0,49
201600027769,16,11,8,1405,1,2,1,1,2.0,49007,M,4746520.0,-59436.0,49
201600027770,16,11,8,1945,5,2,1,1,6.0,49007,M,4747632.0,-55055.0,49
201600027771,16,11,9,1524,1,2,1,1,6.0,49007,M,4746592.0,-55953.0,49
201600027772,16,11,9,1732,2,2,1,1,6.0,49007,M,4744763.0,-54306.0,49
201600027773,16,11,9,1856,5,2,2,1,3.0,49007,M,4747820.0,-54826.0,49
201600027774,16,11,12,1011,1,1,1,3,1.0,49007,M,4744792.0,-57400.0,49
201600027775,16,11,13,2358,5,2,1,1,7.0,49007,M,4743583.0,-51713.0,49
201600027776,16,11,13,730,5,1,1,1,7.0,49007,M,4747406.0,-55599.0,49
201600027777,16,11,12,1320,1,2,1,1,7.0,49007,M,4745780.0,-55423.0,49
201600027778,16,11,12,1905,5,2,2,1,7.0,49353,M,4744934.0,-50190.0,49
201600027779,16,11,14,814,1,1,1,1,4.0,49267,M,4746510.0,-51654.0,49
201600027780,16,11,14,748,2,2,1,8,6.0,49007,M,4749222.0,-55139.0,49
201600027781,16,11,14,707,5,2,1,8,6.0,49007,M,4747466.0,-58614.0,49
201600027782,16,11,14,745,5,2,1,8,6.0,49007,M,4747316.0,-59815.0,49
201600027783,16,11,15,1811,2,2,1,1,7.0,49007,M,4744707.0,-53730.0,49
201600027784,16,11,17,2050,5,2,1,2,7.0,49007,M,4745774.0,-55420.0,49
201600027785,16,11,18,1620,1,2,1,7,6.0,49007,M,4747874.0,-59824.0,49
201600027786,16,11,18,1542,1,2,1,1,1.0,49353,M,4744598.0,-49411.0,49
201600027787,16,11,18,1250,1,2,1,1,4.0,49007,M,4745065.0,-55520.0,49
201600027788,16,11,18,1505,1,2,6,1,6.0,49007,M,4746558.0,-59962.0,49
201600027789,16,11,19,1137,1,2,6,1,6.0,49007,M,4744908.0,-55943.0,49
201600027790,16,11,22,910,1,2,1,1,6.0,49353,M,4744834.0,-50100.0,49
201600027791,16,11,23,750,5,2,1,3,6.0,49015,M,4749143.0,-59157.0,49
201600027792,16,11,27,2230,5,1,1,1,2.0,49007,M,4746525.0,-56927.0,49
201600027793,16,11,27,1606,1,2,1,1,1.0,49007,M,4746521.0,-55421.0,49
201600027794,16,11,30,1400,1,2,1,1,2.0,49007,M,4745753.0,-59712.0,49
201600027795,16,11,30,907,1,2,1,1,6.0,49007,M,4744987.0,-56212.0,49
201600027796,16,11,30,2300,3,1,1,1,6.0,49267,M,4743755.0,-50949.0,49
201600027797,16,12,1,912,1,2,6,1,3.0,49007,M,4747712.0,-59896.0,49
201600027798,16,12,1,912,1,2,2,8,3.0,49007,M,4748260.0,-53064.0,49
201600027799,16,12,1,1215,1,1,1,8,4.0,49246,M,4743762.0,-50607.0,49
201600027800,16,12,1,850,1,1,1,8,4.0,49267,M,4746126.0,-51737.0,49
201600027801,16,12,4,255,5,1,1,1,2.0,49267,M,4746960.0,-51142.0,49
201600027802,16,12,2,928,1,2,1,8,6.0,49353,M,4744620.0,-49657.0,49
201600027803,16,12,2,1440,1,2,1,8,6.0,49007,M,4748583.0,-54779.0,49
201600027804,16,12,2,1010,1,2,1,8,6.0,49015,M,4749175.0,-57932.0,49
201600027805,16,12,4,1939,5,2,1,9,6.0,49015,M,4749278.0,-57764.0,49
201600027806,16,12,2,1800,3,1,1,8,2.0,49267,M,4742612.0,-50413.0,49
201600027807,16,12,5,800,5,2,1,8,6.0,49007,M,4748739.0,-54080.0,49
201600027808,16,12,5,1240,1,2,6,1,6.0,49007,M,4746492.0,-54888.0,49
201600027809,16,12,6,650,5,2,1,1,3.0,49007,M,4746508.0,-55714.0,49
201600027810,16,12,5,1147,1,2,1,1,6.0,49007,M,4747492.0,-53586.0,49
201600027811,16,12,5,848,1,2,1,1,6.0,49007,M,4747240.0,-59708.0,49
201600027812,16,12,6,1415,1,2,1,1,7.0,49353,M,4744198.0,-49361.0,49
201600027813,16,12,6,925,1,2,1,1,6.0,49353,M,4744555.0,-46645.0,49
201600027814,16,12,6,1700,1,2,2,1,7.0,49007,M,4747606.0,-52842.0,49
201600027815,16,12,6,1843,5,2,1,8,2.0,49015,M,4750561.0,-60234.0,49
201600027816,16,12,7,810,2,2,1,1,6.0,49007,M,4747589.0,-57387.0,49
201600027817,16,12,7,740,5,2,1,1,7.0,49007,M,4746493.0,-52454.0,49
201600027818,16,12,8,1157,1,2,1,1,1.0,49007,M,4746170.0,-53224.0,49
201600027819,16,12,8,2245,3,1,1,1,7.0,49015,M,4750112.0,-62100.0,49
201600027820,16,12,8,1745,1,2,1,1,6.0,49007,M,4747015.0,-55021.0,49
201600027821,16,12,10,1410,1,2,1,1,4.0,49007,M,4746223.0,-54732.0,49
201600027822,16,12,12,1335,1,2,2,1,3.0,49007,M,4748634.0,-51417.0,49
201600027823,16,12,12,1501,1,2,9,1,6.0,49007,M,4745052.0,-56019.0,49
201600027824,16,12,9,1304,1,2,1,1,6.0,49007,M,4747824.0,-59851.0,49
201600027825,16,12,15,1535,1,2,1,1,6.0,49007,M,4745148.0,-56205.0,49
201600027826,16,12,15,732,4,2,1,1,6.0,49007,M,4746776.0,-55911.0,49
201600027827,16,12,9,1658,1,2,3,1,2.0,49007,M,4749062.0,-56266.0,49
201600027828,16,12,13,1143,1,2,6,1,3.0,49007,M,4748789.0,-55408.0,49
201600027829,16,12,16,1750,2,1,1,1,2.0,49267,M,4740365.0,-51034.0,49
201600027830,16,12,17,2015,5,1,6,1,2.0,49007,M,4750527.0,-56970.0,49
201600027831,16,12,13,1016,1,2,1,1,6.0,49007,M,4747277.0,-55490.0,49
201600027832,16,12,17,1029,1,2,1,1,6.0,49007,M,4747364.0,-54075.0,49
201600027833,16,12,14,1910,5,2,1,1,6.0,49007,M,4746242.0,-55249.0,49
201600027834,16,12,14,1630,1,2,1,1,6.0,49007,M,4748350.0,-57606.0,49
201600027835,16,12,20,1500,1,2,9,1,3.0,49007,M,4745438.0,-56774.0,49
201600027836,16,12,20,909,1,2,1,1,6.0,49007,M,4746024.0,-61514.0,49
201600027837,16,12,20,945,1,2,1,1,6.0,49015,M,4750341.0,-58892.0,49
201600027838,16,12,24,1040,1,2,2,1,6.0,49007,M,4745235.0,-55909.0,49
201600027839,16,12,23,1127,1,2,1,5,6.0,49007,M,4746672.0,-55713.0,49
201600027840,16,12,23,1205,1,2,1,5,6.0,49007,M,4749228.0,-55196.0,49
201600027841,16,12,26,1150,1,1,1,8,6.0,49007,M,4746526.0,-56986.0,49
201600027842,16,12,26,1415,1,1,1,8,6.0,49007,M,4745745.0,-57253.0,49
201600027843,16,12,26,1250,1,2,1,8,1.0,49246,M,4742460.0,-52496.0,49
201600027844,16,12,27,1145,1,2,1,1,6.0,49007,M,4748259.0,-54223.0,49
201600027845,16,12,27,1959,5,2,2,8,6.0,49007,M,4744863.0,-53665.0,49
201600027846,16,12,7,1818,5,2,1,1,1.0,49099,M,4705654.0,-87375.0,49
201600027847,16,12,12,740,2,2,3,2,6.0,49099,M,4705557.0,-86474.0,49
201600027848,16,12,8,1720,1,2,1,1,2.0,49099,M,4707083.0,-90345.0,49
201600027849,16,10,31,1700,1,2,1,1,6.0,49099,M,4705331.0,-86442.0,49
201600027850,16,12,13,1926,2,2,6,2,6.0,49099,M,4706498.0,-87026.0,49
201600027851,16,1,5,900,1,2,1,8,3.0,49099,M,4706200.0,-89703.0,49
201600027852,16,3,10,1545,1,2,6,1,2.0,49099,M,4705010.0,-87192.0,49
201600027853,16,1,26,1705,1,2,1,7,2.0,49099,M,4706829.0,-88339.0,49
201600027854,16,1,13,1700,1,1,3,1,1.0,49099,M,4704852.0,-91790.0,49
201600027855,16,3,5,1430,1,2,3,8,3.0,49099,M,4705254.0,-86937.0,49
201600027856,16,1,7,1425,1,2,1,1,7.0,49099,M,4707285.0,-84572.0,49
201600027857,16,1,29,1510,1,2,2,8,3.0,49099,M,4705432.0,-89379.0,49
201600027858,16,1,23,140,3,1,1,8,6.0,49099,M,4707547.0,-89107.0,49
201600027859,16,2,10,750,1,2,1,8,3.0,49099,M,4707483.0,-87843.0,49
201600027860,16,3,30,1625,1,2,2,1,3.0,49099,M,4704207.0,-88512.0,49
201600027861,16,4,11,945,1,1,1,1,6.0,49099,M,4707751.0,-85702.0,49
201600027862,16,4,20,1804,1,2,1,1,3.0,49099,M,4706377.0,-86685.0,49
201600027863,16,5,9,1725,1,2,1,1,6.0,49099,M,4705764.0,-87892.0,49
201600027864,16,5,29,940,1,2,7,1,4.0,49099,M,4706179.0,-88045.0,49
201600027865,16,6,27,1905,1,2,1,1,3.0,49099,M,4705610.0,-86085.0,49
201600027866,16,7,11,735,1,2,1,1,1.0,49099,M,4706327.0,-88500.0,49
201600027867,16,6,19,830,1,2,2,1,3.0,49099,M,4706303.0,-89241.0,49
201600027868,16,6,20,220,5,2,1,1,6.0,49099,M,4704530.0,-90096.0,49
201600027869,16,7,28,1640,1,2,3,1,3.0,49099,M,4706537.0,-89429.0,49
201600027870,16,8,6,1915,1,2,1,1,1.0,49099,M,4703671.0,-86170.0,49
201600027871,16,7,18,1640,1,1,1,1,2.0,49099,M,4707481.0,-87842.0,49
201600027872,16,8,16,845,1,1,1,1,1.0,49099,M,4705003.0,-84436.0,49
201600027873,16,9,8,1555,1,2,1,1,6.0,49099,M,4706726.0,-88739.0,49
201600027874,16,9,12,1615,1,2,1,1,4.0,49099,M,4505779.0,-85688.0,49
201600027875,16,8,31,1805,1,2,2,1,6.0,49099,M,4705804.0,-87941.0,49
201600027876,16,9,11,825,1,2,1,1,6.0,49099,M,4705671.0,-89366.0,49
201600027877,16,10,1,55,5,2,1,2,6.0,49099,M,4707227.0,-85691.0,49
201600027878,16,10,26,750,2,2,1,1,6.0,49099,M,4704447.0,-89951.0,49
201600027879,16,11,4,830,1,2,1,1,6.0,49099,M,4705408.0,-88996.0,49
201600027880,16,11,4,1330,1,2,1,1,4.0,49099,M,4707241.0,-85573.0,49
201600027881,16,11,21,1410,1,2,3,2,3.0,49099,M,4706031.0,-87435.0,49
201600027882,16,11,22,1645,1,2,2,1,3.0,49099,M,4705263.0,-86937.0,49
201600027883,16,11,18,1352,1,2,1,2,7.0,49099,M,4705801.0,-85678.0,49
201600027884,16,11,12,1220,1,2,2,2,3.0,49099,M,4705790.0,-86413.0,49
201600027885,16,11,18,210,5,2,1,2,6.0,49099,M,4706521.0,-88150.0,49
201600027886,16,11,12,1842,2,2,1,8,6.0,49099,M,4706343.0,-87758.0,49
201600027887,16,10,28,1355,1,2,1,1,3.0,49099,M,4706845.0,-85469.0,49
201600027888,16,1,9,550,5,2,1,1,6.0,49328,M,4726728.0,-8594.0,49
201600027889,16,12,22,1235,1,2,1,1,1.0,49328,M,4726769.0,-8641.0,49
201600027890,16,1,23,2150,5,2,6,1,7.0,49328,M,4724678.0,-8929.0,49
201600027891,16,1,29,1730,1,1,1,1,1.0,49328,M,4723942.0,-1626.0,49
201600027892,16,11,18,2005,3,1,1,1,7.0,49328,M,4724749.0,-10511.0,49
201600027893,16,1,31,1300,1,1,1,1,1.0,49328,M,4726447.0,-11941.0,49
201600027894,16,5,18,1650,1,2,1,1,3.0,49328,M,4726823.0,-6864.0,49
201600027895,16,5,19,1400,1,2,1,1,2.0,49328,M,4728002.0,-5531.0,49
201600027896,16,6,1,1155,1,2,1,1,3.0,49328,M,4726589.0,-9459.0,49
201600027897,16,6,10,1400,1,2,1,1,3.0,49328,M,4724407.0,-9642.0,49
201600027898,16,6,21,750,1,1,2,2,3.0,49328,M,4727219.0,-12786.0,49
201600027899,16,6,25,1040,1,2,1,1,2.0,49328,M,4725197.0,-8745.0,49
201600027900,16,7,10,1055,1,1,1,1,5.0,49328,M,4724078.0,-11104.0,49
201600027901,16,7,13,1810,1,2,1,1,1.0,49328,M,4728180.0,-8727.0,49
201600027902,16,7,20,1905,1,1,6,1,1.0,49328,M,4725311.0,-8047.0,49
201600027903,16,7,22,2000,1,2,1,1,6.0,49328,M,4727411.0,-6196.0,49
201600027904,16,11,18,2050,3,1,1,1,7.0,49328,M,4726274.0,-5415.0,49
201600027905,16,8,14,1755,1,2,3,1,1.0,49328,M,4724983.0,-6587.0,49
201600027906,16,8,14,930,1,2,1,1,3.0,49328,M,4726732.0,-6973.0,49
201600027907,16,8,14,2200,5,2,1,1,7.0,49328,M,4726634.0,-7092.0,49
201600027908,16,9,8,1805,1,2,1,1,6.0,49328,M,4725885.0,-8862.0,49
201600027909,16,9,9,1715,1,2,1,1,6.0,49328,M,4726469.0,-9816.0,49
201600027910,16,10,5,1010,1,2,1,1,3.0,49328,M,4725752.0,-8803.0,49
201600027911,16,10,12,1215,1,2,1,1,3.0,49328,M,4725306.0,-8205.0,49
201600027912,16,11,30,1010,1,2,1,1,6.0,49328,M,4725642.0,-7885.0,49
201600027913,16,11,26,1925,5,2,6,1,6.0,49328,M,4725192.0,-8737.0,49
201600027914,16,12,8,1345,1,2,2,1,3.0,49328,M,4724434.0,-6958.0,49
201600027915,16,12,8,2025,5,2,6,1,3.0,49328,M,4725201.0,-8734.0,49
201600027916,16,12,17,1120,1,2,1,5,3.0,49328,M,4725696.0,-6925.0,49
201600027917,16,1,2,1120,1,1,1,3,6.0,50129,M,4962260.0,-163886.0,50
201600027918,16,12,31,1400,1,2,1,1,7.0,50602,M,4963170.0,-156152.0,50
201600027919,16,1,4,1300,1,2,6,2,7.0,50129,M,4964240.0,-161570.0,50
201600027920,16,12,30,1540,1,2,1,1,7.0,50173,M,4966190.0,-169026.0,50
201600027921,16,1,4,1845,5,2,1,1,7.0,50129,M,4963840.0,-162532.0,50
201600027922,16,1,8,1105,1,2,2,1,2.0,50173,M,4965390.0,-164910.0,50
201600027923,16,1,8,1300,1,2,1,1,7.0,50173,M,4964360.0,-164890.0,50
201600027924,16,1,13,755,5,2,6,1,3.0,50129,M,4963190.0,-160017.0,50
201600027925,16,1,12,2030,3,2,3,1,3.0,50129,M,4961380.0,-165596.0,50
201600027926,16,1,14,1210,1,2,6,1,3.0,50602,M,4963640.0,-159608.0,50
201600027927,16,1,16,2025,5,2,1,1,7.0,50129,M,4963400.0,-161933.0,50
201600027928,16,1,18,729,5,2,3,2,7.0,50129,M,4962490.0,-164518.0,50
201600027929,16,1,20,750,5,2,1,1,1.0,50129,M,4963090.0,-160534.0,50
201600027930,16,1,24,2140,5,1,1,1,7.0,50203,M,4961750.0,-158239.0,50
201600027931,16,1,22,2100,5,2,1,1,7.0,50129,M,4963630.0,-163235.0,50
201600027932,16,1,27,1845,5,2,3,2,3.0,50129,M,4964230.0,-162873.0,50
201600027933,16,1,27,1845,5,2,3,2,2.0,50129,M,4963840.0,-161067.0,50
201600027934,16,1,31,1330,1,2,1,2,7.0,50173,M,4964620.0,-165664.0,50
201600027935,16,2,1,830,2,2,1,2,3.0,50129,M,4962750.0,-161775.0,50
201600027936,16,2,3,1640,1,2,2,1,3.0,50129,M,4963500.0,-162742.0,50
201600027937,16,2,4,935,1,2,2,1,7.0,50129,M,4963530.0,-162897.0,50
201600027938,16,2,6,1800,2,2,2,2,4.0,50129,M,4963460.0,-160266.0,50
201600027939,16,2,5,1720,1,2,1,1,2.0,50129,M,4963990.0,-163632.0,50
201600027940,16,2,8,1755,2,2,1,6,2.0,50203,M,4962160.0,-161547.0,50
201600027941,16,2,10,1745,1,2,2,2,2.0,50129,M,4963500.0,-162738.0,50
201600027942,16,2,10,2015,5,2,1,1,2.0,50129,M,4963350.0,-162277.0,50
201600027943,16,2,12,1832,5,2,1,1,2.0,50129,M,4963870.0,-161457.0,50
201600027944,16,2,12,1620,1,1,4,1,6.0,50203,M,4962010.0,-158162.0,50
201600027945,16,2,13,1325,1,2,1,2,3.0,50173,M,4966060.0,-168580.0,50
201600027946,16,2,15,1550,1,2,1,1,1.0,50129,M,4961890.0,-165099.0,50
201600027947,16,2,1,1815,2,2,1,1,7.0,50416,M,4966150.0,-168975.0,50
201600027948,16,2,16,1805,2,2,3,1,6.0,50203,M,4961810.0,-160823.0,50
201600027949,16,2,16,1905,4,2,6,1,3.0,50602,M,4963640.0,-159607.0,50
201600027950,16,2,23,1330,1,2,2,1,7.0,50129,M,4963820.0,-162528.0,50
201600027951,16,2,26,1630,1,2,1,1,2.0,50129,M,4964333.0,162530.0,50
201600027952,16,3,1,840,1,2,6,2,7.0,50129,M,4964240.0,-161545.0,50
201600027953,16,3,1,840,1,2,1,2,4.0,50129,M,4964830.0,-164373.0,50
201600027954,16,3,1,2200,3,2,6,1,7.0,50129,M,4960960.0,-165995.0,50
201600027955,16,3,1,1215,1,2,1,3,3.0,50129,M,4964430.0,-163290.0,50
201600027956,16,3,2,350,5,2,6,8,7.0,50129,M,4963590.0,-163153.0,50
201600027957,16,3,1,1230,1,2,1,2,4.0,50129,M,4963360.0,-161895.0,50
201600027958,16,3,2,745,1,2,3,1,3.0,50173,M,4964920.0,-165393.0,50
201600027959,16,3,3,1350,1,2,1,1,4.0,50129,M,4963460.0,-161362.0,50
201600027960,16,3,6,1510,1,2,6,1,3.0,50173,M,4965370.0,-167638.0,50
201600027961,16,3,3,1010,1,2,2,6,7.0,50129,M,4963710.0,-162261.0,50
201600027962,16,3,7,720,1,2,1,1,7.0,50173,M,4965640.0,-169673.0,50
201600027963,16,3,15,920,1,2,3,1,5.0,50129,M,4963490.0,-162699.0,50
201600027964,16,3,18,935,1,2,7,1,7.0,50129,M,4963400.0,-162250.0,50
201600027965,16,3,24,1710,1,2,1,2,6.0,50129,M,4963160.0,-160946.0,50
201600027966,16,3,19,2130,5,2,1,1,1.0,50173,M,4964820.0,-164899.0,50
201600027967,16,3,26,2310,5,2,1,1,7.0,50173,M,4964960.0,-166053.0,50
201600027968,16,3,28,1900,1,1,2,6,7.0,50129,M,4961380.0,-165596.0,50
201600027969,16,3,28,2350,5,2,1,1,7.0,50129,M,4964810.0,-162327.0,50
201600027970,16,4,4,1240,1,2,3,1,7.0,50129,M,4964050.0,-162757.0,50
201600027971,16,3,31,740,2,1,1,1,7.0,50416,M,4964800.0,-172165.0,50
201600027972,16,4,7,1200,1,2,1,1,7.0,50129,M,4962790.0,-162938.0,50
201600027973,16,4,7,1755,1,2,2,1,2.0,50129,M,4963880.0,-161646.0,50
201600027974,16,4,8,2240,5,1,1,1,7.0,50129,M,4961120.0,-165588.0,50
201600027975,16,4,15,1025,1,2,1,1,7.0,50129,M,4963460.0,-161857.0,50
201600027976,16,4,17,1035,1,2,1,1,7.0,50129,M,4963890.0,-162542.0,50
201600027977,16,3,31,1215,1,2,6,1,7.0,50129,M,4963590.0,-162578.0,50
201600027978,16,4,20,1610,1,2,1,1,7.0,50602,M,4963470.0,-158921.0,50
201600027979,16,4,15,1545,1,2,3,1,2.0,50129,M,4962690.0,-163573.0,50
201600027980,16,4,21,1210,1,2,1,1,6.0,50129,M,4963560.0,-163040.0,50
201600027981,16,4,21,820,1,1,2,1,7.0,50129,M,4961200.0,-165432.0,50
201600027982,16,4,21,1740,1,2,3,1,7.0,50173,M,4964470.0,-165775.0,50
201600027983,16,4,26,2120,2,1,3,1,7.0,50129,M,4962770.0,-165788.0,50
201600027984,16,4,29,730,2,2,3,1,3.0,50129,M,4962840.0,-163958.0,50
201600027985,16,5,2,1215,1,1,1,1,7.0,50416,M,4964800.0,-172165.0,50
201600027986,16,5,5,1230,1,2,1,1,3.0,50203,M,4960440.0,-160171.0,50
201600027987,16,5,7,100,5,2,1,1,7.0,50129,M,4962900.0,-162643.0,50
201600027988,16,5,9,1635,1,2,1,2,7.0,50129,M,4962780.0,-161784.0,50
201600027989,16,4,25,1050,1,1,6,1,7.0,50602,M,4963680.0,-155020.0,50
201600027990,16,5,8,1330,1,1,1,1,7.0,50416,M,4964800.0,-172165.0,50
201600027991,16,5,10,640,2,2,1,2,7.0,50129,M,4963590.0,-162210.0,50
201600027992,16,5,10,1315,1,1,1,1,7.0,50602,M,4965050.0,-155365.0,50
201600027993,16,5,11,1145,1,2,1,1,7.0,50129,M,4963370.0,-161986.0,50
201600027994,16,5,11,1205,1,2,2,2,2.0,50129,M,4963340.0,-164859.0,50
201600027995,16,5,12,1220,1,1,3,2,7.0,50203,M,4961910.0,-162778.0,50
201600027996,16,5,13,1040,1,2,1,1,3.0,50173,M,4965770.0,-166696.0,50
201600027997,16,5,16,330,3,1,1,1,7.0,50129,M,4961700.0,-164793.0,50
201600027998,16,5,12,1610,1,2,1,8,6.0,50129,M,4963960.0,-163322.0,50
201600027999,16,5,17,1330,1,2,2,1,2.0,50602,M,4964600.0,-158325.0,50
201600028000,16,5,25,930,1,2,1,1,7.0,50602,M,4964790.0,-159152.0,50
201600028001,16,5,19,835,1,2,2,1,3.0,50129,M,4963910.0,-161936.0,50
201600028002,16,5,26,925,1,1,1,1,3.0,50416,M,4965550.0,-170173.0,50
201600028003,16,5,29,45,5,2,3,1,7.0,50129,M,4964410.0,-163163.0,50
201600028004,16,5,31,1920,1,2,3,3,2.0,50129,M,4963860.0,-161348.0,50
201600028005,16,5,25,1410,1,2,2,1,3.0,50129,M,4962690.0,-163677.0,50
201600028006,16,6,2,310,3,2,6,2,7.0,50602,M,4965350.0,-157920.0,50
201600028007,16,6,3,745,2,2,2,1,7.0,50129,M,4963230.0,-162375.0,50
201600028008,16,5,29,255,5,2,1,1,1.0,50129,M,4964630.0,-164204.0,50
201600028009,16,6,4,1735,1,2,3,1,1.0,50129,M,4963460.0,-161498.0,50
201600028010,16,6,11,1815,1,2,1,1,2.0,50129,M,4963010.0,-164386.0,50
201600028011,16,6,10,1220,1,2,3,1,7.0,50129,M,4964020.0,-162612.0,50
201600028012,16,6,13,735,1,2,3,1,3.0,50129,M,4962770.0,-162186.0,50
201600028013,16,6,14,1520,1,2,1,1,1.0,50203,M,4961910.0,-160999.0,50
201600028014,16,6,19,1630,1,1,2,2,2.0,50416,M,4964860.0,-171927.0,50
201600028015,16,6,16,25,5,2,2,1,7.0,50129,M,4964670.0,-164309.0,50
201600028016,16,5,27,2110,1,2,1,1,6.0,50173,M,4965100.0,-165195.0,50
201600028017,16,6,21,1400,1,2,2,1,3.0,50129,M,4963460.0,-160265.0,50
201600028018,16,6,20,1205,1,2,1,2,1.0,50173,M,4965750.0,-166924.0,50
201600028019,16,6,26,1945,1,2,1,1,7.0,50602,M,4964740.0,-159116.0,50
201600028020,16,6,28,1315,1,2,4,1,3.0,50203,M,4961080.0,-161703.0,50
201600028021,16,6,29,255,5,2,1,1,7.0,50129,M,4964300.0,-160626.0,50
201600028022,16,6,30,440,5,2,1,2,7.0,50129,M,4964270.0,-160934.0,50
201600028023,16,7,4,1520,1,2,1,1,3.0,50129,M,4962850.0,-163981.0,50
201600028024,16,7,4,2305,5,2,1,2,6.0,50129,M,4963600.0,-165234.0,50
201600028025,16,7,6,1800,1,2,2,1,2.0,50129,M,4960930.0,-160023.0,50
201600028026,16,7,6,1430,1,2,1,1,7.0,50129,M,4963390.0,-162155.0,50
201600028027,16,7,7,1810,1,2,4,1,3.0,50129,M,4963610.0,-163692.0,50
201600028028,16,7,12,1850,1,2,1,1,3.0,50129,M,4963470.0,-160289.0,50
201600028029,16,7,13,1635,1,2,2,1,3.0,50129,M,4963820.0,-162528.0,50
201600028030,16,7,13,1725,1,2,1,1,5.0,50129,M,4965220.0,-164749.0,50
201600028031,16,7,14,1605,1,2,2,1,3.0,50602,M,4964640.0,-159066.0,50
201600028032,16,7,19,1050,1,1,1,1,7.0,50129,M,4962020.0,-158157.0,50
201600028033,16,7,23,1655,1,2,3,1,1.0,50602,M,4964780.0,-159147.0,50
201600028034,16,7,23,1900,1,2,3,1,1.0,50129,M,4963470.0,-161602.0,50
201600028035,16,7,22,925,1,2,2,1,1.0,50173,M,4965710.0,-167427.0,50
201600028036,16,7,25,2050,2,2,1,1,3.0,50129,M,4962670.0,-163366.0,50
201600028037,16,7,30,1730,1,1,1,1,3.0,50173,M,4965220.0,-165315.0,50
201600028038,16,7,29,1740,1,2,6,1,7.0,50129,M,4963530.0,-159192.0,50
201600028039,16,7,30,1035,1,2,3,1,4.0,50129,M,4964310.0,-160485.0,50
201600028040,16,1,3,1000,1,2,1,1,7.0,50602,M,4965210.0,-158547.0,50
201600028041,16,1,2,420,5,2,1,1,7.0,50129,M,4964330.0,-162167.0,50
201600028042,16,8,10,1545,1,2,4,1,2.0,50129,M,4963900.0,-162159.0,50
201600028043,16,8,10,2335,5,2,6,1,7.0,50162,M,4963300.0,-156621.0,50
201600028044,16,8,17,1630,1,2,1,1,2.0,50173,M,4966020.0,-167695.0,50
201600028045,16,8,22,1015,1,2,2,1,3.0,50129,M,4963880.0,-161647.0,50
201600028046,16,8,30,800,1,2,1,1,7.0,50602,M,4964400.0,-158372.0,50
201600028047,16,8,31,1715,1,2,2,1,2.0,50129,M,4964140.0,-159296.0,50
201600028048,16,8,31,1200,1,2,4,1,2.0,50129,M,4963930.0,-165147.0,50
201600028049,16,9,4,1445,1,2,3,8,7.0,50173,M,4965270.0,-166067.0,50
201600028050,16,9,4,1315,1,2,3,8,3.0,50129,M,4963920.0,-162086.0,50
201600028051,16,9,6,1205,1,2,2,1,7.0,50173,M,4965390.0,-164910.0,50
201600028052,16,9,12,1410,1,2,1,1,7.0,50173,M,4966220.0,-168377.0,50
201600028053,16,9,14,750,2,2,1,1,2.0,50173,M,4965790.0,-166529.0,50
201600028054,16,9,14,1430,1,2,1,1,2.0,50129,M,4964860.0,-164390.0,50
201600028055,16,9,18,1835,1,2,3,1,1.0,50129,M,4962620.0,-162824.0,50
201600028056,16,9,24,1855,1,2,2,1,7.0,50602,M,4963970.0,-157039.0,50
201600028057,16,9,23,1805,1,2,1,1,3.0,50602,M,4963910.0,-157358.0,50
201600028058,16,9,28,825,1,2,1,1,1.0,50129,M,4962710.0,-162624.0,50
201600028059,16,9,28,1500,1,2,1,1,1.0,50602,M,4963870.0,-159433.0,50
201600028060,16,10,6,1135,1,2,2,1,3.0,50602,M,4963510.0,-158655.0,50
201600028061,16,10,7,1435,1,2,2,1,3.0,50129,M,4963310.0,-159883.0,50
201600028062,16,10,8,1755,1,1,1,1,7.0,50203,M,4960530.0,-159402.0,50
201600028063,16,10,7,2150,4,2,1,1,7.0,50602,M,4964340.0,-160288.0,50
201600028064,16,10,17,745,5,2,3,1,7.0,50129,M,4963130.0,-160761.0,50