Num_Acc,an,mois,jour,hrmn,lum,agg,int,atm,col,com,gps,lat,long,dep
201600028065,16,10,26,1345,1,2,1,1,7.0,50602,M,4962930.0,-158137.0,50
201600028066,16,10,26,1945,1,2,2,1,3.0,50129,M,4963650.0,-164947.0,50
201600028067,16,10,27,1655,1,2,1,1,3.0,50129,M,4963500.0,-160162.0,50
201600028068,16,11,2,1425,1,2,1,1,3.0,50173,M,4965630.0,-169707.0,50
201600028069,16,11,4,645,5,2,1,1,1.0,50602,M,4964580.0,-159598.0,50
201600028070,16,10,30,1910,5,2,2,1,6.0,50129,M,4964500.0,-163558.0,50
201600028071,16,11,5,1350,1,2,3,8,1.0,50602,M,4965190.0,-155669.0,50
201600028072,16,11,6,405,5,2,3,1,7.0,50129,M,4963840.0,-161082.0,50
201600028073,16,11,8,1830,3,1,1,3,2.0,50203,M,4960160.0,-159470.0,50
201600028074,16,11,9,650,5,2,6,2,7.0,50203,M,4961970.0,-161264.0,50
201600028075,16,11,12,200,5,2,1,1,6.0,50129,M,4964490.0,-164474.0,50
201600028076,16,11,11,1330,1,1,2,1,5.0,50129,M,4964450.0,-162731.0,50
201600028077,16,11,11,1950,5,2,2,1,1.0,50129,M,4964450.0,-162735.0,50
201600028078,16,11,12,1820,4,2,1,1,7.0,50173,M,4965760.0,-166778.0,50
201600028079,16,11,12,2120,5,2,3,1,3.0,50203,M,4960890.0,-160016.0,50
201600028080,16,11,16,1735,1,2,3,1,7.0,50173,M,4965560.0,-167522.0,50
201600028081,16,11,16,1955,5,2,6,1,3.0,50129,M,4963460.0,-161321.0,50
201600028082,16,11,19,420,5,2,2,1,3.0,50129,M,4963910.0,-161937.0,50
201600028083,16,11,23,1910,5,2,2,2,3.0,50602,M,4964430.0,-158156.0,50
201600028084,16,11,23,2000,5,1,1,1,7.0,50173,M,4963530.0,-166034.0,50
201600028085,16,11,25,745,3,1,1,1,7.0,50416,M,4964450.0,-173008.0,50
201600028086,16,11,26,1305,1,2,1,1,7.0,50129,M,4964030.0,-162440.0,50
201600028087,16,11,30,1225,1,2,3,1,3.0,50129,M,4962840.0,-163959.0,50
201600028088,16,11,29,1405,1,2,6,1,7.0,50129,M,4963570.0,-163070.0,50
201600028089,16,12,1,1710,3,1,1,1,4.0,50602,M,4962480.0,-158159.0,50
201600028090,16,12,3,310,5,2,6,1,6.0,50173,M,4965750.0,-166870.0,50
201600028091,16,11,14,1800,5,2,2,1,6.0,50602,M,4964430.0,-158152.0,50
201600028092,16,12,3,25,5,2,1,1,3.0,50129,M,4963860.0,-162535.0,50
201600028093,16,12,2,1815,5,2,3,1,2.0,50129,M,4963580.0,-163121.0,50
201600028094,16,12,3,1340,1,2,4,1,1.0,50129,M,4963090.0,-162190.0,50
201600028095,16,12,5,1430,1,2,2,1,1.0,50129,M,4962910.0,-164111.0,50
201600028096,16,12,5,1630,1,2,2,1,1.0,50602,M,4964360.0,-157498.0,50
201600028097,16,12,10,1640,1,2,9,1,3.0,50203,M,4960200.0,-159899.0,50
201600028098,16,12,9,630,5,2,2,1,3.0,50203,M,4961200.0,-160119.0,50
201600028099,16,12,12,1620,1,2,1,2,4.0,50129,M,4964380.0,-163570.0,50
201600028100,16,12,14,1425,1,2,1,1,2.0,50602,M,4965430.0,-157747.0,50
201600028101,16,12,16,1615,1,2,1,1,7.0,50129,M,4963860.0,-162962.0,50
201600028102,16,12,17,555,5,2,6,1,3.0,50129,M,4963590.0,-163136.0,50
201600028103,16,12,20,1415,1,2,1,1,4.0,50203,M,4960690.0,-159951.0,50
201600028104,16,12,20,1830,5,2,6,1,4.0,50173,M,4966110.0,-168510.0,50
201600028105,16,12,20,2330,5,2,3,1,1.0,50203,M,4960900.0,-160016.0,50
201600028106,16,12,24,840,2,2,1,1,6.0,50203,M,4961380.0,-160005.0,50
201600028107,16,12,29,1800,5,2,1,1,6.0,50129,M,4962700.0,-164204.0,50
201600028108,16,12,30,555,5,1,1,1,6.0,50129,M,4961890.0,-167016.0,50
201600028109,16,1,4,835,2,2,3,1,3.0,50147,M,4906390.0,-142728.0,50
201600028110,16,2,7,1220,1,2,2,6,2.0,50147,M,4905040.0,-144636.0,50
201600028111,16,4,12,1035,1,1,6,1,1.0,50345,M,4906250.0,-145093.0,50
201600028112,16,5,5,1145,1,2,6,1,3.0,50147,M,4903960.0,-144733.0,50
201600028113,16,7,16,905,1,2,1,1,6.0,50147,M,4905450.0,-143924.0,50
201600028114,16,7,13,935,1,1,1,1,2.0,50376,M,4903510.0,-144096.0,50
201600028115,16,7,26,1440,1,2,1,1,1.0,50147,M,4905790.0,-143678.0,50
201600028116,16,9,27,1750,1,1,3,2,3.0,50147,M,4906250.0,-145093.0,50
201600028117,16,10,16,955,1,2,3,1,1.0,50147,M,4905080.0,-145070.0,50
201600028118,16,12,1,1755,5,2,1,1,6.0,50147,M,4906194.0,-143453.0,50
201600028119,16,12,12,1430,1,2,1,2,3.0,50147,M,,,50
201600028120,16,1,5,1647,1,2,1,1,6.0,50218,M,4883760.0,-159689.0,50
201600028121,16,1,13,1630,1,2,1,1,2.0,50218,M,4883850.0,-158836.0,50
201600028122,16,1,16,1940,5,2,1,1,3.0,50532,M,4883390.0,-157046.0,50
201600028123,16,1,17,710,5,2,1,1,6.0,50218,M,4883580.0,-157536.0,50
201600028124,16,2,5,850,1,2,2,1,3.0,50218,M,4883650.0,-156158.0,50
201600028125,16,2,5,1915,5,2,1,8,6.0,50647,M,4883820.0,-155038.0,50
201600028126,16,2,10,1840,5,2,1,2,6.0,50165,M,4885170.0,-156989.0,50
201600028127,16,3,5,1725,1,2,3,1,3.0,50218,M,4883790.0,-157309.0,50
201600028128,16,3,12,155,5,2,1,1,6.0,50218,M,4883790.0,-157722.0,50
201600028129,16,3,16,1215,1,2,1,1,2.0,50218,M,4883600.0,-160400.0,50
201600028130,16,5,11,817,1,1,1,1,6.0,50218,M,4882420.0,-154714.0,50
201600028131,16,5,13,1705,1,2,1,1,6.0,50218,M,4883780.0,-158823.0,50
201600028132,16,5,24,545,2,2,2,1,3.0,50218,M,4883750.0,-154669.0,50
201600028133,16,5,29,5,5,1,1,1,3.0,50218,M,4883130.0,-154834.0,50
201600028134,16,6,25,1250,1,2,3,1,6.0,50218,M,4883710.0,-159584.0,50
201600028135,16,6,28,1240,1,2,1,1,6.0,50647,M,4884040.0,-154925.0,50
201600028136,16,7,4,940,1,2,1,1,3.0,50165,M,4884730.0,-157912.0,50
201600028137,16,7,29,2000,1,1,1,1,7.0,50218,M,4883300.0,-157440.0,50
201600028138,16,8,6,1939,1,2,1,7,6.0,50165,M,4883780.0,-156710.0,50
201600028139,16,8,8,900,1,1,6,1,3.0,50532,M,4882960.0,-156712.0,50
201600028140,16,8,8,1535,1,1,1,1,1.0,50218,M,4883300.0,-157441.0,50
201600028141,16,8,12,1540,1,2,1,1,6.0,50541,M,4883760.0,-155173.0,50
201600028142,16,8,14,610,5,2,1,1,6.0,50218,M,4883720.0,-160116.0,50
201600028143,16,8,25,1345,1,2,3,1,5.0,50165,M,4885030.0,-157920.0,50
201600028144,16,8,27,1110,1,2,1,1,3.0,50532,M,4879430.0,-156518.0,50
201600028145,16,9,3,1055,1,2,3,1,3.0,50532,M,4879820.0,-156594.0,50
201600028146,16,9,10,1710,1,2,3,3,6.0,50218,M,4883840.0,-159901.0,50
201600028147,16,9,17,600,5,2,6,2,3.0,50218,M,4883800.0,-158499.0,50
201600028148,16,10,12,1700,1,2,2,1,6.0,50218,M,4883810.0,-159233.0,50
201600028149,16,10,12,1800,1,2,4,1,6.0,50218,M,4883770.0,-158929.0,50
201600028150,16,10,27,1505,1,2,6,1,6.0,50165,M,4884780.0,-157799.0,50
201600028151,16,11,2,1505,1,2,9,1,6.0,50218,M,4883820.0,-159520.0,50
201600028152,16,11,26,1845,3,1,1,8,2.0,50532,M,4882080.0,-155283.0,50
201600028153,16,12,2,204,5,1,1,5,2.0,50532,M,4882690.0,-156153.0,50
201600028154,16,12,9,805,1,2,6,5,6.0,50218,M,4883770.0,-158935.0,50
201600028155,16,12,21,1835,3,1,3,3,3.0,50532,M,4882060.0,-155263.0,50
201600028156,16,1,5,1740,5,2,1,3,6.0,50002,M,4911810.0,-110709.0,50
201600028157,16,1,15,1940,5,2,1,8,1.0,50502,M,4909250.0,-111733.0,50
201600028158,16,1,24,1230,1,2,1,2,2.0,50538,M,4911670.0,-104712.0,50
201600028159,16,2,12,1220,1,1,3,2,3.0,50502,M,4910990.0,-105509.0,50
201600028160,16,2,19,2120,3,1,1,2,1.0,50465,M,4910660.0,-114351.0,50
201600028161,16,2,27,1350,1,2,1,1,3.0,50502,M,4911090.0,-107619.0,50
201600028162,16,3,3,1700,1,1,1,1,4.0,50002,M,4906548.0,-109161.0,50
201600028163,16,3,11,1815,1,1,1,1,2.0,50002,M,4906491.0,-109007.0,50
201600028164,16,4,1,2210,5,2,6,1,7.0,50034,M,4909980.0,-108089.0,50
201600028165,16,4,12,1810,1,2,1,1,6.0,50502,M,4911570.0,-107620.0,50
201600028166,16,5,6,920,1,1,1,1,1.0,50002,M,4911710.0,-110276.0,50
201600028167,16,5,12,1155,1,2,1,2,6.0,50502,M,4911840.0,-108928.0,50
201600028168,16,5,27,340,5,2,3,1,6.0,50502,M,4906430.0,-105021.0,50
201600028169,16,6,27,1850,1,1,1,1,7.0,50502,M,4905542.0,104373.0,50
201600028170,16,7,2,1600,1,2,6,1,2.0,50465,M,4910310.0,-111371.0,50
201600028171,16,8,10,900,1,2,6,1,1.0,50502,M,4911660.0,-110208.0,50
201600028172,16,8,11,1425,1,2,2,1,2.0,50502,M,4911620.0,-105844.0,50
201600028173,16,8,11,1710,1,2,1,1,6.0,50002,M,4911690.0,-111071.0,50
201600028174,16,8,25,1400,1,2,1,1,6.0,50502,M,4911480.0,-108787.0,50
201600028175,16,8,25,1500,1,1,3,1,3.0,50321,M,4913330.0,-106750.0,50
201600028176,16,10,4,1235,1,2,1,1,6.0,50502,M,4911900.0,-108631.0,50
201600028177,16,10,5,1740,1,1,2,1,3.0,50502,M,,,50
201600028178,16,10,24,1350,1,2,2,1,3.0,50502,M,4910990.0,-105508.0,50
201600028179,16,10,31,1538,1,2,1,1,7.0,50502,M,4911710.0,-109904.0,50
201600028180,16,11,7,1450,1,1,1,8,7.0,50502,M,4909800.0,-106051.0,50
201600028181,16,11,11,230,5,2,1,1,6.0,50502,M,4911100.0,-108349.0,50
201600028182,16,11,18,1730,5,2,6,1,3.0,50465,M,4910160.0,-111575.0,50
201600028183,16,11,21,1800,5,2,1,2,6.0,50502,M,4911090.0,-106532.0,50
201600028184,16,11,30,1745,3,2,1,1,3.0,50002,M,4911460.0,-112763.0,50
201600028185,16,12,1,2037,5,2,1,1,7.0,50002,M,4911440.0,-109708.0,50
201600028186,16,12,5,1820,5,2,6,1,6.0,50002,M,4911607.0,-111397.0,50
201600028187,16,12,18,1835,5,1,2,5,3.0,50502,M,4911110.0,-109003.0,50
201600028188,16,12,23,2230,3,1,1,2,1.0,50002,M,4910625.0,-114444.0,50
201600028189,16,2,1,1840,5,2,3,2,3.0,51108,M,4897133.0,436859.0,51
201600028190,16,2,9,2325,5,2,1,8,6.0,51108,M,4895477.0,437476.0,51
201600028191,16,3,16,1640,1,2,3,1,6.0,51108,M,4895530.0,436078.0,51
201600028192,16,3,29,1109,1,1,1,6,1.0,51108,M,4897879.0,440686.0,51
201600028193,16,4,3,305,5,2,1,3,6.0,51525,M,4892991.0,438506.0,51
201600028194,16,4,16,630,5,2,1,1,6.0,51108,M,4894294.0,439285.0,51
201600028195,16,5,12,1355,1,2,1,8,3.0,51108,M,4895402.0,435002.0,51
201600028196,16,6,1,1500,1,2,1,1,3.0,51108,M,4895317.0,436064.0,51
201600028197,16,6,25,2100,2,2,1,1,1.0,51108,M,4895467.0,437491.0,51
201600028198,16,7,2,2252,3,1,1,1,7.0,51108,M,4896721.0,441459.0,51
201600028199,16,7,13,1545,1,2,2,1,3.0,51108,M,4896062.0,436130.0,51
201600028200,16,8,6,1750,1,2,2,1,1.0,51506,M,4894459.0,439848.0,51
201600028201,16,8,16,1550,1,2,1,1,6.0,51108,M,4896891.0,435773.0,51
201600028202,16,8,30,1424,1,2,1,1,6.0,51108,M,4895365.0,436642.0,51
201600028203,16,9,2,1840,1,1,6,1,7.0,51483,M,4897616.0,429140.0,51
201600028204,16,10,5,1305,1,2,1,1,3.0,51108,M,4895185.0,434943.0,51
201600028205,16,10,5,1645,1,2,2,1,3.0,51108,M,4894539.0,437950.0,51
201600028206,16,10,14,1545,1,2,3,1,3.0,51506,M,4894750.0,438325.0,51
201600028207,16,10,28,1925,1,2,2,1,3.0,51242,M,4894922.0,433073.0,51
201600028208,16,11,30,1200,1,2,3,1,6.0,51108,M,4895278.0,436713.0,51
201600028209,16,12,6,742,2,2,1,1,6.0,51108,M,4895940.0,436122.0,51
201600028210,16,12,11,621,5,2,1,2,6.0,51108,M,4895400.0,435840.0,51
201600028211,16,12,20,940,1,2,1,1,6.0,51108,M,4896741.0,435274.0,51
201600028212,16,12,27,1825,5,2,6,1,6.0,51108,M,4895745.0,436095.0,51
201600028213,16,1,28,2100,5,2,1,1,6.0,51230,M,4902965.0,395401.0,51
201600028214,16,2,24,1411,1,1,1,1,6.0,51230,M,4903790.0,394919.0,51
201600028215,16,5,5,1610,1,2,1,1,6.0,51663,M,4904774.0,396494.0,51
201600028216,16,6,4,700,1,2,3,1,3.0,51663,M,4905393.0,396511.0,51
201600028217,16,7,2,1404,1,1,1,1,1.0,51030,M,4905300.0,400131.0,51
201600028218,16,7,11,105,5,2,2,1,3.0,51230,M,4903822.0,396474.0,51
201600028219,16,7,17,17,5,2,2,1,3.0,51230,M,4904474.0,395906.0,51
201600028220,16,9,26,726,1,1,2,1,3.0,51390,M,4900987.0,392255.0,51
201600028221,16,10,5,1550,1,2,2,1,2.0,51230,M,4903916.0,395273.0,51
201600028222,16,10,17,1830,1,2,3,1,6.0,51030,M,4905538.0,399843.0,51
201600028223,16,11,7,1350,1,2,2,1,3.0,51431,M,4901836.0,393769.0,51
201600028224,16,1,5,1750,5,2,2,2,6.0,51454,M,4924601.0,404676.0,51
201600028225,16,1,5,1900,5,2,2,2,5.0,51454,M,4923624.0,402625.0,51
201600028226,16,1,6,1430,1,2,1,1,6.0,51454,M,4925681.0,403819.0,51
201600028227,16,1,7,645,5,2,1,2,2.0,51454,M,4923282.0,406322.0,51
201600028228,16,1,8,1325,1,2,1,1,6.0,51055,M,4926993.0,404894.0,51
201600028229,16,1,9,1030,1,2,1,2,4.0,51454,M,4927794.0,402691.0,51
201600028230,16,1,10,1930,5,2,2,2,3.0,51454,M,4924348.0,401557.0,51
201600028231,16,1,11,725,3,2,1,2,7.0,51474,M,4928072.0,399916.0,51
201600028232,16,1,11,1705,2,2,1,8,6.0,51454,M,4926077.0,403090.0,51
201600028233,16,1,12,1200,1,2,1,1,6.0,51454,M,4924661.0,401000.0,51
201600028234,16,1,12,1600,1,2,5,1,6.0,51454,M,4927738.0,401077.0,51
201600028235,16,1,13,1225,1,2,1,1,3.0,51055,M,4928318.0,405661.0,51
201600028236,16,1,14,1730,5,2,1,1,6.0,51454,M,4922966.0,400797.0,51
201600028237,16,1,18,845,1,2,1,1,6.0,51454,M,4927615.0,402223.0,51
201600028238,16,1,18,1610,1,2,2,1,3.0,51454,M,4929045.0,402413.0,51
201600028239,16,1,20,750,5,2,5,1,1.0,51454,M,4925535.0,404636.0,51
201600028240,16,1,20,1700,1,2,6,1,2.0,51454,M,4924180.0,401740.0,51
201600028241,16,1,20,1800,5,2,1,1,3.0,51454,M,4925807.0,405607.0,51
201600028242,16,1,27,925,1,2,2,2,3.0,51454,M,4925254.0,402233.0,51
201600028243,16,1,28,1020,1,2,1,1,1.0,51454,M,4927020.0,402215.0,51
201600028244,16,1,30,1135,1,2,1,3,1.0,51454,M,4922605.0,402158.0,51
201600028245,16,1,30,1930,5,2,1,1,2.0,51454,M,4926732.0,400152.0,51
201600028246,16,2,3,1615,1,2,6,2,6.0,51172,M,4921610.0,405760.0,51
201600028247,16,2,4,652,5,2,1,1,6.0,51454,M,4927209.0,400985.0,51
201600028248,16,2,4,1812,5,2,1,3,6.0,51573,M,4924807.0,399650.0,51
201600028249,16,2,5,1400,1,1,1,1,4.0,51454,M,4925991.0,400882.0,51
201600028250,16,2,5,1810,5,2,5,1,3.0,51454,M,4926287.0,400384.0,51
201600028251,16,2,5,1225,1,2,1,1,2.0,51454,M,4925913.0,401473.0,51
201600028252,16,2,9,1240,1,2,1,1,6.0,51454,M,4926388.0,405750.0,51
201600028253,16,2,9,1900,5,2,1,1,3.0,51454,M,4925418.0,401742.0,51
201600028254,16,2,10,1355,1,2,1,2,4.0,51454,M,4925523.0,401577.0,51
201600028255,16,2,11,1040,1,2,1,1,2.0,51454,M,4924457.0,403273.0,51
201600028256,16,2,12,1825,2,2,3,2,6.0,51454,M,4927722.0,401606.0,51
201600028257,16,2,14,2005,5,2,1,1,2.0,51454,M,4925203.0,402930.0,51
201600028258,16,2,13,1305,1,2,1,2,2.0,51454,M,4921414.0,401642.0,51
201600028259,16,2,15,1235,1,2,3,1,1.0,51454,M,4927886.0,402698.0,51
201600028260,16,2,16,1248,1,2,2,1,1.0,51454,M,4922572.0,402055.0,51
201600028261,16,2,18,1900,5,2,1,2,6.0,51454,M,4927996.0,402140.0,51
201600028262,16,2,19,1330,1,1,1,1,6.0,51454,M,4926017.0,405650.0,51
201600028263,16,2,20,935,1,2,1,2,6.0,51454,M,4925497.0,405485.0,51
201600028264,16,2,23,1220,1,2,7,1,1.0,51454,M,4924390.0,404555.0,51
201600028265,16,2,23,1545,1,2,2,1,6.0,51454,M,4925260.0,402229.0,51
201600028266,16,2,26,620,5,2,2,1,6.0,51454,M,4924176.0,403601.0,51
201600028267,16,2,26,655,5,2,6,1,6.0,51454,M,4923240.0,403310.0,51
201600028268,16,2,29,1935,1,1,2,1,2.0,51454,M,4923611.0,402609.0,51
201600028269,16,3,2,825,1,2,2,2,6.0,51454,M,4924750.0,403378.0,51
201600028270,16,3,3,755,1,2,1,1,2.0,51454,M,4926164.0,402031.0,51
201600028271,16,3,5,1350,1,2,6,1,3.0,51454,M,4926460.0,401020.0,51
201600028272,16,3,7,1210,1,2,1,1,6.0,51454,M,4926432.0,401872.0,51
201600028273,16,3,7,1750,1,2,2,2,6.0,51454,M,4927330.0,401471.0,51
201600028274,16,3,8,1620,1,2,3,1,3.0,51454,M,4924785.0,404387.0,51
201600028275,16,3,10,1045,1,2,3,1,2.0,51454,M,4923415.0,401403.0,51
201600028276,16,3,10,1330,1,2,2,1,3.0,51454,M,4925726.0,406299.0,51
201600028277,16,3,11,1420,1,2,1,1,4.0,51454,M,4925544.0,402336.0,51
201600028278,16,3,11,1710,1,2,1,1,2.0,51454,M,4924936.0,402447.0,51
201600028279,16,3,12,1100,1,2,1,1,2.0,51454,M,4926380.0,403252.0,51
201600028280,16,3,13,1430,1,1,1,1,6.0,51454,M,4923382.0,407941.0,51
201600028281,16,3,14,1325,1,2,1,1,6.0,51454,M,4922725.0,403286.0,51
201600028282,16,3,14,1615,1,2,6,1,2.0,51454,M,4922017.0,402055.0,51
201600028283,16,3,16,1000,1,2,2,1,3.0,51058,M,4921626.0,400214.0,51
201600028284,16,3,17,305,5,2,1,1,6.0,51454,M,4924397.0,404284.0,51
201600028285,16,3,17,1115,1,2,1,1,3.0,51454,M,4925692.0,403808.0,51
201600028286,16,3,19,2220,5,2,2,1,6.0,51454,M,4927207.0,401260.0,51
201600028287,16,3,19,2030,5,2,3,1,1.0,51454,M,4924047.0,403289.0,51
201600028288,16,3,24,845,1,2,2,1,6.0,51454,M,4926014.0,404720.0,51
201600028289,16,3,24,1425,1,2,2,1,6.0,51454,M,4925102.0,404087.0,51
201600028290,16,3,25,1020,1,1,2,1,3.0,51058,M,4922145.0,400120.0,51
201600028291,16,3,25,1715,1,2,1,1,6.0,51454,M,4927833.0,400422.0,51
201600028292,16,3,30,1220,1,1,3,1,3.0,51454,M,4926736.0,402696.0,51
201600028293,16,4,1,2340,5,2,2,1,3.0,51454,M,4925711.0,403439.0,51
201600028294,16,4,4,1730,1,2,1,1,6.0,51454,M,4928108.0,401839.0,51
201600028295,16,4,6,900,1,2,2,1,3.0,51454,M,4926691.0,401620.0,51
201600028296,16,4,6,1350,1,2,2,1,3.0,51058,M,4921629.0,400204.0,51
201600028297,16,4,6,1655,1,2,2,1,1.0,51454,M,4926722.0,405101.0,51
201600028298,16,4,11,1655,1,2,1,1,6.0,51454,M,4922216.0,402759.0,51
201600028299,16,4,12,1115,1,1,1,1,3.0,51454,M,4925683.0,402292.0,51
201600028300,16,4,16,1035,1,2,6,1,6.0,51454,M,4925769.0,403878.0,51
201600028301,16,4,16,1930,1,2,1,2,6.0,51454,M,4924974.0,402609.0,51
201600028302,16,4,14,1213,1,2,1,1,2.0,51454,M,4924669.0,402982.0,51
201600028303,16,4,18,1855,1,2,2,1,3.0,51454,M,4926386.0,401797.0,51
201600028304,16,4,20,1815,1,1,1,7,5.0,51454,M,4921817.0,402684.0,51
201600028305,16,4,20,1900,1,2,6,1,2.0,51454,M,4921374.0,401579.0,51
201600028306,16,4,18,1125,1,2,1,1,4.0,51454,M,4928609.0,400846.0,51
201600028307,16,4,21,1500,1,2,2,1,1.0,51454,M,4925933.0,402044.0,51
201600028308,16,4,15,1630,1,2,1,1,2.0,51454,M,4926416.0,402719.0,51
201600028309,16,4,22,2000,1,2,2,1,3.0,51454,M,4926131.0,401874.0,51
201600028310,16,4,23,1550,1,2,2,1,1.0,51454,M,4927339.0,401489.0,51
201600028311,16,4,24,1900,1,2,1,1,3.0,51454,M,4925524.0,403083.0,51
201600028312,16,4,25,900,1,2,1,2,6.0,51454,M,4926210.0,405232.0,51
201600028313,16,4,25,900,1,2,3,1,3.0,51454,M,4922399.0,401788.0,51
201600028314,16,4,26,1436,1,2,2,8,3.0,51454,M,4926034.0,402229.0,51
201600028315,16,4,27,420,5,2,1,1,3.0,51454,M,4926315.0,404070.0,51
201600028316,16,4,27,1550,1,2,1,2,6.0,51454,M,4923403.0,399894.0,51
201600028317,16,4,27,1755,1,2,1,1,6.0,51454,M,4924731.0,401762.0,51
201600028318,16,4,30,1935,1,2,1,1,2.0,51454,M,4926993.0,403005.0,51
201600028319,16,5,1,1500,1,2,1,1,2.0,51454,M,4923652.0,404232.0,51
201600028320,16,5,1,1940,1,2,1,1,6.0,51573,M,4924548.0,400153.0,51
201600028321,16,5,1,2115,2,1,1,1,6.0,51454,M,4926849.0,402363.0,51
201600028322,16,5,3,1550,1,2,2,1,2.0,51454,M,4925141.0,404196.0,51
201600028323,16,5,4,1110,1,2,3,1,1.0,51454,M,4922591.0,402926.0,51
201600028324,16,5,5,5,5,2,1,1,6.0,51454,M,4925860.0,404270.0,51
201600028325,16,5,10,1525,1,2,3,2,3.0,51454,M,4924960.0,404279.0,51
201600028326,16,5,10,1845,1,2,1,1,1.0,51454,M,4924906.0,401541.0,51
201600028327,16,5,11,1800,1,2,3,1,6.0,51454,M,4921097.0,402622.0,51
201600028328,16,5,14,1245,1,2,6,1,4.0,51573,M,4925390.0,397465.0,51
201600028329,16,5,14,1407,1,2,1,1,2.0,51172,M,4921300.0,404969.0,51
201600028330,16,5,15,1445,1,2,3,1,3.0,51454,M,4921597.0,402831.0,51
201600028331,16,5,17,1615,1,2,3,1,3.0,51454,M,4922215.0,410665.0,51
201600028332,16,5,17,1745,1,2,1,1,3.0,51454,M,4926200.0,402623.0,51
201600028333,16,5,18,740,1,2,3,1,2.0,51454,M,4922996.0,406114.0,51
201600028334,16,5,19,1200,1,2,7,1,3.0,51454,M,4925534.0,403371.0,51
201600028335,16,5,19,1740,1,2,1,1,4.0,51454,M,4925598.0,402173.0,51
201600028336,16,5,20,1720,1,2,1,1,6.0,51454,M,4925290.0,403747.0,51
201600028337,16,5,21,2100,2,2,3,1,5.0,51454,M,4924920.0,401656.0,51
201600028338,16,5,22,850,1,2,6,3,3.0,51454,M,4924230.0,402461.0,51
201600028339,16,5,23,1540,1,2,1,2,3.0,51454,M,4922761.0,402792.0,51
201600028340,16,5,25,1000,1,2,1,1,6.0,51454,M,4925756.0,405915.0,51
201600028341,16,5,25,2240,5,2,2,1,3.0,51454,M,4924911.0,403697.0,51
201600028342,16,5,26,815,1,2,2,1,6.0,51454,M,4924749.0,403373.0,51
201600028343,16,5,26,1245,1,2,2,1,3.0,51454,M,4925709.0,403439.0,51
201600028344,16,5,27,825,1,2,1,1,6.0,51454,M,4927348.0,402663.0,51
201600028345,16,5,28,1655,1,2,1,1,6.0,51454,M,4922527.0,400947.0,51
201600028346,16,5,28,2105,2,2,2,1,3.0,51454,M,4924873.0,403246.0,51
201600028347,16,5,30,650,1,2,2,2,1.0,51454,M,4923045.0,402716.0,51
201600028348,16,5,30,1345,1,2,2,3,3.0,51454,M,4927206.0,401276.0,51
201600028349,16,5,31,915,1,2,1,2,6.0,51454,M,4924592.0,401792.0,51
201600028350,16,5,31,1200,1,2,1,2,6.0,51172,M,4922000.0,406388.0,51
201600028351,16,5,31,1730,1,2,1,1,2.0,51454,M,4924093.0,405314.0,51
201600028352,16,6,3,1500,1,2,1,1,3.0,51454,M,4927536.0,401764.0,51
201600028353,16,6,8,1110,1,1,1,1,5.0,51454,M,4927653.0,401667.0,51
201600028354,16,6,8,1650,1,2,1,2,5.0,51454,M,4924379.0,404995.0,51
201600028355,16,6,10,15,4,1,1,1,6.0,51454,M,4921263.0,400920.0,51
201600028356,16,6,10,2320,5,2,2,1,3.0,51454,M,4926564.0,402074.0,51
201600028357,16,6,14,750,1,2,1,1,4.0,51454,M,4924865.0,404401.0,51
201600028358,16,6,20,2300,5,2,6,2,6.0,51454,M,4924191.0,401776.0,51
201600028359,16,6,21,750,1,2,1,1,4.0,51454,M,4925078.0,405287.0,51
201600028360,16,6,21,2232,5,2,1,2,1.0,51454,M,4926245.0,402876.0,51
201600028361,16,6,23,930,1,2,1,1,6.0,51454,M,4927723.0,401607.0,51
201600028362,16,6,23,2200,4,2,6,1,3.0,51454,M,4923221.0,403332.0,51
201600028363,16,6,26,1945,1,2,2,1,6.0,51454,M,4925135.0,404171.0,51
201600028364,16,6,27,1210,1,2,3,1,3.0,51454,M,4926202.0,402599.0,51
201600028365,16,6,28,1315,1,2,1,1,6.0,51454,M,4925965.0,405640.0,51
201600028366,16,6,29,1130,1,2,1,1,2.0,51454,M,4927080.0,406914.0,51
201600028367,16,7,1,1100,1,2,9,1,6.0,51454,M,4926011.0,406560.0,51
201600028368,16,7,2,2100,1,2,1,1,3.0,51454,M,4925196.0,404356.0,51
201600028369,16,7,13,1745,1,2,6,1,3.0,51454,M,4926752.0,403721.0,51
201600028370,16,7,18,2015,1,2,3,1,2.0,51454,M,4923586.0,404745.0,51
201600028371,16,7,23,800,1,2,2,1,3.0,51454,M,4925606.0,405546.0,51
201600028372,16,7,25,1155,1,2,1,1,6.0,51454,M,4923619.0,404282.0,51
201600028373,16,7,30,2340,5,2,2,1,3.0,51454,M,4926908.0,402958.0,51