Num_Acc,an,mois,jour,hrmn,lum,agg,int,atm,col,com,gps,lat,long,dep
201600028374,16,8,2,1620,1,1,1,2,6.0,51454,M,4922804.0,403798.0,51
201600028375,16,8,3,2010,1,2,1,1,3.0,51172,M,4921318.0,405084.0,51
201600028376,16,8,4,955,1,2,5,2,3.0,51454,M,4924345.0,404359.0,51
201600028377,16,8,9,1745,1,2,6,1,6.0,51454,M,4922038.0,402074.0,51
201600028378,16,8,10,945,1,2,1,1,2.0,51454,M,4925206.0,403157.0,51
201600028379,16,8,12,1535,1,2,2,1,6.0,51454,M,4925496.0,404030.0,51
201600028380,16,8,12,1747,1,2,2,1,2.0,51454,M,4925742.0,404499.0,51
201600028381,16,8,12,1940,1,2,2,1,1.0,51454,M,4925810.0,405609.0,51
201600028382,16,8,12,1945,1,2,2,1,3.0,51454,M,4924398.0,402745.0,51
201600028383,16,8,15,1540,1,2,2,1,3.0,51454,M,4925932.0,402045.0,51
201600028384,16,8,15,1650,1,2,4,1,3.0,51454,M,4926251.0,405692.0,51
201600028385,16,8,15,1705,1,2,6,1,2.0,51573,M,4925400.0,397446.0,51
201600028386,16,8,16,1840,1,2,1,1,6.0,51454,M,4927095.0,401118.0,51
201600028387,16,8,17,1000,1,2,3,1,1.0,51454,M,4924345.0,403407.0,51
201600028388,16,8,17,1335,1,2,1,1,6.0,51454,M,4924691.0,404406.0,51
201600028389,16,8,21,1740,1,2,2,1,3.0,51454,M,4927679.0,403014.0,51
201600028390,16,8,21,2115,2,1,1,1,1.0,51454,M,4926296.0,405713.0,51
201600028391,16,8,24,800,1,2,1,1,6.0,51454,M,4927001.0,401117.0,51
201600028392,16,8,24,1050,1,2,1,1,2.0,51454,M,4922327.0,403690.0,51
201600028393,16,8,24,1350,1,2,1,1,2.0,51454,M,4927631.0,401689.0,51
201600028394,16,8,26,902,1,2,1,1,2.0,51454,M,4924252.0,402359.0,51
201600028395,16,8,26,1000,1,2,2,1,2.0,51454,M,4924609.0,403085.0,51
201600028396,16,8,26,1530,1,2,2,1,3.0,51454,M,4926351.0,405689.0,51
201600028397,16,8,27,2005,1,1,1,1,1.0,51454,M,4923606.0,400566.0,51
201600028398,16,8,28,1950,1,2,3,1,2.0,51454,M,4925595.0,405701.0,51
201600028399,16,8,30,1915,1,2,2,1,1.0,51454,M,4926540.0,404260.0,51
201600028400,16,9,1,810,1,2,1,1,2.0,51454,M,4925139.0,404179.0,51
201600028401,16,9,1,2039,5,2,1,1,2.0,51454,M,4923283.0,400586.0,51
201600028402,16,9,2,1710,1,2,1,1,7.0,51454,M,4927347.0,401940.0,51
201600028403,16,9,2,2045,2,2,1,1,6.0,51454,M,4923142.0,405494.0,51
201600028404,16,9,5,920,1,2,1,2,6.0,51454,M,4925889.0,402090.0,51
201600028405,16,9,5,1400,1,1,1,1,3.0,51474,M,4928145.0,400486.0,51
201600028406,16,9,7,1715,1,2,2,1,6.0,51454,M,4924629.0,401848.0,51
201600028407,16,9,8,1940,1,2,1,1,6.0,51454,M,4924629.0,401848.0,51
201600028408,16,9,7,1830,1,2,2,1,6.0,51454,M,4926720.0,404486.0,51
201600028409,16,9,10,815,1,2,2,1,3.0,51454,M,4924629.0,403908.0,51
201600028410,16,9,13,1700,1,2,4,1,2.0,51454,M,4924229.0,403085.0,51
201600028411,16,9,13,1935,1,2,3,1,3.0,51454,M,4922816.0,403580.0,51
201600028412,16,9,14,1710,1,2,2,1,6.0,51454,M,4928656.0,400802.0,51
201600028413,16,9,14,1845,1,2,4,1,4.0,51454,M,4924290.0,404542.0,51
201600028414,16,9,16,1815,1,2,1,2,3.0,51454,M,4923139.0,405492.0,51
201600028415,16,9,17,940,1,2,3,1,3.0,51172,M,4922373.0,404779.0,51
201600028416,16,9,18,1945,2,2,2,1,3.0,51454,M,4924654.0,405896.0,51
201600028417,16,9,19,1230,1,1,1,1,2.0,51454,M,4928132.0,401081.0,51
201600028418,16,9,20,1300,1,2,2,1,3.0,51454,M,4925190.0,402895.0,51
201600028419,16,9,20,1715,1,2,1,1,1.0,51454,M,4926087.0,403456.0,51
201600028420,16,9,21,1800,1,2,1,1,3.0,51454,M,4927634.0,402420.0,51
201600028421,16,9,21,2130,5,1,1,1,7.0,51454,M,4926030.0,404741.0,51
201600028422,16,9,23,700,5,2,1,1,6.0,51172,M,4922454.0,404577.0,51
201600028423,16,9,23,1405,1,2,1,1,6.0,51454,M,4924600.0,401823.0,51
201600028424,16,9,24,1920,1,2,2,1,3.0,51454,M,4926058.0,404818.0,51
201600028425,16,9,24,2000,2,2,1,1,6.0,51454,M,4925770.0,403880.0,51
201600028426,16,9,26,1215,1,2,3,1,1.0,51454,M,4925903.0,403986.0,51
201600028427,16,9,26,1300,1,2,7,1,3.0,51454,M,4924091.0,404436.0,51
201600028428,16,9,27,2030,5,2,1,1,1.0,51454,M,4924600.0,401823.0,51
201600028429,16,9,29,840,1,2,1,1,2.0,51454,M,4926299.0,401654.0,51
201600028430,16,9,29,840,1,2,2,1,5.0,51454,M,4922878.0,407116.0,51
201600028431,16,9,28,1823,1,2,1,1,6.0,51454,M,4926079.0,404879.0,51
201600028432,16,9,29,1220,1,2,1,1,3.0,51454,M,4927614.0,401820.0,51
201600028433,16,9,29,1800,1,2,1,1,6.0,51454,M,4925520.0,406067.0,51
201600028434,16,10,1,1545,1,2,1,1,3.0,51454,M,4925035.0,403453.0,51
201600028435,16,10,5,855,1,2,1,1,6.0,51172,M,4921960.0,404242.0,51
201600028436,16,10,5,1350,1,2,3,1,1.0,51454,M,4923312.0,401440.0,51
201600028437,16,10,5,1420,1,2,3,1,3.0,51454,M,4924179.0,403619.0,51
201600028438,16,10,5,1820,1,2,1,1,2.0,51454,M,4928225.0,401245.0,51
201600028439,16,10,6,1035,1,2,1,1,1.0,51454,M,4926478.0,401050.0,51
201600028440,16,10,6,1200,1,2,1,1,3.0,51454,M,4923659.0,404372.0,51
201600028441,16,10,6,1805,1,2,2,1,3.0,51058,M,4921371.0,400630.0,51
201600028442,16,10,6,2055,5,2,3,1,3.0,51454,M,4923800.0,403938.0,51
201600028443,16,10,8,1410,1,2,1,1,3.0,51454,M,4925868.0,404284.0,51
201600028444,16,10,8,2010,5,2,2,1,6.0,51454,M,4925147.0,402799.0,51
201600028445,16,10,10,540,5,2,1,1,2.0,51454,M,4923779.0,406611.0,51
201600028446,16,10,10,745,1,2,2,1,3.0,51454,M,4925548.0,404643.0,51
201600028447,16,10,10,2100,5,2,1,1,6.0,51454,M,4925097.0,404079.0,51
201600028448,16,10,13,838,1,2,1,1,4.0,51454,M,4922929.0,403226.0,51
201600028449,16,10,13,1830,2,2,3,8,3.0,51454,M,4927195.0,402639.0,51
201600028450,16,10,14,1830,1,2,1,2,6.0,51454,M,4926539.0,406105.0,51
201600028451,16,10,14,2245,5,2,2,2,6.0,51454,M,4925445.0,402538.0,51
201600028452,16,10,15,1730,1,2,1,1,6.0,51454,M,4925485.0,402630.0,51
201600028453,16,10,15,1825,1,2,3,1,1.0,51573,M,4924780.0,400673.0,51
201600028454,16,10,17,840,1,2,2,1,6.0,51454,M,4927746.0,401060.0,51
201600028455,16,10,18,1750,2,2,1,1,6.0,51454,M,4922368.0,402779.0,51
201600028456,16,10,19,1100,1,2,1,1,6.0,51454,M,4926977.0,406982.0,51
201600028457,16,10,19,2030,5,2,1,1,2.0,51454,M,4925758.0,406342.0,51
201600028458,16,10,20,1815,1,2,1,2,2.0,51454,M,4928431.0,400999.0,51
201600028459,16,10,21,1430,1,2,3,1,2.0,51454,M,4924075.0,405267.0,51
201600028460,16,10,21,1055,1,2,1,1,3.0,51454,M,4924060.0,404793.0,51
201600028461,16,10,26,920,1,2,1,8,2.0,51454,M,4922663.0,403443.0,51
201600028462,16,10,26,1315,1,2,1,1,6.0,51454,M,4928140.0,403306.0,51
201600028463,16,10,27,1550,1,2,3,1,3.0,51454,M,4925517.0,401588.0,51
201600028464,16,10,27,1815,1,1,1,1,7.0,51454,M,4927119.0,403648.0,51
201600028465,16,10,28,1815,2,2,1,1,6.0,51454,M,4923221.0,402341.0,51
201600028466,16,10,28,2010,3,2,1,1,6.0,51454,M,4925684.0,402291.0,51
201600028467,16,11,2,1820,5,2,2,1,2.0,51454,M,4925498.0,404035.0,51
201600028468,16,11,3,1253,1,2,6,1,6.0,51454,M,4922865.0,403720.0,51
201600028469,16,11,3,1715,2,2,2,1,3.0,51454,M,4926019.0,404716.0,51
201600028470,16,11,4,1035,1,2,6,1,3.0,51172,M,4921734.0,405926.0,51
201600028471,16,11,4,1745,5,2,1,2,6.0,51454,M,4924832.0,401118.0,51
201600028472,16,11,10,1325,1,2,1,1,6.0,51454,M,4926071.0,404094.0,51
201600028473,16,11,10,1715,3,2,2,2,6.0,51454,M,4926233.0,400974.0,51
201600028474,16,11,10,1750,5,2,1,1,6.0,51454,M,4928446.0,402756.0,51
201600028475,16,11,13,1455,1,2,1,8,2.0,51454,M,4923359.0,403918.0,51
201600028476,16,11,14,815,1,2,2,1,6.0,51454,M,4925435.0,403721.0,51
201600028477,16,11,16,1530,1,2,1,2,6.0,51454,M,4925071.0,401544.0,51
201600028478,16,11,15,1930,5,2,3,2,3.0,51454,M,4923398.0,403978.0,51
201600028479,16,11,16,1630,2,2,1,1,4.0,51454,M,4927317.0,406091.0,51
201600028480,16,11,16,1800,5,2,1,1,4.0,51454,M,4922205.0,402301.0,51
201600028481,16,11,17,1612,1,2,6,1,1.0,51454,M,4926481.0,400997.0,51
201600028482,16,11,18,1015,1,2,1,1,3.0,51454,M,4928323.0,401104.0,51
201600028483,16,11,19,1400,1,2,1,1,3.0,51454,M,4924781.0,404746.0,51
201600028484,16,11,20,905,1,2,2,2,6.0,51454,M,4925327.0,405422.0,51
201600028485,16,11,22,1403,1,2,2,1,6.0,51454,M,4925640.0,403655.0,51
201600028486,16,11,23,1910,5,2,2,8,2.0,51454,M,4926928.0,403301.0,51
201600028487,16,11,25,940,1,2,2,1,2.0,51454,M,4923976.0,402113.0,51
201600028488,16,11,27,1530,1,1,3,1,3.0,51454,M,4923130.0,403428.0,51
201600028489,16,11,28,1820,5,2,2,1,3.0,51454,M,4925712.0,403441.0,51
201600028490,16,11,29,1320,1,2,3,1,3.0,51454,M,4922633.0,402282.0,51
201600028491,16,11,30,1355,1,2,1,1,3.0,51454,M,4926212.0,406095.0,51
201600028492,16,11,30,1510,1,2,1,7,6.0,51454,M,4926044.0,406599.0,51
201600028493,16,12,1,757,1,2,2,1,6.0,51454,M,4924682.0,404420.0,51
201600028494,16,12,2,1610,1,2,2,1,3.0,51454,M,4927236.0,402026.0,51
201600028495,16,12,2,1745,5,2,3,1,1.0,51454,M,4923812.0,401377.0,51
201600028496,16,12,3,1340,1,2,2,1,1.0,51454,M,4924825.0,405881.0,51
201600028497,16,12,8,2015,5,2,2,1,6.0,51454,M,4925928.0,402040.0,51
201600028498,16,12,10,1320,1,2,9,1,6.0,51454,M,4925434.0,406155.0,51
201600028499,16,12,10,1535,1,2,2,1,2.0,51454,M,4926560.0,403887.0,51
201600028500,16,12,10,1415,1,2,2,1,3.0,51454,M,4924609.0,403088.0,51
201600028501,16,12,12,1520,1,2,2,8,3.0,51454,M,4925020.0,403880.0,51
201600028502,16,12,13,1610,1,1,2,1,3.0,51454,M,4925073.0,402832.0,51
201600028503,16,12,13,1020,1,2,3,1,6.0,51454,M,4924650.0,401640.0,51
201600028504,16,12,15,1900,5,2,1,1,3.0,51454,M,4924830.0,401051.0,51
201600028505,16,12,17,2023,5,2,1,5,3.0,51454,M,4924827.0,401090.0,51
201600028506,16,12,20,1800,5,2,3,1,5.0,51454,M,4927246.0,401599.0,51
201600028507,16,12,22,1030,1,2,1,2,6.0,51454,M,4924960.0,404250.0,51
201600028508,16,12,22,1215,1,2,1,2,2.0,51454,M,4925927.0,402834.0,51
201600028509,16,12,23,1620,1,2,1,1,6.0,51474,M,4925884.0,399506.0,51
201600028510,16,12,23,1800,5,2,1,1,4.0,51454,M,4927492.0,405469.0,51
201600028511,16,12,14,1800,5,2,3,1,3.0,52121,M,4812133.0,513775.0,52
201600028512,16,10,22,2000,5,2,3,1,3.0,52121,M,4810693.0,514104.0,52
201600028513,16,11,7,1130,1,2,6,7,2.0,52121,M,4811650.0,514033.0,52
201600028514,16,11,26,225,5,2,1,2,6.0,52121,M,4810673.0,514943.0,52
201600028515,16,2,29,1330,1,2,2,1,3.0,52121,M,4810013.0,514986.0,52
201600028516,16,3,20,1940,5,2,1,1,6.0,52121,M,4811408.0,514302.0,52
201600028517,16,3,25,1445,1,2,2,2,3.0,52121,M,4809869.0,514700.0,52
201600028518,16,4,13,1429,1,2,3,1,6.0,52121,M,4811105.0,513980.0,52
201600028519,16,4,16,1725,1,1,1,1,6.0,52121,M,4808513.0,510783.0,52
201600028520,16,4,20,1700,1,2,3,1,5.0,52121,M,4811305.0,514394.0,52
201600028521,16,4,26,1350,1,2,2,2,3.0,52121,M,4810447.0,512988.0,52
201600028522,16,4,29,1630,1,2,3,1,6.0,52121,M,4809836.0,514519.0,52
201600028523,16,6,9,1945,1,2,2,1,6.0,52121,M,4811351.0,514776.0,52
201600028524,16,6,9,1335,1,2,1,1,7.0,52121,M,4808644.0,514620.0,52
201600028525,16,6,23,735,1,1,1,1,6.0,52121,M,4812770.0,509223.0,52
201600028526,16,7,6,725,1,2,3,1,6.0,52121,M,4811733.0,514055.0,52
201600028527,16,7,7,1240,1,2,3,1,6.0,52121,M,4810797.0,514075.0,52
201600028528,16,7,9,1610,1,1,1,1,6.0,52121,M,4811686.0,512136.0,52
201600028529,16,9,19,1810,1,2,3,1,2.0,52121,M,4811312.0,514405.0,52
201600028530,16,8,24,1407,1,2,1,1,6.0,52121,M,4809291.0,513697.0,52
201600028531,16,9,1,1240,1,2,1,1,6.0,52121,M,4810000.0,514485.0,52
201600028532,16,9,12,1740,1,2,1,1,1.0,52121,M,4811751.0,515500.0,52
201600028533,16,9,27,715,2,2,2,1,6.0,52121,M,4809912.0,515324.0,52
201600028534,16,9,30,1705,1,1,1,1,6.0,52121,M,4812779.0,519091.0,52
201600028535,16,1,31,1530,1,2,1,2,6.0,52448,M,4863626.0,497322.0,52
201600028536,16,3,11,1430,1,2,1,1,6.0,52448,M,4864552.0,496726.0,52
201600028537,16,3,13,1500,1,2,3,1,6.0,52448,M,4864115.0,497109.0,52
201600028538,16,5,23,830,1,1,3,1,6.0,52448,M,4863569.0,495671.0,52
201600028539,16,4,30,705,1,2,1,1,7.0,52448,M,4862887.0,497164.0,52
201600028540,16,6,29,2000,1,2,1,1,1.0,52448,M,4864430.0,497076.0,52
201600028541,16,8,17,1850,1,2,3,1,3.0,52448,M,4865276.0,493513.0,52
201600028542,16,9,29,1855,1,2,6,1,6.0,52448,M,4862714.0,497217.0,52
201600028543,16,1,8,1934,5,2,1,1,6.0,53130,M,4806330.0,-78023.0,53
201600028544,16,1,16,1130,1,1,1,4,3.0,53130,M,4808534.0,-79182.0,53
201600028545,16,2,3,1005,1,2,3,1,3.0,53130,M,4807435.0,-75374.0,53
201600028546,16,3,24,1215,1,2,2,1,6.0,53130,M,4807559.0,-78502.0,53
201600028547,16,4,1,1620,1,2,1,1,6.0,53130,M,4805982.0,-76335.0,53
201600028548,16,1,18,1145,1,2,1,1,6.0,53130,M,4806181.0,-75006.0,53
201600028549,16,5,4,2030,1,2,6,1,7.0,53201,M,4806857.0,-80347.0,53
201600028550,16,5,18,1240,1,2,1,1,3.0,53130,M,4806701.0,-76014.0,53
201600028551,16,6,10,1900,1,1,1,3,3.0,53034,M,4804169.0,-72007.0,53
201600028552,16,7,20,1904,1,2,9,1,3.0,53130,M,4806700.0,-76021.0,53
201600028553,16,7,9,212,3,1,1,1,6.0,53201,M,4807084.0,-84688.0,53
201600028554,16,9,8,1305,1,1,1,1,1.0,53054,M,4809852.0,-79151.0,53
201600028555,16,9,29,910,1,2,2,2,6.0,53130,M,4806813.0,-76986.0,53
201600028556,16,9,10,2015,5,2,3,1,3.0,53130,M,4807161.0,-77148.0,53
201600028557,16,10,17,1200,1,2,1,1,6.0,53130,M,4805479.0,-74374.0,53
201600028558,16,11,9,1855,3,1,2,1,6.0,53054,M,4809699.0,-82941.0,53
201600028559,16,11,16,1850,5,2,1,2,6.0,53201,M,4806939.0,-82857.0,53
201600028560,16,11,10,1825,5,2,3,1,3.0,53130,M,4806476.0,-78832.0,53
201600028561,16,11,2,755,2,2,3,1,3.0,53130,M,4805430.0,-76573.0,53
201600028562,16,11,29,800,2,2,1,1,6.0,53130,M,4805621.0,-74390.0,53
201600028563,16,12,7,745,1,2,3,1,3.0,53130,M,4807122.0,-76356.0,53
201600028564,16,3,3,1300,1,2,1,2,6.0,54280,M,0.0,0.0,54
201600028565,16,4,4,2148,5,2,1,2,6.0,54391,M,0.0,0.0,54
201600028566,16,1,27,1115,1,2,1,1,6.0,54099,M,,,54
201600028567,16,5,29,630,3,1,1,1,1.0,54036,M,4927717.0,595931.0,54
201600028568,16,5,8,1050,1,2,1,1,6.0,54028,M,0.0,0.0,54
201600028569,16,5,21,1513,1,2,1,1,7.0,54280,M,4922363.0,600801.0,54
201600028570,16,7,1,1046,1,1,1,1,1.0,54341,M,0.0,0.0,54
201600028571,16,6,26,2109,2,1,1,1,3.0,54036,M,0.0,0.0,54
201600028572,16,8,23,1810,1,2,1,1,6.0,54028,M,0.0,0.0,54
201600028573,16,9,10,929,1,2,1,1,7.0,54099,M,4925000.0,594000.0,54
201600028574,16,10,8,1839,2,2,1,1,5.0,54280,M,4923081.0,600932.0,54
201600028575,16,10,30,1510,1,2,1,1,3.0,54028,M,4921000.0,597000.0,54
201600028576,16,11,7,1510,1,2,1,1,4.0,54280,M,4922000.0,601000.0,54
201600028577,16,11,11,1434,1,1,1,1,1.0,54036,M,4929000.0,599000.0,54
201600028578,16,12,13,852,2,1,1,8,5.0,54341,M,4926000.0,590000.0,54
201600028579,16,5,31,1340,1,2,6,1,6.0,54273,M,4915637.0,588355.0,54
201600028580,16,8,13,1945,2,1,1,1,3.0,54469,M,4917575.0,599822.0,54
201600028581,16,8,23,1820,1,2,9,1,1.0,54273,M,0.0,0.0,54
201600028582,16,8,29,811,1,2,1,7,6.0,54273,M,4915591.0,588550.0,54
201600028583,16,10,25,1827,1,1,1,1,3.0,54273,M,,,54
201600028584,16,10,29,1120,1,1,1,1,1.0,54051,M,4916890.0,595999.0,54
201600028585,16,12,16,1610,1,2,1,1,3.0,54286,M,4917192.0,587765.0,54
201600028586,16,1,8,708,5,2,2,2,6.0,54159,M,4862386.0,634959.0,54
201600028587,16,1,26,1750,2,2,3,2,6.0,54483,M,4862988.0,629975.0,54
201600028588,16,2,9,1155,1,2,3,2,6.0,54159,M,4861643.0,635253.0,54
201600028589,16,9,4,15,5,2,3,1,3.0,54549,M,4863632.0,631156.0,54
201600028590,16,11,15,1730,2,2,2,8,6.0,54483,M,,,54
201600028591,16,10,12,2110,3,1,1,1,2.0,54382,M,4954918.0,579388.0,54
201600028592,16,10,8,400,5,1,1,1,6.0,54493,M,4953084.0,582017.0,54
201600028593,16,10,25,830,2,1,1,1,7.0,54254,M,4951538.0,579969.0,54
201600028594,16,1,5,930,1,2,2,1,3.0,54323,M,0.0,0.0,54
201600028595,16,12,2,1100,1,2,1,1,3.0,54382,M,4955094.0,578842.0,54
201600028596,16,12,7,730,1,2,1,1,6.0,54323,M,4952075.0,576061.0,54
201600028597,16,1,28,1320,1,2,1,1,3.0,54382,M,0.0,0.0,54
201600028598,16,11,17,1655,1,1,1,1,6.0,54323,M,4951705.0,576573.0,54
201600028599,16,1,28,1430,1,2,1,1,6.0,54323,M,,,54
201600028600,16,11,19,1415,1,2,1,1,2.0,54382,M,4954575.0,578232.0,54
201600028601,16,2,26,625,5,2,1,1,6.0,54321,M,0.0,0.0,54
201600028602,16,2,13,2105,5,1,1,1,7.0,54382,M,4954800.0,579500.0,54
201600028603,16,3,14,1700,1,2,1,1,6.0,54451,M,0.0,0.0,54
201600028604,16,3,9,1630,1,1,1,1,1.0,54382,M,0.0,0.0,54
201600028605,16,3,17,1930,1,1,1,1,1.0,54323,M,0.0,0.0,54
201600028606,16,3,16,825,1,2,1,1,3.0,54321,M,0.0,0.0,54
201600028607,16,4,1,1650,1,1,1,1,4.0,54321,M,,,54
201600028608,16,4,11,1600,1,1,1,1,6.0,54323,M,0.0,0.0,54
201600028609,16,4,13,1305,1,1,1,2,1.0,54321,M,4690000.0,680000.0,54
201600028610,16,4,25,755,1,2,1,1,1.0,54382,M,0.0,0.0,54
201600028611,16,4,24,535,3,1,6,1,2.0,54382,M,0.0,0.0,54
201600028612,16,6,2,705,1,2,1,2,1.0,54321,M,0.0,0.0,54
201600028613,16,6,30,1830,1,2,1,1,2.0,54321,M,0.0,0.0,54
201600028614,16,7,15,30,3,2,1,1,3.0,54321,M,0.0,0.0,54
201600028615,16,8,19,1930,1,2,1,1,3.0,54382,M,4953284.0,576456.0,54
201600028616,16,7,19,630,1,1,1,1,2.0,54321,M,4953826.0,580349.0,54
201600028617,16,7,19,955,1,2,1,1,2.0,54323,M,,,54
201600028618,16,7,30,1130,1,2,1,1,6.0,54382,M,0.0,0.0,54
201600028619,16,7,31,1200,1,1,1,1,7.0,54367,M,0.0,0.0,54
201600028620,16,9,18,805,1,2,1,8,6.0,54323,M,4951949.0,576333.0,54
201600028621,16,10,15,1909,2,2,1,1,3.0,54261,M,4952256.0,579288.0,54
201600028622,16,8,28,130,3,1,1,1,6.0,54323,M,4950000.0,570000.0,54
201600028623,16,9,5,1130,1,2,1,1,7.0,54382,M,4953798.0,578049.0,54
201600028624,16,10,2,1429,1,1,6,8,7.0,54382,M,0.0,0.0,54
201600028625,16,11,23,1856,3,1,1,1,3.0,54493,M,4952225.0,583348.0,54
201600028626,16,12,8,1215,1,2,1,1,4.0,54373,M,4857389.0,652817.0,54
201600028627,16,12,14,935,1,2,2,1,5.0,54329,M,4860844.0,648877.0,54
201600028628,16,2,19,1551,1,1,1,1,5.0,54373,M,4854257.0,657063.0,54
201600028629,16,7,12,1735,1,2,9,1,3.0,54329,M,4858189.0,650438.0,54
201600028630,16,9,11,258,3,2,1,1,6.0,54116,M,4858313.0,653860.0,54
201600028631,16,9,12,1805,1,2,1,1,1.0,54329,M,4859048.0,647646.0,54
201600028632,16,9,16,1750,1,2,1,1,3.0,54329,M,,,54
201600028633,16,9,26,1751,1,2,1,1,7.0,54329,M,4858061.0,651305.0,54
201600028634,16,9,30,1750,1,2,1,2,6.0,54329,M,4858848.0,649829.0,54
201600028635,16,10,1,2229,3,2,1,1,6.0,54281,M,4860793.0,651073.0,54
201600028636,16,10,13,1049,1,1,1,1,1.0,54373,M,4855644.0,655398.0,54
201600028637,16,10,15,801,1,2,2,1,6.0,54329,M,4859126.0,649080.0,54
201600028638,16,10,15,1945,1,2,1,1,6.0,54329,M,4858533.0,648226.0,54
201600028639,16,10,17,1616,1,1,1,1,5.0,54329,M,4861105.0,649186.0,54
201600028640,16,10,31,2228,3,1,1,1,6.0,54373,M,4856885.0,653585.0,54
201600028641,16,11,30,1215,1,2,1,1,6.0,54329,M,4858870.0,648654.0,54
201600028642,16,12,13,830,1,2,1,1,2.0,54395,M,4869864.0,619271.0,54
201600028643,16,12,21,849,1,2,2,1,2.0,54257,M,4865395.0,619768.0,54
201600028644,16,12,17,1430,1,2,1,1,2.0,54304,M,4867763.0,614579.0,54
201600028645,16,12,28,2059,5,2,1,5,4.0,54395,M,4868571.0,619411.0,54
201600028646,16,12,16,1650,5,2,3,1,6.0,54547,M,4866697.0,619222.0,54
201600028647,16,12,30,830,1,2,1,5,6.0,54395,M,4868513.0,618673.0,54
201600028648,16,12,15,930,1,2,1,2,6.0,54395,M,,,54
201600028649,16,1,4,1450,1,2,3,2,3.0,54395,M,,,54
201600028650,16,1,1,1805,5,2,4,1,6.0,54395,M,4868408.0,617627.0,54
201600028651,16,12,13,715,1,2,3,8,3.0,54395,M,,,54
201600028652,16,1,5,1030,1,2,2,1,6.0,54578,M,4867022.0,615810.0,54
201600028653,16,12,14,1430,1,2,1,1,2.0,54395,M,,,54
201600028654,16,1,10,1335,1,2,2,2,3.0,54304,M,,,54
201600028655,16,1,8,1455,1,2,1,1,6.0,54395,M,,,54
201600028656,16,1,4,1245,1,1,1,2,7.0,54025,M,4864877.0,627743.0,54
201600028657,16,1,11,1010,1,2,1,1,3.0,54395,M,0.0,0.0,54
201600028658,16,1,4,740,5,2,1,1,3.0,54498,M,,,54
201600028659,16,1,11,745,2,2,1,3,2.0,54395,M,4867775.0,619861.0,54
201600028660,16,1,4,1600,1,1,6,7,6.0,54439,M,4870622.0,624488.0,54
201600028661,16,1,14,27,5,2,1,1,6.0,54547,M,4866300.0,616480.0,54
201600028662,16,1,13,1506,1,2,1,1,6.0,54184,M,,,54
201600028663,16,1,15,830,1,2,2,1,3.0,54395,M,,,54
201600028664,16,1,14,1135,1,2,2,1,3.0,54578,M,4810056.0,608523.0,54
201600028665,16,1,14,2045,5,2,3,2,3.0,54578,M,4867626.0,615381.0,54
201600028666,16,1,8,825,1,1,1,1,2.0,54498,M,,,54
201600028667,16,1,18,845,1,2,1,1,2.0,54482,M,,,54
201600028668,16,1,17,2315,5,2,1,1,6.0,54578,M,,,54
201600028669,16,1,15,1835,5,2,1,4,6.0,54274,M,4866945.0,620722.0,54
201600028670,16,1,17,1600,1,2,1,1,6.0,54395,M,,,54
201600028671,16,1,18,750,2,2,1,1,6.0,54395,M,4868336.0,618390.0,54
201600028672,16,1,20,1645,2,2,1,1,4.0,54526,M,,,54
201600028673,16,1,19,940,1,2,1,1,6.0,54482,M,,,54
201600028674,16,1,20,2045,5,2,2,5,3.0,54526,M,4869424.0,621062.0,54
201600028675,16,12,19,2300,5,2,1,1,3.0,54578,M,,,54
201600028676,16,12,21,1920,5,2,1,1,2.0,54395,M,,,54
201600028677,16,1,25,1300,1,2,2,1,6.0,54395,M,4869666.0,617459.0,54
201600028678,16,12,25,1304,1,2,2,1,3.0,54395,M,,,54
201600028679,16,1,27,1340,1,2,1,1,3.0,54395,M,,,54
201600028680,16,12,16,1710,2,2,1,1,4.0,54578,M,,,54
201600028681,16,1,28,705,5,2,4,3,3.0,54395,M,0.0,0.0,54
201600028682,16,1,28,1750,5,2,1,2,6.0,54482,M,4870018.0,620361.0,54
201600028683,16,1,29,1920,5,2,3,1,6.0,54482,M,4870127.0,620075.0,54
201600028684,16,2,3,1050,1,2,3,1,3.0,54304,M,,,54
201600028685,16,2,2,1820,5,2,1,2,4.0,54184,M,,,54
201600028686,16,2,3,1330,1,2,1,2,5.0,54578,M,,,54
201600028687,16,2,3,820,1,2,3,2,6.0,54395,M,,,54
201600028688,16,2,4,1830,5,2,1,3,6.0,54339,M,,,54
201600028689,16,2,6,1615,1,2,2,7,3.0,54578,M,,,54
201600028690,16,2,9,830,1,2,1,6,3.0,54395,M,,,54
201600028691,16,2,8,1930,5,2,1,1,6.0,54184,M,,,54
201600028692,16,2,9,1800,5,2,1,3,6.0,54547,M,4866094.0,617926.0,54
201600028693,16,1,22,1735,5,2,1,1,2.0,54395,M,4868627.0,619490.0,54
201600028694,16,2,7,1419,1,1,1,1,6.0,54025,M,4866204.0,625373.0,54
201600028695,16,2,14,1930,5,2,4,2,6.0,54395,M,4869705.0,615847.0,54
201600028696,16,2,16,1110,1,2,1,1,3.0,54482,M,,,54