Num_Acc,an,mois,jour,hrmn,lum,agg,int,atm,col,com,gps,lat,long,dep
201600028697,16,2,17,845,1,2,1,1,3.0,54395,M,4868352.0,617405.0,54
201600028698,16,1,2,2000,5,2,1,1,6.0,54265,M,,,54
201600028699,16,1,14,750,2,2,1,1,6.0,54547,M,,,54
201600028700,16,1,14,1740,1,1,1,2,1.0,54357,M,,,54
201600028701,16,1,16,2020,5,2,1,4,6.0,54395,M,,,54
201600028702,16,1,18,845,1,2,1,1,6.0,54357,M,,,54
201600028703,16,1,19,1540,1,2,6,1,3.0,54547,M,,,54
201600028704,16,1,23,1015,1,2,1,1,6.0,54395,M,,,54
201600028705,16,1,28,1000,1,2,2,1,3.0,54395,M,,,54
201600028706,16,2,20,1225,1,2,3,2,3.0,54395,M,,,54
201600028707,16,2,23,1130,1,2,1,2,2.0,54395,M,,,54
201600028708,16,2,23,1330,1,2,1,1,6.0,54274,M,,,54
201600028709,16,2,26,740,1,2,1,1,3.0,54304,M,,,54
201600028710,16,2,27,1428,1,2,1,1,4.0,54547,M,,,54
201600028711,16,3,1,830,1,2,1,1,3.0,54395,M,,,54
201600028712,16,2,26,1637,1,2,1,1,2.0,54547,M,,,54
201600028713,16,3,4,1850,5,2,2,3,6.0,54395,M,,,54
201600028714,16,3,4,1408,1,2,1,1,2.0,54547,M,,,54
201600028715,16,3,6,1230,1,1,1,2,3.0,54482,M,,,54
201600028716,16,3,9,1110,1,2,2,1,3.0,54395,M,,,54
201600028717,16,3,4,1345,1,2,1,1,6.0,54300,M,,,54
201600028718,16,3,7,1435,1,2,6,2,2.0,54184,M,,,54
201600028719,16,2,6,1850,5,2,1,1,2.0,54547,M,,,54
201600028720,16,2,6,940,1,2,1,1,6.0,54526,M,,,54
201600028721,16,3,10,1147,1,2,1,1,2.0,54304,M,,,54
201600028722,16,3,15,1510,1,2,2,1,1.0,54547,M,,,54
201600028723,16,2,8,700,5,2,2,2,3.0,54547,M,,,54
201600028724,16,3,15,1220,1,2,1,1,7.0,54184,M,,,54
201600028725,16,3,14,1500,1,2,2,7,3.0,54395,M,,,54
201600028726,16,3,14,1255,1,2,2,1,3.0,54578,M,,,54
201600028727,16,3,8,1920,5,2,3,1,7.0,54395,M,,,54
201600028728,16,3,11,740,1,2,3,1,3.0,54395,M,,,54
201600028729,16,3,8,1220,1,2,2,1,3.0,54265,M,,,54
201600028730,16,3,18,750,1,2,3,1,3.0,54257,M,,,54
201600028731,16,3,22,1320,1,2,2,1,2.0,54395,M,,,54
201600028732,16,3,17,1950,3,2,1,1,2.0,54395,M,,,54
201600028733,16,3,29,1648,1,2,1,1,4.0,54395,M,,,54
201600028734,16,3,29,1424,1,2,1,1,6.0,54547,M,,,54
201600028735,16,3,18,1300,1,2,3,1,3.0,54395,M,,,54
201600028736,16,2,19,1400,1,2,1,1,2.0,54395,M,,,54
201600028737,16,4,2,526,5,2,1,1,2.0,54395,M,,,54
201600028738,16,3,20,2130,5,2,1,1,2.0,54395,M,,,54
201600028739,16,3,31,1400,1,2,6,1,2.0,54526,M,,,54
201600028740,16,4,1,1050,1,2,2,1,2.0,54257,M,,,54
201600028741,16,3,26,1015,1,2,4,1,6.0,54395,M,,,54
201600028742,16,4,7,1230,1,2,1,1,2.0,54395,M,,,54
201600028743,16,4,9,1625,1,2,2,1,2.0,54578,M,,,54
201600028744,16,4,13,1440,1,2,1,2,1.0,54395,M,,,54
201600028745,16,4,12,815,1,2,2,1,3.0,54395,M,,,54
201600028746,16,4,12,1840,1,2,1,1,6.0,54395,M,,,54
201600028747,16,3,15,1820,5,1,1,2,3.0,54304,M,,,54
201600028748,16,3,8,1745,1,2,1,1,6.0,54395,M,,,54
201600028749,16,3,10,1700,1,2,1,1,6.0,54395,M,,,54
201600028750,16,3,10,1800,1,2,1,1,2.0,54547,M,,,54
201600028751,16,3,9,1150,1,2,1,1,6.0,54395,M,,,54
201600028752,16,3,8,915,1,2,1,1,6.0,54339,M,,,54
201600028753,16,3,5,625,5,2,1,1,6.0,54395,M,,,54
201600028754,16,4,17,1440,1,2,1,1,3.0,54395,M,,,54
201600028755,16,4,13,1815,1,2,2,1,2.0,54328,M,,,54
201600028756,16,4,21,815,1,1,6,1,1.0,54357,M,,,54
201600028757,16,4,20,1944,1,2,2,1,2.0,54257,M,4864753.0,618250.0,54
201600028758,16,4,20,1606,1,2,1,1,2.0,54395,M,,,54
201600028759,16,4,20,1920,1,2,1,1,6.0,54357,M,,,54
201600028760,16,4,25,1155,1,2,1,2,2.0,54395,M,,,54
201600028761,16,4,25,700,1,2,1,1,1.0,54395,M,,,54
201600028762,16,4,13,1800,1,2,1,1,4.0,54300,M,,,54
201600028763,16,4,14,1620,1,2,1,1,2.0,54395,M,,,54
201600028764,16,4,25,1230,1,2,1,2,6.0,54300,M,,,54
201600028765,16,4,26,1225,1,2,1,1,6.0,54395,M,,,54
201600028766,16,3,19,1000,1,2,1,1,2.0,54439,M,,,54
201600028767,16,4,21,909,1,2,1,1,6.0,54395,M,,,54
201600028768,16,3,23,1030,1,2,1,1,6.0,54395,M,,,54
201600028769,16,3,17,1030,1,2,1,1,6.0,54395,M,,,54
201600028770,16,3,31,1430,1,2,1,1,3.0,54395,M,,,54
201600028771,16,3,22,1205,1,2,1,1,3.0,54395,M,,,54
201600028772,16,3,26,2015,5,2,1,1,3.0,54184,M,,,54
201600028773,16,5,3,1615,1,2,3,1,3.0,54526,M,,,54
201600028774,16,4,28,755,1,2,1,1,6.0,54578,M,,,54
201600028775,16,5,1,2000,1,2,1,1,3.0,54395,M,,,54
201600028776,16,5,4,1700,1,2,1,1,2.0,54265,M,,,54
201600028777,16,4,27,1320,1,2,2,1,2.0,54304,M,,,54
201600028778,16,4,30,1735,1,2,3,2,6.0,54395,M,,,54
201600028779,16,5,5,2140,5,2,2,1,1.0,54395,M,,,54
201600028780,16,5,2,1710,1,2,1,1,3.0,54547,M,,,54
201600028781,16,5,6,1715,1,2,1,1,7.0,54395,M,,,54
201600028782,16,4,7,730,1,2,1,1,4.0,54395,M,,,54
201600028783,16,5,4,2100,2,2,2,1,2.0,54395,M,,,54
201600028784,16,5,11,758,1,2,4,1,3.0,54328,M,,,54
201600028785,16,5,4,1355,1,2,1,1,2.0,54526,M,,,54
201600028786,16,5,11,1725,1,2,3,2,3.0,54395,M,,,54
201600028787,16,4,28,900,1,2,2,1,6.0,54184,M,,,54
201600028788,16,4,26,1455,1,2,6,1,3.0,54265,M,,,54
201600028789,16,5,12,810,1,2,1,2,6.0,54274,M,,,54
201600028790,16,4,7,1110,1,2,1,1,6.0,54547,M,,,54
201600028791,16,4,11,2100,5,2,1,1,1.0,54482,M,,,54
201600028792,16,5,13,640,1,1,1,1,7.0,54025,M,,,54
201600028793,16,5,13,1710,1,2,1,2,2.0,54395,M,,,54
201600028794,16,5,14,1710,1,2,3,1,2.0,54395,M,,,54
201600028795,16,5,13,1730,1,2,1,2,6.0,54395,M,,,54
201600028796,16,5,16,1340,1,2,1,1,6.0,54395,M,,,54
201600028797,16,5,21,1115,1,2,1,1,3.0,54395,M,,,54
201600028798,16,5,19,1555,1,2,2,1,3.0,54197,M,,,54
201600028799,16,5,20,1035,1,2,2,1,3.0,54395,M,,,54
201600028800,16,5,22,545,2,2,1,1,6.0,54304,M,,,54
201600028801,16,5,23,1340,1,2,3,1,3.0,54395,M,,,54
201600028802,16,5,12,1015,1,2,1,1,6.0,54395,M,,,54
201600028803,16,5,23,1420,1,2,1,1,2.0,54547,M,,,54
201600028804,16,5,19,1625,1,2,1,1,4.0,54498,M,,,54
201600028805,16,5,25,1745,1,1,1,1,2.0,54395,M,,,54
201600028806,16,5,25,1715,1,2,3,1,6.0,54395,M,,,54
201600028807,16,5,26,1645,1,2,1,1,2.0,54498,M,,,54
201600028808,16,5,26,1800,1,2,1,1,2.0,54357,M,,,54
201600028809,16,5,26,1745,1,2,4,1,6.0,54395,M,,,54
201600028810,16,5,27,110,5,2,3,1,6.0,54578,M,,,54
201600028811,16,5,28,1935,1,2,2,1,3.0,54578,M,,,54
201600028812,16,4,30,1050,1,2,1,1,6.0,54395,M,4870136.0,617649.0,54
201600028813,16,4,20,850,1,2,1,1,2.0,54547,M,,,54
201600028814,16,4,27,1815,1,2,1,1,2.0,54395,M,,,54
201600028815,16,5,30,1725,1,2,3,2,3.0,54197,M,,,54
201600028816,16,5,21,1745,1,2,4,1,3.0,54395,M,,,54
201600028817,16,5,31,1630,1,2,3,1,3.0,54395,M,,,54
201600028818,16,6,1,1605,1,2,1,7,6.0,54395,M,,,54
201600028819,16,6,2,1444,1,2,1,1,3.0,54184,M,,,54
201600028820,16,6,3,1720,1,2,2,1,6.0,54395,M,,,54
201600028821,16,6,6,1300,1,2,1,1,3.0,54482,M,,,54
201600028822,16,6,3,1110,1,2,2,1,3.0,54547,M,,,54
201600028823,16,6,6,1730,1,2,4,1,2.0,54184,M,,,54
201600028824,16,6,7,1845,1,2,1,1,6.0,54395,M,,,54
201600028825,16,5,29,2049,1,2,3,1,3.0,54395,M,,,54
201600028826,16,6,10,1525,1,2,9,1,2.0,54547,M,,,54
201600028827,16,6,13,820,1,2,1,1,3.0,54547,M,,,54
201600028828,16,6,18,1355,1,2,1,1,2.0,54547,M,,,54
201600028829,16,6,17,2000,1,2,7,1,3.0,54395,M,,,54
201600028830,16,6,18,1525,1,2,3,1,1.0,54578,M,,,54
201600028831,16,6,18,1850,1,2,1,1,3.0,54547,M,,,54
201600028832,16,6,19,2230,5,2,2,1,3.0,54395,M,,,54
201600028833,16,6,15,1758,1,2,2,1,6.0,54184,M,,,54
201600028834,16,6,22,1630,1,2,2,1,3.0,54526,M,,,54
201600028835,16,6,2,1345,1,2,2,1,6.0,54482,M,,,54
201600028836,16,6,23,910,1,2,1,1,3.0,54395,M,,,54
201600028837,16,6,23,1740,1,2,1,1,4.0,54395,M,,,54
201600028838,16,6,23,1805,1,2,4,1,3.0,54395,M,,,54
201600028839,16,6,24,1830,1,2,1,1,4.0,54395,M,,,54
201600028840,16,6,28,1805,1,2,2,1,3.0,54395,M,,,54
201600028841,16,6,28,805,1,2,2,2,2.0,54395,M,,,54
201600028842,16,6,30,1345,1,2,1,1,2.0,54395,M,,,54
201600028843,16,6,30,1820,1,2,1,1,7.0,54395,M,,,54
201600028844,16,7,1,1525,1,2,1,1,2.0,54395,M,,,54
201600028845,16,7,2,1900,1,2,1,1,3.0,54395,M,,,54
201600028846,16,7,4,448,5,1,1,1,5.0,54184,M,,,54
201600028847,16,7,5,1640,1,2,3,1,3.0,54578,M,,,54
201600028848,16,7,6,220,5,2,1,1,7.0,54395,M,,,54
201600028849,16,6,24,922,1,2,1,1,3.0,54547,M,,,54
201600028850,16,7,5,1855,1,2,2,1,2.0,54526,M,,,54
201600028851,16,7,6,1355,1,2,1,1,4.0,54526,M,,,54
201600028852,16,6,28,1245,1,2,1,1,6.0,54547,M,,,54
201600028853,16,7,7,920,1,2,1,1,2.0,54395,M,,,54
201600028854,16,7,8,1610,1,2,2,1,3.0,54395,M,,,54
201600028855,16,7,8,2015,1,2,1,1,6.0,54395,M,,,54
201600028856,16,7,8,2145,2,2,6,1,3.0,54395,M,,,54
201600028857,16,7,9,1335,1,2,5,1,3.0,54304,M,,,54
201600028858,16,7,10,1830,1,2,1,1,6.0,54395,M,,,54
201600028859,16,7,11,1925,1,2,1,1,7.0,54304,M,,,54
201600028860,16,7,11,1220,1,2,1,1,6.0,54395,M,,,54
201600028861,16,7,13,1725,1,2,1,1,6.0,54395,M,,,54
201600028862,16,7,14,1910,1,2,1,1,2.0,54395,M,,,54
201600028863,16,7,18,1500,1,2,1,1,2.0,54395,M,,,54
201600028864,16,7,20,1020,1,2,1,1,6.0,54547,M,,,54
201600028865,16,7,21,2145,5,2,1,1,3.0,54328,M,,,54
201600028866,16,7,21,800,1,2,1,1,3.0,54304,M,,,54
201600028867,16,7,22,1455,1,2,2,1,3.0,54304,M,,,54
201600028868,16,7,22,945,1,2,1,1,6.0,54395,M,,,54
201600028869,16,7,25,1650,1,2,1,1,6.0,54395,M,,,54
201600028870,16,7,25,1105,1,2,3,1,3.0,54395,M,,,54
201600028871,16,7,28,1154,1,2,1,1,6.0,54304,M,,,54
201600028872,16,7,28,1155,1,2,1,1,6.0,54184,M,,,54
201600028873,16,7,29,1725,1,2,2,1,5.0,54526,M,,,54
201600028874,16,7,28,1045,1,2,3,1,3.0,54395,M,,,54
201600028875,16,8,2,1255,1,2,3,2,3.0,54395,M,,,54
201600028876,16,8,3,1550,1,2,1,1,6.0,54578,M,,,54
201600028877,16,8,4,1055,1,2,1,1,6.0,54339,M,,,54
201600028878,16,8,5,1130,1,2,1,1,6.0,54547,M,,,54
201600028879,16,8,6,1050,1,2,3,1,3.0,54274,M,,,54
201600028880,16,8,7,1300,1,2,1,1,6.0,54395,M,,,54
201600028881,16,8,7,1945,1,2,3,1,2.0,54395,M,,,54
201600028882,16,8,8,1825,1,2,1,1,3.0,54274,M,,,54
201600028883,16,8,9,1940,1,2,1,1,2.0,54304,M,,,54
201600028884,16,8,10,1525,1,2,1,1,3.0,54395,M,,,54
201600028885,16,8,12,1210,1,2,1,1,2.0,54395,M,,,54
201600028886,16,8,13,1345,1,2,2,1,3.0,54395,M,,,54
201600028887,16,8,14,1020,1,2,6,1,2.0,54547,M,,,54
201600028888,16,8,15,2030,1,2,6,1,1.0,54395,M,,,54
201600028889,16,8,19,1050,1,2,1,1,6.0,54395,M,,,54
201600028890,16,8,23,1240,1,2,1,1,6.0,54274,M,,,54
201600028891,16,8,25,650,1,2,2,1,6.0,54395,M,,,54
201600028892,16,8,26,1800,1,2,1,1,4.0,54395,M,,,54
201600028893,16,8,26,2250,5,2,2,1,2.0,54395,M,,,54
201600028894,16,8,28,1445,1,2,2,1,3.0,54578,M,,,54
201600028895,16,8,29,1510,1,2,1,1,3.0,54495,M,,,54
201600028896,16,8,31,130,5,2,2,1,3.0,54395,M,,,54
201600028897,16,8,31,1710,1,2,2,1,2.0,54304,M,,,54
201600028898,16,8,31,840,1,2,1,1,2.0,54526,M,,,54
201600028899,16,8,31,1830,1,2,1,1,4.0,54526,M,,,54
201600028900,16,9,4,140,4,1,2,1,3.0,54395,M,,,54
201600028901,16,9,3,1640,1,2,1,1,3.0,54395,M,,,54
201600028902,16,9,2,1730,1,2,7,1,7.0,54395,M,,,54
201600028903,16,9,2,1530,1,2,2,1,1.0,54274,M,,,54
201600028904,16,9,2,1240,1,2,1,1,3.0,54328,M,,,54
201600028905,16,9,5,1620,1,2,1,1,3.0,54547,M,,,54
201600028906,16,9,7,745,1,2,1,1,6.0,54304,M,,,54
201600028907,16,9,7,1725,1,2,1,1,6.0,54304,M,,,54
201600028908,16,9,10,1855,1,2,1,1,3.0,54265,M,,,54
201600028909,16,8,31,1000,1,1,1,1,2.0,54265,M,,,54
201600028910,16,8,29,1514,1,1,1,1,1.0,54257,M,,,54
201600028911,16,9,13,745,1,2,1,1,4.0,54526,M,,,54
201600028912,16,9,2,1448,1,2,1,1,2.0,54395,M,,,54
201600028913,16,9,11,2145,4,2,1,1,1.0,54357,M,,,54
201600028914,16,9,22,2345,5,2,2,1,3.0,54395,M,,,54
201600028915,16,9,21,711,1,2,3,1,6.0,54395,M,,,54
201600028916,16,9,22,2230,5,2,1,1,6.0,54265,M,,,54
201600028917,16,9,12,1710,1,2,1,1,3.0,54547,M,,,54
201600028918,16,9,23,745,1,2,3,1,2.0,54547,M,4866804.0,618750.0,54
201600028919,16,9,23,750,1,2,2,1,3.0,54300,M,4865524.0,623209.0,54
201600028920,16,9,25,1302,1,2,2,1,1.0,54357,M,4870602.0,613995.0,54
201600028921,16,9,25,1730,1,2,1,1,3.0,54547,M,4865407.0,615699.0,54
201600028922,16,9,27,2100,5,2,3,1,3.0,54304,M,4867962.0,615309.0,54
201600028923,16,9,28,1205,1,2,1,1,6.0,54395,M,4868711.0,619553.0,54
201600028924,16,9,28,1330,1,2,2,1,2.0,54304,M,4867976.0,614855.0,54
201600028925,16,9,28,1405,1,2,1,1,3.0,54395,M,4869683.0,617489.0,54
201600028926,16,9,28,1945,5,2,2,1,6.0,54395,M,4868276.0,616888.0,54
201600028927,16,9,13,1845,1,2,1,1,3.0,54184,M,4870254.0,624239.0,54
201600028928,16,9,15,1750,1,2,2,1,2.0,54578,M,4866334.0,615551.0,54
201600028929,16,9,29,1630,1,2,1,1,6.0,54547,M,,,54
201600028930,16,9,29,1740,1,2,2,1,3.0,54395,M,4869886.0,616782.0,54
201600028931,16,9,29,1800,1,2,2,7,6.0,54395,M,4868767.0,618463.0,54
201600028932,16,9,30,1745,1,2,1,1,7.0,54357,M,4870744.0,616664.0,54
201600028933,16,10,1,1135,1,2,2,1,3.0,54184,M,4870058.0,622463.0,54
201600028934,16,10,2,1340,1,2,2,1,3.0,54395,M,4870166.0,617150.0,54
201600028935,16,9,29,1645,1,2,2,1,7.0,54395,M,4868428.0,618863.0,54
201600028936,16,10,3,950,1,2,1,1,3.0,54300,M,4864071.0,626775.0,54
201600028937,16,10,3,1740,1,2,1,1,3.0,54526,M,4869562.0,621378.0,54
201600028938,16,10,4,850,1,2,1,1,2.0,54395,M,4867944.0,616171.0,54
201600028939,16,10,3,1356,1,2,2,1,3.0,54395,M,4867498.0,617228.0,54
201600028940,16,10,5,1245,1,2,1,1,6.0,54395,M,4870137.0,617113.0,54
201600028941,16,10,10,900,1,2,3,1,6.0,54578,M,4867830.0,615560.0,54
201600028942,16,10,6,1705,1,2,1,1,6.0,54395,M,4868928.0,616143.0,54
201600028943,16,10,11,744,1,2,2,1,7.0,54547,M,4866140.0,616901.0,54
201600028944,16,10,11,1155,1,2,1,1,6.0,54395,M,4867944.0,616686.0,54
201600028945,16,10,10,1434,1,2,2,1,6.0,54395,M,4869397.0,617618.0,54
201600028946,16,10,11,1150,1,2,2,1,2.0,54395,M,4868058.0,617871.0,54
201600028947,16,10,15,1050,1,2,2,1,6.0,54395,M,4869017.0,618057.0,54
201600028948,16,10,16,1155,1,2,1,1,2.0,54547,M,4866284.0,617255.0,54
201600028949,16,9,15,1640,1,2,1,1,6.0,54578,M,,,54
201600028950,16,10,7,1550,1,2,1,1,2.0,54395,M,4868169.0,616240.0,54
201600028951,16,10,18,1305,1,2,3,1,3.0,54395,M,4869062.0,617361.0,54
201600028952,16,10,19,1735,1,2,1,1,3.0,54395,M,4869722.0,616719.0,54
201600028953,16,10,20,950,1,2,1,1,6.0,54304,M,4869762.0,612292.0,54
201600028954,16,10,22,445,4,2,2,1,3.0,54257,M,4864808.0,620878.0,54
201600028955,16,10,23,645,5,2,1,1,6.0,54395,M,4867135.0,619297.0,54
201600028956,16,10,25,1758,1,2,1,1,6.0,54395,M,4869261.0,616836.0,54
201600028957,16,10,27,1410,1,2,1,1,3.0,54357,M,4870409.0,613843.0,54
201600028958,16,10,22,1400,1,2,1,1,6.0,54395,M,4867926.0,616728.0,54
201600028959,16,10,24,1920,5,2,3,3,3.0,54482,M,4870057.0,620801.0,54
201600028960,16,10,24,1400,1,2,1,1,6.0,54395,M,4868933.0,618514.0,54
201600028961,16,10,30,1310,1,2,1,1,4.0,54395,M,4869768.0,618860.0,54
201600028962,16,10,30,1526,1,2,1,1,3.0,54395,M,,,54
201600028963,16,10,30,2000,5,2,2,1,1.0,54395,M,4869630.0,616719.0,54
201600028964,16,10,31,1420,1,2,1,1,2.0,54339,M,4870746.0,618477.0,54
201600028965,16,11,3,710,1,2,1,1,3.0,54395,M,4868351.0,619680.0,54
201600028966,16,11,3,2100,5,2,1,1,3.0,54395,M,4867849.0,618563.0,54
201600028967,16,9,16,850,1,1,1,1,4.0,54526,M,4868768.0,623401.0,54
201600028968,16,10,27,1700,1,2,1,1,6.0,54395,M,4869321.0,617853.0,54
201600028969,16,11,4,1325,1,2,1,1,6.0,54547,M,4866642.0,617643.0,54
201600028970,16,11,4,1815,5,2,1,1,3.0,54578,M,4866931.0,615066.0,54
201600028971,16,11,6,830,1,2,2,2,1.0,54578,M,4866823.0,614749.0,54
201600028972,16,11,8,2300,4,2,1,1,6.0,54395,M,4869830.0,617822.0,54
201600028973,16,11,10,1420,1,1,4,1,5.0,54395,M,4867566.0,619932.0,54
201600028974,16,10,13,1230,1,2,1,1,2.0,54395,M,,,54
201600028975,16,11,15,2230,4,2,2,1,1.0,54578,M,,,54
201600028976,16,11,14,1745,3,1,1,1,6.0,54025,M,,,54
201600028977,16,11,12,225,5,2,6,1,6.0,54547,M,,,54
201600028978,16,11,16,1830,5,1,1,2,4.0,54547,M,,,54
201600028979,16,11,16,1117,1,2,2,1,3.0,54304,M,,,54
201600028980,16,11,9,1830,5,1,2,3,6.0,54578,M,,,54
201600028981,16,11,9,2000,5,1,1,1,6.0,54300,M,,,54
201600028982,16,11,11,240,5,2,1,1,6.0,54395,M,,,54
201600028983,16,11,17,1330,1,2,1,2,4.0,54526,M,4868679.0,621079.0,54
201600028984,16,11,9,1435,1,2,2,1,6.0,54395,M,4868863.0,619545.0,54
201600028985,16,11,8,1410,1,2,3,1,3.0,54395,M,4868735.0,618364.0,54
201600028986,16,11,22,1815,5,2,1,3,6.0,54578,M,4865636.0,613174.0,54
201600028987,16,11,10,730,1,2,2,1,3.0,54304,M,4868149.0,616119.0,54
201600028988,16,11,17,1400,1,2,1,1,3.0,54547,M,4866049.0,615972.0,54
201600028989,16,11,14,1738,5,2,1,1,6.0,54395,M,4869151.0,617822.0,54
201600028990,16,11,18,1240,1,2,4,1,6.0,54395,M,4869099.0,617510.0,54
201600028991,16,11,18,1315,1,2,1,1,2.0,54304,M,4867940.0,614232.0,54
201600028992,16,11,19,1237,1,2,1,2,4.0,54547,M,4866481.0,618982.0,54
201600028993,16,11,21,1745,5,2,1,2,6.0,54304,M,4867971.0,614816.0,54
201600028994,16,11,22,905,1,2,1,1,2.0,54184,M,4870346.0,622950.0,54
201600028995,16,11,23,1600,1,1,1,1,2.0,54265,M,4865184.0,617011.0,54
201600028996,16,11,22,930,1,2,1,1,6.0,54395,M,4869224.0,618714.0,54
201600028997,16,11,23,1725,5,2,1,1,4.0,54547,M,4866328.0,618870.0,54
201600028998,16,11,25,1345,1,2,1,1,6.0,54547,M,4866151.0,618012.0,54
201600028999,16,11,25,1522,1,2,1,1,6.0,54395,M,4868575.0,619075.0,54
201600029000,16,11,26,2345,5,1,3,1,1.0,54025,M,4867019.0,623171.0,54
201600029001,16,11,28,2000,5,2,3,1,6.0,54395,M,4867885.0,619741.0,54
201600029002,16,11,28,850,1,2,1,1,4.0,54526,M,4869300.0,621081.0,54
201600029003,16,11,23,1523,1,2,1,1,3.0,54395,M,,,54
201600029004,16,11,17,1518,1,2,1,1,6.0,54547,M,4866897.0,616904.0,54
201600029005,16,11,23,1130,1,2,2,1,3.0,54495,M,4869278.0,625095.0,54
201600029006,16,11,26,1005,1,2,1,1,6.0,54395,M,4868936.0,616098.0,54
201600029007,16,11,29,1730,5,2,1,1,4.0,54257,M,4865159.0,618426.0,54
201600029008,16,11,29,2025,5,2,1,1,3.0,54395,M,4869813.0,618824.0,54
201600029009,16,11,29,2110,5,2,3,1,1.0,54274,M,4867213.0,620447.0,54
201600029010,16,11,29,915,1,2,1,1,6.0,54184,M,4870782.0,624430.0,54
201600029011,16,10,17,2230,5,2,1,2,6.0,54526,M,,,54
201600029012,16,10,20,1405,1,2,1,1,3.0,54300,M,4865983.0,623133.0,54
201600029013,16,12,5,1950,5,2,1,1,3.0,54395,M,4868651.0,619988.0,54
201600029014,16,11,26,422,5,2,2,1,3.0,54395,M,4869634.0,616719.0,54
201600029015,16,11,30,1800,5,2,1,1,3.0,54357,M,4870620.0,616767.0,54
201600029016,16,12,7,1215,1,2,3,1,6.0,54395,M,4869063.0,617359.0,54
201600029017,16,12,8,1237,1,1,1,1,2.0,54025,M,4866178.0,625123.0,54
201600029018,16,12,8,1700,5,2,3,1,6.0,54304,M,4869607.0,612689.0,54
201600029019,16,12,8,1759,5,1,1,1,2.0,54547,M,4867050.0,619281.0,54
201600029020,16,12,10,1505,1,2,2,1,2.0,54357,M,4870588.0,613984.0,54
201600029021,16,12,10,2005,5,1,1,1,2.0,54304,M,4868579.0,613200.0,54
201600029022,16,12,9,755,1,2,3,1,3.0,54395,M,4868476.0,617369.0,54
201600029023,16,12,14,1520,1,1,2,7,6.0,54526,M,,,54
201600029024,16,12,12,1330,1,2,4,1,6.0,54357,M,,,54
201600029025,16,12,21,1534,1,2,2,1,6.0,54395,M,,,54
201600029026,16,12,22,335,5,2,1,1,6.0,54257,M,,,54
201600029027,16,12,20,1905,5,2,2,1,3.0,54395,M,4869705.0,615833.0,54
201600029028,16,12,20,1655,5,2,2,1,6.0,54395,M,0.0,0.0,54
201600029029,16,12,22,1200,1,2,1,2,6.0,54547,M,,,54
201600029030,16,12,21,725,5,2,1,1,6.0,54300,M,4865189.0,623449.0,54
201600029031,16,11,4,1515,1,2,1,1,1.0,54395,M,4869062.0,620450.0,54
201600029032,16,1,23,1825,2,2,1,2,6.0,54431,M,4691678.0,606063.0,54
201600029033,16,2,9,1820,5,2,1,1,6.0,54431,M,4891626.0,606271.0,54
201600029034,16,2,29,1021,1,1,1,1,1.0,54079,M,4887464.0,606145.0,54
201600029035,16,3,9,1643,1,2,4,1,6.0,54431,M,4890147.0,605126.0,54
201600029036,16,3,12,1820,1,1,1,1,5.0,54375,M,4889578.0,598369.0,54
201600029037,16,3,19,1545,1,2,1,1,2.0,54431,M,4890695.0,604031.0,54
201600029038,16,4,29,1645,1,2,1,1,6.0,54431,M,4890350.0,605630.0,54
201600029039,16,9,27,1450,1,1,1,1,6.0,54431,M,4891905.0,607863.0,54
201600029040,16,10,8,1330,1,2,1,1,6.0,54431,M,4891742.0,603776.0,54
201600029041,16,10,14,1605,1,2,1,1,3.0,54431,M,4891877.0,606349.0,54
201600029042,16,10,26,1826,5,2,1,1,2.0,54431,M,4890788.0,604620.0,54
201600029043,16,11,10,500,5,2,1,2,6.0,54079,M,4888097.0,605343.0,54
201600029044,16,11,16,1515,1,2,1,2,4.0,54431,M,4890347.0,604222.0,54
201600029045,16,1,14,2050,5,2,1,2,6.0,54528,M,4840279.0,306200.0,54
201600029046,16,1,30,1745,2,2,1,3,6.0,54174,M,,,54
201600029047,16,2,18,1645,1,2,3,1,3.0,54528,M,4866200.0,588240.0,54
201600029048,16,4,22,2150,3,1,1,1,1.0,54167,M,4868200.0,594230.0,54
201600029049,16,6,23,1445,1,1,1,1,3.0,54528,M,4869520.0,592601.0,54
201600029050,16,7,7,1325,1,2,1,1,3.0,54528,M,4868722.0,589833.0,54
201600029051,16,7,29,940,1,2,1,1,3.0,54167,M,4867327.0,592608.0,54
201600029052,16,8,8,1150,1,2,2,1,3.0,54528,M,4869638.0,592888.0,54
201600029053,16,9,23,1720,1,2,1,1,3.0,54528,M,0.0,0.0,54
201600029054,16,9,28,1750,1,2,1,1,1.0,54528,M,4868870.0,588847.0,54
201600029055,16,10,30,2240,3,1,1,1,6.0,54528,M,4864582.0,586703.0,54
201600029056,16,1,6,1600,1,1,1,1,1.0,54575,M,,,54
201600029057,16,11,28,1614,1,2,1,1,7.0,54580,M,4946232.0,592914.0,54
201600029058,16,2,9,1630,1,1,1,8,7.0,54096,M,4943794.0,586403.0,54
201600029059,16,11,28,1816,2,2,1,1,7.0,54270,M,4949200.0,586654.0,54
201600029060,16,5,15,1340,1,2,3,1,7.0,54580,M,4947064.0,593048.0,54
201600029061,16,5,23,1615,1,2,6,8,7.0,54580,M,4945804.0,592598.0,54
201600029062,16,5,25,1522,1,1,1,1,2.0,54149,M,4943959.0,592368.0,54
201600029063,16,6,18,122,3,1,1,8,7.0,54525,M,4946790.0,584180.0,54
201600029064,16,8,6,1736,1,1,1,1,3.0,54575,M,4947239.0,579185.0,54
201600029065,16,8,24,700,1,1,3,1,7.0,54575,M,4947386.0,584800.0,54
201600029066,16,8,27,1245,1,2,1,1,2.0,54181,M,4941678.0,590389.0,54
201600029067,16,9,1,1247,1,1,1,1,1.0,54575,M,4947324.0,583470.0,54