Num_Acc,an,mois,jour,hrmn,lum,agg,int,atm,col,com,gps,lat,long,dep
201600029068,16,10,23,656,3,1,1,5,6.0,54575,M,4945742.0,585075.0,54
201600029069,16,10,31,1654,1,1,1,1,1.0,54575,M,4947377.0,585276.0,54
201600029070,16,11,17,1840,2,2,3,1,6.0,55302,M,4874167.0,520775.0,55
201600029071,16,10,29,1930,5,2,3,1,3.0,55029,M,,,55
201600029072,16,2,1,755,2,2,1,8,6.0,55029,M,4877473.0,515676.0,55
201600029073,16,1,12,1500,1,1,3,2,3.0,55476,M,4876137.0,518300.0,55
201600029074,16,6,10,1430,1,1,1,1,3.0,55029,M,4875886.0,513887.0,55
201600029075,16,6,22,1425,1,2,3,1,3.0,55029,M,4877001.0,516952.0,55
201600029076,16,7,8,1900,1,1,1,1,1.0,55029,M,4875842.0,513779.0,55
201600029077,16,9,8,815,1,2,1,1,6.0,55029,M,,,55
201600029078,16,11,30,1110,1,2,3,1,6.0,55029,M,,,55
201600029079,16,12,17,1800,2,1,1,1,1.0,55302,M,4875498.0,519360.0,55
201600029080,16,1,11,1600,1,2,1,1,6.0,55545,M,4915896.0,539122.0,55
201600029081,16,1,23,1535,1,2,1,1,6.0,55545,M,4916500.0,538237.0,55
201600029082,16,2,11,1825,5,2,1,2,6.0,55043,M,4917530.0,538010.0,55
201600029083,16,2,25,820,1,2,1,7,6.0,55505,M,4916770.0,535532.0,55
201600029084,16,2,27,1935,5,2,3,1,3.0,55545,M,4916502.0,538097.0,55
201600029085,16,3,4,1120,1,2,1,3,6.0,55545,M,4915973.0,538604.0,55
201600029086,16,3,20,520,3,1,1,1,6.0,55545,M,4915025.0,534889.0,55
201600029087,16,4,12,1745,1,2,1,1,3.0,55505,M,4916869.0,536218.0,55
201600029088,16,4,20,1505,1,2,5,1,3.0,55545,M,4916576.0,540661.0,55
201600029089,16,4,27,1335,1,2,3,1,3.0,55545,M,4916178.0,538232.0,55
201600029090,16,5,20,1740,1,1,1,1,7.0,55236,M,,,55
201600029091,16,5,22,540,3,1,1,1,7.0,55236,M,,,55
201600029092,16,6,26,620,1,2,6,1,6.0,55545,M,4915740.0,539458.0,55
201600029093,16,7,15,1805,1,2,1,1,6.0,55545,M,4915943.0,538634.0,55
201600029094,16,7,17,1930,1,2,1,1,3.0,55545,M,4916002.0,538754.0,55
201600029095,16,7,22,840,1,1,6,1,3.0,55545,M,4914428.0,539051.0,55
201600029096,16,9,1,1125,1,2,3,1,6.0,55545,M,4915850.0,538680.0,55
201600029097,16,10,12,1050,1,1,1,1,6.0,55545,M,4917949.0,542777.0,55
201600029098,16,10,19,1910,5,2,1,1,6.0,55545,M,4915858.0,538682.0,55
201600029099,16,11,28,1735,5,2,1,1,6.0,55545,M,4916770.0,539188.0,55
201600029100,16,12,8,1728,5,2,1,1,6.0,55043,M,4917600.0,537976.0,55
201600029101,16,1,1,500,5,2,1,1,6.0,56121,M,4774809.0,-335805.0,56
201600029102,16,1,1,1758,1,2,1,1,6.0,56098,M,4776206.0,-333184.0,56
201600029103,16,1,2,1535,1,2,3,1,3.0,56121,M,4775215.0,-337036.0,56
201600029104,16,1,3,1705,1,1,1,3,5.0,56121,M,4775662.0,-338649.0,56
201600029105,16,1,4,1851,5,2,3,2,6.0,56121,M,4774882.0,-336558.0,56
201600029106,16,1,4,1200,1,1,1,1,6.0,56083,M,4781044.0,-324213.0,56
201600029107,16,1,6,1525,1,2,1,1,6.0,56098,M,4777220.0,-334813.0,56
201600029108,16,1,7,1744,1,2,3,1,6.0,56083,M,4780744.0,-327477.0,56
201600029109,16,1,11,615,5,2,1,2,7.0,56121,M,4775456.0,-336289.0,56
201600029110,16,1,11,931,1,2,1,1,3.0,56162,M,4773388.0,-342427.0,56
201600029111,16,1,11,1750,3,1,1,3,4.0,56098,M,4777766.0,-334513.0,56
201600029112,16,1,13,700,5,2,3,1,3.0,56083,M,4780586.0,-326006.0,56
201600029113,16,1,14,1535,1,2,9,3,6.0,56083,M,4780708.0,-326945.0,56
201600029114,16,1,15,1719,1,2,1,1,4.0,56121,M,4775736.0,-338881.0,56
201600029115,16,1,15,2030,5,2,1,5,3.0,56098,M,4776970.0,-334883.0,56
201600029116,16,1,17,1915,5,2,1,2,7.0,56121,M,4774395.0,-339166.0,56
201600029117,16,1,24,1725,1,2,1,1,2.0,56083,M,4781066.0,-325236.0,56
201600029118,16,1,25,823,5,2,2,1,3.0,56121,M,4774315.0,-338891.0,56
201600029119,16,1,25,835,1,2,3,1,3.0,56121,M,4775011.0,-335790.0,56
201600029120,16,1,27,1225,1,2,1,3,6.0,56121,M,4774744.0,-339268.0,56
201600029121,16,1,28,1830,1,2,2,1,3.0,56083,M,4780481.0,-327624.0,56
201600029122,16,1,29,1056,1,2,2,1,3.0,56121,M,4774743.0,-339272.0,56
201600029123,16,1,29,1924,5,2,1,1,6.0,56098,M,4776660.0,-333572.0,56
201600029124,16,1,31,1539,1,2,1,1,7.0,56083,M,4779398.0,-330863.0,56
201600029125,16,1,31,2056,1,1,1,1,3.0,56162,M,4773956.0,-341300.0,56
201600029126,16,2,1,2040,5,2,3,2,3.0,56121,M,4775719.0,-336869.0,56
201600029127,16,2,2,1250,1,2,1,1,6.0,56121,M,4774024.0,-336877.0,56
201600029128,16,2,2,1820,1,2,1,1,4.0,56098,M,4776660.0,-333573.0,56
201600029129,16,2,5,2004,5,2,1,1,2.0,56121,M,4774920.0,-335928.0,56
201600029130,16,2,5,2115,5,2,1,1,3.0,56121,M,4775914.0,-336877.0,56
201600029131,16,2,7,1335,1,2,1,1,6.0,56162,M,4773965.0,-343924.0,56
201600029132,16,2,8,1751,1,2,1,1,2.0,56121,M,4774512.0,-337461.0,56
201600029133,16,2,11,1815,2,2,3,2,6.0,56121,M,4774439.0,-335931.0,56
201600029134,16,2,12,1451,1,2,1,1,4.0,56098,M,4777914.0,-333609.0,56
201600029135,16,2,15,1235,1,2,1,1,6.0,56098,M,4776551.0,-334593.0,56
201600029136,16,2,15,1700,1,1,1,1,7.0,56107,M,4773034.0,-338614.0,56
201600029137,16,2,17,1125,1,2,1,1,6.0,56098,M,4776416.0,-333332.0,56
201600029138,16,2,21,1815,1,2,1,1,2.0,56098,M,4777765.0,-334515.0,56
201600029139,16,2,22,30,3,1,1,1,1.0,56107,M,4772683.0,-338377.0,56
201600029140,16,2,22,1205,1,2,1,2,6.0,56107,M,4771086.0,-338518.0,56
201600029141,16,2,24,1848,5,2,1,1,6.0,56121,M,4773320.0,-338543.0,56
201600029142,16,2,27,1014,1,2,1,1,2.0,56121,M,4774345.0,-336005.0,56
201600029143,16,2,28,2049,5,2,1,1,7.0,56162,M,4772757.0,-341400.0,56
201600029144,16,2,29,1720,1,1,1,1,7.0,56162,M,4773965.0,-345214.0,56
201600029145,16,3,1,940,1,1,6,1,3.0,56121,M,4777146.0,-340413.0,56
201600029146,16,3,3,1803,1,2,1,2,6.0,56121,M,4775366.0,-336585.0,56
201600029147,16,3,3,1826,1,2,6,2,2.0,56121,M,4774131.0,-337299.0,56
201600029148,16,3,6,1255,1,2,1,1,3.0,56121,M,4775447.0,-337565.0,56
201600029149,16,3,10,900,1,1,1,1,3.0,56121,M,4775192.0,-336521.0,56
201600029150,16,3,11,1324,1,1,1,1,1.0,56083,M,4782384.0,-324286.0,56
201600029151,16,3,12,1121,1,2,1,1,3.0,56098,M,4776441.0,-333786.0,56
201600029152,16,3,13,1220,1,1,1,1,2.0,56121,M,4773785.0,-336295.0,56
201600029153,16,3,18,1855,1,2,1,1,3.0,56121,M,4774717.0,-337657.0,56
201600029154,16,3,21,854,1,2,6,1,3.0,56083,M,4779996.0,-326014.0,56
201600029155,16,3,21,1011,1,2,6,1,3.0,56121,M,4773766.0,-339110.0,56
201600029156,16,3,21,1451,1,2,1,1,7.0,56121,M,4774782.0,-337530.0,56
201600029157,16,3,25,1433,1,1,1,1,2.0,56083,M,4782030.0,-329472.0,56
201600029158,16,3,27,1650,1,2,1,6,6.0,56098,M,4778420.0,-333961.0,56
201600029159,16,3,31,735,1,2,1,1,4.0,56083,M,4780189.0,-327887.0,56
201600029160,16,3,31,1330,1,2,1,1,7.0,56098,M,4778190.0,-334351.0,56
201600029161,16,3,31,1756,1,2,1,1,7.0,56121,M,4774085.0,-336827.0,56
201600029162,16,4,2,155,5,2,1,1,6.0,56162,M,4771711.0,-343627.0,56
201600029163,16,4,5,1820,1,2,1,1,3.0,56098,M,4777555.0,-335424.0,56
201600029164,16,4,5,1850,1,2,1,1,3.0,56121,M,4774675.0,-338145.0,56
201600029165,16,4,5,1850,1,2,1,1,3.0,56098,M,4777711.0,-334175.0,56
201600029166,16,4,5,1550,1,2,1,1,7.0,56121,M,4775497.0,-337139.0,56
201600029167,16,4,6,546,5,2,2,1,3.0,56098,M,4777007.0,-335011.0,56
201600029168,16,4,6,1619,1,2,1,1,6.0,56121,M,4776517.0,-339633.0,56
201600029169,16,4,7,735,2,2,1,1,3.0,56121,M,4775735.0,-336970.0,56
201600029170,16,4,8,1940,1,2,1,1,2.0,56121,M,4775786.0,-337442.0,56
201600029171,16,4,10,450,5,2,1,1,6.0,56121,M,4775945.0,-336952.0,56
201600029172,16,4,10,1140,1,2,1,1,6.0,56083,M,4779954.0,-329054.0,56
201600029173,16,4,8,2140,4,1,1,1,6.0,56098,M,4776781.0,-331444.0,56
201600029174,16,4,13,1700,1,2,1,1,2.0,56098,M,4775028.0,-333735.0,56
201600029175,16,4,14,1340,1,2,1,1,6.0,56121,M,4773256.0,-338033.0,56
201600029176,16,4,14,1430,1,2,1,1,2.0,56098,M,4776404.0,-336054.0,56
201600029177,16,4,15,1650,1,2,1,1,3.0,56098,M,4778086.0,-334165.0,56
201600029178,16,4,17,2030,2,2,1,1,7.0,56121,M,4776387.0,-339298.0,56
201600029179,16,4,11,1610,1,2,1,1,7.0,56083,M,4780807.0,-326618.0,56
201600029180,16,4,20,1210,1,2,1,1,3.0,56121,M,4776035.0,-339326.0,56
201600029181,16,4,20,1543,1,1,1,1,7.0,56098,M,4777902.0,-331748.0,56
201600029182,16,4,21,1817,1,1,1,1,4.0,56083,M,0.0,0.0,56
201600029183,16,4,23,1113,1,2,1,1,3.0,56107,M,4770996.0,-337593.0,56
201600029184,16,4,24,1642,1,2,1,1,6.0,56098,M,4776176.0,-334543.0,56
201600029185,16,4,25,1440,1,2,2,1,3.0,56121,M,4775740.0,-336118.0,56
201600029186,16,4,26,1605,1,2,1,1,2.0,56107,M,4770692.0,-338368.0,56
201600029187,16,4,29,1805,1,2,1,2,2.0,56121,M,4774482.0,-338581.0,56
201600029188,16,4,29,1805,1,2,1,2,3.0,56121,M,4775974.0,-336641.0,56
201600029189,16,4,30,2005,1,2,1,1,1.0,56121,M,4776900.0,-340589.0,56
201600029190,16,4,30,2030,2,2,1,1,2.0,56098,M,4777712.0,-334207.0,56
201600029191,16,5,3,745,1,2,1,1,6.0,56121,M,4773441.0,-336717.0,56
201600029192,16,5,3,1620,1,2,1,1,2.0,56083,M,4782031.0,-325231.0,56
201600029193,16,5,6,1100,1,1,1,1,6.0,56121,M,4776193.0,-338909.0,56
201600029194,16,5,6,1652,1,2,2,1,3.0,56098,M,4775727.0,-333127.0,56
201600029195,16,5,7,1816,1,2,1,1,7.0,56083,M,4780432.0,-326996.0,56
201600029196,16,5,10,1650,1,2,1,1,2.0,56121,M,4775845.0,-336533.0,56
201600029197,16,5,13,1745,1,2,1,1,6.0,56121,M,4774375.0,-335816.0,56
201600029198,16,5,17,430,5,1,1,1,7.0,56121,M,4773535.0,-338535.0,56
201600029199,16,5,17,900,1,2,3,1,3.0,56098,M,4776202.0,-333943.0,56
201600029200,16,5,17,1000,1,1,1,1,3.0,56083,M,4780953.0,-325585.0,56
201600029201,16,5,20,855,1,2,1,2,2.0,56098,M,4775697.0,-334404.0,56
201600029202,16,5,20,1355,1,2,1,1,7.0,56098,M,4776276.0,-334885.0,56
201600029203,16,5,26,1700,1,2,1,1,2.0,56121,M,4775734.0,-338763.0,56
201600029204,16,5,27,1310,1,2,1,1,2.0,56121,M,4774671.0,-337785.0,56
201600029205,16,5,30,1845,1,2,2,1,3.0,56083,M,4781103.0,-326238.0,56
201600029206,16,5,31,1102,1,1,1,1,1.0,56107,M,0.0,0.0,56
201600029207,16,5,31,1229,1,2,3,1,2.0,56083,M,4780580.0,-326014.0,56
201600029208,16,6,3,1843,1,2,1,1,2.0,56121,M,4775175.0,-337664.0,56
201600029209,16,6,4,1350,1,2,2,1,3.0,56121,M,4774799.0,-336070.0,56
201600029210,16,6,6,1517,1,1,1,1,3.0,56121,M,4774294.0,-338364.0,56
201600029211,16,6,6,1742,1,1,1,1,2.0,56098,M,4777444.0,-334239.0,56
201600029212,16,6,6,1910,1,2,1,1,7.0,56121,M,4774626.0,-336459.0,56
201600029213,16,6,7,1240,1,2,1,1,6.0,56121,M,4776249.0,-339116.0,56
201600029214,16,6,9,1146,1,2,1,1,6.0,56121,M,4775235.0,-336548.0,56
201600029215,16,6,9,1235,1,2,2,1,3.0,56098,M,4776936.0,-334772.0,56
201600029216,16,6,10,1818,1,1,1,3,4.0,56083,M,4778748.0,-327736.0,56
201600029217,16,6,10,2340,5,2,2,1,6.0,56083,M,4779952.0,-329053.0,56
201600029218,16,6,11,1435,1,2,1,1,1.0,56098,M,4777571.0,-335343.0,56
201600029219,16,6,13,1216,1,2,3,3,3.0,56121,M,4773790.0,-338185.0,56
201600029220,16,6,14,830,1,2,1,2,2.0,56098,M,4777490.0,-334658.0,56
201600029221,16,6,14,1445,1,2,1,1,6.0,56083,M,4781054.0,-325982.0,56
201600029222,16,6,14,1600,1,2,1,1,4.0,56121,M,4775447.0,-338371.0,56
201600029223,16,6,17,1700,1,2,2,1,3.0,56121,M,4774685.0,-336603.0,56
201600029224,16,6,18,1530,1,2,2,1,3.0,56121,M,4773747.0,-337812.0,56
201600029225,16,6,20,1855,1,2,1,1,3.0,56121,M,4773597.0,-338989.0,56
201600029226,16,6,21,850,1,2,6,2,3.0,56098,M,4775944.0,-332639.0,56
201600029227,16,6,21,2335,5,2,1,1,6.0,56098,M,4775830.0,-334595.0,56
201600029228,16,6,22,1607,1,2,1,1,6.0,56121,M,4775852.0,-336530.0,56
201600029229,16,6,23,1145,1,2,6,3,2.0,56121,M,4774725.0,-337657.0,56
201600029230,16,6,23,1550,1,2,1,3,6.0,56098,M,4776605.0,-332938.0,56
201600029231,16,6,24,845,1,2,1,1,3.0,56121,M,4775718.0,-335877.0,56
201600029232,16,6,24,1933,1,2,1,1,6.0,56098,M,4775100.0,-334057.0,56
201600029233,16,6,25,1905,1,2,2,1,3.0,56098,M,4775740.0,-334134.0,56
201600029234,16,6,27,1755,1,1,1,1,4.0,56083,M,4778849.0,-327682.0,56
201600029235,16,7,2,1845,1,2,1,1,6.0,56121,M,4774662.0,-336559.0,56
201600029236,16,7,2,2230,5,2,1,1,7.0,56121,M,4775991.0,-336343.0,56
201600029237,16,7,3,1152,1,1,1,1,1.0,56162,M,4773399.0,-349323.0,56
201600029238,16,7,7,2306,5,2,1,1,6.0,56121,M,4774597.0,-336394.0,56
201600029239,16,7,8,1055,1,2,1,1,2.0,56107,M,4772253.0,-337702.0,56
201600029240,16,7,8,1250,1,2,1,1,6.0,56121,M,4774682.0,-338881.0,56
201600029241,16,7,9,1120,1,2,1,1,3.0,56107,M,4773064.0,-338605.0,56
201600029242,16,7,9,1310,1,2,1,1,7.0,56121,M,4774195.0,-335746.0,56
201600029243,16,7,10,1415,1,2,1,1,6.0,56121,M,4775409.0,-337112.0,56
201600029244,16,7,13,1625,1,2,1,1,6.0,56098,M,4776661.0,-335379.0,56
201600029245,16,7,15,1605,1,2,3,7,6.0,56121,M,4774425.0,-335934.0,56
201600029246,16,7,16,955,1,2,2,1,6.0,56162,M,4773380.0,-343271.0,56
201600029247,16,7,19,1310,1,1,2,1,5.0,56107,M,4770999.0,-340381.0,56
201600029248,16,7,20,1740,1,2,6,1,6.0,56162,M,4773850.0,-343130.0,56
201600029249,16,7,22,1950,1,2,1,1,4.0,56098,M,4777453.0,-334655.0,56
201600029250,16,7,23,2000,1,2,2,1,3.0,56121,M,4774012.0,-337522.0,56
201600029251,16,7,25,1410,1,2,1,1,2.0,56162,M,4773959.0,-341305.0,56
201600029252,16,7,26,1705,1,2,1,1,1.0,56107,M,4772242.0,-340479.0,56
201600029253,16,7,26,1850,1,2,2,1,7.0,56121,M,4774521.0,-335854.0,56
201600029254,16,7,26,1901,1,2,1,1,2.0,56121,M,4774792.0,-336478.0,56
201600029255,16,7,28,1104,1,1,1,1,6.0,56098,M,4777865.0,-334971.0,56
201600029256,16,7,29,1650,1,2,1,1,3.0,56121,M,4773712.0,-337891.0,56
201600029257,16,7,30,2010,1,2,1,8,3.0,56083,M,4780047.0,-326176.0,56
201600029258,16,7,31,700,1,2,1,1,6.0,56121,M,4773610.0,-337158.0,56
201600029259,16,8,1,800,1,2,2,1,3.0,56098,M,4776172.0,-334686.0,56
201600029260,16,8,1,1730,1,2,1,1,2.0,56107,M,4770577.0,-338476.0,56
201600029261,16,8,2,2130,1,2,2,1,3.0,56098,M,4776780.0,-335432.0,56
201600029262,16,8,3,1323,1,2,1,1,6.0,56121,M,4774713.0,-335836.0,56
201600029263,16,8,3,1200,1,2,1,1,6.0,56121,M,4775002.0,-335990.0,56
201600029264,16,8,5,307,5,2,1,1,7.0,56121,M,4775786.0,-337355.0,56
201600029265,16,8,5,1710,1,2,1,1,6.0,56098,M,4776058.0,-333756.0,56
201600029266,16,8,5,2300,5,2,1,1,7.0,56121,M,4776667.0,-337738.0,56
201600029267,16,8,8,1522,1,2,1,1,1.0,56121,M,4774788.0,-338188.0,56
201600029268,16,8,9,1737,1,1,1,1,2.0,56098,M,4776614.0,-332721.0,56
201600029269,16,8,10,835,1,2,1,1,6.0,56121,M,4774511.0,-337478.0,56
201600029270,16,8,10,1625,1,2,1,1,3.0,56121,M,4774269.0,-336827.0,56
201600029271,16,8,11,1720,1,1,1,1,7.0,56107,M,4772333.0,-338243.0,56
201600029272,16,8,12,1757,1,2,2,1,3.0,56107,M,4772072.0,-339516.0,56
201600029273,16,8,13,435,5,2,1,1,6.0,56121,M,4775512.0,-337153.0,56
201600029274,16,8,13,755,1,1,1,1,7.0,56107,M,4771475.0,-338499.0,56
201600029275,16,8,13,1610,1,2,3,1,3.0,56121,M,4774517.0,-337188.0,56
201600029276,16,8,14,1817,1,2,1,1,7.0,56083,M,4780508.0,-328350.0,56
201600029277,16,8,17,220,5,2,1,1,3.0,56121,M,4775586.0,-336581.0,56
201600029278,16,8,17,935,1,1,1,1,2.0,56083,M,4782236.0,-324414.0,56
201600029279,16,8,17,1907,1,2,1,1,3.0,56121,M,4774034.0,-336927.0,56
201600029280,16,8,20,1110,1,2,1,1,7.0,56121,M,4774200.0,-335844.0,56
201600029281,16,8,21,1530,1,2,1,1,7.0,56121,M,4776589.0,-337410.0,56
201600029282,16,8,21,1802,1,2,1,1,3.0,56098,M,4776644.0,-335659.0,56
201600029283,16,8,22,520,5,2,1,1,6.0,56121,M,4773547.0,-337464.0,56
201600029284,16,8,22,1325,1,2,1,1,3.0,56121,M,4774239.0,-336950.0,56
201600029285,16,8,26,1615,1,2,6,1,3.0,56107,M,4772309.0,-339043.0,56
201600029286,16,8,26,1738,1,2,1,1,7.0,56098,M,4777766.0,-334396.0,56
201600029287,16,8,28,705,1,1,1,1,6.0,56098,M,4776193.0,-336351.0,56
201600029288,16,8,28,2220,5,2,1,2,6.0,56121,M,4775215.0,-337067.0,56
201600029289,16,8,29,1702,1,2,1,1,6.0,56121,M,4775533.0,-336349.0,56
201600029290,16,8,29,2025,1,2,2,1,3.0,56121,M,4775255.0,-337728.0,56
201600029291,16,8,29,2025,2,2,6,1,3.0,56121,M,4775991.0,-336614.0,56
201600029292,16,8,31,1710,1,2,2,1,3.0,56098,M,4778007.0,-331077.0,56
201600029293,16,8,31,1745,1,2,1,1,3.0,56121,M,4774775.0,-335905.0,56
201600029294,16,9,2,1230,1,2,1,1,6.0,56121,M,4773321.0,-338540.0,56
201600029295,16,9,2,1130,1,2,1,1,7.0,56098,M,4776247.0,-335054.0,56
201600029296,16,9,3,140,5,2,1,1,7.0,56121,M,4774487.0,-338142.0,56
201600029297,16,9,3,1015,1,2,1,1,6.0,56162,M,4773576.0,-342871.0,56
201600029298,16,9,3,1803,1,2,1,1,6.0,56098,M,4776541.0,-334887.0,56
201600029299,16,9,5,800,1,2,1,1,1.0,56162,M,4773943.0,-341209.0,56
201600029300,16,9,7,35,4,1,1,1,7.0,56162,M,4770913.0,-344375.0,56
201600029301,16,9,7,1700,1,2,6,1,3.0,56098,M,4777835.0,-334400.0,56
201600029302,16,9,10,1704,1,1,6,2,1.0,56098,M,4778457.0,-333956.0,56
201600029303,16,9,11,1238,1,2,3,1,3.0,56098,M,4776641.0,-333466.0,56
201600029304,16,9,12,1115,1,2,1,1,3.0,56098,M,4776095.0,-334704.0,56
201600029305,16,9,15,1651,1,2,6,1,3.0,56107,M,4770595.0,-338884.0,56
201600029306,16,9,16,7,5,2,1,1,2.0,56121,M,4775705.0,-337167.0,56
201600029307,16,9,16,1430,1,2,1,1,3.0,56121,M,4775067.0,-337596.0,56
201600029308,16,9,17,1600,1,2,1,1,2.0,56098,M,4776202.0,-334108.0,56
201600029309,16,9,22,1815,1,1,1,1,4.0,56098,M,4778152.0,-334183.0,56
201600029310,16,9,28,906,1,2,3,1,3.0,56121,M,4775341.0,-336584.0,56
201600029311,16,9,11,1559,1,2,1,1,7.0,56121,M,4774677.0,-335805.0,56
201600029312,16,9,13,1628,1,2,1,1,7.0,56121,M,4774861.0,-337423.0,56
201600029313,16,9,23,1700,1,2,1,1,7.0,56162,M,4773658.0,-343249.0,56
201600029314,16,9,29,954,1,1,1,1,7.0,56121,M,4774880.0,-338748.0,56
201600029315,16,9,28,1930,1,2,1,1,7.0,56121,M,4775230.0,-335921.0,56
201600029316,16,9,22,800,1,2,1,1,7.0,56083,M,4780541.0,-325935.0,56
201600029317,16,10,1,1735,1,2,1,1,7.0,56083,M,4779701.0,-329993.0,56
201600029318,16,10,1,2050,5,2,1,1,6.0,56121,M,4774603.0,-336048.0,56
201600029319,16,10,3,1010,1,2,1,1,6.0,56121,M,4775067.0,-339374.0,56
201600029320,16,10,6,545,5,2,1,1,7.0,56121,M,4776373.0,-339944.0,56
201600029321,16,10,6,1000,1,2,2,1,4.0,56121,M,4774768.0,-337561.0,56
201600029322,16,10,6,1539,1,2,1,1,6.0,56121,M,4775780.0,-339030.0,56
201600029323,16,10,7,1730,1,2,1,1,1.0,56121,M,4773699.0,-337762.0,56
201600029324,16,10,7,1800,1,2,1,1,3.0,56121,M,4775776.0,-339022.0,56
201600029325,16,10,9,1750,1,2,1,1,2.0,56098,M,4776576.0,-335780.0,56
201600029326,16,10,8,1116,1,2,1,1,7.0,56121,M,4773753.0,-337809.0,56
201600029327,16,10,11,1442,1,2,1,1,2.0,56121,M,4775183.0,-336509.0,56
201600029328,16,10,11,2140,5,2,6,1,6.0,56121,M,4775720.0,-338773.0,56
201600029329,16,10,12,800,2,2,6,1,6.0,56083,M,4779956.0,-328760.0,56
201600029330,16,10,13,950,1,1,1,1,6.0,56083,M,4778829.0,-328328.0,56
201600029331,16,10,13,1112,1,2,1,1,6.0,56121,M,4776549.0,-339435.0,56
201600029332,16,10,14,1900,1,2,6,1,2.0,56098,M,4777825.0,-334521.0,56
201600029333,16,10,14,1850,1,2,6,1,2.0,56162,M,4773000.0,-343533.0,56
201600029334,16,10,18,735,1,2,6,1,2.0,56098,M,4777846.0,-334431.0,56
201600029335,16,10,18,840,2,2,3,2,3.0,56121,M,4775207.0,-336448.0,56
201600029336,16,10,18,1048,1,2,1,1,6.0,56162,M,4773539.0,-342746.0,56
201600029337,16,10,18,1540,1,2,1,1,3.0,56121,M,4773813.0,-338180.0,56
201600029338,16,10,19,1903,1,2,1,1,6.0,56098,M,4777649.0,-334524.0,56
201600029339,16,10,20,1758,1,1,1,1,4.0,56083,M,4778914.0,-328927.0,56
201600029340,16,10,20,1906,1,2,3,1,2.0,56121,M,4776117.0,-338628.0,56
201600029341,16,10,21,1212,1,2,1,1,6.0,56121,M,4773320.0,-337738.0,56
201600029342,16,10,21,1632,1,2,6,1,3.0,56162,M,4773569.0,-341891.0,56
201600029343,16,10,22,1603,1,2,1,1,6.0,56162,M,4773694.0,-342835.0,56
201600029344,16,10,24,1320,1,2,1,1,7.0,56121,M,4775783.0,-338764.0,56
201600029345,16,10,24,1330,1,2,3,1,3.0,56121,M,4775604.0,-337160.0,56
201600029346,16,10,27,650,5,2,2,1,3.0,56098,M,4776751.0,-335496.0,56
201600029347,16,10,28,634,5,2,1,1,7.0,56121,M,4775818.0,-337565.0,56
201600029348,16,10,28,1150,1,2,1,1,6.0,56121,M,4774514.0,-337581.0,56
201600029349,16,10,28,1943,2,1,3,1,3.0,56162,M,4776297.0,-342459.0,56
201600029350,16,10,29,2200,3,1,1,1,6.0,56162,M,4773219.0,-340485.0,56
201600029351,16,10,31,1845,5,1,1,1,1.0,56121,M,4774103.0,-335899.0,56
201600029352,16,11,1,1630,1,1,1,1,2.0,56083,M,4782051.0,-324411.0,56
201600029353,16,11,1,420,5,2,1,1,6.0,56083,M,4779934.0,-329117.0,56
201600029354,16,11,5,356,5,2,1,1,7.0,56121,M,4774776.0,-335863.0,56
201600029355,16,11,5,1640,1,2,1,1,7.0,56162,M,4774047.0,-340774.0,56
201600029356,16,11,8,1652,1,2,6,2,3.0,56121,M,4774726.0,-337642.0,56
201600029357,16,11,9,930,1,2,1,7,6.0,56098,M,4776299.0,-334904.0,56
201600029358,16,11,12,2045,5,1,6,1,6.0,56107,M,4771106.0,-339597.0,56
201600029359,16,11,12,2240,5,2,3,1,6.0,56121,M,4775052.0,-339376.0,56
201600029360,16,11,15,1220,1,2,6,8,6.0,56121,M,4776373.0,-339896.0,56
201600029361,16,11,16,809,5,2,1,8,4.0,56098,M,4776621.0,-332943.0,56
201600029362,16,11,17,1200,1,1,1,8,1.0,56162,M,4772719.0,-344818.0,56
201600029363,16,11,17,1600,1,2,1,8,4.0,56098,M,4777622.0,-334553.0,56
201600029364,16,11,19,1800,5,1,1,6,7.0,56083,M,4779700.0,-330039.0,56
201600029365,16,11,21,200,5,2,1,2,6.0,56121,M,4774615.0,-337939.0,56
201600029366,16,11,22,803,1,2,3,1,6.0,56121,M,4774527.0,-337329.0,56
201600029367,16,11,23,1459,1,2,1,1,2.0,56121,M,4774143.0,-337262.0,56
201600029368,16,11,25,1534,1,2,1,1,6.0,56121,M,4776060.0,-338449.0,56
201600029369,16,11,27,2335,5,2,1,1,6.0,56098,M,4777297.0,-334766.0,56
201600029370,16,11,29,1606,1,2,1,1,2.0,56121,M,4776055.0,-338442.0,56
201600029371,16,11,30,1610,1,2,1,1,7.0,56121,M,4776030.0,-338961.0,56
201600029372,16,12,1,1110,1,2,1,1,6.0,56121,M,4774756.0,-336519.0,56
201600029373,16,12,3,1810,5,2,6,1,7.0,56098,M,4776292.0,-332871.0,56
201600029374,16,12,3,1945,5,2,1,1,6.0,56121,M,4774590.0,-338694.0,56
201600029375,16,12,4,2000,5,2,2,1,3.0,56098,M,4776510.0,-335876.0,56