Num_Acc,an,mois,jour,hrmn,lum,agg,int,atm,col,com,gps,lat,long,dep
201600029376,16,12,6,1745,2,2,1,1,7.0,56098,M,4776968.0,-333729.0,56
201600029377,16,12,7,910,1,2,2,5,3.0,56083,M,4782344.0,-324662.0,56
201600029378,16,12,7,820,2,2,6,5,3.0,56121,M,4774727.0,-337643.0,56
201600029379,16,12,9,1700,1,2,1,1,3.0,56098,M,4777405.0,-334696.0,56
201600029380,16,12,13,1127,1,2,2,1,1.0,56121,M,4773634.0,-337498.0,56
201600029381,16,12,12,1655,1,2,6,1,3.0,56121,M,4773946.0,-337960.0,56
201600029382,16,12,16,1254,1,2,3,1,1.0,56083,M,4780762.0,-328889.0,56
201600029383,16,12,17,1855,5,2,1,1,6.0,56083,M,4780130.0,-327337.0,56
201600029384,16,12,21,1605,1,2,1,2,2.0,56121,M,4774956.0,-336595.0,56
201600029385,16,12,23,1300,1,1,1,1,6.0,56098,M,4777416.0,-334682.0,56
201600029386,16,12,28,1020,1,2,1,7,6.0,56162,M,4773251.0,-342320.0,56
201600029387,16,12,28,2009,5,2,2,1,3.0,56121,M,4775375.0,-336229.0,56
201600029388,16,12,30,1950,5,2,2,1,7.0,56121,M,4774881.0,-336546.0,56
201600029389,16,12,31,345,5,2,1,1,7.0,56121,M,4776152.0,-336403.0,56
201600029390,16,1,31,1830,3,1,1,1,5.0,34274,M,4379060.0,373671.0,34
201600029391,16,4,4,800,1,1,1,2,5.0,34042,M,4386070.0,374295.0,34
201600029392,16,8,13,1115,1,2,1,1,1.0,34060,M,4376950.0,359588.0,34
201600029393,16,10,6,1200,1,1,1,1,6.0,34243,M,4390030.0,375611.0,34
201600029394,16,10,12,715,2,2,1,1,3.0,34111,M,4393440.0,371305.0,34
201600029395,16,1,1,735,5,2,1,1,6.0,56260,M,4764064.0,-276237.0,56
201600029396,16,1,18,820,5,2,1,3,3.0,56260,M,4765989.0,-276183.0,56
201600029397,16,1,18,805,5,2,6,3,2.0,56260,M,4766610.0,-277081.0,56
201600029398,16,1,19,855,5,2,1,1,6.0,56260,M,4765876.0,-275832.0,56
201600029399,16,1,15,1940,5,2,3,2,7.0,56260,M,4764411.0,-276889.0,56
201600029400,16,2,7,1142,1,1,6,2,6.0,56260,M,4766201.0,-279505.0,56
201600029401,16,2,19,2245,5,2,1,3,3.0,56260,M,4767008.0,-276997.0,56
201600029402,16,2,25,1210,1,2,1,1,2.0,56260,M,4767688.0,-276821.0,56
201600029403,16,3,22,1640,1,2,2,1,3.0,56260,M,4764901.0,-277047.0,56
201600029404,16,3,20,615,5,2,1,1,6.0,56260,M,4763781.0,-276508.0,56
201600029405,16,3,26,1115,1,1,3,2,4.0,56260,M,4766846.0,-273237.0,56
201600029406,16,4,11,1830,1,2,2,1,3.0,56260,M,4766134.0,-275711.0,56
201600029407,16,4,26,1620,1,2,2,1,6.0,56260,M,4765887.0,-275523.0,56
201600029408,16,2,20,2350,5,2,2,1,1.0,56260,M,4764600.0,-278001.0,56
201600029409,16,5,10,820,1,2,1,1,3.0,56260,M,4765262.0,-277621.0,56
201600029410,16,5,10,1720,1,2,2,1,3.0,56260,M,4765162.0,-276772.0,56
201600029411,16,5,12,1328,1,2,1,1,6.0,56260,M,4766065.0,-276414.0,56
201600029412,16,5,14,1740,1,2,1,1,3.0,56260,M,4764429.0,-277132.0,56
201600029413,16,5,17,1250,1,2,2,1,3.0,56260,M,4767021.0,-275722.0,56
201600029414,16,5,19,1325,1,2,1,1,6.0,56260,M,4764899.0,-276263.0,56
201600029415,16,5,12,1330,1,2,1,1,2.0,56260,M,4764852.0,-278029.0,56
201600029416,16,5,25,1100,1,2,3,1,3.0,56260,M,4765548.0,-277131.0,56
201600029417,16,5,25,1218,1,2,2,1,1.0,56260,M,4766145.0,-275713.0,56
201600029418,16,6,13,1422,1,2,3,1,4.0,56260,M,4766544.0,-275622.0,56
201600029419,16,6,21,1355,1,2,3,1,3.0,56260,M,4766700.0,-277355.0,56
201600029420,16,6,29,1735,1,2,6,2,4.0,56260,M,4764404.0,-274382.0,56
201600029421,16,6,30,1555,1,2,3,1,2.0,56260,M,4766622.0,-278617.0,56
201600029422,16,7,1,1830,1,2,3,1,6.0,56260,M,4766124.0,-275552.0,56
201600029423,16,7,8,1505,1,1,1,1,6.0,56260,M,4763889.0,-275124.0,56
201600029424,16,7,11,1640,1,1,1,1,7.0,56260,M,4766739.0,-273113.0,56
201600029425,16,7,16,1204,1,2,1,1,6.0,56260,M,4765533.0,-275552.0,56
201600029426,16,7,22,1737,1,2,1,1,6.0,56260,M,4765722.0,-279061.0,56
201600029427,16,7,24,1705,1,2,1,1,3.0,56260,M,4763114.0,-278061.0,56
201600029428,16,8,5,1000,1,2,4,1,3.0,56260,M,4765492.0,-275600.0,56
201600029429,16,8,13,855,1,2,1,1,3.0,56260,M,4765725.0,-279228.0,56
201600029430,16,8,16,1355,1,2,3,1,6.0,56260,M,4766658.0,-277746.0,56
201600029431,16,8,18,1805,1,2,1,1,6.0,56260,M,4764810.0,-278114.0,56
201600029432,16,8,24,1212,1,2,1,1,3.0,56260,M,4765746.0,-270724.0,56
201600029433,16,8,29,2110,5,2,1,1,3.0,56260,M,4767726.0,-276118.0,56
201600029434,16,8,27,1935,1,2,1,1,6.0,56260,M,4765174.0,-275706.0,56
201600029435,16,9,5,1705,1,2,1,1,3.0,56260,M,4765407.0,-277925.0,56
201600029436,16,9,9,750,1,2,3,1,3.0,56260,M,4765433.0,-275965.0,56
201600029437,16,9,12,1030,1,2,1,1,4.0,56260,M,4766411.0,-271919.0,56
201600029438,16,9,16,1320,1,2,1,1,3.0,56260,M,4765958.0,-277373.0,56
201600029439,16,9,18,1225,1,2,6,1,4.0,56260,M,4768428.0,-276671.0,56
201600029440,16,9,28,740,5,2,1,2,3.0,56260,M,4766367.0,-276663.0,56
201600029441,16,10,7,750,2,2,3,1,3.0,56260,M,4764682.0,-277897.0,56
201600029442,16,10,7,1845,1,2,1,1,2.0,56260,M,4765981.0,-275205.0,56
201600029443,16,10,17,2045,5,2,6,1,6.0,56260,M,4763969.0,-277655.0,56
201600029444,16,10,19,730,5,2,4,1,3.0,56260,M,4765347.0,-275763.0,56
201600029445,16,10,28,1545,1,2,1,1,6.0,56260,M,4766093.0,-275447.0,56
201600029446,16,10,28,1740,1,2,3,1,3.0,56260,M,4765346.0,-270780.0,56
201600029447,16,10,31,1220,1,2,6,1,2.0,56260,M,4766502.0,-279506.0,56
201600029448,16,11,2,940,1,2,1,1,3.0,56260,M,4765423.0,-272057.0,56
201600029449,16,11,3,1105,1,2,1,1,3.0,56260,M,4765961.0,-278911.0,56
201600029450,16,11,10,1935,5,2,1,1,3.0,56260,M,4766012.0,-278847.0,56
201600029451,16,11,15,1800,5,2,1,1,6.0,56260,M,4766397.0,-275937.0,56
201600029452,16,11,24,752,5,2,6,1,3.0,56260,M,4766153.0,-272571.0,56
201600029453,16,12,1,1450,1,2,6,1,2.0,56260,M,4766699.0,-278461.0,56
201600029454,16,12,5,2115,3,2,1,1,1.0,56260,M,4765632.0,-279113.0,56
201600029455,16,12,8,1830,4,2,1,1,3.0,56260,M,4766253.0,-278564.0,56
201600029456,16,12,12,1500,1,2,1,8,3.0,56260,M,4768022.0,-277066.0,56
201600029457,16,12,14,1405,1,2,6,1,3.0,56260,M,4765347.0,-274111.0,56
201600029458,16,12,16,1200,1,2,2,1,6.0,56260,M,4765909.0,-275437.0,56
201600029459,16,12,20,1725,2,2,1,2,3.0,56260,M,4766287.0,-275626.0,56
201600029460,16,3,11,830,1,1,1,8,6.0,49220,M,4771514.0,-42074.0,49
201600029461,16,6,26,200,3,1,3,1,6.0,33087,M,4462904.0,-5938.0,33
201600029462,16,8,13,300,3,1,1,1,1.0,33048,M,0.0,0.0,33
201600029463,16,11,17,1200,1,1,1,1,6.0,33087,M,4463080.0,-5404.0,33
201600029464,16,3,24,2150,3,1,1,1,6.0,33253,M,4462000.0,-28449.0,33
201600029465,16,6,16,600,2,1,2,2,3.0,33337,M,4457042.0,-32204.0,33
201600029466,16,7,6,1830,1,1,2,1,5.0,33098,M,4467520.0,-32181.0,33
201600029467,16,8,17,1845,1,2,1,1,3.0,33392,M,4459389.0,-28300.0,33
201600029468,16,9,20,1515,1,2,1,1,6.0,33327,M,4465118.0,-35601.0,33
201600029469,16,10,14,755,2,2,1,1,6.0,40133,M,4358583.0,-143032.0,40
201600029470,16,10,22,1515,1,2,1,1,2.0,40133,M,4358769.0,-142922.0,40
201600029471,16,11,23,2250,5,2,1,3,4.0,40036,M,4363185.0,-136358.0,40
201600029472,16,12,27,1720,2,2,1,1,3.0,40065,M,4363241.0,-142958.0,40
201600029473,16,10,25,1825,5,2,1,1,6.0,57227,M,4919065.0,690963.0,57
201600029474,16,1,15,755,5,2,1,8,6.0,57606,M,4910402.0,670555.0,57
201600029475,16,1,23,1755,5,2,1,1,6.0,57606,M,4910506.0,670562.0,57
201600029476,16,2,6,1900,5,2,1,1,6.0,57606,M,4910090.0,671707.0,57
201600029477,16,2,13,1503,1,1,1,2,1.0,57240,M,4909000.0,645000.0,57
201600029478,16,3,22,1335,1,2,1,1,7.0,57606,M,4910357.0,670906.0,57
201600029479,16,4,28,1930,2,2,1,1,1.0,57606,M,4909720.0,669914.0,57
201600029480,16,6,7,944,1,2,3,1,6.0,57606,M,4910625.0,670517.0,57
201600029481,16,6,10,1600,1,2,1,1,1.0,57240,M,4914798.0,681093.0,57
201600029482,16,6,24,1518,1,1,3,1,5.0,57606,M,4909608.0,672227.0,57
201600029483,16,6,24,1529,1,2,6,1,6.0,57606,M,4910356.0,670566.0,57
201600029484,16,6,29,125,5,2,1,2,2.0,57606,M,4910132.0,670688.0,57
201600029485,16,7,29,2045,1,2,3,1,3.0,57240,M,4914583.0,678027.0,57
201600029486,16,7,31,1357,1,2,1,1,2.0,57606,M,4910638.0,670500.0,57
201600029487,16,9,7,1202,1,2,9,1,6.0,57606,M,4910333.0,670555.0,57
201600029488,16,11,29,1657,2,2,1,1,3.0,57606,M,4910582.0,671302.0,57
201600029489,16,1,18,2035,5,2,3,1,3.0,57283,M,4925567.0,616187.0,57
201600029490,16,1,15,1307,1,2,2,1,6.0,57591,M,4925617.0,609785.0,57
201600029491,16,2,28,714,1,1,1,1,6.0,57591,M,4923841.0,610845.0,57
201600029492,16,4,16,1945,1,2,1,1,1.0,57591,M,4924957.0,609331.0,57
201600029493,16,5,4,1130,1,1,1,1,1.0,57019,M,4926119.0,612740.0,57
201600029494,16,7,21,940,1,1,6,1,6.0,57143,M,4925871.0,608366.0,57
201600029495,16,9,13,1718,1,2,6,1,3.0,57597,M,4925665.0,607277.0,57
201600029496,16,11,29,1725,5,2,3,1,1.0,57143,M,4926125.0,610010.0,57
201600029497,16,12,1,830,1,2,1,1,6.0,57283,M,4924658.0,617058.0,57
201600029498,16,12,8,1915,5,2,1,1,6.0,57591,M,4925302.0,609453.0,57
201600029499,16,1,4,740,1,2,1,2,6.0,57480,M,,,57
201600029500,16,1,5,1645,1,2,3,1,6.0,57480,M,4910196.0,615850.0,57
201600029501,16,1,7,835,1,1,1,2,6.0,57463,M,4910007.0,620984.0,57
201600029502,16,1,11,747,1,2,3,3,6.0,57463,M,4912853.0,614483.0,57
201600029503,16,1,11,1800,5,2,1,2,6.0,57463,M,4911015.0,620288.0,57
201600029504,16,1,13,1600,1,2,1,3,6.0,57751,M,4915787.0,613793.0,57
201600029505,16,1,14,830,1,2,2,1,3.0,57487,M,4909479.0,612462.0,57
201600029506,16,1,15,835,1,1,2,1,3.0,57480,M,4908911.0,615327.0,57
201600029507,16,1,15,1620,2,2,3,4,3.0,57463,M,4911563.0,619055.0,57
201600029508,16,1,16,1845,5,1,3,1,6.0,57480,M,4910806.0,616137.0,57
201600029509,16,1,22,1610,1,2,1,1,6.0,57447,M,4905886.0,615666.0,57
201600029510,16,1,22,1900,5,2,1,2,6.0,57751,M,4914102.0,615268.0,57
201600029511,16,1,25,1245,1,2,3,1,3.0,57480,M,4908746.0,614094.0,57
201600029512,16,1,31,2110,5,2,3,2,3.0,57463,M,4912898.0,616043.0,57
201600029513,16,2,10,1900,5,1,1,2,6.0,57463,M,4911190.0,621812.0,57
201600029514,16,2,15,1625,1,2,1,1,3.0,57463,M,4910416.0,616229.0,57
201600029515,16,2,26,2345,3,1,1,1,6.0,57616,M,4913352.0,619651.0,57
201600029516,16,3,2,1700,1,2,1,1,3.0,57751,M,4915494.0,615687.0,57
201600029517,16,3,3,1945,5,1,1,1,2.0,57463,M,4911233.0,617384.0,57
201600029518,16,3,6,1345,1,2,1,1,1.0,57463,M,4910968.0,618159.0,57
201600029519,16,3,11,1750,1,2,1,1,6.0,57480,M,4910451.0,616277.0,57
201600029520,16,3,17,1945,5,2,3,1,3.0,57463,M,4910164.0,617777.0,57
201600029521,16,3,20,1230,1,1,3,1,6.0,57463,M,4912012.0,621588.0,57
201600029522,16,3,21,2035,5,1,1,1,6.0,57463,M,4910444.0,616923.0,57
201600029523,16,3,26,1825,2,2,1,1,6.0,57463,M,4910700.0,616504.0,57
201600029524,16,4,6,2050,1,2,1,1,1.0,57751,M,4914885.0,616581.0,57
201600029525,16,4,8,1345,1,2,3,1,3.0,57463,M,4914263.0,616752.0,57
201600029526,16,4,12,1947,1,2,3,1,3.0,57463,M,4910026.0,618025.0,57
201600029527,16,4,16,1920,2,2,1,2,6.0,57463,M,4911604.0,621964.0,57
201600029528,16,4,30,2210,5,2,4,3,3.0,57463,M,4911691.0,618489.0,57
201600029529,16,4,30,935,1,2,3,1,6.0,57463,M,4910780.0,622114.0,57
201600029530,16,5,7,1433,1,1,1,1,6.0,57463,M,4909324.0,625334.0,57
201600029531,16,5,13,1525,1,2,1,1,2.0,57463,M,4911563.0,619819.0,57
201600029532,16,5,24,1535,1,2,4,1,3.0,57487,M,4909284.0,613023.0,57
201600029533,16,5,26,1340,1,2,1,1,6.0,57463,M,4910326.0,617770.0,57
201600029534,16,6,1,930,1,2,3,1,1.0,57463,M,4911684.0,618020.0,57
201600029535,16,6,1,1210,1,1,1,1,6.0,57463,M,4910070.0,622543.0,57
201600029536,16,6,6,1705,1,2,1,1,3.0,57412,M,4911175.0,615989.0,57
201600029537,16,6,7,1930,1,2,5,3,3.0,57463,M,4911122.0,617651.0,57
201600029538,16,6,6,1050,1,2,6,1,3.0,57487,M,4908172.0,610892.0,57
201600029539,16,6,9,1140,1,2,1,1,3.0,57463,M,4911913.0,623539.0,57
201600029540,16,6,11,5,3,1,1,1,1.0,57447,M,4908432.0,614260.0,57
201600029541,16,4,4,1715,1,2,1,1,6.0,57463,M,4910425.0,617159.0,57
201600029542,16,6,15,1900,1,2,3,1,3.0,57463,M,4910157.0,617693.0,57
201600029543,16,6,16,1,5,2,2,1,3.0,57447,M,4907976.0,614984.0,57
201600029544,16,6,16,1910,1,1,1,1,6.0,57463,M,4911117.0,622156.0,57
201600029545,16,6,22,1525,1,2,1,1,6.0,57480,M,4909858.0,614815.0,57
201600029546,16,6,29,1030,1,2,3,1,3.0,57463,M,4912607.0,618165.0,57
201600029547,16,6,30,1805,1,2,1,1,6.0,57463,M,4911082.0,623078.0,57
201600029548,16,6,30,2040,1,2,2,1,3.0,57463,M,4910936.0,617024.0,57
201600029549,16,7,18,1330,1,2,1,1,3.0,57412,M,4911374.0,613801.0,57
201600029550,16,7,22,1900,1,1,1,1,1.0,57463,M,4913095.0,617206.0,57
201600029551,16,7,29,1325,1,2,1,1,3.0,57751,M,4915016.0,616482.0,57
201600029552,16,7,31,1046,1,1,4,1,3.0,57463,M,4910432.0,616263.0,57
201600029553,16,8,4,1440,1,2,1,2,6.0,57447,M,4905975.0,615474.0,57
201600029554,16,8,14,1640,1,2,1,1,6.0,57463,M,4911369.0,618379.0,57
201600029555,16,8,19,1340,1,2,4,1,2.0,57463,M,4912045.0,618390.0,57
201600029556,16,8,22,1430,1,2,2,1,3.0,57463,M,4910721.0,617180.0,57
201600029557,16,8,25,825,1,2,2,1,6.0,57463,M,4911888.0,620380.0,57
201600029558,16,8,26,2140,5,2,2,1,3.0,57463,M,4910030.0,618027.0,57
201600029559,16,8,26,1010,1,2,3,1,2.0,57463,M,4913188.0,617112.0,57
201600029560,16,9,3,1235,1,2,3,1,6.0,57463,M,4910329.0,618757.0,57
201600029561,16,9,8,1404,1,1,1,1,6.0,57480,M,4909356.0,615120.0,57
201600029562,16,9,12,750,1,1,4,1,3.0,57480,M,4909542.0,611919.0,57
201600029563,16,9,17,935,1,2,3,1,6.0,57463,M,4910718.0,616912.0,57
201600029564,16,9,18,2125,5,2,1,1,2.0,57463,M,4913996.0,616336.0,57
201600029565,16,9,21,1640,1,1,1,1,6.0,57447,M,4905654.0,613657.0,57
201600029566,16,9,22,123,3,2,4,1,6.0,57463,M,4912526.0,615926.0,57
201600029567,16,9,23,1239,1,2,4,1,6.0,57463,M,4911280.0,617716.0,57
201600029568,16,9,24,2010,4,2,1,1,6.0,57480,M,4910006.0,614764.0,57
201600029569,16,9,29,950,1,2,1,1,6.0,57463,M,4910739.0,617099.0,57
201600029570,16,9,29,1955,5,2,1,1,3.0,57463,M,4909907.0,616145.0,57
201600029571,16,10,4,845,1,2,6,1,3.0,57447,M,4906013.0,616327.0,57
201600029572,16,10,4,1820,1,2,1,7,6.0,57463,M,4910758.0,622902.0,57
201600029573,16,10,7,1650,1,2,1,1,1.0,57463,M,4913595.0,615890.0,57
201600029574,16,10,8,2210,5,2,1,1,1.0,57463,M,4911654.0,622959.0,57
201600029575,16,10,10,900,1,2,1,1,6.0,57463,M,4910917.0,616149.0,57
201600029576,16,10,31,1520,1,2,3,1,3.0,57463,M,4910872.0,623115.0,57
201600029577,16,11,5,2150,5,2,2,2,3.0,57463,M,4911336.0,618373.0,57
201600029578,16,11,6,530,5,2,3,1,2.0,57463,M,4910203.0,620151.0,57
201600029579,16,11,6,1545,1,1,2,1,1.0,57463,M,4916826.0,623417.0,57
201600029580,16,11,16,1545,1,2,1,2,6.0,57751,M,4915123.0,615009.0,57
201600029581,16,11,17,1555,2,2,3,2,1.0,57463,M,4910385.0,622418.0,57
201600029582,16,11,21,746,2,2,1,3,6.0,57463,M,4911523.0,616804.0,57
201600029583,16,11,22,1000,1,2,1,1,6.0,57463,M,4910706.0,622823.0,57
201600029584,16,11,23,1145,1,1,1,1,2.0,57447,M,4904898.0,614023.0,57
201600029585,16,11,23,1745,5,2,1,2,6.0,57463,M,4911010.0,619960.0,57
201600029586,16,11,25,1636,2,2,1,1,3.0,57463,M,4912104.0,616851.0,57
201600029587,16,11,28,1545,1,2,1,1,6.0,57545,M,4913335.0,613023.0,57
201600029588,16,11,30,1345,1,1,1,1,6.0,57463,M,4911170.0,617120.0,57
201600029589,16,12,1,1731,2,2,1,1,2.0,57463,M,,,57
201600029590,16,12,6,1740,5,2,1,1,6.0,57480,M,4909829.0,616085.0,57
201600029591,16,12,9,1610,1,2,1,1,6.0,57463,M,4912047.0,617429.0,57
201600029592,16,12,9,1725,3,1,1,1,2.0,57463,M,4911616.0,620679.0,57
201600029593,16,12,10,600,4,2,1,1,6.0,57463,M,4912665.0,616163.0,57
201600029594,16,12,14,605,5,2,1,1,6.0,57463,M,4911484.0,618940.0,57
201600029595,16,12,15,1730,3,2,1,1,5.0,57463,M,4911823.0,621797.0,57
201600029596,16,12,22,1540,1,2,2,2,3.0,57447,M,4907980.0,614988.0,57
201600029597,16,12,23,1800,5,2,1,1,6.0,57463,M,4910435.0,616272.0,57
201600029598,16,1,19,1725,2,2,1,5,6.0,57630,M,4873497.0,705033.0,57
201600029599,16,3,13,1650,1,2,2,1,3.0,57630,M,4873625.0,705261.0,57
201600029600,16,3,21,800,1,2,1,1,6.0,57630,M,4873501.0,704756.0,57
201600029601,16,3,29,1030,1,2,2,1,3.0,57630,M,4873625.0,705261.0,57
201600029602,16,4,12,2138,3,1,1,1,3.0,57119,M,4873644.0,708005.0,57
201600029603,16,4,13,1800,1,2,1,1,6.0,57630,M,4874235.0,703267.0,57
201600029604,16,4,20,1400,1,2,6,1,3.0,57566,M,4874475.0,710397.0,57
201600029605,16,4,21,1322,1,2,2,1,3.0,57630,M,4874085.0,707390.0,57
201600029606,16,5,8,1100,1,2,3,7,6.0,57630,M,4872625.0,705366.0,57
201600029607,16,5,11,1400,1,2,1,1,6.0,57630,M,4872008.0,703633.0,57
201600029608,16,5,11,1034,1,1,1,1,7.0,57630,M,4872777.0,702680.0,57
201600029609,16,6,27,520,2,2,3,1,7.0,57630,M,4874691.0,707107.0,57
201600029610,16,8,13,1440,1,2,3,1,6.0,57630,M,4873502.0,704941.0,57
201600029611,16,9,16,2000,2,2,1,1,7.0,57630,M,4875208.0,706995.0,57
201600029612,16,9,22,830,1,2,1,1,1.0,57630,M,4874248.0,703272.0,57
201600029613,16,9,24,1949,2,2,6,1,1.0,57566,M,4874271.0,708663.0,57
201600029614,16,10,4,1250,1,2,3,1,2.0,57630,M,4874073.0,707414.0,57
201600029615,16,10,5,1230,1,1,1,1,2.0,57630,M,4875611.0,707062.0,57
201600029616,16,10,7,415,3,1,1,1,7.0,57119,M,4870572.0,707040.0,57
201600029617,16,10,22,2040,5,2,1,1,2.0,57630,M,4873729.0,706095.0,57
201600029618,16,10,23,1445,1,2,6,1,3.0,57566,M,4874355.0,709620.0,57
201600029619,16,11,4,1800,3,2,2,1,3.0,57630,M,4873452.0,708191.0,57
201600029620,16,11,22,1750,5,2,1,2,4.0,57630,M,4874052.0,707455.0,57
201600029621,16,12,5,1330,1,2,1,1,6.0,57630,M,4874521.0,703676.0,57
201600029622,16,12,7,940,1,2,1,8,6.0,57566,M,4874323.0,709382.0,57
201600029623,16,12,22,1630,2,2,3,2,3.0,57630,M,4874540.0,703645.0,57
201600029624,16,12,14,1724,5,2,1,8,7.0,57630,M,4873882.0,706659.0,57
201600029625,16,1,7,1020,1,2,1,1,5.0,57631,M,4910947.0,707183.0,57
201600029626,16,1,27,1840,1,1,1,1,6.0,57631,M,4911341.0,707227.0,57
201600029627,16,2,26,850,1,2,1,1,6.0,57631,M,4911341.0,707227.0,57
201600029628,16,2,28,515,5,2,1,1,3.0,57631,M,4910052.0,706284.0,57
201600029629,16,3,15,1140,1,2,1,1,1.0,57631,M,4910213.0,707644.0,57
201600029630,16,8,13,1130,1,1,1,1,2.0,57631,M,,,57
201600029631,16,10,24,435,3,1,1,1,6.0,57631,M,,,57
201600029632,16,1,9,2115,5,2,3,1,6.0,57672,M,4935652.0,615677.0,57
201600029633,16,12,27,1720,5,2,1,1,1.0,57441,M,4937957.0,617238.0,57
201600029634,16,1,11,1120,1,1,1,5,6.0,57672,M,4937705.0,609563.0,57
201600029635,16,1,12,1820,4,2,1,2,6.0,57672,M,4935352.0,617890.0,57
201600029636,16,1,19,755,5,2,1,1,6.0,57672,M,4935969.0,616896.0,57
201600029637,16,1,20,1430,1,2,1,1,6.0,57672,M,4936643.0,615314.0,57
201600029638,16,2,4,132,3,2,1,1,6.0,57221,M,4931688.0,614178.0,57
201600029639,16,2,12,1025,1,2,1,1,6.0,57672,M,4935291.0,615927.0,57
201600029640,16,2,13,1930,3,2,1,3,6.0,57757,M,4934745.0,619514.0,57
201600029641,16,2,14,1400,1,2,1,1,3.0,57221,M,4932373.0,611581.0,57
201600029642,16,2,27,925,1,2,1,1,6.0,57672,M,4935789.0,613008.0,57
201600029643,16,2,27,1745,1,2,1,1,3.0,57757,M,4935874.0,618957.0,57
201600029644,16,3,15,1125,1,2,1,1,3.0,57306,M,4932335.0,604340.0,57
201600029645,16,3,17,1740,1,2,1,1,2.0,57757,M,4935150.0,617531.0,57
201600029646,16,3,26,600,1,1,1,2,6.0,57672,M,4938524.0,606229.0,57
201600029647,16,3,26,1825,1,2,6,1,3.0,57672,M,4935631.0,614349.0,57
201600029648,16,3,31,2115,5,2,6,3,3.0,57672,M,4935776.0,613660.0,57
201600029649,16,4,7,1705,1,2,1,1,6.0,57757,M,4936961.0,620793.0,57
201600029650,16,4,18,1430,1,1,1,1,1.0,57221,M,4932393.0,611617.0,57
201600029651,16,4,20,1201,1,2,1,1,6.0,57672,M,4936130.0,615773.0,57
201600029652,16,5,6,1115,1,2,1,1,3.0,57672,M,4935792.0,616936.0,57
201600029653,16,5,6,1700,1,2,1,1,2.0,57306,M,4933065.0,605840.0,57
201600029654,16,5,12,900,1,2,1,1,1.0,57508,M,4934692.0,605525.0,57
201600029655,16,5,16,325,5,2,1,1,6.0,57306,M,4932967.0,606040.0,57
201600029656,16,5,21,1040,1,2,1,1,2.0,57672,M,4935666.0,616012.0,57
201600029657,16,5,25,700,1,1,1,1,1.0,57672,M,4938211.0,611793.0,57
201600029658,16,5,26,1410,1,2,1,1,2.0,57221,M,4932866.0,611645.0,57
201600029659,16,6,3,2000,1,1,1,1,6.0,57508,M,4934230.0,604706.0,57
201600029660,16,6,16,1405,1,2,6,3,3.0,57757,M,4935333.0,617934.0,57
201600029661,16,6,17,1100,1,2,2,1,6.0,57757,M,4935812.0,618909.0,57
201600029662,16,7,4,1640,1,2,1,1,2.0,57306,M,4932604.0,605160.0,57
201600029663,16,7,5,1630,1,2,1,1,6.0,57672,M,4935938.0,613341.0,57
201600029664,16,7,8,2025,1,2,1,1,5.0,57757,M,4935123.0,618678.0,57
201600029665,16,7,24,2340,5,2,1,1,3.0,57672,M,4936456.0,610469.0,57
201600029666,16,8,24,1052,1,2,9,1,6.0,57306,M,4932953.0,606585.0,57
201600029667,16,8,31,740,1,2,1,1,6.0,57672,M,4936253.0,617431.0,57
201600029668,16,9,2,920,1,2,1,1,6.0,57306,M,4932972.0,606168.0,57
201600029669,16,9,2,1150,1,2,1,1,6.0,57672,M,4936243.0,616366.0,57
201600029670,16,9,11,1125,1,2,1,1,6.0,57672,M,4935200.0,613933.0,57
201600029671,16,9,16,1135,1,1,1,1,6.0,57306,M,4933058.0,606334.0,57
201600029672,16,9,19,1150,1,2,2,1,1.0,57221,M,4932670.0,612785.0,57
201600029673,16,9,27,1440,1,2,1,1,3.0,57672,M,4937059.0,615106.0,57
201600029674,16,10,5,830,1,1,1,1,6.0,57672,M,4936858.0,615186.0,57
201600029675,16,10,11,1100,1,2,2,1,6.0,57757,M,4935823.0,618918.0,57
201600029676,16,10,15,1205,1,2,1,1,6.0,57672,M,4935730.0,613745.0,57
201600029677,16,11,7,1920,4,2,1,1,6.0,57672,M,4937003.0,616922.0,57
201600029678,16,11,9,920,1,2,2,2,3.0,57672,M,4936136.0,616551.0,57
201600029679,16,11,23,710,2,2,1,1,6.0,57012,M,4935855.0,604823.0,57
201600029680,16,11,23,1800,5,2,3,2,6.0,57221,M,4931733.0,611657.0,57
201600029681,16,11,23,1815,3,2,1,1,6.0,57306,M,4932392.0,605584.0,57
201600029682,16,12,2,1730,5,2,1,2,5.0,57666,M,4934518.0,611873.0,57
201600029683,16,12,3,900,1,2,1,1,1.0,57672,M,4936832.0,615688.0,57
201600029684,16,12,5,1700,5,2,1,1,6.0,57306,M,4933025.0,607313.0,57
201600029685,16,12,6,1720,5,2,1,1,6.0,57672,M,4935663.0,615656.0,57