Num_Acc,an,mois,jour,hrmn,lum,agg,int,atm,col,com,gps,lat,long,dep
201600029686,16,12,6,1755,5,2,1,1,6.0,57672,M,4936335.0,616117.0,57
201600029687,16,12,7,820,1,1,1,1,6.0,57672,M,4936327.0,611270.0,57
201600029688,16,12,12,1750,5,2,1,1,3.0,57757,M,4934398.0,617681.0,57
201600029689,16,12,16,1715,5,2,1,1,5.0,57221,M,4932605.0,613121.0,57
201600029690,16,12,22,1755,5,2,1,2,6.0,57672,M,4935654.0,615560.0,57
201600029691,16,7,3,1615,1,1,1,1,6.0,45345,M,4796875.0,266051.0,45
201600029692,16,8,5,2015,1,1,1,1,6.0,45345,M,4793588.0,267247.0,45
201600029693,16,8,25,1145,1,2,1,1,3.0,45259,M,0.0,0.0,45
201600029694,16,4,18,1815,1,1,1,1,7.0,20142,M,0.0,0.0,201
201600029695,16,6,10,1400,1,2,1,1,6.0,20308,M,4169773.0,906727.0,201
201600029696,16,8,9,1630,1,1,1,1,7.0,20363,M,0.0,0.0,201
201600029697,16,11,8,1640,1,2,1,1,6.0,20142,M,4170604.0,912555.0,201
201600029698,16,12,25,115,3,1,1,1,6.0,20142,M,4170803.0,913698.0,201
201600029699,16,7,14,730,1,1,1,1,3.0,11027,M,4318171.0,251407.0,11
201600029700,16,7,14,1130,1,1,1,1,2.0,11281,M,4325725.0,203287.0,11
201600029701,16,7,30,515,3,1,1,1,6.0,11151,M,4319444.0,244603.0,11
201600029702,16,9,20,745,1,1,1,1,2.0,11199,M,4320337.0,225765.0,11
201600029703,16,6,10,1815,1,1,3,1,3.0,57479,M,0.0,0.0,57
201600029704,16,10,29,1355,1,2,1,1,2.0,57650,M,4944222.0,635317.0,57
201600029705,16,1,23,1215,1,2,1,1,7.0,86100,M,4652640.0,26724.0,86
201600029706,16,9,4,1600,1,1,1,1,6.0,86100,M,0.0,0.0,86
201600029707,16,1,2,2050,5,2,1,2,6.0,58194,M,,,58
201600029708,16,12,19,1800,5,2,1,1,6.0,58194,M,,,58
201600029709,16,1,8,1305,1,2,1,2,6.0,58194,M,4699764.0,316440.0,58
201600029710,16,1,12,1800,2,2,1,2,7.0,58194,M,,,58
201600029711,16,1,12,955,1,2,1,1,6.0,58194,M,4698928.0,315039.0,58
201600029712,16,1,16,1545,1,2,1,1,7.0,58194,M,,,58
201600029713,16,1,27,1245,1,2,1,1,7.0,58194,M,4698139.0,316442.0,58
201600029714,16,1,27,1755,2,2,1,1,7.0,58194,M,,,58
201600029715,16,1,27,1340,1,2,1,1,1.0,58194,M,4699041.0,316554.0,58
201600029716,16,2,10,2055,5,2,1,1,7.0,58194,M,,,58
201600029717,16,2,19,920,1,2,1,1,7.0,58194,M,,,58
201600029718,16,2,11,1018,1,2,1,1,6.0,58194,M,4698611.0,317276.0,58
201600029719,16,2,24,1120,1,2,1,2,6.0,58194,M,4699242.0,314493.0,58
201600029720,16,3,4,1055,1,2,1,3,2.0,58194,M,4698887.0,317477.0,58
201600029721,16,3,10,1620,1,2,1,1,7.0,58194,M,4699105.0,316980.0,58
201600029722,16,3,17,1730,1,2,1,1,3.0,58194,M,,,58
201600029723,16,3,11,1345,1,2,1,1,4.0,58194,M,,,58
201600029724,16,3,17,1115,1,2,7,1,6.0,58194,M,4699124.0,315719.0,58
201600029725,16,3,19,1115,1,2,2,1,3.0,58194,M,4699409.0,313619.0,58
201600029726,16,3,23,1330,1,2,1,1,6.0,58194,M,4699251.0,313550.0,58
201600029727,16,3,31,750,1,2,2,1,3.0,58194,M,4699412.0,313629.0,58
201600029728,16,4,10,1220,1,2,1,1,1.0,58194,M,,,58
201600029729,16,4,13,1655,1,2,1,1,3.0,58194,M,,,58
201600029730,16,4,6,1600,1,2,1,1,2.0,58194,M,4698222.0,315995.0,58
201600029731,16,4,15,1305,1,2,1,1,6.0,58194,M,4699087.0,315942.0,58
201600029732,16,4,18,1720,1,2,3,1,1.0,58194,M,4700426.0,315413.0,58
201600029733,16,4,22,1130,1,2,6,1,2.0,58194,M,4697800.0,312497.0,58
201600029734,16,4,30,2230,5,2,1,2,6.0,58194,M,4700090.0,315604.0,58
201600029735,16,5,10,1715,1,2,3,1,2.0,58194,M,,,58
201600029736,16,5,14,1315,1,2,1,1,3.0,58194,M,,,58
201600029737,16,5,21,5,5,2,1,2,3.0,58194,M,,,58
201600029738,16,5,17,950,1,2,6,1,2.0,58194,M,4699239.0,314878.0,58
201600029739,16,5,29,1620,1,2,1,1,7.0,58194,M,4698326.0,314904.0,58
201600029740,16,5,29,510,5,2,1,2,7.0,58194,M,4699191.0,315854.0,58
201600029741,16,5,31,1355,1,2,1,1,7.0,58194,M,,,58
201600029742,16,6,7,1640,1,2,1,1,7.0,58194,M,,,58
201600029743,16,6,8,1135,1,2,1,1,2.0,58194,M,,,58
201600029744,16,6,10,1555,1,2,1,1,2.0,58194,M,,,58
201600029745,16,6,12,1745,1,2,1,1,2.0,58194,M,,,58
201600029746,16,6,14,1825,1,2,1,2,3.0,58194,M,,,58
201600029747,16,6,12,2245,5,1,1,2,3.0,58194,M,,,58
201600029748,16,6,21,1604,1,2,1,1,6.0,58194,M,4698891.0,315089.0,58
201600029749,16,7,1,1030,1,2,3,1,6.0,58194,M,4699178.0,317072.0,58
201600029750,16,7,9,1800,1,2,3,1,2.0,58194,M,4699418.0,315911.0,58
201600029751,16,7,18,1345,1,2,1,1,7.0,58194,M,,,58
201600029752,16,7,19,2000,1,2,1,1,7.0,58194,M,,,58
201600029753,16,7,20,800,1,2,1,1,7.0,58194,M,,,58
201600029754,16,7,10,2210,5,2,1,1,7.0,58194,M,,,58
201600029755,16,7,5,1345,1,2,1,1,2.0,58194,M,,,58
201600029756,16,7,28,1920,1,2,1,1,7.0,58194,M,,,58
201600029757,16,7,27,900,1,2,3,1,1.0,58194,M,4698881.0,312672.0,58
201600029758,16,7,28,1800,1,2,1,1,3.0,58194,M,,,58
201600029759,16,7,7,2330,5,2,1,1,2.0,58194,M,4698830.0,315773.0,58
201600029760,16,8,2,1625,1,2,1,1,6.0,58194,M,,,58
201600029761,16,7,6,2215,4,2,1,1,7.0,58194,M,4699340.0,316316.0,58
201600029762,16,8,14,2150,5,2,1,1,2.0,58194,M,,,58
201600029763,16,8,29,1625,1,2,1,1,7.0,58194,M,,,58
201600029764,16,8,29,2255,5,2,1,1,3.0,58194,M,4699151.0,314938.0,58
201600029765,16,8,31,1450,1,2,1,1,7.0,58194,M,4698708.0,312391.0,58
201600029766,16,9,1,1718,1,2,1,1,2.0,58194,M,4698703.0,314747.0,58
201600029767,16,9,2,1000,1,2,1,1,1.0,58194,M,,,58
201600029768,16,9,5,1330,1,2,1,2,7.0,58194,M,,,58
201600029769,16,9,8,730,1,2,6,1,3.0,58194,M,4698500.0,318600.0,58
201600029770,16,9,14,2245,5,2,2,2,1.0,58194,M,,,58
201600029771,16,9,15,1740,1,2,1,1,3.0,58194,M,4698376.0,315323.0,58
201600029772,16,9,18,1315,1,2,1,2,7.0,58194,M,,,58
201600029773,16,9,26,1420,1,2,1,1,2.0,58194,M,4698509.0,317603.0,58
201600029774,16,9,27,1110,1,2,1,1,7.0,58194,M,4699091.0,316277.0,58
201600029775,16,9,27,1615,1,2,3,1,4.0,58194,M,4699826.0,316558.0,58
201600029776,16,10,7,800,1,2,3,1,6.0,58194,M,4698755.0,315175.0,58
201600029777,16,10,9,2115,5,2,1,1,6.0,58194,M,,,58
201600029778,16,10,14,800,2,2,1,1,6.0,58194,M,,,58
201600029779,16,10,28,1715,1,2,2,1,3.0,58194,M,4699253.0,313542.0,58
201600029780,16,11,1,1820,5,2,2,1,6.0,58194,M,4699856.0,316460.0,58
201600029781,16,10,27,1630,1,2,1,1,6.0,58194,M,4698681.0,316217.0,58
201600029782,16,11,7,1755,2,2,1,2,4.0,58194,M,4698378.0,312292.0,58
201600029783,16,11,7,1815,5,2,2,3,6.0,58194,M,4699100.0,315700.0,58
201600029784,16,11,5,1350,1,2,3,1,3.0,58194,M,4699954.0,318870.0,58
201600029785,16,11,9,935,1,2,1,3,7.0,58194,M,,,58
201600029786,16,11,12,2350,5,2,1,2,6.0,58194,M,,,58
201600029787,16,11,23,1135,1,2,1,1,3.0,58194,M,4699571.0,312444.0,58
201600029788,16,11,29,720,2,2,6,1,3.0,58194,M,4699505.0,316874.0,58
201600029789,16,11,30,740,1,2,1,1,6.0,58194,M,4699068.0,315891.0,58
201600029790,16,12,7,1755,5,2,9,1,6.0,58194,M,,,58
201600029791,16,12,8,1755,5,2,1,1,1.0,58194,M,4699399.0,315343.0,58
201600029792,16,12,10,1750,2,2,1,1,6.0,58194,M,,,58
201600029793,16,12,9,1925,5,2,1,1,2.0,58194,M,4699454.0,315857.0,58
201600029794,16,12,14,1810,5,2,1,1,7.0,58194,M,4699373.0,317384.0,58
201600029795,16,12,15,1545,1,2,3,1,3.0,58194,M,4699000.0,317000.0,58
201600029796,16,12,17,1140,1,2,3,1,3.0,58194,M,,,58
201600029797,16,12,22,20,5,2,3,9,2.0,58194,M,4698500.0,320000.0,58
201600029798,16,12,25,1005,1,2,1,1,6.0,58194,M,4698902.0,317181.0,58
201600029799,16,12,24,1740,2,2,1,1,7.0,58194,M,4699157.0,317037.0,58
201600029800,16,12,26,2045,5,2,1,2,7.0,58194,M,4699392.0,315341.0,58
201600029801,16,12,27,520,5,2,1,8,7.0,58194,M,4698866.0,316388.0,58
201600029802,16,4,1,900,1,2,1,1,3.0,69273,M,0.0,0.0,69
201600029803,16,4,20,800,1,2,1,7,3.0,69288,M,0.0,0.0,69
201600029804,16,6,7,1445,1,1,1,3,1.0,69228,M,0.0,0.0,69
201600029805,16,6,11,1145,1,2,1,1,5.0,69131,M,0.0,0.0,69
201600029806,16,9,1,1430,1,1,1,7,5.0,69179,M,0.0,0.0,69
201600029807,16,9,16,830,1,1,1,2,3.0,69241,M,0.0,0.0,69
201600029808,16,10,12,1115,1,2,1,1,6.0,69064,M,4546229.0,476863.0,69
201600029809,16,12,20,645,1,2,1,1,6.0,69189,M,4552088.0,486264.0,69
201600029810,16,1,2,1930,4,2,1,2,6.0,95052,M,4914490.0,228610.0,95
201600029811,16,1,31,45,5,1,1,5,3.0,95430,M,0.0,0.0,95
201600029812,16,6,14,1930,1,2,1,1,3.0,95487,M,4915640.0,226540.0,95
201600029813,16,9,6,1630,1,2,1,1,6.0,95052,M,4913730.0,228280.0,95
201600029814,16,10,27,1315,1,2,8,1,6.0,95116,M,4915520.0,232640.0,95
201600029815,16,11,28,130,3,1,6,1,6.0,95058,M,4916480.0,229430.0,95
201600029816,16,12,9,815,2,1,1,2,3.0,95436,M,4912760.0,225270.0,95
201600029817,16,1,31,2130,3,1,1,2,6.0,95445,M,0.0,0.0,95
201600029818,16,2,12,1830,3,1,1,8,6.0,95313,M,4909240.0,220960.0,95
201600029819,16,3,30,1900,2,1,1,2,5.0,95313,M,4910580.0,225950.0,95
201600029820,16,4,8,1130,1,1,6,1,2.0,95313,M,4911890.0,223140.0,95
201600029821,16,7,7,2315,5,2,7,1,6.0,95313,M,4911070.0,221210.0,95
201600029822,16,8,26,845,1,2,7,1,6.0,95313,M,4911270.0,221760.0,95
201600029823,16,10,14,1245,1,1,1,1,1.0,95313,M,4910630.0,223650.0,95
201600029824,16,10,14,2045,5,2,1,2,3.0,95313,M,4911280.0,221340.0,95
201600029825,16,1,6,2100,5,1,1,1,1.0,59431,M,,,59
201600029826,16,1,7,1810,5,2,3,1,6.0,59317,M,,,59
201600029827,16,1,2,1920,5,1,1,8,1.0,59431,M,,,59
201600029828,16,1,12,1937,5,2,9,1,3.0,59017,M,,,59
201600029829,16,1,22,100,3,2,1,1,7.0,59017,M,,,59
201600029830,16,1,20,715,5,2,1,9,2.0,59017,M,,,59
201600029831,16,1,30,1900,3,1,3,1,3.0,59317,M,5070068.0,293250.0,59
201600029832,16,2,3,935,1,2,3,1,6.0,59017,M,,,59
201600029833,16,2,5,1510,1,2,1,1,6.0,59017,M,,,59
201600029834,16,2,13,1150,1,2,3,1,3.0,59017,M,,,59
201600029835,16,2,27,1750,1,1,1,1,6.0,59431,M,,,59
201600029836,16,12,23,1720,5,2,1,2,6.0,59017,M,,,59
201600029837,16,3,11,30,3,1,1,1,7.0,59043,M,,,59
201600029838,16,3,16,1225,1,2,2,1,5.0,59317,M,,,59
201600029839,16,3,18,1855,5,2,1,1,3.0,59017,M,,,59
201600029840,16,4,20,815,1,2,3,1,6.0,59017,M,,,59
201600029841,16,4,28,1550,1,2,1,1,6.0,59043,M,,,59
201600029842,16,4,12,1150,1,2,3,1,3.0,59317,M,,,59
201600029843,16,5,3,1710,1,1,1,1,1.0,59017,M,,,59
201600029844,16,5,5,920,1,2,1,1,6.0,59043,M,,,59
201600029845,16,4,15,2000,2,2,1,1,6.0,59143,M,,,59
201600029846,16,6,16,1220,1,2,1,3,2.0,59143,M,,,59
201600029847,16,6,29,1010,1,1,4,1,3.0,59431,M,,,59
201600029848,16,7,19,1500,1,2,1,1,6.0,59017,M,,,59
201600029849,16,7,26,940,1,1,1,1,1.0,59043,M,,,59
201600029850,16,8,5,1050,1,2,3,1,3.0,59017,M,,,59
201600029851,16,8,18,1035,1,2,3,1,6.0,59017,M,,,59
201600029852,16,8,20,1530,1,2,1,1,3.0,59043,M,,,59
201600029853,16,7,20,2130,1,1,1,1,3.0,59317,M,,,59
201600029854,16,9,13,1225,1,2,1,7,6.0,59017,M,,,59
201600029855,16,9,9,740,1,1,2,7,3.0,59043,M,,,59
201600029856,16,10,9,355,5,2,1,1,6.0,59017,M,,,59
201600029857,16,10,9,1315,1,1,1,1,3.0,59431,M,,,59
201600029858,16,10,13,2135,5,2,1,1,6.0,59043,M,,,59
201600029859,16,10,8,1715,1,2,1,1,6.0,59431,M,,,59
201600029860,16,10,11,1100,1,2,3,1,3.0,59017,M,,,59
201600029861,16,9,26,1755,1,2,1,1,6.0,59017,M,,,59
201600029862,16,10,28,650,5,2,2,1,3.0,59431,M,,,59
201600029863,16,12,3,420,3,1,1,1,6.0,59317,M,,,59
201600029864,16,12,7,1430,1,2,1,1,6.0,59317,M,,,59
201600029865,16,12,5,1000,1,1,3,1,3.0,59431,M,5068395.0,281443.0,59
201600029866,16,12,11,200,5,1,1,1,6.0,59043,M,,,59
201600029867,16,12,8,1445,1,2,3,1,3.0,59017,M,,,59
201600029868,16,1,22,2000,5,2,1,2,6.0,59033,M,,,59
201600029869,16,7,3,2255,5,2,6,1,6.0,59033,M,5019947.0,384097.0,59
201600029870,16,7,24,1700,1,2,3,1,6.0,59033,M,,,59
201600029871,16,2,17,1145,1,2,6,1,6.0,59043,M,,,59
201600029872,16,2,28,1735,1,1,1,1,1.0,59043,M,,,59
201600029873,16,2,15,2030,3,1,1,1,7.0,59206,M,,,59
201600029874,16,3,3,530,5,2,1,3,1.0,59122,M,,,59
201600029875,16,4,5,1805,1,2,1,1,3.0,59122,M,,,59
201600029876,16,5,10,1800,1,2,3,1,6.0,59122,M,,,59
201600029877,16,6,30,955,1,2,1,1,3.0,59122,M,,,59
201600029878,16,9,10,1300,1,1,1,1,1.0,59428,M,,,59
201600029879,16,10,3,1805,1,2,1,7,6.0,59122,M,,,59
201600029880,16,12,19,1130,1,2,1,1,6.0,59122,M,,,59
201600029881,16,1,4,1800,2,2,9,1,1.0,59253,M,,,59
201600029882,16,2,24,120,5,2,3,2,3.0,59253,M,5043233.0,357633.0,59
201600029883,16,5,4,1740,1,2,1,1,1.0,59153,M,,,59
201600029884,16,6,16,1710,1,2,1,1,6.0,59253,M,,,59
201600029885,16,7,3,240,5,2,1,1,6.0,59530,M,5044848.0,365515.0,59
201600029886,16,10,3,1650,1,2,1,1,6.0,59253,M,5043210.0,357600.0,59
201600029887,16,10,17,1915,5,2,9,2,6.0,59616,M,,,59
201600029888,16,10,16,1735,1,2,1,1,1.0,59616,M,,,59
201600029889,16,11,27,1945,5,2,9,1,2.0,59616,M,,,59
201600029890,16,11,22,1615,1,2,1,1,6.0,59172,M,5032678.0,339931.0,59
201600029891,16,12,5,1000,1,2,3,1,2.0,59205,M,,,59
201600029892,16,1,1,900,1,2,1,1,6.0,59446,M,5035943.0,344517.0,59
201600029893,16,12,5,1610,1,2,1,1,1.0,59632,M,5040651.0,340540.0,59
201600029894,16,1,1,530,5,2,1,1,6.0,59632,M,,,59
201600029895,16,12,11,2010,3,2,1,1,6.0,59179,M,5030148.0,338648.0,59
201600029896,16,1,17,1920,3,2,1,1,6.0,59205,M,5032956.0,332444.0,59
201600029897,16,2,4,1840,2,2,1,2,6.0,59361,M,5031541.0,334411.0,59
201600029898,16,3,3,1620,1,2,1,1,6.0,59172,M,5032194.0,337552.0,59
201600029899,16,2,20,1300,1,2,3,1,3.0,59172,M,5031644.0,341075.0,59
201600029900,16,2,27,435,5,2,1,1,6.0,59361,M,5019016.0,21423.0,59
201600029901,16,4,8,1745,1,2,1,1,2.0,59361,M,5031277.0,334666.0,59
201600029902,16,4,2,1800,1,2,1,1,6.0,59632,M,5036997.0,340958.0,59
201600029903,16,4,16,930,1,2,9,1,6.0,59064,M,5036519.0,343191.0,59
201600029904,16,5,27,1540,1,2,9,1,6.0,59172,M,5032900.0,340541.0,59
201600029905,16,7,18,1330,1,2,1,1,6.0,59361,M,5031488.0,335305.0,59
201600029906,16,6,19,1600,1,1,1,1,1.0,59205,M,,,59
201600029907,16,7,11,1610,1,2,2,1,3.0,59179,M,5030322.0,338972.0,59
201600029908,16,7,24,2320,5,2,1,1,6.0,59651,M,5033066.0,341619.0,59
201600029909,16,7,27,1745,1,2,1,1,2.0,59172,M,,,59
201600029910,16,7,30,1545,1,1,1,1,6.0,59302,M,5036490.0,344745.0,59
201600029911,16,8,28,1310,1,2,1,1,2.0,59172,M,5032775.0,339640.0,59
201600029912,16,9,12,910,1,2,1,7,6.0,59172,M,5032686.0,339568.0,59
201600029913,16,10,28,1515,1,2,9,1,3.0,59504,M,5030758.0,332680.0,59
201600029914,16,10,14,1545,1,2,1,1,1.0,59205,M,5031781.0,334265.0,59
201600029915,16,10,5,1750,1,2,1,1,1.0,59179,M,,,59
201600029916,16,12,22,545,3,1,1,8,6.0,59345,M,5033585.0,315944.0,59
201600029917,16,12,12,1710,3,2,3,1,3.0,59178,M,5039133.0,313166.0,59
201600029918,16,12,7,2310,5,2,1,1,1.0,59486,M,5042134.0,313734.0,59
201600029919,16,1,6,2030,5,2,3,8,3.0,59234,M,5039811.0,308138.0,59
201600029920,16,1,13,1140,1,2,1,1,6.0,59178,M,5036261.0,307833.0,59
201600029921,16,2,3,1445,1,2,1,1,6.0,59178,M,5036722.0,308150.0,59
201600029922,16,1,29,820,2,1,1,1,3.0,59165,M,5038086.0,302691.0,59
201600029923,16,2,16,920,1,1,1,9,6.0,59509,M,5042266.0,310647.0,59
201600029924,16,3,11,2350,3,1,1,1,1.0,59165,M,5037775.0,302822.0,59
201600029925,16,3,22,1950,3,1,1,1,1.0,59170,M,5036219.0,314383.0,59
201600029926,16,2,26,1100,1,2,1,1,6.0,59170,M,5035352.0,312536.0,59
201600029927,16,2,24,2000,5,2,2,1,3.0,59276,M,5034808.0,314302.0,59
201600029928,16,2,24,820,1,2,1,9,6.0,59509,M,5041952.0,310658.0,59
201600029929,16,3,9,1015,1,2,9,2,6.0,59569,M,5034211.0,309672.0,59
201600029930,16,3,15,1900,5,2,2,1,3.0,59008,M,5032697.0,324775.0,59
201600029931,16,3,14,1830,2,1,1,1,3.0,59203,M,5035275.0,331794.0,59
201600029932,16,3,3,740,2,1,1,8,3.0,59569,M,5038300.0,313205.0,59
201600029933,16,3,30,900,1,1,3,1,5.0,59569,M,5037880.0,313161.0,59
201600029934,16,3,27,400,3,1,1,2,2.0,59486,M,5042678.0,315149.0,59
201600029935,16,3,29,1620,1,2,9,1,6.0,59178,M,5040283.0,312155.0,59
201600029936,16,4,6,955,1,1,6,1,6.0,59170,M,5034944.0,312647.0,59
201600029937,16,5,5,1330,1,2,4,1,6.0,59002,M,5023228.0,307216.0,59
201600029938,16,4,15,850,1,2,1,1,6.0,59486,M,5041327.0,313547.0,59
201600029939,16,4,19,1655,1,2,3,1,6.0,59574,M,5035375.0,327977.0,59
201600029940,16,4,29,1430,1,1,1,2,5.0,59375,M,5041794.0,326797.0,59
201600029941,16,6,3,1850,1,2,3,1,6.0,59569,M,5021496.0,306464.0,59
201600029942,16,5,16,1050,1,2,2,1,2.0,59008,M,5032397.0,325266.0,59
201600029943,16,6,7,1345,1,2,3,1,3.0,59178,M,5023424.0,306100.0,59
201600029944,16,6,9,1415,1,2,1,1,2.0,59390,M,5021098.0,311580.0,59
201600029945,16,6,6,1640,1,2,3,1,3.0,59375,M,5025517.0,315402.0,59
201600029946,16,7,14,1600,1,2,1,1,7.0,59178,M,5038057.0,308775.0,59
201600029947,16,7,3,1830,1,2,6,1,3.0,59178,M,5037913.0,308058.0,59
201600029948,16,5,30,1630,1,2,1,3,6.0,59178,M,5023415.0,305122.0,59
201600029949,16,7,9,1845,1,2,1,1,2.0,59486,M,5042383.0,314072.0,59
201600029950,16,6,25,2145,5,2,1,1,6.0,59276,M,5020476.0,308503.0,59
201600029951,16,7,1,2240,5,2,1,8,3.0,59574,M,5037161.0,326700.0,59
201600029952,16,7,22,1835,1,2,2,1,3.0,59574,M,5037097.0,326772.0,59
201600029953,16,8,15,1435,1,2,3,1,3.0,59509,M,5041772.0,309883.0,59
201600029954,16,8,27,330,5,2,1,1,7.0,59008,M,5032972.0,324436.0,59
201600029955,16,8,16,1115,1,2,3,1,3.0,59239,M,5042916.0,316891.0,59
201600029956,16,9,1,2330,5,2,2,1,3.0,59178,M,5039077.0,308103.0,59
201600029957,16,8,9,1230,1,1,1,1,5.0,59569,M,5035779.0,312198.0,59
201600029958,16,9,2,1410,1,2,3,1,6.0,59178,M,5036082.0,307878.0,59
201600029959,16,9,12,840,1,2,1,7,6.0,59574,M,5037134.0,326950.0,59
201600029960,16,9,23,1820,1,2,1,1,3.0,59028,M,,,59
201600029961,16,9,12,1645,1,2,3,1,5.0,59390,M,5033918.0,318229.0,59
201600029962,16,10,1,1010,1,2,1,1,6.0,59178,M,5037652.0,307629.0,59
201600029963,16,9,19,935,1,2,2,1,3.0,59574,M,5035846.0,328387.0,59
201600029964,16,10,1,2340,5,2,1,1,3.0,59178,M,5036864.0,307848.0,59
201600029965,16,10,3,1710,1,2,1,1,6.0,59178,M,5037403.0,308644.0,59
201600029966,16,10,14,1330,1,2,3,1,3.0,59178,M,5039077.0,308102.0,59
201600029967,16,10,18,730,5,2,3,1,5.0,59509,M,5041314.0,310850.0,59
201600029968,16,11,5,55,5,2,1,2,6.0,59028,M,5041326.0,306490.0,59
201600029969,16,10,22,1955,3,1,1,1,6.0,59569,M,5035302.0,312201.0,59
201600029970,16,11,1,920,1,2,7,1,6.0,59629,M,5039363.0,323182.0,59
201600029971,16,10,22,1055,1,2,1,1,6.0,59486,M,5041391.0,313570.0,59
201600029972,16,10,29,1515,1,2,2,1,3.0,59569,M,5036995.0,310188.0,59
201600029973,16,11,19,335,5,1,1,1,6.0,59170,M,5034508.0,311223.0,59
201600029974,16,11,12,1825,3,1,1,1,2.0,59569,M,5035888.0,312239.0,59
201600029975,16,12,2,1815,5,2,3,2,6.0,59456,M,5037742.0,321422.0,59
201600029976,16,1,10,1820,1,2,2,1,3.0,59183,M,5102605.0,231786.0,59
201600029977,16,12,24,1215,1,1,1,1,7.0,59359,M,,,59
201600029978,16,1,12,1615,1,2,1,1,6.0,59183,M,5104105.0,238711.0,59
201600029979,16,1,21,1205,1,2,1,1,6.0,59183,M,5102775.0,236369.0,59
201600029980,16,1,31,1635,1,2,1,1,6.0,59183,M,5104050.0,237947.0,59
201600029981,16,2,4,1350,1,2,1,2,6.0,59183,M,5102361.0,232761.0,59
201600029982,16,2,6,1850,3,2,6,1,3.0,59183,M,5101780.0,233294.0,59
201600029983,16,2,9,1845,1,2,1,1,4.0,59183,M,,,59
201600029984,16,2,4,750,2,2,1,1,6.0,59271,M,,,59
201600029985,16,2,16,1250,1,2,1,1,6.0,59271,M,5102333.0,231755.0,59
201600029986,16,2,20,1625,1,2,2,1,1.0,59183,M,5102380.0,224144.0,59
201600029987,16,2,13,143,3,2,1,1,3.0,59183,M,,,59
201600029988,16,2,24,1650,1,2,1,1,6.0,59183,M,5103538.0,237250.0,59
201600029989,16,3,12,1455,1,2,1,1,6.0,59183,M,5104802.0,238563.0,59
201600029990,16,3,18,2315,4,2,6,2,6.0,59183,M,5102297.0,231936.0,59
201600029991,16,3,26,930,1,1,1,1,6.0,59155,M,5102343.0,241049.0,59
201600029992,16,4,12,1455,1,2,2,1,3.0,59183,M,5102036.0,235180.0,59
201600029993,16,4,17,1745,1,2,2,1,1.0,59155,M,5101133.0,221065.0,59
201600029994,16,4,23,100,5,2,3,3,3.0,59183,M,5103261.0,237852.0,59
201600029995,16,4,16,140,3,2,2,1,1.0,59273,M,,,59
201600029996,16,4,22,1015,1,2,1,1,1.0,59271,M,,,59
201600029997,16,4,30,545,2,2,2,1,3.0,59183,M,,,59
201600029998,16,5,4,1535,1,1,1,1,2.0,59359,M,5098412.0,220941.0,59
201600029999,16,5,3,1110,1,2,1,1,6.0,59183,M,5104763.0,238969.0,59
201600030000,16,5,7,45,4,2,4,1,6.0,59155,M,5102883.0,240513.0,59
201600030001,16,5,17,1900,1,2,1,1,6.0,59540,M,5101430.0,221374.0,59
201600030002,16,5,26,1850,1,1,1,1,6.0,59183,M,5102830.0,236830.0,59
201600030003,16,5,24,2300,3,2,2,1,3.0,59271,M,5101505.0,230755.0,59
201600030004,16,6,2,2000,1,1,1,1,1.0,59273,M,5059455.0,210006.0,59
201600030005,16,6,9,1925,1,2,1,1,5.0,59155,M,5101277.0,223425.0,59
201600030006,16,6,11,1830,1,2,1,1,1.0,59131,M,,,59
201600030007,16,6,14,750,1,2,1,2,3.0,59183,M,5101459.0,222250.0,59
201600030008,16,6,16,2050,1,2,1,1,6.0,59183,M,5104560.0,243073.0,59
201600030009,16,6,23,350,5,2,1,1,2.0,59183,M,,,59
201600030010,16,6,24,1650,1,2,1,1,6.0,59183,M,,,59
201600030011,16,6,28,1940,1,1,1,1,4.0,59271,M,,,59
201600030012,16,7,4,15,5,2,3,1,3.0,59540,M,5101368.0,101367.0,59
201600030013,16,7,4,1830,1,2,1,1,6.0,59183,M,,,59
201600030014,16,7,10,2350,5,2,2,1,6.0,59183,M,5103447.0,238088.0,59
201600030015,16,7,15,1810,1,2,1,1,1.0,59155,M,5101152.0,238702.0,59
201600030016,16,7,23,1420,1,2,1,1,3.0,59540,M,,,59
201600030017,16,7,30,540,1,2,1,1,3.0,59273,M,5098519.0,212827.0,59
201600030018,16,8,2,1710,1,2,9,1,6.0,59183,M,,,59
201600030019,16,8,14,156,5,2,1,1,2.0,59183,M,,,59
201600030020,16,8,8,1040,1,1,1,1,6.0,59540,M,,,59
201600030021,16,8,26,1215,1,1,3,1,3.0,59183,M,,,59
201600030022,16,8,28,1515,1,2,3,1,3.0,59155,M,,,59
201600030023,16,8,30,900,1,1,2,1,6.0,59359,M,5099925.0,223504.0,59
201600030024,16,9,2,840,1,2,1,1,6.0,59183,M,5102922.0,237155.0,59
201600030025,16,9,8,2300,3,1,1,1,7.0,59183,M,5105280.0,234730.0,59
201600030026,16,9,12,2105,5,2,3,1,7.0,59183,M,,,59
201600030027,16,9,23,1010,1,2,1,1,6.0,59183,M,,,59
201600030028,16,9,23,1600,1,2,1,1,6.0,59271,M,5101019.0,229002.0,59
201600030029,16,10,2,2120,3,2,1,1,7.0,59183,M,5102922.0,237155.0,59
201600030030,16,10,9,235,3,2,1,1,6.0,59183,M,,,59
201600030031,16,10,4,1750,2,2,2,1,4.0,59155,M,5103111.0,240611.0,59