Num_Acc,an,mois,jour,hrmn,lum,agg,int,atm,col,com,gps,lat,long,dep
201600030032,16,10,16,350,1,1,1,1,7.0,59183,M,,,59
201600030033,16,10,14,1315,1,2,1,1,1.0,59540,M,,,59
201600030034,16,10,7,2035,5,2,1,1,3.0,59273,M,,,59
201600030035,16,10,21,800,1,2,1,1,6.0,59183,M,,,59
201600030036,16,10,24,540,3,2,2,1,3.0,59183,M,,,59
201600030037,16,10,31,2120,5,2,1,1,3.0,59183,M,,,59
201600030038,16,11,13,115,5,2,2,1,1.0,59271,M,,,59
201600030039,16,11,25,1530,1,2,1,1,1.0,59183,M,,,59
201600030040,16,11,29,800,1,2,2,1,3.0,59183,M,5103000.0,241000.0,59
201600030041,16,11,29,745,2,2,6,9,6.0,59540,M,,,59
201600030042,16,12,9,1310,1,2,1,1,6.0,59540,M,,,59
201600030043,16,12,16,2355,5,2,1,1,3.0,59540,M,,,59
201600030044,16,12,16,1855,1,2,1,1,3.0,59155,M,,,59
201600030045,16,12,23,30,5,2,1,1,6.0,59248,M,,,59
201600030046,16,12,26,620,4,2,1,2,6.0,59271,M,,,59
201600030047,16,3,21,1150,1,2,1,1,6.0,59295,M,,,59
201600030048,16,6,3,1715,1,2,1,1,5.0,59295,M,,,59
201600030049,16,9,15,1145,1,2,1,1,6.0,59295,M,,,59
201600030050,16,9,27,945,1,2,1,1,6.0,59295,M,,,59
201600030051,16,10,25,1600,1,1,1,1,4.0,59295,M,,,59
201600030052,16,11,5,1810,5,2,1,2,3.0,59295,M,,,59
201600030053,16,8,11,1510,1,1,1,2,6.0,59104,M,5029631.0,403430.0,59
201600030054,16,12,4,1100,1,2,1,1,6.0,59350,M,,,59
201600030055,16,12,16,1810,5,2,1,1,6.0,59328,M,,,59
201600030056,16,1,1,305,5,2,1,1,6.0,59350,M,5038090.0,335900.0,59
201600030057,16,10,23,1205,1,2,2,1,6.0,59360,M,5061008.0,302063.0,59
201600030058,16,1,4,815,1,2,1,2,6.0,59350,M,5063724.0,305148.0,59
201600030059,16,11,23,2120,5,2,1,1,6.0,59350,M,,,59
201600030060,16,1,8,720,5,2,2,1,3.0,59350,M,,,59
201600030061,16,1,7,1300,1,2,2,2,3.0,59350,M,5062056.0,62056.0,59
201600030062,16,1,9,800,5,2,2,2,3.0,59350,M,5063050.0,303467.0,59
201600030063,16,1,9,440,5,2,1,1,2.0,59350,M,5062631.0,304030.0,59
201600030064,16,1,10,425,5,2,2,1,3.0,59350,M,5062399.0,304321.0,59
201600030065,16,12,4,1320,1,2,1,1,6.0,59350,M,,,59
201600030066,16,1,11,1030,1,2,7,1,6.0,59350,M,,,59
201600030067,16,1,11,750,5,1,3,2,3.0,59378,M,5067310.0,309210.0,59
201600030068,16,1,8,1020,1,2,1,1,3.0,59350,M,5063662.0,303618.0,59
201600030069,16,1,12,1850,5,1,1,8,6.0,59410,M,5064203.0,310973.0,59
201600030070,16,1,12,950,1,2,2,7,6.0,59386,M,5066579.0,304440.0,59
201600030071,16,1,18,850,1,2,1,9,6.0,59378,M,5066224.0,310359.0,59
201600030072,16,1,21,220,5,2,2,1,3.0,59350,M,5063151.0,305969.0,59
201600030073,16,1,12,1945,5,1,1,1,2.0,59350,M,5063984.0,307919.0,59
201600030074,16,1,22,855,1,2,1,1,6.0,59527,M,5066704.0,305103.0,59
201600030075,16,1,25,1555,1,2,1,1,6.0,59009,M,5062200.0,312894.0,59
201600030076,16,11,23,1230,1,2,1,1,2.0,59350,M,5062801.0,305126.0,59
201600030077,16,1,30,235,5,2,1,2,1.0,59378,M,5066530.0,310325.0,59
201600030078,16,1,12,820,2,2,1,1,6.0,59220,M,5060970.0,306346.0,59
201600030079,16,1,19,1600,1,2,1,1,6.0,59350,M,5038180.0,4145.0,59
201600030080,16,1,8,1755,2,2,9,1,6.0,59350,M,5037490.0,56.0,59
201600030081,16,1,28,1850,3,1,1,1,6.0,59220,M,5035037.0,303370.0,59
201600030082,16,2,3,1405,1,2,1,1,6.0,59360,M,5060088.0,304536.0,59
201600030083,16,1,14,745,5,2,3,2,6.0,59350,M,,,59
201600030084,16,2,18,1730,2,2,2,4,6.0,59350,M,5061981.0,305444.0,59
201600030085,16,12,20,1930,5,2,1,1,3.0,59328,M,,,59
201600030086,16,12,12,1835,5,2,1,3,6.0,59527,M,5065918.0,305186.0,59
201600030087,16,1,7,1945,5,2,1,1,1.0,59636,M,,,59
201600030088,16,12,13,930,1,1,2,2,3.0,59009,M,5063000.0,313000.0,59
201600030089,16,1,20,1910,5,2,3,1,6.0,59378,M,,,59
201600030090,16,2,17,2030,5,2,2,1,6.0,59350,M,5063569.0,305959.0,59
201600030091,16,1,15,1400,1,2,1,1,6.0,59009,M,,,59
201600030092,16,2,4,1535,1,2,1,1,6.0,59350,M,,,59
201600030093,16,2,19,1105,1,2,1,1,1.0,59378,M,5066602.0,307622.0,59
201600030094,16,1,30,245,5,2,2,3,3.0,59350,M,5062394.0,304317.0,59
201600030095,16,2,8,1035,1,2,2,7,1.0,59350,M,,,59
201600030096,16,2,25,1035,1,2,7,7,6.0,59350,M,,,59
201600030097,16,1,21,1830,5,2,1,1,2.0,59350,M,,,59
201600030098,16,2,17,1225,1,2,4,1,6.0,59009,M,,,59
201600030099,16,3,7,2250,5,2,1,1,6.0,59560,M,5054736.0,302725.0,59
201600030100,16,2,17,1330,1,2,1,1,4.0,59368,M,,,59
201600030101,16,3,13,850,1,2,2,1,6.0,59009,M,,,59
201600030102,16,3,3,800,1,2,2,1,6.0,59457,M,5066930.0,297552.0,59
201600030103,16,2,11,1845,5,2,1,8,6.0,59350,M,,,59
201600030104,16,3,13,1245,1,2,3,1,1.0,59360,M,5059025.0,303519.0,59
201600030105,16,1,14,745,4,2,1,2,7.0,59350,M,,,59
201600030106,16,3,12,340,3,2,1,1,1.0,59350,M,,,59
201600030107,16,3,2,1920,5,2,1,2,1.0,59360,M,,,59
201600030108,16,2,21,1750,1,2,1,1,2.0,59350,M,5061922.0,304133.0,59
201600030109,16,3,21,1330,1,2,3,1,3.0,59360,M,5060416.0,302805.0,59
201600030110,16,3,7,1130,1,2,1,8,3.0,59350,M,5062822.0,305800.0,59
201600030111,16,3,22,810,1,2,2,1,6.0,59350,M,,,59
201600030112,16,2,15,1920,5,2,3,1,6.0,59350,M,5060655.0,304508.0,59
201600030113,16,2,8,1855,5,2,1,3,7.0,59648,M,5058750.0,305144.0,59
201600030114,16,4,4,1040,1,2,1,1,6.0,59350,M,5060916.0,305994.0,59
201600030115,16,4,5,1215,1,2,1,1,6.0,59350,M,,,59
201600030116,16,4,10,2015,2,2,1,1,3.0,59286,M,,,59
201600030117,16,4,7,1450,1,2,2,1,1.0,59360,M,5060166.0,303966.0,59
201600030118,16,1,27,2115,5,2,5,1,6.0,59350,M,5063433.0,304883.0,59
201600030119,16,3,30,750,5,2,3,1,3.0,59360,M,,,59
201600030120,16,4,13,910,1,2,9,1,6.0,59350,M,,,59
201600030121,16,4,17,430,5,2,2,1,3.0,59350,M,5061661.0,306300.0,59
201600030122,16,4,18,125,5,2,1,1,2.0,59378,M,5066177.0,309533.0,59
201600030123,16,4,17,1800,1,2,2,1,3.0,59410,M,5064647.0,311362.0,59
201600030124,16,4,18,850,1,2,2,1,3.0,59350,M,5063216.0,305097.0,59
201600030125,16,4,18,1220,1,2,1,1,6.0,59286,M,,,59
201600030126,16,4,18,1855,1,2,3,1,6.0,59350,M,5062775.0,304175.0,59
201600030127,16,4,28,1930,1,1,1,1,6.0,59350,M,,,59
201600030128,16,4,17,1810,1,2,1,1,6.0,59350,M,5063620.0,305052.0,59
201600030129,16,5,7,1350,1,2,1,1,6.0,59527,M,,,59
201600030130,16,5,5,300,5,2,2,1,6.0,59350,M,5063011.0,305666.0,59
201600030131,16,3,8,710,1,2,1,1,1.0,59350,M,,,59
201600030132,16,4,24,1645,1,2,1,1,1.0,59328,M,,,59
201600030133,16,5,5,1430,1,2,2,1,3.0,59350,M,,,59
201600030134,16,5,25,2025,1,2,2,1,3.0,59350,M,5062888.0,307369.0,59
201600030135,16,4,15,2020,1,1,1,1,6.0,59350,M,5064286.0,307280.0,59
201600030136,16,5,15,650,1,2,4,1,1.0,59507,M,5060011.0,308027.0,59
201600030137,16,4,9,1020,1,2,3,1,6.0,59350,M,5062952.0,309005.0,59
201600030138,16,6,2,2105,5,2,1,2,2.0,59343,M,5035136.0,950000.0,59
201600030139,16,6,8,1605,1,2,1,1,6.0,59566,M,,,59
201600030140,16,6,9,1740,1,1,2,1,6.0,59350,M,5038237.0,304091.0,59
201600030141,16,5,26,1900,1,2,1,1,3.0,59009,M,,,59
201600030142,16,6,14,1220,1,2,3,2,6.0,59350,M,5038323.0,305147.0,59
201600030143,16,5,12,1955,1,2,1,1,3.0,59648,M,5057841.0,304952.0,59
201600030144,16,6,2,700,1,2,3,1,1.0,59350,M,5038103.0,301114.0,59
201600030145,16,5,24,1330,1,2,2,1,2.0,59368,M,0.0,0.0,59
201600030146,16,6,19,1,5,2,1,1,6.0,59350,M,5037418.0,259428.0,59
201600030147,16,6,8,1810,1,2,3,1,1.0,59350,M,5038394.0,259189.0,59
201600030148,16,5,19,1750,1,2,1,1,6.0,59560,M,,,59
201600030149,16,6,23,1900,1,2,1,1,6.0,59009,M,5060572.0,314061.0,59
201600030150,16,6,24,1515,1,2,2,1,6.0,59360,M,5037011.0,301258.0,59
201600030151,16,6,12,2100,2,2,1,1,1.0,59386,M,,,59
201600030152,16,6,15,1720,1,2,2,1,3.0,59350,M,,,59
201600030153,16,6,23,1810,1,1,3,2,3.0,59360,M,,,59
201600030154,16,6,30,2040,1,2,2,1,3.0,59350,M,5037076.0,304348.0,59
201600030155,16,6,21,1735,1,2,3,1,3.0,59350,M,,,59
201600030156,16,7,4,144,5,2,2,1,3.0,59350,M,,,59
201600030157,16,6,16,720,1,2,2,1,3.0,59350,M,,,59
201600030158,16,6,29,100,5,2,3,1,1.0,59350,M,,,59
201600030159,16,5,28,2110,1,2,3,1,6.0,59350,M,5037079.0,302277.0,59
201600030160,16,5,27,2030,1,1,1,1,7.0,59560,M,5032202.0,302100.0,59
201600030161,16,7,6,2100,2,2,1,1,6.0,59360,M,,,59
201600030162,16,7,8,455,1,2,2,1,6.0,59350,M,,,59
201600030163,16,4,29,355,5,2,2,1,6.0,59350,M,,,59
201600030164,16,6,12,1115,1,2,3,1,3.0,59527,M,,,59
201600030165,16,7,5,1625,1,2,1,1,6.0,59410,M,5064566.0,311727.0,59
201600030166,16,7,13,1610,1,1,1,1,2.0,59560,M,5054497.0,305505.0,59
201600030167,16,7,13,1550,1,1,1,1,3.0,59560,M,5055005.0,304708.0,59
201600030168,16,5,13,1620,1,2,3,1,6.0,59350,M,5038035.0,301599.0,59
201600030169,16,7,22,1645,1,1,1,1,5.0,59360,M,,,59
201600030170,16,7,7,2255,5,2,1,1,5.0,59350,M,5061780.0,302894.0,59
201600030171,16,8,2,1915,1,2,3,2,3.0,59009,M,5061601.0,313181.0,59
201600030172,16,6,24,900,1,2,1,1,6.0,59560,M,,,59
201600030173,16,8,1,1700,1,1,1,1,2.0,59350,M,,,59
201600030174,16,8,13,1820,1,1,1,1,3.0,59560,M,,,59
201600030175,16,7,25,1809,1,2,3,1,3.0,59507,M,5059755.0,309686.0,59
201600030176,16,8,6,1810,1,2,1,1,3.0,59350,M,,,59
201600030177,16,7,8,1,5,2,3,1,3.0,59350,M,5063522.0,305530.0,59
201600030178,16,4,28,2300,5,2,1,1,6.0,59350,M,5062463.0,305522.0,59
201600030179,16,8,19,1045,1,2,2,1,6.0,59350,M,5063936.0,308730.0,59
201600030180,16,8,11,1345,1,2,9,1,2.0,59350,M,5038086.0,931000.0,59
201600030181,16,7,22,2345,5,2,2,1,3.0,59410,M,,,59
201600030182,16,9,1,1450,1,1,1,1,6.0,59193,M,5059194.0,301102.0,59
201600030183,16,8,6,2357,5,2,2,1,3.0,59350,M,5063194.0,305327.0,59
201600030184,16,9,5,1530,1,2,3,1,3.0,59350,M,5064113.0,301830.0,59
201600030185,16,9,17,2008,5,2,1,1,3.0,59350,M,5062913.0,307547.0,59
201600030186,16,9,16,1045,1,2,2,1,6.0,59328,M,,,59
201600030187,16,9,19,1050,1,2,2,1,3.0,59350,M,5064704.0,300534.0,59
201600030188,16,9,26,750,1,2,3,1,6.0,59350,M,,,59
201600030189,16,9,28,1100,1,2,3,1,3.0,59636,M,,,59
201600030190,16,9,7,1015,1,2,3,1,3.0,59350,M,5063135.0,306260.0,59
201600030191,16,9,23,910,1,1,1,1,6.0,59350,M,5063630.0,5658.0,59
201600030192,16,9,15,1400,1,2,2,1,3.0,59350,M,5062304.0,304649.0,59
201600030193,16,10,2,630,5,2,1,8,1.0,59350,M,,,59
201600030194,16,9,16,1835,1,2,9,2,1.0,59009,M,5063885.0,315401.0,59
201600030195,16,9,9,1900,1,2,1,1,2.0,59350,M,5064219.0,309260.0,59
201600030196,16,9,7,639,5,1,3,1,6.0,59378,M,,,59
201600030197,16,10,7,740,2,2,3,1,6.0,59350,M,,,59
201600030198,16,10,15,1720,1,1,1,1,7.0,59343,M,,,59
201600030199,16,10,7,1730,1,2,1,1,3.0,59350,M,5063796.0,5159.0,59
201600030200,16,9,8,1125,1,2,1,1,6.0,59350,M,5062445.0,305287.0,59
201600030201,16,10,23,740,2,2,2,1,3.0,59350,M,5063720.0,302643.0,59
201600030202,16,10,11,1710,1,2,2,1,5.0,59009,M,,,59
201600030203,16,9,13,1730,1,2,6,1,3.0,59527,M,,,59
201600030204,16,10,20,1630,1,2,1,9,3.0,59350,M,,,59
201600030205,16,9,9,15,5,2,4,1,6.0,59350,M,5062450.0,306856.0,59
201600030206,16,11,1,2045,5,2,2,1,3.0,59360,M,,,59
201600030207,16,10,26,5,5,2,1,1,5.0,59350,M,5062662.0,306969.0,59
201600030208,16,11,4,1925,5,2,2,1,6.0,59350,M,,,59
201600030209,16,11,11,1210,1,1,1,1,3.0,59009,M,,,59
201600030210,16,11,29,930,1,2,1,1,6.0,59350,M,,,59
201600030211,16,12,4,155,5,2,2,1,1.0,59350,M,,,59
201600030212,16,10,13,1400,1,2,1,1,1.0,59566,M,5062840.0,200000.0,59
201600030213,16,12,2,1040,1,2,3,1,3.0,59350,M,5062387.0,306676.0,59
201600030214,16,11,24,1745,5,2,2,1,3.0,59350,M,5063097.0,305219.0,59
201600030215,16,12,14,1035,1,2,3,1,6.0,59378,M,5067499.0,308725.0,59
201600030216,16,12,8,1525,1,2,9,1,6.0,59368,M,,,59
201600030217,16,12,7,2210,5,2,3,1,2.0,59350,M,5061481.0,305279.0,59
201600030218,16,12,22,1350,1,2,6,1,3.0,59350,M,5065048.0,298287.0,59
201600030219,16,11,16,1830,5,2,1,1,1.0,59350,M,,,59
201600030220,16,1,2,1820,3,2,6,2,6.0,59225,M,,,59
201600030221,16,5,15,1815,1,2,1,1,3.0,59392,M,,,59
201600030222,16,5,29,1,3,1,1,1,7.0,59291,M,5026164.0,389531.0,59
201600030223,16,6,14,740,1,1,1,1,2.0,59225,M,5027384.0,392195.0,59
201600030224,16,7,18,150,3,1,1,1,6.0,59033,M,,,59
201600030225,16,7,8,325,5,2,2,1,6.0,59392,M,,,59
201600030226,16,7,22,1140,1,1,1,1,2.0,59543,M,,,59
201600030227,16,10,3,840,1,1,1,1,7.0,59365,M,,,59
201600030228,16,11,1,2300,5,2,1,1,2.0,59324,M,,,59
201600030229,16,9,9,1820,1,2,3,1,3.0,59392,M,,,59
201600030230,16,1,6,1455,1,2,1,8,3.0,59512,M,,,59
201600030231,16,1,7,925,1,2,6,3,3.0,59646,M,,,59
201600030232,16,1,7,1210,1,2,1,2,6.0,59512,M,,,59
201600030233,16,1,8,805,2,2,3,1,6.0,59512,M,,,59
201600030234,16,1,11,1730,5,2,1,2,6.0,59598,M,,,59
201600030235,16,1,7,1410,1,2,1,8,2.0,59512,M,,,59
201600030236,16,1,12,1800,5,2,2,2,6.0,59512,M,,,59
201600030237,16,1,15,120,5,2,1,2,2.0,59646,M,,,59
201600030238,16,1,15,1740,5,2,1,2,3.0,59512,M,,,59
201600030239,16,1,15,1830,5,2,1,3,3.0,59299,M,,,59
201600030240,16,1,15,2310,5,2,1,2,3.0,59512,M,,,59
201600030241,16,1,16,1710,5,2,3,8,3.0,59299,M,,,59
201600030242,16,1,16,1930,5,2,1,2,6.0,59650,M,,,59
201600030243,16,1,17,1845,5,2,1,1,6.0,59650,M,,,59
201600030244,16,1,20,800,2,2,3,1,1.0,59299,M,,,59
201600030245,16,1,20,750,2,2,2,1,1.0,59367,M,,,59
201600030246,16,1,21,1230,1,2,1,1,6.0,59163,M,,,59
201600030247,16,1,22,1535,1,2,2,2,1.0,59512,M,,,59
201600030248,16,1,23,1930,5,2,1,2,2.0,59650,M,,,59
201600030249,16,1,23,2330,5,2,2,1,3.0,59512,M,,,59
201600030250,16,1,25,805,1,2,1,1,7.0,59512,M,,,59
201600030251,16,1,26,710,5,2,1,1,3.0,59163,M,,,59
201600030252,16,1,26,815,1,2,2,1,3.0,59512,M,,,59
201600030253,16,1,26,945,1,2,1,1,6.0,59650,M,,,59
201600030254,16,1,27,1830,5,2,1,2,6.0,59512,M,,,59
201600030255,16,1,29,1350,1,2,1,1,6.0,59512,M,,,59
201600030256,16,1,29,2110,5,2,1,1,6.0,59650,M,,,59
201600030257,16,1,30,1230,1,2,2,2,6.0,59512,M,,,59
201600030258,16,1,30,1440,1,2,1,8,6.0,59646,M,,,59
201600030259,16,2,2,1245,1,2,1,1,1.0,59163,M,,,59
201600030260,16,2,3,910,1,2,1,1,6.0,59163,M,,,59
201600030261,16,2,5,1840,2,2,1,2,3.0,59646,M,,,59
201600030262,16,2,6,2215,5,2,2,1,3.0,59512,M,,,59
201600030263,16,2,9,1230,1,2,1,3,6.0,59367,M,,,59
201600030264,16,2,10,1010,1,2,1,1,3.0,59512,M,,,59
201600030265,16,2,11,1645,1,1,1,1,1.0,59512,M,,,59
201600030266,16,2,13,1350,1,2,1,2,3.0,59512,M,,,59
201600030267,16,2,15,930,1,2,1,1,2.0,59646,M,,,59
201600030268,16,2,15,1620,1,2,2,1,6.0,59512,M,,,59
201600030269,16,2,16,220,5,2,2,1,3.0,59512,M,,,59
201600030270,16,2,21,245,5,2,1,2,6.0,59512,M,,,59
201600030271,16,2,22,1625,1,2,1,2,6.0,59512,M,,,59
201600030272,16,2,24,1145,1,1,1,1,6.0,59163,M,,,59
201600030273,16,2,24,2000,5,2,3,1,3.0,59163,M,,,59
201600030274,16,2,25,1030,1,2,3,7,6.0,59367,M,,,59
201600030275,16,2,25,1340,1,2,1,1,3.0,59646,M,,,59
201600030276,16,2,26,1200,1,2,6,1,3.0,59367,M,,,59
201600030277,16,3,2,1320,1,1,1,1,3.0,59299,M,,,59
201600030278,16,3,3,1910,2,2,1,1,1.0,59650,M,,,59
201600030279,16,3,4,1355,1,2,2,1,3.0,59512,M,,,59
201600030280,16,3,4,1712,1,2,2,1,6.0,59512,M,,,59
201600030281,16,3,10,515,5,2,1,8,6.0,59163,M,5066545.0,314761.0,59
201600030282,16,3,11,1135,1,2,1,1,2.0,59512,M,,,59
201600030283,16,3,12,1635,1,1,6,1,4.0,59339,M,,,59
201600030284,16,3,13,1410,1,2,2,1,3.0,59299,M,,,59
201600030285,16,3,14,2015,5,2,1,1,3.0,59512,M,,,59
201600030286,16,3,15,1915,5,2,1,1,3.0,59646,M,,,59
201600030287,16,3,16,1000,1,2,1,1,3.0,59650,M,,,59
201600030288,16,3,18,945,1,2,2,1,3.0,59650,M,,,59
201600030289,16,3,19,713,1,2,2,8,3.0,59512,M,,,59
201600030290,16,3,20,1110,1,2,1,1,2.0,59512,M,,,59
201600030291,16,3,21,500,5,2,2,1,5.0,59512,M,,,59
201600030292,16,3,22,1720,1,2,1,1,6.0,59299,M,,,59
201600030293,16,3,23,1815,1,2,3,1,6.0,59646,M,,,59
201600030294,16,3,24,1645,1,2,1,1,6.0,59512,M,,,59
201600030295,16,3,25,1150,1,2,1,1,6.0,59512,M,,,59
201600030296,16,3,25,1955,5,2,1,1,6.0,59512,M,,,59
201600030297,16,3,27,1300,1,2,1,1,1.0,59512,M,,,59
201600030298,16,3,28,1955,1,2,2,1,3.0,59512,M,,,59
201600030299,16,3,28,2120,5,1,1,1,6.0,59512,M,,,59
201600030300,16,3,29,1930,1,2,1,1,6.0,59650,M,,,59
201600030301,16,3,30,1430,1,2,3,1,6.0,59512,M,,,59
201600030302,16,4,2,1940,2,2,1,2,3.0,59650,M,,,59
201600030303,16,4,3,1745,1,2,1,1,2.0,59650,M,,,59
201600030304,16,4,3,2035,5,2,1,1,6.0,59512,M,,,59
201600030305,16,4,3,1640,1,2,2,1,1.0,59512,M,,,59
201600030306,16,4,4,650,2,2,2,2,3.0,59512,M,,,59
201600030307,16,4,5,2235,5,1,1,1,6.0,59646,M,,,59
201600030308,16,4,6,745,1,2,1,1,6.0,59512,M,,,59
201600030309,16,4,6,1750,1,2,2,1,3.0,59512,M,,,59
201600030310,16,4,7,1840,1,2,1,1,3.0,59512,M,,,59
201600030311,16,4,8,2215,5,2,1,1,3.0,59650,M,,,59
201600030312,16,4,8,1140,1,2,1,1,1.0,59512,M,,,59
201600030313,16,4,9,1430,1,2,1,1,6.0,59512,M,,,59
201600030314,16,4,12,1100,1,1,2,1,6.0,59339,M,,,59
201600030315,16,4,12,2025,1,2,1,1,2.0,59650,M,,,59
201600030316,16,4,14,1145,1,2,1,1,6.0,59512,M,,,59
201600030317,16,4,16,1030,1,2,1,1,6.0,59339,M,,,59
201600030318,16,4,17,1320,1,2,2,1,3.0,59512,M,,,59
201600030319,16,4,19,800,1,2,1,1,2.0,59646,M,,,59
201600030320,16,4,26,1905,1,2,6,1,3.0,59512,M,,,59
201600030321,16,4,28,1450,1,2,2,1,1.0,59512,M,,,59
201600030322,16,4,30,1330,1,2,1,1,1.0,59339,M,,,59
201600030323,16,4,30,1420,1,2,1,1,6.0,59512,M,,,59
201600030324,16,5,1,1640,1,2,1,1,3.0,59512,M,,,59
201600030325,16,5,2,120,5,2,2,1,2.0,59512,M,,,59
201600030326,16,5,3,850,1,2,1,1,6.0,59512,M,,,59
201600030327,16,5,7,1955,1,2,1,1,6.0,59512,M,,,59
201600030328,16,5,8,2020,1,2,3,1,3.0,59512,M,,,59
201600030329,16,5,10,1230,1,1,1,2,6.0,59299,M,,,59
201600030330,16,5,11,1210,1,2,1,1,6.0,59512,M,,,59
201600030331,16,5,13,2145,1,2,2,1,3.0,59512,M,,,59
201600030332,16,5,15,1310,1,2,1,1,6.0,59512,M,,,59
201600030333,16,5,19,940,1,2,1,1,3.0,59512,M,,,59
201600030334,16,5,19,900,1,2,1,1,2.0,59512,M,,,59
201600030335,16,5,19,1405,1,2,1,1,3.0,59512,M,,,59
201600030336,16,5,20,825,1,2,1,2,6.0,59512,M,,,59
201600030337,16,5,20,1730,1,2,2,1,6.0,59512,M,,,59
201600030338,16,5,22,1440,1,2,2,2,3.0,59512,M,,,59
201600030339,16,5,23,1055,1,2,1,1,3.0,59512,M,,,59
201600030340,16,5,24,200,5,2,1,8,6.0,59512,M,,,59
201600030341,16,5,24,1115,1,2,6,1,6.0,59512,M,,,59
201600030342,16,5,26,905,1,2,3,1,3.0,59512,M,,,59
201600030343,16,5,28,1200,1,2,1,1,3.0,59512,M,,,59
201600030344,16,5,29,1815,1,2,2,3,3.0,59512,M,,,59
201600030345,16,5,31,834,1,2,2,2,3.0,59299,M,5066648.0,317974.0,59
201600030346,16,6,6,830,1,2,1,1,6.0,59512,M,,,59
201600030347,16,6,7,1615,1,2,1,2,6.0,59512,M,,,59
201600030348,16,6,8,1310,1,2,3,1,6.0,59512,M,,,59
201600030349,16,6,9,1400,1,2,3,1,6.0,59512,M,,,59
201600030350,16,6,9,1830,1,2,1,1,6.0,59512,M,,,59
201600030351,16,6,10,1800,1,2,1,1,3.0,59512,M,,,59
201600030352,16,6,15,1210,1,2,2,1,1.0,59512,M,,,59
201600030353,16,6,17,1700,1,2,1,2,3.0,59339,M,,,59
201600030354,16,6,18,1000,1,2,3,1,3.0,59646,M,,,59
201600030355,16,6,20,1340,1,2,1,3,6.0,59512,M,,,59
201600030356,16,6,21,1640,1,1,1,1,6.0,59646,M,,,59
201600030357,16,6,22,1145,1,2,6,1,2.0,59650,M,,,59
201600030358,16,6,23,1040,1,2,2,1,3.0,59512,M,,,59
201600030359,16,6,25,510,5,2,2,1,3.0,59512,M,,,59
201600030360,16,6,23,1520,1,2,1,1,6.0,59512,M,,,59
201600030361,16,6,4,35,5,2,1,9,2.0,59512,M,,,59
201600030362,16,7,5,800,1,2,1,1,6.0,59650,M,,,59
201600030363,16,7,8,1815,1,2,2,1,3.0,59339,M,,,59
201600030364,16,7,8,2115,1,2,2,1,3.0,59512,M,,,59
201600030365,16,7,9,1610,1,2,1,1,2.0,59512,M,,,59
201600030366,16,7,10,1805,1,2,2,1,3.0,59512,M,,,59
201600030367,16,7,12,900,1,2,2,1,3.0,59512,M,,,59
201600030368,16,7,12,950,1,2,2,1,3.0,59512,M,,,59
201600030369,16,7,9,530,1,2,2,1,3.0,59650,M,,,59
201600030370,16,4,26,1415,1,2,3,1,3.0,59512,M,,,59
201600030371,16,7,14,1300,1,1,2,1,3.0,59512,M,,,59
201600030372,16,7,10,800,1,2,6,1,3.0,59646,M,,,59
201600030373,16,7,14,1650,1,2,3,1,3.0,59650,M,,,59
201600030374,16,7,9,1915,1,1,3,1,3.0,59512,M,,,59
201600030375,16,6,23,2210,3,2,1,1,6.0,59512,M,,,59
201600030376,16,7,17,2015,1,2,1,1,6.0,59339,M,5068290.0,324659.0,59
201600030377,16,7,20,1535,1,1,2,1,3.0,59512,M,,,59
201600030378,16,7,20,1705,1,2,1,1,6.0,59512,M,,,59
201600030379,16,7,20,1850,1,2,2,1,3.0,59512,M,,,59
201600030380,16,7,22,905,1,2,1,1,6.0,59512,M,,,59
201600030381,16,7,24,750,1,2,3,1,3.0,59339,M,,,59
201600030382,16,7,19,2325,5,1,1,1,3.0,59650,M,,,59
201600030383,16,7,25,1800,1,2,1,1,2.0,59512,M,,,59
201600030384,16,7,26,730,1,2,3,1,3.0,59650,M,,,59
201600030385,16,7,28,1245,1,2,2,1,6.0,59512,M,,,59
201600030386,16,8,2,1320,1,2,3,2,2.0,59512,M,,,59
201600030387,16,8,4,2220,5,2,1,1,5.0,59512,M,,,59
201600030388,16,8,5,830,1,2,1,1,6.0,59512,M,,,59
201600030389,16,8,5,1745,1,2,1,1,3.0,59512,M,,,59
201600030390,16,8,6,1555,1,2,1,1,3.0,59339,M,,,59
201600030391,16,8,10,2130,5,2,2,1,1.0,59512,M,,,59
201600030392,16,8,11,1225,1,2,1,2,6.0,59650,M,,,59
201600030393,16,8,16,1100,1,2,6,1,6.0,59512,M,,,59
201600030394,16,8,19,2330,5,2,1,1,6.0,59512,M,,,59
201600030395,16,8,24,1130,1,1,1,1,1.0,59650,M,,,59
201600030396,16,8,23,1930,1,2,1,1,2.0,59646,M,,,59
201600030397,16,8,30,1940,1,2,1,1,6.0,59163,M,,,59
201600030398,16,8,31,835,1,2,1,1,6.0,59512,M,,,59
201600030399,16,9,1,1600,1,2,3,1,6.0,59163,M,,,59
201600030400,16,9,3,2005,1,2,2,1,3.0,59512,M,,,59
201600030401,16,9,5,1420,1,2,2,1,6.0,59512,M,,,59
201600030402,16,9,6,110,5,2,1,2,7.0,59512,M,,,59
201600030403,16,9,6,510,3,2,1,1,3.0,59650,M,,,59
201600030404,16,9,7,1400,1,2,1,1,2.0,59512,M,,,59
201600030405,16,9,7,1430,1,2,1,1,6.0,59367,M,,,59
201600030406,16,9,8,1520,1,2,9,1,3.0,59650,M,,,59
201600030407,16,9,9,1700,1,2,1,1,1.0,59650,M,,,59
201600030408,16,9,11,945,1,1,6,1,3.0,59367,M,,,59
201600030409,16,9,15,1110,1,2,9,1,3.0,59512,M,,,59
201600030410,16,9,17,1740,1,2,1,1,2.0,59512,M,,,59
201600030411,16,9,18,1830,1,2,2,1,3.0,59512,M,,,59
201600030412,16,9,12,1840,1,2,1,1,6.0,59650,M,,,59
201600030413,16,9,21,1605,1,2,3,1,3.0,59512,M,,,59