Num_Acc,an,mois,jour,hrmn,lum,agg,int,atm,col,com,gps,lat,long,dep
201600030414,16,9,22,2145,5,2,1,1,3.0,59512,M,,,59
201600030415,16,9,23,1720,1,2,1,1,6.0,59163,M,,,59
201600030416,16,9,23,2150,5,2,1,1,3.0,59512,M,,,59
201600030417,16,9,24,1955,5,2,1,1,3.0,59650,M,,,59
201600030418,16,9,29,1500,1,2,1,1,2.0,59646,M,,,59
201600030419,16,9,29,1740,1,2,2,1,3.0,59512,M,,,59
201600030420,16,9,30,415,5,2,1,1,6.0,59512,M,,,59
201600030421,16,10,1,408,5,2,2,1,1.0,59512,M,,,59
201600030422,16,10,2,2310,5,2,2,1,6.0,59512,M,,,59
201600030423,16,10,3,1215,1,2,2,1,6.0,59512,M,,,59
201600030424,16,10,4,810,1,2,1,1,6.0,59512,M,,,59
201600030425,16,10,4,1830,1,2,2,1,3.0,59650,M,,,59
201600030426,16,10,6,2245,5,1,1,1,3.0,59299,M,,,59
201600030427,16,10,7,800,2,1,1,1,1.0,59512,M,,,59
201600030428,16,10,12,920,1,2,1,1,3.0,59512,M,,,59
201600030429,16,10,14,1230,1,2,1,1,3.0,59646,M,,,59
201600030430,16,10,14,2300,5,2,2,3,3.0,59512,M,,,59
201600030431,16,9,30,1300,1,1,1,1,6.0,59650,M,,,59
201600030432,16,10,19,1820,2,2,2,3,2.0,59646,M,,,59
201600030433,16,10,20,1820,2,2,1,1,2.0,59367,M,,,59
201600030434,16,10,22,2350,5,2,1,1,6.0,59512,M,,,59
201600030435,16,10,27,1045,1,2,2,1,1.0,59367,M,,,59
201600030436,16,10,29,1700,1,1,1,1,3.0,59512,M,,,59
201600030437,16,10,30,1345,1,2,6,1,3.0,59512,M,,,59
201600030438,16,11,6,1540,1,2,1,1,6.0,59650,M,,,59
201600030439,16,11,8,900,1,2,1,1,6.0,59512,M,,,59
201600030440,16,11,8,1320,1,2,1,1,1.0,59512,M,,,59
201600030441,16,11,8,1435,1,2,1,1,1.0,59512,M,,,59
201600030442,16,11,8,2130,5,2,3,1,1.0,59646,M,,,59
201600030443,16,11,18,1800,5,2,1,2,6.0,59512,M,,,59
201600030444,16,11,19,1150,1,2,3,1,1.0,59512,M,,,59
201600030445,16,11,19,1900,5,2,1,1,2.0,59646,M,,,59
201600030446,16,11,20,1400,1,2,1,1,3.0,59512,M,,,59
201600030447,16,11,23,730,2,2,9,3,6.0,59646,M,,,59
201600030448,16,11,15,1630,1,2,1,1,6.0,59332,M,,,59
201600030449,16,11,26,1740,2,2,2,9,6.0,59512,M,,,59
201600030450,16,11,30,1810,4,2,2,1,6.0,59646,M,,,59
201600030451,16,12,1,920,1,2,2,1,3.0,59163,M,,,59
201600030452,16,12,6,720,1,2,1,1,1.0,59650,M,,,59
201600030453,16,12,8,750,5,2,1,1,6.0,59598,M,,,59
201600030454,16,11,27,730,5,2,1,1,6.0,59512,M,,,59
201600030455,16,12,11,120,3,1,2,3,3.0,59650,M,,,59
201600030456,16,11,30,1550,1,2,1,7,6.0,59650,M,,,59
201600030457,16,12,14,1745,2,2,2,1,6.0,59512,M,,,59
201600030458,16,12,15,540,5,2,1,1,6.0,59646,M,,,59
201600030459,16,12,19,1820,5,2,8,1,6.0,59512,M,,,59
201600030460,16,12,20,2005,5,1,1,1,6.0,59512,M,,,59
201600030461,16,12,24,1130,1,2,2,1,3.0,59512,M,,,59
201600030462,16,12,27,1845,3,1,1,1,6.0,59646,M,,,59
201600030463,16,12,30,1650,2,2,1,5,6.0,59512,M,,,59
201600030464,16,1,8,1710,2,1,2,1,1.0,59284,M,,,59
201600030465,16,3,13,1510,1,1,1,1,7.0,59526,M,,,59
201600030466,16,4,30,1810,1,2,2,1,3.0,59526,M,,,59
201600030467,16,12,8,1400,1,2,1,1,6.0,59526,M,5043250.0,343611.0,59
201600030468,16,1,6,1240,1,2,1,1,6.0,59599,M,,,59
201600030469,16,1,8,1425,1,2,2,1,3.0,59279,M,,,59
201600030470,16,1,11,1405,1,2,3,2,2.0,59599,M,,,59
201600030471,16,1,11,1820,5,2,2,2,6.0,59599,M,,,59
201600030472,16,1,16,1515,1,2,1,1,2.0,59152,M,,,59
201600030473,16,1,21,1400,1,2,1,1,6.0,59599,M,5073491.0,315706.0,59
201600030474,16,1,21,1600,1,2,1,7,6.0,59599,M,5072083.0,315794.0,59
201600030475,16,1,25,830,1,2,1,1,6.0,59098,M,,,59
201600030476,16,1,25,755,1,2,1,1,3.0,59090,M,,,59
201600030477,16,1,27,1815,2,2,1,2,4.0,59599,M,,,59
201600030478,16,1,29,1850,1,2,1,8,3.0,59599,M,,,59
201600030479,16,2,1,1230,1,1,1,1,3.0,59599,M,,,59
201600030480,16,2,1,1815,2,2,2,2,1.0,59599,M,,,59
201600030481,16,2,9,830,1,2,6,3,3.0,59599,M,,,59
201600030482,16,2,11,800,1,1,1,1,1.0,59152,M,5075244.0,301275.0,59
201600030483,16,2,16,1045,1,1,1,1,6.0,59599,M,,,59
201600030484,16,2,22,800,1,2,1,2,1.0,59098,M,,,59
201600030485,16,2,22,1550,1,2,8,2,6.0,59599,M,,,59
201600030486,16,2,24,1900,2,2,3,1,3.0,59279,M,,,59
201600030487,16,2,25,1700,1,2,2,1,6.0,59599,M,,,59
201600030488,16,3,16,2005,5,2,3,1,3.0,59599,M,,,59
201600030489,16,3,19,1900,2,2,2,1,3.0,59426,M,,,59
201600030490,16,3,27,935,1,2,1,1,6.0,59090,M,,,59
201600030491,16,4,30,1630,1,1,1,1,6.0,59352,M,,,59
201600030492,16,5,3,1045,1,2,1,1,3.0,59090,M,,,59
201600030493,16,5,8,1545,1,2,1,1,3.0,59599,M,5071869.0,313983.0,59
201600030494,16,5,13,1300,1,2,1,1,6.0,59599,M,,,59
201600030495,16,6,11,1930,1,2,1,1,1.0,59279,M,,,59
201600030496,16,6,5,1530,1,2,1,1,6.0,59599,M,,,59
201600030497,16,6,10,1930,1,2,1,1,6.0,59599,M,,,59
201600030498,16,6,20,1840,1,2,1,2,6.0,59599,M,,,59
201600030499,16,6,23,1630,1,2,1,1,6.0,59599,M,,,59
201600030500,16,6,24,1420,1,2,1,1,1.0,59599,M,,,59
201600030501,16,6,15,1615,1,2,1,1,6.0,59599,M,,,59
201600030502,16,6,27,845,1,2,1,1,6.0,59599,M,,,59
201600030503,16,7,1,1955,1,1,1,1,6.0,59426,M,,,59
201600030504,16,7,5,2130,5,2,1,1,6.0,59421,M,5070011.0,313970.0,59
201600030505,16,7,10,1620,1,2,1,1,1.0,59152,M,,,59
201600030506,16,7,6,2145,2,2,1,1,7.0,59426,M,,,59
201600030507,16,7,10,1415,1,2,1,1,6.0,59508,M,,,59
201600030508,16,7,26,615,4,1,6,1,1.0,59098,M,,,59
201600030509,16,7,25,1840,1,2,1,1,6.0,59599,M,,,59
201600030510,16,8,8,1640,1,2,1,1,6.0,59279,M,,,59
201600030511,16,8,4,1610,1,1,1,1,3.0,59098,M,,,59
201600030512,16,8,23,1425,1,2,1,1,3.0,59599,M,,,59
201600030513,16,9,6,1100,1,2,2,1,6.0,59599,M,,,59
201600030514,16,9,2,215,5,2,1,1,6.0,59599,M,,,59
201600030515,16,9,15,1450,1,1,1,1,1.0,59279,M,,,59
201600030516,16,9,20,2100,5,2,2,1,3.0,59599,M,,,59
201600030517,16,9,22,1415,1,2,1,1,5.0,59599,M,,,59
201600030518,16,10,3,2120,5,2,2,1,3.0,59279,M,,,59
201600030519,16,9,20,2020,5,2,1,1,1.0,59098,M,,,59
201600030520,16,10,6,1230,1,2,1,1,6.0,59508,M,,,59
201600030521,16,10,29,630,1,2,1,1,6.0,59279,M,,,59
201600030522,16,11,2,2010,5,2,2,1,3.0,59599,M,,,59
201600030523,16,11,5,2320,1,2,2,1,1.0,59599,M,,,59
201600030524,16,11,9,1950,5,2,1,2,6.0,59599,M,,,59
201600030525,16,11,14,635,5,2,1,8,6.0,59599,M,,,59
201600030526,16,11,15,1800,5,2,1,2,6.0,59421,M,,,59
201600030527,16,11,22,1540,1,2,1,1,6.0,59426,M,,,59
201600030528,16,11,22,910,1,2,2,1,1.0,59599,M,5072752.0,316360.0,59
201600030529,16,11,25,1210,1,2,2,1,6.0,59152,M,5076303.0,301092.0,59
201600030530,16,11,13,520,5,1,1,1,1.0,59279,M,5077402.0,309116.0,59
201600030531,16,12,3,910,1,2,1,5,6.0,59421,M,,,59
201600030532,16,12,3,1645,1,2,1,1,6.0,59098,M,5077292.0,306868.0,59
201600030533,16,12,6,1720,1,1,1,1,5.0,59090,M,5070259.0,307982.0,59
201600030534,16,12,8,2000,5,2,3,1,3.0,59599,M,,,59
201600030535,16,12,9,1210,1,2,1,1,6.0,59599,M,,,59
201600030536,16,12,14,1820,1,1,1,1,6.0,59279,M,,,59
201600030537,16,12,16,820,2,2,1,8,1.0,59421,M,,,59
201600030538,16,12,19,1915,3,2,2,1,3.0,59599,M,5073055.0,313975.0,59
201600030539,16,12,19,1720,5,2,3,1,1.0,59279,M,5076823.0,310323.0,59
201600030540,16,10,14,2315,5,2,1,1,2.0,59160,M,5042171.0,366112.0,59
201600030541,16,10,9,2300,5,2,1,1,6.0,59606,M,5036423.0,352605.0,59
201600030542,16,10,14,1700,1,2,1,1,5.0,59606,M,5035799.0,351633.0,59
201600030543,16,1,9,1930,2,2,4,1,2.0,59557,M,5032894.0,355927.0,59
201600030544,16,10,10,1345,1,2,3,1,6.0,59014,M,5037518.0,351689.0,59
201600030545,16,1,14,850,1,2,1,4,6.0,59606,M,5035958.0,351261.0,59
201600030546,16,12,3,715,5,2,1,1,6.0,59447,M,5038477.0,359337.0,59
201600030547,16,1,14,1645,2,2,1,1,1.0,59014,M,,,59
201600030548,16,1,14,1415,1,2,1,1,6.0,59491,M,5039105.0,348200.0,59
201600030549,16,11,30,1630,1,2,1,1,6.0,59112,M,5039587.0,353741.0,59
201600030550,16,2,5,1320,1,2,1,1,2.0,59484,M,5040350.0,367377.0,59
201600030551,16,2,20,2115,5,2,1,1,6.0,59014,M,5037408.0,350011.0,59
201600030552,16,1,6,1840,5,2,1,1,6.0,59606,M,,,59
201600030553,16,1,1,110,5,2,3,2,6.0,59606,M,,,59
201600030554,16,1,23,645,3,1,3,1,3.0,59447,M,,,59
201600030555,16,1,6,1800,5,2,1,1,6.0,59491,M,,,59
201600030556,16,1,19,600,5,2,3,1,1.0,59459,M,5037558.0,346594.0,59
201600030557,16,3,13,1650,1,2,3,1,1.0,59491,M,5040666.0,351390.0,59
201600030558,16,3,12,1600,1,1,1,1,2.0,59447,M,,,59
201600030559,16,3,18,2000,5,2,1,1,3.0,59491,M,5039941.0,349758.0,59
201600030560,16,3,18,2115,5,1,3,1,3.0,59606,M,5036522.0,351661.0,59
201600030561,16,3,16,845,1,2,3,1,7.0,59544,M,,,59
201600030562,16,2,24,1700,2,2,1,1,3.0,59564,M,5034833.0,348636.0,59
201600030563,16,2,15,1700,1,2,1,1,6.0,59606,M,5036283.0,349094.0,59
201600030564,16,2,15,1820,1,2,1,1,6.0,59479,M,5039663.0,364188.0,59
201600030565,16,3,22,800,1,1,1,1,6.0,59544,M,5036930.0,355180.0,59
201600030566,16,2,26,1800,2,2,9,1,6.0,59014,M,5037547.0,351322.0,59
201600030567,16,4,3,1230,1,2,3,1,2.0,59369,M,5030791.0,347108.0,59
201600030568,16,2,6,1600,1,2,1,1,3.0,59491,M,,,59
201600030569,16,3,22,840,1,2,1,1,3.0,59606,M,5036780.0,354052.0,59
201600030570,16,2,6,350,5,2,3,1,6.0,59544,M,,,59
201600030571,16,2,11,1345,1,2,1,8,5.0,59079,M,,,59
201600030572,16,4,6,1845,2,2,1,1,3.0,59491,M,5024880.0,327580.0,59
201600030573,16,4,2,1840,2,2,1,1,3.0,59447,M,5038825.0,359972.0,59
201600030574,16,2,19,2000,5,2,2,1,3.0,59447,M,5036586.0,360962.0,59
201600030575,16,2,15,1700,1,2,1,1,6.0,59447,M,5038644.0,360002.0,59
201600030576,16,3,24,1415,1,2,3,1,3.0,59606,M,5035836.0,350163.0,59
201600030577,16,4,14,2345,5,2,1,1,6.0,59491,M,5040074.0,346202.0,59
201600030578,16,3,28,1840,1,2,1,1,7.0,59544,M,,,59
201600030579,16,3,21,1430,1,2,1,1,6.0,59606,M,5036163.0,350747.0,59
201600030580,16,3,20,900,1,2,3,1,3.0,59491,M,5038477.0,349061.0,59
201600030581,16,5,17,1940,1,1,3,1,3.0,59613,M,5040400.0,362050.0,59
201600030582,16,5,19,1815,1,2,1,1,4.0,59606,M,5035380.0,352877.0,59
201600030583,16,4,19,1645,1,2,1,1,6.0,59112,M,,,59
201600030584,16,4,21,1745,1,2,1,1,2.0,59459,M,,,59
201600030585,16,4,16,2020,1,2,1,1,2.0,59606,M,,,59
201600030586,16,4,16,600,1,2,3,1,3.0,59079,M,,,59
201600030587,16,5,17,1720,1,2,1,1,6.0,59606,M,5036141.0,353136.0,59
201600030588,16,5,17,1120,1,2,2,1,3.0,59544,M,5036213.0,354138.0,59
201600030589,16,6,6,820,1,2,1,1,2.0,59112,M,5039613.0,353288.0,59
201600030590,16,6,6,830,1,2,1,1,3.0,59484,M,5040052.0,365863.0,59
201600030591,16,5,15,2025,2,2,1,1,6.0,59014,M,5037755.0,349891.0,59
201600030592,16,5,30,205,3,2,1,2,6.0,59112,M,,,59
201600030593,16,5,31,2040,2,2,1,2,3.0,59564,M,,,59
201600030594,16,5,8,1830,1,1,3,1,3.0,59613,M,,,59
201600030595,16,5,9,1145,1,2,1,1,3.0,59484,M,,,59
201600030596,16,5,4,1400,1,2,1,1,2.0,59207,M,5041469.0,355869.0,59
201600030597,16,5,7,920,1,2,1,1,6.0,59014,M,,,59
201600030598,16,5,2,1850,1,2,1,1,6.0,59475,M,5032277.0,344288.0,59
201600030599,16,6,12,1535,1,2,3,1,3.0,59112,M,,,59
201600030600,16,6,24,1820,1,2,1,1,6.0,59606,M,,,59
201600030601,16,6,2,1755,1,2,1,1,6.0,59447,M,,,59
201600030602,16,6,15,1345,1,2,6,1,6.0,59606,M,5035269.0,352222.0,59
201600030603,16,6,17,1915,1,2,6,1,6.0,59606,M,5035400.0,352922.0,59
201600030604,16,7,12,1530,1,2,3,1,6.0,59112,M,5038804.0,352689.0,59
201600030605,16,7,4,1950,1,2,3,1,3.0,59606,M,5035885.0,351262.0,59
201600030606,16,8,29,1930,1,2,1,1,3.0,59491,M,5037879.0,349553.0,59
201600030607,16,8,29,2130,2,2,6,1,3.0,59606,M,5035194.0,352191.0,59
201600030608,16,8,22,1400,1,2,1,1,3.0,59112,M,5040379.0,354823.0,59
201600030609,16,10,1,2330,5,2,1,1,6.0,59557,M,5033666.0,357444.0,59
201600030610,16,8,5,1500,1,1,1,1,1.0,59383,M,5035890.0,356230.0,59
201600030611,16,10,3,1030,1,2,4,1,1.0,59557,M,5033833.0,357194.0,59
201600030612,16,7,29,100,5,2,1,2,6.0,59014,M,5036923.0,351242.0,59
201600030613,16,8,25,2330,5,2,2,1,3.0,59484,M,5040240.0,366658.0,59
201600030614,16,9,2,1355,1,2,1,1,6.0,59606,M,5034870.0,351978.0,59
201600030615,16,9,22,1950,1,2,1,1,3.0,59207,M,5042804.0,356884.0,59
201600030616,16,8,16,630,5,2,1,1,6.0,59112,M,5039646.0,353687.0,59
201600030617,16,10,19,1100,1,2,1,1,6.0,59606,M,5036272.0,352081.0,59
201600030618,16,9,15,1730,1,2,1,1,6.0,59383,M,5035113.0,354065.0,59
201600030619,16,9,15,1800,1,2,1,1,2.0,59383,M,5034781.0,354970.0,59
201600030620,16,10,7,1310,1,2,1,1,1.0,59032,M,5033055.0,354666.0,59
201600030621,16,11,5,1915,3,1,1,1,5.0,59479,M,5040178.0,363651.0,59
201600030622,16,11,9,1830,5,2,1,2,6.0,59014,M,5037633.0,349813.0,59
201600030623,16,12,8,1755,5,2,1,1,3.0,59447,M,5038768.0,360373.0,59
201600030624,16,12,7,1700,2,2,1,1,6.0,59032,M,5033598.0,352005.0,59
201600030625,16,12,25,1555,1,2,2,1,3.0,59544,M,5036132.0,356381.0,59
201600030626,16,12,28,2305,3,1,1,9,6.0,59032,M,5032271.0,350403.0,59
201600030627,16,2,21,1445,1,2,1,1,6.0,68177,M,4794023.0,716065.0,68
201600030628,16,6,29,1830,1,2,1,1,6.0,68112,M,4790879.0,721290.0,68
201600030629,16,9,16,545,3,1,1,2,6.0,68318,M,4796200.0,719900.0,68
201600030630,16,10,2,1215,1,1,1,1,7.0,68188,M,4793456.0,708126.0,68
201600030631,16,10,4,2315,1,2,1,1,6.0,68112,M,4791300.0,721200.0,68
201600030632,16,10,18,1715,1,1,1,1,6.0,68112,M,0.0,0.0,68
201600030633,16,10,22,30,5,2,1,1,1.0,68112,M,0.0,0.0,68
201600030634,16,11,9,45,5,2,1,1,6.0,68112,M,4791585.0,720773.0,68
201600030635,16,12,1,2315,5,2,1,1,6.0,68315,M,0.0,0.0,68
201600030636,16,12,9,900,1,2,6,7,6.0,68112,M,0.0,0.0,68
201600030637,16,12,10,1700,5,2,3,1,3.0,68112,M,4790201.0,723195.0,68
201600030638,16,9,16,2045,5,2,6,1,2.0,68156,M,4790894.0,725665.0,68
201600030639,16,9,20,1745,1,2,9,1,2.0,68315,M,4788914.0,725628.0,68
201600030640,16,9,22,830,1,2,3,1,7.0,68315,M,4788220.0,723362.0,68
201600030641,16,9,24,1000,1,2,1,1,7.0,68203,M,4790439.0,731003.0,68
201600030642,16,10,1,1545,1,2,3,2,7.0,68156,M,4790220.0,723894.0,68
201600030643,16,10,8,30,5,2,1,1,7.0,68043,M,4785671.0,726563.0,68
201600030644,16,10,16,1245,1,2,4,1,1.0,68260,M,4788812.0,725222.0,68
201600030645,16,10,20,1915,1,1,4,1,1.0,68156,M,4791038.0,726425.0,68
201600030646,16,11,14,1000,1,2,1,8,7.0,68343,M,0.0,0.0,68
201600030647,16,11,29,1830,3,1,6,1,2.0,68156,M,0.0,0.0,68
201600030648,16,12,7,545,5,2,1,4,6.0,68260,M,4788519.0,728957.0,68
201600030649,16,12,15,915,1,2,1,5,7.0,68156,M,4790384.0,725149.0,68
201600030650,16,6,3,1900,1,1,3,1,3.0,43117,M,4523990.0,345524.0,43
201600030651,16,7,11,1530,1,2,7,1,1.0,43040,M,,,43
201600030652,16,8,18,1700,1,1,1,1,1.0,43052,M,4536680.0,351121.0,43
201600030653,16,12,6,845,2,2,3,1,3.0,43040,M,,,43
201600030654,16,5,5,1745,1,1,1,7,6.0,43048,M,4533600.0,370458.0,43
201600030655,16,1,21,1045,1,2,6,1,3.0,41194,M,4734715.0,174798.0,41
201600030656,16,3,2,30,3,1,1,2,6.0,41282,M,4732491.0,178311.0,41
201600030657,16,3,2,1845,2,1,1,2,6.0,41185,M,4737378.0,169447.0,41
201600030658,16,2,26,1500,1,2,1,1,6.0,41194,M,4736155.0,173535.0,41
201600030659,16,5,7,1115,1,1,6,1,2.0,41194,M,4736327.0,171198.0,41
201600030660,16,6,23,2045,1,1,3,1,3.0,41194,M,4740304.0,171211.0,41
201600030661,16,7,1,1100,1,1,6,1,7.0,41194,M,4734239.0,174982.0,41
201600030662,16,7,29,2345,3,1,1,5,7.0,41282,M,4736299.0,178759.0,41
201600030663,16,11,16,1745,4,2,1,1,6.0,41194,M,4735154.0,174527.0,41
201600030664,16,1,25,1815,3,2,1,1,6.0,41067,M,4750837.0,145943.0,41
201600030665,16,2,10,1015,1,1,1,1,3.0,41067,M,4751799.0,144187.0,41
201600030666,16,2,18,900,1,1,1,4,3.0,41031,M,4751425.0,135200.0,41
201600030667,16,2,19,2145,3,1,1,1,2.0,41032,M,4756264.0,130606.0,41
201600030668,16,8,8,1115,1,1,1,1,3.0,41148,M,4764362.0,142793.0,41
201600030669,16,8,28,315,3,1,1,1,2.0,41262,M,4757100.0,153300.0,41
201600030670,16,9,2,1500,1,1,1,1,1.0,41150,M,4754406.0,143697.0,41
201600030671,16,9,2,2045,4,1,1,1,1.0,41150,M,4756255.0,143801.0,41
201600030672,16,12,1,530,3,1,3,1,3.0,41148,M,4764765.0,143902.0,41
201600030673,16,12,12,1300,1,1,1,1,2.0,41147,M,4750876.0,129981.0,41
201600030674,16,12,16,1845,5,2,1,1,1.0,41067,M,4751712.0,144763.0,41
201600030675,16,10,10,1810,1,2,2,2,1.0,60057,M,4941691.0,207717.0,60
201600030676,16,10,10,1200,1,2,1,1,6.0,60057,M,4943826.0,209855.0,60
201600030677,16,4,23,1210,1,2,1,1,6.0,60057,M,4942730.0,208734.0,60
201600030678,16,1,16,1800,2,2,1,1,6.0,60057,M,4944428.0,202197.0,60
201600030679,16,2,3,1017,1,2,1,1,6.0,60057,M,4943943.0,205780.0,60
201600030680,16,2,5,810,1,2,1,1,6.0,60057,M,4942713.0,208333.0,60
201600030681,16,5,21,1355,1,2,1,1,6.0,60057,M,4942549.0,209157.0,60
201600030682,16,4,3,5,5,2,3,1,3.0,60057,M,4941913.0,207162.0,60
201600030683,16,4,19,1145,1,2,1,1,6.0,60057,M,4942360.0,208500.0,60
201600030684,16,7,26,1535,1,1,1,1,2.0,60057,M,4944174.0,212794.0,60
201600030685,16,7,6,925,1,2,9,1,6.0,60057,M,4942764.0,208833.0,60
201600030686,16,7,1,2155,5,1,1,1,6.0,60057,M,4886272.0,228759.0,60
201600030687,16,5,28,1500,1,1,3,1,3.0,22357,M,4857708.0,-218289.0,22
201600030688,16,5,28,1700,1,2,6,1,3.0,22103,M,4855367.0,-200239.0,22
201600030689,16,6,11,430,3,1,1,2,6.0,22014,M,4851012.0,-224815.0,22
201600030690,16,7,14,1445,1,1,1,1,3.0,22049,M,4856823.0,-220877.0,22
201600030691,16,8,17,1000,1,1,6,7,2.0,22357,M,4856502.0,-218935.0,22
201600030692,16,10,13,2215,3,1,1,1,1.0,22105,M,4849604.0,-214191.0,22
201600030693,16,11,4,1330,1,2,1,3,1.0,22209,M,4857836.0,-213973.0,22
201600030694,16,11,20,100,3,1,1,6,6.0,22190,M,4851780.0,-208748.0,22
201600030695,16,11,27,515,3,1,1,1,6.0,22237,M,4853723.0,-224913.0,22
201600030696,16,1,31,1745,1,1,1,2,7.0,22375,M,4862122.0,-297439.0,22
201600030697,16,4,8,1445,1,1,6,1,3.0,22188,M,4852216.0,-287277.0,22
201600030698,16,5,14,1045,1,1,2,1,4.0,22375,M,4862386.0,-297229.0,22
201600030699,16,5,18,1430,1,1,1,1,2.0,22356,M,4855858.0,-288824.0,22
201600030700,16,6,5,1315,1,1,1,1,1.0,22361,M,4859841.0,-295286.0,22
201600030701,16,8,7,1330,1,1,3,1,3.0,22188,M,4852239.0,-287661.0,22
201600030702,16,8,22,1130,1,2,1,1,3.0,22121,M,4863345.0,-297496.0,22
201600030703,16,9,8,530,3,1,1,1,6.0,22361,M,4859645.0,-295112.0,22
201600030704,16,10,19,755,2,1,1,8,1.0,22065,M,4861396.0,-300662.0,22
201600030705,16,12,10,1730,5,2,3,8,7.0,22372,M,4851965.0,-284852.0,22
201600030706,16,1,15,710,3,1,1,9,7.0,60665,M,4940814.0,277695.0,60
201600030707,16,1,3,1805,3,2,1,3,3.0,60665,M,4941810.0,280362.0,60
201600030708,16,2,1,555,3,2,1,8,7.0,60159,M,4942083.0,283191.0,60
201600030709,16,2,3,930,1,2,1,8,6.0,60382,M,4942650.0,281722.0,60
201600030710,16,2,27,2320,4,2,1,1,6.0,60159,M,4942066.0,282302.0,60
201600030711,16,3,11,2000,5,2,1,1,6.0,60382,M,4942402.0,282241.0,60
201600030712,16,3,24,905,1,2,3,1,6.0,60159,M,4941666.0,282877.0,60
201600030713,16,3,27,1410,1,1,1,1,1.0,60665,M,4941722.0,278647.0,60
201600030714,16,4,9,545,3,2,2,1,3.0,60159,M,4941661.0,281799.0,60
201600030715,16,4,15,2000,1,2,3,1,6.0,60159,M,4942116.0,282236.0,60
201600030716,16,4,18,1730,1,2,2,1,5.0,60159,M,4941091.0,283827.0,60
201600030717,16,5,14,1300,1,2,1,1,6.0,60159,M,4939497.0,280130.0,60
201600030718,16,5,20,825,1,2,1,1,6.0,60159,M,4940452.0,281322.0,60
201600030719,16,5,24,1940,1,2,3,1,3.0,60159,M,4940266.0,281852.0,60
201600030720,16,6,6,1640,1,2,3,1,6.0,60159,M,4941247.0,282164.0,60
201600030721,16,7,24,1745,1,2,3,1,3.0,60159,M,4940800.0,282238.0,60
201600030722,16,7,26,1600,1,2,3,1,6.0,60159,M,4941705.0,282363.0,60
201600030723,16,7,27,430,3,2,6,1,3.0,60159,M,4940597.0,281186.0,60
201600030724,16,7,30,1830,1,2,1,1,6.0,60159,M,4942200.0,282194.0,60
201600030725,16,7,31,30,3,1,6,1,6.0,60159,M,4938875.0,278647.0,60
201600030726,16,8,5,1940,1,1,1,1,1.0,60159,M,4938513.0,285777.0,60
201600030727,16,8,13,1115,1,2,1,1,6.0,60159,M,4940641.0,283791.0,60
201600030728,16,9,7,2015,1,2,1,1,3.0,60159,M,4940705.0,280322.0,60
201600030729,16,10,1,1530,1,1,1,1,2.0,60159,M,4941964.0,279399.0,60
201600030730,16,10,2,320,3,1,1,1,6.0,60159,M,4939931.0,283612.0,60
201600030731,16,10,2,915,1,1,1,1,3.0,60159,M,4940185.0,285459.0,60
201600030732,16,10,17,1800,1,1,3,1,3.0,60159,M,4940050.0,282414.0,60
201600030733,16,10,11,1530,1,1,1,1,6.0,60665,M,4940931.0,278416.0,60
201600030734,16,10,18,1645,1,2,3,1,3.0,60159,M,4940668.0,281866.0,60
201600030735,16,10,14,2210,3,2,3,1,1.0,60159,M,4941897.0,282436.0,60
201600030736,16,11,27,1445,1,2,1,1,1.0,60159,M,4940488.0,280982.0,60
201600030737,16,11,11,2015,5,2,3,1,3.0,60159,M,4941141.0,281839.0,60
201600030738,16,12,14,1115,1,2,6,1,6.0,60382,M,4942354.0,282011.0,60
201600030739,16,12,27,2015,5,1,9,9,6.0,60665,M,4940815.0,278381.0,60
201600030740,16,2,14,1900,4,2,2,1,6.0,60463,M,4928371.0,246485.0,60
201600030741,16,3,4,2050,1,1,1,1,3.0,60175,M,4926388.0,248694.0,60
201600030742,16,3,4,1825,1,2,3,1,5.0,60414,M,4926277.0,242944.0,60
201600030743,16,2,22,1420,1,2,1,1,6.0,60175,M,4924825.0,246261.0,60
201600030744,16,3,7,2030,5,2,1,1,6.0,60463,M,4927361.0,246527.0,60
201600030745,16,3,17,1945,3,1,1,1,5.0,60175,M,4924502.0,247755.0,60
201600030746,16,3,20,1550,1,1,1,1,7.0,60175,M,4926012.0,249108.0,60
201600030747,16,3,11,1720,1,1,2,1,1.0,60463,M,4928369.0,247561.0,60
201600030748,16,4,4,440,3,1,1,2,3.0,60684,M,4928486.0,249309.0,60
201600030749,16,2,14,430,5,1,1,1,7.0,60684,M,4928412.0,248144.0,60
201600030750,16,5,1,1745,1,2,1,1,3.0,60684,M,4928824.0,247977.0,60
201600030751,16,5,27,1930,2,2,1,1,3.0,60684,M,4929129.0,249685.0,60
201600030752,16,6,6,1955,1,2,1,1,3.0,60463,M,4927007.0,246075.0,60
201600030753,16,6,10,1405,1,1,1,1,1.0,60684,M,4928075.0,249931.0,60
201600030754,16,7,8,5,5,2,6,1,6.0,60175,M,4926251.0,247141.0,60
201600030755,16,7,18,1610,1,1,1,1,4.0,60175,M,4924477.0,250455.0,60
201600030756,16,7,26,1350,1,2,1,1,6.0,60175,M,4926205.0,247197.0,60
201600030757,16,7,30,2340,5,2,2,1,3.0,60414,M,4925861.0,243138.0,60
201600030758,16,8,15,1940,1,2,1,1,6.0,60463,M,4927269.0,246588.0,60
201600030759,16,9,9,2040,3,2,1,1,6.0,60175,M,4925791.0,246435.0,60