Num_Acc,an,mois,jour,hrmn,lum,agg,int,atm,col,com,gps,lat,long,dep
201600030760,16,9,13,740,1,2,9,1,3.0,60175,M,4926463.0,248594.0,60
201600030761,16,9,19,1820,1,2,7,1,6.0,60175,M,4926275.0,247336.0,60
201600030762,16,9,23,1905,1,2,1,1,6.0,60175,M,4926219.0,246293.0,60
201600030763,16,9,29,1850,1,2,1,1,2.0,60175,M,4925213.0,248298.0,60
201600030764,16,10,13,1720,1,2,1,2,6.0,60175,M,4925214.0,248317.0,60
201600030765,16,10,19,1555,1,2,2,1,3.0,60463,M,4927676.0,247346.0,60
201600030766,16,11,3,1215,1,1,1,1,1.0,60414,M,4925566.0,245292.0,60
201600030767,16,11,8,1830,1,2,3,1,6.0,60414,M,4926275.0,242968.0,60
201600030768,16,11,20,1839,3,2,3,3,3.0,60414,M,4925980.0,245200.0,60
201600030769,16,12,7,837,1,2,9,9,1.0,60414,M,4925580.0,243147.0,60
201600030770,16,5,11,930,1,1,1,3,2.0,84142,M,0.0,0.0,84
201600030771,16,5,12,2130,3,1,1,1,2.0,84043,M,4399959.0,494194.0,84
201600030772,16,6,13,1900,1,1,1,2,1.0,84142,M,4396700.0,497700.0,84
201600030773,16,8,7,200,3,1,1,1,7.0,84043,M,0.0,0.0,84
201600030774,16,8,28,930,1,1,1,1,7.0,84043,M,0.0,0.0,84
201600030775,16,9,27,815,1,1,1,1,6.0,84043,M,0.0,0.0,84
201600030776,16,7,26,1545,1,1,1,1,3.0,71363,M,4667407.0,456993.0,71
201600030777,16,8,25,2000,2,1,1,1,6.0,71375,M,0.0,0.0,71
201600030778,16,11,2,1015,1,1,1,8,1.0,71087,M,4656011.0,471413.0,71
201600030779,16,12,1,2130,3,1,1,5,7.0,71417,M,0.0,0.0,71
201600030780,16,1,17,500,3,1,1,1,7.0,91511,M,4835200.0,200700.0,91
201600030781,16,12,17,1930,3,1,1,5,1.0,91390,M,4832216.0,211799.0,91
201600030782,16,7,9,1215,1,1,1,1,2.0,74116,M,0.0,0.0,74
201600030783,16,7,14,1900,1,1,1,3,3.0,74093,M,0.0,0.0,74
201600030784,16,12,7,1630,1,1,1,7,4.0,74116,M,0.0,0.0,74
201600030785,16,12,22,1545,1,1,1,1,7.0,74186,M,0.0,0.0,74
201600030786,16,1,15,25,5,2,2,1,3.0,61001,M,4842729.0,8942.0,61
201600030787,16,1,16,335,5,2,2,9,6.0,61397,M,4842286.0,8103.0,61
201600030788,16,1,16,1930,5,2,2,1,6.0,61001,M,4842860.0,8482.0,61
201600030789,16,1,16,1445,1,2,2,1,3.0,61117,M,4842565.0,6316.0,61
201600030790,16,1,20,800,5,2,1,1,6.0,61001,M,4841561.0,9879.0,61
201600030791,16,1,20,1750,2,2,6,2,2.0,61001,M,4842436.0,8975.0,61
201600030792,16,1,27,755,3,1,3,1,2.0,61111,M,4846464.0,7920.0,61
201600030793,16,2,1,1500,1,2,7,1,6.0,61001,M,4843511.0,10547.0,61
201600030794,16,2,2,845,1,2,1,1,6.0,61001,M,4843068.0,9504.0,61
201600030795,16,3,4,2355,5,2,6,2,3.0,61001,M,4843466.0,11296.0,61
201600030796,16,3,8,1350,1,2,1,1,3.0,61001,M,4843730.0,8783.0,61
201600030797,16,3,10,1735,1,2,1,1,4.0,61001,M,4844038.0,8783.0,61
201600030798,16,3,12,1255,1,2,3,1,3.0,61001,M,4842454.0,8966.0,61
201600030799,16,3,15,1705,1,2,1,1,4.0,61001,M,4842923.0,9473.0,61
201600030800,16,3,29,2125,5,2,1,1,3.0,61001,M,4842240.0,8657.0,61
201600030801,16,4,29,1100,1,2,1,1,6.0,61001,M,4843423.0,9432.0,61
201600030802,16,5,4,1050,1,2,2,1,1.0,61397,M,4842313.0,8090.0,61
201600030803,16,5,12,2240,3,1,1,8,6.0,61497,M,4845953.0,10184.0,61
201600030804,16,5,24,2010,1,2,4,1,2.0,61001,M,4842849.0,8866.0,61
201600030805,16,5,28,1150,1,2,3,1,6.0,61143,M,4843908.0,7476.0,61
201600030806,16,6,14,1040,1,2,2,1,6.0,61001,M,4843835.0,10262.0,61
201600030807,16,6,25,1105,1,2,6,1,3.0,61143,M,4845423.0,8462.0,61
201600030808,16,7,2,1955,1,2,3,1,3.0,61001,M,4844016.0,11491.0,61
201600030809,16,6,24,1210,1,2,1,1,3.0,61001,M,4844302.0,11042.0,61
201600030810,16,7,8,1950,1,2,1,1,6.0,61001,M,4843088.0,9035.0,61
201600030811,16,7,15,1640,1,2,6,1,3.0,61001,M,4842242.0,8946.0,61
201600030812,16,7,28,1620,1,2,1,1,3.0,61001,M,4841652.0,8939.0,61
201600030813,16,8,3,1815,1,2,3,8,6.0,61077,M,4844842.0,11441.0,61
201600030814,16,8,9,1010,1,1,1,1,1.0,61117,M,4846393.0,10299.0,61
201600030815,16,8,12,950,1,2,2,7,6.0,61001,M,4843118.0,7912.0,61
201600030816,16,8,15,1104,1,2,6,1,3.0,61397,M,4842160.0,7980.0,61
201600030817,16,9,11,930,1,2,6,1,3.0,61001,M,4843898.0,8332.0,61
201600030818,16,10,21,2325,5,2,3,1,6.0,61001,M,4842375.0,9008.0,61
201600030819,16,11,17,2010,5,2,1,2,2.0,61001,M,4843955.0,10489.0,61
201600030820,16,12,3,1730,5,2,2,1,3.0,61001,M,4843527.0,9159.0,61
201600030821,16,12,7,935,1,1,1,1,6.0,61001,M,4843003.0,9159.0,61
201600030822,16,12,29,1630,1,2,1,7,6.0,61001,M,4843541.0,9660.0,61
201600030823,16,12,31,1250,1,2,3,8,6.0,61001,M,4842701.0,8952.0,61
201600030824,16,1,28,1845,1,2,3,1,4.0,61006,M,4873815.0,-2934.0,61
201600030825,16,3,4,1550,1,1,1,1,6.0,61006,M,4873495.0,-3856.0,61
201600030826,16,5,31,740,1,2,6,2,3.0,61006,M,4874130.0,-2148.0,61
201600030827,16,6,22,1810,1,2,1,1,6.0,61006,M,4874061.0,-2724.0,61
201600030828,16,7,7,1120,1,2,3,7,3.0,61006,M,4873953.0,-456.0,61
201600030829,16,9,10,1812,1,2,1,1,1.0,61006,M,4874019.0,-1571.0,61
201600030830,16,10,5,1615,1,2,2,1,3.0,61006,M,4874471.0,-2367.0,61
201600030831,16,10,17,1800,1,2,3,1,3.0,61006,M,4874198.0,-2203.0,61
201600030832,16,9,27,1010,1,2,6,1,3.0,61006,M,4874144.0,-2162.0,61
201600030833,16,11,16,2325,5,2,3,1,6.0,61006,M,4874449.0,-1988.0,61
201600030834,16,7,26,1625,1,1,2,1,3.0,61006,M,4869678.0,201.0,61
201600030835,16,11,29,1505,1,2,2,7,3.0,61006,M,4874024.0,-1697.0,61
201600030836,16,11,30,1220,1,2,7,1,6.0,61006,M,4874421.0,-1759.0,61
201600030837,16,12,1,900,1,2,3,1,6.0,61006,M,4875020.0,-1353.0,61
201600030838,16,12,14,1745,5,2,6,1,6.0,61006,M,4874913.0,-1414.0,61
201600030839,16,1,7,1600,1,2,1,1,1.0,61218,M,4876482.0,-59561.0,61
201600030840,16,3,23,1615,1,2,2,1,3.0,61169,M,4873189.0,-58335.0,61
201600030841,16,5,11,1804,1,1,1,3,1.0,61011,M,4876795.0,-55447.0,61
201600030842,16,5,10,1953,1,2,2,3,3.0,61169,M,4875066.0,-57021.0,61
201600030843,16,8,27,2325,5,2,1,1,7.0,61218,M,4875184.0,-57842.0,61
201600030844,16,9,2,1540,1,2,6,1,3.0,61169,M,4872989.0,-57914.0,61
201600030845,16,11,12,1728,2,2,2,2,3.0,61169,M,4874276.0,-56410.0,61
201600030846,16,2,20,2045,3,2,1,1,6.0,61391,M,4876024.0,-57752.0,61
201600030847,16,2,9,1545,1,1,1,6,1.0,16316,M,4557872.0,-29175.0,16
201600030848,16,5,2,1945,1,1,1,1,6.0,16150,M,4565595.0,-29400.0,16
201600030849,16,2,18,1100,1,1,3,2,3.0,16361,M,4594982.0,18139.0,16
201600030850,16,6,5,215,5,2,1,1,6.0,16190,M,4600166.0,-1452.0,16
201600030851,16,6,22,1830,1,1,1,1,7.0,16373,M,4597135.0,5506.0,16
201600030852,16,10,8,1445,1,1,1,1,7.0,16194,M,4593169.0,-7089.0,16
201600030853,16,12,15,1630,1,1,2,1,3.0,16409,M,4503051.0,9739.0,16
201600030854,16,4,8,1530,1,1,1,4,1.0,02417,M,0.0,0.0,02
201600030855,16,5,1,830,1,1,1,1,2.0,02808,M,0.0,0.0,02
201600030856,16,8,31,745,1,1,1,1,5.0,02359,M,0.0,0.0,02
201600030857,16,6,17,700,2,2,3,2,3.0,17373,M,4615833.0,-97041.0,17
201600030858,16,8,25,800,1,1,6,1,3.0,17194,M,4613549.0,-100962.0,17
201600030859,16,10,15,1845,1,1,1,1,4.0,17010,M,4611067.0,-111539.0,17
201600030860,16,12,4,1820,3,1,1,1,1.0,17373,M,4615227.0,-94977.0,17
201600030861,16,7,23,1930,1,2,1,1,1.0,60106,M,4937773.0,246559.0,60
201600030862,16,10,7,1745,1,1,1,1,6.0,60106,M,0.0,0.0,60
201600030863,16,1,7,1900,4,2,2,8,6.0,62041,M,5029046.0,277580.0,62
201600030864,16,12,30,1810,5,2,1,4,7.0,62013,M,5026055.0,275861.0,62
201600030865,16,1,19,2030,5,2,1,9,3.0,62004,M,5028053.0,276689.0,62
201600030866,16,1,17,610,3,1,1,1,6.0,62753,M,5029252.0,279427.0,62
201600030867,16,1,16,1825,5,2,3,1,3.0,62744,M,5031064.0,276629.0,62
201600030868,16,1,27,1700,2,1,1,2,6.0,62753,M,5030848.0,279592.0,62
201600030869,16,2,13,1040,1,2,1,2,6.0,62041,M,5029896.0,273177.0,62
201600030870,16,2,19,1030,1,2,3,1,3.0,62041,M,5028645.0,276983.0,62
201600030871,16,2,28,235,3,1,1,1,6.0,62764,M,5031653.0,277431.0,62
201600030872,16,2,28,500,5,2,1,1,6.0,62744,M,5030615.0,276434.0,62
201600030873,16,2,5,720,5,2,1,1,6.0,62099,M,5026447.0,278584.0,62
201600030874,16,3,11,335,5,2,1,1,6.0,62041,M,5028434.0,278499.0,62
201600030875,16,3,8,1630,1,2,1,1,2.0,62041,M,5030391.0,274195.0,62
201600030876,16,4,16,1055,1,2,1,3,3.0,62263,M,5028129.0,273398.0,62
201600030877,16,4,12,1005,1,2,1,1,7.0,62041,M,5029703.0,273442.0,62
201600030878,16,4,12,950,1,2,1,1,6.0,62753,M,5030042.0,280091.0,62
201600030879,16,4,22,1245,1,1,1,1,6.0,62041,M,5029372.0,276654.0,62
201600030880,16,5,7,1635,1,1,1,1,6.0,62263,M,,,62
201600030881,16,5,14,1730,1,2,2,1,3.0,62041,M,5029072.0,275156.0,62
201600030882,16,5,14,1625,1,2,9,1,6.0,62041,M,5030039.0,273451.0,62
201600030883,16,5,24,1800,1,2,5,1,6.0,62041,M,5029395.0,276959.0,62
201600030884,16,5,16,2010,1,2,1,1,3.0,62041,M,5029517.0,278299.0,62
201600030885,16,5,13,2010,1,2,1,1,3.0,62041,M,5029394.0,278277.0,62
201600030886,16,4,3,1830,1,1,1,1,7.0,62744,M,5032311.0,275802.0,62
201600030887,16,6,11,1310,1,2,6,1,6.0,62041,M,5029911.0,274450.0,62
201600030888,16,6,25,2055,2,2,2,1,6.0,62041,M,5029534.0,277115.0,62
201600030889,16,6,19,1250,1,2,1,1,6.0,62263,M,5028085.0,273312.0,62
201600030890,16,6,6,1500,1,2,1,1,6.0,62041,M,5029678.0,278321.0,62
201600030891,16,6,28,2030,1,2,1,2,6.0,62041,M,5029252.0,274909.0,62
201600030892,16,7,21,900,1,2,1,1,6.0,62041,M,,,62
201600030893,16,6,9,1400,1,2,1,1,3.0,62041,M,5028936.0,278649.0,62
201600030894,16,8,12,1430,1,2,2,1,3.0,62041,M,5029632.0,274486.0,62
201600030895,16,8,22,1855,1,2,1,7,6.0,62263,M,5029242.0,273827.0,62
201600030896,16,9,1,815,1,1,6,1,7.0,62099,M,5025488.0,278937.0,62
201600030897,16,6,10,1115,1,2,3,1,6.0,62041,M,5029725.0,273834.0,62
201600030898,16,9,24,1848,2,2,2,1,1.0,62013,M,5025745.0,275423.0,62
201600030899,16,10,5,1840,1,2,1,1,6.0,62041,M,5029138.0,274757.0,62
201600030900,16,10,7,1110,1,2,1,1,7.0,62744,M,5031707.0,276605.0,62
201600030901,16,10,20,2050,3,1,1,2,6.0,62753,M,5030811.0,280018.0,62
201600030902,16,10,6,1700,1,2,1,1,6.0,62041,M,5027809.0,278488.0,62
201600030903,16,10,12,1315,1,2,1,1,6.0,62041,M,5029381.0,278262.0,62
201600030904,16,11,13,1050,1,1,1,8,6.0,62764,M,5030634.0,278409.0,62
201600030905,16,11,23,1355,1,2,6,1,3.0,62041,M,5028406.0,278560.0,62
201600030906,16,12,1,1830,1,2,1,1,6.0,62753,M,5030041.0,280028.0,62
201600030907,16,9,8,1815,1,2,2,1,3.0,62041,M,5028311.0,278657.0,62
201600030908,16,12,29,950,1,2,1,5,2.0,62013,M,5025568.0,275894.0,62
201600030909,16,2,4,1920,3,1,1,2,6.0,62516,M,5057588.0,249372.0,62
201600030910,16,3,17,1510,1,1,1,1,3.0,62516,M,5056914.0,245597.0,62
201600030911,16,3,31,1340,1,2,1,1,6.0,62217,M,5050491.0,245083.0,62
201600030912,16,4,8,2015,1,2,1,1,3.0,62048,M,5051861.0,245755.0,62
201600030913,16,5,20,2215,5,2,3,1,3.0,62048,M,5050152.0,247910.0,62
201600030914,16,5,22,1045,1,2,2,2,3.0,62217,M,5030295.0,226226.0,62
201600030915,16,7,5,1755,1,1,1,1,1.0,62516,M,5056973.0,246968.0,62
201600030916,16,7,6,1740,1,2,2,1,3.0,62048,M,5051466.0,248481.0,62
201600030917,16,7,31,1545,1,2,1,1,6.0,62217,M,5050158.0,244869.0,62
201600030918,16,10,20,1134,1,2,1,1,6.0,62217,M,5051311.0,244691.0,62
201600030919,16,11,18,2115,5,2,1,2,3.0,62516,M,5056850.0,247653.0,62
201600030920,16,11,25,1720,2,2,1,1,3.0,62048,M,5050001.0,248448.0,62
201600030921,16,12,21,1905,5,2,1,2,6.0,62188,M,5052510.0,245670.0,62
201600030922,16,1,15,2305,5,2,1,1,7.0,62065,M,5040963.0,284638.0,62
201600030923,16,2,7,1500,1,2,1,8,6.0,62724,M,5040343.0,292375.0,62
201600030924,16,12,28,1250,1,2,1,9,6.0,62065,M,5040565.0,284176.0,62
201600030925,16,3,2,1915,5,2,1,4,6.0,62570,M,5040738.0,288331.0,62
201600030926,16,3,22,810,1,2,1,1,6.0,62065,M,5041018.0,285544.0,62
201600030927,16,7,22,2220,3,1,1,1,6.0,62277,M,5038348.0,292439.0,62
201600030928,16,7,27,1530,1,1,1,1,6.0,62065,M,0.0,0.0,62
201600030929,16,8,19,1915,1,2,2,1,3.0,62570,M,5041747.0,287991.0,62
201600030930,16,8,25,900,1,2,6,1,3.0,62724,M,5038757.0,291712.0,62
201600030931,16,9,6,835,1,1,1,2,4.0,62065,M,0.0,0.0,62
201600030932,16,11,17,840,1,2,3,8,3.0,62570,M,5040691.0,288142.0,62
201600030933,16,1,6,130,5,2,1,2,6.0,62119,M,5051375.0,264858.0,62
201600030934,16,1,6,1905,5,2,3,1,6.0,62132,M,5052203.0,287230.0,62
201600030935,16,1,10,1620,1,2,3,1,2.0,62132,M,5052316.0,287342.0,62
201600030936,16,2,13,1900,5,2,1,2,6.0,62401,M,5050828.0,280197.0,62
201600030937,16,1,11,1830,5,2,1,1,6.0,62119,M,5052759.0,264445.0,62
201600030938,16,1,30,400,5,2,1,2,6.0,62034,M,5050816.0,272416.0,62
201600030939,16,1,18,1530,1,2,1,1,3.0,62480,M,5051299.0,268223.0,62
201600030940,16,3,2,2005,3,1,1,8,1.0,62846,M,5048747.0,276871.0,62
201600030941,16,2,1,2055,3,2,1,1,6.0,62119,M,5052581.0,262929.0,62
201600030942,16,2,9,1600,1,2,6,8,3.0,62119,M,5052400.0,264042.0,62
201600030943,16,2,20,1545,1,2,1,3,6.0,62126,M,5053369.0,268627.0,62
201600030944,16,2,28,1800,1,2,6,1,6.0,62848,M,5050824.0,263454.0,62
201600030945,16,2,28,1500,1,2,1,1,6.0,62051,M,5050872.0,279079.0,62
201600030946,16,4,10,1700,1,2,1,1,1.0,62132,M,5052120.0,287069.0,62
201600030947,16,4,13,1655,1,2,6,1,3.0,62051,M,5052073.0,279373.0,62
201600030948,16,5,2,1740,1,2,1,1,3.0,62119,M,5052271.0,265930.0,62
201600030949,16,5,24,1230,1,2,1,1,6.0,62119,M,5052080.0,265319.0,62
201600030950,16,5,5,1500,1,1,1,1,4.0,62126,M,5055115.0,267665.0,62
201600030951,16,5,16,15,5,2,1,1,7.0,62310,M,5055068.0,267256.0,62
201600030952,16,6,20,1205,1,1,1,1,3.0,62035,M,5054213.0,262383.0,62
201600030953,16,6,14,1610,1,2,1,1,1.0,62126,M,5054492.0,265878.0,62
201600030954,16,6,18,1425,1,2,1,1,3.0,62126,M,5052030.0,267511.0,62
201600030955,16,6,26,130,5,2,3,1,3.0,62119,M,5051881.0,264468.0,62
201600030956,16,8,17,1550,1,2,1,1,6.0,62126,M,5052941.0,269216.0,62
201600030957,16,9,12,1725,1,2,1,1,6.0,62276,M,5050579.0,280850.0,62
201600030958,16,9,22,1800,1,2,6,1,3.0,62119,M,5052710.0,263274.0,62
201600030959,16,8,17,815,1,1,1,1,3.0,62310,M,5054172.0,265060.0,62
201600030960,16,9,24,530,5,2,1,1,6.0,62119,M,5052503.0,263359.0,62
201600030961,16,9,30,1210,1,2,9,1,6.0,62119,M,5052563.0,264948.0,62
201600030962,16,10,15,2035,3,1,1,1,7.0,62863,M,5053501.0,278225.0,62
201600030963,16,9,14,2235,5,2,1,1,1.0,62035,M,5053974.0,262695.0,62
201600030964,16,10,15,1135,1,2,1,1,3.0,62200,M,5051015.0,273156.0,62
201600030965,16,10,8,105,5,2,5,1,3.0,62126,M,5051982.0,267829.0,62
201600030966,16,10,5,845,1,2,1,7,7.0,62119,M,5052857.0,264100.0,62
201600030967,16,10,4,1320,1,1,2,1,3.0,62350,M,5051252.0,261143.0,62
201600030968,16,11,5,1045,1,2,1,1,1.0,62119,M,5052285.0,265831.0,62
201600030969,16,11,18,1740,3,2,1,1,6.0,62863,M,5054212.0,278804.0,62
201600030970,16,11,10,740,2,2,3,1,6.0,62119,M,5052816.0,264211.0,62
201600030971,16,11,17,1745,5,2,1,1,7.0,62330,M,5054683.0,275099.0,62
201600030972,16,11,21,1405,1,2,3,1,3.0,62119,M,5052972.0,264758.0,62
201600030973,16,1,27,1615,1,2,1,3,6.0,62758,M,5072559.0,162428.0,62
201600030974,16,2,10,1500,1,1,1,1,7.0,62894,M,5076761.0,164199.0,62
201600030975,16,2,25,1910,3,2,1,1,3.0,62160,M,5072032.0,159920.0,62
201600030976,16,2,28,2200,5,2,3,1,1.0,62160,M,5072875.0,160182.0,62
201600030977,16,3,27,2200,5,2,1,1,3.0,62160,M,5071903.0,161494.0,62
201600030978,16,4,1,150,5,2,1,1,7.0,62160,M,5071891.0,159776.0,62
201600030979,16,4,18,1200,1,2,1,1,6.0,62160,M,5072850.0,160886.0,62
201600030980,16,6,5,510,2,1,4,1,7.0,62160,M,5074261.0,161264.0,62
201600030981,16,5,31,1745,1,1,1,2,1.0,62893,M,5079833.0,161421.0,62
201600030982,16,7,7,2125,1,2,3,1,3.0,62160,M,5072678.0,162065.0,62
201600030983,16,6,21,1020,1,2,2,2,6.0,62160,M,,,62
201600030984,16,7,16,410,5,2,1,1,1.0,62160,M,5073710.0,159460.0,62
201600030985,16,9,6,2145,5,2,4,1,3.0,62160,M,5071818.0,159156.0,62
201600030986,16,9,7,1140,1,1,3,1,3.0,62643,M,5068600.0,161051.0,62
201600030987,16,9,24,1800,1,1,8,1,6.0,62758,M,,,62
201600030988,16,10,7,740,2,2,2,1,6.0,62758,M,5073745.0,162258.0,62
201600030989,16,11,12,1750,5,2,1,2,6.0,62160,M,5073096.0,161947.0,62
201600030990,16,11,20,1750,5,2,1,1,7.0,62667,M,5071452.0,158735.0,62
201600030991,16,12,15,1510,1,2,1,7,3.0,62758,M,5072689.0,168122.0,62
201600030992,16,12,17,1725,2,2,1,1,6.0,62160,M,5073782.0,161757.0,62
201600030993,16,12,22,1900,5,2,1,1,6.0,62667,M,5070886.0,157875.0,62
201600030994,16,12,22,1140,1,2,1,1,6.0,62160,M,5071403.0,161408.0,62
201600030995,16,3,30,1640,1,2,1,1,6.0,62178,M,5048925.0,256199.0,62
201600030996,16,4,16,2220,3,1,1,9,3.0,62270,M,5046552.0,251388.0,62
201600030997,16,4,30,2330,5,2,1,1,6.0,62178,M,5048175.0,255116.0,62
201600030998,16,5,18,1545,1,2,1,8,6.0,62178,M,5048330.0,255474.0,62
201600030999,16,5,18,1805,1,1,1,2,1.0,62178,M,5049456.0,253999.0,62
201600031000,16,6,6,2150,1,2,1,1,1.0,62178,M,5048300.0,252147.0,62
201600031001,16,6,24,1925,1,2,2,1,6.0,62178,M,5047083.0,255838.0,62
201600031002,16,7,10,2040,1,1,1,1,5.0,62457,M,5045648.0,254157.0,62
201600031003,16,7,12,1650,1,2,1,1,5.0,62457,M,5045463.0,253724.0,62
201600031004,16,7,22,130,5,2,1,1,6.0,62178,M,5049138.0,254706.0,62
201600031005,16,7,31,2050,1,2,1,1,6.0,62178,M,5048505.0,254118.0,62
201600031006,16,8,20,1625,1,2,1,2,3.0,62270,M,5047138.0,250406.0,62
201600031007,16,8,29,1645,1,2,2,1,3.0,62457,M,5045030.0,252499.0,62
201600031008,16,9,7,1855,1,2,1,1,6.0,62178,M,5048532.0,254598.0,62
201600031009,16,9,26,645,5,2,1,1,3.0,62178,M,5047763.0,252978.0,62
201600031010,16,10,2,410,3,1,1,1,1.0,62457,M,5045720.0,254112.0,62
201600031011,16,8,4,1855,1,1,9,1,5.0,62457,M,5048023.0,248373.0,62
201600031012,16,10,15,1130,1,1,3,1,3.0,62270,M,5047520.0,252450.0,62
201600031013,16,11,2,1315,1,1,1,1,7.0,62445,M,5048826.0,260201.0,62
201600031014,16,11,3,710,2,2,1,1,3.0,62270,M,5047345.0,252067.0,62
201600031015,16,12,14,1930,3,2,1,1,6.0,62400,M,5047526.0,258702.0,62
201600031016,16,12,27,750,2,2,1,1,6.0,62193,M,5094642.0,189493.0,62
201600031017,16,1,6,1550,1,2,7,1,6.0,62193,M,5095809.0,185549.0,62
201600031018,16,1,7,1750,5,2,1,1,6.0,62193,M,5094565.0,186180.0,62
201600031019,16,2,3,930,1,2,6,1,3.0,62193,M,5095222.0,183195.0,62
201600031020,16,1,23,2145,5,2,1,2,3.0,62193,M,5094715.0,184926.0,62
201600031021,16,2,9,745,2,2,1,3,6.0,62193,M,5095044.0,186900.0,62
201600031022,16,3,19,1840,1,1,1,2,4.0,62193,M,,,62
201600031023,16,3,31,1920,2,2,1,1,3.0,62193,M,5096187.0,183881.0,62
201600031024,16,2,18,2015,5,2,3,1,3.0,62193,M,5095307.0,183643.0,62
201600031025,16,2,2,1755,5,2,1,1,6.0,62193,M,5094600.0,186057.0,62
201600031026,16,5,9,320,3,1,1,1,6.0,62193,M,,,62
201600031027,16,3,5,10,5,2,9,1,6.0,62244,M,5092669.0,190346.0,62
201600031028,16,4,8,2215,5,2,1,1,6.0,62193,M,5095208.0,185914.0,62
201600031029,16,6,10,2315,4,2,2,1,6.0,62193,M,5094747.0,189708.0,62
201600031030,16,6,22,1355,1,2,2,1,3.0,62193,M,5095467.0,185977.0,62
201600031031,16,5,1,1150,1,2,2,1,3.0,62193,M,5094480.0,184796.0,62
201600031032,16,5,10,1630,1,2,2,1,1.0,62193,M,5095751.0,189784.0,62
201600031033,16,6,21,2115,1,2,1,1,6.0,62548,M,5094845.0,194036.0,62
201600031034,16,7,27,320,3,1,1,1,6.0,62193,M,,,62
201600031035,16,7,24,1550,1,1,1,1,7.0,62774,M,5093477.0,172578.0,62
201600031036,16,7,12,205,3,1,1,1,6.0,62193,M,,,62
201600031037,16,6,30,1700,1,1,9,1,3.0,62193,M,5093120.0,189587.0,62
201600031038,16,6,24,1145,1,1,1,1,1.0,62193,M,5093305.0,190131.0,62
201600031039,16,9,19,1600,1,2,6,1,6.0,62193,M,5094559.0,185372.0,62
201600031040,16,8,6,1905,1,1,1,1,2.0,62774,M,5093414.0,172484.0,62
201600031041,16,9,27,1830,1,2,1,1,6.0,62193,M,5094668.0,182454.0,62
201600031042,16,8,16,147,3,1,1,1,6.0,62193,M,,,62
201600031043,16,8,16,2325,3,1,1,1,6.0,62193,M,,,62
201600031044,16,9,16,510,3,1,1,1,6.0,62193,M,,,62
201600031045,16,11,28,1545,1,2,6,7,6.0,62193,M,5094595.0,183750.0,62
201600031046,16,11,4,1550,1,2,1,3,6.0,62193,M,5094643.0,184214.0,62
201600031047,16,12,10,1600,1,2,1,1,6.0,62193,M,5095227.0,185289.0,62
201600031048,16,1,4,1630,1,2,1,1,6.0,62250,M,5045560.0,294802.0,62
201600031049,16,11,8,2100,5,2,1,1,1.0,62771,M,5041980.0,287262.0,62
201600031050,16,12,10,1225,1,1,1,1,6.0,62573,M,5049082.0,289911.0,62
201600031051,16,11,4,1745,5,2,1,1,6.0,62019,M,5042671.0,271143.0,62
201600031052,16,1,5,2115,5,2,3,1,3.0,62628,M,5042438.0,288386.0,62
201600031053,16,12,3,1550,1,2,1,1,6.0,62510,M,5042001.0,279798.0,62
201600031054,16,12,14,2110,2,2,1,1,2.0,62895,M,5049471.0,285189.0,62
201600031055,16,12,17,1530,1,2,2,8,3.0,62510,M,5042122.0,276141.0,62
201600031056,16,1,12,820,2,2,1,1,6.0,62215,M,5049127.0,294616.0,62
201600031057,16,11,28,900,1,2,1,1,6.0,62413,M,5044264.0,290636.0,62
201600031058,16,11,25,2110,5,1,2,1,3.0,62249,M,5040622.0,301734.0,62
201600031059,16,12,17,2205,5,1,6,1,6.0,62427,M,5039395.0,298156.0,62
201600031060,16,1,5,1720,2,2,3,1,3.0,62587,M,5043697.0,292872.0,62
201600031061,16,12,13,1200,1,2,1,1,2.0,62510,M,5042898.0,279197.0,62
201600031062,16,1,13,655,5,2,3,1,3.0,62498,M,5043477.0,281852.0,62
201600031063,16,1,13,1040,1,2,9,1,6.0,62427,M,5042039.0,294758.0,62
201600031064,16,2,10,730,2,2,3,1,3.0,62637,M,5046850.0,299041.0,62
201600031065,16,2,17,940,1,2,4,1,6.0,62413,M,5044613.0,290516.0,62
201600031066,16,12,10,2320,5,2,1,1,6.0,62351,M,5042492.0,289328.0,62
201600031067,16,2,8,1950,2,1,1,2,3.0,62274,M,5043017.0,295339.0,62
201600031068,16,11,29,900,1,2,1,7,6.0,62907,M,5048509.0,299827.0,62
201600031069,16,1,20,1330,1,2,1,1,7.0,62510,M,5042100.0,277897.0,62
201600031070,16,11,11,1900,3,2,1,1,6.0,62215,M,5048947.0,295149.0,62
201600031071,16,3,1,856,1,2,1,2,6.0,62498,M,5044527.0,283522.0,62
201600031072,16,11,22,1620,1,2,6,1,6.0,62510,M,5042210.0,276520.0,62
201600031073,16,12,10,1230,1,2,1,1,3.0,62427,M,5041460.0,296834.0,62
201600031074,16,1,8,1225,1,2,1,1,3.0,62351,M,5042282.0,290656.0,62
201600031075,16,1,21,910,1,2,1,1,1.0,62133,M,5041527.0,290733.0,62
201600031076,16,12,6,2100,5,2,3,1,6.0,62895,M,5048707.0,284864.0,62