Num_Acc,an,mois,jour,hrmn,lum,agg,int,atm,col,com,gps,lat,long,dep
201600031077,16,3,3,2130,3,1,1,1,7.0,62250,M,5044964.0,295797.0,62
201600031078,16,1,28,1725,1,2,1,1,6.0,62427,M,5042636.0,294400.0,62
201600031079,16,2,11,130,5,1,9,1,6.0,62274,M,5044179.0,299855.0,62
201600031080,16,2,2,930,1,2,1,1,6.0,62510,M,5042722.0,277453.0,62
201600031081,16,1,31,1930,5,2,1,1,1.0,62895,M,5049430.0,285080.0,62
201600031082,16,1,27,1610,1,2,1,1,6.0,62510,M,5042557.0,279682.0,62
201600031083,16,1,12,1500,1,2,1,1,3.0,62186,M,5044169.0,274377.0,62
201600031084,16,1,20,1430,1,2,1,1,6.0,62510,M,5041879.0,278111.0,62
201600031085,16,2,10,1850,2,2,1,1,6.0,62510,M,5042227.0,277794.0,62
201600031086,16,3,10,1740,1,2,3,1,2.0,62907,M,5048605.0,300480.0,62
201600031087,16,3,5,1030,1,2,3,1,6.0,62250,M,5045823.0,294604.0,62
201600031088,16,2,17,2030,5,2,2,1,3.0,62427,M,5042636.0,294152.0,62
201600031089,16,2,14,950,1,2,1,2,6.0,62133,M,5041197.0,290333.0,62
201600031090,16,2,8,2205,3,1,1,1,3.0,62274,M,5043755.0,297275.0,62
201600031091,16,2,11,2025,5,2,1,1,2.0,62427,M,5038969.0,296952.0,62
201600031092,16,2,24,1030,1,2,6,1,6.0,62510,M,5041809.0,276990.0,62
201600031093,16,2,15,1900,5,2,1,1,6.0,62628,M,5042547.0,286214.0,62
201600031094,16,3,14,1410,1,2,1,1,3.0,62019,M,5042962.0,270659.0,62
201600031095,16,3,10,1800,1,2,3,1,3.0,62498,M,5042375.0,283569.0,62
201600031096,16,4,7,1055,1,2,1,1,6.0,62498,M,5043712.0,284336.0,62
201600031097,16,3,22,1900,1,1,1,1,1.0,62065,M,5041054.0,285516.0,62
201600031098,16,4,9,1930,1,2,2,2,3.0,62907,M,5047711.0,301172.0,62
201600031099,16,3,16,1300,1,2,1,1,6.0,62510,M,5042872.0,277375.0,62
201600031100,16,4,1,1000,1,2,3,1,3.0,62498,M,5045244.0,281750.0,62
201600031101,16,1,16,2250,5,1,1,1,7.0,62510,M,5043396.0,275238.0,62
201600031102,16,1,17,1645,1,2,1,1,7.0,62186,M,5045301.0,272903.0,62
201600031103,16,3,24,1630,1,2,1,1,2.0,62427,M,5041541.0,294641.0,62
201600031104,16,3,9,750,1,1,2,1,3.0,62413,M,5045194.0,290538.0,62
201600031105,16,2,24,1115,1,2,1,1,3.0,62427,M,5041794.0,297072.0,62
201600031106,16,3,12,1510,1,1,9,1,3.0,62427,M,5043224.0,295433.0,62
201600031107,16,5,1,930,1,2,1,1,3.0,62510,M,5041666.0,276666.0,62
201600031108,16,5,1,2010,1,2,2,1,1.0,62215,M,5048602.0,295202.0,62
201600031109,16,2,2,1230,1,2,1,1,3.0,62510,M,5041450.0,278049.0,62
201600031110,16,2,17,1555,1,2,1,1,6.0,62133,M,5042350.0,291517.0,62
201600031111,16,2,19,1900,1,2,1,8,6.0,62427,M,5041711.0,294708.0,62
201600031112,16,3,2,1830,5,2,1,2,3.0,62351,M,5042261.0,289963.0,62
201600031113,16,3,19,1540,1,2,1,1,3.0,62249,M,5041052.0,300022.0,62
201600031114,16,4,3,1010,1,2,3,1,3.0,62563,M,5047572.0,272608.0,62
201600031115,16,2,22,1700,1,2,3,2,3.0,62637,M,5047033.0,299616.0,62
201600031116,16,4,9,1800,1,2,3,1,3.0,62033,M,5045997.0,289110.0,62
201600031117,16,2,26,1545,1,2,1,1,3.0,62528,M,5046099.0,281558.0,62
201600031118,16,5,5,10,5,2,1,1,6.0,62510,M,5041999.0,277186.0,62
201600031119,16,3,19,1740,1,2,1,1,3.0,62842,M,5046196.0,282392.0,62
201600031120,16,5,21,1930,1,2,3,1,3.0,62250,M,5045369.0,294038.0,62
201600031121,16,5,16,2135,5,2,1,1,6.0,62895,M,5049725.0,285975.0,62
201600031122,16,5,1,1445,1,2,3,1,3.0,62291,M,5042183.0,280241.0,62
201600031123,16,3,25,2315,3,1,1,1,3.0,62587,M,5043226.0,292208.0,62
201600031124,16,5,10,820,1,2,2,1,3.0,62637,M,5047261.0,301613.0,62
201600031125,16,5,12,1250,1,2,1,1,3.0,62528,M,5046734.0,281336.0,62
201600031126,16,5,28,1200,1,1,1,1,3.0,62510,M,5042576.0,279294.0,62
201600031127,16,4,15,1600,1,2,1,1,3.0,62386,M,5044875.0,274263.0,62
201600031128,16,3,19,1520,1,2,1,1,6.0,62510,M,5041188.0,278238.0,62
201600031129,16,4,25,945,1,2,1,1,5.0,62215,M,5049936.0,294597.0,62
201600031130,16,4,16,1650,1,1,3,1,3.0,62510,M,5043700.0,275019.0,62
201600031131,16,5,7,1730,1,2,1,1,2.0,62498,M,5025571.0,250095.0,62
201600031132,16,5,8,1330,1,2,1,1,6.0,62895,M,5029174.0,250394.0,62
201600031133,16,5,13,1715,1,1,1,1,1.0,62274,M,5027053.0,258383.0,62
201600031134,16,6,11,1800,1,2,1,1,1.0,62215,M,5048329.0,296210.0,62
201600031135,16,5,16,1320,1,2,6,1,6.0,62019,M,5042629.0,271175.0,62
201600031136,16,6,22,1850,1,2,1,1,3.0,62215,M,5050319.0,294471.0,62
201600031137,16,7,1,1925,1,1,1,1,1.0,62427,M,5039644.0,296386.0,62
201600031138,16,6,27,620,1,2,2,1,3.0,62498,M,5042893.0,283591.0,62
201600031139,16,5,24,1830,1,2,3,1,3.0,62498,M,5043868.0,283415.0,62
201600031140,16,6,17,1950,1,2,1,2,1.0,62427,M,5042130.0,294143.0,62
201600031141,16,6,24,1230,1,2,1,1,6.0,62427,M,5042052.0,296034.0,62
201600031142,16,6,27,1740,1,2,1,1,6.0,62498,M,5042837.0,283862.0,62
201600031143,16,6,30,945,1,2,2,2,3.0,62771,M,5042051.0,285316.0,62
201600031144,16,7,25,2330,5,2,2,1,6.0,62563,M,5046640.0,274391.0,62
201600031145,16,6,26,2150,1,2,1,1,6.0,62427,M,5041762.0,294507.0,62
201600031146,16,7,3,1520,1,1,1,1,3.0,62427,M,5041936.0,294694.0,62
201600031147,16,7,23,1715,1,2,1,1,6.0,62497,M,5043458.0,306955.0,62
201600031148,16,7,2,2045,1,1,3,1,3.0,62215,M,5049058.0,294650.0,62
201600031149,16,7,4,1600,1,2,1,1,3.0,62637,M,5047186.0,299352.0,62
201600031150,16,7,22,1600,1,2,9,1,3.0,62573,M,5049555.0,290166.0,62
201600031151,16,7,31,1600,1,2,1,1,6.0,62510,M,5042216.0,278130.0,62
201600031152,16,7,12,1545,1,2,1,1,7.0,62498,M,5042824.0,283684.0,62
201600031153,16,8,11,1840,1,2,1,1,6.0,62291,M,5041895.0,281899.0,62
201600031154,16,7,23,2320,5,2,2,1,3.0,62771,M,5041836.0,288433.0,62
201600031155,16,7,29,1800,1,2,2,1,3.0,62186,M,5044755.0,272369.0,62
201600031156,16,7,16,1900,1,1,1,1,1.0,62215,M,5049120.0,298730.0,62
201600031157,16,8,16,1200,1,2,1,1,2.0,62186,M,5044172.0,272686.0,62
201600031158,16,8,5,2020,2,2,1,1,2.0,62842,M,5045938.0,284261.0,62
201600031159,16,7,25,1630,1,2,3,1,1.0,62250,M,5045759.0,294688.0,62
201600031160,16,6,19,1700,1,2,1,1,1.0,62033,M,5045766.0,287448.0,62
201600031161,16,8,1,1710,1,1,1,1,3.0,62510,M,5042160.0,276971.0,62
201600031162,16,8,10,920,1,2,1,1,6.0,62427,M,5042046.0,294795.0,62
201600031163,16,8,21,2300,5,2,1,1,1.0,62427,M,5041964.0,293419.0,62
201600031164,16,8,18,1630,1,2,1,1,6.0,62498,M,5044412.0,282813.0,62
201600031165,16,8,29,2000,1,2,1,1,1.0,62032,M,5041334.0,274949.0,62
201600031166,16,8,27,2230,1,2,1,1,3.0,62464,M,5048972.0,280901.0,62
201600031167,16,9,23,1955,1,2,1,1,3.0,62019,M,5042589.0,271246.0,62
201600031168,16,8,27,1405,1,2,2,1,3.0,62628,M,5042354.0,288838.0,62
201600031169,16,8,26,1450,1,2,1,1,6.0,62186,M,5045685.0,272123.0,62
201600031170,16,8,29,1530,1,2,2,1,3.0,62386,M,5045098.0,274743.0,62
201600031171,16,8,16,1955,1,2,1,1,6.0,62133,M,5041353.0,291310.0,62
201600031172,16,8,26,1025,1,2,4,1,3.0,62427,M,5042478.0,294392.0,62
201600031173,16,10,1,1715,1,2,2,8,1.0,62498,M,5044035.0,279169.0,62
201600031174,16,9,13,1205,1,2,1,1,3.0,62510,M,5042407.0,278125.0,62
201600031175,16,9,1,1900,1,2,1,1,6.0,62895,M,5048874.0,285202.0,62
201600031176,16,8,21,1215,1,2,3,1,3.0,62413,M,5044952.0,291022.0,62
201600031177,16,10,12,1212,1,2,1,1,6.0,62510,M,5043316.0,278096.0,62
201600031178,16,9,14,1200,1,1,1,1,2.0,62528,M,5045377.0,278592.0,62
201600031179,16,9,20,1850,1,2,1,1,2.0,62498,M,5044430.0,281973.0,62
201600031180,16,10,7,1910,2,2,2,1,2.0,62413,M,5044368.0,289603.0,62
201600031181,16,9,3,950,1,2,9,1,6.0,62427,M,5042186.0,294775.0,62
201600031182,16,10,13,1510,1,2,2,1,5.0,62628,M,5042883.0,287655.0,62
201600031183,16,9,4,1215,1,2,9,1,6.0,62413,M,5044543.0,290120.0,62
201600031184,16,9,11,555,2,2,2,1,3.0,62427,M,5042447.0,295849.0,62
201600031185,16,9,29,1735,1,2,3,1,3.0,62019,M,5042506.0,271373.0,62
201600031186,16,10,12,1100,1,2,3,2,3.0,62528,M,5044981.0,279884.0,62
201600031187,16,10,11,1650,1,2,1,1,6.0,62587,M,5042304.0,293560.0,62
201600031188,16,10,12,1105,1,2,1,2,3.0,62351,M,5041987.0,289410.0,62
201600031189,16,11,5,1230,1,2,6,1,3.0,62427,M,5042566.0,295367.0,62
201600031190,16,10,4,1750,1,2,1,1,6.0,62250,M,5045308.0,294474.0,62
201600031191,16,11,8,1930,5,2,9,1,3.0,62498,M,5042713.0,283012.0,62
201600031192,16,10,12,1000,1,2,2,2,3.0,62498,M,5042857.0,283471.0,62
201600031193,16,10,30,1000,1,2,6,1,2.0,62510,M,5043445.0,279189.0,62
201600031194,16,10,21,850,1,1,1,5,6.0,62842,M,5046326.0,283162.0,62
201600031195,16,11,1,15,5,2,2,1,1.0,62498,M,5042734.0,281509.0,62
201600031196,16,11,23,1535,1,2,3,1,6.0,62498,M,5043204.0,282855.0,62
201600031197,16,11,8,1320,1,2,1,1,3.0,62510,M,5042946.0,275892.0,62
201600031198,16,10,6,1725,1,2,1,1,7.0,62523,M,5043778.0,286218.0,62
201600031199,16,11,27,1515,1,2,2,1,3.0,62842,M,5046137.0,285646.0,62
201600031200,16,11,4,1725,2,1,1,2,3.0,62510,M,5043701.0,275025.0,62
201600031201,16,11,9,335,5,2,6,2,6.0,62133,M,5041975.0,290614.0,62
201600031202,16,11,24,1550,1,2,1,1,7.0,62291,M,5041775.0,281964.0,62
201600031203,16,9,23,2020,4,2,6,1,6.0,62510,M,5042290.0,277740.0,62
201600031204,16,9,27,830,1,2,1,1,1.0,62215,M,5047998.0,295118.0,62
201600031205,16,10,15,850,1,1,1,1,6.0,62842,M,5046102.0,281563.0,62
201600031206,16,11,15,730,1,1,1,1,6.0,62427,M,5042046.0,294863.0,62
201600031207,16,12,12,1730,2,2,3,2,3.0,62427,M,5042294.0,294550.0,62
201600031208,16,10,28,1630,1,2,1,1,6.0,62186,M,5044829.0,271672.0,62
201600031209,16,12,9,1730,3,1,2,8,3.0,62479,M,,,62
201600031210,16,1,26,800,1,2,1,1,6.0,62555,M,5050510.0,251204.0,62
201600031211,16,2,19,1900,5,2,1,2,6.0,62194,M,5048220.0,247539.0,62
201600031212,16,2,22,1950,2,2,3,2,1.0,62555,M,5050724.0,250685.0,62
201600031213,16,4,3,1045,1,2,1,1,6.0,62194,M,5048448.0,248043.0,62
201600031214,16,4,15,1645,1,2,2,1,3.0,62194,M,5049381.0,248113.0,62
201600031215,16,8,27,1806,1,2,1,1,5.0,62194,M,5048423.0,247270.0,62
201600031216,16,9,8,1410,1,2,3,1,3.0,62224,M,5054103.0,256193.0,62
201600031217,16,9,28,1220,1,2,3,1,1.0,62224,M,5053822.0,256648.0,62
201600031218,16,10,23,340,5,2,1,1,6.0,62489,M,5051491.0,253375.0,62
201600031219,16,11,28,1850,5,2,3,1,3.0,62194,M,5048150.0,247638.0,62
201600031220,16,12,16,800,1,1,1,1,1.0,62555,M,5049946.0,252059.0,62
201600031221,16,3,17,820,1,2,6,1,6.0,62083,M,5045332.0,261599.0,62
201600031222,16,4,10,1600,1,2,1,7,6.0,62737,M,5044589.0,267763.0,62
201600031223,16,5,4,1840,1,2,2,1,3.0,62737,M,5045133.0,268708.0,62
201600031224,16,8,26,740,1,1,1,1,1.0,62456,M,5048253.0,262434.0,62
201600031225,16,10,14,1635,1,2,1,1,6.0,62737,M,5045003.0,268496.0,62
201600031226,16,11,18,1110,1,2,1,1,6.0,62617,M,5047914.0,266422.0,62
201600031227,16,11,28,1610,1,2,1,1,6.0,62083,M,5045728.0,262249.0,62
201600031228,16,8,27,1145,1,2,1,1,2.0,62617,M,5047917.0,266434.0,62
201600031229,16,12,18,1625,1,2,1,1,6.0,62617,M,5046434.0,267543.0,62
201600031230,16,5,15,1315,1,2,1,1,7.0,62765,M,5078711.0,225146.0,62
201600031231,16,5,24,2140,3,1,1,1,2.0,62040,M,5071422.0,230613.0,62
201600031232,16,6,17,1050,1,2,1,3,6.0,62765,M,5075166.0,225581.0,62
201600031233,16,6,14,1744,1,2,3,1,3.0,62765,M,5074576.0,225261.0,62
201600031234,16,12,17,1945,5,2,6,1,3.0,62525,M,5074078.0,227196.0,62
201600031235,16,1,30,2345,5,2,6,8,7.0,62826,M,5051739.0,158955.0,62
201600031236,16,2,8,800,2,2,2,2,3.0,62826,M,5052286.0,158781.0,62
201600031237,16,2,12,2220,5,2,1,1,6.0,62826,M,5052624.0,159769.0,62
201600031238,16,2,25,1805,1,2,1,1,3.0,62826,M,5031054.0,135461.0,62
201600031239,16,3,8,1150,1,2,1,1,6.0,62826,M,5052255.0,158862.0,62
201600031240,16,5,1,1510,1,2,6,1,7.0,62826,M,5051410.0,160806.0,62
201600031241,16,5,5,1800,1,2,2,1,3.0,62826,M,5031338.0,135051.0,62
201600031242,16,6,3,2315,5,2,2,1,3.0,62826,M,5052060.0,158265.0,62
201600031243,16,7,4,1240,1,2,1,1,6.0,62261,M,5048590.0,160960.0,62
201600031244,16,7,17,1640,1,2,2,1,3.0,62826,M,5051829.0,158275.0,62
201600031245,16,7,19,2128,2,2,1,1,1.0,62826,M,5051947.0,161014.0,62
201600031246,16,8,18,325,5,2,1,1,7.0,62826,M,5052615.0,159407.0,62
201600031247,16,9,9,1710,1,2,1,1,6.0,62826,M,5051934.0,159392.0,62
201600031248,16,9,9,1755,1,2,2,1,6.0,62826,M,5052335.0,158400.0,62
201600031249,16,10,2,835,1,2,1,1,6.0,62826,M,5052622.0,159239.0,62
201600031250,16,10,10,1425,1,2,2,8,3.0,62826,M,5051731.0,161018.0,62
201600031251,16,1,30,1900,1,1,1,1,6.0,63113,M,4576911.0,308360.0,63
201600031252,16,9,9,1730,1,2,1,1,6.0,63113,M,4578128.0,307087.0,63
201600031253,16,1,23,2045,5,2,1,9,3.0,63113,M,4578529.0,308772.0,63
201600031254,16,12,29,1815,5,2,1,1,6.0,63113,M,4576271.0,309959.0,63
201600031255,16,2,5,1900,5,2,6,1,3.0,63113,M,4576410.0,312590.0,63
201600031256,16,10,1,2215,5,2,9,1,3.0,63113,M,4578716.0,308458.0,63
201600031257,16,1,19,730,5,2,2,8,6.0,63113,M,4576470.0,309779.0,63
201600031258,16,10,3,1355,1,2,1,1,2.0,63113,M,4576084.0,309213.0,63
201600031259,16,3,1,1950,5,2,2,1,3.0,63113,M,4580990.0,310922.0,63
201600031260,16,11,1,600,5,2,1,1,6.0,63075,M,4577939.0,306816.0,63
201600031261,16,11,29,1100,1,2,1,1,6.0,63113,M,4576390.0,311565.0,63
201600031262,16,3,29,1145,1,2,9,1,3.0,63113,M,4576570.0,308650.0,63
201600031263,16,4,23,955,1,2,6,1,6.0,63032,M,4574930.0,308800.0,63
201600031264,16,10,4,2300,5,2,2,1,3.0,63113,M,4577916.0,309593.0,63
201600031265,16,4,23,1500,1,2,1,1,6.0,63113,M,4580490.0,310790.0,63
201600031266,16,5,17,1825,1,1,9,1,3.0,63113,M,4575960.0,314216.0,63
201600031267,16,10,6,1045,1,2,1,1,6.0,63113,M,4578400.0,309900.0,63
201600031268,16,5,20,1545,1,1,1,1,1.0,63113,M,4580912.0,313160.0,63
201600031269,16,5,6,2227,5,2,1,1,1.0,63113,M,4578998.0,307850.0,63
201600031270,16,5,27,110,5,2,2,1,3.0,63113,M,4576940.0,309005.0,63
201600031271,16,5,21,2045,1,2,1,1,6.0,63113,M,4579529.0,310210.0,63
201600031272,16,6,14,915,1,2,1,8,6.0,63113,M,4576200.0,309990.0,63
201600031273,16,6,30,900,1,2,4,1,6.0,63113,M,4578670.0,309160.0,63
201600031274,16,7,12,1905,1,2,1,1,6.0,63113,M,4577952.0,309765.0,63
201600031275,16,7,18,805,1,2,1,1,2.0,63113,M,4578597.0,306429.0,63
201600031276,16,6,2,1545,1,2,1,1,6.0,63113,M,4579703.0,310720.0,63
201600031277,16,7,28,1120,1,2,2,7,3.0,63113,M,4578969.0,311792.0,63
201600031278,16,8,7,515,5,1,1,1,2.0,63113,M,4579447.0,310155.0,63
201600031279,16,6,11,50,5,2,1,1,6.0,63113,M,4577450.0,311960.0,63
201600031280,16,6,22,528,5,2,2,1,3.0,63113,M,4578075.0,310926.0,63
201600031281,16,6,27,1535,1,2,1,1,6.0,63113,M,4577839.0,309606.0,63
201600031282,16,8,6,100,3,2,3,1,1.0,63113,M,4578814.0,308347.0,63
201600031283,16,8,27,1035,1,1,1,1,6.0,63308,M,4575284.0,304209.0,63
201600031284,16,10,18,1500,1,2,1,1,2.0,63113,M,4577383.0,308808.0,63
201600031285,16,2,1,746,5,2,1,1,6.0,63113,M,4578890.0,310870.0,63
201600031286,16,11,28,915,1,2,1,8,6.0,63113,M,4578540.0,306460.0,63
201600031287,16,9,13,1300,1,2,1,1,6.0,63113,M,4577620.0,309048.0,63
201600031288,16,11,21,1850,3,2,2,3,3.0,63113,M,4576730.0,310460.0,63
201600031289,16,12,5,1750,5,2,1,1,3.0,63113,M,4577690.0,307590.0,63
201600031290,16,12,16,820,1,2,2,1,1.0,63014,M,4575270.0,311140.0,63
201600031291,16,12,24,140,5,2,1,1,1.0,63032,M,4574820.0,307720.0,63
201600031292,16,1,23,2130,3,1,1,1,4.0,63069,M,4571054.0,319834.0,63
201600031293,16,2,3,1915,2,2,2,1,2.0,63193,M,4577670.0,318034.0,63
201600031294,16,2,26,1645,1,2,6,1,6.0,63124,M,4573158.0,320458.0,63
201600031295,16,4,5,1830,2,2,6,1,6.0,63193,M,4577202.0,318350.0,63
201600031296,16,4,26,1740,1,2,2,1,7.0,63124,M,4574339.0,316742.0,63
201600031297,16,6,14,1525,1,2,2,1,2.0,63124,M,4573165.0,320457.0,63
201600031298,16,6,4,1425,1,2,1,1,6.0,63124,M,4573541.0,319291.0,63
201600031299,16,7,23,1920,1,2,3,1,2.0,63124,M,4573150.0,318299.0,63
201600031300,16,7,1,1715,1,1,2,1,3.0,63193,M,4577200.0,320820.0,63
201600031301,16,11,5,1640,1,1,1,3,3.0,63193,M,4578109.0,321034.0,63
201600031302,16,11,20,1155,1,2,1,1,3.0,63193,M,4577374.0,318471.0,63
201600031303,16,3,15,1200,1,2,3,1,3.0,63063,M,4583130.0,308968.0,63
201600031304,16,4,9,2120,5,2,2,1,6.0,63063,M,4583370.0,308740.0,63
201600031305,16,4,18,1930,1,2,3,1,3.0,63063,M,4583890.0,310499.0,63
201600031306,16,7,19,1850,1,1,9,1,2.0,63063,M,4583032.0,309921.0,63
201600031307,16,8,4,1515,1,2,1,3,6.0,63019,M,4580290.0,316690.0,63
201600031308,16,10,10,715,3,2,1,1,6.0,63164,M,4582110.0,315530.0,63
201600031309,16,10,13,1700,1,2,1,1,3.0,63164,M,4584090.0,314810.0,63
201600031310,16,11,21,1510,1,1,3,1,3.0,63164,M,4584180.0,315690.0,63
201600031311,16,1,29,1930,5,2,2,1,3.0,63300,M,4589425.0,311794.0,63
201600031312,16,3,3,845,1,1,3,2,5.0,63245,M,4588347.0,308180.0,63
201600031313,16,4,12,835,1,2,2,1,3.0,63300,M,4589091.0,311033.0,63
201600031314,16,5,4,2120,2,1,3,1,3.0,63212,M,4588178.0,309594.0,63
201600031315,16,5,3,1540,1,1,1,1,6.0,63300,M,4591322.0,314280.0,63
201600031316,16,6,29,1230,1,2,6,1,3.0,63245,M,4589112.0,308136.0,63
201600031317,16,7,27,1500,1,2,6,1,6.0,63245,M,4588983.0,307458.0,63
201600031318,16,8,3,1920,1,2,1,1,2.0,63300,M,4588690.0,312700.0,63
201600031319,16,10,16,805,1,1,1,1,1.0,63300,M,4592127.0,313797.0,63
201600031320,16,11,11,1900,3,1,1,1,5.0,63300,M,4591636.0,313419.0,63
201600031321,16,12,19,1835,5,2,1,2,1.0,63103,M,4590586.0,305883.0,63
201600031322,16,1,5,1550,1,2,6,2,7.0,64102,M,4347887.0,-145556.0,64
201600031323,16,1,6,840,2,2,3,3,3.0,64102,M,4349156.0,-149102.0,64
201600031324,16,1,6,1645,1,2,1,1,7.0,64024,M,4351607.0,-150152.0,64
201600031325,16,1,6,1950,5,2,1,3,6.0,64102,M,4349874.0,-148195.0,64
201600031326,16,1,8,905,1,2,1,1,6.0,64102,M,4350428.0,-144676.0,64
201600031327,16,1,11,1015,1,2,1,1,6.0,64102,M,4349415.0,-148304.0,64
201600031328,16,1,14,1635,1,2,1,3,7.0,64024,M,4348317.0,-151098.0,64
201600031329,16,1,16,305,5,2,1,3,7.0,64102,M,4348579.0,-147248.0,64
201600031330,16,1,20,2145,5,2,1,1,2.0,64102,M,4348720.0,-146883.0,64
201600031331,16,1,25,1730,1,2,1,1,5.0,64102,M,4349828.0,-149319.0,64
201600031332,16,1,28,1045,1,2,1,1,6.0,64102,M,4351230.0,-143243.0,64
201600031333,16,2,7,235,5,2,1,3,7.0,64102,M,4348830.0,-147728.0,64
201600031334,16,2,12,1420,1,2,1,3,4.0,64102,M,4350650.0,-144540.0,64
201600031335,16,3,1,2200,5,2,1,1,7.0,64024,M,4350283.0,-149431.0,64
201600031336,16,3,4,2220,5,2,1,3,7.0,64102,M,4349421.0,-148333.0,64
201600031337,16,3,5,305,5,2,4,2,6.0,64102,M,4350196.0,-148087.0,64
201600031338,16,3,17,1450,1,2,3,1,3.0,64024,M,4348241.0,-150376.0,64
201600031339,16,3,25,935,1,2,3,8,3.0,64102,M,4350833.0,-148648.0,64
201600031340,16,3,26,1830,1,2,1,1,7.0,64102,M,4346621.0,-149621.0,64
201600031341,16,4,6,430,5,2,1,1,7.0,64102,M,4349635.0,-147226.0,64
201600031342,16,4,6,750,1,2,1,1,7.0,64024,M,4346388.0,-151477.0,64
201600031343,16,4,12,1800,1,2,1,8,6.0,64102,M,4350246.0,-145230.0,64
201600031344,16,4,13,1805,1,2,1,1,7.0,64102,M,4350152.0,-145661.0,64
201600031345,16,4,14,1450,1,2,6,8,3.0,64102,M,4350454.0,-144663.0,64
201600031346,16,4,18,1220,1,2,1,1,3.0,64140,M,4352777.0,-147092.0,64
201600031347,16,4,20,1720,1,2,1,2,6.0,64102,M,4348999.0,-148214.0,64
201600031348,16,5,2,940,1,2,1,1,2.0,64102,M,4350358.0,-146755.0,64
201600031349,16,5,2,1200,1,2,1,1,7.0,64024,M,4347438.0,-150031.0,64
201600031350,16,5,2,1645,1,2,1,1,2.0,64024,M,4348737.0,-153642.0,64
201600031351,16,5,2,2145,3,2,3,1,3.0,64024,M,4349504.0,-153335.0,64
201600031352,16,5,7,1010,1,2,6,8,7.0,64024,M,4348450.0,-151815.0,64
201600031353,16,5,7,2215,3,2,6,1,7.0,64140,M,4353518.0,-147825.0,64
201600031354,16,5,8,920,1,2,1,8,2.0,64024,M,4346488.0,-152860.0,64
201600031355,16,5,12,1645,1,2,6,1,2.0,64024,M,4349840.0,-149380.0,64
201600031356,16,5,14,1625,1,2,1,1,1.0,64140,M,4352095.0,-146444.0,64
201600031357,16,5,16,1955,1,2,1,1,3.0,64024,M,4349466.0,-154331.0,64
201600031358,16,5,20,825,1,2,3,1,1.0,64024,M,4347887.0,-150482.0,64
201600031359,16,5,23,1400,1,2,3,1,3.0,64102,M,4348392.0,-149939.0,64
201600031360,16,5,24,900,1,2,1,8,6.0,64102,M,4348750.0,-148410.0,64
201600031361,16,5,28,30,5,2,1,2,3.0,64102,M,4348600.0,-147456.0,64
201600031362,16,5,28,1540,1,2,1,2,2.0,64102,M,4348509.0,-149443.0,64
201600031363,16,6,4,200,5,2,1,1,7.0,64024,M,4348010.0,-152350.0,64
201600031364,16,6,4,850,1,2,6,1,7.0,64102,M,4349690.0,-148328.0,64
201600031365,16,6,19,135,5,2,1,1,6.0,64102,M,4349434.0,-146776.0,64
201600031366,16,6,19,445,5,2,1,1,6.0,64024,M,4348276.0,-152874.0,64
201600031367,16,6,21,1927,1,2,1,1,2.0,64024,M,4348305.0,-150330.0,64
201600031368,16,6,21,1950,1,2,1,1,2.0,64102,M,4350209.0,-147840.0,64
201600031369,16,6,30,915,1,2,6,1,2.0,64102,M,4350005.0,-146683.0,64
201600031370,16,7,2,1305,1,2,6,1,7.0,64102,M,4347838.0,-149285.0,64
201600031371,16,7,4,1726,1,2,1,1,3.0,64102,M,4350359.0,-147768.0,64
201600031372,16,7,6,2000,1,2,3,1,7.0,64024,M,4348345.0,-151105.0,64
201600031373,16,7,7,855,1,2,1,1,7.0,64024,M,4348954.0,-151222.0,64
201600031374,16,7,9,2110,2,2,1,1,6.0,64102,M,4347017.0,-149235.0,64
201600031375,16,7,13,1700,1,2,1,1,6.0,64024,M,4349339.0,-151940.0,64
201600031376,16,7,13,1700,1,2,1,1,3.0,64102,M,4349230.0,-145320.0,64
201600031377,16,7,14,450,2,2,1,1,1.0,64024,M,4352500.0,-150829.0,64
201600031378,16,7,16,1900,1,2,3,1,2.0,64102,M,4348392.0,-149936.0,64
201600031379,16,7,17,25,5,2,6,1,7.0,64024,M,4348326.0,-150259.0,64
201600031380,16,7,18,1730,1,2,1,1,1.0,64024,M,4349905.0,-153964.0,64
201600031381,16,7,18,2205,2,2,1,1,6.0,64024,M,4349637.0,-151476.0,64
201600031382,16,7,19,1550,1,2,1,1,6.0,64024,M,4348144.0,-151074.0,64
201600031383,16,7,26,1930,1,2,3,1,1.0,64024,M,4347760.0,-150434.0,64
201600031384,16,7,28,1116,1,2,1,1,2.0,64102,M,4349619.0,-148543.0,64
201600031385,16,7,28,1805,1,2,1,1,7.0,64102,M,4349976.0,-145846.0,64
201600031386,16,7,28,1911,1,2,1,1,2.0,64102,M,4349689.0,-148327.0,64
201600031387,16,7,31,2345,5,2,1,1,6.0,64102,M,4348735.0,-148493.0,64