Num_Acc,an,mois,jour,hrmn,lum,agg,int,atm,col,com,gps,lat,long,dep
201600031388,16,8,1,1505,1,2,1,1,3.0,64024,M,4348557.0,-151950.0,64
201600031389,16,8,1,2240,5,2,1,1,1.0,64024,M,4348445.0,-151160.0,64
201600031390,16,8,2,1520,1,2,3,1,3.0,64024,M,4348347.0,-151110.0,64
201600031391,16,8,3,745,1,2,6,1,3.0,64024,M,4347760.0,-152408.0,64
201600031392,16,8,4,1137,1,2,1,1,3.0,64024,M,4351592.0,-152417.0,64
201600031393,16,8,4,1710,1,1,1,1,3.0,64024,M,4348915.0,-149974.0,64
201600031394,16,8,11,40,5,2,1,1,7.0,64140,M,4351258.0,-148715.0,64
201600031395,16,8,12,2140,2,2,1,1,7.0,64102,M,4349891.0,-148164.0,64
201600031396,16,8,23,945,1,2,3,1,3.0,64024,M,4350824.0,-152224.0,64
201600031397,16,8,24,35,3,2,1,1,6.0,64140,M,4352280.0,-149040.0,64
201600031398,16,8,25,2020,1,2,1,1,6.0,64024,M,4350360.0,-153600.0,64
201600031399,16,8,26,1430,1,2,1,1,5.0,64102,M,4350022.0,-147975.0,64
201600031400,16,8,29,1707,1,2,2,1,6.0,64102,M,4349520.0,-148550.0,64
201600031401,16,9,2,1910,1,2,2,1,3.0,64102,M,4349340.0,-147573.0,64
201600031402,16,9,3,1740,1,2,2,1,6.0,64024,M,4348880.0,-151931.0,64
201600031403,16,9,6,1020,1,2,1,1,3.0,64102,M,4346600.0,-149480.0,64
201600031404,16,9,6,1225,1,2,1,1,6.0,64024,M,4348790.0,-153360.0,64
201600031405,16,9,12,1625,1,2,6,1,2.0,64102,M,4349918.0,-148176.0,64
201600031406,16,9,16,200,5,2,1,2,6.0,64024,M,4348010.0,-152118.0,64
201600031407,16,9,16,1515,1,2,6,2,7.0,64102,M,4350200.0,-147870.0,64
201600031408,16,9,18,1450,1,2,1,1,6.0,64024,M,4348975.0,-149752.0,64
201600031409,16,9,21,730,2,2,3,1,1.0,64102,M,4349140.0,-146930.0,64
201600031410,16,9,21,1430,1,2,3,1,3.0,64102,M,4349815.0,-149078.0,64
201600031411,16,9,30,1335,1,2,1,1,6.0,64102,M,4349096.0,-147773.0,64
201600031412,16,10,10,2205,5,2,1,1,7.0,64102,M,4347466.0,-148995.0,64
201600031413,16,10,12,1800,1,2,1,1,3.0,64024,M,4348656.0,-149947.0,64
201600031414,16,10,15,1205,1,2,1,1,6.0,64102,M,4349661.0,-148713.0,64
201600031415,16,10,17,1805,1,2,1,1,2.0,64102,M,4348622.0,-148943.0,64
201600031416,16,10,18,715,2,2,1,1,3.0,64102,M,4348145.0,-147931.0,64
201600031417,16,10,19,755,5,2,3,1,3.0,64024,M,4350395.0,-149522.0,64
201600031418,16,10,30,245,5,2,1,1,6.0,64102,M,4347244.0,-149030.0,64
201600031419,16,11,7,730,2,2,1,2,6.0,64102,M,4348413.0,-147669.0,64
201600031420,16,11,8,1125,1,2,1,2,6.0,64102,M,4349570.0,-147983.0,64
201600031421,16,11,11,1211,1,2,3,2,3.0,64024,M,4349355.0,-154550.0,64
201600031422,16,11,14,1800,2,2,1,8,3.0,64102,M,4347828.0,-148158.0,64
201600031423,16,11,21,1420,1,2,1,8,7.0,64024,M,4348610.0,-150160.0,64
201600031424,16,12,2,1400,1,2,1,1,7.0,64024,M,4349985.0,-154015.0,64
201600031425,16,12,2,1840,5,2,1,1,3.0,64102,M,4349718.0,-148286.0,64
201600031426,16,12,3,1645,1,2,1,1,3.0,64024,M,4348728.0,-150079.0,64
201600031427,16,12,6,1740,2,2,1,1,5.0,64102,M,4350378.0,-144661.0,64
201600031428,16,12,7,1030,1,2,1,1,2.0,64102,M,4349599.0,-147262.0,64
201600031429,16,12,14,400,5,2,1,1,7.0,64024,M,4350015.0,-149730.0,64
201600031430,16,12,16,1155,1,2,1,1,5.0,64102,M,4349369.0,-148144.0,64
201600031431,16,12,18,1550,1,2,3,1,3.0,64102,M,4349425.0,-146773.0,64
201600031432,16,12,23,655,5,2,2,2,3.0,64102,M,4349236.0,-148686.0,64
201600031433,16,12,29,1455,1,2,2,1,3.0,64024,M,4348840.0,-152841.0,64
201600031434,16,1,23,1000,1,2,6,1,7.0,64125,M,4343149.0,-159794.0,64
201600031435,16,2,21,1720,1,2,1,1,3.0,64122,M,4346570.0,-153698.0,64
201600031436,16,2,27,2120,5,2,1,1,7.0,64125,M,4344070.0,-158708.0,64
201600031437,16,3,3,1330,1,2,1,1,6.0,64122,M,4346005.0,-153843.0,64
201600031438,16,3,19,1910,1,2,1,2,2.0,64122,M,4348110.0,-155874.0,64
201600031439,16,3,25,800,1,2,1,1,6.0,64122,M,4348189.0,-155791.0,64
201600031440,16,3,26,1805,1,2,1,1,2.0,64125,M,4344681.0,-157886.0,64
201600031441,16,3,27,900,1,2,1,8,7.0,64125,M,4343778.0,-159143.0,64
201600031442,16,3,27,1330,1,2,1,1,6.0,64122,M,4348325.0,-155985.0,64
201600031443,16,4,2,2050,2,2,1,1,7.0,64122,M,4345774.0,-155015.0,64
201600031444,16,5,1,100,5,2,1,1,6.0,64122,M,4347908.0,-155383.0,64
201600031445,16,5,4,1550,1,2,1,1,6.0,64122,M,4346705.0,-157156.0,64
201600031446,16,5,7,2035,1,2,1,1,6.0,64122,M,4347468.0,-155770.0,64
201600031447,16,5,30,515,5,1,1,2,7.0,64122,M,4349232.0,-154948.0,64
201600031448,16,6,1,1445,1,2,1,1,2.0,64122,M,4347015.0,-154929.0,64
201600031449,16,6,2,1250,1,2,1,8,1.0,64122,M,4344811.0,-154435.0,64
201600031450,16,6,3,1115,1,2,3,1,3.0,64122,M,4347595.0,-155249.0,64
201600031451,16,6,4,1145,1,2,1,1,6.0,64122,M,4348424.0,-155573.0,64
201600031452,16,6,9,1550,1,2,1,1,3.0,64122,M,4348107.0,-154075.0,64
201600031453,16,6,11,910,1,2,1,1,6.0,64122,M,4348382.0,-155878.0,64
201600031454,16,6,12,855,1,2,1,1,1.0,64122,M,4345004.0,-155981.0,64
201600031455,16,6,14,1830,1,2,1,2,3.0,64125,M,4344478.0,-158403.0,64
201600031456,16,6,18,1550,1,2,2,8,3.0,64122,M,4348103.0,-153522.0,64
201600031457,16,6,24,1625,1,2,1,1,6.0,64122,M,4347542.0,-155304.0,64
201600031458,16,6,29,1040,1,2,1,1,7.0,64122,M,4347857.0,-156350.0,64
201600031459,16,7,2,2325,5,2,1,1,3.0,64122,M,4349219.0,-155055.0,64
201600031460,16,7,3,500,5,2,1,1,6.0,64122,M,4348455.0,-154996.0,64
201600031461,16,7,4,45,5,2,1,1,3.0,64122,M,4348216.0,-156726.0,64
201600031462,16,7,5,15,5,2,1,2,7.0,64122,M,4366149.0,-155001.0,64
201600031463,16,7,13,1735,1,2,1,1,1.0,64125,M,4344579.0,-155297.0,64
201600031464,16,7,15,1744,1,2,1,1,6.0,64122,M,4348156.0,-155827.0,64
201600031465,16,7,15,2030,1,2,1,1,3.0,64122,M,4346097.0,-154664.0,64
201600031466,16,7,17,1250,1,2,3,1,3.0,64122,M,4346328.0,-156264.0,64
201600031467,16,7,25,610,5,2,1,1,6.0,64122,M,4346703.0,-157116.0,64
201600031468,16,7,27,1200,1,2,1,1,6.0,64122,M,4348125.0,-156001.0,64
201600031469,16,7,28,1630,1,2,1,1,3.0,64122,M,4348048.0,-156554.0,64
201600031470,16,7,29,1600,1,2,1,1,3.0,64122,M,4346796.0,-153977.0,64
201600031471,16,7,30,1240,1,2,1,1,2.0,64125,M,4345104.0,-157456.0,64
201600031472,16,7,30,1855,1,2,1,1,7.0,64122,M,4346822.0,-153949.0,64
201600031473,16,8,6,1115,1,2,1,1,3.0,64125,M,4344589.0,-344589.0,64
201600031474,16,8,12,2120,2,2,1,1,3.0,64122,M,4348522.0,-155627.0,64
201600031475,16,8,13,1930,1,2,1,1,1.0,64125,M,4345542.0,-157327.0,64
201600031476,16,8,17,20,5,2,1,1,3.0,64122,M,4349106.0,-154480.0,64
201600031477,16,8,21,1915,1,2,1,1,1.0,64125,M,4342508.0,-158427.0,64
201600031478,16,8,18,430,5,2,1,1,6.0,64125,M,4342665.0,-160370.0,64
201600031479,16,8,19,1100,1,2,1,1,3.0,64122,M,4346960.0,-156946.0,64
201600031480,16,8,26,1040,1,2,1,1,6.0,64122,M,4346592.0,-153841.0,64
201600031481,16,9,3,1200,1,2,1,1,6.0,64122,M,4346028.0,-147573.0,64
201600031482,16,9,4,207,4,2,1,1,6.0,64122,M,4346326.0,-156267.0,64
201600031483,16,9,21,740,2,2,1,1,3.0,64122,M,4346230.0,-155247.0,64
201600031484,16,9,24,1540,1,2,1,1,3.0,64125,M,4345013.0,-156814.0,64
201600031485,16,9,30,1555,1,2,1,1,2.0,64122,M,4346963.0,-154366.0,64
201600031486,16,10,4,1010,1,2,1,1,3.0,64122,M,4346902.0,-155812.0,64
201600031487,16,10,8,1630,1,2,1,1,3.0,64125,M,4345077.0,-156390.0,64
201600031488,16,10,13,2130,5,2,1,1,3.0,64122,M,4347810.0,-154860.0,64
201600031489,16,10,22,525,5,2,1,1,6.0,64122,M,4348487.0,-155362.0,64
201600031490,16,10,22,2040,3,2,1,1,7.0,64122,M,4346489.0,-153530.0,64
201600031491,16,11,11,1005,1,2,1,3,3.0,64125,M,4344199.0,-158550.0,64
201600031492,16,11,14,1650,1,2,1,1,6.0,64122,M,4347227.0,-155031.0,64
201600031493,16,11,23,130,5,2,1,3,6.0,64122,M,4347842.0,-155551.0,64
201600031494,16,12,23,1120,1,2,1,1,7.0,64122,M,4347525.0,-154548.0,64
201600031495,16,12,27,35,3,2,1,5,7.0,64125,M,4345041.0,-157515.0,64
201600031496,16,1,1,2130,5,2,1,1,3.0,64129,M,4331418.0,-37770.0,64
201600031497,16,1,3,2009,5,2,1,1,3.0,64132,M,4329160.0,-35837.0,64
201600031498,16,1,4,1929,5,2,1,2,4.0,64445,M,4330280.0,-36192.0,64
201600031499,16,1,4,2005,5,2,2,2,3.0,64445,M,4329598.0,-37865.0,64
201600031500,16,1,4,2025,5,2,1,2,2.0,64445,M,4329913.0,-36284.0,64
201600031501,16,1,4,2135,5,2,6,2,2.0,64445,M,4331868.0,-79840.0,64
201600031502,16,1,5,746,5,2,1,2,6.0,64445,M,4330185.0,-35778.0,64
201600031503,16,1,5,1810,5,2,2,2,3.0,64445,M,4332483.0,-35743.0,64
201600031504,16,1,8,757,2,2,3,1,6.0,64445,M,4331139.0,-36890.0,64
201600031505,16,1,8,926,1,2,3,1,3.0,64348,M,4331601.0,-40873.0,64
201600031506,16,1,8,1130,1,2,7,1,6.0,64445,M,4330010.0,-36919.0,64
201600031507,16,1,8,1220,1,2,1,1,3.0,64445,M,4330648.0,-37627.0,64
201600031508,16,1,9,1818,5,2,1,1,4.0,64348,M,4331367.0,-41747.0,64
201600031509,16,1,12,1409,1,2,1,1,2.0,64445,M,4331699.0,-33063.0,64
201600031510,16,1,12,1453,1,2,1,1,2.0,64445,M,4332292.0,-31484.0,64
201600031511,16,1,13,725,2,2,8,1,3.0,64284,M,4326161.0,-38803.0,64
201600031512,16,1,16,1935,5,2,1,1,1.0,64445,M,4332657.0,-32686.0,64
201600031513,16,1,17,1145,1,2,6,1,2.0,64348,M,4333872.0,-37987.0,64
201600031514,16,1,18,1155,1,2,5,1,3.0,64445,M,4331919.0,-36751.0,64
201600031515,16,1,18,1950,5,2,1,2,6.0,64445,M,4330252.0,-36089.0,64
201600031516,16,1,21,1055,1,2,1,1,2.0,64445,M,4330194.0,-35892.0,64
201600031517,16,1,22,1915,5,2,1,1,3.0,64335,M,4331764.0,-43197.0,64
201600031518,16,1,24,1425,1,2,2,1,3.0,64445,M,4333532.0,-37970.0,64
201600031519,16,1,25,825,1,2,1,1,4.0,64445,M,4333508.0,-36092.0,64
201600031520,16,1,25,1320,1,2,1,1,6.0,64132,M,4330865.0,-32576.0,64
201600031521,16,1,26,1827,2,2,1,1,3.0,64445,M,4330844.0,-33777.0,64
201600031522,16,1,31,1630,1,2,2,2,3.0,64269,M,4329921.0,-30068.0,64
201600031523,16,1,31,2045,5,2,1,2,2.0,64445,M,4329244.0,-36366.0,64
201600031524,16,2,1,1650,1,2,1,1,6.0,64445,M,4330620.0,-33435.0,64
201600031525,16,2,3,1635,1,2,1,1,6.0,64445,M,4330550.0,-35397.0,64
201600031526,16,2,4,615,5,2,1,1,1.0,64445,M,4329490.0,-36294.0,64
201600031527,16,2,4,1805,2,2,1,1,2.0,64445,M,4328780.0,-38021.0,64
201600031528,16,2,4,1923,5,2,6,1,3.0,64445,M,4331650.0,-37475.0,64
201600031529,16,2,7,1905,5,2,1,1,3.0,64445,M,4332480.0,-35751.0,64
201600031530,16,2,8,1250,1,2,1,1,3.0,64445,M,4329460.0,-36511.0,64
201600031531,16,2,8,1530,1,2,2,1,3.0,64335,M,4333380.0,-42404.0,64
201600031532,16,2,9,1455,1,2,1,3,3.0,64445,M,4329270.0,-36258.0,64
201600031533,16,2,9,2000,5,2,1,2,2.0,64129,M,4330350.0,-37973.0,64
201600031534,16,2,10,1230,1,2,1,8,6.0,64445,M,4331120.0,-37208.0,64
201600031535,16,2,10,1448,1,2,1,2,2.0,64348,M,4330940.0,-40956.0,64
201600031536,16,2,11,1833,2,2,1,2,6.0,64445,M,4329600.0,-37857.0,64
201600031537,16,2,12,1405,1,2,1,2,2.0,64348,M,4331280.0,-41569.0,64
201600031538,16,2,13,600,5,2,1,3,6.0,64129,M,4329810.0,-38885.0,64
201600031539,16,2,14,1900,5,2,3,2,3.0,64445,M,4330520.0,-35140.0,64
201600031540,16,2,15,1900,5,2,6,1,3.0,64445,M,4331790.0,-37836.0,64
201600031541,16,2,18,15,5,2,2,1,6.0,64445,M,4330450.0,-36807.0,64
201600031542,16,2,18,225,5,2,1,2,2.0,64445,M,4330260.0,-35233.0,64
201600031543,16,2,18,1840,2,2,6,2,2.0,64445,M,4331110.0,-36327.0,64
201600031544,16,2,20,2150,5,2,2,1,1.0,64445,M,4332140.0,-36041.0,64
201600031545,16,2,23,1705,1,2,1,2,6.0,64445,M,4328590.0,-38888.0,64
201600031546,16,2,24,630,2,2,6,1,2.0,64445,M,4332980.0,-35574.0,64
201600031547,16,2,26,1740,1,2,1,1,3.0,64445,M,4330040.0,-36039.0,64
201600031548,16,2,27,2140,5,2,6,2,3.0,64445,M,4330420.0,-35658.0,64
201600031549,16,2,29,1340,1,2,1,1,6.0,64445,M,4332460.0,-34282.0,64
201600031550,16,2,29,1910,5,2,1,1,2.0,64348,M,4333050.0,-38526.0,64
201600031551,16,3,3,2150,5,2,1,2,6.0,64445,M,4330146.0,-35788.0,64
201600031552,16,3,4,1630,1,2,1,2,6.0,64284,M,4328542.0,-38840.0,64
201600031553,16,3,4,1905,5,2,2,3,6.0,64445,M,4329603.0,-37858.0,64
201600031554,16,3,4,2115,4,2,1,2,4.0,64269,M,4329815.0,-30319.0,64
201600031555,16,3,6,950,1,2,3,1,3.0,64445,M,4330482.0,-37057.0,64
201600031556,16,3,7,1420,1,2,3,8,3.0,64445,M,4330205.0,-36074.0,64
201600031557,16,3,7,1550,1,2,9,2,6.0,64445,M,4332604.0,-34829.0,64
201600031558,16,3,7,1830,2,2,1,2,6.0,64445,M,4330819.0,-37580.0,64
201600031559,16,3,10,1225,1,2,1,1,2.0,64284,M,4326202.0,-39022.0,64
201600031560,16,3,10,1825,2,2,1,1,2.0,64284,M,4329566.0,-38717.0,64
201600031561,16,3,11,1655,1,2,2,1,5.0,64445,M,4330937.0,-36394.0,64
201600031562,16,3,12,1400,1,2,1,1,7.0,64335,M,4335007.0,-38636.0,64
201600031563,16,3,12,1605,1,2,3,1,3.0,64445,M,4330052.0,-36032.0,64
201600031564,16,3,14,2015,5,2,1,1,3.0,64445,M,4332033.0,-36806.0,64
201600031565,16,3,15,1600,1,2,1,1,6.0,64445,M,4330607.0,-36706.0,64
201600031566,16,3,17,750,1,2,3,1,1.0,64445,M,4330340.0,-36429.0,64
201600031567,16,3,17,1450,1,2,1,1,2.0,64445,M,4331539.0,-36148.0,64
201600031568,16,3,18,930,1,2,1,1,2.0,64269,M,4329777.0,-30176.0,64
201600031569,16,3,21,740,1,2,1,1,3.0,64445,M,4330321.0,-36337.0,64
201600031570,16,3,23,1820,1,2,1,1,2.0,64445,M,4332635.0,-37406.0,64
201600031571,16,3,24,1645,1,2,1,1,6.0,64445,M,4330647.0,-37627.0,64
201600031572,16,3,31,918,1,2,1,2,3.0,64445,M,4330852.0,-36401.0,64
201600031573,16,4,1,1355,1,2,1,1,2.0,64348,M,4334354.0,-37978.0,64
201600031574,16,4,2,1511,1,2,6,1,3.0,64445,M,4332146.0,-35916.0,64
201600031575,16,4,5,2155,4,2,1,2,2.0,64284,M,4329414.0,-38696.0,64
201600031576,16,4,6,1435,1,2,1,1,2.0,64335,M,4332835.0,-43816.0,64
201600031577,16,4,7,2100,5,2,1,1,1.0,64129,M,4330901.0,-38561.0,64
201600031578,16,4,8,1355,1,2,1,1,2.0,64445,M,4330294.0,-36251.0,64
201600031579,16,4,10,1710,1,1,1,1,3.0,64445,M,4329840.0,-37930.0,64
201600031580,16,4,11,950,1,2,1,1,3.0,64335,M,4332298.0,-42007.0,64
201600031581,16,4,11,1740,1,2,1,1,1.0,64348,M,4330786.0,-40636.0,64
201600031582,16,4,12,1537,1,2,1,1,6.0,64445,M,4330316.0,-34937.0,64
201600031583,16,4,12,1740,1,2,1,1,6.0,64445,M,4330607.0,-33512.0,64
201600031584,16,4,14,1515,1,2,1,1,2.0,64348,M,4332454.0,-38771.0,64
201600031585,16,4,15,1712,1,2,1,1,5.0,64445,M,4329689.0,-36396.0,64
201600031586,16,4,15,1900,1,1,1,1,1.0,64348,M,4332205.0,-39561.0,64
201600031587,16,4,16,1430,1,2,2,1,1.0,64348,M,4330977.0,-42381.0,64
201600031588,16,4,17,2130,1,2,1,1,1.0,64445,M,4333029.0,-35526.0,64
201600031589,16,4,18,1405,1,2,1,1,3.0,64284,M,4329193.0,-40707.0,64
201600031590,16,4,19,1735,1,2,1,1,1.0,64269,M,4329484.0,-30734.0,64
201600031591,16,4,22,1750,1,2,1,1,4.0,64269,M,4329920.0,-30688.0,64
201600031592,16,4,22,1930,1,2,1,1,3.0,64445,M,4330395.0,-36609.0,64
201600031593,16,4,23,1745,1,2,1,2,2.0,64445,M,4331637.0,-37475.0,64
201600031594,16,4,24,1045,1,2,6,1,3.0,64445,M,4331634.0,-37479.0,64
201600031595,16,4,24,1725,1,1,1,1,6.0,64335,M,4333727.0,-46036.0,64
201600031596,16,4,28,810,1,2,1,1,1.0,64373,M,4328064.0,-35473.0,64
201600031597,16,5,2,1100,1,2,1,1,6.0,64445,M,4329926.0,-36796.0,64
201600031598,16,5,4,1645,1,2,1,1,3.0,64445,M,4332190.0,-37910.0,64
201600031599,16,5,4,1900,2,2,1,1,3.0,64132,M,4330263.0,-31904.0,64
201600031600,16,5,6,1730,1,1,1,1,3.0,64284,M,4325586.0,-39993.0,64
201600031601,16,5,7,2230,5,1,6,1,3.0,64335,M,4332049.0,-43369.0,64
201600031602,16,5,10,816,1,1,1,1,6.0,64445,M,4330050.0,-35773.0,64
201600031603,16,5,10,1035,1,2,1,1,2.0,64132,M,4329616.0,-33557.0,64
201600031604,16,5,11,2100,1,2,1,1,3.0,64445,M,4329777.0,-36511.0,64
201600031605,16,5,12,1045,1,2,1,1,2.0,64445,M,4329237.0,-37230.0,64
201600031606,16,5,12,1045,1,2,1,1,6.0,64445,M,4331135.0,-36948.0,64
201600031607,16,5,12,1819,1,1,1,1,3.0,64335,M,4331711.0,-42965.0,64
201600031608,16,5,17,1710,1,2,1,1,3.0,64445,M,4331835.0,-35777.0,64
201600031609,16,5,18,2055,5,2,3,1,3.0,64445,M,4332610.0,-33820.0,64
201600031610,16,5,19,1610,1,2,2,1,3.0,64445,M,4330439.0,-36755.0,64
201600031611,16,5,20,1235,1,2,1,1,2.0,64445,M,4331418.0,-37041.0,64
201600031612,16,5,20,2230,5,2,3,1,3.0,64445,M,4329883.0,-37487.0,64
201600031613,16,5,21,1350,1,2,1,1,3.0,64445,M,4330124.0,-37535.0,64
201600031614,16,5,22,1810,2,2,3,2,1.0,64348,M,4332270.0,-37931.0,64
201600031615,16,5,23,1350,1,2,6,2,3.0,64445,M,4330668.0,-33377.0,64
201600031616,16,5,24,825,1,2,1,1,4.0,64269,M,4329829.0,-30332.0,64
201600031617,16,5,24,1300,1,2,1,1,2.0,64445,M,4329246.0,-37265.0,64
201600031618,16,5,27,1235,1,2,1,1,3.0,64445,M,4331730.0,-37829.0,64
201600031619,16,5,27,1635,1,2,1,1,6.0,64348,M,4331100.0,-41255.0,64
201600031620,16,5,28,1610,1,2,1,1,4.0,64335,M,4333574.0,-43486.0,64
201600031621,16,5,30,1323,1,2,1,1,3.0,64445,M,4330043.0,-36519.0,64
201600031622,16,5,31,1720,1,2,6,1,3.0,64335,M,4331819.0,-42462.0,64
201600031623,16,6,1,825,1,2,1,1,1.0,64269,M,4329952.0,-31536.0,64
201600031624,16,6,1,1400,1,2,1,1,3.0,64445,M,4330630.0,-33378.0,64
201600031625,16,6,1,2210,5,2,3,1,6.0,64445,M,4329984.0,-37500.0,64
201600031626,16,6,2,1720,1,1,1,1,2.0,64335,M,4334484.0,-42047.0,64
201600031627,16,6,3,1600,1,2,6,1,2.0,64348,M,4332254.0,-39943.0,64
201600031628,16,6,4,1453,1,2,6,1,1.0,64445,M,4331880.0,-35976.0,64
201600031629,16,6,4,1625,1,1,1,1,4.0,64335,M,4332805.0,-44394.0,64
201600031630,16,6,7,850,1,1,1,1,1.0,64132,M,4328579.0,-34855.0,64
201600031631,16,6,8,1410,1,2,1,1,2.0,64132,M,4330385.0,-31630.0,64
201600031632,16,6,10,1540,1,2,1,2,5.0,64348,M,4334502.0,-37982.0,64
201600031633,16,6,11,1750,1,1,1,1,3.0,64269,M,4329994.0,-30916.0,64
201600031634,16,6,14,1725,1,2,1,1,3.0,64445,M,4331000.0,-37693.0,64
201600031635,16,6,16,818,1,2,1,1,1.0,64445,M,4331999.0,-36782.0,64
201600031636,16,6,17,1300,1,1,1,1,3.0,64348,M,4331713.0,-39474.0,64
201600031637,16,6,18,1305,1,2,1,8,3.0,64445,M,4331558.0,-37793.0,64
201600031638,16,6,20,1210,1,2,1,1,1.0,64445,M,4331512.0,-37564.0,64
201600031639,16,6,20,1758,1,2,1,1,6.0,64445,M,4330878.0,-36423.0,64
201600031640,16,6,21,1414,1,2,1,1,6.0,64445,M,4330407.0,-37767.0,64
201600031641,16,6,21,1842,1,2,1,1,3.0,64373,M,4327631.0,-35123.0,64
201600031642,16,6,22,1140,1,2,1,1,6.0,64445,M,4329551.0,-36774.0,64
201600031643,16,6,23,1640,1,2,1,1,3.0,64335,M,4331870.0,-42495.0,64
201600031644,16,6,24,1450,1,2,1,1,3.0,64129,M,4329832.0,-38926.0,64
201600031645,16,6,26,1345,1,2,1,1,2.0,64348,M,4331891.0,-40104.0,64
201600031646,16,6,29,1925,1,1,1,1,1.0,64269,M,4329871.0,-30503.0,64
201600031647,16,7,1,1135,1,2,6,1,3.0,64445,M,4329623.0,-37863.0,64
201600031648,16,7,1,1745,1,2,1,1,2.0,64348,M,4332015.0,-39141.0,64
201600031649,16,7,5,1645,1,2,1,1,6.0,64445,M,4330059.0,-37510.0,64
201600031650,16,7,5,1806,1,2,1,1,5.0,64129,M,4330354.0,-40343.0,64
201600031651,16,7,8,1610,1,2,1,1,6.0,64445,M,4331653.0,-37816.0,64
201600031652,16,7,10,1815,1,2,1,1,6.0,64445,M,4330739.0,-37652.0,64
201600031653,16,7,11,755,1,2,1,1,7.0,64335,M,4332445.0,-41480.0,64
201600031654,16,5,25,950,1,2,2,1,6.0,64132,M,4328929.0,-35460.0,64
201600031655,16,7,5,920,1,2,1,1,1.0,64445,M,4329898.0,-36995.0,64
201600031656,16,7,11,1250,1,2,2,1,3.0,64348,M,4333510.0,-37975.0,64
201600031657,16,7,16,1915,1,1,1,1,4.0,64445,M,4333941.0,-37979.0,64
201600031658,16,7,21,615,2,2,3,1,3.0,64445,M,4332466.0,-35683.0,64
201600031659,16,7,21,2145,2,2,1,1,6.0,64284,M,4327259.0,-38868.0,64
201600031660,16,7,22,1720,1,1,1,1,2.0,64129,M,4330289.0,-37960.0,64
201600031661,16,7,25,1510,1,2,1,1,1.0,64445,M,4331099.0,-35014.0,64
201600031662,16,7,26,1345,1,2,2,1,5.0,64129,M,4331182.0,-37732.0,64
201600031663,16,7,26,1651,1,2,1,1,3.0,64445,M,4331418.0,-33323.0,64
201600031664,16,7,26,1755,1,2,1,1,1.0,64445,M,4330486.0,-35233.0,64
201600031665,16,7,23,1325,1,2,1,1,6.0,64445,M,4330254.0,-35244.0,64
201600031666,16,7,27,1900,1,2,1,1,3.0,64129,M,4331227.0,-38635.0,64
201600031667,16,7,27,1950,1,2,1,1,3.0,64348,M,4330984.0,-42393.0,64
201600031668,16,7,30,1115,1,2,1,1,4.0,64335,M,4332499.0,-43813.0,64
201600031669,16,7,31,2235,5,2,1,1,2.0,64445,M,4333542.0,-37975.0,64
201600031670,16,8,1,1415,1,2,1,1,6.0,64445,M,4331850.0,-34546.0,64
201600031671,16,8,1,1800,1,2,1,1,3.0,64335,M,4333235.0,-45824.0,64
201600031672,16,8,4,2240,5,2,1,2,2.0,64445,M,4329642.0,-37863.0,64
201600031673,16,8,7,130,5,2,1,1,6.0,64284,M,4328247.0,-38735.0,64
201600031674,16,8,8,1820,1,2,3,1,3.0,64445,M,4330247.0,-37556.0,64
201600031675,16,8,9,745,1,2,1,2,6.0,64445,M,4331870.0,-35966.0,64
201600031676,16,8,10,1010,1,2,3,1,6.0,64445,M,4329618.0,-35350.0,64
201600031677,16,8,13,1200,1,2,1,1,4.0,64445,M,4330689.0,-37637.0,64
201600031678,16,8,16,1650,1,2,3,1,3.0,64445,M,4330174.0,-37757.0,64
201600031679,16,8,19,845,1,2,6,1,3.0,64129,M,4330714.0,-39882.0,64
201600031680,16,8,19,2100,2,2,2,1,3.0,64445,M,4332480.0,-35744.0,64
201600031681,16,8,21,125,5,2,1,1,3.0,64445,M,4330812.0,-37658.0,64
201600031682,16,8,22,1544,1,2,2,1,1.0,64129,M,4331228.0,-38636.0,64
201600031683,16,8,23,1815,1,2,2,1,3.0,64348,M,4332081.0,-37903.0,64
201600031684,16,8,26,1940,1,2,3,1,3.0,64348,M,4332928.0,-37962.0,64
201600031685,16,8,30,800,1,2,1,1,3.0,64348,M,4333870.0,-38523.0,64
201600031686,16,8,31,1500,1,2,2,1,3.0,64445,M,4330486.0,-37062.0,64
201600031687,16,9,1,1820,1,2,1,1,3.0,64348,M,4330893.0,-40865.0,64
201600031688,16,9,2,955,1,1,2,1,3.0,64269,M,4329808.0,-30275.0,64
201600031689,16,9,3,1755,1,2,2,1,3.0,64445,M,4330267.0,-35205.0,64
201600031690,16,9,5,1151,1,2,1,1,6.0,64284,M,4328458.0,-38754.0,64
201600031691,16,9,6,1200,1,2,1,1,6.0,64445,M,4330680.0,-33446.0,64
201600031692,16,9,7,730,1,2,1,1,3.0,64445,M,4330238.0,-35338.0,64
201600031693,16,9,10,2310,5,2,1,1,3.0,64445,M,4330991.0,-37693.0,64
201600031694,16,9,13,1120,1,2,1,1,3.0,64348,M,4330918.0,-40910.0,64
201600031695,16,9,14,1040,1,2,6,1,2.0,64445,M,4330771.0,-33851.0,64
201600031696,16,9,14,1535,1,2,3,1,5.0,64445,M,4329318.0,-36125.0,64
201600031697,16,9,15,1315,1,2,1,1,6.0,64445,M,4331591.0,-35680.0,64