Num_Acc,an,mois,jour,hrmn,lum,agg,int,atm,col,com,gps,lat,long,dep
201600031698,16,9,15,1610,1,1,1,1,4.0,64348,M,4331440.0,-41899.0,64
201600031699,16,9,20,1240,1,2,1,1,2.0,64445,M,4330896.0,-34265.0,64
201600031700,16,9,21,905,1,2,6,1,3.0,64445,M,4332142.0,-35865.0,64
201600031701,16,9,21,1345,1,2,1,1,6.0,64445,M,4329700.0,-36640.0,64
201600031702,16,9,21,1630,1,2,1,1,5.0,64348,M,4330867.0,-40835.0,64
201600031703,16,9,22,1015,1,2,1,1,6.0,64445,M,4329590.0,-37648.0,64
201600031704,16,9,23,1921,1,2,3,1,3.0,64445,M,4330603.0,-35669.0,64
201600031705,16,9,23,2000,1,1,1,1,3.0,64335,M,4333288.0,-45285.0,64
201600031706,16,9,28,1230,1,2,6,1,1.0,64237,M,4328829.0,-37649.0,64
201600031707,16,9,28,1110,1,1,3,1,6.0,64445,M,4329934.0,-37134.0,64
201600031708,16,9,29,1615,1,2,3,1,3.0,64445,M,4333113.0,-37964.0,64
201600031709,16,9,30,955,1,2,2,1,3.0,64129,M,4330287.0,-39561.0,64
201600031710,16,9,30,1255,1,2,1,1,6.0,64445,M,4333158.0,-36048.0,64
201600031711,16,10,5,1230,1,2,1,1,4.0,64445,M,4330790.0,-34589.0,64
201600031712,16,10,7,240,5,2,1,1,2.0,64445,M,4331113.0,-32367.0,64
201600031713,16,10,6,1636,1,2,2,1,3.0,64129,M,4330280.0,-39569.0,64
201600031714,16,10,7,1510,1,2,1,1,2.0,64445,M,4812991.0,-40138.0,64
201600031715,16,10,11,2043,5,1,3,1,3.0,64445,M,4330370.0,-35572.0,64
201600031716,16,10,12,854,1,2,1,1,1.0,64445,M,4330585.0,-34984.0,64
201600031717,16,10,12,1225,1,2,3,1,6.0,64284,M,4328463.0,-38756.0,64
201600031718,16,10,12,1310,1,2,3,1,1.0,64445,M,4331681.0,-36826.0,64
201600031719,16,10,12,2040,4,2,9,1,3.0,64348,M,4332877.0,-38301.0,64
201600031720,16,10,15,1720,1,2,1,1,2.0,64284,M,4326722.0,-38950.0,64
201600031721,16,10,14,842,1,2,1,1,6.0,64445,M,4331617.0,-36151.0,64
201600031722,16,10,18,1250,1,1,1,1,2.0,64284,M,4328878.0,-40216.0,64
201600031723,16,10,18,1913,2,2,1,1,3.0,64335,M,4331808.0,-43287.0,64
201600031724,16,10,19,1255,1,2,3,1,3.0,64335,M,4332465.0,-42219.0,64
201600031725,16,10,19,1503,1,1,1,1,2.0,64445,M,4331391.0,-37023.0,64
201600031726,16,10,19,1535,1,2,1,1,2.0,64445,M,4330623.0,-37623.0,64
201600031727,16,10,21,1435,1,2,1,1,2.0,64445,M,4329870.0,-37485.0,64
201600031728,16,10,23,950,1,2,1,1,6.0,64445,M,4330423.0,-37761.0,64
201600031729,16,10,26,1000,1,2,3,1,3.0,64445,M,4331177.0,-37540.0,64
201600031730,16,10,27,1505,1,2,1,1,1.0,64445,M,4331523.0,-36165.0,64
201600031731,16,10,27,1535,1,2,1,1,3.0,64445,M,4331322.0,-37066.0,64
201600031732,16,10,30,1140,1,2,1,1,3.0,64348,M,4330863.0,-40826.0,64
201600031733,16,10,31,1740,1,2,1,1,3.0,64129,M,4330109.0,-39453.0,64
201600031734,16,10,31,1850,5,2,1,1,4.0,64129,M,4331304.0,-37749.0,64
201600031735,16,11,2,1925,5,2,1,1,1.0,64129,M,4329960.0,-39161.0,64
201600031736,16,11,4,1215,1,2,1,2,2.0,64445,M,4331588.0,-33197.0,64
201600031737,16,11,5,610,5,2,2,3,3.0,64132,M,4330669.0,-32749.0,64
201600031738,16,11,5,1250,1,2,3,3,3.0,64445,M,4333141.0,-36156.0,64
201600031739,16,11,5,1825,5,2,1,3,2.0,64445,M,4330510.0,-37602.0,64
201600031740,16,11,5,1853,4,1,1,3,1.0,64284,M,4329036.0,-40396.0,64
201600031741,16,11,5,2015,5,2,9,1,1.0,64445,M,4331819.0,-37824.0,64
201600031742,16,11,9,1250,1,2,1,1,1.0,64129,M,4330114.0,-39448.0,64
201600031743,16,11,9,1355,1,2,1,2,3.0,64445,M,4330241.0,-35333.0,64
201600031744,16,11,11,1203,1,2,1,1,3.0,64445,M,4330860.0,-36391.0,64
201600031745,16,11,12,1800,2,1,1,1,2.0,64269,M,4329357.0,-32620.0,64
201600031746,16,11,12,2003,5,2,2,2,3.0,64445,M,4330337.0,-36177.0,64
201600031747,16,11,13,321,5,1,1,1,3.0,64445,M,4330864.0,-36392.0,64
201600031748,16,11,14,1215,1,2,2,1,1.0,64445,M,4332455.0,-37956.0,64
201600031749,16,11,14,1510,1,2,1,1,6.0,64445,M,4331055.0,-36410.0,64
201600031750,16,11,15,740,5,2,1,1,3.0,64445,M,4329880.0,-35285.0,64
201600031751,16,11,15,850,1,2,3,1,3.0,64445,M,4329217.0,-37826.0,64
201600031752,16,11,16,1000,1,2,1,1,6.0,64445,M,4331950.0,-37880.0,64
201600031753,16,11,17,2020,5,2,2,1,1.0,64445,M,4329428.0,-35908.0,64
201600031754,16,11,18,1720,2,2,1,1,2.0,64269,M,4328690.0,-32550.0,64
201600031755,16,11,19,1840,5,2,3,1,3.0,64445,M,4333405.0,-37387.0,64
201600031756,16,11,21,755,1,1,2,1,3.0,64348,M,4333909.0,-39519.0,64
201600031757,16,11,22,1910,4,2,1,3,6.0,64445,M,4329297.0,-37806.0,64
201600031758,16,11,22,2039,5,2,2,2,3.0,64445,M,4330280.0,-37352.0,64
201600031759,16,11,23,1910,1,2,1,3,6.0,64445,M,4333281.0,-36644.0,64
201600031760,16,11,23,2000,5,2,1,2,2.0,64335,M,4333317.0,-45333.0,64
201600031761,16,11,23,1130,1,2,1,1,3.0,64445,M,4329671.0,-36352.0,64
201600031762,16,11,24,1933,5,2,2,1,1.0,64445,M,4330242.0,-36046.0,64
201600031763,16,11,29,1440,1,2,2,1,3.0,64445,M,4331488.0,-37783.0,64
201600031764,16,11,29,1735,1,2,1,1,3.0,64445,M,4331583.0,-35931.0,64
201600031765,16,11,30,1245,1,2,1,1,5.0,64348,M,4332228.0,-37924.0,64
201600031766,16,11,30,1650,1,2,1,1,2.0,64129,M,4331368.0,-37779.0,64
201600031767,16,12,1,1010,1,2,1,1,2.0,64445,M,4330342.0,-37835.0,64
201600031768,16,12,1,1700,1,1,1,1,2.0,64269,M,4330144.0,-31460.0,64
201600031769,16,12,2,1550,1,2,3,1,3.0,64445,M,4333544.0,-37971.0,64
201600031770,16,12,2,1613,1,2,1,1,2.0,64445,M,4330731.0,-35524.0,64
201600031771,16,12,2,1710,1,2,1,7,2.0,64445,M,4331292.0,-32005.0,64
201600031772,16,12,3,1635,1,2,1,1,2.0,64445,M,4329189.0,-36934.0,64
201600031773,16,12,5,1805,5,2,2,1,6.0,64445,M,4329883.0,-35192.0,64
201600031774,16,12,7,120,5,2,2,1,3.0,64445,M,4329928.0,-36331.0,64
201600031775,16,12,7,1845,1,2,1,1,4.0,64269,M,4330198.0,-31693.0,64
201600031776,16,12,8,750,2,1,1,1,3.0,64129,M,4330611.0,-40038.0,64
201600031777,16,12,9,935,1,2,1,7,5.0,64445,M,4331736.0,-37689.0,64
201600031778,16,12,9,1820,2,2,3,1,1.0,64445,M,4331875.0,-34602.0,64
201600031779,16,12,11,1628,1,2,6,1,3.0,64284,M,4328768.0,-39067.0,64
201600031780,16,12,12,1355,1,2,2,1,6.0,64445,M,4329979.0,-37959.0,64
201600031781,16,12,13,913,1,2,1,1,3.0,64445,M,4331144.0,-36451.0,64
201600031782,16,12,13,1435,1,2,1,7,3.0,64335,M,4331709.0,-42967.0,64
201600031783,16,12,13,2025,5,2,1,1,2.0,64445,M,4330064.0,-36186.0,64
201600031784,16,12,14,1625,1,2,1,1,2.0,64284,M,4328306.0,-38711.0,64
201600031785,16,12,14,1806,2,2,1,1,3.0,64445,M,4330362.0,-35221.0,64
201600031786,16,12,15,928,1,2,1,1,2.0,64269,M,4329804.0,-30249.0,64
201600031787,16,12,17,1050,1,2,2,1,6.0,64445,M,4331112.0,-35401.0,64
201600031788,16,12,18,1025,1,2,3,1,3.0,64445,M,4329223.0,-37824.0,64
201600031789,16,12,19,1910,5,2,1,1,3.0,64445,M,4331613.0,-36152.0,64
201600031790,16,12,21,1900,1,2,1,1,2.0,64445,M,4333144.0,-36154.0,64
201600031791,16,12,21,2050,5,2,2,1,3.0,64445,M,4330425.0,-37992.0,64
201600031792,16,12,22,900,1,2,1,1,3.0,64445,M,4330608.0,-33604.0,64
201600031793,16,12,22,1230,1,1,1,1,4.0,64129,M,4329875.0,-39012.0,64
201600031794,16,12,23,1635,1,2,2,2,3.0,64445,M,4330114.0,-38360.0,64
201600031795,16,12,27,1649,2,2,1,1,3.0,64445,M,4331019.0,-34681.0,64
201600031796,16,12,27,1953,5,2,1,1,6.0,64445,M,4330347.0,-36437.0,64
201600031797,16,1,8,1030,1,2,1,1,2.0,64545,M,4336195.0,-170991.0,64
201600031798,16,1,20,1030,1,1,1,1,1.0,64260,M,4337422.0,-176042.0,64
201600031799,16,1,30,1930,5,2,1,1,1.0,64483,M,0.0,0.0,64
201600031800,16,2,7,1,5,2,1,3,6.0,64260,M,4335770.0,-177649.0,64
201600031801,16,2,11,816,2,2,1,2,6.0,64260,M,4336100.0,-177459.0,64
201600031802,16,2,12,1355,1,1,1,1,2.0,64545,M,4336190.0,-171749.0,64
201600031803,16,2,18,1349,1,2,1,3,4.0,64249,M,4341247.0,-161776.0,64
201600031804,16,2,20,2200,5,1,2,1,3.0,64545,M,4336090.0,-170013.0,64
201600031805,16,2,29,2130,5,1,1,1,1.0,64260,M,4336410.0,-177063.0,64
201600031806,16,3,4,1625,1,2,1,1,2.0,64260,M,4321139.0,146483.0,64
201600031807,16,3,8,1620,1,1,1,1,3.0,64483,M,4340086.0,-163283.0,64
201600031808,16,3,22,1750,1,2,1,1,3.0,64545,M,4336126.0,-170267.0,64
201600031809,16,3,26,1305,1,2,1,1,1.0,64260,M,4337039.0,-175509.0,64
201600031810,16,3,11,1400,1,1,1,8,7.0,64483,M,4338802.0,-166010.0,64
201600031811,16,3,30,1214,1,2,1,1,3.0,64260,M,4336677.0,-175868.0,64
201600031812,16,4,3,1205,1,2,1,1,3.0,64483,M,4338636.0,-166213.0,64
201600031813,16,4,7,755,1,2,1,1,4.0,64260,M,4334962.0,-176928.0,64
201600031814,16,4,20,1152,1,1,1,1,3.0,64260,M,4337560.0,-176259.0,64
201600031815,16,4,24,1049,1,1,1,1,3.0,64483,M,4338687.0,-162040.0,64
201600031816,16,4,25,1820,1,2,1,1,3.0,64545,M,4334878.0,-171409.0,64
201600031817,16,4,28,1315,1,1,1,1,2.0,64249,M,4342126.0,-160536.0,64
201600031818,16,4,28,1730,1,1,1,1,3.0,64189,M,4338147.0,-166466.0,64
201600031819,16,4,29,920,1,1,1,1,2.0,64189,M,4338312.0,-166676.0,64
201600031820,16,4,27,1025,1,2,1,8,6.0,64260,M,4335806.0,-177440.0,64
201600031821,16,4,30,735,2,1,1,2,1.0,64260,M,4335687.0,-177634.0,64
201600031822,16,5,6,1310,1,2,1,1,3.0,64260,M,4336729.0,-175021.0,64
201600031823,16,5,7,1203,1,1,1,8,5.0,64189,M,4338288.0,-166761.0,64
201600031824,16,5,7,1335,1,1,1,2,2.0,64483,M,4337553.0,-163784.0,64
201600031825,16,5,10,1900,1,2,1,1,4.0,64483,M,4339527.0,-164799.0,64
201600031826,16,5,20,1610,1,2,1,1,2.0,64483,M,4340260.0,-163518.0,64
201600031827,16,5,21,1245,1,2,1,1,2.0,64483,M,4345803.0,-149958.0,64
201600031828,16,5,23,1845,1,1,1,1,5.0,64545,M,4335637.0,-174482.0,64
201600031829,16,5,27,1915,1,1,1,2,4.0,64260,M,4334970.0,-178428.0,64
201600031830,16,5,28,1800,1,2,1,3,3.0,64189,M,4338946.0,-168266.0,64
201600031831,16,5,28,2225,5,2,1,1,3.0,64260,M,4336530.0,-176840.0,64
201600031832,16,5,29,2300,5,2,1,1,3.0,64189,M,4338462.0,-166642.0,64
201600031833,16,6,7,830,1,2,1,1,1.0,64483,M,4339264.0,-165265.0,64
201600031834,16,6,7,1255,1,2,1,1,6.0,64483,M,4338310.0,-165605.0,64
201600031835,16,6,8,1345,1,2,1,1,4.0,64545,M,4336163.0,-171895.0,64
201600031836,16,6,8,1730,1,2,1,1,6.0,64260,M,4334961.0,-177549.0,64
201600031837,16,6,8,1835,1,2,1,1,3.0,64260,M,4337310.0,-177386.0,64
201600031838,16,6,9,840,1,1,1,1,3.0,64260,M,4335660.0,-177432.0,64
201600031839,16,6,9,2225,3,1,1,1,6.0,64545,M,4335200.0,-173880.0,64
201600031840,16,6,10,1530,1,1,1,8,1.0,64260,M,4336506.0,-176032.0,64
201600031841,16,6,10,1730,1,1,1,2,3.0,64483,M,4339240.0,-165311.0,64
201600031842,16,6,11,2220,5,1,1,1,1.0,64189,M,4338809.0,-167659.0,64
201600031843,16,6,16,1040,1,2,1,1,6.0,64483,M,4338697.0,-166126.0,64
201600031844,16,6,17,1030,1,2,1,1,6.0,64483,M,4338638.0,-166259.0,64
201600031845,16,6,21,937,1,2,1,1,6.0,64483,M,4339181.0,-165510.0,64
201600031846,16,6,25,2100,1,1,1,1,3.0,64260,M,4337045.0,-175509.0,64
201600031847,16,6,28,825,1,1,1,1,2.0,64545,M,4336142.0,-171982.0,64
201600031848,16,7,5,1700,1,2,1,1,3.0,64483,M,4339666.0,-164541.0,64
201600031849,16,7,6,1210,1,2,3,1,1.0,64260,M,4336876.0,-177114.0,64
201600031850,16,7,12,1530,1,1,1,1,1.0,64483,M,4341183.0,-161148.0,64
201600031851,16,7,12,2110,1,2,1,1,1.0,64260,M,4336841.0,-177184.0,64
201600031852,16,7,15,1930,1,2,1,1,1.0,64260,M,4337115.0,-177587.0,64
201600031853,16,7,14,230,5,2,1,1,3.0,64260,M,4336839.0,-176441.0,64
201600031854,16,7,17,1209,1,2,1,1,3.0,64260,M,4335402.0,-177987.0,64
201600031855,16,7,23,1055,1,2,1,1,6.0,64483,M,4340025.0,-163927.0,64
201600031856,16,7,25,1250,1,2,1,1,3.0,64483,M,4339925.0,-139234.0,64
201600031857,16,7,26,1733,1,1,1,1,2.0,64249,M,4341843.0,-160781.0,64
201600031858,16,7,27,2310,3,1,1,1,3.0,64545,M,4335525.0,-173673.0,64
201600031859,16,7,31,1623,1,1,1,1,1.0,64545,M,4333518.0,-168987.0,64
201600031860,16,7,31,1835,1,2,1,1,3.0,64260,M,4335864.0,-177610.0,64
201600031861,16,8,1,1459,1,2,1,1,2.0,64260,M,4337270.0,-174823.0,64
201600031862,16,8,4,25,5,1,1,1,1.0,64249,M,4341660.0,-161020.0,64
201600031863,16,8,6,1820,1,2,1,1,1.0,64483,M,4340160.0,-159983.0,64
201600031864,16,8,14,1920,1,2,1,1,6.0,64260,M,4337500.0,-176388.0,64
201600031865,16,8,17,1725,1,2,1,1,2.0,64249,M,4341660.0,-161020.0,64
201600031866,16,8,18,1125,1,2,1,1,2.0,64189,M,4337760.0,-165903.0,64
201600031867,16,8,18,1030,1,2,1,1,4.0,64189,M,4337770.0,-167289.0,64
201600031868,16,8,19,1035,1,2,1,1,6.0,64260,M,4335580.0,-177307.0,64
201600031869,16,8,22,1145,1,1,1,1,3.0,64483,M,4340750.0,-162660.0,64
201600031870,16,8,22,1145,1,2,1,1,3.0,64260,M,4336740.0,-177032.0,64
201600031871,16,8,22,1920,1,2,1,1,6.0,64260,M,4337400.0,-176742.0,64
201600031872,16,8,29,1435,1,2,1,1,6.0,64483,M,4338740.0,-166284.0,64
201600031873,16,8,29,1745,1,2,1,1,2.0,64260,M,4335880.0,-177219.0,64
201600031874,16,8,30,1115,1,1,1,1,3.0,64483,M,4339940.0,-164064.0,64
201600031875,16,9,2,1234,1,2,1,1,5.0,64483,M,4338970.0,-165384.0,64
201600031876,16,9,3,1350,1,2,1,1,2.0,64483,M,4338606.0,-166102.0,64
201600031877,16,9,11,605,3,2,1,1,1.0,64249,M,4342103.0,-160592.0,64
201600031878,16,9,21,114,5,2,1,1,2.0,64249,M,4342121.0,-160536.0,64
201600031879,16,9,25,1045,1,1,1,1,1.0,64545,M,4335630.0,-169106.0,64
201600031880,16,9,28,1850,2,1,1,1,1.0,64545,M,4335542.0,-169075.0,64
201600031881,16,9,30,1000,1,2,1,1,2.0,64260,M,4335010.0,-178120.0,64
201600031882,16,10,5,1300,1,1,1,1,1.0,64483,M,4337764.0,-163777.0,64
201600031883,16,10,8,2140,5,2,1,1,5.0,64483,M,4341128.0,-161978.0,64
201600031884,16,10,10,1710,1,2,1,1,6.0,64483,M,4337680.0,-163770.0,64
201600031885,16,10,12,1250,1,2,1,1,1.0,64189,M,4338130.0,-166290.0,64
201600031886,16,10,13,644,5,2,1,8,3.0,64483,M,4339640.0,-164580.0,64
201600031887,16,10,13,1730,1,2,1,8,6.0,64189,M,4337520.0,-166010.0,64
201600031888,16,10,14,1530,1,2,1,1,1.0,64545,M,4336680.0,-174610.0,64
201600031889,16,10,22,1530,1,2,1,1,7.0,64260,M,4335250.0,-176850.0,64
201600031890,16,10,23,1600,1,2,1,1,4.0,64483,M,4339640.0,-164590.0,64
201600031891,16,10,25,1145,1,2,1,1,1.0,64545,M,4332820.0,-168720.0,64
201600031892,16,11,14,810,1,2,1,1,2.0,64545,M,4336869.0,-168480.0,64
201600031893,16,10,25,2020,5,2,1,1,3.0,64483,M,4323296.0,-139172.0,64
201600031894,16,10,29,1920,1,1,1,1,2.0,64483,M,4341411.0,-161370.0,64
201600031895,16,11,14,1505,1,2,1,1,6.0,64260,M,4335975.0,-177559.0,64
201600031896,16,11,14,1735,1,2,1,1,3.0,64483,M,4338609.0,-166123.0,64
201600031897,16,11,16,1450,1,2,1,1,2.0,64483,M,4339963.0,-164027.0,64
201600031898,16,11,18,1300,1,2,1,8,7.0,64545,M,4334641.0,-175094.0,64
201600031899,16,11,26,1516,1,2,1,1,3.0,64483,M,4338003.0,-164000.0,64
201600031900,16,12,6,1134,1,2,1,1,1.0,64483,M,4338469.0,-166130.0,64
201600031901,16,12,8,800,1,2,1,1,6.0,64483,M,4338782.0,-166377.0,64
201600031902,16,12,10,2000,5,2,1,1,2.0,64483,M,4339322.0,-165164.0,64
201600031903,16,12,13,1720,2,1,1,1,2.0,64545,M,4333771.0,-169088.0,64
201600031904,16,12,13,2005,5,2,1,1,6.0,64483,M,4339950.0,-164030.0,64
201600031905,16,12,15,1615,1,2,1,7,6.0,64189,M,4338400.0,-167310.0,64
201600031906,16,12,21,1900,3,2,1,3,3.0,64545,M,4337476.0,-167870.0,64
201600031907,16,12,24,1330,1,2,1,1,3.0,64483,M,4339934.0,-164083.0,64
201600031908,16,1,5,810,4,2,1,1,6.0,65286,M,4308650.0,-4605.0,65
201600031909,16,1,18,745,5,2,1,2,2.0,65286,M,4310270.0,-4332.0,65
201600031910,16,1,18,948,1,2,1,3,6.0,65286,M,4309180.0,-4075.0,65
201600031911,16,2,2,745,1,2,1,1,3.0,65286,M,4310100.0,-4471.0,65
201600031912,16,2,12,1410,1,2,3,3,6.0,65286,M,4309590.0,-4463.0,65
201600031913,16,3,5,1700,1,2,1,3,3.0,65286,M,4309408.0,-4619.0,65
201600031914,16,3,7,1555,1,2,3,2,3.0,65286,M,4310870.0,-2849.0,65
201600031915,16,3,7,1725,1,2,1,2,6.0,65286,M,4308740.0,-4310.0,65
201600031916,16,3,11,1645,1,2,9,1,6.0,65286,M,4309350.0,-4742.0,65
201600031917,16,5,9,1145,1,2,1,1,6.0,65286,M,4310921.0,-6337.0,65
201600031918,16,5,11,745,2,1,1,1,1.0,65002,M,4312837.0,-2761.0,65
201600031919,16,5,20,1710,1,2,1,1,6.0,65286,M,4309697.0,-4566.0,65
201600031920,16,6,20,1500,1,2,1,1,2.0,65286,M,4309563.0,-4635.0,65
201600031921,16,8,6,450,3,2,1,1,7.0,65286,M,4310710.0,-2762.0,65
201600031922,16,8,22,2145,5,1,3,1,1.0,65286,M,4311630.0,-3286.0,65
201600031923,16,8,19,800,1,1,3,1,6.0,65286,M,4311603.0,-3285.0,65
201600031924,16,9,6,1745,1,2,1,1,6.0,65286,M,4310110.0,-4465.0,65
201600031925,16,9,17,1155,1,2,1,1,2.0,65286,M,4311090.0,-3696.0,65
201600031926,16,9,22,1415,1,2,1,1,6.0,65286,M,4309570.0,-5544.0,65
201600031927,16,9,29,1210,1,2,3,1,3.0,65286,M,4309701.0,-4520.0,65
201600031928,16,10,13,1955,5,2,1,2,6.0,65286,M,4310922.0,-3806.0,65
201600031929,16,10,27,1605,1,2,1,1,6.0,65286,M,4309226.0,-4574.0,65
201600031930,16,11,8,1532,1,2,4,2,6.0,65286,M,4308968.0,-4615.0,65
201600031931,16,1,4,1140,1,2,6,1,3.0,65417,M,4322400.0,9416.0,65
201600031932,16,1,12,810,5,2,2,2,3.0,65440,M,4322960.0,5181.0,65
201600031933,16,1,27,1125,1,2,1,1,5.0,65047,M,4323480.0,9243.0,65
201600031934,16,1,31,1925,2,2,1,2,1.0,65440,M,4322660.0,8932.0,65
201600031935,16,2,10,1350,1,2,6,2,3.0,65047,M,4324640.0,8956.0,65
201600031936,16,2,19,1625,1,2,1,1,6.0,65100,M,4325610.0,4641.0,65
201600031937,16,2,20,1900,1,2,3,1,6.0,65440,M,4324495.0,7842.0,65
201600031938,16,2,29,1715,1,2,1,1,6.0,65440,M,4322950.0,7633.0,65
201600031939,16,3,10,830,1,2,2,1,3.0,65440,M,4323460.0,8410.0,65
201600031940,16,3,19,1455,1,2,1,1,3.0,65417,M,4322410.0,10169.0,65
201600031941,16,3,24,2120,5,2,2,1,1.0,65440,M,4324930.0,6533.0,65
201600031942,16,3,29,1800,1,2,1,1,2.0,65047,M,4324230.0,9671.0,65
201600031943,16,3,29,1850,1,2,3,1,3.0,65440,M,4324190.0,6178.0,65
201600031944,16,4,16,1715,1,2,1,2,6.0,65440,M,4323110.0,8459.0,65
201600031945,16,4,19,740,1,2,1,1,3.0,65417,M,4322920.0,9156.0,65
201600031946,16,5,6,1815,1,2,1,1,2.0,65331,M,4321010.0,4724.0,65
201600031947,16,5,24,1930,1,2,1,1,6.0,65417,M,4323190.0,9329.0,65
201600031948,16,5,29,150,5,2,3,1,7.0,65433,M,4321110.0,9797.0,65
201600031949,16,6,4,1350,1,2,1,1,6.0,65440,M,4322540.0,6947.0,65
201600031950,16,6,7,2150,2,2,1,1,3.0,65047,M,4324300.0,9553.0,65
201600031951,16,6,21,2010,1,2,2,1,3.0,65417,M,4323260.0,9665.0,65
201600031952,16,6,22,910,1,2,1,1,2.0,65417,M,4322290.0,10294.0,65
201600031953,16,6,27,2130,1,2,1,1,2.0,65440,M,4323190.0,8113.0,65
201600031954,16,7,3,2330,5,2,1,1,4.0,65440,M,4323300.0,7323.0,65
201600031955,16,7,8,1615,1,1,3,1,3.0,65226,M,4324340.0,-1162.0,65
201600031956,16,7,11,910,1,2,3,1,3.0,65440,M,4322850.0,7500.0,65
201600031957,16,7,29,100,3,2,1,1,6.0,65440,M,4323680.0,5290.0,65
201600031958,16,7,30,1745,1,1,1,1,2.0,65226,M,4323950.0,2721.0,65
201600031959,16,8,10,940,1,2,1,1,6.0,65440,M,4323040.0,7468.0,65
201600031960,16,8,13,2100,2,2,2,1,3.0,65100,M,4325642.0,4643.0,65
201600031961,16,8,23,1800,1,2,6,1,3.0,65440,M,4322845.0,7573.0,65
201600031962,16,9,9,2140,5,2,1,1,5.0,65440,M,4322190.0,8476.0,65
201600031963,16,9,12,45,5,2,2,1,3.0,65440,M,4322898.0,8114.0,65
201600031964,16,9,12,1135,1,2,1,1,6.0,65440,M,4323950.0,6956.0,65
201600031965,16,9,18,1055,1,1,1,1,5.0,65417,M,4321340.0,11083.0,65
201600031966,16,9,30,1845,1,2,3,1,3.0,65440,M,4323300.0,8635.0,65
201600031967,16,10,6,1835,1,2,1,1,6.0,65417,M,4323310.0,9204.0,65
201600031968,16,10,7,1641,1,2,1,1,3.0,65440,M,4323055.0,8774.0,65
201600031969,16,10,17,803,1,2,1,1,1.0,65440,M,4322670.0,6138.0,65
201600031970,16,10,17,1219,1,2,1,1,1.0,65417,M,4323210.0,9309.0,65
201600031971,16,10,18,1205,1,2,2,1,3.0,65440,M,4323344.0,7767.0,65
201600031972,16,10,31,1440,1,2,1,1,6.0,65440,M,4322697.0,7892.0,65
201600031973,16,10,31,1425,1,2,1,1,6.0,65440,M,4322312.0,9160.0,65
201600031974,16,11,3,1425,1,2,1,1,6.0,65440,M,4323180.0,8575.0,65
201600031975,16,11,26,15,5,2,1,1,2.0,65440,M,4323950.0,6871.0,65
201600031976,16,12,1,1350,1,2,1,1,6.0,65440,M,4322890.0,7002.0,65
201600031977,16,12,1,1520,1,2,1,1,3.0,65440,M,4323700.0,5613.0,65
201600031978,16,12,5,1530,1,2,1,1,6.0,65440,M,4322730.0,7497.0,65
201600031979,16,12,13,1915,5,2,1,1,6.0,65440,M,4323860.0,8684.0,65
201600031980,16,12,14,1300,1,1,1,1,3.0,65433,M,4320399.0,9923.0,65
201600031981,16,12,15,1200,1,2,1,1,6.0,65440,M,4322180.0,7806.0,65
201600031982,16,12,15,2135,5,2,2,1,3.0,65440,M,4324930.0,6533.0,65
201600031983,16,12,26,1635,1,2,3,1,3.0,65047,M,4323390.0,9632.0,65
201600031984,16,6,12,1945,1,1,1,1,3.0,09079,M,4315402.0,139632.0,09
201600031985,16,6,27,1845,1,1,1,1,6.0,09181,M,4309107.0,137789.0,09
201600031986,16,9,17,1915,1,1,1,8,6.0,09061,M,4311768.0,135702.0,09
201600031987,16,9,28,915,1,1,1,1,2.0,09123,M,4317820.0,125015.0,09
201600031988,16,10,28,700,5,2,1,5,3.0,09202,M,4306484.0,148740.0,09
201600031989,16,1,6,743,2,2,1,1,6.0,66136,M,4270118.0,289011.0,66
201600031990,16,1,6,825,1,2,2,1,3.0,66136,M,4269183.0,288540.0,66
201600031991,16,1,7,1700,1,1,1,1,3.0,66136,M,4268865.0,289508.0,66
201600031992,16,1,8,1520,1,2,1,1,6.0,66136,M,4272309.0,288373.0,66
201600031993,16,1,9,1629,1,2,2,1,3.0,66136,M,4269159.0,288270.0,66
201600031994,16,1,14,844,1,2,2,1,3.0,66136,M,4268901.0,288817.0,66
201600031995,16,1,19,1205,1,2,1,2,6.0,66136,M,4269383.0,291380.0,66
201600031996,16,1,20,415,3,1,1,1,7.0,66136,M,,,66
201600031997,16,1,20,1900,5,2,1,1,3.0,66136,M,4271344.0,290560.0,66
201600031998,16,1,22,1700,1,1,1,1,3.0,66136,M,4267537.0,290821.0,66
201600031999,16,1,22,943,1,1,1,1,1.0,66136,M,4266507.0,292152.0,66
201600032000,16,1,29,2040,5,2,2,1,3.0,66136,M,4269880.0,287781.0,66
201600032001,16,2,2,1320,1,1,1,1,6.0,66136,M,4265899.0,287566.0,66
201600032002,16,2,3,20,5,2,1,1,3.0,66136,M,4269922.0,288067.0,66
201600032003,16,2,4,920,1,2,6,1,3.0,66136,M,4269033.0,287269.0,66
201600032004,16,2,4,1610,1,2,2,1,6.0,66136,M,4270101.0,289235.0,66
201600032005,16,2,9,800,1,1,1,1,6.0,66136,M,,,66
201600032006,16,2,10,2150,5,2,1,1,6.0,66136,M,4272333.0,288962.0,66
201600032007,16,2,18,1040,1,1,1,1,6.0,66136,M,,,66
201600032008,16,2,14,1910,5,1,1,3,6.0,66136,M,4270153.0,288579.0,66