Num_Acc,an,mois,jour,hrmn,lum,agg,int,atm,col,com,gps,lat,long,dep
201600032009,16,2,18,1815,1,1,1,1,3.0,66136,M,4271413.0,288882.0,66
201600032010,16,2,22,1820,1,2,2,1,3.0,66136,M,4270770.0,289606.0,66
201600032011,16,2,23,1827,1,2,1,1,6.0,66136,M,4269122.0,288188.0,66
201600032012,16,2,26,415,3,1,1,1,2.0,66136,M,,,66
201600032013,16,3,1,1130,1,2,1,1,6.0,66136,M,4268500.0,290266.0,66
201600032014,16,3,7,930,1,2,1,1,2.0,66136,M,4267574.0,284144.0,66
201600032015,16,3,3,2250,5,2,1,1,3.0,66136,M,4271277.0,289759.0,66
201600032016,16,3,11,1243,1,2,1,1,3.0,66136,M,4269415.0,285079.0,66
201600032017,16,3,12,1000,1,2,1,1,3.0,66136,M,4268865.0,289500.0,66
201600032018,16,3,14,935,1,1,1,1,2.0,66136,M,4268814.0,287442.0,66
201600032019,16,3,15,1400,1,2,1,1,6.0,66136,M,4270095.0,289240.0,66
201600032020,16,3,16,1400,1,2,1,1,6.0,66136,M,4269759.0,289054.0,66
201600032021,16,3,20,645,2,1,1,1,2.0,66136,M,4270727.0,290944.0,66
201600032022,16,3,21,1620,1,2,1,1,6.0,66136,M,4269931.0,288863.0,66
201600032023,16,3,24,320,5,2,1,1,7.0,66136,M,4267948.0,289866.0,66
201600032024,16,3,26,158,3,1,1,1,7.0,66136,M,4268713.0,287030.0,66
201600032025,16,3,26,2100,3,2,1,1,7.0,66136,M,4268305.0,288194.0,66
201600032026,16,4,6,920,1,2,1,1,6.0,66136,M,4269826.0,288904.0,66
201600032027,16,4,8,900,1,2,1,1,6.0,66136,M,4269302.0,290928.0,66
201600032028,16,4,7,1730,1,2,1,1,6.0,66136,M,4269420.0,291026.0,66
201600032029,16,4,8,1535,1,1,1,1,5.0,66136,M,4269661.0,288805.0,66
201600032030,16,4,10,1932,1,2,1,1,6.0,66136,M,4268799.0,290408.0,66
201600032031,16,4,14,826,1,1,6,1,3.0,66136,M,4272910.0,288898.0,66
201600032032,16,4,15,1705,1,2,1,1,3.0,66136,M,4268850.0,287566.0,66
201600032033,16,4,25,1630,1,2,1,1,6.0,66136,M,4266857.0,289736.0,66
201600032034,16,4,28,1200,1,2,1,1,6.0,66136,M,4269168.0,289343.0,66
201600032035,16,4,28,1445,1,2,1,1,6.0,66136,M,4269473.0,288912.0,66
201600032036,16,5,4,1455,1,2,1,1,3.0,66136,M,4270429.0,289733.0,66
201600032037,16,5,7,1411,1,2,1,1,3.0,66136,M,4270466.0,288594.0,66
201600032038,16,5,8,1435,1,1,1,1,1.0,66136,M,4269942.0,291672.0,66
201600032039,16,5,10,1715,1,2,1,2,6.0,66136,M,4269628.0,287824.0,66
201600032040,16,5,10,1650,1,2,1,2,6.0,66136,M,4269378.0,288521.0,66
201600032041,16,5,14,1900,1,2,1,1,3.0,66136,M,4269647.0,290350.0,66
201600032042,16,5,18,1530,1,1,1,1,3.0,66136,M,4267407.0,288751.0,66
201600032043,16,5,23,840,1,2,1,1,1.0,66136,M,4269159.0,288267.0,66
201600032044,16,5,25,1710,1,1,1,1,1.0,66136,M,4266341.0,286822.0,66
201600032045,16,5,25,955,1,2,1,1,6.0,66136,M,4270409.0,290267.0,66
201600032046,16,5,26,1400,1,2,1,1,6.0,66136,M,4268823.0,288310.0,66
201600032047,16,6,1,944,1,2,3,1,3.0,66136,M,4270971.0,289046.0,66
201600032048,16,6,1,1150,1,2,1,1,6.0,66136,M,4268615.0,288201.0,66
201600032049,16,6,8,950,1,1,1,1,2.0,66136,M,4268784.0,285341.0,66
201600032050,16,6,8,1100,1,2,1,1,6.0,66136,M,4269000.0,290211.0,66
201600032051,16,6,8,1400,1,1,1,1,4.0,66136,M,,,66
201600032052,16,6,8,2000,1,1,1,1,6.0,66136,M,4266942.0,288354.0,66
201600032053,16,6,14,840,1,2,2,1,6.0,66136,M,4268637.0,287283.0,66
201600032054,16,6,15,2200,5,2,2,1,3.0,66136,M,4269861.0,288736.0,66
201600032055,16,6,18,1300,1,2,1,1,3.0,66136,M,4270223.0,290278.0,66
201600032056,16,6,18,2030,2,2,1,1,2.0,66136,M,4268913.0,289328.0,66
201600032057,16,6,18,2350,5,2,2,1,3.0,66136,M,4269314.0,291529.0,66
201600032058,16,6,20,1545,1,2,1,1,2.0,66136,M,4268392.0,286430.0,66
201600032059,16,6,25,1130,1,1,1,1,2.0,66136,M,4267407.0,288751.0,66
201600032060,16,6,25,1715,1,2,1,1,2.0,66136,M,4270107.0,289251.0,66
201600032061,16,6,28,1700,1,2,2,1,3.0,66136,M,4268634.0,290365.0,66
201600032062,16,6,29,1135,1,1,1,1,3.0,66136,M,0.0,0.0,66
201600032063,16,6,30,930,1,2,1,1,6.0,66136,M,4269492.0,290309.0,66
201600032064,16,7,12,1715,1,2,1,1,6.0,66136,M,4268779.0,287304.0,66
201600032065,16,7,20,830,1,2,1,1,2.0,66136,M,4268199.0,291029.0,66
201600032066,16,7,25,1800,1,1,1,1,2.0,66136,M,,,66
201600032067,16,7,26,1700,1,2,1,1,3.0,66136,M,4271767.0,289067.0,66
201600032068,16,8,4,1630,1,2,1,1,6.0,66136,M,4268813.0,290033.0,66
201600032069,16,8,5,1915,1,2,1,1,6.0,66136,M,4270310.0,288675.0,66
201600032070,16,8,6,2033,2,2,1,1,2.0,66136,M,4269591.0,288552.0,66
201600032071,16,8,10,1645,1,1,1,1,5.0,66136,M,4266938.0,289672.0,66
201600032072,16,8,16,1640,1,2,1,1,6.0,66136,M,4269570.0,289710.0,66
201600032073,16,8,16,1715,1,1,1,1,2.0,66136,M,4267770.0,288158.0,66
201600032074,16,8,19,525,3,1,1,1,2.0,66136,M,4269990.0,291764.0,66
201600032075,16,8,23,735,1,1,1,1,7.0,66136,M,4271031.0,289948.0,66
201600032076,16,8,25,1250,1,1,1,1,2.0,66136,M,4267980.0,287953.0,66
201600032077,16,8,27,2110,5,2,1,1,3.0,66136,M,4271022.0,289038.0,66
201600032078,16,8,29,1715,1,2,1,1,3.0,66136,M,4268079.0,288170.0,66
201600032079,16,9,2,1915,1,2,1,1,6.0,66136,M,4272471.0,288727.0,66
201600032080,16,9,6,845,1,2,1,1,6.0,66136,M,4268629.0,290670.0,66
201600032081,16,9,8,1018,1,2,1,1,6.0,66136,M,4270149.0,289077.0,66
201600032082,16,9,11,820,1,2,1,1,6.0,66136,M,4268701.0,290262.0,66
201600032083,16,9,11,2100,5,2,1,1,6.0,66136,M,4269642.0,290725.0,66
201600032084,16,9,11,2245,3,1,1,1,2.0,66136,M,,,66
201600032085,16,9,12,940,1,2,1,1,6.0,66136,M,4268820.0,290027.0,66
201600032086,16,9,13,1815,1,2,1,1,6.0,66136,M,4268884.0,288564.0,66
201600032087,16,9,14,1510,1,1,1,1,6.0,66136,M,4269236.0,288228.0,66
201600032088,16,9,15,1830,1,1,1,1,6.0,66136,M,4267902.0,289203.0,66
201600032089,16,9,19,1115,1,2,1,1,3.0,66136,M,4270875.0,289097.0,66
201600032090,16,9,20,1200,1,2,1,1,6.0,66136,M,4270518.0,289006.0,66
201600032091,16,9,24,2248,5,2,1,1,6.0,66136,M,4269719.0,287248.0,66
201600032092,16,9,25,1910,2,2,1,1,2.0,66136,M,4270732.0,290916.0,66
201600032093,16,9,25,1340,1,2,2,1,3.0,66136,M,4270413.0,288704.0,66
201600032094,16,9,29,1630,1,2,1,1,6.0,66136,M,4268245.0,291448.0,66
201600032095,16,9,30,1150,1,2,1,1,6.0,66136,M,4270152.0,289430.0,66
201600032096,16,9,30,1740,1,2,1,1,6.0,66136,M,4270908.0,288568.0,66
201600032097,16,10,5,1229,1,2,1,1,3.0,66136,M,4269122.0,290776.0,66
201600032098,16,10,7,1440,1,2,2,1,6.0,66136,M,4269357.0,288973.0,66
201600032099,16,10,7,1500,1,2,1,1,6.0,66136,M,4273402.0,288677.0,66
201600032100,16,10,10,1700,1,1,1,1,6.0,66136,M,4272860.0,289610.0,66
201600032101,16,10,11,1700,1,2,1,1,2.0,66136,M,4269018.0,289189.0,66
201600032102,16,10,12,1810,1,2,2,1,3.0,66136,M,4272180.0,288211.0,66
201600032103,16,10,15,1520,1,1,1,1,6.0,66136,M,,,66
201600032104,16,10,19,1946,1,2,1,1,3.0,66136,M,4268861.0,289494.0,66
201600032105,16,10,21,754,1,2,1,1,3.0,66136,M,4269073.0,289111.0,66
201600032106,16,10,19,1845,1,2,1,1,6.0,66136,M,4270027.0,288968.0,66
201600032107,16,10,25,1747,1,2,2,1,3.0,66136,M,4268365.0,290836.0,66
201600032108,16,10,26,1900,2,2,1,1,3.0,66136,M,4270535.0,290179.0,66
201600032109,16,10,28,1125,1,2,9,1,6.0,66136,M,4271107.0,288453.0,66
201600032110,16,10,30,51,5,2,2,1,3.0,66136,M,4271330.0,289520.0,66
201600032111,16,10,28,1920,1,2,1,1,4.0,66136,M,,,66
201600032112,16,10,29,1720,1,2,1,1,6.0,66136,M,4271210.0,289056.0,66
201600032113,16,10,29,430,3,1,1,1,2.0,66136,M,,,66
201600032114,16,10,31,1030,1,2,1,1,6.0,66136,M,4269730.0,287801.0,66
201600032115,16,11,3,1750,2,2,1,1,6.0,66136,M,4270797.0,290276.0,66
201600032116,16,11,4,1110,1,2,1,1,2.0,66136,M,4268718.0,290605.0,66
201600032117,16,11,4,1830,1,2,1,1,6.0,66136,M,4268902.0,287318.0,66
201600032118,16,11,8,935,1,1,1,1,2.0,66136,M,,,66
201600032119,16,11,10,730,1,2,1,1,6.0,66136,M,4271806.0,287872.0,66
201600032120,16,11,12,1735,1,2,1,1,6.0,66136,M,4268554.0,287485.0,66
201600032121,16,11,16,1625,1,2,1,1,6.0,66136,M,4269838.0,290462.0,66
201600032122,16,11,17,1910,3,2,1,1,6.0,66136,M,4270659.0,289483.0,66
201600032123,16,11,17,1400,1,2,1,1,6.0,66136,M,4269200.0,290592.0,66
201600032124,16,11,19,900,1,2,1,1,6.0,66136,M,4268143.0,291045.0,66
201600032125,16,11,22,800,2,2,1,2,6.0,66136,M,4269537.0,290227.0,66
201600032126,16,11,22,1900,2,1,1,2,3.0,66136,M,4266150.0,292233.0,66
201600032127,16,11,24,720,1,2,1,1,2.0,66136,M,4269793.0,290431.0,66
201600032128,16,11,24,2009,5,2,1,1,1.0,66136,M,4270500.0,288270.0,66
201600032129,16,11,24,1645,1,1,1,1,6.0,66136,M,4270727.0,290944.0,66
201600032130,16,12,6,940,1,2,3,1,3.0,66136,M,4269736.0,287798.0,66
201600032131,16,12,6,1526,1,2,1,1,6.0,66136,M,4269400.0,287240.0,66
201600032132,16,12,7,900,1,1,1,1,1.0,66136,M,,,66
201600032133,16,12,7,1225,1,2,1,1,2.0,66136,M,4268280.0,290657.0,66
201600032134,16,12,8,1846,2,2,1,1,6.0,66136,M,4267900.0,285008.0,66
201600032135,16,12,10,358,5,2,1,1,3.0,66136,M,4268818.0,289684.0,66
201600032136,16,12,14,1011,1,2,1,1,6.0,66136,M,4269612.0,289830.0,66
201600032137,16,12,14,1124,1,2,1,1,2.0,66136,M,4269183.0,288155.0,66
201600032138,16,12,13,1000,1,2,1,1,6.0,66136,M,4268677.0,290700.0,66
201600032139,16,12,14,1345,1,2,2,1,3.0,66136,M,,,66
201600032140,16,12,17,224,3,1,1,2,6.0,66136,M,,,66
201600032141,16,12,18,1750,1,1,1,1,2.0,66136,M,4269069.0,290122.0,66
201600032142,16,12,16,1815,3,1,1,1,2.0,66136,M,,,66
201600032143,16,12,19,1520,1,2,1,1,3.0,66136,M,4269051.0,288550.0,66
201600032144,16,12,22,1330,1,2,1,1,6.0,66136,M,4271416.0,288898.0,66
201600032145,16,12,23,1815,3,2,1,1,6.0,66136,M,4269793.0,290431.0,66
201600032146,16,12,23,1940,5,2,1,1,3.0,66136,M,4269045.0,286272.0,66
201600032147,16,10,10,1545,1,1,1,1,7.0,52082,M,4793518.0,509850.0,52
201600032148,16,5,4,1245,1,2,9,1,1.0,06149,M,0.0,0.0,06
201600032149,16,6,14,2115,2,1,1,1,7.0,06031,M,0.0,0.0,06
201600032150,16,6,29,2300,3,1,1,1,5.0,06149,M,0.0,0.0,06
201600032151,16,7,20,1145,1,1,1,1,1.0,06149,M,0.0,0.0,06
201600032152,16,10,20,1715,1,2,1,1,5.0,06054,M,4375779.0,732052.0,06
201600032153,16,11,18,1030,1,1,1,1,3.0,06114,M,4373668.0,729032.0,06
201600032154,16,11,28,845,1,1,1,1,3.0,06031,M,4377078.0,731294.0,06
201600032155,16,12,16,1650,2,1,1,1,3.0,06149,M,4373320.0,729470.0,06
201600032156,16,12,28,1530,1,2,6,1,6.0,06149,M,4374120.0,731134.0,06
201600032157,16,3,16,1730,1,1,1,1,1.0,67061,M,0.0,0.0,67
201600032158,16,5,19,1400,1,1,1,1,1.0,67061,M,0.0,0.0,67
201600032159,16,6,11,900,3,1,1,1,1.0,67369,M,0.0,0.0,67
201600032160,16,8,1,1900,2,1,1,1,1.0,67289,M,0.0,0.0,67
201600032161,16,8,12,1200,1,1,1,1,3.0,67371,M,0.0,0.0,67
201600032162,16,11,21,1545,1,2,1,8,6.0,67061,M,0.0,0.0,67
201600032163,16,2,10,730,3,1,1,2,2.0,85223,M,4657490.0,-109885.0,85
201600032164,16,5,13,615,1,1,1,2,2.0,85223,M,4656901.0,-111080.0,85
201600032165,16,9,19,815,1,1,1,1,1.0,85248,M,4660092.0,-95709.0,85
201600032166,16,10,16,2200,3,1,1,1,5.0,85149,M,4643993.0,-110058.0,85
201600032167,16,10,25,700,2,1,1,1,3.0,85168,M,4639120.0,-66360.0,85
201600032168,16,12,13,1800,3,1,2,1,3.0,85059,M,4664997.0,-75393.0,85
201600032169,16,3,29,1615,1,1,1,1,6.0,80296,M,0.0,0.0,80
201600032170,16,6,17,1730,1,1,1,1,2.0,80120,M,0.0,0.0,80
201600032171,16,7,7,715,1,1,1,1,6.0,80344,M,0.0,0.0,80
201600032172,16,7,17,1900,1,1,1,7,2.0,80635,M,0.0,0.0,80
201600032173,16,7,22,215,3,1,1,1,6.0,80806,M,0.0,0.0,80
201600032174,16,10,13,1940,2,1,9,2,6.0,80126,M,4992903.0,164025.0,80
201600032175,16,11,25,650,3,1,1,1,4.0,80262,M,5008241.0,189345.0,80
201600032176,16,12,1,920,1,1,1,1,1.0,80836,M,5008619.0,177914.0,80
201600032177,16,12,23,2010,3,1,1,1,6.0,80767,M,4996729.0,166224.0,80
201600032178,16,12,30,1410,1,1,1,1,6.0,80076,M,5004439.0,176078.0,80
201600032179,16,7,20,415,3,1,1,1,6.0,76728,M,4948205.0,100843.0,76
201600032180,16,12,12,1310,1,1,1,2,6.0,76517,M,4953227.0,121079.0,76
201600032181,16,3,21,1515,1,1,1,1,7.0,01155,M,0.0,0.0,01
201600032182,16,4,23,2200,3,1,1,3,7.0,01416,M,4593717.0,553172.0,01
201600032183,16,5,21,2115,3,1,1,1,1.0,01041,M,0.0,0.0,01
201600032184,16,7,23,1415,1,2,2,1,1.0,01004,M,0.0,0.0,01
201600032185,16,12,17,1945,3,1,1,5,7.0,01089,M,4596019.0,531755.0,01
201600032186,16,2,15,1645,1,1,1,1,3.0,66024,M,0.0,0.0,66
201600032187,16,3,28,515,3,1,1,1,6.0,66141,M,0.0,0.0,66
201600032188,16,4,14,1445,1,1,1,1,6.0,66024,M,0.0,0.0,66
201600032189,16,5,5,945,1,1,1,1,4.0,66226,M,0.0,0.0,66
201600032190,16,5,13,1545,1,1,1,1,3.0,66164,M,0.0,0.0,66
201600032191,16,5,21,2315,3,1,1,1,1.0,66136,M,0.0,0.0,66
201600032192,16,5,27,1115,1,1,1,1,3.0,66164,M,0.0,0.0,66
201600032193,16,7,15,1415,1,1,1,1,6.0,66214,M,0.0,0.0,66
201600032194,16,7,15,1130,1,1,1,1,7.0,66144,M,0.0,0.0,66
201600032195,16,7,19,1045,1,1,9,1,2.0,66190,M,0.0,0.0,66
201600032196,16,7,19,945,1,1,1,1,2.0,66214,M,0.0,0.0,66
201600032197,16,8,28,2245,5,1,1,1,6.0,66015,M,4257803.0,284693.0,66
201600032198,16,8,26,1630,1,1,1,1,4.0,66024,M,0.0,0.0,66
201600032199,16,10,23,2200,3,1,1,1,5.0,66214,M,0.0,0.0,66
201600032200,16,11,25,130,3,1,1,1,2.0,66136,M,0.0,0.0,66
201600032201,16,11,27,2230,3,1,1,1,4.0,66106,M,0.0,0.0,66
201600032202,16,9,21,715,2,1,3,1,3.0,52294,M,4856056.0,492368.0,52
201600032203,16,11,21,1730,3,1,1,3,1.0,52294,M,4856311.0,492232.0,52
201600032204,16,12,13,2100,3,1,1,1,6.0,52479,M,4842256.0,484094.0,52
201600032205,16,1,2,1530,1,2,1,2,3.0,95229,M,4903010.0,236530.0,95
201600032206,16,2,27,1130,1,1,1,1,6.0,25163,M,4737348.0,617948.0,25
201600032207,16,6,27,1400,1,2,1,1,5.0,25528,M,4705353.0,587932.0,25
201600032208,16,7,4,1615,1,1,1,1,5.0,25466,M,4719386.0,585138.0,25
201600032209,16,7,12,1430,1,1,1,1,1.0,25036,M,4719800.0,597877.0,25
201600032210,16,7,25,930,1,1,1,1,1.0,25147,M,4722800.0,590400.0,25
201600032211,16,11,14,1230,1,1,2,1,3.0,25375,M,4716600.0,608300.0,25
201600032212,16,1,24,600,3,1,1,9,7.0,67180,M,,,67
201600032213,16,12,9,1220,1,2,9,1,6.0,67180,M,,,67
201600032214,16,3,1,2246,5,2,9,2,6.0,67180,M,,,67
201600032215,16,12,23,1815,5,2,1,1,6.0,67180,M,,,67
201600032216,16,3,3,750,1,2,1,2,6.0,67180,M,,,67
201600032217,16,12,25,2330,3,1,1,1,2.0,67180,M,,,67
201600032218,16,3,10,804,1,2,1,1,5.0,67180,M,,,67
201600032219,16,12,29,1755,3,1,1,9,6.0,67180,M,,,67
201600032220,16,4,6,850,1,2,1,1,3.0,67180,M,,,67
201600032221,16,4,21,1441,1,1,1,1,1.0,67180,M,,,67
201600032222,16,5,6,1255,1,1,1,1,1.0,67180,M,,,67
201600032223,16,5,11,1750,1,2,3,8,3.0,67180,M,,,67
201600032224,16,6,2,1740,1,2,7,1,6.0,67180,M,,,67
201600032225,16,6,6,1730,1,1,1,7,7.0,67180,M,,,67
201600032226,16,7,9,1703,1,1,3,1,3.0,67180,M,,,67
201600032227,16,7,7,648,2,1,1,1,2.0,67180,M,,,67
201600032228,16,8,28,955,1,1,1,1,1.0,67180,M,,,67
201600032229,16,9,12,820,1,2,6,1,6.0,67180,M,,,67
201600032230,16,9,29,1843,1,2,1,1,6.0,67180,M,,,67
201600032231,16,10,13,1527,1,1,1,1,5.0,67180,M,,,67
201600032232,16,10,19,2150,3,1,1,2,7.0,67180,M,,,67
201600032233,16,10,15,1900,2,2,3,1,3.0,67180,M,,,67
201600032234,16,11,3,1319,1,2,1,1,3.0,67180,M,,,67
201600032235,16,11,8,1827,5,2,3,1,6.0,67180,M,,,67
201600032236,16,11,9,835,1,2,1,8,6.0,67180,M,,,67
201600032237,16,11,15,1318,1,1,1,1,6.0,67180,M,,,67
201600032238,16,11,18,1905,3,1,1,2,7.0,67180,M,,,67
201600032239,16,11,21,1145,1,2,2,1,3.0,67180,M,,,67
201600032240,16,12,23,2200,3,1,1,2,6.0,67180,M,,,67
201600032241,16,11,28,1138,1,2,3,1,3.0,67180,M,,,67
201600032242,16,12,11,1800,2,2,1,1,3.0,67180,M,,,67
201600032243,16,12,14,1615,1,2,1,1,2.0,67180,M,,,67
201600032244,16,12,20,825,1,2,8,1,6.0,67180,M,,,67
201600032245,16,2,5,2115,5,2,1,8,6.0,86092,M,4693240.0,60530.0,86
201600032246,16,3,2,1245,1,1,9,1,6.0,86111,M,0.0,0.0,86
201600032247,16,4,23,1500,1,2,1,2,3.0,86092,M,0.0,0.0,86
201600032248,16,1,21,15,3,2,1,1,6.0,86128,M,4680241.0,30039.0,86
201600032249,16,1,24,1715,1,1,1,1,6.0,86265,M,0.0,0.0,86
201600032250,16,2,9,1645,1,1,1,2,2.0,86128,M,0.0,0.0,86
201600032251,16,3,22,1030,1,1,1,1,1.0,86221,M,0.0,0.0,86
201600032252,16,10,13,2245,3,1,1,2,6.0,86128,M,0.0,0.0,86
201600032253,16,1,2,800,2,1,1,3,6.0,74044,M,0.0,0.0,74
201600032254,16,3,30,1155,1,1,1,1,5.0,74016,M,0.0,0.0,74
201600032255,16,6,18,1645,2,1,1,1,7.0,74109,M,0.0,0.0,74
201600032256,16,10,26,1245,1,1,9,2,2.0,74118,M,0.0,0.0,74
201600032257,16,11,10,845,1,1,1,2,1.0,74309,M,0.0,0.0,74
201600032258,16,12,5,1900,3,1,9,1,2.0,74118,M,0.0,0.0,74
201600032259,16,1,4,1700,1,2,6,1,6.0,38425,M,4539719.0,478069.0,38
201600032260,16,3,11,1815,1,2,1,1,2.0,38536,M,0.0,0.0,38
201600032261,16,5,30,615,1,2,1,2,5.0,38378,M,0.0,0.0,38
201600032262,16,5,30,1115,1,1,1,8,7.0,38157,M,0.0,0.0,38
201600032263,16,6,10,1515,1,1,2,1,3.0,38157,M,4550880.0,497337.0,38
201600032264,16,6,25,1045,1,2,1,2,6.0,38336,M,0.0,0.0,38
201600032265,16,7,4,30,3,1,2,1,2.0,38238,M,4550100.0,501138.0,38
201600032266,16,7,16,400,5,2,1,1,7.0,38199,M,0.0,0.0,38
201600032267,16,7,13,1130,1,1,1,1,1.0,38336,M,0.0,0.0,38
201600032268,16,8,5,600,2,1,1,2,7.0,38019,M,0.0,0.0,38
201600032269,16,8,27,530,5,2,1,1,6.0,38425,M,0.0,0.0,38
201600032270,16,9,21,1345,1,2,3,1,1.0,38425,M,4540046.0,476035.0,38
201600032271,16,9,23,1900,5,2,1,1,2.0,38019,M,4542467.0,481733.0,38
201600032272,16,9,28,1715,1,1,1,1,1.0,38131,M,4545591.0,484468.0,38
201600032273,16,10,18,1445,1,1,1,1,3.0,38353,M,0.0,0.0,38
201600032274,16,11,23,1000,1,2,1,1,6.0,38425,M,0.0,0.0,38
201600032275,16,11,26,1345,3,1,1,1,1.0,38019,M,0.0,0.0,38
201600032276,16,6,5,1830,1,1,1,1,6.0,83136,M,0.0,0.0,83
201600032277,16,6,24,1600,1,1,1,1,7.0,83072,M,0.0,0.0,83
201600032278,16,7,13,1915,1,2,1,1,3.0,83136,M,0.0,0.0,83
201600032279,16,7,31,1215,1,1,1,1,6.0,83072,M,0.0,0.0,83
201600032280,16,8,23,2045,3,1,1,1,1.0,83072,M,4348782.0,635019.0,83
201600032281,16,10,27,930,1,2,6,1,6.0,83072,M,0.0,0.0,83
201600032282,16,4,24,1245,1,1,1,1,7.0,24104,M,4517300.0,43641.0,24
201600032283,16,7,3,1400,1,1,1,1,6.0,24205,M,4508920.0,51908.0,24
201600032284,16,7,14,1900,1,1,3,1,3.0,24010,M,4518430.0,60904.0,24
201600032285,16,7,18,1030,1,1,1,7,3.0,24562,M,4507530.0,49345.0,24
201600032286,16,5,8,2345,3,1,9,2,6.0,13033,M,4337114.0,518451.0,13
201600032287,16,4,8,1550,1,2,1,1,2.0,67462,M,4826688.0,744758.0,67
201600032288,16,5,25,1628,1,2,3,1,3.0,67462,M,,,67
201600032289,16,6,5,1941,1,2,7,1,1.0,67462,M,,,67
201600032290,16,6,23,920,1,2,3,1,3.0,67462,M,,,67
201600032291,16,7,17,1404,1,1,1,1,3.0,67462,M,,,67
201600032292,16,7,20,1030,1,2,1,1,3.0,67462,M,,,67
201600032293,16,9,23,1805,1,2,6,1,3.0,67462,M,,,67
201600032294,16,10,12,724,2,1,9,1,3.0,67462,M,,,67
201600032295,16,10,14,550,5,2,1,1,1.0,67462,M,,,67
201600032296,16,10,26,1435,1,2,1,1,3.0,67462,M,,,67
201600032297,16,10,27,2022,5,2,1,1,3.0,67462,M,,,67
201600032298,16,11,21,945,1,2,1,1,2.0,67462,M,,,67
201600032299,16,12,15,1741,5,2,2,5,6.0,67462,M,,,67
201600032300,16,1,2,1115,1,2,3,2,6.0,67482,M,4857790.0,770399.0,67
201600032301,16,12,30,1840,5,2,2,5,1.0,67482,M,4859699.0,777685.0,67
201600032302,16,1,3,1905,5,2,2,1,3.0,67482,M,,,67
201600032303,16,12,31,1440,1,2,1,1,6.0,67482,M,4855769.0,774789.0,67
201600032304,16,12,31,1415,1,2,1,1,6.0,67482,M,4858156.0,773606.0,67
201600032305,16,1,4,1745,5,2,1,1,6.0,67482,M,4854978.0,775286.0,67
201600032306,16,1,6,1930,5,2,9,2,3.0,67204,M,4862601.0,770212.0,67
201600032307,16,1,8,1832,5,2,2,1,3.0,67447,M,4859056.0,774248.0,67
201600032308,16,1,12,1620,1,2,1,1,3.0,67043,M,4861272.0,775156.0,67
201600032309,16,1,9,1100,1,2,1,2,3.0,67482,M,4855834.0,773392.0,67
201600032310,16,1,15,1005,1,2,1,4,6.0,67482,M,4859045.0,769702.0,67
201600032311,16,1,15,1610,1,2,1,1,6.0,67482,M,4858374.0,777490.0,67
201600032312,16,1,15,1730,4,2,1,4,6.0,67482,M,,,67
201600032313,16,1,16,1340,1,2,1,1,6.0,67482,M,4858163.0,774361.0,67
201600032314,16,1,16,1652,5,2,1,1,6.0,67482,M,4858022.0,774734.0,67
201600032315,16,1,16,1725,5,2,1,1,6.0,67482,M,4856512.0,770697.0,67
201600032316,16,1,17,1400,1,2,3,1,6.0,67482,M,4858603.0,775327.0,67
201600032317,16,1,18,745,1,2,2,1,6.0,67043,M,,,67
201600032318,16,1,18,1603,1,2,3,1,6.0,67043,M,4861440.0,775915.0,67
201600032319,16,1,21,2130,5,2,1,1,1.0,67482,M,4860022.0,775664.0,67
201600032320,16,1,22,400,5,2,1,1,2.0,67218,M,4853510.0,772449.0,67
201600032321,16,1,22,1800,5,2,3,1,3.0,67482,M,,,67
201600032322,16,1,22,2300,5,2,1,1,1.0,67482,M,,,67
201600032323,16,1,23,1525,1,2,2,1,3.0,67482,M,4858094.0,770749.0,67
201600032324,16,1,23,1916,5,2,1,8,4.0,67447,M,4860072.0,775405.0,67
201600032325,16,1,25,1620,1,2,4,1,6.0,67218,M,4852364.0,772142.0,67
201600032326,16,1,28,1100,1,2,1,1,4.0,67218,M,4852241.0,770681.0,67
201600032327,16,1,28,1945,5,2,2,2,6.0,67482,M,4854632.0,776557.0,67
201600032328,16,1,30,1820,5,2,1,2,6.0,67482,M,4861071.0,778103.0,67
201600032329,16,2,1,750,1,1,2,1,3.0,67482,M,4853599.0,777108.0,67
201600032330,16,2,2,1015,1,2,1,1,6.0,67482,M,4857859.0,775235.0,67
201600032331,16,2,2,1335,1,2,1,1,6.0,67204,M,4863852.0,778150.0,67
201600032332,16,2,3,820,1,2,1,1,6.0,67482,M,4858999.0,776835.0,67
201600032333,16,2,3,1415,1,1,1,1,6.0,67204,M,4862204.0,776305.0,67
201600032334,16,2,4,720,2,2,2,1,6.0,67218,M,4853725.0,772742.0,67
201600032335,16,2,4,1000,1,2,1,1,3.0,67482,M,4858973.0,775060.0,67
201600032336,16,2,4,1805,5,2,2,2,3.0,67447,M,4860890.0,774469.0,67
201600032337,16,1,4,2120,5,2,2,1,3.0,67447,M,4860844.0,771801.0,67
201600032338,16,2,4,2120,5,2,2,1,3.0,67447,M,4860844.0,771801.0,67
201600032339,16,2,6,1630,1,2,3,1,3.0,67482,M,4855120.0,773746.0,67
201600032340,16,2,6,1815,5,2,1,1,6.0,67218,M,4852639.0,171778.0,67
201600032341,16,2,7,2115,5,2,1,1,6.0,67482,M,4859183.0,770685.0,67
201600032342,16,2,8,30,3,1,1,1,6.0,67267,M,4855541.0,767039.0,67
201600032343,16,2,8,1730,2,2,1,3,6.0,67447,M,4860520.0,774761.0,67