Num_Acc,an,mois,jour,hrmn,lum,agg,int,atm,col,com,gps,lat,long,dep
201600032344,16,2,10,1355,1,2,4,1,3.0,67482,M,4858235.0,775720.0,67
201600032345,16,2,11,1345,1,2,1,1,1.0,67482,M,4858790.0,777362.0,67
201600032346,16,2,11,2015,5,2,1,1,6.0,67482,M,4858639.0,776034.0,67
201600032347,16,2,12,531,5,2,1,1,6.0,67482,M,4858587.0,777566.0,67
201600032348,16,2,12,645,5,2,1,1,1.0,67482,M,4858454.0,771463.0,67
201600032349,16,2,12,1805,5,2,1,2,3.0,67482,M,4857520.0,775369.0,67
201600032350,16,2,13,640,5,2,2,1,3.0,67482,M,4857530.0,775464.0,67
201600032351,16,2,15,2120,5,2,1,1,6.0,67482,M,4857966.0,773222.0,67
201600032352,16,2,17,715,1,2,3,1,3.0,67482,M,4858057.0,772766.0,67
201600032353,16,2,20,1900,5,2,2,2,2.0,67482,M,4858683.0,776124.0,67
201600032354,16,2,21,1555,1,2,1,1,6.0,67482,M,4855492.0,773407.0,67
201600032355,16,2,22,1615,1,2,3,1,3.0,67482,M,4860413.0,771252.0,67
201600032356,16,2,23,1015,1,2,1,3,2.0,67482,M,4858678.0,776135.0,67
201600032357,16,2,23,1320,1,2,2,2,3.0,67482,M,4858200.0,775426.0,67
201600032358,16,2,24,1020,1,2,1,1,2.0,67482,M,4854907.0,774987.0,67
201600032359,16,2,26,1400,1,2,2,1,3.0,67482,M,4855759.0,775102.0,67
201600032360,16,2,27,1015,1,2,1,1,6.0,67482,M,4858250.0,775736.0,67
201600032361,16,2,27,715,2,2,3,1,3.0,67482,M,4856231.0,774581.0,67
201600032362,16,3,1,1205,1,2,1,1,6.0,67043,M,4861696.0,775391.0,67
201600032363,16,3,1,1510,1,2,2,1,3.0,67482,M,4857062.0,777579.0,67
201600032364,16,2,26,740,1,2,1,1,6.0,67482,M,4857062.0,777579.0,67
201600032365,16,3,3,1635,1,2,1,1,3.0,67482,M,4857416.0,777125.0,67
201600032366,16,3,5,1336,1,2,2,1,6.0,67482,M,4855552.0,773748.0,67
201600032367,16,3,5,2315,5,2,1,2,6.0,67447,M,4859896.0,775275.0,67
201600032368,16,3,7,46,5,2,2,1,6.0,67204,M,4862648.0,776959.0,67
201600032369,16,3,7,1340,1,2,1,1,6.0,67482,M,4856267.0,770007.0,67
201600032370,16,3,7,1715,1,2,1,1,4.0,67218,M,4851339.0,770790.0,67
201600032371,16,3,8,1315,1,2,1,1,3.0,67482,M,4855879.0,779159.0,67
201600032372,16,3,9,740,1,2,1,7,6.0,67482,M,4859581.0,772211.0,67
201600032373,16,3,9,802,1,2,1,1,6.0,67482,M,4858778.0,775701.0,67
201600032374,16,3,9,1620,1,2,1,1,3.0,67482,M,4859059.0,778259.0,67
201600032375,16,3,10,1340,1,2,1,1,6.0,67482,M,4860320.0,778632.0,67
201600032376,16,3,10,1500,1,2,1,1,3.0,67482,M,4855616.0,774639.0,67
201600032377,16,3,10,1946,5,2,1,1,6.0,67482,M,,,67
201600032378,16,3,11,1735,1,2,1,1,3.0,67482,M,4858900.0,774218.0,67
201600032379,16,3,11,2040,5,2,1,1,1.0,67482,M,4856552.0,770252.0,67
201600032380,16,3,13,450,5,2,1,1,6.0,67218,M,4853777.0,772847.0,67
201600032381,16,3,13,1900,5,2,2,1,2.0,67482,M,4857048.0,776546.0,67
201600032382,16,3,14,1620,1,2,3,1,3.0,67218,M,4852026.0,773077.0,67
201600032383,16,3,15,1620,1,2,1,2,6.0,67482,M,4858969.0,778087.0,67
201600032384,16,3,16,1030,1,2,1,1,4.0,67482,M,4857787.0,776260.0,67
201600032385,16,3,16,1706,1,2,1,1,6.0,67482,M,4856834.0,775742.0,67
201600032386,16,3,18,1431,1,2,1,1,2.0,67365,M,4853536.0,770925.0,67
201600032387,16,3,19,200,5,2,1,1,6.0,67482,M,4860336.0,778392.0,67
201600032388,16,3,20,30,5,2,2,1,6.0,67043,M,4861522.0,772601.0,67
201600032389,16,3,21,1330,1,2,3,1,6.0,67447,M,4860923.0,776563.0,67
201600032390,16,3,23,1300,1,1,1,1,6.0,67482,M,,,67
201600032391,16,3,23,1550,1,2,1,1,6.0,67267,M,4854900.0,768495.0,67
201600032392,16,3,23,1650,1,2,1,1,6.0,67267,M,4855229.0,768380.0,67
201600032393,16,3,29,1400,1,2,1,1,3.0,67482,M,4858102.0,769713.0,67
201600032394,16,3,29,2320,5,2,1,1,7.0,67482,M,4857422.0,778463.0,67
201600032395,16,3,30,730,1,2,1,1,3.0,67447,M,4856204.0,769984.0,67
201600032396,16,3,30,825,1,2,2,2,3.0,67482,M,4860102.0,771480.0,67
201600032397,16,3,30,1230,1,2,1,2,4.0,67482,M,4858638.0,777112.0,67
201600032398,16,3,30,1515,1,2,1,1,6.0,67482,M,4855417.0,774501.0,67
201600032399,16,3,31,700,1,2,1,8,2.0,67482,M,,,67
201600032400,16,3,31,1515,1,2,1,1,7.0,67043,M,4861537.0,776718.0,67
201600032401,16,3,31,2045,4,2,2,1,1.0,67482,M,4856616.0,776474.0,67
201600032402,16,4,2,1440,1,1,1,1,6.0,67267,M,4856031.0,769261.0,67
201600032403,16,4,2,1828,1,2,1,1,6.0,67447,M,4861288.0,776725.0,67
201600032404,16,4,3,1840,1,2,1,1,2.0,67482,M,4854118.0,775856.0,67
201600032405,16,4,5,5,5,2,2,1,3.0,67447,M,4861062.0,773388.0,67
201600032406,16,4,5,1510,1,2,3,2,6.0,67482,M,4873950.0,773950.0,67
201600032407,16,4,6,1420,1,2,1,1,3.0,67482,M,4859148.0,771154.0,67
201600032408,16,4,9,1510,1,2,1,1,6.0,67447,M,4860667.0,773650.0,67
201600032409,16,4,9,1620,1,2,1,1,3.0,67482,M,4859725.0,771508.0,67
201600032410,16,4,9,1920,1,2,1,1,1.0,67482,M,4857120.0,857120.0,67
201600032411,16,4,10,1550,1,2,1,1,3.0,67043,M,4861474.0,773486.0,67
201600032412,16,4,11,820,1,2,2,1,3.0,67482,M,4859701.0,777679.0,67
201600032413,16,4,11,1150,1,2,2,1,6.0,67482,M,4858779.0,775780.0,67
201600032414,16,4,11,1435,1,2,3,1,3.0,67267,M,4856173.0,768160.0,67
201600032415,16,4,13,840,1,2,3,1,1.0,67218,M,4852104.0,772579.0,67
201600032416,16,4,13,2000,1,2,1,1,3.0,67482,M,4854617.0,775129.0,67
201600032417,16,4,14,830,1,2,1,1,3.0,67447,M,4860117.0,774427.0,67
201600032418,16,4,14,2125,5,2,1,1,1.0,67482,M,4856513.0,773470.0,67
201600032419,16,4,15,1900,1,2,1,1,1.0,67447,M,4861279.0,773906.0,67
201600032420,16,4,15,1955,1,2,1,1,3.0,67365,M,4854835.0,770916.0,67
201600032421,16,4,18,1210,1,2,1,1,6.0,67482,M,4856798.0,770996.0,67
201600032422,16,4,19,1125,1,2,1,1,6.0,67482,M,4857676.0,775213.0,67
201600032423,16,4,19,1725,1,2,1,1,2.0,67482,M,4857405.0,774325.0,67
201600032424,16,4,19,1950,1,2,1,1,3.0,67447,M,4860765.0,773091.0,67
201600032425,16,4,20,1435,1,2,2,1,3.0,67482,M,4854560.0,776924.0,67
201600032426,16,4,20,1630,1,2,1,1,6.0,67482,M,4857523.0,775345.0,67
201600032427,16,4,21,1700,1,2,1,1,3.0,67482,M,4857772.0,775107.0,67
201600032428,16,4,21,2000,2,2,2,1,2.0,67447,M,4860449.0,774738.0,67
201600032429,16,4,22,1440,1,2,3,1,3.0,67482,M,4859168.0,770359.0,67
201600032430,16,4,22,1720,1,2,3,1,3.0,67482,M,4856720.0,776254.0,67
201600032431,16,4,23,2320,3,2,1,1,1.0,67482,M,,,67
201600032432,16,4,24,522,4,2,1,1,3.0,67482,M,4857197.0,749827.0,67
201600032433,16,4,24,1315,1,2,1,1,3.0,67482,M,,,67
201600032434,16,4,24,2025,1,1,1,1,3.0,67482,M,4857152.0,777038.0,67
201600032435,16,4,26,1215,1,2,1,8,6.0,67482,M,4857719.0,775829.0,67
201600032436,16,4,27,1720,1,2,3,1,3.0,67482,M,4857333.0,771874.0,67
201600032437,16,4,28,800,1,2,1,2,2.0,67447,M,4859823.0,774181.0,67
201600032438,16,4,28,805,1,2,1,2,2.0,67447,M,4860821.0,775002.0,67
201600032439,16,4,28,2000,2,2,1,1,6.0,67447,M,4860490.0,775104.0,67
201600032440,16,5,3,800,1,2,1,1,3.0,67218,M,4854259.0,773605.0,67
201600032441,16,5,3,830,1,1,2,1,1.0,67482,M,4859371.0,775817.0,67
201600032442,16,5,4,1731,1,2,1,1,1.0,67482,M,4858680.0,773914.0,67
201600032443,16,5,6,1700,1,2,3,1,3.0,67482,M,4858752.0,771777.0,67
201600032444,16,5,6,2137,5,2,2,1,3.0,67482,M,4856553.0,775946.0,67
201600032445,16,5,9,900,1,2,1,1,3.0,67482,M,4856901.0,775701.0,67
201600032446,16,5,9,1840,1,2,2,1,6.0,67482,M,4857519.0,773554.0,67
201600032447,16,5,10,1320,1,2,1,1,2.0,67482,M,4856953.0,771071.0,67
201600032448,16,5,11,1435,1,2,1,1,6.0,67482,M,4858706.0,776658.0,67
201600032449,16,5,11,1525,1,2,1,1,3.0,67447,M,4861073.0,773945.0,67
201600032450,16,5,13,1210,1,2,1,1,6.0,67482,M,4856376.0,770469.0,67
201600032451,16,5,14,450,5,2,1,1,2.0,67482,M,4857211.0,771428.0,67
201600032452,16,5,16,1415,1,1,1,1,7.0,67365,M,4855882.0,772010.0,67
201600032453,16,5,16,1645,1,2,1,2,1.0,67447,M,4861000.0,774070.0,67
201600032454,16,5,16,1800,1,2,1,2,6.0,67482,M,4860070.0,770946.0,67
201600032455,16,5,16,1701,1,2,2,1,3.0,67482,M,4857768.0,770391.0,67
201600032456,16,5,17,825,1,2,1,1,2.0,67482,M,4860201.0,778262.0,67
201600032457,16,5,19,747,1,2,3,1,3.0,67482,M,4855434.0,776372.0,67
201600032458,16,5,19,1010,1,2,3,1,3.0,67482,M,4858072.0,774935.0,67
201600032459,16,5,19,1720,1,2,1,1,6.0,67043,M,4861515.0,775140.0,67
201600032460,16,5,20,2054,1,2,1,1,6.0,67482,M,4856972.0,776238.0,67
201600032461,16,5,21,1324,1,2,2,1,3.0,67482,M,4857045.0,777574.0,67
201600032462,16,5,22,1725,1,2,1,1,6.0,67482,M,4857461.0,776637.0,67
201600032463,16,5,23,1050,1,2,2,3,1.0,67482,M,,,67
201600032464,16,5,23,1140,1,2,2,2,3.0,67365,M,4853778.0,769514.0,67
201600032465,16,5,24,1210,1,2,2,1,6.0,67482,M,4858460.0,775144.0,67
201600032466,16,5,24,2330,5,2,2,1,3.0,67482,M,4852487.0,777785.0,67
201600032467,16,5,25,810,1,2,3,1,1.0,67043,M,4861621.0,773348.0,67
201600032468,16,5,25,1215,1,2,1,1,3.0,67482,M,4859931.0,772456.0,67
201600032469,16,5,26,1930,1,2,3,1,3.0,67204,M,4862007.0,775358.0,67
201600032470,16,5,27,1215,1,2,1,1,1.0,67267,M,4856389.0,768989.0,67
201600032471,16,5,27,1429,1,2,2,1,1.0,67482,M,4857935.0,771430.0,67
201600032472,16,5,27,1530,1,2,1,1,6.0,67267,M,,,67
201600032473,16,5,27,1735,1,2,1,1,6.0,67482,M,4857905.0,770018.0,67
201600032474,16,5,28,1740,1,2,1,1,6.0,67482,M,4859767.0,769955.0,67
201600032475,16,5,28,1935,1,2,1,4,6.0,67482,M,4856601.0,776728.0,67
201600032476,16,5,30,1155,1,2,1,3,3.0,67482,M,4852462.0,778140.0,67
201600032477,16,5,30,1620,1,1,1,1,6.0,67267,M,4855993.0,762072.0,67
201600032478,16,5,31,920,1,2,1,1,3.0,67218,M,4852419.0,772142.0,67
201600032479,16,6,1,2030,2,2,1,1,6.0,67482,M,4858792.0,774984.0,67
201600032480,16,6,2,1405,1,2,2,1,3.0,67482,M,,,67
201600032481,16,6,2,1830,1,2,3,1,6.0,67482,M,4848591.0,776210.0,67
201600032482,16,6,3,2206,5,2,1,2,6.0,67482,M,4858671.0,775464.0,67
201600032483,16,6,3,2225,5,2,3,2,3.0,67482,M,4857325.0,775550.0,67
201600032484,16,6,5,1645,1,2,1,1,6.0,67482,M,4858373.0,771873.0,67
201600032485,16,6,6,715,1,2,1,1,5.0,67482,M,4855643.0,779706.0,67
201600032486,16,6,7,705,1,2,2,1,3.0,67482,M,4857549.0,779074.0,67
201600032487,16,6,7,715,1,1,1,1,2.0,67482,M,4854812.0,779197.0,67
201600032488,16,6,8,1915,1,2,1,1,3.0,67482,M,4858338.0,769504.0,67
201600032489,16,6,8,1935,1,2,1,1,6.0,67482,M,4857474.0,775619.0,67
201600032490,16,6,10,1340,1,2,1,1,3.0,67482,M,4858518.0,775094.0,67
201600032491,16,6,10,1745,1,1,2,1,3.0,67204,M,4862330.0,777140.0,67
201600032492,16,6,10,1755,1,1,1,1,7.0,67482,M,4857414.0,774675.0,67
201600032493,16,6,10,1930,1,2,2,1,3.0,67482,M,4859185.0,775308.0,67
201600032494,16,6,11,1410,1,2,3,1,3.0,67482,M,4857126.0,777216.0,67
201600032495,16,6,14,910,1,2,2,1,6.0,67043,M,4861621.0,773235.0,67
201600032496,16,6,15,1210,1,2,1,2,3.0,67482,M,4856128.0,775170.0,67
201600032497,16,6,16,825,1,2,1,2,4.0,67482,M,4855077.0,775116.0,67
201600032498,16,6,18,1715,1,2,1,1,2.0,67482,M,4860622.0,777793.0,67
201600032499,16,6,18,2230,5,2,2,2,3.0,67482,M,4854338.0,777212.0,67
201600032500,16,6,19,245,4,2,2,1,3.0,67482,M,4857179.0,777023.0,67
201600032501,16,6,19,1325,1,2,1,1,1.0,67482,M,4859913.0,777785.0,67
201600032502,16,6,19,1510,1,2,1,1,2.0,67482,M,4858434.0,773439.0,67
201600032503,16,6,19,1805,1,2,2,1,3.0,67447,M,,,67
201600032504,16,6,20,1010,1,2,3,1,3.0,67447,M,4860963.0,776515.0,67
201600032505,16,6,20,1635,1,2,3,1,3.0,67482,M,4858749.0,770019.0,67
201600032506,16,6,21,830,1,2,1,1,6.0,67447,M,4859728.0,774173.0,67
201600032507,16,6,22,1145,1,2,2,1,7.0,67482,M,,,67
201600032508,16,6,22,1233,1,2,1,1,6.0,67482,M,4857416.0,777138.0,67
201600032509,16,6,23,1220,1,2,1,1,6.0,67482,M,4853780.0,776976.0,67
201600032510,16,6,23,1800,1,2,1,1,4.0,67482,M,4857703.0,772579.0,67
201600032511,16,6,26,1905,1,2,1,1,3.0,67043,M,4861276.0,773542.0,67
201600032512,16,6,28,1830,1,2,1,1,6.0,67482,M,4857862.0,775993.0,67
201600032513,16,6,29,845,1,2,3,1,1.0,67043,M,4861079.0,776649.0,67
201600032514,16,6,29,1155,1,2,1,1,6.0,67482,M,,,67
201600032515,16,6,29,2350,5,2,1,1,6.0,67218,M,,,67
201600032516,16,6,30,830,1,1,3,1,6.0,67482,M,4856266.0,769489.0,67
201600032517,16,6,30,2110,1,2,2,1,3.0,67482,M,4858861.0,773956.0,67
201600032518,16,7,1,658,1,2,1,1,5.0,67482,M,4857649.0,771314.0,67
201600032519,16,7,1,1840,1,2,3,1,3.0,67482,M,4861189.0,777856.0,67
201600032520,16,7,1,2055,1,2,3,1,3.0,67482,M,4856806.0,775753.0,67
201600032521,16,7,1,2250,3,2,1,1,6.0,67218,M,4851213.0,771271.0,67
201600032522,16,7,2,1515,1,2,1,1,6.0,67482,M,4857959.0,776384.0,67
201600032523,16,7,2,1930,1,2,1,1,1.0,67447,M,4860668.0,772648.0,67
201600032524,16,7,6,921,1,2,1,1,2.0,67447,M,4860468.0,775824.0,67
201600032525,16,7,7,1620,1,2,2,1,3.0,67482,M,4857758.0,775304.0,67
201600032526,16,7,7,1755,1,2,1,1,6.0,67482,M,,,67
201600032527,16,7,10,1830,1,2,1,1,6.0,67482,M,4855180.0,774329.0,67
201600032528,16,7,11,1515,1,2,2,2,3.0,67482,M,4852456.0,778102.0,67
201600032529,16,7,13,1825,1,2,1,8,6.0,67447,M,4860769.0,774505.0,67
201600032530,16,7,14,25,5,2,1,1,2.0,67482,M,4860817.0,777893.0,67
201600032531,16,7,16,115,5,2,1,1,3.0,67482,M,4858822.0,775379.0,67
201600032532,16,7,17,1220,1,2,1,1,6.0,67365,M,4854863.0,771055.0,67
201600032533,16,7,19,1405,1,2,1,1,3.0,67482,M,4856315.0,776224.0,67
201600032534,16,7,19,1905,1,2,4,1,3.0,67267,M,4855431.0,768123.0,67
201600032535,16,7,20,400,2,2,1,1,6.0,67447,M,4859945.0,774272.0,67
201600032536,16,7,20,840,1,2,3,1,3.0,67482,M,4858278.0,776345.0,67
201600032537,16,7,22,1200,1,2,2,1,3.0,67218,M,4854320.0,773628.0,67
201600032538,16,7,25,1630,1,2,1,1,3.0,67482,M,,,67
201600032539,16,7,25,1820,1,2,1,1,3.0,67482,M,4857452.0,774258.0,67
201600032540,16,7,26,1700,1,2,1,1,4.0,67482,M,4857848.0,773217.0,67
201600032541,16,7,27,1645,1,2,2,1,3.0,67482,M,4857724.0,775167.0,67
201600032542,16,7,29,1655,1,2,1,1,6.0,67482,M,4856066.0,776215.0,67
201600032543,16,7,30,1920,1,2,2,1,3.0,67218,M,4852104.0,772579.0,67
201600032544,16,7,30,1410,1,2,3,1,3.0,67482,M,4856649.0,772184.0,67
201600032545,16,7,31,1610,1,2,1,1,6.0,67482,M,4858685.0,773846.0,67
201600032546,16,7,31,1955,1,2,2,1,1.0,67447,M,4860924.0,774464.0,67
201600032547,16,8,1,930,1,2,2,1,2.0,67218,M,4854300.0,773656.0,67
201600032548,16,8,2,1910,1,2,2,2,3.0,67482,M,4857846.0,773120.0,67
201600032549,16,8,3,740,1,2,1,1,3.0,67482,M,4855510.0,773607.0,67
201600032550,16,8,4,1850,1,1,1,2,3.0,67482,M,4859252.0,773282.0,67
201600032551,16,8,6,400,5,2,1,1,6.0,67447,M,4860023.0,774353.0,67
201600032552,16,8,6,1140,1,2,3,1,3.0,67482,M,4856554.0,776817.0,67
201600032553,16,8,7,722,1,2,6,1,6.0,67365,M,4853097.0,769142.0,67
201600032554,16,8,10,1220,1,2,1,1,3.0,67218,M,4853046.0,771260.0,67
201600032555,16,8,10,1610,1,2,1,1,6.0,67218,M,4853125.0,772977.0,67
201600032556,16,8,12,2030,2,2,1,1,6.0,67482,M,4854919.0,775359.0,67
201600032557,16,8,13,13,5,2,1,1,3.0,67482,M,4856352.0,770416.0,67
201600032558,16,8,13,1855,1,2,3,1,3.0,67482,M,4856305.0,775804.0,67
201600032559,16,8,13,2015,2,2,1,1,1.0,67482,M,4856366.0,777841.0,67
201600032560,16,8,14,1250,1,2,1,1,3.0,67482,M,4858676.0,776143.0,67
201600032561,16,8,17,1010,1,2,2,1,3.0,67482,M,4859899.0,779096.0,67
201600032562,16,8,17,2120,3,2,1,1,1.0,67218,M,4850961.0,772711.0,67
201600032563,16,8,18,1130,1,2,2,1,3.0,67447,M,4860995.0,774351.0,67
201600032564,16,8,19,1515,1,2,1,1,3.0,67482,M,,,67
201600032565,16,8,19,2225,5,2,2,1,3.0,67482,M,4855593.0,775187.0,67
201600032566,16,8,23,1937,1,2,1,1,3.0,67482,M,4858683.0,776101.0,67
201600032567,16,8,25,1430,1,2,1,1,3.0,67482,M,4857037.0,773797.0,67
201600032568,16,8,25,1700,1,2,1,1,3.0,67482,M,4858411.0,775880.0,67
201600032569,16,8,25,1705,1,2,1,1,3.0,67482,M,4859224.0,776998.0,67
201600032570,16,8,25,2120,5,2,2,1,3.0,67482,M,4857451.0,776720.0,67
201600032571,16,8,26,910,1,2,1,1,6.0,67482,M,4858529.0,775042.0,67
201600032572,16,8,26,1630,1,2,2,1,3.0,67482,M,4856397.0,775435.0,67
201600032573,16,8,26,1920,1,2,1,1,3.0,67218,M,4853160.0,770757.0,67
201600032574,16,8,27,1040,1,2,1,1,6.0,67482,M,4856444.0,770675.0,67
201600032575,16,8,27,1255,1,2,2,1,3.0,67482,M,,,67
201600032576,16,8,28,1845,1,2,2,1,3.0,67482,M,4858209.0,771491.0,67
201600032577,16,8,27,2350,5,2,1,1,4.0,67482,M,,,67
201600032578,16,8,29,1035,1,2,1,1,6.0,67482,M,4859077.0,769245.0,67
201600032579,16,8,30,1640,1,2,1,1,3.0,67482,M,,,67
201600032580,16,8,30,1920,1,2,1,1,6.0,67482,M,4857750.0,776537.0,67
201600032581,16,8,31,2250,5,2,2,1,3.0,67365,M,4853916.0,771024.0,67
201600032582,16,9,1,1530,1,2,1,1,1.0,67482,M,4856562.0,773491.0,67
201600032583,16,9,1,2015,1,2,2,1,3.0,67267,M,4855411.0,768442.0,67
201600032584,16,9,2,830,1,2,1,1,6.0,67482,M,4856957.0,776318.0,67
201600032585,16,9,3,1540,1,2,1,1,1.0,67482,M,4856768.0,770906.0,67
201600032586,16,9,3,2015,5,2,1,1,3.0,67482,M,4859040.0,774313.0,67
201600032587,16,9,3,2300,5,2,3,1,3.0,67447,M,4857745.0,773312.0,67
201600032588,16,9,4,1156,1,2,3,1,3.0,67218,M,4854021.0,773363.0,67
201600032589,16,9,4,2330,5,2,2,1,3.0,67482,M,4853597.0,771031.0,67
201600032590,16,9,5,1630,1,1,1,1,3.0,67482,M,4856301.0,769830.0,67
201600032591,16,9,6,745,1,2,1,1,6.0,67043,M,4861462.0,773613.0,67
201600032592,16,9,8,740,1,2,1,1,6.0,67482,M,4856687.0,770838.0,67
201600032593,16,9,8,1635,1,2,3,1,3.0,67482,M,4857819.0,770642.0,67
201600032594,16,9,8,1700,1,2,2,1,3.0,67482,M,4853845.0,776649.0,67
201600032595,16,9,9,1007,1,2,1,1,6.0,67482,M,4859367.0,775861.0,67
201600032596,16,9,9,1905,1,2,1,1,2.0,67482,M,4856785.0,775760.0,67
201600032597,16,9,11,1626,1,2,3,1,6.0,67447,M,4860692.0,774909.0,67
201600032598,16,9,11,10,5,2,2,1,3.0,67482,M,4861308.0,777277.0,67
201600032599,16,9,12,845,1,2,2,1,3.0,67482,M,4859096.0,774624.0,67
201600032600,16,9,12,850,1,2,1,1,3.0,67218,M,4854219.0,773892.0,67
201600032601,16,9,12,1430,1,2,1,1,3.0,67482,M,4854158.0,776693.0,67
201600032602,16,9,12,1524,1,2,3,1,3.0,67482,M,4858815.0,775881.0,67
201600032603,16,9,12,1600,1,2,1,1,6.0,67482,M,4856942.0,776356.0,67
201600032604,16,9,12,1700,1,2,1,1,3.0,67482,M,4857167.0,771303.0,67
201600032605,16,9,12,2055,5,2,1,1,6.0,67365,M,4854267.0,770186.0,67
201600032606,16,9,13,1645,1,2,1,1,1.0,67218,M,4854441.0,773913.0,67
201600032607,16,9,13,1827,1,2,1,1,6.0,67482,M,4859168.0,776273.0,67
201600032608,16,9,14,750,1,2,1,1,6.0,67482,M,4856763.0,776328.0,67
201600032609,16,9,15,1300,1,2,1,1,6.0,67482,M,4858153.0,774849.0,67
201600032610,16,9,17,517,5,2,2,1,3.0,67482,M,4857172.0,777026.0,67
201600032611,16,9,18,1351,1,2,2,2,2.0,67482,M,4856495.0,770619.0,67
201600032612,16,9,19,1645,1,2,1,1,3.0,67482,M,,,67
201600032613,16,9,20,720,1,2,3,1,3.0,67482,M,4857213.0,776723.0,67
201600032614,16,9,20,730,2,2,2,1,3.0,67482,M,4857153.0,777015.0,67
201600032615,16,9,20,815,1,2,2,1,3.0,67482,M,4855851.0,774863.0,67
201600032616,16,9,21,1400,1,2,1,1,4.0,67447,M,4860229.0,775603.0,67
201600032617,16,9,21,1645,1,2,2,1,3.0,67482,M,4856245.0,773035.0,67
201600032618,16,9,22,1115,1,2,2,1,3.0,67482,M,4860233.0,770844.0,67
201600032619,16,9,22,1640,1,2,1,1,6.0,67482,M,4859159.0,772070.0,67
201600032620,16,9,23,740,1,2,1,1,6.0,67482,M,4859354.0,770273.0,67
201600032621,16,9,23,2100,5,2,1,1,3.0,67043,M,4861315.0,775172.0,67
201600032622,16,9,26,1250,1,2,2,1,3.0,67218,M,4854317.0,773625.0,67
201600032623,16,9,27,1215,1,2,3,1,3.0,67365,M,,,67
201600032624,16,9,28,745,1,2,1,1,2.0,67482,M,4857716.0,775837.0,67
201600032625,16,9,28,700,2,2,2,1,3.0,67447,M,4862171.0,776995.0,67
201600032626,16,9,29,30,5,2,3,1,5.0,67482,M,4857906.0,773492.0,67
201600032627,16,9,29,815,1,2,3,1,3.0,67043,M,4861439.0,775914.0,67
201600032628,16,9,29,830,1,2,2,1,3.0,67482,M,4857423.0,777119.0,67
201600032629,16,9,29,1106,1,2,2,1,6.0,67482,M,4856846.0,775147.0,67
201600032630,16,9,29,1730,1,2,1,1,2.0,67482,M,4856727.0,770881.0,67
201600032631,16,9,30,1450,1,2,2,1,3.0,67447,M,4860401.0,775036.0,67
201600032632,16,9,30,1717,1,2,3,1,3.0,67482,M,4859531.0,772784.0,67
201600032633,16,9,30,1825,1,2,1,1,3.0,67482,M,4857405.0,778504.0,67
201600032634,16,10,1,1015,1,2,2,2,1.0,67482,M,4857949.0,773097.0,67
201600032635,16,10,1,1335,1,2,1,1,1.0,67482,M,4855649.0,777437.0,67
201600032636,16,10,3,1500,1,2,1,1,6.0,67482,M,4857285.0,775668.0,67
201600032637,16,10,3,1620,1,2,1,1,3.0,67482,M,4857876.0,771101.0,67
201600032638,16,10,3,2110,5,2,1,1,6.0,67482,M,4858220.0,774162.0,67
201600032639,16,10,4,1305,1,2,1,1,2.0,67482,M,4860035.0,775390.0,67
201600032640,16,10,5,1800,1,2,2,1,3.0,67482,M,4855368.0,774471.0,67
201600032641,16,10,6,1230,1,1,1,1,3.0,67482,M,4857765.0,777817.0,67
201600032642,16,10,6,1545,1,2,1,1,6.0,67482,M,4858802.0,773887.0,67
201600032643,16,10,6,1720,1,2,1,1,4.0,67482,M,4857885.0,771152.0,67
201600032644,16,10,6,1945,1,2,3,1,3.0,67204,M,4862371.0,773292.0,67
201600032645,16,10,8,450,5,2,6,1,6.0,67482,M,4854431.0,778889.0,67
201600032646,16,10,8,1645,1,2,2,1,3.0,67482,M,4855290.0,774861.0,67
201600032647,16,10,9,330,5,2,1,1,7.0,67218,M,4853124.0,771396.0,67
201600032648,16,10,10,755,1,2,1,1,6.0,67482,M,4858782.0,775353.0,67
201600032649,16,10,10,1230,1,2,2,1,6.0,67482,M,4858437.0,774433.0,67
201600032650,16,10,10,1330,1,2,1,1,6.0,67482,M,4859955.0,771247.0,67
201600032651,16,10,11,800,1,2,1,1,6.0,67482,M,4856895.0,771031.0,67
201600032652,16,10,11,1215,1,1,2,1,6.0,67482,M,4856905.0,776544.0,67
201600032653,16,10,11,1955,3,2,1,1,1.0,67218,M,4854108.0,774208.0,67
201600032654,16,10,12,1335,1,2,1,1,6.0,67482,M,4859062.0,770040.0,67
201600032655,16,10,13,1505,1,2,4,1,2.0,67482,M,4857789.0,778383.0,67
201600032656,16,10,14,1315,1,2,2,1,1.0,67218,M,4852224.0,772172.0,67
201600032657,16,10,14,1338,1,2,1,1,6.0,67482,M,4858828.0,774350.0,67
201600032658,16,10,14,1655,1,2,1,1,3.0,67482,M,4854978.0,773418.0,67
201600032659,16,10,15,835,1,2,2,1,6.0,67482,M,4858834.0,775586.0,67
201600032660,16,10,15,1200,1,2,1,1,3.0,67204,M,4862467.0,775435.0,67