Num_Acc,an,mois,jour,hrmn,lum,agg,int,atm,col,com,gps,lat,long,dep
201600032661,16,10,15,1230,1,2,1,1,3.0,67482,M,4857714.0,776889.0,67
201600032662,16,10,16,542,5,2,2,1,3.0,67447,M,4860025.0,775381.0,67
201600032663,16,10,17,1040,1,2,2,1,3.0,67482,M,4859027.0,775468.0,67
201600032664,16,10,18,1750,1,2,1,1,6.0,67267,M,4854844.0,768289.0,67
201600032665,16,10,21,1225,1,2,3,1,3.0,67482,M,4857907.0,773490.0,67
201600032666,16,10,22,2030,5,2,1,1,3.0,67482,M,4858171.0,770253.0,67
201600032667,16,10,23,2035,5,2,2,1,3.0,67482,M,4856134.0,775153.0,67
201600032668,16,10,25,1948,1,2,2,1,3.0,67447,M,4861008.0,774741.0,67
201600032669,16,10,27,1758,2,2,3,1,3.0,67482,M,4855503.0,776827.0,67
201600032670,16,10,27,1930,1,2,1,1,6.0,67482,M,4858449.0,776948.0,67
201600032671,16,10,28,1959,1,2,2,1,3.0,67482,M,4858745.0,773866.0,67
201600032672,16,10,28,1150,1,2,3,1,3.0,67482,M,,,67
201600032673,16,10,28,2100,1,2,1,1,2.0,67482,M,4858772.0,775816.0,67
201600032674,16,10,31,355,5,2,2,1,3.0,67218,M,4854305.0,773637.0,67
201600032675,16,10,31,1457,1,2,2,1,3.0,67482,M,4857216.0,771420.0,67
201600032676,16,10,31,1535,1,2,1,1,6.0,67482,M,4857272.0,771620.0,67
201600032677,16,11,2,1040,1,2,2,1,3.0,67482,M,4854883.0,774150.0,67
201600032678,16,11,3,1930,5,2,3,1,3.0,67482,M,4856050.0,775097.0,67
201600032679,16,11,3,2010,5,2,1,1,5.0,67482,M,4859794.0,777591.0,67
201600032680,16,11,7,845,1,2,1,1,1.0,67218,M,4852932.0,773401.0,67
201600032681,16,11,7,1630,1,2,1,1,2.0,67482,M,4856975.0,778152.0,67
201600032682,16,11,8,1730,5,2,1,8,3.0,67482,M,4859683.0,774142.0,67
201600032683,16,11,9,1905,5,2,1,2,3.0,67482,M,4857113.0,777346.0,67
201600032684,16,11,10,1520,1,2,2,1,3.0,67482,M,4857452.0,773793.0,67
201600032685,16,11,11,1830,5,2,1,2,6.0,67482,M,4854624.0,776566.0,67
201600032686,16,11,13,1230,1,2,1,1,3.0,67482,M,4859676.0,774255.0,67
201600032687,16,11,14,1215,1,2,3,1,3.0,67365,M,4855342.0,769332.0,67
201600032688,16,11,14,1225,1,2,1,1,4.0,67482,M,4857200.0,773673.0,67
201600032689,16,11,16,910,1,2,1,1,3.0,67482,M,4858193.0,776305.0,67
201600032690,16,11,16,1200,1,2,2,2,3.0,67482,M,4858464.0,776869.0,67
201600032691,16,11,16,1315,1,2,1,1,6.0,67482,M,4857266.0,774311.0,67
201600032692,16,11,17,1320,1,2,1,1,3.0,67482,M,4856960.0,775109.0,67
201600032693,16,11,17,1730,5,2,1,1,6.0,67482,M,4858002.0,775029.0,67
201600032694,16,11,17,1900,5,2,1,1,6.0,67482,M,4858186.0,775856.0,67
201600032695,16,11,17,2240,5,2,3,1,3.0,67482,M,4855530.0,773354.0,67
201600032696,16,11,19,910,1,2,2,1,3.0,67043,M,4861412.0,776052.0,67
201600032697,16,11,19,1710,1,2,1,1,6.0,67482,M,4855376.0,774456.0,67
201600032698,16,11,21,2255,5,2,1,1,3.0,67218,M,4853198.0,771641.0,67
201600032699,16,11,23,1415,1,2,1,1,5.0,67218,M,4854161.0,774038.0,67
201600032700,16,11,23,1615,5,2,3,1,3.0,67447,M,4860534.0,773705.0,67
201600032701,16,11,23,1700,5,2,1,1,3.0,67218,M,4852979.0,772555.0,67
201600032702,16,11,24,1140,1,2,1,1,6.0,67482,M,4856630.0,775865.0,67
201600032703,16,11,23,1215,1,2,3,1,3.0,67218,M,4852982.0,772529.0,67
201600032704,16,11,24,1415,1,1,1,1,4.0,67482,M,4860028.0,775431.0,67
201600032705,16,11,25,905,1,2,1,1,3.0,67482,M,4858732.0,775954.0,67
201600032706,16,11,25,1100,1,2,3,1,6.0,67482,M,4856073.0,0.0,67
201600032707,16,11,25,1610,2,2,1,1,1.0,67482,M,4856376.0,770469.0,67
201600032708,16,11,25,1800,1,2,1,1,5.0,67482,M,4855473.0,773353.0,67
201600032709,16,11,25,2245,5,2,1,1,3.0,67043,M,4861170.0,775131.0,67
201600032710,16,11,27,640,5,2,1,2,6.0,67482,M,4857930.0,774110.0,67
201600032711,16,11,28,330,5,2,1,1,3.0,67482,M,4856589.0,770323.0,67
201600032712,16,11,29,1525,1,2,1,1,6.0,67482,M,4860191.0,770245.0,67
201600032713,16,11,29,1735,5,2,2,1,3.0,67218,M,4851451.0,771211.0,67
201600032714,16,12,1,1835,5,2,3,1,3.0,67482,M,4856993.0,773542.0,67
201600032715,16,12,2,550,5,2,1,1,6.0,67482,M,4856595.0,770657.0,67
201600032716,16,12,2,1340,1,2,1,1,6.0,67447,M,4860950.0,775590.0,67
201600032717,16,12,3,928,1,2,1,1,6.0,67447,M,4860669.0,774926.0,67
201600032718,16,12,3,1100,1,2,1,1,5.0,67482,M,4857069.0,774174.0,67
201600032719,16,12,3,1130,1,2,2,1,3.0,67482,M,4857952.0,773075.0,67
201600032720,16,12,4,1715,5,2,1,1,2.0,67482,M,4858054.0,772765.0,67
201600032721,16,12,5,1830,5,2,3,1,3.0,67043,M,4861137.0,775108.0,67
201600032722,16,12,6,900,1,2,5,1,3.0,67482,M,4858953.0,775159.0,67
201600032723,16,12,7,805,1,2,2,5,6.0,67482,M,4858611.0,776745.0,67
201600032724,16,12,7,855,1,2,2,1,3.0,67482,M,4857462.0,774981.0,67
201600032725,16,12,7,2155,5,1,2,5,3.0,67218,M,4853177.0,772261.0,67
201600032726,16,12,8,1235,1,2,1,1,6.0,67218,M,4854451.0,773877.0,67
201600032727,16,12,8,1355,1,2,1,1,2.0,67482,M,4857452.0,772634.0,67
201600032728,16,12,10,1050,1,2,1,1,2.0,67482,M,4856267.0,775281.0,67
201600032729,16,12,10,1230,1,1,1,1,6.0,67447,M,4860600.0,773637.0,67
201600032730,16,12,11,2015,5,2,2,1,3.0,67043,M,4861418.0,775207.0,67
201600032731,16,12,12,1825,5,2,1,1,1.0,67482,M,4857532.0,775750.0,67
201600032732,16,12,12,1830,5,2,1,1,3.0,67218,M,,,67
201600032733,16,12,13,750,1,2,1,1,1.0,67482,M,4857739.0,772803.0,67
201600032734,16,12,13,1615,2,2,1,1,6.0,67482,M,4856886.0,773554.0,67
201600032735,16,12,14,830,1,2,1,2,6.0,67482,M,4858707.0,773776.0,67
201600032736,16,12,14,1345,1,2,1,1,2.0,67447,M,4860507.0,775777.0,67
201600032737,16,12,16,1215,1,2,1,1,6.0,67482,M,4856489.0,771953.0,67
201600032738,16,12,16,2013,5,2,1,1,6.0,67482,M,4858456.0,773646.0,67
201600032739,16,12,17,2113,5,1,1,1,6.0,67482,M,4858000.0,771886.0,67
201600032740,16,12,19,1430,1,2,1,1,6.0,67043,M,4861538.0,776420.0,67
201600032741,16,12,20,135,5,2,2,1,1.0,67482,M,4856948.0,776317.0,67
201600032742,16,12,20,2200,5,2,1,1,6.0,67482,M,4858983.0,778659.0,67
201600032743,16,12,21,1555,2,2,1,1,3.0,67218,M,4852476.0,772154.0,67
201600032744,16,12,22,50,5,2,1,1,6.0,67482,M,4859425.0,780288.0,67
201600032745,16,12,23,1930,4,2,1,1,1.0,67267,M,4855543.0,767920.0,67
201600032746,16,12,24,1030,1,2,1,1,6.0,67482,M,4856645.0,772062.0,67
201600032747,16,12,24,1555,2,2,1,1,1.0,67447,M,4861017.0,776631.0,67
201600032748,16,12,24,1720,5,2,1,1,6.0,67482,M,4858436.0,773613.0,67
201600032749,16,12,28,1205,1,2,3,1,1.0,67482,M,4855002.0,775795.0,67
201600032750,16,12,29,1310,1,2,3,1,3.0,67482,M,4858203.0,771366.0,67
201600032751,16,12,28,2030,3,1,1,1,1.0,26139,M,0.0,0.0,26
201600032752,16,12,22,2315,3,1,1,1,6.0,26078,M,0.0,0.0,26
201600032753,16,1,11,900,1,1,9,8,3.0,91204,M,4857584.0,241081.0,91
201600032754,16,5,26,2000,1,2,1,1,6.0,91340,M,4860235.0,241477.0,91
201600032755,16,8,26,715,1,1,1,1,2.0,91648,M,4856504.0,236248.0,91
201600032756,16,12,17,845,1,1,1,1,4.0,91648,M,4856402.0,234323.0,91
201600032757,16,12,7,1745,3,1,1,1,3.0,91648,M,4856840.0,236417.0,91
201600032758,16,12,10,1230,1,1,6,5,6.0,91340,M,4859978.0,243538.0,91
201600032759,16,12,27,2045,3,1,1,1,6.0,91340,M,4858809.0,242865.0,91
201600032760,16,6,6,2230,2,1,1,1,7.0,62336,M,5056451.0,227242.0,62
201600032761,16,1,16,1630,1,1,1,1,1.0,62897,M,5064581.0,209215.0,62
201600032762,16,2,12,1400,1,2,1,1,6.0,62905,M,5074930.0,215209.0,62
201600032763,16,2,22,2145,3,1,1,2,6.0,62656,M,5068494.0,220134.0,62
201600032764,16,8,20,1400,1,2,1,1,2.0,62534,M,5070809.0,212670.0,62
201600032765,16,8,20,1730,1,1,1,1,6.0,62656,M,5069197.0,222548.0,62
201600032766,16,9,7,845,1,1,2,1,3.0,62837,M,5065733.0,204664.0,62
201600032767,16,11,26,1645,1,1,1,1,1.0,62008,M,5073732.0,208106.0,62
201600032768,16,12,2,1745,3,1,6,1,2.0,62794,M,5072019.0,216628.0,62
201600032769,16,12,5,829,1,2,3,1,3.0,68066,M,4808320.0,735000.0,68
201600032770,16,1,14,1850,5,2,3,1,6.0,68066,M,4807086.0,733506.0,68
201600032771,16,1,19,1445,1,2,2,1,6.0,68066,M,4808091.0,734682.0,68
201600032772,16,1,23,1100,1,2,2,1,2.0,68066,M,4807823.0,733276.0,68
201600032773,16,2,29,1648,1,2,1,1,6.0,68066,M,4808177.0,734466.0,68
201600032774,16,2,25,1830,2,2,1,1,3.0,68066,M,4807294.0,736611.0,68
201600032775,16,3,4,1908,5,2,1,3,6.0,68066,M,4807208.0,733792.0,68
201600032776,16,4,3,745,1,2,6,1,6.0,68066,M,4807461.0,734386.0,68
201600032777,16,4,4,710,1,1,6,1,3.0,68066,M,4809229.0,734891.0,68
201600032778,16,4,8,1530,1,2,5,1,3.0,68066,M,4807421.0,735258.0,68
201600032779,16,4,28,1550,1,2,1,1,2.0,68066,M,4808442.0,734368.0,68
201600032780,16,4,29,1209,1,2,1,1,6.0,68066,M,4808369.0,735332.0,68
201600032781,16,3,31,2200,5,2,3,1,3.0,68066,M,4807991.0,737778.0,68
201600032782,16,5,23,1934,2,2,4,2,3.0,68066,M,4808291.0,736299.0,68
201600032783,16,5,4,1438,1,2,2,1,3.0,68066,M,4808355.0,736582.0,68
201600032784,16,4,5,1030,1,2,1,3,6.0,68066,M,4808062.0,733495.0,68
201600032785,16,6,10,1400,1,2,3,1,2.0,68066,M,4807084.0,736580.0,68
201600032786,16,6,1,1656,1,2,1,1,6.0,68066,M,4808093.0,734222.0,68
201600032787,16,7,7,2034,2,2,2,7,6.0,68066,M,4808301.0,736089.0,68
201600032788,16,7,19,1115,1,2,2,1,6.0,68066,M,4807480.0,736341.0,68
201600032789,16,7,20,2103,1,2,2,1,3.0,68066,M,4808144.0,737325.0,68
201600032790,16,7,19,925,1,2,6,1,3.0,68066,M,4809435.0,736182.0,68
201600032791,16,8,2,1148,1,2,1,1,6.0,68066,M,4807083.0,735137.0,68
201600032792,16,8,12,1543,1,2,2,1,6.0,68066,M,4806759.0,734410.0,68
201600032793,16,9,1,1340,1,2,2,1,6.0,68066,M,4808001.0,734647.0,68
201600032794,16,9,12,1949,2,2,1,1,6.0,68066,M,4807794.0,736125.0,68
201600032795,16,9,14,1834,1,2,1,1,6.0,68066,M,,,68
201600032796,16,10,10,1006,1,2,3,1,3.0,68066,M,4808345.0,735057.0,68
201600032797,16,10,31,1721,5,2,1,1,3.0,68066,M,,,68
201600032798,16,10,27,1600,1,2,2,1,1.0,68066,M,,,68
201600032799,16,11,3,1400,1,2,1,7,3.0,68066,M,,,68
201600032800,16,11,3,910,1,2,2,1,3.0,68066,M,4807032.0,735341.0,68
201600032801,16,11,14,803,2,2,2,1,3.0,68066,M,4807978.0,733745.0,68
201600032802,16,11,14,1737,5,2,3,1,3.0,68066,M,,,68
201600032803,16,11,11,1600,1,2,1,1,6.0,68066,M,,,68
201600032804,16,11,22,1015,1,1,1,1,6.0,68066,M,4813908.0,745946.0,68
201600032805,16,11,12,1535,1,1,1,1,6.0,68066,M,4807338.0,733902.0,68
201600032806,16,12,3,1537,1,2,3,1,3.0,68066,M,,,68
201600032807,16,1,8,1837,5,2,1,2,6.0,68224,M,4773638.0,729347.0,68
201600032808,16,1,16,10,5,2,3,1,3.0,68224,M,4774516.0,732649.0,68
201600032809,16,1,25,1110,1,2,2,1,1.0,68224,M,4776047.0,732629.0,68
201600032810,16,2,13,1900,5,2,1,2,6.0,68271,M,4774741.0,735879.0,68
201600032811,16,2,19,1304,1,2,3,1,3.0,68224,M,4775688.0,732303.0,68
201600032812,16,2,26,2055,5,2,1,1,3.0,68224,M,4754500.0,719464.0,68
201600032813,16,3,5,1550,1,2,1,1,7.0,68224,M,,,68
201600032814,16,3,8,2020,5,2,2,1,6.0,68224,M,4774929.0,732265.0,68
201600032815,16,3,11,1630,1,2,2,1,6.0,68224,M,4775658.0,733538.0,68
201600032816,16,3,22,1710,1,2,1,1,6.0,68224,M,4775248.0,731087.0,68
201600032817,16,4,25,146,3,1,1,1,7.0,68224,M,4775659.0,730002.0,68
201600032818,16,4,15,1100,1,1,1,3,3.0,68224,M,,,68
201600032819,16,4,26,1730,1,2,3,2,3.0,68224,M,4777139.0,732700.0,68
201600032820,16,5,11,2300,5,2,2,1,3.0,68224,M,4775338.0,734425.0,68
201600032821,16,5,17,741,1,2,1,1,7.0,68224,M,4774600.0,732950.0,68
201600032822,16,5,20,800,1,2,3,1,3.0,68224,M,4745094.0,718404.0,68
201600032823,16,5,31,2223,5,2,1,1,6.0,68224,M,4775813.0,735141.0,68
201600032824,16,6,4,2255,5,2,6,1,6.0,68224,M,4774350.0,733422.0,68
201600032825,16,6,23,1054,1,2,1,1,7.0,68224,M,4774280.0,733561.0,68
201600032826,16,6,23,955,1,2,2,1,3.0,68224,M,4774325.0,734158.0,68
201600032827,16,6,28,1710,1,2,1,1,6.0,68224,M,4777911.0,733913.0,68
201600032828,16,6,29,1919,1,2,1,1,5.0,68224,M,4776467.0,732391.0,68
201600032829,16,6,30,815,1,2,2,1,3.0,68224,M,4774322.0,731053.0,68
201600032830,16,7,5,600,1,1,1,1,4.0,68195,M,4774789.0,727785.0,68
201600032831,16,6,30,1920,1,2,1,1,1.0,68224,M,4774357.0,730878.0,68
201600032832,16,7,5,905,1,2,1,1,6.0,68224,M,,,68
201600032833,16,8,6,1125,1,2,1,1,7.0,68224,M,4775166.0,732919.0,68
201600032834,16,8,17,1140,1,2,1,1,6.0,68224,M,,,68
201600032835,16,9,22,452,5,2,2,1,3.0,68224,M,4774303.0,732466.0,68
201600032836,16,9,30,950,1,2,1,1,6.0,68224,M,,,68
201600032837,16,10,13,748,1,2,3,1,3.0,68224,M,4775481.0,735913.0,68
201600032838,16,10,19,2016,5,2,2,1,1.0,68224,M,4777334.0,732898.0,68
201600032839,16,11,3,910,1,2,6,1,3.0,68224,M,0.0,0.0,68
201600032840,16,12,15,2148,5,2,3,1,3.0,68224,M,,,68
201600032841,16,11,18,1115,1,2,1,1,7.0,68224,M,,,68
201600032842,16,4,2,945,1,2,1,1,6.0,68297,M,4758692.0,756277.0,68
201600032843,16,4,26,1755,1,2,1,2,3.0,68297,M,4759852.0,755163.0,68
201600032844,16,5,3,1618,1,2,1,1,6.0,68297,M,4758457.0,756504.0,68
201600032845,16,6,5,1700,1,2,1,1,2.0,68297,M,4759939.0,754852.0,68
201600032846,16,5,9,945,1,2,3,1,3.0,68297,M,4757717.0,754981.0,68
201600032847,16,8,13,1830,1,2,1,1,6.0,68297,M,4760626.0,754154.0,68
201600032848,16,8,23,1110,1,2,2,1,1.0,68297,M,4758635.0,756611.0,68
201600032849,16,9,22,2200,3,2,3,1,6.0,68149,M,4759477.0,758814.0,68
201600032850,16,11,9,745,2,2,1,1,6.0,68297,M,4759350.0,755549.0,68
201600032851,16,11,10,1700,5,2,1,2,6.0,68297,M,4758658.0,756315.0,68
201600032852,16,3,18,1410,1,2,6,1,3.0,68297,M,4760416.0,753036.0,68
201600032853,16,3,11,2040,5,2,3,1,3.0,68166,M,4777781.0,731851.0,68
201600032854,16,6,23,2055,1,2,2,1,6.0,68376,M,4780978.0,733746.0,68
201600032855,16,7,21,1010,1,2,1,1,6.0,68166,M,4779427.0,733108.0,68
201600032856,16,9,25,850,1,1,1,1,3.0,68376,M,4780678.0,730220.0,68
201600032857,16,2,10,1930,3,1,1,3,6.0,01244,M,0.0,0.0,01
201600032858,16,5,29,500,3,1,1,2,6.0,01090,M,0.0,0.0,01
201600032859,16,7,8,2055,1,2,1,1,7.0,01378,M,4582000.0,519000.0,01
201600032860,16,7,16,1130,1,1,1,1,1.0,01092,M,0.0,0.0,01
201600032861,16,7,28,930,1,1,1,1,6.0,01450,M,0.0,0.0,01
201600032862,16,8,27,1600,1,1,1,1,7.0,01378,M,0.0,0.0,01
201600032863,16,9,5,2245,3,1,1,2,6.0,01434,M,4599184.0,512744.0,01
201600032864,16,9,10,1645,1,1,1,1,1.0,01244,M,0.0,0.0,01
201600032865,16,12,15,1930,3,2,1,1,6.0,01450,M,4592361.0,522409.0,01
201600032866,16,3,11,1830,2,1,1,1,6.0,01424,M,0.0,0.0,01
201600032867,16,3,25,2315,3,1,1,1,6.0,01005,M,0.0,0.0,01
201600032868,16,5,7,1145,1,1,1,1,3.0,01207,M,0.0,0.0,01
201600032869,16,7,12,1430,1,1,1,2,3.0,01359,M,0.0,0.0,01
201600032870,16,7,16,1715,1,2,1,1,6.0,01262,M,4586217.0,505446.0,01
201600032871,16,9,7,1215,1,1,1,1,1.0,01362,M,0.0,0.0,01
201600032872,16,9,20,2000,5,2,6,1,3.0,01333,M,4592582.0,495089.0,01
201600032873,16,10,10,1845,2,1,1,1,1.0,01424,M,4588906.0,496975.0,01
201600032874,16,10,18,1745,1,1,1,1,2.0,01383,M,4610327.0,513471.0,01
201600032875,16,11,6,1530,1,1,1,1,6.0,01261,M,4595721.0,495336.0,01
201600032876,16,11,14,2015,3,1,1,1,1.0,01333,M,0.0,0.0,01
201600032877,16,12,8,720,2,1,4,4,3.0,01443,M,4601466.0,505068.0,01
201600032878,16,12,14,845,1,1,1,5,1.0,01424,M,4587507.0,498108.0,01
201600032879,16,12,24,2100,3,1,1,2,6.0,01052,M,0.0,0.0,01
201600032880,16,1,7,1915,5,2,3,8,3.0,69091,M,4558302.0,477683.0,69
201600032881,16,1,8,1305,1,2,1,1,1.0,69091,M,,,69
201600032882,16,1,16,1210,1,2,1,1,5.0,69091,M,4558389.0,477656.0,69
201600032883,16,1,21,650,3,1,1,1,6.0,69091,M,4557950.0,473387.0,69
201600032884,16,1,24,1600,1,2,1,1,1.0,69091,M,4559217.0,476834.0,69
201600032885,16,3,7,800,1,2,1,1,6.0,69091,M,,,69
201600032886,16,3,15,1750,1,2,1,1,6.0,69091,M,,,69
201600032887,16,3,15,1830,2,2,3,1,3.0,69096,M,,,69
201600032888,16,3,22,845,1,2,3,1,3.0,69091,M,4559638.0,476666.0,69
201600032889,16,4,8,1735,1,2,1,1,2.0,69091,M,4559508.0,476958.0,69
201600032890,16,4,22,1900,1,2,1,1,6.0,69091,M,,,69
201600032891,16,5,8,1547,1,2,1,1,2.0,69091,M,4558890.0,477091.0,69
201600032892,16,5,8,1645,1,2,1,1,1.0,69096,M,4536028.0,446247.0,69
201600032893,16,5,28,2240,5,2,1,1,6.0,69091,M,4534035.0,447472.0,69
201600032894,16,6,2,1630,1,1,1,2,7.0,69091,M,,,69
201600032895,16,6,11,215,4,1,1,1,6.0,69091,M,4557916.0,472516.0,69
201600032896,16,6,18,10,5,1,1,1,7.0,69091,M,4558347.0,476605.0,69
201600032897,16,7,5,1830,1,2,3,1,6.0,69091,M,4560391.0,476327.0,69
201600032898,16,7,6,840,1,2,3,1,3.0,69096,M,,,69
201600032899,16,7,14,1750,1,1,1,2,1.0,69091,M,,,69
201600032900,16,8,16,1800,1,2,1,1,6.0,69091,M,4557652.0,478905.0,69
201600032901,16,8,17,1400,1,2,1,1,2.0,69091,M,,,69
201600032902,16,8,23,1630,1,1,1,1,3.0,69091,M,4557675.0,475016.0,69
201600032903,16,9,1,655,1,2,2,1,3.0,69091,M,4560191.0,477022.0,69
201600032904,16,9,6,545,5,2,1,2,6.0,69091,M,4535129.0,523900.0,69
201600032905,16,9,17,2000,2,1,1,3,6.0,69091,M,,,69
201600032906,16,9,12,1415,1,2,1,1,7.0,69091,M,,,69
201600032907,16,9,22,2130,5,2,1,1,2.0,69091,M,,,69
201600032908,16,9,24,2030,3,2,1,1,3.0,69091,M,,,69
201600032909,16,9,28,1930,1,2,1,1,6.0,69096,M,4561053.0,479702.0,69
201600032910,16,9,30,1715,1,2,3,1,3.0,69096,M,,,69
201600032911,16,11,8,840,1,2,1,1,6.0,69096,M,,,69
201600032912,16,11,3,835,1,2,1,1,6.0,69091,M,4557727.0,472211.0,69
201600032913,16,11,9,1840,3,1,1,2,6.0,69091,M,,,69
201600032914,16,11,13,1200,1,2,1,2,3.0,69091,M,,,69
201600032915,16,11,25,1910,5,2,1,1,6.0,69091,M,4558918.0,477091.0,69
201600032916,16,11,26,1800,5,2,3,1,3.0,69091,M,4558317.0,474350.0,69
201600032917,16,12,11,1245,1,2,1,1,2.0,69091,M,,,69
201600032918,16,12,11,1830,2,1,1,1,3.0,69091,M,4558459.0,474117.0,69
201600032919,16,1,2,2330,5,2,1,9,1.0,69264,M,,,69
201600032920,16,4,9,400,5,2,1,1,6.0,69264,M,4500000.0,400000.0,69
201600032921,16,4,19,1735,1,2,1,1,6.0,69092,M,4598686.0,470541.0,69
201600032922,16,6,11,115,5,2,2,1,5.0,69264,M,,,69
201600032923,16,7,12,1740,1,2,1,3,2.0,69264,M,,,69
201600032924,16,8,11,1910,1,2,3,1,3.0,69264,M,,,69
201600032925,16,7,26,1945,1,1,1,1,6.0,69264,M,4598419.0,472027.0,69
201600032926,16,9,4,330,5,2,6,1,6.0,69264,M,,,69
201600032927,16,9,13,2015,5,2,2,1,6.0,69264,M,,,69
201600032928,16,9,17,530,5,2,1,8,6.0,69264,M,4320000.0,310000.0,69
201600032929,16,9,10,1120,1,2,1,1,6.0,69264,M,,,69
201600032930,16,10,15,830,2,1,1,1,3.0,69092,M,4597928.0,468543.0,69
201600032931,16,11,4,1600,1,1,1,1,1.0,69264,M,,,69
201600032932,16,11,25,1725,5,1,1,8,3.0,69092,M,,,69
201600032933,16,12,2,815,2,2,3,5,3.0,69264,M,4597431.0,474787.0,69
201600032934,16,12,12,1830,5,2,2,1,1.0,69264,M,4598241.0,471910.0,69
201600032935,16,12,9,1230,1,2,1,1,6.0,69264,M,4599888.0,471638.0,69
201600032936,16,12,20,2338,3,1,1,8,6.0,69013,M,4601872.0,468244.0,69
201600032937,16,1,11,2115,5,2,2,1,3.0,69266,M,,,69
201600032938,16,12,23,1230,1,1,2,1,6.0,69290,M,4569541.0,494235.0,69
201600032939,16,1,13,855,1,2,2,1,1.0,69271,M,4572547.0,497052.0,69
201600032940,16,12,30,1810,5,2,1,1,6.0,69275,M,,,69
201600032941,16,1,15,1430,1,2,3,1,6.0,69029,M,,,69
201600032942,16,1,14,2200,5,2,2,8,4.0,69290,M,4571111.0,490220.0,69
201600032943,16,1,25,1730,1,2,1,1,6.0,69266,M,4577408.0,490245.0,69
201600032944,16,1,25,2200,5,2,1,1,6.0,69266,M,,,69
201600032945,16,1,27,745,5,2,1,1,6.0,69266,M,4578296.0,488069.0,69
201600032946,16,1,28,822,1,2,1,1,6.0,69275,M,4546000.0,456000.0,69
201600032947,16,1,29,2045,5,2,2,1,5.0,69282,M,4577545.0,499182.0,69
201600032948,16,1,29,2100,5,2,2,1,3.0,69266,M,,,69
201600032949,16,1,30,140,5,2,1,1,3.0,69266,M,,,69
201600032950,16,2,1,2110,3,2,1,1,6.0,69275,M,4577131.0,496101.0,69
201600032951,16,2,5,925,1,2,2,1,2.0,69275,M,4576666.0,495000.0,69
201600032952,16,2,10,2120,5,2,9,2,6.0,69266,M,4576030.0,490041.0,69
201600032953,16,2,11,2150,5,2,3,2,2.0,69275,M,,,69
201600032954,16,2,12,730,2,2,1,1,6.0,69029,M,,,69
201600032955,16,2,13,1445,1,2,4,1,6.0,69256,M,4578677.0,492061.0,69
201600032956,16,2,13,1412,1,1,2,2,3.0,69290,M,4858114.0,259245.0,69
201600032957,16,1,25,1420,1,2,1,1,6.0,69266,M,4576366.0,487183.0,69
201600032958,16,2,17,2030,5,1,1,1,6.0,69271,M,4573125.0,497638.0,69
201600032959,16,2,18,1750,1,2,2,1,3.0,69266,M,4577522.0,488022.0,69
201600032960,16,2,15,1540,1,2,1,1,4.0,69290,M,4569400.0,494600.0,69
201600032961,16,2,22,1100,1,2,2,1,3.0,69266,M,4575536.0,488736.0,69
201600032962,16,2,22,1850,5,1,1,2,1.0,69282,M,4576666.0,498333.0,69
201600032963,16,2,22,2010,5,2,1,2,6.0,69029,M,4574455.0,493102.0,69
201600032964,16,2,22,2000,5,2,1,2,6.0,69266,M,,,69
201600032965,16,2,24,2219,5,2,9,1,3.0,69266,M,,,69
201600032966,16,2,28,700,2,2,1,1,7.0,69266,M,4578581.0,487321.0,69
201600032967,16,3,2,1700,1,2,1,2,6.0,69271,M,4574227.0,494294.0,69
201600032968,16,2,19,1730,1,2,1,1,6.0,69029,M,,,69
201600032969,16,2,25,1825,5,2,2,1,3.0,69266,M,0.0,0.0,69
201600032970,16,3,3,1300,1,1,2,2,3.0,69266,M,4576662.0,490253.0,69
201600032971,16,3,3,2120,5,2,2,1,3.0,69256,M,,,69
201600032972,16,2,3,1130,1,2,1,1,6.0,69029,M,4575800.0,490867.0,69
201600032973,16,3,4,2005,5,2,1,3,6.0,69282,M,,,69
201600032974,16,2,29,943,1,2,1,1,3.0,69029,M,4573200.0,488849.0,69
201600032975,16,3,8,350,5,2,1,1,6.0,69266,M,4576833.0,490533.0,69
201600032976,16,3,8,1645,1,2,1,1,6.0,69029,M,4574005.0,489747.0,69
201600032977,16,3,9,1620,1,2,2,2,6.0,69266,M,4577522.0,488019.0,69
201600032978,16,3,9,1730,1,2,2,2,3.0,69266,M,4576180.0,488474.0,69
201600032979,16,2,27,1100,1,2,1,1,3.0,69256,M,4576166.0,493694.0,69
201600032980,16,3,11,1310,1,1,1,1,6.0,69256,M,4578322.0,492380.0,69
201600032981,16,3,15,950,1,2,1,1,6.0,69266,M,4578252.0,487123.0,69
201600032982,16,3,15,1501,1,2,1,1,6.0,69266,M,4577640.0,486728.0,69
201600032983,16,3,15,2000,5,2,1,1,5.0,69282,M,4577663.0,499808.0,69
201600032984,16,3,4,2020,5,2,1,3,5.0,69275,M,4577963.0,494675.0,69
201600032985,16,3,19,1400,1,2,2,1,6.0,69290,M,4568419.0,494763.0,69
201600032986,16,3,22,1820,1,2,3,1,5.0,69282,M,4577325.0,500450.0,69
201600032987,16,3,24,840,1,2,1,1,6.0,69266,M,4575983.0,489574.0,69