Num_Acc,an,mois,jour,hrmn,lum,agg,int,atm,col,com,gps,lat,long,dep
201600032988,16,3,24,1815,1,2,6,1,3.0,69271,M,,,69
201600032989,16,3,29,840,1,2,9,1,1.0,69266,M,4578172.0,488685.0,69
201600032990,16,3,30,2210,5,2,9,1,6.0,69266,M,,,69
201600032991,16,4,1,1154,1,2,1,1,3.0,69282,M,4576666.0,498333.0,69
201600032992,16,4,6,1300,1,2,7,1,6.0,69256,M,,,69
201600032993,16,4,6,1310,1,2,2,1,5.0,69256,M,4546429.0,550830.0,69
201600032994,16,4,8,725,1,2,2,1,1.0,69290,M,4570827.0,491808.0,69
201600032995,16,4,10,1800,1,2,1,1,3.0,69266,M,,,69
201600032996,16,4,11,330,5,2,1,1,6.0,69266,M,4577308.0,486658.0,69
201600032997,16,4,13,635,5,2,2,1,3.0,69282,M,,,69
201600032998,16,4,13,1825,1,2,1,1,3.0,69266,M,4576041.0,488069.0,69
201600032999,16,4,14,1230,1,2,1,1,3.0,69266,M,4575030.0,491117.0,69
201600033000,16,4,14,2155,5,2,2,1,3.0,69256,M,4577677.0,491536.0,69
201600033001,16,4,17,330,5,2,1,1,6.0,69290,M,4570600.0,499075.0,69
201600033002,16,4,17,1620,1,1,1,2,1.0,69266,M,,,69
201600033003,16,4,17,1703,1,2,2,2,3.0,69029,M,4573066.0,491727.0,69
201600033004,16,4,17,1832,1,2,3,1,3.0,69290,M,4570075.0,493569.0,69
201600033005,16,4,18,1340,1,2,2,8,3.0,69290,M,4570747.0,490769.0,69
201600033006,16,4,19,1455,1,2,2,1,1.0,69256,M,,,69
201600033007,16,4,22,1630,1,2,9,1,3.0,69290,M,4541103.0,562780.0,69
201600033008,16,4,25,1530,1,2,1,1,2.0,69275,M,,,69
201600033009,16,4,28,2038,1,2,1,1,6.0,69256,M,4578716.0,492513.0,69
201600033010,16,4,27,1101,1,2,2,1,3.0,69256,M,4576694.0,493261.0,69
201600033011,16,5,1,1855,1,2,1,1,3.0,69266,M,,,69
201600033012,16,4,27,2008,1,1,1,1,6.0,69029,M,4572720.0,490150.0,69
201600033013,16,5,3,715,1,2,2,1,6.0,69266,M,4546170.0,451420.0,69
201600033014,16,5,5,1525,1,2,1,1,3.0,69266,M,,,69
201600033015,16,5,6,1400,1,2,3,1,3.0,69256,M,4546375.0,454529.0,69
201600033016,16,5,6,1745,1,1,1,1,1.0,69275,M,,,69
201600033017,16,5,9,1515,1,2,3,2,3.0,69282,M,4546191.0,500582.0,69
201600033018,16,4,30,120,5,2,2,1,1.0,69266,M,4577080.0,486033.0,69
201600033019,16,5,10,1205,1,2,3,1,6.0,69256,M,,,69
201600033020,16,5,12,1320,1,2,1,1,1.0,69256,M,,,69
201600033021,16,5,13,850,1,2,2,3,6.0,69275,M,4545502.0,457221.0,69
201600033022,16,5,13,1420,1,2,2,2,5.0,69266,M,4574926.0,491424.0,69
201600033023,16,5,13,1410,1,2,3,8,3.0,69256,M,4546436.0,454563.0,69
201600033024,16,5,7,1845,1,2,2,1,3.0,69256,M,4545490.0,456006.0,69
201600033025,16,5,14,1220,1,2,1,1,5.0,69266,M,,,69
201600033026,16,5,14,535,5,2,1,8,6.0,69275,M,4546000.0,457000.0,69
201600033027,16,5,10,1825,1,2,9,1,6.0,69256,M,4546373.0,455141.0,69
201600033028,16,5,6,1615,1,2,1,1,6.0,69029,M,,,69
201600033029,16,5,24,510,5,2,1,1,6.0,69256,M,4547007.0,455081.0,69
201600033030,16,5,19,720,1,2,2,1,3.0,69256,M,4545492.0,455596.0,69
201600033031,16,5,26,900,1,2,2,1,6.0,69256,M,4546397.0,455060.0,69
201600033032,16,5,27,1205,1,2,1,1,6.0,69266,M,4545467.0,452379.0,69
201600033033,16,5,27,2330,5,2,1,1,6.0,69266,M,4545523.0,454439.0,69
201600033034,16,5,30,830,1,2,2,1,3.0,69256,M,4546423.0,455451.0,69
201600033035,16,4,28,1515,1,2,2,1,3.0,69266,M,4575816.0,489333.0,69
201600033036,16,5,12,945,1,2,2,1,3.0,69029,M,4543480.0,453285.0,69
201600033037,16,5,31,1600,1,2,3,8,6.0,69256,M,4546118.0,454533.0,69
201600033038,16,6,1,2320,5,2,4,1,3.0,69266,M,4577077.0,486711.0,69
201600033039,16,6,2,1130,1,2,2,2,3.0,69266,M,,,69
201600033040,16,6,2,1330,1,2,6,3,6.0,69256,M,4578858.0,490663.0,69
201600033041,16,6,2,1858,1,2,2,1,3.0,69266,M,4577116.0,489366.0,69
201600033042,16,6,2,2300,5,2,1,2,6.0,69266,M,4578097.0,490163.0,69
201600033043,16,5,26,1615,1,2,2,1,3.0,69290,M,4542566.0,457429.0,69
201600033044,16,6,1,1656,1,1,2,1,3.0,69290,M,4571197.0,492044.0,69
201600033045,16,6,5,1450,1,2,2,1,6.0,69266,M,4576469.0,488044.0,69
201600033046,16,6,5,2255,5,2,3,1,3.0,69256,M,,,69
201600033047,16,6,6,910,1,2,3,1,6.0,69290,M,4568794.0,493819.0,69
201600033048,16,6,6,1405,1,2,5,1,3.0,69266,M,4576980.0,488988.0,69
201600033049,16,6,7,750,1,2,6,1,3.0,69256,M,4577236.0,493386.0,69
201600033050,16,6,7,2200,5,2,2,1,3.0,69266,M,,,69
201600033051,16,6,9,125,5,2,2,1,7.0,69266,M,,,69
201600033052,16,6,10,1450,1,2,2,1,1.0,69266,M,4576732.0,487385.0,69
201600033053,16,6,10,1845,1,2,1,1,3.0,69256,M,,,69
201600033054,16,6,11,2240,5,2,5,1,3.0,69256,M,4577255.0,491222.0,69
201600033055,16,6,5,1600,1,2,1,1,1.0,69290,M,4569461.0,494030.0,69
201600033056,16,6,13,1515,1,2,1,2,1.0,69266,M,4576688.0,489608.0,69
201600033057,16,6,11,2005,1,2,1,1,6.0,69256,M,4578013.0,491419.0,69
201600033058,16,6,15,2100,2,2,1,2,3.0,69290,M,,,69
201600033059,16,6,10,830,1,2,2,1,3.0,69256,M,,,69
201600033060,16,6,17,140,5,2,1,1,6.0,69256,M,,,69
201600033061,16,6,6,2030,2,2,9,1,6.0,69029,M,4574613.0,491747.0,69
201600033062,16,6,19,2030,1,1,3,1,2.0,69271,M,4574005.0,495291.0,69
201600033063,16,6,19,1920,1,2,1,2,6.0,69282,M,4577002.0,498605.0,69
201600033064,16,6,20,2000,1,2,1,1,6.0,69266,M,,,69
201600033065,16,6,21,1345,1,2,1,1,6.0,69266,M,4577883.0,489191.0,69
201600033066,16,6,22,615,2,2,1,1,6.0,69266,M,4576944.0,489511.0,69
201600033067,16,6,23,1740,1,2,2,1,3.0,69256,M,,,69
201600033068,16,6,23,2045,1,2,3,1,3.0,69029,M,4574838.0,491994.0,69
201600033069,16,6,23,1145,1,2,1,1,6.0,69266,M,,,69
201600033070,16,6,23,1145,1,2,2,1,1.0,69266,M,,,69
201600033071,16,6,25,2245,3,2,1,1,6.0,69256,M,4577780.0,492713.0,69
201600033072,16,6,26,1820,1,2,1,1,3.0,69256,M,,,69
201600033073,16,6,13,1910,1,2,3,2,1.0,69290,M,4572058.0,492272.0,69
201600033074,16,6,15,1210,1,2,1,1,3.0,69290,M,4572116.0,493363.0,69
201600033075,16,6,26,1710,1,2,3,1,6.0,69275,M,4575766.0,497111.0,69
201600033076,16,6,27,2350,5,2,1,1,3.0,69266,M,,,69
201600033077,16,6,29,1600,1,2,1,1,7.0,69266,M,,,69
201600033078,16,7,1,900,1,2,7,1,6.0,69266,M,,,69
201600033079,16,7,7,2325,5,2,2,1,3.0,69275,M,,,69
201600033080,16,7,6,1935,1,1,2,1,2.0,69290,M,4570802.0,491822.0,69
201600033081,16,7,8,2105,1,2,1,1,7.0,69275,M,4577075.0,498341.0,69
201600033082,16,7,9,2145,1,2,1,1,4.0,69256,M,,,69
201600033083,16,7,14,110,5,2,2,1,3.0,69266,M,4576661.0,490252.0,69
201600033084,16,7,14,1400,1,2,6,1,6.0,69290,M,4570888.0,493913.0,69
201600033085,16,7,14,1615,1,2,1,8,6.0,69266,M,4576533.0,487777.0,69
201600033086,16,7,16,335,5,2,3,1,6.0,69266,M,,,69
201600033087,16,7,16,900,1,2,2,1,3.0,69266,M,,,69
201600033088,16,7,16,1655,1,2,1,1,6.0,69266,M,4576205.0,488058.0,69
201600033089,16,7,16,2130,2,2,2,1,3.0,69266,M,,,69
201600033090,16,7,17,2235,5,1,9,1,6.0,69266,M,,,69
201600033091,16,7,20,40,5,2,1,1,6.0,69266,M,4578536.0,487283.0,69
201600033092,16,7,19,1755,1,2,3,1,3.0,69282,M,4577661.0,499144.0,69
201600033093,16,7,20,1855,1,2,1,1,2.0,69266,M,4576530.0,490230.0,69
201600033094,16,7,23,1420,1,2,3,1,3.0,69275,M,4546000.0,456000.0,69
201600033095,16,7,27,2005,1,2,1,1,6.0,69256,M,4574850.0,491958.0,69
201600033096,16,7,27,2030,1,2,1,1,6.0,69290,M,4568591.0,494669.0,69
201600033097,16,7,28,2040,1,2,7,1,6.0,69266,M,,,69
201600033098,16,7,28,1923,1,2,1,1,6.0,69290,M,,,69
201600033099,16,7,31,1435,1,2,2,1,3.0,69266,M,4576955.0,487950.0,69
201600033100,16,8,1,1810,1,2,1,1,1.0,69266,M,4516103.0,452456.0,69
201600033101,16,7,31,1915,1,2,1,1,4.0,69275,M,,,69
201600033102,16,7,30,850,1,2,2,1,3.0,69256,M,4576363.0,493311.0,69
201600033103,16,8,2,1810,1,2,2,1,3.0,69256,M,,,69
201600033104,16,8,5,1730,1,2,1,1,1.0,69256,M,4545416.0,555360.0,69
201600033105,16,8,8,1710,1,2,2,1,3.0,69266,M,4545363.0,250600.0,69
201600033106,16,8,9,910,1,2,1,1,6.0,69266,M,4578280.0,489019.0,69
201600033107,16,7,19,915,1,2,3,7,3.0,69282,M,4576666.0,498333.0,69
201600033108,16,8,10,1530,1,2,1,1,3.0,69266,M,4577785.0,489210.0,69
201600033109,16,8,9,1850,1,2,1,1,6.0,69275,M,4576841.0,493961.0,69
201600033110,16,7,29,900,1,2,1,1,3.0,69266,M,4577280.0,485777.0,69
201600033111,16,8,16,1730,1,2,4,1,1.0,69290,M,4570466.0,489594.0,69
201600033112,16,8,7,1130,1,2,6,1,6.0,69275,M,4576666.0,496666.0,69
201600033113,16,8,23,1820,1,2,1,1,2.0,69290,M,4572036.0,494105.0,69
201600033114,16,8,22,1120,1,2,1,1,6.0,69256,M,4545417.0,455027.0,69
201600033115,16,8,26,1000,1,2,1,1,3.0,69266,M,4577508.0,488033.0,69
201600033116,16,8,27,550,5,2,8,1,6.0,69282,M,4577330.0,498988.0,69
201600033117,16,8,28,1735,1,2,1,1,7.0,69029,M,,,69
201600033118,16,8,2,1020,1,2,3,1,6.0,69266,M,4545499.0,452007.0,69
201600033119,16,9,1,2050,5,2,3,1,3.0,69266,M,,,69
201600033120,16,9,1,2010,5,2,3,1,3.0,69271,M,4545302.0,458340.0,69
201600033121,16,9,4,1515,1,2,2,1,1.0,69256,M,4546017.0,555880.0,69
201600033122,16,9,4,200,5,2,2,1,3.0,69290,M,4542013.0,442130.0,69
201600033123,16,9,6,810,1,2,1,1,6.0,69256,M,4547040.0,555800.0,69
201600033124,16,9,9,1545,1,2,2,1,3.0,69266,M,,,69
201600033125,16,9,12,1010,1,2,2,1,5.0,69266,M,4577272.0,486194.0,69
201600033126,16,9,13,610,1,2,1,1,3.0,69029,M,4572786.0,491597.0,69
201600033127,16,9,13,1715,1,2,1,1,6.0,69029,M,4573722.0,489808.0,69
201600033128,16,9,13,2000,2,2,3,1,3.0,69271,M,4574855.0,497833.0,69
201600033129,16,9,11,830,1,2,1,1,1.0,69275,M,,,69
201600033130,16,9,16,1500,1,1,2,1,3.0,69290,M,4570483.0,491544.0,69
201600033131,16,9,16,2100,5,2,2,2,3.0,69266,M,4577873.0,488023.0,69
201600033132,16,9,20,1045,1,2,1,1,3.0,69266,M,4576113.0,488414.0,69
201600033133,16,9,22,1600,1,2,2,1,1.0,69256,M,4578676.0,492133.0,69
201600033134,16,9,23,1705,1,1,3,1,6.0,69256,M,,,69
201600033135,16,9,24,1230,1,2,2,1,3.0,69275,M,4577000.0,496000.0,69
201600033136,16,9,26,2205,5,2,2,1,1.0,69266,M,,,69
201600033137,16,9,27,830,1,2,1,1,2.0,69290,M,4570845.0,490623.0,69
201600033138,16,9,27,2100,5,2,1,1,6.0,69266,M,,,69
201600033139,16,9,28,1525,1,2,3,1,6.0,69266,M,4577645.0,486626.0,69
201600033140,16,9,29,730,1,2,2,1,3.0,69266,M,,,69
201600033141,16,9,29,1425,1,2,1,1,3.0,69266,M,4576039.0,490199.0,69
201600033142,16,9,30,1730,1,2,3,1,3.0,69290,M,4570450.0,498177.0,69
201600033143,16,9,27,2010,5,2,2,1,3.0,69029,M,4572831.0,492457.0,69
201600033144,16,10,3,1620,1,1,1,1,3.0,69266,M,4577077.0,487039.0,69
201600033145,16,10,4,1350,1,2,1,1,6.0,69266,M,4575368.0,490421.0,69
201600033146,16,9,24,1025,1,2,1,1,6.0,69290,M,4598403.0,498403.0,69
201600033147,16,9,3,1930,1,2,1,1,6.0,69029,M,4574401.0,493218.0,69
201600033148,16,10,7,730,1,1,1,1,6.0,69256,M,4575673.0,492126.0,69
201600033149,16,10,1,250,5,2,1,1,2.0,69266,M,4578543.0,487391.0,69
201600033150,16,9,19,1800,1,2,5,1,6.0,69266,M,4577829.0,487926.0,69
201600033151,16,10,8,2015,5,2,1,1,6.0,69290,M,,,69
201600033152,16,10,4,1346,1,2,6,1,3.0,69271,M,,,69
201600033153,16,10,11,2245,5,2,9,1,6.0,69256,M,4576520.0,492340.0,69
201600033154,16,10,5,1230,1,2,2,1,3.0,69266,M,4576955.0,486721.0,69
201600033155,16,10,13,745,2,2,1,3,6.0,69271,M,4573872.0,496475.0,69
201600033156,16,8,31,1250,1,2,1,1,6.0,69266,M,4575564.0,488930.0,69
201600033157,16,10,13,1050,1,2,3,2,6.0,69266,M,4569222.0,488131.0,69
201600033158,16,10,15,1810,1,2,1,1,3.0,69275,M,4576000.0,495000.0,69
201600033159,16,10,2,1015,1,2,3,1,2.0,69266,M,4577509.0,486761.0,69
201600033160,16,10,17,1730,1,2,1,1,6.0,69275,M,,,69
201600033161,16,10,17,2220,4,2,1,1,2.0,69266,M,4576903.0,490568.0,69
201600033162,16,10,18,1425,1,2,2,1,3.0,69266,M,4577286.0,485885.0,69
201600033163,16,10,18,1800,1,2,3,1,3.0,69266,M,4577872.0,489200.0,69
201600033164,16,10,20,1120,1,2,3,1,3.0,69275,M,4576866.0,494875.0,69
201600033165,16,10,22,100,5,2,2,1,3.0,69266,M,,,69
201600033166,16,10,24,1740,1,2,1,1,6.0,69266,M,4577486.0,489352.0,69
201600033167,16,10,27,1850,2,2,1,1,6.0,69266,M,4576347.0,490956.0,69
201600033168,16,10,28,2245,5,2,1,1,5.0,69266,M,,,69
201600033169,16,10,29,1900,5,2,2,1,3.0,69266,M,4577931.0,487921.0,69
201600033170,16,10,30,1255,1,2,4,1,3.0,69256,M,4578230.0,494252.0,69
201600033171,16,10,29,1600,1,2,1,1,6.0,69275,M,4577080.0,495744.0,69
201600033172,16,11,1,1245,1,2,2,1,6.0,69266,M,,,69
201600033173,16,10,29,1210,1,2,3,1,2.0,69290,M,,,69
201600033174,16,10,27,1215,1,2,1,1,6.0,69266,M,4575988.0,487588.0,69
201600033175,16,11,4,1345,1,1,6,1,3.0,69266,M,4577954.0,487508.0,69
201600033176,16,11,8,1920,5,2,1,1,3.0,69266,M,,,69
201600033177,16,11,10,1615,1,2,1,2,6.0,69290,M,4569769.0,493005.0,69
201600033178,16,11,10,2150,5,2,2,2,3.0,69266,M,4575817.0,488513.0,69
201600033179,16,11,3,1415,1,2,6,1,7.0,69029,M,4574586.0,490441.0,69
201600033180,16,11,12,1430,1,2,1,1,6.0,69256,M,4578786.0,490402.0,69
201600033181,16,11,13,500,5,2,2,1,2.0,69266,M,4576613.0,489746.0,69
201600033182,16,11,16,1210,1,1,1,1,3.0,69266,M,,,69
201600033183,16,11,8,950,1,1,1,1,3.0,69266,M,,,69
201600033184,16,11,16,1800,5,2,1,1,6.0,69290,M,4571263.0,495603.0,69
201600033185,16,11,10,1500,1,2,2,2,3.0,69290,M,4570641.0,493492.0,69
201600033186,16,11,19,1005,1,2,6,1,3.0,69271,M,4574092.0,496293.0,69
201600033187,16,11,20,1720,5,2,1,1,6.0,69256,M,4577658.0,492459.0,69
201600033188,16,11,25,1020,1,2,1,8,6.0,69290,M,4571489.0,496422.0,69
201600033189,16,11,25,1444,1,2,3,1,4.0,69256,M,4576332.0,493184.0,69
201600033190,16,11,26,1400,1,2,3,1,3.0,69282,M,,,69
201600033191,16,11,29,1220,1,2,2,1,3.0,69256,M,4577851.0,491648.0,69
201600033192,16,12,1,750,1,2,3,5,1.0,69266,M,4578720.0,488162.0,69
201600033193,16,12,3,1340,1,2,1,1,6.0,69266,M,4578058.0,489233.0,69
201600033194,16,11,30,1110,1,2,1,1,3.0,69290,M,4568723.0,493884.0,69
201600033195,16,12,1,740,1,2,1,5,4.0,69266,M,4578501.0,486840.0,69
201600033196,16,12,9,845,1,2,1,1,6.0,69266,M,,,69
201600033197,16,12,12,715,2,2,2,1,6.0,69266,M,4577602.0,488429.0,69
201600033198,16,12,12,820,1,2,2,1,3.0,69029,M,4574703.0,490471.0,69
201600033199,16,12,14,1715,5,2,1,1,2.0,69266,M,4578190.0,485991.0,69
201600033200,16,12,15,1400,1,2,1,1,3.0,69290,M,4571540.0,496264.0,69
201600033201,16,12,9,1155,1,2,1,1,2.0,69266,M,,,69
201600033202,16,6,6,1900,1,2,1,1,6.0,69029,M,,,69
201600033203,16,10,30,1535,1,2,2,1,3.0,69290,M,4571158.0,490228.0,69
201600033204,16,12,16,1845,5,2,1,1,1.0,69266,M,4576000.0,489000.0,69
201600033205,16,12,16,2025,5,2,1,1,5.0,69290,M,4568719.0,493857.0,69
201600033206,16,12,18,550,5,1,6,5,7.0,69282,M,4509570.0,109030.0,69
201600033207,16,12,15,1010,1,2,2,1,3.0,69290,M,4571572.0,496176.0,69
201600033208,16,12,18,2200,5,2,1,5,2.0,69256,M,,,69
201600033209,16,11,24,630,5,2,2,3,1.0,69266,M,4576095.0,488476.0,69
201600033210,16,12,19,850,2,2,1,2,1.0,69275,M,4519750.0,711430.0,69
201600033211,16,12,19,1245,1,2,9,2,1.0,69266,M,4577536.0,486480.0,69
201600033212,16,12,21,1435,1,2,1,1,1.0,69275,M,4578000.0,495000.0,69
201600033213,16,12,22,1905,5,2,1,1,6.0,69266,M,4578159.0,488646.0,69
201600033214,16,12,20,1900,2,2,1,1,5.0,69029,M,,,69
201600033215,16,12,21,1730,1,2,1,1,2.0,69029,M,4574595.0,492658.0,69
201600033216,16,12,26,2348,5,2,3,1,3.0,69282,M,,,69
201600033217,16,12,21,1845,5,2,3,1,5.0,69029,M,4574100.0,491900.0,69
201600033218,16,12,28,1155,1,2,1,1,3.0,69290,M,4571477.0,490571.0,69
201600033219,16,12,16,1800,5,2,3,1,1.0,69256,M,4578857.0,491043.0,69
201600033220,16,12,27,2250,5,2,2,1,3.0,69275,M,,,69
201600033221,16,3,16,1545,1,1,1,2,1.0,20094,M,0.0,0.0,201
201600033222,16,6,21,100,5,2,1,1,7.0,20276,M,4171133.0,879833.0,201
201600033223,16,4,12,1600,1,1,1,1,1.0,51557,M,4879520.0,457663.0,51
201600033224,16,5,7,1830,1,1,1,1,4.0,51195,M,4876289.0,458589.0,51
201600033225,16,6,7,1000,1,1,3,1,5.0,51649,M,4872282.0,459252.0,51
201600033226,16,7,3,1530,1,1,1,1,6.0,51649,M,4874900.0,459500.0,51
201600033227,16,7,19,915,1,1,1,1,5.0,51270,M,4862304.0,457155.0,51
201600033228,16,8,7,1945,1,1,6,7,6.0,51649,M,4872873.0,458930.0,51
201600033229,16,8,25,1045,1,2,1,1,6.0,51649,M,4872554.0,458567.0,51
201600033230,16,9,17,1445,1,1,1,1,6.0,51598,M,4870613.0,465843.0,51
201600033231,16,9,24,915,1,2,1,1,2.0,51262,M,4869621.0,457784.0,51
201600033232,16,10,1,1645,1,2,1,1,4.0,51195,M,4876516.0,458427.0,51
201600033233,16,10,12,1730,1,1,1,1,1.0,51016,M,4859288.0,469610.0,51
201600033234,16,12,26,1245,1,1,1,2,2.0,51270,M,4861510.0,456757.0,51
201600033235,16,1,1,515,3,1,1,1,7.0,24436,M,4503450.0,26734.0,24
201600033236,16,8,1,1000,1,1,3,1,3.0,24299,M,4502660.0,37201.0,24
201600033237,16,10,29,800,1,1,1,1,1.0,24462,M,4504610.0,36775.0,24
201600033238,16,6,26,1415,1,2,1,1,3.0,20212,M,0.0,0.0,201
201600033239,16,6,26,2115,3,2,1,1,6.0,20198,M,0.0,0.0,201
201600033240,16,7,30,1515,1,1,1,1,6.0,20027,M,4210884.0,892911.0,201
201600033241,16,9,8,1100,1,1,1,1,7.0,20108,M,0.0,0.0,201
201600033242,16,9,22,630,3,1,1,1,6.0,20348,M,0.0,0.0,201
201600033243,16,3,14,1715,1,1,1,1,3.0,56175,M,0.0,0.0,56
201600033244,16,9,29,830,1,2,3,2,6.0,56177,M,4777715.0,-300527.0,56
201600033245,16,2,24,810,1,2,3,5,1.0,70285,M,4757331.0,675515.0,70
201600033246,16,4,9,1610,1,2,1,1,5.0,70285,M,4758211.0,677011.0,70
201600033247,16,5,25,1845,1,2,1,1,6.0,70285,M,4757565.0,674432.0,70
201600033248,16,9,2,1850,1,2,3,1,3.0,70285,M,4758049.0,677097.0,70
201600033249,16,9,24,1510,1,2,9,1,3.0,70285,M,4756834.0,676017.0,70
201600033250,16,7,23,1115,1,1,1,1,7.0,86289,M,0.0,0.0,86
201600033251,16,11,18,1845,5,1,1,2,1.0,86077,M,0.0,0.0,86
201600033252,16,12,14,830,1,1,1,9,7.0,86034,M,0.0,0.0,86
201600033253,16,1,4,1550,1,2,1,1,6.0,70550,M,4763105.0,616500.0,70
201600033254,16,1,8,2005,5,2,3,1,6.0,70378,M,4761158.0,615905.0,70
201600033255,16,1,18,1050,1,2,2,1,6.0,70550,M,4761585.0,615274.0,70
201600033256,16,1,31,1805,5,2,1,2,6.0,70550,M,4762683.0,614277.0,70
201600033257,16,4,30,2100,5,2,2,2,3.0,70550,M,4761793.0,615813.0,70
201600033258,16,6,22,1330,1,1,1,1,3.0,70261,M,4762363.0,619673.0,70
201600033259,16,9,4,1030,1,2,1,1,7.0,70550,M,4762253.0,615838.0,70
201600033260,16,10,29,1030,1,1,1,1,3.0,70261,M,4762365.0,619950.0,70
201600033261,16,11,7,755,2,2,1,1,7.0,70550,M,4761601.0,616149.0,70
201600033262,16,12,1,1645,2,2,2,1,3.0,70550,M,4762169.0,616982.0,70
201600033263,16,7,18,1845,1,2,1,7,7.0,34148,M,4336860.0,315409.0,34
201600033264,16,8,28,1400,1,1,1,1,1.0,34069,M,4338030.0,312321.0,34
201600033265,16,9,8,1700,1,2,1,1,6.0,34069,M,4338990.0,310259.0,34
201600033266,16,7,27,915,1,1,1,1,6.0,87178,M,4590180.0,142057.0,87
201600033267,16,11,2,1130,1,1,1,1,7.0,87016,M,4599730.0,151042.0,87
201600033268,16,11,9,1700,1,1,1,8,6.0,87002,M,4598030.0,141805.0,87
201600033269,16,12,19,1000,1,2,1,1,6.0,87125,M,4590470.0,131597.0,87
201600033270,16,6,1,1100,1,1,1,1,5.0,20189,M,4171881.0,883667.0,201
201600033271,16,7,1,1200,1,2,1,1,1.0,20249,M,4167599.0,891000.0,201
201600033272,16,8,15,1500,1,1,1,1,6.0,20035,M,0.0,0.0,201
201600033273,16,8,16,1630,1,1,1,1,7.0,20272,M,4154100.0,885900.0,201
201600033274,16,8,20,1315,1,2,1,1,5.0,20249,M,4167100.0,892100.0,201
201600033275,16,9,1,1830,1,2,1,1,6.0,20272,M,0.0,0.0,201
201600033276,16,9,28,1515,1,2,1,1,1.0,20249,M,4167213.0,890945.0,201
201600033277,16,10,5,1600,1,1,1,1,7.0,20189,M,4169258.0,891450.0,201
201600033278,16,10,11,740,2,1,1,8,1.0,20272,M,4157072.0,900675.0,201
201600033279,16,11,3,1300,1,2,1,1,6.0,20249,M,4168172.0,891739.0,201
201600033280,16,11,25,850,1,2,1,2,6.0,20272,M,4162006.0,896589.0,201
201600033281,16,9,21,1530,1,2,1,1,1.0,62596,M,5034505.0,195061.0,62
201600033282,16,10,1,1500,1,2,9,1,3.0,62661,M,5038404.0,198291.0,62
201600033283,16,10,8,2245,3,1,1,1,6.0,62787,M,5049455.0,188290.0,62
201600033284,16,10,20,1530,1,1,1,2,6.0,62822,M,5027546.0,200355.0,62
201600033285,16,12,1,1400,1,2,1,1,3.0,62447,M,5037700.0,203900.0,62
201600033286,16,11,2,1600,1,1,3,1,3.0,81277,M,4398910.0,224631.0,81
201600033287,16,9,29,900,1,1,1,1,1.0,14324,M,0.0,0.0,14
201600033288,16,12,15,645,3,1,1,9,7.0,08021,M,0.0,0.0,08
201600033289,16,10,31,1700,3,1,1,1,7.0,08145,M,4966642.0,504456.0,08
201600033290,16,11,19,1800,3,1,9,1,3.0,08174,M,4872978.0,494831.0,08
201600033291,16,12,24,1815,3,1,1,2,7.0,08191,M,0.0,0.0,08
201600033292,16,11,2,1745,2,1,1,1,5.0,54563,M,4848100.0,612900.0,54
201600033293,16,11,3,1530,1,1,1,1,6.0,54434,M,4844100.0,612600.0,54
201600033294,16,1,4,820,1,2,1,1,6.0,71076,M,4678377.0,484857.0,71
201600033295,16,1,7,730,5,2,1,3,6.0,71076,M,4678650.0,486361.0,71
201600033296,16,1,12,1610,1,2,1,2,6.0,71076,M,4677925.0,485008.0,71
201600033297,16,1,7,1155,1,2,1,3,6.0,71076,M,4679792.0,484956.0,71
201600033298,16,1,8,1820,3,1,1,2,1.0,71475,M,4673986.0,481002.0,71
201600033299,16,1,25,1810,2,2,2,1,3.0,71076,M,4679600.0,485430.0,71
201600033300,16,2,5,2015,5,1,2,1,3.0,71076,M,4678627.0,483741.0,71
201600033301,16,2,12,1845,5,2,1,2,6.0,71081,M,4681688.0,483963.0,71
201600033302,16,2,18,550,3,1,1,5,1.0,71445,M,,,71
201600033303,16,4,5,1335,1,2,2,2,6.0,71475,M,4676338.0,483966.0,71
201600033304,16,5,6,1550,1,2,1,1,5.0,71445,M,4678281.0,491077.0,71
201600033305,16,5,12,1830,1,1,1,8,6.0,71076,M,4676980.0,483940.0,71
201600033306,16,6,8,1215,1,2,3,1,3.0,71076,M,4678048.0,484156.0,71
201600033307,16,6,15,1705,1,2,1,1,6.0,71076,M,4680129.0,487157.0,71
201600033308,16,7,18,2110,1,2,1,1,6.0,71445,M,4677815.0,487090.0,71
201600033309,16,6,29,1405,1,1,1,1,1.0,71081,M,4681586.0,482750.0,71
201600033310,16,7,20,1015,1,1,9,1,2.0,71445,M,4676141.0,486783.0,71
201600033311,16,8,3,1900,1,2,1,1,6.0,71445,M,4678666.0,490166.0,71
201600033312,16,8,6,1945,1,2,1,1,3.0,71081,M,4681802.0,483869.0,71
201600033313,16,8,18,1650,1,2,1,1,3.0,71445,M,4677250.0,486947.0,71
201600033314,16,8,13,2025,1,1,1,1,3.0,71076,M,4677363.0,485938.0,71
201600033315,16,8,22,1540,1,1,1,1,1.0,71475,M,4676805.0,483908.0,71
201600033316,16,9,5,1040,1,1,1,1,3.0,71475,M,4677428.0,484212.0,71