Num_Acc,an,mois,jour,hrmn,lum,agg,int,atm,col,com,gps,lat,long,dep
201600033317,16,10,6,805,1,2,1,1,6.0,71076,M,4678220.0,485315.0,71
201600033318,16,10,15,730,2,2,1,2,6.0,71076,M,4679039.0,483212.0,71
201600033319,16,10,31,1530,1,1,1,1,5.0,71076,M,4677754.0,483397.0,71
201600033320,16,11,26,915,1,2,1,1,6.0,71076,M,4678459.0,485275.0,71
201600033321,16,6,14,1625,1,2,9,1,3.0,71309,M,4678982.0,440011.0,71
201600033322,16,12,1,645,5,2,1,5,6.0,71153,M,4679812.0,445563.0,71
201600033323,16,6,24,1115,1,2,2,1,3.0,71153,M,4680573.0,442789.0,71
201600033324,16,12,10,1600,1,2,9,7,3.0,71059,M,4680991.0,447281.0,71
201600033325,16,12,21,1910,5,2,1,5,6.0,71059,M,4681696.0,448036.0,71
201600033326,16,6,25,610,1,2,9,1,1.0,71309,M,4678341.0,439019.0,71
201600033327,16,8,8,145,5,2,1,1,6.0,71153,M,4679585.0,443434.0,71
201600033328,16,12,23,2035,3,2,9,1,2.0,71153,M,4680619.0,441998.0,71
201600033329,16,7,7,1430,1,2,1,1,6.0,71153,M,4680660.0,442817.0,71
201600033330,16,12,25,750,5,2,2,1,3.0,71153,M,4680119.0,444494.0,71
201600033331,16,8,28,1450,1,1,1,1,6.0,71540,M,4677586.0,442285.0,71
201600033332,16,9,2,1620,1,2,2,1,3.0,71153,M,4680279.0,445001.0,71
201600033333,16,10,3,1605,1,2,3,1,3.0,71153,M,4679984.0,445838.0,71
201600033334,16,10,10,1800,1,2,1,1,6.0,71153,M,4680322.0,441903.0,71
201600033335,16,10,17,1440,1,1,1,8,1.0,71309,M,4678242.0,439067.0,71
201600033336,16,11,5,1800,3,1,3,8,3.0,71540,M,4675935.0,446459.0,71
201600033337,16,11,5,2050,3,1,6,2,6.0,71540,M,4675505.0,444067.0,71
201600033338,16,11,8,1710,1,2,3,2,3.0,71153,M,4679390.0,442108.0,71
201600033339,16,11,16,1730,5,2,1,1,1.0,71059,M,4680490.0,447407.0,71
201600033340,16,11,18,1640,1,1,1,1,1.0,71153,M,4681445.0,443168.0,71
201600033341,16,1,14,1045,1,1,9,1,6.0,71153,M,4680563.0,442789.0,71
201600033342,16,1,19,1615,1,2,2,8,3.0,71153,M,4678655.0,443257.0,71
201600033343,16,2,1,745,5,2,2,2,6.0,71153,M,4681170.0,444851.0,71
201600033344,16,2,21,1800,1,1,1,1,1.0,71059,M,4679328.0,449148.0,71
201600033345,16,3,13,1800,1,2,1,1,6.0,71153,M,4679324.0,442496.0,71
201600033346,16,3,22,1820,1,2,1,1,6.0,71153,M,4679288.0,441785.0,71
201600033347,16,4,12,1655,1,2,1,8,1.0,71540,M,4676250.0,445988.0,71
201600033348,16,4,13,805,1,2,9,8,1.0,71540,M,4678843.0,444570.0,71
201600033349,16,4,19,2055,1,2,9,1,6.0,71059,M,4680681.0,446272.0,71
201600033350,16,4,21,1630,1,1,2,1,1.0,71540,M,4676687.0,444922.0,71
201600033351,16,11,11,1850,3,1,1,1,5.0,35177,M,4820597.0,-174807.0,35
201600033352,16,11,20,1700,2,1,2,8,3.0,35094,M,4835117.0,-177945.0,35
201600033353,16,12,1,1800,5,2,2,1,3.0,35180,M,4828509.0,-193550.0,35
201600033354,16,12,27,1345,1,1,1,1,7.0,35195,M,4829782.0,-164559.0,35
201600033355,16,1,21,400,1,2,6,1,6.0,71270,M,,,71
201600033356,16,3,22,1450,1,2,1,1,6.0,71270,M,4631863.0,482056.0,71
201600033357,16,3,25,955,1,1,2,2,3.0,71105,M,4629958.0,478208.0,71
201600033358,16,4,10,1755,1,2,2,7,6.0,71270,M,4631044.0,482779.0,71
201600033359,16,4,13,1725,1,2,1,1,6.0,71105,M,4630893.0,480725.0,71
201600033360,16,4,15,1505,1,2,1,1,6.0,71270,M,4630692.0,482938.0,71
201600033361,16,5,13,1750,1,2,1,8,6.0,71270,M,4629642.0,482033.0,71
201600033362,16,7,13,1845,1,2,3,1,3.0,71105,M,4631098.0,481158.0,71
201600033363,16,9,5,1220,1,1,2,1,3.0,71270,M,4630535.0,483562.0,71
201600033364,16,9,8,1500,1,2,1,1,3.0,71270,M,4630059.0,482944.0,71
201600033365,16,10,11,1628,1,2,3,1,3.0,71105,M,4630664.0,480104.0,71
201600033366,16,10,5,1230,1,1,1,1,3.0,47069,M,4421810.0,58879.0,47
201600033367,16,9,6,1330,1,1,1,1,1.0,47146,M,4443100.0,65501.0,47
201600033368,16,9,24,945,1,2,1,7,6.0,47324,M,4463570.0,74172.0,47
201600033369,16,10,17,2000,3,1,1,1,6.0,47219,M,4465650.0,76689.0,47
201600033370,16,10,22,1730,1,1,1,1,7.0,47152,M,4459650.0,61365.0,47
201600033371,16,12,12,1845,2,1,1,1,7.0,47141,M,4457460.0,77936.0,47
201600033372,16,3,3,2005,3,1,1,1,7.0,71306,M,4667752.0,434583.0,71
201600033373,16,5,23,1740,1,2,1,8,6.0,71040,M,4668658.0,439058.0,71
201600033374,16,6,10,1725,1,2,1,1,1.0,71306,M,4668414.0,437559.0,71
201600033375,16,6,23,1950,1,2,1,1,3.0,71306,M,4667029.0,437318.0,71
201600033376,16,7,23,1705,1,2,1,1,1.0,71499,M,4666469.0,428904.0,71
201600033377,16,8,24,935,1,2,1,1,3.0,71486,M,4664447.0,435325.0,71
201600033378,16,11,24,2045,5,2,1,1,6.0,71306,M,4666342.0,434960.0,71
201600033379,16,12,9,915,1,2,1,1,6.0,71306,M,4669035.0,435713.0,71
201600033380,16,12,10,1100,1,2,1,1,7.0,71040,M,4669515.0,439156.0,71
201600033381,16,12,17,2030,5,2,1,9,6.0,71040,M,4668552.0,439045.0,71
201600033382,16,2,11,1750,1,2,3,1,3.0,72181,M,4797926.0,20867.0,72
201600033383,16,2,11,1330,1,2,1,7,6.0,72095,M,4802542.0,20438.0,72
201600033384,16,2,20,540,5,2,2,2,3.0,72181,M,4800510.0,19389.0,72
201600033385,16,2,17,1755,5,1,1,1,3.0,72003,M,,,72
201600033386,16,3,8,1730,1,2,1,1,6.0,72181,M,,,72
201600033387,16,4,26,800,1,2,1,1,6.0,72181,M,4801319.0,19886.0,72
201600033388,16,5,4,1530,1,2,1,1,6.0,72181,M,4800982.0,23324.0,72
201600033389,16,5,4,1700,1,2,3,1,3.0,72181,M,4796472.0,20934.0,72
201600033390,16,5,9,900,1,2,6,1,6.0,72181,M,4801574.0,20229.0,72
201600033391,16,5,26,1835,1,2,2,1,6.0,72181,M,4798136.0,21801.0,72
201600033392,16,7,6,110,5,2,1,1,7.0,72181,M,4802819.0,18014.0,72
201600033393,16,7,19,850,1,2,1,1,6.0,72181,M,4799462.0,19107.0,72
201600033394,16,7,29,1800,1,2,1,1,6.0,72181,M,4801797.0,21797.0,72
201600033395,16,8,16,5,5,2,1,1,6.0,72181,M,4801199.0,20738.0,72
201600033396,16,10,16,655,5,2,1,1,6.0,72181,M,4799492.0,20344.0,72
201600033397,16,10,17,2100,5,2,1,1,6.0,72181,M,4798031.0,21638.0,72
201600033398,16,10,19,1005,1,2,1,1,6.0,72181,M,,,72
201600033399,16,11,4,1930,5,2,1,2,6.0,72181,M,4797886.0,20513.0,72
201600033400,16,11,16,1900,5,2,1,2,6.0,72181,M,4799728.0,23578.0,72
201600033401,16,11,17,1445,1,2,1,2,1.0,72181,M,4800213.0,117890.0,72
201600033402,16,11,17,1915,3,1,1,2,4.0,72181,M,4801673.0,14405.0,72
201600033403,16,11,19,1700,1,2,2,1,3.0,72181,M,4796909.0,19985.0,72
201600033404,16,11,21,1400,1,2,1,1,2.0,72181,M,4796422.0,22102.0,72
201600033405,16,11,22,810,1,1,1,1,2.0,72181,M,4800039.0,17276.0,72
201600033406,16,11,30,1250,1,2,3,1,6.0,72181,M,4798252.0,21262.0,72
201600033407,16,12,1,650,5,2,1,1,7.0,72181,M,4797181.0,20528.0,72
201600033408,16,12,1,1305,1,2,2,1,3.0,72181,M,4800590.0,19214.0,72
201600033409,16,12,1,2000,5,2,1,1,6.0,72181,M,4797156.0,21079.0,72
201600033410,16,12,11,1425,1,2,1,5,6.0,72181,M,4799496.0,22393.0,72
201600033411,16,12,18,1800,5,2,1,5,3.0,72181,M,4797507.0,21530.0,72
201600033412,16,9,8,1200,1,2,1,1,6.0,73008,M,,,73
201600033413,16,2,2,1830,5,2,1,1,6.0,73008,M,4569093.0,591037.0,73
201600033414,16,4,6,1505,1,2,1,1,6.0,73008,M,4568833.0,590967.0,73
201600033415,16,6,22,935,1,2,1,1,6.0,73008,M,4568992.0,591975.0,73
201600033416,16,7,9,740,1,2,4,1,1.0,73008,M,4568521.0,592263.0,73
201600033417,16,8,31,1530,1,2,6,1,2.0,73008,M,,,73
201600033418,16,2,25,1455,1,2,3,2,6.0,73011,M,4567340.0,638507.0,73
201600033419,16,9,15,830,1,2,2,2,6.0,73011,M,4567341.0,639034.0,73
201600033420,16,9,28,1205,1,2,1,1,1.0,73011,M,4566000.0,638063.0,73
201600033421,16,10,14,1115,1,2,2,3,3.0,73011,M,4565915.0,637093.0,73
201600033422,16,9,25,1000,1,2,1,1,6.0,73011,M,4566010.0,636867.0,73
201600033423,16,1,30,36,3,1,1,1,5.0,73065,M,4559108.0,589851.0,73
201600033424,16,2,5,1520,1,2,1,1,2.0,73031,M,4557250.0,594451.0,73
201600033425,16,3,2,1900,5,2,1,2,6.0,73065,M,4556293.0,590819.0,73
201600033426,16,12,8,1855,3,1,1,1,6.0,73065,M,4559016.0,588864.0,73
201600033427,16,4,28,1404,1,2,2,1,6.0,73065,M,4556293.0,590819.0,73
201600033428,16,5,13,550,1,1,1,1,6.0,73029,M,,,73
201600033429,16,3,4,2020,1,2,1,1,6.0,73087,M,4556717.0,589292.0,73
201600033430,16,3,26,1025,1,1,1,1,5.0,73065,M,4559107.0,589833.0,73
201600033431,16,10,3,1910,1,2,1,1,1.0,73065,M,4557664.0,591463.0,73
201600033432,16,8,7,1240,1,1,4,1,3.0,73065,M,4556757.0,593775.0,73
201600033433,16,9,8,30,5,1,1,1,2.0,73222,M,4557341.0,595716.0,73
201600033434,16,11,1,610,3,1,1,1,6.0,73065,M,4559284.0,589616.0,73
201600033435,16,11,13,600,3,1,1,1,1.0,73222,M,4559900.0,596747.0,73
201600033436,16,11,5,1705,3,1,1,8,3.0,73031,M,,,73
201600033437,16,9,7,930,1,2,1,1,3.0,73031,M,4556960.0,593968.0,73
201600033438,16,12,2,1820,5,1,1,1,6.0,73031,M,4557123.0,594843.0,73
201600033439,16,12,24,645,5,1,6,1,6.0,73065,M,4560168.0,591402.0,73
201600033440,16,1,8,700,5,2,1,2,6.0,74010,M,4592205.0,612186.0,74
201600033441,16,2,5,1720,1,1,3,1,1.0,74010,M,4553259.0,60830.0,74
201600033442,16,1,11,1820,5,2,1,2,6.0,74010,M,4591675.0,612288.0,74
201600033443,16,1,26,1823,3,2,1,1,6.0,74010,M,4590688.0,613966.0,74
201600033444,16,3,10,1315,1,2,6,1,6.0,74010,M,4590580.0,612605.0,74
201600033445,16,3,23,1215,1,2,4,1,6.0,74093,M,4590341.0,610624.0,74
201600033446,16,5,27,915,1,2,3,1,1.0,74093,M,,,74
201600033447,16,5,20,235,3,2,1,1,1.0,74093,M,4590080.0,608866.0,74
201600033448,16,5,4,2030,2,2,1,1,2.0,74093,M,4590411.0,609822.0,74
201600033449,16,6,18,2020,2,2,3,2,5.0,74010,M,4591188.0,612786.0,74
201600033450,16,6,17,2248,5,2,2,1,1.0,74010,M,,,74
201600033451,16,6,22,256,5,2,3,1,3.0,74010,M,4553412.0,607083.0,74
201600033452,16,7,4,1630,1,2,1,1,6.0,74093,M,4589413.0,610658.0,74
201600033453,16,8,2,1900,1,2,1,1,6.0,74010,M,,,74
201600033454,16,8,5,710,1,2,6,1,3.0,74010,M,4590611.0,611444.0,74
201600033455,16,8,6,1650,1,2,1,1,2.0,74010,M,4588852.0,614361.0,74
201600033456,16,8,22,1650,1,2,1,7,6.0,74010,M,4590708.0,613475.0,74
201600033457,16,9,1,2245,5,2,1,1,3.0,74010,M,4590197.0,612380.0,74
201600033458,16,9,8,1735,1,2,1,1,3.0,74010,M,4588475.0,611716.0,74
201600033459,16,9,12,1645,1,2,1,1,6.0,74010,M,4590255.0,612177.0,74
201600033460,16,11,9,1405,1,2,1,1,5.0,74010,M,4591006.0,612600.0,74
201600033461,16,11,10,1810,5,2,4,2,6.0,74010,M,4590455.0,613107.0,74
201600033462,16,11,26,1200,1,2,6,1,6.0,74010,M,4591481.0,612965.0,74
201600033463,16,12,1,1815,5,2,1,1,6.0,74010,M,4590145.0,612071.0,74
201600033464,16,12,12,1730,5,2,1,1,6.0,74010,M,4503060.0,613300.0,74
201600033465,16,11,26,1010,1,2,1,1,6.0,74012,M,4619283.0,623404.0,74
201600033466,16,12,29,1700,2,2,1,1,7.0,74012,M,4620075.0,624005.0,74
201600033467,16,12,19,300,1,2,1,1,3.0,74012,M,4619560.0,626120.0,74
201600033468,16,1,23,1750,2,2,1,1,6.0,74133,M,4618372.0,621152.0,74
201600033469,16,2,17,1620,1,2,1,1,6.0,74012,M,4619083.0,623594.0,74
201600033470,16,1,28,1310,1,2,1,1,6.0,74012,M,4619277.0,622777.0,74
201600033471,16,2,11,1610,1,2,6,1,6.0,74012,M,,,74
201600033472,16,4,22,1745,1,2,3,1,3.0,74012,M,4618861.0,624305.0,74
201600033473,16,4,30,1250,1,2,1,2,2.0,74133,M,4611303.0,612368.0,74
201600033474,16,5,9,950,1,2,1,1,6.0,74012,M,4618936.0,624322.0,74
201600033475,16,7,7,920,1,2,6,1,3.0,74012,M,,,74
201600033476,16,8,3,1050,1,2,2,1,6.0,74012,M,4619527.0,624333.0,74
201600033477,16,7,29,1735,1,2,1,1,3.0,74012,M,,,74
201600033478,16,7,28,830,1,2,6,1,3.0,74012,M,,,74
201600033479,16,8,11,1320,1,2,3,1,6.0,74012,M,4619227.0,623422.0,74
201600033480,16,10,11,1615,1,2,3,1,6.0,74012,M,4618750.0,624833.0,74
201600033481,16,10,28,800,1,2,1,1,1.0,74012,M,,,74
201600033482,16,11,13,1950,3,2,1,2,1.0,74118,M,4617917.0,622680.0,74
201600033483,16,12,13,625,5,2,1,1,3.0,74012,M,4617669.0,624016.0,74
201600033484,16,12,16,1145,1,2,3,1,6.0,74012,M,4618261.0,624372.0,74
201600033485,16,1,7,1930,5,2,1,2,6.0,74218,M,4639494.0,654301.0,74
201600033486,16,1,9,27,3,1,1,3,6.0,74281,M,4634691.0,645288.0,74
201600033487,16,1,11,1852,3,2,1,3,6.0,74119,M,4640006.0,658673.0,74
201600033488,16,1,23,1835,4,1,1,1,1.0,74218,M,4638385.0,651324.0,74
201600033489,16,2,21,1750,1,2,1,1,1.0,74013,M,4635041.0,643436.0,74
201600033490,16,1,19,1505,1,2,1,1,6.0,74281,M,,,74
201600033491,16,2,25,2037,5,2,6,2,6.0,74281,M,4622260.0,628517.0,74
201600033492,16,3,18,118,5,2,1,1,6.0,74119,M,4639969.0,660425.0,74
201600033493,16,3,22,1940,2,2,1,1,6.0,74281,M,4638080.0,649383.0,74
201600033494,16,5,9,820,1,2,1,1,1.0,74218,M,4638466.0,655550.0,74
201600033495,16,5,9,1317,1,2,1,1,6.0,74281,M,4636755.0,648325.0,74
201600033496,16,5,13,845,1,2,1,3,6.0,74013,M,4626060.0,626060.0,74
201600033497,16,6,15,1440,1,2,2,1,7.0,74281,M,4622176.0,628417.0,74
201600033498,16,6,17,1550,1,2,1,1,1.0,74218,M,,,74
201600033499,16,7,9,810,1,2,1,1,2.0,74218,M,4639491.0,654294.0,74
201600033500,16,7,19,1545,1,2,1,1,6.0,74281,M,4623123.0,629032.0,74
201600033501,16,7,30,1140,1,2,6,1,3.0,74218,M,4638747.0,654382.0,74
201600033502,16,8,17,1040,1,1,6,1,7.0,74013,M,,,74
201600033503,16,9,30,940,1,2,1,1,3.0,74218,M,4639206.0,653329.0,74
201600033504,16,10,3,1555,1,2,3,1,3.0,74119,M,4639601.0,657014.0,74
201600033505,16,10,6,320,5,1,1,1,6.0,74218,M,4639611.0,655916.0,74
201600033506,16,10,17,2025,5,2,1,2,3.0,74281,M,4636629.0,647073.0,74
201600033507,16,10,15,1120,1,1,2,1,3.0,74218,M,4638949.0,652406.0,74
201600033508,16,10,28,1920,5,2,1,1,1.0,74281,M,4636334.0,649891.0,74
201600033509,16,10,29,1735,1,2,1,1,6.0,74281,M,4637200.0,648050.0,74
201600033510,16,11,19,640,3,1,1,2,6.0,74281,M,4636067.0,648918.0,74
201600033511,16,12,11,1830,2,2,1,1,7.0,74281,M,4636738.0,647973.0,74
201600033512,16,12,14,735,5,2,3,1,5.0,74281,M,4638382.0,650854.0,74
201600033513,16,12,19,331,5,2,3,2,6.0,74200,M,4639547.0,659707.0,74
201600033514,16,1,15,1940,3,1,1,8,6.0,76384,M,4953252.0,54569.0,76
201600033515,16,6,20,700,2,1,4,2,6.0,76382,M,4958732.0,53377.0,76
201600033516,16,6,30,2000,1,1,1,1,1.0,76576,M,4956025.0,44772.0,76
201600033517,16,7,31,2115,1,2,1,1,7.0,76114,M,4957378.0,47274.0,76
201600033518,16,1,7,750,5,2,1,3,3.0,76217,M,4991000.0,107000.0,76
201600033519,16,1,7,1330,1,2,4,1,3.0,76217,M,4991758.0,107422.0,76
201600033520,16,1,9,1330,1,2,1,1,7.0,76565,M,4987194.0,106630.0,76
201600033521,16,1,12,2115,3,1,3,6,3.0,76565,M,4988892.0,108400.0,76
201600033522,16,3,1,1915,5,2,6,2,3.0,76217,M,4992527.0,110098.0,76
201600033523,16,1,16,1935,3,1,1,1,2.0,76565,M,4987809.0,109489.0,76
201600033524,16,1,21,849,1,2,1,1,6.0,76565,M,4987108.0,106980.0,76
201600033525,16,1,24,2215,3,1,1,2,6.0,76026,M,4988013.0,114830.0,76
201600033526,16,2,2,1440,1,1,1,1,1.0,76414,M,4990101.0,113019.0,76
201600033527,16,2,1,1940,5,1,3,2,6.0,76545,M,4990185.0,111855.0,76
201600033528,16,3,14,1750,1,1,1,1,4.0,76026,M,4987451.0,111273.0,76
201600033529,16,3,20,225,3,1,1,1,6.0,76217,M,4991425.0,110400.0,76
201600033530,16,3,31,940,1,2,3,8,6.0,76026,M,4988055.0,113000.0,76
201600033531,16,3,31,835,1,2,2,8,6.0,76349,M,4990163.0,105191.0,76
201600033532,16,4,12,945,1,2,4,1,6.0,76217,M,4992372.0,108126.0,76
201600033533,16,4,8,1900,1,1,1,1,6.0,76026,M,4988258.0,114749.0,76
201600033534,16,4,8,2310,3,1,1,1,6.0,76707,M,4985781.0,107865.0,76
201600033535,16,4,10,1635,1,1,2,1,3.0,76565,M,4988273.0,109027.0,76
201600033536,16,4,18,1727,1,2,1,1,4.0,76545,M,4990858.0,108752.0,76
201600033537,16,4,22,1905,1,2,3,1,6.0,76217,M,4992729.0,108648.0,76
201600033538,16,4,23,1725,1,2,3,1,3.0,76217,M,4992990.0,108106.0,76
201600033539,16,4,23,1715,1,2,1,1,6.0,76217,M,4992883.0,110053.0,76
201600033540,16,4,28,1235,1,2,2,1,3.0,76217,M,4992454.0,110375.0,76
201600033541,16,5,7,1140,1,1,1,1,7.0,76565,M,4988634.0,108663.0,76
201600033542,16,5,13,1035,1,2,4,1,4.0,76217,M,4991461.0,107484.0,76
201600033543,16,5,17,820,1,2,1,1,2.0,76026,M,4988628.0,112291.0,76
201600033544,16,5,20,1335,1,2,1,1,1.0,76217,M,4990598.0,108335.0,76
201600033545,16,6,8,1750,1,2,1,1,6.0,76217,M,4993028.0,109743.0,76
201600033546,16,6,17,1717,1,2,1,1,3.0,76217,M,4992566.0,109943.0,76
201600033547,16,7,1,1555,1,2,3,1,3.0,76707,M,4985261.0,110162.0,76
201600033548,16,6,17,1625,1,2,1,1,6.0,76217,M,4992141.0,107335.0,76
201600033549,16,6,19,1840,1,2,1,1,6.0,76217,M,4992347.0,107523.0,76
201600033550,16,7,1,540,5,2,2,1,3.0,76217,M,4992725.0,108597.0,76
201600033551,16,8,1,540,5,2,3,1,3.0,76217,M,4992725.0,108597.0,76
201600033552,16,7,23,5,5,2,1,1,7.0,76217,M,4992220.0,108219.0,76
201600033553,16,8,30,1905,1,2,1,1,6.0,76026,M,4987821.0,112920.0,76
201600033554,16,9,5,1340,1,1,1,2,5.0,76545,M,4990806.0,110120.0,76
201600033555,16,9,5,1445,1,1,3,2,2.0,76545,M,4990156.0,111889.0,76
201600033556,16,9,11,1520,1,1,1,1,3.0,76217,M,4991365.0,109134.0,76
201600033557,16,10,12,715,5,2,1,1,6.0,76026,M,4988579.0,112349.0,76
201600033558,16,9,24,810,1,1,1,1,6.0,76026,M,4987881.0,112043.0,76
201600033559,16,10,2,625,5,2,1,1,7.0,76026,M,4988966.0,111928.0,76
201600033560,16,10,12,1745,1,2,1,1,3.0,76545,M,4990437.0,109319.0,76
201600033561,16,10,12,1105,1,2,6,1,1.0,76026,M,4988276.0,114196.0,76
201600033562,16,10,17,730,5,2,6,1,6.0,76217,M,4991076.0,107497.0,76
201600033563,16,10,23,154,3,1,4,5,4.0,76026,M,4987653.0,111927.0,76
201600033564,16,11,1,1645,1,2,1,1,1.0,76217,M,4992680.0,107959.0,76
201600033565,16,11,8,850,1,2,1,1,2.0,76217,M,4991866.0,107400.0,76
201600033566,16,11,9,805,2,2,1,2,3.0,76545,M,4990133.0,109906.0,76
201600033567,16,11,10,1305,1,2,1,2,2.0,76545,M,4989965.0,112017.0,76
201600033568,16,11,10,1900,5,2,4,1,6.0,76217,M,4991516.0,107475.0,76
201600033569,16,12,2,1655,2,2,4,1,3.0,76217,M,4992216.0,107008.0,76
201600033570,16,12,6,1615,1,2,2,1,3.0,76217,M,4990946.0,106591.0,76
201600033571,16,12,17,1900,5,1,1,5,5.0,76545,M,4991183.0,109738.0,76
201600033572,16,12,21,1750,5,2,3,2,3.0,76217,M,4991324.0,108205.0,76
201600033573,16,1,2,1135,1,2,1,1,6.0,76259,M,4975186.0,39744.0,76
201600033574,16,1,2,1715,5,2,6,2,3.0,76259,M,4975075.0,40363.0,76
201600033575,16,4,2,1100,1,2,1,1,6.0,76259,M,4976097.0,36605.0,76
201600033576,16,7,13,800,1,1,1,1,7.0,76600,M,4973569.0,29813.0,76
201600033577,16,8,18,920,1,2,1,1,6.0,76259,M,4976196.0,37857.0,76
201600033578,16,9,13,1135,1,2,3,1,3.0,76259,M,4975858.0,37578.0,76
201600033579,16,10,16,2000,5,2,1,2,6.0,76259,M,4975498.0,38088.0,76
201600033580,16,10,10,720,3,1,1,8,3.0,76259,M,4976642.0,40467.0,76
201600033581,16,12,2,1411,1,1,1,1,3.0,76259,M,4974657.0,41043.0,76
201600033582,16,12,2,1842,5,2,3,8,3.0,76259,M,4976008.0,36948.0,76
201600033583,16,1,3,2320,4,2,2,3,6.0,76447,M,4954298.0,18178.0,76
201600033584,16,12,31,935,1,2,1,1,6.0,76351,M,4950129.0,14889.0,76
201600033585,16,11,30,855,1,2,1,1,6.0,76351,M,4948984.0,9763.0,76
201600033586,16,1,4,838,1,2,1,1,7.0,76351,M,4950251.0,16846.0,76
201600033587,16,1,9,55,5,1,1,1,2.0,76305,M,4948664.0,20982.0,76
201600033588,16,1,9,655,5,2,1,1,1.0,76351,M,4949094.0,12978.0,76
201600033589,16,1,11,830,5,2,3,2,6.0,76351,M,4951734.0,9734.0,76
201600033590,16,1,14,2045,5,2,2,1,3.0,76351,M,4951932.0,10907.0,76
201600033591,16,1,16,1805,5,2,3,1,6.0,76270,M,4953655.0,14582.0,76
201600033592,16,1,15,1330,1,2,3,1,3.0,76351,M,4950316.0,10600.0,76
201600033593,16,1,19,1220,1,2,3,1,2.0,76351,M,4950801.0,12810.0,76
201600033594,16,1,20,2335,5,1,1,1,7.0,76305,M,4951228.0,21676.0,76
201600033595,16,1,20,1345,1,2,1,1,6.0,76351,M,4952889.0,10334.0,76
201600033596,16,1,22,750,2,2,1,2,2.0,76351,M,4950417.0,10960.0,76
201600033597,16,1,22,1950,5,2,1,1,6.0,76351,M,4949193.0,12481.0,76
201600033598,16,1,25,1830,5,2,2,1,3.0,76351,M,4949584.0,11901.0,76
201600033599,16,1,26,900,1,2,1,1,5.0,76351,M,4951817.0,11172.0,76
201600033600,16,1,29,1215,1,2,2,1,6.0,76351,M,4949542.0,9954.0,76
201600033601,16,1,31,1200,1,2,1,1,7.0,76351,M,4947958.0,11992.0,76
201600033602,16,1,28,1750,1,2,3,1,3.0,76351,M,4950010.0,13255.0,76
201600033603,16,1,27,1910,5,2,2,3,1.0,76351,M,4949874.0,10712.0,76
201600033604,16,1,30,1650,1,2,1,1,7.0,76351,M,4951468.0,10739.0,76
201600033605,16,2,1,1710,1,2,1,2,3.0,76351,M,4950053.0,10788.0,76
201600033606,16,2,4,1825,5,2,2,1,6.0,76351,M,4950245.0,17249.0,76
201600033607,16,2,3,1315,1,2,3,2,2.0,76351,M,4949275.0,12424.0,76
201600033608,16,2,7,245,5,2,3,2,1.0,76351,M,4949832.0,14834.0,76
201600033609,16,2,6,445,5,1,1,1,3.0,76351,M,4949902.0,16090.0,76
201600033610,16,2,10,1330,1,2,2,3,3.0,76351,M,4949880.0,13727.0,76
201600033611,16,2,14,1400,1,2,4,1,1.0,76351,M,4951596.0,12493.0,76
201600033612,16,2,13,545,5,2,2,2,6.0,76351,M,4949247.0,12417.0,76
201600033613,16,2,14,350,5,2,1,1,6.0,76351,M,4952202.0,16345.0,76
201600033614,16,2,15,1620,1,2,3,1,6.0,76351,M,4949833.0,10530.0,76
201600033615,16,2,11,1625,1,2,2,1,5.0,76351,M,4949330.0,11207.0,76
201600033616,16,2,12,1345,1,1,1,2,3.0,76270,M,4953069.0,14339.0,76
201600033617,16,2,16,820,1,2,3,1,7.0,76305,M,4950641.0,23877.0,76
201600033618,16,2,19,1625,1,1,1,1,1.0,76481,M,4955290.0,11144.0,76
201600033619,16,2,23,1910,3,1,1,1,6.0,76447,M,4953511.0,19725.0,76
201600033620,16,2,23,1335,1,2,1,1,1.0,76351,M,4949727.0,12909.0,76
201600033621,16,2,23,1705,1,2,1,1,6.0,76351,M,4949363.0,15144.0,76
201600033622,16,2,22,1845,5,2,2,2,6.0,76351,M,4951104.0,11993.0,76
201600033623,16,2,24,2110,5,2,2,1,6.0,76351,M,4949963.0,12293.0,76
201600033624,16,2,25,1045,1,1,2,1,5.0,76351,M,4950174.0,19322.0,76
201600033625,16,2,25,635,5,2,6,1,6.0,76351,M,4950178.0,16261.0,76
201600033626,16,3,1,2310,5,2,3,1,6.0,76351,M,4950263.0,15289.0,76
201600033627,16,3,4,1400,1,1,1,1,2.0,76351,M,4950148.0,19285.0,76
201600033628,16,3,1,745,1,2,3,1,3.0,76351,M,4949742.0,13263.0,76
201600033629,16,3,5,600,5,2,1,1,6.0,76351,M,4949181.0,13455.0,76
201600033630,16,3,6,1525,1,1,1,1,6.0,76305,M,4948660.0,20639.0,76
201600033631,16,3,11,850,1,2,1,1,6.0,76351,M,4950068.0,8849.0,76
201600033632,16,3,12,529,3,1,1,5,7.0,76270,M,4953068.0,14310.0,76
201600033633,16,3,14,1710,1,2,2,1,3.0,76351,M,4949486.0,11119.0,76
201600033634,16,3,15,1740,1,2,2,1,6.0,76447,M,4954804.0,19164.0,76