Num_Acc,an,mois,jour,hrmn,lum,agg,int,atm,col,com,gps,lat,long,dep
201600033635,16,3,20,1910,5,1,1,1,7.0,76351,M,4951333.0,12466.0,76
201600033636,16,3,19,1135,1,2,2,1,2.0,76351,M,4952949.0,10697.0,76
201600033637,16,3,25,1735,1,2,1,1,4.0,76351,M,4951988.0,11514.0,76
201600033638,16,3,27,620,3,2,1,1,6.0,76351,M,4949193.0,13490.0,76
201600033639,16,3,25,1800,1,2,2,1,3.0,76351,M,4948902.0,13964.0,76
201600033640,16,3,27,2100,2,2,3,1,7.0,76351,M,4950095.0,9099.0,76
201600033641,16,3,31,1820,1,2,2,1,6.0,76447,M,4954333.0,19257.0,76
201600033642,16,4,3,650,2,1,1,5,7.0,76447,M,4956458.0,15852.0,76
201600033643,16,4,2,1550,1,1,1,2,6.0,76481,M,4953730.0,11218.0,76
201600033644,16,4,4,1950,3,1,1,1,6.0,76481,M,4953280.0,11252.0,76
201600033645,16,4,5,1130,1,2,2,1,6.0,76351,M,4949851.0,11786.0,76
201600033646,16,4,9,2250,5,2,1,1,6.0,76351,M,4949404.0,17410.0,76
201600033647,16,4,11,650,2,1,1,2,6.0,76341,M,4951736.0,19176.0,76
201600033648,16,4,15,1720,1,2,3,1,6.0,76351,M,4950030.0,13558.0,76
201600033649,16,4,20,1050,1,2,1,1,6.0,76351,M,4950222.0,15999.0,76
201600033650,16,4,21,1125,1,1,1,1,7.0,76351,M,4952517.0,15980.0,76
201600033651,16,4,23,1950,1,2,3,1,6.0,76351,M,4951069.0,11016.0,76
201600033652,16,4,25,1335,1,2,3,1,7.0,76351,M,4952231.0,15726.0,76
201600033653,16,4,25,1320,1,2,2,1,6.0,76351,M,4949988.0,12980.0,76
201600033654,16,4,29,110,5,2,2,1,6.0,76351,M,4949412.0,13863.0,76
201600033655,16,4,27,1545,1,2,1,1,2.0,76351,M,4949162.0,12567.0,76
201600033656,16,4,29,1500,1,2,1,2,7.0,76351,M,4949744.0,12784.0,76
201600033657,16,5,2,1110,1,2,1,1,6.0,76351,M,4950020.0,11080.0,76
201600033658,16,5,2,1630,1,2,2,1,3.0,76351,M,4951554.0,17187.0,76
201600033659,16,5,4,710,1,2,3,1,6.0,76351,M,4950101.0,18087.0,76
201600033660,16,5,4,1815,1,2,1,1,6.0,76447,M,4954547.0,18676.0,76
201600033661,16,5,4,1650,1,2,3,1,6.0,76351,M,4952208.0,15731.0,76
201600033662,16,5,4,1440,1,2,3,1,6.0,76351,M,4951557.0,15478.0,76
201600033663,16,5,9,2236,5,2,1,1,1.0,76351,M,4948729.0,11599.0,76
201600033664,16,5,10,1135,1,2,1,1,7.0,76552,M,4951322.0,7730.0,76
201600033665,16,5,13,1445,1,2,3,1,2.0,76447,M,4953207.0,18019.0,76
201600033666,16,5,17,800,1,2,3,1,3.0,76351,M,4948943.0,15457.0,76
201600033667,16,5,14,1855,1,2,1,1,2.0,76351,M,4950151.0,15109.0,76
201600033668,16,5,18,630,1,1,1,1,5.0,76341,M,4952208.0,18589.0,76
201600033669,16,5,6,420,5,2,1,1,6.0,76351,M,4949192.0,14704.0,76
201600033670,16,5,17,1157,1,2,2,1,6.0,76351,M,4949683.0,11027.0,76
201600033671,16,5,17,1800,1,2,2,1,3.0,76341,M,4950215.0,20193.0,76
201600033672,16,5,19,1750,1,2,1,1,7.0,76351,M,4949541.0,12942.0,76
201600033673,16,5,28,1505,1,2,1,1,6.0,76351,M,4949562.0,10790.0,76
201600033674,16,6,1,1705,1,1,1,1,1.0,76341,M,4952078.0,19439.0,76
201600033675,16,6,3,2325,5,2,1,1,1.0,76351,M,4951033.0,11872.0,76
201600033676,16,6,5,1815,1,2,2,1,7.0,76351,M,4949607.0,12084.0,76
201600033677,16,6,3,2000,1,2,1,1,3.0,76351,M,4949896.0,18766.0,76
201600033678,16,6,6,1745,1,2,4,1,2.0,76351,M,4950342.0,17958.0,76
201600033679,16,6,12,1200,1,2,2,1,3.0,76351,M,4951116.0,15342.0,76
201600033680,16,6,12,800,1,2,1,1,2.0,76351,M,4949839.0,12853.0,76
201600033681,16,6,11,1731,1,2,1,1,6.0,76447,M,4952802.0,18365.0,76
201600033682,16,6,15,1620,1,2,4,1,3.0,76447,M,4955067.0,17461.0,76
201600033683,16,6,18,330,5,2,1,1,7.0,76552,M,4950699.0,7028.0,76
201600033684,16,6,17,2000,1,2,1,1,6.0,76351,M,4949744.0,9235.0,76
201600033685,16,6,16,1655,1,2,2,1,3.0,76351,M,4949331.0,11855.0,76
201600033686,16,6,18,1545,1,2,1,1,7.0,76351,M,4949670.0,13520.0,76
201600033687,16,6,17,750,1,2,2,1,6.0,76351,M,4950911.0,14676.0,76
201600033688,16,6,22,1140,1,2,2,1,3.0,76351,M,4949416.0,11651.0,76
201600033689,16,6,24,1420,1,2,1,1,7.0,76351,M,4946050.0,19341.0,76
201600033690,16,6,25,150,5,2,1,1,7.0,76351,M,4948957.0,15541.0,76
201600033691,16,6,20,815,1,2,2,1,1.0,76351,M,4949624.0,14690.0,76
201600033692,16,7,2,2005,1,2,3,1,3.0,76351,M,4951400.0,12644.0,76
201600033693,16,7,10,1445,1,2,3,1,7.0,76351,M,4949731.0,10351.0,76
201600033694,16,7,15,50,5,2,2,1,6.0,76351,M,4949587.0,12667.0,76
201600033695,16,7,15,2210,5,2,1,1,6.0,76351,M,4951438.0,17205.0,76
201600033696,16,7,17,1920,1,1,1,1,6.0,76351,M,4947659.0,17512.0,76
201600033697,16,7,17,40,5,2,2,1,2.0,76351,M,4952170.0,15896.0,76
201600033698,16,7,18,2000,1,2,3,1,3.0,76351,M,4949515.0,9621.0,76
201600033699,16,7,21,1530,1,2,2,1,1.0,76351,M,4948547.0,10390.0,76
201600033700,16,7,22,1635,1,1,1,1,6.0,76447,M,4955189.0,16891.0,76
201600033701,16,7,31,910,1,2,2,1,6.0,76351,M,4949350.0,9790.0,76
201600033702,16,6,9,1710,1,2,1,1,5.0,76351,M,4950411.0,12986.0,76
201600033703,16,8,2,805,1,2,6,2,2.0,76447,M,4953482.0,17857.0,76
201600033704,16,8,2,1710,1,2,1,2,1.0,76351,M,4951737.0,9701.0,76
201600033705,16,8,4,2355,5,2,1,1,5.0,76351,M,4950229.0,18283.0,76
201600033706,16,8,8,150,5,2,3,1,6.0,76305,M,4952226.0,21927.0,76
201600033707,16,8,8,1905,1,2,4,1,6.0,76351,M,4950350.0,17958.0,76
201600033708,16,8,5,1955,1,2,2,1,3.0,76351,M,4949243.0,13961.0,76
201600033709,16,8,10,2320,5,2,2,1,3.0,76351,M,4949776.0,13746.0,76
201600033710,16,8,11,2025,1,2,3,1,6.0,76351,M,4948949.0,9775.0,76
201600033711,16,8,18,210,5,1,2,2,6.0,76351,M,4948169.0,15432.0,76
201600033712,16,8,19,228,5,1,1,1,6.0,76270,M,4953066.0,14105.0,76
201600033713,16,8,19,1500,1,2,2,2,3.0,76351,M,4948920.0,10815.0,76
201600033714,16,8,23,15,5,2,2,1,3.0,76351,M,4951091.0,12023.0,76
201600033715,16,8,22,1855,1,2,1,1,1.0,76305,M,4950351.0,21323.0,76
201600033716,16,8,24,815,1,2,2,1,3.0,76351,M,4950476.0,16870.0,76
201600033717,16,8,18,1000,1,2,6,1,6.0,76351,M,4950571.0,10130.0,76
201600033718,16,8,28,1200,1,2,3,1,3.0,76552,M,4950455.0,8581.0,76
201600033719,16,8,27,1950,1,2,2,1,1.0,76341,M,4950517.0,20411.0,76
201600033720,16,8,30,1130,1,1,1,1,1.0,76351,M,4949225.0,16741.0,76
201600033721,16,8,26,1410,1,2,3,1,3.0,76351,M,4950047.0,10687.0,76
201600033722,16,8,29,1840,1,1,6,1,3.0,76481,M,4953132.0,10825.0,76
201600033723,16,9,2,1120,1,2,4,1,6.0,76552,M,4950749.0,8364.0,76
201600033724,16,9,2,805,1,2,1,1,6.0,76447,M,4954511.0,19175.0,76
201600033725,16,9,3,20,5,2,1,1,6.0,76341,M,4950471.0,20038.0,76
201600033726,16,9,2,1510,1,2,1,1,7.0,76351,M,4950015.0,11075.0,76
201600033727,16,9,4,2130,5,1,6,1,6.0,76481,M,4953010.0,10348.0,76
201600033728,16,9,4,2140,3,1,1,1,6.0,76270,M,4953119.0,14205.0,76
201600033729,16,9,5,1505,1,2,2,1,3.0,76351,M,4952429.0,9686.0,76
201600033730,16,9,8,1345,1,1,6,1,2.0,76481,M,4953166.0,10350.0,76
201600033731,16,9,10,915,1,1,1,1,6.0,76351,M,4952474.0,16795.0,76
201600033732,16,9,9,835,1,2,3,1,6.0,76351,M,4949317.0,15138.0,76
201600033733,16,9,10,1000,1,1,1,1,6.0,76305,M,4948683.0,20973.0,76
201600033734,16,9,12,721,1,2,1,1,6.0,76351,M,4950978.0,14219.0,76
201600033735,16,9,9,1405,1,2,3,1,6.0,76351,M,4948860.0,13444.0,76
201600033736,16,9,10,430,5,1,1,1,1.0,76305,M,4949910.0,20517.0,76
201600033737,16,9,13,1335,1,2,2,1,3.0,76351,M,4951655.0,15612.0,76
201600033738,16,9,1,1340,1,2,2,1,3.0,76351,M,4950086.0,14437.0,76
201600033739,16,9,15,1225,1,1,1,1,6.0,76351,M,4951793.0,19223.0,76
201600033740,16,9,15,1720,1,2,4,1,5.0,76341,M,4951897.0,19375.0,76
201600033741,16,9,18,425,5,2,4,1,6.0,76351,M,4949149.0,12585.0,76
201600033742,16,9,19,2224,5,2,1,2,7.0,76341,M,4950770.0,20473.0,76
201600033743,16,9,17,1855,1,2,6,2,6.0,76351,M,4949134.0,13303.0,76
201600033744,16,9,21,1050,1,2,4,1,3.0,76552,M,4951378.0,7588.0,76
201600033745,16,10,1,1800,1,2,1,1,6.0,76351,M,4949514.0,11019.0,76
201600033746,16,10,4,1838,1,1,1,1,6.0,76305,M,4948777.0,20110.0,76
201600033747,16,10,4,2030,5,2,1,1,6.0,76351,M,4950003.0,16016.0,76
201600033748,16,10,4,1620,1,1,1,1,1.0,76305,M,4951684.0,20742.0,76
201600033749,16,10,4,1315,1,2,1,1,2.0,76351,M,4950110.0,9016.0,76
201600033750,16,10,6,1845,1,1,3,1,3.0,76351,M,4950009.0,17169.0,76
201600033751,16,10,8,710,5,2,2,1,3.0,76351,M,4950477.0,16875.0,76
201600033752,16,10,13,1610,1,2,2,1,6.0,76351,M,4949024.0,14217.0,76
201600033753,16,10,14,1910,2,2,3,1,3.0,76351,M,4949235.0,12989.0,76
201600033754,16,10,24,1618,1,2,1,1,2.0,76351,M,4950113.0,8798.0,76
201600033755,16,10,27,1800,1,2,1,1,6.0,76351,M,4949658.0,9322.0,76
201600033756,16,10,30,1120,1,1,1,1,7.0,76447,M,4954308.0,22299.0,76
201600033757,16,11,3,810,1,1,2,1,3.0,76481,M,4955997.0,11477.0,76
201600033758,16,11,6,340,5,2,2,1,3.0,76351,M,4950001.0,13002.0,76
201600033759,16,11,7,740,1,2,1,2,6.0,76341,M,4951353.0,19774.0,76
201600033760,16,11,9,1735,1,2,4,3,7.0,76270,M,4952556.0,15374.0,76
201600033761,16,11,13,630,5,2,3,1,6.0,76341,M,4951328.0,19805.0,76
201600033762,16,11,14,1545,1,2,3,1,6.0,76447,M,4954438.0,19341.0,76
201600033763,16,11,16,1210,1,2,2,1,3.0,76351,M,4950490.0,14834.0,76
201600033764,16,11,19,1500,1,1,4,1,2.0,76341,M,4952006.0,19153.0,76
201600033765,16,11,20,1925,5,2,2,2,6.0,76351,M,4951054.0,10241.0,76
201600033766,16,11,26,1330,1,2,3,1,1.0,76351,M,4949000.0,10301.0,76
201600033767,16,11,28,1955,5,2,3,1,7.0,76351,M,4950427.0,13106.0,76
201600033768,16,11,28,745,2,2,1,1,3.0,76351,M,4950391.0,12688.0,76
201600033769,16,11,30,730,2,2,6,1,7.0,76447,M,4953482.0,17858.0,76
201600033770,16,12,2,1106,1,1,1,1,6.0,76270,M,4953088.0,14260.0,76
201600033771,16,12,6,940,1,2,1,1,6.0,76351,M,4951640.0,11905.0,76
201600033772,16,12,6,715,2,2,1,1,7.0,76341,M,4951064.0,18962.0,76
201600033773,16,12,4,1330,1,2,2,1,3.0,76351,M,4949665.0,13426.0,76
201600033774,16,12,10,1745,5,2,3,1,6.0,76351,M,4950100.0,18066.0,76
201600033775,16,12,10,600,5,2,6,1,6.0,76351,M,4949580.0,17904.0,76
201600033776,16,12,16,1210,1,2,3,1,3.0,76351,M,4950829.0,11037.0,76
201600033777,16,12,16,747,5,2,1,1,3.0,76351,M,4949285.0,14197.0,76
201600033778,16,12,21,1800,5,2,2,2,6.0,76351,M,4949265.0,9937.0,76
201600033779,16,12,21,1935,5,2,1,2,6.0,76351,M,4950923.0,12277.0,76
201600033780,16,12,22,1255,1,1,4,1,1.0,76351,M,4946908.0,18085.0,76
201600033781,16,12,22,1800,5,2,3,1,3.0,76552,M,4950621.0,8447.0,76
201600033782,16,12,24,2005,5,2,1,1,1.0,76351,M,4951296.0,8983.0,76
201600033783,16,12,12,815,2,2,1,2,3.0,76351,M,4948864.0,15111.0,76
201600033784,16,11,29,1830,5,2,1,1,3.0,76351,M,4950248.0,16904.0,76
201600033785,16,12,29,1200,1,2,1,1,7.0,76351,M,4952198.0,16370.0,76
201600033786,16,12,26,1420,1,2,4,1,3.0,76540,M,4943538.0,110422.0,76
201600033787,16,12,29,650,5,2,3,1,6.0,76575,M,4939861.0,106297.0,76
201600033788,16,12,22,520,5,2,1,2,6.0,76484,M,4934866.0,109513.0,76
201600033789,16,3,18,1350,1,2,2,1,3.0,76575,M,4939858.0,106605.0,76
201600033790,16,11,5,600,5,1,6,2,6.0,76484,M,4934582.0,107694.0,76
201600033791,16,11,18,1120,1,2,3,1,6.0,76103,M,4942423.0,112288.0,76
201600033792,16,11,21,805,2,2,3,1,6.0,76540,M,4942090.0,107364.0,76
201600033793,16,12,20,2000,5,2,3,1,3.0,76540,M,4944017.0,108464.0,76
201600033794,16,1,9,900,1,2,2,1,5.0,76540,M,4944102.0,108256.0,76
201600033795,16,1,16,510,5,2,1,1,6.0,76540,M,4944382.0,111280.0,76
201600033796,16,12,28,1155,1,2,1,9,1.0,76599,M,4943516.0,114749.0,76
201600033797,16,12,9,1400,1,2,2,1,3.0,76319,M,4936711.0,101080.0,76
201600033798,16,1,23,1905,5,2,1,1,3.0,76322,M,4941235.0,104746.0,76
201600033799,16,1,27,1550,1,2,2,2,3.0,76322,M,4941869.0,103152.0,76
201600033800,16,1,7,750,5,2,3,2,6.0,76540,M,4944137.0,108696.0,76
201600033801,16,1,11,430,5,2,4,1,3.0,76540,M,4944963.0,105018.0,76
201600033802,16,1,14,1320,1,2,1,2,6.0,76498,M,4942731.0,106643.0,76
201600033803,16,1,14,1850,5,2,2,3,3.0,76540,M,4945279.0,105654.0,76
201600033804,16,1,18,2015,3,1,1,1,1.0,76410,M,4948721.0,102610.0,76
201600033805,16,2,2,825,1,2,4,1,6.0,76322,M,4941418.0,105093.0,76
201600033806,16,1,22,950,1,2,4,2,4.0,76540,M,4942914.0,109899.0,76
201600033807,16,2,11,1040,1,2,2,7,6.0,76231,M,4928742.0,100825.0,76
201600033808,16,1,25,625,4,1,1,1,1.0,76005,M,4939228.0,112363.0,76
201600033809,16,2,5,720,5,2,1,2,6.0,76103,M,4942614.0,112205.0,76
201600033810,16,2,10,700,5,2,3,1,3.0,76410,M,4948194.0,103650.0,76
201600033811,16,1,19,1820,2,1,6,1,2.0,76391,M,4934180.0,92911.0,76
201600033812,16,2,10,1130,1,2,1,1,6.0,76429,M,4941131.0,114041.0,76
201600033813,16,2,20,308,5,2,1,1,6.0,76157,M,4946226.0,104185.0,76
201600033814,16,2,25,1720,1,2,3,1,1.0,76575,M,4938809.0,108152.0,76
201600033815,16,2,25,1655,1,2,6,1,6.0,76540,M,4946149.0,113194.0,76
201600033816,16,2,10,947,1,2,3,2,6.0,76497,M,4939416.0,102362.0,76
201600033817,16,2,22,1515,1,2,1,3,3.0,76410,M,4947454.0,103809.0,76
201600033818,16,3,1,1520,1,2,2,2,3.0,76540,M,4943402.0,108220.0,76
201600033819,16,3,5,2310,3,1,1,2,2.0,76319,M,4934392.0,101037.0,76
201600033820,16,2,16,740,2,2,3,9,5.0,76157,M,4944996.0,103511.0,76
201600033821,16,2,25,740,1,2,1,1,6.0,76540,M,4942789.0,108013.0,76
201600033822,16,3,10,1,3,1,1,2,2.0,76728,M,4947799.0,101709.0,76
201600033823,16,3,11,1,5,2,3,1,3.0,76681,M,4942138.0,110657.0,76
201600033824,16,3,14,715,1,2,3,1,2.0,76681,M,4940277.0,111069.0,76
201600033825,16,3,8,1740,1,2,1,1,6.0,76451,M,4946285.0,106632.0,76
201600033826,16,3,13,920,1,2,6,1,6.0,76322,M,4940644.0,104119.0,76
201600033827,16,3,11,1950,5,2,1,1,6.0,76322,M,4939360.0,105938.0,76
201600033828,16,3,16,840,1,2,2,1,3.0,76540,M,4943253.0,108944.0,76
201600033829,16,3,1,1100,1,2,2,2,6.0,76540,M,4944391.0,109622.0,76
201600033830,16,3,15,1740,1,1,3,1,3.0,76575,M,4939393.0,111155.0,76
201600033831,16,3,16,1336,1,1,2,1,3.0,76319,M,4936710.0,101094.0,76
201600033832,16,3,16,830,1,2,1,1,7.0,76322,M,4940531.0,104835.0,76
201600033833,16,3,16,1700,1,2,2,1,3.0,76165,M,4928283.0,102258.0,76
201600033834,16,3,14,1320,1,2,3,1,6.0,76540,M,4944980.0,113843.0,76
201600033835,16,3,19,220,5,2,1,1,2.0,76157,M,4946376.0,104092.0,76
201600033836,16,3,19,235,5,1,1,1,6.0,76474,M,4949931.0,104047.0,76
201600033837,16,3,23,10,5,2,1,1,6.0,76681,M,4941505.0,109274.0,76
201600033838,16,3,10,1650,1,2,1,1,6.0,76429,M,4940678.0,114000.0,76
201600033839,16,3,15,1120,1,2,2,1,2.0,76540,M,4943435.0,108941.0,76
201600033840,16,3,24,2000,5,2,2,1,3.0,76540,M,4942913.0,109189.0,76
201600033841,16,3,26,40,5,2,3,1,6.0,76540,M,4942812.0,109459.0,76
201600033842,16,3,28,2150,5,2,3,2,3.0,76451,M,4946940.0,107696.0,76
201600033843,16,3,27,605,5,2,2,1,5.0,76540,M,4944089.0,108238.0,76
201600033844,16,3,29,1230,1,2,3,1,3.0,76540,M,4945488.0,109605.0,76
201600033845,16,3,25,1635,1,2,1,1,3.0,76429,M,4941599.0,113391.0,76
201600033846,16,3,31,1045,1,2,2,2,6.0,76319,M,4935894.0,100972.0,76
201600033847,16,4,3,1310,1,2,3,1,1.0,76575,M,4938110.0,110937.0,76
201600033848,16,4,3,650,3,1,1,2,1.0,76231,M,4928727.0,96730.0,76
201600033849,16,4,1,1620,1,2,2,1,4.0,76540,M,4943902.0,108028.0,76
201600033850,16,4,5,745,1,2,1,1,3.0,76103,M,4942786.0,111777.0,76
201600033851,16,4,5,2145,5,2,2,1,3.0,76540,M,4944892.0,108921.0,76
201600033852,16,4,8,500,5,2,5,1,3.0,76540,M,4944450.0,112877.0,76
201600033853,16,4,6,1200,1,2,4,1,3.0,76095,M,4946050.0,112897.0,76
201600033854,16,4,13,1020,1,2,2,1,3.0,76681,M,4941717.0,109558.0,76
201600033855,16,3,31,1805,1,2,1,1,6.0,76410,M,4947780.0,103658.0,76
201600033856,16,4,18,840,1,2,2,1,2.0,76575,M,4938814.0,108744.0,76
201600033857,16,4,6,1340,1,2,1,2,6.0,76216,M,4947448.0,105013.0,76
201600033858,16,4,13,1735,1,2,1,1,6.0,76498,M,4942465.0,106696.0,76
201600033859,16,4,20,815,1,1,1,1,3.0,76322,M,4939187.0,104032.0,76
201600033860,16,4,21,1645,1,2,3,1,6.0,76410,M,4947641.0,104304.0,76
201600033861,16,4,14,1445,1,2,3,1,3.0,76231,M,4928347.0,100555.0,76
201600033862,16,4,24,1610,1,2,2,1,6.0,76231,M,4929038.0,101113.0,76
201600033863,16,4,27,1625,1,2,4,1,3.0,76231,M,4928044.0,100760.0,76
201600033864,16,3,21,925,1,2,3,1,6.0,76540,M,4944653.0,109812.0,76
201600033865,16,3,29,1335,1,2,1,1,3.0,76540,M,4944620.0,110558.0,76
201600033866,16,4,5,2300,5,2,2,1,2.0,76497,M,4938813.0,102288.0,76
201600033867,16,4,2,1130,1,2,3,1,6.0,76157,M,4945121.0,104657.0,76
201600033868,16,5,2,1630,1,2,1,1,6.0,76561,M,4930313.0,101566.0,76
201600033869,16,4,28,1640,1,2,4,1,6.0,76005,M,4940857.0,112208.0,76
201600033870,16,5,2,830,1,2,1,1,6.0,76540,M,4944268.0,108996.0,76
201600033871,16,4,30,610,1,2,3,1,6.0,76540,M,4943826.0,109144.0,76
201600033872,16,4,28,1300,1,2,4,1,3.0,76540,M,4944180.0,110092.0,76
201600033873,16,5,6,1840,1,2,2,1,3.0,76497,M,4938574.0,102125.0,76
201600033874,16,5,11,1645,1,2,3,3,3.0,76157,M,4944504.0,104193.0,76
201600033875,16,5,12,930,1,2,1,1,6.0,76410,M,4947808.0,104728.0,76
201600033876,16,5,9,845,1,2,3,1,2.0,76540,M,4943276.0,108278.0,76
201600033877,16,5,9,1852,1,2,6,1,2.0,76575,M,4938519.0,107111.0,76
201600033878,16,5,20,1925,1,2,2,1,3.0,76231,M,4928389.0,101236.0,76
201600033879,16,5,22,315,5,2,2,2,3.0,76561,M,4930119.0,101213.0,76
201600033880,16,5,12,1800,1,2,1,2,6.0,76540,M,4944214.0,107854.0,76
201600033881,16,5,13,1710,1,2,1,1,5.0,76451,M,4946361.0,108549.0,76
201600033882,16,5,10,1740,1,1,1,1,2.0,76322,M,4940707.0,103674.0,76
201600033883,16,5,10,1935,1,2,1,3,1.0,76429,M,4941068.0,114126.0,76
201600033884,16,5,13,1130,1,2,1,1,4.0,76540,M,4944083.0,108263.0,76
201600033885,16,4,30,1830,1,2,1,1,6.0,76540,M,4943773.0,109160.0,76
201600033886,16,5,29,1015,1,2,1,1,2.0,76705,M,4932763.0,107447.0,76
201600033887,16,5,22,1400,1,1,1,2,1.0,76366,M,4952234.0,103455.0,76
201600033888,16,6,1,120,5,2,2,2,3.0,76681,M,4942147.0,110661.0,76
201600033889,16,5,30,1620,1,2,1,1,6.0,76410,M,4947700.0,103664.0,76
201600033890,16,5,25,835,1,2,3,1,6.0,76540,M,4944743.0,114020.0,76
201600033891,16,5,27,2245,5,2,1,1,2.0,76540,M,4944218.0,110483.0,76
201600033892,16,5,28,1820,1,2,5,3,6.0,76540,M,4944718.0,109341.0,76
201600033893,16,5,25,1130,1,2,1,1,6.0,76322,M,4942064.0,104243.0,76
201600033894,16,5,20,750,1,1,1,1,2.0,76322,M,4940298.0,103370.0,76
201600033895,16,6,6,340,5,2,1,1,6.0,76540,M,4946106.0,113258.0,76
201600033896,16,6,8,1630,1,2,1,1,6.0,76319,M,4934811.0,102108.0,76
201600033897,16,6,11,702,1,2,2,1,6.0,76540,M,4942106.0,107924.0,76
201600033898,16,6,12,1725,1,2,1,3,6.0,76540,M,4944330.0,113031.0,76
201600033899,16,6,10,850,1,2,1,1,4.0,76540,M,4944000.0,108091.0,76
201600033900,16,6,1,1300,1,2,2,1,6.0,76540,M,4944396.0,109173.0,76
201600033901,16,5,31,925,1,2,2,1,5.0,76575,M,4938097.0,110538.0,76
201600033902,16,6,16,1700,1,2,2,1,2.0,76540,M,4943220.0,107895.0,76
201600033903,16,6,22,1820,1,2,1,1,2.0,76681,M,4942072.0,109337.0,76
201600033904,16,6,21,715,1,2,2,3,1.0,76640,M,4928344.0,103821.0,76
201600033905,16,6,17,1735,1,2,1,1,6.0,76212,M,4943998.0,114243.0,76
201600033906,16,6,26,2148,2,2,2,1,3.0,76540,M,4944377.0,112254.0,76
201600033907,16,5,23,2225,5,2,5,1,6.0,76540,M,4944843.0,109959.0,76
201600033908,16,5,30,510,5,2,3,1,6.0,76540,M,4944379.0,108772.0,76
201600033909,16,5,31,1815,1,2,1,1,1.0,76366,M,4951042.0,103289.0,76
201600033910,16,6,18,1640,1,2,3,1,3.0,76212,M,4944325.0,114873.0,76
201600033911,16,6,29,615,1,2,1,1,3.0,76429,M,4941351.0,113736.0,76
201600033912,16,6,2,1655,1,1,1,1,2.0,76484,M,4934653.0,107733.0,76
201600033913,16,6,28,2235,5,2,1,1,6.0,76540,M,4943535.0,110353.0,76
201600033914,16,4,30,1944,1,2,1,1,6.0,76575,M,4939714.0,106720.0,76
201600033915,16,7,8,1040,1,2,1,1,6.0,76561,M,4930243.0,101377.0,76
201600033916,16,7,8,1000,1,2,1,1,2.0,76540,M,4944319.0,108479.0,76
201600033917,16,7,9,1900,1,2,1,1,6.0,76575,M,4938619.0,111008.0,76
201600033918,16,7,11,500,5,2,2,1,3.0,76540,M,4943461.0,107644.0,76
201600033919,16,7,19,800,1,2,2,1,3.0,76108,M,4946985.0,111999.0,76
201600033920,16,7,24,1740,1,2,2,1,3.0,76540,M,4945430.0,113880.0,76
201600033921,16,5,4,1245,1,2,1,1,6.0,76575,M,4937935.0,111097.0,76
201600033922,16,6,13,830,1,2,1,1,6.0,76540,M,4943066.0,108621.0,76
201600033923,16,6,15,835,1,2,1,1,6.0,76575,M,4939452.0,107157.0,76
201600033924,16,6,27,1400,1,2,1,1,3.0,76540,M,4944400.0,109551.0,76
201600033925,16,6,28,1220,1,2,1,1,2.0,76540,M,4943608.0,110136.0,76
201600033926,16,8,2,715,1,2,1,2,5.0,76682,M,4932049.0,113367.0,76
201600033927,16,11,25,1000,1,1,1,1,2.0,76157,M,4946451.0,103904.0,76
201600033928,16,7,25,1510,1,2,2,1,3.0,76540,M,4945279.0,105657.0,76
201600033929,16,7,9,1810,1,2,1,1,6.0,76498,M,4942764.0,106737.0,76
201600033930,16,7,2,240,5,2,1,1,6.0,76681,M,4940271.0,110329.0,76
201600033931,16,7,11,1550,1,2,1,1,6.0,76366,M,4951086.0,103891.0,76
201600033932,16,6,13,1900,1,2,1,1,1.0,76540,M,4944343.0,113159.0,76
201600033933,16,5,11,1630,1,2,6,1,6.0,76322,M,4941569.0,104259.0,76
201600033934,16,5,27,2050,1,2,6,1,6.0,76410,M,4947377.0,102949.0,76
201600033935,16,7,8,1755,1,2,1,1,2.0,76540,M,4944765.0,109402.0,76
201600033936,16,5,30,1310,1,1,1,1,2.0,76575,M,4938014.0,106344.0,76
201600033937,16,6,4,1210,1,2,6,1,6.0,76498,M,4942332.0,106160.0,76
201600033938,16,6,7,640,1,2,2,1,3.0,76540,M,4942707.0,108350.0,76
201600033939,16,6,9,1700,1,2,2,1,6.0,76540,M,4942560.0,107371.0,76
201600033940,16,6,24,25,5,2,2,1,2.0,76498,M,4941684.0,107021.0,76
201600033941,16,8,2,1420,1,2,1,1,6.0,76108,M,4947368.0,112416.0,76
201600033942,16,8,7,301,5,2,2,1,3.0,76540,M,4943589.0,113433.0,76
201600033943,16,7,29,1540,1,2,1,1,6.0,76157,M,4945377.0,105163.0,76
201600033944,16,8,2,1220,1,2,1,2,3.0,76212,M,4945711.0,114411.0,76
201600033945,16,8,22,1100,1,1,1,1,6.0,76540,M,4942554.0,110581.0,76
201600033946,16,8,19,2355,5,1,4,1,6.0,76540,M,4943008.0,110094.0,76
201600033947,16,8,3,1600,1,2,3,1,3.0,76681,M,4940288.0,111072.0,76
201600033948,16,8,9,2000,1,2,1,1,6.0,76319,M,4935572.0,100630.0,76