Num_Acc,an,mois,jour,hrmn,lum,agg,int,atm,col,com,gps,lat,long,dep
201600033949,16,8,20,2025,1,2,3,1,6.0,76540,M,4945122.0,107033.0,76
201600033950,16,8,8,1730,1,2,1,1,6.0,76157,M,4945802.0,104480.0,76
201600033951,16,8,22,1830,1,2,2,1,6.0,76681,M,4941826.0,109710.0,76
201600033952,16,7,27,1830,1,2,2,1,3.0,76484,M,4935441.0,109436.0,76
201600033953,16,8,7,1630,1,2,1,1,6.0,76540,M,4943857.0,109028.0,76
201600033954,16,8,23,930,1,2,2,1,3.0,76498,M,4942281.0,106719.0,76
201600033955,16,8,12,1745,1,2,3,1,3.0,76540,M,4944841.0,114213.0,76
201600033956,16,7,25,1835,1,2,3,1,6.0,76451,M,4946225.0,106994.0,76
201600033957,16,8,26,2325,5,1,2,1,6.0,76575,M,4938103.0,111002.0,76
201600033958,16,8,29,905,1,2,1,1,1.0,76212,M,4944415.0,115309.0,76
201600033959,16,7,18,1920,1,2,1,1,1.0,76681,M,4940685.0,109491.0,76
201600033960,16,7,22,2300,5,2,2,1,3.0,76540,M,4945247.0,112005.0,76
201600033961,16,8,30,1540,1,2,2,1,6.0,76575,M,4938087.0,110643.0,76
201600033962,16,7,25,1837,1,2,2,1,6.0,76540,M,4945053.0,105931.0,76
201600033963,16,7,23,130,5,2,2,1,6.0,76540,M,4942587.0,108268.0,76
201600033964,16,9,2,1220,1,2,1,1,6.0,76540,M,4943528.0,108992.0,76
201600033965,16,7,18,1525,1,2,2,1,1.0,76322,M,4941981.0,102475.0,76
201600033966,16,9,5,1250,1,2,1,2,6.0,76402,M,4951982.0,103848.0,76
201600033967,16,9,6,1615,1,2,4,1,6.0,76322,M,4939855.0,106263.0,76
201600033968,16,9,7,2040,3,2,1,1,6.0,76497,M,4937877.0,104846.0,76
201600033969,16,9,10,810,1,2,3,1,2.0,76540,M,4944364.0,108497.0,76
201600033970,16,8,25,1200,1,2,3,1,6.0,76212,M,4944050.0,114538.0,76
201600033971,16,8,30,1050,1,1,1,1,2.0,76681,M,4941005.0,110877.0,76
201600033972,16,9,12,2115,5,2,1,1,6.0,76540,M,4944648.0,108257.0,76
201600033973,16,9,12,1840,1,2,1,1,4.0,76540,M,4944104.0,108155.0,76
201600033974,16,9,12,1725,1,2,3,1,6.0,76540,M,4943681.0,112082.0,76
201600033975,16,9,6,2110,5,2,2,1,1.0,76540,M,4943644.0,106445.0,76
201600033976,16,9,7,850,1,2,2,1,3.0,76231,M,4929079.0,100820.0,76
201600033977,16,9,10,2240,5,2,2,1,3.0,76231,M,4928712.0,101879.0,76
201600033978,16,9,14,2247,5,2,4,1,6.0,76540,M,4944218.0,107815.0,76
201600033979,16,8,5,620,1,2,1,1,6.0,76540,M,4943568.0,108677.0,76
201600033980,16,7,24,2130,1,2,1,1,6.0,76540,M,4943494.0,109439.0,76
201600033981,16,12,2,2235,5,2,6,1,3.0,76540,M,4943466.0,107149.0,76
201600033982,16,9,20,725,1,2,2,1,3.0,76178,M,4931440.0,103552.0,76
201600033983,16,9,15,1000,1,2,1,2,6.0,76681,M,4940729.0,107609.0,76
201600033984,16,9,23,2230,5,2,3,1,3.0,76681,M,4940563.0,108754.0,76
201600033985,16,9,19,1235,1,2,3,1,3.0,76498,M,4941430.0,107152.0,76
201600033986,16,9,21,800,1,2,3,1,3.0,76410,M,4948564.0,104157.0,76
201600033987,16,9,18,1850,1,2,1,1,7.0,76451,M,4946002.0,106883.0,76
201600033988,16,8,31,1140,1,1,1,1,2.0,76540,M,4945164.0,105635.0,76
201600033989,16,10,4,230,5,1,1,1,6.0,76157,M,4944904.0,104730.0,76
201600033990,16,10,4,1710,1,2,1,1,6.0,76540,M,4943287.0,109004.0,76
201600033991,16,9,20,2355,5,2,2,1,3.0,76540,M,4945086.0,106637.0,76
201600033992,16,9,7,1220,1,2,1,1,2.0,76410,M,4948176.0,103478.0,76
201600033993,16,9,8,1700,1,2,1,1,6.0,76108,M,4947335.0,112376.0,76
201600033994,16,10,6,810,1,1,1,1,4.0,76497,M,4938071.0,105091.0,76
201600033995,16,9,14,950,1,2,1,1,6.0,76540,M,4944129.0,109794.0,76
201600033996,16,10,9,1830,1,2,1,1,1.0,76474,M,4948497.0,104688.0,76
201600033997,16,10,6,1120,1,2,1,1,6.0,76540,M,4944836.0,109389.0,76
201600033998,16,10,8,1950,5,2,2,1,3.0,76178,M,4930611.0,102567.0,76
201600033999,16,10,1,1225,1,1,6,1,6.0,76540,M,4943489.0,107207.0,76
201600034000,16,10,3,1115,1,2,2,1,6.0,76497,M,4938820.0,102298.0,76
201600034001,16,10,12,1400,1,2,1,1,6.0,76498,M,4942655.0,106208.0,76
201600034002,16,10,14,1210,1,2,2,1,6.0,76540,M,4943224.0,107876.0,76
201600034003,16,10,14,2215,5,2,2,1,3.0,76540,M,4942626.0,107511.0,76
201600034004,16,10,15,605,3,1,1,1,2.0,76157,M,4946449.0,103906.0,76
201600034005,16,10,20,1700,1,1,1,3,6.0,76497,M,4938012.0,104837.0,76
201600034006,16,10,18,1920,5,2,1,3,6.0,76484,M,4934469.0,109497.0,76
201600034007,16,10,21,450,5,2,2,1,6.0,76540,M,4944100.0,108224.0,76
201600034008,16,10,13,1150,1,2,1,1,6.0,76402,M,4952878.0,104109.0,76
201600034009,16,10,20,2035,5,2,3,1,3.0,76540,M,4943792.0,107928.0,76
201600034010,16,10,25,2005,5,2,5,1,3.0,76540,M,4944727.0,109374.0,76
201600034011,16,11,1,950,1,2,2,1,3.0,76540,M,4945004.0,110389.0,76
201600034012,16,11,8,1610,1,2,5,1,3.0,76498,M,4942285.0,106717.0,76
201600034013,16,11,3,1420,1,2,3,1,3.0,76681,M,4942385.0,109376.0,76
201600034014,16,11,6,5,5,2,2,1,2.0,76681,M,4941063.0,107885.0,76
201600034015,16,11,9,1925,1,1,1,3,3.0,76681,M,4941980.0,110736.0,76
201600034016,16,11,7,740,2,2,1,2,3.0,76540,M,4944267.0,107647.0,76
201600034017,16,11,15,900,1,2,2,2,6.0,76681,M,4941073.0,107896.0,76
201600034018,16,11,10,2210,5,2,2,2,4.0,76681,M,4942048.0,109185.0,76
201600034019,16,11,11,1620,1,2,3,1,7.0,76540,M,4944487.0,106772.0,76
201600034020,16,11,17,1930,5,2,1,2,4.0,76216,M,4947674.0,104783.0,76
201600034021,16,11,7,1525,1,1,1,1,6.0,76540,M,4942994.0,109951.0,76
201600034022,16,11,14,940,1,1,1,1,3.0,76540,M,4945444.0,105253.0,76
201600034023,16,10,30,1630,1,2,1,1,2.0,76540,M,4944202.0,106521.0,76
201600034024,16,11,18,2140,5,2,2,1,3.0,76157,M,4944840.0,103040.0,76
201600034025,16,11,18,440,5,2,1,2,6.0,76540,M,4944584.0,107205.0,76
201600034026,16,11,2,1000,1,2,2,1,6.0,76540,M,4944625.0,107113.0,76
201600034027,16,11,21,700,3,1,1,2,6.0,76457,M,4934126.0,94898.0,76
201600034028,16,11,7,30,3,1,1,3,1.0,76157,M,4944413.0,103999.0,76
201600034029,16,11,21,1130,1,2,3,2,3.0,76681,M,4942018.0,110187.0,76
201600034030,16,11,24,650,3,2,1,1,6.0,76178,M,4930844.0,103684.0,76
201600034031,16,11,25,324,5,1,1,1,6.0,76540,M,4942528.0,110572.0,76
201600034032,16,11,22,1630,1,2,1,1,1.0,76216,M,4947005.0,105355.0,76
201600034033,16,11,27,1952,5,2,2,1,6.0,76231,M,4929014.0,100289.0,76
201600034034,16,11,24,1930,5,2,4,3,3.0,76410,M,4946760.0,103110.0,76
201600034035,16,11,25,1230,1,2,1,1,2.0,76322,M,4941404.0,104522.0,76
201600034036,16,11,13,225,5,1,6,1,7.0,76391,M,4934158.0,92828.0,76
201600034037,16,12,3,1949,5,2,3,1,3.0,76231,M,4928704.0,101498.0,76
201600034038,16,12,3,1530,1,2,3,1,6.0,76484,M,4935540.0,109521.0,76
201600034039,16,11,22,1936,5,2,2,1,3.0,76540,M,4945085.0,106637.0,76
201600034040,16,12,23,1905,5,2,1,1,2.0,76540,M,4943427.0,108137.0,76
201600034041,16,12,11,1520,1,2,2,1,3.0,76540,M,4943974.0,110243.0,76
201600034042,16,11,15,1915,5,1,6,1,6.0,76095,M,4946705.0,113482.0,76
201600034043,16,12,14,1310,1,2,3,1,6.0,76540,M,4944411.0,108718.0,76
201600034044,16,12,19,245,5,2,3,1,6.0,76157,M,4944521.0,104172.0,76
201600034045,16,12,16,1735,5,1,4,1,2.0,76322,M,4940307.0,103386.0,76
201600034046,16,12,12,1830,5,2,2,1,3.0,76681,M,4940917.0,111456.0,76
201600034047,16,12,13,1740,5,2,3,1,6.0,76366,M,4950918.0,103372.0,76
201600034048,16,12,19,1510,1,2,2,1,2.0,76165,M,4928749.0,102740.0,76
201600034049,16,12,13,1520,1,1,1,1,3.0,76540,M,4945226.0,105550.0,76
201600034050,16,12,15,2100,5,2,2,1,3.0,76540,M,4941924.0,107585.0,76
201600034051,16,11,24,30,5,2,1,1,6.0,76681,M,4941436.0,109838.0,76
201600034052,16,2,13,2220,5,2,1,3,6.0,77108,M,4887634.0,260369.0,77
201600034053,16,1,26,845,1,2,1,1,7.0,77108,M,4886693.0,257530.0,77
201600034054,16,3,14,1050,1,2,6,1,6.0,77108,M,4888676.0,258526.0,77
201600034055,16,5,1,1100,1,2,1,1,6.0,77108,M,4887527.0,257869.0,77
201600034056,16,5,15,2255,5,2,1,1,3.0,77108,M,4887825.0,260795.0,77
201600034057,16,5,14,1310,1,2,1,1,6.0,77108,M,4887475.0,258206.0,77
201600034058,16,7,6,2055,1,2,1,1,6.0,77108,M,4889876.0,259710.0,77
201600034059,16,7,23,2120,1,2,1,1,6.0,77108,M,4890340.0,259094.0,77
201600034060,16,9,1,2110,5,2,1,1,6.0,77108,M,4887450.0,258174.0,77
201600034061,16,9,19,1525,1,2,1,1,6.0,77108,M,4887420.0,258748.0,77
201600034062,16,10,17,1750,1,2,1,1,6.0,77108,M,4887500.0,258314.0,77
201600034063,16,10,19,2100,5,2,1,2,6.0,77108,M,4887050.0,258843.0,77
201600034064,16,8,20,1730,1,2,1,1,6.0,77108,M,4888920.0,260033.0,77
201600034065,16,1,30,1315,1,1,1,3,1.0,77111,M,4885760.0,276863.0,77
201600034066,16,2,25,1610,1,2,1,1,3.0,77307,M,4886009.0,276283.0,77
201600034067,16,2,12,745,2,2,1,8,7.0,77132,M,4889279.0,279458.0,77
201600034068,16,5,27,1135,1,1,1,1,6.0,77018,M,4884851.0,280837.0,77
201600034069,16,6,23,1305,1,1,1,1,1.0,77132,M,4886390.0,279091.0,77
201600034070,16,10,9,1830,1,2,1,1,2.0,77018,M,4885440.0,282831.0,77
201600034071,16,10,14,500,5,2,3,1,3.0,77018,M,4884828.0,281070.0,77
201600034072,16,1,7,855,5,2,1,3,6.0,77131,M,4880828.0,308299.0,77
201600034073,16,1,20,1650,1,1,1,1,4.0,77433,M,4879646.0,307330.0,77
201600034074,16,4,2,420,4,2,1,1,2.0,77320,M,4882550.0,303747.0,77
201600034075,16,4,18,10,3,2,1,1,7.0,77281,M,4876607.0,303427.0,77
201600034076,16,4,21,2125,5,2,2,1,3.0,77320,M,4882639.0,303531.0,77
201600034077,16,5,1,2330,3,1,1,1,6.0,77028,M,4874687.0,307321.0,77
201600034078,16,5,5,2200,3,2,1,1,7.0,77042,M,4883002.0,312752.0,77
201600034079,16,6,10,1110,1,2,1,1,6.0,77131,M,4880894.0,308577.0,77
201600034080,16,6,25,300,5,2,1,1,6.0,77320,M,4881991.0,304905.0,77
201600034081,16,6,26,715,1,2,1,1,3.0,77131,M,4880566.0,308435.0,77
201600034082,16,7,27,1300,1,1,1,1,2.0,77281,M,4877231.0,304371.0,77
201600034083,16,9,28,900,1,1,9,1,3.0,77042,M,4883204.0,314183.0,77
201600034084,16,10,22,725,3,1,1,5,1.0,77013,M,4883519.0,308744.0,77
201600034085,16,10,22,1115,1,1,3,5,2.0,77070,M,4878787.0,315660.0,77
201600034086,16,10,24,1725,1,2,3,1,2.0,77042,M,4881693.0,311666.0,77
201600034087,16,11,12,650,3,1,1,5,1.0,77070,M,4879328.0,311100.0,77
201600034088,16,12,13,1830,3,1,1,1,6.0,77320,M,4883141.0,301297.0,77
201600034089,16,12,31,1920,5,2,1,1,6.0,77320,M,4882244.0,303763.0,77
201600034090,16,1,24,1040,1,1,6,1,3.0,77186,M,4843354.0,274011.0,77
201600034091,16,1,27,1500,1,1,1,1,2.0,77186,M,4838600.0,276430.0,77
201600034092,16,1,30,1155,1,1,1,2,3.0,77186,M,4839694.0,269604.0,77
201600034093,16,2,7,2015,3,1,2,1,3.0,77186,M,4837655.0,273963.0,77
201600034094,16,2,9,820,1,1,3,2,3.0,77186,M,4839622.0,272719.0,77
201600034095,16,2,12,835,1,1,6,1,3.0,77186,M,4840839.0,268702.0,77
201600034096,16,2,22,2230,5,2,7,2,6.0,77014,M,4840747.0,272119.0,77
201600034097,16,3,7,735,1,1,1,1,2.0,77186,M,4848058.0,266995.0,77
201600034098,16,3,13,330,3,1,1,1,6.0,77186,M,4837163.0,272588.0,77
201600034099,16,4,3,1630,1,1,6,1,3.0,77186,M,4844396.0,271839.0,77
201600034100,16,4,12,1150,1,1,3,1,3.0,77186,M,4839662.0,271058.0,77
201600034101,16,4,27,1520,1,1,1,1,6.0,77186,M,4840572.0,263895.0,77
201600034102,16,4,29,1205,1,2,1,1,6.0,77186,M,4841083.0,270501.0,77
201600034103,16,5,8,115,3,1,6,1,6.0,77186,M,4836506.0,265982.0,77
201600034104,16,5,9,1015,1,2,1,1,3.0,77186,M,4839900.0,268729.0,77
201600034105,16,5,10,1225,1,1,1,1,6.0,77186,M,4843748.0,269153.0,77
201600034106,16,5,18,755,1,1,1,1,3.0,77186,M,4847337.0,266729.0,77
201600034107,16,5,19,1415,1,1,2,1,3.0,77186,M,4837267.0,264327.0,77
201600034108,16,6,8,1515,1,2,1,1,6.0,77186,M,4840606.0,270228.0,77
201600034109,16,6,11,1240,1,1,1,8,3.0,77186,M,4848641.0,266246.0,77
201600034110,16,6,18,1505,1,1,1,8,3.0,77186,M,4847895.0,274419.0,77
201600034111,16,6,25,1035,1,1,1,1,1.0,77186,M,4847356.0,266728.0,77
201600034112,16,6,26,1515,1,1,2,1,4.0,77186,M,4841360.0,264418.0,77
201600034113,16,6,27,1900,1,2,1,1,6.0,77014,M,4841519.0,271939.0,77
201600034114,16,7,28,1710,1,1,1,1,2.0,77186,M,4839347.0,268227.0,77
201600034115,16,7,30,1430,1,1,1,1,6.0,77186,M,4837528.0,263723.0,77
201600034116,16,8,22,1810,1,2,3,1,6.0,77186,M,4840469.0,270087.0,77
201600034117,16,9,4,1950,2,1,1,1,6.0,77186,M,4837407.0,273271.0,77
201600034118,16,9,4,2010,3,1,4,8,6.0,77186,M,4837558.0,263658.0,77
201600034119,16,9,14,1040,1,1,2,1,3.0,77186,M,4848084.0,266694.0,77
201600034120,16,9,15,1115,1,1,1,1,6.0,77186,M,4845544.0,267099.0,77
201600034121,16,9,19,1050,1,1,1,1,1.0,77186,M,4840578.0,263896.0,77
201600034122,16,10,10,1230,1,2,1,1,6.0,77014,M,4841492.0,272006.0,77
201600034123,16,10,18,1950,3,1,6,3,6.0,77186,M,4843361.0,274057.0,77
201600034124,16,11,4,1730,3,1,6,1,2.0,77441,M,4842955.0,274455.0,77
201600034125,16,11,6,1915,5,1,4,1,1.0,77186,M,4848371.0,266597.0,77
201600034126,16,9,28,2050,5,1,1,1,6.0,77186,M,4840527.0,268988.0,77
201600034127,16,11,9,950,1,1,4,3,5.0,77186,M,4848373.0,266590.0,77
201600034128,16,12,18,100,3,1,1,5,7.0,77186,M,4839665.0,270680.0,77
201600034129,16,1,11,1020,1,1,1,2,6.0,77372,M,4887992.0,266786.0,77
201600034130,16,1,21,1840,5,2,1,1,6.0,77243,M,4887820.0,271523.0,77
201600034131,16,2,2,1530,1,2,1,2,6.0,77243,M,4887829.0,269842.0,77
201600034132,16,2,3,1035,1,2,1,1,6.0,77058,M,4883968.0,272108.0,77
201600034133,16,2,9,810,2,2,1,2,6.0,77243,M,4887441.0,272382.0,77
201600034134,16,2,16,740,1,2,1,1,6.0,77464,M,4888550.0,272548.0,77
201600034135,16,2,23,1150,1,1,1,1,6.0,77209,M,4885444.0,269356.0,77
201600034136,16,2,26,920,1,1,2,1,5.0,77438,M,4886116.0,266494.0,77
201600034137,16,3,4,1135,1,1,3,1,4.0,77237,M,4884622.0,277343.0,77
201600034138,16,3,26,1610,1,2,1,1,1.0,77243,M,4887530.0,269303.0,77
201600034139,16,3,27,1640,1,2,1,1,1.0,77181,M,4882823.0,269921.0,77
201600034140,16,4,14,1800,1,2,4,1,6.0,77464,M,4888225.0,270372.0,77
201600034141,16,5,8,2050,2,1,1,1,6.0,77243,M,4887012.0,272945.0,77
201600034142,16,5,17,1220,1,1,3,1,2.0,77085,M,4887001.0,273144.0,77
201600034143,16,5,21,920,1,2,3,1,2.0,77059,M,4884988.0,267557.0,77
201600034144,16,5,21,1440,1,2,1,1,1.0,77464,M,4888504.0,270605.0,77
201600034145,16,6,6,1705,1,2,1,1,4.0,77438,M,4887210.0,268488.0,77
201600034146,16,6,9,825,1,2,2,1,6.0,77243,M,4887337.0,270627.0,77
201600034147,16,6,10,1735,1,2,4,1,6.0,77464,M,4888447.0,270717.0,77
201600034148,16,6,13,1645,1,2,6,1,2.0,77058,M,4884180.0,272069.0,77
201600034149,16,6,23,800,1,1,6,1,3.0,77058,M,4885002.0,273416.0,77
201600034150,16,7,8,1205,1,2,1,1,4.0,77085,M,4886000.0,274916.0,77
201600034151,16,7,9,1910,1,2,1,1,3.0,77058,M,4883541.0,270586.0,77
201600034152,16,7,18,1340,1,1,1,1,5.0,77438,M,4886688.0,267535.0,77
201600034153,16,7,23,1520,1,2,3,1,6.0,77243,M,4886687.0,270616.0,77
201600034154,16,8,5,2005,1,2,1,1,3.0,77058,M,4883840.0,270981.0,77
201600034155,16,8,8,920,1,2,9,1,6.0,77438,M,4886460.0,267650.0,77
201600034156,16,8,13,1410,1,2,3,1,3.0,77221,M,4885475.0,270461.0,77
201600034157,16,9,3,455,5,2,1,1,6.0,77464,M,4889819.0,271699.0,77
201600034158,16,9,6,1405,1,1,1,1,1.0,77372,M,4888167.0,265600.0,77
201600034159,16,10,3,1840,1,2,1,7,6.0,77058,M,4883770.0,270887.0,77
201600034160,16,10,11,1230,1,1,1,1,6.0,77209,M,4885510.0,269746.0,77
201600034161,16,10,12,1215,1,2,1,1,6.0,77243,M,4887680.0,270600.0,77
201600034162,16,11,10,1950,5,2,1,3,6.0,77058,M,4883590.0,270572.0,77
201600034163,16,11,21,1730,5,2,1,2,6.0,77058,M,4883750.0,270719.0,77
201600034164,16,11,27,1728,5,2,2,1,5.0,77058,M,4883780.0,270996.0,77
201600034165,16,12,4,1245,1,2,1,1,6.0,77209,M,4885720.0,268944.0,77
201600034166,16,11,19,2220,5,2,9,1,3.0,77372,M,4888169.0,270382.0,77
201600034167,16,12,5,740,2,2,1,1,6.0,77155,M,4888550.0,274713.0,77
201600034168,16,12,12,1715,5,2,1,2,6.0,77058,M,4883190.0,271731.0,77
201600034169,16,12,13,1135,1,1,1,2,3.0,77209,M,4886282.0,270242.0,77
201600034170,16,12,28,1300,1,2,9,1,3.0,77243,M,4887380.0,271549.0,77
201600034171,16,11,7,1712,5,2,4,1,6.0,77475,M,4895773.0,294678.0,77
201600034172,16,3,12,2100,5,2,1,1,3.0,77284,M,4895174.0,287969.0,77
201600034173,16,3,17,1710,1,2,2,1,3.0,77284,M,4895623.0,288841.0,77
201600034174,16,4,30,820,1,1,1,2,1.0,77335,M,4895902.0,282880.0,77
201600034175,16,5,21,515,2,1,1,1,5.0,77335,M,4895833.0,284132.0,77
201600034176,16,11,18,730,2,2,7,2,6.0,77284,M,4895743.0,287620.0,77
201600034177,16,11,19,1535,1,1,6,8,1.0,77358,M,4897853.0,286201.0,77
201600034178,16,11,15,1740,3,1,9,2,5.0,77358,M,4899179.0,286444.0,77
201600034179,16,12,15,840,1,1,1,1,4.0,77276,M,4892270.0,288040.0,77
201600034180,16,1,14,1850,3,1,1,2,6.0,77039,M,4852582.0,259957.0,77
201600034181,16,12,20,1520,1,2,1,1,6.0,77407,M,4853824.0,253824.0,77
201600034182,16,2,2,1550,1,2,2,1,6.0,77288,M,4853062.0,265518.0,77
201600034183,16,2,6,720,5,1,1,1,6.0,77518,M,4850433.0,260494.0,77
201600034184,16,2,8,1645,1,2,1,6,6.0,77288,M,4854147.0,268023.0,77
201600034185,16,2,12,2200,3,1,1,1,1.0,77487,M,4853585.0,270679.0,77
201600034186,16,2,14,2245,3,1,3,1,3.0,77394,M,4856522.0,267441.0,77
201600034187,16,2,16,1825,2,2,1,1,6.0,77288,M,4853508.0,265954.0,77
201600034188,16,2,19,1855,5,2,6,2,6.0,77378,M,4852461.0,255889.0,77
201600034189,16,2,25,400,3,1,1,2,6.0,77389,M,4851429.0,265624.0,77
201600034190,16,3,3,1645,1,1,1,1,1.0,77040,M,4851341.0,256826.0,77
201600034191,16,3,17,1705,1,2,1,1,6.0,77285,M,4854125.0,262775.0,77
201600034192,16,3,21,2053,3,1,1,1,3.0,77039,M,4853748.0,255238.0,77
201600034193,16,3,22,1109,1,1,1,1,5.0,77269,M,4854166.0,268428.0,77
201600034194,16,4,10,2040,2,1,1,1,1.0,77518,M,4850521.0,261042.0,77
201600034195,16,4,15,640,5,1,6,1,3.0,77288,M,4855293.0,264307.0,77
201600034196,16,4,15,1900,1,2,6,1,3.0,77096,M,4848362.0,269621.0,77
201600034197,16,5,22,1720,1,1,1,2,7.0,77039,M,4852876.0,260514.0,77
201600034198,16,6,3,1640,1,2,3,8,6.0,77288,M,4854269.0,267847.0,77
201600034199,16,6,6,1810,1,2,2,1,6.0,77288,M,4853266.0,265886.0,77
201600034200,16,6,10,1635,1,2,1,1,6.0,77288,M,4854488.0,265805.0,77
201600034201,16,6,13,1135,1,2,2,1,3.0,77288,M,4852997.0,265783.0,77
201600034202,16,6,23,1915,1,1,9,1,3.0,77269,M,4856840.0,271298.0,77
201600034203,16,6,25,1410,1,2,4,1,6.0,77288,M,4853229.0,265836.0,77
201600034204,16,6,30,1745,1,2,3,1,3.0,77288,M,4852722.0,265361.0,77
201600034205,16,8,23,1110,1,2,4,1,1.0,77152,M,4850969.0,259969.0,77
201600034206,16,8,23,950,1,1,6,1,3.0,77285,M,4854870.0,263974.0,77
201600034207,16,8,31,1730,1,1,4,1,3.0,77152,M,4850964.0,259969.0,77
201600034208,16,9,12,1625,1,2,9,1,2.0,77288,M,4855290.0,266491.0,77
201600034209,16,9,24,1450,1,2,3,1,6.0,77152,M,4851506.0,262137.0,77
201600034210,16,9,27,1750,1,2,2,1,6.0,77288,M,4852928.0,265460.0,77
201600034211,16,9,30,1730,1,2,3,2,1.0,77152,M,4851962.0,264574.0,77
201600034212,16,9,30,1955,3,2,1,2,1.0,77269,M,4854390.0,268501.0,77
201600034213,16,10,3,805,1,1,2,1,3.0,77306,M,4859737.0,269214.0,77
201600034214,16,10,3,1805,2,2,3,1,6.0,77285,M,4854510.0,264716.0,77
201600034215,16,11,10,2300,3,1,1,2,1.0,77288,M,4855192.0,266991.0,77
201600034216,16,11,17,725,5,2,4,9,3.0,77288,M,4853853.0,265406.0,77
201600034217,16,11,28,1625,1,2,2,1,6.0,77288,M,4853960.0,265980.0,77
201600034218,16,12,8,1530,1,2,3,1,6.0,77288,M,4853598.0,266002.0,77
201600034219,16,12,13,830,1,2,6,2,6.0,77288,M,4853970.0,266482.0,77
201600034220,16,12,20,1549,1,2,6,1,6.0,77152,M,4851505.0,264077.0,77
201600034221,16,1,2,2230,5,2,1,1,1.0,77445,M,4860171.0,257504.0,77
201600034222,16,12,20,1500,1,1,1,1,7.0,77326,M,4857512.0,252732.0,77
201600034223,16,10,12,825,1,2,1,1,6.0,77445,M,4859720.0,258267.0,77
201600034224,16,2,3,737,3,2,6,2,6.0,77445,M,4860379.0,255924.0,77
201600034225,16,1,21,1533,1,2,6,1,7.0,77445,M,4859522.0,258276.0,77
201600034226,16,2,24,1615,1,2,6,2,6.0,77445,M,4859481.0,258299.0,77
201600034227,16,4,7,1432,1,1,1,2,1.0,77495,M,4857389.0,261945.0,77
201600034228,16,4,19,1905,1,2,3,1,3.0,77445,M,4859331.0,258111.0,77
201600034229,16,5,9,1050,1,2,2,1,3.0,77053,M,4868817.0,260371.0,77
201600034230,16,5,13,1700,1,1,1,8,6.0,77114,M,4873701.0,270136.0,77
201600034231,16,5,15,1137,1,2,1,8,6.0,77122,M,4866503.0,255791.0,77
201600034232,16,5,9,2120,2,2,6,1,6.0,77122,M,4866464.0,256355.0,77
201600034233,16,4,11,1330,1,2,1,1,6.0,77122,M,4866005.0,255835.0,77
201600034234,16,5,14,1735,1,1,1,1,2.0,77384,M,4859926.0,258983.0,77
201600034235,16,6,6,1935,1,2,1,1,3.0,77450,M,4871300.0,258837.0,77
201600034236,16,6,23,1550,1,2,3,1,6.0,77445,M,4858316.0,257986.0,77
201600034237,16,6,24,815,1,1,1,8,6.0,77251,M,4861811.0,255468.0,77
201600034238,16,6,28,1531,1,1,2,1,1.0,77495,M,4857430.0,265124.0,77
201600034239,16,6,29,1950,1,2,6,1,6.0,77053,M,4869330.0,261746.0,77
201600034240,16,8,2,804,1,2,6,2,2.0,77445,M,4859691.0,258741.0,77
201600034241,16,8,2,1300,1,1,1,1,6.0,77053,M,4867266.0,258767.0,77
201600034242,16,8,8,1527,1,2,1,1,6.0,77445,M,4860340.0,256737.0,77
201600034243,16,8,13,950,1,2,3,7,7.0,77296,M,4862738.0,259223.0,77
201600034244,16,8,22,1210,1,1,3,1,4.0,77251,M,4863860.0,254401.0,77
201600034245,16,8,25,1930,1,1,2,1,1.0,77114,M,4873743.0,270144.0,77
201600034246,16,8,31,1730,1,2,1,1,1.0,77495,M,4856039.0,263471.0,77
201600034247,16,9,4,2000,2,2,1,2,6.0,77251,M,4861343.0,255153.0,77
201600034248,16,9,5,1915,1,2,3,2,2.0,77053,M,4867901.0,259480.0,77
201600034249,16,9,21,1705,1,2,1,1,6.0,77445,M,4860003.0,256197.0,77
201600034250,16,9,21,1645,1,1,2,1,5.0,77114,M,4873743.0,270143.0,77
201600034251,16,9,29,1720,1,2,3,7,3.0,77445,M,4860150.0,257348.0,77
201600034252,16,10,27,2125,3,1,1,1,1.0,77114,M,4873078.0,268317.0,77
201600034253,16,11,10,1957,5,1,1,3,6.0,77445,M,4860480.0,256902.0,77
201600034254,16,12,8,1828,5,2,1,1,6.0,77251,M,4863440.0,255271.0,77
201600034255,16,12,20,1740,2,2,2,1,6.0,77445,M,4860020.0,257854.0,77
201600034256,16,12,25,1735,3,1,6,1,7.0,77296,M,4862169.0,260237.0,77
201600034257,16,12,28,118,3,1,1,1,6.0,77495,M,4855413.0,262796.0,77
201600034258,16,1,2,1335,1,1,1,1,1.0,77061,M,4837630.0,298795.0,77