Num_Acc,an,mois,jour,hrmn,lum,agg,int,atm,col,com,gps,lat,long,dep
201600034259,16,12,9,1743,3,1,1,5,3.0,77133,M,4841144.0,306798.0,77
201600034260,16,4,3,1525,1,2,6,1,6.0,77305,M,4837786.0,295646.0,77
201600034261,16,3,11,1955,5,2,1,1,7.0,77305,M,4838791.0,295749.0,77
201600034262,16,4,7,2014,1,2,6,1,7.0,77305,M,4839253.0,296645.0,77
201600034263,16,6,9,2330,3,1,1,1,2.0,77172,M,4836071.0,296833.0,77
201600034264,16,7,8,1205,1,1,1,1,2.0,77482,M,4837021.0,295748.0,77
201600034265,16,7,6,2315,3,1,1,1,2.0,77054,M,4835568.0,299254.0,77
201600034266,16,7,17,1150,1,1,3,1,3.0,77210,M,4836130.0,288859.0,77
201600034267,16,9,26,2025,3,1,1,1,2.0,77194,M,4839862.0,294484.0,77
201600034268,16,9,12,1650,1,2,3,1,3.0,77305,M,4839820.0,295607.0,77
201600034269,16,12,17,1035,1,1,1,2,3.0,77210,M,4836140.0,287176.0,77
201600034270,16,1,4,730,5,2,5,8,6.0,77316,M,4837373.0,281459.0,77
201600034271,16,3,9,1315,1,1,3,2,3.0,77316,M,4836197.0,286294.0,77
201600034272,16,5,4,1715,1,2,1,1,6.0,77491,M,4839002.0,278375.0,77
201600034273,16,5,21,1410,1,1,1,1,6.0,77316,M,4837541.0,281149.0,77
201600034274,16,6,30,1515,1,1,2,1,3.0,77494,M,4841865.0,287906.0,77
201600034275,16,9,15,755,1,1,1,2,5.0,77316,M,4836663.0,280317.0,77
201600034276,16,10,15,640,5,2,1,2,6.0,77079,M,4840878.0,279824.0,77
201600034277,16,10,29,1230,1,1,1,8,7.0,77316,M,4836527.0,284953.0,77
201600034278,16,2,26,1455,1,2,5,1,6.0,77458,M,4818162.0,273689.0,77
201600034279,16,3,2,1905,5,2,2,9,6.0,77333,M,4826723.0,269503.0,77
201600034280,16,3,10,1856,1,2,4,1,7.0,77048,M,4833975.0,270008.0,77
201600034281,16,5,7,1845,1,2,6,1,6.0,77333,M,4826583.0,271498.0,77
201600034282,16,8,11,1315,1,2,1,1,6.0,77333,M,4826700.0,271434.0,77
201600034283,16,6,22,940,1,2,8,1,3.0,77431,M,4826680.0,268648.0,77
201600034284,16,9,27,715,2,2,2,1,1.0,77333,M,4826921.0,269921.0,77
201600034285,16,10,26,20,3,1,1,5,6.0,77216,M,4831757.0,267563.0,77
201600034286,16,11,29,2028,5,1,1,1,5.0,77016,M,4822590.0,271217.0,77
201600034287,16,1,8,1230,1,2,1,1,6.0,77083,M,4883933.0,260286.0,77
201600034288,16,1,8,1935,5,2,2,2,3.0,77468,M,4884969.0,264409.0,77
201600034289,16,1,8,2015,5,2,2,2,6.0,77468,M,4884620.0,264646.0,77
201600034290,16,1,13,1100,1,2,3,1,2.0,77337,M,4884372.0,261539.0,77
201600034291,16,1,20,1830,5,2,1,1,7.0,77468,M,4883875.0,265683.0,77
201600034292,16,1,22,1145,1,1,1,1,1.0,77121,M,4883013.0,268591.0,77
201600034293,16,1,26,1735,5,2,3,1,1.0,77258,M,4883931.0,262467.0,77
201600034294,16,2,8,1830,5,2,1,1,6.0,77258,M,4883305.0,263280.0,77
201600034295,16,2,17,1230,1,2,3,1,6.0,77468,M,4883491.0,265947.0,77
201600034296,16,2,28,410,3,1,1,1,3.0,77121,M,4882719.0,267102.0,77
201600034297,16,3,9,1,5,2,1,1,1.0,77468,M,4885080.0,265583.0,77
201600034298,16,3,21,935,1,2,3,1,3.0,77337,M,4884386.0,262336.0,77
201600034299,16,3,23,1745,1,2,3,1,7.0,77337,M,4883975.0,261789.0,77
201600034300,16,3,26,1150,1,1,1,1,6.0,77169,M,4881536.0,261013.0,77
201600034301,16,3,29,1625,1,2,3,2,6.0,77083,M,4884533.0,258580.0,77
201600034302,16,4,17,700,2,1,6,1,7.0,77121,M,4882682.0,268115.0,77
201600034303,16,4,20,1648,1,2,1,1,6.0,77468,M,4885361.0,263722.0,77
201600034304,16,4,29,2135,3,1,1,1,5.0,77083,M,4884784.0,262465.0,77
201600034305,16,5,21,2145,5,2,1,2,7.0,77169,M,4880827.0,262377.0,77
201600034306,16,5,22,1815,1,1,6,2,6.0,77121,M,4882730.0,268005.0,77
201600034307,16,6,3,1720,1,2,1,1,5.0,77337,M,4884360.0,261540.0,77
201600034308,16,6,8,1225,1,2,2,1,1.0,77083,M,4886060.0,259030.0,77
201600034309,16,6,11,2055,2,1,1,1,1.0,77121,M,4881724.0,268952.0,77
201600034310,16,6,26,1930,1,2,1,1,7.0,77258,M,4883880.0,262670.0,77
201600034311,16,6,24,2030,1,2,3,1,3.0,77337,M,4885520.0,262500.0,77
201600034312,16,7,29,1225,1,2,2,1,3.0,77121,M,4883493.0,267757.0,77
201600034313,16,8,4,2220,5,2,2,1,5.0,77083,M,4885511.0,258025.0,77
201600034314,16,8,1,2030,1,2,1,1,6.0,77121,M,4884071.0,266851.0,77
201600034315,16,8,5,1420,1,2,2,1,3.0,77337,M,4884705.0,261719.0,77
201600034316,16,8,14,245,5,2,6,1,7.0,77083,M,4884058.0,258438.0,77
201600034317,16,9,6,2120,5,2,6,1,3.0,77083,M,4885016.0,258538.0,77
201600034318,16,9,11,900,1,2,2,1,1.0,77468,M,4884427.0,264939.0,77
201600034319,16,9,17,1940,2,2,3,1,7.0,77337,M,4883894.0,262615.0,77
201600034320,16,10,6,1920,5,2,3,1,6.0,77083,M,4884810.0,258550.0,77
201600034321,16,10,22,1930,3,1,3,1,5.0,77468,M,4886036.0,265972.0,77
201600034322,16,11,21,1750,5,2,2,1,6.0,77083,M,4883911.0,258940.0,77
201600034323,16,11,26,1440,1,2,1,1,5.0,77083,M,4884472.0,260135.0,77
201600034324,16,11,28,1115,1,2,3,7,6.0,77083,M,4885048.0,258242.0,77
201600034325,16,11,28,1610,1,2,1,1,1.0,77083,M,4885052.0,257917.0,77
201600034326,16,12,5,915,1,2,2,1,3.0,77468,M,4884977.0,263814.0,77
201600034327,16,12,7,315,3,1,3,1,7.0,77121,M,4882750.0,266855.0,77
201600034328,16,12,11,1500,1,2,1,1,1.0,77083,M,4885417.0,257739.0,77
201600034329,16,12,19,1925,5,2,2,1,6.0,77468,M,4884714.0,265202.0,77
201600034330,16,12,9,2205,3,1,1,1,2.0,77083,M,4884854.0,259343.0,77
201600034331,16,12,28,1715,2,2,2,1,3.0,77083,M,4884993.0,257700.0,77
201600034332,16,1,5,820,2,2,1,2,6.0,77249,M,4874409.0,261218.0,77
201600034333,16,1,12,1935,1,1,3,1,1.0,77114,M,4873586.0,270528.0,77
201600034334,16,1,25,1550,1,2,5,1,3.0,77215,M,4873738.0,271295.0,77
201600034335,16,2,6,945,1,2,1,1,3.0,77373,M,4877650.0,260700.0,77
201600034336,16,2,12,1615,1,2,3,2,6.0,77390,M,4879402.0,266214.0,77
201600034337,16,2,15,1850,5,2,3,2,6.0,77390,M,4879398.0,266227.0,77
201600034338,16,3,13,1105,1,2,2,1,6.0,77373,M,4880408.0,261643.0,77
201600034339,16,3,29,2100,3,2,6,1,1.0,77390,M,4878968.0,264209.0,77
201600034340,16,4,4,20,5,2,1,2,1.0,77390,M,4880394.0,263025.0,77
201600034341,16,3,25,910,1,2,3,3,1.0,77390,M,4879850.0,264342.0,77
201600034342,16,4,21,2205,5,2,6,1,7.0,77373,M,4880470.0,262171.0,77
201600034343,16,4,21,1905,1,2,1,1,6.0,77215,M,4873564.0,273351.0,77
201600034344,16,5,1,1630,1,2,2,1,3.0,77350,M,4877160.0,268795.0,77
201600034345,16,5,3,1000,1,2,1,1,1.0,77373,M,4878822.0,261264.0,77
201600034346,16,5,1,1830,1,1,1,1,3.0,77350,M,4876761.0,264701.0,77
201600034347,16,5,10,1345,1,2,3,2,2.0,77373,M,4877779.0,260678.0,77
201600034348,16,5,24,1950,1,2,1,1,1.0,77390,M,4879700.0,266193.0,77
201600034349,16,5,27,815,1,1,1,1,2.0,77215,M,4873319.0,271841.0,77
201600034350,16,5,31,1400,1,2,3,2,3.0,77373,M,4878964.0,261475.0,77
201600034351,16,6,4,1610,1,2,1,1,3.0,77215,M,4874201.0,273521.0,77
201600034352,16,6,8,1830,1,2,1,1,2.0,77373,M,4880382.0,261595.0,77
201600034353,16,6,8,1500,1,1,1,1,1.0,77350,M,4877770.0,270911.0,77
201600034354,16,6,10,1735,1,2,1,1,6.0,77390,M,4879875.0,264816.0,77
201600034355,16,6,20,900,1,1,1,2,2.0,77373,M,4877279.0,261820.0,77
201600034356,16,7,4,1605,1,2,1,1,6.0,77373,M,4879088.0,260399.0,77
201600034357,16,6,26,1720,1,2,2,1,3.0,77373,M,4879486.0,260454.0,77
201600034358,16,7,1,1405,1,2,1,1,3.0,77373,M,4877790.0,260559.0,77
201600034359,16,7,16,1735,1,1,1,1,5.0,77350,M,4875953.0,270567.0,77
201600034360,16,8,1,1750,1,2,1,1,7.0,77373,M,4877780.0,260497.0,77
201600034361,16,8,4,2330,3,1,1,2,2.0,77215,M,4873350.0,271328.0,77
201600034362,16,8,9,1020,1,1,1,1,6.0,77390,M,4878037.0,265928.0,77
201600034363,16,8,26,1415,1,1,1,1,2.0,77249,M,4876950.0,263657.0,77
201600034364,16,9,5,1725,1,1,1,2,1.0,77374,M,4879601.0,272411.0,77
201600034365,16,9,12,1630,1,2,1,1,6.0,77390,M,4879230.0,266337.0,77
201600034366,16,9,13,1155,1,2,3,1,6.0,77373,M,4878650.0,260219.0,77
201600034367,16,9,19,1745,1,1,1,1,2.0,77215,M,,,77
201600034368,16,9,21,545,3,1,1,1,5.0,77374,M,4878690.0,271243.0,77
201600034369,16,9,26,730,3,1,1,1,6.0,77374,M,4878339.0,271016.0,77
201600034370,16,9,28,1305,1,2,1,1,6.0,77215,M,4873860.0,274394.0,77
201600034371,16,9,30,2050,3,1,1,2,7.0,77249,M,4875110.0,261199.0,77
201600034372,16,10,1,2020,3,1,1,2,6.0,77374,M,4879623.0,272473.0,77
201600034373,16,10,6,1650,1,1,1,1,1.0,77215,M,4875308.0,271985.0,77
201600034374,16,10,11,2200,3,1,1,1,6.0,77350,M,4876794.0,270728.0,77
201600034375,16,9,23,1825,1,2,1,1,6.0,77373,M,4880430.0,261666.0,77
201600034376,16,10,21,1625,1,2,1,1,4.0,77373,M,4880360.0,261531.0,77
201600034377,16,10,15,1530,1,2,1,1,3.0,77373,M,4877790.0,260515.0,77
201600034378,16,10,24,1335,1,1,1,2,1.0,77350,M,4875568.0,270835.0,77
201600034379,16,10,29,2010,5,2,6,1,7.0,77390,M,4879391.0,264629.0,77
201600034380,16,11,25,2135,5,2,1,1,1.0,77373,M,4878730.0,261147.0,77
201600034381,16,12,4,1300,1,2,1,1,3.0,77373,M,4880670.0,261532.0,77
201600034382,16,12,9,156,5,2,1,1,6.0,77350,M,,,77
201600034383,16,12,8,1900,5,2,6,1,6.0,77215,M,4874222.0,273500.0,77
201600034384,16,12,9,1947,3,1,1,1,5.0,77350,M,4877475.0,270858.0,77
201600034385,16,12,13,1955,5,2,1,1,3.0,77350,M,4876340.0,267669.0,77
201600034386,16,12,14,1000,1,2,1,1,6.0,77350,M,4876705.0,266915.0,77
201600034387,16,12,25,1940,3,1,1,1,1.0,77350,M,4876503.0,270672.0,77
201600034388,16,12,28,805,3,1,1,1,6.0,77350,M,4875750.0,267036.0,77
201600034389,16,1,22,1507,1,2,1,2,7.0,77379,M,4856083.0,329588.0,77
201600034390,16,3,5,2150,5,2,2,1,3.0,77404,M,4854016.0,326643.0,77
201600034391,16,3,11,1120,1,2,3,1,6.0,77404,M,4853196.0,326109.0,77
201600034392,16,5,7,2050,1,2,4,1,3.0,77379,M,4855855.0,329282.0,77
201600034393,16,5,22,30,5,2,1,1,6.0,77260,M,4851880.0,324616.0,77
201600034394,16,6,7,1225,1,1,3,1,3.0,77368,M,4854842.0,328245.0,77
201600034395,16,6,8,2020,1,1,1,1,1.0,77459,M,4853502.0,336409.0,77
201600034396,16,6,11,1010,1,1,1,2,7.0,77459,M,4854106.0,334638.0,77
201600034397,16,6,11,1055,1,1,4,1,5.0,77379,M,4856831.0,326232.0,77
201600034398,16,8,11,940,1,1,1,1,6.0,77404,M,4853710.0,325164.0,77
201600034399,16,8,28,1905,1,1,1,1,6.0,77418,M,4853461.0,322792.0,77
201600034400,16,10,3,500,5,1,3,1,3.0,77459,M,4855146.0,331955.0,77
201600034401,16,10,23,1605,1,2,1,3,7.0,77404,M,4852526.0,324876.0,77
201600034402,16,11,11,910,1,2,1,1,5.0,77459,M,4854007.0,334827.0,77
201600034403,16,11,12,1030,1,2,3,1,6.0,77379,M,4856340.0,330007.0,77
201600034404,16,1,12,1930,3,1,6,2,5.0,77123,M,4899711.0,264475.0,77
201600034405,16,2,6,1920,5,2,1,1,3.0,77118,M,4894193.0,266644.0,77
201600034406,16,2,19,840,1,1,1,1,3.0,77462,M,,,77
201600034407,16,3,7,1625,1,2,1,1,3.0,77514,M,4895160.0,262409.0,77
201600034408,16,3,21,30,5,2,2,1,3.0,77514,M,4894591.0,261031.0,77
201600034409,16,3,29,1300,1,2,3,1,6.0,77294,M,4896213.0,259747.0,77
201600034410,16,4,19,2315,5,2,2,1,6.0,77514,M,4894840.0,261197.0,77
201600034411,16,4,21,1915,1,2,1,1,1.0,77118,M,4894034.0,268464.0,77
201600034412,16,4,3,1635,1,1,1,1,3.0,77294,M,4897463.0,261841.0,77
201600034413,16,5,15,30,3,1,1,1,2.0,77294,M,,,77
201600034414,16,6,7,810,1,1,3,1,3.0,77294,M,4898284.0,260763.0,77
201600034415,16,7,30,50,3,1,1,1,2.0,77462,M,4902380.0,266643.0,77
201600034416,16,8,11,1035,1,2,1,1,6.0,77294,M,4896036.0,260131.0,77
201600034417,16,10,30,750,1,1,1,1,2.0,77294,M,4898207.0,259788.0,77
201600034418,16,10,12,2315,5,1,6,1,3.0,77294,M,4897448.0,261298.0,77
201600034419,16,11,2,1840,5,2,3,1,6.0,77514,M,4893910.0,260770.0,77
201600034420,16,11,1,630,3,1,1,1,4.0,77462,M,4902045.0,266303.0,77
201600034421,16,11,8,2220,3,1,1,2,2.0,77514,M,,,77
201600034422,16,12,8,1715,5,1,4,1,1.0,77118,M,4894192.0,266641.0,77
201600034423,16,12,14,2030,5,1,2,1,3.0,77291,M,4901841.0,258389.0,77
201600034424,16,12,31,2115,5,1,1,1,6.0,78498,M,,,78
201600034425,16,1,23,1335,1,2,3,1,2.0,78498,M,,,78
201600034426,16,12,11,1610,1,2,2,1,3.0,78498,M,4855343.0,225426.0,78
201600034427,16,1,5,830,2,2,1,1,6.0,78498,M,4893394.0,204036.0,78
201600034428,16,10,14,750,2,1,1,1,7.0,78123,M,4856469.0,213575.0,78
201600034429,16,1,9,130,3,2,4,1,3.0,78624,M,4897969.0,200388.0,78
201600034430,16,12,15,1825,5,2,1,1,3.0,78624,M,4857320.0,247130.0,78
201600034431,16,10,9,1840,1,2,2,1,3.0,78138,M,,,78
201600034432,16,12,9,830,1,2,1,1,6.0,78498,M,,,78
201600034433,16,12,21,1050,1,1,1,1,6.0,78672,M,4893257.0,199070.0,78
201600034434,16,10,28,1220,1,1,1,1,6.0,78172,M,,,78
201600034435,16,1,22,815,2,1,2,1,3.0,78384,M,4895052.0,197903.0,78
201600034436,16,2,2,2030,5,2,2,1,6.0,78498,M,4893341.0,205011.0,78
201600034437,16,1,8,1523,1,2,1,1,6.0,78498,M,4892396.0,205283.0,78
201600034438,16,1,27,1822,5,2,1,1,6.0,78643,M,4897459.0,199579.0,78
201600034439,16,1,12,1930,5,2,2,3,1.0,78642,M,,,78
201600034440,16,1,25,830,1,2,2,1,6.0,78498,M,4892997.0,204388.0,78
201600034441,16,1,1,640,3,2,1,1,6.0,78498,M,,,78
201600034442,16,2,9,1300,1,2,1,1,6.0,78498,M,,,78
201600034443,16,2,2,1030,1,2,4,1,2.0,78498,M,,,78
201600034444,16,2,5,1245,1,2,3,1,6.0,78642,M,4898573.0,197095.0,78
201600034445,16,2,16,2100,3,1,1,1,6.0,78005,M,4898202.0,208612.0,78
201600034446,16,3,3,1810,2,2,2,1,3.0,78498,M,4893308.0,204555.0,78
201600034447,16,3,13,1740,1,2,1,1,6.0,78498,M,,,78
201600034448,16,3,12,220,5,2,3,1,6.0,78498,M,4893397.0,205338.0,78
201600034449,16,3,10,1145,1,2,2,1,3.0,78498,M,4892240.0,203564.0,78
201600034450,16,2,3,810,1,1,1,1,5.0,78672,M,4210000.0,60000.0,78
201600034451,16,4,6,1905,1,1,1,2,6.0,78005,M,,,78
201600034452,16,4,13,1000,1,2,1,1,6.0,78498,M,,,78
201600034453,16,5,1,1430,1,1,6,1,3.0,78172,M,,,78
201600034454,16,4,27,1955,1,2,2,1,3.0,78498,M,4893717.0,205499.0,78
201600034455,16,4,14,1310,1,2,2,1,3.0,78123,M,4894772.0,203750.0,78
201600034456,16,5,17,2330,4,1,1,1,6.0,78172,M,,,78
201600034457,16,5,22,710,1,2,2,3,6.0,78498,M,,,78
201600034458,16,4,3,1020,1,2,1,1,6.0,78498,M,,,78
201600034459,16,5,21,1832,1,1,1,1,7.0,78498,M,,,78
201600034460,16,4,9,1814,1,2,1,2,5.0,78498,M,4891843.0,200694.0,78
201600034461,16,5,26,2055,1,2,1,1,7.0,78123,M,4895058.0,204410.0,78
201600034462,16,6,5,2150,3,2,6,1,1.0,78498,M,4854511.0,201189.0,78
201600034463,16,5,4,1225,1,2,1,1,6.0,78498,M,4892290.0,202809.0,78
201600034464,16,5,28,1620,1,2,1,2,1.0,78123,M,,,78
201600034465,16,6,25,1236,1,1,1,1,7.0,78624,M,4899536.0,202405.0,78
201600034466,16,6,23,2100,2,1,3,1,3.0,78138,M,,,78
201600034467,16,1,14,1755,5,2,2,9,6.0,78005,M,,,78
201600034468,16,6,30,910,1,2,3,1,3.0,78498,M,,,78
201600034469,16,6,9,2010,1,2,1,1,1.0,78642,M,4898372.0,198372.0,78
201600034470,16,7,6,1640,1,2,2,1,2.0,78123,M,,,78
201600034471,16,7,8,5,5,2,2,1,6.0,78498,M,,,78
201600034472,16,7,19,1610,1,2,1,1,6.0,78498,M,4892133.0,202142.0,78
201600034473,16,7,14,1000,1,2,1,2,6.0,78643,M,,,78
201600034474,16,8,19,1515,1,2,1,1,1.0,78498,M,4855480.0,213504.0,78
201600034475,16,9,1,5,5,2,1,1,6.0,78172,M,,,78
201600034476,16,8,27,1505,1,1,1,1,6.0,78624,M,4902721.0,206250.0,78
201600034477,16,7,28,2111,1,2,1,1,3.0,78123,M,4856309.0,213278.0,78
201600034478,16,7,11,1755,1,2,1,1,6.0,78498,M,4855574.0,230226.0,78
201600034479,16,8,10,205,5,2,1,1,6.0,78498,M,4855594.0,221948.0,78
201600034480,16,8,13,1410,1,2,2,1,3.0,78123,M,4856366.0,214705.0,78
201600034481,16,10,17,1545,1,2,1,1,6.0,78498,M,,,78
201600034482,16,9,30,145,3,1,3,1,6.0,78138,M,,,78
201600034483,16,11,1,1215,1,2,6,1,3.0,78643,M,4897633.0,198163.0,78
201600034484,16,10,25,924,1,2,1,1,5.0,78498,M,4855411.0,223295.0,78
201600034485,16,9,27,832,1,2,2,1,3.0,78642,M,4897047.0,195711.0,78
201600034486,16,9,30,1115,1,2,1,1,6.0,78498,M,4855132.0,215203.0,78
201600034487,16,11,17,925,1,1,1,1,6.0,78643,M,,,78
201600034488,16,11,20,1150,1,2,1,1,6.0,78498,M,4855553.0,231844.0,78
201600034489,16,11,13,1310,1,2,1,1,6.0,78498,M,4855537.0,223842.0,78
201600034490,16,12,13,1800,5,2,2,1,6.0,78498,M,4855477.0,221301.0,78
201600034491,16,11,30,2150,5,2,1,1,6.0,78123,M,4856582.0,221862.0,78
201600034492,16,11,30,1956,5,2,9,1,3.0,78643,M,4897797.0,199611.0,78
201600034493,16,12,20,1710,2,2,1,1,6.0,78423,M,,,78
201600034494,16,1,12,1815,5,2,2,1,6.0,78423,M,4800000.0,200000.0,78
201600034495,16,2,3,1100,1,2,1,1,6.0,78208,M,,,78
201600034496,16,1,20,1455,1,2,2,7,6.0,78621,M,,,78
201600034497,16,3,17,1945,2,2,1,1,6.0,78423,M,,,78
201600034498,16,3,29,1600,1,2,1,1,6.0,78621,M,4877691.0,198440.0,78
201600034499,16,4,3,1750,1,2,1,1,2.0,78423,M,,,78
201600034500,16,3,24,1342,1,2,1,1,3.0,78621,M,,,78
201600034501,16,6,19,1010,1,1,1,1,6.0,78423,M,,,78
201600034502,16,5,2,1115,1,2,2,1,6.0,78423,M,,,78
201600034503,16,7,19,915,1,2,1,1,6.0,78423,M,,,78
201600034504,16,3,23,1230,1,2,1,1,6.0,78688,M,,,78
201600034505,16,7,7,2035,1,2,1,1,1.0,78621,M,,,78
201600034506,16,8,8,1305,1,2,2,1,3.0,78297,M,,,78
201600034507,16,2,9,820,1,2,3,1,1.0,78297,M,,,78
201600034508,16,3,30,1830,1,2,1,1,4.0,78688,M,,,78
201600034509,16,6,29,1242,1,2,1,1,2.0,78621,M,4875660.0,198029.0,78
201600034510,16,8,6,1430,1,2,1,1,2.0,78208,M,,,78
201600034511,16,8,22,1600,1,2,1,1,3.0,78621,M,,,78
201600034512,16,8,23,1850,1,2,1,1,3.0,78208,M,,,78
201600034513,16,8,27,630,3,1,1,1,2.0,78621,M,,,78
201600034514,16,8,30,1500,1,1,1,1,2.0,78168,M,,,78
201600034515,16,8,25,935,1,2,2,1,3.0,78423,M,,,78
201600034516,16,6,23,1910,1,2,1,1,3.0,78621,M,,,78
201600034517,16,7,26,1640,1,2,3,1,2.0,78621,M,,,78
201600034518,16,9,22,655,3,1,1,5,7.0,78397,M,,,78
201600034519,16,9,19,2115,4,2,8,1,6.0,78621,M,,,78
201600034520,16,10,1,1530,1,2,1,1,1.0,78621,M,,,78
201600034521,16,10,11,1335,1,2,1,1,6.0,78383,M,,,78
201600034522,16,10,18,1745,1,2,1,2,2.0,78208,M,,,78
201600034523,16,10,16,2220,5,2,1,2,7.0,78208,M,,,78
201600034524,16,11,3,745,5,2,1,1,3.0,78168,M,,,78
201600034525,16,11,17,1620,1,2,1,1,6.0,78621,M,,,78
201600034526,16,10,20,1515,1,2,6,1,2.0,78208,M,,,78
201600034527,16,9,24,2330,5,2,1,1,7.0,78644,M,,,78
201600034528,16,12,24,2215,5,2,2,1,3.0,78168,M,,,78
201600034529,16,1,8,30,5,2,1,1,6.0,78402,M,4895669.0,179991.0,78
201600034530,16,1,24,1355,1,1,1,8,6.0,78362,M,4898022.0,169600.0,78
201600034531,16,1,24,1535,1,2,2,1,3.0,78361,M,4899686.0,167650.0,78
201600034532,16,1,27,810,1,2,3,8,7.0,78335,M,4899041.0,176216.0,78
201600034533,16,1,28,825,1,2,1,2,3.0,78267,M,4897816.0,180830.0,78
201600034534,16,2,16,1650,1,2,1,1,6.0,78354,M,4897847.0,169344.0,78
201600034535,16,2,20,1555,1,2,2,1,3.0,78335,M,4899319.0,174269.0,78
201600034536,16,2,29,1725,1,2,1,1,6.0,78361,M,4899202.0,170397.0,78
201600034537,16,5,6,1755,1,1,1,1,3.0,78267,M,4897344.0,180780.0,78
201600034538,16,6,10,2350,5,2,1,8,6.0,78361,M,4859273.0,143116.0,78
201600034539,16,6,28,1545,1,2,1,1,6.0,78402,M,4857401.0,148274.0,78
201600034540,16,7,7,805,1,2,2,1,3.0,78335,M,4859431.0,143542.0,78
201600034541,16,7,7,1215,1,2,1,1,6.0,78361,M,4900143.0,141019.0,78
201600034542,16,7,12,305,5,2,1,1,7.0,78362,M,4858491.0,143127.0,78
201600034543,16,7,15,1800,1,2,1,1,3.0,78267,M,4858288.0,148105.0,78
201600034544,16,7,22,415,5,2,1,1,7.0,78354,M,4896633.0,167966.0,78
201600034545,16,7,23,2055,1,2,1,1,2.0,78118,M,4898213.0,167677.0,78
201600034546,16,8,30,2320,5,2,1,1,7.0,78501,M,4897547.0,176694.0,78
201600034547,16,9,3,1835,1,2,1,1,1.0,78118,M,4898466.0,167386.0,78
201600034548,16,9,11,1335,1,1,1,1,6.0,78314,M,4898877.0,178022.0,78
201600034549,16,9,15,1620,1,2,1,2,3.0,78361,M,4899255.0,169544.0,78
201600034550,16,9,29,1015,1,2,1,1,7.0,78402,M,4892780.0,178944.0,78
201600034551,16,10,13,725,5,2,1,1,3.0,78362,M,4898241.0,172408.0,78
201600034552,16,10,19,810,1,2,1,1,6.0,78362,M,4858708.0,143171.0,78
201600034553,16,10,26,1855,5,2,3,1,3.0,78267,M,4898791.0,180416.0,78
201600034554,16,11,17,1645,5,2,1,2,6.0,78361,M,4898980.0,171258.0,78
201600034555,16,11,20,2110,5,2,1,2,2.0,78361,M,4898941.0,171016.0,78
201600034556,16,12,12,1645,5,2,1,8,6.0,78361,M,4899844.0,167688.0,78
201600034557,16,12,14,1900,3,2,1,1,1.0,78335,M,4898611.0,173183.0,78
201600034558,16,12,15,1325,1,2,1,1,1.0,78335,M,4903107.0,142384.0,78
201600034559,16,12,26,2210,5,2,2,1,3.0,78361,M,4899313.0,170380.0,78
201600034560,16,1,4,830,1,2,1,1,4.0,78401,M,,,78
201600034561,16,1,6,1720,3,2,1,1,2.0,78029,M,,,78
201600034562,16,1,11,2025,5,2,1,1,6.0,78440,M,,,78
201600034563,16,1,18,1450,1,2,1,1,2.0,78440,M,,,78
201600034564,16,1,23,1900,5,2,1,1,2.0,78609,M,,,78
201600034565,16,1,24,1800,2,2,6,8,6.0,78029,M,,,78
201600034566,16,1,27,1520,1,2,1,1,6.0,78440,M,,,78
201600034567,16,2,9,1625,1,2,2,8,3.0,78440,M,,,78
201600034568,16,2,19,1600,1,2,1,1,4.0,78440,M,,,78
201600034569,16,3,2,1515,1,2,1,2,6.0,78440,M,,,78
201600034570,16,3,7,720,2,1,1,9,6.0,78227,M,,,78
201600034571,16,3,26,1620,1,2,2,1,3.0,78238,M,,,78
201600034572,16,4,2,1612,1,2,1,1,6.0,78440,M,,,78
201600034573,16,4,10,855,1,1,1,5,7.0,78401,M,,,78
201600034574,16,4,12,45,5,2,3,1,6.0,78401,M,,,78
201600034575,16,4,18,1710,1,2,3,1,3.0,78440,M,,,78
201600034576,16,4,19,1949,1,2,6,1,3.0,78238,M,,,78
201600034577,16,5,2,445,5,2,1,9,6.0,78029,M,,,78
201600034578,16,6,7,1750,1,2,1,1,6.0,78440,M,,,78
201600034579,16,6,19,445,5,2,1,1,1.0,78299,M,,,78
201600034580,16,6,23,1725,1,2,2,2,3.0,78440,M,,,78
201600034581,16,6,30,1800,1,2,1,1,1.0,78440,M,,,78
201600034582,16,7,2,1720,1,2,2,1,1.0,78440,M,,,78
201600034583,16,7,19,1915,1,2,3,1,3.0,78440,M,,,78
201600034584,16,7,22,2000,1,2,1,1,2.0,78403,M,,,78
201600034585,16,7,25,2045,1,2,3,1,2.0,78440,M,,,78
201600034586,16,7,26,2245,3,1,3,1,7.0,78238,M,,,78
201600034587,16,7,30,440,5,2,1,1,6.0,78401,M,,,78
201600034588,16,8,7,1612,1,2,1,1,6.0,78440,M,,,78
201600034589,16,8,23,1015,1,2,1,1,6.0,78440,M,,,78
201600034590,16,8,24,1934,1,2,1,1,6.0,78029,M,,,78
201600034591,16,8,27,1350,1,2,1,1,6.0,78401,M,,,78
201600034592,16,9,1,2200,3,1,1,1,1.0,78261,M,,,78
201600034593,16,9,12,1100,1,2,1,1,6.0,78440,M,,,78
201600034594,16,9,20,827,1,2,1,1,6.0,78440,M,,,78
201600034595,16,10,1,1135,1,1,1,2,2.0,78227,M,,,78