Num_Acc,an,mois,jour,hrmn,lum,agg,int,atm,col,com,gps,lat,long,dep
201600034596,16,10,6,1120,1,1,1,1,4.0,78238,M,,,78
201600034597,16,10,25,1830,1,2,1,1,3.0,78440,M,,,78
201600034598,16,10,30,1641,1,1,1,1,3.0,78609,M,,,78
201600034599,16,11,19,1715,2,2,3,1,3.0,78440,M,,,78
201600034600,16,11,27,2110,3,1,1,1,1.0,78609,M,,,78
201600034601,16,12,17,1330,1,1,1,5,2.0,78261,M,,,78
201600034602,16,10,29,2245,5,2,1,2,2.0,78674,M,,,78
201600034603,16,10,6,1620,1,1,1,1,1.0,78674,M,4882000.0,202500.0,78
201600034604,16,1,2,1400,1,2,1,1,6.0,78490,M,,,78
201600034605,16,1,10,1845,4,2,1,9,3.0,78165,M,,,78
201600034606,16,9,29,755,1,2,6,1,6.0,78165,M,4882100.0,197000.0,78
201600034607,16,2,4,740,1,2,1,1,3.0,78545,M,,,78
201600034608,16,12,9,850,1,2,6,1,3.0,78490,M,,,78
201600034609,16,1,8,1640,1,2,1,1,6.0,78545,M,,,78
201600034610,16,3,5,2120,5,2,3,2,6.0,78490,M,,,78
201600034611,16,12,8,1540,1,2,2,1,6.0,78490,M,,,78
201600034612,16,2,23,2050,5,2,1,1,1.0,78242,M,,,78
201600034613,16,4,1,1945,1,2,3,1,3.0,78490,M,,,78
201600034614,16,4,30,1355,1,2,1,1,2.0,78545,M,,,78
201600034615,16,1,14,720,5,2,3,2,3.0,78545,M,,,78
201600034616,16,6,13,2000,2,1,3,1,3.0,78545,M,,,78
201600034617,16,6,22,1930,1,2,3,1,3.0,78073,M,,,78
201600034618,16,6,29,435,3,1,1,1,1.0,78490,M,,,78
201600034619,16,7,6,200,4,1,1,1,6.0,78545,M,,,78
201600034620,16,7,5,2000,1,2,1,1,1.0,78242,M,,,78
201600034621,16,7,11,1910,1,2,3,1,6.0,78545,M,,,78
201600034622,16,7,21,1710,1,2,3,1,3.0,78490,M,,,78
201600034623,16,5,20,2230,3,1,6,1,1.0,78674,M,,,78
201600034624,16,9,13,1435,1,2,1,1,4.0,78545,M,,,78
201600034625,16,7,9,1800,1,2,1,1,2.0,78490,M,,,78
201600034626,16,9,1,1250,1,2,1,1,6.0,78490,M,,,78
201600034627,16,9,11,2130,3,1,1,1,1.0,78490,M,,,78
201600034628,16,10,21,1915,2,2,1,2,6.0,78545,M,,,78
201600034629,16,2,25,1645,1,1,1,1,1.0,78220,M,,,78
201600034630,16,4,6,1030,1,1,1,1,6.0,78269,M,4863519.0,115416.0,78
201600034631,16,3,22,1015,1,2,1,1,6.0,78486,M,4868601.0,184775.0,78
201600034632,16,4,23,1700,1,2,1,1,7.0,78269,M,,,78
201600034633,16,5,11,550,2,1,1,5,1.0,78269,M,,,78
201600034634,16,5,24,850,1,1,1,1,3.0,78269,M,,,78
201600034635,16,6,19,34,3,1,1,1,6.0,78486,M,4870745.0,186944.0,78
201600034636,16,6,23,835,1,2,1,1,6.0,78517,M,,,78
201600034637,16,7,8,1405,1,2,1,1,6.0,78517,M,4864005.0,182654.0,78
201600034638,16,7,11,2330,5,2,4,1,7.0,78517,M,,,78
201600034639,16,7,19,1900,1,1,9,1,2.0,78220,M,,,78
201600034640,16,7,22,1105,1,2,1,1,6.0,78486,M,,,78
201600034641,16,8,16,1330,1,1,1,1,7.0,78517,M,4866721.0,183768.0,78
201600034642,16,8,25,1610,1,1,1,1,6.0,78220,M,4870030.0,193180.0,78
201600034643,16,9,10,1415,1,2,1,1,3.0,78517,M,4862954.0,182977.0,78
201600034644,16,9,16,2040,3,1,1,2,6.0,78486,M,,,78
201600034645,16,9,20,810,1,2,5,1,6.0,78517,M,4864271.0,183011.0,78
201600034646,16,10,30,1150,1,2,3,7,6.0,78517,M,,,78
201600034647,16,12,3,1048,1,1,2,1,6.0,78220,M,,,78
201600034648,16,9,8,1535,1,2,1,1,4.0,78350,M,,,78
201600034649,16,9,13,2020,2,2,1,1,7.0,78418,M,,,78
201600034650,16,12,5,830,4,1,1,1,7.0,78133,M,,,78
201600034651,16,1,16,1305,1,2,7,8,3.0,78551,M,,,78
201600034652,16,1,4,2055,5,2,1,1,3.0,78146,M,,,78
201600034653,16,11,1,1800,2,2,3,1,3.0,78146,M,4891011.0,213952.0,78
201600034654,16,1,16,2145,3,1,1,1,1.0,78551,M,,,78
201600034655,16,1,16,950,1,2,1,1,3.0,78650,M,,,78
201600034656,16,6,13,1715,1,2,6,1,3.0,78190,M,,,78
201600034657,16,11,21,1530,1,2,1,1,3.0,78146,M,,,78
201600034658,16,2,4,1832,3,2,7,2,6.0,78551,M,,,78
201600034659,16,9,19,850,1,2,1,1,6.0,78418,M,,,78
201600034660,16,12,11,1150,1,2,1,1,6.0,78418,M,,,78
201600034661,16,5,23,1500,1,2,1,8,3.0,78372,M,,,78
201600034662,16,4,20,2110,2,2,1,1,1.0,78350,M,,,78
201600034663,16,11,13,300,5,2,1,3,2.0,78350,M,,,78
201600034664,16,3,23,1545,1,2,1,1,4.0,78502,M,4887972.0,210861.0,78
201600034665,16,11,30,1305,1,2,4,1,3.0,78481,M,,,78
201600034666,16,5,11,810,1,1,1,1,1.0,78551,M,,,78
201600034667,16,12,29,900,1,1,1,1,5.0,78551,M,,,78
201600034668,16,7,8,1400,1,1,1,7,2.0,78551,M,,,78
201600034669,16,8,3,1010,1,2,2,1,3.0,78367,M,4888725.0,207779.0,78
201600034670,16,7,1,1715,1,1,1,1,3.0,78133,M,,,78
201600034671,16,7,21,1300,1,1,9,1,3.0,78481,M,,,78
201600034672,16,6,21,1700,1,1,1,3,4.0,78551,M,,,78
201600034673,16,8,18,1310,1,1,1,1,3.0,78551,M,,,78
201600034674,16,6,28,1925,1,2,2,1,1.0,78650,M,,,78
201600034675,16,9,26,1630,1,2,1,1,6.0,78502,M,,,78
201600034676,16,5,17,1330,1,2,1,1,3.0,78502,M,,,78
201600034677,16,1,4,1345,1,2,3,1,3.0,78372,M,,,78
201600034678,16,9,26,1640,1,2,4,1,3.0,78350,M,,,78
201600034679,16,4,21,830,1,2,1,1,6.0,78551,M,,,78
201600034680,16,10,5,1900,2,2,3,1,1.0,78481,M,,,78
201600034681,16,11,22,1128,1,1,2,1,3.0,78224,M,4887078.0,207391.0,78
201600034682,16,10,30,2110,3,1,1,1,6.0,78551,M,,,78
201600034683,16,1,14,1710,1,2,1,1,6.0,78586,M,4994086.0,216600.0,78
201600034684,16,1,27,745,5,2,1,2,6.0,78586,M,4894545.0,217346.0,78
201600034685,16,2,16,1805,2,2,3,1,5.0,78311,M,,,78
201600034686,16,2,19,1530,1,2,1,1,6.0,78396,M,,,78
201600034687,16,2,25,2300,5,2,1,1,6.0,78586,M,4894327.0,216142.0,78
201600034688,16,1,13,1030,1,2,1,1,6.0,78586,M,,,78
201600034689,16,4,29,1740,1,2,1,1,5.0,78311,M,4892639.0,219313.0,78
201600034690,16,5,19,1229,1,2,3,2,3.0,78586,M,4893913.0,215832.0,78
201600034691,16,4,26,1930,1,2,2,1,3.0,78586,M,4893392.0,219139.0,78
201600034692,16,5,23,1100,1,2,1,3,3.0,78311,M,,,78
201600034693,16,3,8,835,1,2,1,1,6.0,78586,M,4994546.0,217343.0,78
201600034694,16,5,11,1515,1,2,3,2,6.0,78586,M,0.0,217572.0,78
201600034695,16,6,10,1725,1,2,3,7,7.0,78586,M,4893282.0,216429.0,78
201600034696,16,7,6,1910,1,2,3,1,6.0,78586,M,4894261.0,219752.0,78
201600034697,16,6,3,1650,1,2,1,1,6.0,78586,M,4893978.0,215268.0,78
201600034698,16,7,21,2000,1,2,1,1,6.0,78396,M,,,78
201600034699,16,7,27,1800,1,2,1,1,7.0,78586,M,,,78
201600034700,16,6,24,1750,1,2,3,1,3.0,78586,M,4892550.0,215794.0,78
201600034701,16,8,15,2040,1,2,3,1,3.0,78586,M,,,78
201600034702,16,8,22,1445,1,2,3,1,3.0,78586,M,,,78
201600034703,16,8,22,2205,5,2,1,1,6.0,78358,M,,,78
201600034704,16,8,26,1320,1,2,3,1,3.0,78358,M,,,78
201600034705,16,3,16,1620,1,2,1,1,6.0,78586,M,4893374.0,215104.0,78
201600034706,16,9,5,930,1,2,2,2,2.0,78311,M,4893655.0,218346.0,78
201600034707,16,9,13,1800,1,2,1,1,2.0,78586,M,4895025.0,217888.0,78
201600034708,16,9,18,1640,1,2,1,1,6.0,78124,M,4891000.0,217695.0,78
201600034709,16,9,17,1816,1,2,3,1,3.0,78586,M,4894063.0,217449.0,78
201600034710,16,10,18,1900,5,2,1,2,6.0,78586,M,4893758.0,217208.0,78
201600034711,16,11,8,830,2,2,1,1,6.0,78586,M,4894483.0,217547.0,78
201600034712,16,11,13,1050,1,2,3,2,3.0,78311,M,,,78
201600034713,16,11,17,910,1,2,2,1,3.0,78586,M,4893911.0,217402.0,78
201600034714,16,11,17,1913,5,2,1,2,3.0,78311,M,,,78
201600034715,16,11,7,825,1,2,3,2,3.0,78124,M,,,78
201600034716,16,11,29,1549,1,2,1,1,6.0,78358,M,,,78
201600034717,16,12,1,1720,2,2,2,1,6.0,78586,M,4893830.0,217052.0,78
201600034718,16,12,3,1145,1,2,3,1,6.0,78586,M,4894036.0,217058.0,78
201600034719,16,12,6,2020,5,2,3,1,3.0,78358,M,,,78
201600034720,16,12,12,1720,5,1,2,2,1.0,78358,M,,,78
201600034721,16,12,7,1220,1,2,4,1,1.0,78124,M,,,78
201600034722,16,12,24,1459,1,2,1,1,1.0,78311,M,,,78
201600034723,16,1,7,1340,1,2,2,1,3.0,78646,M,4885661.0,235222.0,78
201600034724,16,12,17,1250,1,2,1,1,6.0,78158,M,,,78
201600034725,16,12,9,1320,1,2,1,1,6.0,78158,M,4882788.0,212627.0,78
201600034726,16,11,9,905,1,2,1,2,3.0,78646,M,4880149.0,212918.0,78
201600034727,16,1,11,1925,5,2,3,1,3.0,78646,M,4879159.0,214546.0,78
201600034728,16,12,7,1651,1,2,8,1,6.0,78343,M,4886272.0,228759.0,78
201600034729,16,1,28,1650,1,2,2,1,3.0,78646,M,,,78
201600034730,16,1,25,1705,1,2,1,2,1.0,78343,M,4876258.0,215260.0,78
201600034731,16,1,29,930,1,2,3,1,6.0,78158,M,4882724.0,213047.0,78
201600034732,16,1,29,705,2,2,3,1,1.0,78158,M,4882705.0,212312.0,78
201600034733,16,3,7,855,1,2,2,2,6.0,78646,M,4881390.0,213682.0,78
201600034734,16,3,9,745,1,2,2,1,6.0,78646,M,4880661.0,214959.0,78
201600034735,16,3,13,2130,3,2,2,1,1.0,78646,M,4880140.0,213012.0,78
201600034736,16,3,14,1955,3,2,1,1,6.0,78646,M,,,78
201600034737,16,3,21,844,1,2,1,1,7.0,78646,M,4878242.0,212009.0,78
201600034738,16,3,29,1005,1,2,3,1,6.0,78646,M,4883850.0,218597.0,78
201600034739,16,3,27,1310,1,2,1,1,6.0,78646,M,4881190.0,212618.0,78
201600034740,16,4,2,1950,1,2,3,2,1.0,78092,M,4885774.0,213487.0,78
201600034741,16,1,20,2020,5,2,3,1,3.0,78640,M,4878302.0,218472.0,78
201600034742,16,1,20,1830,5,2,1,1,6.0,78686,M,4880472.0,217974.0,78
201600034743,16,4,24,2130,2,2,9,1,4.0,78640,M,4846473.0,211445.0,78
201600034744,16,4,14,1725,1,2,1,2,2.0,78117,M,4876340.0,212039.0,78
201600034745,16,4,19,1750,1,2,2,1,1.0,78646,M,4879672.0,212710.0,78
201600034746,16,5,3,1630,1,2,1,1,3.0,78646,M,4885660.0,235222.0,78
201600034747,16,5,4,2145,3,2,1,1,6.0,78646,M,4878742.0,210454.0,78
201600034748,16,5,7,1935,1,2,1,1,3.0,78158,M,4882101.0,212713.0,78
201600034749,16,5,10,1600,1,2,2,2,6.0,78646,M,4880810.0,213219.0,78
201600034750,16,5,12,1740,1,2,1,2,6.0,78646,M,4879315.0,214389.0,78
201600034751,16,5,25,919,1,2,2,1,3.0,78646,M,4880254.0,211251.0,78
201600034752,16,5,8,1640,1,2,1,1,3.0,78126,M,4885661.0,235222.0,78
201600034753,16,5,31,1445,1,1,1,1,4.0,78646,M,,,78
201600034754,16,6,6,2100,1,2,2,1,3.0,78646,M,,,78
201600034755,16,6,10,1055,1,2,1,1,4.0,78117,M,4876626.0,212863.0,78
201600034756,16,6,11,1715,1,2,1,1,3.0,78646,M,4881343.0,213617.0,78
201600034757,16,6,18,2120,2,2,1,1,1.0,78158,M,,,78
201600034758,16,6,26,1100,1,1,3,1,3.0,78126,M,,,78
201600034759,16,6,29,1350,1,2,1,1,2.0,78646,M,,,78
201600034760,16,6,30,1945,1,2,1,1,7.0,78646,M,,,78
201600034761,16,7,11,1820,1,2,1,1,6.0,78646,M,4879310.0,215128.0,78
201600034762,16,7,22,2135,1,2,1,1,3.0,78646,M,4880179.0,213473.0,78
201600034763,16,8,17,1110,1,2,2,1,6.0,78646,M,4881141.0,212930.0,78
201600034764,16,8,23,2052,1,2,1,1,6.0,78158,M,4882435.0,211765.0,78
201600034765,16,6,12,1535,1,2,1,1,2.0,78640,M,4878075.0,220733.0,78
201600034766,16,1,5,30,5,2,3,1,2.0,78686,M,4880402.0,217272.0,78
201600034767,16,9,1,1825,1,2,2,1,2.0,78524,M,,,78
201600034768,16,10,5,1250,1,2,1,1,6.0,78646,M,4880417.0,213036.0,78
201600034769,16,9,7,1720,1,2,2,1,1.0,78646,M,4879494.0,215559.0,78
201600034770,16,9,7,1,5,2,2,1,3.0,78646,M,4880603.0,215007.0,78
201600034771,16,11,2,1300,1,2,4,1,1.0,78646,M,4880635.0,215791.0,78
201600034772,16,11,3,1220,1,1,1,1,3.0,78646,M,4879037.0,211819.0,78
201600034773,16,11,4,1225,1,2,1,1,3.0,78646,M,4880204.0,210481.0,78
201600034774,16,11,9,2155,5,2,1,3,6.0,78646,M,4886272.0,258759.0,78
201600034775,16,11,25,1530,1,2,1,1,6.0,78640,M,4878464.0,221541.0,78
201600034776,16,11,26,1833,3,2,1,1,3.0,78646,M,4878416.0,212211.0,78
201600034777,16,11,28,1400,1,2,1,1,3.0,78646,M,4883800.0,212270.0,78
201600034778,16,12,2,1300,1,2,2,1,6.0,78646,M,4881155.0,212618.0,78
201600034779,16,12,2,1320,1,2,1,1,3.0,78646,M,4879282.0,213675.0,78
201600034780,16,12,8,1410,1,2,1,1,6.0,78158,M,,,78
201600034781,16,12,20,1315,1,2,1,1,6.0,78126,M,,,78
201600034782,16,12,12,2015,5,2,1,2,7.0,78158,M,,,78
201600034783,16,10,28,1810,2,2,7,1,6.0,78646,M,4851000.0,217000.0,78
201600034784,16,11,30,2110,5,2,1,1,3.0,78646,M,4848170.0,281000.0,78
201600034785,16,12,15,2310,5,2,3,1,3.0,78646,M,,,78
201600034786,16,12,9,1800,5,2,2,1,3.0,79191,M,4634206.0,-44350.0,79
201600034787,16,12,18,2055,5,2,1,1,6.0,79191,M,4631643.0,-46806.0,79
201600034788,16,1,5,1734,2,2,1,8,3.0,79191,M,4633372.0,-42063.0,79
201600034789,16,12,27,1900,5,2,1,1,6.0,79191,M,4633594.0,-40818.0,79
201600034790,16,1,19,1925,3,2,1,1,2.0,79191,M,4633627.0,-49955.0,79
201600034791,16,1,21,1355,1,2,1,1,1.0,79191,M,4635024.0,-51627.0,79
201600034792,16,1,28,1555,1,1,1,2,2.0,79191,M,4632457.0,-45820.0,79
201600034793,16,2,16,1250,1,2,1,1,6.0,79191,M,4632052.0,-46563.0,79
201600034794,16,2,26,1150,1,2,1,1,3.0,79191,M,4631321.0,-45502.0,79
201600034795,16,2,28,1155,1,2,1,1,6.0,79191,M,4632246.0,-46265.0,79
201600034796,16,2,29,1805,1,2,1,1,6.0,79191,M,4633101.0,-46874.0,79
201600034797,16,3,1,850,1,2,1,1,6.0,79191,M,4633112.0,-42025.0,79
201600034798,16,3,4,1430,1,2,4,2,7.0,79191,M,4632943.0,-44357.0,79
201600034799,16,3,8,1455,1,2,2,1,2.0,79191,M,4634157.0,-47464.0,79
201600034800,16,3,16,530,5,2,1,1,6.0,79191,M,4631914.0,-48758.0,79
201600034801,16,3,17,755,1,2,6,1,3.0,79191,M,4634212.0,-45250.0,79
201600034802,16,3,30,1150,1,2,1,1,4.0,79191,M,4629690.0,-47218.0,79
201600034803,16,4,2,1005,1,2,1,1,3.0,79191,M,4633674.0,-46396.0,79
201600034804,16,4,8,2335,5,2,1,1,6.0,79191,M,4632496.0,-46805.0,79
201600034805,16,5,30,1220,1,2,2,8,3.0,79191,M,4631503.0,-47442.0,79
201600034806,16,6,20,915,1,2,3,1,3.0,79191,M,4631619.0,-46973.0,79
201600034807,16,7,2,1450,1,2,1,8,3.0,79191,M,4633505.0,-46528.0,79
201600034808,16,7,4,1230,1,2,2,8,5.0,79191,M,4631613.0,-46883.0,79
201600034809,16,8,21,620,5,2,5,1,7.0,79191,M,4632792.0,-45932.0,79
201600034810,16,8,21,715,2,2,3,1,3.0,79191,M,4634638.0,-50554.0,79
201600034811,16,8,22,1650,1,2,1,1,6.0,79081,M,4634632.0,-37573.0,79
201600034812,16,9,2,1430,1,2,1,1,6.0,79191,M,4632600.0,-45230.0,79
201600034813,16,9,11,1025,1,1,1,1,1.0,79081,M,4635412.0,-35337.0,79
201600034814,16,9,20,855,1,2,1,1,2.0,79081,M,4634718.0,-35786.0,79
201600034815,16,9,21,855,1,2,1,1,3.0,79191,M,4633426.0,-47188.0,79
201600034816,16,9,23,1840,1,2,2,1,6.0,79191,M,4631840.0,-51110.0,79
201600034817,16,9,24,1330,1,2,1,1,1.0,79191,M,4632033.0,-45394.0,79
201600034818,16,9,27,1610,1,2,3,1,3.0,79191,M,4633087.0,-47053.0,79
201600034819,16,9,25,1510,1,2,1,1,1.0,79191,M,4631545.0,-41046.0,79
201600034820,16,10,24,2015,5,2,3,1,3.0,79191,M,4632975.0,-44274.0,79
201600034821,16,10,21,2000,5,2,1,1,6.0,79081,M,4636059.0,-37410.0,79
201600034822,16,12,2,1830,5,2,1,1,3.0,79081,M,4634094.0,-39536.0,79
201600034823,16,1,14,805,3,2,2,2,3.0,79329,M,4697573.0,-21629.0,79
201600034824,16,1,13,2120,5,2,3,1,3.0,79329,M,4698588.0,-22750.0,79
201600034825,16,1,28,1210,1,2,1,2,6.0,79329,M,4699234.0,-21328.0,79
201600034826,16,1,29,1005,1,2,2,1,6.0,79329,M,4697875.0,-21647.0,79
201600034827,16,2,8,905,1,2,1,6,1.0,79329,M,4697825.0,-21731.0,79
201600034828,16,3,12,1705,1,1,1,1,1.0,79300,M,4699740.0,-20822.0,79
201600034829,16,3,17,1325,1,2,1,1,6.0,79329,M,4697611.0,-21411.0,79
201600034830,16,3,27,1745,1,1,1,1,1.0,79329,M,4698244.0,-22021.0,79
201600034831,16,4,8,1150,1,2,1,1,7.0,79329,M,4697592.0,-19831.0,79
201600034832,16,4,10,315,3,2,3,1,7.0,79329,M,4698289.0,-19887.0,79
201600034833,16,6,3,1213,1,2,7,8,6.0,79329,M,4697845.0,-21179.0,79
201600034834,16,6,21,1130,1,1,2,1,7.0,79259,M,4695339.0,-21533.0,79
201600034835,16,7,1,2025,1,2,3,1,6.0,79259,M,4697076.0,-21216.0,79
201600034836,16,7,9,2034,1,1,9,1,3.0,79259,M,4694085.0,-23867.0,79
201600034837,16,7,11,1615,1,2,3,1,3.0,79329,M,4698971.0,-22205.0,79
201600034838,16,7,15,1740,1,1,2,1,1.0,79259,M,4695383.0,-21519.0,79
201600034839,16,7,16,1535,1,2,1,1,3.0,79329,M,4698722.0,-21081.0,79
201600034840,16,7,21,1050,1,2,9,1,3.0,79329,M,4697720.0,-20732.0,79
201600034841,16,8,24,1819,1,2,2,1,3.0,79329,M,4697581.0,-21629.0,79
201600034842,16,8,29,1000,1,2,6,2,3.0,79329,M,4697937.0,-19859.0,79
201600034843,16,9,2,1000,1,2,1,1,6.0,79329,M,4698170.0,-21340.0,79
201600034844,16,9,11,1425,1,2,1,1,7.0,79329,M,4698355.0,-21212.0,79
201600034845,16,9,21,1220,1,2,1,1,2.0,79329,M,,,79
201600034846,16,9,22,849,1,2,2,1,3.0,79329,M,,,79
201600034847,16,9,29,35,5,2,2,1,3.0,79329,M,4698560.0,-22705.0,79
201600034848,16,10,21,1810,1,1,2,1,7.0,79329,M,4697784.0,-18069.0,79
201600034849,16,10,29,1612,1,2,3,1,3.0,79329,M,4699672.0,-20705.0,79
201600034850,16,11,23,1700,2,1,2,8,7.0,79259,M,4695380.0,-21487.0,79
201600034851,16,12,15,2150,5,2,3,8,7.0,79329,M,4697854.0,-20324.0,79
201600034852,16,1,24,1058,1,2,1,1,6.0,80001,M,5010399.0,182767.0,80
201600034853,16,4,1,1720,1,2,9,1,6.0,80001,M,5010169.0,185585.0,80
201600034854,16,5,18,1510,1,2,6,2,3.0,80001,M,5010421.0,184308.0,80
201600034855,16,5,25,1450,1,1,1,1,6.0,80001,M,5010935.0,183084.0,80
201600034856,16,6,7,1600,1,2,1,1,6.0,80001,M,5010309.0,185257.0,80
201600034857,16,8,7,2115,1,2,9,1,6.0,80001,M,5010388.0,184046.0,80
201600034858,16,8,15,1015,1,2,1,1,6.0,80001,M,5010570.0,182714.0,80
201600034859,16,9,6,1555,1,2,1,1,6.0,80001,M,5010544.0,184007.0,80
201600034860,16,9,29,730,1,2,1,1,3.0,80001,M,5010644.0,180150.0,80
201600034861,16,10,10,1325,1,2,1,1,6.0,80001,M,5009841.0,183805.0,80
201600034862,16,10,28,1157,1,2,1,1,6.0,80001,M,5010011.0,183297.0,80
201600034863,16,12,2,230,5,2,1,1,6.0,80001,M,5011042.0,183872.0,80
201600034864,16,11,26,1720,5,1,9,1,3.0,80001,M,5010117.0,184768.0,80
201600034865,16,12,23,1830,5,2,1,1,6.0,80021,M,4991675.0,229884.0,80
201600034866,16,12,24,404,3,1,1,2,7.0,80021,M,4988402.0,225779.0,80
201600034867,16,1,2,1410,1,1,3,2,5.0,80131,M,4985729.0,238161.0,80
201600034868,16,1,2,1620,1,1,1,3,7.0,80164,M,,,80
201600034869,16,1,2,1750,2,2,1,2,2.0,80021,M,4987763.0,228287.0,80
201600034870,16,1,5,1945,5,2,1,1,7.0,80021,M,4989189.0,229203.0,80
201600034871,16,1,7,900,1,2,3,1,7.0,80021,M,4987075.0,233316.0,80
201600034872,16,1,7,1450,1,2,1,1,7.0,80632,M,4987670.0,225735.0,80
201600034873,16,1,11,1430,1,2,1,2,4.0,80632,M,4987625.0,225600.0,80
201600034874,16,1,11,1335,1,2,1,2,1.0,80724,M,4986092.0,222932.0,80
201600034875,16,1,12,1835,5,2,1,2,7.0,80021,M,4989524.0,229341.0,80
201600034876,16,1,12,1510,1,2,1,2,2.0,80021,M,4987883.0,230282.0,80
201600034877,16,1,12,1635,1,2,1,2,7.0,80021,M,4988521.0,228885.0,80
201600034878,16,1,15,1235,1,1,1,1,2.0,80164,M,4992113.0,236944.0,80
201600034879,16,1,17,1530,1,2,1,1,7.0,80021,M,4988798.0,231571.0,80
201600034880,16,1,22,800,3,1,6,1,3.0,80261,M,4986016.0,227498.0,80
201600034881,16,1,20,1055,1,2,1,7,7.0,80021,M,4990756.0,231893.0,80
201600034882,16,1,25,1420,1,2,1,1,3.0,80164,M,4989950.0,234121.0,80
201600034883,16,1,29,850,1,2,1,1,7.0,80021,M,4992809.0,226759.0,80
201600034884,16,1,29,1730,1,2,1,1,2.0,80674,M,4990112.0,233994.0,80
201600034885,16,1,30,1450,1,2,1,3,4.0,80021,M,4989193.0,229211.0,80
201600034886,16,2,1,1935,5,2,1,2,1.0,80021,M,4990183.0,229427.0,80
201600034887,16,2,4,1255,1,1,1,1,1.0,80021,M,4992550.0,225596.0,80
201600034888,16,2,4,1340,1,2,1,1,7.0,80021,M,4988840.0,231245.0,80
201600034889,16,2,5,1830,5,2,1,1,7.0,80021,M,4990714.0,230198.0,80
201600034890,16,2,8,1315,1,2,1,1,3.0,80021,M,4990085.0,229877.0,80
201600034891,16,2,9,1315,1,2,3,2,7.0,80021,M,4988694.0,230706.0,80
201600034892,16,2,9,1825,5,2,3,2,3.0,80021,M,4989392.0,231162.0,80
201600034893,16,2,17,2350,5,2,1,1,6.0,80021,M,4989875.0,229547.0,80
201600034894,16,2,19,2320,5,2,2,1,3.0,80725,M,4987051.0,224251.0,80
201600034895,16,1,19,1825,2,2,1,1,6.0,80021,M,4991060.0,230942.0,80
201600034896,16,2,23,1925,2,2,1,2,6.0,80021,M,4989476.0,229181.0,80
201600034897,16,2,25,750,1,2,9,1,7.0,80164,M,4988701.0,234398.0,80
201600034898,16,2,26,1230,1,2,1,1,6.0,80021,M,4988923.0,231042.0,80
201600034899,16,2,27,2245,5,2,1,1,3.0,80021,M,4988283.0,232634.0,80
201600034900,16,2,29,750,1,2,1,1,3.0,80021,M,4988524.0,226711.0,80
201600034901,16,2,29,1430,1,2,1,1,6.0,80021,M,4991153.0,231631.0,80
201600034902,16,3,5,2010,5,2,1,1,7.0,80021,M,4989292.0,229554.0,80
201600034903,16,3,10,2320,5,2,1,1,7.0,80021,M,4989730.0,227061.0,80
201600034904,16,3,15,1430,1,2,1,1,7.0,80021,M,4989839.0,231201.0,80
201600034905,16,3,15,1530,1,2,2,1,3.0,80021,M,4988953.0,230705.0,80
201600034906,16,3,16,1853,1,2,1,1,3.0,80021,M,4991156.0,225217.0,80
201600034907,16,3,16,815,1,2,3,1,3.0,80021,M,4989124.0,231188.0,80
201600034908,16,3,17,1405,1,2,1,1,2.0,80021,M,4989668.0,229439.0,80
201600034909,16,3,23,1055,1,2,1,1,7.0,80021,M,4988917.0,229512.0,80
201600034910,16,3,30,855,1,2,1,1,3.0,80021,M,4988646.0,230354.0,80
201600034911,16,5,19,910,1,2,1,7,6.0,80256,M,4991412.0,223396.0,80
201600034912,16,4,2,1335,1,2,1,1,4.0,80674,M,4990899.0,232629.0,80
201600034913,16,4,6,535,5,2,2,1,3.0,80021,M,4988374.0,228225.0,80
201600034914,16,4,16,2115,5,2,2,1,3.0,80021,M,4991059.0,231120.0,80
201600034915,16,4,8,1615,1,2,1,1,3.0,80021,M,4991160.0,224830.0,80
201600034916,16,4,12,1835,1,2,1,1,6.0,80021,M,4988774.0,229394.0,80
201600034917,16,4,13,1345,1,2,9,1,3.0,80021,M,4992014.0,230468.0,80
201600034918,16,4,19,840,1,1,1,1,4.0,80164,M,4990128.0,235293.0,80
201600034919,16,4,20,1440,1,2,1,1,7.0,80021,M,4989479.0,229334.0,80
201600034920,16,4,20,1640,1,2,1,1,7.0,80021,M,4988388.0,229467.0,80
201600034921,16,4,26,1010,1,2,1,1,2.0,80021,M,4990750.0,226596.0,80
201600034922,16,4,29,1930,1,2,1,2,6.0,80021,M,4991165.0,230712.0,80
201600034923,16,5,15,620,2,2,6,1,7.0,80021,M,4989000.0,229033.0,80
201600034924,16,5,1,1215,1,2,6,1,1.0,80632,M,4987670.0,225672.0,80
201600034925,16,5,6,2155,5,2,2,1,6.0,80021,M,4988102.0,231336.0,80
201600034926,16,5,7,630,2,2,2,1,3.0,80164,M,4992074.0,236799.0,80
201600034927,16,5,7,1500,1,2,1,1,2.0,80021,M,4987788.0,233973.0,80
201600034928,16,5,11,1335,1,2,1,1,3.0,80021,M,4989940.0,229514.0,80
201600034929,16,5,11,1735,1,2,3,1,3.0,80021,M,4989814.0,230074.0,80
201600034930,16,5,13,1430,1,2,2,1,3.0,80021,M,4988060.0,233182.0,80
201600034931,16,5,16,2005,1,2,9,1,3.0,80021,M,4988144.0,228475.0,80
201600034932,16,5,16,1855,1,2,1,1,3.0,80021,M,4987073.0,233327.0,80
201600034933,16,5,18,1720,1,1,1,3,7.0,80160,M,4985714.0,233661.0,80