Num_Acc,an,mois,jour,hrmn,lum,agg,int,atm,col,com,gps,lat,long,dep
201600034934,16,5,5,1,5,2,2,1,3.0,80489,M,4987321.0,235073.0,80
201600034935,16,5,20,1620,1,2,1,1,4.0,80725,M,4987091.0,226047.0,80
201600034936,16,5,25,950,1,2,6,1,3.0,80021,M,4987541.0,228171.0,80
201600034937,16,5,26,700,1,2,1,1,6.0,80021,M,4988216.0,228477.0,80
201600034938,16,5,27,854,1,2,1,1,3.0,80021,M,4988794.0,231379.0,80
201600034939,16,5,28,2030,1,2,1,1,6.0,80021,M,4989690.0,226908.0,80
201600034940,16,6,4,1620,1,1,1,1,6.0,80674,M,4991266.0,233722.0,80
201600034941,16,6,6,725,1,2,3,1,3.0,80489,M,4986771.0,235689.0,80
201600034942,16,6,6,2235,5,2,1,2,6.0,80021,M,4989065.0,229008.0,80
201600034943,16,6,9,1550,1,2,3,1,3.0,80021,M,4987488.0,227422.0,80
201600034944,16,6,9,1905,1,1,1,1,1.0,80256,M,4991056.0,222197.0,80
201600034945,16,6,7,1940,1,2,1,1,6.0,80131,M,4984893.0,239235.0,80
201600034946,16,6,11,1120,1,1,1,1,1.0,80261,M,4983902.0,226934.0,80
201600034947,16,6,18,1200,1,2,1,1,3.0,80021,M,4987560.0,228183.0,80
201600034948,16,6,24,1534,1,2,2,1,3.0,80160,M,4986167.0,234155.0,80
201600034949,16,6,27,830,1,2,1,1,4.0,80021,M,4988021.0,231045.0,80
201600034950,16,6,28,1945,1,2,6,1,3.0,80021,M,4990734.0,230212.0,80
201600034951,16,7,7,2036,1,2,4,1,3.0,80021,M,4990197.0,229999.0,80
201600034952,16,7,7,1750,1,2,1,1,6.0,80021,M,4988880.0,228983.0,80
201600034953,16,7,13,2330,5,2,1,1,7.0,80021,M,4989515.0,230717.0,80
201600034954,16,7,18,730,1,1,1,1,3.0,80021,M,4986182.0,230916.0,80
201600034955,16,7,22,1450,1,1,1,1,6.0,80021,M,4986782.0,233507.0,80
201600034956,16,7,26,2310,5,2,1,1,3.0,80021,M,4987723.0,228258.0,80
201600034957,16,7,27,900,1,2,1,1,7.0,80725,M,4986992.0,225364.0,80
201600034958,16,8,5,1740,1,2,1,1,4.0,80021,M,4990311.0,231651.0,80
201600034959,16,8,1,1505,1,2,1,1,3.0,80021,M,4989534.0,230624.0,80
201600034960,16,8,17,2015,1,2,3,1,3.0,80021,M,4989415.0,229287.0,80
201600034961,16,8,19,2250,5,2,3,2,7.0,80021,M,4994198.0,227971.0,80
201600034962,16,8,21,1725,1,2,3,1,3.0,80021,M,4991169.0,230262.0,80
201600034963,16,8,24,1747,1,2,3,1,3.0,80021,M,4988920.0,230555.0,80
201600034964,16,8,27,1830,1,2,3,1,3.0,80021,M,4990127.0,228408.0,80
201600034965,16,8,31,1925,1,2,1,1,2.0,80021,M,4988901.0,228105.0,80
201600034966,16,8,30,845,1,2,1,7,6.0,80021,M,4991039.0,230823.0,80
201600034967,16,9,1,1345,1,2,3,1,6.0,80021,M,4987886.0,230275.0,80
201600034968,16,9,3,1755,1,2,1,1,3.0,80021,M,4989682.0,229463.0,80
201600034969,16,9,4,1543,1,2,2,1,3.0,80021,M,4991303.0,225482.0,80
201600034970,16,9,9,830,1,1,1,1,4.0,80131,M,4986038.0,238292.0,80
201600034971,16,9,14,1020,1,2,6,1,6.0,80021,M,4988642.0,227916.0,80
201600034972,16,9,14,1830,1,2,1,1,3.0,80021,M,4990480.0,226505.0,80
201600034973,16,9,17,1830,1,2,1,1,7.0,80021,M,4991157.0,231579.0,80
201600034974,16,9,20,835,1,2,1,1,2.0,80021,M,4991042.0,225724.0,80
201600034975,16,9,20,1010,1,2,1,1,3.0,80021,M,4990603.0,227026.0,80
201600034976,16,9,28,1450,1,2,1,1,6.0,80021,M,4991060.0,231639.0,80
201600034977,16,10,3,1715,1,2,1,1,2.0,80725,M,4986564.0,224047.0,80
201600034978,16,10,3,1930,2,2,1,1,2.0,80021,M,4988287.0,229402.0,80
201600034979,16,10,5,802,1,2,1,1,6.0,80021,M,4988925.0,228137.0,80
201600034980,16,10,8,1335,1,2,3,1,3.0,80021,M,4988317.0,231521.0,80
201600034981,16,10,11,1650,1,2,1,1,6.0,80021,M,4993366.0,227295.0,80
201600034982,16,10,14,1735,1,2,1,2,6.0,80021,M,4988240.0,228489.0,80
201600034983,16,10,14,1600,1,2,1,1,6.0,80021,M,4990756.0,230280.0,80
201600034984,16,10,17,1740,1,2,1,1,3.0,80021,M,4988794.0,231379.0,80
201600034985,16,10,22,100,5,2,1,1,6.0,80674,M,4989844.0,233098.0,80
201600034986,16,10,30,1315,1,2,1,1,6.0,80021,M,4987280.0,229302.0,80
201600034987,16,11,3,1830,5,2,3,1,3.0,80021,M,4989679.0,228304.0,80
201600034988,16,11,7,1826,5,2,1,2,3.0,80021,M,4987693.0,234305.0,80
201600034989,16,11,9,753,2,2,1,3,6.0,80021,M,4990483.0,230662.0,80
201600034990,16,11,10,925,1,1,1,1,2.0,80160,M,4986159.0,234135.0,80
201600034991,16,11,15,1115,1,2,2,2,3.0,80021,M,4988407.0,228209.0,80
201600034992,16,11,16,827,2,2,1,2,6.0,80021,M,4987290.0,231275.0,80
201600034993,16,11,18,1605,1,2,1,2,2.0,80021,M,4988957.0,230711.0,80
201600034994,16,11,19,1315,1,2,1,1,3.0,80021,M,4987475.0,226578.0,80
201600034995,16,11,21,1947,5,2,2,2,3.0,80725,M,4987140.0,225733.0,80
201600034996,16,9,12,200,3,1,1,1,6.0,80131,M,4983619.0,240162.0,80
201600034997,16,11,23,1510,1,2,2,1,3.0,80021,M,4989676.0,230044.0,80
201600034998,16,11,25,1850,3,1,1,1,3.0,80702,M,4984696.0,231212.0,80
201600034999,16,11,29,1050,1,1,1,1,3.0,80021,M,4989366.0,229291.0,80
201600035000,16,11,30,820,1,2,1,2,6.0,80021,M,4988046.0,227674.0,80
201600035001,16,12,1,2050,5,2,1,1,3.0,80021,M,4991095.0,225594.0,80
201600035002,16,12,3,30,5,2,2,1,3.0,80021,M,4989399.0,229295.0,80
201600035003,16,12,3,1235,1,1,1,1,6.0,80164,M,,,80
201600035004,16,12,6,1825,5,2,3,1,3.0,80021,M,4990800.0,226449.0,80
201600035005,16,12,7,1130,1,2,1,1,3.0,80021,M,4987907.0,230514.0,80
201600035006,16,12,10,310,5,2,1,1,6.0,80021,M,4988270.0,231950.0,80
201600035007,16,12,9,1438,1,2,1,1,2.0,80021,M,4990066.0,228214.0,80
201600035008,16,12,9,2245,5,2,1,1,2.0,80256,M,4991410.0,223409.0,80
201600035009,16,12,17,300,5,2,1,1,6.0,80021,M,4990132.0,227061.0,80
201600035010,16,12,17,310,5,2,1,1,6.0,80021,M,4989345.0,230250.0,80
201600035011,16,12,19,756,2,2,6,1,3.0,80021,M,4990688.0,231800.0,80
201600035012,16,12,20,1315,1,2,1,1,6.0,80021,M,4989713.0,229496.0,80
201600035013,16,12,21,830,1,2,1,1,6.0,80021,M,4991168.0,230203.0,80
201600035014,16,12,21,1635,1,2,1,1,6.0,80021,M,4989116.0,230627.0,80
201600035015,16,2,11,1820,2,2,9,1,6.0,81004,M,,,81
201600035016,16,4,24,2245,5,2,1,1,6.0,81004,M,,,81
201600035017,16,8,22,2345,3,1,1,1,1.0,81018,M,4395230.0,223139.0,81
201600035018,16,9,30,1130,1,1,3,1,5.0,81004,M,4392750.0,219984.0,81
201600035019,16,10,12,1340,1,2,1,1,3.0,81004,M,4393340.0,214641.0,81
201600035020,16,11,10,730,2,1,2,8,3.0,81004,M,4390960.0,219743.0,81
201600035021,16,6,9,1200,1,2,3,1,6.0,81060,M,,,81
201600035022,16,7,3,756,1,2,1,1,1.0,81060,M,,,81
201600035023,16,7,6,1555,1,2,1,1,6.0,81060,M,4404980.0,215612.0,81
201600035024,16,1,16,1140,1,1,2,1,3.0,81065,M,4363470.0,218472.0,81
201600035025,16,1,18,936,1,1,1,8,3.0,81065,M,4365710.0,221886.0,81
201600035026,16,2,6,30,3,1,1,1,1.0,81065,M,4357150.0,225672.0,81
201600035027,16,2,17,1015,1,1,1,1,5.0,81065,M,4364880.0,221800.0,81
201600035028,16,3,25,2120,5,2,7,1,6.0,81065,M,,,81
201600035029,16,6,8,1610,1,2,1,1,7.0,81065,M,,,81
201600035030,16,7,3,1250,1,1,1,1,5.0,81065,M,4361570.0,219753.0,81
201600035031,16,7,9,2250,3,1,1,1,1.0,81065,M,4356480.0,227297.0,81
201600035032,16,8,11,1420,1,1,1,1,7.0,81065,M,4359730.0,231772.0,81
201600035033,16,9,24,1110,1,1,1,1,1.0,81065,M,,,81
201600035034,16,12,15,1300,1,2,1,1,7.0,81065,M,4360890.0,224541.0,81
201600035035,16,12,24,145,3,1,1,5,1.0,81065,M,4357150.0,225661.0,81
201600035036,16,2,20,1800,1,1,1,1,7.0,81163,M,4347420.0,237035.0,81
201600035037,16,5,21,2240,4,2,1,1,7.0,81021,M,4350830.0,237308.0,81
201600035038,16,5,12,1950,1,2,1,1,6.0,81163,M,4349000.0,236612.0,81
201600035039,16,5,21,1715,1,1,1,1,6.0,81163,M,4346350.0,235414.0,81
201600035040,16,6,2,1545,1,2,1,1,6.0,81163,M,4350710.0,237825.0,81
201600035041,16,8,18,1415,1,1,1,1,6.0,81163,M,4343860.0,233312.0,81
201600035042,16,9,3,1555,1,2,1,1,3.0,81036,M,4349810.0,239041.0,81
201600035043,16,9,27,755,1,2,9,1,3.0,81163,M,4349400.0,236803.0,81
201600035044,16,11,25,1700,2,2,1,1,3.0,81163,M,4350360.0,238311.0,81
201600035045,16,11,27,800,1,2,1,1,6.0,81021,M,4350680.0,236253.0,81
201600035046,16,11,18,1730,2,2,1,2,6.0,81063,M,4349730.0,237566.0,81
201600035047,16,1,4,805,2,2,1,1,6.0,82033,M,4404232.0,110489.0,82
201600035048,16,2,13,1105,1,2,3,1,6.0,82033,M,4404079.0,110933.0,82
201600035049,16,3,24,1030,1,2,1,1,6.0,82033,M,4403887.0,111095.0,82
201600035050,16,6,28,1820,1,2,6,1,3.0,82033,M,4403692.0,111102.0,82
201600035051,16,7,1,1940,1,1,3,1,7.0,82033,M,4406480.0,111113.0,82
201600035052,16,8,12,1500,1,2,2,1,3.0,82033,M,4403830.0,110789.0,82
201600035053,16,9,3,945,1,1,4,1,3.0,82033,M,,,82
201600035054,16,9,29,850,1,2,2,1,6.0,82033,M,4403601.0,110985.0,82
201600035055,16,12,1,800,2,1,1,5,5.0,82033,M,4407916.0,111333.0,82
201600035056,16,12,6,1339,1,1,1,1,1.0,82033,M,4402674.0,108737.0,82
201600035057,16,12,20,745,3,1,3,5,1.0,82033,M,4403006.0,114138.0,82
201600035058,16,11,10,1255,1,2,6,2,7.0,82121,M,4403327.0,137498.0,82
201600035059,16,11,19,1025,1,2,7,1,6.0,82121,M,4401688.0,135370.0,82
201600035060,16,11,25,1540,1,2,1,1,6.0,82121,M,4404670.0,141181.0,82
201600035061,16,1,9,1900,5,2,1,1,6.0,82121,M,4401425.0,134723.0,82
201600035062,16,1,26,930,1,2,6,1,6.0,82121,M,4401178.0,137237.0,82
201600035063,16,12,11,2130,3,1,1,1,6.0,82121,M,4403329.0,141719.0,82
201600035064,16,12,15,2305,3,1,1,1,6.0,82121,M,4397979.0,129037.0,82
201600035065,16,2,28,405,3,1,1,2,3.0,82121,M,,,82
201600035066,16,2,9,1855,5,2,3,1,3.0,82121,M,4403993.0,131443.0,82
201600035067,16,2,12,1330,1,2,1,1,1.0,82121,M,4401837.0,133247.0,82
201600035068,16,12,27,1300,1,2,1,1,6.0,82121,M,4401814.0,136315.0,82
201600035069,16,3,15,2035,5,2,1,1,6.0,82121,M,,,82
201600035070,16,3,17,705,1,1,1,1,3.0,82121,M,,,82
201600035071,16,3,1,1935,5,2,3,1,3.0,82121,M,4403794.0,135691.0,82
201600035072,16,2,15,1315,1,2,1,1,3.0,82121,M,4403857.0,137094.0,82
201600035073,16,2,19,1830,2,2,1,1,6.0,82121,M,4402241.0,135878.0,82
201600035074,16,2,20,1515,1,1,1,1,2.0,82121,M,4401648.0,130839.0,82
201600035075,16,3,11,1640,1,2,1,1,6.0,82121,M,4401539.0,136605.0,82
201600035076,16,3,20,2215,5,2,2,1,3.0,82121,M,4403731.0,136463.0,82
201600035077,16,4,28,1420,1,2,2,1,3.0,82121,M,4403653.0,136816.0,82
201600035078,16,5,3,1945,1,2,3,1,3.0,82121,M,4400861.0,134462.0,82
201600035079,16,5,7,1755,1,2,3,1,3.0,82121,M,4401201.0,135386.0,82
201600035080,16,5,4,1220,1,1,3,1,1.0,82121,M,4405642.0,140430.0,82
201600035081,16,5,20,1530,1,2,1,1,6.0,82121,M,4401768.0,135471.0,82
201600035082,16,5,17,1819,1,1,3,1,3.0,82121,M,4403655.0,133989.0,82
201600035083,16,5,27,1615,1,2,1,7,6.0,82121,M,4401480.0,134175.0,82
201600035084,16,5,28,1000,1,2,1,1,3.0,82121,M,4401076.0,133706.0,82
201600035085,16,6,7,500,5,2,2,1,3.0,82121,M,4401258.0,134692.0,82
201600035086,16,6,4,2015,1,2,3,1,3.0,82121,M,4403691.0,137969.0,82
201600035087,16,6,23,1445,1,1,2,1,3.0,82121,M,4398925.0,130903.0,82
201600035088,16,7,4,30,3,1,1,1,6.0,82121,M,4400555.0,133903.0,82
201600035089,16,7,12,1040,1,2,3,1,6.0,82121,M,4401814.0,137072.0,82
201600035090,16,8,23,1725,1,2,3,1,3.0,82121,M,4402601.0,136612.0,82
201600035091,16,8,19,1630,1,2,1,1,7.0,82121,M,4402749.0,138788.0,82
201600035092,16,8,21,1145,1,1,1,1,3.0,82121,M,4402085.0,136058.0,82
201600035093,16,10,14,1255,1,1,1,2,5.0,82121,M,,,82
201600035094,16,8,29,1345,1,2,1,1,1.0,82121,M,4403553.0,135734.0,82
201600035095,16,9,6,1620,1,2,1,1,6.0,82121,M,4401138.0,136225.0,82
201600035096,16,9,9,800,1,2,1,1,6.0,82121,M,4401542.0,135722.0,82
201600035097,16,9,27,1100,1,2,3,1,3.0,82121,M,4402758.0,136797.0,82
201600035098,16,10,3,1130,1,2,6,1,3.0,82121,M,4403471.0,135714.0,82
201600035099,16,10,4,1535,1,1,2,1,3.0,82121,M,4404113.0,142150.0,82
201600035100,16,10,14,745,2,2,1,1,6.0,82121,M,4401668.0,134471.0,82
201600035101,16,10,26,2230,5,2,2,1,3.0,82121,M,4401840.0,136296.0,82
201600035102,16,1,21,900,1,1,1,1,4.0,83141,M,4351040.0,648034.0,83
201600035103,16,1,24,1500,1,2,3,1,3.0,83050,M,4353338.0,646964.0,83
201600035104,16,2,3,1130,1,2,1,1,6.0,83050,M,4353941.0,646321.0,83
201600035105,16,3,22,1905,1,1,1,1,1.0,83050,M,4353286.0,647153.0,83
201600035106,16,4,10,1005,1,1,1,1,6.0,83050,M,4353689.0,645340.0,83
201600035107,16,3,29,1355,1,2,3,1,3.0,83050,M,4353342.0,646973.0,83
201600035108,16,4,14,1900,1,1,9,1,3.0,83050,M,4355519.0,643188.0,83
201600035109,16,4,20,1055,1,2,1,1,1.0,83050,M,4354068.0,647531.0,83
201600035110,16,4,21,1755,1,2,1,1,6.0,83141,M,4350495.0,648656.0,83
201600035111,16,4,29,1240,1,2,1,1,3.0,83050,M,,,83
201600035112,16,5,7,1730,1,2,1,1,2.0,83141,M,4350950.0,648095.0,83
201600035113,16,5,18,1555,1,2,6,1,6.0,83050,M,4353155.0,647392.0,83
201600035114,16,5,24,1215,1,2,1,1,6.0,83050,M,,,83
201600035115,16,6,3,1430,1,1,1,1,2.0,83050,M,4352084.0,647292.0,83
201600035116,16,7,12,1730,1,2,2,1,1.0,83050,M,4353383.0,647762.0,83
201600035117,16,7,12,1820,1,2,1,1,6.0,83050,M,,,83
201600035118,16,7,28,1335,1,2,6,1,3.0,83050,M,4353674.0,645338.0,83
201600035119,16,7,26,1550,1,1,1,1,6.0,83050,M,4353920.0,644893.0,83
201600035120,16,8,9,905,1,2,3,1,3.0,83050,M,4353644.0,646031.0,83
201600035121,16,8,23,1325,1,2,1,1,1.0,83141,M,4350909.0,648141.0,83
201600035122,16,8,24,1930,1,2,2,1,2.0,83050,M,,,83
201600035123,16,9,5,1845,1,1,6,1,3.0,83050,M,4353191.0,644922.0,83
201600035124,16,10,20,1510,1,2,1,1,6.0,83050,M,4351882.0,647785.0,83
201600035125,16,11,1,1406,1,2,1,1,5.0,83050,M,4352997.0,645623.0,83
201600035126,16,11,23,1225,1,2,1,1,6.0,83050,M,4353966.0,645778.0,83
201600035127,16,11,28,1600,1,2,1,1,6.0,83050,M,4353088.0,647497.0,83
201600035128,16,12,12,1615,1,2,3,1,3.0,83050,M,4352932.0,647785.0,83
201600035129,16,1,30,1640,1,2,1,1,6.0,83061,M,,,83
201600035130,16,5,8,200,5,2,1,1,6.0,83061,M,4344194.0,672333.0,83
201600035131,16,5,25,1630,1,2,1,1,2.0,83061,M,4343179.0,673354.0,83
201600035132,16,6,11,1446,1,2,1,1,6.0,83118,M,4342770.0,677184.0,83
201600035133,16,6,24,1650,1,2,1,1,1.0,83118,M,4343308.0,680695.0,83
201600035134,16,6,29,1419,1,2,1,1,1.0,83061,M,4344386.0,675006.0,83
201600035135,16,7,12,1845,1,1,1,1,1.0,83061,M,0.0,0.0,83
201600035136,16,8,4,1830,1,2,1,1,3.0,83118,M,4343386.0,677950.0,83
201600035137,16,8,22,1608,1,2,1,1,2.0,83061,M,,,83
201600035138,16,8,12,520,5,2,6,1,3.0,83061,M,,,83
201600035139,16,9,2,1510,1,2,1,1,6.0,83061,M,4340030.0,672988.0,83
201600035140,16,9,28,1430,1,1,3,1,6.0,83061,M,,,83
201600035141,16,9,24,1625,1,2,1,1,3.0,83061,M,4343783.0,675413.0,83
201600035142,16,9,30,2145,5,2,3,1,3.0,83061,M,4343682.0,674047.0,83
201600035143,16,10,8,1440,1,2,1,1,6.0,83061,M,4338555.0,672277.0,83
201600035144,16,10,11,1100,1,2,1,1,6.0,83118,M,4342285.0,676943.0,83
201600035145,16,10,22,1650,1,2,1,1,3.0,83118,M,,,83
201600035146,16,10,28,1645,1,2,3,1,3.0,83061,M,4343767.0,673177.0,83
201600035147,16,11,11,1815,3,1,1,1,1.0,83061,M,4352238.0,689431.0,83
201600035148,16,11,24,1810,5,1,1,3,3.0,83061,M,,,83
201600035149,16,11,25,1620,1,2,8,7,6.0,83061,M,4342442.0,673553.0,83
201600035150,16,1,15,1600,2,2,1,1,6.0,83069,M,4311600.0,613141.0,83
201600035151,16,1,30,1420,1,1,1,1,3.0,83034,M,4310304.0,605602.0,83
201600035152,16,1,30,1839,3,1,1,1,7.0,83069,M,4312772.0,620819.0,83
201600035153,16,2,5,1125,1,2,6,1,6.0,83069,M,4311643.0,613228.0,83
201600035154,16,2,4,1600,1,1,1,1,5.0,83069,M,4312910.0,615962.0,83
201600035155,16,2,8,1358,1,2,1,1,6.0,83069,M,4311334.0,612821.0,83
201600035156,16,2,12,1750,1,2,1,8,5.0,83069,M,4310976.0,612333.0,83
201600035157,16,3,8,300,5,2,1,1,6.0,83069,M,4311950.0,614182.0,83
201600035158,16,4,24,1640,1,2,1,1,2.0,83069,M,4308016.0,612311.0,83
201600035159,16,4,30,1217,1,2,1,1,6.0,83069,M,4310942.0,612450.0,83
201600035160,16,5,6,925,1,1,1,1,6.0,83069,M,4302810.0,615559.0,83
201600035161,16,5,14,1359,1,2,3,1,2.0,83069,M,4310022.0,617042.0,83
201600035162,16,5,14,1000,1,2,9,1,7.0,83069,M,4310941.0,612877.0,83
201600035163,16,5,16,2215,3,1,1,1,6.0,83069,M,4316830.0,611850.0,83
201600035164,16,5,13,1130,1,2,1,1,5.0,83069,M,4308010.0,612802.0,83
201600035165,16,5,21,605,1,1,1,1,5.0,83069,M,4308909.0,612875.0,83
201600035166,16,6,11,2125,2,1,1,1,7.0,83069,M,4311490.0,609622.0,83
201600035167,16,6,11,1000,1,1,1,1,3.0,83069,M,4304476.0,613452.0,83
201600035168,16,6,12,610,1,2,1,1,1.0,83069,M,4312657.0,615217.0,83
201600035169,16,6,24,115,5,1,6,1,6.0,83069,M,4304791.0,614644.0,83
201600035170,16,6,26,35,5,2,1,1,2.0,83069,M,4309503.0,602305.0,83
201600035171,16,7,6,2210,3,1,1,1,2.0,83069,M,4318141.0,611888.0,83
201600035172,16,7,8,1430,1,1,1,1,1.0,83069,M,,,83
201600035173,16,7,13,520,3,2,1,1,1.0,83069,M,4308269.0,615008.0,83
201600035174,16,7,14,2355,3,1,1,1,1.0,83069,M,4315727.0,612833.0,83
201600035175,16,7,29,1225,1,1,1,1,1.0,83069,M,4309039.0,612925.0,83
201600035176,16,8,16,2050,3,2,1,1,1.0,83069,M,4307694.0,612680.0,83
201600035177,16,8,16,1610,1,2,6,1,3.0,83069,M,4311333.0,612336.0,83
201600035178,16,8,21,30,5,1,1,1,5.0,83034,M,4310883.0,604675.0,83
201600035179,16,8,21,1850,1,1,1,1,4.0,83034,M,4310383.0,605472.0,83
201600035180,16,8,28,310,5,1,1,1,6.0,83034,M,4310872.0,604697.0,83
201600035181,16,9,4,1815,1,1,1,1,3.0,83069,M,4308202.0,614277.0,83
201600035182,16,9,6,1800,1,2,1,1,6.0,83069,M,4312079.0,613191.0,83
201600035183,16,9,19,1845,1,1,1,1,3.0,83069,M,4308785.0,612877.0,83
201600035184,16,9,27,35,5,1,1,1,3.0,83069,M,,,83
201600035185,16,9,30,105,5,2,1,1,1.0,83069,M,0.0,0.0,83
201600035186,16,10,1,2210,5,2,8,1,3.0,83069,M,4311341.0,612922.0,83
201600035187,16,10,1,300,5,2,7,1,7.0,83069,M,4311765.0,612662.0,83
201600035188,16,10,18,1220,1,2,1,1,2.0,83069,M,4308417.0,615242.0,83
201600035189,16,10,23,1550,1,2,1,2,6.0,83069,M,4311557.0,615302.0,83
201600035190,16,10,27,1410,1,2,3,1,3.0,83069,M,4311187.0,611375.0,83
201600035191,16,10,19,1225,1,2,1,1,5.0,83069,M,4311534.0,613337.0,83
201600035192,16,10,27,1105,1,2,1,1,6.0,83069,M,4308164.0,615379.0,83
201600035193,16,11,9,1700,2,2,1,1,2.0,83069,M,4310677.0,612765.0,83
201600035194,16,11,19,1900,3,1,1,1,7.0,83034,M,4308460.0,611087.0,83
201600035195,16,10,3,1650,1,2,2,1,1.0,83069,M,4308242.0,612834.0,83
201600035196,16,11,25,915,1,2,6,2,6.0,83069,M,4309051.0,612930.0,83
201600035197,16,12,4,720,5,2,1,1,2.0,83069,M,4311358.0,613000.0,83
201600035198,16,12,10,2110,5,1,1,1,7.0,83069,M,,,83
201600035199,16,12,2,2120,5,2,1,1,1.0,83069,M,,,83
201600035200,16,12,19,1915,3,1,1,6,6.0,83069,M,4310800.0,618000.0,83
201600035201,16,12,23,620,5,1,1,1,2.0,83069,M,4305144.0,614677.0,83
201600035202,16,1,5,1255,1,2,1,1,6.0,83129,M,4309331.0,583209.0,83
201600035203,16,1,8,1850,5,2,3,1,3.0,83129,M,4308738.0,582661.0,83
201600035204,16,1,4,1550,1,2,1,1,6.0,83123,M,4312547.0,580483.0,83
201600035205,16,1,10,315,5,2,6,1,6.0,83129,M,4309824.0,582814.0,83
201600035206,16,1,21,1530,1,2,1,1,2.0,83129,M,4310804.0,582596.0,83
201600035207,16,1,19,925,1,2,1,8,2.0,83129,M,4310728.0,582094.0,83
201600035208,16,1,31,2110,5,2,2,1,3.0,83129,M,4309223.0,584112.0,83
201600035209,16,2,5,1610,1,2,1,1,5.0,83123,M,,,83
201600035210,16,2,17,755,1,2,1,1,2.0,83129,M,4310405.0,581857.0,83
201600035211,16,3,5,2220,5,2,1,1,3.0,83129,M,4310609.0,581851.0,83
201600035212,16,3,9,1905,5,2,1,1,3.0,83009,M,4314891.0,574994.0,83
201600035213,16,3,18,1810,1,1,1,1,1.0,83123,M,4312325.0,582261.0,83
201600035214,16,3,17,1035,1,2,1,1,6.0,83009,M,4313602.0,575341.0,83
201600035215,16,3,15,1220,1,2,1,1,6.0,83129,M,4309179.0,584313.0,83
201600035216,16,4,1,1300,1,2,1,8,3.0,83123,M,4311837.0,579348.0,83
201600035217,16,4,13,1635,1,2,1,1,2.0,83123,M,4312490.0,578859.0,83
201600035218,16,4,11,1800,1,1,6,1,1.0,83129,M,4309761.0,585124.0,83
201600035219,16,4,17,405,5,2,1,1,7.0,83129,M,,,83
201600035220,16,5,10,825,1,2,1,1,3.0,83009,M,4313721.0,575229.0,83
201600035221,16,5,26,840,1,2,6,1,3.0,83009,M,4313699.0,576027.0,83
201600035222,16,5,30,2030,1,1,1,1,3.0,83123,M,,,83
201600035223,16,6,9,1710,1,2,1,1,6.0,83129,M,,,83
201600035224,16,6,10,1225,1,2,1,1,3.0,83129,M,4310461.0,581775.0,83
201600035225,16,6,17,835,1,2,2,1,3.0,83129,M,4309625.0,583129.0,83
201600035226,16,6,18,505,5,2,1,1,6.0,83123,M,4313789.0,581360.0,83
201600035227,16,6,19,1800,1,2,1,1,4.0,83123,M,4313994.0,577638.0,83
201600035228,16,7,9,2140,3,2,1,1,1.0,83009,M,4315490.0,574296.0,83
201600035229,16,7,8,1735,1,2,1,7,6.0,83123,M,4311861.0,580984.0,83
201600035230,16,7,12,1615,1,2,1,1,6.0,83123,M,4312853.0,578150.0,83
201600035231,16,7,19,1825,1,2,1,1,5.0,83129,M,4311805.0,584730.0,83
201600035232,16,7,20,950,1,2,1,1,6.0,83123,M,4311930.0,581156.0,83
201600035233,16,7,30,1520,1,2,1,1,3.0,83123,M,4313073.0,578186.0,83
201600035234,16,8,3,1110,1,2,3,1,3.0,83129,M,4309866.0,582052.0,83
201600035235,16,8,6,755,1,2,1,1,6.0,83009,M,4313594.0,575412.0,83
201600035236,16,8,12,745,1,2,6,1,3.0,83129,M,4309458.0,584694.0,83
201600035237,16,8,13,1600,1,2,1,1,5.0,83123,M,4313815.0,577405.0,83
201600035238,16,8,17,2335,5,2,1,1,6.0,83123,M,4313622.0,581247.0,83
201600035239,16,8,22,1255,1,2,1,1,3.0,83129,M,4310766.0,581877.0,83
201600035240,16,8,20,1950,1,2,1,1,2.0,83129,M,4308825.0,580998.0,83
201600035241,16,8,29,1555,1,2,1,1,5.0,83129,M,4310097.0,582376.0,83
201600035242,16,8,31,1810,1,2,1,1,2.0,83123,M,4311862.0,581008.0,83
201600035243,16,8,31,825,1,2,3,1,3.0,83129,M,4308860.0,585246.0,83
201600035244,16,9,1,1210,1,2,1,1,2.0,83009,M,4314633.0,576569.0,83
201600035245,16,9,20,1010,1,1,1,1,1.0,83123,M,4314152.0,577963.0,83
201600035246,16,9,20,1505,1,2,1,1,2.0,83129,M,4309573.0,582850.0,83
201600035247,16,9,22,2000,5,2,9,1,5.0,83129,M,4308879.0,581026.0,83
201600035248,16,9,23,1825,1,2,1,1,2.0,83129,M,4311093.0,581353.0,83
201600035249,16,9,23,1930,2,2,1,1,6.0,83129,M,4310221.0,581226.0,83
201600035250,16,9,28,1215,1,2,1,1,6.0,83129,M,4311007.0,581285.0,83
201600035251,16,9,28,1605,1,2,6,1,3.0,83129,M,4310658.0,581434.0,83
201600035252,16,10,2,130,5,2,1,1,6.0,83129,M,4310232.0,581100.0,83