Num_Acc,an,mois,jour,hrmn,lum,agg,int,atm,col,com,gps,lat,long,dep
201600035253,16,10,2,210,5,2,1,1,6.0,83129,M,4309595.0,581265.0,83
201600035254,16,10,7,1715,1,2,1,1,6.0,83123,M,4312046.0,580840.0,83
201600035255,16,10,8,2350,5,2,1,1,4.0,83129,M,4311546.0,580849.0,83
201600035256,16,10,26,1745,1,2,1,1,6.0,83129,M,4309601.0,583124.0,83
201600035257,16,11,19,1750,5,2,1,1,3.0,83129,M,4308200.0,583000.0,83
201600035258,16,11,22,1800,5,2,1,1,6.0,83129,M,4310473.0,581760.0,83
201600035259,16,11,28,1115,1,2,1,1,6.0,83129,M,4309800.0,582100.0,83
201600035260,16,12,2,1410,1,2,3,1,3.0,83129,M,4309610.0,583124.0,83
201600035261,16,12,4,1325,1,2,2,1,2.0,83129,M,4310015.0,581198.0,83
201600035262,16,12,5,1730,5,2,1,1,3.0,83129,M,4309323.0,583228.0,83
201600035263,16,12,6,1830,5,2,1,1,6.0,83123,M,4311798.0,580805.0,83
201600035264,16,12,9,1725,5,2,1,1,3.0,83123,M,4312045.0,581416.0,83
201600035265,16,12,12,740,1,2,1,1,6.0,83129,M,4309791.0,582663.0,83
201600035266,16,1,10,1500,1,2,1,1,6.0,83126,M,4308272.0,589511.0,83
201600035267,16,1,7,2025,5,2,2,1,3.0,83126,M,4310983.0,587055.0,83
201600035268,16,2,17,1700,1,2,1,1,3.0,83126,M,4311335.0,588358.0,83
201600035269,16,2,24,1525,1,2,1,1,6.0,83126,M,4310407.0,585374.0,83
201600035270,16,4,12,1610,1,2,1,1,3.0,83126,M,4308926.0,588142.0,83
201600035271,16,4,18,1950,1,2,3,1,3.0,83126,M,4310759.0,587704.0,83
201600035272,16,5,5,1420,1,2,1,1,6.0,83126,M,4310259.0,587702.0,83
201600035273,16,5,23,1015,1,2,1,1,3.0,83126,M,4308112.0,588588.0,83
201600035274,16,5,21,1832,1,1,1,1,4.0,83126,M,4312834.0,584448.0,83
201600035275,16,6,7,2247,5,2,1,1,1.0,83126,M,4309280.0,590375.0,83
201600035276,16,6,25,1120,1,2,1,1,6.0,83126,M,4310782.0,586298.0,83
201600035277,16,6,24,1545,1,2,1,1,3.0,83126,M,4311039.0,587883.0,83
201600035278,16,7,28,2250,5,2,9,1,3.0,83126,M,4310571.0,586781.0,83
201600035279,16,8,20,1430,1,2,1,1,3.0,83126,M,4310452.0,587884.0,83
201600035280,16,9,26,1820,1,2,1,1,6.0,83126,M,0.0,0.0,83
201600035281,16,11,4,1335,1,2,1,1,5.0,83126,M,4309813.0,585380.0,83
201600035282,16,11,4,1615,1,2,1,1,6.0,83126,M,4310036.0,588237.0,83
201600035283,16,11,25,1700,1,2,1,1,6.0,83126,M,4311329.0,585770.0,83
201600035284,16,11,30,1400,1,2,1,1,3.0,83126,M,4308858.0,589888.0,83
201600035285,16,1,8,1730,2,2,2,1,3.0,83062,M,4311308.0,598016.0,83
201600035286,16,1,11,2042,5,2,6,1,3.0,83137,M,4312797.0,590700.0,83
201600035287,16,1,13,1145,1,2,1,1,3.0,83062,M,4314271.0,603727.0,83
201600035288,16,1,14,2130,5,1,1,2,6.0,83090,M,4312311.0,587446.0,83
201600035289,16,1,20,2010,5,2,1,1,3.0,83137,M,4312169.0,592930.0,83
201600035290,16,1,20,1920,5,2,3,1,3.0,83137,M,4312557.0,595806.0,83
201600035291,16,1,22,2250,5,2,1,1,4.0,83062,M,4313127.0,601663.0,83
201600035292,16,1,27,1500,1,2,1,1,6.0,83137,M,4315926.0,591822.0,83
201600035293,16,1,29,900,1,2,1,1,6.0,83137,M,4312682.0,596107.0,83
201600035294,16,2,4,1340,1,2,1,1,6.0,83137,M,4316055.0,592309.0,83
201600035295,16,2,5,1030,1,1,1,1,1.0,83137,M,4316185.0,592509.0,83
201600035296,16,2,13,1030,1,1,1,8,6.0,83137,M,4313125.0,590032.0,83
201600035297,16,2,13,1620,1,2,1,1,6.0,83137,M,4313765.0,589503.0,83
201600035298,16,2,17,940,1,2,1,1,6.0,83062,M,4312440.0,600920.0,83
201600035299,16,2,26,745,1,2,3,1,3.0,83137,M,4311991.0,593283.0,83
201600035300,16,2,27,855,1,1,3,3,1.0,83137,M,4316250.0,594963.0,83
201600035301,16,2,27,1600,1,2,2,3,3.0,83137,M,4312897.0,590972.0,83
201600035302,16,3,1,1555,1,2,9,1,6.0,83019,M,4311530.0,630555.0,83
201600035303,16,3,5,1910,5,2,1,1,7.0,83137,M,4313722.0,588277.0,83
201600035304,16,3,8,1400,1,2,1,1,6.0,83137,M,4312772.0,591822.0,83
201600035305,16,3,12,1100,1,2,2,1,6.0,83137,M,4312517.0,593100.0,83
201600035306,16,3,15,1810,1,2,1,1,3.0,83137,M,4312802.0,595490.0,83
201600035307,16,3,15,1820,1,2,1,1,6.0,83062,M,4313574.0,602264.0,83
201600035308,16,3,16,1810,1,1,1,3,6.0,83062,M,4311752.0,600309.0,83
201600035309,16,3,18,1030,1,2,1,1,3.0,83098,M,4362891.0,615450.0,83
201600035310,16,3,19,2110,3,1,1,1,6.0,83137,M,4316538.0,593792.0,83
201600035311,16,3,21,755,1,2,3,1,3.0,83137,M,4311377.0,595788.0,83
201600035312,16,3,22,1710,1,2,1,1,6.0,83137,M,4312719.0,590311.0,83
201600035313,16,3,25,1015,1,2,1,1,3.0,83062,M,4313292.0,604217.0,83
201600035314,16,3,29,56,5,2,1,1,6.0,83137,M,4312541.0,589786.0,83
201600035315,16,3,29,1600,1,2,9,1,6.0,83090,M,4313773.0,584929.0,83
201600035316,16,4,6,1620,1,1,1,1,6.0,83090,M,4312872.0,584386.0,83
201600035317,16,4,9,200,5,2,1,1,6.0,83137,M,4312365.0,594926.0,83
201600035318,16,4,9,1455,1,1,1,1,6.0,83098,M,4310852.0,600967.0,83
201600035319,16,4,9,2052,5,2,6,1,3.0,83090,M,4312705.0,587794.0,83
201600035320,16,4,10,1000,1,2,1,1,6.0,83137,M,4313083.0,593794.0,83
201600035321,16,4,11,1235,1,2,2,1,3.0,83137,M,4312097.0,594764.0,83
201600035322,16,4,12,1425,1,2,1,1,6.0,83137,M,4312775.0,592230.0,83
201600035323,16,4,27,435,5,2,1,1,2.0,83137,M,4312700.0,593202.0,83
201600035324,16,4,28,1005,1,2,1,1,2.0,83137,M,,,83
201600035325,16,4,29,715,1,2,1,1,6.0,83062,M,4312030.0,600708.0,83
201600035326,16,5,2,1655,1,1,1,1,6.0,83137,M,4311719.0,598104.0,83
201600035327,16,5,3,750,1,2,2,1,3.0,83137,M,4312900.0,590219.0,83
201600035328,16,5,4,930,1,2,1,7,3.0,83137,M,4312372.0,596969.0,83
201600035329,16,5,9,1155,1,1,2,1,1.0,83137,M,4312930.0,595752.0,83
201600035330,16,5,12,745,1,1,1,1,3.0,83144,M,0.0,0.0,83
201600035331,16,5,16,1825,1,1,1,1,3.0,83144,M,4313975.0,600488.0,83
201600035332,16,5,17,1230,1,1,1,1,2.0,83090,M,4313508.0,585502.0,83
201600035333,16,5,17,1335,1,2,9,1,6.0,83137,M,4312367.0,594979.0,83
201600035334,16,5,20,2030,1,1,3,1,3.0,83137,M,4312816.0,591686.0,83
201600035335,16,5,22,1200,1,2,1,1,6.0,83137,M,4312835.0,590856.0,83
201600035336,16,5,23,1135,1,2,1,1,3.0,83137,M,4314403.0,590661.0,83
201600035337,16,5,24,1000,1,2,1,1,1.0,83062,M,4313283.0,601788.0,83
201600035338,16,6,1,2055,2,2,3,1,3.0,83137,M,4312840.0,590460.0,83
201600035339,16,6,4,2010,1,1,1,1,3.0,83137,M,4312750.0,590555.0,83
201600035340,16,6,6,1100,1,2,1,1,6.0,83137,M,4313213.0,588200.0,83
201600035341,16,6,8,1615,1,2,4,1,3.0,83137,M,4312908.0,592405.0,83
201600035342,16,6,9,2110,2,2,2,1,3.0,83137,M,4312183.0,595561.0,83
201600035343,16,6,10,2020,1,1,1,1,3.0,83098,M,4310933.0,600016.0,83
201600035344,16,6,13,2255,5,2,3,1,3.0,83137,M,4312834.0,590931.0,83
201600035345,16,6,13,1830,1,2,3,7,3.0,83137,M,4315104.0,596952.0,83
201600035346,16,6,15,2330,5,2,2,1,3.0,83137,M,4312440.0,592618.0,83
201600035347,16,6,16,1620,1,2,3,8,3.0,83137,M,4312587.0,594814.0,83
201600035348,16,6,16,2010,1,2,1,1,6.0,83098,M,4310803.0,603083.0,83
201600035349,16,6,16,2320,5,2,1,1,3.0,83137,M,4312666.0,589472.0,83
201600035350,16,6,20,1120,1,2,1,1,6.0,83137,M,4311915.0,595019.0,83
201600035351,16,6,21,710,1,2,1,1,3.0,83137,M,4311758.0,598119.0,83
201600035352,16,6,21,1544,1,2,9,1,3.0,83137,M,4312888.0,598138.0,83
201600035353,16,6,22,1630,1,2,1,1,4.0,83062,M,4313800.0,603083.0,83
201600035354,16,6,23,2010,1,2,1,7,3.0,83144,M,4313780.0,601508.0,83
201600035355,16,6,26,1525,1,2,1,1,6.0,83062,M,4312227.0,600486.0,83
201600035356,16,7,2,1050,1,1,1,1,6.0,83090,M,4313408.0,587400.0,83
201600035357,16,7,6,2109,2,2,1,1,3.0,83137,M,4312382.0,595289.0,83
201600035358,16,6,27,1850,1,1,1,1,3.0,83090,M,4312100.0,589026.0,83
201600035359,16,7,8,1745,1,2,1,1,3.0,83137,M,4312016.0,588791.0,83
201600035360,16,5,10,1630,1,2,1,1,6.0,83137,M,4313845.0,591562.0,83
201600035361,16,7,22,1830,1,2,1,1,6.0,83137,M,4311805.0,593569.0,83
201600035362,16,7,22,1730,1,1,1,1,3.0,83137,M,4312727.0,597747.0,83
201600035363,16,7,24,1020,1,1,1,1,6.0,83137,M,4311802.0,593916.0,83
201600035364,16,7,26,1035,1,2,1,1,6.0,83137,M,4312820.0,590563.0,83
201600035365,16,7,26,2312,5,2,1,1,6.0,83062,M,4313742.0,603761.0,83
201600035366,16,7,28,2000,1,2,1,1,6.0,83137,M,4312468.0,593375.0,83
201600035367,16,7,29,1945,1,2,3,1,3.0,83137,M,4311450.0,593911.0,83
201600035368,16,8,8,1010,1,2,1,1,3.0,83137,M,4312822.0,592460.0,83
201600035369,16,8,9,1840,1,1,1,1,3.0,83062,M,4310808.0,598405.0,83
201600035370,16,8,16,1345,1,1,1,1,7.0,83062,M,4315086.0,603777.0,83
201600035371,16,8,3,1100,1,2,1,1,6.0,83137,M,4311270.0,594185.0,83
201600035372,16,8,18,1715,1,1,1,1,2.0,83137,M,4312808.0,592277.0,83
201600035373,16,8,18,2150,5,2,2,1,5.0,83137,M,4312783.0,592233.0,83
201600035374,16,8,20,1225,1,2,3,1,6.0,83098,M,4310241.0,603158.0,83
201600035375,16,8,21,1240,1,2,1,1,6.0,83137,M,4312713.0,597722.0,83
201600035376,16,8,10,700,1,2,1,1,3.0,83137,M,4312338.0,598194.0,83
201600035377,16,8,25,2030,1,2,1,1,2.0,83144,M,4313865.0,599408.0,83
201600035378,16,8,26,1050,1,2,1,1,6.0,83144,M,4313738.0,598258.0,83
201600035379,16,8,31,1100,1,2,1,1,3.0,83062,M,4314211.0,603658.0,83
201600035380,16,8,31,1645,1,2,1,1,1.0,83137,M,4314222.0,590027.0,83
201600035381,16,9,1,735,2,2,1,7,3.0,83062,M,4311308.0,599330.0,83
201600035382,16,9,1,815,1,2,3,1,6.0,83062,M,4312239.0,601231.0,83
201600035383,16,8,31,1000,1,2,1,1,2.0,83137,M,4312680.0,592055.0,83
201600035384,16,9,2,1005,1,2,6,1,2.0,83144,M,4313855.0,600226.0,83
201600035385,16,9,3,2025,5,2,1,1,3.0,83090,M,4313503.0,584643.0,83
201600035386,16,9,6,1300,1,2,1,1,2.0,83137,M,4312031.0,595097.0,83
201600035387,16,9,7,1545,1,2,1,1,6.0,83137,M,4312305.0,594736.0,83
201600035388,16,9,10,1120,1,2,1,1,6.0,83137,M,4311241.0,593371.0,83
201600035389,16,9,11,2030,5,2,3,1,3.0,83137,M,4311720.0,598131.0,83
201600035390,16,9,12,1745,1,2,1,1,3.0,83137,M,4313139.0,589411.0,83
201600035391,16,9,13,725,1,2,1,1,3.0,83137,M,4312111.0,594091.0,83
201600035392,16,9,15,1655,1,2,7,1,3.0,83137,M,4311916.0,594983.0,83
201600035393,16,9,15,1655,1,2,1,1,6.0,83137,M,4311416.0,593951.0,83
201600035394,16,9,16,1810,1,1,1,1,4.0,83090,M,4312580.0,587833.0,83
201600035395,16,9,16,2020,5,2,1,1,3.0,83137,M,4313469.0,594417.0,83
201600035396,16,9,18,1130,1,2,6,1,6.0,83098,M,4310878.0,604746.0,83
201600035397,16,9,21,720,1,2,1,1,6.0,83137,M,4312597.0,592722.0,83
201600035398,16,9,21,1500,1,1,1,1,3.0,83137,M,4310962.0,596780.0,83
201600035399,16,9,23,1615,1,2,1,1,6.0,83137,M,4311410.0,593948.0,83
201600035400,16,9,23,2130,5,2,1,1,6.0,83090,M,4312018.0,588155.0,83
201600035401,16,9,25,2030,5,1,1,1,6.0,83103,M,4316568.0,592308.0,83
201600035402,16,9,27,1715,1,1,1,8,3.0,83137,M,4311956.0,595136.0,83
201600035403,16,9,28,1915,2,2,3,1,3.0,83144,M,4314231.0,598411.0,83
201600035404,16,10,1,1800,1,2,1,1,6.0,83090,M,4312847.0,584442.0,83
201600035405,16,10,1,2025,5,2,1,1,1.0,83137,M,4312853.0,591408.0,83
201600035406,16,10,2,205,5,2,1,1,2.0,83137,M,4312605.0,592670.0,83
201600035407,16,10,4,655,2,2,1,1,3.0,83137,M,4311026.0,597334.0,83
201600035408,16,10,5,1815,1,2,1,1,2.0,83137,M,4313929.0,588545.0,83
201600035409,16,9,29,1845,1,1,1,1,6.0,83137,M,4312783.0,590616.0,83
201600035410,16,10,7,2220,5,1,2,1,3.0,83137,M,4312905.0,591284.0,83
201600035411,16,10,10,800,1,2,1,1,6.0,83137,M,4311228.0,593391.0,83
201600035412,16,10,10,1445,1,2,1,1,2.0,83137,M,4311869.0,597981.0,83
201600035413,16,10,11,1620,1,2,1,1,3.0,83137,M,4312203.0,594019.0,83
201600035414,16,10,12,1615,1,1,1,1,3.0,83090,M,4312577.0,583021.0,83
201600035415,16,10,11,2015,5,2,1,1,7.0,83137,M,4312814.0,590786.0,83
201600035416,16,10,12,1745,1,2,1,8,3.0,83137,M,4312099.0,594724.0,83
201600035417,16,10,20,905,1,2,1,1,3.0,83137,M,4312606.0,593698.0,83
201600035418,16,10,20,1150,1,2,1,1,3.0,83144,M,4313238.0,598771.0,83
201600035419,16,10,18,1250,1,2,1,1,3.0,83137,M,4312909.0,598432.0,83
201600035420,16,10,20,1900,2,2,1,1,6.0,83137,M,4311745.0,593648.0,83
201600035421,16,10,21,1550,1,2,1,1,5.0,83062,M,4312709.0,600704.0,83
201600035422,16,10,22,300,5,2,3,1,3.0,83137,M,4312820.0,590600.0,83
201600035423,16,10,26,1630,1,2,1,1,3.0,83062,M,4314944.0,603722.0,83
201600035424,16,10,27,2015,1,2,1,1,1.0,83137,M,4311419.0,598064.0,83
201600035425,16,11,3,1612,1,2,1,1,6.0,83062,M,4312824.0,600899.0,83
201600035426,16,11,4,1500,1,1,1,1,5.0,83137,M,4313405.0,595819.0,83
201600035427,16,11,4,1845,5,2,1,3,1.0,83137,M,4312570.0,597284.0,83
201600035428,16,11,5,2120,5,2,1,1,6.0,83137,M,4312550.0,593040.0,83
201600035429,16,11,9,1627,1,2,3,8,3.0,83062,M,4314111.0,603009.0,83
201600035430,16,11,10,1600,1,2,1,1,3.0,83062,M,4313620.0,603545.0,83
201600035431,16,11,12,1850,5,2,1,1,6.0,83137,M,4312500.0,592884.0,83
201600035432,16,11,11,1150,1,2,1,1,3.0,83137,M,4312856.0,591139.0,83
201600035433,16,11,16,820,5,1,1,1,1.0,83137,M,4315861.0,595583.0,83
201600035434,16,11,16,1145,1,2,1,1,6.0,83098,M,,,83
201600035435,16,11,16,1725,5,2,1,1,6.0,83090,M,4313797.0,584851.0,83
201600035436,16,11,10,1740,5,2,1,1,3.0,83137,M,4312895.0,589517.0,83
201600035437,16,11,18,645,5,2,3,1,3.0,83137,M,4312378.0,595150.0,83
201600035438,16,11,21,1300,1,2,1,3,3.0,83137,M,4312643.0,592487.0,83
201600035439,16,11,23,1355,1,2,1,1,3.0,83137,M,4313118.0,593201.0,83
201600035440,16,11,23,1840,5,2,1,2,6.0,83137,M,4313688.0,590773.0,83
201600035441,16,11,26,1820,2,2,1,1,1.0,83144,M,4313889.0,599472.0,83
201600035442,16,11,26,2235,5,2,6,1,2.0,83137,M,4311773.0,593570.0,83
201600035443,16,11,27,1705,5,2,2,1,3.0,83137,M,4312033.0,594886.0,83
201600035444,16,11,28,1300,1,2,1,1,3.0,83137,M,4312050.0,594120.0,83
201600035445,16,11,28,1915,3,1,1,1,6.0,83137,M,4314250.0,591260.0,83
201600035446,16,11,30,1850,5,2,1,1,3.0,83144,M,4314433.0,598286.0,83
201600035447,16,12,1,2215,5,2,4,1,3.0,83137,M,4312386.0,592787.0,83
201600035448,16,12,2,1030,1,1,1,1,6.0,83137,M,4312935.0,596824.0,83
201600035449,16,12,2,1706,2,2,2,1,3.0,83137,M,4312191.0,595566.0,83
201600035450,16,12,3,1145,1,2,1,1,6.0,83137,M,4312399.0,593653.0,83
201600035451,16,12,3,1755,4,2,1,1,1.0,83137,M,4312898.0,598240.0,83
201600035452,16,12,4,1620,1,2,1,1,3.0,83144,M,4313785.0,601563.0,83
201600035453,16,12,10,25,5,2,2,1,3.0,83137,M,4312346.0,594812.0,83
201600035454,16,12,13,820,1,1,1,1,6.0,83137,M,4313946.0,588799.0,83
201600035455,16,12,18,1645,2,1,1,1,1.0,83137,M,4311651.0,594589.0,83
201600035456,16,12,21,1620,1,2,1,1,3.0,83137,M,,,83
201600035457,16,12,22,1210,1,2,3,1,6.0,83137,M,4312816.0,590605.0,83
201600035458,16,12,26,1450,1,2,6,1,4.0,83137,M,4312630.0,592550.0,83
201600035459,16,12,28,935,1,2,1,1,6.0,83137,M,4310715.0,593643.0,83
201600035460,16,12,29,1415,1,2,1,1,6.0,83137,M,4312516.0,593079.0,83
201600035461,16,11,2,1305,1,2,1,1,1.0,84007,M,4392957.0,479903.0,84
201600035462,16,1,4,1455,1,2,1,1,3.0,84007,M,4392661.0,480427.0,84
201600035463,16,10,8,856,1,2,1,1,6.0,30011,M,4395822.0,477490.0,30
201600035464,16,1,21,1835,2,2,1,1,3.0,84007,M,4395359.0,481185.0,84
201600035465,16,10,8,1145,1,1,1,1,1.0,84007,M,,,84
201600035466,16,10,18,1600,1,2,1,1,6.0,84007,M,,,84
201600035467,16,10,23,305,3,1,1,2,6.0,84007,M,,,84
201600035468,16,10,27,1140,1,1,3,1,3.0,84007,M,4393262.0,487022.0,84
201600035469,16,2,17,1835,2,1,3,1,1.0,84007,M,4394855.0,486975.0,84
201600035470,16,11,11,900,1,2,1,1,3.0,84007,M,,,84
201600035471,16,11,23,1020,1,2,1,1,5.0,84007,M,4394842.0,482034.0,84
201600035472,16,12,22,1309,1,2,1,1,2.0,84007,M,,,84
201600035473,16,12,22,725,5,2,3,1,6.0,84007,M,4394385.0,481488.0,84
201600035474,16,1,29,720,5,2,1,1,3.0,30351,M,4397038.0,479575.0,30
201600035475,16,12,28,1940,5,1,2,1,3.0,84007,M,4393399.0,483156.0,84
201600035476,16,12,23,15,5,2,1,1,3.0,84007,M,4393850.0,482268.0,84
201600035477,16,3,11,1500,1,1,1,1,2.0,30011,M,4395144.0,475876.0,30
201600035478,16,3,6,1935,5,2,1,1,6.0,84007,M,4393022.0,482472.0,84
201600035479,16,3,3,1050,1,2,3,1,3.0,84007,M,4395293.0,488123.0,84
201600035480,16,4,23,1320,1,2,2,1,3.0,84007,M,4392961.0,482030.0,84
201600035481,16,4,1,1130,1,2,1,3,6.0,84007,M,4394836.0,484336.0,84
201600035482,16,5,4,1715,1,2,1,1,5.0,84007,M,4394175.0,479202.0,84
201600035483,16,6,2,1200,1,2,2,1,6.0,84007,M,4393363.0,480355.0,84
201600035484,16,6,5,2015,1,2,1,1,6.0,84007,M,4393652.0,481836.0,84
201600035485,16,6,3,2205,3,1,1,1,6.0,30011,M,4394963.0,476913.0,30
201600035486,16,6,9,725,1,2,2,1,3.0,84007,M,4393168.0,480970.0,84
201600035487,16,4,20,1928,1,1,4,1,2.0,30351,M,4397877.0,480164.0,30
201600035488,16,6,28,1220,1,2,1,1,3.0,30351,M,4397659.0,477309.0,30
201600035489,16,6,9,110,5,2,1,1,7.0,84007,M,4393358.0,482363.0,84
201600035490,16,7,22,605,5,2,2,2,3.0,84007,M,4395036.0,480216.0,84
201600035491,16,8,23,628,2,2,5,1,2.0,84007,M,4393222.0,482933.0,84
201600035492,16,6,3,1330,1,2,1,1,6.0,84007,M,4394741.0,479980.0,84
201600035493,16,6,8,1615,1,2,5,1,3.0,84007,M,4393408.0,483127.0,84
201600035494,16,9,6,1040,1,1,1,1,6.0,84007,M,4392080.0,486363.0,84
201600035495,16,12,14,1400,1,2,3,1,3.0,30351,M,4396966.0,478034.0,30
201600035496,16,10,19,1120,1,2,1,1,3.0,84007,M,,,84
201600035497,16,9,21,1400,1,1,1,1,2.0,84007,M,4391072.0,488330.0,84
201600035498,16,10,22,2045,5,2,1,3,6.0,84007,M,4394399.0,481911.0,84
201600035499,16,11,16,135,3,1,1,1,6.0,84007,M,4391634.0,482871.0,84
201600035500,16,9,10,2210,5,2,1,1,6.0,84007,M,,,84
201600035501,16,7,6,1805,1,1,1,1,3.0,84007,M,4395269.0,479575.0,84
201600035502,16,7,10,30,5,1,9,1,3.0,84007,M,4392072.0,486180.0,84
201600035503,16,7,13,925,1,1,3,1,1.0,84007,M,,,84
201600035504,16,7,29,940,1,1,4,1,3.0,84007,M,,,84
201600035505,16,7,29,2010,2,2,2,1,6.0,84007,M,4394386.0,481487.0,84
201600035506,16,12,1,1720,1,2,3,1,3.0,84007,M,4393150.0,481697.0,84
201600035507,16,9,9,1710,1,2,3,1,1.0,84007,M,4396881.0,482573.0,84
201600035508,16,11,4,1835,5,2,1,2,1.0,84007,M,4393223.0,477336.0,84
201600035509,16,10,22,507,3,1,1,1,6.0,84007,M,,,84
201600035510,16,9,28,1735,1,2,5,1,3.0,84007,M,4393218.0,482950.0,84
201600035511,16,11,15,1530,1,1,1,1,3.0,84031,M,4407000.0,505000.0,84
201600035512,16,11,21,1040,1,2,1,2,6.0,84031,M,4405510.0,504000.0,84
201600035513,16,3,9,1705,1,1,6,1,3.0,84080,M,4402666.0,496738.0,84
201600035514,16,1,1,2010,3,1,1,1,5.0,84080,M,4404475.0,498266.0,84
201600035515,16,5,14,1800,1,1,2,1,3.0,84080,M,4401252.0,500925.0,84
201600035516,16,2,11,1010,1,1,3,1,3.0,84031,M,4405886.0,506986.0,84
201600035517,16,3,31,1825,1,1,1,1,7.0,84080,M,4405069.0,497938.0,84
201600035518,16,3,21,740,1,2,3,1,6.0,84031,M,4405147.0,504655.0,84
201600035519,16,6,21,1205,1,1,1,1,3.0,84080,M,4401020.0,500234.0,84
201600035520,16,6,11,1634,1,2,1,1,7.0,84031,M,4403348.0,503253.0,84
201600035521,16,6,8,1610,1,2,1,1,6.0,84031,M,4403212.0,503128.0,84
201600035522,16,8,20,1410,1,1,1,1,1.0,84031,M,4404868.0,506566.0,84
201600035523,16,7,16,1125,1,2,1,7,1.0,84031,M,,,84
201600035524,16,9,6,1340,1,2,1,1,6.0,84031,M,4404907.0,504790.0,84
201600035525,16,7,4,1900,1,2,4,1,1.0,84031,M,4405510.0,503321.0,84
201600035526,16,11,6,1800,1,1,1,1,5.0,84080,M,,,84
201600035527,16,1,3,2110,3,1,1,1,1.0,84035,M,,,84
201600035528,16,1,6,1954,5,1,1,1,6.0,84035,M,,,84
201600035529,16,1,13,2050,3,1,1,1,2.0,84035,M,4388381.0,499484.0,84
201600035530,16,5,7,1530,1,1,1,1,1.0,84035,M,,,84
201600035531,16,6,9,1800,1,2,1,1,6.0,84035,M,4383492.0,503788.0,84
201600035532,16,7,14,530,2,2,1,1,3.0,84035,M,4385116.0,502276.0,84
201600035533,16,10,24,600,2,2,3,1,3.0,84035,M,,,84
201600035534,16,10,23,1600,1,1,1,1,1.0,84035,M,,,84
201600035535,16,11,12,230,3,1,1,1,6.0,84035,M,,,84
201600035536,16,9,9,825,1,1,1,1,6.0,84035,M,,,84
201600035537,16,1,2,1740,1,2,1,2,6.0,84087,M,4413494.0,481726.0,84
201600035538,16,1,17,1550,1,2,1,1,3.0,84087,M,4412840.0,482070.0,84
201600035539,16,12,24,1800,3,1,4,1,1.0,84087,M,,,84
201600035540,16,1,21,1710,1,1,2,1,3.0,84087,M,4410693.0,482021.0,84
201600035541,16,5,9,1610,1,2,1,1,6.0,84087,M,4412805.0,479694.0,84
201600035542,16,5,11,840,1,2,1,2,6.0,84087,M,4413979.0,480801.0,84
201600035543,16,6,20,8,5,2,6,1,6.0,84087,M,,,84
201600035544,16,6,20,1720,1,2,1,1,3.0,84087,M,4414309.0,480445.0,84
201600035545,16,6,23,1725,1,2,1,1,4.0,84087,M,4411980.0,483409.0,84
201600035546,16,8,21,1535,1,2,1,1,3.0,84087,M,4413242.0,481441.0,84
201600035547,16,8,31,1800,1,1,1,1,7.0,84087,M,,,84
201600035548,16,9,7,930,1,1,1,1,2.0,84087,M,,,84
201600035549,16,9,17,1730,1,2,6,1,6.0,84087,M,,,84
201600035550,16,11,4,1836,5,2,1,2,6.0,84087,M,,,84
201600035551,16,11,24,2015,5,2,1,2,3.0,84087,M,,,84
201600035552,16,12,11,1940,5,2,1,1,6.0,84087,M,,,84
201600035553,16,10,26,1710,2,2,1,1,2.0,85191,M,4668313.0,-142233.0,85
201600035554,16,1,5,1040,1,2,1,1,6.0,85191,M,4667293.0,-142778.0,85
201600035555,16,11,21,815,5,2,3,1,3.0,85191,M,4665831.0,-144814.0,85
201600035556,16,12,12,800,5,1,9,9,3.0,85191,M,4668231.0,-144978.0,85
201600035557,16,1,24,1125,1,2,1,1,6.0,85191,M,4666549.0,-144797.0,85
201600035558,16,1,16,1345,1,1,1,1,6.0,85191,M,4662625.0,-137570.0,85
201600035559,16,2,17,1600,1,2,1,1,6.0,85191,M,4666895.0,-143378.0,85
201600035560,16,3,5,1540,1,2,3,1,7.0,85191,M,4641035.0,-126237.0,85
201600035561,16,3,3,1155,1,2,1,1,2.0,85191,M,4666613.0,-144514.0,85
201600035562,16,4,13,1600,1,2,1,1,6.0,85191,M,4666918.0,-143003.0,85
201600035563,16,5,3,753,1,2,1,1,6.0,85191,M,4667289.0,-143194.0,85
201600035564,16,5,6,1715,1,2,6,1,6.0,85191,M,4667041.0,-140740.0,85
201600035565,16,8,3,355,5,2,7,1,3.0,85191,M,4666980.0,-142756.0,85
201600035566,16,9,4,2130,3,1,1,1,1.0,85191,M,4669819.0,-144210.0,85
201600035567,16,9,18,1955,1,1,1,1,6.0,85191,M,4668032.0,-144050.0,85
201600035568,16,9,15,755,2,1,3,1,5.0,85191,M,4666239.0,-138247.0,85
201600035569,16,9,20,1740,1,2,1,1,6.0,85191,M,4666669.0,-143111.0,85
201600035570,16,9,23,1345,1,2,1,1,2.0,85191,M,4668076.0,-143331.0,85