Num_Acc,an,mois,jour,hrmn,lum,agg,int,atm,col,com,gps,lat,long,dep
201600035571,16,10,27,1230,1,2,1,7,1.0,85191,M,4666068.0,-140187.0,85
201600035572,16,10,10,1700,1,2,3,1,6.0,85191,M,4666712.0,-143050.0,85
201600035573,16,11,4,750,2,2,2,1,3.0,85191,M,4665891.0,-143442.0,85
201600035574,16,10,31,1330,1,2,6,1,3.0,85191,M,4669027.0,-142908.0,85
201600035575,16,12,22,2235,5,2,2,1,3.0,85060,M,4649955.0,176850.0,85
201600035576,16,11,2,1700,2,2,3,1,1.0,85194,M,4649600.0,-180893.0,85
201600035577,16,10,5,1545,1,2,1,1,7.0,85194,M,4650259.0,179958.0,85
201600035578,16,1,7,1805,5,2,6,2,3.0,85060,M,4649969.0,-175649.0,85
201600035579,16,11,4,1525,1,2,1,1,6.0,85194,M,4649096.0,177389.0,85
201600035580,16,1,20,735,5,2,4,1,6.0,85194,M,4650290.0,-177792.0,85
201600035581,16,11,21,1630,1,1,1,1,6.0,85166,M,4651907.0,-175730.0,85
201600035582,16,1,8,1630,1,1,2,1,3.0,85166,M,4652569.0,173843.0,85
201600035583,16,1,27,1450,1,2,6,1,3.0,85060,M,4649017.0,-173935.0,85
201600035584,16,1,14,1800,5,2,2,1,3.0,85194,M,4650690.0,177736.0,85
201600035585,16,3,26,1350,1,1,1,1,3.0,85194,M,4649781.0,-177712.0,85
201600035586,16,3,5,1635,1,2,1,1,7.0,85194,M,4650084.0,-178563.0,85
201600035587,16,4,23,1545,1,2,3,1,6.0,85166,M,4652428.0,-177501.0,85
201600035588,16,1,22,1945,5,2,2,2,7.0,85194,M,4649325.0,176220.0,85
201600035589,16,2,19,2030,3,1,1,2,6.0,85060,M,4651443.0,-171621.0,85
201600035590,16,5,10,1535,1,2,6,1,3.0,85166,M,4651442.0,-178993.0,85
201600035591,16,5,14,1620,1,2,1,1,2.0,85060,M,4651079.0,-170308.0,85
201600035592,16,4,12,2035,1,2,1,1,6.0,85166,M,4651578.0,-176458.0,85
201600035593,16,3,16,1555,1,2,6,1,6.0,85194,M,4650525.0,178765.0,85
201600035594,16,5,14,1625,1,2,1,1,6.0,85166,M,4651380.0,177681.0,85
201600035595,16,5,4,610,5,2,6,1,3.0,85194,M,4650517.0,-178949.0,85
201600035596,16,4,18,800,1,1,1,1,3.0,85060,M,4648528.0,170573.0,85
201600035597,16,5,15,2250,5,2,1,1,6.0,85194,M,4649783.0,177945.0,85
201600035598,16,6,7,1125,1,2,3,1,6.0,85194,M,4649742.0,-178423.0,85
201600035599,16,6,17,1045,1,2,1,1,2.0,85060,M,4649077.0,-174969.0,85
201600035600,16,5,26,100,5,2,1,1,6.0,85060,M,4650068.0,175120.0,85
201600035601,16,6,15,2000,1,2,9,1,3.0,85166,M,4651380.0,-177876.0,85
201600035602,16,8,12,1800,1,2,1,1,6.0,85194,M,4649803.0,-177853.0,85
201600035603,16,7,28,2345,5,2,1,1,6.0,85194,M,4649776.0,-178398.0,85
201600035604,16,7,18,110,3,1,1,1,6.0,85166,M,4658711.0,-182879.0,85
201600035605,16,7,18,1410,1,2,6,1,6.0,85194,M,4649045.0,-177275.0,85
201600035606,16,9,11,1835,1,2,1,1,1.0,85166,M,4650941.0,-176877.0,85
201600035607,16,9,14,1245,1,2,1,1,6.0,85194,M,4650319.0,-178476.0,85
201600035608,16,9,30,2225,5,1,1,2,6.0,85166,M,4654261.0,179869.0,85
201600035609,16,7,22,2340,5,2,1,1,6.0,85194,M,4649223.0,-177381.0,85
201600035610,16,7,5,1050,1,2,1,1,6.0,85194,M,4649967.0,-177997.0,85
201600035611,16,8,24,1120,1,2,1,1,6.0,85194,M,4649875.0,-178334.0,85
201600035612,16,9,3,2230,3,1,1,1,6.0,85060,M,4651202.0,-169499.0,85
201600035613,16,9,12,1645,1,1,6,1,6.0,85166,M,4651732.0,-174819.0,85
201600035614,16,10,5,1200,1,2,6,1,3.0,85166,M,4651942.0,176519.0,85
201600035615,16,10,18,900,1,2,1,1,1.0,85060,M,4649152.0,-174977.0,85
201600035616,16,11,13,1510,1,2,1,1,6.0,85194,M,4649617.0,179632.0,85
201600035617,16,10,21,2105,3,1,1,1,5.0,85060,M,4650425.0,175873.0,85
201600035618,16,10,30,1730,2,2,6,1,6.0,85194,M,4650527.0,-179035.0,85
201600035619,16,11,4,1530,1,2,6,1,6.0,85166,M,4653010.0,179376.0,85
201600035620,16,11,11,1930,3,1,1,1,6.0,85060,M,4648240.0,-171952.0,85
201600035621,16,11,4,1835,5,2,2,2,1.0,85166,M,4650941.0,-176877.0,85
201600035622,16,11,23,500,3,1,9,2,6.0,85166,M,4652791.0,173550.0,85
201600035623,16,1,7,1200,1,2,1,1,6.0,86066,M,4682103.0,54537.0,86
201600035624,16,1,13,815,3,1,1,1,7.0,86066,M,4684408.0,53448.0,86
201600035625,16,1,26,600,3,1,1,1,7.0,86066,M,4681857.0,56698.0,86
201600035626,16,12,30,2240,5,2,1,1,3.0,86066,M,4681830.0,53154.0,86
201600035627,16,2,3,910,1,1,1,1,7.0,86066,M,,,86
201600035628,16,2,3,1500,1,2,1,1,4.0,86066,M,4683635.0,55368.0,86
201600035629,16,2,11,1405,1,1,1,1,6.0,86066,M,4681807.0,56689.0,86
201600035630,16,2,18,1550,1,2,1,2,7.0,86066,M,4680812.0,54315.0,86
201600035631,16,3,12,950,1,1,1,1,6.0,86066,M,4682006.0,58154.0,86
201600035632,16,3,15,1220,1,2,2,1,6.0,86066,M,4681579.0,53472.0,86
201600035633,16,3,17,1830,1,1,1,1,3.0,86066,M,4678643.0,54750.0,86
201600035634,16,3,26,1720,1,2,1,1,1.0,86066,M,4679720.0,53160.0,86
201600035635,16,4,3,1515,1,2,1,1,6.0,86066,M,4682458.0,52968.0,86
201600035636,16,4,5,1430,1,2,1,1,6.0,86066,M,4681460.0,53410.0,86
201600035637,16,4,6,930,1,2,2,1,3.0,86066,M,4683313.0,53446.0,86
201600035638,16,4,8,1525,1,2,1,1,2.0,86066,M,4683660.0,53602.0,86
201600035639,16,4,12,1425,1,2,1,1,2.0,86066,M,4681811.0,55346.0,86
201600035640,16,4,19,1735,1,1,1,1,5.0,86066,M,4680429.0,59927.0,86
201600035641,16,4,20,2310,5,2,3,1,6.0,86066,M,4682684.0,55272.0,86
201600035642,16,5,11,735,1,1,1,1,4.0,86066,M,4682246.0,54452.0,86
201600035643,16,5,13,1700,1,2,6,2,3.0,86066,M,4680219.0,54557.0,86
201600035644,16,5,25,1137,1,2,1,1,2.0,86066,M,4678341.0,52721.0,86
201600035645,16,6,2,1140,1,2,1,2,6.0,86066,M,4681346.0,53949.0,86
201600035646,16,6,6,1220,1,2,1,1,6.0,86066,M,4681772.0,54600.0,86
201600035647,16,6,15,1510,1,1,1,2,4.0,86066,M,4682030.0,55510.0,86
201600035648,16,6,20,1505,1,2,1,1,1.0,86066,M,4679955.0,53715.0,86
201600035649,16,6,22,1505,1,2,6,1,1.0,86066,M,4680225.0,54563.0,86
201600035650,16,6,27,1805,1,2,2,2,3.0,86066,M,4680490.0,51768.0,86
201600035651,16,6,30,530,3,2,1,1,6.0,86066,M,4681982.0,55450.0,86
201600035652,16,7,8,1810,1,2,3,1,3.0,86066,M,4679982.0,53009.0,86
201600035653,16,8,3,1713,1,2,3,1,1.0,86066,M,4682194.0,54423.0,86
201600035654,16,8,10,1545,1,1,1,1,3.0,86066,M,4682077.0,58559.0,86
201600035655,16,8,18,710,1,1,1,3,7.0,86066,M,4680992.0,58109.0,86
201600035656,16,8,21,1524,1,2,2,1,1.0,86066,M,4680098.0,53981.0,86
201600035657,16,8,22,927,1,2,1,1,2.0,86066,M,4681967.0,51787.0,86
201600035658,16,9,16,925,1,2,1,1,6.0,86066,M,4681645.0,54313.0,86
201600035659,16,9,21,840,1,2,1,1,6.0,86066,M,4681449.0,53458.0,86
201600035660,16,9,25,2025,5,2,1,1,6.0,86066,M,4682215.0,52979.0,86
201600035661,16,10,8,1930,2,2,1,1,7.0,86066,M,4678954.0,53723.0,86
201600035662,16,10,10,1215,1,2,1,1,1.0,86066,M,4679876.0,53133.0,86
201600035663,16,10,12,930,1,2,3,1,3.0,86066,M,4681505.0,54736.0,86
201600035664,16,10,13,1738,1,2,1,2,6.0,86066,M,4681361.0,53252.0,86
201600035665,16,10,13,1743,1,2,1,2,7.0,86066,M,4681345.0,56922.0,86
201600035666,16,10,21,1815,2,2,1,1,6.0,86066,M,4681687.0,53794.0,86
201600035667,16,10,26,749,5,2,1,1,6.0,86066,M,4681874.0,54885.0,86
201600035668,16,10,27,758,3,1,2,5,3.0,86066,M,4681167.0,57362.0,86
201600035669,16,10,29,1125,1,2,1,1,6.0,86066,M,4681838.0,52524.0,86
201600035670,16,10,29,1235,1,2,6,1,5.0,86066,M,4680065.0,52761.0,86
201600035671,16,10,30,1805,2,2,2,1,3.0,86066,M,4681481.0,53365.0,86
201600035672,16,11,4,1139,1,2,3,1,3.0,86066,M,4682286.0,55777.0,86
201600035673,16,11,14,902,1,2,1,1,6.0,86066,M,4681954.0,51156.0,86
201600035674,16,11,29,1038,1,2,3,7,6.0,86066,M,4682651.0,56251.0,86
201600035675,16,11,30,1258,1,2,1,1,3.0,86066,M,4681310.0,54069.0,86
201600035676,16,12,2,931,1,2,1,1,6.0,86066,M,4681495.0,54740.0,86
201600035677,16,12,2,1000,1,2,1,1,3.0,86066,M,4684856.0,54751.0,86
201600035678,16,12,5,824,3,2,6,8,1.0,86066,M,4679884.0,56154.0,86
201600035679,16,12,7,856,3,2,1,1,4.0,86066,M,4680726.0,56598.0,86
201600035680,16,12,7,1019,1,2,2,1,3.0,86066,M,4679808.0,53457.0,86
201600035681,16,12,11,31,3,2,2,2,3.0,86066,M,4681800.0,52800.0,86
201600035682,16,12,12,731,5,2,3,2,5.0,86066,M,4682194.0,52985.0,86
201600035683,16,12,22,2000,5,2,1,1,1.0,86066,M,4683692.0,53967.0,86
201600035684,16,12,23,1600,1,2,6,1,6.0,86066,M,4678610.0,54667.0,86
201600035685,16,1,3,1120,1,2,1,1,6.0,86194,M,,,86
201600035686,16,1,1,435,5,2,1,5,2.0,86194,M,4658511.0,35088.0,86
201600035687,16,1,3,605,3,1,1,2,6.0,86194,M,4658305.0,41725.0,86
201600035688,16,1,5,1810,3,1,3,3,4.0,86214,M,4654554.0,38703.0,86
201600035689,16,1,6,1015,1,2,3,1,6.0,86194,M,4658990.0,35210.0,86
201600035690,16,1,7,1925,3,1,1,1,1.0,86157,M,4656941.0,39888.0,86
201600035691,16,1,9,722,4,2,1,1,6.0,86194,M,4658327.0,32999.0,86
201600035692,16,1,9,1620,1,2,1,1,4.0,86194,M,4655390.0,30617.0,86
201600035693,16,1,11,1600,1,2,2,1,4.0,86194,M,4660270.0,32684.0,86
201600035694,16,1,14,915,1,2,2,2,3.0,86194,M,4658030.0,34726.0,86
201600035695,16,1,18,2030,5,2,1,2,2.0,86194,M,4658494.0,38163.0,86
201600035696,16,1,23,1630,1,2,1,1,6.0,86214,M,4655489.0,32700.0,86
201600035697,16,1,29,2140,5,2,3,1,3.0,86194,M,4657653.0,34524.0,86
201600035698,16,2,3,1045,1,2,3,1,3.0,86194,M,4658800.0,36337.0,86
201600035699,16,2,4,2055,5,2,1,1,3.0,86194,M,4656273.0,31632.0,86
201600035700,16,2,5,1710,1,1,6,1,3.0,86194,M,4661366.0,34882.0,86
201600035701,16,2,5,1900,5,2,2,1,3.0,86194,M,4656710.0,35987.0,86
201600035702,16,2,7,2140,5,2,2,1,3.0,86194,M,4658558.0,36611.0,86
201600035703,16,2,10,845,1,1,1,1,2.0,86157,M,,,86
201600035704,16,2,12,600,3,2,1,3,6.0,86157,M,4656735.0,38992.0,86
201600035705,16,2,12,1555,1,2,3,2,2.0,86194,M,4659041.0,36086.0,86
201600035706,16,2,12,1825,2,2,1,2,6.0,86194,M,4657808.0,32777.0,86
201600035707,16,2,13,1320,1,1,1,2,6.0,86214,M,,,86
201600035708,16,2,15,1900,5,2,1,1,6.0,86194,M,4659033.0,38665.0,86
201600035709,16,2,16,1905,5,2,1,1,6.0,86194,M,4656812.0,38666.0,86
201600035710,16,2,16,2000,1,2,2,1,3.0,86194,M,4659761.0,32666.0,86
201600035711,16,2,17,2015,3,2,1,1,6.0,86214,M,4654711.0,34120.0,86
201600035712,16,2,19,1120,1,2,1,1,2.0,86194,M,4656947.0,32252.0,86
201600035713,16,2,19,1910,5,2,1,2,1.0,86194,M,4656069.0,38652.0,86
201600035714,16,2,22,1200,1,2,2,1,1.0,86194,M,4658572.0,36622.0,86
201600035715,16,2,24,1410,1,2,1,2,2.0,86194,M,4661236.0,34275.0,86
201600035716,16,2,25,1150,1,2,2,1,6.0,86194,M,4659313.0,34825.0,86
201600035717,16,2,27,2215,3,2,1,1,2.0,86157,M,4654197.0,41705.0,86
201600035718,16,2,26,1400,1,2,1,1,2.0,86194,M,4658722.0,33977.0,86
201600035719,16,2,28,2105,1,2,1,1,6.0,86194,M,4658402.0,36330.0,86
201600035720,16,2,27,220,5,2,1,1,6.0,86194,M,4659011.0,36561.0,86
201600035721,16,2,29,1700,1,2,2,1,6.0,86194,M,4657211.0,37033.0,86
201600035722,16,2,29,1400,1,2,1,1,2.0,86194,M,4657500.0,35486.0,86
201600035723,16,3,1,1120,1,2,1,1,7.0,86158,M,4663786.0,30227.0,86
201600035724,16,3,2,745,1,2,1,2,3.0,86194,M,4660519.0,34461.0,86
201600035725,16,3,4,705,3,1,1,3,6.0,86041,M,4661461.0,37177.0,86
201600035726,16,3,4,800,2,2,7,2,6.0,86194,M,4658952.0,35655.0,86
201600035727,16,3,4,2125,5,2,4,8,3.0,86194,M,4659188.0,35050.0,86
201600035728,16,3,5,1050,1,2,3,8,6.0,86194,M,4658736.0,33022.0,86
201600035729,16,3,5,1445,1,2,3,1,3.0,86194,M,4658550.0,33316.0,86
201600035730,16,3,5,1240,1,1,1,1,6.0,86157,M,4656410.0,39920.0,86
201600035731,16,3,5,2020,5,2,2,1,3.0,86214,M,4656290.0,34400.0,86
201600035732,16,3,7,1310,1,2,1,1,6.0,86194,M,4656830.0,38580.0,86
201600035733,16,3,7,1515,1,2,1,1,1.0,86194,M,4655322.0,30969.0,86
201600035734,16,3,7,2115,5,2,3,1,1.0,86194,M,4657783.0,33119.0,86
201600035735,16,3,9,920,1,2,2,1,2.0,86194,M,4655425.0,30694.0,86
201600035736,16,3,18,1135,1,2,2,1,3.0,86194,M,4659261.0,32870.0,86
201600035737,16,3,22,215,3,1,1,1,1.0,86158,M,4663297.0,29008.0,86
201600035738,16,3,23,950,1,2,3,1,2.0,86214,M,4656416.0,35216.0,86
201600035739,16,3,23,1750,1,2,1,1,5.0,86194,M,4657541.0,32938.0,86
201600035740,16,3,23,1720,1,2,3,1,3.0,86214,M,4654994.0,33905.0,86
201600035741,16,3,24,1405,2,2,1,1,6.0,86194,M,4657638.0,35316.0,86
201600035742,16,3,24,825,1,2,1,1,5.0,86214,M,4655783.0,36911.0,86
201600035743,16,3,29,1415,1,1,1,1,3.0,86157,M,4654580.0,42763.0,86
201600035744,16,3,30,2210,5,2,1,1,6.0,86194,M,4658780.0,38066.0,86
201600035745,16,4,2,1915,1,2,2,1,1.0,86194,M,4658210.0,36860.0,86
201600035746,16,4,6,1240,1,2,2,1,1.0,86194,M,4657797.0,35102.0,86
201600035747,16,4,7,1015,1,1,1,1,3.0,86194,M,4657613.0,37500.0,86
201600035748,16,4,7,945,1,2,3,1,3.0,86194,M,4657955.0,34897.0,86
201600035749,16,4,11,1755,1,2,3,1,1.0,86214,M,4655569.0,37119.0,86
201600035750,16,4,14,2235,5,2,1,2,6.0,86194,M,4655227.0,30441.0,86
201600035751,16,4,17,1450,1,2,1,1,3.0,86194,M,4658308.0,33477.0,86
201600035752,16,4,18,1435,1,2,1,1,6.0,86194,M,4657713.0,35361.0,86
201600035753,16,4,21,1410,1,2,2,1,3.0,86194,M,4655647.0,30416.0,86
201600035754,16,4,24,310,4,1,1,1,6.0,86158,M,4661936.0,33397.0,86
201600035755,16,4,23,1800,1,2,1,2,4.0,86194,M,4657391.0,33413.0,86
201600035756,16,4,26,745,1,2,1,1,2.0,86194,M,4657730.0,34836.0,86
201600035757,16,4,27,1930,1,2,2,1,1.0,86194,M,,,86
201600035758,16,5,2,1750,1,2,1,1,6.0,86194,M,4657847.0,33163.0,86
201600035759,16,5,5,215,3,2,1,1,1.0,86041,M,4660370.0,37820.0,86
201600035760,16,5,7,750,1,2,2,1,3.0,86214,M,4656497.0,35669.0,86
201600035761,16,5,10,1810,1,1,1,1,6.0,86194,M,4658333.0,41727.0,86
201600035762,16,5,11,5,5,2,3,1,3.0,86194,M,0.0,0.0,86
201600035763,16,5,12,1730,1,2,1,2,6.0,86194,M,4657280.0,33941.0,86
201600035764,16,5,12,2230,3,1,1,3,6.0,86214,M,4655327.0,35236.0,86
201600035765,16,5,15,1600,1,2,2,1,7.0,86194,M,4658949.0,35720.0,86
201600035766,16,5,15,2245,5,2,1,1,6.0,86194,M,4658941.0,35719.0,86
201600035767,16,5,19,1645,1,2,2,1,2.0,86194,M,4634545.0,22050.0,86
201600035768,16,5,20,1550,1,2,1,1,2.0,86194,M,4657540.0,32890.0,86
201600035769,16,5,20,1935,1,1,1,1,1.0,86133,M,4631481.0,19159.0,86
201600035770,16,5,21,1735,1,2,1,1,3.0,86194,M,4658370.0,33600.0,86
201600035771,16,5,21,1140,1,1,2,1,2.0,86194,M,4659960.0,32140.0,86
201600035772,16,5,26,810,1,2,1,1,1.0,86194,M,4657720.0,32550.0,86
201600035773,16,5,26,2320,5,2,2,1,3.0,86194,M,4656730.0,36580.0,86
201600035774,16,5,27,2210,5,2,1,1,6.0,86194,M,4656640.0,33790.0,86
201600035775,16,5,28,830,1,1,3,1,3.0,86214,M,4655920.0,35020.0,86
201600035776,16,6,1,810,1,2,3,2,6.0,86158,M,4661600.0,31160.0,86
201600035777,16,6,4,1500,1,2,1,1,6.0,86194,M,4657920.0,35200.0,86
201600035778,16,6,5,1100,1,2,1,1,1.0,86027,M,4658010.0,28230.0,86
201600035779,16,6,7,1630,1,2,1,1,6.0,86194,M,4656700.0,35920.0,86
201600035780,16,6,8,1210,1,2,1,1,1.0,86194,M,4658300.0,33060.0,86
201600035781,16,6,9,1740,1,2,1,1,6.0,86194,M,4659160.0,34030.0,86
201600035782,16,6,13,1340,1,2,1,2,1.0,86158,M,4663170.0,32160.0,86
201600035783,16,6,13,1000,1,2,1,1,1.0,86194,M,4656430.0,31360.0,86
201600035784,16,6,13,1750,1,2,2,2,6.0,86194,M,4658690.0,34250.0,86
201600035785,16,6,14,615,2,2,3,1,3.0,86194,M,4656290.0,31060.0,86
201600035786,16,6,16,1445,1,2,1,3,4.0,86194,M,4656110.0,37850.0,86
201600035787,16,6,20,1030,1,2,1,1,6.0,86194,M,4657620.0,37350.0,86
201600035788,16,6,22,1545,1,2,1,1,4.0,86194,M,0.0,0.0,86
201600035789,16,6,23,810,1,1,2,1,3.0,86158,M,4662041.0,32075.0,86
201600035790,16,6,23,1920,1,2,1,1,1.0,86041,M,4659660.0,34380.0,86
201600035791,16,6,27,2140,2,2,2,1,1.0,86194,M,4655640.0,30420.0,86
201600035792,16,6,29,1750,1,2,3,1,3.0,86194,M,4657250.0,32740.0,86
201600035793,16,6,29,1800,1,2,3,1,2.0,86194,M,4657250.0,32740.0,86
201600035794,16,7,2,900,1,2,2,1,3.0,86194,M,4659050.0,34358.0,86
201600035795,16,7,2,1745,1,2,2,1,3.0,86194,M,4659961.0,32136.0,86
201600035796,16,7,3,2310,5,2,1,1,7.0,86194,M,4656433.0,31369.0,86
201600035797,16,7,4,1500,1,2,2,1,6.0,86194,M,4658244.0,36491.0,86
201600035798,16,7,4,1700,1,1,1,1,6.0,86157,M,4652541.0,44394.0,86
201600035799,16,7,8,400,5,2,1,1,6.0,86194,M,4656625.0,31897.0,86
201600035800,16,7,10,1545,1,1,1,1,4.0,86157,M,4654861.0,40602.0,86
201600035801,16,7,11,15,5,2,6,1,6.0,86194,M,4657261.0,35872.0,86
201600035802,16,7,11,1550,1,2,1,1,4.0,86194,M,4656644.0,35701.0,86
201600035803,16,7,11,1645,1,2,3,1,6.0,86194,M,4656722.0,35968.0,86
201600035804,16,7,13,835,1,2,2,1,6.0,86194,M,4657819.0,35091.0,86
201600035805,16,7,16,1555,1,2,1,1,3.0,86194,M,4657566.0,33794.0,86
201600035806,16,7,16,1620,1,2,1,1,5.0,86194,M,4658566.0,33772.0,86
201600035807,16,7,18,1720,1,2,1,1,4.0,86194,M,4659644.0,32730.0,86
201600035808,16,7,19,1115,1,2,3,1,1.0,86194,M,4658500.0,33033.0,86
201600035809,16,7,20,1430,1,2,3,1,3.0,86194,M,4659020.0,36890.0,86
201600035810,16,7,24,2025,1,2,2,1,3.0,86194,M,4658211.0,36791.0,86
201600035811,16,7,26,820,1,2,3,1,3.0,86133,M,4650669.0,27836.0,86
201600035812,16,7,27,1430,1,2,3,1,2.0,86194,M,4656910.0,36912.0,86
201600035813,16,7,27,1720,1,1,1,1,4.0,86158,M,4661836.0,35752.0,86
201600035814,16,7,28,1605,1,2,2,1,3.0,86194,M,4658936.0,35980.0,86
201600035815,16,7,28,2155,2,1,1,1,7.0,86133,M,4650660.0,32490.0,86
201600035816,16,7,29,1900,1,2,1,1,1.0,86194,M,4657358.0,32830.0,86
201600035817,16,7,30,140,5,2,1,1,6.0,86194,M,4659672.0,32844.0,86
201600035818,16,8,4,900,1,1,1,2,6.0,86133,M,4651719.0,34130.0,86
201600035819,16,8,5,1450,1,2,1,1,3.0,86041,M,4659844.0,35380.0,86
201600035820,16,8,8,2110,2,2,1,1,1.0,86194,M,4657713.0,35413.0,86
201600035821,16,8,11,1605,1,2,1,1,2.0,86194,M,4657990.0,32460.0,86
201600035822,16,8,16,40,3,1,1,1,6.0,86158,M,4663211.0,29222.0,86
201600035823,16,8,17,1615,1,2,1,1,2.0,86194,M,4658841.0,34805.0,86
201600035824,16,8,17,1630,1,2,2,1,1.0,86194,M,4659119.0,35552.0,86
201600035825,16,8,18,1835,1,2,2,1,1.0,86194,M,4659375.0,33475.0,86
201600035826,16,8,20,1055,1,2,1,1,1.0,86194,M,4658175.0,33394.0,86
201600035827,16,8,28,1140,1,2,2,1,3.0,86194,M,4658566.0,36619.0,86
201600035828,16,8,31,1545,1,2,3,1,3.0,86194,M,4657597.0,37630.0,86
201600035829,16,9,2,2120,5,2,2,1,2.0,86194,M,4658575.0,36591.0,86
201600035830,16,9,3,1315,1,2,1,1,2.0,86194,M,4658341.0,33522.0,86
201600035831,16,9,4,1430,1,2,6,1,3.0,86194,M,4657250.0,35897.0,86
201600035832,16,9,6,1215,1,2,1,1,1.0,86194,M,4657522.0,33605.0,86
201600035833,16,9,7,145,5,2,3,1,6.0,86194,M,4658591.0,35041.0,86
201600035834,16,9,7,2150,5,2,3,1,6.0,86194,M,4657655.0,33375.0,86
201600035835,16,9,8,815,1,2,9,1,3.0,86194,M,4658916.0,37013.0,86
201600035836,16,9,10,2220,5,2,5,1,3.0,86194,M,4656577.0,31694.0,86
201600035837,16,9,12,755,1,2,3,1,1.0,86194,M,4660166.0,31602.0,86
201600035838,16,9,16,2115,1,2,2,1,7.0,86194,M,4659319.0,35583.0,86
201600035839,16,9,21,1600,1,1,1,1,3.0,86157,M,,,86
201600035840,16,9,22,940,1,2,1,1,2.0,86194,M,4659650.0,32734.0,86
201600035841,16,9,22,2020,5,1,2,1,3.0,86194,M,4656898.0,35402.0,86
201600035842,16,9,26,1800,1,2,1,1,2.0,86194,M,4657510.0,37138.0,86
201600035843,16,9,26,1300,1,2,1,1,6.0,86041,M,4659726.0,37057.0,86
201600035844,16,9,29,1220,1,2,1,1,3.0,86041,M,4659916.0,35454.0,86
201600035845,16,9,29,1400,1,2,3,1,3.0,86194,M,4657784.0,33126.0,86
201600035846,16,10,2,1450,1,2,2,1,3.0,86194,M,4659122.0,35555.0,86
201600035847,16,10,2,1735,1,2,1,1,3.0,86194,M,0.0,0.0,86
201600035848,16,10,3,730,2,2,1,1,6.0,86194,M,4658972.0,32555.0,86
201600035849,16,10,6,1345,1,2,2,1,3.0,86194,M,4658707.0,37445.0,86
201600035850,16,10,6,1835,1,2,1,1,6.0,86041,M,4659953.0,35646.0,86
201600035851,16,10,7,300,3,1,1,1,6.0,86133,M,4650882.0,27804.0,86
201600035852,16,10,7,550,5,2,1,1,3.0,86194,M,4658569.0,33774.0,86
201600035853,16,10,7,1745,1,1,1,1,3.0,86194,M,4659750.0,38972.0,86
201600035854,16,10,9,1700,1,2,2,1,2.0,86214,M,0.0,0.0,86
201600035855,16,10,9,2045,4,1,1,1,6.0,86214,M,,,86
201600035856,16,10,10,935,1,2,3,1,2.0,86214,M,4656416.0,35250.0,86
201600035857,16,10,10,1730,1,2,1,1,6.0,86194,M,4657012.0,36054.0,86
201600035858,16,10,13,1320,1,2,2,1,3.0,86194,M,4655642.0,30422.0,86
201600035859,16,10,11,1245,1,2,1,1,6.0,86194,M,4657070.0,37598.0,86
201600035860,16,10,15,2045,3,1,1,1,7.0,86133,M,4651833.0,30861.0,86
201600035861,16,10,17,820,2,2,6,3,3.0,86157,M,4655355.0,39938.0,86
201600035862,16,10,17,1415,1,1,1,1,4.0,86158,M,0.0,0.0,86
201600035863,16,10,22,1635,1,2,2,1,5.0,86194,M,4658566.0,36624.0,86
201600035864,16,10,21,1710,1,2,6,1,2.0,86194,M,4656381.0,36566.0,86
201600035865,16,10,27,810,2,2,1,5,4.0,86194,M,4658434.0,33242.0,86
201600035866,16,10,30,956,1,2,2,1,3.0,86194,M,4655459.0,30694.0,86
201600035867,16,10,30,1550,1,2,1,1,7.0,86194,M,,,86
201600035868,16,11,3,1830,5,2,1,1,2.0,86194,M,4658642.0,33814.0,86
201600035869,16,11,4,1730,2,2,1,1,6.0,86194,M,4657716.0,34741.0,86
201600035870,16,11,8,1745,2,2,1,1,4.0,86194,M,4658585.0,33768.0,86
201600035871,16,11,8,1645,1,2,2,1,1.0,86194,M,4656926.0,36930.0,86
201600035872,16,11,10,800,2,1,1,2,2.0,86158,M,4661811.0,30919.0,86
201600035873,16,11,11,930,1,2,1,1,6.0,86214,M,4655513.0,34966.0,86
201600035874,16,11,11,945,1,2,1,1,7.0,86194,M,0.0,0.0,86
201600035875,16,11,14,2000,5,2,1,1,6.0,86194,M,4659420.0,33518.0,86
201600035876,16,11,15,1730,2,2,6,1,3.0,86041,M,4659356.0,36317.0,86
201600035877,16,11,16,1435,1,2,2,1,3.0,86194,M,4658758.0,34888.0,86
201600035878,16,11,16,1903,5,2,3,1,3.0,86194,M,4657695.0,36603.0,86
201600035879,16,11,17,750,5,2,1,2,6.0,86194,M,4658691.0,34964.0,86
201600035880,16,11,18,1030,1,1,1,1,4.0,86041,M,4661480.0,36491.0,86
201600035881,16,11,21,1525,1,1,1,1,5.0,86194,M,4657638.0,37055.0,86
201600035882,16,11,21,1450,1,2,1,1,4.0,86194,M,4656455.0,35440.0,86
201600035883,16,11,23,1240,1,2,1,2,6.0,86157,M,4656437.0,40083.0,86
201600035884,16,11,26,1930,5,2,2,1,3.0,86194,M,4658936.0,35979.0,86
201600035885,16,11,25,1835,3,2,1,1,6.0,86194,M,4657666.0,34666.0,86
201600035886,16,11,27,1530,1,2,1,1,1.0,86194,M,4657326.0,33217.0,86
201600035887,16,11,28,2125,5,2,2,1,3.0,86194,M,4657194.0,37055.0,86