Num_Acc,an,mois,jour,hrmn,lum,agg,int,atm,col,com,gps,lat,long,dep
201600035888,16,11,28,1815,3,2,2,1,6.0,86214,M,4655462.0,33417.0,86
201600035889,16,12,1,50,5,2,1,1,6.0,86194,M,4656627.0,31871.0,86
201600035890,16,12,2,830,1,2,1,1,6.0,86158,M,4662369.0,30904.0,86
201600035891,16,12,4,1120,1,2,2,1,3.0,86194,M,4659081.0,32922.0,86
201600035892,16,12,3,1920,1,2,1,1,3.0,86214,M,4656436.0,35659.0,86
201600035893,16,12,5,810,1,2,1,1,1.0,86194,M,4658842.0,34128.0,86
201600035894,16,12,7,741,2,2,1,1,1.0,86214,M,4656282.0,34399.0,86
201600035895,16,12,7,1735,1,2,1,1,3.0,86194,M,4657508.0,32900.0,86
201600035896,16,12,9,730,5,2,2,1,3.0,86194,M,4659756.0,32679.0,86
201600035897,16,12,9,1500,1,2,1,1,6.0,86214,M,4656276.0,35993.0,86
201600035898,16,12,12,1620,1,2,1,1,6.0,86194,M,4658903.0,33938.0,86
201600035899,16,12,12,1945,3,1,1,1,1.0,86158,M,4663799.0,28799.0,86
201600035900,16,12,14,1930,5,2,6,1,3.0,86194,M,4657250.0,35898.0,86
201600035901,16,12,15,35,5,2,1,1,6.0,86194,M,4657747.0,34186.0,86
201600035902,16,12,15,1530,1,2,3,1,3.0,86194,M,4656861.0,37333.0,86
201600035903,16,12,21,1905,5,2,2,2,3.0,86194,M,4659223.0,34707.0,86
201600035904,16,12,22,800,2,2,2,2,3.0,86194,M,4657105.0,36992.0,86
201600035905,16,12,22,1555,1,1,6,2,2.0,86158,M,4662269.0,35257.0,86
201600035906,16,12,23,745,5,2,6,2,3.0,86194,M,4658540.0,33292.0,86
201600035907,16,12,26,1210,1,1,1,1,7.0,86214,M,4655424.0,35161.0,86
201600035908,16,12,27,1943,5,2,1,1,3.0,86194,M,4659584.0,33059.0,86
201600035909,16,12,30,1749,2,2,3,1,3.0,87085,M,4582470.0,123459.0,87
201600035910,16,1,4,1809,2,2,3,3,5.0,87085,M,4588040.0,128169.0,87
201600035911,16,1,2,1310,1,1,1,2,5.0,87065,M,4579540.0,129914.0,87
201600035912,16,1,6,754,5,2,3,2,6.0,87085,M,,,87
201600035913,16,1,7,805,5,2,2,3,3.0,87085,M,,,87
201600035914,16,1,7,2013,5,2,3,1,3.0,87085,M,,,87
201600035915,16,1,8,822,2,2,1,1,2.0,87085,M,,,87
201600035916,16,11,19,52,5,2,1,2,6.0,87085,M,4582985.0,125638.0,87
201600035917,16,12,30,29,5,2,1,1,6.0,87085,M,4581360.0,122861.0,87
201600035918,16,1,10,1213,1,2,3,3,3.0,87085,M,,,87
201600035919,16,1,8,808,5,2,1,2,5.0,87085,M,4582170.0,125594.0,87
201600035920,16,1,7,1606,1,1,1,2,6.0,87075,M,4578440.0,119132.0,87
201600035921,16,1,11,2357,5,2,1,1,6.0,87085,M,,,87
201600035922,16,1,12,1507,1,2,1,2,1.0,87085,M,,,87
201600035923,16,1,12,1520,1,2,1,1,6.0,87114,M,,,87
201600035924,16,12,24,118,3,1,1,1,6.0,87085,M,4585100.0,119232.0,87
201600035925,16,1,13,1418,1,2,1,2,6.0,87050,M,,,87
201600035926,16,12,25,1658,1,2,1,1,6.0,87085,M,4584310.0,125918.0,87
201600035927,16,1,13,1157,1,2,1,1,6.0,87085,M,,,87
201600035928,16,12,24,933,1,2,1,1,6.0,87085,M,4581470.0,126964.0,87
201600035929,16,1,13,1816,1,2,2,1,3.0,87085,M,,,87
201600035930,16,12,23,1823,3,1,1,1,1.0,87048,M,4578830.0,126120.0,87
201600035931,16,1,11,1313,1,2,1,2,6.0,87085,M,,,87
201600035932,16,1,15,1316,1,2,2,1,6.0,87085,M,,,87
201600035933,16,1,16,1331,1,2,1,1,6.0,87085,M,,,87
201600035934,16,1,21,1000,1,2,3,1,3.0,87085,M,,,87
201600035935,16,1,21,1720,1,2,1,1,4.0,87085,M,,,87
201600035936,16,1,23,1645,1,2,1,1,6.0,87085,M,,,87
201600035937,16,1,22,1722,1,2,1,1,6.0,87085,M,4583300.0,127517.0,87
201600035938,16,1,23,910,1,1,1,1,6.0,87085,M,4589580.0,130450.0,87
201600035939,16,1,25,803,2,2,1,1,6.0,87085,M,,,87
201600035940,16,1,23,2009,5,2,1,1,6.0,87085,M,,,87
201600035941,16,1,27,1842,1,1,3,1,3.0,87065,M,4579830.0,129560.0,87
201600035942,16,1,28,1845,1,2,3,1,6.0,87085,M,,,87
201600035943,16,2,1,624,5,2,3,2,3.0,87085,M,,,87
201600035944,16,1,30,1547,1,1,1,3,4.0,87085,M,4589640.0,129228.0,87
201600035945,16,2,1,925,1,2,2,2,3.0,87085,M,,,87
201600035946,16,1,28,1806,2,2,1,2,6.0,87085,M,,,87
201600035947,16,1,27,1532,1,2,1,1,2.0,87085,M,,,87
201600035948,16,2,3,2037,5,2,9,1,3.0,87085,M,,,87
201600035949,16,2,4,1750,1,2,9,3,6.0,87085,M,4586000.0,128737.0,87
201600035950,16,2,5,755,2,2,3,1,3.0,87085,M,,,87
201600035951,16,2,6,1000,1,2,2,1,3.0,87085,M,,,87
201600035952,16,2,9,806,1,2,2,3,3.0,87075,M,,,87
201600035953,16,2,8,1327,1,2,1,1,1.0,87085,M,,,87
201600035954,16,2,12,1712,1,2,1,2,2.0,87085,M,,,87
201600035955,16,2,12,2026,5,2,3,2,3.0,87085,M,,,87
201600035956,16,2,15,2028,3,1,1,1,6.0,87050,M,,,87
201600035957,16,2,12,1812,1,2,1,1,6.0,87085,M,4583460.0,122363.0,87
201600035958,16,2,15,1424,1,2,1,1,6.0,87085,M,,,87
201600035959,16,2,17,2339,5,2,2,1,3.0,87085,M,,,87
201600035960,16,2,17,1316,1,2,1,1,2.0,87085,M,,,87
201600035961,16,2,20,2016,5,2,1,2,1.0,87085,M,,,87
201600035962,16,2,23,1214,1,2,1,1,6.0,87050,M,4585740.0,124405.0,87
201600035963,16,2,25,1455,1,1,1,2,1.0,87075,M,4580510.0,123654.0,87
201600035964,16,2,26,1759,1,2,3,1,3.0,87085,M,,,87
201600035965,16,2,27,1452,1,1,3,2,3.0,87085,M,4585040.0,129882.0,87
201600035966,16,2,27,1554,1,2,1,1,3.0,87085,M,,,87
201600035967,16,2,26,1503,1,2,1,1,2.0,87085,M,,,87
201600035968,16,2,28,1916,5,2,1,2,6.0,87085,M,,,87
201600035969,16,3,1,2025,5,2,3,1,3.0,87085,M,4586420.0,129054.0,87
201600035970,16,3,2,815,1,1,1,2,4.0,87065,M,4581740.0,129494.0,87
201600035971,16,3,6,602,5,1,1,1,2.0,87085,M,4586130.0,127292.0,87
201600035972,16,3,1,2136,4,1,1,2,2.0,87085,M,4587280.0,128781.0,87
201600035973,16,3,6,1039,1,2,9,1,3.0,87075,M,4580940.0,122663.0,87
201600035974,16,3,8,1000,1,2,1,1,6.0,87085,M,4585520.0,128832.0,87
201600035975,16,3,8,818,1,2,3,1,3.0,87085,M,4584120.0,123044.0,87
201600035976,16,3,8,1921,2,2,1,1,6.0,87085,M,4582660.0,125752.0,87
201600035977,16,3,9,835,1,1,1,2,2.0,87085,M,4589100.0,127942.0,87
201600035978,16,3,10,1726,1,2,3,1,3.0,87048,M,4579750.0,123752.0,87
201600035979,16,3,12,1826,1,1,1,1,2.0,87050,M,4587960.0,120250.0,87
201600035980,16,3,11,1833,1,2,1,1,6.0,87085,M,4584780.0,124545.0,87
201600035981,16,3,12,2311,5,2,1,1,6.0,87085,M,4590730.0,129747.0,87
201600035982,16,3,13,737,2,2,1,1,6.0,87048,M,4578180.0,122432.0,87
201600035983,16,3,14,1614,1,2,1,1,6.0,87050,M,4587690.0,124333.0,87
201600035984,16,3,16,826,1,2,1,1,6.0,87085,M,4582480.0,122883.0,87
201600035985,16,3,17,513,5,2,2,1,3.0,87085,M,4582110.0,126289.0,87
201600035986,16,3,17,2030,5,2,2,1,3.0,87085,M,4583170.0,126249.0,87
201600035987,16,3,18,2000,2,2,3,1,2.0,87085,M,4580710.0,125436.0,87
201600035988,16,3,17,2106,5,2,1,2,7.0,87085,M,4583960.0,125789.0,87
201600035989,16,3,22,1812,1,2,1,1,4.0,87085,M,4585150.0,127070.0,87
201600035990,16,3,17,1835,1,2,1,3,6.0,87065,M,4580420.0,132725.0,87
201600035991,16,3,20,1924,2,2,3,1,3.0,87085,M,4581760.0,127428.0,87
201600035992,16,3,23,1615,1,2,1,1,3.0,87085,M,4588210.0,127992.0,87
201600035993,16,3,24,1104,1,2,1,1,6.0,87085,M,4582950.0,126286.0,87
201600035994,16,3,25,2249,5,2,1,1,6.0,87085,M,4582990.0,125483.0,87
201600035995,16,3,26,1639,1,1,1,1,6.0,87048,M,4578020.0,122152.0,87
201600035996,16,3,30,1306,1,2,3,1,6.0,87085,M,4583500.0,122684.0,87
201600035997,16,3,29,1332,1,1,1,1,1.0,87085,M,4586640.0,116558.0,87
201600035998,16,3,24,1724,1,2,2,1,6.0,87085,M,4583450.0,122601.0,87
201600035999,16,3,30,1012,1,2,1,1,6.0,87085,M,4583170.0,126324.0,87
201600036000,16,4,1,1325,1,2,1,1,3.0,87075,M,4581070.0,121872.0,87
201600036001,16,4,1,1708,1,1,1,1,2.0,87050,M,4587130.0,125597.0,87
201600036002,16,3,31,1953,1,2,2,3,3.0,87085,M,4582130.0,125164.0,87
201600036003,16,4,7,1255,1,2,2,1,3.0,87085,M,4582360.0,125121.0,87
201600036004,16,4,8,1920,1,1,1,1,6.0,87085,M,4582140.0,120022.0,87
201600036005,16,4,9,1742,1,2,3,1,3.0,87085,M,4583080.0,124478.0,87
201600036006,16,4,12,909,1,1,1,1,6.0,87050,M,4588960.0,117841.0,87
201600036007,16,4,8,2030,2,2,1,1,7.0,87085,M,4584530.0,126033.0,87
201600036008,16,4,15,1150,1,2,1,1,3.0,87085,M,4585120.0,124461.0,87
201600036009,16,4,15,1003,1,1,1,2,6.0,87065,M,4578690.0,133047.0,87
201600036010,16,4,16,2044,2,2,3,2,3.0,87085,M,4582950.0,126084.0,87
201600036011,16,4,17,959,1,2,1,2,3.0,87085,M,4583580.0,125275.0,87
201600036012,16,4,16,1819,1,1,1,2,2.0,87085,M,4589120.0,128179.0,87
201600036013,16,4,19,216,5,2,1,1,6.0,87085,M,4581870.0,123392.0,87
201600036014,16,4,21,429,5,2,1,1,6.0,87085,M,4582770.0,122661.0,87
201600036015,16,4,22,1304,1,2,2,2,1.0,87085,M,4582110.0,126292.0,87
201600036016,16,4,22,2309,5,2,2,2,3.0,87085,M,4582730.0,128451.0,87
201600036017,16,4,26,1840,1,2,1,1,2.0,87085,M,4582100.0,126309.0,87
201600036018,16,4,26,852,1,2,1,2,7.0,87085,M,4583440.0,122609.0,87
201600036019,16,4,25,1758,1,2,2,1,2.0,87085,M,4583760.0,125268.0,87
201600036020,16,4,29,1345,1,2,3,1,3.0,87114,M,4583730.0,130716.0,87
201600036021,16,5,1,235,5,2,1,1,6.0,87085,M,4581710.0,122632.0,87
201600036022,16,5,1,1744,1,2,3,1,3.0,87085,M,4582830.0,124920.0,87
201600036023,16,5,2,1558,1,1,1,1,6.0,87085,M,4591500.0,128232.0,87
201600036024,16,5,3,1827,1,2,1,1,1.0,87085,M,4582500.0,124917.0,87
201600036025,16,5,4,813,1,2,1,1,6.0,87085,M,4582400.0,126015.0,87
201600036026,16,5,4,1830,1,2,1,1,6.0,87085,M,4582530.0,127254.0,87
201600036027,16,5,5,2224,5,2,1,1,3.0,87085,M,4583130.0,124022.0,87
201600036028,16,5,7,1150,1,2,1,1,6.0,87085,M,4583610.0,124952.0,87
201600036029,16,5,6,912,1,2,1,1,6.0,87085,M,4581780.0,122319.0,87
201600036030,16,5,11,1226,1,2,1,2,2.0,87085,M,4584750.0,124460.0,87
201600036031,16,5,12,1613,1,1,1,1,6.0,87085,M,4583990.0,125720.0,87
201600036032,16,5,16,1835,1,2,3,1,3.0,87085,M,4584250.0,124299.0,87
201600036033,16,5,18,2255,3,1,1,2,6.0,87050,M,4585670.0,124488.0,87
201600036034,16,5,14,2246,3,1,1,1,6.0,87113,M,,,87
201600036035,16,5,19,1423,1,2,1,1,2.0,87085,M,4584270.0,125482.0,87
201600036036,16,5,19,840,1,2,1,2,2.0,87085,M,4582100.0,126318.0,87
201600036037,16,5,18,1935,1,2,1,2,6.0,87085,M,4582400.0,125471.0,87
201600036038,16,5,21,1434,1,1,3,1,3.0,87065,M,4581620.0,130855.0,87
201600036039,16,5,13,1608,1,2,2,2,6.0,87085,M,4583190.0,126246.0,87
201600036040,16,5,26,1123,1,2,1,2,6.0,87085,M,4581810.0,122307.0,87
201600036041,16,5,18,1618,1,1,1,1,2.0,87075,M,4579320.0,122064.0,87
201600036042,16,5,19,724,2,1,1,2,4.0,87050,M,4585650.0,124558.0,87
201600036043,16,5,26,1259,1,2,1,1,2.0,87085,M,4586340.0,127438.0,87
201600036044,16,5,27,810,1,2,6,1,3.0,87085,M,4581060.0,125708.0,87
201600036045,16,5,27,1217,1,2,1,1,3.0,87075,M,,,87
201600036046,16,5,30,814,1,2,1,2,6.0,87050,M,4586750.0,123811.0,87
201600036047,16,5,27,1553,1,1,1,1,6.0,87085,M,4589800.0,129493.0,87
201600036048,16,5,31,748,2,2,6,3,6.0,87050,M,4589070.0,123360.0,87
201600036049,16,6,1,952,1,2,1,3,6.0,87085,M,4587820.0,128373.0,87
201600036050,16,5,31,734,1,2,2,2,3.0,87048,M,,,87
201600036051,16,6,2,752,1,2,1,2,2.0,87085,M,4582210.0,127116.0,87
201600036052,16,6,1,1316,1,2,3,2,1.0,87085,M,4585250.0,125515.0,87
201600036053,16,6,2,1002,1,2,1,2,6.0,87085,M,4581710.0,125246.0,87
201600036054,16,6,3,918,1,2,3,1,3.0,87085,M,4586470.0,128968.0,87
201600036055,16,6,3,1741,1,2,1,1,6.0,87085,M,4583170.0,127338.0,87
201600036056,16,6,4,1500,1,2,3,1,3.0,87085,M,4587670.0,129548.0,87
201600036057,16,6,4,2047,1,2,3,1,3.0,87085,M,4583460.0,126427.0,87
201600036058,16,6,6,2210,5,2,1,1,3.0,87085,M,4583360.0,124773.0,87
201600036059,16,6,7,1522,1,2,1,1,6.0,87085,M,4585100.0,128428.0,87
201600036060,16,6,10,1603,1,1,1,1,3.0,87107,M,4589220.0,117808.0,87
201600036061,16,6,9,915,1,2,1,1,6.0,87085,M,4581970.0,126456.0,87
201600036062,16,6,11,1031,1,1,1,2,1.0,87075,M,,,87
201600036063,16,6,13,1714,1,2,3,2,5.0,87085,M,4584660.0,124343.0,87
201600036064,16,6,13,2103,1,2,6,2,6.0,87085,M,4581860.0,126420.0,87
201600036065,16,6,13,1906,1,2,1,1,1.0,87085,M,4581030.0,125777.0,87
201600036066,16,6,14,916,1,2,1,1,6.0,87050,M,,,87
201600036067,16,6,15,1201,1,2,1,1,6.0,87085,M,4582740.0,125964.0,87
201600036068,16,6,15,1750,1,2,2,1,3.0,87085,M,4584030.0,125909.0,87
201600036069,16,6,17,750,1,2,1,1,3.0,87085,M,4582970.0,126251.0,87
201600036070,16,6,13,1940,1,1,1,2,3.0,87085,M,4580370.0,127851.0,87
201600036071,16,6,17,1427,1,1,1,2,1.0,87050,M,,,87
201600036072,16,6,20,820,1,2,1,1,3.0,87085,M,4583880.0,126543.0,87
201600036073,16,6,22,1855,1,1,1,1,2.0,87085,M,4590760.0,127267.0,87
201600036074,16,6,24,1204,1,1,1,3,6.0,87065,M,4579180.0,130259.0,87
201600036075,16,6,22,1705,1,1,1,1,6.0,87075,M,4578740.0,121312.0,87
201600036076,16,6,23,2324,5,2,1,1,6.0,87085,M,4587100.0,117809.0,87
201600036077,16,6,24,2302,5,2,2,3,3.0,87085,M,4584600.0,124560.0,87
201600036078,16,6,28,2305,5,1,3,1,6.0,87085,M,4585040.0,129881.0,87
201600036079,16,6,30,1439,1,2,1,1,2.0,87085,M,4582950.0,126979.0,87
201600036080,16,7,3,2117,1,1,1,1,1.0,87114,M,4584130.0,131385.0,87
201600036081,16,6,30,855,1,2,3,1,3.0,87085,M,4583830.0,125403.0,87
201600036082,16,7,6,1724,1,2,2,1,6.0,87085,M,4582860.0,125612.0,87
201600036083,16,6,30,1734,1,2,1,1,3.0,87085,M,4582610.0,128023.0,87
201600036084,16,7,8,1912,1,2,1,1,6.0,87085,M,4582620.0,126719.0,87
201600036085,16,7,7,1446,1,2,2,1,3.0,87085,M,4586910.0,126823.0,87
201600036086,16,7,9,2233,5,2,1,1,6.0,87048,M,4579110.0,123531.0,87
201600036087,16,7,7,1221,1,2,2,1,6.0,87085,M,4583170.0,126249.0,87
201600036088,16,7,9,1232,1,2,1,1,2.0,87085,M,4581340.0,124106.0,87
201600036089,16,7,11,1816,1,2,1,1,6.0,87085,M,4581850.0,124565.0,87
201600036090,16,7,10,1935,1,2,1,1,6.0,87085,M,4583510.0,126059.0,87
201600036091,16,7,12,855,1,2,2,1,3.0,87085,M,4584810.0,124536.0,87
201600036092,16,5,27,950,1,2,2,1,5.0,87085,M,4585660.0,125068.0,87
201600036093,16,7,18,1511,1,2,1,1,6.0,87065,M,4581810.0,129458.0,87
201600036094,16,7,17,1345,1,2,1,1,1.0,87065,M,4580930.0,129940.0,87
201600036095,16,7,16,1607,1,2,3,1,3.0,87085,M,4585170.0,127261.0,87
201600036096,16,7,20,1110,1,2,3,1,6.0,87085,M,4584490.0,125387.0,87
201600036097,16,7,21,2222,5,2,2,1,6.0,87085,M,4583300.0,125597.0,87
201600036098,16,7,22,1255,1,2,2,1,3.0,87050,M,4587280.0,123713.0,87
201600036099,16,7,22,1729,1,2,1,1,6.0,87113,M,4585980.0,131594.0,87
201600036100,16,7,25,1050,1,1,1,1,6.0,87085,M,4588670.0,126716.0,87
201600036101,16,7,25,1745,1,2,1,1,2.0,87113,M,4586480.0,132392.0,87
201600036102,16,7,26,1040,1,1,1,1,2.0,87085,M,4591340.0,129340.0,87
201600036103,16,7,25,2215,5,2,1,1,6.0,87085,M,4582080.0,123840.0,87
201600036104,16,7,28,58,5,2,3,1,3.0,87085,M,4582120.0,126296.0,87
201600036105,16,7,26,1807,1,2,1,1,6.0,87085,M,4581110.0,127444.0,87
201600036106,16,7,29,833,1,2,3,1,3.0,87085,M,4582360.0,125121.0,87
201600036107,16,7,21,602,5,2,1,1,6.0,87085,M,4584480.0,123168.0,87
201600036108,16,8,1,1714,1,2,1,1,2.0,87085,M,4582550.0,125760.0,87
201600036109,16,8,1,1412,1,2,3,1,3.0,87085,M,4585230.0,125246.0,87
201600036110,16,8,5,1536,1,2,1,1,2.0,87085,M,4583250.0,125542.0,87
201600036111,16,8,5,1533,1,2,1,1,3.0,87085,M,4582280.0,127465.0,87
201600036112,16,8,6,1941,1,2,1,1,4.0,87065,M,4581290.0,133099.0,87
201600036113,16,8,6,1928,1,2,1,1,6.0,87085,M,4584260.0,124573.0,87
201600036114,16,8,11,154,5,2,7,1,6.0,87085,M,4583020.0,124950.0,87
201600036115,16,8,11,850,1,1,1,1,1.0,87050,M,4588130.0,118145.0,87
201600036116,16,8,13,105,5,1,1,1,6.0,87065,M,4579900.0,129581.0,87
201600036117,16,8,15,1833,1,1,1,1,6.0,87085,M,4591850.0,129707.0,87
201600036118,16,8,12,1727,1,2,1,1,6.0,87050,M,4586620.0,123804.0,87
201600036119,16,8,13,832,1,2,3,1,3.0,87085,M,4583940.0,124499.0,87
201600036120,16,8,16,1525,1,1,1,1,3.0,87085,M,4592270.0,130175.0,87
201600036121,16,8,19,140,3,1,1,1,6.0,87075,M,4579460.0,120361.0,87
201600036122,16,8,19,1953,1,2,1,1,1.0,87085,M,4581500.0,125787.0,87
201600036123,16,8,22,1735,1,2,1,1,6.0,87085,M,4581970.0,122532.0,87
201600036124,16,8,22,1731,1,1,1,1,5.0,87065,M,4580450.0,129711.0,87
201600036125,16,8,20,2005,1,2,2,1,3.0,87085,M,4582390.0,123914.0,87
201600036126,16,8,23,1921,1,2,1,1,6.0,87114,M,4582750.0,129188.0,87
201600036127,16,8,23,2009,1,2,1,1,6.0,87085,M,4585540.0,128356.0,87
201600036128,16,8,26,23,5,1,3,1,6.0,87065,M,4578440.0,131146.0,87
201600036129,16,8,30,850,1,2,3,1,3.0,87085,M,4583970.0,122576.0,87
201600036130,16,8,30,1045,1,1,3,1,3.0,87085,M,4584860.0,125856.0,87
201600036131,16,8,31,629,5,2,1,1,1.0,87065,M,4580220.0,127899.0,87
201600036132,16,9,1,1742,1,2,1,1,1.0,87085,M,4584840.0,123613.0,87
201600036133,16,9,1,2151,5,1,3,1,6.0,87048,M,4578480.0,123347.0,87
201600036134,16,9,1,1739,1,2,1,1,6.0,87085,M,4582770.0,125833.0,87
201600036135,16,8,22,1710,1,2,1,1,6.0,87085,M,4583900.0,125826.0,87
201600036136,16,9,6,1521,1,2,1,1,3.0,87085,M,4583350.0,126981.0,87
201600036137,16,9,7,1705,1,2,3,1,3.0,87085,M,4583310.0,124853.0,87
201600036138,16,9,8,1713,1,2,3,1,3.0,87085,M,4583530.0,127171.0,87
201600036139,16,9,4,2034,5,2,3,1,6.0,87085,M,4583370.0,124398.0,87
201600036140,16,9,7,1535,1,2,1,1,2.0,87085,M,4586100.0,127404.0,87
201600036141,16,9,8,1340,1,2,2,1,3.0,87085,M,4582230.0,123980.0,87
201600036142,16,9,10,2049,5,2,1,1,4.0,87085,M,4583450.0,122562.0,87
201600036143,16,9,16,1320,1,2,1,2,3.0,87085,M,4582550.0,127147.0,87
201600036144,16,9,18,1446,1,2,1,2,2.0,87085,M,4583320.0,127521.0,87
201600036145,16,9,16,1653,1,2,1,2,4.0,87085,M,4583610.0,127830.0,87
201600036146,16,9,16,1321,1,2,1,1,6.0,87085,M,4581880.0,126549.0,87
201600036147,16,9,16,1728,1,2,2,1,3.0,87085,M,4582180.0,123070.0,87
201600036148,16,9,17,1236,1,2,1,1,6.0,87065,M,,,87
201600036149,16,9,15,1819,1,2,1,1,6.0,87085,M,4582940.0,124519.0,87
201600036150,16,9,21,1730,1,2,2,1,6.0,87085,M,4583450.0,122601.0,87
201600036151,16,9,22,1240,1,2,1,1,3.0,87085,M,4583260.0,126020.0,87
201600036152,16,9,30,1853,1,1,1,2,6.0,87050,M,4585650.0,124551.0,87
201600036153,16,10,1,1040,1,2,1,2,6.0,87113,M,4586780.0,132425.0,87
201600036154,16,9,30,821,1,2,2,1,3.0,87085,M,4583310.0,124853.0,87
201600036155,16,9,27,2140,3,1,1,1,2.0,87085,M,4584200.0,117977.0,87
201600036156,16,10,5,748,2,2,1,1,6.0,87085,M,4584280.0,124568.0,87
201600036157,16,10,4,2012,4,2,1,1,6.0,87085,M,4581810.0,123399.0,87
201600036158,16,10,5,49,5,2,1,1,6.0,87085,M,4581780.0,125428.0,87
201600036159,16,10,4,1247,1,1,1,1,6.0,87085,M,4584900.0,127695.0,87
201600036160,16,10,6,1655,1,2,2,1,3.0,87085,M,4584930.0,122970.0,87
201600036161,16,10,10,849,1,1,1,1,2.0,87050,M,4587890.0,122949.0,87
201600036162,16,10,8,1719,1,2,1,1,2.0,87114,M,4582940.0,129697.0,87
201600036163,16,10,10,846,1,1,1,1,6.0,87085,M,4583520.0,126066.0,87
201600036164,16,10,11,1655,1,2,1,1,3.0,87085,M,4583150.0,126165.0,87
201600036165,16,10,17,829,1,2,1,2,4.0,87085,M,4581460.0,127001.0,87
201600036166,16,10,17,1212,1,1,1,3,6.0,87085,M,4585650.0,124520.0,87
201600036167,16,10,17,1134,1,2,1,2,3.0,87085,M,4581830.0,129322.0,87
201600036168,16,10,17,1351,1,2,1,2,2.0,87050,M,4587480.0,123788.0,87
201600036169,16,10,17,1047,1,2,3,2,3.0,87114,M,4583060.0,128927.0,87
201600036170,16,10,14,1538,1,1,1,2,6.0,87065,M,4579360.0,129519.0,87
201600036171,16,10,18,2029,5,2,1,1,3.0,87085,M,4582810.0,128213.0,87
201600036172,16,10,19,1612,1,1,3,1,3.0,87050,M,4587680.0,124388.0,87
201600036173,16,10,1,1620,1,2,1,1,4.0,87085,M,4585540.0,126690.0,87
201600036174,16,10,20,953,1,2,3,1,3.0,87065,M,4581330.0,133581.0,87
201600036175,16,10,14,752,5,2,2,1,3.0,87085,M,4582490.0,127477.0,87
201600036176,16,10,19,2049,5,1,3,1,1.0,87085,M,4584500.0,124562.0,87
201600036177,16,10,21,744,5,2,9,1,3.0,87085,M,4584520.0,123989.0,87
201600036178,16,10,18,1620,1,2,1,1,6.0,87085,M,4586840.0,127839.0,87
201600036179,16,10,20,731,5,2,1,5,6.0,87114,M,4582740.0,129223.0,87
201600036180,16,10,23,1602,1,1,1,1,4.0,87085,M,4585260.0,127598.0,87
201600036181,16,10,18,1535,1,2,2,1,5.0,87085,M,4582130.0,124017.0,87
201600036182,16,10,24,1657,1,2,1,2,6.0,87114,M,4582650.0,128646.0,87
201600036183,16,10,24,1517,1,2,1,2,6.0,87085,M,4583270.0,119699.0,87
201600036184,16,10,26,1405,1,2,1,1,6.0,87085,M,4582970.0,124946.0,87
201600036185,16,10,28,1736,1,2,1,1,2.0,87085,M,4586640.0,127031.0,87
201600036186,16,10,29,853,1,2,2,1,3.0,87085,M,4583220.0,125828.0,87
201600036187,16,10,29,1429,1,2,1,1,6.0,87085,M,4581480.0,126818.0,87
201600036188,16,10,29,1555,1,1,3,1,3.0,87085,M,4588920.0,127134.0,87
201600036189,16,11,1,1635,1,1,1,1,6.0,87085,M,4582820.0,128162.0,87
201600036190,16,11,2,750,1,1,1,1,2.0,87085,M,4582630.0,128442.0,87
201600036191,16,11,4,2019,5,2,3,2,1.0,87085,M,4583760.0,125268.0,87
201600036192,16,11,8,1210,1,2,1,1,2.0,87085,M,4581780.0,125263.0,87
201600036193,16,11,9,810,1,2,1,2,5.0,87085,M,4582480.0,124809.0,87
201600036194,16,11,10,624,3,1,1,1,6.0,87085,M,4585240.0,127608.0,87
201600036195,16,11,15,1030,1,2,1,1,6.0,87085,M,4582350.0,122260.0,87
201600036196,16,11,14,1825,5,2,1,2,6.0,87085,M,4583240.0,125849.0,87
201600036197,16,11,6,1850,3,1,1,2,1.0,87085,M,4590270.0,129646.0,87
201600036198,16,11,12,1915,5,2,1,2,1.0,87085,M,4582110.0,125585.0,87
201600036199,16,11,16,1002,1,2,2,2,1.0,87085,M,4582110.0,126293.0,87
201600036200,16,11,17,1745,2,2,1,2,6.0,87085,M,4584350.0,123163.0,87
201600036201,16,11,16,1508,1,2,1,2,6.0,87085,M,4582810.0,122668.0,87
201600036202,16,11,16,1237,1,2,3,2,6.0,87085,M,4582860.0,125612.0,87
201600036203,16,11,10,1149,1,2,1,2,6.0,87065,M,4581830.0,129369.0,87
201600036204,16,11,21,1348,1,2,2,1,6.0,87085,M,4583970.0,123447.0,87
201600036205,16,11,16,1012,1,1,3,1,5.0,87075,M,4579930.0,122748.0,87
201600036206,16,11,17,1743,2,2,1,2,3.0,87114,M,4582930.0,130191.0,87
201600036207,16,11,17,1813,5,2,1,2,6.0,87050,M,4587740.0,123941.0,87
201600036208,16,11,22,1849,5,2,1,2,6.0,87085,M,4583220.0,123359.0,87
201600036209,16,11,19,2027,5,2,3,1,3.0,87085,M,4583270.0,125870.0,87
201600036210,16,11,16,1310,1,2,3,2,1.0,87085,M,4582470.0,123459.0,87