Num_Acc,an,mois,jour,hrmn,lum,agg,int,atm,col,com,gps,lat,long,dep
201600036211,16,11,24,1752,2,1,1,2,6.0,87085,M,4581290.0,123326.0,87
201600036212,16,11,24,1537,1,2,1,1,6.0,87085,M,4583620.0,122679.0,87
201600036213,16,11,24,2010,5,1,1,1,2.0,87085,M,4589370.0,129359.0,87
201600036214,16,11,25,1241,1,2,1,1,6.0,87085,M,4583530.0,122149.0,87
201600036215,16,11,26,1428,1,2,1,1,6.0,87085,M,4584720.0,125522.0,87
201600036216,16,11,28,1952,3,1,1,1,6.0,87048,M,4577370.0,122317.0,87
201600036217,16,11,10,1916,5,2,4,2,1.0,87114,M,4584020.0,130447.0,87
201600036218,16,11,20,1525,1,2,1,1,3.0,87085,M,4582780.0,125812.0,87
201600036219,16,12,3,1900,5,2,4,1,6.0,87085,M,4582480.0,127580.0,87
201600036220,16,12,2,1500,1,2,1,1,4.0,87085,M,4581870.0,126561.0,87
201600036221,16,11,28,1639,1,2,1,1,6.0,87085,M,4580980.0,123589.0,87
201600036222,16,12,3,852,1,2,1,1,6.0,87085,M,4585260.0,125941.0,87
201600036223,16,12,7,1811,2,2,3,1,2.0,87085,M,4583560.0,124426.0,87
201600036224,16,12,10,1331,1,2,1,1,6.0,87114,M,4582970.0,130702.0,87
201600036225,16,12,8,737,5,1,3,1,3.0,87065,M,4581830.0,129301.0,87
201600036226,16,12,14,1540,1,2,3,1,3.0,87085,M,4583580.0,126274.0,87
201600036227,16,12,14,1523,1,2,1,1,2.0,87085,M,4581460.0,123097.0,87
201600036228,16,12,14,1735,1,2,1,1,3.0,87085,M,4587440.0,127033.0,87
201600036229,16,12,16,1805,2,1,1,2,6.0,87085,M,4588370.0,129122.0,87
201600036230,16,12,16,1451,1,2,1,1,6.0,87085,M,4584400.0,122962.0,87
201600036231,16,11,10,1521,1,2,3,1,3.0,87085,M,4585480.0,127372.0,87
201600036232,16,11,30,1308,1,1,1,1,6.0,87114,M,4583870.0,130992.0,87
201600036233,16,12,20,958,1,2,1,1,6.0,87085,M,4588130.0,129486.0,87
201600036234,16,9,18,2036,5,2,3,1,3.0,87085,M,4584570.0,127117.0,87
201600036235,16,12,23,1310,1,1,1,2,6.0,87085,M,4587870.0,129941.0,87
201600036236,16,12,27,831,2,1,1,1,2.0,87085,M,4587100.0,128765.0,87
201600036237,16,12,27,955,1,2,1,1,6.0,87085,M,4584080.0,123402.0,87
201600036238,16,12,27,1225,1,2,1,1,6.0,87085,M,4581420.0,127879.0,87
201600036239,16,12,28,1922,5,2,1,1,6.0,87085,M,4581880.0,125183.0,87
201600036240,16,1,23,1010,1,1,1,1,6.0,88160,M,4818497.0,647812.0,88
201600036241,16,1,30,1401,1,2,6,8,6.0,88160,M,4817492.0,643398.0,88
201600036242,16,3,9,900,1,2,1,1,6.0,88160,M,4817262.0,644796.0,88
201600036243,16,3,12,1555,1,2,1,1,6.0,88087,M,4817282.0,643404.0,88
201600036244,16,3,20,1610,1,2,1,1,1.0,88160,M,4814878.0,644786.0,88
201600036245,16,3,21,1115,1,2,2,1,6.0,88160,M,4818609.0,645241.0,88
201600036246,16,3,23,1815,1,2,3,1,3.0,88209,M,4819055.0,643313.0,88
201600036247,16,4,8,332,3,1,1,8,6.0,88160,M,4820426.0,645972.0,88
201600036248,16,5,7,1725,1,2,6,1,7.0,88160,M,4816449.0,644907.0,88
201600036249,16,5,26,105,3,2,1,1,6.0,88160,M,4817594.0,644809.0,88
201600036250,16,6,6,955,1,2,1,1,2.0,88160,M,4818159.0,644709.0,88
201600036251,16,6,24,755,1,1,1,1,7.0,88160,M,4817352.0,645359.0,88
201600036252,16,7,16,2305,3,1,1,1,7.0,88160,M,4817654.0,650288.0,88
201600036253,16,7,30,1455,1,2,1,1,6.0,88160,M,4819305.0,645321.0,88
201600036254,16,9,22,1855,1,1,1,1,6.0,88160,M,4814575.0,647019.0,88
201600036255,16,9,24,2130,5,2,1,1,6.0,88160,M,4816787.0,644999.0,88
201600036256,16,10,1,2214,5,2,1,1,6.0,88160,M,4818950.0,643824.0,88
201600036257,16,10,14,2040,5,2,2,1,2.0,88160,M,4819525.0,646058.0,88
201600036258,16,11,25,1020,1,2,2,1,6.0,88160,M,4817496.0,644922.0,88
201600036259,16,12,10,1850,5,2,1,1,6.0,88160,M,4817683.0,645505.0,88
201600036260,16,12,16,727,5,2,1,1,6.0,88087,M,4816680.0,643426.0,88
201600036261,16,8,18,2256,5,2,1,1,6.0,88415,M,4800902.0,661447.0,88
201600036262,16,9,24,1924,1,2,3,1,1.0,88415,M,4801177.0,660886.0,88
201600036263,16,10,24,1750,1,1,1,8,2.0,88409,M,4801256.0,664778.0,88
201600036264,16,1,7,2120,5,2,1,2,6.0,88413,M,4828367.0,694630.0,88
201600036265,16,1,13,738,2,2,1,2,6.0,88413,M,4828444.0,694667.0,88
201600036266,16,2,7,625,3,1,1,1,6.0,88413,M,,,88
201600036267,16,2,6,1130,1,2,3,1,7.0,88413,M,4828155.0,695151.0,88
201600036268,16,3,17,1445,1,2,1,1,3.0,88413,M,4829041.0,694209.0,88
201600036269,16,3,19,2045,5,2,1,1,6.0,88413,M,4828875.0,694838.0,88
201600036270,16,5,24,1045,1,2,1,1,6.0,88413,M,,,88
201600036271,16,5,28,1810,1,2,2,1,5.0,88413,M,4828869.0,694397.0,88
201600036272,16,5,14,1300,1,1,1,1,7.0,88463,M,4827316.0,689755.0,88
201600036273,16,6,19,1815,1,2,1,1,6.0,88413,M,4828346.0,695290.0,88
201600036274,16,6,26,1649,1,2,1,1,1.0,88413,M,4829981.0,692789.0,88
201600036275,16,7,4,30,5,2,2,1,3.0,88413,M,4828343.0,695291.0,88
201600036276,16,7,9,1908,1,2,1,1,2.0,88413,M,4828431.0,695367.0,88
201600036277,16,7,15,1835,1,2,1,1,6.0,88424,M,4827699.0,697486.0,88
201600036278,16,7,18,1123,1,2,1,1,6.0,88424,M,4826995.0,697486.0,88
201600036279,16,7,14,1050,1,1,1,3,7.0,88413,M,4831552.0,696632.0,88
201600036280,16,9,6,1853,1,1,2,1,3.0,88413,M,4827744.0,695313.0,88
201600036281,16,9,1,1830,1,2,1,1,4.0,88413,M,4829138.0,692833.0,88
201600036282,16,9,28,1716,1,1,1,1,6.0,88463,M,4827500.0,686583.0,88
201600036283,16,10,1,2102,5,2,1,1,3.0,88413,M,4828994.0,694689.0,88
201600036284,16,10,10,1535,1,2,1,1,3.0,88413,M,4828256.0,696503.0,88
201600036285,16,11,19,250,5,2,1,2,6.0,88413,M,4831260.0,692031.0,88
201600036286,16,12,7,1500,1,2,6,1,3.0,88424,M,4827450.0,696612.0,88
201600036287,16,12,3,2320,5,2,1,1,6.0,88463,M,4824957.0,690240.0,88
201600036288,16,12,6,1925,5,2,1,1,2.0,88413,M,4828038.0,695163.0,88
201600036289,16,2,1,1915,5,2,1,1,3.0,89024,M,4779808.0,355729.0,89
201600036290,16,3,2,1220,1,1,1,2,3.0,89346,M,4780072.0,352075.0,89
201600036291,16,3,23,735,1,2,2,1,2.0,89024,M,4779227.0,356744.0,89
201600036292,16,5,22,1140,1,1,1,2,1.0,89024,M,4774650.0,358619.0,89
201600036293,16,6,5,1440,1,2,1,1,6.0,89024,M,4777945.0,357475.0,89
201600036294,16,6,16,2010,1,2,2,1,3.0,89024,M,4780493.0,357149.0,89
201600036295,16,7,4,1040,1,1,1,1,1.0,89024,M,4776702.0,355094.0,89
201600036296,16,8,17,1740,1,2,1,1,6.0,89024,M,4781194.0,356119.0,89
201600036297,16,7,22,1655,1,2,1,1,6.0,89024,M,4779628.0,357997.0,89
201600036298,16,7,23,1430,1,1,3,1,2.0,89263,M,4783919.0,359941.0,89
201600036299,16,8,24,1840,1,2,2,1,2.0,89024,M,4779328.0,357784.0,89
201600036300,16,11,18,920,1,2,4,1,6.0,89024,M,4779614.0,358553.0,89
201600036301,16,11,29,950,1,1,1,1,2.0,89024,M,4781476.0,355774.0,89
201600036302,16,12,3,1625,1,2,1,1,6.0,89024,M,4782473.0,358799.0,89
201600036303,16,1,21,916,1,2,9,1,2.0,89387,M,4819906.0,328404.0,89
201600036304,16,1,27,740,3,2,2,1,3.0,89387,M,4820177.0,329774.0,89
201600036305,16,2,4,930,1,1,3,2,4.0,89354,M,4821240.0,326426.0,89
201600036306,16,10,30,235,5,2,1,1,6.0,89387,M,4820266.0,329561.0,89
201600036307,16,3,24,1305,1,2,1,1,3.0,89387,M,4820507.0,329461.0,89
201600036308,16,3,30,1325,1,2,6,2,6.0,89387,M,4820116.0,328227.0,89
201600036309,16,5,4,940,1,2,1,1,4.0,89387,M,4819424.0,330041.0,89
201600036310,16,5,8,910,1,2,9,1,2.0,89287,M,4817910.0,325817.0,89
201600036311,16,5,9,1650,1,2,1,1,3.0,89338,M,4821578.0,327842.0,89
201600036312,16,4,29,800,1,2,1,7,6.0,89287,M,4817938.0,324951.0,89
201600036313,16,5,16,1935,1,1,1,1,6.0,89127,M,,,89
201600036314,16,5,27,2010,1,2,1,1,6.0,89387,M,4820211.0,327534.0,89
201600036315,16,5,29,1315,1,2,1,1,2.0,89354,M,4820632.0,326505.0,89
201600036316,16,5,31,1300,1,2,3,2,3.0,89342,M,4822898.0,326556.0,89
201600036317,16,6,3,840,1,2,1,2,7.0,89387,M,4819892.0,327671.0,89
201600036318,16,12,10,625,5,2,4,1,6.0,89342,M,4821553.0,327514.0,89
201600036319,16,6,10,1730,1,2,2,1,3.0,89387,M,4818724.0,330492.0,89
201600036320,16,6,16,1855,1,2,2,1,3.0,89338,M,4821579.0,328668.0,89
201600036321,16,6,28,1910,1,1,1,1,6.0,89338,M,4822440.0,329015.0,89
201600036322,16,6,27,135,5,2,2,1,6.0,89387,M,4820500.0,328496.0,89
201600036323,16,6,19,2205,5,2,1,1,7.0,89387,M,4819977.0,328800.0,89
201600036324,16,7,4,1600,1,2,1,1,6.0,89387,M,4819201.0,328121.0,89
201600036325,16,7,4,740,1,1,1,1,7.0,89387,M,4817460.0,329338.0,89
201600036326,16,6,17,1335,1,2,2,1,6.0,89387,M,4820076.0,330426.0,89
201600036327,16,7,9,2100,2,2,1,1,4.0,89342,M,4823097.0,326399.0,89
201600036328,16,7,8,800,1,2,1,1,2.0,89387,M,4818006.0,328988.0,89
201600036329,16,7,9,1100,1,2,2,1,6.0,89387,M,4819933.0,328705.0,89
201600036330,16,7,18,1150,1,2,1,1,3.0,89387,M,4819504.0,330940.0,89
201600036331,16,8,5,1134,1,2,1,1,1.0,89387,M,4820187.0,329751.0,89
201600036332,16,8,16,1115,1,2,1,1,4.0,89387,M,4819571.0,328769.0,89
201600036333,16,9,6,930,1,2,1,2,3.0,89387,M,4820175.0,328434.0,89
201600036334,16,9,8,1130,1,2,1,1,6.0,89287,M,4819076.0,326357.0,89
201600036335,16,9,19,1710,1,1,1,1,7.0,89342,M,4823108.0,326389.0,89
201600036336,16,9,16,1630,1,2,5,1,3.0,89387,M,4819404.0,330070.0,89
201600036337,16,9,18,1310,1,2,1,1,7.0,89387,M,4820102.0,328226.0,89
201600036338,16,9,26,1300,1,1,2,1,3.0,89387,M,4819500.0,331408.0,89
201600036339,16,10,2,510,5,2,1,1,2.0,89387,M,4820755.0,328530.0,89
201600036340,16,9,30,1610,1,2,2,1,3.0,89387,M,4820498.0,328494.0,89
201600036341,16,10,12,900,1,2,1,1,2.0,89387,M,4819198.0,330840.0,89
201600036342,16,10,24,1800,2,1,2,3,4.0,89387,M,4818879.0,331018.0,89
201600036343,16,10,15,1715,1,2,3,1,6.0,89387,M,4819844.0,330759.0,89
201600036344,16,10,26,1010,1,1,2,1,1.0,89387,M,4817826.0,328042.0,89
201600036345,16,11,5,1835,5,2,1,1,4.0,89387,M,4820499.0,328510.0,89
201600036346,16,11,4,1310,1,2,1,1,2.0,89387,M,4820135.0,328420.0,89
201600036347,16,10,31,1835,5,2,2,1,6.0,89387,M,4820426.0,329201.0,89
201600036348,16,11,11,2115,5,2,3,1,3.0,89387,M,4819768.0,327399.0,89
201600036349,16,11,16,1225,1,2,1,2,1.0,89387,M,4819574.0,329569.0,89
201600036350,16,11,25,820,1,2,1,1,6.0,89387,M,4819442.0,328358.0,89
201600036351,16,11,13,225,5,2,1,8,2.0,89387,M,4820545.0,327761.0,89
201600036352,16,12,2,900,1,1,3,1,3.0,89387,M,4821238.0,326429.0,89
201600036353,16,11,18,530,1,1,1,1,6.0,89287,M,4818947.0,326106.0,89
201600036354,16,1,2,1842,5,2,1,2,2.0,90075,M,0.0,0.0,90
201600036355,16,1,4,1515,1,1,1,8,6.0,90039,M,0.0,0.0,90
201600036356,16,1,8,1427,1,1,1,3,7.0,90029,M,4764855.0,681445.0,90
201600036357,16,1,9,2220,5,2,1,8,6.0,90010,M,0.0,0.0,90
201600036358,16,1,9,2020,5,2,1,5,2.0,90010,M,0.0,0.0,90
201600036359,16,1,11,1715,2,2,1,2,6.0,90010,M,0.0,0.0,90
201600036360,16,1,13,1015,1,2,1,2,6.0,90032,M,,,90
201600036361,16,1,13,1258,1,2,1,1,1.0,90010,M,0.0,0.0,90
201600036362,16,1,15,945,1,2,1,1,6.0,90010,M,4764047.0,686461.0,90
201600036363,16,1,16,1547,1,2,1,4,2.0,90032,M,,,90
201600036364,16,1,18,1510,1,2,3,1,3.0,90010,M,,,90
201600036365,16,1,19,1711,3,1,1,4,7.0,90001,M,4760950.0,684097.0,90
201600036366,16,1,22,1659,2,1,1,8,3.0,90010,M,,,90
201600036367,16,1,31,1810,5,2,3,2,6.0,90075,M,,,90
201600036368,16,2,3,1650,1,2,1,2,2.0,90099,M,,,90
201600036369,16,2,10,1832,5,2,2,2,3.0,90010,M,,,90
201600036370,16,3,1,1210,1,2,1,1,3.0,90032,M,,,90
201600036371,16,3,3,853,1,2,1,4,2.0,90010,M,,,90
201600036372,16,3,9,1743,2,1,1,1,7.0,90099,M,,,90
201600036373,16,3,9,1156,1,2,1,1,3.0,90010,M,4762961.0,684294.0,90
201600036374,16,3,10,829,1,2,1,1,4.0,90075,M,4765561.0,686241.0,90
201600036375,16,3,16,1745,1,2,1,1,1.0,90008,M,,,90
201600036376,16,3,11,903,1,2,1,1,6.0,90076,M,,,90
201600036377,16,3,17,850,1,2,1,1,4.0,90010,M,,,90
201600036378,16,3,18,1810,1,2,1,1,6.0,90010,M,,,90
201600036379,16,3,19,1619,1,2,1,1,6.0,90010,M,4763458.0,685347.0,90
201600036380,16,3,21,1053,1,2,1,1,6.0,90008,M,4762055.0,683447.0,90
201600036381,16,3,29,857,1,2,2,1,2.0,90010,M,,,90
201600036382,16,3,30,1059,1,2,3,2,6.0,90010,M,,,90
201600036383,16,4,5,720,1,2,1,1,4.0,90010,M,,,90
201600036384,16,4,5,1215,1,1,6,3,3.0,90099,M,,,90
201600036385,16,4,22,1520,1,2,1,1,6.0,90032,M,,,90
201600036386,16,4,28,1145,1,2,1,1,6.0,90010,M,,,90
201600036387,16,4,29,1900,1,2,1,1,3.0,90039,M,,,90
201600036388,16,5,4,1555,1,2,1,1,2.0,90010,M,,,90
201600036389,16,5,15,1719,1,1,1,1,1.0,90029,M,,,90
201600036390,16,5,17,928,1,2,1,1,2.0,90008,M,,,90
201600036391,16,5,16,1940,2,2,1,1,6.0,90075,M,,,90
201600036392,16,4,28,1735,1,2,1,1,7.0,90039,M,,,90
201600036393,16,5,5,1913,1,2,1,1,3.0,90010,M,,,90
201600036394,16,5,18,1210,1,2,1,1,2.0,90010,M,,,90
201600036395,16,5,7,1859,1,2,2,1,3.0,90010,M,,,90
201600036396,16,5,28,858,1,2,1,1,3.0,90008,M,,,90
201600036397,16,5,30,1215,1,2,1,2,1.0,90075,M,,,90
201600036398,16,5,31,1554,1,2,6,3,1.0,90008,M,4761094.0,682816.0,90
201600036399,16,6,13,2300,5,2,1,8,1.0,90010,M,,,90
201600036400,16,7,3,950,1,2,1,1,1.0,90010,M,,,90
201600036401,16,7,3,250,5,2,3,1,5.0,90010,M,,,90
201600036402,16,7,8,2355,5,2,1,1,3.0,90010,M,,,90
201600036403,16,7,14,1403,1,2,1,2,2.0,90010,M,,,90
201600036404,16,7,21,1130,1,1,1,1,1.0,90075,M,,,90
201600036405,16,8,15,1235,1,2,1,1,6.0,90010,M,,,90
201600036406,16,8,24,1923,1,2,1,1,6.0,90010,M,,,90
201600036407,16,9,6,1826,1,2,1,1,6.0,90010,M,,,90
201600036408,16,9,9,1706,1,2,1,1,6.0,90032,M,,,90
201600036409,16,8,29,1445,1,2,1,1,6.0,90001,M,,,90
201600036410,16,9,12,1812,1,2,1,1,3.0,90010,M,,,90
201600036411,16,9,8,722,1,2,1,1,3.0,90010,M,,,90
201600036412,16,9,21,1122,1,2,1,1,6.0,90010,M,,,90
201600036413,16,9,27,2251,5,2,1,1,6.0,90010,M,,,90
201600036414,16,9,30,1337,1,2,1,1,1.0,90010,M,,,90
201600036415,16,10,1,1021,1,2,1,3,2.0,90039,M,,,90
201600036416,16,10,11,2001,3,2,1,1,1.0,90032,M,,,90
201600036417,16,11,10,1727,3,2,1,2,6.0,90008,M,,,90
201600036418,16,12,8,1618,1,2,1,1,6.0,90010,M,4764559.0,685542.0,90
201600036419,16,12,10,1950,5,2,1,1,3.0,90010,M,,,90
201600036420,16,12,17,245,3,1,1,5,7.0,90032,M,,,90
201600036421,16,1,1,1300,1,2,1,1,6.0,91347,M,4865861.0,228531.0,91
201600036422,16,1,12,1435,1,2,1,1,1.0,91339,M,4860626.0,225007.0,91
201600036423,16,1,12,1610,1,2,1,1,6.0,91103,M,4860636.0,230529.0,91
201600036424,16,1,13,115,5,2,1,2,6.0,91339,M,4863025.0,226997.0,91
201600036425,16,1,16,840,1,1,1,9,6.0,91457,M,4857641.0,227874.0,91
201600036426,16,1,22,1255,1,2,1,3,2.0,91339,M,4863006.0,226337.0,91
201600036427,16,1,23,1815,5,2,1,2,2.0,91339,M,4860633.0,225025.0,91
201600036428,16,1,26,1415,1,2,3,1,3.0,91552,M,4859387.0,226185.0,91
201600036429,16,1,26,1915,3,1,1,1,6.0,91103,M,4859144.0,230920.0,91
201600036430,16,1,29,1505,1,2,3,1,6.0,91103,M,4861552.0,230493.0,91
201600036431,16,1,30,1810,5,2,3,2,2.0,91347,M,4865472.0,227382.0,91
201600036432,16,1,31,1518,1,2,1,1,3.0,91425,M,4863954.0,226454.0,91
201600036433,16,2,1,2015,3,1,1,2,6.0,91457,M,4857521.0,226321.0,91
201600036434,16,2,4,810,1,2,1,1,3.0,91021,M,4859081.0,225677.0,91
201600036435,16,2,5,1415,1,2,1,1,2.0,91552,M,,,91
201600036436,16,2,6,1745,1,2,1,1,6.0,91552,M,4859310.0,226595.0,91
201600036437,16,2,7,220,5,1,1,2,4.0,91552,M,4860685.0,225046.0,91
201600036438,16,2,11,1700,1,2,4,1,6.0,91552,M,4860618.0,225584.0,91
201600036439,16,2,12,1500,1,2,1,2,6.0,91021,M,4858950.0,224515.0,91
201600036440,16,2,19,1025,1,2,1,1,6.0,91103,M,4860898.0,230511.0,91
201600036441,16,2,19,1115,1,2,1,1,2.0,91425,M,4864459.0,226130.0,91
201600036442,16,2,19,2150,5,2,1,1,7.0,91425,M,4864963.0,227589.0,91
201600036443,16,2,20,1150,1,2,1,2,6.0,91021,M,4859938.0,224142.0,91
201600036444,16,2,23,1925,3,1,1,1,2.0,91552,M,4860226.0,224767.0,91
201600036445,16,2,24,750,1,2,1,1,3.0,91347,M,4863749.0,229586.0,91
201600036446,16,2,26,1345,1,2,1,1,3.0,91552,M,4859500.0,225887.0,91
201600036447,16,3,1,1308,1,2,1,2,3.0,91021,M,4858830.0,224999.0,91
201600036448,16,3,3,1955,3,2,1,1,7.0,91552,M,4861189.0,224821.0,91
201600036449,16,3,7,810,1,1,1,1,3.0,91103,M,4862435.0,229762.0,91
201600036450,16,3,8,1039,1,2,1,1,6.0,91103,M,4860848.0,231627.0,91
201600036451,16,3,10,1700,1,2,1,1,2.0,91103,M,4858948.0,230148.0,91
201600036452,16,3,11,30,4,2,1,1,6.0,91552,M,4859484.0,225723.0,91
201600036453,16,3,12,1110,1,2,2,1,2.0,91425,M,4864788.0,226648.0,91
201600036454,16,3,23,1940,5,2,1,1,2.0,91103,M,4861086.0,227973.0,91
201600036455,16,3,25,745,1,2,1,1,7.0,91021,M,4859253.0,224490.0,91
201600036456,16,3,26,1015,1,2,1,1,6.0,91552,M,4860685.0,225046.0,91
201600036457,16,3,30,850,1,1,1,2,4.0,91552,M,4860685.0,225046.0,91
201600036458,16,3,30,1710,1,2,1,1,6.0,91103,M,4859573.0,230369.0,91
201600036459,16,4,5,1900,1,2,1,1,6.0,91552,M,4859190.0,226870.0,91
201600036460,16,4,7,825,1,2,6,1,7.0,91425,M,,,91
201600036461,16,4,14,840,1,2,1,1,5.0,91425,M,4864008.0,226823.0,91
201600036462,16,4,16,1610,1,2,1,1,2.0,91339,M,4863008.0,226485.0,91
201600036463,16,4,18,1040,1,2,1,1,2.0,91021,M,4858530.0,224100.0,91
201600036464,16,4,27,1145,1,1,1,1,3.0,91457,M,,,91
201600036465,16,4,28,830,1,2,1,1,1.0,91021,M,4858692.0,225221.0,91
201600036466,16,4,29,1240,1,2,1,1,2.0,91347,M,,,91
201600036467,16,5,2,1240,1,2,1,1,2.0,91333,M,4861487.0,225855.0,91
201600036468,16,5,5,1040,1,2,2,1,3.0,91103,M,4860077.0,229656.0,91
201600036469,16,5,8,1510,1,2,3,1,1.0,91425,M,4863975.0,226644.0,91
201600036470,16,5,11,1250,1,1,1,2,4.0,91552,M,,,91
201600036471,16,5,11,1730,1,2,1,2,2.0,91103,M,4858537.0,229947.0,91
201600036472,16,5,12,1315,1,2,1,1,3.0,91103,M,4861439.0,230985.0,91
201600036473,16,5,14,2340,5,2,1,1,3.0,91103,M,4862414.0,229773.0,91
201600036474,16,5,15,818,1,1,1,1,7.0,91457,M,,,91
201600036475,16,5,17,37,5,1,1,1,3.0,91425,M,4864483.0,226998.0,91
201600036476,16,5,20,1045,1,2,1,1,6.0,91103,M,4860590.0,230440.0,91
201600036477,16,5,20,1810,1,2,2,1,6.0,91021,M,4858753.0,225158.0,91
201600036478,16,5,24,1605,1,2,1,1,6.0,91339,M,4863269.0,226920.0,91
201600036479,16,5,26,1359,1,2,1,1,6.0,91021,M,4859356.0,224168.0,91
201600036480,16,6,1,845,1,2,1,2,6.0,91103,M,4860017.0,229500.0,91
201600036481,16,6,3,1925,1,2,1,1,3.0,91021,M,4859356.0,224168.0,91
201600036482,16,6,5,2010,1,2,1,1,2.0,91339,M,4862568.0,226175.0,91
201600036483,16,6,7,1328,1,2,1,1,7.0,91103,M,4860462.0,232168.0,91
201600036484,16,6,8,940,1,2,1,1,6.0,91103,M,4860462.0,232168.0,91
201600036485,16,6,8,1955,1,2,1,1,3.0,91552,M,4859255.0,226139.0,91
201600036486,16,6,9,1825,1,1,1,1,7.0,91457,M,4857714.0,228597.0,91
201600036487,16,6,9,2000,1,2,1,1,3.0,91339,M,4863107.0,226377.0,91
201600036488,16,6,13,1420,1,2,1,2,2.0,91425,M,4863998.0,226978.0,91
201600036489,16,6,20,825,1,2,1,2,4.0,91339,M,4863006.0,226330.0,91
201600036490,16,6,23,2140,1,1,1,1,3.0,91339,M,4862736.0,226228.0,91
201600036491,16,6,24,2040,1,1,1,1,3.0,91457,M,4857610.0,226656.0,91
201600036492,16,6,25,2000,1,1,1,1,2.0,91339,M,4862861.0,226276.0,91
201600036493,16,6,27,845,1,2,3,2,3.0,91103,M,4861784.0,230112.0,91
201600036494,16,7,5,1800,1,2,1,1,2.0,91425,M,4864562.0,227437.0,91
201600036495,16,7,5,2000,1,2,1,1,2.0,91021,M,,,91
201600036496,16,7,8,45,5,2,3,1,3.0,91552,M,4859684.0,225661.0,91
201600036497,16,7,10,215,3,2,2,1,3.0,91103,M,4860251.0,229546.0,91
201600036498,16,7,21,945,1,2,1,1,7.0,91103,M,4858799.0,230388.0,91
201600036499,16,7,28,1500,1,2,1,1,6.0,91103,M,4858788.0,230506.0,91
201600036500,16,8,2,805,1,2,1,2,3.0,91347,M,4865527.0,227415.0,91
201600036501,16,8,3,1755,1,2,1,1,2.0,91021,M,4858952.0,224866.0,91
201600036502,16,8,5,1335,1,2,1,1,6.0,91103,M,4861854.0,230919.0,91
201600036503,16,8,9,1700,1,2,1,1,5.0,91425,M,4864473.0,227003.0,91
201600036504,16,8,13,1415,1,2,3,1,1.0,91425,M,4864156.0,225133.0,91
201600036505,16,8,22,650,1,2,1,1,7.0,91103,M,4862414.0,229773.0,91
201600036506,16,8,22,1102,1,1,4,1,3.0,91347,M,4864435.0,228167.0,91
201600036507,16,8,29,1640,1,2,1,2,4.0,91552,M,4860633.0,225025.0,91
201600036508,16,9,7,1110,1,2,1,1,6.0,91103,M,4860846.0,230534.0,91
201600036509,16,9,13,808,1,2,3,1,3.0,91333,M,4862001.0,226129.0,91
201600036510,16,9,13,1035,1,1,1,1,6.0,91103,M,4859555.0,231209.0,91
201600036511,16,9,13,1820,1,2,1,1,3.0,91425,M,4864483.0,226998.0,91
201600036512,16,9,26,915,1,2,1,1,3.0,91347,M,4864815.0,228371.0,91
201600036513,16,9,26,1815,1,1,6,1,7.0,91021,M,4859792.0,224527.0,91
201600036514,16,9,30,2145,5,2,1,2,6.0,91021,M,4858223.0,224289.0,91
201600036515,16,10,1,1010,1,2,4,1,6.0,91103,M,4860342.0,231188.0,91
201600036516,16,10,2,2016,3,1,1,1,5.0,91457,M,4857631.0,227901.0,91
201600036517,16,10,11,650,5,2,1,2,4.0,91339,M,4862448.0,226146.0,91
201600036518,16,10,12,755,1,2,1,1,6.0,91425,M,4864697.0,227083.0,91
201600036519,16,10,15,2010,5,1,2,1,2.0,91347,M,4863527.0,228564.0,91
201600036520,16,10,16,1300,1,2,1,1,1.0,91347,M,4864568.0,227871.0,91
201600036521,16,10,19,900,1,1,1,1,5.0,91425,M,4864839.0,227364.0,91
201600036522,16,10,23,1156,1,1,6,1,3.0,91103,M,4860862.0,231269.0,91
201600036523,16,10,25,735,3,1,1,5,3.0,91021,M,4859174.0,223978.0,91
201600036524,16,11,4,1535,1,1,3,2,3.0,91339,M,4862612.0,226251.0,91
201600036525,16,11,5,20,3,2,1,2,6.0,91339,M,4861736.0,225265.0,91
201600036526,16,10,29,1542,1,1,1,2,7.0,91457,M,4857494.0,226238.0,91
201600036527,16,11,7,729,2,2,1,1,6.0,91339,M,4863149.0,226668.0,91
201600036528,16,11,8,836,1,1,1,1,3.0,91103,M,4860584.0,232284.0,91
201600036529,16,11,10,2210,5,2,1,1,6.0,91103,M,4859812.0,230418.0,91
201600036530,16,11,11,1331,1,2,1,1,4.0,91425,M,4864028.0,226669.0,91
201600036531,16,11,13,1640,1,2,1,2,2.0,91425,M,4864866.0,227152.0,91
201600036532,16,11,19,1140,1,2,1,1,6.0,91021,M,4858847.0,224564.0,91
201600036533,16,11,21,724,5,1,1,2,2.0,91552,M,4860213.0,224770.0,91
201600036534,16,11,25,2015,5,2,3,1,2.0,91347,M,4862925.0,228925.0,91
201600036535,16,11,26,130,3,2,3,1,7.0,91103,M,4857772.0,228791.0,91
201600036536,16,11,28,2119,3,1,6,1,3.0,91457,M,4857380.0,225852.0,91
201600036537,16,11,29,1145,1,2,1,1,6.0,91103,M,4860846.0,230532.0,91