Num_Acc,an,mois,jour,hrmn,lum,agg,int,atm,col,com,gps,lat,long,dep
201600036538,16,11,30,1130,1,2,1,1,4.0,91339,M,4863714.0,226705.0,91
201600036539,16,12,3,1415,1,2,1,1,6.0,91425,M,4864993.0,227532.0,91
201600036540,16,12,7,1800,5,1,1,1,4.0,91552,M,4860322.0,224819.0,91
201600036541,16,12,9,1116,1,2,1,1,1.0,91103,M,4861759.0,230823.0,91
201600036542,16,12,14,1656,1,2,1,1,3.0,91103,M,4860364.0,230584.0,91
201600036543,16,12,15,1826,3,1,1,2,7.0,91339,M,4862489.0,225967.0,91
201600036544,16,12,15,1955,5,2,2,2,1.0,91103,M,4860484.0,229982.0,91
201600036545,16,12,16,1715,2,2,1,1,6.0,91425,M,4864007.0,227148.0,91
201600036546,16,12,18,740,3,2,1,1,1.0,91103,M,4860319.0,231956.0,91
201600036547,16,12,21,1220,1,1,1,1,6.0,91021,M,4859064.0,223826.0,91
201600036548,16,12,26,1158,1,2,1,2,2.0,91552,M,4861747.0,230794.0,91
201600036549,16,12,29,1745,2,2,1,1,2.0,91103,M,4859930.0,230435.0,91
201600036550,16,12,29,2045,5,2,1,1,6.0,91425,M,4864947.0,226986.0,91
201600036551,16,12,23,1158,1,2,1,1,6.0,91103,M,4858741.0,230012.0,91
201600036552,16,10,20,200,5,2,2,1,2.0,91479,M,4870854.0,237137.0,91
201600036553,16,10,14,1805,2,2,2,2,3.0,91027,M,4871021.0,238901.0,91
201600036554,16,10,30,1450,1,2,2,1,3.0,91479,M,4871017.0,238893.0,91
201600036555,16,7,10,1920,1,2,2,1,3.0,91027,M,4871606.0,237106.0,91
201600036556,16,9,29,735,5,2,1,1,2.0,91027,M,4870966.0,237147.0,91
201600036557,16,12,11,2030,5,2,1,1,6.0,91027,M,4870795.0,237960.0,91
201600036558,16,10,9,15,5,2,1,1,2.0,91114,M,4867970.0,249477.0,91
201600036559,16,1,8,1535,1,2,2,1,3.0,91514,M,4867250.0,253111.0,91
201600036560,16,1,11,715,5,2,1,2,6.0,91114,M,4869996.0,250450.0,91
201600036561,16,1,12,805,5,2,1,1,6.0,91114,M,4868986.0,249541.0,91
201600036562,16,1,23,1335,1,2,1,1,5.0,91114,M,4869205.0,250038.0,91
201600036563,16,1,28,1030,1,2,1,1,5.0,91114,M,4869697.0,249755.0,91
201600036564,16,2,3,815,1,2,1,1,6.0,91114,M,4870722.0,252541.0,91
201600036565,16,12,20,2010,5,2,6,1,5.0,91114,M,4868859.0,250361.0,91
201600036566,16,2,8,2145,5,1,1,2,6.0,91097,M,4868226.0,253130.0,91
201600036567,16,2,11,915,1,1,2,1,3.0,91514,M,4867213.0,253247.0,91
201600036568,16,2,11,920,1,2,1,1,2.0,91114,M,4868305.0,249027.0,91
201600036569,16,2,19,1140,1,2,1,1,4.0,91114,M,4869655.0,250608.0,91
201600036570,16,3,2,520,5,1,1,1,2.0,91114,M,4867819.0,249647.0,91
201600036571,16,3,3,445,5,2,1,1,1.0,91097,M,4869127.0,252552.0,91
201600036572,16,3,4,1305,1,2,1,1,2.0,91114,M,4867805.0,249583.0,91
201600036573,16,3,8,1640,1,2,1,1,2.0,91514,M,4867830.0,252747.0,91
201600036574,16,3,17,820,1,1,1,1,6.0,91097,M,4869301.0,253458.0,91
201600036575,16,3,28,1420,1,2,1,1,2.0,91114,M,4867836.0,249602.0,91
201600036576,16,4,5,1700,1,2,1,1,1.0,91114,M,4842260.0,231299.0,91
201600036577,16,4,18,1730,1,2,3,1,3.0,91114,M,4868631.0,249250.0,91
201600036578,16,4,26,1515,1,2,7,1,3.0,91114,M,4868094.0,249313.0,91
201600036579,16,3,28,2220,5,2,1,1,2.0,91114,M,4867749.0,249694.0,91
201600036580,16,5,3,1110,1,2,1,1,2.0,91514,M,4867841.0,252754.0,91
201600036581,16,5,3,1340,1,2,1,1,2.0,91114,M,4867805.0,249638.0,91
201600036582,16,5,5,1200,1,2,1,1,6.0,91114,M,4868513.0,250125.0,91
201600036583,16,5,10,1740,1,2,1,2,6.0,91097,M,4867836.0,252747.0,91
201600036584,16,5,12,1420,1,2,6,1,7.0,91514,M,4868298.0,253808.0,91
201600036585,16,5,13,1850,1,2,1,1,6.0,91114,M,4869875.0,250628.0,91
201600036586,16,5,14,1320,1,1,1,1,3.0,91097,M,4868859.0,252562.0,91
201600036587,16,5,17,1815,1,2,1,1,6.0,91114,M,4869722.0,250638.0,91
201600036588,16,5,19,1635,1,1,1,1,6.0,91114,M,4869228.0,249508.0,91
201600036589,16,5,23,755,1,2,1,3,2.0,91114,M,4869625.0,249883.0,91
201600036590,16,2,10,2015,1,1,1,1,6.0,91114,M,4868407.0,248912.0,91
201600036591,16,5,28,2000,1,2,1,3,6.0,91114,M,4868541.0,249788.0,91
201600036592,16,5,30,1820,1,1,5,1,3.0,91114,M,4868466.0,249288.0,91
201600036593,16,6,3,1830,1,2,2,2,3.0,91114,M,4868534.0,249163.0,91
201600036594,16,6,7,1020,1,2,1,1,4.0,91114,M,4869750.0,249661.0,91
201600036595,16,6,8,2130,1,2,1,1,2.0,91514,M,4867916.0,252500.0,91
201600036596,16,6,10,2110,1,1,1,1,5.0,91114,M,4867663.0,249838.0,91
201600036597,16,6,11,1755,1,2,1,3,6.0,91215,M,4869777.0,252455.0,91
201600036598,16,6,11,2155,2,2,2,8,3.0,91114,M,4868491.0,250316.0,91
201600036599,16,6,17,2230,2,2,7,2,2.0,91114,M,4868383.0,248930.0,91
201600036600,16,6,16,1255,1,2,6,1,2.0,91114,M,4869472.0,250194.0,91
201600036601,16,6,16,1520,1,2,1,1,6.0,91114,M,4869888.0,250583.0,91
201600036602,16,6,19,1650,1,2,1,1,6.0,91097,M,4868361.0,253444.0,91
201600036603,16,6,25,2330,5,2,1,1,6.0,91114,M,4870472.0,251361.0,91
201600036604,16,6,26,1920,1,1,1,1,3.0,91514,M,4866916.0,250777.0,91
201600036605,16,6,27,35,5,2,1,1,6.0,91114,M,4870138.0,250638.0,91
201600036606,16,6,28,2130,1,2,2,1,3.0,91114,M,4868750.0,249694.0,91
201600036607,16,7,2,200,5,2,1,2,3.0,91114,M,4868157.0,249236.0,91
201600036608,16,7,7,850,1,2,1,1,4.0,91114,M,4868361.0,248944.0,91
201600036609,16,7,9,850,1,1,1,1,6.0,91114,M,4870984.0,252238.0,91
201600036610,16,7,29,940,1,2,1,2,2.0,91114,M,4868320.0,249033.0,91
201600036611,16,4,27,1135,1,1,6,1,1.0,91097,M,4868307.0,253235.0,91
201600036612,16,9,7,1840,1,1,1,1,3.0,91097,M,4868210.0,253114.0,91
201600036613,16,9,14,1315,1,1,1,1,2.0,91114,M,4870710.0,251525.0,91
201600036614,16,9,14,1635,1,1,1,1,2.0,91114,M,4868951.0,249533.0,91
201600036615,16,9,14,1810,1,2,1,1,1.0,91097,M,4868427.0,252999.0,91
201600036616,16,9,20,740,1,2,1,1,6.0,91097,M,4869200.0,253400.0,91
201600036617,16,9,24,2140,5,2,1,1,2.0,91514,M,4867524.0,253562.0,91
201600036618,16,9,25,1545,1,2,1,2,2.0,91114,M,4868157.0,249236.0,91
201600036619,16,9,26,1915,1,2,6,1,1.0,91215,M,4869764.0,251950.0,91
201600036620,16,10,3,1755,1,2,1,1,6.0,91114,M,4868687.0,249294.0,91
201600036621,16,10,2,1600,1,2,1,1,1.0,91215,M,4869906.0,252284.0,91
201600036622,16,9,22,1915,1,2,1,1,6.0,91215,M,4869811.0,252502.0,91
201600036623,16,10,8,15,3,2,1,1,2.0,91114,M,4867838.0,249627.0,91
201600036624,16,9,1,1110,1,2,1,1,7.0,91631,M,4868047.0,255823.0,91
201600036625,16,10,12,1035,1,1,1,1,1.0,91514,M,4866103.0,251719.0,91
201600036626,16,11,20,2010,5,2,3,2,3.0,91114,M,4869645.0,249830.0,91
201600036627,16,11,21,1740,5,2,1,1,2.0,91114,M,4869608.0,249912.0,91
201600036628,16,11,22,1025,1,2,1,1,3.0,91114,M,4869608.0,249912.0,91
201600036629,16,11,26,945,1,2,1,8,6.0,91114,M,4869869.0,250232.0,91
201600036630,16,12,5,1800,5,1,6,1,2.0,91514,M,4866090.0,251843.0,91
201600036631,16,12,14,1130,1,2,1,1,6.0,91514,M,4868140.0,253323.0,91
201600036632,16,10,20,2005,5,2,3,1,5.0,91215,M,4868530.0,251454.0,91
201600036633,16,9,13,810,2,2,1,1,3.0,91114,M,4869400.0,249000.0,91
201600036634,16,12,30,1110,1,1,2,1,3.0,91514,M,4867760.0,252846.0,91
201600036635,16,12,5,805,2,2,1,1,3.0,91174,M,4860756.0,246493.0,91
201600036636,16,2,15,1430,1,2,1,1,6.0,91174,M,4861486.0,248436.0,91
201600036637,16,1,1,1230,1,1,1,1,6.0,91174,M,4861677.0,245867.0,91
201600036638,16,1,8,1940,5,2,3,1,5.0,91174,M,4858292.0,247619.0,91
201600036639,16,1,26,915,1,1,1,1,6.0,91174,M,4860652.0,246882.0,91
201600036640,16,1,4,935,1,2,1,1,1.0,91174,M,4861681.0,246895.0,91
201600036641,16,8,2,938,1,2,2,2,6.0,91174,M,4860344.0,246844.0,91
201600036642,16,5,17,1745,1,2,1,1,3.0,91174,M,4858932.0,247162.0,91
201600036643,16,9,10,2240,3,2,6,1,6.0,91174,M,4861574.0,245689.0,91
201600036644,16,1,4,835,1,2,1,1,6.0,91657,M,4870236.0,242020.0,91
201600036645,16,1,7,1855,5,2,2,1,3.0,91657,M,4870325.0,243452.0,91
201600036646,16,1,8,110,5,2,1,1,6.0,91657,M,4870741.0,241364.0,91
201600036647,16,1,9,950,1,2,3,1,2.0,91657,M,4870662.0,241144.0,91
201600036648,16,1,18,1525,1,2,2,1,3.0,91657,M,4869797.0,243961.0,91
201600036649,16,1,26,2130,5,2,2,8,6.0,91657,M,4869870.0,243898.0,91
201600036650,16,1,29,845,1,2,1,1,6.0,91657,M,4870413.0,241818.0,91
201600036651,16,1,30,1125,1,2,2,1,1.0,91201,M,4867415.0,241203.0,91
201600036652,16,2,4,715,3,2,1,8,6.0,91201,M,4867588.0,241174.0,91
201600036653,16,2,14,1750,1,2,2,2,3.0,91657,M,4870702.0,242602.0,91
201600036654,16,2,19,2135,5,2,1,1,6.0,91201,M,4868792.0,242107.0,91
201600036655,16,2,20,1150,1,2,5,1,1.0,91657,M,4869920.0,241728.0,91
201600036656,16,3,1,1327,1,2,2,2,2.0,91201,M,4866280.0,241760.0,91
201600036657,16,3,4,1400,1,1,1,1,3.0,91201,M,4868827.0,243486.0,91
201600036658,16,3,5,1940,5,1,1,1,2.0,91657,M,4869582.0,244110.0,91
201600036659,16,3,8,1458,1,2,1,1,5.0,91201,M,4869531.0,241446.0,91
201600036660,16,3,12,900,1,2,4,7,3.0,91201,M,4868577.0,241122.0,91
201600036661,16,3,19,1315,1,2,1,1,6.0,91201,M,4868612.0,240784.0,91
201600036662,16,3,20,1000,1,2,1,1,6.0,91657,M,4870250.0,242861.0,91
201600036663,16,3,28,1635,1,2,1,8,6.0,91201,M,4868515.0,240235.0,91
201600036664,16,4,1,1820,1,2,5,1,3.0,91657,M,4869797.0,243972.0,91
201600036665,16,4,2,1355,1,2,3,1,3.0,91657,M,4870605.0,243575.0,91
201600036666,16,4,2,1430,1,2,1,1,6.0,91657,M,4870294.0,242972.0,91
201600036667,16,4,5,1330,1,2,1,1,6.0,91657,M,4870363.0,242180.0,91
201600036668,16,4,6,1524,1,2,1,1,6.0,91201,M,4867908.0,241020.0,91
201600036669,16,4,10,1725,1,2,9,1,4.0,91201,M,4868819.0,239192.0,91
201600036670,16,4,10,2000,1,2,1,1,2.0,91657,M,4870235.0,242731.0,91
201600036671,16,4,12,800,1,2,3,1,3.0,91201,M,4866405.0,242147.0,91
201600036672,16,4,18,910,1,2,1,7,6.0,91201,M,4868575.0,241113.0,91
201600036673,16,4,23,1425,1,2,1,1,2.0,91201,M,4868711.0,239924.0,91
201600036674,16,5,10,1850,1,2,1,2,3.0,91657,M,4870105.0,242266.0,91
201600036675,16,5,14,2010,1,2,7,1,1.0,91201,M,4868733.0,240919.0,91
201600036676,16,5,24,1150,1,2,1,1,6.0,91657,M,4869648.0,243197.0,91
201600036677,16,5,29,1455,1,2,1,2,1.0,91201,M,4866269.0,242336.0,91
201600036678,16,6,8,1110,1,2,1,1,6.0,91657,M,4869154.0,242994.0,91
201600036679,16,6,10,1830,1,2,1,1,6.0,91201,M,4868130.0,240359.0,91
201600036680,16,6,14,2305,5,2,2,1,5.0,91201,M,4867413.0,241203.0,91
201600036681,16,6,18,1350,1,2,2,1,6.0,91201,M,4868607.0,240891.0,91
201600036682,16,6,22,25,5,2,1,1,6.0,91201,M,4866069.0,242783.0,91
201600036683,16,6,28,750,1,2,6,1,3.0,91657,M,4870363.0,241331.0,91
201600036684,16,7,9,2040,2,2,1,1,3.0,91201,M,4868447.0,241724.0,91
201600036685,16,7,9,2020,1,2,1,7,6.0,91657,M,4870411.0,242836.0,91
201600036686,16,7,10,1510,1,2,1,1,3.0,91657,M,4869680.0,243436.0,91
201600036687,16,7,10,1555,1,2,1,7,4.0,91201,M,4868902.0,241027.0,91
201600036688,16,7,15,1030,1,2,1,1,7.0,91201,M,4868488.0,243447.0,91
201600036689,16,7,18,1030,1,1,1,1,6.0,91201,M,4869498.0,241430.0,91
201600036690,16,7,19,1155,1,2,1,1,6.0,91657,M,4870767.0,241384.0,91
201600036691,16,7,20,1710,1,2,1,1,2.0,91201,M,4867744.0,241071.0,91
201600036692,16,7,27,1930,1,2,1,1,3.0,91201,M,4868675.0,240261.0,91
201600036693,16,7,28,2105,1,2,2,1,2.0,91657,M,4870503.0,242141.0,91
201600036694,16,8,19,1855,1,2,1,1,6.0,91201,M,4868891.0,243059.0,91
201600036695,16,8,31,1600,1,2,1,1,6.0,91201,M,4868718.0,242003.0,91
201600036696,16,8,31,1937,1,2,2,1,3.0,91657,M,4869447.0,243379.0,91
201600036697,16,9,3,1815,1,2,6,1,3.0,91657,M,4868910.0,243643.0,91
201600036698,16,9,19,1,3,2,1,1,6.0,91657,M,4871707.0,243823.0,91
201600036699,16,9,27,1810,1,2,3,1,3.0,91201,M,4868308.0,240810.0,91
201600036700,16,10,14,1900,5,2,6,2,3.0,91657,M,4870300.0,244003.0,91
201600036701,16,10,15,505,5,2,1,2,6.0,91201,M,4866721.0,241681.0,91
201600036702,16,10,21,1355,1,2,2,1,3.0,91657,M,4869694.0,243369.0,91
201600036703,16,11,17,1240,1,2,3,1,6.0,91201,M,4868610.0,240869.0,91
201600036704,16,11,23,105,5,2,1,2,7.0,91201,M,4868526.0,240853.0,91
201600036705,16,11,24,815,1,2,2,1,3.0,91201,M,4868647.0,241910.0,91
201600036706,16,11,25,830,1,2,1,8,3.0,91201,M,4868258.0,240669.0,91
201600036707,16,11,25,1915,5,2,2,1,3.0,91201,M,4868125.0,242820.0,91
201600036708,16,12,2,805,1,2,1,1,6.0,91657,M,4870638.0,242230.0,91
201600036709,16,12,9,940,1,2,4,1,3.0,91201,M,4868646.0,240416.0,91
201600036710,16,12,16,1400,1,2,1,1,2.0,91657,M,4869874.0,242180.0,91
201600036711,16,1,7,700,3,2,1,2,2.0,91223,M,4843403.0,217102.0,91
201600036712,16,1,8,2255,5,2,1,1,6.0,91223,M,4843424.0,216068.0,91
201600036713,16,1,8,835,1,2,1,1,7.0,91223,M,4843697.0,214616.0,91
201600036714,16,1,8,1405,1,2,1,1,1.0,91433,M,4840898.0,220993.0,91
201600036715,16,1,9,1605,1,1,1,1,7.0,91433,M,4844012.0,217846.0,91
201600036716,16,1,12,1345,1,2,1,1,1.0,91223,M,4843561.0,215035.0,91
201600036717,16,1,13,740,3,1,1,1,6.0,91433,M,4842354.0,222579.0,91
201600036718,16,1,16,910,1,1,1,1,7.0,91469,M,4841021.0,217872.0,91
201600036719,16,1,16,955,1,1,1,1,1.0,91469,M,4840006.0,217475.0,91
201600036720,16,1,29,1525,1,2,1,1,6.0,91223,M,4843751.0,216525.0,91
201600036721,16,1,31,2235,5,2,1,1,5.0,91223,M,4844027.0,215533.0,91
201600036722,16,2,7,1305,1,1,1,1,1.0,91109,M,4845841.0,213375.0,91
201600036723,16,2,9,1400,1,2,7,1,6.0,91223,M,4843652.0,215953.0,91
201600036724,16,2,14,1400,1,1,1,1,3.0,91433,M,4843478.0,219847.0,91
201600036725,16,2,16,1855,1,2,1,1,2.0,91223,M,4843390.0,217120.0,91
201600036726,16,2,25,615,5,2,3,9,3.0,91223,M,4843700.0,216330.0,91
201600036727,16,2,25,923,1,2,1,1,1.0,91223,M,4843099.0,214770.0,91
201600036728,16,2,29,1030,1,1,1,1,6.0,91223,M,4842108.0,217857.0,91
201600036729,16,2,29,1545,1,2,1,1,2.0,91223,M,4843290.0,215560.0,91
201600036730,16,2,29,1610,1,2,1,1,6.0,91223,M,4845106.0,217138.0,91
201600036731,16,3,3,1615,1,1,6,1,3.0,91433,M,4845852.0,217709.0,91
201600036732,16,3,5,1,3,1,1,2,6.0,91433,M,4846217.0,217964.0,91
201600036733,16,3,5,315,3,1,1,1,6.0,91433,M,4847245.0,218715.0,91
201600036734,16,3,5,1610,1,2,1,1,6.0,91223,M,4843724.0,214444.0,91
201600036735,16,3,12,1905,5,1,1,1,2.0,91433,M,4844954.0,217462.0,91
201600036736,16,3,18,1900,2,2,1,1,6.0,91223,M,4843292.0,215010.0,91
201600036737,16,3,19,1420,1,2,1,1,6.0,91223,M,4843355.0,215308.0,91
201600036738,16,3,20,1600,1,1,1,1,6.0,91223,M,4841514.0,213874.0,91
201600036739,16,3,23,1455,1,1,1,1,4.0,91433,M,,,91
201600036740,16,3,25,820,1,1,1,1,6.0,91223,M,4843360.0,215325.0,91
201600036741,16,4,3,1035,1,2,1,1,2.0,91223,M,4843957.0,216519.0,91
201600036742,16,4,3,1215,1,2,2,1,6.0,91223,M,4842660.0,213900.0,91
201600036743,16,4,5,1810,1,2,1,1,7.0,91223,M,4843547.0,214274.0,91
201600036744,16,4,5,1529,1,2,1,1,6.0,91223,M,4843145.0,216077.0,91
201600036745,16,4,9,2140,5,2,1,2,1.0,91223,M,4844011.0,215568.0,91
201600036746,16,4,16,1125,1,2,1,1,6.0,91223,M,4843271.0,217099.0,91
201600036747,16,4,18,1513,1,2,3,1,1.0,91223,M,4843279.0,217570.0,91
201600036748,16,4,19,1435,1,1,1,1,7.0,91223,M,4841828.0,213200.0,91
201600036749,16,4,28,1744,1,1,2,1,3.0,91223,M,4842233.0,217908.0,91
201600036750,16,5,1,1400,1,2,1,1,6.0,91223,M,4843311.0,215989.0,91
201600036751,16,5,1,1715,1,1,1,1,7.0,91433,M,4844218.0,218091.0,91
201600036752,16,5,10,1930,1,1,1,1,3.0,91223,M,,,91
201600036753,16,5,15,1500,1,2,1,1,6.0,91223,M,4843371.0,215507.0,91
201600036754,16,5,16,2110,5,2,1,1,2.0,91223,M,4843405.0,215419.0,91
201600036755,16,5,19,1209,1,2,1,1,2.0,91223,M,4842991.0,215784.0,91
201600036756,16,5,23,530,3,1,1,2,3.0,91223,M,4840229.0,212140.0,91
201600036757,16,5,23,1750,1,2,6,2,7.0,91223,M,4843704.0,216347.0,91
201600036758,16,5,28,1700,1,2,1,2,7.0,91223,M,4842994.0,215785.0,91
201600036759,16,5,31,1030,1,1,6,2,7.0,91223,M,4842608.0,215372.0,91
201600036760,16,6,2,812,1,1,1,1,5.0,91109,M,4845557.0,214646.0,91
201600036761,16,6,4,2120,2,2,1,1,6.0,91223,M,4843815.0,214093.0,91
201600036762,16,6,9,1715,1,1,1,1,7.0,91223,M,4842406.0,214141.0,91
201600036763,16,6,10,830,1,1,6,1,1.0,91433,M,4845854.0,217707.0,91
201600036764,16,6,12,1145,1,2,1,1,6.0,91223,M,4842994.0,215785.0,91
201600036765,16,6,14,1245,1,1,1,1,7.0,91433,M,4843657.0,220363.0,91
201600036766,16,6,15,1340,1,2,6,1,3.0,91223,M,4843099.0,215719.0,91
201600036767,16,6,21,1810,1,1,2,1,3.0,91223,M,4842226.0,217927.0,91
201600036768,16,6,25,2235,3,1,1,1,2.0,91223,M,4841321.0,212917.0,91
201600036769,16,6,26,2210,2,2,1,3,6.0,91223,M,4842074.0,213212.0,91
201600036770,16,7,9,1900,1,2,1,1,6.0,91223,M,4843504.0,215187.0,91
201600036771,16,7,11,1810,1,2,1,1,2.0,91223,M,4843522.0,213683.0,91
201600036772,16,7,12,220,5,2,9,1,6.0,91433,M,4845083.0,217245.0,91
201600036773,16,7,22,800,1,2,3,1,3.0,91223,M,4843168.0,215147.0,91
201600036774,16,7,24,1650,1,2,1,1,6.0,91109,M,4845827.0,213574.0,91
201600036775,16,7,25,1515,1,2,1,1,6.0,91109,M,4845751.0,213948.0,91
201600036776,16,8,2,1835,1,2,1,1,7.0,91109,M,4845484.0,213758.0,91
201600036777,16,8,5,1630,1,2,1,1,2.0,91433,M,4840865.0,221298.0,91
201600036778,16,8,27,1445,1,2,1,1,3.0,91223,M,4843404.0,217094.0,91
201600036779,16,8,28,920,1,1,2,1,3.0,91223,M,4842242.0,217922.0,91
201600036780,16,9,6,815,1,2,1,1,5.0,91223,M,4843282.0,217942.0,91
201600036781,16,9,14,1450,1,2,1,1,7.0,91223,M,4842391.0,214238.0,91
201600036782,16,9,22,1610,1,2,6,1,2.0,91433,M,4845851.0,217720.0,91
201600036783,16,9,24,1405,1,2,1,2,1.0,91109,M,4845731.0,213735.0,91
201600036784,16,9,28,905,1,2,1,1,4.0,91223,M,4844023.0,215534.0,91
201600036785,16,9,29,1945,1,2,1,1,3.0,91223,M,4843191.0,217010.0,91
201600036786,16,9,29,2250,5,2,1,1,6.0,91433,M,4845457.0,219124.0,91
201600036787,16,10,5,1800,1,2,1,1,2.0,91223,M,4842750.0,214229.0,91
201600036788,16,10,9,1355,1,2,6,1,3.0,91223,M,4843084.0,215717.0,91
201600036789,16,10,19,1645,1,1,1,1,1.0,91223,M,4841235.0,220156.0,91
201600036790,16,10,23,1245,1,2,2,1,1.0,91223,M,4842211.0,217920.0,91
201600036791,16,10,29,1700,1,2,1,1,3.0,91223,M,4843300.0,216223.0,91
201600036792,16,11,3,2230,3,1,1,1,3.0,91223,M,4838609.0,209901.0,91
201600036793,16,11,10,1555,1,2,6,2,3.0,91223,M,4843735.0,213639.0,91
201600036794,16,11,12,1410,1,2,4,2,3.0,91223,M,4843152.0,214864.0,91
201600036795,16,11,16,1600,1,1,1,1,3.0,91223,M,4842055.0,213429.0,91
201600036796,16,11,25,2020,5,2,1,1,6.0,91223,M,,,91
201600036797,16,11,26,1545,1,1,6,1,2.0,91433,M,,,91
201600036798,16,11,28,915,1,2,1,1,6.0,91433,M,,,91
201600036799,16,12,4,2345,5,2,1,1,7.0,91223,M,4843271.0,215117.0,91
201600036800,16,12,7,1015,1,2,1,1,6.0,91223,M,4844048.0,215485.0,91
201600036801,16,12,10,1425,1,2,6,1,2.0,91223,M,4843703.0,216345.0,91
201600036802,16,12,14,1245,1,2,1,1,6.0,91223,M,4843520.0,214771.0,91
201600036803,16,12,28,1720,1,2,1,1,6.0,91223,M,4844027.0,215533.0,91
201600036804,16,12,29,1619,1,1,1,1,6.0,91228,M,4862400.0,244600.0,91
201600036805,16,2,3,2215,5,2,1,1,6.0,91521,M,4864536.0,240202.0,91
201600036806,16,3,30,1715,1,1,1,1,4.0,91228,M,4863234.0,243759.0,91
201600036807,16,8,23,1910,1,2,1,1,6.0,91228,M,4863470.0,243179.0,91
201600036808,16,11,16,1820,1,2,1,1,3.0,91286,M,,,91
201600036809,16,1,15,1700,1,2,1,1,6.0,91286,M,4865448.0,237898.0,91
201600036810,16,3,1,1020,1,2,1,2,6.0,91434,M,4864579.0,235099.0,91
201600036811,16,3,8,825,1,2,1,1,2.0,91326,M,4868670.0,238568.0,91
201600036812,16,2,27,2110,5,2,1,1,6.0,91687,M,4867803.0,238299.0,91
201600036813,16,2,15,1653,1,2,1,1,6.0,91326,M,4869648.0,235514.0,91
201600036814,16,3,29,830,1,2,1,1,6.0,91687,M,4865310.0,236932.0,91
201600036815,16,4,1,1635,1,2,1,1,6.0,91687,M,4868129.0,237897.0,91
201600036816,16,5,22,2135,5,2,2,2,3.0,91687,M,4866175.0,236282.0,91
201600036817,16,6,24,1500,1,2,1,1,1.0,91326,M,4869521.0,238016.0,91
201600036818,16,4,6,40,5,2,1,1,2.0,91326,M,4868891.0,237121.0,91
201600036819,16,4,9,2120,5,2,1,1,6.0,91687,M,4867392.0,236959.0,91
201600036820,16,9,13,2230,3,1,1,1,1.0,91286,M,4865492.0,239724.0,91
201600036821,16,9,2,955,1,2,1,1,1.0,91286,M,4865799.0,239917.0,91
201600036822,16,9,28,1705,1,2,1,1,6.0,91326,M,4869186.0,237857.0,91
201600036823,16,12,11,1110,1,2,1,1,6.0,91286,M,4865437.0,237906.0,91
201600036824,16,10,24,1930,2,2,1,1,6.0,91434,M,,,91
201600036825,16,1,2,1725,3,2,1,2,1.0,91161,M,4871245.0,230625.0,91
201600036826,16,1,6,1150,1,2,1,1,6.0,91345,M,4868974.0,228879.0,91
201600036827,16,1,14,1440,1,2,6,2,3.0,91161,M,4870823.0,231007.0,91
201600036828,16,1,22,1358,1,2,7,2,3.0,91161,M,4869446.0,231085.0,91
201600036829,16,1,25,1200,1,2,2,1,4.0,91161,M,4871508.0,229890.0,91
201600036830,16,1,26,1655,1,2,3,8,3.0,91345,M,4869303.0,229491.0,91
201600036831,16,1,27,930,1,2,1,2,6.0,91345,M,4869603.0,228987.0,91
201600036832,16,2,5,830,1,2,1,1,2.0,91345,M,4869590.0,229888.0,91
201600036833,16,2,9,2015,5,1,1,3,6.0,91345,M,4869597.0,228989.0,91
201600036834,16,3,18,815,1,2,7,1,6.0,91161,M,,,91
201600036835,16,3,19,350,5,2,1,1,6.0,91345,M,,,91
201600036836,16,3,21,1815,1,2,1,1,3.0,91161,M,,,91
201600036837,16,3,25,1040,1,2,3,1,2.0,91161,M,,,91
201600036838,16,3,22,730,1,2,1,1,1.0,91345,M,,,91
201600036839,16,3,31,1725,1,2,1,3,6.0,91161,M,,,91
201600036840,16,4,4,1825,1,2,2,1,6.0,91161,M,,,91
201600036841,16,4,9,1942,1,2,1,1,3.0,91345,M,,,91
201600036842,16,4,20,1315,1,2,3,1,2.0,91345,M,,,91
201600036843,16,4,27,920,1,2,1,1,2.0,91161,M,,,91
201600036844,16,4,27,1208,1,1,1,1,3.0,91161,M,,,91
201600036845,16,5,4,938,1,1,1,1,6.0,91161,M,4871289.0,230404.0,91
201600036846,16,5,9,1610,1,2,2,1,3.0,91161,M,4869972.0,231217.0,91
201600036847,16,5,10,1920,1,2,1,2,6.0,91161,M,4870555.0,231439.0,91
201600036848,16,5,10,1630,1,2,1,2,3.0,91161,M,4870099.0,231598.0,91
201600036849,16,5,12,1625,1,2,1,1,6.0,91161,M,4870304.0,232110.0,91
201600036850,16,5,18,1740,1,2,1,2,3.0,91345,M,4869348.0,229314.0,91
201600036851,16,5,22,1105,1,2,1,3,6.0,91345,M,4869010.0,229667.0,91
201600036852,16,5,23,1215,1,2,1,3,6.0,91161,M,4871187.0,230032.0,91
201600036853,16,5,31,755,1,1,1,2,1.0,91161,M,4871361.0,231816.0,91