Num_Acc,an,mois,jour,hrmn,lum,agg,int,atm,col,com,gps,lat,long,dep
201600036854,16,5,31,1455,1,2,1,2,4.0,91161,M,4870688.0,229711.0,91
201600036855,16,6,10,550,1,2,6,1,3.0,91345,M,4869671.0,228960.0,91
201600036856,16,6,29,1330,1,1,1,1,2.0,91345,M,4868068.0,231416.0,91
201600036857,16,7,2,1350,1,2,2,1,6.0,91345,M,4868556.0,230680.0,91
201600036858,16,7,5,2040,1,2,1,1,6.0,91161,M,4870241.0,232086.0,91
201600036859,16,7,11,20,5,2,1,1,4.0,91161,M,4870601.0,231352.0,91
201600036860,16,7,12,1915,1,2,1,2,2.0,91161,M,,,91
201600036861,16,7,13,725,1,1,1,1,7.0,91161,M,4871750.0,232223.0,91
201600036862,16,7,20,950,1,2,1,1,3.0,91345,M,4869307.0,229120.0,91
201600036863,16,9,13,915,1,2,1,1,5.0,91345,M,4868014.0,231510.0,91
201600036864,16,9,18,2208,3,1,1,1,1.0,91161,M,4871230.0,230690.0,91
201600036865,16,9,21,5,5,2,2,1,3.0,91161,M,4869946.0,231564.0,91
201600036866,16,8,21,1945,2,2,3,1,3.0,91345,M,4869304.0,229484.0,91
201600036867,16,10,1,1245,1,2,2,1,3.0,91161,M,4870062.0,231496.0,91
201600036868,16,10,28,840,1,2,1,1,2.0,91161,M,4869956.0,231180.0,91
201600036869,16,1,10,1300,1,2,1,2,3.0,91377,M,4872890.0,225816.0,91
201600036870,16,1,15,1240,1,1,1,1,6.0,91377,M,4872461.0,227350.0,91
201600036871,16,1,22,740,5,2,1,1,6.0,91377,M,4873010.0,224934.0,91
201600036872,16,2,3,1715,1,2,6,8,3.0,91377,M,4873249.0,226590.0,91
201600036873,16,2,6,1610,1,1,3,1,3.0,91689,M,4874072.0,233374.0,91
201600036874,16,2,9,745,1,2,1,3,6.0,91689,M,4872706.0,232311.0,91
201600036875,16,2,18,1440,1,2,6,2,3.0,91377,M,4873014.0,226029.0,91
201600036876,16,3,4,744,1,2,1,2,6.0,91377,M,,,91
201600036877,16,4,11,915,1,2,6,2,3.0,91377,M,4872621.0,224618.0,91
201600036878,16,4,18,1750,1,2,1,1,6.0,91377,M,4872939.0,228484.0,91
201600036879,16,4,29,1919,1,1,1,1,6.0,91477,M,4871427.0,224992.0,91
201600036880,16,5,4,1125,1,2,1,1,6.0,91377,M,4873543.0,226233.0,91
201600036881,16,5,8,1500,1,1,1,1,2.0,91377,M,4872482.0,228450.0,91
201600036882,16,5,12,1845,1,2,1,2,6.0,91377,M,4872679.0,227776.0,91
201600036883,16,5,17,1937,1,1,1,1,3.0,91689,M,4872691.0,232194.0,91
201600036884,16,5,19,1535,1,2,2,1,3.0,91377,M,4872166.0,228495.0,91
201600036885,16,6,6,1620,1,2,1,8,6.0,91377,M,4872890.0,227502.0,91
201600036886,16,6,10,1020,1,2,1,1,6.0,91377,M,4873587.0,229111.0,91
201600036887,16,6,21,933,1,2,1,1,4.0,91377,M,4872759.0,226445.0,91
201600036888,16,7,28,1745,1,2,1,1,1.0,91377,M,4873609.0,229147.0,91
201600036889,16,8,9,1750,1,2,1,1,6.0,91377,M,4872217.0,226286.0,91
201600036890,16,9,5,850,1,2,3,2,3.0,91377,M,4873396.0,225910.0,91
201600036891,16,9,8,1935,1,2,1,1,6.0,91377,M,4873216.0,228486.0,91
201600036892,16,9,24,1740,1,1,1,1,3.0,91377,M,4873020.0,230202.0,91
201600036893,16,9,26,820,1,1,1,1,3.0,91377,M,4872103.0,230205.0,91
201600036894,16,9,30,955,1,2,3,1,6.0,91377,M,4872798.0,226500.0,91
201600036895,16,10,4,800,1,2,2,1,3.0,91377,M,4873451.0,229275.0,91
201600036896,16,11,7,1455,1,2,1,2,6.0,91377,M,4873183.0,228672.0,91
201600036897,16,11,19,835,1,2,1,1,3.0,91377,M,4873471.0,229371.0,91
201600036898,16,11,23,1715,5,2,1,1,4.0,91377,M,4872724.0,224562.0,91
201600036899,16,11,26,1140,1,2,1,1,6.0,91377,M,4873140.0,229042.0,91
201600036900,16,11,27,1905,5,2,1,1,2.0,91377,M,4872873.0,227028.0,91
201600036901,16,12,3,1520,1,2,1,1,6.0,91377,M,4872810.0,223672.0,91
201600036902,16,12,9,1800,3,1,1,1,1.0,91689,M,4872713.0,232282.0,91
201600036903,16,12,13,1345,1,2,6,8,6.0,91689,M,4873391.0,233531.0,91
201600036904,16,12,14,840,1,2,9,1,6.0,91689,M,4874331.0,231878.0,91
201600036905,16,12,22,720,2,2,1,3,6.0,91377,M,4873616.0,229154.0,91
201600036906,16,12,27,1040,1,2,1,1,1.0,91377,M,4871944.0,227924.0,91
201600036907,16,12,26,2045,5,2,2,1,3.0,91377,M,,,91
201600036908,16,12,20,1830,1,2,1,1,2.0,91421,M,4871248.0,244277.0,91
201600036909,16,1,11,2130,5,2,1,1,2.0,91191,M,4872202.0,245005.0,91
201600036910,16,1,17,2315,4,2,1,1,6.0,91691,M,4871483.0,247470.0,91
201600036911,16,1,18,1230,1,2,1,1,3.0,91421,M,4870254.0,246649.0,91
201600036912,16,1,7,1845,2,2,1,1,3.0,91191,M,4872143.0,245042.0,91
201600036913,16,1,20,830,5,2,1,1,3.0,91421,M,4871295.0,244295.0,91
201600036914,16,1,7,2355,5,2,6,1,6.0,91191,M,4872152.0,246913.0,91
201600036915,16,1,21,1225,1,2,1,1,2.0,91191,M,4872093.0,245101.0,91
201600036916,16,1,4,1745,2,2,1,1,2.0,91421,M,4870636.0,246201.0,91
201600036917,16,1,26,820,5,2,1,1,6.0,91421,M,4871290.0,245140.0,91
201600036918,16,1,25,1140,1,2,1,1,2.0,91191,M,4871992.0,245210.0,91
201600036919,16,1,14,2340,5,2,1,1,6.0,91421,M,4870583.0,245394.0,91
201600036920,16,2,29,1215,1,1,1,1,2.0,91421,M,4872075.0,244317.0,91
201600036921,16,3,1,1540,1,2,1,1,6.0,91691,M,4871695.0,250068.0,91
201600036922,16,3,14,2000,5,2,1,1,6.0,91691,M,4871872.0,249130.0,91
201600036923,16,3,7,625,5,2,1,1,2.0,91421,M,4870102.0,246613.0,91
201600036924,16,1,31,1830,5,2,3,1,6.0,91691,M,4870711.0,247983.0,91
201600036925,16,2,2,1725,1,2,1,1,6.0,91421,M,4870716.0,247280.0,91
201600036926,16,4,13,1850,1,2,1,1,2.0,91421,M,4869849.0,247057.0,91
201600036927,16,4,26,1710,1,1,1,2,5.0,91421,M,4868980.0,246584.0,91
201600036928,16,4,28,2200,3,1,1,1,2.0,91421,M,4869363.0,244826.0,91
201600036929,16,4,21,1910,1,2,3,1,3.0,91421,M,4870730.0,244097.0,91
201600036930,16,5,4,1830,1,2,1,1,2.0,91691,M,4868952.0,248186.0,91
201600036931,16,4,3,1130,1,2,6,1,2.0,91421,M,4843098.0,226290.0,91
201600036932,16,4,6,120,4,1,1,1,6.0,91421,M,4842354.0,226299.0,91
201600036933,16,5,6,2000,2,2,1,1,2.0,91691,M,4871805.0,249500.0,91
201600036934,16,5,9,1605,1,2,1,1,6.0,91191,M,4871484.0,246326.0,91
201600036935,16,5,16,1720,1,2,3,1,3.0,91691,M,4869348.0,247777.0,91
201600036936,16,5,27,1720,1,2,1,1,6.0,91421,M,4870421.0,244678.0,91
201600036937,16,6,3,1010,1,1,1,1,4.0,91421,M,4869340.0,244842.0,91
201600036938,16,6,3,1105,1,2,1,2,4.0,91421,M,4871216.0,244957.0,91
201600036939,16,6,13,1320,1,2,4,1,3.0,91421,M,4870472.0,247159.0,91
201600036940,16,6,18,115,3,1,1,1,2.0,91421,M,4868942.0,247630.0,91
201600036941,16,6,18,1930,1,1,1,1,6.0,91421,M,4869487.0,244680.0,91
201600036942,16,6,22,425,1,1,1,1,2.0,91421,M,4868957.0,246872.0,91
201600036943,16,7,3,1450,1,2,6,1,2.0,91691,M,4873002.0,249952.0,91
201600036944,16,7,8,5,5,2,1,1,4.0,91421,M,4870586.0,245745.0,91
201600036945,16,5,20,1945,1,1,1,1,2.0,91421,M,4868805.0,248305.0,91
201600036946,16,6,17,2225,5,2,2,1,3.0,91691,M,4872207.0,250126.0,91
201600036947,16,7,22,540,2,2,1,1,6.0,91421,M,4868379.0,248953.0,91
201600036948,16,7,22,1840,1,2,6,1,6.0,91691,M,4871077.0,248848.0,91
201600036949,16,7,24,1700,1,2,6,1,6.0,91421,M,4871192.0,244369.0,91
201600036950,16,8,1,925,1,2,1,1,6.0,91421,M,4870381.0,246113.0,91
201600036951,16,8,4,2300,5,2,1,1,6.0,91691,M,4871692.0,249021.0,91
201600036952,16,5,21,1700,1,2,1,1,1.0,91421,M,4870222.0,245361.0,91
201600036953,16,5,22,610,5,1,1,1,2.0,91421,M,4868928.0,247761.0,91
201600036954,16,5,26,930,1,2,1,1,7.0,91421,M,4870972.0,246388.0,91
201600036955,16,6,19,1900,1,2,2,1,6.0,91421,M,4871192.0,244996.0,91
201600036956,16,7,9,1715,1,2,3,1,3.0,91421,M,4869898.0,246978.0,91
201600036957,16,8,26,1605,1,2,5,1,4.0,91421,M,4871015.0,244179.0,91
201600036958,16,8,10,1330,1,2,3,1,3.0,91421,M,4870424.0,244831.0,91
201600036959,16,8,28,1050,1,2,1,1,2.0,91421,M,4870405.0,244368.0,91
201600036960,16,9,3,1150,1,2,1,1,2.0,91691,M,4870611.0,249611.0,91
201600036961,16,9,5,810,1,2,1,2,1.0,91691,M,4870083.0,248500.0,91
201600036962,16,9,6,1655,1,1,1,1,5.0,91421,M,4869305.0,247805.0,91
201600036963,16,9,7,1310,1,2,1,1,2.0,91421,M,4869843.0,247061.0,91
201600036964,16,9,10,1750,1,2,1,1,2.0,91691,M,4870852.0,249475.0,91
201600036965,16,9,12,1645,1,2,2,1,3.0,91691,M,4871110.0,248618.0,91
201600036966,16,9,13,1100,1,2,1,1,2.0,91691,M,4869166.0,248000.0,91
201600036967,16,9,19,1805,1,2,6,1,6.0,91421,M,4870328.0,246703.0,91
201600036968,16,9,20,1715,1,2,1,1,6.0,91191,M,4871330.0,246356.0,91
201600036969,16,9,20,2140,3,1,1,1,2.0,91421,M,4869006.0,246235.0,91
201600036970,16,9,22,810,1,2,6,1,6.0,91691,M,4871077.0,248848.0,91
201600036971,16,9,28,1245,1,2,1,1,6.0,91191,M,4872247.0,246658.0,91
201600036972,16,9,30,2155,5,2,1,2,6.0,91421,M,4870328.0,244120.0,91
201600036973,16,8,30,730,1,2,1,1,6.0,91691,M,4870519.0,248243.0,91
201600036974,16,10,14,1900,2,2,6,2,3.0,91421,M,4870316.0,244002.0,91
201600036975,16,10,31,1520,1,1,1,1,2.0,91421,M,4871850.0,244290.0,91
201600036976,16,10,31,2015,5,2,1,1,6.0,91421,M,4870265.0,244019.0,91
201600036977,16,11,6,1600,1,1,1,1,2.0,91421,M,4869830.0,244428.0,91
201600036978,16,11,16,900,1,1,1,1,3.0,91691,M,4873183.0,250872.0,91
201600036979,16,11,24,1335,1,2,3,1,3.0,91691,M,4871743.0,251058.0,91
201600036980,16,11,26,720,1,2,1,1,4.0,91421,M,4870703.0,245542.0,91
201600036981,16,11,30,1310,1,2,1,1,6.0,91691,M,4871515.0,249001.0,91
201600036982,16,10,15,800,1,2,3,1,3.0,91691,M,4872118.0,249764.0,91
201600036983,16,12,6,1520,1,2,1,1,6.0,91691,M,4870867.0,248841.0,91
201600036984,16,12,7,955,1,1,1,1,2.0,91421,M,4869039.0,245823.0,91
201600036985,16,12,7,755,1,2,1,1,2.0,91421,M,4870418.0,244686.0,91
201600036986,16,12,8,1805,2,2,1,1,3.0,91691,M,4870088.0,248399.0,91
201600036987,16,12,12,825,2,2,1,2,6.0,91421,M,4871555.0,244321.0,91
201600036988,16,11,12,1830,1,1,6,1,3.0,91421,M,4871949.0,244196.0,91
201600036989,16,12,17,525,5,1,1,1,2.0,91421,M,4871708.0,244269.0,91
201600036990,16,1,9,1240,1,1,6,8,3.0,91692,M,4867638.0,219385.0,91
201600036991,16,1,10,1000,1,2,3,8,3.0,91692,M,4868325.0,217514.0,91
201600036992,16,1,6,600,5,2,2,2,3.0,91477,M,4871424.0,225830.0,91
201600036993,16,1,13,1430,1,2,2,1,1.0,91477,M,4872592.0,222451.0,91
201600036994,16,1,26,1400,1,1,1,1,4.0,91692,M,4867509.0,218189.0,91
201600036995,16,2,3,1722,1,2,1,1,3.0,91645,M,4875108.0,227721.0,91
201600036996,16,2,24,950,1,2,1,1,6.0,91692,M,4868270.0,216688.0,91
201600036997,16,3,1,1500,1,2,2,2,3.0,91477,M,4871327.0,219217.0,91
201600036998,16,3,2,2325,5,2,1,1,6.0,91477,M,4870988.0,224329.0,91
201600036999,16,3,12,1220,1,1,4,1,2.0,91363,M,4866771.0,219680.0,91
201600037000,16,3,15,1230,1,2,1,7,6.0,91477,M,4871895.0,226067.0,91
201600037001,16,3,27,1450,1,2,3,2,3.0,91692,M,4868434.0,219960.0,91
201600037002,16,3,30,1310,1,2,3,2,1.0,91692,M,4868529.0,220103.0,91
201600037003,16,4,6,1550,1,1,1,1,3.0,91477,M,4871902.0,222132.0,91
201600037004,16,4,7,1230,1,2,1,1,6.0,91692,M,4868651.0,220128.0,91
201600037005,16,4,19,1650,1,2,1,1,4.0,91064,M,4875242.0,221473.0,91
201600037006,16,4,23,1420,1,2,1,1,1.0,91471,M,4871175.0,218350.0,91
201600037007,16,4,26,1935,1,1,1,2,1.0,91477,M,4871630.0,221833.0,91
201600037008,16,4,29,940,1,2,2,1,3.0,91312,M,4873709.0,222329.0,91
201600037009,16,5,5,2242,5,2,6,1,3.0,91645,M,4875010.0,227208.0,91
201600037010,16,5,8,130,4,2,1,1,6.0,91477,M,4871029.0,221944.0,91
201600037011,16,4,13,1615,1,1,1,2,4.0,91122,M,4869522.0,217181.0,91
201600037012,16,5,16,1142,1,1,2,1,3.0,91471,M,4871051.0,217643.0,91
201600037013,16,5,26,810,1,1,1,1,2.0,91692,M,4867883.0,219973.0,91
201600037014,16,5,31,835,1,2,6,3,6.0,91122,M,4869235.0,216047.0,91
201600037015,16,5,31,919,1,1,1,2,6.0,91692,M,4868040.0,219936.0,91
201600037016,16,5,31,1250,1,2,2,2,3.0,91477,M,4872259.0,225356.0,91
201600037017,16,5,17,1015,1,2,3,1,3.0,91471,M,4871073.0,217640.0,91
201600037018,16,6,4,1945,1,1,9,1,3.0,91692,M,4867440.0,217750.0,91
201600037019,16,5,26,1607,1,2,1,1,1.0,91477,M,4871855.0,224181.0,91
201600037020,16,6,12,2020,1,1,6,1,6.0,91692,M,4867883.0,219973.0,91
201600037021,16,6,14,1230,1,2,1,1,3.0,91477,M,4871340.0,225752.0,91
201600037022,16,6,25,2230,5,2,1,1,6.0,91477,M,4871457.0,224897.0,91
201600037023,16,6,29,1600,1,2,1,1,3.0,91471,M,4868551.0,218466.0,91
201600037024,16,7,22,1830,1,1,1,1,4.0,91692,M,4867521.0,218726.0,91
201600037025,16,7,26,1000,1,2,3,1,3.0,91477,M,4871702.0,225214.0,91
201600037026,16,7,27,900,1,2,3,1,6.0,91645,M,4874723.0,226562.0,91
201600037027,16,7,27,750,1,2,6,1,3.0,91645,M,4874423.0,226683.0,91
201600037028,16,7,7,1925,1,2,1,1,6.0,91692,M,4868279.0,216571.0,91
201600037029,16,7,8,1645,1,2,1,1,3.0,91477,M,4870841.0,225633.0,91
201600037030,16,9,4,1313,1,2,1,2,3.0,91692,M,4867778.0,217099.0,91
201600037031,16,9,4,2055,2,2,3,1,6.0,91645,M,4875439.0,226719.0,91
201600037032,16,9,15,955,1,2,3,2,3.0,91645,M,4874219.0,226216.0,91
201600037033,16,9,22,1315,1,2,1,1,6.0,91692,M,4868443.0,219743.0,91
201600037034,16,9,23,2150,4,2,6,1,6.0,91312,M,4873663.0,223643.0,91
201600037035,16,9,28,1310,1,2,2,1,6.0,91645,M,4874259.0,226309.0,91
201600037036,16,10,4,1000,1,1,1,1,3.0,91692,M,4867871.0,219957.0,91
201600037037,16,10,5,1830,1,1,1,1,3.0,91477,M,4871492.0,219766.0,91
201600037038,16,10,8,2255,5,2,1,1,6.0,91692,M,4867915.0,219100.0,91
201600037039,16,10,10,1855,1,2,3,2,2.0,91064,M,4875173.0,221610.0,91
201600037040,16,10,13,706,2,2,1,1,3.0,91312,M,4873458.0,223898.0,91
201600037041,16,9,7,1015,1,2,1,1,3.0,91477,M,4871047.0,224390.0,91
201600037042,16,10,14,1107,1,2,1,1,3.0,91477,M,4870575.0,221947.0,91
201600037043,16,10,18,755,1,2,1,1,4.0,91477,M,4871135.0,225690.0,91
201600037044,16,10,22,1800,1,2,1,1,3.0,91122,M,4868844.0,215315.0,91
201600037045,16,10,27,1645,1,2,3,1,2.0,91692,M,4867863.0,219123.0,91
201600037046,16,10,30,1509,1,2,2,1,3.0,91477,M,4871040.0,224168.0,91
201600037047,16,10,30,1758,5,2,1,1,2.0,91477,M,4870974.0,225419.0,91
201600037048,16,10,31,1155,1,2,1,1,6.0,91692,M,4867549.0,217106.0,91
201600037049,16,11,1,320,5,2,1,1,6.0,91312,M,4873717.0,222426.0,91
201600037050,16,11,7,915,1,2,1,2,6.0,91477,M,4870365.0,223746.0,91
201600037051,16,11,13,1740,5,2,4,8,6.0,91122,M,4869575.0,215466.0,91
201600037052,16,11,17,1437,1,2,1,1,2.0,91477,M,4870949.0,225448.0,91
201600037053,16,11,18,1250,1,2,2,1,1.0,91477,M,4871808.0,224995.0,91
201600037054,16,11,22,1358,1,2,1,1,6.0,91477,M,4871861.0,223116.0,91
201600037055,16,11,25,1650,2,2,1,1,6.0,91692,M,4868340.0,217481.0,91
201600037056,16,11,28,1840,2,2,1,1,5.0,91645,M,4875130.0,227778.0,91
201600037057,16,11,30,1136,1,2,6,1,2.0,91645,M,4875210.0,227242.0,91
201600037058,16,12,6,850,1,2,2,1,2.0,91692,M,4868426.0,220086.0,91
201600037059,16,12,8,1833,5,2,1,1,2.0,91122,M,4869139.0,215875.0,91
201600037060,16,12,13,1215,1,1,1,1,2.0,91645,M,4875025.0,226586.0,91
201600037061,16,12,17,2030,5,2,1,1,7.0,91477,M,4871293.0,224094.0,91
201600037062,16,10,25,2005,5,2,2,1,3.0,91477,M,4871112.0,224775.0,91
201600037063,16,1,16,1745,1,2,2,1,1.0,91549,M,4863456.0,234377.0,91
201600037064,16,2,10,855,1,1,3,6,3.0,91570,M,4862906.0,229712.0,91
201600037065,16,2,11,1310,1,2,1,1,2.0,91549,M,4864356.0,233429.0,91
201600037066,16,3,21,1415,1,2,2,1,3.0,91549,M,4864835.0,233073.0,91
201600037067,16,3,30,2130,5,2,1,2,6.0,91570,M,4863522.0,232036.0,91
201600037068,16,4,21,1815,1,2,1,1,3.0,91667,M,4866574.0,233746.0,91
201600037069,16,5,12,1920,1,2,6,2,3.0,91549,M,4862956.0,234029.0,91
201600037070,16,5,16,1000,1,2,2,1,3.0,91549,M,4864580.0,232702.0,91
201600037071,16,5,18,1905,1,2,2,2,3.0,91549,M,4864923.0,233123.0,91
201600037072,16,6,11,630,1,2,1,2,6.0,91549,M,4864485.0,233477.0,91
201600037073,16,6,14,1625,1,2,6,1,5.0,91667,M,4866163.0,234097.0,91
201600037074,16,7,7,2340,5,2,1,1,5.0,91549,M,4864888.0,232137.0,91
201600037075,16,7,10,1725,1,2,2,1,3.0,91216,M,4867500.0,231847.0,91
201600037076,16,9,20,1120,1,2,1,1,5.0,91549,M,4862941.0,234025.0,91
201600037077,16,9,27,950,1,2,6,1,6.0,91549,M,4863742.0,233293.0,91
201600037078,16,10,6,1910,1,2,1,1,5.0,91549,M,4864154.0,233355.0,91
201600037079,16,11,3,1930,5,2,1,1,6.0,91570,M,4863609.0,231983.0,91
201600037080,16,11,5,1315,1,2,1,1,6.0,91549,M,4862344.0,234366.0,91
201600037081,16,11,9,1215,1,2,1,2,1.0,91570,M,4862330.0,231318.0,91
201600037082,16,8,8,450,5,1,1,1,6.0,91685,M,4866160.0,230795.0,91
201600037083,16,12,11,1040,1,1,1,7,6.0,91549,M,4863736.0,234550.0,91
201600037084,16,12,12,640,5,2,3,1,6.0,91549,M,4863169.0,233727.0,91
201600037085,16,12,16,750,2,2,1,1,1.0,91549,M,4863460.0,234435.0,91
201600037086,16,12,18,1449,1,2,1,1,6.0,91549,M,4863711.0,234426.0,91
201600037087,16,12,20,1209,1,2,3,1,6.0,91549,M,4864183.0,234635.0,91
201600037088,16,12,21,1755,3,2,3,1,1.0,91570,M,4862278.0,231791.0,91
201600037089,16,12,22,825,2,2,3,3,1.0,91549,M,4865685.0,231795.0,91
201600037090,16,12,25,1240,1,2,1,1,6.0,91570,M,4863400.0,232483.0,91
201600037091,16,1,24,1650,1,1,6,1,4.0,91432,M,4870000.0,235000.0,91
201600037092,16,2,2,810,1,2,4,1,3.0,91589,M,4870000.0,233000.0,91
201600037093,16,2,5,30,5,2,2,1,3.0,91589,M,4867675.0,234998.0,91
201600037094,16,10,12,1140,1,2,2,1,3.0,91432,M,4870018.0,232559.0,91
201600037095,16,2,20,840,1,2,1,1,6.0,91589,M,4868333.0,235000.0,91
201600037096,16,12,7,2015,5,2,2,1,2.0,91589,M,4870538.0,234616.0,91
201600037097,16,12,7,1820,5,2,2,1,1.0,91589,M,4868613.0,234040.0,91
201600037098,16,12,20,1045,1,2,1,1,3.0,91589,M,4868059.0,234292.0,91
201600037099,16,12,31,740,5,2,1,5,6.0,91589,M,4867890.0,235829.0,91
201600037100,16,12,21,815,5,2,1,1,3.0,91589,M,4869315.0,236507.0,91
201600037101,16,12,24,820,5,2,2,1,3.0,91589,M,4868089.0,234250.0,91
201600037102,16,11,4,1839,2,2,2,3,3.0,91589,M,4867684.0,234984.0,91
201600037103,16,11,28,1635,2,2,1,1,6.0,91432,M,4870623.0,233534.0,91
201600037104,16,3,4,415,5,2,2,2,3.0,91589,M,4867922.0,234351.0,91
201600037105,16,3,25,1555,1,2,1,1,3.0,91432,M,4870672.0,233368.0,91
201600037106,16,4,14,1240,1,2,3,1,3.0,91432,M,4870310.0,233952.0,91
201600037107,16,5,18,2000,1,2,6,2,3.0,91432,M,4870685.0,233329.0,91
201600037108,16,5,19,2215,5,2,1,1,3.0,91432,M,4870659.0,233231.0,91
201600037109,16,1,8,1719,2,2,2,1,3.0,91432,M,4870000.0,232700.0,91
201600037110,16,1,26,945,1,2,1,1,3.0,91589,M,4869194.0,235236.0,91
201600037111,16,1,28,815,4,2,3,1,6.0,91589,M,4867983.0,234426.0,91
201600037112,16,6,15,25,5,2,2,1,3.0,91589,M,4868195.0,234334.0,91
201600037113,16,2,8,1345,1,2,1,2,3.0,91589,M,4868333.0,233333.0,91
201600037114,16,2,11,1245,1,2,1,1,4.0,91589,M,4868527.0,234602.0,91
201600037115,16,2,25,1720,2,2,4,1,3.0,91589,M,4868333.0,233333.0,91
201600037116,16,4,22,45,5,2,1,1,7.0,91432,M,4869369.0,232300.0,91
201600037117,16,5,7,1520,1,2,3,1,3.0,91589,M,4867982.0,234429.0,91
201600037118,16,7,20,300,5,2,1,1,6.0,91589,M,4869392.0,235621.0,91
201600037119,16,8,25,1800,1,2,1,1,3.0,91589,M,4867997.0,234416.0,91
201600037120,16,8,22,1835,1,2,4,1,3.0,91589,M,4867507.0,233547.0,91
201600037121,16,5,26,835,1,1,4,1,3.0,91589,M,4867837.0,234701.0,91
201600037122,16,6,17,755,1,2,1,1,6.0,91589,M,4868871.0,235898.0,91
201600037123,16,6,10,830,1,2,3,1,3.0,91432,M,4870570.0,233379.0,91
201600037124,16,6,9,1940,1,2,1,1,1.0,91589,M,4868827.0,235191.0,91
201600037125,16,7,13,1835,1,2,1,1,6.0,91589,M,4868203.0,234319.0,91
201600037126,16,7,26,1630,1,2,1,1,2.0,91589,M,4868333.0,235000.0,91
201600037127,16,8,12,1455,1,2,2,1,3.0,91589,M,4868073.0,234268.0,91
201600037128,16,9,30,2140,5,2,1,2,6.0,91589,M,4867449.0,234663.0,91
201600037129,16,10,6,1350,1,2,1,1,6.0,91432,M,4870128.0,233477.0,91
201600037130,16,11,8,1325,1,2,2,8,1.0,91432,M,4870486.0,233326.0,91
201600037131,16,11,15,2155,5,2,1,2,2.0,91589,M,4867834.0,234709.0,91
201600037132,16,11,20,131,5,2,1,2,6.0,91432,M,4870720.0,232931.0,91
201600037133,16,12,2,240,3,1,1,9,6.0,91432,M,4870906.0,235136.0,91
201600037134,16,1,7,1805,5,2,1,1,6.0,92002,M,,,92
201600037135,16,1,9,1300,1,2,1,1,6.0,92002,M,,,92
201600037136,16,1,10,1805,5,2,1,1,2.0,92002,M,,,92
201600037137,16,1,13,1920,5,2,1,1,4.0,92002,M,,,92
201600037138,16,1,23,1200,1,2,1,1,3.0,92002,M,,,92
201600037139,16,1,24,1745,5,2,1,1,6.0,92002,M,,,92
201600037140,16,2,6,2005,4,2,3,1,5.0,92002,M,,,92
201600037141,16,2,6,2345,5,2,3,1,3.0,92014,M,,,92
201600037142,16,2,29,2040,5,2,1,1,3.0,92002,M,,,92
201600037143,16,3,11,1651,1,2,1,1,6.0,92014,M,,,92
201600037144,16,3,17,2120,5,2,1,1,3.0,92002,M,,,92
201600037145,16,3,28,2310,5,2,3,3,3.0,92014,M,,,92
201600037146,16,3,29,2245,5,2,4,1,3.0,92002,M,,,92
201600037147,16,4,8,850,1,2,3,1,4.0,92002,M,,,92
201600037148,16,4,11,900,1,2,1,1,6.0,92002,M,,,92
201600037149,16,4,14,1835,1,2,1,2,6.0,92014,M,,,92
201600037150,16,4,22,949,1,2,1,1,6.0,92002,M,,,92
201600037151,16,4,30,1410,1,2,3,2,3.0,92002,M,,,92
201600037152,16,5,14,2210,5,2,7,1,3.0,92002,M,,,92
201600037153,16,5,15,1530,1,2,2,1,3.0,92002,M,,,92
201600037154,16,5,18,1750,1,2,3,3,3.0,92002,M,,,92
201600037155,16,5,22,120,5,2,3,1,6.0,92014,M,,,92
201600037156,16,5,31,725,1,2,9,3,6.0,92002,M,,,92
201600037157,16,5,31,1525,1,2,1,2,6.0,92002,M,,,92
201600037158,16,6,5,1120,1,1,1,1,3.0,92002,M,,,92
201600037159,16,6,9,845,1,2,3,1,3.0,92002,M,,,92
201600037160,16,6,28,1950,1,2,1,1,2.0,92014,M,,,92
201600037161,16,7,11,1725,1,2,1,1,2.0,92002,M,,,92
201600037162,16,7,12,1617,1,2,2,1,3.0,92014,M,,,92
201600037163,16,7,19,1920,2,2,1,1,6.0,92002,M,,,92
201600037164,16,7,26,1234,1,2,3,1,6.0,92002,M,,,92
201600037165,16,8,23,1215,1,2,2,1,3.0,92002,M,,,92
201600037166,16,8,26,910,1,2,2,1,2.0,92014,M,,,92
201600037167,16,8,31,925,1,2,4,1,3.0,92002,M,,,92
201600037168,16,9,17,2230,5,2,2,1,6.0,92002,M,,,92
201600037169,16,9,20,1615,1,2,1,1,6.0,92014,M,,,92
201600037170,16,9,22,1315,1,2,1,1,6.0,92014,M,,,92
201600037171,16,9,24,2300,5,2,3,1,3.0,92002,M,,,92
201600037172,16,9,29,1130,1,2,2,1,6.0,92002,M,,,92
201600037173,16,10,3,1546,1,2,1,1,6.0,92002,M,,,92
201600037174,16,10,6,1110,1,2,2,1,6.0,92002,M,,,92
201600037175,16,10,17,1335,1,2,2,1,6.0,92002,M,,,92