Num_Acc,an,mois,jour,hrmn,lum,agg,int,atm,col,com,gps,lat,long,dep
201600037591,16,12,12,1830,5,2,1,2,6.0,92012,M,,,92
201600037592,16,12,13,925,1,2,1,8,6.0,92012,M,,,92
201600037593,16,12,14,1600,1,2,3,1,3.0,92012,M,,,92
201600037594,16,12,15,730,2,2,6,1,6.0,92012,M,,,92
201600037595,16,12,15,1315,1,2,1,1,6.0,92012,M,,,92
201600037596,16,12,18,1200,1,2,1,1,6.0,92012,M,,,92
201600037597,16,12,20,720,5,2,1,1,6.0,92012,M,,,92
201600037598,16,12,19,1200,1,2,3,1,5.0,92012,M,,,92
201600037599,16,12,21,2035,5,2,2,2,3.0,92012,M,,,92
201600037600,16,1,4,1915,5,2,3,1,6.0,92032,M,,,92
201600037601,16,1,11,748,2,2,2,2,3.0,92071,M,,,92
201600037602,16,1,19,1150,1,2,3,1,3.0,92032,M,,,92
201600037603,16,2,7,235,5,2,1,2,6.0,92071,M,,,92
201600037604,16,2,9,850,1,2,3,2,6.0,92032,M,,,92
201600037605,16,2,12,1815,2,2,1,8,6.0,92032,M,,,92
201600037606,16,2,14,2100,5,2,3,2,6.0,92019,M,,,92
201600037607,16,2,17,1320,1,2,2,1,7.0,92019,M,,,92
201600037608,16,2,20,1500,1,2,1,1,3.0,92071,M,,,92
201600037609,16,2,20,1815,2,2,2,1,3.0,92032,M,,,92
201600037610,16,3,10,1920,5,2,3,1,3.0,92071,M,,,92
201600037611,16,4,12,1030,1,2,1,1,6.0,92019,M,,,92
201600037612,16,4,12,2310,5,2,3,1,3.0,92019,M,,,92
201600037613,16,4,19,845,1,2,9,1,3.0,92019,M,,,92
201600037614,16,4,24,300,5,2,1,1,7.0,92019,M,,,92
201600037615,16,5,4,1300,1,2,3,1,6.0,92071,M,,,92
201600037616,16,5,4,1630,1,2,2,1,6.0,92019,M,,,92
201600037617,16,5,16,1915,1,2,6,1,3.0,92019,M,,,92
201600037618,16,5,19,2134,1,2,1,1,6.0,92019,M,,,92
201600037619,16,5,31,2145,2,2,2,1,6.0,92019,M,,,92
201600037620,16,6,3,1950,1,2,1,1,2.0,92071,M,,,92
201600037621,16,7,10,2355,5,2,1,1,6.0,92019,M,,,92
201600037622,16,7,16,1800,1,2,3,1,3.0,92019,M,,,92
201600037623,16,8,28,330,5,2,3,1,6.0,92071,M,,,92
201600037624,16,9,5,1510,1,2,3,2,3.0,92019,M,,,92
201600037625,16,9,8,825,1,2,3,1,3.0,92019,M,,,92
201600037626,16,9,8,1815,1,2,6,1,3.0,92019,M,,,92
201600037627,16,9,13,2110,5,2,1,1,2.0,92032,M,,,92
201600037628,16,9,16,630,3,2,1,1,6.0,92019,M,,,92
201600037629,16,9,23,1855,1,2,1,1,3.0,92019,M,,,92
201600037630,16,10,4,700,2,2,2,1,3.0,92032,M,,,92
201600037631,16,10,16,1330,1,2,2,1,3.0,92032,M,,,92
201600037632,16,10,25,2010,5,2,1,2,6.0,92019,M,,,92
201600037633,16,10,19,2300,5,2,1,1,2.0,92019,M,,,92
201600037634,16,10,31,1840,5,2,1,1,6.0,92032,M,,,92
201600037635,16,11,4,1300,1,2,6,2,7.0,92019,M,,,92
201600037636,16,11,15,1200,1,2,9,1,2.0,92071,M,,,92
201600037637,16,11,22,1715,5,2,1,6,3.0,92019,M,,,92
201600037638,16,11,19,1330,1,2,2,1,3.0,92032,M,,,92
201600037639,16,11,19,1710,2,2,1,1,3.0,92032,M,,,92
201600037640,16,11,25,1030,1,2,9,1,3.0,92019,M,,,92
201600037641,16,11,27,1915,5,2,1,1,3.0,92071,M,,,92
201600037642,16,12,1,1607,1,2,1,1,6.0,92071,M,,,92
201600037643,16,12,14,1425,1,2,6,1,2.0,92032,M,,,92
201600037644,16,12,17,1400,1,2,1,1,6.0,92032,M,,,92
201600037645,16,12,29,1805,5,2,1,1,6.0,92019,M,,,92
201600037646,16,1,3,1700,5,2,1,2,5.0,92023,M,,,92
201600037647,16,1,5,746,5,2,1,2,6.0,92023,M,,,92
201600037648,16,1,8,815,5,2,1,1,2.0,92060,M,,,92
201600037649,16,12,30,1805,5,2,2,2,3.0,92023,M,,,92
201600037650,16,12,31,650,5,2,1,4,7.0,92060,M,,,92
201600037651,16,1,8,2335,5,2,1,1,3.0,92060,M,,,92
201600037652,16,1,15,1445,1,2,1,1,6.0,92060,M,,,92
201600037653,16,1,20,1940,5,2,1,1,2.0,92060,M,,,92
201600037654,16,1,22,924,1,2,1,1,2.0,92060,M,,,92
201600037655,16,1,22,1335,1,2,1,1,6.0,92023,M,,,92
201600037656,16,2,3,2030,5,2,1,1,3.0,92060,M,,,92
201600037657,16,1,28,1805,3,2,1,1,6.0,92060,M,,,92
201600037658,16,2,9,1940,5,2,1,2,6.0,92060,M,,,92
201600037659,16,2,8,845,1,2,1,1,3.0,92023,M,,,92
201600037660,16,2,11,1205,1,2,1,2,3.0,92023,M,,,92
201600037661,16,2,11,2350,5,2,1,1,2.0,92060,M,,,92
201600037662,16,2,24,825,1,2,1,1,3.0,92023,M,,,92
201600037663,16,2,26,2353,5,2,1,1,3.0,92023,M,,,92
201600037664,16,2,12,1815,5,2,1,1,2.0,92060,M,,,92
201600037665,16,2,14,550,5,2,1,1,6.0,92060,M,,,92
201600037666,16,2,17,1735,1,2,1,1,3.0,92023,M,,,92
201600037667,16,2,19,1630,1,2,1,1,3.0,92060,M,,,92
201600037668,16,2,26,2145,5,2,1,1,7.0,92023,M,,,92
201600037669,16,2,24,1520,1,2,2,2,7.0,92023,M,,,92
201600037670,16,3,8,900,2,2,1,1,6.0,92023,M,,,92
201600037671,16,3,11,1215,1,2,2,1,3.0,92023,M,,,92
201600037672,16,3,14,745,1,2,1,1,2.0,92023,M,,,92
201600037673,16,3,14,1735,1,2,1,1,6.0,92060,M,,,92
201600037674,16,3,17,735,1,2,1,1,3.0,92060,M,,,92
201600037675,16,3,18,1140,1,2,1,1,6.0,92023,M,,,92
201600037676,16,3,23,1830,2,2,6,1,6.0,92023,M,,,92
201600037677,16,3,26,940,1,2,1,1,6.0,92023,M,,,92
201600037678,16,3,29,910,1,2,1,1,3.0,92023,M,,,92
201600037679,16,3,31,1315,1,2,1,1,1.0,92023,M,,,92
201600037680,16,3,31,1915,1,2,1,1,6.0,92023,M,,,92
201600037681,16,4,4,1941,1,2,1,1,6.0,92023,M,,,92
201600037682,16,4,6,1440,1,2,1,1,3.0,92023,M,,,92
201600037683,16,4,7,1917,1,2,1,1,2.0,92023,M,,,92
201600037684,16,4,12,1930,2,2,3,1,6.0,92023,M,,,92
201600037685,16,4,15,1915,1,2,1,1,2.0,92023,M,,,92
201600037686,16,4,18,2010,1,2,1,1,2.0,92023,M,,,92
201600037687,16,4,28,1620,1,2,1,1,6.0,92023,M,,,92
201600037688,16,4,26,1850,1,2,1,1,6.0,92023,M,,,92
201600037689,16,7,3,1616,1,2,1,2,6.0,92023,M,,,92
201600037690,16,5,13,2300,5,2,6,1,7.0,92023,M,,,92
201600037691,16,5,22,1435,1,2,1,3,1.0,92023,M,,,92
201600037692,16,5,21,1235,1,2,1,1,6.0,92023,M,,,92
201600037693,16,5,22,1850,1,2,6,1,6.0,92060,M,,,92
201600037694,16,5,19,1810,1,2,1,1,7.0,92060,M,,,92
201600037695,16,5,28,1450,1,2,1,3,6.0,92023,M,,,92
201600037696,16,5,31,2025,2,2,8,2,6.0,92023,M,,,92
201600037697,16,6,1,923,1,2,1,3,7.0,92023,M,,,92
201600037698,16,6,4,2235,5,2,1,1,3.0,92023,M,,,92
201600037699,16,5,6,1910,1,2,1,1,2.0,92060,M,,,92
201600037700,16,6,6,1910,1,2,1,1,2.0,92023,M,,,92
201600037701,16,5,9,820,1,2,1,1,1.0,92023,M,,,92
201600037702,16,6,10,110,5,2,1,1,4.0,92023,M,,,92
201600037703,16,6,10,2350,5,2,1,1,7.0,92060,M,,,92
201600037704,16,6,10,925,1,2,1,1,6.0,92060,M,,,92
201600037705,16,6,14,1930,1,2,1,1,6.0,92023,M,,,92
201600037706,16,6,20,1530,1,2,1,2,6.0,92023,M,,,92
201600037707,16,6,23,915,1,2,1,1,2.0,92023,M,,,92
201600037708,16,7,3,1830,1,2,1,3,7.0,92023,M,,,92
201600037709,16,5,30,1555,1,2,1,3,7.0,92023,M,,,92
201600037710,16,7,5,1720,1,2,1,1,3.0,92023,M,,,92
201600037711,16,7,7,2345,5,2,1,1,3.0,92023,M,,,92
201600037712,16,7,9,1900,1,2,1,1,3.0,92060,M,,,92
201600037713,16,7,18,1020,1,2,1,1,2.0,92060,M,,,92
201600037714,16,7,19,1040,1,2,1,1,2.0,92023,M,,,92
201600037715,16,7,23,35,5,2,2,1,3.0,92023,M,,,92
201600037716,16,7,28,900,1,2,1,2,7.0,92023,M,,,92
201600037717,16,7,28,1845,1,2,4,1,3.0,92060,M,,,92
201600037718,16,8,1,1705,1,2,1,1,7.0,92023,M,,,92
201600037719,16,8,1,1855,1,2,1,1,2.0,92060,M,,,92
201600037720,16,8,3,1845,1,2,1,1,3.0,92023,M,,,92
201600037721,16,8,16,1230,1,2,6,1,7.0,92023,M,,,92
201600037722,16,8,18,1920,1,2,1,2,4.0,92023,M,,,92
201600037723,16,8,21,2020,1,2,1,1,6.0,92060,M,,,92
201600037724,16,8,22,1745,1,2,1,1,2.0,92023,M,,,92
201600037725,16,8,28,240,4,2,1,1,7.0,92023,M,,,92
201600037726,16,8,31,900,1,2,1,1,6.0,92023,M,,,92
201600037727,16,8,26,1130,1,2,1,1,2.0,92023,M,,,92
201600037728,16,9,5,2330,3,2,1,2,2.0,92023,M,,,92
201600037729,16,9,5,1550,1,2,1,2,2.0,92023,M,,,92
201600037730,16,9,5,1930,2,2,1,2,5.0,92023,M,,,92
201600037731,16,9,7,735,1,2,1,1,6.0,92060,M,,,92
201600037732,16,8,27,805,1,2,1,1,2.0,92060,M,,,92
201600037733,16,9,8,1100,1,2,1,1,7.0,92023,M,,,92
201600037734,16,9,9,820,1,2,1,1,6.0,92023,M,,,92
201600037735,16,9,10,1450,1,2,1,1,2.0,92023,M,,,92
201600037736,16,9,12,825,1,2,1,1,2.0,92023,M,,,92
201600037737,16,9,15,1400,1,2,2,1,3.0,92023,M,,,92
201600037738,16,9,21,1840,1,2,3,1,3.0,92023,M,,,92
201600037739,16,9,26,1220,1,2,1,1,6.0,92023,M,,,92
201600037740,16,9,28,1609,1,2,1,1,6.0,92023,M,,,92
201600037741,16,9,29,1555,1,2,1,1,2.0,92023,M,,,92
201600037742,16,9,16,1610,1,2,1,1,6.0,92023,M,,,92
201600037743,16,9,23,920,1,2,1,1,2.0,92023,M,,,92
201600037744,16,10,5,1457,1,2,1,1,6.0,92060,M,,,92
201600037745,16,10,5,1703,1,2,1,1,3.0,92023,M,,,92
201600037746,16,10,6,1735,1,2,3,1,3.0,92060,M,,,92
201600037747,16,10,10,1050,1,2,2,1,6.0,92023,M,,,92
201600037748,16,10,8,2020,5,2,2,1,3.0,92023,M,,,92
201600037749,16,10,9,2030,5,2,2,1,3.0,92023,M,,,92
201600037750,16,10,14,1500,1,2,1,1,6.0,92023,M,,,92
201600037751,16,10,7,1600,1,2,2,1,3.0,92023,M,,,92
201600037752,16,11,3,1510,1,2,1,1,2.0,92023,M,,,92
201600037753,16,11,3,1735,2,2,2,1,2.0,92023,M,,,92
201600037754,16,10,7,1510,1,2,1,1,3.0,92023,M,,,92
201600037755,16,10,21,1750,1,2,1,2,6.0,92023,M,,,92
201600037756,16,10,24,1715,1,2,1,1,1.0,92023,M,,,92
201600037757,16,10,27,740,5,2,1,5,1.0,92060,M,,,92
201600037758,16,11,12,1105,1,2,1,1,6.0,92023,M,,,92
201600037759,16,11,13,225,5,2,2,2,7.0,92023,M,,,92
201600037760,16,11,5,950,1,2,1,2,7.0,92023,M,,,92
201600037761,16,11,17,850,1,2,2,1,6.0,92023,M,,,92
201600037762,16,11,18,2230,5,2,2,1,7.0,92023,M,,,92
201600037763,16,11,22,2045,5,2,2,1,3.0,92023,M,,,92
201600037764,16,11,23,1900,5,2,1,2,6.0,92023,M,,,92
201600037765,16,10,30,215,5,2,1,1,6.0,92023,M,,,92
201600037766,16,12,4,1545,1,2,1,1,5.0,92023,M,,,92
201600037767,16,11,9,815,1,2,1,3,7.0,92023,M,,,92
201600037768,16,11,25,2215,5,2,2,1,3.0,92023,M,,,92
201600037769,16,11,26,140,5,2,1,1,7.0,92023,M,,,92
201600037770,16,11,26,900,1,2,1,1,7.0,92023,M,,,92
201600037771,16,11,26,1820,5,2,1,1,6.0,92023,M,,,92
201600037772,16,11,27,1800,5,2,6,1,3.0,92023,M,,,92
201600037773,16,11,28,745,2,2,1,1,6.0,92023,M,,,92
201600037774,16,12,7,1530,1,2,2,1,3.0,92023,M,,,92
201600037775,16,12,12,1815,5,2,1,2,6.0,92023,M,,,92
201600037776,16,12,15,900,1,2,1,1,5.0,92060,M,,,92
201600037777,16,12,17,2250,5,2,1,1,6.0,92023,M,,,92
201600037778,16,12,21,1910,5,2,1,2,6.0,92023,M,,,92
201600037779,16,12,14,1345,1,2,1,1,6.0,92060,M,,,92
201600037780,16,12,26,1130,1,2,1,1,6.0,92023,M,,,92
201600037781,16,1,4,1545,1,2,2,1,6.0,92024,M,,,92
201600037782,16,9,19,900,1,2,1,2,3.0,92024,M,,,92
201600037783,16,1,5,2050,5,2,1,1,3.0,92024,M,,,92
201600037784,16,1,6,1750,1,2,4,1,2.0,92024,M,,,92
201600037785,16,1,14,1915,5,2,1,1,3.0,92024,M,,,92
201600037786,16,1,15,2200,5,2,1,1,2.0,92024,M,,,92
201600037787,16,1,25,930,1,2,4,1,6.0,92024,M,,,92
201600037788,16,1,29,940,1,2,6,1,6.0,92024,M,,,92
201600037789,16,1,31,1000,1,2,2,2,6.0,92024,M,,,92
201600037790,16,2,2,1950,5,2,1,1,3.0,92024,M,,,92
201600037791,16,1,12,1835,5,2,1,1,2.0,92024,M,,,92
201600037792,16,2,4,1945,5,2,1,1,7.0,92024,M,,,92
201600037793,16,12,2,850,1,2,1,1,6.0,92024,M,,,92
201600037794,16,1,15,10,5,1,1,1,3.0,92024,M,,,92
201600037795,16,2,10,800,1,2,3,1,7.0,92024,M,,,92
201600037796,16,2,10,2130,5,2,3,2,3.0,92024,M,,,92
201600037797,16,2,14,759,2,2,2,1,3.0,92024,M,,,92
201600037798,16,2,19,2230,4,2,6,1,2.0,92024,M,,,92
201600037799,16,2,20,55,5,2,2,1,3.0,92024,M,,,92
201600037800,16,2,19,1215,1,2,1,1,6.0,92024,M,,,92
201600037801,16,2,26,2344,5,2,1,1,2.0,92024,M,,,92
201600037802,16,2,29,1450,1,2,1,1,3.0,92024,M,,,92
201600037803,16,2,8,930,1,2,1,1,3.0,92024,M,,,92
201600037804,16,3,16,1000,1,2,5,1,6.0,92024,M,,,92
201600037805,16,3,17,1500,1,2,1,1,4.0,92024,M,,,92
201600037806,16,2,28,2110,5,2,1,1,7.0,92024,M,,,92
201600037807,16,3,24,1600,1,2,2,1,3.0,92024,M,,,92
201600037808,16,2,24,920,1,2,2,1,6.0,92024,M,,,92
201600037809,16,3,1,1030,1,2,6,1,2.0,92024,M,,,92
201600037810,16,3,30,1000,1,2,2,2,6.0,92024,M,,,92
201600037811,16,4,12,1745,1,2,3,1,3.0,92024,M,,,92
201600037812,16,4,18,1330,1,2,3,1,3.0,92024,M,,,92
201600037813,16,4,21,1430,1,2,1,1,6.0,92024,M,,,92
201600037814,16,4,26,1655,5,2,3,1,6.0,92024,M,,,92
201600037815,16,4,28,1445,1,2,6,1,3.0,92024,M,,,92
201600037816,16,5,3,940,1,2,1,1,7.0,92024,M,,,92
201600037817,16,5,3,1200,1,2,1,1,2.0,92024,M,,,92
201600037818,16,5,3,1645,1,2,2,1,3.0,92024,M,,,92
201600037819,16,5,4,1910,1,2,2,1,3.0,92024,M,,,92
201600037820,16,5,8,1740,1,2,1,1,6.0,92024,M,,,92
201600037821,16,4,2,800,1,2,1,1,7.0,92024,M,,,92
201600037822,16,5,12,1220,1,2,1,1,3.0,92024,M,,,92
201600037823,16,5,17,1430,1,2,2,1,2.0,92024,M,,,92
201600037824,16,5,18,2140,5,2,1,1,6.0,92024,M,,,92
201600037825,16,5,19,555,2,2,2,1,3.0,92024,M,,,92
201600037826,16,5,20,1020,1,2,3,1,4.0,92024,M,,,92
201600037827,16,5,23,1200,1,2,1,1,6.0,92024,M,,,92
201600037828,16,5,25,1740,1,2,2,1,3.0,92024,M,,,92
201600037829,16,5,29,1700,1,2,1,2,2.0,92024,M,,,92
201600037830,16,6,3,1410,1,2,3,1,3.0,92024,M,,,92
201600037831,16,6,3,2055,1,2,1,1,4.0,92024,M,,,92
201600037832,16,6,7,1950,1,2,1,1,6.0,92024,M,,,92
201600037833,16,6,8,1730,1,2,1,1,3.0,92024,M,,,92
201600037834,16,6,8,2020,2,2,1,1,3.0,92024,M,,,92
201600037835,16,6,10,1500,1,2,2,1,3.0,92024,M,,,92
201600037836,16,6,10,1815,1,2,1,1,2.0,92024,M,,,92
201600037837,16,6,15,900,1,2,1,8,6.0,92024,M,,,92
201600037838,16,6,21,2220,5,2,2,1,3.0,92024,M,,,92
201600037839,16,6,7,1750,1,2,2,1,3.0,92024,M,,,92
201600037840,16,6,27,1400,1,2,1,1,3.0,92024,M,,,92
201600037841,16,6,28,845,1,2,1,1,3.0,92024,M,,,92
201600037842,16,6,29,1850,1,2,1,1,6.0,92024,M,,,92
201600037843,16,6,14,720,1,2,3,1,3.0,92024,M,,,92
201600037844,16,7,13,1700,1,2,2,1,3.0,92024,M,,,92
201600037845,16,7,15,1550,1,2,2,1,6.0,92024,M,,,92
201600037846,16,7,18,10,5,2,2,1,3.0,92024,M,,,92
201600037847,16,7,21,2110,1,2,4,1,3.0,92024,M,,,92
201600037848,16,7,25,1530,1,2,1,1,3.0,92024,M,,,92
201600037849,16,8,2,1935,1,2,2,2,3.0,92024,M,,,92
201600037850,16,8,2,2030,5,2,2,2,3.0,92024,M,,,92
201600037851,16,8,3,1640,1,2,2,1,3.0,92024,M,,,92
201600037852,16,8,3,1530,1,2,3,1,3.0,92024,M,,,92
201600037853,16,8,4,945,1,2,1,1,6.0,92024,M,,,92
201600037854,16,8,11,1730,1,2,1,1,3.0,92024,M,,,92
201600037855,16,8,26,1535,1,2,2,1,3.0,92024,M,,,92
201600037856,16,9,1,2205,5,2,1,1,3.0,92024,M,,,92
201600037857,16,9,4,45,5,2,2,1,3.0,92024,M,,,92
201600037858,16,9,9,2015,5,2,1,1,7.0,92024,M,,,92
201600037859,16,9,15,40,5,2,3,1,2.0,92024,M,,,92
201600037860,16,9,16,2040,5,2,2,2,6.0,92024,M,,,92
201600037861,16,9,18,35,5,2,1,1,5.0,92024,M,,,92
201600037862,16,9,24,1745,1,2,1,7,6.0,92024,M,,,92
201600037863,16,9,26,1630,1,2,2,1,3.0,92024,M,,,92
201600037864,16,9,29,1310,1,2,6,1,2.0,92024,M,,,92
201600037865,16,9,29,1930,4,2,4,1,3.0,92024,M,,,92
201600037866,16,10,2,2000,5,2,2,1,3.0,92024,M,,,92
201600037867,16,10,5,800,1,2,1,1,6.0,92024,M,,,92
201600037868,16,10,5,2145,5,2,2,1,3.0,92024,M,,,92
201600037869,16,10,6,1840,5,2,1,1,1.0,92024,M,,,92
201600037870,16,10,10,1555,1,2,1,1,6.0,92024,M,,,92
201600037871,16,10,14,1710,5,2,3,1,3.0,92024,M,,,92
201600037872,16,10,19,1230,1,2,3,1,3.0,92024,M,,,92
201600037873,16,10,20,1815,5,2,1,1,6.0,92024,M,,,92
201600037874,16,10,25,1800,1,2,3,1,3.0,92024,M,,,92
201600037875,16,10,27,2120,5,2,1,1,2.0,92024,M,,,92
201600037876,16,10,28,1215,1,2,1,1,6.0,92024,M,,,92
201600037877,16,10,29,1800,1,2,2,1,3.0,92024,M,,,92
201600037878,16,8,24,1025,1,2,1,1,3.0,92024,M,,,92
201600037879,16,11,14,1230,1,2,1,1,6.0,92024,M,,,92
201600037880,16,11,15,1245,1,2,1,1,3.0,92024,M,,,92
201600037881,16,11,16,1055,1,2,3,1,3.0,92024,M,,,92
201600037882,16,11,20,2250,5,2,2,2,3.0,92024,M,,,92
201600037883,16,11,25,555,5,2,1,1,2.0,92024,M,,,92
201600037884,16,11,27,930,1,2,1,1,2.0,92024,M,,,92
201600037885,16,11,28,1408,1,2,2,1,7.0,92024,M,,,92
201600037886,16,11,28,2035,5,2,1,1,7.0,92024,M,,,92
201600037887,16,7,19,1630,1,2,2,1,6.0,92024,M,,,92
201600037888,16,12,7,1930,5,2,1,1,6.0,92024,M,,,92
201600037889,16,12,11,830,1,2,1,1,6.0,92024,M,,,92
201600037890,16,12,16,1750,5,2,1,1,5.0,92024,M,,,92
201600037891,16,12,20,2255,5,2,2,1,3.0,92024,M,,,92
201600037892,16,12,24,1900,5,2,3,1,3.0,92024,M,,,92
201600037893,16,12,25,140,5,2,2,1,3.0,92024,M,,,92
201600037894,16,12,27,1200,1,2,1,1,6.0,92024,M,,,92
201600037895,16,12,30,1215,1,2,3,1,3.0,92024,M,,,92
201600037896,16,5,14,1300,1,2,1,1,6.0,92024,M,,,92
201600037897,16,7,21,550,1,2,1,1,3.0,92024,M,,,92
201600037898,16,8,5,855,1,2,1,1,3.0,92024,M,,,92
201600037899,16,1,3,1815,5,2,1,2,6.0,92025,M,,,92
201600037900,16,1,6,1520,1,2,1,1,6.0,92025,M,,,92
201600037901,16,1,8,1840,4,2,1,1,1.0,92025,M,,,92
201600037902,16,1,10,1530,1,2,1,2,6.0,92025,M,,,92
201600037903,16,1,8,1300,1,2,1,1,7.0,92025,M,,,92
201600037904,16,1,11,745,5,2,2,1,6.0,92025,M,,,92
201600037905,16,1,12,2020,5,1,2,2,6.0,92025,M,,,92
201600037906,16,1,15,1008,1,2,2,1,3.0,92025,M,,,92
201600037907,16,1,21,1520,1,2,5,1,6.0,92025,M,,,92
201600037908,16,1,22,1640,5,2,1,1,6.0,92025,M,,,92
201600037909,16,1,22,1700,1,2,1,1,6.0,92025,M,,,92
201600037910,16,1,25,1230,1,1,1,1,6.0,92025,M,,,92
201600037911,16,1,10,1240,1,2,2,1,3.0,92025,M,,,92
201600037912,16,1,26,1445,1,2,1,1,6.0,92025,M,,,92
201600037913,16,1,27,1920,5,2,1,1,3.0,92025,M,,,92
201600037914,16,1,29,915,1,2,1,1,6.0,92025,M,,,92
201600037915,16,2,1,1830,5,2,2,1,4.0,92025,M,,,92
201600037916,16,2,2,1000,1,2,1,1,6.0,92025,M,,,92
201600037917,16,2,3,845,1,2,2,1,3.0,92025,M,,,92
201600037918,16,2,5,815,2,2,3,1,6.0,92025,M,,,92
201600037919,16,2,8,1750,1,2,3,2,6.0,92025,M,,,92
201600037920,16,2,10,1810,5,2,2,2,7.0,92025,M,,,92
201600037921,16,2,11,710,1,2,1,1,6.0,92025,M,,,92
201600037922,16,2,13,340,5,2,3,1,3.0,92025,M,,,92
201600037923,16,2,22,1730,1,2,3,1,5.0,92025,M,,,92
201600037924,16,2,23,1,5,2,3,2,6.0,92025,M,,,92
201600037925,16,2,26,1730,1,2,1,1,1.0,92025,M,,,92
201600037926,16,2,26,1950,5,2,3,1,3.0,92025,M,,,92
201600037927,16,2,26,2320,5,2,3,1,6.0,92025,M,,,92
201600037928,16,2,29,1508,1,2,1,1,6.0,92025,M,,,92
201600037929,16,3,1,855,1,2,1,1,6.0,92025,M,,,92
201600037930,16,3,1,2015,5,2,1,2,7.0,92025,M,,,92
201600037931,16,3,1,1840,1,2,1,1,6.0,92025,M,,,92
201600037932,16,3,4,2125,5,2,2,1,6.0,92025,M,,,92
201600037933,16,3,6,1545,1,2,1,1,4.0,92025,M,,,92
201600037934,16,3,7,810,2,2,1,1,7.0,92025,M,,,92
201600037935,16,3,7,1400,1,2,1,1,6.0,92025,M,,,92
201600037936,16,3,8,1500,1,2,1,1,5.0,92025,M,,,92
201600037937,16,3,12,1450,1,2,3,1,4.0,92025,M,,,92
201600037938,16,3,17,1820,1,2,2,1,3.0,92025,M,,,92
201600037939,16,3,18,145,5,2,3,1,7.0,92025,M,,,92
201600037940,16,3,18,1250,1,2,1,1,6.0,92025,M,,,92
201600037941,16,3,18,1810,1,2,3,1,3.0,92025,M,,,92
201600037942,16,3,20,1840,5,2,2,1,3.0,92025,M,,,92
201600037943,16,3,22,1745,1,2,2,1,3.0,92025,M,,,92
201600037944,16,3,26,1115,1,2,1,1,2.0,92025,M,,,92
201600037945,16,3,30,1500,1,2,3,2,3.0,92025,M,,,92
201600037946,16,3,31,1330,1,2,3,2,2.0,92025,M,,,92
201600037947,16,2,18,1705,1,2,1,2,6.0,92025,M,,,92
201600037948,16,4,6,1425,1,2,3,1,6.0,92025,M,,,92
201600037949,16,4,8,1750,1,2,2,1,6.0,92025,M,,,92
201600037950,16,4,11,740,1,2,1,1,6.0,92025,M,,,92
201600037951,16,4,11,1015,1,2,1,2,7.0,92025,M,,,92
201600037952,16,4,14,1510,1,2,1,1,6.0,92025,M,,,92
201600037953,16,4,22,1521,1,2,1,1,3.0,92025,M,,,92
201600037954,16,4,22,2010,1,2,1,1,7.0,92025,M,,,92
201600037955,16,5,2,835,1,2,1,1,6.0,92025,M,,,92
201600037956,16,5,4,1640,1,2,1,1,6.0,92025,M,,,92
201600037957,16,5,7,1545,1,2,3,1,6.0,92025,M,,,92
201600037958,16,5,10,650,1,2,2,1,3.0,92025,M,,,92
201600037959,16,5,11,910,1,2,1,1,7.0,92025,M,,,92
201600037960,16,5,12,1200,1,2,3,1,2.0,92025,M,,,92
201600037961,16,5,15,1650,1,2,1,1,7.0,92025,M,,,92
201600037962,16,5,19,1625,1,2,1,1,3.0,92025,M,,,92
201600037963,16,5,20,1200,1,2,1,1,6.0,92025,M,,,92
201600037964,16,5,24,1630,1,2,1,1,7.0,92025,M,,,92
201600037965,16,5,27,850,1,1,1,1,2.0,92025,M,,,92
201600037966,16,5,27,2325,5,2,1,1,7.0,92025,M,,,92
201600037967,16,5,31,1000,1,2,1,2,3.0,92025,M,,,92
201600037968,16,6,4,1400,1,2,1,1,3.0,92025,M,,,92
201600037969,16,6,6,730,1,2,3,1,7.0,92025,M,,,92
201600037970,16,6,9,1535,1,2,3,1,6.0,92025,M,,,92
201600037971,16,6,10,1540,1,2,2,1,3.0,92025,M,,,92
201600037972,16,6,11,1940,1,2,1,1,3.0,92025,M,,,92
201600037973,16,6,13,1350,1,2,1,1,6.0,92025,M,,,92
201600037974,16,6,18,1938,1,2,1,1,3.0,92025,M,,,92
201600037975,16,6,23,1315,1,2,1,1,6.0,92025,M,,,92
201600037976,16,6,23,1935,1,2,1,1,7.0,92025,M,,,92
201600037977,16,6,23,2030,1,2,2,1,3.0,92025,M,,,92
201600037978,16,6,24,2110,1,2,3,1,1.0,92025,M,,,92
201600037979,16,6,28,2115,1,2,1,1,2.0,92025,M,,,92
201600037980,16,7,5,845,1,2,1,1,2.0,92025,M,,,92
201600037981,16,7,5,1145,1,2,1,1,6.0,92025,M,,,92
201600037982,16,7,6,2135,1,2,1,1,1.0,92025,M,,,92
201600037983,16,7,11,930,1,2,1,1,6.0,92025,M,,,92
201600037984,16,7,11,1625,1,1,2,1,3.0,92025,M,,,92
201600037985,16,7,12,915,1,2,1,1,3.0,92025,M,,,92
201600037986,16,7,13,2000,1,2,5,1,6.0,92025,M,,,92
201600037987,16,7,15,1700,1,2,1,1,3.0,92025,M,,,92
201600037988,16,7,15,1950,1,2,2,1,2.0,92025,M,,,92
201600037989,16,7,21,1500,1,2,1,1,2.0,92025,M,,,92
201600037990,16,7,21,2250,5,2,1,1,6.0,92025,M,,,92
201600037991,16,7,26,710,1,2,1,1,1.0,92025,M,,,92
201600037992,16,7,26,1440,1,2,1,1,6.0,92025,M,,,92
201600037993,16,7,26,1900,1,2,1,1,6.0,92025,M,,,92
201600037994,16,7,27,2215,5,2,9,1,3.0,92025,M,,,92
201600037995,16,7,31,1340,1,2,1,1,3.0,92025,M,,,92
201600037996,16,7,30,1350,1,2,2,1,6.0,92025,M,,,92
201600037997,16,8,2,2030,1,2,1,1,2.0,92025,M,,,92
201600037998,16,8,17,1920,1,2,2,1,3.0,92025,M,,,92
201600037999,16,8,26,1050,1,2,1,1,3.0,92025,M,,,92
201600038000,16,8,26,1200,1,2,1,1,6.0,92025,M,,,92
201600038001,16,8,26,1935,1,2,1,1,6.0,92025,M,,,92
201600038002,16,8,30,1015,1,2,1,1,1.0,92025,M,,,92
201600038003,16,9,2,1605,1,2,1,1,2.0,92025,M,,,92
201600038004,16,9,2,2300,1,2,2,1,6.0,92025,M,,,92
201600038005,16,9,3,715,1,2,2,1,6.0,92025,M,,,92
201600038006,16,9,6,1315,1,2,3,1,1.0,92025,M,,,92