Num_Acc,an,mois,jour,hrmn,lum,agg,int,atm,col,com,gps,lat,long,dep
201600038007,16,9,6,1720,1,2,2,1,6.0,92025,M,,,92
201600038008,16,9,7,1755,1,2,1,1,6.0,92025,M,,,92
201600038009,16,9,12,1710,1,2,2,1,3.0,92025,M,,,92
201600038010,16,9,15,920,1,2,1,2,2.0,92025,M,,,92
201600038011,16,9,24,1740,1,2,1,1,3.0,92025,M,,,92
201600038012,16,9,26,1525,1,2,2,1,6.0,92025,M,,,92
201600038013,16,9,27,1350,1,2,1,1,2.0,92025,M,,,92
201600038014,16,9,27,2040,5,2,3,1,6.0,92025,M,,,92
201600038015,16,9,28,1040,1,2,1,1,6.0,92025,M,,,92
201600038016,16,10,3,1820,1,2,2,1,6.0,92025,M,,,92
201600038017,16,10,6,1200,1,2,1,1,6.0,92025,M,,,92
201600038018,16,10,8,2110,5,2,2,1,6.0,92025,M,,,92
201600038019,16,10,11,1630,1,2,3,1,3.0,92025,M,,,92
201600038020,16,10,14,1353,1,2,1,1,6.0,92025,M,,,92
201600038021,16,10,18,1540,1,2,5,1,6.0,92025,M,,,92
201600038022,16,10,18,1535,1,2,2,2,6.0,92025,M,,,92
201600038023,16,10,22,1320,1,2,2,1,3.0,92025,M,,,92
201600038024,16,10,26,1900,3,2,1,1,7.0,92025,M,,,92
201600038025,16,10,26,1645,1,2,1,1,3.0,92025,M,,,92
201600038026,16,10,28,1510,1,2,1,1,1.0,92025,M,,,92
201600038027,16,10,31,1850,1,2,2,1,6.0,92025,M,,,92
201600038028,16,11,5,1520,1,2,1,1,3.0,92025,M,,,92
201600038029,16,11,7,935,1,2,1,1,3.0,92025,M,,,92
201600038030,16,11,7,1807,5,2,1,1,6.0,92025,M,,,92
201600038031,16,11,7,1848,2,2,2,2,6.0,92025,M,,,92
201600038032,16,11,10,2000,5,2,1,1,6.0,92025,M,,,92
201600038033,16,11,14,1225,1,2,1,1,3.0,92025,M,,,92
201600038034,16,11,14,1530,1,2,5,1,6.0,92025,M,,,92
201600038035,16,11,15,1755,5,2,1,1,3.0,92025,M,,,92
201600038036,16,11,15,2030,5,2,3,2,6.0,92025,M,,,92
201600038037,16,11,15,2340,5,2,1,2,6.0,92025,M,,,92
201600038038,16,11,21,1250,1,2,1,2,3.0,92025,M,,,92
201600038039,16,11,5,1700,1,2,1,1,6.0,92025,M,,,92
201600038040,16,11,21,1830,5,2,1,1,3.0,92025,M,,,92
201600038041,16,11,24,400,5,2,1,1,6.0,92025,M,,,92
201600038042,16,11,29,1715,2,2,3,1,6.0,92025,M,,,92
201600038043,16,12,1,1600,1,2,3,1,3.0,92025,M,,,92
201600038044,16,12,1,2130,5,2,1,1,2.0,92025,M,,,92
201600038045,16,12,2,806,1,2,2,1,1.0,92025,M,,,92
201600038046,16,12,2,1215,1,2,1,1,6.0,92025,M,,,92
201600038047,16,12,2,1930,5,2,1,1,3.0,92025,M,,,92
201600038048,16,12,3,1105,1,2,3,1,6.0,92025,M,,,92
201600038049,16,12,3,2005,5,2,1,1,3.0,92025,M,,,92
201600038050,16,12,4,1210,1,2,1,1,3.0,92025,M,,,92
201600038051,16,12,5,1300,1,2,2,1,6.0,92025,M,,,92
201600038052,16,12,11,1410,1,2,2,1,3.0,92025,M,,,92
201600038053,16,12,12,1835,5,2,1,2,6.0,92025,M,,,92
201600038054,16,12,13,1230,1,2,1,1,6.0,92025,M,,,92
201600038055,16,12,14,750,2,2,1,9,6.0,92025,M,,,92
201600038056,16,12,17,505,5,2,1,1,6.0,92025,M,,,92
201600038057,16,12,20,2138,5,2,1,1,6.0,92025,M,,,92
201600038058,16,12,21,2000,5,2,2,2,3.0,92025,M,,,92
201600038059,16,12,22,20,5,2,1,1,2.0,92025,M,,,92
201600038060,16,12,25,10,5,1,1,1,5.0,92025,M,,,92
201600038061,16,12,25,110,5,2,1,1,3.0,92025,M,,,92
201600038062,16,12,10,810,2,2,1,1,6.0,92026,M,,,92
201600038063,16,12,13,902,1,2,1,1,1.0,92026,M,,,92
201600038064,16,11,10,1945,5,2,2,9,6.0,92026,M,,,92
201600038065,16,1,8,950,1,2,1,1,2.0,92026,M,,,92
201600038066,16,1,11,1700,1,2,1,1,6.0,92026,M,,,92
201600038067,16,1,14,1800,5,2,1,2,6.0,92026,M,,,92
201600038068,16,1,13,1530,1,2,1,1,7.0,92026,M,,,92
201600038069,16,1,20,1900,5,2,3,1,6.0,92026,M,,,92
201600038070,16,1,21,1950,5,2,1,1,6.0,92026,M,,,92
201600038071,16,1,22,1420,1,2,1,1,3.0,92026,M,,,92
201600038072,16,1,22,1800,5,2,3,3,6.0,92026,M,,,92
201600038073,16,9,16,1845,5,2,1,1,2.0,92026,M,,,92
201600038074,16,10,28,805,2,2,1,1,2.0,92026,M,,,92
201600038075,16,10,20,1000,1,2,1,1,2.0,92026,M,,,92
201600038076,16,10,18,750,2,2,1,1,6.0,92026,M,,,92
201600038077,16,10,8,1415,1,2,3,1,7.0,92026,M,,,92
201600038078,16,10,4,1520,1,2,1,1,6.0,92026,M,,,92
201600038079,16,10,28,1715,1,2,1,1,4.0,92026,M,,,92
201600038080,16,1,25,1840,5,2,1,1,7.0,92026,M,,,92
201600038081,16,1,27,925,1,2,1,2,7.0,92026,M,,,92
201600038082,16,2,1,800,5,2,3,1,4.0,92026,M,,,92
201600038083,16,2,3,1520,1,2,1,1,3.0,92026,M,,,92
201600038084,16,2,1,2135,5,2,1,1,6.0,92026,M,,,92
201600038085,16,2,9,800,5,2,1,3,6.0,92026,M,,,92
201600038086,16,2,13,1800,5,2,3,1,5.0,92026,M,,,92
201600038087,16,2,13,2250,5,2,1,1,7.0,92026,M,,,92
201600038088,16,2,21,100,5,2,3,1,2.0,92026,M,,,92
201600038089,16,2,23,1950,5,2,1,1,7.0,92026,M,,,92
201600038090,16,3,2,1945,5,2,2,2,3.0,92026,M,,,92
201600038091,16,3,3,950,1,2,2,1,3.0,92026,M,,,92
201600038092,16,3,11,1820,5,2,1,1,6.0,92026,M,,,92
201600038093,16,3,11,1230,1,2,3,1,3.0,92026,M,,,92
201600038094,16,3,14,840,2,1,1,1,2.0,92026,M,,,92
201600038095,16,3,23,1400,1,2,1,1,6.0,92026,M,,,92
201600038096,16,3,24,1900,5,2,2,1,3.0,92026,M,,,92
201600038097,16,3,29,1645,1,1,1,1,2.0,92026,M,,,92
201600038098,16,4,3,1645,1,2,1,1,3.0,92026,M,,,92
201600038099,16,4,4,830,1,2,1,8,2.0,92026,M,,,92
201600038100,16,4,4,2315,5,2,3,2,7.0,92026,M,,,92
201600038101,16,4,13,1810,1,2,1,1,6.0,92026,M,,,92
201600038102,16,4,14,1950,5,2,2,2,6.0,92026,M,,,92
201600038103,16,5,1,1450,1,2,1,1,6.0,92026,M,,,92
201600038104,16,5,2,1420,1,2,3,1,3.0,92026,M,,,92
201600038105,16,5,19,2145,5,2,3,1,3.0,92026,M,,,92
201600038106,16,5,22,2000,2,2,1,1,7.0,92026,M,,,92
201600038107,16,5,27,150,5,2,1,1,7.0,92026,M,,,92
201600038108,16,5,23,1640,1,2,1,1,6.0,92026,M,,,92
201600038109,16,5,25,1950,2,2,3,1,3.0,92026,M,,,92
201600038110,16,6,7,1935,1,2,1,1,2.0,92026,M,,,92
201600038111,16,6,17,1609,1,2,1,1,3.0,92026,M,,,92
201600038112,16,6,9,1950,1,2,1,1,3.0,92026,M,,,92
201600038113,16,6,13,1715,1,2,1,1,2.0,92026,M,,,92
201600038114,16,6,26,2140,2,2,1,1,3.0,92026,M,,,92
201600038115,16,6,28,2250,5,2,3,1,6.0,92026,M,,,92
201600038116,16,6,27,1245,1,2,2,1,6.0,92026,M,,,92
201600038117,16,6,28,845,1,2,1,1,4.0,92026,M,,,92
201600038118,16,7,5,1000,1,2,1,1,3.0,92026,M,,,92
201600038119,16,5,31,1930,1,2,1,1,6.0,92026,M,,,92
201600038120,16,7,5,1505,1,2,1,1,3.0,92026,M,,,92
201600038121,16,7,11,930,1,2,3,1,3.0,92026,M,,,92
201600038122,16,7,13,1530,1,2,1,8,6.0,92026,M,,,92
201600038123,16,7,20,2010,1,2,1,1,6.0,92026,M,,,92
201600038124,16,7,23,1240,1,2,2,1,3.0,92026,M,,,92
201600038125,16,7,14,1230,1,2,2,1,3.0,92026,M,,,92
201600038126,16,7,21,1405,1,2,1,1,3.0,92026,M,,,92
201600038127,16,7,20,1950,1,2,3,1,7.0,92026,M,,,92
201600038128,16,8,12,1900,1,2,2,1,3.0,92026,M,,,92
201600038129,16,8,25,1100,1,2,1,1,4.0,92026,M,,,92
201600038130,16,8,31,1645,1,2,1,1,6.0,92026,M,,,92
201600038131,16,9,19,330,5,2,3,1,6.0,92026,M,,,92
201600038132,16,9,28,2210,5,2,1,1,3.0,92026,M,,,92
201600038133,16,9,2,1630,1,2,1,1,3.0,92026,M,,,92
201600038134,16,9,15,1200,1,2,1,1,6.0,92026,M,,,92
201600038135,16,8,9,2105,2,2,1,1,3.0,92026,M,,,92
201600038136,16,10,11,940,1,2,3,1,4.0,92026,M,,,92
201600038137,16,10,11,1605,1,2,1,1,3.0,92026,M,,,92
201600038138,16,9,28,1220,1,2,3,1,6.0,92026,M,,,92
201600038139,16,8,2,2000,2,2,1,2,7.0,92026,M,,,92
201600038140,16,10,8,2020,2,2,1,1,3.0,92026,M,,,92
201600038141,16,11,2,1230,1,2,1,1,6.0,92026,M,,,92
201600038142,16,11,4,1845,5,2,1,1,7.0,92026,M,,,92
201600038143,16,9,27,2210,5,2,1,9,3.0,92026,M,,,92
201600038144,16,11,3,1130,1,2,1,1,6.0,92026,M,,,92
201600038145,16,9,7,1900,5,2,1,9,6.0,92026,M,,,92
201600038146,16,9,24,1945,5,2,1,9,3.0,92026,M,,,92
201600038147,16,11,5,1820,5,2,5,1,3.0,92026,M,,,92
201600038148,16,11,10,1930,5,2,2,9,6.0,92026,M,,,92
201600038149,16,11,10,1115,1,2,5,9,6.0,92026,M,,,92
201600038150,16,10,14,1840,5,2,1,3,6.0,92026,M,,,92
201600038151,16,11,28,2020,5,2,1,1,3.0,92026,M,,,92
201600038152,16,9,14,1720,1,2,2,1,3.0,92026,M,,,92
201600038153,16,12,3,1350,1,2,1,1,3.0,92026,M,,,92
201600038154,16,12,7,1810,5,2,1,1,6.0,92026,M,,,92
201600038155,16,11,28,2315,5,2,3,1,3.0,92026,M,,,92
201600038156,16,11,28,1845,5,2,1,1,3.0,92026,M,,,92
201600038157,16,12,9,1455,1,2,1,1,3.0,92026,M,,,92
201600038158,16,12,12,1807,5,2,1,2,6.0,92026,M,,,92
201600038159,16,12,31,1748,5,2,1,1,6.0,92035,M,,,92
201600038160,16,1,8,1125,1,2,1,1,6.0,92035,M,,,92
201600038161,16,1,20,1950,5,2,2,1,3.0,92035,M,,,92
201600038162,16,1,23,930,1,2,2,2,3.0,92035,M,,,92
201600038163,16,1,28,2130,5,2,4,1,3.0,92035,M,,,92
201600038164,16,2,9,1950,5,2,1,1,3.0,92035,M,,,92
201600038165,16,2,19,2315,5,2,3,1,3.0,92035,M,,,92
201600038166,16,2,17,1910,5,2,2,1,3.0,92035,M,,,92
201600038167,16,2,24,1812,1,2,1,2,7.0,92035,M,,,92
201600038168,16,2,28,100,5,2,1,1,6.0,92035,M,,,92
201600038169,16,3,10,740,1,2,2,1,6.0,92035,M,,,92
201600038170,16,4,3,2110,5,2,1,1,3.0,92035,M,,,92
201600038171,16,4,15,1550,1,2,2,2,6.0,92035,M,,,92
201600038172,16,4,29,1530,1,2,1,2,6.0,92035,M,,,92
201600038173,16,5,12,911,1,2,1,1,6.0,92035,M,,,92
201600038174,16,5,13,1905,1,2,1,1,5.0,92035,M,,,92
201600038175,16,5,28,1750,1,2,2,1,3.0,92035,M,,,92
201600038176,16,6,7,950,1,2,1,1,7.0,92035,M,,,92
201600038177,16,6,7,1725,1,2,2,1,6.0,92035,M,,,92
201600038178,16,6,17,1430,1,2,1,1,2.0,92035,M,,,92
201600038179,16,7,4,1520,1,2,3,1,3.0,92035,M,,,92
201600038180,16,7,6,1955,1,2,7,1,2.0,92035,M,,,92
201600038181,16,7,18,1930,1,2,3,1,3.0,92035,M,,,92
201600038182,16,7,20,1000,1,2,2,1,3.0,92035,M,,,92
201600038183,16,7,27,1800,1,2,2,1,3.0,92035,M,,,92
201600038184,16,8,6,1925,1,2,2,1,3.0,92035,M,,,92
201600038185,16,8,1,925,1,2,5,1,3.0,92035,M,,,92
201600038186,16,8,18,1150,1,2,1,1,2.0,92035,M,,,92
201600038187,16,8,20,1540,1,2,4,1,3.0,92035,M,,,92
201600038188,16,8,19,2025,1,2,2,1,3.0,92050,M,,,92
201600038189,16,9,7,1240,1,2,1,1,3.0,92035,M,,,92
201600038190,16,9,21,1015,1,2,3,1,6.0,92035,M,,,92
201600038191,16,9,15,810,1,2,2,2,6.0,92035,M,,,92
201600038192,16,9,13,1510,1,2,1,1,6.0,92035,M,,,92
201600038193,16,9,24,1630,1,2,3,1,3.0,92035,M,,,92
201600038194,16,9,24,2020,5,2,3,1,3.0,92035,M,,,92
201600038195,16,9,30,1030,1,2,9,1,6.0,92035,M,,,92
201600038196,16,10,3,1430,1,2,1,1,3.0,92035,M,,,92
201600038197,16,10,26,1920,5,2,1,1,3.0,92035,M,,,92
201600038198,16,10,12,700,2,2,3,1,4.0,92035,M,,,92
201600038199,16,10,20,1000,1,2,3,2,6.0,92035,M,,,92
201600038200,16,11,2,2035,5,2,6,1,7.0,92035,M,,,92
201600038201,16,10,29,2020,5,2,1,1,5.0,92035,M,,,92
201600038202,16,11,7,1210,1,2,1,2,3.0,92035,M,,,92
201600038203,16,11,8,745,1,2,5,1,6.0,92035,M,,,92
201600038204,16,11,17,1015,1,2,2,1,3.0,92035,M,,,92
201600038205,16,11,25,2150,5,2,3,1,3.0,92035,M,,,92
201600038206,16,12,8,1750,5,2,6,1,6.0,92035,M,,,92
201600038207,16,11,18,1500,1,2,3,1,3.0,92035,M,,,92
201600038208,16,11,21,1105,1,2,1,1,6.0,92035,M,,,92
201600038209,16,12,13,1650,5,2,3,1,3.0,92035,M,,,92
201600038210,16,12,17,200,5,2,3,1,6.0,92035,M,,,92
201600038211,16,12,31,545,5,2,5,1,7.0,92035,M,,,92
201600038212,16,1,8,1220,1,2,1,1,6.0,92036,M,,,92
201600038213,16,1,21,2135,5,2,9,1,6.0,92036,M,,,92
201600038214,16,1,27,610,5,2,1,1,7.0,92036,M,,,92
201600038215,16,1,28,1420,1,2,2,1,7.0,92036,M,,,92
201600038216,16,1,31,1210,1,2,2,1,6.0,92036,M,,,92
201600038217,16,2,1,1640,1,2,3,1,2.0,92036,M,,,92
201600038218,16,2,1,1900,5,2,9,1,7.0,92036,M,,,92
201600038219,16,2,2,1318,1,2,1,1,6.0,92036,M,,,92
201600038220,16,2,10,1600,1,2,3,2,6.0,92036,M,,,92
201600038221,16,2,19,600,1,2,1,1,7.0,92036,M,,,92
201600038222,16,2,28,1520,1,2,1,1,7.0,92036,M,,,92
201600038223,16,3,7,1100,1,2,1,2,6.0,92036,M,,,92
201600038224,16,3,8,1240,1,2,1,1,6.0,92036,M,,,92
201600038225,16,3,14,1825,1,2,1,1,6.0,92036,M,,,92
201600038226,16,3,15,1715,1,2,1,1,1.0,92036,M,,,92
201600038227,16,3,17,1703,1,2,3,1,6.0,92036,M,,,92
201600038228,16,3,23,1815,1,2,9,1,6.0,92036,M,,,92
201600038229,16,3,29,825,1,2,1,1,6.0,92036,M,,,92
201600038230,16,3,30,1910,3,2,1,9,7.0,92036,M,,,92
201600038231,16,4,4,1845,1,2,3,1,6.0,92036,M,,,92
201600038232,16,4,6,1330,1,2,2,1,3.0,92036,M,,,92
201600038233,16,4,8,940,1,2,1,1,2.0,92036,M,,,92
201600038234,16,4,19,1345,1,2,1,1,6.0,92036,M,,,92
201600038235,16,4,19,1745,1,2,2,1,6.0,92036,M,,,92
201600038236,16,4,20,1845,1,2,2,1,6.0,92036,M,,,92
201600038237,16,4,29,1715,1,2,3,1,3.0,92036,M,,,92
201600038238,16,4,29,2030,1,2,1,1,6.0,92036,M,,,92
201600038239,16,5,4,2100,2,2,1,7,1.0,92036,M,,,92
201600038240,16,5,10,1620,1,2,6,1,6.0,92036,M,,,92
201600038241,16,5,13,1240,1,2,1,1,6.0,92036,M,,,92
201600038242,16,5,15,340,5,2,3,1,2.0,92036,M,,,92
201600038243,16,5,17,2100,2,2,1,1,1.0,92036,M,,,92
201600038244,16,5,18,500,5,2,1,1,6.0,92036,M,,,92
201600038245,16,5,18,1750,1,2,2,2,6.0,92036,M,,,92
201600038246,16,5,19,600,2,2,6,3,6.0,92036,M,,,92
201600038247,16,5,20,1435,1,2,1,1,4.0,92036,M,,,92
201600038248,16,5,23,1750,1,2,3,1,6.0,92036,M,,,92
201600038249,16,5,24,1240,1,2,1,1,6.0,92036,M,,,92
201600038250,16,5,28,1800,1,2,1,1,1.0,92036,M,,,92
201600038251,16,6,7,230,3,2,1,1,7.0,92036,M,,,92
201600038252,16,6,7,1545,1,2,3,1,2.0,92036,M,,,92
201600038253,16,6,7,1800,1,2,1,1,7.0,92036,M,,,92
201600038254,16,6,11,1755,1,2,6,1,6.0,92036,M,,,92
201600038255,16,6,15,1625,1,2,9,1,6.0,92036,M,,,92
201600038256,16,6,16,1250,1,2,1,1,6.0,92036,M,,,92
201600038257,16,6,23,810,1,2,9,1,3.0,92036,M,,,92
201600038258,16,6,29,1305,1,2,3,1,6.0,92036,M,,,92
201600038259,16,6,29,1950,1,2,1,1,6.0,92036,M,,,92
201600038260,16,6,29,2150,2,2,2,1,3.0,92036,M,,,92
201600038261,16,6,30,1650,1,2,1,1,2.0,92036,M,,,92
201600038262,16,7,1,950,1,2,1,1,6.0,92036,M,,,92
201600038263,16,7,1,1210,1,2,1,1,2.0,92036,M,,,92
201600038264,16,7,6,1820,1,2,2,1,6.0,92036,M,,,92
201600038265,16,7,4,335,5,2,2,1,6.0,92036,M,,,92
201600038266,16,7,6,2000,1,2,3,1,6.0,92036,M,,,92
201600038267,16,7,10,1930,1,2,1,1,6.0,92036,M,,,92
201600038268,16,7,11,1630,1,2,3,1,2.0,92036,M,,,92
201600038269,16,7,11,2300,5,2,2,1,7.0,92036,M,,,92
201600038270,16,7,12,1600,1,2,3,1,6.0,92036,M,,,92
201600038271,16,7,12,1715,1,2,1,1,6.0,92036,M,,,92
201600038272,16,7,13,1840,1,2,3,1,6.0,92036,M,,,92
201600038273,16,7,17,1920,1,2,1,1,6.0,92036,M,,,92
201600038274,16,7,21,1730,1,2,1,1,2.0,92036,M,,,92
201600038275,16,7,25,1500,1,2,3,1,3.0,92036,M,,,92
201600038276,16,7,25,1940,2,2,1,1,2.0,92036,M,,,92
201600038277,16,7,27,1525,1,2,2,1,3.0,92036,M,,,92
201600038278,16,7,29,1910,1,2,3,1,2.0,92036,M,,,92
201600038279,16,7,30,1850,1,2,1,1,6.0,92036,M,,,92
201600038280,16,8,1,950,1,2,2,1,6.0,92036,M,,,92
201600038281,16,8,2,1350,1,2,2,1,3.0,92036,M,,,92
201600038282,16,8,10,1050,5,2,3,1,7.0,92036,M,,,92
201600038283,16,8,16,1300,1,2,2,1,2.0,92036,M,,,92
201600038284,16,8,22,1510,1,2,1,1,6.0,92036,M,,,92
201600038285,16,8,25,1120,1,2,3,1,6.0,92036,M,,,92
201600038286,16,8,26,1500,1,2,1,1,6.0,92036,M,,,92
201600038287,16,8,26,1745,1,2,1,1,6.0,92036,M,,,92
201600038288,16,8,30,2340,5,2,3,1,7.0,92036,M,,,92
201600038289,16,8,29,740,1,2,1,1,6.0,92036,M,,,92
201600038290,16,8,31,1715,1,2,2,1,2.0,92036,M,,,92
201600038291,16,8,31,1910,1,2,1,1,2.0,92036,M,,,92
201600038292,16,9,2,1605,1,2,1,1,7.0,92036,M,,,92
201600038293,16,9,5,1620,1,2,1,1,6.0,92036,M,,,92
201600038294,16,9,8,1500,1,2,1,1,7.0,92036,M,,,92
201600038295,16,9,9,1640,1,2,1,1,6.0,92036,M,,,92
201600038296,16,9,9,1700,1,2,3,1,6.0,92036,M,,,92
201600038297,16,9,14,1915,1,2,2,1,6.0,92036,M,,,92
201600038298,16,9,15,1110,1,2,2,1,6.0,92036,M,,,92
201600038299,16,9,22,613,5,2,2,1,3.0,92036,M,,,92
201600038300,16,9,23,1220,1,2,1,1,6.0,92036,M,,,92
201600038301,16,9,26,1315,1,2,3,1,6.0,92036,M,,,92
201600038302,16,9,26,2300,3,2,2,1,3.0,92036,M,,,92
201600038303,16,9,27,1000,1,2,2,1,6.0,92036,M,,,92
201600038304,16,9,30,2110,5,2,3,2,3.0,92036,M,,,92
201600038305,16,10,2,1620,1,2,1,1,2.0,92036,M,,,92
201600038306,16,10,4,1010,1,2,1,1,7.0,92036,M,,,92
201600038307,16,10,7,1120,1,2,2,1,3.0,92036,M,,,92
201600038308,16,10,7,1825,1,2,2,1,3.0,92036,M,,,92
201600038309,16,10,8,120,5,2,2,1,6.0,92036,M,,,92
201600038310,16,10,10,1200,1,2,3,1,2.0,92036,M,,,92
201600038311,16,10,11,1125,1,2,3,1,6.0,92036,M,,,92
201600038312,16,10,11,1905,5,2,1,1,6.0,92036,M,,,92
201600038313,16,10,12,2325,5,2,3,1,6.0,92036,M,,,92
201600038314,16,10,13,2220,5,2,3,1,6.0,92036,M,,,92
201600038315,16,10,24,1627,1,2,3,1,1.0,92036,M,,,92
201600038316,16,10,26,2130,5,2,2,1,6.0,92036,M,,,92
201600038317,16,10,27,1500,1,2,3,1,2.0,92036,M,,,92
201600038318,16,10,28,915,1,2,2,1,2.0,92036,M,,,92
201600038319,16,10,28,1900,5,2,3,1,3.0,92036,M,,,92
201600038320,16,10,28,1955,5,2,1,1,6.0,92036,M,,,92
201600038321,16,10,31,1230,1,2,1,1,6.0,92036,M,,,92
201600038322,16,11,2,1750,1,2,2,1,3.0,92036,M,,,92
201600038323,16,11,2,1925,5,2,1,1,6.0,92036,M,,,92
201600038324,16,11,3,1130,1,2,2,1,3.0,92036,M,,,92
201600038325,16,11,4,1300,1,2,1,1,7.0,92036,M,,,92
201600038326,16,11,12,2345,5,2,1,1,6.0,92036,M,,,92
201600038327,16,11,17,930,1,2,1,1,6.0,92036,M,,,92
201600038328,16,11,22,1800,5,2,3,1,6.0,92036,M,,,92
201600038329,16,11,25,1356,1,2,2,1,1.0,92036,M,,,92
201600038330,16,11,28,725,5,2,1,1,6.0,92036,M,,,92
201600038331,16,11,28,1925,5,2,3,1,2.0,92036,M,,,92
201600038332,16,12,2,730,2,2,1,1,6.0,92036,M,,,92
201600038333,16,12,2,745,1,2,3,1,3.0,92036,M,,,92
201600038334,16,12,6,2235,5,2,2,1,6.0,92036,M,,,92
201600038335,16,12,22,955,1,2,3,1,6.0,92036,M,,,92
201600038336,16,12,22,1835,5,2,6,1,3.0,92036,M,,,92
201600038337,16,12,23,1530,1,2,9,1,6.0,92036,M,,,92
201600038338,16,1,19,1700,1,2,4,1,3.0,92040,M,,,92
201600038339,16,1,22,2145,5,2,2,1,3.0,92040,M,,,92
201600038340,16,1,20,1400,1,2,3,1,6.0,92040,M,,,92
201600038341,16,2,3,1838,5,2,1,9,1.0,92040,M,,,92
201600038342,16,1,31,1835,5,2,2,2,6.0,92040,M,,,92
201600038343,16,1,5,1810,5,2,2,1,6.0,92040,M,,,92
201600038344,16,1,12,935,1,2,1,2,6.0,92040,M,,,92
201600038345,16,1,4,910,1,2,1,1,6.0,92040,M,,,92
201600038346,16,1,8,1130,1,2,2,1,3.0,92040,M,,,92
201600038347,16,1,14,845,1,2,1,2,3.0,92040,M,,,92
201600038348,16,2,29,2215,5,2,2,1,6.0,92040,M,,,92
201600038349,16,3,25,1530,1,2,2,1,3.0,92040,M,,,92
201600038350,16,4,3,25,5,2,2,1,3.0,92040,M,,,92
201600038351,16,1,30,2010,5,2,6,1,7.0,92040,M,,,92
201600038352,16,2,5,840,1,2,1,8,6.0,92040,M,,,92
201600038353,16,4,23,725,1,2,1,1,6.0,92040,M,,,92
201600038354,16,4,28,1100,1,2,1,1,6.0,92040,M,,,92
201600038355,16,5,12,1930,1,2,2,1,1.0,92040,M,,,92
201600038356,16,3,10,1830,1,2,1,1,3.0,92040,M,,,92
201600038357,16,3,14,920,1,2,2,1,4.0,92040,M,,,92
201600038358,16,3,13,1500,1,2,4,1,7.0,92040,M,,,92
201600038359,16,3,20,1320,1,2,3,1,3.0,92040,M,,,92
201600038360,16,3,25,1155,1,2,3,8,3.0,92040,M,,,92
201600038361,16,3,29,1830,1,2,1,1,6.0,92040,M,,,92
201600038362,16,3,19,920,1,2,2,2,2.0,92040,M,,,92
201600038363,16,3,29,940,1,2,1,1,3.0,92040,M,,,92
201600038364,16,9,6,2120,5,2,1,1,3.0,92040,M,,,92
201600038365,16,10,4,1410,1,2,5,1,3.0,92040,M,,,92
201600038366,16,9,26,1142,1,2,2,2,6.0,92040,M,,,92
201600038367,16,4,2,1605,1,2,1,1,2.0,92040,M,,,92
201600038368,16,4,13,800,1,2,1,1,3.0,92040,M,,,92
201600038369,16,4,25,1725,1,2,1,2,3.0,92040,M,,,92
201600038370,16,4,14,840,1,2,1,1,6.0,92040,M,,,92
201600038371,16,4,18,1830,1,2,3,1,1.0,92040,M,,,92
201600038372,16,6,29,1512,1,2,1,1,6.0,92040,M,,,92
201600038373,16,6,22,1840,1,2,1,1,6.0,92040,M,,,92
201600038374,16,6,17,1908,1,2,3,2,4.0,92040,M,,,92
201600038375,16,6,15,923,1,2,3,2,2.0,92040,M,,,92
201600038376,16,6,3,1908,1,2,1,8,6.0,92040,M,,,92
201600038377,16,6,6,950,1,2,1,2,6.0,92040,M,,,92
201600038378,16,6,6,825,1,2,1,1,1.0,92040,M,,,92
201600038379,16,6,7,850,1,2,1,1,6.0,92040,M,,,92
201600038380,16,8,1,750,1,2,1,1,7.0,92040,M,,,92
201600038381,16,5,28,1935,2,2,1,1,6.0,92040,M,,,92
201600038382,16,8,8,1400,1,2,1,1,6.0,92040,M,,,92
201600038383,16,8,26,856,1,2,6,1,6.0,92040,M,,,92
201600038384,16,10,16,2340,5,2,6,2,3.0,92040,M,,,92
201600038385,16,10,10,1730,1,2,2,2,6.0,92040,M,,,92
201600038386,16,10,1,1744,1,2,1,1,6.0,92040,M,,,92
201600038387,16,10,9,544,5,2,2,1,3.0,92040,M,,,92
201600038388,16,7,12,1840,1,2,3,1,3.0,92040,M,,,92
201600038389,16,10,22,1510,1,2,1,1,6.0,92040,M,,,92
201600038390,16,5,4,2035,1,2,1,1,6.0,92040,M,,,92
201600038391,16,5,19,1355,1,2,3,2,2.0,92040,M,,,92
201600038392,16,5,1,2230,5,2,2,1,3.0,92040,M,,,92
201600038393,16,5,13,2000,1,2,1,1,6.0,92040,M,,,92
201600038394,16,5,13,1230,1,2,3,1,3.0,92040,M,,,92
201600038395,16,5,31,1748,1,2,1,2,6.0,92040,M,,,92
201600038396,16,5,24,1130,1,2,2,1,3.0,92040,M,,,92
201600038397,16,5,26,1400,1,2,1,1,6.0,92040,M,,,92
201600038398,16,5,24,1850,1,2,5,1,3.0,92040,M,,,92
201600038399,16,5,23,850,1,2,1,2,6.0,92040,M,,,92
201600038400,16,5,11,1847,1,2,2,1,3.0,92040,M,,,92
201600038401,16,5,17,1420,1,2,1,1,7.0,92040,M,,,92
201600038402,16,5,22,1310,1,2,1,2,2.0,92040,M,,,92
201600038403,16,5,19,905,1,2,1,2,7.0,92040,M,,,92
201600038404,16,5,14,210,5,2,1,1,6.0,92040,M,,,92
201600038405,16,5,11,1850,1,2,1,1,6.0,92040,M,,,92
201600038406,16,11,9,1025,1,2,1,2,1.0,92040,M,,,92
201600038407,16,11,9,2127,5,2,2,3,6.0,92040,M,,,92
201600038408,16,9,27,1820,1,2,1,1,3.0,92040,M,,,92
201600038409,16,7,16,1230,1,2,1,1,3.0,92040,M,,,92
201600038410,16,9,21,1815,1,2,2,1,3.0,92040,M,,,92
201600038411,16,7,11,1910,1,2,1,1,6.0,92040,M,,,92
201600038412,16,10,31,2025,5,2,1,1,7.0,92040,M,,,92
201600038413,16,10,3,920,1,2,1,1,3.0,92040,M,,,92
201600038414,16,9,14,1115,1,2,1,1,6.0,92040,M,,,92
201600038415,16,10,26,1150,1,2,3,1,7.0,92040,M,,,92
201600038416,16,10,20,1600,1,2,1,2,3.0,92040,M,,,92
201600038417,16,10,18,1540,1,2,1,1,7.0,92040,M,,,92
201600038418,16,9,2,940,1,2,2,1,6.0,92040,M,,,92
201600038419,16,9,13,125,5,2,2,1,2.0,92040,M,,,92
201600038420,16,11,13,1455,1,2,1,2,7.0,92040,M,,,92