Num_Acc,an,mois,jour,hrmn,lum,agg,int,atm,col,com,gps,lat,long,dep
201600038421,16,11,17,1800,5,2,1,2,7.0,92040,M,,,92
201600038422,16,12,1,1300,1,2,1,1,2.0,92040,M,,,92
201600038423,16,12,1,830,1,2,1,1,3.0,92040,M,,,92
201600038424,16,11,30,1955,5,2,1,1,3.0,92040,M,,,92
201600038425,16,11,26,1655,2,2,1,1,3.0,92040,M,,,92
201600038426,16,11,25,1745,5,2,1,1,2.0,92040,M,,,92
201600038427,16,11,18,910,1,2,1,1,5.0,92040,M,,,92
201600038428,16,12,11,2134,5,2,1,1,2.0,92040,M,,,92
201600038429,16,12,12,1915,5,2,2,2,6.0,92040,M,,,92
201600038430,16,12,14,905,1,2,1,1,6.0,92040,M,,,92
201600038431,16,12,16,1630,1,2,2,1,3.0,92040,M,,,92
201600038432,16,12,17,1430,1,2,6,1,3.0,92040,M,,,92
201600038433,16,12,20,1320,1,2,1,1,3.0,92040,M,,,92
201600038434,16,12,28,1750,5,2,1,1,6.0,92040,M,,,92
201600038435,16,1,4,2205,5,2,1,1,7.0,92044,M,,,92
201600038436,16,1,14,115,5,2,2,1,3.0,92044,M,,,92
201600038437,16,2,28,1535,1,2,2,1,6.0,92044,M,,,92
201600038438,16,1,21,1231,1,2,2,1,6.0,92044,M,,,92
201600038439,16,1,25,1305,1,2,1,1,3.0,92044,M,,,92
201600038440,16,1,5,1110,1,2,2,1,2.0,92044,M,,,92
201600038441,16,1,27,48,5,2,2,1,3.0,92044,M,,,92
201600038442,16,2,1,1100,1,2,1,1,3.0,92044,M,,,92
201600038443,16,2,2,1040,1,2,2,1,6.0,92044,M,,,92
201600038444,16,2,3,1510,1,2,1,1,6.0,92044,M,,,92
201600038445,16,1,8,1000,1,2,1,1,2.0,92044,M,,,92
201600038446,16,2,4,1510,1,2,2,1,6.0,92044,M,,,92
201600038447,16,2,5,2000,2,2,2,1,4.0,92044,M,,,92
201600038448,16,2,5,2015,5,2,1,1,3.0,92044,M,,,92
201600038449,16,2,8,1125,1,2,2,1,5.0,92044,M,,,92
201600038450,16,2,9,1400,1,2,1,2,3.0,92044,M,,,92
201600038451,16,2,16,1215,1,2,1,1,6.0,92044,M,,,92
201600038452,16,2,23,1410,1,2,2,1,3.0,92044,M,,,92
201600038453,16,1,5,855,2,2,2,2,6.0,92044,M,,,92
201600038454,16,1,12,858,2,2,1,2,2.0,92044,M,,,92
201600038455,16,3,5,1105,1,2,1,1,1.0,92044,M,,,92
201600038456,16,3,9,758,2,2,1,2,3.0,92044,M,,,92
201600038457,16,3,9,945,1,2,1,1,6.0,92044,M,,,92
201600038458,16,2,5,1300,1,2,2,1,6.0,92044,M,,,92
201600038459,16,3,24,2036,5,2,2,1,3.0,92044,M,,,92
201600038460,16,3,29,1930,1,2,1,1,6.0,92044,M,,,92
201600038461,16,3,30,920,1,2,1,2,7.0,92044,M,,,92
201600038462,16,3,31,855,1,2,1,2,6.0,92044,M,,,92
201600038463,16,4,3,1945,5,2,1,8,2.0,92044,M,,,92
201600038464,16,4,8,1825,1,2,2,1,1.0,92044,M,,,92
201600038465,16,4,12,1945,1,2,1,1,7.0,92044,M,,,92
201600038466,16,4,19,830,1,2,1,1,3.0,92044,M,,,92
201600038467,16,4,22,1945,1,2,1,1,3.0,92044,M,,,92
201600038468,16,4,30,1045,1,2,1,1,3.0,92044,M,,,92
201600038469,16,5,7,2130,2,2,1,1,3.0,92044,M,,,92
201600038470,16,5,10,1020,1,2,2,1,3.0,92044,M,,,92
201600038471,16,5,10,1430,1,2,2,1,3.0,92044,M,,,92
201600038472,16,5,12,1540,1,2,1,2,6.0,92044,M,,,92
201600038473,16,5,12,1800,1,2,1,1,3.0,92044,M,,,92
201600038474,16,5,18,1225,1,2,1,3,3.0,92044,M,,,92
201600038475,16,5,24,915,1,2,1,1,1.0,92044,M,,,92
201600038476,16,5,28,1005,1,2,1,1,6.0,92044,M,,,92
201600038477,16,5,30,1050,1,2,1,1,6.0,92044,M,,,92
201600038478,16,6,1,1535,1,2,2,1,2.0,92044,M,,,92
201600038479,16,6,6,1100,1,2,1,1,2.0,92044,M,,,92
201600038480,16,6,13,15,5,2,1,1,4.0,92044,M,,,92
201600038481,16,6,15,1450,1,2,2,1,3.0,92044,M,,,92
201600038482,16,6,15,1705,1,2,2,1,3.0,92044,M,,,92
201600038483,16,6,18,1850,1,2,1,2,6.0,92044,M,,,92
201600038484,16,6,21,900,1,2,2,1,6.0,92044,M,,,92
201600038485,16,6,29,1210,1,2,1,1,3.0,92044,M,,,92
201600038486,16,7,6,1,5,2,6,1,3.0,92044,M,,,92
201600038487,16,7,8,1630,1,2,1,1,6.0,92044,M,,,92
201600038488,16,7,15,1430,1,2,1,1,6.0,92044,M,,,92
201600038489,16,7,22,1445,1,2,2,1,3.0,92044,M,,,92
201600038490,16,7,28,540,2,2,2,2,3.0,92044,M,,,92
201600038491,16,7,29,1,5,2,2,1,2.0,92044,M,,,92
201600038492,16,8,5,1245,1,2,1,1,6.0,92044,M,,,92
201600038493,16,8,10,2056,1,2,2,1,6.0,92044,M,,,92
201600038494,16,8,17,1715,1,2,2,1,3.0,92044,M,,,92
201600038495,16,8,30,515,5,2,3,1,3.0,92044,M,,,92
201600038496,16,8,29,2000,1,2,2,1,3.0,92044,M,,,92
201600038497,16,9,8,1830,1,2,1,1,6.0,92044,M,,,92
201600038498,16,9,14,1735,1,2,1,1,2.0,92044,M,,,92
201600038499,16,9,23,1640,1,2,1,1,6.0,92044,M,,,92
201600038500,16,9,23,2035,5,2,3,1,6.0,92044,M,,,92
201600038501,16,10,4,1230,1,2,2,1,6.0,92044,M,,,92
201600038502,16,10,6,1355,1,2,2,1,3.0,92044,M,,,92
201600038503,16,10,6,1730,1,2,3,1,3.0,92044,M,,,92
201600038504,16,10,10,1329,1,2,1,1,6.0,92044,M,,,92
201600038505,16,10,14,1900,2,2,2,1,6.0,92044,M,,,92
201600038506,16,10,15,1500,1,2,1,1,6.0,92044,M,,,92
201600038507,16,10,15,2120,5,2,1,1,3.0,92044,M,,,92
201600038508,16,10,18,2155,5,2,2,1,3.0,92044,M,,,92
201600038509,16,10,20,1610,1,2,2,1,3.0,92044,M,,,92
201600038510,16,10,28,1635,1,2,1,1,6.0,92044,M,,,92
201600038511,16,11,1,1650,1,2,1,1,3.0,92044,M,,,92
201600038512,16,11,7,1850,5,2,2,1,6.0,92044,M,,,92
201600038513,16,11,15,815,2,2,3,1,6.0,92044,M,,,92
201600038514,16,11,15,1000,1,2,1,2,6.0,92044,M,,,92
201600038515,16,11,15,1835,5,2,2,1,6.0,92044,M,,,92
201600038516,16,11,18,1830,5,2,1,1,2.0,92044,M,,,92
201600038517,16,11,21,35,5,2,1,1,6.0,92044,M,,,92
201600038518,16,11,24,2305,5,2,1,1,3.0,92044,M,,,92
201600038519,16,11,28,1123,1,2,2,1,6.0,92044,M,,,92
201600038520,16,11,29,1525,1,2,2,1,6.0,92044,M,,,92
201600038521,16,11,30,1349,1,2,2,1,3.0,92044,M,,,92
201600038522,16,12,2,1708,2,2,1,1,2.0,92044,M,,,92
201600038523,16,12,9,1500,1,2,1,1,6.0,92044,M,,,92
201600038524,16,12,10,1935,5,2,2,1,6.0,92044,M,,,92
201600038525,16,12,13,715,5,2,2,2,3.0,92044,M,,,92
201600038526,16,12,13,1000,1,2,4,2,6.0,92044,M,,,92
201600038527,16,12,13,1809,5,2,1,2,6.0,92044,M,,,92
201600038528,16,12,16,420,1,2,1,1,6.0,92044,M,,,92
201600038529,16,12,17,630,5,2,1,1,6.0,92044,M,,,92
201600038530,16,1,1,330,5,2,3,1,6.0,92048,M,,,92
201600038531,16,1,2,1945,5,2,3,2,3.0,92048,M,,,92
201600038532,16,10,22,1705,1,2,2,1,1.0,92048,M,,,92
201600038533,16,10,22,1520,1,2,2,1,6.0,92048,M,,,92
201600038534,16,2,26,2010,1,2,1,1,6.0,92048,M,,,92
201600038535,16,3,4,1010,1,2,3,1,6.0,92048,M,,,92
201600038536,16,3,26,1845,1,2,1,1,6.0,92048,M,,,92
201600038537,16,1,12,1235,1,2,7,2,3.0,92048,M,,,92
201600038538,16,5,18,2300,5,1,1,2,6.0,92048,M,,,92
201600038539,16,8,1,2100,2,2,2,1,3.0,92048,M,,,92
201600038540,16,1,22,410,5,2,3,1,6.0,92048,M,,,92
201600038541,16,10,31,2050,5,2,1,1,6.0,92048,M,,,92
201600038542,16,11,2,2130,5,1,1,1,1.0,92048,M,,,92
201600038543,16,11,5,2340,5,2,1,1,6.0,92048,M,,,92
201600038544,16,1,23,1230,1,2,3,2,6.0,92048,M,,,92
201600038545,16,12,9,2330,5,2,3,1,1.0,92048,M,,,92
201600038546,16,12,17,1855,5,2,3,1,1.0,92048,M,,,92
201600038547,16,12,23,2120,5,2,7,1,6.0,92048,M,,,92
201600038548,16,2,16,1845,5,2,2,1,1.0,92048,M,,,92
201600038549,16,3,12,1115,1,2,1,1,7.0,92048,M,,,92
201600038550,16,3,14,1820,1,2,1,1,6.0,92048,M,,,92
201600038551,16,3,25,1110,1,2,2,1,6.0,92048,M,,,92
201600038552,16,3,31,1730,1,2,1,2,7.0,92048,M,,,92
201600038553,16,4,2,915,1,2,3,1,6.0,92048,M,,,92
201600038554,16,4,4,1340,1,2,3,1,6.0,92048,M,,,92
201600038555,16,4,5,1335,1,2,2,1,1.0,92048,M,,,92
201600038556,16,4,11,1325,1,1,1,1,6.0,92048,M,,,92
201600038557,16,4,26,2245,5,2,1,2,7.0,92048,M,,,92
201600038558,16,4,28,1610,1,2,3,1,3.0,92048,M,,,92
201600038559,16,5,4,1930,1,2,3,1,6.0,92048,M,,,92
201600038560,16,5,10,1020,1,2,6,1,7.0,92048,M,,,92
201600038561,16,5,17,1610,1,2,3,1,6.0,92048,M,,,92
201600038562,16,5,19,1015,1,2,2,2,3.0,92048,M,,,92
201600038563,16,5,20,1930,1,2,1,1,6.0,92048,M,,,92
201600038564,16,6,16,730,1,2,1,1,1.0,92048,M,,,92
201600038565,16,6,17,935,1,2,3,1,6.0,92048,M,,,92
201600038566,16,6,26,1600,1,2,3,1,6.0,92048,M,,,92
201600038567,16,6,27,1405,1,2,1,1,6.0,92048,M,,,92
201600038568,16,6,29,930,1,2,1,1,3.0,92048,M,,,92
201600038569,16,7,28,1510,1,2,7,1,6.0,92048,M,,,92
201600038570,16,8,4,1900,1,2,2,1,7.0,92048,M,,,92
201600038571,16,7,5,900,1,2,4,1,1.0,92048,M,,,92
201600038572,16,8,12,1955,1,2,1,1,2.0,92048,M,,,92
201600038573,16,8,13,2140,1,2,1,1,6.0,92048,M,,,92
201600038574,16,8,20,1835,1,2,3,1,6.0,92048,M,,,92
201600038575,16,8,22,920,1,2,3,1,1.0,92048,M,,,92
201600038576,16,8,28,1600,1,1,2,1,3.0,92048,M,,,92
201600038577,16,8,28,2005,1,2,1,1,6.0,92048,M,,,92
201600038578,16,9,3,1110,1,2,1,1,7.0,92048,M,,,92
201600038579,16,9,12,1715,1,2,1,1,6.0,92048,M,,,92
201600038580,16,9,16,915,1,2,1,1,6.0,92048,M,,,92
201600038581,16,9,29,845,1,2,1,1,6.0,92048,M,,,92
201600038582,16,10,17,1800,5,2,3,1,3.0,92048,M,,,92
201600038583,16,10,27,1500,1,2,3,1,6.0,92048,M,,,92
201600038584,16,11,5,1010,1,2,1,2,7.0,92048,M,,,92
201600038585,16,11,12,1420,1,1,1,2,7.0,92048,M,,,92
201600038586,16,11,16,1830,5,2,1,2,6.0,92048,M,,,92
201600038587,16,12,7,900,1,2,1,1,6.0,92048,M,,,92
201600038588,16,12,9,1900,5,2,1,1,6.0,92048,M,,,92
201600038589,16,12,14,2000,5,2,3,1,6.0,92048,M,,,92
201600038590,16,12,15,1050,1,2,7,1,6.0,92048,M,,,92
201600038591,16,12,15,800,1,2,3,1,6.0,92048,M,,,92
201600038592,16,12,19,1740,5,2,1,1,6.0,92048,M,,,92
201600038593,16,12,20,945,1,2,3,1,6.0,92048,M,,,92
201600038594,16,12,20,2045,5,2,2,1,6.0,92048,M,,,92
201600038595,16,12,21,1020,1,2,3,1,6.0,92048,M,,,92
201600038596,16,12,24,1720,5,2,3,1,3.0,92048,M,,,92
201600038597,16,12,29,1930,5,2,3,1,6.0,92048,M,,,92
201600038598,16,12,29,1540,1,2,3,1,5.0,92048,M,,,92
201600038599,16,1,3,1300,1,2,1,2,3.0,92049,M,,,92
201600038600,16,1,3,1745,5,2,1,2,6.0,92049,M,,,92
201600038601,16,1,8,1005,1,2,1,1,1.0,92049,M,,,92
201600038602,16,1,8,1645,2,2,1,1,6.0,92020,M,,,92
201600038603,16,1,12,803,1,2,1,1,6.0,92049,M,,,92
201600038604,16,1,12,1130,1,2,3,1,3.0,92049,M,,,92
201600038605,16,1,12,1140,1,2,1,1,6.0,92020,M,,,92
201600038606,16,1,13,1050,1,2,1,1,6.0,92020,M,,,92
201600038607,16,1,18,1820,5,2,1,1,6.0,92020,M,,,92
201600038608,16,1,20,1640,1,2,1,1,3.0,92049,M,,,92
201600038609,16,1,30,2050,5,2,1,1,6.0,92020,M,,,92
201600038610,16,1,31,1919,5,2,1,1,7.0,92020,M,,,92
201600038611,16,2,2,1631,1,2,1,2,3.0,92020,M,,,92
201600038612,16,2,3,1737,2,2,1,2,7.0,92049,M,,,92
201600038613,16,2,6,2205,5,2,1,1,3.0,92020,M,,,92
201600038614,16,2,7,1428,1,2,2,1,6.0,92020,M,,,92
201600038615,16,2,7,1630,2,2,3,1,3.0,92020,M,,,92
201600038616,16,2,9,815,1,2,2,2,6.0,92049,M,,,92
201600038617,16,2,9,720,5,1,1,3,6.0,92020,M,,,92
201600038618,16,2,10,1210,1,2,3,1,6.0,92020,M,,,92
201600038619,16,2,13,2215,5,2,1,1,6.0,92049,M,,,92
201600038620,16,2,17,1701,1,2,2,1,5.0,92020,M,,,92
201600038621,16,2,17,2000,5,2,4,1,7.0,92049,M,,,92
201600038622,16,2,22,950,1,2,1,1,6.0,92020,M,,,92
201600038623,16,2,23,2250,5,2,1,1,3.0,92020,M,,,92
201600038624,16,2,27,1845,2,2,1,9,6.0,92049,M,,,92
201600038625,16,3,3,730,1,2,3,1,7.0,92049,M,,,92
201600038626,16,3,3,1400,1,2,2,1,2.0,92049,M,,,92
201600038627,16,3,7,1500,1,2,1,4,4.0,92020,M,,,92
201600038628,16,3,10,1940,5,2,1,1,6.0,92020,M,,,92
201600038629,16,3,13,1740,2,2,1,1,6.0,92020,M,,,92
201600038630,16,3,17,940,1,2,1,1,3.0,92020,M,,,92
201600038631,16,3,22,1000,1,2,8,1,6.0,92020,M,,,92
201600038632,16,3,22,1910,1,2,1,1,3.0,92020,M,,,92
201600038633,16,3,23,2040,2,2,1,1,6.0,92020,M,,,92
201600038634,16,3,28,2120,5,2,6,2,3.0,92020,M,,,92
201600038635,16,3,31,850,1,2,3,3,6.0,92049,M,,,92
201600038636,16,4,2,2120,5,2,1,1,6.0,92020,M,,,92
201600038637,16,4,4,1325,1,2,1,1,6.0,92049,M,,,92
201600038638,16,4,5,1340,1,2,1,1,6.0,92049,M,,,92
201600038639,16,4,6,910,1,2,1,1,6.0,92049,M,,,92
201600038640,16,4,6,1930,1,2,1,1,3.0,92020,M,,,92
201600038641,16,4,7,1250,1,2,1,1,1.0,92049,M,,,92
201600038642,16,4,15,900,1,2,2,1,6.0,92020,M,,,92
201600038643,16,4,14,1615,1,2,1,1,6.0,92049,M,,,92
201600038644,16,4,18,1950,1,2,1,1,3.0,92049,M,,,92
201600038645,16,4,20,1130,1,2,1,1,6.0,92049,M,,,92
201600038646,16,4,22,1900,1,2,2,1,3.0,92049,M,,,92
201600038647,16,4,28,1000,1,2,1,1,6.0,92020,M,,,92
201600038648,16,4,30,1500,1,2,1,1,6.0,92020,M,,,92
201600038649,16,5,11,930,1,2,3,1,3.0,92020,M,,,92
201600038650,16,5,12,1800,1,2,1,1,5.0,92049,M,,,92
201600038651,16,5,13,1220,1,2,9,1,6.0,92020,M,,,92
201600038652,16,5,14,2230,5,2,2,1,3.0,92049,M,,,92
201600038653,16,5,15,1735,1,2,1,1,6.0,92020,M,,,92
201600038654,16,5,17,1540,1,2,1,1,6.0,92049,M,,,92
201600038655,16,5,17,1810,1,2,2,1,6.0,92049,M,,,92
201600038656,16,5,20,800,1,2,1,2,3.0,92049,M,,,92
201600038657,16,5,24,1705,1,2,3,1,3.0,92049,M,,,92
201600038658,16,5,30,815,1,2,1,3,3.0,92049,M,,,92
201600038659,16,5,30,2120,5,2,1,2,6.0,92020,M,,,92
201600038660,16,5,31,1550,1,2,2,2,4.0,92049,M,,,92
201600038661,16,6,2,720,1,2,1,1,6.0,92049,M,,,92
201600038662,16,6,2,900,1,2,1,1,2.0,92049,M,,,92
201600038663,16,6,9,1745,1,2,1,1,3.0,92020,M,,,92
201600038664,16,6,14,740,1,2,2,1,3.0,92020,M,,,92
201600038665,16,6,15,1920,1,2,1,1,6.0,92049,M,,,92
201600038666,16,6,18,1105,1,2,1,1,3.0,92049,M,,,92
201600038667,16,6,23,1030,1,2,3,9,3.0,92049,M,,,92
201600038668,16,6,24,1415,1,2,3,1,5.0,92020,M,,,92
201600038669,16,6,29,1730,1,2,1,1,7.0,92049,M,,,92
201600038670,16,6,30,1120,1,2,1,1,6.0,92049,M,,,92
201600038671,16,7,1,1730,1,2,2,1,3.0,92049,M,,,92
201600038672,16,7,2,2230,2,2,1,1,7.0,92049,M,,,92
201600038673,16,7,2,2240,5,2,2,1,6.0,92020,M,,,92
201600038674,16,7,8,700,1,2,3,1,3.0,92020,M,,,92
201600038675,16,7,13,15,5,2,2,3,6.0,92020,M,,,92
201600038676,16,7,15,1845,1,2,1,1,6.0,92049,M,,,92
201600038677,16,7,18,100,5,2,1,1,6.0,92020,M,,,92
201600038678,16,7,18,1500,1,2,1,1,7.0,92020,M,,,92
201600038679,16,7,21,2015,1,2,1,1,3.0,92020,M,,,92
201600038680,16,7,25,1815,1,2,1,1,2.0,92049,M,,,92
201600038681,16,7,29,2030,1,2,3,1,7.0,92049,M,,,92
201600038682,16,8,1,1715,1,2,1,1,6.0,92020,M,,,92
201600038683,16,8,2,1750,1,2,3,1,3.0,92049,M,,,92
201600038684,16,8,4,2150,5,2,6,2,3.0,92049,M,,,92
201600038685,16,8,6,1110,1,2,3,1,6.0,92049,M,,,92
201600038686,16,8,8,1127,1,2,1,1,6.0,92020,M,,,92
201600038687,16,8,19,1425,1,2,4,2,6.0,92049,M,,,92
201600038688,16,8,25,1450,1,2,2,1,3.0,92020,M,,,92
201600038689,16,8,25,1820,1,2,3,1,6.0,92049,M,,,92
201600038690,16,9,1,1810,1,2,3,1,3.0,92049,M,,,92
201600038691,16,9,1,820,1,2,1,1,6.0,92049,M,,,92
201600038692,16,9,1,830,1,2,3,1,2.0,92049,M,,,92
201600038693,16,9,1,1130,1,2,1,1,6.0,92049,M,,,92
201600038694,16,9,2,1935,1,2,1,1,2.0,92049,M,,,92
201600038695,16,9,3,2325,5,2,3,1,2.0,92049,M,,,92
201600038696,16,9,5,855,1,2,1,2,6.0,92020,M,,,92
201600038697,16,9,11,1555,1,2,1,1,3.0,92049,M,,,92
201600038698,16,9,13,1900,1,2,3,1,6.0,92020,M,,,92
201600038699,16,9,14,900,1,2,3,1,3.0,92020,M,,,92
201600038700,16,9,15,200,5,2,2,2,6.0,92049,M,,,92
201600038701,16,9,17,1645,1,2,3,1,6.0,92049,M,,,92
201600038702,16,9,22,40,5,2,1,1,6.0,92020,M,,,92
201600038703,16,9,24,1015,1,2,1,1,2.0,92049,M,,,92
201600038704,16,9,24,1445,1,2,2,1,6.0,92020,M,,,92
201600038705,16,9,26,1835,1,2,3,1,7.0,92020,M,,,92
201600038706,16,9,28,725,1,2,1,1,6.0,92020,M,,,92
201600038707,16,9,28,1620,1,2,2,1,3.0,92020,M,,,92
201600038708,16,9,29,1650,1,2,2,1,6.0,92020,M,,,92
201600038709,16,9,29,1745,1,2,1,1,3.0,92049,M,,,92
201600038710,16,9,30,2200,5,2,3,1,6.0,92049,M,,,92
201600038711,16,10,1,1950,5,2,2,1,3.0,92049,M,,,92
201600038712,16,10,3,655,2,2,2,1,3.0,92049,M,,,92
201600038713,16,10,3,720,2,2,2,1,3.0,92020,M,,,92
201600038714,16,10,3,905,1,2,1,1,3.0,92020,M,,,92
201600038715,16,10,5,1550,1,2,2,1,3.0,92020,M,,,92
201600038716,16,10,6,805,1,2,2,1,3.0,92049,M,,,92
201600038717,16,10,6,1615,1,2,3,1,6.0,92020,M,,,92
201600038718,16,10,6,1725,1,2,2,1,6.0,92049,M,,,92
201600038719,16,10,8,1610,1,2,1,1,2.0,92020,M,,,92
201600038720,16,10,9,1150,1,2,1,1,7.0,92020,M,,,92
201600038721,16,10,9,1200,1,2,1,1,6.0,92020,M,,,92
201600038722,16,10,10,910,1,2,2,1,3.0,92020,M,,,92
201600038723,16,10,12,1530,1,2,2,1,6.0,92020,M,,,92
201600038724,16,10,13,1910,5,2,2,3,3.0,92049,M,,,92
201600038725,16,10,13,2115,2,2,3,1,6.0,92049,M,,,92
201600038726,16,10,14,1230,1,2,4,1,3.0,92049,M,,,92
201600038727,16,10,14,1810,1,2,3,2,3.0,92020,M,,,92
201600038728,16,10,14,1850,5,2,1,2,6.0,92020,M,,,92
201600038729,16,10,18,1200,1,2,1,8,3.0,92049,M,,,92
201600038730,16,10,18,1350,1,2,1,1,3.0,92049,M,,,92
201600038731,16,10,19,1640,1,2,1,1,3.0,92020,M,,,92
201600038732,16,10,19,2050,5,2,1,1,3.0,92049,M,,,92
201600038733,16,10,20,2230,5,2,2,1,3.0,92020,M,,,92
201600038734,16,10,24,1540,1,2,2,2,2.0,92049,M,,,92
201600038735,16,11,4,1830,5,2,1,1,6.0,92049,M,,,92
201600038736,16,11,4,1915,5,2,1,2,6.0,92049,M,,,92
201600038737,16,11,5,1700,2,2,3,1,3.0,92020,M,,,92
201600038738,16,11,5,1700,2,2,3,1,3.0,92020,M,,,92
201600038739,16,11,11,1545,1,2,3,1,3.0,92020,M,,,92
201600038740,16,11,12,2115,1,2,1,3,7.0,92020,M,,,92
201600038741,16,11,20,1905,5,2,1,1,6.0,92049,M,,,92
201600038742,16,11,22,1310,1,2,2,1,3.0,92049,M,,,92
201600038743,16,11,27,630,5,2,1,1,6.0,92020,M,,,92
201600038744,16,11,27,2100,5,2,2,1,3.0,92020,M,,,92
201600038745,16,11,28,1710,2,2,2,1,3.0,92049,M,,,92
201600038746,16,11,28,1050,1,2,3,1,3.0,92049,M,,,92
201600038747,16,12,1,2139,5,2,2,1,3.0,92020,M,,,92
201600038748,16,12,2,2105,5,2,2,1,3.0,92049,M,,,92
201600038749,16,12,7,1825,5,2,1,1,6.0,92020,M,,,92
201600038750,16,12,8,1535,1,2,1,1,6.0,92049,M,,,92
201600038751,16,12,10,2010,5,2,3,1,3.0,92049,M,,,92
201600038752,16,12,13,820,2,2,1,2,6.0,92020,M,,,92
201600038753,16,12,14,1950,3,2,3,1,3.0,92049,M,,,92
201600038754,16,12,20,850,1,2,1,1,3.0,92049,M,,,92
201600038755,16,12,27,1110,1,2,2,1,3.0,92049,M,,,92
201600038756,16,12,31,1405,1,2,2,1,3.0,92049,M,,,92
201600038757,16,12,31,2000,5,2,1,1,6.0,92020,M,,,92
201600038758,16,1,4,2230,5,2,1,9,6.0,92050,M,,,92
201600038759,16,1,10,1640,1,2,1,2,7.0,92050,M,,,92
201600038760,16,1,17,1910,5,2,1,9,3.0,92050,M,,,92
201600038761,16,1,18,1930,5,2,3,9,6.0,92050,M,,,92
201600038762,16,1,19,1740,5,2,1,1,2.0,92050,M,,,92
201600038763,16,1,22,1230,1,2,1,2,3.0,92050,M,,,92
201600038764,16,1,28,1630,1,2,1,9,2.0,92050,M,,,92
201600038765,16,2,1,1230,1,2,1,9,6.0,92050,M,,,92
201600038766,16,2,2,1835,5,2,3,9,3.0,92050,M,,,92
201600038767,16,2,3,930,1,2,1,1,6.0,92050,M,,,92
201600038768,16,2,6,1110,1,2,1,8,2.0,92050,M,,,92
201600038769,16,11,4,900,1,2,1,2,6.0,92050,M,,,92
201600038770,16,1,26,1550,1,2,1,8,3.0,92050,M,,,92
201600038771,16,2,10,850,1,2,1,1,6.0,92050,M,,,92
201600038772,16,2,11,935,1,2,1,1,6.0,92050,M,,,92
201600038773,16,2,12,1530,1,2,1,2,2.0,92050,M,,,92
201600038774,16,2,11,1830,1,2,1,1,6.0,92050,M,,,92
201600038775,16,2,12,2032,5,2,2,1,6.0,92050,M,,,92
201600038776,16,2,15,1245,1,2,1,1,2.0,92050,M,,,92
201600038777,16,2,17,1230,1,2,1,1,6.0,92050,M,,,92
201600038778,16,2,16,1840,5,2,1,1,2.0,92050,M,,,92
201600038779,16,2,18,2238,5,2,2,1,3.0,92050,M,,,92
201600038780,16,2,21,20,5,2,1,1,4.0,92050,M,,,92
201600038781,16,2,27,2025,5,2,1,1,6.0,92050,M,,,92
201600038782,16,2,25,2320,5,2,1,1,3.0,92050,M,,,92
201600038783,16,2,25,1225,1,2,2,1,3.0,92050,M,,,92
201600038784,16,2,22,1535,1,2,1,2,6.0,92050,M,,,92
201600038785,16,2,22,2130,5,2,2,2,3.0,92050,M,,,92
201600038786,16,3,2,1000,1,2,2,1,2.0,92050,M,,,92
201600038787,16,3,6,2000,5,2,1,9,3.0,92050,M,,,92
201600038788,16,3,8,1600,1,2,1,1,2.0,92050,M,,,92
201600038789,16,3,12,1000,1,2,2,1,6.0,92050,M,,,92
201600038790,16,3,17,1510,1,2,1,1,6.0,92050,M,,,92
201600038791,16,3,19,1920,5,2,1,1,3.0,92050,M,,,92
201600038792,16,3,21,1645,1,2,1,1,6.0,92050,M,,,92
201600038793,16,3,27,100,5,2,6,3,1.0,92050,M,,,92
201600038794,16,3,30,1600,1,2,1,2,7.0,92050,M,,,92
201600038795,16,3,31,2005,1,2,3,2,6.0,92050,M,,,92
201600038796,16,4,1,1830,1,2,1,1,3.0,92050,M,,,92
201600038797,16,4,2,815,1,2,1,1,6.0,92050,M,,,92
201600038798,16,4,2,1450,1,2,3,1,3.0,92050,M,,,92
201600038799,16,4,7,850,1,2,2,1,6.0,92050,M,,,92
201600038800,16,4,9,620,2,2,1,1,3.0,92050,M,,,92
201600038801,16,4,19,305,5,2,1,1,6.0,92050,M,,,92
201600038802,16,4,15,1930,1,2,1,1,6.0,92050,M,,,92
201600038803,16,4,19,900,1,2,1,1,6.0,92050,M,,,92
201600038804,16,4,19,930,1,2,3,7,1.0,92050,M,,,92
201600038805,16,4,27,1310,1,2,1,1,2.0,92050,M,,,92
201600038806,16,4,28,825,1,2,1,1,3.0,92050,M,,,92
201600038807,16,4,30,1845,1,2,1,1,1.0,92050,M,,,92
201600038808,16,5,5,1600,1,2,1,1,7.0,92050,M,,,92
201600038809,16,5,9,1833,1,2,1,1,6.0,92050,M,,,92
201600038810,16,5,9,1445,1,2,1,1,7.0,92050,M,,,92
201600038811,16,5,11,1248,1,2,1,1,2.0,92050,M,,,92
201600038812,16,5,12,1215,1,2,2,1,6.0,92050,M,,,92
201600038813,16,2,25,1,5,2,1,1,6.0,92050,M,,,92
201600038814,16,5,13,1050,1,2,3,1,3.0,92050,M,,,92
201600038815,16,5,19,1905,1,2,1,1,6.0,92050,M,,,92
201600038816,16,5,20,1905,1,2,1,1,6.0,92050,M,,,92
201600038817,16,5,21,1410,1,2,1,1,6.0,92050,M,,,92
201600038818,16,5,23,650,2,2,2,2,1.0,92050,M,,,92
201600038819,16,5,23,1830,1,2,2,1,3.0,92050,M,,,92
201600038820,16,5,29,2205,5,2,1,2,6.0,92050,M,,,92
201600038821,16,5,30,835,1,2,1,2,6.0,92050,M,,,92
201600038822,16,5,30,1225,1,2,3,9,6.0,92050,M,,,92
201600038823,16,6,2,1700,1,2,1,8,6.0,92050,M,,,92
201600038824,16,6,3,1215,1,2,1,1,2.0,92050,M,,,92
201600038825,16,6,3,1630,1,2,1,2,6.0,92050,M,,,92
201600038826,16,6,6,1000,1,2,3,1,3.0,92050,M,,,92
201600038827,16,6,8,1650,1,2,1,1,6.0,92050,M,,,92
201600038828,16,6,11,1600,1,2,2,1,3.0,92050,M,,,92
201600038829,16,6,13,920,1,2,1,1,3.0,92050,M,,,92
201600038830,16,6,13,2010,1,2,2,1,3.0,92050,M,,,92
201600038831,16,6,16,1600,1,2,1,2,3.0,92050,M,,,92
201600038832,16,6,15,1930,1,2,1,1,6.0,92050,M,,,92
201600038833,16,6,17,1430,1,2,1,1,2.0,92050,M,,,92
201600038834,16,6,21,1900,1,2,1,9,7.0,92050,M,,,92
201600038835,16,6,24,1640,1,2,1,1,5.0,92050,M,,,92