Num_Acc,an,mois,jour,hrmn,lum,agg,int,atm,col,com,gps,lat,long,dep
201600038836,16,6,27,1650,1,2,1,2,6.0,92050,M,,,92
201600038837,16,6,28,930,1,2,3,1,6.0,92050,M,,,92
201600038838,16,6,28,1400,1,2,1,1,6.0,92050,M,,,92
201600038839,16,6,29,1730,1,2,6,1,5.0,92050,M,,,92
201600038840,16,6,30,1900,1,2,1,1,3.0,92050,M,,,92
201600038841,16,7,1,1520,1,2,2,1,3.0,92050,M,,,92
201600038842,16,7,3,2045,1,2,1,2,7.0,92050,M,,,92
201600038843,16,7,4,1200,1,2,1,9,6.0,92050,M,,,92
201600038844,16,7,4,1820,1,2,2,8,2.0,92050,M,,,92
201600038845,16,7,5,1900,1,2,1,1,3.0,92050,M,,,92
201600038846,16,7,7,1515,1,2,6,7,3.0,92050,M,,,92
201600038847,16,7,7,2050,1,2,3,1,2.0,92050,M,,,92
201600038848,16,7,10,2355,5,2,2,1,3.0,92050,M,,,92
201600038849,16,7,8,2000,1,2,3,1,3.0,92050,M,,,92
201600038850,16,7,14,2050,1,2,3,1,3.0,92050,M,,,92
201600038851,16,7,17,2040,1,2,1,1,3.0,92050,M,,,92
201600038852,16,7,8,2220,1,2,1,1,7.0,92050,M,,,92
201600038853,16,7,20,800,1,2,3,1,6.0,92050,M,,,92
201600038854,16,7,23,2225,5,2,3,1,3.0,92050,M,,,92
201600038855,16,7,26,130,5,2,1,1,7.0,92050,M,,,92
201600038856,16,8,3,1610,1,2,1,1,6.0,92050,M,,,92
201600038857,16,8,7,300,3,2,1,1,1.0,92050,M,,,92
201600038858,16,8,9,1650,1,2,3,1,1.0,92050,M,,,92
201600038859,16,8,11,1325,1,2,1,1,3.0,92050,M,,,92
201600038860,16,8,12,1420,1,2,1,1,7.0,92050,M,,,92
201600038861,16,8,14,1840,1,2,1,1,6.0,92050,M,,,92
201600038862,16,8,17,905,1,2,1,1,6.0,92050,M,,,92
201600038863,16,8,16,1300,1,2,1,1,6.0,92050,M,,,92
201600038864,16,8,18,1130,1,2,1,8,3.0,92050,M,,,92
201600038865,16,8,21,1430,1,2,4,2,3.0,92050,M,,,92
201600038866,16,8,22,815,1,2,1,1,6.0,92050,M,,,92
201600038867,16,8,25,1740,1,2,3,1,6.0,92050,M,,,92
201600038868,16,8,23,1715,1,2,1,1,1.0,92050,M,,,92
201600038869,16,9,5,930,1,2,1,1,3.0,92050,M,,,92
201600038870,16,9,9,1815,1,2,1,1,6.0,92050,M,,,92
201600038871,16,9,15,2015,1,2,3,1,3.0,92050,M,,,92
201600038872,16,9,16,1920,1,2,1,3,7.0,92050,M,,,92
201600038873,16,9,16,1620,1,2,1,1,2.0,92050,M,,,92
201600038874,16,9,24,1600,1,2,1,1,6.0,92050,M,,,92
201600038875,16,9,26,250,1,2,1,1,6.0,92050,M,,,92
201600038876,16,9,24,1535,1,2,9,1,4.0,92050,M,,,92
201600038877,16,9,25,1720,1,2,2,1,6.0,92050,M,,,92
201600038878,16,10,1,1415,1,2,1,1,1.0,92050,M,,,92
201600038879,16,10,3,1015,1,2,1,1,7.0,92050,M,,,92
201600038880,16,10,4,1705,1,2,1,1,3.0,92050,M,,,92
201600038881,16,10,6,1610,1,2,3,1,3.0,92050,M,,,92
201600038882,16,10,10,1750,1,2,1,2,6.0,92050,M,,,92
201600038883,16,10,12,950,1,2,1,1,3.0,92050,M,,,92
201600038884,16,10,13,840,1,2,1,1,7.0,92050,M,,,92
201600038885,16,10,15,1220,1,2,1,1,3.0,92050,M,,,92
201600038886,16,10,17,1520,1,2,1,1,3.0,92050,M,,,92
201600038887,16,10,18,1400,1,2,1,1,3.0,92050,M,,,92
201600038888,16,10,13,1600,1,1,1,1,2.0,92050,M,,,92
201600038889,16,10,25,905,1,2,2,1,3.0,92050,M,,,92
201600038890,16,10,28,1725,1,2,1,1,6.0,92050,M,,,92
201600038891,16,11,1,1630,1,2,1,1,5.0,92050,M,,,92
201600038892,16,10,30,150,5,2,1,1,6.0,92050,M,,,92
201600038893,16,11,2,955,1,2,2,1,1.0,92050,M,,,92
201600038894,16,11,2,1620,1,2,1,7,6.0,92050,M,,,92
201600038895,16,11,9,1145,1,2,1,2,2.0,92050,M,,,92
201600038896,16,11,9,2000,5,2,2,2,1.0,92050,M,,,92
201600038897,16,11,16,1800,5,2,1,2,3.0,92050,M,,,92
201600038898,16,11,19,2025,5,2,1,1,3.0,92050,M,,,92
201600038899,16,11,22,1745,5,2,1,1,6.0,92050,M,,,92
201600038900,16,11,23,815,1,2,1,2,6.0,92050,M,,,92
201600038901,16,11,24,755,2,2,3,1,1.0,92050,M,,,92
201600038902,16,11,25,825,2,2,1,1,6.0,92050,M,,,92
201600038903,16,11,30,2030,5,2,1,9,3.0,92050,M,,,92
201600038904,16,12,2,1130,1,2,2,8,5.0,92050,M,,,92
201600038905,16,12,7,2100,5,2,1,1,7.0,92050,M,,,92
201600038906,16,12,6,1910,5,2,1,9,6.0,92050,M,,,92
201600038907,16,12,9,2200,5,2,2,1,6.0,92050,M,,,92
201600038908,16,12,14,2120,5,2,1,1,6.0,92050,M,,,92
201600038909,16,12,19,1540,1,2,1,1,1.0,92050,M,,,92
201600038910,16,12,16,1620,1,2,1,1,1.0,92050,M,,,92
201600038911,16,12,26,1525,1,2,1,1,6.0,92050,M,,,92
201600038912,16,12,12,850,1,2,1,8,7.0,92050,M,,,92
201600038913,16,12,10,1250,1,2,1,1,1.0,92051,M,,,92
201600038914,16,12,13,1430,1,2,1,8,3.0,92051,M,,,92
201600038915,16,1,13,2010,5,2,7,1,3.0,92051,M,,,92
201600038916,16,1,13,2030,5,2,2,2,6.0,92051,M,,,92
201600038917,16,11,16,1140,1,2,1,1,5.0,92051,M,,,92
201600038918,16,11,18,1135,1,1,1,1,2.0,92051,M,,,92
201600038919,16,11,29,1930,5,2,2,1,6.0,92051,M,,,92
201600038920,16,1,16,1420,1,2,1,1,6.0,92051,M,,,92
201600038921,16,1,10,1850,5,2,1,1,3.0,92051,M,,,92
201600038922,16,1,25,2353,5,2,1,1,7.0,92051,M,,,92
201600038923,16,12,15,1615,1,2,1,1,1.0,92051,M,,,92
201600038924,16,12,3,1715,5,2,1,1,6.0,92051,M,,,92
201600038925,16,12,12,1855,5,2,1,2,6.0,92051,M,,,92
201600038926,16,2,2,2000,5,2,1,1,3.0,92051,M,,,92
201600038927,16,1,28,1905,5,2,3,1,1.0,92051,M,,,92
201600038928,16,1,26,820,1,2,1,1,3.0,92051,M,,,92
201600038929,16,1,14,1430,1,2,1,3,6.0,92051,M,,,92
201600038930,16,2,1,825,1,2,1,1,6.0,92051,M,,,92
201600038931,16,1,30,1535,1,2,1,3,6.0,92051,M,,,92
201600038932,16,2,10,1245,1,2,1,1,3.0,92051,M,,,92
201600038933,16,2,12,1000,1,2,1,2,2.0,92051,M,,,92
201600038934,16,2,17,1625,1,2,1,1,7.0,92051,M,,,92
201600038935,16,2,11,1515,1,2,1,8,6.0,92051,M,,,92
201600038936,16,1,14,1900,5,2,1,2,6.0,92051,M,,,92
201600038937,16,2,19,1705,1,2,1,1,2.0,92051,M,,,92
201600038938,16,2,12,930,1,2,1,2,3.0,92051,M,,,92
201600038939,16,2,18,930,1,2,1,1,2.0,92051,M,,,92
201600038940,16,2,27,20,5,2,2,1,3.0,92051,M,,,92
201600038941,16,3,1,1625,1,2,6,3,6.0,92051,M,,,92
201600038942,16,3,4,2025,5,2,2,3,3.0,92051,M,,,92
201600038943,16,3,8,935,1,2,1,1,6.0,92051,M,,,92
201600038944,16,3,9,745,1,2,2,2,3.0,92051,M,,,92
201600038945,16,3,17,1445,1,2,2,1,6.0,92051,M,,,92
201600038946,16,3,18,1310,1,2,1,1,6.0,92051,M,,,92
201600038947,16,3,20,1620,1,2,1,1,2.0,92051,M,,,92
201600038948,16,3,16,2050,5,2,1,1,6.0,92051,M,,,92
201600038949,16,4,3,2245,5,2,3,2,3.0,92051,M,,,92
201600038950,16,4,4,1600,1,2,2,1,6.0,92051,M,,,92
201600038951,16,4,5,1300,1,2,1,1,6.0,92051,M,,,92
201600038952,16,4,6,1050,1,2,1,1,6.0,92051,M,,,92
201600038953,16,4,6,2310,5,2,2,1,3.0,92051,M,,,92
201600038954,16,4,4,1545,1,2,1,1,5.0,92051,M,,,92
201600038955,16,4,13,240,5,2,1,1,3.0,92051,M,,,92
201600038956,16,3,30,1730,1,2,1,2,6.0,92051,M,,,92
201600038957,16,4,10,2230,5,2,1,1,6.0,92051,M,,,92
201600038958,16,4,25,940,1,2,1,1,2.0,92051,M,,,92
201600038959,16,4,25,940,1,2,1,1,2.0,92051,M,,,92
201600038960,16,4,11,2015,2,2,1,1,3.0,92051,M,,,92
201600038961,16,4,15,1316,1,2,1,1,6.0,92051,M,,,92
201600038962,16,4,19,2130,5,2,1,1,2.0,92051,M,,,92
201600038963,16,5,4,45,5,2,1,1,6.0,92051,M,,,92
201600038964,16,5,6,650,1,2,3,1,3.0,92051,M,,,92
201600038965,16,5,2,940,1,2,1,1,3.0,92051,M,,,92
201600038966,16,4,26,2150,5,2,2,1,3.0,92051,M,,,92
201600038967,16,3,29,1920,1,2,1,2,5.0,92051,M,,,92
201600038968,16,5,19,205,5,2,1,3,2.0,92051,M,,,92
201600038969,16,5,19,1005,1,2,2,2,3.0,92051,M,,,92
201600038970,16,5,19,1905,1,2,1,1,2.0,92051,M,,,92
201600038971,16,5,24,1250,1,2,1,1,2.0,92051,M,,,92
201600038972,16,5,13,925,1,2,1,8,6.0,92051,M,,,92
201600038973,16,5,8,2320,5,2,1,1,3.0,92051,M,,,92
201600038974,16,4,27,1145,1,2,1,2,6.0,92051,M,,,92
201600038975,16,6,2,815,1,2,1,2,5.0,92051,M,,,92
201600038976,16,6,2,1400,1,2,3,8,6.0,92051,M,,,92
201600038977,16,6,10,945,1,2,2,1,3.0,92051,M,,,92
201600038978,16,6,14,1920,1,2,2,2,6.0,92051,M,,,92
201600038979,16,6,19,424,5,2,1,1,6.0,92051,M,,,92
201600038980,16,6,21,1745,1,2,1,8,2.0,92051,M,,,92
201600038981,16,6,23,950,1,2,1,1,6.0,92051,M,,,92
201600038982,16,5,3,1440,1,2,1,1,3.0,92051,M,,,92
201600038983,16,5,3,1610,1,2,1,1,3.0,92051,M,,,92
201600038984,16,5,4,1000,1,2,1,1,2.0,92051,M,,,92
201600038985,16,5,12,1710,1,2,3,1,6.0,92051,M,,,92
201600038986,16,6,28,1435,1,2,1,1,6.0,92051,M,,,92
201600038987,16,6,25,1145,1,2,1,1,3.0,92051,M,,,92
201600038988,16,7,2,225,5,2,1,1,6.0,92051,M,,,92
201600038989,16,7,6,756,1,2,1,1,6.0,92051,M,,,92
201600038990,16,7,8,820,5,2,1,1,2.0,92051,M,,,92
201600038991,16,7,12,1250,1,2,3,1,3.0,92051,M,,,92
201600038992,16,7,8,2050,1,2,1,1,3.0,92051,M,,,92
201600038993,16,7,20,155,5,2,1,1,2.0,92051,M,,,92
201600038994,16,5,21,1100,1,2,1,1,3.0,92051,M,,,92
201600038995,16,5,31,915,1,2,3,3,3.0,92051,M,,,92
201600038996,16,7,23,2000,1,2,2,1,6.0,92051,M,,,92
201600038997,16,7,26,1740,1,2,6,1,6.0,92051,M,,,92
201600038998,16,8,14,1740,1,2,1,7,6.0,92051,M,,,92
201600038999,16,8,14,2300,5,2,1,1,3.0,92051,M,,,92
201600039000,16,8,24,1520,1,2,1,7,6.0,92051,M,,,92
201600039001,16,9,2,115,5,2,2,1,6.0,92051,M,,,92
201600039002,16,6,16,2010,1,2,1,1,2.0,92051,M,,,92
201600039003,16,6,17,1400,1,2,3,1,3.0,92051,M,,,92
201600039004,16,6,19,2200,5,2,3,1,3.0,92051,M,,,92
201600039005,16,7,20,1405,1,2,1,1,6.0,92051,M,,,92
201600039006,16,7,28,440,5,2,2,2,6.0,92051,M,,,92
201600039007,16,8,2,635,1,2,1,2,5.0,92051,M,,,92
201600039008,16,8,12,1230,1,2,1,1,6.0,92051,M,,,92
201600039009,16,9,11,250,5,2,1,1,2.0,92051,M,,,92
201600039010,16,8,17,1915,1,2,1,1,4.0,92051,M,,,92
201600039011,16,8,2,930,1,2,1,2,7.0,92051,M,,,92
201600039012,16,9,8,1100,1,2,1,1,6.0,92051,M,,,92
201600039013,16,9,18,1950,5,2,1,2,5.0,92051,M,,,92
201600039014,16,9,29,30,5,2,1,1,2.0,92051,M,,,92
201600039015,16,10,4,934,1,2,1,1,6.0,92051,M,,,92
201600039016,16,9,25,2225,5,2,4,1,3.0,92051,M,,,92
201600039017,16,9,27,1215,1,2,1,1,2.0,92051,M,,,92
201600039018,16,9,28,750,1,2,1,1,6.0,92051,M,,,92
201600039019,16,9,30,1640,1,2,1,2,3.0,92051,M,,,92
201600039020,16,9,13,1130,1,2,1,1,6.0,92051,M,,,92
201600039021,16,10,19,535,5,2,1,1,6.0,92051,M,,,92
201600039022,16,9,4,2030,1,2,1,1,3.0,92051,M,,,92
201600039023,16,11,1,115,5,2,1,1,2.0,92051,M,,,92
201600039024,16,10,30,1145,1,2,1,1,3.0,92051,M,,,92
201600039025,16,11,9,1850,5,2,1,1,6.0,92051,M,,,92
201600039026,16,11,11,200,5,2,1,2,2.0,92051,M,,,92
201600039027,16,11,8,1725,5,2,1,1,6.0,92051,M,,,92
201600039028,16,11,13,645,5,2,1,2,6.0,92051,M,,,92
201600039029,16,11,2,1350,1,2,1,1,2.0,92051,M,,,92
201600039030,16,11,18,1750,5,2,9,1,3.0,92051,M,,,92
201600039031,16,12,3,1445,1,2,1,1,6.0,92051,M,,,92
201600039032,16,11,24,1215,1,2,1,9,3.0,92051,M,,,92
201600039033,16,10,4,2010,5,2,1,1,3.0,92051,M,,,92
201600039034,16,10,15,1815,2,2,1,1,6.0,92051,M,,,92
201600039035,16,10,16,1550,1,2,1,1,6.0,92051,M,,,92
201600039036,16,12,24,600,5,2,1,1,2.0,92051,M,,,92
201600039037,16,1,2,1950,5,2,3,1,3.0,92062,M,,,92
201600039038,16,1,15,1817,5,2,3,1,3.0,92062,M,,,92
201600039039,16,1,16,1720,5,2,1,1,3.0,92062,M,,,92
201600039040,16,1,22,855,2,2,1,1,5.0,92062,M,,,92
201600039041,16,1,22,850,1,2,3,8,3.0,92062,M,,,92
201600039042,16,1,22,1730,2,2,1,8,5.0,92062,M,,,92
201600039043,16,12,29,1620,2,2,3,1,6.0,92062,M,,,92
201600039044,16,2,17,340,5,2,3,1,7.0,92062,M,,,92
201600039045,16,2,22,1230,1,2,1,1,3.0,92062,M,,,92
201600039046,16,2,22,1415,1,2,1,1,6.0,92062,M,,,92
201600039047,16,2,28,1520,1,2,3,1,2.0,92062,M,,,92
201600039048,16,3,1,30,5,2,3,1,6.0,92062,M,,,92
201600039049,16,3,7,1928,5,2,1,2,5.0,92062,M,,,92
201600039050,16,3,9,15,5,2,3,1,7.0,92062,M,,,92
201600039051,16,3,12,750,2,2,1,1,6.0,92062,M,,,92
201600039052,16,3,21,2030,5,2,1,1,3.0,92062,M,,,92
201600039053,16,3,30,1825,2,2,3,3,3.0,92062,M,,,92
201600039054,16,4,1,1900,5,2,1,1,6.0,92062,M,,,92
201600039055,16,4,5,1905,1,2,3,1,3.0,92062,M,,,92
201600039056,16,4,8,1810,1,2,3,2,3.0,92062,M,,,92
201600039057,16,4,9,2000,2,2,3,2,3.0,92062,M,,,92
201600039058,16,4,13,1600,1,2,3,1,6.0,92062,M,,,92
201600039059,16,4,15,1940,2,2,1,1,3.0,92062,M,,,92
201600039060,16,4,21,1710,1,2,3,8,3.0,92062,M,,,92
201600039061,16,4,18,1830,1,2,1,8,6.0,92062,M,,,92
201600039062,16,4,28,920,1,2,1,1,5.0,92062,M,,,92
201600039063,16,5,17,900,1,2,3,1,6.0,92062,M,,,92
201600039064,16,5,14,1430,1,2,3,1,3.0,92062,M,,,92
201600039065,16,5,20,1910,1,2,3,1,6.0,92062,M,,,92
201600039066,16,5,22,710,2,2,1,2,6.0,92062,M,,,92
201600039067,16,5,24,1640,1,2,3,8,7.0,92062,M,,,92
201600039068,16,6,7,1000,1,2,1,1,2.0,92062,M,,,92
201600039069,16,6,9,1605,1,2,2,1,5.0,92062,M,,,92
201600039070,16,6,16,1527,1,2,1,1,6.0,92062,M,,,92
201600039071,16,6,19,1230,1,2,1,1,2.0,92062,M,,,92
201600039072,16,6,23,1352,1,2,3,1,2.0,92062,M,,,92
201600039073,16,6,24,1645,1,2,3,1,6.0,92062,M,,,92
201600039074,16,7,6,2000,1,2,6,1,2.0,92062,M,,,92
201600039075,16,7,7,1000,1,2,3,7,2.0,92062,M,,,92
201600039076,16,7,8,2045,1,2,3,1,3.0,92062,M,,,92
201600039077,16,7,12,1520,1,2,1,2,7.0,92062,M,,,92
201600039078,16,7,14,2005,2,2,2,1,2.0,92062,M,,,92
201600039079,16,8,31,1915,1,2,1,1,4.0,92062,M,,,92
201600039080,16,9,1,1540,1,2,9,1,7.0,92062,M,,,92
201600039081,16,9,5,930,1,2,1,2,2.0,92062,M,,,92
201600039082,16,9,21,1140,1,2,2,1,6.0,92062,M,,,92
201600039083,16,9,28,1315,1,2,3,1,2.0,92062,M,,,92
201600039084,16,10,8,2010,5,2,2,1,6.0,92062,M,,,92
201600039085,16,10,9,2030,5,2,1,1,2.0,92062,M,,,92
201600039086,16,10,11,1810,1,2,2,1,2.0,92062,M,,,92
201600039087,16,10,19,1515,1,2,1,2,2.0,92062,M,,,92
201600039088,16,10,20,2045,4,2,1,2,7.0,92062,M,,,92
201600039089,16,10,29,2130,5,2,1,1,6.0,92062,M,,,92
201600039090,16,6,28,820,1,2,1,1,2.0,92062,M,,,92
201600039091,16,11,16,1030,1,2,3,1,3.0,92062,M,,,92
201600039092,16,11,17,1017,1,1,1,1,6.0,92062,M,,,92
201600039093,16,11,19,1650,2,2,1,2,2.0,92062,M,,,92
201600039094,16,12,14,1900,5,2,3,1,3.0,92062,M,,,92
201600039095,16,1,1,1430,1,2,3,1,3.0,92063,M,,,92
201600039096,16,1,13,1725,2,2,1,1,7.0,92063,M,,,92
201600039097,16,1,13,1730,2,2,1,1,7.0,92063,M,,,92
201600039098,16,1,15,1555,1,2,1,1,6.0,92063,M,,,92
201600039099,16,1,16,1735,2,2,1,1,6.0,92063,M,,,92
201600039100,16,1,20,2010,5,2,3,1,3.0,92063,M,,,92
201600039101,16,1,21,2025,5,2,3,1,2.0,92063,M,,,92
201600039102,16,1,28,1750,2,2,1,1,6.0,92063,M,,,92
201600039103,16,2,3,1830,5,2,1,1,4.0,92063,M,,,92
201600039104,16,2,10,930,1,2,1,1,3.0,92063,M,,,92
201600039105,16,2,10,1015,1,2,2,1,2.0,92063,M,,,92
201600039106,16,2,11,1513,1,2,1,3,6.0,92063,M,,,92
201600039107,16,2,11,1520,1,2,1,1,2.0,92063,M,,,92
201600039108,16,2,12,855,1,2,1,1,7.0,92063,M,,,92
201600039109,16,2,12,1425,1,2,3,2,2.0,92063,M,,,92
201600039110,16,2,19,1925,5,2,2,1,3.0,92063,M,,,92
201600039111,16,2,25,1145,1,2,1,1,6.0,92063,M,,,92
201600039112,16,3,2,1745,1,2,5,2,7.0,92063,M,,,92
201600039113,16,3,7,1720,1,2,1,1,6.0,92063,M,,,92
201600039114,16,3,8,820,1,2,6,1,3.0,92063,M,,,92
201600039115,16,3,13,1450,1,2,1,1,7.0,92063,M,,,92
201600039116,16,3,20,1212,1,2,2,1,3.0,92063,M,,,92
201600039117,16,3,21,1325,1,2,1,1,6.0,92063,M,,,92
201600039118,16,3,23,2010,2,2,2,1,3.0,92063,M,,,92
201600039119,16,3,24,740,2,2,3,1,7.0,92063,M,,,92
201600039120,16,3,30,1250,1,2,1,2,6.0,92063,M,,,92
201600039121,16,4,4,1510,1,2,2,1,1.0,92063,M,,,92
201600039122,16,4,11,1230,1,2,1,2,6.0,92063,M,,,92
201600039123,16,4,11,1635,1,2,2,1,6.0,92063,M,,,92
201600039124,16,4,12,1240,1,2,3,1,6.0,92063,M,,,92
201600039125,16,4,14,1005,1,2,3,1,3.0,92063,M,,,92
201600039126,16,4,16,2015,2,2,1,1,6.0,92063,M,,,92
201600039127,16,4,18,1715,1,2,1,1,3.0,92063,M,,,92
201600039128,16,4,22,1645,1,2,1,1,6.0,92063,M,,,92
201600039129,16,4,24,730,1,2,1,1,7.0,92063,M,,,92
201600039130,16,4,27,1830,1,2,1,8,3.0,92063,M,,,92
201600039131,16,5,1,2020,1,2,3,1,3.0,92063,M,,,92
201600039132,16,5,3,1600,1,2,1,1,6.0,92063,M,,,92
201600039133,16,5,5,1910,1,2,6,1,3.0,92063,M,,,92
201600039134,16,5,9,1040,1,2,3,1,6.0,92063,M,,,92
201600039135,16,5,18,1530,1,2,1,1,3.0,92063,M,,,92
201600039136,16,5,24,805,1,2,1,1,2.0,92063,M,,,92
201600039137,16,5,25,1715,1,2,1,1,6.0,92063,M,,,92
201600039138,16,5,25,2150,2,2,2,1,3.0,92063,M,,,92
201600039139,16,6,3,1835,1,2,3,1,1.0,92063,M,,,92
201600039140,16,6,4,2020,1,2,1,1,6.0,92063,M,,,92
201600039141,16,6,8,1145,1,2,1,1,6.0,92063,M,,,92
201600039142,16,6,11,2200,5,2,1,1,3.0,92063,M,,,92
201600039143,16,6,16,1840,1,2,1,2,7.0,92063,M,,,92
201600039144,16,6,25,1220,1,2,2,1,3.0,92063,M,,,92
201600039145,16,6,27,1630,1,2,1,1,3.0,92063,M,,,92
201600039146,16,7,4,2140,5,2,2,1,7.0,92063,M,,,92
201600039147,16,7,9,1420,1,2,3,1,6.0,92063,M,,,92
201600039148,16,7,13,930,1,2,1,1,7.0,92063,M,,,92
201600039149,16,7,16,930,1,2,1,1,7.0,92063,M,,,92
201600039150,16,7,20,1730,1,2,1,1,4.0,92063,M,,,92
201600039151,16,7,30,2020,1,2,6,1,7.0,92063,M,,,92
201600039152,16,8,11,1040,1,2,1,1,3.0,92063,M,,,92
201600039153,16,8,24,650,1,2,1,1,7.0,92063,M,,,92
201600039154,16,9,1,945,1,2,3,1,3.0,92063,M,,,92
201600039155,16,9,1,1120,1,2,1,1,6.0,92063,M,,,92
201600039156,16,9,5,1035,1,2,3,2,6.0,92063,M,,,92
201600039157,16,9,26,1615,1,2,1,1,3.0,92063,M,,,92
201600039158,16,9,8,1110,1,2,2,1,3.0,92063,M,,,92
201600039159,16,9,10,1800,1,2,1,1,2.0,92063,M,,,92
201600039160,16,9,11,1850,1,2,1,1,6.0,92063,M,,,92
201600039161,16,9,12,1720,1,2,1,1,6.0,92063,M,,,92
201600039162,16,9,13,1425,1,2,1,1,6.0,92063,M,,,92
201600039163,16,9,17,2355,5,2,1,1,6.0,92063,M,,,92
201600039164,16,9,19,905,1,2,1,1,2.0,92063,M,,,92
201600039165,16,9,22,745,2,2,1,1,6.0,92063,M,,,92
201600039166,16,9,26,1250,1,2,1,1,2.0,92063,M,,,92
201600039167,16,9,27,845,1,2,1,1,7.0,92063,M,,,92
201600039168,16,9,27,845,1,2,1,1,7.0,92063,M,,,92
201600039169,16,9,28,1345,1,2,1,1,4.0,92063,M,,,92
201600039170,16,10,4,850,1,2,3,1,5.0,92063,M,,,92
201600039171,16,10,7,1350,1,2,2,1,6.0,92063,M,,,92
201600039172,16,10,16,1230,1,2,1,1,3.0,92063,M,,,92
201600039173,16,10,17,1300,1,2,1,1,6.0,92063,M,,,92
201600039174,16,10,28,1805,2,2,2,1,3.0,92063,M,,,92
201600039175,16,11,2,1045,1,2,3,1,6.0,92063,M,,,92
201600039176,16,11,7,1740,4,2,1,2,6.0,92063,M,,,92
201600039177,16,11,9,810,2,2,3,2,6.0,92063,M,,,92
201600039178,16,11,12,1920,5,2,1,2,3.0,92063,M,,,92
201600039179,16,11,17,925,1,2,2,1,6.0,92063,M,,,92
201600039180,16,11,18,830,1,2,2,1,6.0,92063,M,,,92
201600039181,16,11,22,935,1,2,1,1,3.0,92063,M,,,92
201600039182,16,11,29,1340,1,2,1,1,6.0,92063,M,,,92
201600039183,16,11,30,1410,1,2,1,1,2.0,92063,M,,,92
201600039184,16,12,1,940,1,2,6,1,3.0,92063,M,,,92
201600039185,16,12,1,1330,1,2,3,1,4.0,92063,M,,,92
201600039186,16,12,5,1300,1,2,3,1,1.0,92063,M,,,92
201600039187,16,12,12,940,1,2,1,1,6.0,92063,M,,,92
201600039188,16,12,12,1810,5,2,6,2,6.0,92063,M,,,92
201600039189,16,12,16,1815,5,2,2,1,3.0,92063,M,,,92
201600039190,16,1,1,1830,5,2,1,1,2.0,92064,M,,,92
201600039191,16,1,2,2025,5,2,1,2,3.0,92064,M,,,92
201600039192,16,1,6,2015,5,2,2,9,3.0,92064,M,,,92
201600039193,16,1,10,2028,5,2,1,1,6.0,92064,M,,,92
201600039194,16,1,13,1715,2,2,1,1,6.0,92064,M,,,92
201600039195,16,1,25,1155,1,2,1,1,3.0,92064,M,,,92
201600039196,16,1,26,1805,5,2,1,1,6.0,92033,M,,,92
201600039197,16,1,27,805,1,2,1,1,5.0,92064,M,,,92
201600039198,16,1,27,1100,1,2,1,8,7.0,92076,M,,,92
201600039199,16,1,29,1205,1,2,1,1,3.0,92064,M,,,92
201600039200,16,1,29,1650,2,2,1,1,7.0,92033,M,,,92
201600039201,16,2,5,600,3,2,1,2,3.0,92076,M,,,92
201600039202,16,2,6,2215,5,2,1,1,7.0,92064,M,,,92
201600039203,16,2,8,1630,1,2,1,2,7.0,92064,M,,,92
201600039204,16,2,10,1950,5,2,1,1,6.0,92033,M,,,92
201600039205,16,2,14,335,5,2,1,2,6.0,92064,M,,,92
201600039206,16,2,21,1130,1,2,1,2,7.0,92064,M,,,92
201600039207,16,2,29,1150,1,2,2,1,7.0,92033,M,,,92
201600039208,16,3,8,1845,2,2,1,2,7.0,92064,M,,,92
201600039209,16,3,13,1440,1,2,1,1,3.0,92064,M,,,92
201600039210,16,3,21,2100,5,2,3,1,3.0,92064,M,,,92
201600039211,16,3,22,930,1,2,1,2,3.0,92064,M,,,92
201600039212,16,3,30,915,1,2,3,2,3.0,92064,M,,,92
201600039213,16,4,2,1425,1,2,1,2,6.0,92064,M,,,92
201600039214,16,4,7,940,1,2,2,1,5.0,92076,M,,,92
201600039215,16,4,11,1815,1,2,1,1,3.0,92064,M,,,92
201600039216,16,4,12,1835,1,2,4,1,3.0,92033,M,,,92
201600039217,16,4,13,1920,1,2,1,2,6.0,92047,M,,,92
201600039218,16,4,15,820,1,2,1,1,6.0,92064,M,,,92
201600039219,16,4,16,1500,1,2,1,1,2.0,92064,M,,,92
201600039220,16,4,17,1905,1,2,1,1,3.0,92076,M,,,92
201600039221,16,4,21,1610,1,2,1,1,3.0,92064,M,,,92
201600039222,16,4,24,1100,1,2,9,1,7.0,92033,M,,,92
201600039223,16,4,27,1225,1,2,1,1,6.0,92076,M,,,92
201600039224,16,4,28,955,1,2,1,1,2.0,92064,M,,,92
201600039225,16,4,30,530,5,2,3,1,3.0,92064,M,,,92
201600039226,16,5,5,1910,1,2,2,1,3.0,92076,M,,,92
201600039227,16,5,7,1300,1,2,1,1,7.0,92064,M,,,92
201600039228,16,5,11,1400,1,2,1,2,2.0,92064,M,,,92
201600039229,16,5,12,815,1,2,1,1,3.0,92033,M,,,92
201600039230,16,5,14,2230,5,2,2,1,3.0,92033,M,,,92
201600039231,16,5,15,1130,1,2,1,1,6.0,92064,M,,,92
201600039232,16,5,19,850,1,2,1,1,6.0,92047,M,,,92
201600039233,16,5,20,2100,1,2,1,1,6.0,92064,M,,,92
201600039234,16,5,21,1110,1,2,1,1,2.0,92064,M,,,92
201600039235,16,5,22,2300,5,2,1,2,3.0,92064,M,,,92
201600039236,16,5,29,30,5,2,1,1,6.0,92033,M,,,92
201600039237,16,6,1,830,1,2,1,2,3.0,92064,M,,,92
201600039238,16,6,8,2325,5,2,1,1,2.0,92064,M,,,92
201600039239,16,6,15,735,1,2,1,1,2.0,92064,M,,,92
201600039240,16,6,15,1755,1,2,1,1,2.0,92064,M,,,92
201600039241,16,6,20,1010,1,2,2,2,7.0,92064,M,,,92
201600039242,16,6,22,1320,1,2,1,1,3.0,92047,M,,,92
201600039243,16,6,22,1630,1,2,2,1,6.0,92064,M,,,92
201600039244,16,6,24,635,1,2,1,1,3.0,92064,M,,,92
201600039245,16,6,24,1945,1,2,1,1,6.0,92064,M,,,92
201600039246,16,6,28,1240,1,2,1,1,6.0,92064,M,,,92
201600039247,16,6,30,850,1,2,1,1,3.0,92033,M,,,92
201600039248,16,6,30,755,1,2,3,1,3.0,92064,M,,,92
201600039249,16,7,1,1100,1,2,1,1,6.0,92064,M,,,92
201600039250,16,7,11,850,1,2,1,1,3.0,92064,M,,,92