Num_Acc,an,mois,jour,hrmn,lum,agg,int,atm,col,com,gps,lat,long,dep
201600039251,16,7,20,1705,1,2,1,1,2.0,92064,M,,,92
201600039252,16,7,21,930,1,2,6,1,6.0,92064,M,,,92
201600039253,16,7,23,2010,1,2,2,1,5.0,92064,M,,,92
201600039254,16,7,28,1750,1,2,1,1,4.0,92064,M,,,92
201600039255,16,7,31,1510,1,2,1,1,6.0,92064,M,,,92
201600039256,16,8,1,1830,1,2,2,1,6.0,92064,M,,,92
201600039257,16,8,20,1645,1,2,1,1,6.0,92033,M,,,92
201600039258,16,8,31,1850,1,2,1,1,6.0,92064,M,,,92
201600039259,16,9,7,1340,1,2,1,1,6.0,92064,M,,,92
201600039260,16,9,19,725,1,2,1,8,2.0,92064,M,,,92
201600039261,16,9,23,1945,1,2,2,1,2.0,92064,M,,,92
201600039262,16,9,29,734,1,2,1,1,2.0,92064,M,,,92
201600039263,16,10,5,1340,1,2,1,1,6.0,92064,M,,,92
201600039264,16,10,7,1240,1,2,1,1,7.0,92064,M,,,92
201600039265,16,10,13,1610,1,2,1,1,3.0,92064,M,,,92
201600039266,16,10,15,1740,1,2,1,1,6.0,92033,M,,,92
201600039267,16,10,25,435,5,2,1,1,6.0,92064,M,,,92
201600039268,16,10,20,1800,1,2,1,1,6.0,92064,M,,,92
201600039269,16,10,21,750,1,2,1,1,6.0,92064,M,,,92
201600039270,16,10,24,1410,1,2,1,2,7.0,92064,M,,,92
201600039271,16,10,26,1836,5,2,2,1,6.0,92064,M,,,92
201600039272,16,10,31,1437,1,2,9,1,6.0,92064,M,,,92
201600039273,16,11,4,1640,1,2,1,2,7.0,92033,M,,,92
201600039274,16,11,8,1340,1,2,1,1,6.0,92064,M,,,92
201600039275,16,11,10,1610,1,2,1,1,3.0,92033,M,,,92
201600039276,16,11,10,1650,1,2,1,2,6.0,92064,M,,,92
201600039277,16,11,11,705,2,2,1,1,2.0,92064,M,,,92
201600039278,16,11,13,1945,5,2,3,2,3.0,92064,M,,,92
201600039279,16,11,15,1600,1,2,1,2,1.0,92064,M,,,92
201600039280,16,11,16,1600,1,2,1,2,3.0,92064,M,,,92
201600039281,16,11,18,1025,1,2,9,1,2.0,92064,M,,,92
201600039282,16,11,19,2015,5,2,1,1,6.0,92064,M,,,92
201600039283,16,11,21,1420,1,2,1,1,3.0,92033,M,,,92
201600039284,16,11,22,1955,5,2,1,8,4.0,92064,M,,,92
201600039285,16,11,27,315,5,2,1,1,7.0,92064,M,,,92
201600039286,16,11,27,150,5,2,1,1,2.0,92064,M,,,92
201600039287,16,11,28,2020,5,2,2,1,3.0,92033,M,,,92
201600039288,16,12,1,830,1,2,1,1,3.0,92064,M,,,92
201600039289,16,12,7,1655,5,2,9,1,7.0,92076,M,,,92
201600039290,16,12,8,1345,1,2,1,1,4.0,92076,M,,,92
201600039291,16,12,14,1425,1,2,1,1,6.0,92064,M,,,92
201600039292,16,12,13,2145,5,2,1,1,6.0,92064,M,,,92
201600039293,16,12,3,2100,5,2,1,1,7.0,92064,M,,,92
201600039294,16,12,24,350,5,2,1,2,7.0,92064,M,,,92
201600039295,16,12,24,923,1,2,2,1,3.0,92033,M,,,92
201600039296,16,12,27,1355,1,2,3,1,6.0,92064,M,,,92
201600039297,16,1,5,835,1,2,1,2,2.0,92072,M,,,92
201600039298,16,1,6,1945,5,2,3,2,3.0,92072,M,,,92
201600039299,16,1,12,2200,5,2,3,2,3.0,92072,M,,,92
201600039300,16,1,22,2245,5,2,1,8,6.0,92072,M,,,92
201600039301,16,1,25,1210,1,2,1,1,3.0,92072,M,,,92
201600039302,16,1,29,1245,1,2,1,1,6.0,92022,M,,,92
201600039303,16,2,2,2335,5,2,1,2,6.0,92072,M,,,92
201600039304,16,2,6,1530,1,2,1,1,6.0,92077,M,,,92
201600039305,16,2,12,910,1,2,3,2,3.0,92077,M,,,92
201600039306,16,2,17,915,1,2,1,1,2.0,92022,M,,,92
201600039307,16,3,4,1800,1,2,1,2,6.0,92022,M,,,92
201600039308,16,3,6,1445,1,2,6,8,7.0,92072,M,,,92
201600039309,16,3,6,310,5,2,1,2,1.0,92072,M,,,92
201600039310,16,3,8,815,1,2,1,1,6.0,92077,M,,,92
201600039311,16,3,22,1050,1,2,1,1,7.0,92077,M,,,92
201600039312,16,4,1,2325,5,2,1,1,3.0,92072,M,,,92
201600039313,16,4,18,1317,1,2,1,1,6.0,92072,M,,,92
201600039314,16,5,6,1050,1,2,1,1,3.0,92072,M,,,92
201600039315,16,5,6,1735,1,2,1,1,6.0,92072,M,,,92
201600039316,16,5,9,930,1,2,1,1,2.0,92022,M,,,92
201600039317,16,5,10,1615,1,2,1,2,7.0,92072,M,,,92
201600039318,16,5,13,1810,1,2,1,1,7.0,92072,M,,,92
201600039319,16,5,23,1500,1,2,1,1,6.0,92072,M,,,92
201600039320,16,5,29,1630,1,2,3,2,3.0,92072,M,,,92
201600039321,16,6,13,815,1,2,1,1,2.0,92072,M,,,92
201600039322,16,6,13,1915,1,2,1,1,3.0,92022,M,,,92
201600039323,16,6,16,1720,1,2,1,2,6.0,92072,M,,,92
201600039324,16,6,16,1730,1,2,1,1,6.0,92072,M,,,92
201600039325,16,6,22,1115,1,2,1,1,3.0,92072,M,,,92
201600039326,16,6,24,1930,1,2,1,1,6.0,92072,M,,,92
201600039327,16,6,25,1501,1,2,1,1,6.0,92072,M,,,92
201600039328,16,6,26,1725,1,2,1,1,6.0,92072,M,,,92
201600039329,16,7,4,1130,1,2,1,1,6.0,92022,M,,,92
201600039330,16,7,6,930,1,2,1,1,3.0,92072,M,,,92
201600039331,16,7,8,750,1,2,3,1,3.0,92072,M,,,92
201600039332,16,7,13,145,5,2,1,1,6.0,92072,M,,,92
201600039333,16,7,16,1126,1,2,2,1,6.0,92077,M,,,92
201600039334,16,7,28,2215,5,2,1,1,6.0,92072,M,,,92
201600039335,16,8,3,915,1,2,1,1,7.0,92072,M,,,92
201600039336,16,8,8,1115,1,1,3,1,7.0,92072,M,,,92
201600039337,16,8,27,1750,1,2,1,1,7.0,92072,M,,,92
201600039338,16,8,27,1950,1,2,1,1,7.0,92072,M,,,92
201600039339,16,8,28,1130,1,2,2,1,3.0,92072,M,,,92
201600039340,16,9,2,1620,1,2,1,1,7.0,92072,M,,,92
201600039341,16,9,8,1220,1,2,1,1,6.0,92072,M,,,92
201600039342,16,9,14,2330,5,2,1,1,5.0,92072,M,,,92
201600039343,16,9,15,840,1,2,3,2,3.0,92072,M,,,92
201600039344,16,9,28,1115,1,2,1,1,4.0,92022,M,,,92
201600039345,16,9,30,2105,5,2,1,2,7.0,92072,M,,,92
201600039346,16,10,1,2345,5,2,1,1,6.0,92072,M,,,92
201600039347,16,10,3,1720,1,2,1,1,3.0,92072,M,,,92
201600039348,16,10,12,715,1,1,3,1,3.0,92072,M,,,92
201600039349,16,10,20,900,1,2,1,1,4.0,92072,M,,,92
201600039350,16,10,20,1250,1,2,1,1,4.0,92072,M,,,92
201600039351,16,10,21,550,3,2,1,1,6.0,92077,M,,,92
201600039352,16,10,21,1815,2,2,2,2,3.0,92022,M,,,92
201600039353,16,10,23,1600,1,2,1,3,3.0,92072,M,,,92
201600039354,16,11,5,1836,5,2,1,1,3.0,92072,M,,,92
201600039355,16,11,12,1600,1,2,3,2,6.0,92022,M,,,92
201600039356,16,11,12,1800,5,2,1,1,2.0,92072,M,,,92
201600039357,16,11,19,1300,1,2,1,1,3.0,92072,M,,,92
201600039358,16,11,20,35,5,2,1,1,3.0,92072,M,,,92
201600039359,16,11,25,1230,1,2,1,1,3.0,92072,M,,,92
201600039360,16,11,29,1730,1,2,2,1,3.0,92077,M,,,92
201600039361,16,12,5,1605,1,2,1,1,6.0,92072,M,,,92
201600039362,16,12,12,1650,5,2,1,3,6.0,92072,M,,,92
201600039363,16,12,13,1010,1,2,1,1,6.0,92022,M,,,92
201600039364,16,12,22,1426,1,2,1,1,6.0,92072,M,,,92
201600039365,16,1,5,1540,1,2,3,1,3.0,92073,M,,,92
201600039366,16,1,15,1315,1,2,3,1,6.0,92073,M,,,92
201600039367,16,2,2,1555,1,2,3,3,2.0,92073,M,,,92
201600039368,16,2,10,215,5,2,3,1,2.0,92073,M,,,92
201600039369,16,2,10,910,1,2,1,1,5.0,92073,M,,,92
201600039370,16,2,11,1940,5,2,3,1,2.0,92073,M,,,92
201600039371,16,2,12,840,1,2,3,2,7.0,92073,M,,,92
201600039372,16,2,16,1550,1,2,3,1,3.0,92073,M,,,92
201600039373,16,2,23,1930,5,2,2,1,6.0,92002,M,,,92
201600039374,16,2,26,1605,1,2,1,1,6.0,92073,M,,,92
201600039375,16,3,16,1000,1,2,3,1,3.0,92073,M,,,92
201600039376,16,3,18,800,1,2,1,1,7.0,92073,M,,,92
201600039377,16,3,25,1955,5,2,1,1,2.0,92073,M,,,92
201600039378,16,3,25,1930,5,2,3,1,6.0,92073,M,,,92
201600039379,16,4,2,810,1,2,1,1,2.0,92073,M,,,92
201600039380,16,4,4,910,1,2,1,1,3.0,92073,M,,,92
201600039381,16,4,5,1730,1,2,1,1,6.0,92073,M,,,92
201600039382,16,4,4,1215,1,2,1,1,6.0,92073,M,,,92
201600039383,16,4,9,1900,1,2,3,1,2.0,92073,M,,,92
201600039384,16,4,14,912,1,2,3,1,6.0,92073,M,,,92
201600039385,16,4,15,900,1,2,1,1,6.0,92073,M,,,92
201600039386,16,4,26,2030,1,2,3,1,2.0,92073,M,,,92
201600039387,16,4,27,2235,5,2,3,1,6.0,92073,M,,,92
201600039388,16,5,8,1825,1,2,1,1,4.0,92073,M,,,92
201600039389,16,5,11,1620,1,2,1,3,7.0,92073,M,,,92
201600039390,16,6,20,2010,1,2,1,1,6.0,92073,M,,,92
201600039391,16,6,24,2115,2,2,1,1,1.0,92073,M,,,92
201600039392,16,7,2,1930,1,2,3,2,6.0,92073,M,,,92
201600039393,16,7,11,2336,2,2,3,1,3.0,92073,M,,,92
201600039394,16,7,15,140,5,2,1,1,7.0,92073,M,,,92
201600039395,16,7,18,1445,1,2,1,1,7.0,92073,M,,,92
201600039396,16,7,19,1500,1,2,1,1,3.0,92073,M,,,92
201600039397,16,7,25,1930,1,2,3,1,2.0,92073,M,,,92
201600039398,16,7,26,1900,1,2,3,1,3.0,92073,M,,,92
201600039399,16,8,16,1330,1,2,3,1,3.0,92073,M,,,92
201600039400,16,8,17,720,1,2,3,1,3.0,92073,M,,,92
201600039401,16,8,28,2130,5,2,1,1,3.0,92073,M,,,92
201600039402,16,9,9,1250,1,2,1,1,6.0,92073,M,,,92
201600039403,16,9,19,910,1,2,1,1,6.0,92073,M,,,92
201600039404,16,9,25,855,1,2,7,1,6.0,92073,M,,,92
201600039405,16,9,25,1945,1,2,3,1,6.0,92073,M,,,92
201600039406,16,9,30,1118,1,2,1,1,3.0,92073,M,,,92
201600039407,16,10,1,335,5,2,1,2,6.0,92073,M,,,92
201600039408,16,10,6,1710,1,2,3,1,1.0,92073,M,,,92
201600039409,16,10,20,1110,1,2,3,1,3.0,92073,M,,,92
201600039410,16,10,21,1545,1,2,1,1,6.0,92073,M,,,92
201600039411,16,10,21,745,2,2,3,5,3.0,92073,M,,,92
201600039412,16,11,4,2105,1,2,1,1,7.0,92073,M,,,92
201600039413,16,11,7,840,1,2,1,2,6.0,92073,M,,,92
201600039414,16,11,8,1305,1,2,1,1,6.0,92073,M,,,92
201600039415,16,11,8,1745,5,2,1,1,2.0,92073,M,,,92
201600039416,16,11,22,1235,1,2,3,1,3.0,92073,M,,,92
201600039417,16,11,27,1820,5,2,3,1,3.0,92073,M,,,92
201600039418,16,12,5,1435,1,2,1,1,3.0,92073,M,,,92
201600039419,16,12,14,1235,1,2,1,1,6.0,92073,M,,,92
201600039420,16,1,4,915,1,2,1,2,7.0,92046,M,,,92
201600039421,16,1,7,825,2,2,1,2,3.0,92075,M,,,92
201600039422,16,1,22,750,5,2,1,1,3.0,92075,M,,,92
201600039423,16,1,29,1040,1,2,2,1,3.0,92046,M,,,92
201600039424,16,2,5,1350,1,2,1,1,2.0,92046,M,,,92
201600039425,16,2,8,1420,1,2,2,2,3.0,92046,M,,,92
201600039426,16,2,8,835,1,2,1,1,3.0,92046,M,,,92
201600039427,16,2,14,1430,1,2,2,2,1.0,92046,M,,,92
201600039428,16,2,17,2205,5,2,1,1,3.0,92046,M,,,92
201600039429,16,2,20,1335,1,2,1,1,2.0,92075,M,,,92
201600039430,16,3,6,1926,1,2,1,1,1.0,92046,M,,,92
201600039431,16,3,10,1105,1,1,2,1,3.0,92046,M,,,92
201600039432,16,3,11,1310,1,2,1,1,3.0,92046,M,,,92
201600039433,16,3,13,1855,2,2,3,1,3.0,92046,M,,,92
201600039434,16,3,15,1345,1,2,2,1,3.0,92046,M,,,92
201600039435,16,3,17,1620,1,2,3,7,3.0,92075,M,,,92
201600039436,16,3,23,830,1,2,2,1,7.0,92075,M,,,92
201600039437,16,3,23,835,1,2,1,1,3.0,92075,M,,,92
201600039438,16,3,24,1655,1,2,3,1,3.0,92075,M,,,92
201600039439,16,3,30,1430,1,2,1,1,2.0,92046,M,,,92
201600039440,16,3,31,925,1,2,1,1,3.0,92075,M,,,92
201600039441,16,4,7,1405,1,2,6,1,3.0,92075,M,,,92
201600039442,16,4,15,1945,1,2,1,1,7.0,92075,M,,,92
201600039443,16,5,1,1210,1,2,3,1,3.0,92046,M,,,92
201600039444,16,4,23,2030,2,2,3,1,7.0,92046,M,,,92
201600039445,16,5,20,2230,5,2,3,1,3.0,92075,M,,,92
201600039446,16,5,23,35,5,2,1,2,6.0,92046,M,,,92
201600039447,16,5,23,1510,1,2,1,1,7.0,92075,M,,,92
201600039448,16,5,27,1015,1,2,3,1,2.0,92075,M,,,92
201600039449,16,5,28,2215,5,2,6,1,7.0,92046,M,,,92
201600039450,16,6,1,1100,1,2,6,1,3.0,92046,M,,,92
201600039451,16,6,3,1140,1,2,1,1,3.0,92046,M,,,92
201600039452,16,6,13,1645,1,2,1,1,1.0,92046,M,,,92
201600039453,16,6,15,1925,1,2,1,1,6.0,92075,M,,,92
201600039454,16,6,16,1530,1,2,1,2,2.0,92075,M,,,92
201600039455,16,6,15,1030,1,2,1,1,7.0,92046,M,,,92
201600039456,16,6,24,1920,1,2,1,1,1.0,92046,M,,,92
201600039457,16,6,29,1930,1,2,1,1,3.0,92046,M,,,92
201600039458,16,7,3,2315,5,2,3,2,2.0,92046,M,,,92
201600039459,16,7,4,1455,1,2,6,1,7.0,92046,M,,,92
201600039460,16,7,6,1650,1,2,1,1,4.0,92046,M,,,92
201600039461,16,7,7,2000,1,2,1,1,7.0,92046,M,,,92
201600039462,16,7,7,1735,1,2,1,1,7.0,92075,M,,,92
201600039463,16,7,8,845,1,2,2,1,3.0,92075,M,,,92
201600039464,16,7,8,2010,1,2,2,1,7.0,92046,M,,,92
201600039465,16,7,9,1815,1,2,1,1,7.0,92075,M,,,92
201600039466,16,7,6,745,1,2,1,3,6.0,92046,M,,,92
201600039467,16,7,20,2000,1,2,3,1,3.0,92046,M,,,92
201600039468,16,7,20,2025,1,2,6,1,7.0,92046,M,,,92
201600039469,16,7,21,1750,1,2,1,1,7.0,92046,M,,,92
201600039470,16,7,26,955,1,2,3,1,7.0,92046,M,,,92
201600039471,16,7,28,1710,1,2,1,1,6.0,92046,M,,,92
201600039472,16,8,15,1845,1,2,3,7,3.0,92046,M,,,92
201600039473,16,8,24,1100,1,2,3,1,6.0,92075,M,,,92
201600039474,16,8,28,2045,5,2,2,1,7.0,92046,M,,,92
201600039475,16,8,29,650,1,2,2,1,3.0,92046,M,,,92
201600039476,16,8,31,1050,1,2,1,1,7.0,92046,M,,,92
201600039477,16,9,2,720,1,2,2,7,3.0,92075,M,,,92
201600039478,16,9,5,1300,1,2,3,2,7.0,92046,M,,,92
201600039479,16,9,5,1415,1,2,2,3,7.0,92046,M,,,92
201600039480,16,9,7,1020,1,2,1,1,2.0,92075,M,,,92
201600039481,16,9,15,1140,1,2,2,2,7.0,92046,M,,,92
201600039482,16,9,18,1630,1,2,1,1,2.0,92075,M,,,92
201600039483,16,10,6,655,1,2,3,1,2.0,92075,M,,,92
201600039484,16,10,9,1500,1,2,6,1,7.0,92046,M,,,92
201600039485,16,10,12,715,5,2,6,1,3.0,92075,M,,,92
201600039486,16,10,12,830,1,2,3,1,3.0,92075,M,,,92
201600039487,16,10,24,955,1,2,2,2,3.0,92046,M,,,92
201600039488,16,10,29,1250,1,2,1,1,7.0,92075,M,,,92
201600039489,16,11,18,1022,1,2,3,1,7.0,92075,M,,,92
201600039490,16,11,20,250,5,2,1,6,7.0,92046,M,,,92
201600039491,16,11,21,850,1,2,3,1,7.0,92046,M,,,92
201600039492,16,11,21,908,1,2,3,2,3.0,92075,M,,,92
201600039493,16,11,25,1730,2,2,1,1,7.0,92075,M,,,92
201600039494,16,11,28,1710,5,2,1,1,2.0,92075,M,,,92
201600039495,16,11,29,1636,1,1,3,1,3.0,92046,M,,,92
201600039496,16,11,30,855,1,2,1,1,3.0,92046,M,,,92
201600039497,16,12,1,1342,1,2,2,1,3.0,92046,M,,,92
201600039498,16,12,3,1810,5,2,2,1,3.0,92075,M,,,92
201600039499,16,12,4,1040,1,2,6,1,3.0,92075,M,,,92
201600039500,16,12,6,945,1,2,1,1,7.0,92046,M,,,92
201600039501,16,12,9,2020,5,2,2,1,3.0,92046,M,,,92
201600039502,16,12,12,1010,1,2,1,1,7.0,92046,M,,,92
201600039503,16,12,15,1840,5,2,6,1,7.0,92046,M,,,92
201600039504,16,12,19,1650,1,2,1,1,6.0,92046,M,,,92
201600039505,16,12,27,1410,1,2,1,1,7.0,92046,M,,,92
201600039506,16,1,2,1115,1,2,1,1,7.0,92078,M,,,92
201600039507,16,1,4,905,1,2,3,1,4.0,92078,M,,,92
201600039508,16,1,4,1640,1,2,2,1,7.0,92078,M,,,92
201600039509,16,1,5,1100,1,2,1,1,4.0,92078,M,,,92
201600039510,16,2,2,2000,5,2,1,1,3.0,92078,M,,,92
201600039511,16,2,8,525,5,2,1,5,1.0,92078,M,,,92
201600039512,16,2,17,1211,1,2,1,1,3.0,92078,M,,,92
201600039513,16,2,18,1540,1,2,3,2,1.0,92078,M,,,92
201600039514,16,2,19,1715,1,2,2,1,3.0,92078,M,,,92
201600039515,16,2,23,1630,1,2,3,1,3.0,92078,M,,,92
201600039516,16,3,17,1800,1,2,1,1,3.0,92078,M,,,92
201600039517,16,3,22,1715,1,2,1,1,2.0,92078,M,,,92
201600039518,16,3,22,1735,1,2,1,1,7.0,92078,M,,,92
201600039519,16,3,29,1640,1,2,1,1,2.0,92078,M,,,92
201600039520,16,5,30,1300,1,2,3,2,3.0,92078,M,,,92
201600039521,16,6,7,1340,1,2,1,1,7.0,92078,M,,,92
201600039522,16,6,27,1200,1,2,1,1,7.0,92078,M,,,92
201600039523,16,7,17,910,1,2,1,1,2.0,92078,M,,,92
201600039524,16,8,18,1620,1,2,1,1,7.0,92078,M,,,92
201600039525,16,9,5,1200,1,2,2,2,3.0,92078,M,,,92
201600039526,16,9,15,1338,1,2,1,1,2.0,92078,M,,,92
201600039527,16,9,30,1940,5,2,1,2,7.0,92078,M,,,92
201600039528,16,10,21,1355,1,2,1,1,2.0,92078,M,,,92
201600039529,16,10,30,15,5,2,1,1,2.0,92078,M,,,92
201600039530,16,12,24,1600,1,2,3,1,3.0,92078,M,,,92
201600039531,16,1,1,1835,5,2,3,1,3.0,92026,M,,,92
201600039532,16,1,5,1250,1,2,3,1,3.0,92026,M,,,92
201600039533,16,1,11,950,1,2,1,2,2.0,92026,M,,,92
201600039534,16,2,2,915,1,2,6,1,6.0,92026,M,,,92
201600039535,16,3,1,140,5,2,3,1,3.0,92026,M,,,92
201600039536,16,4,15,220,3,2,1,1,7.0,92026,M,,,92
201600039537,16,4,29,30,5,2,1,1,7.0,92026,M,,,92
201600039538,16,5,3,1915,1,2,1,1,3.0,92062,M,,,92
201600039539,16,5,5,1700,1,2,3,1,2.0,92062,M,,,92
201600039540,16,5,14,1200,1,2,1,1,7.0,92062,M,,,92
201600039541,16,6,29,1905,1,2,1,1,6.0,92026,M,,,92
201600039542,16,7,3,2145,5,2,1,2,7.0,92062,M,,,92
201600039543,16,7,7,2315,5,2,1,1,4.0,92026,M,,,92
201600039544,16,8,19,1715,1,2,1,2,3.0,92026,M,,,92
201600039545,16,8,29,1111,1,2,3,1,5.0,92026,M,,,92
201600039546,16,8,31,1015,1,2,1,1,7.0,92026,M,,,92
201600039547,16,9,14,1800,1,2,1,1,3.0,92026,M,,,92
201600039548,16,9,27,1810,1,2,1,1,3.0,92062,M,,,92
201600039549,16,10,9,650,3,2,1,1,7.0,92026,M,,,92
201600039550,16,10,19,2015,5,2,1,1,2.0,92026,M,,,92
201600039551,16,10,27,1830,2,2,9,1,2.0,92026,M,,,92
201600039552,16,11,8,1745,5,1,1,1,3.0,92026,M,,,92
201600039553,16,11,16,2004,5,2,1,1,3.0,92026,M,,,92
201600039554,16,11,19,2210,5,2,2,1,3.0,92026,M,,,92
201600039555,16,11,25,1330,1,2,1,1,2.0,92026,M,,,92
201600039556,16,12,27,2130,5,2,1,1,6.0,92026,M,,,92
201600039557,16,1,3,1125,1,2,2,2,3.0,93001,M,,,93
201600039558,16,1,7,855,1,2,1,3,3.0,93001,M,,,93
201600039559,16,1,8,930,1,2,1,1,6.0,93001,M,,,93
201600039560,16,1,11,1630,1,2,1,1,2.0,93001,M,,,93
201600039561,16,1,12,2045,4,2,1,8,6.0,93001,M,,,93
201600039562,16,1,14,1200,1,2,1,1,6.0,93001,M,,,93
201600039563,16,1,14,1325,1,2,1,1,3.0,93001,M,,,93
201600039564,16,1,14,1530,1,2,1,1,6.0,93001,M,,,93
201600039565,16,1,18,1700,1,2,1,1,3.0,93001,M,,,93
201600039566,16,1,19,1215,1,2,1,1,6.0,93001,M,,,93
201600039567,16,1,22,1950,5,2,1,1,6.0,93001,M,,,93
201600039568,16,1,25,1010,1,2,1,1,3.0,93001,M,,,93
201600039569,16,1,26,1125,1,2,1,1,2.0,93001,M,,,93
201600039570,16,1,27,1240,1,2,1,1,6.0,93001,M,,,93
201600039571,16,1,27,1225,1,2,1,1,3.0,93001,M,,,93
201600039572,16,1,28,810,1,2,1,1,3.0,93001,M,,,93
201600039573,16,1,30,1800,5,2,1,2,3.0,93001,M,,,93
201600039574,16,2,1,725,2,2,1,8,6.0,93001,M,,,93
201600039575,16,2,1,2030,5,2,1,1,6.0,93001,M,,,93
201600039576,16,2,6,1140,1,2,1,1,6.0,93001,M,,,93
201600039577,16,2,8,850,1,2,1,1,6.0,93001,M,,,93
201600039578,16,2,12,1730,2,2,1,2,6.0,93001,M,,,93
201600039579,16,2,15,700,5,2,1,1,3.0,93001,M,,,93
201600039580,16,2,17,925,1,2,2,1,3.0,93001,M,,,93
201600039581,16,2,19,105,5,2,1,1,6.0,93001,M,,,93
201600039582,16,3,6,450,5,2,3,1,2.0,93001,M,,,93
201600039583,16,3,7,905,1,2,1,1,3.0,93001,M,,,93
201600039584,16,3,9,550,5,2,1,1,1.0,93001,M,,,93
201600039585,16,3,11,945,1,2,1,1,6.0,93001,M,,,93
201600039586,16,3,16,1800,1,2,1,1,6.0,93001,M,,,93
201600039587,16,3,18,1440,1,2,2,1,3.0,93001,M,,,93
201600039588,16,3,22,850,1,2,1,1,6.0,93001,M,,,93
201600039589,16,3,27,1800,1,2,1,1,3.0,93001,M,,,93
201600039590,16,4,3,2005,1,2,1,1,4.0,93001,M,,,93
201600039591,16,4,7,920,1,2,1,1,2.0,93001,M,,,93
201600039592,16,4,7,1520,1,2,1,2,6.0,93001,M,,,93
201600039593,16,4,13,912,1,2,1,1,6.0,93001,M,,,93
201600039594,16,4,13,1429,1,2,1,1,6.0,93001,M,,,93
201600039595,16,4,19,1120,1,2,1,1,6.0,93001,M,,,93
201600039596,16,4,23,2005,1,2,1,1,6.0,93001,M,,,93
201600039597,16,4,27,1435,1,2,1,1,6.0,93001,M,,,93
201600039598,16,5,2,1155,1,2,1,1,6.0,93001,M,,,93
201600039599,16,5,3,900,1,2,3,1,3.0,93001,M,,,93
201600039600,16,5,4,2000,1,2,1,1,6.0,93001,M,,,93
201600039601,16,5,6,1700,1,2,1,1,6.0,93001,M,,,93
201600039602,16,5,8,1920,1,2,1,1,7.0,93001,M,,,93
201600039603,16,5,9,1015,1,2,2,1,3.0,93001,M,,,93
201600039604,16,5,13,1444,1,2,2,1,6.0,93001,M,,,93
201600039605,16,5,17,650,1,2,2,1,1.0,93001,M,,,93
201600039606,16,5,19,1445,1,2,1,1,6.0,93001,M,,,93
201600039607,16,5,23,730,1,2,1,3,3.0,93001,M,,,93
201600039608,16,5,23,1145,1,2,1,3,6.0,93001,M,,,93
201600039609,16,5,24,2300,5,2,1,1,1.0,93001,M,,,93
201600039610,16,5,25,750,1,2,1,1,6.0,93001,M,,,93
201600039611,16,5,27,820,2,2,1,1,6.0,93001,M,,,93
201600039612,16,5,27,2205,5,2,1,1,1.0,93001,M,,,93
201600039613,16,6,4,1517,1,2,1,1,6.0,93001,M,,,93
201600039614,16,6,8,1310,1,2,1,1,6.0,93001,M,,,93
201600039615,16,6,10,2015,1,2,1,1,3.0,93001,M,,,93
201600039616,16,6,12,2320,4,2,2,2,3.0,93001,M,,,93
201600039617,16,6,16,1850,1,2,1,2,6.0,93001,M,,,93
201600039618,16,6,22,1020,1,2,1,1,6.0,93001,M,,,93
201600039619,16,6,22,1601,1,2,4,1,2.0,93001,M,,,93
201600039620,16,6,27,1130,1,2,1,1,6.0,93001,M,,,93
201600039621,16,6,30,1900,1,2,1,2,6.0,93001,M,,,93
201600039622,16,7,4,1,5,2,1,2,2.0,93001,M,,,93
201600039623,16,7,6,1640,1,2,1,1,4.0,93001,M,,,93
201600039624,16,7,8,1355,1,1,1,1,3.0,93001,M,,,93
201600039625,16,7,10,1620,1,2,1,7,2.0,93001,M,,,93
201600039626,16,7,11,820,1,2,1,1,1.0,93001,M,,,93
201600039627,16,7,11,1920,1,2,1,1,5.0,93001,M,,,93
201600039628,16,7,13,740,1,2,3,1,3.0,93001,M,,,93
201600039629,16,7,13,1810,1,2,9,1,3.0,93001,M,,,93
201600039630,16,7,14,1720,1,2,1,1,6.0,93001,M,,,93
201600039631,16,7,16,1130,1,2,2,1,3.0,93001,M,,,93
201600039632,16,8,4,1740,1,2,1,1,3.0,93001,M,,,93
201600039633,16,8,10,900,1,2,2,1,3.0,93001,M,,,93
201600039634,16,8,15,1840,1,2,1,1,6.0,93001,M,,,93
201600039635,16,8,20,1453,1,2,2,1,3.0,93001,M,,,93
201600039636,16,8,20,1330,1,2,1,1,3.0,93001,M,,,93
201600039637,16,8,23,2235,5,2,2,1,3.0,93001,M,,,93
201600039638,16,9,5,2150,5,1,1,1,6.0,93001,M,,,93
201600039639,16,9,6,925,1,2,1,1,2.0,93001,M,,,93
201600039640,16,9,6,810,1,2,1,1,6.0,93001,M,,,93
201600039641,16,9,6,1810,1,2,1,1,6.0,93001,M,,,93
201600039642,16,9,7,1730,1,2,1,1,6.0,93001,M,,,93
201600039643,16,9,13,405,5,2,1,1,6.0,93001,M,,,93
201600039644,16,9,14,1815,1,2,1,1,6.0,93001,M,,,93
201600039645,16,9,16,2305,5,2,3,2,6.0,93001,M,,,93
201600039646,16,9,17,2250,5,2,3,1,3.0,93001,M,,,93
201600039647,16,9,18,10,5,2,2,1,3.0,93001,M,,,93
201600039648,16,9,20,1710,1,2,1,1,6.0,93001,M,,,93
201600039649,16,9,21,1505,1,2,1,1,6.0,93001,M,,,93
201600039650,16,9,23,955,1,2,1,1,6.0,93001,M,,,93
201600039651,16,9,27,915,1,2,1,1,6.0,93001,M,,,93
201600039652,16,9,28,840,1,2,1,1,6.0,93001,M,,,93
201600039653,16,9,28,1200,1,2,2,1,3.0,93001,M,,,93
201600039654,16,9,30,1445,1,2,1,1,7.0,93001,M,,,93
201600039655,16,10,2,1520,1,2,7,1,3.0,93001,M,,,93
201600039656,16,10,3,1500,1,2,1,1,3.0,93001,M,,,93
201600039657,16,10,7,1515,1,2,3,1,3.0,93001,M,,,93
201600039658,16,10,8,645,2,2,1,1,1.0,93001,M,,,93
201600039659,16,10,8,2345,5,2,2,1,1.0,93001,M,,,93
201600039660,16,10,10,1715,1,2,3,1,3.0,93001,M,,,93
201600039661,16,10,13,1120,1,2,1,1,6.0,93001,M,,,93
201600039662,16,10,20,935,1,2,2,2,3.0,93001,M,,,93
201600039663,16,10,26,830,1,2,2,1,3.0,93001,M,,,93
201600039664,16,10,26,1300,1,2,6,8,3.0,93001,M,,,93
201600039665,16,11,5,2300,5,2,1,1,1.0,93001,M,,,93