Num_Acc,an,mois,jour,hrmn,lum,agg,int,atm,col,com,gps,lat,long,dep
201600040912,16,2,16,1845,4,2,1,1,3.0,93050,M,,,93
201600040913,16,2,21,1755,5,2,2,2,3.0,93049,M,,,93
201600040914,16,2,28,1450,1,2,1,1,6.0,93050,M,,,93
201600040915,16,2,28,1620,1,2,3,1,3.0,93050,M,,,93
201600040916,16,3,13,215,5,2,2,1,3.0,93050,M,,,93
201600040917,16,3,17,1250,1,2,3,1,3.0,93050,M,,,93
201600040918,16,3,25,1755,1,2,3,1,1.0,93049,M,,,93
201600040919,16,3,29,1850,1,2,1,2,6.0,93050,M,,,93
201600040920,16,4,5,1415,1,2,2,1,3.0,93050,M,,,93
201600040921,16,4,6,1150,1,2,3,1,3.0,93049,M,,,93
201600040922,16,4,7,900,1,2,2,1,3.0,93050,M,,,93
201600040923,16,4,8,715,2,2,1,1,6.0,93049,M,,,93
201600040924,16,4,9,1415,1,2,1,2,2.0,93050,M,,,93
201600040925,16,4,11,1400,1,2,3,2,3.0,93050,M,,,93
201600040926,16,5,10,1450,1,2,1,2,3.0,93050,M,,,93
201600040927,16,5,11,1510,1,2,1,3,6.0,93049,M,,,93
201600040928,16,6,4,1325,1,2,3,8,3.0,93049,M,,,93
201600040929,16,6,7,1849,1,2,1,1,6.0,93049,M,,,93
201600040930,16,6,12,805,1,2,1,1,3.0,93050,M,,,93
201600040931,16,6,15,1835,1,2,1,1,6.0,93049,M,,,93
201600040932,16,6,11,1030,1,2,3,2,3.0,93049,M,,,93
201600040933,16,6,25,1340,1,2,9,1,1.0,93049,M,,,93
201600040934,16,6,30,1640,1,2,3,1,3.0,93050,M,,,93
201600040935,16,6,30,1500,1,2,1,1,6.0,93049,M,,,93
201600040936,16,7,8,1510,1,2,9,1,6.0,93050,M,,,93
201600040937,16,7,7,800,1,2,1,1,3.0,93050,M,,,93
201600040938,16,7,24,1005,1,2,1,1,3.0,93050,M,,,93
201600040939,16,7,29,2025,1,2,2,1,5.0,93050,M,,,93
201600040940,16,7,12,1415,1,2,3,8,3.0,93050,M,,,93
201600040941,16,7,16,1310,1,2,3,1,3.0,93049,M,,,93
201600040942,16,7,20,1700,1,2,1,1,6.0,93050,M,,,93
201600040943,16,7,30,1020,1,2,3,1,6.0,93050,M,,,93
201600040944,16,8,4,1115,1,2,2,2,3.0,93050,M,,,93
201600040945,16,8,18,900,1,2,1,2,3.0,93049,M,,,93
201600040946,16,8,15,2020,1,2,2,1,3.0,93050,M,,,93
201600040947,16,9,3,1755,1,2,2,1,5.0,93050,M,,,93
201600040948,16,9,11,10,5,2,2,1,1.0,93050,M,,,93
201600040949,16,9,12,1702,1,2,1,1,3.0,93050,M,,,93
201600040950,16,9,14,1518,1,2,1,1,3.0,93050,M,,,93
201600040951,16,9,14,1700,1,2,3,1,3.0,93050,M,,,93
201600040952,16,9,21,1645,1,2,1,1,6.0,93050,M,,,93
201600040953,16,9,25,1905,5,2,1,8,3.0,93050,M,,,93
201600040954,16,9,30,1255,1,2,1,1,6.0,93049,M,,,93
201600040955,16,10,4,1910,1,2,1,1,6.0,93050,M,,,93
201600040956,16,10,6,955,1,2,1,7,2.0,93050,M,,,93
201600040957,16,10,22,830,1,2,9,5,2.0,93049,M,,,93
201600040958,16,11,2,2230,5,2,1,1,6.0,93050,M,,,93
201600040959,16,11,16,45,5,2,1,2,3.0,93050,M,,,93
201600040960,16,11,21,815,1,2,2,2,6.0,93050,M,,,93
201600040961,16,10,13,1640,1,2,1,1,6.0,93049,M,,,93
201600040962,16,10,17,2150,5,2,1,1,2.0,93050,M,,,93
201600040963,16,10,24,1455,1,2,1,2,7.0,93050,M,,,93
201600040964,16,10,27,1900,5,2,3,1,3.0,93050,M,,,93
201600040965,16,10,27,1730,1,2,1,1,3.0,93050,M,,,93
201600040966,16,11,9,1830,5,2,1,2,6.0,93050,M,,,93
201600040967,16,11,12,1600,2,2,3,2,1.0,93050,M,,,93
201600040968,16,11,15,2050,5,2,2,1,3.0,93050,M,,,93
201600040969,16,11,25,1100,1,2,1,8,6.0,93049,M,,,93
201600040970,16,11,25,2039,5,2,1,1,3.0,93050,M,,,93
201600040971,16,11,28,730,2,2,1,1,6.0,93049,M,,,93
201600040972,16,11,28,930,1,2,1,1,3.0,93050,M,,,93
201600040973,16,11,30,825,1,2,1,1,6.0,93049,M,,,93
201600040974,16,11,30,1300,1,2,1,1,3.0,93050,M,,,93
201600040975,16,12,4,1350,1,2,1,1,5.0,93050,M,,,93
201600040976,16,12,12,1745,5,2,1,2,6.0,93050,M,,,93
201600040977,16,12,17,645,5,2,2,1,6.0,93049,M,,,93
201600040978,16,12,25,835,2,2,1,1,6.0,93050,M,,,93
201600040979,16,12,26,1740,5,2,3,1,3.0,93049,M,,,93
201600040980,16,12,26,2150,5,2,2,1,3.0,93050,M,,,93
201600040981,16,1,7,805,5,2,1,3,6.0,93051,M,,,93
201600040982,16,1,7,815,2,2,1,2,6.0,93051,M,,,93
201600040983,16,1,7,1415,1,2,2,1,3.0,93051,M,,,93
201600040984,16,1,18,1015,1,2,1,8,6.0,93033,M,,,93
201600040985,16,1,23,1850,5,2,3,2,3.0,93051,M,,,93
201600040986,16,2,2,1835,5,2,1,2,6.0,93051,M,,,93
201600040987,16,2,2,1852,5,2,9,2,6.0,93051,M,,,93
201600040988,16,2,4,825,1,2,1,2,6.0,93051,M,,,93
201600040989,16,2,11,820,1,2,9,8,6.0,93051,M,,,93
201600040990,16,2,23,1840,5,2,1,1,6.0,93051,M,,,93
201600040991,16,2,24,1340,1,2,1,1,7.0,93051,M,,,93
201600040992,16,2,26,1815,5,2,1,1,7.0,93051,M,,,93
201600040993,16,3,1,1655,1,2,1,3,6.0,93051,M,,,93
201600040994,16,3,4,2220,5,2,1,3,2.0,93051,M,,,93
201600040995,16,3,5,1830,5,2,1,1,2.0,93051,M,,,93
201600040996,16,3,10,845,1,2,1,1,3.0,93051,M,,,93
201600040997,16,3,15,540,2,2,1,1,3.0,93051,M,,,93
201600040998,16,3,16,1353,1,2,1,1,6.0,93051,M,,,93
201600040999,16,3,17,1540,1,2,6,1,6.0,93051,M,,,93
201600041000,16,3,18,820,1,2,1,1,3.0,93051,M,,,93
201600041001,16,3,19,1710,1,2,2,8,2.0,93051,M,,,93
201600041002,16,4,2,30,5,2,3,1,5.0,93051,M,,,93
201600041003,16,4,8,2215,5,2,1,1,4.0,93051,M,,,93
201600041004,16,4,9,1950,2,2,1,2,7.0,93051,M,,,93
201600041005,16,4,14,830,1,2,1,1,6.0,93051,M,,,93
201600041006,16,4,17,2110,4,2,1,1,7.0,93051,M,,,93
201600041007,16,5,7,1019,1,2,1,1,6.0,93051,M,,,93
201600041008,16,5,11,1450,1,2,1,3,2.0,93051,M,,,93
201600041009,16,5,15,2250,5,2,1,1,6.0,93051,M,,,93
201600041010,16,5,18,1345,1,2,3,1,3.0,93051,M,,,93
201600041011,16,5,20,1936,1,2,1,1,6.0,93051,M,,,93
201600041012,16,5,28,735,1,2,2,1,3.0,93051,M,,,93
201600041013,16,5,29,545,2,2,1,1,6.0,93051,M,,,93
201600041014,16,5,31,1708,1,2,3,2,3.0,93051,M,,,93
201600041015,16,6,6,1000,1,2,9,8,3.0,93051,M,,,93
201600041016,16,6,6,900,1,2,6,2,6.0,93051,M,,,93
201600041017,16,6,6,1700,1,2,4,1,3.0,93033,M,,,93
201600041018,16,6,8,930,1,2,6,1,6.0,93051,M,,,93
201600041019,16,6,18,1230,1,2,6,1,3.0,93051,M,,,93
201600041020,16,6,17,1850,1,2,3,2,3.0,93033,M,,,93
201600041021,16,6,28,1620,1,2,2,1,3.0,93051,M,,,93
201600041022,16,6,29,1435,1,2,3,1,6.0,93051,M,,,93
201600041023,16,6,30,1900,1,2,6,1,2.0,93051,M,,,93
201600041024,16,7,2,1355,1,2,3,1,3.0,93051,M,,,93
201600041025,16,7,5,1812,1,2,2,1,3.0,93051,M,,,93
201600041026,16,7,12,2230,5,2,3,3,7.0,93051,M,,,93
201600041027,16,7,15,1230,1,2,1,1,3.0,93051,M,,,93
201600041028,16,7,23,810,1,2,1,1,2.0,93051,M,,,93
201600041029,16,8,2,715,2,2,3,2,3.0,93051,M,,,93
201600041030,16,8,4,1255,1,2,6,2,2.0,93051,M,,,93
201600041031,16,8,8,1150,1,2,3,1,6.0,93051,M,,,93
201600041032,16,8,13,1045,1,2,1,1,6.0,93051,M,,,93
201600041033,16,8,25,150,5,2,6,1,6.0,93051,M,,,93
201600041034,16,8,25,1340,1,2,9,1,6.0,93051,M,,,93
201600041035,16,8,25,1650,1,2,2,1,3.0,93051,M,,,93
201600041036,16,8,27,1900,1,2,1,1,6.0,93051,M,,,93
201600041037,16,8,28,1005,1,2,6,1,3.0,93051,M,,,93
201600041038,16,9,4,1910,1,2,1,1,2.0,93051,M,,,93
201600041039,16,9,9,1445,1,2,1,1,3.0,93051,M,,,93
201600041040,16,9,13,1550,1,2,1,1,6.0,93051,M,,,93
201600041041,16,9,14,1330,1,2,2,1,6.0,93051,M,,,93
201600041042,16,9,16,825,1,2,2,1,6.0,93051,M,,,93
201600041043,16,9,16,1441,1,2,1,1,2.0,93051,M,,,93
201600041044,16,9,20,1120,1,2,1,1,6.0,93051,M,,,93
201600041045,16,9,20,1800,1,2,3,1,3.0,93051,M,,,93
201600041046,16,9,25,1240,1,2,1,2,3.0,93033,M,,,93
201600041047,16,9,28,835,1,2,1,1,6.0,93051,M,,,93
201600041048,16,9,28,940,1,2,9,1,2.0,93051,M,,,93
201600041049,16,9,30,805,1,2,2,8,3.0,93051,M,,,93
201600041050,16,9,30,830,1,2,1,1,6.0,93051,M,,,93
201600041051,16,9,30,2110,4,2,1,2,4.0,93051,M,,,93
201600041052,16,10,6,900,1,2,3,1,3.0,93051,M,,,93
201600041053,16,10,15,2300,5,2,3,1,6.0,93051,M,,,93
201600041054,16,10,27,1200,1,2,1,8,6.0,93051,M,,,93
201600041055,16,10,27,1330,1,2,3,1,3.0,93051,M,,,93
201600041056,16,10,29,730,5,2,1,1,4.0,93051,M,,,93
201600041057,16,11,1,650,5,2,1,1,6.0,93051,M,,,93
201600041058,16,11,1,1035,1,2,2,1,6.0,93051,M,,,93
201600041059,16,11,8,1930,5,2,1,1,3.0,93051,M,,,93
201600041060,16,11,10,1855,5,2,1,2,4.0,93051,M,,,93
201600041061,16,11,12,2050,4,2,1,2,6.0,93051,M,,,93
201600041062,16,11,17,1610,1,2,8,8,6.0,93051,M,,,93
201600041063,16,11,18,1258,1,2,3,1,3.0,93051,M,,,93
201600041064,16,11,18,2135,5,2,3,1,5.0,93051,M,,,93
201600041065,16,11,20,1700,5,2,1,2,6.0,93051,M,,,93
201600041066,16,11,22,935,1,2,2,1,3.0,93051,M,,,93
201600041067,16,11,28,1845,5,2,1,1,2.0,93051,M,,,93
201600041068,16,11,30,1500,1,2,1,1,3.0,93051,M,,,93
201600041069,16,12,9,1300,1,2,1,1,3.0,93051,M,,,93
201600041070,16,12,9,1930,5,2,3,1,3.0,93051,M,,,93
201600041071,16,12,14,1000,1,2,2,1,6.0,93051,M,,,93
201600041072,16,12,15,950,1,2,1,1,6.0,93051,M,,,93
201600041073,16,1,20,1905,5,2,1,1,6.0,93053,M,,,93
201600041074,16,1,23,2115,5,2,2,1,3.0,93053,M,,,93
201600041075,16,1,25,1315,1,2,1,1,6.0,93053,M,,,93
201600041076,16,1,28,1530,1,2,1,1,1.0,93053,M,,,93
201600041077,16,1,30,2005,5,2,1,2,6.0,93053,M,,,93
201600041078,16,2,10,1710,1,2,4,1,3.0,93053,M,,,93
201600041079,16,2,16,1640,1,2,4,1,3.0,93053,M,,,93
201600041080,16,3,9,730,2,2,1,2,6.0,93053,M,,,93
201600041081,16,3,18,1640,1,2,1,1,6.0,93053,M,,,93
201600041082,16,3,21,1350,1,2,7,1,6.0,93053,M,,,93
201600041083,16,3,28,2225,5,2,1,3,6.0,93053,M,,,93
201600041084,16,3,30,718,2,2,2,2,2.0,93053,M,,,93
201600041085,16,4,11,1535,1,2,3,2,3.0,93053,M,,,93
201600041086,16,4,21,855,1,2,1,1,2.0,93053,M,,,93
201600041087,16,5,1,1055,1,2,9,1,3.0,93053,M,,,93
201600041088,16,5,7,1645,1,2,1,1,2.0,93053,M,,,93
201600041089,16,5,9,1237,1,2,1,1,6.0,93053,M,,,93
201600041090,16,5,9,1315,1,2,3,1,3.0,93053,M,,,93
201600041091,16,5,10,1700,1,2,1,3,6.0,93053,M,,,93
201600041092,16,5,16,1925,1,2,3,8,1.0,93053,M,,,93
201600041093,16,5,22,445,2,2,2,2,3.0,93053,M,,,93
201600041094,16,6,4,610,2,2,7,1,1.0,93053,M,,,93
201600041095,16,6,5,930,1,2,3,8,3.0,93053,M,,,93
201600041096,16,6,5,1905,1,2,1,1,6.0,93053,M,,,93
201600041097,16,6,26,1503,1,2,2,1,3.0,93053,M,,,93
201600041098,16,7,4,930,1,2,6,1,3.0,93053,M,,,93
201600041099,16,7,9,2350,5,2,3,1,7.0,93053,M,,,93
201600041100,16,7,21,1810,1,2,1,1,6.0,93053,M,,,93
201600041101,16,7,22,1420,1,2,1,1,6.0,93053,M,,,93
201600041102,16,7,26,905,1,2,1,1,3.0,93053,M,,,93
201600041103,16,8,2,1400,1,2,1,2,6.0,93053,M,,,93
201600041104,16,8,4,1615,1,2,2,1,6.0,93053,M,,,93
201600041105,16,8,20,1630,1,2,1,1,6.0,93053,M,,,93
201600041106,16,9,14,1930,2,2,1,1,3.0,93053,M,,,93
201600041107,16,9,16,810,1,2,3,1,3.0,93053,M,,,93
201600041108,16,10,19,745,1,2,1,1,3.0,93053,M,,,93
201600041109,16,10,24,1900,5,2,2,2,3.0,93053,M,,,93
201600041110,16,10,25,700,5,2,6,1,6.0,93053,M,,,93
201600041111,16,10,26,1620,1,2,1,1,6.0,93053,M,,,93
201600041112,16,11,14,900,1,2,1,8,3.0,93053,M,,,93
201600041113,16,11,20,1545,1,2,1,2,3.0,93053,M,,,93
201600041114,16,11,23,1418,1,2,3,1,3.0,93053,M,,,93
201600041115,16,11,24,1850,5,2,3,1,3.0,93053,M,,,93
201600041116,16,11,28,2355,5,2,1,1,6.0,93053,M,,,93
201600041117,16,11,28,1310,1,2,1,1,3.0,93053,M,,,93
201600041118,16,12,4,1820,5,2,1,1,3.0,93053,M,,,93
201600041119,16,12,6,940,1,2,1,1,3.0,93053,M,,,93
201600041120,16,12,6,1920,5,2,4,1,3.0,93053,M,,,93
201600041121,16,12,13,2300,5,2,3,1,3.0,93053,M,,,93
201600041122,16,1,1,1840,5,2,1,1,6.0,93055,M,,,93
201600041123,16,1,7,740,2,2,1,3,3.0,93055,M,,,93
201600041124,16,1,14,1611,1,2,1,1,2.0,93055,M,,,93
201600041125,16,1,21,1719,5,2,2,1,6.0,93055,M,,,93
201600041126,16,2,2,1725,2,2,3,2,6.0,93055,M,,,93
201600041127,16,5,29,245,5,2,1,1,2.0,93055,M,,,93
201600041128,16,7,6,825,1,2,1,1,2.0,93055,M,,,93
201600041129,16,1,14,1300,1,2,4,1,1.0,93055,M,,,93
201600041130,16,2,3,930,1,2,2,1,3.0,93055,M,,,93
201600041131,16,2,7,2300,5,2,1,6,2.0,93055,M,,,93
201600041132,16,2,18,1135,1,2,2,1,3.0,93055,M,,,93
201600041133,16,2,19,2040,5,2,1,1,2.0,93055,M,,,93
201600041134,16,2,20,145,5,2,1,8,6.0,93055,M,,,93
201600041135,16,3,9,2320,5,2,3,1,3.0,93055,M,,,93
201600041136,16,3,12,1425,1,2,1,1,6.0,93055,M,,,93
201600041137,16,3,12,1810,1,2,1,1,6.0,93055,M,,,93
201600041138,16,4,9,15,5,2,1,1,3.0,93055,M,,,93
201600041139,16,4,13,920,1,2,1,2,3.0,93055,M,,,93
201600041140,16,4,17,1320,1,2,3,2,6.0,93055,M,,,93
201600041141,16,4,19,1430,1,2,1,1,6.0,93055,M,,,93
201600041142,16,4,25,1315,1,2,5,1,3.0,93055,M,,,93
201600041143,16,5,7,1255,1,2,1,1,6.0,93055,M,,,93
201600041144,16,5,9,1715,1,2,1,1,2.0,93055,M,,,93
201600041145,16,5,12,2048,2,2,1,2,6.0,93055,M,,,93
201600041146,16,5,20,1925,1,2,1,1,6.0,93055,M,,,93
201600041147,16,5,21,1252,1,2,1,1,6.0,93055,M,,,93
201600041148,16,4,10,20,5,2,1,1,6.0,93055,M,,,93
201600041149,16,6,6,1700,1,2,1,1,6.0,93055,M,,,93
201600041150,16,6,11,1630,1,2,3,1,6.0,93055,M,,,93
201600041151,16,6,13,2135,2,2,1,1,6.0,93055,M,,,93
201600041152,16,6,15,1420,1,2,1,1,6.0,93055,M,,,93
201600041153,16,6,18,1650,1,2,3,1,3.0,93055,M,,,93
201600041154,16,6,23,1945,1,2,3,1,3.0,93055,M,,,93
201600041155,16,6,28,2020,1,2,1,1,6.0,93055,M,,,93
201600041156,16,8,7,2015,1,2,1,7,6.0,93055,M,,,93
201600041157,16,12,15,1337,1,2,1,1,3.0,93055,M,,,93
201600041158,16,7,14,1350,1,2,1,1,6.0,93055,M,,,93
201600041159,16,7,17,1650,1,2,1,1,2.0,93055,M,,,93
201600041160,16,7,24,900,1,2,4,1,2.0,93055,M,,,93
201600041161,16,8,4,1950,1,2,1,1,6.0,93055,M,,,93
201600041162,16,8,12,1015,1,2,1,1,1.0,93055,M,,,93
201600041163,16,8,30,1725,1,2,9,1,6.0,93055,M,,,93
201600041164,16,9,11,210,5,2,1,1,6.0,93055,M,,,93
201600041165,16,10,1,1930,5,2,1,1,2.0,93055,M,,,93
201600041166,16,11,4,920,2,2,1,2,6.0,93055,M,,,93
201600041167,16,11,5,1230,1,2,1,1,3.0,93055,M,,,93
201600041168,16,11,10,1143,1,2,2,1,3.0,93055,M,,,93
201600041169,16,12,20,1100,1,2,1,1,2.0,93055,M,,,93
201600041170,16,10,15,2353,5,2,1,1,6.0,93055,M,,,93
201600041171,16,1,6,745,1,2,3,2,6.0,93062,M,,,93
201600041172,16,1,7,1945,5,2,2,1,3.0,93062,M,,,93
201600041173,16,1,9,2150,5,2,1,2,3.0,93062,M,,,93
201600041174,16,1,9,908,1,2,1,9,6.0,93062,M,,,93
201600041175,16,1,13,1611,1,1,1,1,7.0,93077,M,,,93
201600041176,16,1,19,800,1,2,2,1,6.0,93062,M,,,93
201600041177,16,1,20,1735,5,2,2,1,6.0,93062,M,,,93
201600041178,16,1,22,1650,2,2,2,2,3.0,93077,M,,,93
201600041179,16,1,30,1150,1,2,1,2,6.0,93077,M,,,93
201600041180,16,2,7,1715,2,2,2,1,5.0,93077,M,,,93
201600041181,16,2,10,1700,1,2,2,2,3.0,93077,M,,,93
201600041182,16,2,11,750,1,2,1,1,2.0,93077,M,,,93
201600041183,16,2,11,1600,1,2,1,2,6.0,93077,M,,,93
201600041184,16,2,13,1043,1,2,2,3,3.0,93077,M,,,93
201600041185,16,2,14,1640,1,2,2,1,6.0,93062,M,,,93
201600041186,16,2,16,1610,1,2,1,1,6.0,93077,M,,,93
201600041187,16,2,18,2035,5,2,2,2,6.0,93077,M,,,93
201600041188,16,2,27,1910,5,2,4,1,6.0,93077,M,,,93
201600041189,16,3,22,1820,1,2,6,1,6.0,93062,M,,,93
201600041190,16,3,24,2240,5,2,1,1,5.0,93062,M,,,93
201600041191,16,4,1,1840,1,2,1,1,6.0,93077,M,,,93
201600041192,16,4,6,810,1,2,6,1,2.0,93077,M,,,93
201600041193,16,4,6,1922,2,2,1,2,2.0,93062,M,,,93
201600041194,16,4,6,1635,1,2,3,2,2.0,93077,M,,,93
201600041195,16,4,11,1245,1,2,1,2,6.0,93077,M,,,93
201600041196,16,4,13,1000,1,2,2,1,6.0,93062,M,,,93
201600041197,16,4,17,1600,1,2,3,1,3.0,93062,M,,,93
201600041198,16,4,22,950,1,2,1,2,6.0,93062,M,,,93
201600041199,16,4,25,520,3,2,1,2,5.0,93077,M,,,93
201600041200,16,4,28,2030,2,2,9,1,4.0,93062,M,,,93
201600041201,16,4,30,1140,1,2,9,1,6.0,93077,M,,,93
201600041202,16,5,3,1715,1,2,1,1,3.0,93077,M,,,93
201600041203,16,5,6,545,2,2,2,1,2.0,93077,M,,,93
201600041204,16,5,6,1615,1,2,5,1,3.0,93077,M,,,93
201600041205,16,5,6,1825,1,2,6,1,7.0,93077,M,,,93
201600041206,16,5,14,1440,1,2,1,1,3.0,93062,M,,,93
201600041207,16,5,18,110,5,2,2,1,3.0,93077,M,,,93
201600041208,16,5,19,920,1,2,1,2,6.0,93062,M,,,93
201600041209,16,5,19,1100,1,2,1,2,6.0,93077,M,,,93
201600041210,16,5,23,1535,1,2,1,1,6.0,93077,M,,,93
201600041211,16,5,26,820,1,2,3,1,3.0,93077,M,,,93
201600041212,16,5,26,1105,1,2,2,1,3.0,93077,M,,,93
201600041213,16,5,27,915,1,2,2,1,3.0,93077,M,,,93
201600041214,16,6,7,1145,1,2,2,1,3.0,93077,M,,,93
201600041215,16,6,10,900,1,2,3,1,3.0,93077,M,,,93
201600041216,16,6,14,1335,1,2,2,1,3.0,93077,M,,,93
201600041217,16,6,16,1751,1,2,1,2,6.0,93077,M,,,93
201600041218,16,6,17,1030,1,2,3,1,3.0,93062,M,,,93
201600041219,16,6,18,2230,5,2,1,1,6.0,93077,M,,,93
201600041220,16,6,18,1310,1,2,2,1,2.0,93077,M,,,93
201600041221,16,6,22,1815,1,2,2,1,1.0,93077,M,,,93
201600041222,16,6,23,1800,1,2,1,1,4.0,93077,M,,,93
201600041223,16,6,24,910,1,2,6,1,3.0,93077,M,,,93
201600041224,16,6,24,1725,1,2,2,1,7.0,93062,M,,,93
201600041225,16,6,18,520,1,2,1,1,7.0,93077,M,,,93
201600041226,16,6,27,1030,1,2,2,2,6.0,93062,M,,,93
201600041227,16,6,28,825,1,2,2,1,3.0,93062,M,,,93
201600041228,16,6,29,1530,1,2,2,1,3.0,93077,M,,,93
201600041229,16,7,5,2135,2,2,2,1,3.0,93077,M,,,93
201600041230,16,7,9,110,5,2,2,1,4.0,93077,M,,,93
201600041231,16,7,9,2014,2,2,1,1,6.0,93077,M,,,93
201600041232,16,7,17,335,5,2,1,1,6.0,93077,M,,,93
201600041233,16,7,22,1350,1,2,2,1,1.0,93062,M,,,93
201600041234,16,7,26,800,1,2,1,1,1.0,93062,M,,,93
201600041235,16,8,8,1410,1,2,2,1,3.0,93077,M,,,93
201600041236,16,8,9,2215,5,2,1,1,3.0,93077,M,,,93
201600041237,16,8,17,1735,1,2,6,7,6.0,93062,M,,,93
201600041238,16,8,25,1705,1,2,1,1,6.0,93077,M,,,93
201600041239,16,9,5,1445,1,2,1,2,3.0,93077,M,,,93
201600041240,16,9,9,750,1,2,1,1,6.0,93077,M,,,93
201600041241,16,9,9,1419,1,2,5,1,3.0,93077,M,,,93
201600041242,16,9,10,1235,1,2,2,1,3.0,93014,M,,,93
201600041243,16,9,10,1600,1,2,1,1,5.0,93062,M,,,93
201600041244,16,9,15,7,5,2,1,2,6.0,93062,M,,,93
201600041245,16,9,16,1410,1,2,1,1,6.0,93077,M,,,93
201600041246,16,9,16,2020,5,2,2,3,3.0,93077,M,,,93
201600041247,16,9,18,1750,1,2,1,1,2.0,93077,M,,,93
201600041248,16,9,19,1115,1,2,2,2,3.0,93077,M,,,93
201600041249,16,9,21,1747,1,2,6,7,6.0,93062,M,,,93
201600041250,16,9,24,1935,5,2,3,1,7.0,93077,M,,,93
201600041251,16,9,28,830,1,2,2,1,3.0,93077,M,,,93
201600041252,16,9,28,2300,5,2,9,1,3.0,93077,M,,,93
201600041253,16,9,29,1300,1,2,6,1,2.0,93062,M,,,93
201600041254,16,10,1,635,5,2,1,9,3.0,93077,M,,,93
201600041255,16,10,4,745,2,2,1,1,4.0,93077,M,,,93
201600041256,16,10,5,2307,5,2,1,1,6.0,93077,M,,,93
201600041257,16,10,7,1650,1,2,1,8,6.0,93077,M,,,93
201600041258,16,10,7,2350,5,2,1,1,7.0,93077,M,,,93
201600041259,16,10,8,1915,1,2,2,1,3.0,93077,M,,,93
201600041260,16,10,13,1105,1,2,1,1,2.0,93077,M,,,93
201600041261,16,10,13,1810,2,2,1,2,1.0,93062,M,,,93
201600041262,16,10,16,455,5,2,1,1,2.0,93077,M,,,93
201600041263,16,10,20,2015,5,2,1,8,3.0,93062,M,,,93
201600041264,16,10,22,835,2,2,1,5,7.0,93077,M,,,93
201600041265,16,10,25,1824,5,2,1,1,6.0,93077,M,,,93
201600041266,16,10,26,130,5,2,1,1,6.0,93077,M,,,93
201600041267,16,10,31,1540,1,2,1,1,6.0,93077,M,,,93
201600041268,16,11,18,1525,1,2,1,1,6.0,93062,M,,,93
201600041269,16,11,21,750,2,2,8,2,6.0,93077,M,,,93
201600041270,16,11,22,1920,5,2,2,1,3.0,93062,M,,,93
201600041271,16,11,27,1025,1,2,9,1,2.0,93077,M,,,93
201600041272,16,11,29,1715,5,2,1,1,7.0,93077,M,,,93
201600041273,16,12,1,740,5,2,1,1,6.0,93062,M,,,93
201600041274,16,12,1,2150,5,2,1,1,6.0,93077,M,,,93
201600041275,16,12,6,800,1,2,1,1,6.0,93062,M,,,93
201600041276,16,12,8,1450,1,2,2,1,6.0,93077,M,,,93
201600041277,16,12,13,900,1,2,8,2,3.0,93077,M,,,93
201600041278,16,12,14,1910,5,2,2,8,1.0,93077,M,,,93
201600041279,16,1,5,805,5,2,5,2,6.0,93064,M,,,93
201600041280,16,1,6,1840,5,2,2,1,6.0,93064,M,,,93
201600041281,16,1,12,1645,1,2,1,1,6.0,93064,M,,,93
201600041282,16,1,13,1640,2,2,1,8,6.0,93064,M,,,93
201600041283,16,1,13,2035,5,2,1,8,6.0,93064,M,,,93
201600041284,16,1,21,1435,1,2,1,1,6.0,93064,M,,,93
201600041285,16,1,26,630,5,2,1,1,6.0,93064,M,,,93
201600041286,16,1,30,1230,1,2,5,3,1.0,93064,M,,,93
201600041287,16,2,1,1400,1,2,1,1,6.0,93064,M,,,93
201600041288,16,2,3,1830,5,2,1,9,6.0,93064,M,,,93
201600041289,16,2,5,1540,1,2,1,1,2.0,93064,M,,,93
201600041290,16,2,9,1225,1,2,1,3,6.0,93064,M,,,93
201600041291,16,2,9,1740,5,2,1,8,6.0,93064,M,,,93
201600041292,16,2,10,1420,1,2,1,1,2.0,93064,M,,,93
201600041293,16,2,10,1745,2,2,1,1,6.0,93064,M,,,93
201600041294,16,2,15,1430,1,2,1,1,6.0,93064,M,,,93
201600041295,16,2,20,1720,1,2,1,1,6.0,93064,M,,,93
201600041296,16,2,20,2000,4,2,1,8,6.0,93064,M,,,93
201600041297,16,3,6,1030,1,2,1,1,6.0,93064,M,,,93
201600041298,16,3,8,900,1,2,2,2,6.0,93064,M,,,93
201600041299,16,3,9,1400,1,2,1,2,6.0,93064,M,,,93
201600041300,16,3,16,2007,5,2,2,1,6.0,93064,M,,,93
201600041301,16,3,19,830,1,2,3,1,6.0,93064,M,,,93
201600041302,16,3,20,1755,1,2,1,1,6.0,93064,M,,,93
201600041303,16,3,21,1250,1,2,1,1,6.0,93064,M,,,93
201600041304,16,3,22,1418,1,2,1,1,6.0,93064,M,,,93
201600041305,16,3,24,810,1,2,1,1,6.0,93064,M,,,93
201600041306,16,4,1,1723,1,2,1,1,6.0,93064,M,,,93
201600041307,16,4,15,1255,1,2,1,1,4.0,93064,M,,,93
201600041308,16,4,17,2200,5,2,1,1,6.0,93064,M,,,93
201600041309,16,4,23,1500,1,2,1,8,6.0,93064,M,,,93
201600041310,16,5,7,1445,1,2,1,1,6.0,93064,M,,,93
201600041311,16,5,14,1440,1,2,1,1,6.0,93064,M,,,93
201600041312,16,5,22,1010,1,2,1,2,6.0,93064,M,,,93
201600041313,16,5,23,2120,5,2,2,2,6.0,93064,M,,,93
201600041314,16,5,27,2330,5,2,1,1,6.0,93064,M,,,93
201600041315,16,6,6,1755,1,2,1,1,6.0,93064,M,,,93
201600041316,16,6,7,2200,5,2,2,1,6.0,93064,M,,,93
201600041317,16,6,12,2138,5,2,1,2,6.0,93064,M,,,93
201600041318,16,6,15,1650,1,1,3,1,6.0,93064,M,,,93
201600041319,16,6,17,1910,1,2,1,2,6.0,93064,M,,,93
201600041320,16,6,29,825,1,2,1,1,6.0,93064,M,,,93
201600041321,16,7,5,1200,1,2,1,1,6.0,93064,M,,,93
201600041322,16,7,6,820,1,1,1,1,6.0,93077,M,,,93
201600041323,16,7,7,930,1,2,3,1,6.0,93064,M,,,93
201600041324,16,7,19,2025,1,2,1,1,6.0,93064,M,,,93
201600041325,16,7,22,1510,1,2,1,1,6.0,93064,M,,,93
201600041326,16,7,26,940,1,2,1,1,6.0,93064,M,,,93