Num_Acc,an,mois,jour,hrmn,lum,agg,int,atm,col,com,gps,lat,long,dep
201600041327,16,8,3,1844,1,2,1,2,6.0,93064,M,,,93
201600041328,16,8,12,1725,1,2,1,1,6.0,93064,M,,,93
201600041329,16,8,15,1600,1,2,1,1,6.0,93064,M,,,93
201600041330,16,8,24,1830,1,2,2,1,6.0,93064,M,,,93
201600041331,16,9,12,900,1,2,1,1,6.0,93064,M,,,93
201600041332,16,9,13,1500,1,2,2,1,1.0,93064,M,,,93
201600041333,16,9,19,540,5,2,1,1,6.0,93064,M,,,93
201600041334,16,9,21,1815,1,2,1,1,6.0,93064,M,,,93
201600041335,16,9,22,1325,1,2,1,1,6.0,93064,M,,,93
201600041336,16,9,24,1430,1,2,1,1,6.0,93064,M,,,93
201600041337,16,9,27,1145,1,2,3,1,6.0,93064,M,,,93
201600041338,16,9,27,1340,1,2,9,1,6.0,93064,M,,,93
201600041339,16,10,6,1935,5,2,3,1,6.0,93064,M,,,93
201600041340,16,10,6,2025,5,2,1,1,6.0,93064,M,,,93
201600041341,16,10,9,55,5,2,1,1,7.0,93064,M,,,93
201600041342,16,10,10,820,1,2,1,1,6.0,93064,M,,,93
201600041343,16,10,13,1630,1,2,1,2,6.0,93064,M,,,93
201600041344,16,10,15,1740,1,2,2,1,6.0,93064,M,,,93
201600041345,16,10,18,2033,5,2,1,2,6.0,93064,M,,,93
201600041346,16,10,27,1240,1,2,2,1,6.0,93064,M,,,93
201600041347,16,10,31,1845,5,2,1,1,6.0,93064,M,,,93
201600041348,16,11,6,2330,5,2,1,1,6.0,93064,M,,,93
201600041349,16,11,8,1825,5,2,1,1,6.0,93064,M,,,93
201600041350,16,11,10,1725,5,2,3,2,6.0,93064,M,,,93
201600041351,16,11,12,1830,3,2,1,2,7.0,93064,M,,,93
201600041352,16,11,14,1900,5,2,1,8,6.0,93064,M,,,93
201600041353,16,11,18,1045,1,2,1,1,6.0,93064,M,,,93
201600041354,16,11,20,1805,5,2,6,2,6.0,93064,M,,,93
201600041355,16,11,26,1145,1,2,1,1,6.0,93064,M,,,93
201600041356,16,12,1,1745,5,2,1,5,6.0,93064,M,,,93
201600041357,16,12,10,1745,5,2,1,5,3.0,93064,M,,,93
201600041358,16,12,12,2130,5,2,1,2,3.0,93064,M,,,93
201600041359,16,1,3,630,3,2,3,1,3.0,93039,M,,,93
201600041360,16,1,7,845,1,2,1,2,6.0,93066,M,,,93
201600041361,16,1,12,1830,5,2,1,2,2.0,93066,M,,,93
201600041362,16,1,13,845,1,2,6,1,3.0,93066,M,,,93
201600041363,16,1,13,1400,1,2,1,1,6.0,93066,M,,,93
201600041364,16,1,17,637,5,2,4,1,3.0,93066,M,,,93
201600041365,16,1,20,2045,5,2,6,1,6.0,93066,M,,,93
201600041366,16,1,21,1545,1,2,2,1,3.0,93066,M,,,93
201600041367,16,1,22,1600,1,2,2,2,3.0,93066,M,,,93
201600041368,16,1,26,1955,5,2,1,1,6.0,93066,M,,,93
201600041369,16,1,27,1630,1,2,1,2,6.0,93066,M,,,93
201600041370,16,2,1,1235,1,2,2,1,3.0,93066,M,,,93
201600041371,16,2,2,1440,1,2,2,1,2.0,93066,M,,,93
201600041372,16,2,4,540,3,1,1,2,2.0,93066,M,,,93
201600041373,16,2,6,1100,1,2,3,1,6.0,93066,M,,,93
201600041374,16,2,7,225,5,2,3,3,6.0,93066,M,,,93
201600041375,16,2,9,900,1,2,1,3,6.0,93066,M,,,93
201600041376,16,2,9,1900,5,2,1,2,3.0,93066,M,,,93
201600041377,16,2,11,610,2,2,2,8,3.0,93066,M,,,93
201600041378,16,2,19,1415,1,2,4,1,3.0,93066,M,,,93
201600041379,16,2,22,1735,2,2,1,2,3.0,93066,M,,,93
201600041380,16,2,23,120,5,2,1,3,3.0,93066,M,,,93
201600041381,16,2,23,900,2,2,3,3,3.0,93066,M,,,93
201600041382,16,2,25,1545,1,2,5,1,3.0,93066,M,,,93
201600041383,16,2,27,2130,5,2,3,1,1.0,93066,M,,,93
201600041384,16,2,28,630,5,2,3,1,6.0,93066,M,,,93
201600041385,16,3,2,230,5,1,1,2,6.0,93039,M,,,93
201600041386,16,3,3,1245,1,2,2,1,6.0,93066,M,,,93
201600041387,16,3,3,1825,1,2,1,1,2.0,93066,M,,,93
201600041388,16,3,3,2015,5,2,1,1,2.0,93039,M,,,93
201600041389,16,3,9,830,1,2,1,3,2.0,93066,M,,,93
201600041390,16,3,11,130,5,2,1,1,3.0,93066,M,,,93
201600041391,16,3,12,600,5,2,3,1,3.0,93066,M,,,93
201600041392,16,3,13,1340,1,2,2,1,3.0,93066,M,,,93
201600041393,16,3,14,735,1,2,1,1,3.0,93066,M,,,93
201600041394,16,3,14,930,1,2,1,7,6.0,93066,M,,,93
201600041395,16,3,15,1230,1,2,1,1,6.0,93066,M,,,93
201600041396,16,3,15,1840,2,2,3,1,3.0,93066,M,,,93
201600041397,16,3,15,1945,2,2,2,1,3.0,93066,M,,,93
201600041398,16,3,16,2215,5,2,1,1,3.0,93066,M,,,93
201600041399,16,3,17,1145,1,2,1,1,3.0,93066,M,,,93
201600041400,16,3,17,1420,1,2,1,1,3.0,93066,M,,,93
201600041401,16,3,16,1810,5,2,1,1,1.0,93066,M,,,93
201600041402,16,3,17,2305,5,2,1,1,2.0,93066,M,,,93
201600041403,16,3,18,1755,1,2,1,1,6.0,93066,M,,,93
201600041404,16,3,20,1350,1,2,1,1,6.0,93066,M,,,93
201600041405,16,3,25,1800,1,2,1,1,6.0,93066,M,,,93
201600041406,16,3,27,2020,5,2,1,1,6.0,93066,M,,,93
201600041407,16,3,30,2300,5,2,2,2,3.0,93066,M,,,93
201600041408,16,4,1,715,2,2,1,8,2.0,93066,M,,,93
201600041409,16,4,1,2310,5,2,1,1,3.0,93066,M,,,93
201600041410,16,4,4,1230,1,2,1,1,4.0,93066,M,,,93
201600041411,16,4,5,830,1,2,1,1,6.0,93066,M,,,93
201600041412,16,4,7,900,1,2,1,1,3.0,93066,M,,,93
201600041413,16,4,9,115,5,2,9,1,4.0,93066,M,,,93
201600041414,16,4,11,2015,2,2,1,1,1.0,93039,M,,,93
201600041415,16,4,13,1708,1,2,4,1,2.0,93066,M,,,93
201600041416,16,4,16,1510,1,2,1,1,2.0,93066,M,,,93
201600041417,16,4,16,1900,1,2,5,1,3.0,93066,M,,,93
201600041418,16,4,18,2030,2,2,9,1,2.0,93066,M,,,93
201600041419,16,4,19,1945,1,2,1,1,3.0,93039,M,,,93
201600041420,16,4,19,2010,1,2,1,1,6.0,93039,M,,,93
201600041421,16,4,20,750,1,2,1,1,6.0,93039,M,,,93
201600041422,16,4,20,930,1,2,1,1,1.0,93066,M,,,93
201600041423,16,4,22,1520,1,2,2,1,3.0,93066,M,,,93
201600041424,16,4,26,2345,5,2,2,1,7.0,93066,M,,,93
201600041425,16,5,3,902,1,2,3,1,1.0,93066,M,,,93
201600041426,16,5,4,1700,1,2,1,1,6.0,93066,M,,,93
201600041427,16,5,4,1838,1,2,1,1,6.0,93066,M,,,93
201600041428,16,5,6,1830,1,2,1,1,2.0,93066,M,,,93
201600041429,16,5,6,1758,1,2,1,1,6.0,93066,M,,,93
201600041430,16,5,8,1705,1,2,1,1,2.0,93066,M,,,93
201600041431,16,5,7,2120,2,2,1,1,3.0,93066,M,,,93
201600041432,16,5,13,1400,1,2,3,1,1.0,93066,M,,,93
201600041433,16,5,13,1800,1,2,9,2,1.0,93066,M,,,93
201600041434,16,5,16,1820,1,2,1,1,7.0,93066,M,,,93
201600041435,16,5,17,1355,1,2,2,1,6.0,93066,M,,,93
201600041436,16,5,18,1300,1,2,2,1,6.0,93066,M,,,93
201600041437,16,5,18,2030,1,2,1,1,6.0,93066,M,,,93
201600041438,16,5,20,800,1,2,1,2,4.0,93066,M,,,93
201600041439,16,5,21,430,5,2,1,1,6.0,93066,M,,,93
201600041440,16,5,21,1055,1,2,1,1,6.0,93066,M,,,93
201600041441,16,5,21,2130,2,2,1,1,2.0,93066,M,,,93
201600041442,16,5,22,315,5,2,1,2,3.0,93066,M,,,93
201600041443,16,5,23,950,1,2,1,2,4.0,93066,M,,,93
201600041444,16,5,23,1100,1,2,1,3,3.0,93066,M,,,93
201600041445,16,5,23,1820,1,2,5,1,3.0,93066,M,,,93
201600041446,16,5,26,1600,1,2,1,1,3.0,93066,M,,,93
201600041447,16,5,27,610,1,2,1,1,6.0,93066,M,,,93
201600041448,16,5,31,700,1,2,1,3,5.0,93066,M,,,93
201600041449,16,5,31,1345,1,2,1,2,3.0,93066,M,,,93
201600041450,16,6,2,830,1,2,1,1,3.0,93066,M,,,93
201600041451,16,6,4,1725,1,2,1,1,6.0,93066,M,,,93
201600041452,16,6,4,2000,1,2,2,1,6.0,93066,M,,,93
201600041453,16,6,7,1655,1,1,1,1,6.0,93066,M,,,93
201600041454,16,6,8,830,1,2,1,1,2.0,93066,M,,,93
201600041455,16,6,8,2140,1,2,3,1,3.0,93066,M,,,93
201600041456,16,6,9,1740,1,2,2,1,3.0,93039,M,,,93
201600041457,16,6,10,1500,1,2,1,1,6.0,93066,M,,,93
201600041458,16,6,18,2000,1,2,1,9,2.0,93066,M,,,93
201600041459,16,6,19,50,5,2,1,1,3.0,93066,M,,,93
201600041460,16,6,20,1150,1,2,1,2,3.0,93066,M,,,93
201600041461,16,6,23,1145,1,2,1,1,6.0,93066,M,,,93
201600041462,16,6,24,2000,1,2,1,1,6.0,93066,M,,,93
201600041463,16,6,26,400,5,2,1,1,3.0,93066,M,,,93
201600041464,16,6,26,1950,1,2,9,1,6.0,93066,M,,,93
201600041465,16,6,21,2030,1,2,3,1,3.0,93066,M,,,93
201600041466,16,6,28,130,5,2,2,1,3.0,93066,M,,,93
201600041467,16,6,22,1730,1,2,1,1,6.0,93066,M,,,93
201600041468,16,6,28,1430,1,2,1,1,3.0,93066,M,,,93
201600041469,16,6,29,1445,1,2,2,1,3.0,93066,M,,,93
201600041470,16,6,29,1545,1,2,1,1,6.0,93066,M,,,93
201600041471,16,6,30,1350,1,2,2,1,6.0,93066,M,,,93
201600041472,16,6,30,1355,1,2,6,1,3.0,93066,M,,,93
201600041473,16,6,30,1800,1,2,1,2,3.0,93066,M,,,93
201600041474,16,7,1,1330,1,2,2,1,2.0,93066,M,,,93
201600041475,16,7,2,1430,1,2,1,1,6.0,93066,M,,,93
201600041476,16,7,3,1015,1,2,1,1,4.0,93066,M,,,93
201600041477,16,7,2,2050,2,2,9,1,2.0,93066,M,,,93
201600041478,16,7,3,2000,1,2,1,2,6.0,93066,M,,,93
201600041479,16,7,4,2045,2,2,1,1,6.0,93066,M,,,93
201600041480,16,7,5,1900,1,2,1,1,6.0,93066,M,,,93
201600041481,16,7,7,1810,1,2,1,1,1.0,93066,M,,,93
201600041482,16,7,10,1430,1,2,4,1,4.0,93066,M,,,93
201600041483,16,7,12,2020,1,2,1,1,6.0,93066,M,,,93
201600041484,16,7,19,1405,1,2,1,1,3.0,93066,M,,,93
201600041485,16,7,20,1315,1,2,1,2,6.0,93066,M,,,93
201600041486,16,7,20,2045,1,2,1,1,6.0,93066,M,,,93
201600041487,16,7,21,1945,1,2,3,1,3.0,93066,M,,,93
201600041488,16,7,21,2330,5,2,3,1,2.0,93066,M,,,93
201600041489,16,7,27,1520,1,2,1,1,6.0,93066,M,,,93
201600041490,16,7,29,1824,1,2,1,1,6.0,93066,M,,,93
201600041491,16,7,30,1645,1,2,1,1,6.0,93066,M,,,93
201600041492,16,8,15,1730,1,2,1,7,6.0,93066,M,,,93
201600041493,16,8,17,2000,1,2,3,1,6.0,93066,M,,,93
201600041494,16,8,18,930,1,2,6,2,3.0,93066,M,,,93
201600041495,16,8,18,1820,1,2,1,1,6.0,93066,M,,,93
201600041496,16,8,21,109,5,2,2,1,3.0,93066,M,,,93
201600041497,16,8,22,905,1,2,1,1,6.0,93066,M,,,93
201600041498,16,8,25,915,1,2,2,1,2.0,93066,M,,,93
201600041499,16,8,26,1300,1,2,1,1,3.0,93066,M,,,93
201600041500,16,8,30,915,1,2,1,1,3.0,93066,M,,,93
201600041501,16,9,1,45,5,2,1,1,2.0,93066,M,,,93
201600041502,16,9,3,2320,5,2,3,1,3.0,93066,M,,,93
201600041503,16,9,8,1245,1,2,1,1,6.0,93066,M,,,93
201600041504,16,9,11,1030,1,2,2,1,3.0,93066,M,,,93
201600041505,16,9,11,1855,1,2,1,1,6.0,93066,M,,,93
201600041506,16,9,13,640,2,2,1,1,1.0,93039,M,,,93
201600041507,16,9,15,945,1,2,1,2,3.0,93066,M,,,93
201600041508,16,9,16,1750,1,2,1,2,2.0,93066,M,,,93
201600041509,16,9,22,1052,1,2,3,1,6.0,93039,M,,,93
201600041510,16,9,23,1925,1,2,1,1,2.0,93066,M,,,93
201600041511,16,9,25,1850,1,2,1,1,6.0,93066,M,,,93
201600041512,16,9,27,400,5,2,1,1,3.0,93066,M,,,93
201600041513,16,9,27,705,2,2,4,1,3.0,93066,M,,,93
201600041514,16,9,29,1730,1,2,1,1,6.0,93066,M,,,93
201600041515,16,9,30,1000,1,2,3,1,6.0,93066,M,,,93
201600041516,16,9,30,1000,1,2,1,1,6.0,93066,M,,,93
201600041517,16,10,1,1055,1,2,1,1,6.0,93066,M,,,93
201600041518,16,10,1,1915,2,2,1,7,6.0,93066,M,,,93
201600041519,16,10,3,1600,1,2,1,1,3.0,93066,M,,,93
201600041520,16,10,3,1800,1,2,2,1,3.0,93066,M,,,93
201600041521,16,10,4,1744,1,2,3,1,3.0,93066,M,,,93
201600041522,16,10,5,1505,1,2,1,1,2.0,93066,M,,,93
201600041523,16,10,2,1340,1,2,1,1,6.0,93066,M,,,93
201600041524,16,10,5,2300,5,2,1,1,6.0,93066,M,,,93
201600041525,16,10,7,1145,1,2,1,1,2.0,93066,M,,,93
201600041526,16,10,8,1745,1,2,1,1,6.0,93066,M,,,93
201600041527,16,10,9,1715,1,1,3,1,3.0,93066,M,,,93
201600041528,16,10,1,2030,2,2,4,1,3.0,93066,M,,,93
201600041529,16,10,8,2325,5,2,1,1,5.0,93066,M,,,93
201600041530,16,10,11,1415,1,2,1,1,2.0,93066,M,,,93
201600041531,16,10,11,2200,5,2,2,1,3.0,93066,M,,,93
201600041532,16,10,14,640,5,2,3,1,1.0,93066,M,,,93
201600041533,16,10,14,2225,5,2,1,2,4.0,93066,M,,,93
201600041534,16,10,17,845,1,2,1,2,7.0,93066,M,,,93
201600041535,16,10,18,1710,1,2,3,9,3.0,93066,M,,,93
201600041536,16,10,18,2020,5,2,1,1,6.0,93066,M,,,93
201600041537,16,10,20,1550,1,2,1,2,6.0,93066,M,,,93
201600041538,16,10,20,2115,3,2,1,1,6.0,93066,M,,,93
201600041539,16,10,21,830,1,2,1,2,6.0,93066,M,,,93
201600041540,16,10,21,1525,1,2,1,3,2.0,93066,M,,,93
201600041541,16,10,24,1740,1,2,1,2,3.0,93066,M,,,93
201600041542,16,10,25,1305,1,2,1,1,6.0,93066,M,,,93
201600041543,16,10,26,120,3,2,1,1,2.0,93066,M,,,93
201600041544,16,10,29,1720,1,2,1,1,6.0,93066,M,,,93
201600041545,16,10,31,13,4,2,1,1,1.0,93066,M,,,93
201600041546,16,11,2,2310,5,2,1,1,2.0,93066,M,,,93
201600041547,16,11,3,2110,5,2,1,1,3.0,93066,M,,,93
201600041548,16,11,4,1930,5,2,1,2,6.0,93066,M,,,93
201600041549,16,11,9,1040,1,2,1,3,1.0,93039,M,,,93
201600041550,16,11,10,30,5,2,1,2,2.0,93066,M,,,93
201600041551,16,11,11,600,5,2,2,2,3.0,93066,M,,,93
201600041552,16,11,11,1235,1,2,3,1,3.0,93066,M,,,93
201600041553,16,11,11,2145,5,2,1,1,3.0,93066,M,,,93
201600041554,16,11,12,855,1,1,1,1,6.0,93039,M,,,93
201600041555,16,11,13,220,5,2,4,2,1.0,93066,M,,,93
201600041556,16,11,13,2140,5,2,1,2,2.0,93066,M,,,93
201600041557,16,11,14,1130,1,2,1,1,6.0,93066,M,,,93
201600041558,16,11,18,810,1,1,1,8,2.0,93066,M,,,93
201600041559,16,11,18,1805,2,2,1,1,6.0,93066,M,,,93
201600041560,16,11,21,2010,5,2,3,1,3.0,93066,M,,,93
201600041561,16,11,22,2220,5,2,2,1,3.0,93066,M,,,93
201600041562,16,11,23,1930,5,2,1,8,6.0,93066,M,,,93
201600041563,16,11,25,1345,1,2,2,8,3.0,93066,M,,,93
201600041564,16,11,28,1335,1,1,5,1,3.0,93066,M,,,93
201600041565,16,11,29,1830,5,2,1,1,3.0,93066,M,,,93
201600041566,16,11,30,1600,1,2,3,1,6.0,93066,M,,,93
201600041567,16,11,30,1935,5,2,5,1,3.0,93066,M,,,93
201600041568,16,12,2,720,2,2,1,1,6.0,93066,M,,,93
201600041569,16,12,5,2315,3,2,2,1,3.0,93066,M,,,93
201600041570,16,12,8,840,1,2,1,8,3.0,93066,M,,,93
201600041571,16,12,8,1150,1,2,1,1,6.0,93066,M,,,93
201600041572,16,12,8,1500,1,2,1,1,6.0,93066,M,,,93
201600041573,16,12,12,220,5,2,1,1,1.0,93066,M,,,93
201600041574,16,12,12,1750,5,2,3,2,6.0,93066,M,,,93
201600041575,16,12,18,520,5,2,1,1,6.0,93066,M,,,93
201600041576,16,12,21,2335,5,2,1,3,5.0,93066,M,,,93
201600041577,16,12,26,800,1,2,2,2,3.0,93066,M,,,93
201600041578,16,12,29,1325,1,2,2,1,6.0,93066,M,,,93
201600041579,16,1,5,1450,1,2,1,1,6.0,93070,M,,,93
201600041580,16,1,7,1020,1,2,1,2,3.0,93070,M,,,93
201600041581,16,1,11,1420,1,2,1,1,3.0,93070,M,,,93
201600041582,16,1,13,1325,1,2,1,1,3.0,93070,M,,,93
201600041583,16,1,27,1655,2,2,6,1,3.0,93070,M,,,93
201600041584,16,1,31,2040,3,2,1,2,6.0,93070,M,,,93
201600041585,16,2,1,1635,1,2,1,2,2.0,93070,M,,,93
201600041586,16,2,13,2000,5,2,2,2,3.0,93070,M,,,93
201600041587,16,3,1,1300,1,2,1,2,6.0,93070,M,,,93
201600041588,16,3,1,1530,1,2,1,3,6.0,93070,M,,,93
201600041589,16,3,2,1920,5,2,1,2,6.0,93070,M,,,93
201600041590,16,3,7,1640,1,2,1,1,6.0,93070,M,,,93
201600041591,16,3,9,955,1,2,1,3,3.0,93070,M,,,93
201600041592,16,3,22,1235,1,2,1,1,6.0,93070,M,,,93
201600041593,16,4,5,1350,1,2,1,1,1.0,93070,M,,,93
201600041594,16,4,6,2200,5,2,3,1,1.0,93070,M,,,93
201600041595,16,4,7,1330,1,2,5,1,1.0,93070,M,,,93
201600041596,16,4,8,1450,1,2,1,1,6.0,93070,M,,,93
201600041597,16,4,14,1730,1,2,1,2,2.0,93070,M,,,93
201600041598,16,4,21,1320,1,2,3,1,3.0,93070,M,,,93
201600041599,16,4,22,1720,1,2,3,1,6.0,93070,M,,,93
201600041600,16,4,23,1900,1,2,1,1,2.0,93070,M,,,93
201600041601,16,5,3,1610,1,2,1,1,2.0,93070,M,,,93
201600041602,16,5,20,820,1,2,1,2,6.0,93070,M,,,93
201600041603,16,5,21,1640,1,2,1,1,3.0,93070,M,,,93
201600041604,16,5,29,1320,1,2,1,1,6.0,93070,M,,,93
201600041605,16,5,28,1850,1,2,1,1,6.0,93070,M,,,93
201600041606,16,5,30,1130,1,2,1,3,6.0,93070,M,,,93
201600041607,16,5,30,2115,5,2,1,3,3.0,93070,M,,,93
201600041608,16,6,12,1920,1,2,1,1,6.0,93070,M,,,93
201600041609,16,6,17,1800,1,2,1,2,6.0,93070,M,,,93
201600041610,16,6,21,1815,1,2,3,1,3.0,93070,M,,,93
201600041611,16,6,24,2240,5,2,1,1,6.0,93070,M,,,93
201600041612,16,7,13,1645,1,2,1,1,3.0,93070,M,,,93
201600041613,16,7,15,2240,5,2,1,1,6.0,93070,M,,,93
201600041614,16,7,19,1805,1,2,1,1,1.0,93070,M,,,93
201600041615,16,7,20,1030,1,2,2,1,3.0,93070,M,,,93
201600041616,16,7,23,620,1,2,2,1,3.0,93070,M,,,93
201600041617,16,7,28,1600,1,2,1,1,2.0,93070,M,,,93
201600041618,16,2,29,135,5,2,1,1,1.0,93070,M,,,93
201600041619,16,8,17,1220,1,2,1,1,2.0,93070,M,,,93
201600041620,16,8,13,1710,1,2,3,1,1.0,93070,M,,,93
201600041621,16,8,19,1830,1,2,1,2,2.0,93070,M,,,93
201600041622,16,8,22,250,5,2,4,1,3.0,93070,M,,,93
201600041623,16,9,5,1225,1,2,3,2,3.0,93070,M,,,93
201600041624,16,9,10,1500,1,2,9,1,2.0,93070,M,,,93
201600041625,16,9,12,1930,1,2,1,1,5.0,93070,M,,,93
201600041626,16,9,20,1548,1,2,3,1,6.0,93070,M,,,93
201600041627,16,9,28,1730,1,2,1,1,6.0,93070,M,,,93
201600041628,16,10,15,1843,5,2,1,1,6.0,93070,M,,,93
201600041629,16,10,16,2015,5,2,9,1,6.0,93070,M,,,93
201600041630,16,10,17,1740,1,2,3,1,6.0,93070,M,,,93
201600041631,16,10,22,1415,1,2,9,1,2.0,93070,M,,,93
201600041632,16,11,4,1700,2,2,9,2,3.0,93070,M,,,93
201600041633,16,11,19,1205,1,2,1,1,6.0,93070,M,,,93
201600041634,16,11,21,1125,1,2,1,1,3.0,93070,M,,,93
201600041635,16,11,21,1630,1,2,2,2,5.0,93070,M,,,93
201600041636,16,11,29,915,1,2,1,1,2.0,93070,M,,,93
201600041637,16,11,29,1930,5,2,1,1,6.0,93070,M,,,93
201600041638,16,11,30,1450,1,2,1,1,5.0,93070,M,,,93
201600041639,16,12,2,2110,5,2,1,1,3.0,93070,M,,,93
201600041640,16,12,3,1550,1,2,1,1,3.0,93070,M,,,93
201600041641,16,12,5,1130,1,2,1,1,6.0,93070,M,,,93
201600041642,16,12,12,1605,1,2,1,2,3.0,93070,M,,,93
201600041643,16,12,12,1640,2,2,3,2,3.0,93070,M,,,93
201600041644,16,12,14,1245,1,2,1,1,2.0,93070,M,,,93
201600041645,16,12,14,1610,1,2,1,1,3.0,93070,M,,,93
201600041646,16,12,16,1800,3,2,8,1,6.0,93070,M,,,93
201600041647,16,12,23,2000,5,2,1,1,1.0,93070,M,,,93
201600041648,16,12,29,1015,1,2,1,1,3.0,93070,M,,,93
201600041649,16,1,7,1630,1,2,4,8,6.0,93071,M,,,93
201600041650,16,1,10,1304,1,2,2,8,3.0,93071,M,,,93
201600041651,16,1,14,1337,1,2,3,1,6.0,93071,M,,,93
201600041652,16,1,21,1800,5,2,3,1,3.0,93071,M,,,93
201600041653,16,1,29,2027,3,2,1,2,6.0,93071,M,,,93
201600041654,16,2,1,1445,1,2,1,1,2.0,93071,M,,,93
201600041655,16,2,3,1610,1,2,3,2,6.0,93071,M,,,93
201600041656,16,2,5,2230,5,2,1,1,6.0,93071,M,,,93
201600041657,16,2,8,500,5,2,1,2,6.0,93071,M,,,93
201600041658,16,2,13,1650,1,2,3,2,6.0,93071,M,,,93
201600041659,16,2,23,1630,1,2,1,1,6.0,93071,M,,,93
201600041660,16,2,29,1207,1,2,1,1,3.0,93071,M,,,93
201600041661,16,3,11,615,5,2,1,1,6.0,93071,M,,,93
201600041662,16,3,14,957,1,2,4,1,1.0,93071,M,,,93
201600041663,16,3,16,1140,1,2,6,1,2.0,93071,M,,,93
201600041664,16,3,17,1250,1,2,1,1,6.0,93071,M,,,93
201600041665,16,3,18,20,5,2,3,1,3.0,93071,M,,,93
201600041666,16,4,5,1310,1,2,1,1,1.0,93071,M,,,93
201600041667,16,4,18,1710,1,2,1,1,1.0,93071,M,,,93
201600041668,16,4,23,1817,1,2,3,1,2.0,93071,M,,,93
201600041669,16,5,21,2155,5,2,1,1,6.0,93071,M,,,93
201600041670,16,5,27,1340,1,2,1,1,6.0,93071,M,,,93
201600041671,16,5,31,1600,1,2,3,2,3.0,93071,M,,,93
201600041672,16,6,1,1130,1,2,7,1,6.0,93071,M,,,93
201600041673,16,6,4,1015,1,2,1,2,2.0,93071,M,,,93
201600041674,16,6,20,1820,1,2,1,3,6.0,93071,M,,,93
201600041675,16,6,23,1620,1,2,2,1,3.0,93071,M,,,93
201600041676,16,6,29,914,1,2,1,1,6.0,93071,M,,,93
201600041677,16,6,30,2020,1,2,1,3,1.0,93071,M,,,93
201600041678,16,7,19,2040,2,2,1,1,6.0,93071,M,,,93
201600041679,16,7,21,400,3,2,5,1,6.0,93071,M,,,93
201600041680,16,7,26,1212,1,2,1,1,6.0,93071,M,,,93
201600041681,16,7,27,1010,1,2,2,1,3.0,93071,M,,,93
201600041682,16,8,28,140,5,2,1,1,3.0,93071,M,,,93
201600041683,16,9,9,855,1,2,1,1,3.0,93071,M,,,93
201600041684,16,9,20,1550,1,2,1,1,4.0,93071,M,,,93
201600041685,16,9,9,1200,1,2,1,1,6.0,93071,M,,,93
201600041686,16,9,28,1330,1,2,1,1,7.0,93071,M,,,93
201600041687,16,10,3,851,1,2,1,1,6.0,93071,M,,,93
201600041688,16,10,5,1203,1,2,1,1,3.0,93071,M,,,93
201600041689,16,10,10,1515,1,2,1,1,6.0,93071,M,,,93
201600041690,16,10,12,1155,1,2,8,1,6.0,93071,M,,,93
201600041691,16,10,15,1835,2,2,2,1,3.0,93071,M,,,93
201600041692,16,10,16,1950,5,2,1,1,6.0,93071,M,,,93
201600041693,16,10,31,1720,2,2,1,1,6.0,93071,M,,,93
201600041694,16,10,23,1640,1,2,1,2,2.0,93071,M,,,93
201600041695,16,11,5,945,1,2,5,2,5.0,93071,M,,,93
201600041696,16,11,6,1500,1,2,1,1,3.0,93071,M,,,93
201600041697,16,11,8,1151,1,2,2,8,3.0,93071,M,,,93
201600041698,16,11,10,1940,5,2,2,3,3.0,93071,M,,,93
201600041699,16,11,29,1150,1,2,3,1,6.0,93071,M,,,93
201600041700,16,12,12,1530,1,2,1,1,2.0,93071,M,,,93
201600041701,16,12,23,600,4,2,3,5,6.0,93071,M,,,93
201600041702,16,5,28,330,5,2,2,1,3.0,93005,M,,,93
201600041703,16,6,9,2054,5,2,1,1,3.0,93005,M,,,93
201600041704,16,9,23,1340,1,2,9,1,3.0,93005,M,,,93
201600041705,16,10,3,800,1,2,6,1,1.0,93005,M,,,93
201600041706,16,1,4,55,5,2,1,9,5.0,93059,M,,,93
201600041707,16,1,7,850,1,2,1,3,6.0,93072,M,,,93
201600041708,16,1,9,2140,3,2,1,2,1.0,93059,M,,,93
201600041709,16,1,21,1710,5,2,2,1,3.0,93072,M,,,93
201600041710,16,2,1,2335,5,2,1,1,1.0,93072,M,,,93
201600041711,16,2,10,1010,1,2,1,1,6.0,93072,M,,,93
201600041712,16,2,11,540,3,2,1,1,6.0,93059,M,,,93
201600041713,16,2,11,1700,1,2,3,8,6.0,93059,M,,,93
201600041714,16,2,23,1630,1,2,1,1,6.0,93059,M,,,93
201600041715,16,3,2,1240,1,2,1,1,6.0,93059,M,,,93
201600041716,16,3,8,1055,1,2,1,1,6.0,93059,M,,,93
201600041717,16,3,15,845,1,2,1,1,3.0,93059,M,,,93
201600041718,16,3,20,1930,1,2,3,1,3.0,93072,M,,,93
201600041719,16,3,23,1700,1,2,1,1,6.0,93072,M,,,93
201600041720,16,3,26,1215,1,2,3,1,3.0,93072,M,,,93
201600041721,16,3,27,650,5,2,2,9,5.0,93072,M,,,93
201600041722,16,4,8,1155,1,2,1,1,6.0,93059,M,,,93
201600041723,16,4,8,1630,1,2,1,1,6.0,93059,M,,,93
201600041724,16,4,8,1915,1,2,3,2,3.0,93072,M,,,93
201600041725,16,4,12,610,2,2,3,1,3.0,93072,M,,,93
201600041726,16,4,14,2240,5,2,1,1,6.0,93072,M,,,93
201600041727,16,4,16,1320,1,2,1,8,6.0,93059,M,,,93
201600041728,16,4,23,1420,1,2,1,1,6.0,93072,M,,,93
201600041729,16,4,26,800,1,2,1,1,3.0,93072,M,,,93
201600041730,16,4,28,1345,1,2,1,1,6.0,93059,M,,,93
201600041731,16,5,1,1736,1,2,1,1,2.0,93059,M,,,93
201600041732,16,5,9,1814,1,2,1,1,3.0,93072,M,,,93
201600041733,16,5,10,1030,1,2,3,1,3.0,93059,M,,,93
201600041734,16,5,10,2215,5,2,3,2,2.0,93072,M,,,93
201600041735,16,5,18,1320,1,2,1,1,5.0,93059,M,,,93
201600041736,16,5,21,30,3,2,1,1,6.0,93072,M,,,93
201600041737,16,5,21,1635,1,2,1,1,6.0,93059,M,,,93
201600041738,16,6,1,1155,1,2,1,1,6.0,93059,M,,,93
201600041739,16,6,6,2000,1,2,1,1,3.0,93072,M,,,93
201600041740,16,6,7,1730,1,2,1,1,2.0,93072,M,,,93
201600041741,16,6,10,850,1,2,1,1,6.0,93072,M,,,93