Num_Acc,an,mois,jour,hrmn,lum,agg,int,atm,col,com,gps,lat,long,dep
201600042110,16,3,29,910,1,2,3,1,3.0,94017,M,4882520.0,250164.0,94
201600042111,16,4,2,1450,1,2,2,1,1.0,94017,M,4881930.0,252699.0,94
201600042112,16,4,6,610,1,1,2,1,3.0,94017,M,4883070.0,249322.0,94
201600042113,16,4,8,1020,1,2,2,1,2.0,94017,M,4880630.0,253002.0,94
201600042114,16,4,8,1630,1,2,3,1,6.0,94017,M,4881790.0,249403.0,94
201600042115,16,4,10,600,2,2,1,1,6.0,94017,M,4883040.0,249315.0,94
201600042116,16,4,14,2115,5,2,1,2,6.0,94017,M,4882520.0,251084.0,94
201600042117,16,4,16,1550,1,2,6,1,3.0,94017,M,4881810.0,255838.0,94
201600042118,16,4,26,1505,1,2,1,1,6.0,94017,M,4881870.0,248886.0,94
201600042119,16,4,27,1715,1,2,3,1,1.0,94017,M,4882080.0,251095.0,94
201600042120,16,4,28,820,1,2,2,1,3.0,94017,M,4882350.0,251027.0,94
201600042121,16,5,2,1900,2,2,1,1,7.0,94017,M,4881240.0,250984.0,94
201600042122,16,5,4,1615,1,2,2,1,6.0,94017,M,4881150.0,251049.0,94
201600042123,16,5,4,1740,1,2,1,1,2.0,94017,M,4881320.0,251258.0,94
201600042124,16,5,6,720,1,2,3,1,2.0,94017,M,4881930.0,248736.0,94
201600042125,16,5,6,1905,1,2,1,1,6.0,94017,M,4880800.0,254204.0,94
201600042126,16,3,18,1930,2,2,3,1,2.0,94017,M,4882410.0,249799.0,94
201600042127,16,5,11,745,2,2,1,1,2.0,94017,M,4881750.0,251172.0,94
201600042128,16,5,11,1730,1,2,1,1,1.0,94017,M,4881360.0,252716.0,94
201600042129,16,5,18,1710,2,2,1,1,2.0,94017,M,4881640.0,250094.0,94
201600042130,16,5,16,2225,5,2,3,1,3.0,94017,M,4881550.0,250481.0,94
201600042131,16,5,23,1220,1,2,6,3,6.0,94017,M,4881700.0,252749.0,94
201600042132,16,5,31,915,1,2,1,1,6.0,94017,M,4881980.0,251200.0,94
201600042133,16,5,31,730,1,2,1,3,1.0,94017,M,4882630.0,252268.0,94
201600042134,16,5,31,2055,5,2,2,2,3.0,94017,M,4882030.0,250330.0,94
201600042135,16,6,3,1320,1,2,1,1,6.0,94017,M,,,94
201600042136,16,6,5,855,1,2,2,1,6.0,94017,M,,,94
201600042137,16,6,7,1235,1,2,6,1,3.0,94017,M,,,94
201600042138,16,6,13,1710,1,2,1,1,6.0,94017,M,,,94
201600042139,16,6,15,820,1,2,6,8,1.0,94017,M,,,94
201600042140,16,6,17,10,5,2,2,1,1.0,94017,M,,,94
201600042141,16,6,17,1340,1,2,1,1,6.0,94017,M,,,94
201600042142,16,6,18,1945,1,2,1,2,3.0,94017,M,,,94
201600042143,16,6,21,930,1,2,6,1,2.0,94017,M,,,94
201600042144,16,6,25,1920,1,2,1,1,3.0,94017,M,,,94
201600042145,16,7,3,2210,5,2,3,1,1.0,94017,M,,,94
201600042146,16,7,8,1830,1,2,1,1,3.0,94017,M,,,94
201600042147,16,7,9,555,1,1,2,1,1.0,94017,M,4883060.0,249313.0,94
201600042148,16,7,10,1155,1,2,1,1,2.0,94017,M,,,94
201600042149,16,7,11,10,5,2,1,1,1.0,94017,M,,,94
201600042150,16,7,18,1900,1,2,1,1,3.0,94017,M,,,94
201600042151,16,7,18,1930,1,2,1,1,6.0,94017,M,,,94
201600042152,16,7,21,1405,1,2,1,1,3.0,94017,M,,,94
201600042153,16,7,23,930,1,2,2,1,1.0,94017,M,,,94
201600042154,16,7,29,940,1,2,2,1,3.0,94017,M,,,94
201600042155,16,7,29,1945,1,2,1,1,2.0,94017,M,,,94
201600042156,16,7,30,2035,2,2,1,1,6.0,94017,M,,,94
201600042157,16,7,31,1645,1,2,6,1,7.0,94017,M,,,94
201600042158,16,8,1,1725,1,2,1,1,2.0,94017,M,,,94
201600042159,16,8,3,1315,1,2,1,1,3.0,94017,M,,,94
201600042160,16,8,6,2025,2,2,3,1,3.0,94017,M,,,94
201600042161,16,8,10,920,1,2,2,1,1.0,94017,M,,,94
201600042162,16,8,10,950,1,2,3,7,3.0,94017,M,,,94
201600042163,16,8,11,108,5,2,2,1,3.0,94017,M,4882230.0,249182.0,94
201600042164,16,8,16,2035,2,2,2,1,1.0,94017,M,,,94
201600042165,16,8,30,1020,1,2,2,1,6.0,94017,M,,,94
201600042166,16,9,6,1345,1,2,1,1,3.0,94017,M,,,94
201600042167,16,9,6,1700,1,2,1,1,2.0,94017,M,,,94
201600042168,16,9,7,715,1,2,1,1,1.0,94017,M,,,94
201600042169,16,9,7,1130,1,2,1,1,2.0,94017,M,,,94
201600042170,16,9,7,1715,1,2,1,1,6.0,94017,M,,,94
201600042171,16,9,10,1630,1,2,1,1,6.0,94017,M,,,94
201600042172,16,9,13,855,1,2,1,1,3.0,94017,M,,,94
201600042173,16,9,18,1530,1,2,2,1,5.0,94017,M,,,94
201600042174,16,9,21,1535,1,2,2,1,6.0,94017,M,,,94
201600042175,16,9,26,1115,1,2,2,1,4.0,94017,M,,,94
201600042176,16,9,27,2235,5,2,1,1,6.0,94017,M,,,94
201600042177,16,9,28,1250,1,2,1,1,1.0,94017,M,,,94
201600042178,16,10,2,1700,1,2,1,1,3.0,94017,M,,,94
201600042179,16,10,5,1930,1,2,2,1,3.0,94017,M,,,94
201600042180,16,10,9,550,1,2,1,1,1.0,94017,M,,,94
201600042181,16,10,10,845,1,2,1,1,4.0,94017,M,,,94
201600042182,16,10,13,1100,1,2,1,1,6.0,94017,M,,,94
201600042183,16,10,16,1930,5,2,1,1,3.0,94017,M,,,94
201600042184,16,10,20,2135,5,2,2,1,2.0,94017,M,4883050.0,249321.0,94
201600042185,16,10,22,1930,2,2,2,1,1.0,94017,M,,,94
201600042186,16,10,24,2115,5,2,1,1,1.0,94017,M,,,94
201600042187,16,10,27,2035,5,2,1,1,2.0,94017,M,,,94
201600042188,16,10,30,230,5,2,2,1,1.0,94017,M,,,94
201600042189,16,11,10,1210,1,2,3,1,6.0,94017,M,,,94
201600042190,16,11,10,1840,2,2,1,2,3.0,94017,M,,,94
201600042191,16,11,13,800,1,2,2,1,5.0,94017,M,4883000.0,249311.0,94
201600042192,16,11,13,930,1,2,1,2,2.0,94017,M,,,94
201600042193,16,11,16,1925,5,2,3,1,3.0,94017,M,,,94
201600042194,16,11,18,1610,1,2,6,1,7.0,94017,M,,,94
201600042195,16,11,25,1745,2,2,1,1,6.0,94017,M,,,94
201600042196,16,11,26,1830,5,2,1,1,6.0,94017,M,,,94
201600042197,16,11,30,900,1,2,1,1,2.0,94017,M,,,94
201600042198,16,12,14,705,5,2,6,1,6.0,94017,M,,,94
201600042199,16,12,16,1550,1,2,2,1,3.0,94017,M,,,94
201600042200,16,12,17,1710,1,2,1,1,2.0,94017,M,,,94
201600042201,16,12,25,1410,1,2,1,1,3.0,94017,M,,,94
201600042202,16,12,30,1730,5,2,1,5,6.0,94017,M,,,94
201600042203,16,1,5,1240,1,2,1,2,1.0,94017,M,4881510.0,252190.0,94
201600042204,16,12,31,1305,1,2,6,5,2.0,94017,M,,,94
201600042205,16,1,5,915,1,2,2,2,3.0,94069,M,4881500.0,246302.0,94
201600042206,16,3,14,2338,3,2,2,1,6.0,94018,M,4882180.0,239975.0,94
201600042207,16,1,22,652,5,2,3,1,3.0,94018,M,4882870.0,240254.0,94
201600042208,16,1,28,1645,1,2,1,1,3.0,94018,M,4881750.0,241328.0,94
201600042209,16,2,2,1940,5,2,1,8,6.0,94018,M,4882670.0,240558.0,94
201600042210,16,2,3,1825,2,2,1,2,3.0,94069,M,4881520.0,246255.0,94
201600042211,16,2,12,815,1,2,1,2,1.0,94018,M,4881870.0,240984.0,94
201600042212,16,2,12,1540,1,2,1,8,3.0,94069,M,4881810.0,243126.0,94
201600042213,16,2,22,1845,5,2,1,2,6.0,94018,M,4882330.0,241093.0,94
201600042214,16,2,26,1850,5,2,3,1,6.0,94018,M,4882360.0,240432.0,94
201600042215,16,3,4,1155,1,2,4,1,6.0,94018,M,4882260.0,240308.0,94
201600042216,16,3,5,840,1,2,3,2,2.0,94069,M,4881840.0,241955.0,94
201600042217,16,3,13,900,1,2,3,1,2.0,94018,M,4882060.0,240246.0,94
201600042218,16,3,14,1525,1,2,4,1,6.0,94018,M,4882360.0,240432.0,94
201600042219,16,3,29,1345,1,2,2,1,3.0,94018,M,4882410.0,241993.0,94
201600042220,16,3,31,925,1,2,1,2,3.0,94018,M,4881990.0,240481.0,94
201600042221,16,4,11,1550,1,2,4,2,7.0,94018,M,4882450.0,241789.0,94
201600042222,16,4,13,1240,1,2,1,1,3.0,94018,M,4882820.0,240525.0,94
201600042223,16,4,20,925,1,2,1,1,2.0,94018,M,4882780.0,240388.0,94
201600042224,16,4,24,530,5,2,3,1,3.0,94018,M,4882480.0,241503.0,94
201600042225,16,5,4,730,1,2,1,1,3.0,94069,M,4881780.0,242141.0,94
201600042226,16,5,5,1040,1,2,2,1,3.0,94069,M,4882410.0,241993.0,94
201600042227,16,5,11,1310,1,2,1,2,3.0,94018,M,4882300.0,239642.0,94
201600042228,16,5,18,630,2,2,1,1,3.0,94018,M,4881960.0,240624.0,94
201600042229,16,5,19,2015,1,2,2,1,3.0,94018,M,4882780.0,240402.0,94
201600042230,16,5,20,820,1,2,3,1,6.0,94018,M,4882380.0,240460.0,94
201600042231,16,6,8,1805,1,2,1,1,6.0,94018,M,,,94
201600042232,16,6,16,825,1,2,1,1,6.0,94018,M,,,94
201600042233,16,6,28,1150,1,2,1,1,2.0,94018,M,,,94
201600042234,16,7,1,1000,1,2,1,1,6.0,94069,M,,,94
201600042235,16,7,3,1200,1,2,1,1,2.0,94069,M,,,94
201600042236,16,7,6,800,1,2,1,1,3.0,94069,M,,,94
201600042237,16,7,7,1735,1,2,4,1,3.0,94069,M,,,94
201600042238,16,7,21,240,5,2,9,1,7.0,94018,M,,,94
201600042239,16,8,5,1820,1,2,4,1,3.0,94018,M,,,94
201600042240,16,8,10,755,1,2,1,1,1.0,94018,M,,,94
201600042241,16,8,18,1310,1,2,1,2,7.0,94018,M,,,94
201600042242,16,8,23,1130,1,2,1,1,2.0,94018,M,,,94
201600042243,16,8,23,1935,1,2,1,1,6.0,94018,M,,,94
201600042244,16,8,31,1155,1,2,9,1,3.0,94069,M,,,94
201600042245,16,9,4,1945,2,2,1,1,6.0,94069,M,,,94
201600042246,16,9,11,730,1,2,1,8,7.0,94069,M,,,94
201600042247,16,9,19,1930,2,2,3,1,2.0,94018,M,,,94
201600042248,16,9,21,310,5,2,3,1,3.0,94018,M,,,94
201600042249,16,9,26,1830,1,2,1,1,3.0,94069,M,,,94
201600042250,16,10,1,1415,1,2,1,1,3.0,94018,M,,,94
201600042251,16,10,5,1640,1,2,1,1,3.0,94069,M,,,94
201600042252,16,10,12,830,1,2,1,1,6.0,94018,M,,,94
201600042253,16,10,14,1650,1,2,2,2,6.0,94018,M,,,94
201600042254,16,10,16,1435,1,2,1,1,6.0,94069,M,,,94
201600042255,16,10,17,800,1,2,1,8,3.0,94018,M,,,94
201600042256,16,11,2,1420,1,2,2,1,5.0,94069,M,,,94
201600042257,16,11,3,1005,1,2,1,1,3.0,94018,M,,,94
201600042258,16,11,7,1015,1,2,1,2,3.0,94069,M,,,94
201600042259,16,11,14,930,1,1,1,1,6.0,94069,M,,,94
201600042260,16,11,21,1400,1,2,1,2,6.0,94069,M,,,94
201600042261,16,12,5,1850,5,2,1,1,3.0,94018,M,,,94
201600042262,16,12,8,1935,5,2,1,1,6.0,94018,M,,,94
201600042263,16,12,15,1745,5,2,6,1,6.0,94069,M,,,94
201600042264,16,12,26,1730,5,2,3,1,6.0,94018,M,4882100.0,241459.0,94
201600042265,16,12,30,1630,1,2,1,1,6.0,94018,M,,,94
201600042266,16,1,4,955,1,2,3,1,6.0,94079,M,4882730.0,254000.0,94
201600042267,16,1,7,725,5,2,2,3,3.0,94059,M,4880840.0,257754.0,94
201600042268,16,1,7,2135,5,2,2,1,3.0,94055,M,4878720.0,253244.0,94
201600042269,16,1,9,505,3,1,3,1,6.0,94053,M,4877680.0,255106.0,94
201600042270,16,1,10,1950,5,2,3,2,6.0,94019,M,4880090.0,254808.0,94
201600042271,16,1,18,1140,1,2,5,1,2.0,94079,M,4882910.0,253935.0,94
201600042272,16,1,18,1820,5,2,2,1,6.0,94079,M,4882870.0,254106.0,94
201600042273,16,1,19,1945,5,1,1,1,2.0,94079,M,4882230.0,254078.0,94
201600042274,16,2,5,1815,5,2,3,2,6.0,94055,M,4878610.0,252993.0,94
201600042275,16,2,8,1850,5,2,6,9,1.0,94079,M,4883260.0,255204.0,94
201600042276,16,2,11,1000,1,2,3,1,2.0,94019,M,4879250.0,252615.0,94
201600042277,16,2,18,1525,1,1,1,2,6.0,94055,M,4879350.0,255356.0,94
201600042278,16,2,19,1705,1,2,2,1,3.0,94059,M,4880510.0,257228.0,94
201600042279,16,2,22,1940,5,2,2,2,3.0,94079,M,4882960.0,255122.0,94
201600042280,16,2,29,815,1,2,3,1,2.0,94079,M,4882090.0,255598.0,94
201600042281,16,3,1,1630,1,2,4,3,6.0,94079,M,4883120.0,253510.0,94
201600042282,16,3,2,1530,1,2,1,1,4.0,94079,M,4882730.0,252927.0,94
201600042283,16,3,6,905,1,2,1,1,6.0,94079,M,4882580.0,254036.0,94
201600042284,16,3,16,825,1,2,3,1,3.0,94055,M,4878090.0,251446.0,94
201600042285,16,3,17,1715,1,2,3,1,3.0,94055,M,4878740.0,254425.0,94
201600042286,16,3,22,800,1,2,3,1,3.0,94019,M,4879700.0,253357.0,94
201600042287,16,3,25,625,2,2,1,2,6.0,94079,M,4883240.0,254293.0,94
201600042288,16,3,25,1115,1,2,2,2,2.0,94055,M,4879680.0,254805.0,94
201600042289,16,4,4,1200,1,2,3,1,3.0,94019,M,4879750.0,254738.0,94
201600042290,16,4,5,755,1,2,3,1,1.0,94053,M,4877070.0,254388.0,94
201600042291,16,4,9,1750,1,2,4,2,1.0,94055,M,4878080.0,252588.0,94
201600042292,16,4,22,1745,1,2,1,1,2.0,94055,M,4879680.0,254833.0,94
201600042293,16,4,29,440,5,2,6,1,3.0,94055,M,4879200.0,255507.0,94
201600042294,16,5,1,1910,1,2,1,1,6.0,94079,M,4882610.0,256069.0,94
201600042295,16,5,12,1435,1,2,2,8,3.0,94059,M,4880120.0,258717.0,94
201600042296,16,5,14,1830,2,2,1,1,4.0,94079,M,4883270.0,253458.0,94
201600042297,16,5,18,1500,1,2,2,8,3.0,94060,M,4879270.0,256738.0,94
201600042298,16,5,19,845,1,2,2,2,3.0,94055,M,4878090.0,251956.0,94
201600042299,16,5,28,1830,1,2,1,1,6.0,94060,M,4878570.0,258369.0,94
201600042300,16,5,30,1215,1,2,1,2,2.0,94019,M,4880120.0,254847.0,94
201600042301,16,6,6,1850,1,2,1,1,2.0,94060,M,,,94
201600042302,16,6,15,1240,1,2,1,1,1.0,94060,M,,,94
201600042303,16,6,16,2245,5,2,2,1,3.0,94079,M,,,94
201600042304,16,6,22,1400,1,1,1,1,3.0,94019,M,,,94
201600042305,16,6,23,2020,1,2,1,1,3.0,94019,M,,,94
201600042306,16,6,24,615,1,2,2,1,3.0,94055,M,,,94
201600042307,16,6,29,1840,1,2,6,1,3.0,94060,M,,,94
201600042308,16,7,4,1810,1,2,6,1,3.0,94019,M,,,94
201600042309,16,7,10,1315,1,2,3,1,3.0,94060,M,,,94
201600042310,16,7,10,2355,5,2,1,1,6.0,94079,M,,,94
201600042311,16,7,15,1025,1,2,1,1,6.0,94019,M,,,94
201600042312,16,7,28,1420,1,2,1,1,6.0,94019,M,,,94
201600042313,16,8,3,2045,1,2,1,2,2.0,94079,M,,,94
201600042314,16,8,9,1030,1,2,2,1,3.0,94079,M,,,94
201600042315,16,8,11,2025,1,2,1,1,3.0,94059,M,,,94
201600042316,16,8,16,800,1,2,1,1,2.0,94060,M,,,94
201600042317,16,8,17,1830,1,2,1,7,3.0,94055,M,,,94
201600042318,16,8,18,708,1,2,4,2,3.0,94019,M,,,94
201600042319,16,8,21,1330,1,2,2,1,3.0,94019,M,,,94
201600042320,16,8,26,805,1,2,6,7,6.0,94079,M,,,94
201600042321,16,8,30,1945,1,1,2,1,3.0,94079,M,,,94
201600042322,16,9,3,1510,1,2,1,1,7.0,94079,M,,,94
201600042323,16,9,12,835,1,2,2,1,6.0,94059,M,,,94
201600042324,16,9,16,935,1,2,1,1,3.0,94060,M,,,94
201600042325,16,9,19,1750,1,2,1,1,6.0,94055,M,,,94
201600042326,16,9,19,1815,1,2,9,1,3.0,94055,M,,,94
201600042327,16,9,21,1000,1,2,1,1,3.0,94053,M,,,94
201600042328,16,9,21,1710,1,2,1,1,3.0,94060,M,,,94
201600042329,16,9,24,1135,1,2,2,1,3.0,94079,M,,,94
201600042330,16,9,25,1900,1,2,2,1,3.0,94079,M,,,94
201600042331,16,10,5,1900,2,2,1,1,4.0,94019,M,,,94
201600042332,16,10,6,1845,1,2,1,1,3.0,94079,M,,,94
201600042333,16,10,13,1645,1,2,2,2,3.0,94079,M,,,94
201600042334,16,10,14,2035,3,2,1,3,6.0,94079,M,,,94
201600042335,16,10,22,1000,1,2,3,5,3.0,94060,M,,,94
201600042336,16,10,23,20,5,2,6,1,3.0,94079,M,,,94
201600042337,16,10,22,1840,2,2,1,1,6.0,94059,M,,,94
201600042338,16,10,23,1820,5,2,6,3,6.0,94079,M,,,94
201600042339,16,10,28,1430,1,2,2,1,1.0,94060,M,,,94
201600042340,16,10,29,2340,5,2,1,1,7.0,94079,M,,,94
201600042341,16,11,4,1609,1,2,3,3,3.0,94060,M,,,94
201600042342,16,11,7,725,2,2,1,4,6.0,94079,M,,,94
201600042343,16,11,8,1425,1,2,9,2,4.0,94079,M,,,94
201600042344,16,11,12,1255,1,2,1,8,2.0,94019,M,,,94
201600042345,16,11,15,605,5,2,1,2,1.0,94059,M,,,94
201600042346,16,11,15,1020,1,2,3,1,3.0,94053,M,,,94
201600042347,16,11,15,1410,1,2,1,8,6.0,94079,M,,,94
201600042348,16,11,15,1817,5,2,1,2,4.0,94055,M,,,94
201600042349,16,11,17,800,1,2,3,8,3.0,94079,M,,,94
201600042350,16,11,19,1535,1,2,1,8,6.0,94079,M,,,94
201600042351,16,11,22,1545,1,2,1,8,6.0,94059,M,,,94
201600042352,16,11,23,1755,2,2,1,9,6.0,94079,M,,,94
201600042353,16,11,26,1826,5,2,8,1,6.0,94055,M,,,94
201600042354,16,11,30,830,1,2,3,1,3.0,94060,M,,,94
201600042355,16,12,5,740,2,2,1,1,6.0,94079,M,,,94
201600042356,16,12,6,1650,3,2,1,1,3.0,94055,M,,,94
201600042357,16,12,10,610,5,2,2,1,3.0,94055,M,,,94
201600042358,16,12,14,2230,5,2,4,1,3.0,94055,M,4879540.0,255017.0,94
201600042359,16,12,16,1800,5,2,2,1,3.0,94079,M,,,94
201600042360,16,12,18,1240,1,2,3,1,3.0,94055,M,,,94
201600042361,16,12,22,1010,1,2,3,2,2.0,94060,M,,,94
201600042362,16,12,22,1335,1,2,1,2,3.0,94019,M,,,94
201600042363,16,12,23,105,5,2,2,9,3.0,94059,M,,,94
201600042364,16,12,26,1300,1,1,5,2,3.0,94060,M,,,94
201600042365,16,12,27,1105,1,2,2,7,6.0,94053,M,,,94
201600042366,16,8,27,1915,1,2,2,1,6.0,94022,M,,,94
201600042367,16,1,18,900,1,2,3,1,3.0,94054,M,4875070.0,241342.0,94
201600042368,16,4,28,1710,1,2,4,7,3.0,94054,M,4874670.0,238617.0,94
201600042369,16,2,11,1220,1,2,2,1,3.0,94022,M,4876690.0,240390.0,94
201600042370,16,8,31,1300,1,2,1,1,6.0,94022,M,,,94
201600042371,16,4,15,2230,5,1,3,1,6.0,94022,M,4876540.0,240933.0,94
201600042372,16,9,10,1010,1,2,1,1,2.0,94022,M,,,94
201600042373,16,9,11,1915,1,2,1,1,6.0,94054,M,,,94
201600042374,16,1,18,2055,5,2,3,1,3.0,94022,M,4876940.0,240219.0,94
201600042375,16,7,13,1040,1,1,3,1,1.0,94054,M,,,94
201600042376,16,9,14,735,1,2,3,1,3.0,94054,M,,,94
201600042377,16,1,20,1925,3,2,1,1,6.0,94022,M,4876460.0,240652.0,94
201600042378,16,5,14,2000,2,2,2,1,2.0,94022,M,4875760.0,240998.0,94
201600042379,16,1,21,1300,1,2,3,1,6.0,94022,M,4876240.0,240668.0,94
201600042380,16,9,15,1210,1,2,3,1,3.0,94054,M,,,94
201600042381,16,9,18,2100,5,1,1,1,6.0,94022,M,4877350.0,240819.0,94
201600042382,16,5,20,1400,1,2,1,1,2.0,94022,M,4876150.0,240336.0,94
201600042383,16,5,20,1440,1,2,3,1,3.0,94022,M,4877060.0,240141.0,94
201600042384,16,9,8,1830,1,2,3,1,3.0,94022,M,,,94
201600042385,16,9,10,1530,1,2,3,1,7.0,94054,M,,,94
201600042386,16,10,18,750,1,2,1,1,1.0,94022,M,,,94
201600042387,16,1,27,2135,5,2,3,1,3.0,94022,M,4877010.0,242541.0,94
201600042388,16,9,22,1255,1,2,2,1,3.0,94022,M,,,94
201600042389,16,1,29,1515,1,2,1,8,6.0,94022,M,4876520.0,240838.0,94
201600042390,16,9,24,830,1,2,1,1,7.0,94054,M,,,94
201600042391,16,10,22,2200,5,2,5,1,3.0,94022,M,,,94
201600042392,16,2,2,1935,4,2,3,2,3.0,94054,M,4875110.0,240607.0,94
201600042393,16,12,5,1850,5,2,1,1,6.0,94022,M,,,94
201600042394,16,2,4,1630,1,2,2,2,3.0,94054,M,4874490.0,240004.0,94
201600042395,16,5,31,730,2,2,1,3,5.0,94022,M,4875940.0,242272.0,94
201600042396,16,6,1,1845,1,2,1,1,3.0,94022,M,,,94
201600042397,16,6,2,850,1,2,9,2,2.0,94054,M,,,94
201600042398,16,10,3,1415,1,2,1,1,6.0,94054,M,,,94
201600042399,16,10,4,1800,1,2,3,1,3.0,94054,M,,,94
201600042400,16,6,3,2150,2,1,1,1,3.0,94022,M,,,94
201600042401,16,10,5,1140,1,2,2,1,3.0,94054,M,,,94
201600042402,16,10,6,900,1,2,1,1,6.0,94022,M,,,94
201600042403,16,6,5,1700,1,2,1,8,6.0,94022,M,,,94
201600042404,16,2,10,1750,5,2,3,1,6.0,94054,M,4874960.0,241841.0,94
201600042405,16,10,6,1930,3,1,3,1,4.0,94073,M,4877350.0,239951.0,94
201600042406,16,6,9,1415,1,2,2,1,3.0,94022,M,,,94
201600042407,16,2,15,1210,1,2,3,1,6.0,94022,M,4875960.0,240864.0,94
201600042408,16,10,12,1530,1,2,3,1,3.0,94022,M,,,94
201600042409,16,10,12,1650,1,2,3,1,1.0,94022,M,,,94
201600042410,16,6,11,2145,2,2,1,1,2.0,94022,M,,,94
201600042411,16,6,12,315,5,2,2,1,1.0,94022,M,,,94
201600042412,16,6,13,1647,1,2,1,1,6.0,94022,M,,,94
201600042413,16,6,14,1055,1,2,4,2,3.0,94022,M,,,94
201600042414,16,10,4,1800,1,2,1,1,4.0,94054,M,,,94
201600042415,16,10,16,1320,1,2,1,1,6.0,94022,M,,,94
201600042416,16,10,17,730,2,2,1,1,1.0,94054,M,,,94
201600042417,16,10,19,1945,5,2,1,1,4.0,94054,M,,,94
201600042418,16,2,22,2040,5,2,1,2,6.0,94022,M,4875470.0,241451.0,94
201600042419,16,6,22,1810,1,2,1,8,6.0,94022,M,,,94
201600042420,16,6,20,1640,1,2,1,2,6.0,94022,M,,,94
201600042421,16,2,26,1910,5,2,3,1,3.0,94022,M,4875800.0,240956.0,94
201600042422,16,10,29,350,5,2,1,1,2.0,94054,M,,,94
201600042423,16,10,31,2215,5,2,3,1,4.0,94022,M,,,94
201600042424,16,6,27,1210,1,2,1,1,6.0,94054,M,,,94
201600042425,16,6,29,1615,1,2,2,1,6.0,94022,M,,,94
201600042426,16,11,4,1600,1,2,1,2,6.0,94022,M,,,94
201600042427,16,11,4,1840,5,2,7,3,6.0,94022,M,,,94
201600042428,16,7,1,1925,1,2,3,1,3.0,94054,M,,,94
201600042429,16,3,8,2240,5,2,3,1,3.0,94022,M,4876640.0,240431.0,94
201600042430,16,11,9,1220,1,2,4,2,3.0,94054,M,,,94
201600042431,16,3,9,1555,1,2,2,8,6.0,94054,M,4874940.0,240653.0,94
201600042432,16,9,3,1810,1,2,1,1,1.0,94022,M,,,94
201600042433,16,11,14,1920,5,2,3,8,3.0,94022,M,,,94
201600042434,16,11,17,915,1,2,1,1,6.0,94022,M,,,94
201600042435,16,11,17,1614,1,2,1,8,3.0,94022,M,,,94
201600042436,16,3,15,845,1,2,1,1,2.0,94022,M,4876950.0,242270.0,94
201600042437,16,3,15,1740,1,2,1,1,2.0,94022,M,4876330.0,241051.0,94
201600042438,16,11,18,1350,1,2,1,1,6.0,94022,M,,,94
201600042439,16,11,21,515,5,2,1,2,6.0,94054,M,,,94
201600042440,16,3,18,2020,5,2,2,1,6.0,94022,M,4876930.0,242225.0,94
201600042441,16,7,14,2209,5,2,1,1,5.0,94054,M,,,94
201600042442,16,3,22,1955,5,2,1,1,3.0,94073,M,4877180.0,240064.0,94
201600042443,16,11,28,1220,1,2,3,1,6.0,94022,M,,,94
201600042444,16,11,30,710,5,2,1,1,6.0,94022,M,,,94
201600042445,16,3,25,1905,5,2,1,1,3.0,94022,M,4876210.0,240242.0,94
201600042446,16,12,2,1220,1,2,1,1,6.0,94022,M,,,94
201600042447,16,12,3,1250,1,2,1,1,6.0,94022,M,,,94
201600042448,16,3,29,1810,1,2,3,2,6.0,94022,M,4876300.0,241228.0,94
201600042449,16,7,26,1615,1,2,2,1,4.0,94022,M,,,94
201600042450,16,7,27,1710,1,2,2,1,3.0,94022,M,,,94
201600042451,16,12,11,1209,1,2,1,1,6.0,94022,M,,,94
201600042452,16,12,12,2130,5,2,1,2,6.0,94054,M,4874960.0,241275.0,94
201600042453,16,8,2,1012,1,2,3,2,3.0,94054,M,,,94
201600042454,16,4,6,2035,5,2,5,2,3.0,94022,M,4876440.0,240546.0,94
201600042455,16,12,14,1230,1,2,3,1,3.0,94022,M,,,94
201600042456,16,4,7,1925,1,2,3,2,6.0,94022,M,4875920.0,242298.0,94
201600042457,16,12,16,830,1,2,1,1,3.0,94022,M,,,94
201600042458,16,12,17,2255,5,2,9,1,1.0,94054,M,,,94
201600042459,16,4,9,1355,1,2,1,1,6.0,94022,M,4876470.0,240542.0,94
201600042460,16,12,18,1600,1,2,1,1,4.0,94022,M,,,94
201600042461,16,12,28,2310,5,2,1,1,2.0,94022,M,,,94
201600042462,16,8,8,1835,1,2,1,1,6.0,94022,M,,,94
201600042463,16,8,9,40,5,2,3,1,3.0,94022,M,,,94
201600042464,16,8,10,2225,5,2,3,1,3.0,94022,M,,,94
201600042465,16,12,21,2345,5,2,5,2,3.0,94054,M,,,94
201600042466,16,12,22,1230,1,2,3,2,3.0,94022,M,,,94
201600042467,16,12,22,1810,5,2,1,2,6.0,94022,M,,,94
201600042468,16,8,14,400,5,2,3,1,3.0,94054,M,,,94
201600042469,16,8,14,645,1,2,1,1,1.0,94054,M,,,94
201600042470,16,12,26,1530,1,2,1,1,6.0,94022,M,,,94
201600042471,16,12,29,1250,1,2,1,1,2.0,94022,M,,,94
201600042472,16,12,29,2100,5,2,1,5,6.0,94022,M,,,94
201600042473,16,8,20,1900,1,2,2,1,5.0,94054,M,4874480.0,239451.0,94
201600042474,16,8,21,2130,5,2,1,1,3.0,94022,M,,,94
201600042475,16,4,22,1715,1,2,1,2,6.0,94054,M,4875080.0,241862.0,94
201600042476,16,8,23,1700,1,2,3,1,3.0,94022,M,,,94
201600042477,16,4,24,1355,1,2,3,1,1.0,94054,M,4875250.0,241661.0,94
201600042478,16,8,25,605,2,2,6,1,3.0,94022,M,,,94
201600042479,16,4,26,1520,1,2,3,8,6.0,94022,M,4876840.0,241956.0,94
201600042480,16,9,21,1215,1,2,3,1,6.0,94022,M,,,94