Num_Acc,an,mois,jour,hrmn,lum,agg,int,atm,col,com,gps,lat,long,dep
201600042481,16,1,3,1630,1,2,1,2,6.0,94028,M,4877740.0,244172.0,94
201600042482,16,1,3,1915,5,2,6,2,3.0,94028,M,4877460.0,243934.0,94
201600042483,16,1,4,700,2,2,2,1,2.0,94028,M,4877320.0,243494.0,94
201600042484,16,1,7,900,1,2,3,2,6.0,94028,M,4876990.0,246307.0,94
201600042485,16,1,14,1625,1,2,1,1,5.0,94011,M,4875840.0,248156.0,94
201600042486,16,1,14,1845,5,2,6,1,3.0,94028,M,4876690.0,247224.0,94
201600042487,16,1,14,135,5,2,3,1,6.0,94028,M,4876870.0,245400.0,94
201600042488,16,1,24,20,5,2,3,1,2.0,94028,M,4879390.0,245618.0,94
201600042489,16,1,25,815,1,2,3,1,6.0,94028,M,4879070.0,244563.0,94
201600042490,16,1,25,1235,1,2,6,1,5.0,94011,M,4876890.0,248721.0,94
201600042491,16,1,27,750,2,2,3,1,6.0,94028,M,4879690.0,245700.0,94
201600042492,16,1,31,1530,1,2,2,2,3.0,94028,M,4879740.0,246428.0,94
201600042493,16,1,31,115,5,2,2,2,3.0,94028,M,4879160.0,246199.0,94
201600042494,16,2,3,800,1,2,3,2,3.0,94011,M,4877580.0,248012.0,94
201600042495,16,2,3,1625,1,2,1,2,3.0,94028,M,4880340.0,246172.0,94
201600042496,16,2,5,1420,1,1,3,1,3.0,94028,M,4877510.0,247186.0,94
201600042497,16,2,6,1740,2,1,1,1,6.0,94028,M,4878050.0,245650.0,94
201600042498,16,2,9,1655,1,2,2,1,6.0,94028,M,4879040.0,245300.0,94
201600042499,16,2,9,1530,1,1,1,2,6.0,94028,M,4877950.0,244347.0,94
201600042500,16,2,10,2105,5,2,6,1,6.0,94028,M,4878490.0,245142.0,94
201600042501,16,2,12,1520,1,2,1,2,4.0,94028,M,4878080.0,244475.0,94
201600042502,16,2,12,2350,3,2,2,1,3.0,94028,M,4878260.0,246076.0,94
201600042503,16,2,15,1900,5,1,1,1,5.0,94028,M,4878960.0,245116.0,94
201600042504,16,2,16,1000,1,2,3,1,3.0,94028,M,4878010.0,246553.0,94
201600042505,16,2,18,1750,2,2,1,2,3.0,94011,M,4876040.0,248845.0,94
201600042506,16,2,19,1205,1,2,1,1,6.0,94028,M,4879980.0,244744.0,94
201600042507,16,2,20,1430,1,2,1,1,6.0,94074,M,4876620.0,245603.0,94
201600042508,16,2,23,805,1,2,2,1,3.0,94028,M,4879530.0,245905.0,94
201600042509,16,2,24,1710,1,2,1,1,2.0,94028,M,4878610.0,245614.0,94
201600042510,16,2,28,1630,1,2,1,1,6.0,94028,M,4878240.0,244507.0,94
201600042511,16,3,1,1855,1,2,2,2,3.0,94028,M,4879640.0,245763.0,94
201600042512,16,3,2,1230,1,2,1,1,2.0,94028,M,4879380.0,244784.0,94
201600042513,16,3,11,555,5,2,1,1,7.0,94011,M,4876330.0,249398.0,94
201600042514,16,3,11,1530,1,2,1,1,2.0,94028,M,4878110.0,244495.0,94
201600042515,16,3,22,820,1,2,1,1,3.0,94028,M,4876470.0,246968.0,94
201600042516,16,3,26,1255,1,2,2,1,2.0,94028,M,4878020.0,243777.0,94
201600042517,16,3,24,1820,1,2,3,1,3.0,94028,M,4878260.0,246076.0,94
201600042518,16,3,29,1820,1,1,1,2,2.0,94028,M,4876200.0,247353.0,94
201600042519,16,4,1,1000,1,2,6,1,3.0,94028,M,4877410.0,243957.0,94
201600042520,16,4,1,1730,1,2,1,1,3.0,94011,M,4876700.0,248923.0,94
201600042521,16,4,1,710,1,2,3,1,3.0,94028,M,4878870.0,245158.0,94
201600042522,16,4,5,1135,1,2,1,1,2.0,94028,M,4878130.0,243749.0,94
201600042523,16,4,6,1420,1,2,1,1,2.0,94028,M,4878930.0,246624.0,94
201600042524,16,4,7,615,5,2,4,1,6.0,94028,M,4878340.0,245963.0,94
201600042525,16,4,10,1139,1,2,6,1,2.0,94028,M,4877410.0,243957.0,94
201600042526,16,4,10,705,1,2,2,1,2.0,94011,M,4876270.0,247965.0,94
201600042527,16,4,13,1554,1,2,2,1,6.0,94028,M,4877790.0,246676.0,94
201600042528,16,4,12,1554,1,2,1,1,6.0,94028,M,4878010.0,245507.0,94
201600042529,16,4,14,740,1,2,1,1,6.0,94028,M,4879780.0,246461.0,94
201600042530,16,4,16,1240,1,2,1,1,2.0,94028,M,4877790.0,246638.0,94
201600042531,16,4,17,1615,1,2,1,1,6.0,94028,M,4877300.0,243439.0,94
201600042532,16,4,27,1430,1,2,3,2,4.0,94028,M,4878880.0,246615.0,94
201600042533,16,4,29,1811,1,2,1,1,3.0,94011,M,4877340.0,249401.0,94
201600042534,16,4,29,2015,1,2,1,1,3.0,94028,M,4879440.0,246018.0,94
201600042535,16,4,30,2245,3,2,1,1,7.0,94028,M,4878610.0,245589.0,94
201600042536,16,4,30,915,1,2,1,1,4.0,94028,M,4878180.0,244540.0,94
201600042537,16,5,2,1245,1,2,1,1,6.0,94028,M,4876630.0,247405.0,94
201600042538,16,5,4,1800,1,2,1,1,6.0,94028,M,4877250.0,243922.0,94
201600042539,16,5,4,905,1,2,1,1,6.0,94028,M,4878430.0,245205.0,94
201600042540,16,5,6,1640,1,2,1,1,2.0,94028,M,4879690.0,246392.0,94
201600042541,16,5,10,2100,2,2,3,1,6.0,94028,M,4877290.0,246956.0,94
201600042542,16,5,13,900,1,2,1,1,6.0,94028,M,4878330.0,244664.0,94
201600042543,16,5,19,1500,1,2,1,1,4.0,94028,M,4878580.0,246992.0,94
201600042544,16,5,24,1345,1,2,2,1,6.0,94028,M,4879580.0,244773.0,94
201600042545,16,5,3,1425,1,2,1,1,6.0,94028,M,4878150.0,246623.0,94
201600042546,16,5,26,840,1,2,1,1,6.0,94028,M,4878190.0,246848.0,94
201600042547,16,5,26,1000,1,2,3,1,3.0,94028,M,4879070.0,244579.0,94
201600042548,16,5,25,1725,1,2,1,1,2.0,94028,M,4876220.0,247476.0,94
201600042549,16,6,2,1100,1,2,3,2,6.0,94011,M,,,94
201600042550,16,6,3,655,1,2,1,1,3.0,94011,M,,,94
201600042551,16,6,4,1644,1,2,1,1,7.0,94028,M,,,94
201600042552,16,6,7,1700,1,2,1,1,6.0,94028,M,,,94
201600042553,16,6,8,805,1,2,1,1,6.0,94028,M,,,94
201600042554,16,6,9,1425,1,2,1,1,3.0,94028,M,,,94
201600042555,16,6,10,1810,1,2,3,1,3.0,94028,M,,,94
201600042556,16,6,11,1655,1,2,1,1,3.0,94028,M,,,94
201600042557,16,6,13,1055,1,2,3,1,3.0,94028,M,,,94
201600042558,16,6,13,450,5,2,1,1,7.0,94011,M,,,94
201600042559,16,6,14,1700,1,1,1,1,6.0,94028,M,,,94
201600042560,16,6,14,1600,1,2,1,1,2.0,94028,M,,,94
201600042561,16,6,15,115,5,2,1,1,7.0,94011,M,,,94
201600042562,16,6,16,1930,1,2,1,1,6.0,94028,M,,,94
201600042563,16,6,17,1545,1,2,1,2,6.0,94028,M,,,94
201600042564,16,6,17,1845,1,2,1,3,6.0,94011,M,,,94
201600042565,16,6,19,135,5,2,1,1,6.0,94028,M,,,94
201600042566,16,6,23,2115,1,1,1,1,3.0,94028,M,,,94
201600042567,16,6,16,1345,1,2,1,1,3.0,94011,M,,,94
201600042568,16,6,24,1430,1,2,1,1,3.0,94028,M,,,94
201600042569,16,6,24,1900,1,2,1,1,6.0,94028,M,,,94
201600042570,16,6,25,1630,1,2,1,1,6.0,94028,M,,,94
201600042571,16,7,1,2205,5,1,1,1,6.0,94044,M,4875760.0,247234.0,94
201600042572,16,7,2,1135,1,2,1,1,6.0,94028,M,,,94
201600042573,16,7,1,1410,1,2,1,1,3.0,94028,M,,,94
201600042574,16,7,7,1000,1,2,3,1,3.0,94011,M,,,94
201600042575,16,7,8,1010,1,2,1,1,6.0,94028,M,4877950.0,243793.0,94
201600042576,16,7,14,1010,1,2,6,1,3.0,94011,M,,,94
201600042577,16,7,13,1655,1,2,1,1,2.0,94028,M,,,94
201600042578,16,7,10,1,5,2,2,1,2.0,94028,M,4878020.0,243770.0,94
201600042579,16,7,9,1830,1,2,1,1,7.0,94011,M,,,94
201600042580,16,7,16,1700,1,2,3,1,3.0,94028,M,,,94
201600042581,16,7,18,2015,1,2,1,1,6.0,94028,M,,,94
201600042582,16,7,18,2040,1,2,1,1,6.0,94028,M,,,94
201600042583,16,7,18,1945,1,2,1,1,6.0,94028,M,,,94
201600042584,16,7,19,1900,2,2,1,1,6.0,94028,M,,,94
201600042585,16,7,19,2200,2,2,3,1,3.0,94028,M,,,94
201600042586,16,7,22,1930,1,2,1,1,6.0,94028,M,,,94
201600042587,16,7,22,2230,1,2,3,1,2.0,94028,M,4877320.0,243494.0,94
201600042588,16,7,30,2230,4,2,1,1,7.0,94028,M,,,94
201600042589,16,8,1,1924,1,2,1,1,6.0,94011,M,,,94
201600042590,16,8,2,820,1,2,1,1,3.0,94028,M,,,94
201600042591,16,7,29,1620,1,2,1,1,6.0,94028,M,,,94
201600042592,16,8,5,2005,1,2,1,1,2.0,94028,M,,,94
201600042593,16,8,6,1652,1,2,9,1,6.0,94028,M,,,94
201600042594,16,8,8,1657,1,1,2,1,2.0,94028,M,4878020.0,243777.0,94
201600042595,16,8,11,1835,1,2,1,1,1.0,94028,M,,,94
201600042596,16,8,13,1020,1,2,1,1,6.0,94011,M,,,94
201600042597,16,8,12,1615,1,2,1,1,6.0,94011,M,,,94
201600042598,16,8,22,1811,1,2,1,1,6.0,94028,M,,,94
201600042599,16,8,23,1930,1,2,1,1,1.0,94028,M,,,94
201600042600,16,8,23,1350,1,2,6,1,6.0,94028,M,4877430.0,243879.0,94
201600042601,16,8,24,2048,1,2,9,1,6.0,94028,M,,,94
201600042602,16,8,27,1205,1,2,1,1,1.0,94028,M,,,94
201600042603,16,8,28,1710,1,2,1,1,6.0,94028,M,,,94
201600042604,16,8,31,1620,1,2,1,1,6.0,94028,M,,,94
201600042605,16,8,31,1930,1,2,1,1,3.0,94011,M,,,94
201600042606,16,8,31,1906,1,2,1,1,1.0,94028,M,,,94
201600042607,16,9,3,1800,1,2,3,1,3.0,94028,M,,,94
201600042608,16,9,5,1630,1,2,1,1,6.0,94028,M,,,94
201600042609,16,9,5,1605,1,1,1,1,6.0,94028,M,,,94
201600042610,16,9,5,2330,5,2,1,1,6.0,94028,M,4877260.0,243964.0,94
201600042611,16,9,7,915,1,2,1,1,3.0,94028,M,4877330.0,243523.0,94
201600042612,16,9,7,525,5,2,1,1,6.0,94011,M,,,94
201600042613,16,9,10,1439,1,2,6,1,6.0,94028,M,4877430.0,243879.0,94
201600042614,16,9,12,1300,1,2,1,1,6.0,94028,M,,,94
201600042615,16,9,16,2030,2,2,1,2,6.0,94028,M,,,94
201600042616,16,9,19,1518,1,1,6,1,3.0,94028,M,4877460.0,243934.0,94
201600042617,16,9,21,2355,4,2,1,1,2.0,94028,M,,,94
201600042618,16,9,22,1330,1,2,1,1,2.0,94028,M,,,94
201600042619,16,9,20,1440,1,2,1,1,3.0,94011,M,,,94
201600042620,16,9,27,1440,1,2,1,1,3.0,94011,M,,,94
201600042621,16,9,27,1900,1,2,1,1,6.0,94028,M,,,94
201600042622,16,9,28,1315,1,2,1,1,6.0,94011,M,,,94
201600042623,16,9,29,1735,1,2,1,1,3.0,94028,M,,,94
201600042624,16,10,2,1030,1,1,1,1,2.0,94011,M,,,94
201600042625,16,10,3,845,1,2,1,1,3.0,94011,M,,,94
201600042626,16,10,3,1200,1,2,4,1,4.0,94028,M,4878150.0,243743.0,94
201600042627,16,10,5,915,1,2,1,1,6.0,94028,M,,,94
201600042628,16,10,5,1255,1,2,1,1,3.0,94028,M,,,94
201600042629,16,10,6,900,1,1,1,1,4.0,94011,M,,,94
201600042630,16,10,8,1945,2,2,1,1,6.0,94028,M,,,94
201600042631,16,10,8,1335,1,2,1,1,4.0,94028,M,,,94
201600042632,16,10,8,1915,1,2,1,1,4.0,94028,M,,,94
201600042633,16,10,10,900,1,2,1,1,6.0,94028,M,,,94
201600042634,16,10,10,1610,1,2,1,1,2.0,94028,M,,,94
201600042635,16,10,10,2029,1,2,1,1,3.0,94028,M,,,94
201600042636,16,10,11,1400,1,2,1,1,2.0,94028,M,,,94
201600042637,16,10,14,1210,1,2,1,1,3.0,94028,M,,,94
201600042638,16,10,18,1033,1,2,2,1,7.0,94028,M,,,94
201600042639,16,10,20,1710,1,2,1,2,2.0,94028,M,,,94
201600042640,16,10,22,1740,1,2,1,1,6.0,94028,M,,,94
201600042641,16,10,22,1500,1,2,1,1,2.0,94028,M,,,94
201600042642,16,10,24,800,2,2,1,2,6.0,94028,M,,,94
201600042643,16,10,24,1610,1,2,1,2,2.0,94028,M,,,94
201600042644,16,10,28,1600,1,2,1,1,6.0,94028,M,,,94
201600042645,16,10,29,1440,1,1,6,1,3.0,94028,M,4877420.0,243968.0,94
201600042646,16,11,3,930,1,2,1,1,2.0,94028,M,,,94
201600042647,16,11,3,820,1,2,1,1,2.0,94028,M,,,94
201600042648,16,11,4,1420,1,2,1,3,3.0,94028,M,,,94
201600042649,16,11,4,1645,1,2,1,3,6.0,94028,M,,,94
201600042650,16,11,4,1830,5,2,1,3,6.0,94028,M,,,94
201600042651,16,11,5,740,1,2,1,1,4.0,94011,M,,,94
201600042652,16,11,7,915,1,1,1,1,6.0,94028,M,,,94
201600042653,16,11,7,1600,1,2,1,1,6.0,94011,M,4876150.0,249625.0,94
201600042654,16,11,7,1745,5,2,1,1,6.0,94028,M,,,94
201600042655,16,11,9,700,2,2,2,2,5.0,94011,M,,,94
201600042656,16,11,10,715,2,2,1,1,2.0,94028,M,,,94
201600042657,16,11,10,1845,4,1,1,2,6.0,94028,M,,,94
201600042658,16,11,13,30,5,2,1,1,6.0,94028,M,,,94
201600042659,16,11,13,1450,1,2,1,1,2.0,94028,M,,,94
201600042660,16,11,14,1140,1,2,2,1,3.0,94028,M,,,94
201600042661,16,11,14,1715,1,2,2,1,6.0,94028,M,,,94
201600042662,16,11,19,1025,1,2,1,1,6.0,94028,M,,,94
201600042663,16,11,25,1115,1,2,1,1,6.0,94028,M,,,94
201600042664,16,11,27,530,5,2,1,1,7.0,94011,M,,,94
201600042665,16,11,27,1615,1,1,1,1,3.0,94028,M,,,94
201600042666,16,11,28,2155,3,2,1,1,2.0,94028,M,,,94
201600042667,16,11,28,1800,5,2,1,1,2.0,94028,M,,,94
201600042668,16,11,22,300,3,2,1,1,2.0,94028,M,,,94
201600042669,16,11,29,715,1,2,1,1,3.0,94028,M,4877030.0,244026.0,94
201600042670,16,11,30,1600,1,2,3,1,3.0,94011,M,,,94
201600042671,16,11,30,2055,5,2,3,1,3.0,94011,M,,,94
201600042672,16,12,2,2140,5,1,1,1,2.0,94028,M,4877200.0,243982.0,94
201600042673,16,12,5,915,1,2,1,1,3.0,94028,M,,,94
201600042674,16,12,6,1320,1,2,2,1,6.0,94028,M,,,94
201600042675,16,12,9,1820,5,2,1,1,2.0,94028,M,,,94
201600042676,16,12,14,810,1,2,1,1,3.0,94028,M,,,94
201600042677,16,12,14,810,1,1,1,1,2.0,94011,M,,,94
201600042678,16,12,13,920,1,2,1,2,2.0,94028,M,,,94
201600042679,16,12,15,2325,5,2,1,1,7.0,94011,M,,,94
201600042680,16,12,21,1910,5,2,1,1,6.0,94028,M,,,94
201600042681,16,12,21,1240,1,2,1,1,3.0,94011,M,,,94
201600042682,16,12,22,1700,2,2,1,2,1.0,94028,M,,,94
201600042683,16,12,22,1855,5,2,1,2,6.0,94028,M,,,94
201600042684,16,12,22,1907,5,2,1,2,6.0,94011,M,,,94
201600042685,16,12,24,1100,1,2,1,1,6.0,94028,M,,,94
201600042686,16,12,24,1310,1,1,1,1,7.0,94028,M,,,94
201600042687,16,12,26,1820,1,2,1,1,3.0,94028,M,,,94
201600042688,16,12,27,1300,1,2,1,1,6.0,94011,M,,,94
201600042689,16,12,28,835,1,2,1,1,6.0,94028,M,,,94
201600042690,16,12,28,930,1,1,1,1,6.0,94028,M,,,94
201600042691,16,12,31,1400,1,2,2,1,3.0,94028,M,,,94
201600042692,16,1,9,1630,1,2,2,1,6.0,94033,M,4885390.0,247115.0,94
201600042693,16,1,9,1700,1,2,2,1,2.0,94033,M,4884870.0,247781.0,94
201600042694,16,1,9,2255,5,2,2,3,3.0,94033,M,4885270.0,246782.0,94
201600042695,16,1,12,1845,5,2,1,8,1.0,94033,M,4885290.0,248275.0,94
201600042696,16,1,14,1700,2,2,2,8,6.0,94033,M,4885830.0,248020.0,94
201600042697,16,1,15,930,1,2,3,1,3.0,94033,M,4884820.0,248386.0,94
201600042698,16,1,17,1905,5,2,2,1,3.0,94033,M,4885270.0,246782.0,94
201600042699,16,1,18,930,1,2,2,1,3.0,94033,M,4885020.0,246091.0,94
201600042700,16,1,18,1310,1,2,4,1,6.0,94033,M,4885970.0,248068.0,94
201600042701,16,1,27,2140,5,2,1,1,6.0,94033,M,4884800.0,246394.0,94
201600042702,16,1,31,1300,1,2,1,2,6.0,94033,M,4884440.0,246226.0,94
201600042703,16,2,8,1,5,2,3,1,1.0,94033,M,4884610.0,245139.0,94
201600042704,16,2,9,1830,5,2,1,3,3.0,94033,M,4885640.0,249221.0,94
201600042705,16,3,1,1430,1,2,3,2,2.0,94033,M,4885390.0,249347.0,94
201600042706,16,3,9,930,1,2,2,2,3.0,94033,M,4884940.0,246499.0,94
201600042707,16,3,12,1835,1,2,3,1,3.0,94033,M,4885380.0,245317.0,94
201600042708,16,3,14,1130,1,2,1,1,3.0,94033,M,4885950.0,249419.0,94
201600042709,16,3,22,2220,5,2,2,1,3.0,94033,M,4884360.0,246616.0,94
201600042710,16,3,29,1240,1,2,1,1,3.0,94033,M,4885370.0,249357.0,94
201600042711,16,3,30,1120,1,2,2,2,3.0,94033,M,4884440.0,245708.0,94
201600042712,16,4,7,2140,5,2,6,1,3.0,94033,M,4885390.0,249347.0,94
201600042713,16,4,15,2230,5,2,1,8,2.0,94033,M,4886000.0,249016.0,94
201600042714,16,4,30,1615,1,2,2,2,6.0,94033,M,4884530.0,245116.0,94
201600042715,16,5,24,915,1,2,1,1,3.0,94033,M,4885240.0,248704.0,94
201600042716,16,5,28,1920,1,2,2,1,6.0,94033,M,4885300.0,245766.0,94
201600042717,16,5,30,1640,1,2,3,3,6.0,94033,M,4885360.0,247509.0,94
201600042718,16,6,10,1815,1,2,1,1,3.0,94033,M,,,94
201600042719,16,6,12,20,5,2,2,1,6.0,94033,M,4885910.0,249087.0,94
201600042720,16,6,12,545,2,2,1,2,6.0,94033,M,,,94
201600042721,16,6,15,1330,1,2,9,1,6.0,94033,M,,,94
201600042722,16,6,23,1215,1,2,1,1,3.0,94033,M,,,94
201600042723,16,7,14,1400,1,2,2,1,6.0,94033,M,,,94
201600042724,16,7,26,900,1,2,1,1,3.0,94033,M,,,94
201600042725,16,7,28,1630,1,2,1,1,6.0,94033,M,,,94
201600042726,16,8,25,1500,1,2,1,7,3.0,94033,M,,,94
201600042727,16,9,5,1915,1,2,1,1,6.0,94033,M,,,94
201600042728,16,9,8,745,1,2,1,1,6.0,94033,M,,,94
201600042729,16,9,22,915,1,2,3,1,3.0,94033,M,,,94
201600042730,16,9,22,940,1,2,1,1,6.0,94033,M,,,94
201600042731,16,9,24,1100,1,2,2,1,1.0,94033,M,,,94
201600042732,16,9,28,925,1,2,1,1,3.0,94033,M,,,94
201600042733,16,10,3,1725,1,2,2,1,3.0,94033,M,,,94
201600042734,16,10,6,1000,1,2,1,1,3.0,94033,M,,,94
201600042735,16,10,6,1720,1,2,1,1,6.0,94033,M,,,94
201600042736,16,10,7,510,5,2,1,1,6.0,94033,M,,,94
201600042737,16,10,9,335,5,2,4,1,6.0,94033,M,,,94
201600042738,16,10,10,1440,1,2,2,1,3.0,94033,M,,,94
201600042739,16,10,26,830,2,2,1,8,6.0,94033,M,,,94
201600042740,16,10,28,2345,5,2,2,1,3.0,94033,M,,,94
201600042741,16,11,10,1200,1,2,1,2,2.0,94033,M,,,94
201600042742,16,11,18,1030,1,2,1,1,6.0,94033,M,,,94
201600042743,16,12,3,1130,1,2,2,1,3.0,94033,M,,,94
201600042744,16,12,3,2235,5,2,2,1,3.0,94033,M,,,94
201600042745,16,12,13,1630,2,2,2,1,6.0,94033,M,,,94
201600042746,16,12,14,1615,1,2,1,1,2.0,94033,M,,,94
201600042747,16,12,15,1705,5,2,1,1,6.0,94033,M,,,94
201600042748,16,12,31,1835,5,2,2,1,6.0,94033,M,,,94
201600042749,16,1,1,710,5,2,3,1,2.0,94003,M,4880960.0,232648.0,94
201600042750,16,1,2,1150,1,2,4,1,2.0,94043,M,4881550.0,235644.0,94
201600042751,16,1,2,2255,5,2,1,1,2.0,94003,M,4880310.0,232457.0,94
201600042752,16,1,3,130,5,2,1,1,6.0,94043,M,4881310.0,236134.0,94
201600042753,16,1,4,830,1,2,3,2,6.0,94037,M,4881190.0,234682.0,94
201600042754,16,1,9,10,5,2,1,5,1.0,94037,M,4881270.0,235177.0,94
201600042755,16,1,10,540,5,2,2,8,3.0,94076,M,4880700.0,236322.0,94
201600042756,16,1,12,1515,1,2,1,1,2.0,94076,M,4878210.0,236702.0,94
201600042757,16,1,14,900,1,2,4,2,6.0,94076,M,4878770.0,236280.0,94
201600042758,16,1,15,1750,5,2,3,1,6.0,94016,M,4879270.0,232973.0,94
201600042759,16,1,15,1840,5,2,1,1,3.0,94043,M,4881130.0,236177.0,94
201600042760,16,1,19,810,1,2,3,2,6.0,94016,M,4879450.0,233125.0,94
201600042761,16,1,19,1900,5,2,2,1,3.0,94037,M,4881420.0,234976.0,94
201600042762,16,1,19,1958,5,2,3,1,6.0,94076,M,4878030.0,236981.0,94
201600042763,16,1,21,910,1,2,1,4,7.0,94076,M,4878850.0,235876.0,94
201600042764,16,1,21,1030,1,2,2,1,6.0,94076,M,4879490.0,236637.0,94
201600042765,16,1,23,1645,1,2,3,1,6.0,94076,M,4878600.0,236334.0,94
201600042766,16,1,25,405,5,2,2,1,3.0,94076,M,4878860.0,237528.0,94
201600042767,16,1,26,100,5,2,1,1,3.0,94076,M,4879170.0,236954.0,94
201600042768,16,1,26,1415,1,2,3,1,3.0,94076,M,4879150.0,236946.0,94
201600042769,16,1,29,900,1,2,1,1,6.0,94016,M,4878990.0,232631.0,94
201600042770,16,1,30,2230,5,2,3,1,2.0,94016,M,4878690.0,232957.0,94
201600042771,16,2,2,930,1,2,3,1,6.0,94076,M,4878460.0,237115.0,94
201600042772,16,2,5,800,1,2,3,1,6.0,94016,M,4879450.0,232120.0,94
201600042773,16,2,6,1210,1,2,2,1,3.0,94076,M,4879120.0,236951.0,94
201600042774,16,2,10,1400,1,1,3,1,6.0,94076,M,4878330.0,235489.0,94
201600042775,16,2,11,2040,5,2,3,1,3.0,94043,M,4881510.0,236073.0,94
201600042776,16,2,11,2145,5,2,2,1,1.0,94037,M,4881660.0,233512.0,94
201600042777,16,2,12,1000,1,2,1,7,6.0,94076,M,4879480.0,236381.0,94
201600042778,16,2,14,100,5,2,2,2,2.0,94076,M,4879500.0,235434.0,94
201600042779,16,2,14,920,1,2,3,1,6.0,94043,M,4881280.0,235704.0,94
201600042780,16,2,15,1505,1,2,1,1,5.0,94076,M,4878910.0,235397.0,94
201600042781,16,2,16,800,1,2,2,1,6.0,94076,M,4878860.0,237528.0,94
201600042782,16,2,17,900,1,2,1,1,6.0,94043,M,4881020.0,236281.0,94
201600042783,16,2,20,1105,1,2,2,2,6.0,94003,M,4880440.0,233814.0,94
201600042784,16,2,20,1340,1,2,1,2,6.0,94043,M,4881040.0,236202.0,94
201600042785,16,2,20,1510,1,2,3,1,1.0,94076,M,4879280.0,236936.0,94
201600042786,16,2,21,625,5,2,2,2,3.0,94003,M,4880440.0,233814.0,94
201600042787,16,2,23,35,5,2,1,2,3.0,94043,M,4880720.0,236304.0,94
201600042788,16,2,25,900,1,2,2,1,6.0,94003,M,4879950.0,234407.0,94
201600042789,16,3,3,900,1,2,1,8,3.0,94043,M,4880730.0,235426.0,94
201600042790,16,2,27,2215,4,2,3,1,6.0,94037,M,4881310.0,235362.0,94
201600042791,16,3,3,1545,1,1,3,1,6.0,94076,M,4878640.0,236111.0,94
201600042792,16,3,4,215,5,2,1,3,3.0,94003,M,4880650.0,232591.0,94
201600042793,16,3,5,1130,1,2,1,1,6.0,94003,M,4880880.0,232651.0,94
201600042794,16,3,7,2100,5,2,2,2,3.0,94076,M,4880560.0,236364.0,94
201600042795,16,3,9,915,1,2,2,3,3.0,94016,M,4879640.0,232391.0,94
201600042796,16,3,11,900,1,2,1,1,2.0,94043,M,4880970.0,236122.0,94
201600042797,16,3,11,1015,1,2,3,1,7.0,94003,M,4879960.0,233151.0,94
201600042798,16,3,16,1500,1,2,3,1,6.0,94037,M,4881060.0,234781.0,94
201600042799,16,3,17,1600,1,2,1,1,1.0,94037,M,4881640.0,234077.0,94
201600042800,16,3,23,820,1,2,3,1,3.0,94076,M,4878850.0,236436.0,94
201600042801,16,3,23,1500,1,2,1,1,6.0,94016,M,4878640.0,234041.0,94
201600042802,16,3,25,1300,1,2,1,2,3.0,94037,M,4881360.0,234735.0,94
201600042803,16,4,3,230,5,2,1,8,3.0,94076,M,4880500.0,236382.0,94
201600042804,16,4,6,1830,1,2,1,3,6.0,94076,M,4879800.0,236602.0,94
201600042805,16,4,11,1825,1,1,1,1,3.0,94003,M,4880280.0,232442.0,94
201600042806,16,4,13,850,1,2,2,1,2.0,94003,M,4880090.0,233336.0,94
201600042807,16,4,13,800,1,2,3,1,3.0,94016,M,4879080.0,231990.0,94
201600042808,16,4,15,1435,1,2,1,2,3.0,94043,M,4881190.0,236159.0,94
201600042809,16,4,16,1930,2,2,8,1,3.0,94076,M,4878460.0,236709.0,94
201600042810,16,4,17,1620,1,1,1,1,2.0,94043,M,4881600.0,236382.0,94
201600042811,16,4,19,1520,1,2,3,1,6.0,94016,M,4880150.0,232393.0,94
201600042812,16,4,21,1425,1,2,3,1,3.0,94003,M,4880150.0,232393.0,94
201600042813,16,4,23,1630,1,2,1,1,4.0,94043,M,4880720.0,236318.0,94
201600042814,16,4,26,2130,5,2,2,2,5.0,94076,M,4878850.0,236164.0,94
201600042815,16,4,27,2330,5,2,2,1,3.0,94076,M,4879600.0,236857.0,94
201600042816,16,4,28,1300,1,2,1,1,6.0,94076,M,4879110.0,236901.0,94
201600042817,16,4,29,1745,1,2,1,1,3.0,94043,M,4880930.0,236238.0,94
201600042818,16,5,6,1910,1,2,3,1,3.0,94016,M,4878850.0,233257.0,94
201600042819,16,5,8,2120,5,2,1,1,2.0,94076,M,4878860.0,237411.0,94
201600042820,16,5,9,1738,1,2,3,1,1.0,94076,M,4878700.0,235258.0,94
201600042821,16,5,10,1100,1,2,3,1,1.0,94003,M,4880580.0,232558.0,94
201600042822,16,5,12,845,1,2,1,1,6.0,94003,M,4880510.0,233696.0,94
201600042823,16,5,15,715,1,2,1,1,3.0,94043,M,4881100.0,235081.0,94
201600042824,16,5,17,1030,1,2,3,1,6.0,94016,M,4878770.0,233253.0,94
201600042825,16,5,18,1735,1,2,3,3,3.0,94016,M,4879580.0,232523.0,94
201600042826,16,5,20,1145,1,2,3,1,6.0,94016,M,4878900.0,233174.0,94
201600042827,16,5,25,700,1,2,2,1,3.0,94016,M,4878680.0,233735.0,94
201600042828,16,5,25,745,1,2,1,1,3.0,94016,M,4879970.0,232386.0,94
201600042829,16,5,26,1054,1,2,2,1,3.0,94076,M,4880560.0,236364.0,94
201600042830,16,5,26,1730,1,2,2,1,3.0,94016,M,4879000.0,232258.0,94
201600042831,16,5,28,1700,1,2,2,2,3.0,94076,M,4878740.0,235420.0,94