Num_Acc,an,mois,jour,hrmn,lum,agg,int,atm,col,com,gps,lat,long,dep
201600043209,16,10,10,815,1,2,1,1,3.0,94041,M,,,94
201600043210,16,10,11,1315,1,2,1,1,1.0,94041,M,,,94
201600043211,16,3,6,830,1,2,6,1,6.0,94041,M,4881460.0,240209.0,94
201600043212,16,5,21,1245,1,2,1,1,1.0,94041,M,4882270.0,238899.0,94
201600043213,16,3,12,1510,1,2,4,1,1.0,94041,M,4882130.0,239428.0,94
201600043214,16,10,20,2005,5,2,3,8,3.0,94041,M,,,94
201600043215,16,3,14,1725,1,2,1,1,3.0,94041,M,4881970.0,238004.0,94
201600043216,16,10,22,1320,1,2,1,1,6.0,94041,M,,,94
201600043217,16,3,15,2130,5,2,1,1,6.0,94041,M,4881210.0,238738.0,94
201600043218,16,10,23,1720,1,2,2,3,3.0,94041,M,,,94
201600043219,16,10,23,2330,3,2,1,2,7.0,94041,M,,,94
201600043220,16,10,25,1500,1,2,3,1,6.0,94041,M,,,94
201600043221,16,10,25,2150,5,2,1,1,3.0,94041,M,,,94
201600043222,16,3,19,608,5,2,2,8,3.0,94041,M,4881760.0,238157.0,94
201600043223,16,10,27,1305,1,2,1,1,7.0,94041,M,,,94
201600043224,16,10,28,940,1,2,1,1,3.0,94041,M,,,94
201600043225,16,10,28,1020,1,2,9,1,6.0,94041,M,,,94
201600043226,16,11,3,850,1,2,1,1,3.0,94041,M,,,94
201600043227,16,11,3,840,1,2,1,1,3.0,94041,M,,,94
201600043228,16,11,3,1815,5,2,1,1,6.0,94041,M,,,94
201600043229,16,11,9,1645,2,2,1,2,2.0,94041,M,,,94
201600043230,16,4,3,15,5,2,3,2,6.0,94041,M,4881170.0,238476.0,94
201600043231,16,11,14,1455,1,2,1,1,6.0,94041,M,,,94
201600043232,16,11,17,2130,5,2,1,2,6.0,94041,M,,,94
201600043233,16,4,8,1405,1,2,2,1,3.0,94041,M,4882060.0,239553.0,94
201600043234,16,11,18,1140,1,2,9,1,3.0,94041,M,,,94
201600043235,16,11,18,1620,1,2,1,1,6.0,94041,M,,,94
201600043236,16,4,11,1740,1,2,3,2,3.0,94041,M,4880890.0,237912.0,94
201600043237,16,11,23,2025,5,2,2,1,3.0,94041,M,,,94
201600043238,16,11,24,1920,5,2,1,1,3.0,94041,M,,,94
201600043239,16,4,15,1650,1,2,2,8,6.0,94041,M,4880690.0,237516.0,94
201600043240,16,8,23,2238,5,2,3,1,4.0,94041,M,,,94
201600043241,16,12,2,2320,5,2,1,1,6.0,94041,M,,,94
201600043242,16,8,26,28,5,2,1,1,1.0,94041,M,,,94
201600043243,16,12,4,2105,4,1,1,1,2.0,94041,M,,,94
201600043244,16,12,5,1000,1,2,3,1,3.0,94041,M,,,94
201600043245,16,4,27,25,5,2,3,1,6.0,94041,M,4881330.0,238834.0,94
201600043246,16,4,27,2115,5,2,2,1,7.0,94041,M,4881730.0,236691.0,94
201600043247,16,5,1,2145,5,2,1,1,3.0,94041,M,4880290.0,239680.0,94
201600043248,16,12,14,830,1,2,1,1,1.0,94041,M,,,94
201600043249,16,12,14,915,1,2,1,1,3.0,94041,M,,,94
201600043250,16,9,15,1315,1,2,2,2,6.0,94041,M,,,94
201600043251,16,12,18,600,3,2,1,1,6.0,94041,M,,,94
201600043252,16,9,24,2355,5,2,1,1,2.0,94041,M,,,94
201600043253,16,5,11,1930,1,2,3,1,1.0,94041,M,4881460.0,240712.0,94
201600043254,16,5,12,1950,2,2,2,2,6.0,94041,M,4882050.0,239522.0,94
201600043255,16,12,27,2100,5,2,1,1,6.0,94041,M,,,94
201600043256,16,5,20,2000,2,2,2,1,6.0,94041,M,4881240.0,238634.0,94
201600043257,16,5,21,1000,1,2,6,1,3.0,94041,M,4880530.0,238881.0,94
201600043258,16,5,22,1610,1,2,3,2,3.0,94041,M,4880890.0,237912.0,94
201600043259,16,5,22,1715,1,2,1,2,3.0,94041,M,4881290.0,237038.0,94
201600043260,16,5,23,1300,1,2,2,2,6.0,94041,M,4881670.0,239535.0,94
201600043261,16,5,26,1915,1,2,2,1,3.0,94041,M,4880810.0,237398.0,94
201600043262,16,5,27,1228,1,2,2,1,6.0,94041,M,4880620.0,239065.0,94
201600043263,16,6,2,1630,1,2,1,2,6.0,94041,M,,,94
201600043264,16,6,7,1030,1,2,1,1,7.0,94041,M,,,94
201600043265,16,6,9,735,1,2,1,1,6.0,94041,M,,,94
201600043266,16,6,10,1240,1,2,1,1,2.0,94041,M,,,94
201600043267,16,6,30,110,5,2,1,1,7.0,94041,M,,,94
201600043268,16,7,1,2200,5,2,1,2,6.0,94041,M,,,94
201600043269,16,7,2,1035,1,2,9,1,6.0,94041,M,,,94
201600043270,16,7,5,1600,1,2,1,1,6.0,94041,M,,,94
201600043271,16,7,10,2050,1,2,1,1,6.0,94041,M,,,94
201600043272,16,7,14,1625,1,2,1,1,6.0,94041,M,,,94
201600043273,16,7,27,725,1,2,1,1,7.0,94041,M,,,94
201600043274,16,7,26,1000,1,2,1,1,6.0,94041,M,,,94
201600043275,16,7,29,1815,1,2,1,1,6.0,94041,M,,,94
201600043276,16,8,3,1010,1,2,1,1,3.0,94041,M,,,94
201600043277,16,2,19,1820,5,2,1,1,2.0,94046,M,4880440.0,244343.0,94
201600043278,16,1,4,840,1,2,3,1,2.0,94046,M,4880890.0,243324.0,94
201600043279,16,2,3,1930,5,2,3,2,2.0,94046,M,4881570.0,242575.0,94
201600043280,16,10,21,1350,1,2,1,2,1.0,94046,M,,,94
201600043281,16,10,24,1555,1,2,1,1,3.0,94046,M,,,94
201600043282,16,10,25,950,1,2,2,2,3.0,94046,M,,,94
201600043283,16,3,4,1650,1,2,2,1,3.0,94046,M,4881530.0,241997.0,94
201600043284,16,2,23,1950,1,2,1,1,2.0,94046,M,4881270.0,242767.0,94
201600043285,16,11,3,840,1,2,2,1,2.0,94046,M,,,94
201600043286,16,11,3,1100,1,2,3,1,3.0,94046,M,,,94
201600043287,16,3,25,1725,1,2,1,1,2.0,94046,M,4879360.0,243433.0,94
201600043288,16,11,8,1240,1,2,2,1,3.0,94046,M,,,94
201600043289,16,6,3,945,1,2,1,1,3.0,94046,M,,,94
201600043290,16,11,10,1935,5,2,1,3,6.0,94046,M,,,94
201600043291,16,11,14,830,1,2,1,1,6.0,94046,M,,,94
201600043292,16,2,27,1500,1,2,4,1,3.0,94046,M,4880710.0,242547.0,94
201600043293,16,5,4,1635,1,2,2,1,3.0,94046,M,4881030.0,242349.0,94
201600043294,16,11,20,1830,2,2,4,2,6.0,94046,M,,,94
201600043295,16,11,21,855,1,2,6,2,6.0,94046,M,,,94
201600043296,16,11,21,1155,1,2,3,2,3.0,94046,M,,,94
201600043297,16,3,16,950,1,2,2,1,2.0,94046,M,4881000.0,244005.0,94
201600043298,16,11,24,700,5,2,4,1,6.0,94046,M,,,94
201600043299,16,2,27,550,5,2,1,1,6.0,94046,M,4881550.0,244177.0,94
201600043300,16,5,4,1355,1,2,2,1,3.0,94046,M,4881530.0,241997.0,94
201600043301,16,11,27,1855,5,2,1,1,3.0,94046,M,,,94
201600043302,16,11,28,910,1,2,1,1,2.0,94046,M,,,94
201600043303,16,11,30,1550,1,2,2,1,3.0,94046,M,,,94
201600043304,16,1,12,1900,5,2,1,1,6.0,94046,M,4881460.0,242261.0,94
201600043305,16,12,1,1910,5,2,3,1,3.0,94046,M,,,94
201600043306,16,12,4,1430,1,2,1,1,6.0,94046,M,,,94
201600043307,16,5,26,1800,1,2,2,1,6.0,94046,M,4880280.0,243397.0,94
201600043308,16,12,5,725,5,2,1,1,3.0,94046,M,,,94
201600043309,16,5,28,1415,1,2,1,2,6.0,94046,M,4880860.0,242451.0,94
201600043310,16,12,7,1650,1,2,1,1,6.0,94046,M,,,94
201600043311,16,12,8,815,1,2,5,1,3.0,94046,M,,,94
201600043312,16,6,5,1500,1,2,1,2,6.0,94046,M,,,94
201600043313,16,6,12,1920,1,2,1,1,7.0,94046,M,,,94
201600043314,16,12,13,1955,5,2,1,1,3.0,94046,M,,,94
201600043315,16,12,14,150,5,2,3,1,3.0,94046,M,,,94
201600043316,16,12,19,1755,5,2,4,1,3.0,94046,M,,,94
201600043317,16,12,21,1930,5,2,2,2,3.0,94046,M,,,94
201600043318,16,12,29,1630,1,2,1,1,7.0,94046,M,,,94
201600043319,16,4,28,1220,1,2,3,1,6.0,94046,M,4880930.0,243682.0,94
201600043320,16,8,20,2155,1,2,1,1,1.0,94046,M,,,94
201600043321,16,1,21,805,1,2,3,1,6.0,94046,M,4880890.0,243324.0,94
201600043322,16,4,28,1820,1,2,3,1,1.0,94046,M,4881340.0,244671.0,94
201600043323,16,9,25,1915,1,2,1,1,2.0,94046,M,,,94
201600043324,16,3,24,1800,1,2,2,1,2.0,94046,M,4879990.0,243748.0,94
201600043325,16,9,7,2150,2,2,2,1,3.0,94046,M,,,94
201600043326,16,12,12,1810,5,2,1,2,6.0,94046,M,,,94
201600043327,16,1,28,845,1,2,2,2,6.0,94046,M,4880860.0,245077.0,94
201600043328,16,1,7,1820,5,2,3,1,3.0,94046,M,4880580.0,244792.0,94
201600043329,16,2,1,745,5,2,3,2,3.0,94046,M,4880200.0,243749.0,94
201600043330,16,6,8,1540,1,2,2,1,3.0,94046,M,,,94
201600043331,16,3,7,1850,2,2,1,2,3.0,94046,M,4880890.0,245784.0,94
201600043332,16,6,10,2125,2,2,1,1,2.0,94046,M,,,94
201600043333,16,6,17,1900,1,2,3,2,3.0,94046,M,,,94
201600043334,16,6,18,1430,1,2,1,1,2.0,94046,M,,,94
201600043335,16,5,13,1805,1,2,1,2,3.0,94046,M,4880440.0,244035.0,94
201600043336,16,6,20,1915,1,2,1,3,6.0,94046,M,,,94
201600043337,16,6,21,1600,1,2,1,1,6.0,94046,M,,,94
201600043338,16,6,21,1815,1,2,1,1,6.0,94046,M,,,94
201600043339,16,6,23,1825,1,2,3,1,3.0,94046,M,,,94
201600043340,16,6,29,1350,1,2,1,1,6.0,94046,M,,,94
201600043341,16,5,17,1400,1,2,3,1,3.0,94046,M,4880440.0,244341.0,94
201600043342,16,7,4,945,1,2,1,1,1.0,94046,M,,,94
201600043343,16,7,8,2140,1,2,3,1,6.0,94046,M,,,94
201600043344,16,7,10,2130,1,2,3,1,3.0,94046,M,,,94
201600043345,16,7,14,1415,1,2,2,1,3.0,94046,M,,,94
201600043346,16,2,8,1810,5,2,1,3,6.0,94046,M,4881500.0,242410.0,94
201600043347,16,7,16,10,5,2,1,1,6.0,94046,M,,,94
201600043348,16,5,18,1650,1,2,1,2,7.0,94046,M,4880040.0,243448.0,94
201600043349,16,3,31,620,2,2,1,2,2.0,94046,M,4880820.0,244949.0,94
201600043350,16,5,20,905,1,2,3,2,6.0,94046,M,4880180.0,243239.0,94
201600043351,16,5,4,1710,1,2,3,1,3.0,94046,M,4880550.0,243144.0,94
201600043352,16,5,20,1855,1,2,3,1,3.0,94046,M,4879560.0,243379.0,94
201600043353,16,7,26,1940,1,2,2,1,5.0,94046,M,,,94
201600043354,16,8,11,1920,1,2,3,1,3.0,94046,M,,,94
201600043355,16,2,11,710,1,2,2,1,3.0,94046,M,4881110.0,245277.0,94
201600043356,16,4,1,1805,1,2,3,1,3.0,94046,M,4880230.0,243484.0,94
201600043357,16,2,13,1700,1,2,1,2,3.0,94046,M,4880830.0,242472.0,94
201600043358,16,8,24,1350,1,2,1,1,4.0,94046,M,,,94
201600043359,16,8,25,850,1,2,3,1,3.0,94046,M,,,94
201600043360,16,8,28,1405,1,2,1,1,7.0,94046,M,,,94
201600043361,16,8,28,1840,1,2,3,1,3.0,94046,M,,,94
201600043362,16,5,26,900,1,2,3,1,3.0,94046,M,4880910.0,245810.0,94
201600043363,16,8,31,2110,5,2,2,1,6.0,94046,M,,,94
201600043364,16,5,27,1350,1,2,1,1,2.0,94046,M,4881260.0,245439.0,94
201600043365,16,9,5,1500,1,2,6,2,3.0,94046,M,,,94
201600043366,16,9,6,1115,1,2,1,1,3.0,94046,M,,,94
201600043367,16,9,6,1700,1,2,1,1,2.0,94046,M,,,94
201600043368,16,9,27,1745,1,2,1,1,2.0,94046,M,,,94
201600043369,16,5,30,1100,1,2,1,2,3.0,94046,M,4880470.0,243839.0,94
201600043370,16,9,11,2230,5,2,1,1,6.0,94046,M,,,94
201600043371,16,9,12,805,1,2,1,1,6.0,94046,M,,,94
201600043372,16,9,16,2000,5,2,1,2,3.0,94046,M,,,94
201600043373,16,10,5,1035,1,2,1,1,3.0,94046,M,,,94
201600043374,16,9,30,845,1,2,1,8,6.0,94046,M,,,94
201600043375,16,10,6,1410,1,2,3,1,3.0,94046,M,,,94
201600043376,16,4,2,1230,1,2,1,1,3.0,94042,M,4881610.0,247220.0,94
201600043377,16,1,5,800,2,2,2,2,3.0,94015,M,4884710.0,252624.0,94
201600043378,16,1,9,2335,5,2,2,3,3.0,94052,M,4884130.0,248278.0,94
201600043379,16,1,11,1500,1,2,1,1,3.0,94015,M,4883270.0,252770.0,94
201600043380,16,5,28,1210,1,2,3,1,3.0,94058,M,4884880.0,250869.0,94
201600043381,16,1,12,2000,5,2,1,2,4.0,94052,M,4883180.0,249316.0,94
201600043382,16,7,28,915,1,2,1,1,2.0,94058,M,,,94
201600043383,16,7,30,1330,1,2,2,1,3.0,94042,M,,,94
201600043384,16,1,21,800,1,2,3,8,6.0,94058,M,4884920.0,249601.0,94
201600043385,16,1,21,1655,2,2,3,2,1.0,94052,M,4884520.0,248917.0,94
201600043386,16,8,11,1400,1,2,1,1,2.0,94058,M,,,94
201600043387,16,1,27,600,5,2,2,1,6.0,94058,M,4883720.0,251099.0,94
201600043388,16,3,2,1640,1,2,2,3,6.0,94042,M,4882020.0,246727.0,94
201600043389,16,1,27,1700,1,2,1,2,6.0,94052,M,4884500.0,248882.0,94
201600043390,16,8,9,1545,1,2,1,1,3.0,94058,M,,,94
201600043391,16,10,6,1815,1,2,1,1,3.0,94042,M,,,94
201600043392,16,10,10,1850,5,2,1,1,3.0,94015,M,,,94
201600043393,16,1,30,620,3,2,3,8,2.0,94058,M,4885080.0,250313.0,94
201600043394,16,1,30,1710,1,2,1,1,5.0,94015,M,4883100.0,253179.0,94
201600043395,16,8,13,1435,1,2,2,1,3.0,94058,M,,,94
201600043396,16,3,17,1545,1,2,6,1,2.0,94015,M,4883410.0,251869.0,94
201600043397,16,8,15,1205,1,2,2,1,3.0,94052,M,,,94
201600043398,16,2,2,1800,1,2,1,2,3.0,94042,M,4881550.0,246397.0,94
201600043399,16,8,15,1530,1,2,6,1,3.0,94058,M,,,94
201600043400,16,2,4,2120,5,2,2,1,6.0,94058,M,4883250.0,250883.0,94
201600043401,16,12,17,1130,1,2,1,1,2.0,94058,M,,,94
201600043402,16,8,23,850,1,2,6,7,6.0,94052,M,,,94
201600043403,16,2,10,1725,1,2,1,1,6.0,94058,M,4884410.0,250230.0,94
201600043404,16,8,29,1900,1,2,1,1,1.0,94058,M,,,94
201600043405,16,9,2,950,1,2,3,1,6.0,94015,M,,,94
201600043406,16,9,5,2210,5,2,2,2,3.0,94052,M,,,94
201600043407,16,2,24,750,1,2,1,1,1.0,94058,M,4884740.0,249286.0,94
201600043408,16,9,7,1940,1,2,1,1,2.0,94052,M,,,94
201600043409,16,9,7,2000,2,2,1,1,6.0,94052,M,,,94
201600043410,16,5,11,2130,5,2,3,1,3.0,94052,M,4884010.0,248098.0,94
201600043411,16,9,10,1845,1,2,1,1,6.0,94058,M,,,94
201600043412,16,5,20,40,5,2,2,1,3.0,94042,M,4882040.0,247427.0,94
201600043413,16,9,12,1325,1,2,1,1,2.0,94015,M,,,94
201600043414,16,3,4,845,1,1,3,2,3.0,94015,M,4882880.0,252564.0,94
201600043415,16,9,14,1915,1,2,1,1,6.0,94052,M,,,94
201600043416,16,9,16,1745,1,2,1,1,6.0,94042,M,,,94
201600043417,16,3,8,1615,1,2,5,1,3.0,94058,M,4883720.0,251099.0,94
201600043418,16,9,21,1310,1,2,1,1,3.0,94058,M,,,94
201600043419,16,3,11,1705,1,2,3,1,6.0,94052,M,4883820.0,248563.0,94
201600043420,16,9,22,1427,1,2,1,1,6.0,94058,M,,,94
201600043421,16,3,12,1610,1,2,3,1,1.0,94052,M,4883570.0,247537.0,94
201600043422,16,9,23,1645,1,2,1,1,3.0,94052,M,,,94
201600043423,16,3,17,1815,1,2,2,1,2.0,94042,M,4882020.0,246727.0,94
201600043424,16,3,18,740,1,2,2,1,6.0,94052,M,4883820.0,248595.0,94
201600043425,16,9,30,830,1,2,1,1,3.0,94052,M,,,94
201600043426,16,9,30,1420,1,2,1,1,2.0,94052,M,,,94
201600043427,16,10,4,1000,1,2,1,1,6.0,94042,M,,,94
201600043428,16,10,4,1250,1,2,2,1,3.0,94058,M,,,94
201600043429,16,3,23,1430,1,2,3,1,2.0,94058,M,4884210.0,250138.0,94
201600043430,16,10,8,1420,1,2,1,1,2.0,94052,M,4883250.0,249310.0,94
201600043431,16,7,21,320,5,2,1,1,6.0,94058,M,,,94
201600043432,16,10,10,800,1,2,1,1,3.0,94042,M,,,94
201600043433,16,10,10,855,1,2,3,1,3.0,94058,M,,,94
201600043434,16,3,30,1745,1,2,1,2,4.0,94042,M,4881240.0,245952.0,94
201600043435,16,10,12,946,1,2,2,1,1.0,94015,M,,,94
201600043436,16,10,12,1350,1,2,2,1,6.0,94015,M,,,94
201600043437,16,10,12,1420,1,1,3,1,6.0,94052,M,,,94
201600043438,16,7,30,120,4,2,1,1,6.0,94052,M,,,94
201600043439,16,10,12,2000,5,2,1,1,5.0,94058,M,,,94
201600043440,16,10,12,2000,5,2,1,1,6.0,94058,M,,,94
201600043441,16,10,13,1240,1,2,9,1,6.0,94058,M,,,94
201600043442,16,4,1,2205,5,2,3,1,3.0,94052,M,4883960.0,248154.0,94
201600043443,16,10,16,915,1,2,1,1,6.0,94052,M,,,94
201600043444,16,10,16,1545,1,2,1,1,6.0,94015,M,,,94
201600043445,16,8,20,505,5,2,1,1,6.0,94058,M,,,94
201600043446,16,9,25,2230,3,2,2,1,3.0,94042,M,,,94
201600043447,16,4,9,1200,1,2,1,1,3.0,94042,M,4881610.0,246908.0,94
201600043448,16,10,22,2030,5,2,5,1,3.0,94058,M,,,94
201600043449,16,10,23,1603,1,2,1,3,2.0,94052,M,,,94
201600043450,16,4,15,1750,1,2,3,1,3.0,94042,M,4881540.0,247348.0,94
201600043451,16,4,19,1645,1,2,2,1,3.0,94058,M,4885130.0,251081.0,94
201600043452,16,4,19,1745,1,2,4,1,6.0,94042,M,4882020.0,246981.0,94
201600043453,16,5,5,835,1,2,1,1,3.0,94058,M,4883630.0,249668.0,94
201600043454,16,5,6,850,1,2,1,1,6.0,94042,M,4881770.0,246672.0,94
201600043455,16,11,16,2030,4,2,1,1,6.0,94042,M,,,94
201600043456,16,5,17,1410,1,2,1,1,3.0,94058,M,4883490.0,251379.0,94
201600043457,16,5,18,1216,1,2,3,1,6.0,94052,M,4883960.0,246998.0,94
201600043458,16,5,19,1210,1,2,2,2,6.0,94042,M,4881980.0,246439.0,94
201600043459,16,12,3,2100,5,2,3,1,3.0,94052,M,,,94
201600043460,16,5,23,1745,1,2,3,2,1.0,94052,M,4884190.0,248377.0,94
201600043461,16,5,24,1735,1,2,3,1,2.0,94042,M,4881540.0,247348.0,94
201600043462,16,5,25,1620,1,2,3,1,6.0,94052,M,4884420.0,248786.0,94
201600043463,16,12,9,300,5,2,1,1,4.0,94042,M,,,94
201600043464,16,12,9,1155,1,2,2,1,3.0,94042,M,,,94
201600043465,16,12,10,630,5,2,1,1,1.0,94015,M,,,94
201600043466,16,12,14,1825,5,2,3,1,6.0,94058,M,,,94
201600043467,16,12,15,715,5,2,6,1,1.0,94015,M,,,94
201600043468,16,5,31,1450,1,2,1,2,3.0,94052,M,4884460.0,248809.0,94
201600043469,16,6,1,930,1,2,1,1,3.0,94015,M,,,94
201600043470,16,12,17,2300,5,2,1,1,2.0,94058,M,,,94
201600043471,16,6,3,2050,2,2,1,1,6.0,94042,M,,,94
201600043472,16,12,22,835,2,2,2,2,6.0,94052,M,,,94
201600043473,16,12,22,2240,5,2,3,1,1.0,94042,M,,,94
201600043474,16,12,25,220,5,2,2,1,3.0,94052,M,,,94
201600043475,16,6,10,845,1,2,1,1,6.0,94058,M,,,94
201600043476,16,12,30,1630,2,2,2,5,3.0,94015,M,,,94
201600043477,16,6,18,1200,1,2,1,1,6.0,94058,M,,,94
201600043478,16,6,20,1055,1,2,2,2,6.0,94015,M,,,94
201600043479,16,6,21,810,1,2,3,2,3.0,94052,M,,,94
201600043480,16,6,22,1830,1,2,1,8,6.0,94042,M,,,94
201600043481,16,6,23,1820,1,2,1,1,6.0,94058,M,,,94
201600043482,16,7,1,1145,1,2,1,1,3.0,94052,M,,,94
201600043483,16,7,3,1030,1,2,1,1,3.0,94042,M,,,94
201600043484,16,7,4,900,1,2,1,1,2.0,94042,M,,,94
201600043485,16,7,6,1520,1,2,1,1,3.0,94042,M,,,94
201600043486,16,7,8,945,1,2,3,1,2.0,94058,M,,,94
201600043487,16,7,12,1030,1,2,3,1,3.0,94042,M,,,94
201600043488,16,11,7,1030,1,2,2,2,3.0,94052,M,4883550.0,249405.0,94
201600043489,16,11,8,1800,5,2,1,1,3.0,94052,M,,,94
201600043490,16,11,18,1100,1,2,1,1,6.0,94042,M,,,94
201600043491,16,11,23,800,1,2,9,8,6.0,94015,M,,,94
201600043492,16,11,23,1300,1,2,3,8,3.0,94058,M,,,94
201600043493,16,11,24,2035,5,2,1,1,3.0,94042,M,,,94
201600043494,16,11,29,1915,5,2,5,1,6.0,94052,M,,,94
201600043495,16,11,24,1000,1,2,1,8,2.0,94052,M,,,94
201600043496,16,1,7,710,5,2,1,2,6.0,94068,M,4880210.0,247822.0,94
201600043497,16,1,15,805,1,2,6,1,6.0,94068,M,4880530.0,248394.0,94
201600043498,16,1,15,1810,5,2,3,1,3.0,94068,M,4880880.0,250943.0,94
201600043499,16,1,15,1950,5,2,3,1,3.0,94068,M,4879670.0,250588.0,94
201600043500,16,1,17,1825,5,2,2,1,3.0,94068,M,4879700.0,251597.0,94
201600043501,16,1,19,1505,1,2,2,1,3.0,94068,M,4880640.0,247142.0,94
201600043502,16,1,27,1210,1,2,2,1,6.0,94068,M,4880590.0,247293.0,94
201600043503,16,1,30,1732,5,2,4,1,6.0,94068,M,4880980.0,247118.0,94
201600043504,16,2,2,1020,1,2,2,1,3.0,94068,M,4880180.0,247584.0,94
201600043505,16,2,2,1705,1,2,2,2,2.0,94068,M,4880840.0,247134.0,94
201600043506,16,2,5,845,1,2,2,1,6.0,94068,M,4880220.0,249207.0,94
201600043507,16,2,8,1710,5,2,3,2,6.0,94068,M,4881100.0,248194.0,94
201600043508,16,2,12,1330,1,2,2,2,6.0,94068,M,4880110.0,247906.0,94
201600043509,16,2,15,920,1,2,1,1,3.0,94068,M,4879920.0,249932.0,94
201600043510,16,2,16,905,1,2,2,1,3.0,94068,M,4881200.0,247478.0,94
201600043511,16,2,16,1305,1,2,3,1,3.0,94068,M,4879790.0,249418.0,94
201600043512,16,3,3,1440,1,2,2,1,6.0,94068,M,4879670.0,250588.0,94
201600043513,16,3,12,1600,1,2,2,1,3.0,94068,M,4879410.0,250736.0,94
201600043514,16,1,2,1820,5,2,2,2,6.0,94068,M,4879380.0,249232.0,94
201600043515,16,3,14,850,1,2,2,1,2.0,94068,M,4879210.0,249709.0,94
201600043516,16,3,18,1000,1,2,3,1,2.0,94068,M,4880130.0,249452.0,94
201600043517,16,3,18,1105,1,2,2,1,3.0,94068,M,4880820.0,247609.0,94
201600043518,16,3,22,1740,1,2,4,1,3.0,94068,M,4880680.0,247777.0,94
201600043519,16,3,23,1740,1,2,3,1,1.0,94068,M,4878920.0,249122.0,94
201600043520,16,3,24,1735,1,2,2,1,2.0,94068,M,4879120.0,247459.0,94
201600043521,16,3,30,945,1,2,1,2,4.0,94068,M,4880020.0,250495.0,94
201600043522,16,4,5,1010,1,2,5,1,6.0,94068,M,4879820.0,248006.0,94
201600043523,16,4,5,1550,1,2,2,1,6.0,94068,M,4879220.0,251777.0,94
201600043524,16,4,6,1740,1,2,1,1,2.0,94068,M,4879790.0,250268.0,94
201600043525,16,4,14,1100,1,2,2,1,3.0,94068,M,4878790.0,250264.0,94
201600043526,16,4,15,1725,1,2,2,1,6.0,94068,M,4880950.0,250969.0,94
201600043527,16,4,22,1140,1,2,2,1,3.0,94068,M,4880210.0,248172.0,94
201600043528,16,5,6,1230,1,2,3,1,1.0,94068,M,4878910.0,249833.0,94
201600043529,16,5,8,440,5,2,2,1,6.0,94068,M,4880760.0,250910.0,94
201600043530,16,5,7,1144,1,2,3,1,3.0,94068,M,4879990.0,250906.0,94
201600043531,16,5,9,1426,1,2,1,1,1.0,94068,M,4880800.0,250539.0,94
201600043532,16,5,26,1740,1,2,2,1,3.0,94068,M,4880390.0,250823.0,94
201600043533,16,5,31,1305,1,2,1,2,3.0,94068,M,4879730.0,248139.0,94
201600043534,16,5,31,1600,1,2,3,3,6.0,94068,M,4879690.0,248581.0,94
201600043535,16,6,7,1610,1,2,2,1,3.0,94068,M,,,94
201600043536,16,6,10,1325,1,2,1,1,6.0,94068,M,,,94
201600043537,16,6,10,1700,1,2,1,1,3.0,94068,M,,,94
201600043538,16,6,23,1940,1,2,1,1,3.0,94068,M,,,94
201600043539,16,6,24,1620,1,2,1,1,3.0,94068,M,,,94
201600043540,16,7,4,1650,1,2,2,1,3.0,94068,M,,,94
201600043541,16,7,6,1350,1,2,2,1,3.0,94068,M,,,94
201600043542,16,7,9,2230,2,2,1,1,6.0,94068,M,,,94
201600043543,16,7,8,1900,1,2,1,1,6.0,94068,M,,,94
201600043544,16,7,15,2000,1,2,2,1,3.0,94068,M,,,94
201600043545,16,7,17,1400,1,2,3,1,3.0,94068,M,,,94
201600043546,16,7,17,2050,1,2,1,1,6.0,94068,M,,,94
201600043547,16,7,18,1330,1,2,2,1,3.0,94068,M,,,94
201600043548,16,7,21,805,1,2,2,1,3.0,94068,M,,,94
201600043549,16,7,29,1735,1,2,2,1,6.0,94068,M,,,94
201600043550,16,8,1,1550,1,2,1,1,6.0,94068,M,,,94
201600043551,16,8,4,1320,1,2,1,8,2.0,94068,M,,,94
201600043552,16,8,11,2135,5,2,1,1,6.0,94068,M,,,94
201600043553,16,8,17,1705,1,2,1,1,6.0,94068,M,,,94
201600043554,16,9,1,852,1,2,1,7,3.0,94068,M,,,94
201600043555,16,9,1,2000,1,2,2,1,3.0,94068,M,,,94
201600043556,16,9,2,825,1,2,1,1,3.0,94068,M,,,94
201600043557,16,9,5,1245,1,2,2,2,3.0,94068,M,,,94
201600043558,16,9,7,1130,1,2,1,1,6.0,94068,M,,,94
201600043559,16,9,12,1015,1,2,2,1,3.0,94068,M,,,94
201600043560,16,9,12,1810,1,2,1,1,2.0,94068,M,,,94
201600043561,16,9,14,1320,1,2,1,1,3.0,94068,M,,,94
201600043562,16,9,19,2140,5,2,2,1,3.0,94068,M,,,94
201600043563,16,9,20,1820,1,2,1,1,6.0,94068,M,,,94
201600043564,16,9,22,745,1,2,2,1,3.0,94068,M,,,94
201600043565,16,9,22,1655,1,2,2,1,3.0,94068,M,,,94
201600043566,16,9,25,1410,1,2,1,1,1.0,94068,M,,,94
201600043567,16,9,26,2210,5,2,1,1,3.0,94068,M,,,94
201600043568,16,9,28,1305,1,2,1,1,6.0,94068,M,,,94
201600043569,16,9,30,1800,1,2,9,2,6.0,94068,M,,,94
201600043570,16,10,5,1355,1,2,2,1,3.0,94068,M,,,94
201600043571,16,10,9,1930,5,2,1,1,3.0,94068,M,,,94
201600043572,16,10,14,1840,5,2,1,3,6.0,94068,M,,,94
201600043573,16,10,15,740,2,2,1,1,3.0,94068,M,,,94
201600043574,16,10,21,955,1,2,2,2,3.0,94068,M,,,94
201600043575,16,11,4,1740,5,2,1,3,3.0,94068,M,,,94
201600043576,16,11,7,735,5,2,2,4,3.0,94068,M,,,94