Num_Acc,an,mois,jour,hrmn,lum,agg,int,atm,col,com,gps,lat,long,dep
201600043577,16,11,8,820,1,2,1,1,3.0,94068,M,,,94
201600043578,16,11,9,825,1,2,1,2,6.0,94068,M,,,94
201600043579,16,11,9,1200,1,2,2,2,3.0,94068,M,,,94
201600043580,16,11,11,1250,1,2,1,1,6.0,94068,M,,,94
201600043581,16,11,18,2040,5,2,1,1,3.0,94068,M,,,94
201600043582,16,11,21,1300,1,2,3,2,3.0,94068,M,,,94
201600043583,16,12,1,2305,5,2,1,1,2.0,94068,M,,,94
201600043584,16,12,4,1015,1,2,1,1,6.0,94068,M,,,94
201600043585,16,12,5,1730,5,2,1,1,6.0,94068,M,,,94
201600043586,16,12,6,1720,5,2,1,1,3.0,94068,M,,,94
201600043587,16,12,7,1145,1,2,2,7,3.0,94068,M,,,94
201600043588,16,12,9,1740,5,2,3,1,3.0,94068,M,,,94
201600043589,16,12,12,720,5,2,1,8,6.0,94068,M,,,94
201600043590,16,12,11,2305,5,2,2,1,3.0,94068,M,,,94
201600043591,16,12,13,1715,5,2,1,1,6.0,94068,M,,,94
201600043592,16,12,14,1720,5,2,2,1,3.0,94068,M,,,94
201600043593,16,12,20,1850,5,2,1,1,6.0,94068,M,,,94
201600043594,16,12,26,1115,1,2,2,2,3.0,94068,M,,,94
201600043595,16,12,28,1030,1,2,1,1,3.0,94068,M,,,94
201600043596,16,1,14,845,2,2,1,2,3.0,94068,M,4880120.0,247002.0,94
201600043597,16,3,10,1920,5,2,2,2,3.0,94068,M,4878760.0,249524.0,94
201600043598,16,3,15,600,5,2,2,1,3.0,94068,M,4879800.0,249172.0,94
201600043599,16,3,21,2215,5,2,2,1,3.0,94068,M,4878960.0,251608.0,94
201600043600,16,3,23,2010,5,2,3,1,1.0,94068,M,4881180.0,247879.0,94
201600043601,16,3,30,1315,1,2,1,2,2.0,94068,M,4880660.0,247878.0,94
201600043602,16,4,4,1740,1,2,3,1,2.0,94068,M,4880700.0,247658.0,94
201600043603,16,4,26,1825,1,2,1,1,6.0,94068,M,4878490.0,248562.0,94
201600043604,16,6,17,1830,1,2,1,8,1.0,94068,M,,,94
201600043605,16,7,12,20,5,2,1,1,6.0,94068,M,,,94
201600043606,16,8,12,55,5,2,6,1,6.0,94068,M,,,94
201600043607,16,9,16,2040,5,2,1,2,2.0,94068,M,,,94
201600043608,16,9,22,2130,5,2,1,1,6.0,94068,M,,,94
201600043609,16,10,22,1345,1,2,9,1,6.0,94068,M,,,94
201600043610,16,10,23,1615,1,2,1,3,6.0,94068,M,,,94
201600043611,16,10,28,1635,1,2,1,1,6.0,94068,M,,,94
201600043612,16,11,12,1740,5,2,1,1,6.0,94068,M,,,94
201600043613,16,12,4,1735,2,2,2,1,3.0,94068,M,,,94
201600043614,16,12,6,10,5,2,1,1,3.0,94068,M,,,94
201600043615,16,12,12,135,5,2,2,1,3.0,94068,M,,,94
201600043616,16,1,1,350,5,2,1,1,6.0,94078,M,4875400.0,244890.0,94
201600043617,16,1,2,1550,1,2,2,2,3.0,94078,M,4873110.0,244682.0,94
201600043618,16,1,7,835,1,2,2,2,6.0,94077,M,4873230.0,240871.0,94
201600043619,16,1,7,1710,1,2,1,8,6.0,94077,M,4872960.0,244238.0,94
201600043620,16,1,8,1550,1,2,1,1,6.0,94074,M,4876870.0,245011.0,94
201600043621,16,1,12,1610,1,2,2,1,3.0,94074,M,4874720.0,246191.0,94
201600043622,16,1,17,710,5,2,1,1,1.0,94078,M,4874350.0,245907.0,94
201600043623,16,9,3,1340,1,2,1,1,6.0,94077,M,,,94
201600043624,16,1,18,730,5,2,1,8,1.0,94074,M,4874590.0,246861.0,94
201600043625,16,7,6,1840,1,2,2,1,3.0,94078,M,4872450.0,244508.0,94
201600043626,16,7,13,910,1,2,1,1,6.0,94078,M,4873090.0,244684.0,94
201600043627,16,1,19,1755,5,2,1,1,5.0,94074,M,4876490.0,244177.0,94
201600043628,16,1,19,2055,5,2,1,1,3.0,94078,M,4872310.0,244379.0,94
201600043629,16,9,2,1850,1,2,1,1,6.0,94077,M,,,94
201600043630,16,1,28,815,1,2,4,2,3.0,94077,M,4872820.0,243468.0,94
201600043631,16,1,28,1810,5,2,2,1,6.0,94078,M,4874070.0,245490.0,94
201600043632,16,1,29,2215,5,2,2,2,3.0,94078,M,4873920.0,245276.0,94
201600043633,16,1,30,2035,5,2,1,2,2.0,94078,M,4872930.0,245002.0,94
201600043634,16,12,16,700,2,2,1,1,5.0,94077,M,4873190.0,240588.0,94
201600043635,16,2,3,1845,5,2,3,8,6.0,94077,M,4873090.0,242493.0,94
201600043636,16,2,6,1640,1,2,1,1,3.0,94078,M,4875680.0,244381.0,94
201600043637,16,2,10,1245,1,2,1,1,3.0,94078,M,4875420.0,244455.0,94
201600043638,16,2,11,1915,5,2,1,2,7.0,94078,M,4875030.0,244823.0,94
201600043639,16,2,13,1,5,2,1,2,6.0,94078,M,4875720.0,244357.0,94
201600043640,16,2,15,745,1,2,6,1,7.0,94078,M,4874280.0,245454.0,94
201600043641,16,2,20,2000,5,2,1,1,6.0,94078,M,4873200.0,245714.0,94
201600043642,16,2,22,1035,1,2,2,1,2.0,94074,M,4874720.0,246191.0,94
201600043643,16,2,24,1307,1,2,1,1,6.0,94074,M,4875460.0,246813.0,94
201600043644,16,2,24,1815,5,2,1,2,4.0,94078,M,4873540.0,245122.0,94
201600043645,16,2,26,1750,2,2,1,1,3.0,94074,M,4875890.0,245140.0,94
201600043646,16,3,9,845,1,2,2,3,6.0,94074,M,4874530.0,246393.0,94
201600043647,16,3,11,1620,1,2,3,1,6.0,94074,M,4874680.0,246758.0,94
201600043648,16,3,13,510,5,2,3,1,2.0,94078,M,4873900.0,244667.0,94
201600043649,16,3,16,715,1,2,1,1,2.0,94078,M,4875260.0,244500.0,94
201600043650,16,3,17,1850,2,2,1,1,6.0,94078,M,4873030.0,244686.0,94
201600043651,16,3,23,2030,5,2,1,1,6.0,94078,M,4873080.0,244684.0,94
201600043652,16,3,24,1150,1,2,1,1,5.0,94078,M,4872220.0,244326.0,94
201600043653,16,3,28,1135,1,2,3,1,2.0,94074,M,4876370.0,244213.0,94
201600043654,16,3,28,2015,5,2,2,1,3.0,94074,M,4876650.0,244469.0,94
201600043655,16,3,31,1200,1,2,1,3,2.0,94077,M,4873100.0,241805.0,94
201600043656,16,4,1,2345,5,2,1,1,4.0,94078,M,4872730.0,245089.0,94
201600043657,16,4,2,2300,3,2,1,2,3.0,94078,M,4873040.0,244686.0,94
201600043658,16,4,3,1615,1,2,1,1,3.0,94078,M,4872700.0,244602.0,94
201600043659,16,4,7,1910,1,2,1,2,6.0,94078,M,4873030.0,244769.0,94
201600043660,16,4,8,1630,1,2,1,1,6.0,94077,M,4873200.0,243166.0,94
201600043661,16,4,9,1425,1,2,1,2,1.0,94074,M,4876820.0,244991.0,94
201600043662,16,4,25,650,2,2,3,2,3.0,94078,M,4872760.0,244561.0,94
201600043663,16,4,11,1500,1,2,1,1,6.0,94074,M,4876500.0,244175.0,94
201600043664,16,4,10,1205,1,2,3,1,6.0,94074,M,4874610.0,246841.0,94
201600043665,16,4,15,920,1,2,1,1,3.0,94074,M,4875300.0,245440.0,94
201600043666,16,4,19,1245,1,2,3,1,1.0,94077,M,4872880.0,240625.0,94
201600043667,16,4,20,1900,1,2,1,1,7.0,94077,M,4874200.0,243021.0,94
201600043668,16,4,24,1655,1,2,1,2,2.0,94074,M,4875270.0,245441.0,94
201600043669,16,4,25,920,1,2,2,1,3.0,94077,M,4873250.0,241824.0,94
201600043670,16,4,25,1830,1,2,1,2,5.0,94074,M,4876420.0,244197.0,94
201600043671,16,4,27,1900,1,2,2,2,3.0,94001,M,4872480.0,243025.0,94
201600043672,16,4,30,1540,1,2,1,2,3.0,94078,M,4872700.0,244499.0,94
201600043673,16,5,2,740,1,2,6,1,6.0,94074,M,4875280.0,245455.0,94
201600043674,16,5,2,1800,1,2,1,1,2.0,94078,M,4875450.0,242876.0,94
201600043675,16,5,4,1815,1,2,2,1,2.0,94078,M,4874020.0,245696.0,94
201600043676,16,5,8,845,1,2,1,1,3.0,94077,M,4873720.0,242390.0,94
201600043677,16,5,9,1630,1,2,2,1,6.0,94077,M,4873680.0,242164.0,94
201600043678,16,5,10,1210,1,2,3,2,7.0,94001,M,4872450.0,242707.0,94
201600043679,16,5,14,1330,1,2,2,1,6.0,94077,M,4873810.0,242551.0,94
201600043680,16,5,13,2318,5,2,3,1,6.0,94078,M,4873330.0,245174.0,94
201600043681,16,5,16,655,1,2,3,1,3.0,94078,M,4874590.0,244647.0,94
201600043682,16,5,24,850,1,2,3,1,3.0,94074,M,4876470.0,244182.0,94
201600043683,16,5,27,2135,5,2,1,1,6.0,94078,M,4873200.0,244792.0,94
201600043684,16,6,5,1950,1,2,3,1,6.0,94078,M,4872410.0,244478.0,94
201600043685,16,6,9,1930,1,2,1,1,6.0,94078,M,4873030.0,244686.0,94
201600043686,16,6,10,1345,1,2,2,1,1.0,94078,M,,,94
201600043687,16,6,12,1040,1,2,1,1,6.0,94078,M,4873040.0,244686.0,94
201600043688,16,6,12,1950,1,2,3,3,4.0,94078,M,4872760.0,244546.0,94
201600043689,16,6,16,35,5,2,3,1,6.0,94078,M,,,94
201600043690,16,6,16,810,1,2,3,1,2.0,94078,M,4876040.0,244276.0,94
201600043691,16,6,29,345,5,2,3,1,3.0,94078,M,4872760.0,244546.0,94
201600043692,16,6,16,1920,1,2,4,1,3.0,94078,M,4875140.0,244534.0,94
201600043693,16,6,17,835,1,2,2,1,2.0,94078,M,4873560.0,244665.0,94
201600043694,16,6,19,2120,1,2,1,1,7.0,94001,M,,,94
201600043695,16,6,19,2318,5,2,3,1,3.0,94078,M,,,94
201600043696,16,6,20,2200,5,2,1,2,3.0,94078,M,4873160.0,244683.0,94
201600043697,16,6,24,820,1,2,3,1,3.0,94078,M,,,94
201600043698,16,6,24,1820,1,2,1,1,3.0,94078,M,,,94
201600043699,16,6,26,1905,1,2,1,1,2.0,94074,M,4876660.0,244121.0,94
201600043700,16,6,27,1830,1,2,1,1,6.0,94078,M,4873090.0,244684.0,94
201600043701,16,6,20,2245,5,2,3,2,3.0,94078,M,,,94
201600043702,16,7,4,523,2,2,9,1,7.0,94074,M,,,94
201600043703,16,7,4,1725,1,2,1,1,3.0,94074,M,,,94
201600043704,16,7,23,9,5,2,2,1,3.0,94074,M,,,94
201600043705,16,7,5,1715,1,2,3,1,6.0,94078,M,4873560.0,244680.0,94
201600043706,16,7,5,2105,1,2,3,1,3.0,94078,M,4874640.0,244656.0,94
201600043707,16,7,7,1515,1,2,1,7,6.0,94078,M,,,94
201600043708,16,7,9,745,1,2,1,1,6.0,94078,M,4873040.0,244686.0,94
201600043709,16,7,9,1450,1,2,1,1,6.0,94078,M,,,94
201600043710,16,7,12,135,5,2,2,1,3.0,94074,M,,,94
201600043711,16,7,12,1755,1,2,1,8,6.0,94078,M,,,94
201600043712,16,7,16,925,1,2,1,1,2.0,94077,M,4873200.0,240589.0,94
201600043713,16,7,17,2140,2,2,1,1,6.0,94078,M,,,94
201600043714,16,7,22,2230,5,2,1,1,6.0,94074,M,,,94
201600043715,16,7,23,105,5,2,1,1,6.0,94078,M,4873030.0,244686.0,94
201600043716,16,7,23,1130,1,2,2,7,6.0,94078,M,4872890.0,244720.0,94
201600043717,16,7,28,2040,1,2,1,1,3.0,94078,M,,,94
201600043718,16,7,29,1000,1,2,1,1,7.0,94077,M,,,94
201600043719,16,7,29,1740,1,2,1,1,6.0,94078,M,,,94
201600043720,16,7,29,1910,1,2,4,1,6.0,94078,M,4872970.0,244687.0,94
201600043721,16,8,2,820,1,2,1,2,3.0,94074,M,,,94
201600043722,16,8,2,1640,1,2,1,1,6.0,94074,M,,,94
201600043723,16,8,6,1200,1,2,3,1,3.0,94078,M,,,94
201600043724,16,8,10,1440,1,2,4,1,2.0,94078,M,4875140.0,244534.0,94
201600043725,16,8,12,1840,1,2,1,1,4.0,94074,M,,,94
201600043726,16,11,24,735,1,2,2,1,6.0,94077,M,,,94
201600043727,16,8,13,1220,1,2,1,1,6.0,94078,M,,,94
201600043728,16,8,15,210,5,2,1,1,2.0,94078,M,,,94
201600043729,16,4,9,705,2,2,2,1,3.0,94078,M,4873990.0,245262.0,94
201600043730,16,8,20,2240,5,2,1,1,2.0,94078,M,4873330.0,244687.0,94
201600043731,16,8,20,2230,5,2,1,1,2.0,94078,M,4873340.0,244687.0,94
201600043732,16,8,24,505,5,2,1,1,1.0,94078,M,,,94
201600043733,16,8,25,1700,1,2,4,1,1.0,94078,M,4875520.0,244426.0,94
201600043734,16,8,24,815,1,2,1,1,3.0,94078,M,,,94
201600043735,16,9,3,1810,1,2,3,7,3.0,94078,M,4873560.0,244680.0,94
201600043736,16,9,4,1820,1,2,2,1,3.0,94078,M,,,94
201600043737,16,9,5,720,2,2,1,2,6.0,94074,M,4875920.0,245115.0,94
201600043738,16,9,7,1725,1,2,1,1,5.0,94078,M,4872640.0,244466.0,94
201600043739,16,9,10,2113,5,2,3,1,1.0,94001,M,,,94
201600043740,16,9,13,1935,2,2,1,1,3.0,94077,M,,,94
201600043741,16,9,14,800,1,2,2,1,3.0,94074,M,,,94
201600043742,16,10,1,1035,1,2,1,1,6.0,94078,M,,,94
201600043743,16,12,26,1745,5,2,1,1,1.0,94078,M,,,94
201600043744,16,9,22,1610,1,2,3,1,3.0,94078,M,,,94
201600043745,16,9,23,745,1,2,1,1,6.0,94001,M,,,94
201600043746,16,9,27,1800,1,2,3,1,3.0,94078,M,4872970.0,244687.0,94
201600043747,16,9,29,1245,1,2,1,1,3.0,94074,M,,,94
201600043748,16,11,5,1000,1,2,1,8,6.0,94074,M,,,94
201600043749,16,10,6,2030,5,2,3,1,6.0,94078,M,4874410.0,244670.0,94
201600043750,16,10,8,1900,1,2,2,1,3.0,94078,M,,,94
201600043751,16,10,10,1430,1,2,3,1,2.0,94074,M,4876360.0,244198.0,94
201600043752,16,10,14,2111,5,2,1,3,2.0,94078,M,4873030.0,244686.0,94
201600043753,16,10,15,1630,1,2,3,1,1.0,94078,M,4872760.0,244561.0,94
201600043754,16,10,16,2240,5,2,3,1,2.0,94078,M,4873900.0,244684.0,94
201600043755,16,10,17,1820,2,2,1,1,7.0,94078,M,4873180.0,244683.0,94
201600043756,16,10,17,735,2,2,1,8,3.0,94074,M,4876250.0,244227.0,94
201600043757,16,10,22,2040,5,2,1,1,6.0,94074,M,,,94
201600043758,16,10,23,345,5,2,1,1,6.0,94078,M,4873830.0,244683.0,94
201600043759,16,10,23,2115,5,2,2,2,4.0,94078,M,4873560.0,244665.0,94
201600043760,16,10,28,1725,1,2,1,1,6.0,94078,M,,,94
201600043761,16,10,30,620,5,2,1,1,6.0,94078,M,,,94
201600043762,16,11,7,1730,5,2,1,2,2.0,94078,M,,,94
201600043763,16,11,9,905,1,2,1,2,3.0,94078,M,4873170.0,244683.0,94
201600043764,16,11,10,825,1,2,1,1,6.0,94074,M,,,94
201600043765,16,11,12,545,5,2,1,1,6.0,94078,M,4873030.0,244687.0,94
201600043766,16,11,12,615,5,2,2,1,3.0,94077,M,,,94
201600043767,16,11,17,2000,5,2,2,2,2.0,94078,M,4872450.0,244508.0,94
201600043768,16,11,22,1630,1,2,1,1,6.0,94078,M,,,94
201600043769,16,11,23,1410,1,2,1,9,2.0,94077,M,,,94
201600043770,16,11,23,1725,5,2,3,2,3.0,94077,M,,,94
201600043771,16,11,25,2305,5,2,9,1,6.0,94078,M,,,94
201600043772,16,11,28,945,2,2,1,1,6.0,94078,M,,,94
201600043773,16,11,30,2015,5,2,3,1,3.0,94078,M,4872760.0,244561.0,94
201600043774,16,12,1,1520,1,2,1,1,7.0,94077,M,,,94
201600043775,16,12,1,1720,1,2,1,1,2.0,94074,M,,,94
201600043776,16,12,2,1235,1,2,1,8,7.0,94074,M,,,94
201600043777,16,12,3,2220,5,2,1,1,6.0,94077,M,,,94
201600043778,16,12,6,1900,3,2,1,1,6.0,94078,M,,,94
201600043779,16,12,6,2100,5,2,1,1,7.0,94077,M,,,94
201600043780,16,12,7,2355,5,2,1,1,5.0,94074,M,4877020.0,244344.0,94
201600043781,16,12,8,1605,1,2,1,1,4.0,94078,M,4874130.0,244664.0,94
201600043782,16,12,12,930,1,2,1,5,3.0,94074,M,,,94
201600043783,16,5,27,850,1,2,1,1,6.0,94001,M,4872670.0,243132.0,94
201600043784,16,12,14,1035,1,2,1,1,6.0,94078,M,4873010.0,244688.0,94
201600043785,16,12,16,1810,5,2,3,1,2.0,94074,M,4876360.0,244198.0,94
201600043786,16,12,21,1715,2,2,2,1,7.0,94078,M,4873560.0,244680.0,94
201600043787,16,12,25,1730,2,2,1,1,7.0,94078,M,,,94
201600043788,16,9,25,525,5,2,1,1,1.0,94077,M,,,94
201600043789,16,12,27,1410,1,2,1,1,1.0,94074,M,4876910.0,244938.0,94
201600043790,16,12,30,1005,1,2,4,5,6.0,94078,M,4874640.0,244656.0,94
201600043791,16,1,3,10,5,2,3,1,3.0,94067,M,4884500.0,241757.0,94
201600043792,16,1,10,1945,5,2,1,8,6.0,94067,M,4884440.0,242204.0,94
201600043793,16,1,11,1630,1,2,2,1,6.0,94080,M,4884830.0,243706.0,94
201600043794,16,1,20,745,2,2,3,1,1.0,94067,M,4884440.0,242180.0,94
201600043795,16,1,21,720,5,2,3,9,3.0,94067,M,4884360.0,241890.0,94
201600043796,16,2,4,1005,1,2,1,2,3.0,94067,M,4884160.0,242751.0,94
201600043797,16,1,28,830,1,2,4,1,7.0,94080,M,4884860.0,243253.0,94
201600043798,16,2,2,1421,1,2,1,2,6.0,94080,M,4884850.0,245447.0,94
201600043799,16,2,16,1730,1,2,4,1,3.0,94080,M,4884710.0,242148.0,94
201600043800,16,2,12,1605,1,2,1,2,6.0,94067,M,4883970.0,241893.0,94
201600043801,16,2,25,2150,5,2,2,1,3.0,94080,M,4884860.0,243253.0,94
201600043802,16,3,4,1120,1,2,2,2,6.0,94080,M,4884980.0,245430.0,94
201600043803,16,3,5,2315,5,2,1,1,2.0,94067,M,4884660.0,241694.0,94
201600043804,16,3,7,320,5,2,2,1,6.0,94067,M,4883890.0,241748.0,94
201600043805,16,3,9,1815,1,2,2,2,6.0,94080,M,4884520.0,243155.0,94
201600043806,16,3,14,1625,1,2,2,1,6.0,94080,M,4884700.0,242778.0,94
201600043807,16,3,16,30,5,2,2,1,3.0,94067,M,4884490.0,242094.0,94
201600043808,16,3,31,905,1,2,3,3,7.0,94067,M,4884360.0,242279.0,94
201600043809,16,4,1,1615,1,2,1,1,2.0,94067,M,4883380.0,241545.0,94
201600043810,16,4,2,2355,5,2,3,3,6.0,94080,M,4884530.0,243061.0,94
201600043811,16,4,5,1730,1,2,1,1,2.0,94067,M,4884290.0,241763.0,94
201600043812,16,4,19,1805,1,2,2,1,6.0,94067,M,4884350.0,241993.0,94
201600043813,16,4,25,1320,1,2,2,8,6.0,94080,M,4884830.0,243706.0,94
201600043814,16,5,15,2143,5,2,3,1,6.0,94080,M,4884520.0,243155.0,94
201600043815,16,5,23,1130,1,2,4,3,6.0,94067,M,4884080.0,241756.0,94
201600043816,16,6,7,925,1,2,1,1,2.0,94080,M,,,94
201600043817,16,6,15,2310,5,1,1,1,6.0,94067,M,,,94
201600043818,16,6,18,1245,1,2,3,1,6.0,94080,M,,,94
201600043819,16,6,24,1250,1,2,9,1,6.0,94080,M,,,94
201600043820,16,6,27,800,1,2,1,1,6.0,94067,M,,,94
201600043821,16,6,10,2015,1,2,1,1,6.0,94080,M,,,94
201600043822,16,7,12,1530,1,2,1,1,5.0,94067,M,,,94
201600043823,16,7,10,1400,1,2,2,1,6.0,94080,M,,,94
201600043824,16,7,6,1745,1,2,1,1,6.0,94080,M,,,94
201600043825,16,6,18,1245,1,2,1,1,6.0,94080,M,,,94
201600043826,16,8,24,1145,1,2,1,1,3.0,94080,M,,,94
201600043827,16,8,10,915,1,2,1,1,6.0,94067,M,,,94
201600043828,16,8,18,1940,1,2,1,1,5.0,94080,M,,,94
201600043829,16,8,13,1700,1,2,1,1,6.0,94067,M,,,94
201600043830,16,7,17,1100,1,2,2,1,6.0,94080,M,,,94
201600043831,16,9,5,920,1,2,1,2,7.0,94080,M,,,94
201600043832,16,9,8,1853,1,2,3,1,6.0,94080,M,,,94
201600043833,16,9,8,1230,1,2,1,1,2.0,94080,M,,,94
201600043834,16,9,12,900,1,2,2,1,3.0,94067,M,,,94
201600043835,16,9,16,2130,5,2,3,2,7.0,94080,M,,,94
201600043836,16,9,16,1040,1,2,2,2,6.0,94067,M,,,94
201600043837,16,9,27,850,1,2,1,1,6.0,94080,M,,,94
201600043838,16,9,24,1615,1,2,1,1,6.0,94080,M,,,94
201600043839,16,9,9,1120,1,2,1,1,6.0,94067,M,,,94
201600043840,16,10,6,1615,1,2,1,1,6.0,94080,M,,,94
201600043841,16,10,8,1150,1,2,1,1,5.0,94080,M,,,94
201600043842,16,10,14,2305,5,2,1,2,3.0,94080,M,,,94
201600043843,16,10,17,800,1,2,2,1,6.0,94067,M,,,94
201600043844,16,10,18,1910,2,2,1,1,6.0,94080,M,,,94
201600043845,16,10,30,1115,1,2,3,1,6.0,94067,M,,,94
201600043846,16,11,3,215,5,2,1,1,6.0,94067,M,,,94
201600043847,16,11,7,15,5,2,2,1,3.0,94067,M,,,94
201600043848,16,11,5,1420,1,2,2,1,6.0,94080,M,,,94
201600043849,16,11,20,500,5,2,1,1,6.0,94080,M,,,94
201600043850,16,11,6,1200,1,2,2,1,6.0,94080,M,,,94
201600043851,16,11,30,850,1,2,3,1,3.0,94067,M,,,94
201600043852,16,11,22,820,1,2,1,1,6.0,94080,M,,,94
201600043853,16,12,4,2210,5,2,1,1,6.0,94080,M,,,94
201600043854,16,12,7,1835,5,2,1,1,6.0,94067,M,,,94
201600043855,16,12,12,2250,5,2,1,1,2.0,94067,M,,,94
201600043856,16,12,11,1315,1,2,3,1,6.0,94067,M,,,94
201600043857,16,11,29,1840,5,2,1,1,6.0,94080,M,,,94
201600043858,16,1,4,1915,2,2,2,1,3.0,94081,M,4879170.0,239818.0,94
201600043859,16,1,9,1440,1,2,3,1,2.0,94081,M,4879940.0,240087.0,94
201600043860,16,1,11,1900,5,2,1,1,2.0,94081,M,4878960.0,240555.0,94
201600043861,16,1,16,1900,5,2,3,1,6.0,94081,M,4878610.0,239188.0,94
201600043862,16,1,9,940,1,2,3,1,3.0,94081,M,4879580.0,239997.0,94
201600043863,16,1,23,1200,1,2,6,2,3.0,94081,M,4879200.0,238651.0,94
201600043864,16,1,26,730,5,2,2,1,2.0,94081,M,4879600.0,239808.0,94
201600043865,16,1,30,1230,1,2,2,3,3.0,94081,M,4878200.0,239933.0,94
201600043866,16,1,31,630,4,1,1,1,2.0,94081,M,4877340.0,240315.0,94
201600043867,16,2,1,755,1,2,3,1,3.0,94081,M,4879020.0,239147.0,94
201600043868,16,2,1,1215,1,2,3,1,2.0,94081,M,4879550.0,240005.0,94
201600043869,16,2,2,1805,5,2,2,2,3.0,94081,M,4879880.0,238252.0,94
201600043870,16,2,4,950,1,2,2,2,3.0,94081,M,4879260.0,238877.0,94
201600043871,16,2,4,1520,1,2,5,9,3.0,94081,M,4879300.0,239552.0,94
201600043872,16,2,15,1725,1,2,1,1,1.0,94081,M,4878510.0,237394.0,94
201600043873,16,2,17,630,5,2,2,1,6.0,94081,M,4878600.0,239159.0,94
201600043874,16,2,17,1435,1,2,2,1,3.0,94081,M,4878280.0,239427.0,94
201600043875,16,2,20,620,5,2,1,2,6.0,94081,M,4877270.0,236917.0,94
201600043876,16,2,22,2000,5,2,2,2,3.0,94081,M,4879880.0,240038.0,94
201600043877,16,2,29,1035,1,2,1,1,6.0,94081,M,4879770.0,238218.0,94
201600043878,16,3,1,1830,5,2,3,3,6.0,94081,M,4880250.0,240353.0,94
201600043879,16,3,3,1310,1,2,1,1,3.0,94081,M,4879590.0,241192.0,94
201600043880,16,3,3,2045,5,2,2,1,3.0,94081,M,4878990.0,238430.0,94
201600043881,16,3,4,650,5,2,1,3,2.0,94081,M,4877700.0,239721.0,94
201600043882,16,3,6,650,2,2,1,2,6.0,94081,M,4879210.0,238594.0,94
201600043883,16,3,6,700,2,2,1,2,7.0,94081,M,4879930.0,241409.0,94
201600043884,16,3,16,1205,1,2,2,1,3.0,94081,M,4879880.0,240038.0,94
201600043885,16,3,16,1715,1,2,2,1,6.0,94081,M,4879070.0,239275.0,94
201600043886,16,3,18,20,5,2,1,1,7.0,94081,M,4879570.0,240000.0,94
201600043887,16,3,18,1830,1,2,2,1,3.0,94081,M,4879860.0,238188.0,94
201600043888,16,3,25,810,2,2,2,2,6.0,94081,M,4879300.0,240119.0,94
201600043889,16,3,29,630,5,2,2,1,1.0,94081,M,4878250.0,239325.0,94
201600043890,16,4,7,1100,1,2,1,1,6.0,94081,M,4879060.0,239100.0,94
201600043891,16,4,7,2330,5,2,3,1,2.0,94081,M,4879150.0,238263.0,94
201600043892,16,4,8,1550,1,2,2,1,6.0,94081,M,4878730.0,240671.0,94
201600043893,16,4,11,1635,1,2,1,1,6.0,94081,M,4879860.0,237410.0,94
201600043894,16,4,13,1715,1,2,3,8,6.0,94081,M,4878360.0,239639.0,94
201600043895,16,4,14,1225,1,2,3,1,4.0,94081,M,4878690.0,238652.0,94
201600043896,16,4,16,1640,1,2,3,1,3.0,94081,M,4879600.0,239808.0,94
201600043897,16,4,17,1240,1,2,4,2,6.0,94081,M,4879370.0,239507.0,94
201600043898,16,4,23,1540,1,2,1,8,6.0,94081,M,4878840.0,239000.0,94
201600043899,16,4,27,2230,5,2,3,1,1.0,94081,M,4879340.0,239737.0,94
201600043900,16,4,28,2020,2,2,1,1,7.0,94081,M,4879200.0,238484.0,94
201600043901,16,4,29,105,5,2,1,1,2.0,94081,M,4878010.0,239553.0,94
201600043902,16,4,30,1835,1,2,1,1,2.0,94081,M,4879370.0,239613.0,94
201600043903,16,5,3,830,1,2,1,1,6.0,94081,M,4878860.0,237596.0,94
201600043904,16,5,7,2130,5,2,3,1,3.0,94081,M,4878890.0,238629.0,94
201600043905,16,5,11,1715,1,2,3,8,2.0,94081,M,4879590.0,239348.0,94
201600043906,16,5,13,510,5,2,1,2,6.0,94081,M,4878240.0,241717.0,94
201600043907,16,5,15,1850,1,2,2,1,3.0,94081,M,4879410.0,240055.0,94
201600043908,16,5,20,1630,1,2,3,1,6.0,94081,M,4880500.0,240831.0,94
201600043909,16,5,23,40,5,2,3,2,3.0,94081,M,4879170.0,240181.0,94
201600043910,16,5,23,35,5,2,2,2,3.0,94081,M,4879730.0,241219.0,94
201600043911,16,5,28,1115,1,2,3,1,3.0,94081,M,4878660.0,237689.0,94
201600043912,16,5,31,1210,1,2,1,2,6.0,94081,M,4878480.0,237646.0,94
201600043913,16,6,1,1225,1,2,2,1,6.0,94081,M,,,94
201600043914,16,6,6,1115,1,2,1,1,6.0,94081,M,,,94
201600043915,16,6,6,1730,1,2,3,1,6.0,94081,M,,,94
201600043916,16,6,6,1850,1,2,3,1,3.0,94081,M,,,94
201600043917,16,6,10,1210,1,2,1,1,6.0,94081,M,,,94
201600043918,16,6,12,1835,1,2,1,2,6.0,94081,M,,,94
201600043919,16,6,18,1455,1,2,1,2,6.0,94081,M,,,94
201600043920,16,6,20,2150,1,2,1,1,6.0,94081,M,,,94
201600043921,16,6,22,1750,1,2,1,2,1.0,94081,M,,,94
201600043922,16,6,23,1625,1,2,3,1,3.0,94081,M,,,94
201600043923,16,6,24,1710,1,2,1,1,3.0,94081,M,,,94
201600043924,16,6,24,2230,5,2,2,1,7.0,94081,M,,,94