Num_Acc,an,mois,jour,hrmn,lum,agg,int,atm,col,com,gps,lat,long,dep
201600043925,16,6,25,1600,1,2,2,1,1.0,94081,M,,,94
201600043926,16,6,25,2350,5,2,1,1,6.0,94081,M,,,94
201600043927,16,6,26,10,5,2,2,1,5.0,94081,M,,,94
201600043928,16,6,30,850,1,2,3,1,3.0,94081,M,,,94
201600043929,16,6,30,1550,1,2,9,8,3.0,94081,M,,,94
201600043930,16,7,1,1655,1,2,1,1,1.0,94081,M,,,94
201600043931,16,7,4,1840,1,2,1,1,6.0,94081,M,,,94
201600043932,16,7,6,2130,2,2,1,1,6.0,94081,M,,,94
201600043933,16,7,7,810,1,1,1,1,5.0,94081,M,,,94
201600043934,16,7,14,30,5,2,3,1,3.0,94081,M,,,94
201600043935,16,7,19,1815,1,2,1,1,6.0,94081,M,,,94
201600043936,16,7,21,2050,5,2,1,1,5.0,94081,M,,,94
201600043937,16,7,29,1900,1,2,1,1,3.0,94081,M,,,94
201600043938,16,8,4,1730,1,2,1,1,6.0,94081,M,,,94
201600043939,16,8,18,1145,1,2,3,2,3.0,94081,M,,,94
201600043940,16,8,18,1430,1,2,1,3,5.0,94081,M,,,94
201600043941,16,8,25,605,2,2,1,1,6.0,94081,M,,,94
201600043942,16,8,27,2045,2,2,1,1,6.0,94081,M,,,94
201600043943,16,8,28,1730,1,2,1,1,6.0,94081,M,,,94
201600043944,16,8,30,1930,1,1,2,1,6.0,94081,M,,,94
201600043945,16,8,27,725,1,2,1,1,6.0,94081,M,,,94
201600043946,16,8,31,1535,1,2,1,1,6.0,94081,M,,,94
201600043947,16,9,9,455,3,2,1,1,3.0,94081,M,4877440.0,240355.0,94
201600043948,16,9,13,1630,1,2,2,1,3.0,94081,M,,,94
201600043949,16,9,15,1600,1,2,2,8,3.0,94081,M,,,94
201600043950,16,9,19,1625,1,2,2,1,6.0,94081,M,,,94
201600043951,16,9,21,1210,1,2,2,1,3.0,94081,M,,,94
201600043952,16,9,25,300,5,2,3,1,3.0,94081,M,,,94
201600043953,16,9,25,450,5,2,1,1,6.0,94081,M,,,94
201600043954,16,9,26,5,5,2,2,1,3.0,94081,M,,,94
201600043955,16,10,1,1325,1,2,3,1,3.0,94081,M,,,94
201600043956,16,10,1,2010,5,2,1,1,3.0,94081,M,,,94
201600043957,16,10,4,1610,1,2,1,1,6.0,94081,M,,,94
201600043958,16,10,4,1830,1,2,4,1,3.0,94081,M,,,94
201600043959,16,10,5,1640,1,2,1,1,3.0,94081,M,,,94
201600043960,16,10,5,2045,5,2,2,1,1.0,94081,M,,,94
201600043961,16,10,6,1130,1,2,9,1,3.0,94081,M,,,94
201600043962,16,10,6,1500,1,2,2,1,3.0,94081,M,,,94
201600043963,16,10,7,1210,1,2,2,1,1.0,94081,M,,,94
201600043964,16,10,7,1335,1,2,3,1,3.0,94081,M,,,94
201600043965,16,10,10,1600,1,2,2,1,6.0,94081,M,,,94
201600043966,16,10,10,1705,1,2,3,2,3.0,94081,M,,,94
201600043967,16,10,12,1540,1,2,1,1,6.0,94081,M,,,94
201600043968,16,10,16,2030,5,2,1,1,1.0,94081,M,,,94
201600043969,16,10,21,1220,1,2,1,1,6.0,94081,M,,,94
201600043970,16,11,2,1340,1,2,1,1,6.0,94081,M,,,94
201600043971,16,11,3,840,1,2,1,1,6.0,94081,M,,,94
201600043972,16,11,4,1240,1,1,1,2,7.0,94081,M,,,94
201600043973,16,11,7,1325,1,1,1,2,2.0,94081,M,4877360.0,240438.0,94
201600043974,16,11,7,1535,1,2,1,2,3.0,94081,M,,,94
201600043975,16,11,7,2355,5,2,2,1,6.0,94081,M,,,94
201600043976,16,11,8,910,1,2,1,1,6.0,94081,M,,,94
201600043977,16,11,10,850,1,2,2,2,6.0,94081,M,,,94
201600043978,16,11,10,1915,5,2,1,3,6.0,94081,M,,,94
201600043979,16,11,11,1225,1,2,1,1,6.0,94081,M,,,94
201600043980,16,11,12,2230,5,2,2,3,3.0,94081,M,,,94
201600043981,16,11,19,920,1,1,1,1,6.0,94081,M,,,94
201600043982,16,11,23,1115,1,2,1,1,6.0,94081,M,,,94
201600043983,16,11,25,1315,1,2,1,1,6.0,94081,M,,,94
201600043984,16,11,25,2155,5,2,3,1,3.0,94081,M,,,94
201600043985,16,12,1,820,1,2,3,1,3.0,94081,M,,,94
201600043986,16,12,1,1155,1,2,2,1,3.0,94081,M,,,94
201600043987,16,12,3,100,5,2,1,1,4.0,94081,M,,,94
201600043988,16,12,12,1025,1,2,1,1,3.0,94081,M,,,94
201600043989,16,12,12,1700,5,2,4,2,6.0,94081,M,,,94
201600043990,16,12,13,150,5,2,2,2,3.0,94081,M,,,94
201600043991,16,12,15,1540,1,2,1,1,1.0,94081,M,,,94
201600043992,16,12,22,725,2,2,2,2,6.0,94081,M,,,94
201600043993,16,12,25,1845,2,2,1,1,6.0,94081,M,,,94
201600043994,16,12,28,1800,2,2,6,1,3.0,94081,M,,,94
201600043995,16,12,31,1915,3,2,2,5,1.0,94081,M,,,94
201600043996,16,1,2,130,5,2,3,2,3.0,95018,M,4894130.0,221230.0,95
201600043997,16,1,2,1825,3,2,3,2,6.0,95018,M,4896220.0,224560.0,95
201600043998,16,1,5,1825,2,2,3,1,3.0,95018,M,4894150.0,220980.0,95
201600043999,16,1,9,1600,1,1,1,1,2.0,95176,M,4898310.0,220320.0,95
201600044000,16,1,14,725,5,2,1,1,3.0,95018,M,4894960.0,220610.0,95
201600044001,16,1,15,639,5,2,1,1,4.0,95018,M,4894290.0,220660.0,95
201600044002,16,1,16,33,5,2,1,1,6.0,95018,M,4893870.0,221490.0,95
201600044003,16,1,19,2015,5,2,1,1,6.0,95176,M,4896810.0,220460.0,95
201600044004,16,1,18,805,2,2,1,1,6.0,95018,M,4895240.0,220570.0,95
201600044005,16,1,25,1225,1,2,3,1,3.0,95018,M,4894270.0,225240.0,95
201600044006,16,1,25,815,2,2,1,1,6.0,95018,M,4894680.0,220620.0,95
201600044007,16,1,28,705,5,2,1,2,3.0,95063,M,4892360.0,221770.0,95
201600044008,16,1,28,910,1,2,1,1,6.0,95018,M,4894970.0,225360.0,95
201600044009,16,2,4,2040,5,2,2,1,3.0,95018,M,4894540.0,224970.0,95
201600044010,16,2,10,1225,1,2,1,1,6.0,95018,M,4894710.0,220620.0,95
201600044011,16,2,11,1125,1,2,1,1,6.0,95176,M,4896670.0,219850.0,95
201600044012,16,2,9,2002,5,2,1,1,6.0,95063,M,4892330.0,221770.0,95
201600044013,16,2,19,1605,1,1,1,1,3.0,95018,M,4893950.0,225130.0,95
201600044014,16,2,25,930,1,2,4,1,2.0,95063,M,4892680.0,222760.0,95
201600044015,16,3,1,1600,1,2,1,2,6.0,95018,M,4894310.0,224840.0,95
201600044016,16,2,28,1500,1,2,1,1,4.0,95018,M,4893860.0,224510.0,95
201600044017,16,3,5,20,5,2,1,2,6.0,95018,M,4894010.0,223730.0,95
201600044018,16,3,8,1150,1,2,1,1,3.0,95063,M,4892190.0,222010.0,95
201600044019,16,3,13,1815,1,2,2,1,3.0,95018,M,4894160.0,224443.0,95
201600044020,16,3,18,2235,3,2,2,1,3.0,95018,M,4894680.0,223820.0,95
201600044021,16,4,1,1825,1,2,1,1,6.0,95018,M,4894650.0,223030.0,95
201600044022,16,4,12,1300,1,2,6,1,4.0,95176,M,4895930.0,220350.0,95
201600044023,16,4,19,1200,1,2,1,1,6.0,95018,M,4895280.0,225390.0,95
201600044024,16,4,30,1620,1,2,3,1,3.0,95018,M,4895050.0,222430.0,95
201600044025,16,5,2,1315,1,2,2,1,3.0,95018,M,4895250.0,224350.0,95
201600044026,16,5,10,2220,5,2,2,8,3.0,95018,M,4894930.0,223980.0,95
201600044027,16,5,13,1510,1,2,4,1,3.0,95018,M,4895810.0,222880.0,95
201600044028,16,5,17,1820,1,2,1,1,6.0,95257,M,4897990.0,218110.0,95
201600044029,16,5,22,2015,1,2,3,1,5.0,95018,M,4893990.0,222750.0,95
201600044030,16,5,20,1800,1,2,3,2,3.0,95063,M,4892320.0,221190.0,95
201600044031,16,5,24,1325,1,2,1,1,2.0,95063,M,4893680.0,220710.0,95
201600044032,16,5,23,1205,1,2,1,8,1.0,95018,M,4894880.0,225590.0,95
201600044033,16,6,5,620,1,2,2,2,3.0,95018,M,4895480.0,224230.0,95
201600044034,16,6,7,1505,1,2,3,1,3.0,95018,M,4894950.0,225350.0,95
201600044035,16,6,5,2350,5,2,4,1,3.0,95176,M,4896160.0,220210.0,95
201600044036,16,6,19,2055,1,2,1,1,2.0,95018,M,4894420.0,225090.0,95
201600044037,16,6,16,1015,1,2,2,1,4.0,95176,M,4897260.0,219040.0,95
201600044038,16,6,26,1925,1,2,1,1,1.0,95018,M,4894970.0,225360.0,95
201600044039,16,6,28,1255,1,2,2,1,4.0,95018,M,4894090.0,221680.0,95
201600044040,16,6,30,1414,1,2,1,1,4.0,95018,M,4894310.0,225190.0,95
201600044041,16,6,28,1755,1,2,1,1,2.0,95176,M,4896190.0,220190.0,95
201600044042,16,7,1,2030,1,2,1,1,3.0,95018,M,4895130.0,225370.0,95
201600044043,16,6,24,1900,1,2,2,1,3.0,95018,M,4893980.0,224860.0,95
201600044044,16,7,7,705,1,2,2,1,3.0,95018,M,4894160.0,223450.0,95
201600044045,16,7,9,1015,1,2,2,1,3.0,95018,M,4893970.0,223070.0,95
201600044046,16,7,6,1050,1,2,1,1,3.0,95063,M,4893150.0,221160.0,95
201600044047,16,7,12,1600,1,2,1,1,6.0,95063,M,4892560.0,221130.0,95
201600044048,16,7,20,2340,5,1,1,1,3.0,95018,M,4895560.0,227570.0,95
201600044049,16,7,22,1105,1,2,1,1,2.0,95176,M,4896960.0,219210.0,95
201600044050,16,7,24,1705,1,2,1,1,6.0,95018,M,4895450.0,223050.0,95
201600044051,16,8,6,735,2,2,2,1,6.0,95018,M,4894250.0,221680.0,95
201600044052,16,7,29,1340,1,2,2,1,6.0,95018,M,4894470.0,225190.0,95
201600044053,16,8,21,100,5,1,1,1,2.0,95018,M,4895040.0,227670.0,95
201600044054,16,8,26,1055,1,2,1,1,2.0,95063,M,4892740.0,221290.0,95
201600044055,16,8,20,1335,1,1,1,1,2.0,95018,M,4894290.0,225720.0,95
201600044056,16,9,2,1715,1,2,1,1,6.0,95018,M,4894890.0,220620.0,95
201600044057,16,9,2,2210,5,2,3,1,3.0,95018,M,4895310.0,225410.0,95
201600044058,16,9,5,1230,1,2,1,3,4.0,95018,M,4893950.0,225120.0,95
201600044059,16,9,19,900,1,2,2,2,6.0,95018,M,4895690.0,223470.0,95
201600044060,16,9,13,1715,1,2,2,1,6.0,95018,M,4893540.0,223870.0,95
201600044061,16,9,21,1400,1,2,4,1,3.0,95018,M,4895210.0,226720.0,95
201600044062,16,9,24,104,5,2,2,1,3.0,95018,M,4894610.0,224780.0,95
201600044063,16,9,20,1015,1,2,3,1,3.0,95063,M,4892830.0,221470.0,95
201600044064,16,9,25,450,5,2,3,1,6.0,95063,M,4891720.0,221110.0,95
201600044065,16,9,24,1405,1,2,1,1,3.0,95176,M,4897740.0,219760.0,95
201600044066,16,9,24,1945,5,2,4,1,3.0,95018,M,4895030.0,226270.0,95
201600044067,16,10,3,2135,5,2,1,1,3.0,95176,M,4897120.0,219230.0,95
201600044068,16,9,22,720,1,2,3,1,3.0,95018,M,4893680.0,223960.0,95
201600044069,16,10,3,1135,1,2,3,1,3.0,95018,M,4896010.0,222590.0,95
201600044070,16,9,27,1418,1,2,6,1,2.0,95176,M,4895920.0,220340.0,95
201600044071,16,10,4,2000,5,2,1,1,3.0,95018,M,4893730.0,224050.0,95
201600044072,16,10,6,2030,5,2,1,1,6.0,95063,M,4892352.0,221015.0,95
201600044073,16,10,7,1355,1,2,6,1,6.0,95176,M,4895920.0,220340.0,95
201600044074,16,10,1,2350,5,2,2,1,3.0,95018,M,4894420.0,225090.0,95
201600044075,16,10,10,735,2,2,2,1,1.0,95018,M,4895600.0,228020.0,95
201600044076,16,10,14,1700,1,2,1,2,6.0,95018,M,4894580.0,225350.0,95
201600044077,16,10,8,845,2,2,3,1,3.0,95018,M,4895090.0,222150.0,95
201600044078,16,10,17,1119,1,2,1,1,3.0,95176,M,4896560.0,220980.0,95
201600044079,16,10,12,917,1,2,2,1,3.0,95018,M,4896590.0,223360.0,95
201600044080,16,10,23,2030,5,2,1,2,2.0,95176,M,4897760.0,220010.0,95
201600044081,16,10,24,920,1,2,2,2,5.0,95018,M,4894210.0,225290.0,95
201600044082,16,10,23,1900,5,2,1,2,6.0,95018,M,4895260.0,221490.0,95
201600044083,16,10,26,1449,1,2,2,1,3.0,95018,M,4894370.0,221830.0,95
201600044084,16,11,2,1855,5,2,1,1,2.0,95063,M,4892390.0,220610.0,95
201600044085,16,10,26,820,1,2,1,1,5.0,95018,M,4894260.0,225260.0,95
201600044086,16,11,4,1500,1,2,2,1,3.0,95018,M,4894490.0,222870.0,95
201600044087,16,11,7,1720,2,2,1,2,6.0,95018,M,4894529.0,224886.0,95
201600044088,16,11,10,1850,5,2,4,3,6.0,95018,M,4894350.0,222890.0,95
201600044089,16,11,12,1821,5,2,1,2,6.0,95018,M,4894590.0,220630.0,95
201600044090,16,11,3,2115,4,2,2,1,3.0,95063,M,4893910.0,220680.0,95
201600044091,16,11,15,755,1,2,1,2,3.0,95176,M,4895290.0,220550.0,95
201600044092,16,11,16,1700,2,2,2,1,3.0,95063,M,4893420.0,220910.0,95
201600044093,16,11,20,720,5,2,2,2,3.0,95063,M,4892280.0,221780.0,95
201600044094,16,11,17,1749,2,2,1,1,3.0,95257,M,4896180.0,218160.0,95
201600044095,16,11,10,1945,5,2,1,2,6.0,95018,M,4895060.0,223030.0,95
201600044096,16,11,17,1330,1,2,3,1,3.0,95018,M,4894330.0,224890.0,95
201600044097,16,11,29,351,5,2,1,1,5.0,95018,M,4893820.0,223590.0,95
201600044098,16,11,29,1935,5,2,1,1,1.0,95063,M,4892920.0,222640.0,95
201600044099,16,11,20,1845,5,2,2,1,6.0,95063,M,4892630.0,221310.0,95
201600044100,16,12,2,1825,5,2,2,1,6.0,95176,M,4896890.0,219040.0,95
201600044101,16,12,4,1510,1,2,3,1,3.0,95063,M,4892820.0,221480.0,95
201600044102,16,12,11,1820,5,2,3,1,3.0,95063,M,4892550.0,221110.0,95
201600044103,16,12,11,1645,1,2,1,1,6.0,95018,M,4894580.0,223180.0,95
201600044104,16,12,16,1915,5,2,7,1,2.0,95018,M,4895490.0,228630.0,95
201600044105,16,12,19,1732,1,2,1,1,2.0,95018,M,4893490.0,224280.0,95
201600044106,16,12,18,1830,5,2,1,2,6.0,95063,M,4892360.0,221760.0,95
201600044107,16,12,21,1534,1,2,1,1,6.0,95018,M,4894730.0,225030.0,95
201600044108,16,12,24,55,5,2,2,2,3.0,95018,M,4894170.0,223450.0,95
201600044109,16,12,16,1705,2,2,3,1,3.0,95176,M,4897390.0,218850.0,95
201600044110,16,12,29,815,2,2,2,1,6.0,95063,M,4893270.0,220550.0,95
201600044111,16,1,21,110,3,1,2,9,2.0,95218,M,4902430.0,210380.0,95
201600044112,16,1,31,1120,1,2,1,1,6.0,95476,M,4905060.0,207490.0,95
201600044113,16,1,31,1555,1,2,1,2,1.0,95488,M,4901750.0,215180.0,95
201600044114,16,2,13,2040,5,2,1,2,2.0,95127,M,4904280.0,207189.0,95
201600044115,16,4,13,2204,5,2,1,1,1.0,95323,M,4901150.0,203260.0,95
201600044116,16,4,18,840,1,2,1,1,3.0,95127,M,4905270.0,202060.0,95
201600044117,16,4,26,2105,2,2,1,2,6.0,95218,M,4902350.0,211410.0,95
201600044118,16,5,8,200,5,2,1,1,2.0,95450,M,4901540.0,207450.0,95
201600044119,16,5,21,1710,1,2,3,1,3.0,95306,M,4900530.0,219290.0,95
201600044120,16,5,15,2240,5,2,1,1,6.0,95488,M,4901380.0,215820.0,95
201600044121,16,5,29,1930,1,2,1,1,5.0,95127,M,4904760.0,205220.0,95
201600044122,16,6,14,1745,1,2,1,1,3.0,95127,M,4902820.0,208219.0,95
201600044123,16,6,18,1842,1,2,1,1,5.0,95500,M,4904480.0,207666.0,95
201600044124,16,7,4,1825,1,2,1,1,6.0,95218,M,4901790.0,210030.0,95
201600044125,16,7,14,307,5,2,3,1,3.0,95510,M,4905540.0,202539.0,95
201600044126,16,7,12,1820,1,2,1,1,3.0,95637,M,4903450.0,201880.0,95
201600044127,16,7,23,1805,1,2,1,1,6.0,95306,M,4899290.0,217140.0,95
201600044128,16,8,10,1715,1,2,1,1,3.0,95306,M,4899060.0,216220.0,95
201600044129,16,8,17,1725,1,2,1,1,6.0,95476,M,4906170.0,206389.0,95
201600044130,16,8,18,1940,1,2,1,1,3.0,95500,M,4905580.0,210470.0,95
201600044131,16,8,22,1747,1,2,3,1,3.0,95500,M,4904720.0,208130.0,95
201600044132,16,8,24,1525,1,2,1,1,3.0,95127,M,4904310.0,207270.0,95
201600044133,16,9,7,220,3,2,1,5,6.0,95127,M,4903020.0,206990.0,95
201600044134,16,9,29,1045,1,2,2,1,3.0,95127,M,4905510.0,201549.0,95
201600044135,16,9,27,820,1,2,1,1,6.0,95500,M,4905140.0,210020.0,95
201600044136,16,9,25,1825,1,2,1,1,1.0,95488,M,4901840.0,215670.0,95
201600044137,16,10,21,225,3,1,1,2,6.0,95127,M,4903890.0,208610.0,95
201600044138,16,11,2,1755,4,1,1,1,3.0,95488,M,4900890.0,216810.0,95
201600044139,16,11,10,1650,2,2,1,2,6.0,95127,M,4905290.0,201840.0,95
201600044140,16,11,16,2310,5,2,1,2,6.0,95218,M,4901860.0,208639.0,95
201600044141,16,11,19,2230,5,2,1,1,3.0,95572,M,4904640.0,211280.0,95
201600044142,16,11,20,1820,5,2,2,3,6.0,95127,M,4903190.0,208809.0,95
201600044143,16,11,14,1650,2,2,1,1,3.0,95218,M,4902390.0,211170.0,95
201600044144,16,11,21,1750,2,2,1,1,1.0,95306,M,4899610.0,215130.0,95
201600044145,16,12,7,1445,1,2,1,1,6.0,95127,M,4904310.0,207249.0,95
201600044146,16,12,8,2035,5,1,1,1,1.0,95306,M,4900230.0,218560.0,95
201600044147,16,12,9,1035,1,1,1,1,6.0,95476,M,4907160.0,208380.0,95
201600044148,16,12,11,1000,1,1,1,1,3.0,95510,M,4905880.0,201110.0,95
201600044149,16,3,29,20,5,2,1,1,6.0,95323,M,4901480.0,202579.0,95
201600044150,16,1,2,1935,5,2,3,2,3.0,95427,M,4897590.0,235190.0,95
201600044151,16,1,8,1435,1,1,1,1,2.0,95288,M,4898360.0,236210.0,95
201600044152,16,1,16,100,5,2,3,1,1.0,95197,M,4897140.0,231120.0,95
201600044153,16,1,26,800,2,2,1,1,6.0,95197,M,4895930.0,232210.0,95
201600044154,16,1,26,2320,5,2,1,1,6.0,95427,M,4896190.0,233270.0,95
201600044155,16,2,26,2000,5,2,1,1,3.0,95288,M,4897820.0,234410.0,95
201600044156,16,1,8,805,1,2,1,1,6.0,95598,M,4899010.0,229560.0,95
201600044157,16,12,27,1210,1,2,1,1,6.0,95197,M,4897110.0,233010.0,95
201600044158,16,1,30,1830,5,2,1,1,3.0,95598,M,4899130.0,229920.0,95
201600044159,16,2,2,1500,1,2,1,3,3.0,95428,M,4897570.0,231710.0,95
201600044160,16,2,4,1615,1,2,2,2,6.0,95210,M,4896570.0,230050.0,95
201600044161,16,2,11,855,1,2,2,1,3.0,95428,M,4897910.0,231130.0,95
201600044162,16,2,11,1800,2,2,1,1,2.0,95428,M,4898810.0,231870.0,95
201600044163,16,2,14,602,5,2,3,1,6.0,95555,M,4897420.0,229520.0,95
201600044164,16,2,12,1248,1,2,2,2,3.0,95428,M,4897690.0,231090.0,95
201600044165,16,2,20,1955,5,2,1,1,6.0,95428,M,4897230.0,231330.0,95
201600044166,16,2,21,1450,1,2,1,1,2.0,95555,M,4896570.0,228110.0,95
201600044167,16,2,27,1130,1,1,1,1,1.0,95014,M,4901320.0,231180.0,95
201600044168,16,2,29,1443,1,2,1,1,2.0,95428,M,4899320.0,233280.0,95
201600044169,16,3,1,1540,1,2,1,2,2.0,95598,M,4898430.0,229480.0,95
201600044170,16,2,9,1115,1,2,1,1,6.0,95598,M,4898520.0,229970.0,95
201600044171,16,3,13,1845,1,2,1,1,2.0,95428,M,4897560.0,231490.0,95
201600044172,16,3,9,1930,5,2,3,1,3.0,95369,M,4899730.0,229060.0,95
201600044173,16,3,18,1430,1,2,1,1,1.0,95210,M,4896970.0,230580.0,95
201600044174,16,3,8,855,1,2,1,1,2.0,95197,M,4897560.0,232810.0,95
201600044175,16,3,25,1653,1,2,1,1,6.0,95427,M,4897490.0,233920.0,95
201600044176,16,3,27,1635,1,2,2,8,3.0,95427,M,4897380.0,234910.0,95
201600044177,16,3,30,1515,1,2,1,2,6.0,95210,M,4896940.0,231090.0,95
201600044178,16,3,31,1810,1,2,1,3,2.0,95598,M,4899440.0,230430.0,95
201600044179,16,4,5,1720,1,2,1,7,1.0,95428,M,4898290.0,232810.0,95
201600044180,16,4,11,1730,1,2,1,2,2.0,95428,M,4899340.0,232060.0,95
201600044181,16,4,18,1140,1,2,1,1,2.0,95428,M,4900370.0,231850.0,95
201600044182,16,4,24,1640,1,2,3,1,6.0,95197,M,4896740.0,232870.0,95
201600044183,16,4,29,735,1,2,1,1,4.0,95288,M,4898270.0,236260.0,95
201600044184,16,5,8,522,5,2,2,1,3.0,95210,M,4897140.0,230460.0,95
201600044185,16,5,9,1100,1,2,3,1,3.0,95598,M,4898210.0,229290.0,95
201600044186,16,5,14,1315,1,2,1,1,3.0,95598,M,4898110.0,229390.0,95
201600044187,16,5,20,1110,1,2,1,1,6.0,95598,M,4898650.0,229620.0,95
201600044188,16,5,24,1930,1,2,2,1,2.0,95210,M,4896420.0,231340.0,95
201600044189,16,5,30,805,1,2,1,2,2.0,95197,M,4896260.0,232340.0,95
201600044190,16,5,31,1120,1,2,1,3,3.0,95428,M,4897540.0,231690.0,95
201600044191,16,5,30,1940,1,2,1,1,3.0,95288,M,4898690.0,235590.0,95
201600044192,16,6,4,258,5,2,1,1,6.0,95288,M,4898710.0,234370.0,95
201600044193,16,6,18,1655,1,2,1,1,2.0,95598,M,4898360.0,229410.0,95
201600044194,16,6,19,2020,1,2,1,1,5.0,95428,M,4899220.0,231410.0,95
201600044195,16,6,23,1630,1,2,1,1,6.0,95288,M,4897890.0,236410.0,95
201600044196,16,7,3,1755,1,2,6,2,7.0,95555,M,4897380.0,227430.0,95
201600044197,16,7,8,110,5,2,1,1,6.0,95598,M,4898310.0,230170.0,95
201600044198,16,7,9,1230,1,2,1,1,4.0,95427,M,4897220.0,234260.0,95
201600044199,16,7,10,1619,1,2,1,1,6.0,95427,M,4895910.0,232910.0,95
201600044200,16,7,15,1115,1,2,3,1,3.0,95427,M,4897090.0,234720.0,95
201600044201,16,7,20,1040,1,2,1,1,3.0,95197,M,4896560.0,231930.0,95
201600044202,16,7,24,945,1,2,2,1,2.0,95197,M,4896690.0,231760.0,95
201600044203,16,5,21,1200,1,2,1,1,6.0,95210,M,4897210.0,230770.0,95
201600044204,16,8,31,1055,1,2,1,1,2.0,95428,M,4898180.0,231510.0,95
201600044205,16,9,6,15,5,2,2,8,1.0,95427,M,4897380.0,234910.0,95
201600044206,16,9,6,940,1,2,7,2,6.0,95197,M,4896530.0,232930.0,95
201600044207,16,9,6,830,1,2,2,8,3.0,95555,M,4897390.0,227430.0,95
201600044208,16,9,7,1655,1,2,1,1,1.0,95427,M,4897710.0,236480.0,95
201600044209,16,9,15,1730,1,2,1,1,2.0,95427,M,4896870.0,234590.0,95
201600044210,16,9,21,1915,1,2,1,1,6.0,95555,M,4897480.0,273330.0,95
201600044211,16,9,24,1510,1,2,1,1,1.0,95428,M,4898390.0,231820.0,95
201600044212,16,9,26,1830,1,2,1,1,6.0,95197,M,4897570.0,232740.0,95
201600044213,16,9,27,1510,1,2,3,1,3.0,95210,M,4896290.0,231130.0,95
201600044214,16,9,30,1200,1,2,1,1,1.0,95428,M,4899790.0,231820.0,95
201600044215,16,10,3,1500,1,2,1,1,6.0,95197,M,4895900.0,232650.0,95
201600044216,16,10,4,820,1,2,1,1,6.0,95598,M,4899440.0,229420.0,95
201600044217,16,10,5,1705,1,2,1,1,6.0,95197,M,4896740.0,231820.0,95
201600044218,16,10,1,1905,1,2,1,1,2.0,95427,M,4897630.0,235290.0,95
201600044219,16,10,10,1750,1,2,3,8,3.0,95555,M,4896640.0,227750.0,95
201600044220,16,10,11,33,5,2,2,1,3.0,95427,M,4897510.0,234390.0,95
201600044221,16,10,15,2130,3,2,3,1,6.0,95427,M,4896220.0,233010.0,95
201600044222,16,10,17,910,1,2,1,2,3.0,95598,M,4898280.0,230010.0,95
201600044223,16,10,19,1340,1,2,1,1,6.0,95598,M,4898690.0,229820.0,95
201600044224,16,10,22,1320,1,2,1,1,3.0,95598,M,4898510.0,229540.0,95
201600044225,16,10,24,1405,1,2,3,2,5.0,95428,M,4897410.0,231130.0,95
201600044226,16,10,31,1810,5,2,1,1,2.0,95598,M,4898470.0,229850.0,95
201600044227,16,11,2,1300,1,2,1,1,6.0,95427,M,4895910.0,232910.0,95
201600044228,16,11,2,1705,1,2,1,1,6.0,95197,M,4896750.0,231730.0,95
201600044229,16,11,3,905,1,2,3,1,6.0,95598,M,4898580.0,230290.0,95
201600044230,16,11,6,1250,1,2,1,1,2.0,95428,M,4898330.0,232580.0,95
201600044231,16,11,17,1830,2,2,2,1,3.0,95428,M,4897810.0,230820.0,95
201600044232,16,11,21,1800,5,2,1,1,1.0,95555,M,4896450.0,228720.0,95
201600044233,16,11,23,1030,1,2,1,1,2.0,95598,M,4898170.0,229270.0,95
201600044234,16,11,19,1500,1,2,1,1,2.0,95197,M,4896060.0,232620.0,95
201600044235,16,11,30,1235,1,2,1,1,2.0,95197,M,4897990.0,231750.0,95
201600044236,16,12,5,540,5,2,3,1,3.0,95428,M,4899280.0,232810.0,95
201600044237,16,12,7,1740,5,2,1,1,6.0,95555,M,4896810.0,228490.0,95
201600044238,16,12,9,2300,5,2,1,1,2.0,95555,M,4896630.0,229220.0,95
201600044239,16,12,12,1705,2,2,1,2,6.0,95555,M,4897320.0,228970.0,95
201600044240,16,12,14,1105,1,2,1,1,3.0,95427,M,4897630.0,234460.0,95
201600044241,16,12,15,915,1,2,1,1,3.0,95210,M,4896790.0,230590.0,95
201600044242,16,12,15,1815,5,2,3,1,6.0,95197,M,4897220.0,232310.0,95
201600044243,16,12,17,1705,5,2,1,5,1.0,95598,M,4898480.0,229840.0,95
201600044244,16,12,29,20,5,2,3,1,3.0,95598,M,4898210.0,229290.0,95
201600044245,16,12,29,720,2,2,1,1,3.0,95427,M,4897420.0,234650.0,95
201600044246,16,12,26,20,5,2,1,1,3.0,95598,M,4899340.0,230030.0,95
201600044247,16,12,28,1750,5,2,1,1,6.0,95555,M,4896880.0,228610.0,95
201600044248,16,1,2,1830,5,2,1,2,2.0,95252,M,4898720.0,221550.0,95
201600044249,16,1,6,815,2,2,1,2,6.0,95219,M,4899180.0,224790.0,95
201600044250,16,1,6,830,1,2,1,1,2.0,95582,M,4897350.0,225330.0,95
201600044251,16,1,6,1610,1,2,1,8,6.0,95582,M,4897230.0,225610.0,95
201600044252,16,1,7,825,2,2,1,3,6.0,95219,M,4899120.0,225990.0,95