Num_Acc,an,mois,jour,hrmn,lum,agg,int,atm,col,com,gps,lat,long,dep
201600044253,16,1,14,1130,1,2,1,1,6.0,95219,M,4899110.0,226320.0,95
201600044254,16,1,15,845,1,2,1,1,3.0,95582,M,4897060.0,226320.0,95
201600044255,16,1,15,805,2,2,1,8,6.0,95060,M,4904020.0,220940.0,95
201600044256,16,1,14,1925,5,2,1,1,6.0,95563,M,4900810.0,224850.0,95
201600044257,16,1,9,1735,1,1,1,1,1.0,95060,M,4904390.0,218050.0,95
201600044258,16,1,19,1855,5,2,1,1,6.0,95051,M,4900950.0,219710.0,95
201600044259,16,1,21,1625,1,2,1,1,6.0,95203,M,4899780.0,226820.0,95
201600044260,16,1,15,2020,5,2,1,1,3.0,95607,M,4902310.0,223290.0,95
201600044261,16,1,5,1724,5,2,1,1,3.0,95051,M,4901070.0,220130.0,95
201600044262,16,1,26,827,1,2,1,2,2.0,95219,M,4898030.0,226180.0,95
201600044263,16,1,28,930,1,2,1,1,2.0,95203,M,4899450.0,228650.0,95
201600044264,16,1,29,1900,5,2,1,2,3.0,95051,M,4900890.0,219880.0,95
201600044265,16,1,30,1837,5,2,1,1,2.0,95252,M,4898720.0,223690.0,95
201600044266,16,1,31,1555,1,2,1,2,4.0,95607,M,4901673.0,221883.0,95
201600044267,16,2,3,1730,1,2,3,2,6.0,95252,M,4899120.0,223860.0,95
201600044268,16,2,4,705,5,2,3,1,1.0,95219,M,4899430.0,225010.0,95
201600044269,16,2,4,845,1,2,1,1,6.0,95426,M,4900460.0,227930.0,95
201600044270,16,2,6,1615,1,2,1,1,6.0,95574,M,4901770.0,226330.0,95
201600044271,16,2,13,1230,1,2,1,8,6.0,95203,M,4899990.0,226940.0,95
201600044272,16,2,14,1230,1,2,6,1,3.0,95607,M,4901530.0,222110.0,95
201600044273,16,2,15,610,5,2,2,1,3.0,95051,M,4901530.0,219420.0,95
201600044274,16,2,15,1805,5,2,1,2,6.0,95607,M,4901320.0,220570.0,95
201600044275,16,2,17,2100,5,2,1,1,4.0,95203,M,4899610.0,227260.0,95
201600044276,16,2,18,2025,5,2,2,8,3.0,95607,M,4902230.0,220870.0,95
201600044277,16,2,25,2045,5,2,4,1,6.0,95582,M,4896960.0,223370.0,95
201600044278,16,2,26,1825,2,2,1,1,6.0,95252,M,4899630.0,223260.0,95
201600044279,16,2,29,1800,1,2,2,1,3.0,95252,M,4898890.0,223060.0,95
201600044280,16,3,3,1110,1,2,2,1,2.0,95607,M,4900510.0,220990.0,95
201600044281,16,3,14,1130,1,2,1,1,1.0,95607,M,4902170.0,220780.0,95
201600044282,16,3,14,1205,1,2,1,1,6.0,95574,M,4899990.0,225960.0,95
201600044283,16,3,17,1535,1,2,3,1,3.0,95219,M,4899390.0,224420.0,95
201600044284,16,3,19,1040,1,2,2,1,5.0,95574,M,4900620.0,225860.0,95
201600044285,16,3,23,1300,1,2,1,1,3.0,95491,M,4899570.0,223910.0,95
201600044286,16,3,29,1650,1,2,2,1,5.0,95252,M,4898850.0,223030.0,95
201600044287,16,3,31,2240,5,2,1,8,6.0,95607,M,4900540.0,220990.0,95
201600044288,16,4,1,703,1,2,1,1,6.0,95210,M,4897360.0,230550.0,95
201600044289,16,4,1,750,2,2,1,1,4.0,95203,M,4898850.0,227410.0,95
201600044290,16,4,4,815,1,2,1,1,3.0,95607,M,4901960.0,221840.0,95
201600044291,16,4,7,1645,1,2,1,1,1.0,95203,M,4899860.0,227920.0,95
201600044292,16,4,14,2030,2,2,1,3,3.0,95491,M,4899870.0,224534.0,95
201600044293,16,4,16,1050,1,2,3,1,3.0,95203,M,4899390.0,226830.0,95
201600044294,16,4,19,1905,1,2,1,1,2.0,95203,M,4900260.0,228030.0,95
201600044295,16,4,21,1530,1,2,3,1,1.0,95203,M,4899230.0,228470.0,95
201600044296,16,4,24,1910,1,2,2,1,3.0,95203,M,4899477.0,227780.0,95
201600044297,16,4,29,1145,1,2,1,1,2.0,95252,M,4898520.0,223880.0,95
201600044298,16,5,1,1630,1,2,1,1,3.0,95060,M,4904050.0,220910.0,95
201600044299,16,5,12,1320,1,2,1,1,3.0,95582,M,4896720.0,226220.0,95
201600044300,16,5,16,1215,1,2,3,1,6.0,95252,M,4898190.0,222930.0,95
201600044301,16,5,19,820,1,2,1,2,1.0,95203,M,4900420.0,227930.0,95
201600044302,16,5,23,1018,1,2,1,3,6.0,95424,M,4899280.0,219770.0,95
201600044303,16,5,25,1525,1,2,6,1,3.0,95219,M,4899010.0,225620.0,95
201600044304,16,5,26,1700,1,2,1,1,4.0,95219,M,4899870.0,225310.0,95
201600044305,16,5,27,1000,1,2,1,1,3.0,95219,M,4899770.0,224780.0,95
201600044306,16,5,27,845,1,2,6,1,3.0,95219,M,4897720.0,227130.0,95
201600044307,16,5,27,1610,1,2,1,1,6.0,95252,M,4898570.0,222810.0,95
201600044308,16,5,27,1740,1,2,3,1,3.0,95219,M,4899940.0,225260.0,95
201600044309,16,5,27,1900,1,2,6,1,3.0,95252,M,4900090.0,222280.0,95
201600044310,16,6,4,2315,5,2,1,2,3.0,95252,M,4898420.0,224090.0,95
201600044311,16,6,7,1020,1,2,1,1,1.0,95582,M,4897410.0,223660.0,95
201600044312,16,6,7,1415,1,2,1,1,2.0,95607,M,4901950.0,220820.0,95
201600044313,16,6,7,1820,1,2,1,1,6.0,95252,M,4898510.0,222990.0,95
201600044314,16,6,8,900,1,2,1,1,3.0,95607,M,4902540.0,218810.0,95
201600044315,16,6,8,1400,1,2,1,1,3.0,95252,M,4898480.0,223970.0,95
201600044316,16,6,10,1135,1,2,1,1,2.0,95424,M,4899130.0,220110.0,95
201600044317,16,6,13,1830,1,2,1,1,2.0,95426,M,4901590.0,228850.0,95
201600044318,16,6,20,945,1,2,1,3,6.0,95219,M,4898310.0,226060.0,95
201600044319,16,6,23,930,1,2,2,1,2.0,95491,M,4900189.0,221984.0,95
201600044320,16,6,26,1420,1,2,1,1,6.0,95219,M,4899180.0,226150.0,95
201600044321,16,7,6,1820,1,2,1,1,6.0,95607,M,4901130.0,220640.0,95
201600044322,16,7,6,1812,1,2,1,1,6.0,95424,M,4900630.0,219460.0,95
201600044323,16,7,18,1930,1,2,2,1,3.0,95607,M,4901350.0,220610.0,95
201600044324,16,7,20,1900,1,2,1,1,6.0,95252,M,4898940.0,222910.0,95
201600044325,16,7,25,1410,1,2,1,1,2.0,95219,M,4899150.0,225190.0,95
201600044326,16,6,27,1715,1,2,1,1,3.0,95426,M,4901190.0,228570.0,95
201600044327,16,7,28,1800,1,2,1,1,3.0,95219,M,4898290.0,225440.0,95
201600044328,16,8,1,2000,1,2,1,1,3.0,95252,M,4899780.0,222370.0,95
201600044329,16,8,2,700,1,2,1,2,3.0,95491,M,4899930.0,224370.0,95
201600044330,16,7,25,1530,1,1,1,1,6.0,95252,M,4897989.0,222230.0,95
201600044331,16,8,15,205,5,2,1,1,6.0,95219,M,4898560.0,224690.0,95
201600044332,16,8,16,1940,1,2,3,1,3.0,95607,M,4901590.0,220890.0,95
201600044333,16,8,18,1755,1,2,1,1,6.0,95574,M,4900910.0,226630.0,95
201600044334,16,8,22,1730,1,2,1,1,6.0,95252,M,4898740.0,221330.0,95
201600044335,16,8,27,2310,5,1,2,1,6.0,95219,M,4899150.0,225840.0,95
201600044336,16,9,5,1715,1,2,1,2,6.0,95219,M,4899460.0,225640.0,95
201600044337,16,9,6,1930,1,2,1,1,1.0,95582,M,,,95
201600044338,16,9,12,1905,1,2,1,1,6.0,95582,M,4897190.0,225430.0,95
201600044339,16,9,17,1725,1,2,2,1,6.0,95607,M,4902640.0,222460.0,95
201600044340,16,9,20,1200,1,2,1,1,6.0,95426,M,4900610.0,228310.0,95
201600044341,16,9,24,1005,1,2,1,1,1.0,95582,M,4896890.0,226010.0,95
201600044342,16,9,24,1125,1,2,1,1,2.0,95219,M,4898920.0,225880.0,95
201600044343,16,9,28,2245,5,2,1,1,4.0,95203,M,4899330.0,228210.0,95
201600044344,16,9,30,650,5,2,1,1,2.0,95424,M,4900150.0,220360.0,95
201600044345,16,10,1,1105,1,2,1,1,3.0,95203,M,4898210.0,227170.0,95
201600044346,16,9,19,2010,5,2,6,1,6.0,95607,M,4901120.0,221020.0,95
201600044347,16,10,2,1600,1,2,1,1,4.0,95252,M,4898560.0,223810.0,95
201600044348,16,10,4,1530,1,2,1,1,1.0,95607,M,4901360.0,220620.0,95
201600044349,16,10,4,1620,1,2,1,1,3.0,95051,M,4901020.0,219440.0,95
201600044350,16,10,5,1645,1,2,1,1,2.0,95203,M,4899650.0,227130.0,95
201600044351,16,10,12,810,1,2,6,1,3.0,95219,M,4898040.0,225310.0,95
201600044352,16,10,19,1640,1,2,2,2,3.0,95607,M,4901360.0,220610.0,95
201600044353,16,10,23,2110,5,2,2,2,6.0,95607,M,4902640.0,222460.0,95
201600044354,16,10,23,1945,5,2,2,3,3.0,95219,M,4899640.0,225230.0,95
201600044355,16,11,2,1815,5,2,1,1,4.0,95203,M,4899220.0,228520.0,95
201600044356,16,11,2,1715,2,2,1,1,1.0,95051,M,4901760.0,218570.0,95
201600044357,16,11,5,1925,3,1,1,8,6.0,95574,M,4902490.0,226840.0,95
201600044358,16,11,13,38,5,2,1,3,6.0,95219,M,4898560.0,224690.0,95
201600044359,16,11,17,920,1,2,1,1,6.0,95203,M,4899630.0,227650.0,95
201600044360,16,11,19,1940,5,2,1,1,3.0,95424,M,4898690.0,218180.0,95
201600044361,16,11,21,1800,5,2,1,1,3.0,95491,M,4899980.0,224260.0,95
201600044362,16,11,28,1015,1,2,1,1,6.0,95607,M,4902660.0,222570.0,95
201600044363,16,12,4,1935,5,2,1,1,6.0,95607,M,4900870.0,220790.0,95
201600044364,16,12,7,1745,5,2,2,1,3.0,95607,M,4902410.0,221560.0,95
201600044365,16,12,5,1405,1,1,4,1,5.0,95252,M,4898450.0,224070.0,95
201600044366,16,12,15,1152,1,2,1,1,6.0,95563,M,4900810.0,224920.0,95
201600044367,16,12,23,1215,1,2,2,1,3.0,95252,M,4899910.0,221910.0,95
201600044368,16,12,27,2034,5,2,1,8,1.0,95582,M,4896910.0,225150.0,95
201600044369,16,12,30,1100,1,2,1,1,1.0,95582,M,4897710.0,224310.0,95
201600044370,16,1,5,650,5,2,1,1,6.0,95019,M,4897960.0,242310.0,95
201600044371,16,1,28,1800,5,2,1,1,1.0,95280,M,4902580.0,245550.0,95
201600044372,16,4,8,2300,5,2,1,1,3.0,95280,M,4901860.0,246660.0,95
201600044373,16,5,17,1420,1,2,1,1,1.0,95088,M,4897280.0,242770.0,95
201600044374,16,7,6,2330,5,2,2,1,6.0,95280,M,4903230.0,246990.0,95
201600044375,16,7,11,1015,1,2,1,1,6.0,95277,M,4898310.0,245760.0,95
201600044376,16,7,29,2215,5,2,2,1,2.0,95280,M,4903780.0,247360.0,95
201600044377,16,8,8,1850,1,2,1,1,6.0,95280,M,4903150.0,247590.0,95
201600044378,16,8,16,130,4,2,1,1,6.0,95277,M,4898530.0,243870.0,95
201600044379,16,10,6,210,3,1,1,1,6.0,95277,M,4896390.0,245180.0,95
201600044380,16,10,14,2110,5,2,1,3,6.0,95280,M,4903530.0,245680.0,95
201600044381,16,12,26,330,5,1,1,2,7.0,95277,M,4898760.0,247320.0,95
201600044382,16,1,2,1910,3,2,1,1,6.0,95424,M,4898990.0,218180.0,95
201600044383,16,2,25,1340,1,2,1,1,6.0,95306,M,4899820.0,218650.0,95
201600044384,16,1,26,1440,1,2,1,1,1.0,95257,M,4898310.0,217390.0,95
201600044385,16,4,11,1735,1,2,2,1,6.0,95306,M,4900440.0,214610.0,95
201600044386,16,1,4,930,1,2,1,1,4.0,95527,M,4901020.0,255320.0,95
201600044387,16,1,11,1445,1,1,1,2,6.0,95527,M,4900950.0,253910.0,95
201600044388,16,1,7,1135,1,1,1,1,4.0,95527,M,4900940.0,253910.0,95
201600044389,16,4,8,809,1,2,1,8,2.0,95527,M,4900560.0,253590.0,95
201600044390,16,7,5,1905,1,1,1,8,2.0,95527,M,4900880.0,253990.0,95
201600044391,16,2,28,1145,1,1,1,1,4.0,77291,M,4900500.0,257911.0,77
201600044392,16,1,1,1315,1,1,1,1,6.0,95527,M,4901120.0,254190.0,95
201600044393,16,9,27,1700,1,2,3,1,3.0,95527,M,4900980.0,253210.0,95
201600044394,16,10,2,1650,1,1,1,1,7.0,77294,M,4899261.0,261989.0,77
201600044395,16,7,29,1310,1,2,1,1,4.0,95527,M,4900640.0,254340.0,95
201600044396,16,1,23,1102,1,1,1,1,7.0,95527,M,4900950.0,253910.0,95
201600044397,16,3,30,1051,1,2,1,8,6.0,95527,M,4900940.0,253910.0,95
201600044398,16,4,22,1415,1,1,1,8,6.0,95527,M,4901020.0,255320.0,95
201600044399,16,2,17,1130,2,1,1,1,7.0,95212,M,4902910.0,256310.0,95
201600044400,16,6,17,250,5,2,1,1,6.0,95527,M,4900940.0,255090.0,95
201600044401,16,2,4,1730,5,1,2,2,2.0,77291,M,4901199.0,257555.0,77
201600044402,16,9,28,1209,1,1,1,1,6.0,95527,M,4900560.0,253590.0,95
201600044403,16,8,24,1315,1,1,3,1,3.0,95527,M,4900980.0,253220.0,95
201600044404,16,6,29,825,1,2,1,1,4.0,95527,M,4900560.0,253590.0,95
201600044405,16,8,29,815,1,1,1,1,2.0,95527,M,4900310.0,252980.0,95
201600044406,16,8,30,1735,1,1,1,1,4.0,95527,M,4901220.0,252260.0,95
201600044407,16,1,8,2237,3,1,1,1,3.0,95539,M,4898770.0,236060.0,95
201600044408,16,1,8,1845,3,2,1,1,6.0,95585,M,4898040.0,237820.0,95
201600044409,16,1,19,217,5,2,1,1,6.0,95268,M,4896860.0,241160.0,95
201600044410,16,1,15,1000,2,2,3,2,1.0,95539,M,4899570.0,235730.0,95
201600044411,16,1,25,1140,1,2,1,1,2.0,95268,M,4897140.0,240190.0,95
201600044412,16,2,5,2136,5,2,1,1,6.0,95268,M,4896010.0,239950.0,95
201600044413,16,2,1,1825,5,2,1,1,6.0,95680,M,4900080.0,240890.0,95
201600044414,16,1,31,2010,5,2,1,2,6.0,95585,M,4900510.0,237450.0,95
201600044415,16,2,11,1900,5,2,1,1,6.0,95268,M,4897120.0,239520.0,95
201600044416,16,2,11,1645,1,2,1,1,6.0,95680,M,4900810.0,240170.0,95
201600044417,16,2,14,1630,1,2,3,1,3.0,95680,M,4900870.0,239980.0,95
201600044418,16,2,1,420,5,2,3,1,5.0,95680,M,4900990.0,240270.0,95
201600044419,16,2,21,2050,5,1,2,1,5.0,95205,M,4902290.0,238660.0,95
201600044420,16,2,22,2355,5,2,1,3,6.0,95268,M,4897520.0,238910.0,95
201600044421,16,2,1,950,1,2,1,1,6.0,95680,M,4900620.0,239910.0,95
201600044422,16,2,28,1725,1,2,1,1,7.0,95268,M,4897420.0,241720.0,95
201600044423,16,2,28,2320,3,1,1,1,3.0,95539,M,4899150.0,236030.0,95
201600044424,16,3,1,915,1,2,1,1,6.0,95268,M,4897220.0,240090.0,95
201600044425,16,3,1,1950,1,2,1,1,6.0,95585,M,4899180.0,236840.0,95
201600044426,16,3,3,1815,1,2,1,1,6.0,95585,M,4899010.0,236970.0,95
201600044427,16,3,8,1145,1,2,1,1,1.0,95680,M,4901110.0,240330.0,95
201600044428,16,3,17,1735,1,2,3,1,5.0,95585,M,4899390.0,238190.0,95
201600044429,16,3,22,2140,5,2,3,1,3.0,95539,M,4900480.0,235790.0,95
201600044430,16,3,24,5,5,2,1,1,6.0,95585,M,4897530.0,237540.0,95
201600044431,16,3,4,1745,1,2,1,1,6.0,95585,M,4898810.0,239130.0,95
201600044432,16,4,6,1700,1,2,1,1,6.0,95268,M,4896780.0,240270.0,95
201600044433,16,4,6,1840,1,1,1,1,4.0,95539,M,4899410.0,233760.0,95
201600044434,16,4,20,1710,1,2,1,1,6.0,95680,M,4900410.0,238640.0,95
201600044435,16,4,25,2045,1,2,1,2,6.0,95585,M,4897910.0,237160.0,95
201600044436,16,4,27,1600,1,2,1,4,2.0,95680,M,4900920.0,240230.0,95
201600044437,16,5,13,2025,1,2,1,1,6.0,95680,M,4900420.0,239210.0,95
201600044438,16,5,17,1125,1,2,1,1,6.0,95268,M,4897230.0,240090.0,95
201600044439,16,5,1,1950,1,2,3,1,6.0,95268,M,4897320.0,239030.0,95
201600044440,16,5,13,1630,1,2,1,2,4.0,95585,M,4897710.0,236480.0,95
201600044441,16,5,26,1350,1,2,1,1,3.0,95680,M,4900160.0,240630.0,95
201600044442,16,5,26,2015,2,2,1,1,6.0,95539,M,4900380.0,235340.0,95
201600044443,16,6,2,215,5,2,3,2,6.0,95585,M,4898010.0,237420.0,95
201600044444,16,6,5,1710,1,2,1,1,6.0,95680,M,4900390.0,241310.0,95
201600044445,16,6,6,2010,1,2,1,1,3.0,95680,M,4900040.0,241450.0,95
201600044446,16,3,23,1430,1,2,1,1,6.0,95585,M,4897610.0,238040.0,95
201600044447,16,6,11,2130,2,2,2,1,1.0,95539,M,4899580.0,236120.0,95
201600044448,16,6,16,2340,5,2,1,1,3.0,95585,M,4898110.0,237590.0,95
201600044449,16,6,17,2150,2,2,2,3,3.0,95268,M,4897610.0,239450.0,95
201600044450,16,6,19,1725,1,2,1,1,6.0,95585,M,4898770.0,238170.0,95
201600044451,16,5,24,825,1,2,1,8,2.0,95585,M,4899240.0,236720.0,95
201600044452,16,6,8,1850,1,2,1,1,1.0,95680,M,4900520.0,238220.0,95
201600044453,16,4,23,1300,1,2,1,1,3.0,95680,M,4899870.0,240740.0,95
201600044454,16,7,8,30,5,2,1,1,1.0,95585,M,4898730.0,227930.0,95
201600044455,16,7,8,1630,1,2,1,1,4.0,95585,M,4898790.0,237870.0,95
201600044456,16,7,11,1835,1,1,1,1,1.0,95680,M,4902410.0,241010.0,95
201600044457,16,7,13,1450,1,2,6,8,3.0,95680,M,4900190.0,238530.0,95
201600044458,16,7,23,2215,5,2,3,1,3.0,95680,M,4899980.0,238990.0,95
201600044459,16,7,23,1645,1,2,1,1,1.0,95539,M,4899560.0,235240.0,95
201600044460,16,7,28,50,5,2,5,1,1.0,95585,M,4899370.0,236940.0,95
201600044461,16,7,27,1740,1,1,1,1,7.0,95539,M,4900040.0,235960.0,95
201600044462,16,8,4,2355,5,2,1,1,6.0,95268,M,4896440.0,241140.0,95
201600044463,16,8,11,915,1,2,1,1,6.0,95268,M,4897140.0,240190.0,95
201600044464,16,8,12,205,5,2,1,1,6.0,95680,M,4900050.0,240970.0,95
201600044465,16,8,14,1732,1,2,1,1,6.0,95585,M,4898040.0,238810.0,95
201600044466,16,8,17,1515,1,2,1,1,3.0,95585,M,4898490.0,237020.0,95
201600044467,16,8,15,1455,1,2,3,1,3.0,95585,M,4897220.0,237570.0,95
201600044468,16,8,17,830,1,2,1,1,2.0,95680,M,4900770.0,240150.0,95
201600044469,16,9,4,1600,1,2,1,1,6.0,95585,M,4899350.0,238260.0,95
201600044470,16,9,7,825,1,2,1,1,6.0,95539,M,4899410.0,235790.0,95
201600044471,16,9,7,1150,1,2,1,1,6.0,95680,M,4900060.0,240950.0,95
201600044472,16,9,7,1750,1,2,1,1,6.0,95585,M,4898060.0,238660.0,95
201600044473,16,9,10,915,1,2,2,1,5.0,95585,M,4899420.0,236970.0,95
201600044474,16,9,10,1444,1,2,2,1,6.0,95268,M,4897180.0,239110.0,95
201600044475,16,9,9,1420,1,2,1,1,4.0,95585,M,4898950.0,237590.0,95
201600044476,16,9,18,125,5,2,1,1,2.0,95585,M,4900310.0,238160.0,95
201600044477,16,9,19,1525,1,2,1,1,6.0,95268,M,4897570.0,239780.0,95
201600044478,16,9,18,2035,5,2,1,1,6.0,95268,M,4897520.0,238910.0,95
201600044479,16,9,24,1900,1,2,1,1,6.0,95680,M,4899910.0,241390.0,95
201600044480,16,9,4,1220,1,2,1,1,6.0,95585,M,4897990.0,237190.0,95
201600044481,16,9,2,1955,1,2,1,1,2.0,95539,M,4900750.0,235160.0,95
201600044482,16,10,5,1630,1,2,1,1,6.0,95585,M,4898110.0,237630.0,95
201600044483,16,10,5,1645,1,2,1,1,6.0,95268,M,4896720.0,239810.0,95
201600044484,16,10,5,2045,5,2,2,1,3.0,95539,M,4899150.0,236030.0,95
201600044485,16,10,10,1310,1,2,1,1,2.0,95268,M,4897040.0,239430.0,95
201600044486,16,10,12,605,5,2,1,1,6.0,95680,M,4900790.0,239810.0,95
201600044487,16,10,17,835,1,2,1,1,1.0,95585,M,4900530.0,237870.0,95
201600044488,16,10,16,1230,1,2,1,1,6.0,95585,M,4897910.0,238150.0,95
201600044489,16,10,13,1630,1,2,1,1,6.0,95680,M,4900790.0,240160.0,95
201600044490,16,10,22,1440,1,2,2,1,3.0,95680,M,4901010.0,238390.0,95
201600044491,16,10,27,1419,1,2,1,1,6.0,95585,M,4897780.0,237030.0,95
201600044492,16,11,3,550,5,2,1,1,6.0,95680,M,4900530.0,240030.0,95
201600044493,16,11,3,1905,5,2,1,1,6.0,95585,M,4898520.0,239590.0,95
201600044494,16,11,5,2250,5,2,3,1,3.0,95585,M,4898420.0,238720.0,95
201600044495,16,11,6,2110,5,2,1,1,6.0,95680,M,4900060.0,239320.0,95
201600044496,16,10,4,1240,1,2,1,1,2.0,95585,M,4898230.0,238880.0,95
201600044497,16,11,10,1840,3,2,1,1,6.0,95585,M,4897960.0,236870.0,95
201600044498,16,11,5,1520,1,2,6,2,7.0,95268,M,4896070.0,240130.0,95
201600044499,16,11,13,45,5,2,6,2,6.0,95680,M,4899960.0,239740.0,95
201600044500,16,11,19,1422,1,2,1,1,3.0,95680,M,4900190.0,240450.0,95
201600044501,16,11,20,1915,5,2,1,2,3.0,95680,M,4900020.0,239470.0,95
201600044502,16,11,21,1735,1,2,1,1,4.0,95680,M,4900130.0,240690.0,95
201600044503,16,11,19,1125,1,2,1,1,5.0,95539,M,4900120.0,235510.0,95
201600044504,16,11,13,2010,5,2,2,1,1.0,95585,M,4897840.0,237130.0,95
201600044505,16,11,29,1410,1,2,1,1,6.0,95585,M,4897450.0,237630.0,95
201600044506,16,11,30,2120,5,2,2,1,3.0,95539,M,4899590.0,235070.0,95
201600044507,16,12,2,2000,3,1,1,1,2.0,95268,M,4896090.0,224147.0,95
201600044508,16,12,6,1155,1,2,1,1,6.0,95585,M,4897590.0,238240.0,95
201600044509,16,12,7,2150,5,2,1,1,7.0,95585,M,4898760.0,238140.0,95
201600044510,16,12,11,1335,1,2,1,1,6.0,95539,M,4899810.0,236830.0,95
201600044511,16,12,13,1720,2,2,1,1,6.0,95585,M,4899410.0,237980.0,95
201600044512,16,12,23,1045,1,2,1,1,6.0,95585,M,4898901.0,237810.0,95
201600044513,16,12,27,1350,1,1,1,1,5.0,20004,M,4193856.0,880414.0,201
201600044514,16,1,6,1140,1,2,9,2,3.0,20004,M,4193326.0,875464.0,201
201600044515,16,12,30,1108,1,2,1,1,3.0,20004,M,4193839.0,875444.0,201
201600044516,16,1,24,430,5,2,1,1,1.0,20004,M,4192728.0,873959.0,201
201600044517,16,2,20,1500,1,2,1,1,4.0,20004,M,0.0,0.0,201
201600044518,16,2,26,115,5,2,2,1,3.0,20004,M,4193402.0,875086.0,201
201600044519,16,2,26,1355,1,2,1,1,1.0,20004,M,0.0,0.0,201
201600044520,16,3,1,550,5,2,3,1,3.0,20004,M,4191911.0,873679.0,201
201600044521,16,3,9,730,1,2,3,1,3.0,20004,M,4191202.0,872265.0,201
201600044522,16,3,29,1318,1,2,1,1,2.0,20004,M,4194290.0,875260.0,201
201600044523,16,4,3,450,5,2,1,1,6.0,20004,M,4193738.0,893738.0,201
201600044524,16,4,3,2205,5,2,2,1,3.0,20004,M,4193225.0,874060.0,201
201600044525,16,4,15,1115,1,2,1,1,5.0,20004,M,4194026.0,874430.0,201
201600044526,16,4,21,1000,1,2,1,1,6.0,20004,M,4192839.0,873878.0,201
201600044527,16,4,29,2220,5,2,1,1,6.0,20004,M,4192655.0,873838.0,201
201600044528,16,5,4,2120,5,2,3,1,3.0,20004,M,4191289.0,872566.0,201
201600044529,16,5,14,300,5,2,9,3,2.0,20004,M,4192089.0,873947.0,201
201600044530,16,5,19,1250,1,2,1,1,1.0,20004,M,4193209.0,873757.0,201
201600044531,16,5,23,1300,1,2,3,6,3.0,20004,M,4192591.0,873440.0,201
201600044532,16,5,24,1100,1,2,1,1,3.0,20004,M,4194033.0,875067.0,201
201600044533,16,6,2,910,1,1,1,1,6.0,20004,M,4193159.0,873987.0,201
201600044534,16,6,5,1630,1,2,3,1,3.0,20004,M,4191820.0,873442.0,201
201600044535,16,6,8,1845,1,1,1,1,3.0,20004,M,4193109.0,880199.0,201
201600044536,16,6,26,240,5,2,6,1,3.0,20004,M,4193412.0,875067.0,201
201600044537,16,6,26,1350,1,2,1,1,5.0,20004,M,4192718.0,873950.0,201
201600044538,16,6,26,410,5,2,1,1,7.0,20004,M,4190934.0,871998.0,201
201600044539,16,6,28,225,5,2,6,1,6.0,20004,M,4192673.0,873886.0,201
201600044540,16,7,8,1430,1,1,1,1,3.0,20004,M,4194473.0,875699.0,201
201600044541,16,7,20,1815,1,2,9,7,6.0,20004,M,,,201
201600044542,16,7,22,1758,1,2,1,1,3.0,20004,M,4194486.0,875728.0,201
201600044543,16,7,26,1011,1,2,1,1,6.0,20004,M,4193717.0,873789.0,201
201600044544,16,7,28,1940,1,2,1,1,6.0,20004,M,4194225.0,874637.0,201
201600044545,16,8,5,1216,1,2,1,1,6.0,20004,M,4191336.0,872768.0,201
201600044546,16,8,25,1950,1,2,1,1,2.0,20004,M,4193046.0,873888.0,201
201600044547,16,8,29,812,1,1,1,1,7.0,20004,M,4192456.0,881018.0,201
201600044548,16,9,7,1225,1,2,1,1,3.0,20004,M,4193803.0,874016.0,201
201600044549,16,10,18,250,5,2,1,1,6.0,20004,M,4192484.0,873793.0,201
201600044550,16,10,25,1809,2,2,1,8,6.0,20004,M,4195223.0,877952.0,201
201600044551,16,11,11,108,5,2,1,1,6.0,20004,M,4191670.0,873206.0,201
201600044552,16,11,16,935,1,2,1,1,4.0,20004,M,4194665.0,876136.0,201
201600044553,16,11,19,2145,5,2,3,1,3.0,20004,M,4192886.0,873871.0,201
201600044554,16,11,22,755,1,2,3,1,3.0,20004,M,4193538.0,873629.0,201
201600044555,16,11,23,450,5,2,1,1,3.0,20004,M,4195043.0,877208.0,201
201600044556,16,9,19,2217,5,2,6,1,6.0,20004,M,4194227.0,874991.0,201
201600044557,16,12,2,435,5,1,1,1,6.0,20004,M,4193110.0,880219.0,201
201600044558,16,12,2,1705,5,2,1,1,3.0,20004,M,4191776.0,873166.0,201
201600044559,16,12,3,1045,1,2,1,1,2.0,20004,M,4195044.0,877211.0,201
201600044560,16,12,3,2135,5,2,2,1,3.0,20004,M,4192889.0,873747.0,201
201600044561,16,12,5,840,1,2,1,1,6.0,20004,M,4192072.0,873866.0,201
201600044562,16,12,9,220,5,2,2,1,3.0,20004,M,4191389.0,872874.0,201
201600044563,16,12,9,1825,5,2,1,1,5.0,20004,M,4194985.0,877611.0,201