Num_Acc,an,mois,jour,hrmn,lum,agg,int,atm,col,com,gps,lat,long,dep
201600044564,16,12,11,215,5,1,1,2,7.0,20004,M,,,201
201600044565,16,12,11,910,1,2,2,2,3.0,20004,M,4192607.0,873708.0,201
201600044566,16,12,27,925,1,2,1,1,3.0,20004,M,4194498.0,875882.0,201
201600044567,16,12,14,1540,1,2,1,1,2.0,20004,M,4194350.0,875396.0,201
201600044568,16,12,16,1050,1,2,1,1,6.0,20004,M,4193093.0,873959.0,201
201600044569,16,12,18,2130,5,2,1,1,3.0,20004,M,4193285.0,873739.0,201
201600044570,16,12,21,1415,1,2,1,1,2.0,20004,M,4193296.0,873780.0,201
201600044571,16,12,22,255,5,2,1,1,6.0,20004,M,4194232.0,873516.0,201
201600044572,16,12,17,635,5,2,1,1,3.0,20004,M,4191525.0,873036.0,201
201600044573,16,1,2,45,3,1,1,2,6.0,77294,M,,,77
201600044574,16,1,3,1300,1,1,1,2,6.0,77294,M,,,77
201600044575,16,1,3,2020,5,1,1,1,6.0,94073,M,4876760.0,237870.0,94
201600044576,16,1,4,700,5,1,1,8,2.0,94028,M,4877620.0,242958.0,94
201600044577,16,1,4,1820,3,1,1,1,2.0,94069,M,4881720.0,242643.0,94
201600044578,16,1,6,1800,2,1,1,3,7.0,77495,M,,,77
201600044579,16,1,7,940,1,1,1,3,2.0,77294,M,,,77
201600044580,16,1,7,1000,1,1,1,2,3.0,94017,M,4882970.0,249792.0,94
201600044581,16,1,7,1330,1,1,1,1,6.0,77337,M,,,77
201600044582,16,1,7,1850,1,1,1,1,5.0,77373,M,,,77
201600044583,16,1,8,555,3,1,1,1,3.0,77294,M,,,77
201600044584,16,1,8,900,1,1,1,1,2.0,94017,M,4882860.0,247721.0,94
201600044585,16,1,9,1330,1,1,1,1,4.0,94033,M,4885510.0,248848.0,94
201600044586,16,1,9,1730,3,1,1,1,4.0,94033,M,4885000.0,249029.0,94
201600044587,16,1,10,1519,1,1,1,2,4.0,77258,M,,,77
201600044588,16,1,11,750,3,1,1,2,2.0,94028,M,4877630.0,243091.0,94
201600044589,16,1,11,900,1,1,1,2,4.0,77121,M,,,77
201600044590,16,1,12,1900,3,1,1,1,7.0,94069,M,4881690.0,245286.0,94
201600044591,16,1,10,1550,1,1,1,1,3.0,94069,M,4881740.0,242930.0,94
201600044592,16,1,13,2000,3,1,1,1,3.0,94017,M,4882710.0,252418.0,94
201600044593,16,1,14,915,1,1,1,1,4.0,77438,M,,,77
201600044594,16,1,14,945,1,1,1,2,2.0,94073,M,4875860.0,238373.0,94
201600044595,16,1,15,545,3,1,1,1,2.0,94018,M,4882290.0,239617.0,94
201600044596,16,1,15,1450,1,1,1,1,4.0,94028,M,4878790.0,244032.0,94
201600044597,16,1,15,1840,3,1,1,1,2.0,94018,M,4882480.0,239301.0,94
201600044598,16,1,16,850,1,1,1,1,2.0,94017,M,4883020.0,249515.0,94
201600044599,16,1,17,1820,5,1,1,1,2.0,94017,M,4882700.0,251136.0,94
201600044600,16,1,18,815,1,1,1,1,5.0,75112,M,,,75
201600044601,16,1,18,2020,1,1,1,1,7.0,77450,M,,,77
201600044602,16,1,20,2315,5,1,1,1,6.0,94017,M,4882650.0,251660.0,94
201600044603,16,1,24,500,3,1,1,1,5.0,94079,M,4883580.0,253972.0,94
201600044604,16,1,26,750,3,1,1,1,4.0,93051,M,4883577.0,256276.0,93
201600044605,16,1,26,1006,1,1,1,1,2.0,77169,M,,,77
201600044606,16,1,26,1400,1,1,1,1,2.0,94058,M,4883690.0,249399.0,94
201600044607,16,1,27,1510,1,1,1,1,2.0,77169,M,,,77
201600044608,16,1,28,1635,1,1,1,1,3.0,94028,M,4878030.0,244149.0,94
201600044609,16,1,29,1530,1,1,1,1,3.0,94069,M,4881650.0,245348.0,94
201600044610,16,1,30,630,5,1,1,1,5.0,94017,M,4882650.0,251831.0,94
201600044611,16,1,31,510,2,1,1,1,6.0,94073,M,4875600.0,238338.0,94
201600044612,16,1,31,1010,1,1,1,2,6.0,77373,M,,,77
201600044613,16,1,31,1150,1,1,1,2,6.0,77053,M,,,77
201600044614,16,1,31,1800,3,1,1,1,6.0,77294,M,,,77
201600044615,16,2,1,610,3,1,1,1,7.0,77337,M,,,77
201600044616,16,2,1,810,2,1,1,1,3.0,94028,M,4877720.0,243955.0,94
201600044617,16,2,1,1925,5,1,1,1,3.0,94065,M,4875390.0,235365.0,94
201600044618,16,2,2,1800,5,1,1,2,2.0,77058,M,,,77
201600044619,16,2,2,1910,3,1,1,2,3.0,94028,M,4879480.0,244243.0,94
201600044620,16,2,3,505,3,1,1,1,6.0,94018,M,4881730.0,241706.0,94
201600044621,16,2,4,830,1,1,1,2,3.0,94079,M,4883580.0,253972.0,94
201600044622,16,2,5,1130,1,1,1,2,5.0,94028,M,4878880.0,244048.0,94
201600044623,16,2,7,800,1,1,1,1,6.0,94046,M,4881250.0,244880.0,94
201600044624,16,2,8,1240,1,1,1,1,3.0,77141,M,,,77
201600044625,16,2,8,1300,1,1,1,1,3.0,77146,M,,,77
201600044626,16,2,8,1535,1,1,1,1,4.0,75112,M,,,75
201600044627,16,2,8,1610,1,1,1,8,2.0,94069,M,4881680.0,244600.0,94
201600044628,16,2,8,1930,5,1,1,1,7.0,94069,M,4881650.0,245015.0,94
201600044629,16,2,9,1445,1,1,1,1,7.0,94081,M,4877380.0,240211.0,94
201600044630,16,2,9,1505,1,1,1,6,3.0,77122,M,,,77
201600044631,16,2,10,330,3,1,1,1,3.0,94081,M,4877420.0,240643.0,94
201600044632,16,2,10,745,2,1,1,1,7.0,94069,M,4881740.0,242363.0,94
201600044633,16,2,10,1110,1,1,1,1,4.0,94022,M,4877570.0,241353.0,94
201600044634,16,2,12,1645,1,1,1,2,6.0,94017,M,4882720.0,252431.0,94
201600044635,16,2,13,350,5,1,1,1,2.0,94069,M,4881750.0,242088.0,94
201600044636,16,2,13,2300,5,1,1,2,7.0,94073,M,4876910.0,237944.0,94
201600044637,16,2,14,57,3,1,1,2,2.0,75112,M,,,75
201600044638,16,2,14,105,5,1,1,2,2.0,94073,M,4876810.0,237869.0,94
201600044639,16,2,14,620,3,1,1,1,6.0,77294,M,,,77
201600044640,16,2,14,1023,1,1,1,1,6.0,77373,M,,,77
201600044641,16,2,15,2045,5,1,1,1,3.0,94028,M,4880170.0,244739.0,94
201600044642,16,2,16,825,1,1,9,1,6.0,77141,M,,,77
201600044643,16,2,16,830,1,1,1,1,4.0,77517,M,,,77
201600044644,16,2,16,1320,1,1,1,1,5.0,94028,M,4880020.0,244624.0,94
201600044645,16,2,16,2015,5,1,1,1,5.0,94018,M,4882280.0,239595.0,94
201600044646,16,2,16,2140,3,1,1,1,3.0,93051,M,4883555.0,256527.0,93
201600044647,16,2,17,1245,1,1,1,1,4.0,77251,M,,,77
201600044648,16,2,19,730,2,1,1,1,2.0,94017,M,4882650.0,251832.0,94
201600044649,16,2,19,855,1,1,1,1,2.0,94018,M,4881770.0,241525.0,94
201600044650,16,2,19,940,1,1,1,1,2.0,94018,M,4881750.0,241528.0,94
201600044651,16,2,20,1310,1,1,1,8,7.0,77373,M,,,77
201600044652,16,2,20,1815,1,1,1,1,4.0,94052,M,4883910.0,249333.0,94
201600044653,16,2,22,57,3,1,1,1,2.0,94074,M,4876240.0,246676.0,94
201600044654,16,2,22,2114,3,1,1,2,2.0,77294,M,,,77
201600044655,16,2,23,45,5,1,1,2,6.0,94017,M,4883070.0,248960.0,94
201600044656,16,2,23,540,3,1,1,2,6.0,77337,M,,,77
201600044657,16,2,18,1300,1,1,1,1,2.0,94028,M,4877600.0,242871.0,94
201600044658,16,2,26,1330,1,1,1,1,2.0,77373,M,,,77
201600044659,16,2,27,1515,1,1,1,1,4.0,94052,M,4884170.0,249270.0,94
201600044660,16,2,28,125,5,1,1,1,3.0,94018,M,4882040.0,240181.0,94
201600044661,16,2,28,1945,1,1,1,1,2.0,94069,M,4881750.0,244339.0,94
201600044662,16,3,1,915,1,1,1,1,5.0,94017,M,4882760.0,250725.0,94
201600044663,16,3,1,1635,1,1,1,1,4.0,94042,M,4882840.0,247563.0,94
201600044664,16,3,2,730,1,1,1,2,6.0,94018,M,4881740.0,241634.0,94
201600044665,16,3,2,840,1,1,1,1,2.0,94052,M,4884180.0,249269.0,94
201600044666,16,3,2,930,1,1,1,2,1.0,77337,M,,,77
201600044667,16,3,2,2125,3,1,1,1,7.0,77122,M,,,77
201600044668,16,3,3,1600,1,1,1,1,6.0,77018,M,,,77
201600044669,16,3,4,1100,1,1,1,1,5.0,94042,M,4882640.0,246622.0,94
201600044670,16,3,5,1113,1,1,1,4,6.0,94069,M,4881690.0,245069.0,94
201600044671,16,3,5,1240,1,1,1,3,7.0,77373,M,,,77
201600044672,16,3,5,2340,5,1,1,1,5.0,94033,M,4885620.0,248807.0,94
201600044673,16,3,7,120,3,1,1,2,6.0,77169,M,4882340.0,261512.0,77
201600044674,16,3,8,845,1,1,1,1,2.0,77258,M,,,77
201600044675,16,3,9,955,1,1,1,3,3.0,94052,M,4883890.0,249376.0,94
201600044676,16,3,9,1700,1,1,1,2,5.0,77363,M,,,77
201600044677,16,3,10,505,5,1,1,1,6.0,75112,M,,,75
201600044678,16,3,10,550,2,1,1,1,5.0,94028,M,4879400.0,244200.0,94
201600044679,16,3,10,2115,5,1,1,1,5.0,94017,M,4882820.0,250293.0,94
201600044680,16,3,11,1415,1,1,1,1,2.0,94017,M,4882790.0,250451.0,94
201600044681,16,3,11,1725,1,1,1,1,4.0,94052,M,4882660.0,246632.0,94
201600044682,16,3,12,1730,1,1,1,1,7.0,94033,M,4885120.0,248963.0,94
201600044683,16,3,12,2030,3,1,1,1,5.0,94073,M,4876980.0,238044.0,94
201600044684,16,3,13,630,2,1,1,1,7.0,77146,M,,,77
201600044685,16,3,13,1300,1,1,1,1,2.0,94052,M,4884610.0,249173.0,94
201600044686,16,3,13,1930,5,1,1,1,4.0,75112,M,,,75
201600044687,16,3,14,640,1,1,1,1,4.0,94042,M,4882850.0,247566.0,94
201600044688,16,3,15,1000,1,1,1,1,2.0,77517,M,,,77
201600044689,16,3,16,940,1,1,1,1,4.0,77294,M,,,77
201600044690,16,3,16,1230,1,1,1,1,2.0,77169,M,,,77
201600044691,16,3,17,1745,1,1,1,1,2.0,77181,M,,,77
201600044692,16,3,18,1900,1,1,1,1,3.0,94028,M,4879230.0,244128.0,94
201600044693,16,3,19,620,3,1,1,1,2.0,94018,M,4882180.0,239837.0,94
201600044694,16,3,22,1140,1,1,1,1,3.0,77468,M,,,77
201600044695,16,3,23,705,1,1,1,1,3.0,94073,M,4877080.0,238691.0,94
201600044696,16,3,23,845,1,1,1,1,2.0,94073,M,4875380.0,236951.0,94
201600044697,16,3,24,515,3,1,1,1,2.0,77258,M,,,77
201600044698,16,3,24,830,1,1,1,1,2.0,94073,M,4875380.0,236957.0,94
201600044699,16,3,24,1740,1,1,1,1,4.0,93051,M,4883579.0,256005.0,93
201600044700,16,3,24,1740,1,1,1,1,5.0,94018,M,4881750.0,241808.0,94
201600044701,16,3,25,945,1,1,1,2,5.0,77337,M,,,77
201600044702,16,3,25,1200,1,1,1,1,5.0,77258,M,,,77
201600044703,16,3,25,1540,1,1,1,1,7.0,77495,M,4859060.0,263427.0,77
201600044704,16,3,25,1800,1,1,1,1,4.0,77438,M,,,77
201600044705,16,3,25,2115,3,1,1,1,6.0,94044,M,4875740.0,247612.0,94
201600044706,16,3,27,310,3,1,1,2,6.0,77337,M,,,77
201600044707,16,3,27,620,5,1,1,2,2.0,94046,M,4879870.0,244526.0,94
201600044708,16,3,27,920,1,1,1,8,6.0,77438,M,,,77
201600044709,16,3,27,1750,1,1,1,1,2.0,93051,M,4883435.0,258553.0,93
201600044710,16,3,27,1930,5,1,1,1,2.0,94033,M,4885230.0,248951.0,94
201600044711,16,3,29,2020,1,1,1,1,6.0,77373,M,,,77
201600044712,16,3,30,820,1,1,1,2,3.0,94073,M,4877140.0,239220.0,94
201600044713,16,3,31,330,4,1,1,2,2.0,94081,M,4877380.0,240216.0,94
201600044714,16,3,31,740,2,1,1,3,1.0,77258,M,,,77
201600044715,16,3,31,850,1,1,1,3,3.0,94073,M,4877020.0,238280.0,94
201600044716,16,3,31,1015,1,1,1,3,5.0,94028,M,4878020.0,244283.0,94
201600044717,16,3,31,1330,1,1,1,3,4.0,94018,M,4882490.0,239322.0,94
201600044718,16,3,31,1820,1,1,1,2,6.0,94073,M,4876080.0,238256.0,94
201600044719,16,4,1,955,1,1,1,1,4.0,77372,M,,,77
201600044720,16,4,1,1247,1,1,1,1,2.0,94018,M,4882420.0,239415.0,94
201600044721,16,4,2,1300,1,1,1,1,3.0,94017,M,4882670.0,252249.0,94
201600044722,16,4,2,2050,3,1,1,1,1.0,77337,M,,,77
201600044723,16,4,3,550,3,1,1,2,5.0,75112,M,,,75
201600044724,16,4,3,1515,1,1,1,1,4.0,94073,M,4877070.0,238693.0,94
201600044725,16,4,4,905,1,1,1,1,5.0,77373,M,,,77
201600044726,16,4,3,620,3,1,1,8,7.0,77337,M,,,77
201600044727,16,4,4,1800,1,1,1,1,3.0,94046,M,4879910.0,244561.0,94
201600044728,16,4,5,1915,1,1,1,1,5.0,77258,M,,,77
201600044729,16,4,6,1045,1,1,1,1,4.0,77517,M,,,77
201600044730,16,4,8,710,1,1,1,1,5.0,94017,M,4882650.0,251831.0,94
201600044731,16,4,8,1130,1,1,1,1,2.0,94033,M,4885170.0,249045.0,94
201600044732,16,4,9,250,3,1,1,1,1.0,77373,M,,,77
201600044733,16,4,9,400,3,1,1,1,5.0,94018,M,4882180.0,239836.0,94
201600044734,16,4,10,1400,1,1,1,1,3.0,94046,M,4879880.0,244535.0,94
201600044735,16,4,11,1835,1,1,1,2,2.0,94022,M,4877640.0,242160.0,94
201600044736,16,4,11,2010,1,1,1,1,3.0,94033,M,4886060.0,248474.0,94
201600044737,16,4,12,700,2,1,1,1,6.0,94046,M,4880570.0,244863.0,94
201600044738,16,4,12,1430,1,1,1,1,4.0,94052,M,4884130.0,249310.0,94
201600044739,16,4,13,900,1,1,1,1,2.0,94017,M,4882950.0,248263.0,94
201600044740,16,4,14,1020,1,1,1,1,2.0,94069,M,4881760.0,242084.0,94
201600044741,16,4,14,1240,1,1,1,1,1.0,77294,M,,,77
201600044742,16,4,14,1545,1,1,1,1,7.0,94042,M,4882840.0,247585.0,94
201600044743,16,4,14,1922,1,1,1,2,7.0,94073,M,4875360.0,237921.0,94
201600044744,16,4,15,630,2,1,1,1,3.0,75112,M,,,75
201600044745,16,4,17,1930,1,1,1,1,5.0,77258,M,,,77
201600044746,16,4,17,2125,5,1,1,1,4.0,94028,M,4880110.0,244733.0,94
201600044747,16,4,17,2000,2,1,1,1,2.0,77169,M,,,77
201600044748,16,4,18,1250,1,1,1,1,3.0,77372,M,,,77
201600044749,16,4,18,1417,1,1,1,1,6.0,94044,M,4875880.0,247014.0,94
201600044750,16,4,18,1540,1,1,1,1,1.0,77121,M,,,77
201600044751,16,4,18,1700,1,1,1,1,2.0,77121,M,4883330.0,266572.0,77
201600044752,16,4,19,740,1,1,1,1,3.0,94018,M,4881850.0,240985.0,94
201600044753,16,4,19,855,1,1,1,1,1.0,77373,M,,,77
201600044754,16,4,19,1720,1,1,1,1,4.0,77373,M,,,77
201600044755,16,4,20,1945,1,1,1,1,4.0,94052,M,4883830.0,249369.0,94
201600044756,16,4,21,700,1,1,1,1,2.0,94074,M,4876480.0,246107.0,94
201600044757,16,4,21,1350,1,1,1,1,1.0,77449,M,,,77
201600044758,16,4,21,1435,1,1,1,1,2.0,94073,M,4875350.0,237392.0,94
201600044759,16,4,21,1435,1,1,1,1,2.0,77384,M,,,77
201600044760,16,4,22,1140,1,1,1,1,4.0,93051,M,4883602.0,255870.0,93
201600044761,16,4,23,210,5,1,1,2,5.0,75112,M,,,75
201600044762,16,4,23,2315,5,1,1,1,6.0,94018,M,4882120.0,239933.0,94
201600044763,16,4,24,330,3,1,1,1,6.0,77258,M,,,77
201600044764,16,4,25,1810,1,1,1,1,4.0,94011,M,4875910.0,248367.0,94
201600044765,16,4,28,1320,1,1,1,1,2.0,94033,M,4885460.0,248948.0,94
201600044766,16,4,28,1830,1,1,1,1,2.0,94022,M,4877660.0,241749.0,94
201600044767,16,4,29,1810,1,1,1,1,2.0,94081,M,4877360.0,240434.0,94
201600044768,16,4,30,2120,4,1,1,1,3.0,94046,M,4880540.0,244854.0,94
201600044769,16,5,1,310,3,1,1,1,2.0,93051,M,4883558.0,256727.0,93
201600044770,16,5,2,930,1,1,1,1,2.0,77294,M,,,77
201600044771,16,5,2,1315,1,1,1,1,3.0,77438,M,,,77
201600044772,16,5,2,1500,1,1,1,1,2.0,77169,M,,,77
201600044773,16,5,3,815,1,1,1,1,6.0,77294,M,,,77
201600044774,16,5,3,1020,1,1,1,1,3.0,94017,M,4882650.0,252127.0,94
201600044775,16,5,3,1930,1,1,1,1,4.0,94018,M,4881940.0,240573.0,94
201600044776,16,5,4,1400,1,1,1,1,2.0,94081,M,4877340.0,240275.0,94
201600044777,16,5,6,820,1,1,1,1,3.0,94018,M,4882630.0,239167.0,94
201600044778,16,5,6,1030,1,1,1,1,2.0,77294,M,,,77
201600044779,16,5,6,1945,1,1,1,1,2.0,77146,M,,,77
201600044780,16,5,7,320,3,1,1,1,6.0,94033,M,4885710.0,248770.0,94
201600044781,16,5,7,1845,1,1,1,1,5.0,77169,M,,,77
201600044782,16,5,8,1550,1,1,1,1,2.0,94015,M,4883130.0,253079.0,94
201600044783,16,5,8,1730,1,1,1,1,6.0,75112,M,,,75
201600044784,16,5,10,930,1,1,1,1,2.0,94011,M,4875990.0,248593.0,94
201600044785,16,5,10,1515,1,1,1,3,3.0,94033,M,4885460.0,248948.0,94
201600044786,16,5,10,1945,2,1,1,2,4.0,94052,M,4884270.0,249262.0,94
201600044787,16,5,10,2230,5,1,1,3,6.0,94073,M,4876910.0,237944.0,94
201600044788,16,5,10,2330,4,1,1,1,7.0,77294,M,,,77
201600044789,16,5,11,1615,1,1,1,2,4.0,77169,M,,,77
201600044790,16,5,12,1315,1,1,1,1,5.0,77122,M,,,77
201600044791,16,5,12,1640,1,1,1,3,2.0,94065,M,4875380.0,235499.0,94
201600044792,16,5,13,1255,1,1,1,1,2.0,94017,M,4882700.0,252380.0,94
201600044793,16,5,13,1647,1,1,1,1,4.0,93051,M,4883468.0,258146.0,93
201600044794,16,5,13,1645,1,1,1,2,4.0,77122,M,,,77
201600044795,16,5,13,1730,1,1,1,1,2.0,77121,M,,,77
201600044796,16,5,13,1810,1,1,1,2,7.0,94069,M,4881740.0,243905.0,94
201600044797,16,5,13,2000,1,1,1,1,3.0,77258,M,,,77
201600044798,16,5,13,2145,3,1,1,1,6.0,77169,M,,,77
201600044799,16,5,14,1100,1,1,1,1,2.0,77514,M,,,77
201600044800,16,5,14,1215,1,1,1,1,5.0,77294,M,,,77
201600044801,16,5,15,1620,1,1,1,1,3.0,94033,M,4885790.0,248725.0,94
201600044802,16,5,17,915,1,1,1,1,3.0,94033,M,4884890.0,249072.0,94
201600044803,16,5,17,943,1,1,1,1,3.0,94073,M,4875370.0,237235.0,94
201600044804,16,5,17,935,1,1,1,1,3.0,94028,M,4879140.0,244102.0,94
201600044805,16,5,18,1615,1,1,1,3,2.0,94018,M,4881780.0,241227.0,94
201600044806,16,5,19,910,1,1,1,2,3.0,94011,M,4875920.0,248340.0,94
201600044807,16,5,19,910,1,1,1,2,3.0,94011,M,4875880.0,248214.0,94
201600044808,16,5,19,1040,1,1,1,2,5.0,94018,M,4881790.0,241252.0,94
201600044809,16,5,20,1140,1,1,1,1,4.0,77372,M,,,77
201600044810,16,5,20,1815,1,1,1,1,7.0,94069,M,4881730.0,242929.0,94
201600044811,16,5,21,245,4,1,1,1,1.0,77337,M,,,77
201600044812,16,5,21,1815,1,1,1,1,2.0,94018,M,4881770.0,241804.0,94
201600044813,16,5,21,1815,1,1,1,1,7.0,77249,M,,,77
201600044814,16,5,22,40,4,1,1,1,2.0,94079,M,4883580.0,253972.0,94
201600044815,16,5,22,340,3,1,1,3,6.0,77438,M,,,77
201600044816,16,5,22,755,1,1,1,2,6.0,94046,M,4881250.0,244880.0,94
201600044817,16,5,22,1800,1,1,1,2,2.0,94002,M,4877640.0,242026.0,94
201600044818,16,5,22,2010,1,1,1,2,6.0,94073,M,4875600.0,238338.0,94
201600044819,16,5,23,1050,1,1,1,2,4.0,94073,M,4877140.0,239220.0,94
201600044820,16,5,25,1530,1,1,1,1,6.0,75112,M,,,75
201600044821,16,5,26,1730,1,1,1,1,4.0,94022,M,4877660.0,241749.0,94
201600044822,16,5,26,2145,3,1,1,1,1.0,77249,M,,,77
201600044823,16,5,27,730,1,1,1,1,3.0,93051,M,4883655.0,254920.0,93
201600044824,16,5,27,1330,1,1,1,1,2.0,94073,M,4877220.0,239613.0,94
201600044825,16,5,27,1915,1,1,1,1,3.0,94018,M,4881750.0,241528.0,94
201600044826,16,5,28,2055,2,1,1,1,6.0,77294,M,,,77
201600044827,16,5,29,1840,1,1,1,1,1.0,77438,M,,,77
201600044828,16,5,30,410,3,1,1,2,2.0,77514,M,,,77
201600044829,16,5,30,830,1,1,1,3,7.0,77258,M,,,77
201600044830,16,5,30,1355,1,1,1,3,2.0,94028,M,4880120.0,244738.0,94
201600044831,16,5,30,1550,1,1,1,2,5.0,94028,M,4878880.0,244048.0,94
201600044832,16,5,30,1550,1,1,1,1,6.0,94018,M,4881760.0,241392.0,94
201600044833,16,5,31,5,3,1,1,3,6.0,94079,M,4882720.0,252511.0,94
201600044834,16,5,31,815,1,1,1,1,1.0,77122,M,,,77
201600044835,16,5,31,1400,1,1,1,2,3.0,94081,M,4877430.0,240985.0,94
201600044836,16,5,31,2230,5,1,1,3,7.0,94069,M,4881710.0,244323.0,94
201600044837,16,6,1,1810,1,1,1,1,3.0,77296,M,,,77
201600044838,16,6,2,725,1,1,1,1,3.0,94017,M,4883050.0,249110.0,94
201600044839,16,6,2,835,1,1,1,2,4.0,77258,M,,,77
201600044840,16,6,2,935,1,1,1,1,2.0,94073,M,4875660.0,238355.0,94
201600044841,16,6,3,1945,1,1,1,3,2.0,94017,M,4882790.0,250451.0,94
201600044842,16,6,4,1145,1,1,1,2,7.0,77337,M,,,77
201600044843,16,6,5,610,5,1,1,2,2.0,94052,M,4883450.0,249344.0,94
201600044844,16,6,7,1640,1,1,1,1,2.0,94042,M,4882810.0,247313.0,94
201600044845,16,6,8,810,1,1,1,1,6.0,77438,M,,,77
201600044846,16,6,8,1430,1,1,1,1,4.0,94073,M,4876900.0,237920.0,94
201600044847,16,6,9,2340,5,1,1,1,2.0,94018,M,4881780.0,241227.0,94
201600044848,16,6,9,640,1,1,1,1,3.0,94081,M,4877410.0,240501.0,94
201600044849,16,6,9,820,1,1,1,1,5.0,94028,M,4877070.0,244812.0,94
201600044850,16,6,9,1020,1,1,1,1,2.0,77083,M,,,77
201600044851,16,6,10,1730,1,1,1,1,2.0,94033,M,4885450.0,248872.0,94
201600044852,16,6,11,30,3,1,1,1,7.0,77169,M,,,77
201600044853,16,6,11,1130,1,1,1,1,2.0,93051,M,,,93
201600044854,16,6,12,2251,5,1,1,2,3.0,94073,M,4876820.0,237873.0,94
201600044855,16,6,13,1830,1,1,1,1,3.0,77363,M,,,77
201600044856,16,6,14,1350,1,1,1,1,7.0,94018,M,4882180.0,239837.0,94
201600044857,16,6,15,500,2,1,1,2,6.0,75112,M,,,75
201600044858,16,6,15,840,1,1,1,2,2.0,77514,M,,,77
201600044859,16,6,15,1400,1,1,1,1,4.0,94017,M,4882970.0,249792.0,94
201600044860,16,6,16,740,1,1,1,1,2.0,94018,M,4882120.0,239933.0,94
201600044861,16,6,16,815,1,1,1,1,7.0,77514,M,,,77
201600044862,16,6,16,1815,1,1,1,2,7.0,93051,M,4883550.0,256928.0,93
201600044863,16,6,17,645,3,1,1,1,2.0,75112,M,,,75
201600044864,16,6,17,745,1,1,1,1,2.0,93051,M,4883634.0,255328.0,93
201600044865,16,6,17,2000,1,1,1,1,6.0,94018,M,4881740.0,241631.0,94
201600044866,16,6,17,1950,1,1,1,1,3.0,94033,M,4885170.0,249044.0,94
201600044867,16,6,19,100,3,1,1,1,6.0,77169,M,,,77
201600044868,16,6,19,415,3,1,1,2,2.0,77363,M,,,77
201600044869,16,6,20,10,3,1,1,1,7.0,77373,M,,,77
201600044870,16,6,20,130,3,1,1,1,2.0,77237,M,,,77
201600044871,16,6,20,815,1,1,1,1,1.0,77450,M,,,77
201600044872,16,6,20,2200,2,1,1,8,6.0,94022,M,4877620.0,241491.0,94
201600044873,16,6,22,1445,1,1,1,1,5.0,75112,M,,,75
201600044874,16,6,24,15,3,1,1,1,2.0,94017,M,4882730.0,250686.0,94
201600044875,16,6,24,900,1,1,1,1,2.0,77517,M,,,77
201600044876,16,6,24,2030,1,1,1,1,3.0,94073,M,4877150.0,239216.0,94
201600044877,16,6,25,845,1,1,1,1,6.0,77363,M,,,77
201600044878,16,6,25,1515,1,1,1,1,4.0,77294,M,,,77
201600044879,16,6,26,150,3,1,1,1,7.0,77372,M,,,77
201600044880,16,6,26,1945,2,1,1,1,5.0,94033,M,4885930.0,248649.0,94
201600044881,16,6,27,110,5,1,1,1,3.0,75112,M,,,75
201600044882,16,6,27,840,1,1,1,2,4.0,93051,M,4883584.0,256274.0,93
201600044883,16,6,27,820,1,1,1,2,6.0,94022,M,4877660.0,241750.0,94
201600044884,16,6,27,900,1,1,1,2,2.0,94028,M,4878620.0,244034.0,94
201600044885,16,6,28,920,1,1,1,1,2.0,94046,M,4880430.0,244867.0,94
201600044886,16,6,28,945,1,1,1,1,2.0,94017,M,4882970.0,249791.0,94
201600044887,16,6,28,2000,1,1,1,1,7.0,94073,M,4875770.0,238398.0,94
201600044888,16,6,30,1000,1,1,1,1,2.0,94073,M,4875360.0,237921.0,94
201600044889,16,6,30,1445,1,1,1,2,3.0,94065,M,4875400.0,235145.0,94
201600044890,16,7,1,1615,1,1,1,1,1.0,77294,M,,,77
201600044891,16,7,2,1840,1,1,1,1,2.0,77249,M,,,77
201600044892,16,7,4,1345,1,1,1,1,6.0,77450,M,,,77
201600044893,16,7,4,1915,1,1,1,1,1.0,77122,M,,,77
201600044894,16,7,5,750,1,1,1,1,3.0,94018,M,4882130.0,239954.0,94
201600044895,16,7,5,1650,1,1,1,1,4.0,94018,M,4882490.0,239322.0,94
201600044896,16,7,6,1820,1,1,1,1,4.0,94028,M,4877610.0,243095.0,94
201600044897,16,7,6,1930,1,1,1,1,6.0,77175,M,,,77
201600044898,16,7,7,730,1,1,1,1,3.0,94028,M,4877620.0,242945.0,94
201600044899,16,7,7,800,1,1,1,1,7.0,77169,M,,,77
201600044900,16,7,7,900,1,1,1,1,4.0,94073,M,4875770.0,238398.0,94
201600044901,16,7,7,1430,1,1,1,1,3.0,94028,M,4878530.0,244044.0,94
201600044902,16,7,7,1720,1,1,1,1,3.0,94069,M,4881740.0,242782.0,94
201600044903,16,7,8,1640,1,1,1,1,2.0,94022,M,4877620.0,242427.0,94
201600044904,16,7,8,1720,1,1,1,1,4.0,77121,M,,,77
201600044905,16,7,9,315,3,1,1,1,2.0,94028,M,4877050.0,244829.0,94
201600044906,16,7,9,640,2,1,1,1,3.0,94028,M,4878880.0,244048.0,94
201600044907,16,7,10,2015,1,1,1,1,2.0,77294,M,,,77
201600044908,16,7,11,1000,1,1,1,1,1.0,77373,M,,,77
201600044909,16,7,11,1045,1,1,1,1,6.0,94044,M,4876200.0,246750.0,94
201600044910,16,7,11,1330,1,1,1,1,3.0,94046,M,4880430.0,244868.0,94