Num_Acc,an,mois,jour,hrmn,lum,agg,int,atm,col,com,gps,lat,long,dep
201600044911,16,7,12,1605,1,1,1,1,2.0,94069,M,4881740.0,243207.0,94
201600044912,16,7,13,250,5,1,1,1,6.0,94042,M,4882860.0,247648.0,94
201600044913,16,7,13,1000,1,1,1,1,2.0,94018,M,4881850.0,240986.0,94
201600044914,16,7,13,1830,1,1,1,1,3.0,94069,M,4881720.0,244334.0,94
201600044915,16,7,15,720,1,1,1,1,4.0,77146,M,,,77
201600044916,16,7,15,2300,3,1,1,1,6.0,77121,M,,,77
201600044917,16,7,16,2245,5,1,1,1,2.0,94069,M,4881660.0,244877.0,94
201600044918,16,7,18,1840,1,1,1,1,3.0,94046,M,4880810.0,244896.0,94
201600044919,16,7,19,850,1,1,1,1,2.0,77058,M,,,77
201600044920,16,7,19,840,1,1,1,1,2.0,94017,M,4882700.0,251136.0,94
201600044921,16,7,20,2330,5,1,1,1,4.0,94042,M,4882760.0,247043.0,94
201600044922,16,7,21,430,5,1,1,1,3.0,94033,M,4885990.0,248580.0,94
201600044923,16,7,21,745,1,1,1,1,6.0,93051,M,4883489.0,258002.0,93
201600044924,16,7,21,845,1,1,1,1,3.0,77294,M,,,77
201600044925,16,7,21,1215,1,1,1,1,3.0,77363,M,,,77
201600044926,16,7,22,35,5,1,1,1,2.0,94069,M,4881760.0,242140.0,94
201600044927,16,7,24,530,3,1,1,1,4.0,77146,M,,,77
201600044928,16,7,24,630,2,1,1,1,6.0,77373,M,,,77
201600044929,16,7,25,915,1,1,1,1,4.0,77294,M,,,77
201600044930,16,7,25,1240,1,1,1,1,1.0,77169,M,,,77
201600044931,16,7,25,1440,1,1,1,1,5.0,94073,M,4877020.0,238300.0,94
201600044932,16,7,26,700,1,1,1,1,2.0,94015,M,4883190.0,253179.0,94
201600044933,16,7,27,755,1,1,1,1,2.0,94015,M,4883190.0,253180.0,94
201600044934,16,7,27,948,1,1,1,1,5.0,94073,M,4875360.0,237258.0,94
201600044935,16,7,28,857,1,1,1,1,2.0,77373,M,,,77
201600044936,16,7,28,1000,1,1,1,1,3.0,94022,M,4877670.0,241754.0,94
201600044937,16,7,28,1745,1,1,1,1,5.0,94073,M,4875340.0,237792.0,94
201600044938,16,7,29,1300,1,1,1,1,5.0,94011,M,4876330.0,249562.0,94
201600044939,16,7,29,2030,1,1,1,1,3.0,94017,M,4882730.0,250832.0,94
201600044940,16,7,30,1820,1,1,1,1,6.0,77249,M,,,77
201600044941,16,7,31,715,1,1,1,1,7.0,77018,M,,,77
201600044942,16,7,31,800,1,1,1,1,6.0,77337,M,,,77
201600044943,16,7,31,2030,1,1,1,1,5.0,94033,M,4885320.0,248994.0,94
201600044944,16,8,1,2120,1,1,1,1,7.0,93051,M,4883571.0,256523.0,93
201600044945,16,8,2,1115,1,1,1,1,7.0,94042,M,4882660.0,246628.0,94
201600044946,16,8,2,1850,2,1,1,1,6.0,93051,M,4883563.0,253985.0,93
201600044947,16,8,2,2115,5,1,1,1,7.0,75112,M,,,75
201600044948,16,8,4,1940,1,1,1,1,7.0,94028,M,4877780.0,244031.0,94
201600044949,16,8,5,545,2,1,1,1,2.0,94028,M,4878620.0,243998.0,94
201600044950,16,8,5,1300,1,1,1,1,3.0,94046,M,4880400.0,244826.0,94
201600044951,16,8,6,730,1,1,1,1,5.0,94017,M,4882820.0,250293.0,94
201600044952,16,8,8,940,1,1,1,1,7.0,93051,M,4883611.0,254107.0,93
201600044953,16,8,9,700,1,1,1,1,5.0,77258,M,,,77
201600044954,16,8,9,1130,1,1,1,1,5.0,93051,M,4887916.0,247633.0,93
201600044955,16,8,9,1145,1,1,1,1,2.0,77249,M,,,77
201600044956,16,8,10,1800,1,1,1,1,3.0,94058,M,4884510.0,249283.0,94
201600044957,16,8,11,20,5,1,1,1,2.0,94073,M,4876490.0,237989.0,94
201600044958,16,8,11,700,2,1,1,1,6.0,77237,M,,,77
201600044959,16,8,12,200,5,1,1,1,2.0,94033,M,4886070.0,248461.0,94
201600044960,16,8,14,1655,1,1,1,1,3.0,77169,M,,,77
201600044961,16,8,16,1520,1,1,1,1,5.0,94058,M,4884590.0,249257.0,94
201600044962,16,8,17,10,4,1,1,1,2.0,94028,M,4878880.0,244048.0,94
201600044963,16,8,17,200,5,1,1,1,2.0,94018,M,4881760.0,241364.0,94
201600044964,16,8,21,1155,1,1,1,1,2.0,94065,M,4875490.0,234579.0,94
201600044965,16,8,21,1250,1,1,1,1,6.0,77175,M,4864850.0,262120.0,77
201600044966,16,8,21,1830,1,1,1,1,2.0,94042,M,4882730.0,246910.0,94
201600044967,16,8,22,1400,1,1,1,1,6.0,77175,M,,,77
201600044968,16,8,23,1950,1,1,1,1,2.0,77294,M,,,77
201600044969,16,8,24,1245,1,1,1,1,6.0,77249,M,,,77
201600044970,16,8,24,1604,1,1,1,1,4.0,94069,M,4881730.0,242929.0,94
201600044971,16,8,24,1730,1,1,1,1,6.0,77121,M,,,77
201600044972,16,8,24,1940,1,1,1,1,2.0,94042,M,4882840.0,247580.0,94
201600044973,16,8,25,905,1,1,1,1,5.0,94069,M,4881740.0,242930.0,94
201600044974,16,8,25,1500,1,1,1,1,1.0,94046,M,4880720.0,244891.0,94
201600044975,16,8,25,1520,1,1,1,1,4.0,94018,M,4881870.0,240833.0,94
201600044976,16,8,26,1430,1,1,1,1,4.0,77373,M,,,77
201600044977,16,8,26,1830,1,1,1,1,3.0,77146,M,,,77
201600044978,16,8,27,1450,1,1,1,1,4.0,75112,M,,,75
201600044979,16,8,28,1450,1,1,1,1,6.0,77122,M,,,77
201600044980,16,8,29,1130,1,1,1,2,2.0,77373,M,,,77
201600044981,16,8,30,120,3,1,1,1,6.0,77468,M,,,77
201600044982,16,8,30,800,1,1,1,1,3.0,94017,M,4882710.0,252486.0,94
201600044983,16,8,30,1630,1,1,1,1,6.0,77146,M,,,77
201600044984,16,8,30,1650,1,1,1,1,7.0,94069,M,4881740.0,243625.0,94
201600044985,16,8,30,1825,1,1,1,1,2.0,77059,M,,,77
201600044986,16,8,30,1900,1,1,1,1,3.0,77294,M,,,77
201600044987,16,8,31,900,1,1,1,1,7.0,94002,M,4877650.0,242157.0,94
201600044988,16,8,31,1145,1,1,1,1,4.0,94058,M,4884450.0,249229.0,94
201600044989,16,8,31,1905,1,1,1,1,2.0,94069,M,4881740.0,243207.0,94
201600044990,16,9,1,906,1,1,1,1,3.0,77363,M,,,77
201600044991,16,9,1,1500,1,1,1,1,4.0,94028,M,4877600.0,242889.0,94
201600044992,16,9,1,1650,1,1,1,1,5.0,94046,M,4880400.0,244826.0,94
201600044993,16,9,2,910,1,1,1,1,7.0,75112,M,,,75
201600044994,16,9,2,1530,1,1,1,1,2.0,94073,M,4875970.0,238333.0,94
201600044995,16,9,4,15,5,1,1,1,2.0,94069,M,4881740.0,243487.0,94
201600044996,16,9,4,515,3,1,1,2,2.0,94069,M,4881740.0,243207.0,94
201600044997,16,9,4,515,3,1,1,1,6.0,77372,M,,,77
201600044998,16,9,5,649,1,1,1,1,1.0,77083,M,,,77
201600044999,16,9,5,755,1,1,1,2,3.0,94028,M,4878880.0,244021.0,94
201600045000,16,9,5,915,1,1,1,2,5.0,94018,M,4881750.0,241528.0,94
201600045001,16,9,5,930,1,1,1,2,2.0,94079,M,4882860.0,252718.0,94
201600045002,16,9,5,1530,1,1,1,2,6.0,75112,M,,,75
201600045003,16,9,5,1600,1,1,1,2,4.0,75112,M,,,75
201600045004,16,9,5,1605,1,1,1,2,5.0,77373,M,,,77
201600045005,16,9,5,1742,1,1,1,2,7.0,94069,M,4881730.0,242929.0,94
201600045006,16,9,5,1920,1,1,1,2,7.0,77373,M,,,77
201600045007,16,9,6,550,3,1,1,2,6.0,77083,M,,,77
201600045008,16,9,7,600,2,1,1,1,2.0,94015,M,4883240.0,253296.0,94
201600045009,16,9,7,820,1,1,1,1,5.0,94018,M,4881770.0,241804.0,94
201600045010,16,9,7,840,1,1,1,1,2.0,77122,M,,,77
201600045011,16,9,7,1015,1,1,1,1,4.0,94069,M,4881700.0,244610.0,94
201600045012,16,9,7,1545,1,1,1,1,4.0,77372,M,,,77
201600045013,16,9,7,2010,2,1,1,1,5.0,94046,M,4880550.0,244882.0,94
201600045014,16,9,7,2010,3,1,1,1,3.0,94065,M,4875370.0,236302.0,94
201600045015,16,9,7,2248,3,1,1,1,3.0,94017,M,4882650.0,251660.0,94
201600045016,16,9,8,1034,1,1,1,1,4.0,94022,M,4877670.0,241754.0,94
201600045017,16,9,9,715,1,1,1,1,3.0,94033,M,4885370.0,248977.0,94
201600045018,16,9,9,900,1,1,1,1,5.0,77251,M,,,77
201600045019,16,9,9,1715,1,1,1,1,6.0,77249,M,,,77
201600045020,16,9,10,30,4,1,1,1,7.0,94065,M,4875370.0,236569.0,94
201600045021,16,9,12,845,1,1,1,1,4.0,75112,M,,,75
201600045022,16,9,12,2205,3,1,1,1,4.0,77294,M,,,77
201600045023,16,9,13,2243,5,1,1,1,6.0,75112,M,,,75
201600045024,16,9,14,955,1,1,1,1,3.0,94028,M,4878710.0,244033.0,94
201600045025,16,9,14,1800,1,1,1,1,7.0,94011,M,4876360.0,249491.0,94
201600045026,16,9,16,1700,1,1,1,1,3.0,77450,M,,,77
201600045027,16,9,17,1549,1,1,1,1,6.0,94022,M,4877660.0,241749.0,94
201600045028,16,9,17,2225,3,1,1,1,5.0,77146,M,,,77
201600045029,16,9,19,1115,1,1,1,1,4.0,77251,M,,,77
201600045030,16,9,19,1500,1,1,1,2,4.0,94028,M,4878880.0,244021.0,94
201600045031,16,9,19,2045,3,1,1,1,7.0,77337,M,,,77
201600045032,16,9,20,1530,1,1,1,1,2.0,77372,M,,,77
201600045033,16,9,20,2230,3,1,1,1,6.0,77294,M,,,77
201600045034,16,9,21,245,3,1,1,1,6.0,77517,M,,,77
201600045035,16,9,21,525,3,1,1,1,1.0,77373,M,,,77
201600045036,16,9,21,710,2,1,1,1,4.0,94028,M,4878350.0,244043.0,94
201600045037,16,9,21,850,1,1,1,1,2.0,93051,M,4883407.0,258827.0,93
201600045038,16,9,22,1705,1,1,1,1,6.0,77169,M,,,77
201600045039,16,9,22,1825,1,1,1,1,2.0,77258,M,4883250.0,265908.0,77
201600045040,16,9,23,630,5,1,1,1,3.0,94017,M,4882700.0,251136.0,94
201600045041,16,9,23,830,1,1,1,1,1.0,77363,M,,,77
201600045042,16,9,23,1650,1,1,1,1,4.0,94015,M,4883060.0,252981.0,94
201600045043,16,9,25,1610,1,1,1,2,6.0,94069,M,4881690.0,245132.0,94
201600045044,16,9,25,2000,2,1,1,1,5.0,77372,M,,,77
201600045045,16,9,26,1740,1,1,1,1,1.0,77258,M,,,77
201600045046,16,9,26,1850,1,1,1,1,2.0,94028,M,4878880.0,244047.0,94
201600045047,16,9,26,1900,1,1,1,1,6.0,77237,M,,,77
201600045048,16,9,27,1800,1,1,1,1,2.0,94069,M,4881740.0,242226.0,94
201600045049,16,9,27,1800,1,1,1,1,1.0,77181,M,,,77
201600045050,16,9,28,1830,1,1,1,1,4.0,77146,M,,,77
201600045051,16,9,28,1950,1,1,1,1,2.0,94022,M,4877440.0,241014.0,94
201600045052,16,9,29,1330,1,1,1,1,2.0,94018,M,4881740.0,241842.0,94
201600045053,16,9,29,1450,1,1,1,1,4.0,77169,M,,,77
201600045054,16,9,29,1625,1,1,1,1,4.0,77053,M,,,77
201600045055,16,9,29,1615,1,1,1,1,3.0,94028,M,4877600.0,242906.0,94
201600045056,16,9,29,1700,1,1,1,1,3.0,93051,M,4883497.0,257614.0,93
201600045057,16,9,29,1825,1,1,1,1,3.0,94011,M,4876050.0,248871.0,94
201600045058,16,9,30,1940,5,1,1,2,4.0,94017,M,4883010.0,248501.0,94
201600045059,16,10,1,1725,1,1,1,1,2.0,94073,M,4875340.0,237539.0,94
201600045060,16,10,2,1920,1,1,1,1,3.0,77468,M,,,77
201600045061,16,10,3,705,2,1,1,1,2.0,94018,M,4882180.0,239837.0,94
201600045062,16,10,3,920,1,1,1,1,3.0,94022,M,4877430.0,240910.0,94
201600045063,16,10,3,2145,5,1,1,1,7.0,94073,M,4876980.0,238043.0,94
201600045064,16,10,3,1145,1,1,1,1,4.0,94052,M,4882640.0,246626.0,94
201600045065,16,10,4,1055,1,1,1,1,3.0,94022,M,4877400.0,240773.0,94
201600045066,16,10,5,715,1,1,1,1,3.0,94069,M,4881740.0,242930.0,94
201600045067,16,10,5,835,1,1,1,1,3.0,94033,M,4885360.0,248904.0,94
201600045068,16,10,5,845,1,1,1,1,3.0,94079,M,4883450.0,253655.0,94
201600045069,16,10,5,1030,1,1,1,1,2.0,77517,M,,,77
201600045070,16,10,5,1630,1,1,1,1,3.0,94028,M,4878190.0,244101.0,94
201600045071,16,10,6,810,1,1,1,1,3.0,94028,M,4878090.0,244082.0,94
201600045072,16,10,6,2025,3,1,1,1,2.0,77121,M,,,77
201600045073,16,10,7,710,4,1,1,1,3.0,94069,M,4881630.0,245267.0,94
201600045074,16,10,7,800,2,1,1,1,3.0,77121,M,,,77
201600045075,16,10,7,920,1,1,1,1,3.0,94028,M,4878350.0,244074.0,94
201600045076,16,10,8,1930,1,1,1,1,5.0,94028,M,4878340.0,244076.0,94
201600045077,16,10,9,1012,1,1,1,1,4.0,77450,M,,,77
201600045078,16,10,9,1955,1,1,1,1,5.0,94033,M,4885220.0,248956.0,94
201600045079,16,10,9,2210,5,1,1,1,2.0,94033,M,4884910.0,249064.0,94
201600045080,16,10,10,440,4,1,1,1,5.0,94081,M,4877490.0,241141.0,94
201600045081,16,10,10,1825,1,1,1,1,3.0,94022,M,4877320.0,240053.0,94
201600045082,16,10,10,1915,4,1,1,1,2.0,77146,M,,,77
201600045083,16,10,11,2215,5,1,1,1,2.0,94069,M,4881740.0,242147.0,94
201600045084,16,10,12,430,5,1,1,1,5.0,94017,M,4882690.0,251275.0,94
201600045085,16,10,12,550,4,1,1,1,2.0,94069,M,4881720.0,242644.0,94
201600045086,16,10,12,720,2,1,1,1,3.0,94028,M,4877620.0,243022.0,94
201600045087,16,10,12,910,1,1,1,1,3.0,94028,M,4878090.0,244112.0,94
201600045088,16,10,12,1300,1,1,1,1,7.0,77373,M,,,77
201600045089,16,10,14,1545,1,1,1,1,4.0,94073,M,4876900.0,237920.0,94
201600045090,16,10,14,1700,1,1,1,2,3.0,77121,M,,,77
201600045091,16,10,14,2000,3,1,1,3,7.0,94018,M,4882130.0,239954.0,94
201600045092,16,10,15,900,1,1,1,2,2.0,77373,M,,,77
201600045093,16,10,17,745,3,1,1,1,7.0,94018,M,4882070.0,240054.0,94
201600045094,16,10,17,745,3,1,1,1,3.0,94028,M,4877630.0,243091.0,94
201600045095,16,10,17,2300,3,1,1,1,2.0,77514,M,,,77
201600045096,16,10,18,910,1,1,1,1,3.0,94033,M,4885950.0,248590.0,94
201600045097,16,10,18,1815,1,1,1,2,3.0,94033,M,4885720.0,248874.0,94
201600045098,16,10,18,2315,3,1,1,2,1.0,77514,M,,,77
201600045099,16,10,19,2037,5,1,1,1,2.0,75112,M,,,75
201600045100,16,10,20,935,1,1,1,1,2.0,94028,M,4878530.0,244044.0,94
201600045101,16,10,20,1620,1,1,1,2,3.0,94028,M,4878700.0,244006.0,94
201600045102,16,10,20,1630,1,1,1,1,6.0,77018,M,,,77
201600045103,16,10,20,1800,1,1,1,1,6.0,77249,M,,,77
201600045104,16,10,21,1740,1,1,1,1,2.0,94015,M,4883050.0,253003.0,94
201600045105,16,10,21,2000,3,1,1,1,3.0,94028,M,4878880.0,244047.0,94
201600045106,16,10,22,715,2,1,1,5,3.0,94042,M,4882790.0,247155.0,94
201600045107,16,10,22,1045,1,1,1,1,2.0,94018,M,4882560.0,239234.0,94
201600045108,16,10,22,1248,1,1,1,1,5.0,94033,M,4885570.0,248828.0,94
201600045109,16,10,22,1806,1,1,1,1,4.0,77373,M,,,77
201600045110,16,10,22,2000,3,1,1,1,2.0,77181,M,,,77
201600045111,16,10,22,2000,3,1,1,1,2.0,77373,M,,,77
201600045112,16,10,23,415,3,1,1,1,6.0,77237,M,,,77
201600045113,16,10,24,530,3,1,1,2,6.0,77337,M,4882960.0,261474.0,77
201600045114,16,10,24,1110,1,1,1,2,6.0,94018,M,4881730.0,241733.0,94
201600045115,16,10,24,1940,3,1,1,1,3.0,94028,M,4878620.0,244034.0,94
201600045116,16,10,24,2140,3,1,1,2,2.0,77363,M,,,77
201600045117,16,10,25,400,3,1,1,1,6.0,77373,M,,,77
201600045118,16,10,25,840,1,1,1,2,3.0,94028,M,4880000.0,244644.0,94
201600045119,16,10,25,1930,2,1,1,1,4.0,94081,M,4877360.0,240405.0,94
201600045120,16,10,27,700,2,1,1,5,3.0,77083,M,,,77
201600045121,16,10,30,205,3,1,1,1,3.0,94069,M,4881710.0,244323.0,94
201600045122,16,10,31,915,1,1,1,1,6.0,77122,M,,,77
201600045123,16,10,31,1720,1,1,1,1,3.0,93051,M,4883541.0,256804.0,93
201600045124,16,10,31,1845,1,1,1,1,4.0,77121,M,,,77
201600045125,16,11,1,635,5,1,1,1,5.0,94069,M,4881760.0,242084.0,94
201600045126,16,11,1,1835,5,1,1,1,5.0,94017,M,4882640.0,251811.0,94
201600045127,16,11,1,1930,3,1,1,5,2.0,77450,M,,,77
201600045128,16,11,2,755,1,1,1,1,4.0,94002,M,4877620.0,242902.0,94
201600045129,16,11,2,1600,1,1,1,1,2.0,77514,M,,,77
201600045130,16,11,2,1830,1,1,1,1,4.0,94022,M,4877660.0,241750.0,94
201600045131,16,11,3,730,2,1,1,1,2.0,94046,M,4880440.0,244870.0,94
201600045132,16,11,3,930,1,1,1,1,4.0,94033,M,4886050.0,248501.0,94
201600045133,16,11,3,1945,5,1,1,1,5.0,94018,M,4882000.0,240311.0,94
201600045134,16,11,4,630,1,1,1,1,6.0,77294,M,,,77
201600045135,16,11,4,845,1,1,1,1,3.0,77181,M,,,77
201600045136,16,11,4,850,1,1,1,1,3.0,94073,M,4877200.0,239484.0,94
201600045137,16,11,4,1700,2,1,1,2,3.0,77337,M,,,77
201600045138,16,11,4,1930,3,1,1,2,4.0,77122,M,,,77
201600045139,16,11,4,2200,3,1,1,3,6.0,77337,M,,,77
201600045140,16,11,4,2230,5,1,1,2,6.0,75112,M,,,75
201600045141,16,11,5,940,1,1,1,2,5.0,77337,M,,,77
201600045142,16,11,5,1200,1,1,1,1,3.0,77373,M,,,77
201600045143,16,11,5,1540,1,1,1,1,6.0,77294,M,,,77
201600045144,16,11,7,830,1,1,1,3,2.0,94069,M,4881650.0,245138.0,94
201600045145,16,11,7,825,1,1,1,3,5.0,94073,M,4877120.0,239090.0,94
201600045146,16,11,8,1415,1,1,1,1,5.0,94028,M,4877830.0,244083.0,94
201600045147,16,11,9,930,1,1,1,3,2.0,94017,M,4883050.0,249110.0,94
201600045148,16,11,9,940,1,1,1,3,3.0,94033,M,4885460.0,248948.0,94
201600045149,16,11,9,1015,1,1,1,2,7.0,94042,M,4882860.0,247634.0,94
201600045150,16,11,9,1450,1,1,1,1,2.0,94028,M,4880040.0,244678.0,94
201600045151,16,11,9,1530,1,1,1,2,1.0,77121,M,,,77
201600045152,16,11,9,1510,1,1,1,1,5.0,94022,M,4877620.0,241491.0,94
201600045153,16,11,10,150,3,1,1,2,2.0,77258,M,,,77
201600045154,16,11,10,550,5,1,1,1,3.0,94028,M,4878350.0,244074.0,94
201600045155,16,11,10,1325,1,1,1,1,3.0,94022,M,4877320.0,240028.0,94
201600045156,16,11,11,110,5,1,1,2,7.0,75112,M,,,75
201600045157,16,11,11,140,5,1,1,2,3.0,94069,M,4881760.0,243629.0,94
201600045158,16,11,11,1710,1,1,1,1,7.0,77514,M,,,77
201600045159,16,11,11,2300,4,1,1,1,2.0,94022,M,4877340.0,240910.0,94
201600045160,16,11,12,535,3,1,1,1,5.0,94028,M,4879530.0,244235.0,94
201600045161,16,11,12,2100,5,1,1,2,6.0,94073,M,4876820.0,237873.0,94
201600045162,16,11,13,2215,5,1,1,1,2.0,94017,M,4882650.0,252227.0,94
201600045163,16,11,14,900,1,1,1,1,3.0,94017,M,4882720.0,252449.0,94
201600045164,16,11,14,745,1,1,1,1,2.0,77294,M,,,77
201600045165,16,11,15,915,1,1,1,1,2.0,94017,M,4883030.0,249529.0,94
201600045166,16,11,15,1830,1,1,1,1,4.0,77059,M,,,77
201600045167,16,11,15,1950,3,1,1,1,3.0,77337,M,,,77
201600045168,16,11,16,830,1,1,1,2,6.0,93051,M,,,93
201600045169,16,11,16,915,1,1,1,1,5.0,94073,M,4877070.0,238642.0,94
201600045170,16,11,17,1745,2,1,1,1,2.0,94017,M,4883050.0,249110.0,94
201600045171,16,11,18,820,1,1,1,1,3.0,94033,M,4885120.0,249066.0,94
201600045172,16,11,18,1855,2,1,1,1,2.0,77146,M,,,77
201600045173,16,11,18,1859,2,1,1,1,3.0,94065,M,4875370.0,236435.0,94
201600045174,16,11,20,1940,5,1,1,1,6.0,94042,M,4882860.0,247610.0,94
201600045175,16,11,21,900,1,1,1,2,5.0,94046,M,4880510.0,244881.0,94
201600045176,16,11,21,1015,1,1,1,2,2.0,94046,M,4880390.0,244860.0,94
201600045177,16,11,21,1240,1,1,1,1,7.0,77438,M,,,77
201600045178,16,11,21,1515,1,1,1,1,4.0,77294,M,,,77
201600045179,16,11,22,1750,3,1,1,1,4.0,77450,M,,,77
201600045180,16,11,23,840,1,1,1,2,4.0,77083,M,,,77
201600045181,16,11,23,925,1,1,1,1,5.0,94069,M,4881670.0,244888.0,94
201600045182,16,11,23,900,1,1,1,1,3.0,94017,M,4882730.0,252464.0,94
201600045183,16,11,23,2230,5,1,1,1,2.0,94069,M,4881740.0,243824.0,94
201600045184,16,11,27,1730,1,1,1,1,5.0,75112,M,,,75
201600045185,16,11,28,1150,1,1,1,1,2.0,94028,M,4878880.0,244048.0,94
201600045186,16,11,28,1950,5,1,9,1,4.0,77294,M,,,77
201600045187,16,11,28,2030,3,1,1,1,7.0,77251,M,,,77
201600045188,16,11,29,815,1,1,1,1,4.0,94042,M,4882850.0,247565.0,94
201600045189,16,11,29,1215,1,1,1,1,4.0,77372,M,,,77
201600045190,16,11,29,1400,1,1,1,1,4.0,77121,M,,,77
201600045191,16,11,29,1815,3,1,1,1,3.0,94044,M,4875850.0,247008.0,94
201600045192,16,11,30,1825,2,1,1,1,1.0,77294,M,,,77
201600045193,16,11,30,2000,3,1,1,1,3.0,77373,M,,,77
201600045194,16,11,30,2115,5,1,1,1,2.0,94069,M,4881740.0,242149.0,94
201600045195,16,12,1,840,1,1,1,1,6.0,77146,M,,,77
201600045196,16,12,1,1810,1,1,1,1,4.0,77372,M,,,77
201600045197,16,12,3,1037,1,1,1,1,7.0,77294,M,,,77
201600045198,16,12,3,1730,5,1,1,1,4.0,94069,M,4881730.0,242929.0,94
201600045199,16,12,5,1529,1,1,1,1,4.0,77169,M,4880440.0,262778.0,77
201600045200,16,12,5,1520,1,1,1,1,3.0,94058,M,4884520.0,249279.0,94
201600045201,16,12,5,1748,2,1,1,1,5.0,94042,M,4882640.0,246628.0,94
201600045202,16,12,5,2200,3,1,1,1,1.0,77053,M,,,77
201600045203,16,12,6,1015,1,1,1,1,2.0,77055,M,,,77
201600045204,16,12,6,1115,1,1,1,1,3.0,77517,M,,,77
201600045205,16,12,6,1435,1,1,1,1,2.0,93051,M,,,93
201600045206,16,12,6,1440,1,1,1,1,4.0,94028,M,4878210.0,244098.0,94
201600045207,16,12,6,1710,2,1,1,1,4.0,94017,M,4882670.0,252248.0,94
201600045208,16,12,7,1650,2,1,1,1,3.0,94028,M,4877100.0,244747.0,94
201600045209,16,12,8,500,3,1,1,1,6.0,94017,M,4883090.0,249004.0,94
201600045210,16,12,8,830,1,1,1,1,3.0,94028,M,4876990.0,244912.0,94
201600045211,16,12,8,1010,1,1,1,1,5.0,94028,M,4878790.0,244032.0,94
201600045212,16,12,8,1230,1,1,1,1,3.0,94033,M,4885980.0,248561.0,94
201600045213,16,12,8,1900,2,1,1,1,6.0,94018,M,4882630.0,239156.0,94
201600045214,16,12,9,1600,1,1,1,1,3.0,94079,M,4883560.0,253903.0,94
201600045215,16,12,10,2300,3,1,1,1,6.0,77122,M,,,77
201600045216,16,12,12,1140,1,1,1,1,2.0,77450,M,,,77
201600045217,16,12,12,1810,3,1,1,2,2.0,77258,M,,,77
201600045218,16,12,13,710,3,1,1,1,7.0,94028,M,4877960.0,244231.0,94
201600045219,16,12,13,830,1,1,1,2,3.0,93051,M,,,93
201600045220,16,12,13,830,1,1,1,2,3.0,94028,M,4879570.0,244294.0,94
201600045221,16,12,13,1045,1,1,1,1,4.0,94073,M,4876170.0,238200.0,94
201600045222,16,12,13,1400,1,1,1,1,2.0,94052,M,4883750.0,249391.0,94
201600045223,16,12,14,745,3,1,1,1,3.0,94028,M,4878030.0,244150.0,94
201600045224,16,12,14,1000,1,1,1,1,4.0,77294,M,,,77
201600045225,16,12,14,1102,1,1,1,1,4.0,77363,M,,,77
201600045226,16,12,14,1500,1,1,1,1,4.0,94052,M,4884180.0,249269.0,94
201600045227,16,12,14,1845,3,1,1,1,2.0,77258,M,,,77
201600045228,16,12,15,1400,1,1,1,1,2.0,94079,M,4883580.0,253972.0,94
201600045229,16,12,16,1210,1,1,1,1,3.0,94017,M,4882790.0,250423.0,94
201600045230,16,12,16,2040,3,1,1,1,2.0,77121,M,,,77
201600045231,16,12,19,840,2,1,1,1,7.0,94046,M,4880550.0,244882.0,94
201600045232,16,12,19,1155,1,1,1,1,2.0,94033,M,4885930.0,248613.0,94
201600045233,16,12,20,800,5,1,1,1,3.0,94017,M,4882690.0,251275.0,94
201600045234,16,12,20,1220,1,1,1,1,6.0,94069,M,4881720.0,244394.0,94
201600045235,16,12,20,1635,1,1,1,1,2.0,94028,M,4877910.0,244120.0,94
201600045236,16,12,20,1640,1,1,1,1,2.0,77372,M,,,77
201600045237,16,12,21,2015,5,1,1,2,2.0,94058,M,4884530.0,249276.0,94
201600045238,16,12,22,800,3,1,1,2,4.0,94015,M,4883020.0,252926.0,94
201600045239,16,12,22,1000,1,1,1,8,4.0,94018,M,4882610.0,239184.0,94
201600045240,16,12,22,1920,1,1,1,1,2.0,94018,M,4881890.0,240856.0,94
201600045241,16,12,22,2020,3,1,1,1,4.0,77294,M,,,77
201600045242,16,12,23,620,3,1,1,5,5.0,77122,M,,,77
201600045243,16,12,23,740,3,1,1,5,2.0,77175,M,,,77
201600045244,16,12,27,700,5,1,1,1,6.0,94017,M,4882980.0,248410.0,94
201600045245,16,12,28,1900,3,1,1,1,5.0,94028,M,4878710.0,244033.0,94
201600045246,16,12,29,1700,1,1,1,1,3.0,94033,M,4885400.0,248891.0,94
201600045247,16,12,30,1430,1,1,1,1,1.0,77169,M,,,77
201600045248,16,12,31,2000,4,1,1,1,2.0,94022,M,4877640.0,242026.0,94
201600045249,16,1,1,45,3,1,1,1,6.0,93010,M,4888635.0,247337.0,93
201600045250,16,1,1,1345,1,1,1,1,6.0,93027,M,4892735.0,240701.0,93
201600045251,16,12,31,1450,1,1,1,1,6.0,93027,M,,,93
201600045252,16,1,2,2,3,1,1,1,6.0,93005,M,4897411.0,248864.0,93
201600045253,16,1,1,2350,3,1,1,2,7.0,93066,M,4893169.0,237001.0,93
201600045254,16,1,2,105,3,1,1,2,3.0,93066,M,4892565.0,235703.0,93
201600045255,16,1,2,1100,1,1,1,1,2.0,95277,M,4897350.0,248590.0,95