Num_Acc,an,mois,jour,hrmn,lum,agg,int,atm,col,com,gps,lat,long,dep
201600045256,16,1,2,1300,1,1,1,1,3.0,93010,M,4888893.0,247376.0,93
201600045257,16,1,2,1100,1,1,1,1,6.0,95394,M,,,95
201600045258,16,1,2,840,1,1,1,2,6.0,92036,M,,,92
201600045259,16,1,2,915,1,1,1,2,6.0,95582,M,,,95
201600045260,16,1,2,715,3,1,1,8,5.0,92078,M,,,92
201600045261,16,1,3,640,3,1,1,1,7.0,93006,M,4886722.0,242675.0,93
201600045262,16,1,3,1300,1,1,1,2,6.0,95018,M,,,95
201600045263,16,1,2,1945,2,1,1,2,6.0,95527,M,,,95
201600045264,16,1,2,1910,1,1,1,2,2.0,93066,M,4892212.0,236131.0,93
201600045265,16,1,2,2020,3,1,1,2,2.0,93064,M,4886125.0,248382.0,93
201600045266,16,1,3,1630,1,1,1,3,6.0,95572,M,,,95
201600045267,16,1,3,2215,4,1,1,2,6.0,95018,M,,,95
201600045268,16,1,3,2120,4,1,1,2,2.0,93027,M,4892840.0,241381.0,93
201600045269,16,1,3,2220,4,1,1,1,6.0,92036,M,,,92
201600045270,16,1,4,915,1,1,1,1,6.0,95256,M,,,95
201600045271,16,1,4,930,1,1,1,1,2.0,95582,M,,,95
201600045272,16,1,22,320,3,1,1,1,4.0,95424,M,,,95
201600045273,16,1,5,825,5,1,1,1,6.0,93066,M,4891390.0,235779.0,93
201600045274,16,1,3,1640,1,1,1,3,6.0,95277,M,4897280.0,248720.0,95
201600045275,16,1,5,1120,1,1,1,1,1.0,93064,M,4888393.0,246628.0,93
201600045276,16,1,7,1020,1,1,1,3,5.0,93066,M,4892206.0,235860.0,93
201600045277,16,1,7,815,1,1,1,3,5.0,95582,M,,,95
201600045278,16,10,9,620,3,1,1,1,3.0,93013,M,4894173.0,242995.0,93
201600045279,16,1,7,1545,1,1,1,1,6.0,93010,M,4888893.0,247374.0,93
201600045280,16,1,3,1215,1,1,1,1,7.0,95572,M,,,95
201600045281,16,1,9,1800,3,1,1,1,6.0,93064,M,4888657.0,248167.0,93
201600045282,16,10,1,10,3,1,1,2,2.0,93078,M,4896007.0,252513.0,93
201600045283,16,1,10,5,3,1,1,3,7.0,95582,M,,,95
201600045284,16,1,9,415,3,1,1,2,4.0,95306,M,,,95
201600045285,16,12,3,1930,2,1,1,1,2.0,93006,M,,,93
201600045286,16,1,10,210,3,1,1,3,2.0,93066,M,4890251.0,235884.0,93
201600045287,16,1,10,830,1,1,1,1,7.0,92036,M,,,92
201600045288,16,1,10,1000,1,1,1,1,2.0,95277,M,4897350.0,248590.0,95
201600045289,16,10,24,1440,1,1,1,2,6.0,93027,M,4892841.0,241395.0,93
201600045290,16,1,10,1415,1,1,1,2,7.0,95028,M,,,95
201600045291,16,1,10,1520,1,1,1,2,6.0,93053,M,4890610.0,235852.0,93
201600045292,16,1,10,1725,2,1,1,2,6.0,93005,M,4890249.0,235861.0,93
201600045293,16,10,24,150,3,1,1,2,6.0,93005,M,4897314.0,248814.0,93
201600045294,16,1,11,730,3,1,1,2,6.0,95582,M,,,95
201600045295,16,1,11,930,1,1,1,1,4.0,95154,M,,,95
201600045296,16,1,11,1250,1,1,1,1,3.0,95365,M,,,95
201600045297,16,1,11,1830,3,1,1,8,5.0,93048,M,4887365.0,243704.0,93
201600045298,16,1,11,2330,3,1,1,1,2.0,93013,M,4893874.0,241706.0,93
201600045299,16,1,12,745,3,1,1,2,3.0,95582,M,,,95
201600045300,16,1,12,910,1,1,1,2,2.0,95572,M,,,95
201600045301,16,1,13,300,3,1,1,1,6.0,95277,M,4897350.0,248590.0,95
201600045302,16,1,13,1015,1,1,1,1,3.0,95678,M,,,95
201600045303,16,1,12,1210,1,1,1,1,3.0,93053,M,4888234.0,247199.0,93
201600045304,16,1,13,1405,1,1,1,1,2.0,95488,M,,,95
201600045305,16,1,13,2045,5,1,1,1,3.0,93029,M,4892393.0,242658.0,93
201600045306,16,1,12,1500,1,1,1,1,3.0,93010,M,4891140.0,247587.0,93
201600045307,16,1,13,1805,3,1,1,1,6.0,93008,M,4891200.0,243836.0,93
201600045308,16,1,14,830,1,1,1,2,5.0,95218,M,,,95
201600045309,16,1,14,843,2,1,1,2,3.0,95252,M,,,95
201600045310,16,1,16,145,4,1,1,1,7.0,93005,M,4895984.0,252500.0,93
201600045311,16,1,16,2150,3,1,1,1,6.0,95488,M,,,95
201600045312,16,1,17,1510,1,1,1,2,6.0,95394,M,,,95
201600045313,16,1,17,1900,4,1,1,1,1.0,93010,M,4888629.0,247313.0,93
201600045314,16,1,18,130,3,1,1,1,3.0,93007,M,4893125.0,248096.0,93
201600045315,16,1,14,1030,1,1,1,1,2.0,93027,M,4892421.0,238719.0,93
201600045316,16,1,15,1110,1,1,1,1,6.0,95491,M,,,95
201600045317,16,1,19,30,3,1,1,1,6.0,95572,M,,,95
201600045318,16,1,19,1040,1,1,1,1,1.0,93006,M,4886691.0,242531.0,93
201600045319,16,1,18,1900,1,1,1,1,4.0,95572,M,,,95
201600045320,16,1,3,1150,1,1,1,2,6.0,95394,M,,,95
201600045321,16,1,19,1500,1,1,1,1,2.0,95678,M,,,95
201600045322,16,1,20,1545,1,1,1,1,3.0,93010,M,4890317.0,247105.0,93
201600045323,16,1,20,1105,1,1,1,2,2.0,95154,M,,,95
201600045324,16,1,21,1310,1,1,1,1,6.0,95018,M,,,95
201600045325,16,1,21,1630,1,1,1,1,6.0,95252,M,,,95
201600045326,16,1,21,1830,3,1,1,1,2.0,93053,M,4888254.0,247296.0,93
201600045327,16,1,21,1910,3,1,1,1,6.0,95151,M,,,95
201600045328,16,1,21,2040,3,1,1,1,6.0,93064,M,4887120.0,248192.0,93
201600045329,16,1,22,2320,4,1,1,1,5.0,93066,M,4892386.0,235723.0,93
201600045330,16,1,23,900,1,1,1,1,6.0,93027,M,4892848.0,241358.0,93
201600045331,16,1,23,800,3,1,1,2,3.0,95527,M,,,95
201600045332,16,1,23,1950,3,1,1,1,6.0,95277,M,,,95
201600045333,16,1,22,2030,3,1,1,2,6.0,93027,M,4892786.0,240958.0,93
201600045334,16,1,24,1100,1,1,1,1,6.0,93008,M,4890143.0,246899.0,93
201600045335,16,1,24,1230,1,1,1,1,1.0,93027,M,4892786.0,240958.0,93
201600045336,16,1,25,125,4,1,1,1,7.0,93005,M,4891916.0,247891.0,93
201600045337,16,1,25,730,3,1,1,1,6.0,93066,M,4892932.0,236095.0,93
201600045338,16,1,23,1900,3,1,1,1,3.0,95582,M,,,95
201600045339,16,1,23,1930,3,1,1,1,7.0,95582,M,,,95
201600045340,16,1,24,1330,1,1,1,1,6.0,95394,M,,,95
201600045341,16,1,20,700,3,1,1,4,5.0,95277,M,,,95
201600045342,16,1,25,1650,1,1,1,1,5.0,93010,M,4888936.0,247383.0,93
201600045343,16,1,26,1555,1,1,1,1,6.0,92036,M,,,92
201600045344,16,1,27,940,1,1,1,2,7.0,93063,M,4887844.0,244714.0,93
201600045345,16,1,27,2105,5,1,1,1,4.0,93008,M,4891152.0,244047.0,93
201600045346,16,1,28,15,3,1,1,3,6.0,60494,M,4913059.0,255979.0,60
201600045347,16,1,28,1000,1,1,1,1,1.0,93066,M,4891936.0,235754.0,93
201600045348,16,1,28,1345,1,1,1,1,7.0,95424,M,,,95
201600045349,16,1,28,1445,1,1,1,1,2.0,93027,M,4893627.0,240604.0,93
201600045350,16,1,28,1130,1,1,1,1,7.0,60612,M,4919463.0,260369.0,60
201600045351,16,1,28,1750,3,1,1,1,3.0,93001,M,4892105.0,237305.0,93
201600045352,16,1,29,1830,1,1,1,1,4.0,95607,M,,,95
201600045353,16,1,29,2330,3,1,1,1,2.0,95018,M,,,95
201600045354,16,1,29,2330,3,1,1,2,3.0,95582,M,4896380.0,226830.0,95
201600045355,16,1,30,155,3,1,1,1,7.0,95572,M,,,95
201600045356,16,1,30,515,3,1,1,1,2.0,95582,M,,,95
201600045357,16,1,27,1305,1,1,1,2,6.0,95306,M,,,95
201600045358,16,1,25,1830,2,1,1,1,3.0,93053,M,4888342.0,245855.0,93
201600045359,16,1,30,1644,1,1,1,2,6.0,95527,M,,,95
201600045360,16,1,30,1525,1,1,1,2,6.0,95394,M,,,95
201600045361,16,1,31,730,1,1,1,1,6.0,95365,M,,,95
201600045362,16,1,31,1020,1,1,1,3,6.0,95277,M,,,95
201600045363,16,1,31,1145,1,1,1,3,6.0,92036,M,,,92
201600045364,16,1,31,1533,1,1,1,2,6.0,95277,M,,,95
201600045365,16,1,31,1436,1,1,1,2,7.0,93078,M,4895800.0,253076.0,93
201600045366,16,1,31,2220,3,1,1,1,7.0,92078,M,,,92
201600045367,16,4,3,250,4,1,1,2,2.0,95491,M,,,95
201600045368,16,1,31,2215,3,1,1,2,6.0,95582,M,,,95
201600045369,16,1,30,1415,1,1,1,1,3.0,95527,M,,,95
201600045370,16,1,31,2115,3,1,1,2,6.0,93005,M,4897294.0,248514.0,93
201600045371,16,1,31,1445,1,1,1,2,7.0,93005,M,4896705.0,247751.0,93
201600045372,16,1,31,1400,2,1,1,2,2.0,95277,M,,,95
201600045373,16,1,31,2025,2,1,1,1,6.0,92036,M,,,92
201600045374,16,1,31,1620,1,1,1,2,2.0,95582,M,,,95
201600045375,16,1,31,2000,2,1,1,1,6.0,95572,M,,,95
201600045376,16,11,21,45,3,1,1,1,6.0,95488,M,,,95
201600045377,16,2,1,800,2,1,1,1,5.0,95582,M,,,95
201600045378,16,1,31,1330,1,1,1,2,6.0,93027,M,4892338.0,238336.0,93
201600045379,16,2,1,1430,1,1,1,1,2.0,93078,M,4895912.0,253600.0,93
201600045380,16,11,22,440,3,1,1,1,2.0,95154,M,,,95
201600045381,16,1,31,1400,1,1,1,1,6.0,93053,M,4890997.0,235826.0,93
201600045382,16,1,31,1620,1,1,1,2,6.0,95572,M,,,95
201600045383,16,2,2,715,2,1,1,1,2.0,93066,M,4893170.0,237002.0,93
201600045384,16,2,2,1345,1,1,1,1,4.0,93008,M,4891193.0,243925.0,93
201600045385,16,2,2,1645,1,1,1,2,6.0,93010,M,4890625.0,247213.0,93
201600045386,16,2,2,2059,3,1,1,1,2.0,93005,M,4896056.0,246798.0,93
201600045387,16,2,2,1715,1,1,1,1,6.0,93066,M,4890430.0,235846.0,93
201600045388,16,2,2,1804,2,1,1,2,3.0,93063,M,4887472.0,243925.0,93
201600045389,16,2,3,1455,1,1,1,1,5.0,93005,M,4895619.0,247347.0,93
201600045390,16,2,3,1800,4,1,1,2,3.0,93066,M,4892293.0,234504.0,93
201600045391,16,2,3,1959,3,1,1,1,6.0,93063,M,4887525.0,244035.0,93
201600045392,16,2,3,2010,3,1,1,1,7.0,92078,M,,,92
201600045393,16,2,4,1410,1,1,1,2,6.0,93006,M,4886501.0,241628.0,93
201600045394,16,2,4,2035,3,1,1,1,6.0,95394,M,,,95
201600045395,16,2,5,810,1,1,1,1,3.0,95582,M,,,95
201600045396,16,2,2,1015,1,1,1,1,4.0,93066,M,4891483.0,235791.0,93
201600045397,16,11,8,900,1,1,1,1,2.0,95500,M,,,95
201600045398,16,2,5,1320,1,1,1,1,7.0,93029,M,4892429.0,242655.0,93
201600045399,16,2,5,1730,1,1,1,1,3.0,93006,M,4886561.0,241850.0,93
201600045400,16,2,6,1615,1,1,1,1,3.0,93005,M,4892563.0,248141.0,93
201600045401,16,2,7,1100,1,1,1,1,6.0,93005,M,4897310.0,249104.0,93
201600045402,16,2,7,515,4,1,1,9,6.0,93066,M,4892619.0,235684.0,93
201600045403,16,2,8,1330,1,1,1,3,6.0,95018,M,,,95
201600045404,16,2,8,1510,1,1,1,2,2.0,93064,M,4887185.0,248152.0,93
201600045405,16,2,9,800,2,1,1,3,4.0,95500,M,,,95
201600045406,16,2,9,900,1,1,1,2,6.0,93006,M,4886691.0,242531.0,93
201600045407,16,2,9,1600,1,1,1,1,6.0,93053,M,4890610.0,235854.0,93
201600045408,16,2,9,1645,1,1,1,1,6.0,93053,M,4890610.0,235854.0,93
201600045409,16,2,9,1450,1,1,1,2,6.0,92078,M,,,92
201600045410,16,2,9,1645,1,1,1,2,1.0,92036,M,,,92
201600045411,16,2,9,2315,3,1,1,2,6.0,93005,M,4897387.0,248731.0,93
201600045412,16,2,9,900,1,1,1,2,6.0,93078,M,4895800.0,253076.0,93
201600045413,16,2,9,1100,1,1,1,3,7.0,95252,M,,,95
201600045414,16,2,9,950,1,1,1,1,6.0,95582,M,,,95
201600045415,16,2,9,1150,1,1,1,2,6.0,95572,M,,,95
201600045416,16,2,10,1830,5,1,1,1,1.0,93064,M,4888667.0,247919.0,93
201600045417,16,2,10,2000,5,1,1,1,2.0,95582,M,4896660.0,227330.0,95
201600045418,16,2,10,1650,1,1,1,1,4.0,95500,M,,,95
201600045419,16,2,11,1400,1,1,1,1,6.0,93048,M,4887301.0,243528.0,93
201600045420,16,2,12,745,1,1,1,1,3.0,95060,M,,,95
201600045421,16,2,12,2355,3,1,1,1,6.0,93063,M,4888096.0,245281.0,93
201600045422,16,12,5,2305,3,1,1,1,7.0,95491,M,,,95
201600045423,16,2,13,220,3,1,1,1,3.0,95306,M,,,95
201600045424,16,2,13,420,3,1,1,1,3.0,95252,M,,,95
201600045425,16,2,13,1330,1,1,1,2,6.0,95424,M,,,95
201600045426,16,2,13,1615,1,1,1,2,6.0,93027,M,4892857.0,241494.0,93
201600045427,16,2,13,1840,3,1,1,2,6.0,93005,M,4894558.0,247654.0,93
201600045428,16,2,13,2120,3,1,1,2,6.0,92036,M,,,92
201600045429,16,2,13,2250,3,1,1,2,6.0,95394,M,,,95
201600045430,16,2,14,120,3,1,1,2,6.0,92036,M,,,92
201600045431,16,2,12,1515,1,1,1,2,2.0,92036,M,,,92
201600045432,16,2,14,930,1,1,1,1,6.0,95394,M,,,95
201600045433,16,2,14,1045,1,1,1,1,2.0,92036,M,,,92
201600045434,16,2,13,1545,1,1,1,2,6.0,95277,M,4897350.0,248590.0,95
201600045435,16,2,16,945,1,1,1,1,3.0,95252,M,,,95
201600045436,16,2,16,1020,1,1,1,1,7.0,93078,M,4896474.0,255462.0,93
201600045437,16,2,16,850,1,1,1,1,3.0,92036,M,,,92
201600045438,16,2,16,1350,1,1,1,1,2.0,95527,M,,,95
201600045439,16,2,18,630,2,1,1,1,2.0,93066,M,4892933.0,236095.0,93
201600045440,16,2,18,915,1,1,1,1,4.0,95212,M,,,95
201600045441,16,2,12,1450,1,1,1,2,7.0,93027,M,,,93
201600045442,16,2,14,1120,1,1,1,1,6.0,95394,M,,,95
201600045443,16,2,14,1120,1,1,1,1,2.0,95394,M,,,95
201600045444,16,2,20,300,3,1,1,2,6.0,95277,M,4897350.0,248590.0,95
201600045445,16,2,19,2020,3,1,1,1,2.0,93027,M,4893809.0,241365.0,93
201600045446,16,2,21,540,4,1,1,2,6.0,92078,M,,,92
201600045447,16,2,21,730,3,1,1,1,7.0,93027,M,4893447.0,239766.0,93
201600045448,16,2,21,900,1,1,1,1,6.0,93066,M,4892281.0,234639.0,93
201600045449,16,2,22,1840,3,1,1,2,6.0,92036,M,,,92
201600045450,16,2,22,2130,3,1,1,1,6.0,93053,M,4888427.0,246957.0,93
201600045451,16,2,22,1940,3,1,1,2,6.0,93005,M,4891739.0,247835.0,93
201600045452,16,2,23,1400,1,1,1,1,4.0,95678,M,,,95
201600045453,16,2,24,630,3,1,1,1,6.0,93010,M,4888936.0,247383.0,93
201600045454,16,2,24,1220,1,1,1,1,2.0,93007,M,4894558.0,243991.0,93
201600045455,16,2,20,1200,1,1,1,1,6.0,92078,M,,,92
201600045456,16,2,25,1520,1,1,1,1,3.0,93010,M,4888893.0,247375.0,93
201600045457,16,2,26,810,1,1,1,1,3.0,93053,M,4889332.0,247229.0,93
201600045458,16,2,26,1510,1,1,1,1,5.0,93027,M,4892251.0,237947.0,93
201600045459,16,2,26,1730,1,1,1,1,1.0,93010,M,4890653.0,247247.0,93
201600045460,16,2,27,1845,1,1,1,1,6.0,93027,M,4893723.0,241061.0,93
201600045461,16,2,27,1915,3,1,1,1,5.0,93010,M,4891542.0,247759.0,93
201600045462,16,2,28,945,1,1,1,1,6.0,93005,M,4895712.0,247339.0,93
201600045463,16,2,28,1230,1,1,1,1,2.0,95241,M,,,95
201600045464,16,2,28,2320,3,1,1,1,7.0,93005,M,4895079.0,247433.0,93
201600045465,16,2,29,2110,3,1,1,1,5.0,95394,M,,,95
201600045466,16,3,1,705,2,1,1,1,5.0,95572,M,,,95
201600045467,16,3,1,820,1,1,1,1,7.0,93066,M,4891855.0,235732.0,93
201600045468,16,3,1,900,1,1,1,1,4.0,93078,M,4897137.0,249734.0,93
201600045469,16,2,29,1630,1,1,1,1,6.0,93078,M,4896420.0,252025.0,93
201600045470,16,3,1,1945,1,1,1,2,6.0,95394,M,,,95
201600045471,16,2,29,2010,3,1,1,1,6.0,93063,M,4887510.0,243973.0,93
201600045472,16,3,2,745,2,1,1,2,6.0,95675,M,,,95
201600045473,16,3,2,850,1,1,1,1,3.0,95582,M,,,95
201600045474,16,3,2,1745,1,1,1,2,2.0,93006,M,4886690.0,242530.0,93
201600045475,16,2,13,1015,1,1,1,1,7.0,93027,M,4892774.0,240983.0,93
201600045476,16,3,1,1955,3,1,1,1,2.0,95582,M,,,95
201600045477,16,3,2,920,1,1,1,2,4.0,93005,M,4897294.0,248516.0,93
201600045478,16,3,3,915,1,1,1,2,5.0,95351,M,,,95
201600045479,16,3,3,2030,3,1,1,1,3.0,93066,M,4892232.0,235858.0,93
201600045480,16,3,4,720,1,1,1,3,3.0,93066,M,4892206.0,236404.0,93
201600045481,16,3,4,1700,1,1,1,1,4.0,93048,M,4886737.0,245735.0,93
201600045482,16,3,4,2140,3,1,1,2,7.0,92036,M,,,92
201600045483,16,3,6,210,5,1,1,1,2.0,95527,M,,,95
201600045484,16,3,4,1950,3,1,1,2,6.0,93078,M,4896418.0,252023.0,93
201600045485,16,3,6,940,1,1,1,1,7.0,93005,M,4896795.0,247950.0,93
201600045486,16,3,6,1745,1,1,1,1,6.0,95241,M,,,95
201600045487,16,3,7,540,2,1,1,1,6.0,95394,M,,,95
201600045488,16,3,7,630,2,1,1,1,4.0,93073,M,4896854.0,256561.0,93
201600045489,16,3,7,1510,1,1,1,1,6.0,95241,M,,,95
201600045490,16,1,13,1415,1,1,1,1,5.0,93066,M,4891573.0,235780.0,93
201600045491,16,3,9,205,4,1,1,1,6.0,95061,M,,,95
201600045492,16,3,8,845,1,1,1,1,4.0,93064,M,4888719.0,247484.0,93
201600045493,16,3,9,2150,4,1,1,1,6.0,93066,M,4892386.0,235721.0,93
201600045494,16,3,10,325,4,1,1,1,2.0,95018,M,,,95
201600045495,16,3,9,1845,3,1,1,1,3.0,93066,M,4892206.0,235860.0,93
201600045496,16,3,10,700,1,1,1,1,4.0,93027,M,4893720.0,240978.0,93
201600045497,16,3,10,1500,1,1,1,1,6.0,93078,M,4896393.0,255217.0,93
201600045498,16,3,10,1140,1,1,1,1,4.0,95500,M,,,95
201600045499,16,1,20,2050,3,1,1,1,6.0,95252,M,,,95
201600045500,16,3,11,1320,1,1,1,1,6.0,95394,M,,,95
201600045501,16,3,11,2030,5,1,1,1,2.0,93007,M,4894243.0,243204.0,93
201600045502,16,3,11,2140,3,1,1,1,4.0,93053,M,4888287.0,247086.0,93
201600045503,16,2,14,1130,1,1,1,1,6.0,95277,M,4897350.0,248590.0,95
201600045504,16,1,3,850,3,1,1,1,1.0,93027,M,4892842.0,241517.0,93
201600045505,16,1,27,840,1,1,1,2,2.0,93066,M,4892933.0,236095.0,93
201600045506,16,1,31,150,3,1,1,1,2.0,95582,M,,,95
201600045507,16,1,1,320,3,1,1,1,6.0,95061,M,,,95
201600045508,16,3,13,140,3,1,1,1,6.0,95500,M,,,95
201600045509,16,1,25,1545,1,1,1,1,6.0,93013,M,4894023.0,242355.0,93
201600045510,16,1,18,1840,1,1,1,1,6.0,93005,M,4895533.0,247353.0,93
201600045511,16,3,12,2010,3,1,1,1,7.0,93078,M,4896153.0,254480.0,93
201600045512,16,3,13,1805,1,1,1,1,2.0,92036,M,,,92
201600045513,16,3,12,1410,1,1,1,1,4.0,95018,M,,,95
201600045514,16,3,13,2345,3,1,1,1,4.0,93010,M,4888893.0,247375.0,93
201600045515,16,3,13,2153,3,1,1,1,7.0,93073,M,4896691.0,256073.0,93
201600045516,16,3,14,900,1,1,1,1,2.0,95527,M,,,95
201600045517,16,3,13,1700,1,1,1,1,4.0,93005,M,4896118.0,246897.0,93
201600045518,16,3,15,2100,3,1,1,1,3.0,93064,M,4888379.0,246812.0,93
201600045519,16,3,16,1845,1,1,1,1,6.0,93006,M,4886529.0,241895.0,93
201600045520,16,3,17,715,1,1,1,1,2.0,95277,M,4897350.0,248590.0,95
201600045521,16,3,17,650,1,1,1,1,2.0,93005,M,4892595.0,248127.0,93
201600045522,16,3,17,815,1,1,1,1,4.0,95394,M,,,95
201600045523,16,3,17,1310,1,1,1,1,4.0,93008,M,4891191.0,243924.0,93
201600045524,16,3,12,1400,1,1,1,1,3.0,93064,M,4888377.0,246796.0,93
201600045525,16,3,18,2055,3,1,1,1,2.0,95582,M,,,95
201600045526,16,3,9,900,1,1,1,3,3.0,93005,M,4895947.0,246576.0,93
201600045527,16,3,19,2205,3,1,1,1,6.0,95678,M,,,95
201600045528,16,3,20,2235,3,1,1,1,2.0,95277,M,,,95
201600045529,16,3,20,2200,3,1,1,1,7.0,93027,M,4892827.0,241224.0,93
201600045530,16,3,21,810,1,1,1,1,5.0,95500,M,,,95
201600045531,16,3,22,945,1,1,1,1,2.0,93005,M,4894574.0,247673.0,93
201600045532,16,3,22,1610,1,1,1,1,6.0,93066,M,4891936.0,235754.0,93
201600045533,16,3,23,100,3,1,1,1,3.0,95252,M,,,95
201600045534,16,3,23,1000,1,1,1,1,2.0,92036,M,,,92
201600045535,16,3,22,730,2,1,1,1,3.0,95252,M,,,95
201600045536,16,3,23,915,1,1,1,1,4.0,95582,M,,,95
201600045537,16,3,21,815,1,1,1,1,2.0,95500,M,,,95
201600045538,16,1,16,510,5,1,1,1,2.0,93008,M,4890892.0,244906.0,93
201600045539,16,3,25,1150,1,1,1,1,6.0,93053,M,4890970.0,235826.0,93
201600045540,16,3,26,330,3,1,1,1,6.0,95527,M,,,95
201600045541,16,3,26,420,3,1,1,1,6.0,95028,M,,,95
201600045542,16,3,25,1325,1,1,1,2,6.0,93053,M,4890341.0,235875.0,93
201600045543,16,3,25,1610,1,1,1,1,4.0,93078,M,4889069.0,247319.0,93
201600045544,16,3,25,1610,1,1,1,1,3.0,93053,M,4896351.0,255094.0,93
201600045545,16,3,27,815,2,1,1,1,6.0,92036,M,,,92
201600045546,16,3,28,1215,1,1,1,8,6.0,93005,M,4897260.0,248493.0,93
201600045547,16,3,28,1830,1,1,1,3,7.0,95572,M,,,95
201600045548,16,3,28,2000,2,1,1,3,3.0,93078,M,4896362.0,252128.0,93
201600045549,16,3,28,1120,1,1,1,2,7.0,93027,M,4892816.0,241159.0,93
201600045550,16,3,29,500,3,1,1,1,2.0,93001,M,4892094.0,237170.0,93
201600045551,16,3,28,1250,1,1,1,2,4.0,93005,M,4896797.0,250964.0,93
201600045552,16,3,23,900,1,1,1,1,4.0,95500,M,,,95
201600045553,16,3,29,1725,1,1,1,1,3.0,93006,M,4886589.0,242118.0,93
201600045554,16,3,29,1830,1,1,1,1,4.0,93027,M,4893780.0,241237.0,93
201600045555,16,3,30,725,1,1,1,2,3.0,93027,M,4893814.0,241448.0,93
201600045556,16,3,30,840,1,1,1,1,4.0,93005,M,4893304.0,248071.0,93
201600045557,16,3,27,1015,1,1,1,1,4.0,95582,M,,,95
201600045558,16,3,30,1745,1,1,1,2,3.0,93006,M,4886996.0,243019.0,93
201600045559,16,3,30,1939,1,1,1,2,3.0,93010,M,4889699.0,247000.0,93
201600045560,16,3,30,1400,1,1,1,2,4.0,93066,M,4893237.0,237256.0,93
201600045561,16,3,30,2000,3,1,1,1,2.0,95491,M,,,95
201600045562,16,3,31,2330,3,1,1,1,5.0,95527,M,,,95
201600045563,16,4,1,245,3,1,1,1,6.0,95582,M,,,95
201600045564,16,3,29,1240,1,1,1,1,1.0,93064,M,4888130.0,247421.0,93
201600045565,16,4,1,1300,1,1,1,1,3.0,93001,M,4892143.0,237571.0,93
201600045566,16,4,1,1435,1,1,1,1,1.0,93066,M,4891034.0,235825.0,93
201600045567,16,4,3,400,3,1,1,2,2.0,93064,M,4886675.0,248163.0,93
201600045568,16,4,3,720,2,1,1,2,6.0,95394,M,,,95
201600045569,16,4,3,805,1,1,1,1,3.0,93001,M,4892181.0,236544.0,93
201600045570,16,4,3,900,1,1,1,1,6.0,92036,M,,,92
201600045571,16,4,4,730,1,1,1,8,7.0,95582,M,,,95
201600045572,16,4,4,830,1,1,1,8,6.0,93078,M,4895842.0,253351.0,93
201600045573,16,4,4,1600,1,1,1,1,6.0,93013,M,4894080.0,242537.0,93
201600045574,16,4,5,800,1,1,1,1,7.0,95424,M,,,95
201600045575,16,4,6,930,1,1,1,1,2.0,93005,M,4896021.0,247343.0,93
201600045576,16,4,6,830,1,1,1,1,3.0,93010,M,4890403.0,247153.0,93
201600045577,16,4,5,940,1,1,1,1,2.0,92036,M,,,92
201600045578,16,4,6,830,1,1,1,1,3.0,95018,M,,,95
201600045579,16,4,6,1215,1,1,1,1,4.0,93066,M,4891390.0,235780.0,93
201600045580,16,4,6,2115,3,1,1,1,5.0,60612,M,4918179.0,260470.0,60
201600045581,16,4,6,1930,1,1,1,2,2.0,93027,M,4892475.0,239130.0,93
201600045582,16,4,6,1905,1,1,1,2,4.0,95018,M,,,95
201600045583,16,4,7,845,1,1,1,1,3.0,95582,M,,,95
201600045584,16,4,7,1500,1,1,1,2,4.0,93073,M,4896612.0,255828.0,93
201600045585,16,4,7,1646,1,1,1,2,4.0,93005,M,4892698.0,248156.0,93
201600045586,16,3,31,1940,1,1,1,1,6.0,95256,M,,,95
201600045587,16,3,31,2030,3,1,1,2,6.0,95256,M,,,95
201600045588,16,4,7,655,1,1,1,1,3.0,93010,M,4888893.0,247375.0,93
201600045589,16,4,8,625,3,1,1,1,2.0,95572,M,,,95
201600045590,16,4,8,1015,1,1,1,1,3.0,93048,M,4885861.0,248751.0,93
201600045591,16,4,8,1600,1,1,1,1,2.0,95678,M,,,95
201600045592,16,4,8,1605,1,1,1,1,6.0,95563,M,,,95
201600045593,16,4,9,345,4,1,1,1,2.0,93053,M,4889613.0,247042.0,93
201600045594,16,4,9,2245,3,1,1,1,6.0,93005,M,4896072.0,246789.0,93
201600045595,16,4,10,810,1,1,1,1,2.0,93078,M,4895899.0,252759.0,93
201600045596,16,4,11,1230,1,1,1,2,6.0,92036,M,,,92
201600045597,16,4,11,1100,1,1,1,2,6.0,93027,M,4892827.0,241224.0,93
201600045598,16,4,11,1520,1,1,1,1,6.0,93007,M,4893141.0,248115.0,93
201600045599,16,4,12,1238,1,1,1,1,6.0,93005,M,4895177.0,247432.0,93
201600045600,16,4,8,900,1,1,1,1,2.0,60612,M,4917798.0,260453.0,60
201600045601,16,4,11,1600,1,1,1,2,2.0,93006,M,4886638.0,241320.0,93
201600045602,16,4,13,930,1,1,1,2,4.0,93007,M,4894926.0,244675.0,93
201600045603,16,4,13,2000,1,1,1,1,1.0,93006,M,4886567.0,241990.0,93
201600045604,16,4,13,1340,1,1,1,1,2.0,93007,M,4894235.0,243179.0,93
201600045605,16,4,14,1830,1,1,1,2,6.0,92036,M,,,92
201600045606,16,4,15,835,1,1,1,1,7.0,95582,M,,,95
201600045607,16,4,15,1735,1,1,1,1,4.0,95572,M,,,95
201600045608,16,4,15,1830,1,1,1,1,4.0,92036,M,,,92
201600045609,16,4,15,2255,3,1,1,1,3.0,93001,M,4892087.0,237174.0,93