Num_Acc,an,mois,jour,hrmn,lum,agg,int,atm,col,com,gps,lat,long,dep
201600045610,16,4,16,130,3,1,1,1,4.0,95604,M,,,95
201600045611,16,4,16,2048,3,1,1,1,3.0,93005,M,4892070.0,247931.0,93
201600045612,16,4,16,1600,1,1,1,1,5.0,93078,M,,,93
201600045613,16,4,12,1835,1,1,1,1,7.0,93066,M,4890385.0,235850.0,93
201600045614,16,4,11,1830,1,1,1,2,4.0,93027,M,4892468.0,238982.0,93
201600045615,16,4,17,2345,3,1,1,1,2.0,95252,M,,,95
201600045616,16,4,18,1230,1,1,1,1,2.0,93005,M,,,93
201600045617,16,4,18,1710,1,1,1,1,6.0,93039,M,4892731.0,233419.0,93
201600045618,16,4,18,1800,1,1,1,1,4.0,95572,M,,,95
201600045619,16,4,18,1900,1,1,1,1,2.0,95018,M,,,95
201600045620,16,4,19,1500,1,1,1,1,6.0,93006,M,4886690.0,242530.0,93
201600045621,16,4,19,1700,1,1,1,1,4.0,93005,M,4893795.0,248004.0,93
201600045622,16,4,7,1100,1,1,1,1,3.0,95277,M,,,95
201600045623,16,4,7,1020,1,1,1,1,3.0,95018,M,,,95
201600045624,16,4,18,1410,1,1,1,1,3.0,93007,M,4893146.0,248109.0,93
201600045625,16,4,20,715,1,1,1,1,4.0,93048,M,4887244.0,243413.0,93
201600045626,16,4,18,2050,2,1,1,1,2.0,93066,M,4892279.0,234501.0,93
201600045627,16,4,20,1800,1,1,1,1,3.0,95563,M,,,95
201600045628,16,4,21,1640,1,1,1,1,6.0,93078,M,,,93
201600045629,16,4,21,1950,2,1,1,1,5.0,95582,M,,,95
201600045630,16,4,22,45,3,1,1,1,5.0,93064,M,4888392.0,246628.0,93
201600045631,16,4,2,1445,1,1,1,1,2.0,95572,M,,,95
201600045632,16,4,22,1500,1,1,1,1,2.0,93066,M,4890970.0,235810.0,93
201600045633,16,4,22,1820,1,1,1,1,6.0,95252,M,,,95
201600045634,16,4,22,1805,1,1,1,1,7.0,60631,M,4914216.0,257363.0,60
201600045635,16,4,22,2120,3,1,1,1,3.0,93010,M,4889158.0,247300.0,93
201600045636,16,4,22,330,3,1,1,1,6.0,95218,M,,,95
201600045637,16,4,24,1700,1,1,1,2,2.0,93053,M,4888561.0,247267.0,93
201600045638,16,4,24,1915,1,1,1,1,2.0,93027,M,4893720.0,240978.0,93
201600045639,16,4,25,2030,1,1,1,1,3.0,95351,M,,,95
201600045640,16,4,26,1430,1,1,1,1,6.0,93066,M,4892232.0,235858.0,93
201600045641,16,4,26,2015,1,1,1,2,6.0,95582,M,4896240.0,226390.0,95
201600045642,16,4,27,1000,1,1,1,1,6.0,95582,M,,,95
201600045643,16,4,27,1015,1,1,1,1,3.0,93048,M,4887124.0,243205.0,93
201600045644,16,4,27,1640,1,1,1,1,4.0,93010,M,4888936.0,247383.0,93
201600045645,16,4,27,1700,1,1,1,1,3.0,93053,M,4888196.0,245508.0,93
201600045646,16,4,28,530,2,1,1,1,2.0,95028,M,,,95
201600045647,16,4,27,1230,1,1,1,1,4.0,95678,M,,,95
201600045648,16,4,28,940,1,1,1,1,7.0,60494,M,4912622.0,255766.0,60
201600045649,16,4,28,1815,1,1,1,1,3.0,95256,M,,,95
201600045650,16,4,28,1915,1,1,1,1,5.0,92036,M,,,92
201600045651,16,4,28,2350,3,1,1,1,7.0,60631,M,4915160.0,258513.0,60
201600045652,16,4,26,900,1,1,1,2,2.0,93066,M,4892349.0,235701.0,93
201600045653,16,4,26,1255,1,1,1,1,7.0,92036,M,,,92
201600045654,16,4,30,440,3,1,1,3,3.0,93010,M,4889348.0,247222.0,93
201600045655,16,4,30,630,2,1,1,2,7.0,60612,M,4918628.0,260504.0,60
201600045656,16,4,26,830,1,1,1,1,4.0,95241,M,,,95
201600045657,16,5,1,2305,3,1,1,1,3.0,93027,M,4892707.0,240570.0,93
201600045658,16,5,2,5,3,1,1,1,2.0,95277,M,,,95
201600045659,16,5,2,1735,1,1,1,1,4.0,93066,M,4891936.0,235754.0,93
201600045660,16,5,2,1810,1,1,1,1,4.0,93053,M,4888893.0,247975.0,93
201600045661,16,5,3,1500,1,1,1,1,6.0,92036,M,,,92
201600045662,16,5,3,1000,1,1,1,1,5.0,93027,M,4892682.0,240440.0,93
201600045663,16,5,3,1950,1,1,1,1,4.0,95203,M,4897760.0,228930.0,95
201600045664,16,5,4,1430,1,1,1,1,6.0,93005,M,4894656.0,247639.0,93
201600045665,16,5,4,1521,1,1,1,1,5.0,93030,M,4893936.0,241962.0,93
201600045666,16,5,4,1440,1,1,1,1,3.0,95675,M,,,95
201600045667,16,5,4,1742,1,1,1,1,2.0,60631,M,4915699.0,259234.0,60
201600045668,16,5,6,1005,1,1,1,1,3.0,93066,M,4891210.0,235790.0,93
201600045669,16,5,4,1815,1,1,1,1,4.0,95042,M,,,95
201600045670,16,5,7,215,3,1,1,1,6.0,93066,M,4892630.0,233722.0,93
201600045671,16,5,6,1330,1,1,1,1,4.0,93066,M,4891660.0,235756.0,93
201600045672,16,5,6,1700,1,1,1,1,2.0,93005,M,4894568.0,247669.0,93
201600045673,16,5,7,1945,1,1,1,1,4.0,92078,M,,,92
201600045674,16,5,7,1500,1,1,1,1,4.0,93063,M,4887835.0,244648.0,93
201600045675,16,5,8,2145,3,1,1,1,6.0,93013,M,4894504.0,243881.0,93
201600045676,16,5,8,2005,1,1,1,1,7.0,95018,M,,,95
201600045677,16,5,9,930,1,1,1,1,4.0,93078,M,4896526.0,255566.0,93
201600045678,16,5,10,500,3,1,1,8,2.0,93066,M,4892812.0,235798.0,93
201600045679,16,5,10,730,1,1,1,1,3.0,93010,M,4890404.0,247135.0,93
201600045680,16,5,10,1115,1,1,1,1,3.0,93064,M,4886674.0,248163.0,93
201600045681,16,5,7,2320,3,1,1,1,2.0,95277,M,4897610.0,248120.0,95
201600045682,16,5,11,150,3,1,1,2,6.0,95582,M,,,95
201600045683,16,5,3,1915,1,1,1,1,4.0,93006,M,4886723.0,242675.0,93
201600045684,16,5,11,1118,1,1,1,1,6.0,95572,M,,,95
201600045685,16,5,11,2255,3,1,1,1,5.0,95572,M,,,95
201600045686,16,5,12,840,1,1,1,1,4.0,93029,M,4891914.0,242851.0,93
201600045687,16,5,12,645,1,1,1,1,3.0,95252,M,,,95
201600045688,16,5,12,800,1,1,1,1,1.0,93066,M,4892221.0,235995.0,93
201600045689,16,5,5,1400,1,1,1,1,4.0,92036,M,,,92
201600045690,16,5,1,900,1,1,1,1,6.0,95365,M,,,95
201600045691,16,5,13,5,3,1,1,1,6.0,93027,M,4892847.0,241358.0,93
201600045692,16,5,11,1940,1,1,1,1,3.0,93008,M,4891099.0,244141.0,93
201600045693,16,5,11,1800,1,1,1,2,6.0,95682,M,,,95
201600045694,16,5,11,1600,1,1,1,2,2.0,93063,M,4888080.0,245221.0,93
201600045695,16,5,1,700,2,1,1,1,7.0,92036,M,,,92
201600045696,16,5,11,1330,1,1,1,2,2.0,93053,M,4888335.0,245795.0,93
201600045697,16,4,30,1630,1,1,1,2,2.0,95176,M,,,95
201600045698,16,5,13,1830,1,1,1,1,5.0,93048,M,4887301.0,243528.0,93
201600045699,16,5,2,645,2,1,1,1,3.0,95582,M,,,95
201600045700,16,5,14,1525,1,1,1,1,7.0,93005,M,4896803.0,247786.0,93
201600045701,16,5,15,40,3,1,1,1,4.0,93064,M,4887336.0,248005.0,93
201600045702,16,5,14,2045,1,1,1,1,3.0,95488,M,,,95
201600045703,16,5,15,1440,1,1,1,1,6.0,95351,M,,,95
201600045704,16,5,15,1455,1,1,1,1,2.0,93007,M,4895432.0,245647.0,93
201600045705,16,5,15,1715,1,1,1,1,3.0,95572,M,,,95
201600045706,16,5,15,1940,1,1,1,1,1.0,93064,M,4887906.0,247610.0,93
201600045707,16,5,15,125,3,1,1,1,1.0,93013,M,4893997.0,242221.0,93
201600045708,16,5,16,1500,1,1,1,1,3.0,92078,M,,,92
201600045709,16,5,16,1820,1,1,1,1,4.0,92036,M,,,92
201600045710,16,5,17,840,1,1,1,1,6.0,95607,M,,,95
201600045711,16,5,17,1500,1,1,1,1,2.0,95563,M,,,95
201600045712,16,5,14,550,2,1,1,1,2.0,93066,M,4890296.0,235879.0,93
201600045713,16,5,14,1130,1,1,1,1,5.0,93007,M,4894673.0,244201.0,93
201600045714,16,5,4,900,1,1,1,1,5.0,93005,M,4893497.0,247754.0,93
201600045715,16,5,18,1020,1,1,1,1,7.0,93078,M,4896392.0,255217.0,93
201600045716,16,4,29,1805,1,1,1,1,5.0,93066,M,4891031.0,235797.0,93
201600045717,16,5,11,1515,1,1,1,1,2.0,93063,M,4887618.0,244190.0,93
201600045718,16,5,19,1900,1,1,1,1,6.0,95151,M,,,95
201600045719,16,5,19,745,1,1,1,2,5.0,93066,M,4891899.0,235729.0,93
201600045720,16,5,19,1610,1,1,1,1,4.0,93066,M,4891390.0,235780.0,93
201600045721,16,5,20,2030,1,1,1,1,6.0,93073,M,4896724.0,256211.0,93
201600045722,16,5,22,630,1,1,1,8,2.0,93066,M,4892994.0,236415.0,93
201600045723,16,5,22,710,1,1,1,1,6.0,95582,M,,,95
201600045724,16,5,22,945,1,1,1,2,7.0,93005,M,4896695.0,247769.0,93
201600045725,16,5,22,1320,1,1,1,2,7.0,95491,M,,,95
201600045726,16,5,22,1340,1,1,1,3,6.0,93064,M,4888627.0,248464.0,93
201600045727,16,5,11,747,1,1,1,1,6.0,95252,M,,,95
201600045728,16,5,22,1600,1,1,1,3,6.0,95527,M,,,95
201600045729,16,5,22,1800,1,1,1,2,6.0,95527,M,,,95
201600045730,16,5,22,2130,3,1,1,2,6.0,93064,M,4888392.0,246628.0,93
201600045731,16,5,22,345,3,1,1,3,6.0,95527,M,,,95
201600045732,16,5,23,130,3,1,1,2,2.0,93006,M,4886992.0,243034.0,93
201600045733,16,5,23,710,1,1,1,3,5.0,95252,M,,,95
201600045734,16,5,23,1200,1,1,1,2,6.0,95491,M,,,95
201600045735,16,5,23,1250,1,1,1,2,6.0,95582,M,,,95
201600045736,16,5,23,1330,1,1,1,2,2.0,93006,M,4886690.0,242530.0,93
201600045737,16,5,23,1400,1,1,1,2,7.0,93027,M,4892817.0,241758.0,93
201600045738,16,5,23,1350,1,1,1,2,3.0,93078,M,4896309.0,252225.0,93
201600045739,16,5,23,1905,1,1,1,1,3.0,95395,M,,,95
201600045740,16,5,24,830,1,1,1,1,4.0,95582,M,4896250.0,226330.0,95
201600045741,16,5,23,2050,1,1,1,1,6.0,93064,M,4887258.0,248072.0,93
201600045742,16,5,19,1135,1,1,1,1,3.0,93008,M,4890827.0,245161.0,93
201600045743,16,5,23,1908,1,1,1,2,6.0,93078,M,4896418.0,252023.0,93
201600045744,16,5,23,1800,1,1,1,2,5.0,95527,M,,,95
201600045745,16,5,23,1640,1,1,1,2,2.0,93064,M,4886426.0,248225.0,93
201600045746,16,5,23,1830,1,1,1,1,5.0,93066,M,4892093.0,237379.0,93
201600045747,16,5,18,2000,1,1,1,1,6.0,93010,M,4889707.0,246963.0,93
201600045748,16,5,18,1600,1,1,1,3,4.0,95527,M,,,95
201600045749,16,5,18,1900,1,1,1,2,4.0,93053,M,4888335.0,245795.0,93
201600045750,16,5,25,650,1,1,1,1,4.0,93007,M,4894214.0,247816.0,93
201600045751,16,5,25,1000,1,1,1,1,2.0,95582,M,,,95
201600045752,16,5,22,1240,1,1,1,1,3.0,93027,M,4892786.0,240958.0,93
201600045753,16,5,20,945,1,1,1,1,2.0,95675,M,,,95
201600045754,16,5,26,1930,1,1,1,1,6.0,95572,M,,,95
201600045755,16,2,27,1744,1,1,1,1,3.0,93078,M,4897101.0,249971.0,93
201600045756,16,5,27,1415,1,1,1,1,5.0,95491,M,,,95
201600045757,16,5,27,1640,1,1,1,1,5.0,95500,M,,,95
201600045758,16,5,28,430,3,1,1,1,7.0,95582,M,,,95
201600045759,16,5,28,1110,1,1,1,1,2.0,95351,M,,,95
201600045760,16,5,28,1500,1,1,1,3,6.0,95018,M,,,95
201600045761,16,5,28,1600,1,1,1,2,2.0,93053,M,4889112.0,247331.0,93
201600045762,16,5,28,1815,1,1,1,2,4.0,92078,M,,,92
201600045763,16,5,28,430,3,1,1,8,4.0,95424,M,,,95
201600045764,16,5,29,210,5,1,1,1,6.0,93008,M,4891123.0,244085.0,93
201600045765,16,5,29,30,5,1,1,1,2.0,93066,M,4892115.0,235741.0,93
201600045766,16,5,28,2030,1,1,1,2,5.0,95582,M,,,95
201600045767,16,5,29,1100,1,1,1,1,6.0,93027,M,4892337.0,238337.0,93
201600045768,16,5,30,840,1,1,1,3,6.0,95582,M,,,95
201600045769,16,5,30,1130,1,1,1,3,6.0,95018,M,,,95
201600045770,16,5,30,2120,3,1,1,2,7.0,93027,M,4892846.0,241633.0,93
201600045771,16,5,30,2355,3,1,1,2,2.0,95252,M,,,95
201600045772,16,5,30,2320,3,1,1,3,3.0,95582,M,,,95
201600045773,16,5,31,550,2,1,1,3,6.0,93027,M,4892856.0,241493.0,93
201600045774,16,5,2,920,1,1,1,1,4.0,93008,M,4890826.0,245161.0,93
201600045775,16,5,24,1650,1,1,1,1,2.0,93007,M,4894628.0,244190.0,93
201600045776,16,5,29,1905,1,1,1,1,4.0,93063,M,4887806.0,244575.0,93
201600045777,16,5,31,2200,3,1,1,2,7.0,95277,M,4897350.0,248590.0,95
201600045778,16,5,31,2140,3,1,1,2,6.0,93027,M,4892774.0,240983.0,93
201600045779,16,5,31,2315,3,1,1,2,6.0,93066,M,4893447.0,239765.0,93
201600045780,16,5,11,1915,1,1,1,1,7.0,92036,M,,,92
201600045781,16,5,31,1830,1,1,1,2,3.0,95582,M,,,95
201600045782,16,5,31,2040,1,1,1,2,7.0,93064,M,4888458.0,249093.0,93
201600045783,16,6,1,1415,1,1,1,1,7.0,60612,M,4918842.0,260415.0,60
201600045784,16,6,1,50,3,1,1,2,6.0,95607,M,,,95
201600045785,16,6,1,1800,1,1,1,3,5.0,60612,M,4919538.0,260397.0,60
201600045786,16,6,1,1900,1,1,1,2,2.0,93063,M,4887780.0,244519.0,93
201600045787,16,6,2,1635,1,1,1,1,1.0,93078,M,4896357.0,255094.0,93
201600045788,16,6,2,1700,1,1,1,2,5.0,93010,M,4888903.0,247392.0,93
201600045789,16,6,3,915,1,1,1,1,3.0,95018,M,,,95
201600045790,16,6,3,1015,1,1,1,2,1.0,93066,M,4891899.0,235729.0,93
201600045791,16,4,30,600,2,1,1,1,6.0,93005,M,4893780.0,247988.0,93
201600045792,16,6,3,1515,1,1,1,1,6.0,95394,M,,,95
201600045793,16,6,3,1715,1,1,1,1,2.0,95572,M,,,95
201600045794,16,6,3,1450,1,1,1,1,2.0,93063,M,4887835.0,244648.0,93
201600045795,16,6,3,2230,3,1,1,1,4.0,93053,M,4889491.0,247105.0,93
201600045796,16,6,3,1945,1,1,1,1,7.0,93078,M,4896342.0,252122.0,93
201600045797,16,6,4,1045,1,1,1,1,2.0,93005,M,4895009.0,247483.0,93
201600045798,16,4,24,2045,1,1,1,1,6.0,95582,M,,,95
201600045799,16,3,9,930,1,1,1,1,3.0,92036,M,,,92
201600045800,16,6,1,840,1,1,1,2,5.0,95252,M,,,95
201600045801,16,6,5,300,3,1,1,2,6.0,93027,M,4892817.0,241761.0,93
201600045802,16,6,5,855,1,1,1,2,6.0,95582,M,,,95
201600045803,16,6,5,645,1,1,1,2,6.0,93027,M,4892911.0,255004.0,93
201600045804,16,6,5,655,1,1,1,2,1.0,93027,M,4892829.0,241227.0,93
201600045805,16,6,5,1100,1,1,1,1,1.0,93027,M,4892774.0,240983.0,93
201600045806,16,6,1,545,1,1,1,3,5.0,95277,M,4897280.0,248720.0,95
201600045807,16,6,5,1155,1,1,1,1,1.0,93048,M,4887179.0,243337.0,93
201600045808,16,6,1,1015,1,1,1,1,6.0,95018,M,,,95
201600045809,16,6,5,1720,1,1,1,1,4.0,93063,M,4888035.0,245111.0,93
201600045810,16,6,5,2310,3,1,1,1,2.0,95277,M,4897580.0,248220.0,95
201600045811,16,6,5,2110,2,1,1,1,6.0,95582,M,,,95
201600045812,16,6,6,840,1,1,1,5,6.0,93005,M,4896803.0,247786.0,93
201600045813,16,6,5,2010,1,1,1,1,2.0,95154,M,,,95
201600045814,16,6,6,1635,1,1,1,1,3.0,92078,M,,,92
201600045815,16,6,6,1750,1,1,1,1,2.0,95219,M,,,95
201600045816,16,6,6,1900,1,1,1,1,3.0,93053,M,4888979.0,247343.0,93
201600045817,16,6,6,1940,1,1,1,1,3.0,95256,M,,,95
201600045818,16,6,6,1002,1,1,1,1,7.0,60138,M,4922217.0,264058.0,60
201600045819,16,6,7,1430,1,1,1,1,2.0,92078,M,,,92
201600045820,16,6,7,1430,1,1,1,1,1.0,92036,M,,,92
201600045821,16,6,7,1450,1,1,1,1,3.0,93053,M,4889372.0,247234.0,93
201600045822,16,6,6,1855,1,1,1,1,3.0,95394,M,,,95
201600045823,16,6,7,2020,1,1,1,1,3.0,93006,M,4886581.0,242172.0,93
201600045824,16,6,8,855,1,1,1,1,3.0,95277,M,,,95
201600045825,16,6,8,910,1,1,1,1,2.0,95365,M,,,95
201600045826,16,6,8,1445,1,1,1,1,4.0,95572,M,,,95
201600045827,16,6,8,1750,1,1,1,1,6.0,95212,M,,,95
201600045828,16,6,8,1930,1,1,1,1,3.0,93066,M,4892209.0,236411.0,93
201600045829,16,6,8,830,1,1,1,1,4.0,95607,M,,,95
201600045830,16,6,9,1825,1,1,1,1,2.0,92036,M,,,92
201600045831,16,6,9,1810,1,1,1,1,2.0,93005,M,4892330.0,248049.0,93
201600045832,16,3,9,1030,1,1,1,2,6.0,95582,M,,,95
201600045833,16,6,10,1430,1,1,1,1,7.0,93078,M,4895830.0,252809.0,93
201600045834,16,6,10,2030,1,1,1,1,2.0,93010,M,4890653.0,247247.0,93
201600045835,16,6,10,1830,1,1,1,1,4.0,95572,M,,,95
201600045836,16,9,5,1625,1,1,1,2,6.0,95572,M,,,95
201600045837,16,6,12,300,3,1,1,1,4.0,95488,M,,,95
201600045838,16,6,12,1500,1,1,1,2,3.0,93005,M,4897320.0,248834.0,93
201600045839,16,6,12,2140,2,1,1,8,6.0,93066,M,4892812.0,235798.0,93
201600045840,16,6,12,2310,3,1,1,2,6.0,93027,M,4892829.0,241227.0,93
201600045841,16,6,12,1025,1,1,1,1,6.0,93010,M,4891455.0,247732.0,93
201600045842,16,6,12,808,1,1,1,1,6.0,95527,M,,,95
201600045843,16,6,13,500,2,1,1,1,6.0,95607,M,,,95
201600045844,16,6,10,2000,1,1,1,1,4.0,95018,M,,,95
201600045845,16,6,12,2000,1,1,1,2,7.0,92036,M,,,92
201600045846,16,6,12,1900,1,1,1,2,6.0,95018,M,,,95
201600045847,16,6,13,1430,1,1,1,1,7.0,93008,M,4891573.0,243024.0,93
201600045848,16,6,12,1915,1,1,1,2,6.0,95572,M,,,95
201600045849,16,6,12,2120,1,1,1,1,6.0,95256,M,,,95
201600045850,16,6,14,10,3,1,1,1,7.0,93053,M,4888230.0,245558.0,93
201600045851,16,6,14,1515,1,1,1,1,4.0,95277,M,4897710.0,247530.0,95
201600045852,16,6,14,1830,1,1,1,1,2.0,93053,M,4889113.0,247340.0,93
201600045853,16,6,14,1930,1,1,1,1,2.0,93078,M,4896357.0,255094.0,93
201600045854,16,6,14,2120,3,1,1,8,2.0,93027,M,4892774.0,240983.0,93
201600045855,16,6,15,515,3,1,1,2,6.0,93010,M,4891311.0,247695.0,93
201600045856,16,6,15,740,1,1,1,2,3.0,93005,M,4896803.0,247786.0,93
201600045857,16,6,15,745,1,1,1,3,6.0,95582,M,4896420.0,226810.0,95
201600045858,16,6,15,1810,1,1,1,1,5.0,93064,M,4887709.0,247766.0,93
201600045859,16,6,15,1930,1,1,1,1,3.0,93064,M,4887510.0,247872.0,93
201600045860,16,6,16,750,1,1,1,8,7.0,92036,M,,,92
201600045861,16,6,16,920,1,1,1,8,6.0,95395,M,,,95
201600045862,16,6,17,25,3,1,1,1,2.0,95252,M,,,95
201600045863,16,6,17,830,1,1,1,1,3.0,95582,M,,,95
201600045864,16,6,16,930,1,1,1,1,5.0,95582,M,,,95
201600045865,16,6,18,320,3,1,1,1,6.0,95394,M,,,95
201600045866,16,6,17,1340,1,1,1,2,3.0,93066,M,4892209.0,236411.0,93
201600045867,16,6,17,1459,1,1,1,2,2.0,95582,M,,,95
201600045868,16,6,16,1430,1,1,1,1,6.0,93005,M,4894983.0,247739.0,93
201600045869,16,6,17,1800,1,1,1,1,2.0,95277,M,,,95
201600045870,16,6,15,1230,1,1,1,1,4.0,93066,M,4893315.0,237708.0,93
201600045871,16,6,15,930,1,1,1,8,3.0,95582,M,,,95
201600045872,16,6,17,1710,1,1,1,1,5.0,93048,M,4887301.0,243528.0,93
201600045873,16,6,19,807,1,1,1,1,6.0,95306,M,,,95
201600045874,16,6,19,600,1,1,1,1,6.0,93013,M,4893873.0,241615.0,93
201600045875,16,6,18,2330,3,1,1,1,6.0,95219,M,,,95
201600045876,16,6,18,2020,1,1,1,1,7.0,93027,M,4892337.0,238337.0,93
201600045877,16,6,20,815,1,1,1,2,4.0,95018,M,,,95
201600045878,16,6,20,1410,1,1,1,2,4.0,93053,M,4888192.0,245516.0,93
201600045879,16,6,20,2220,3,1,1,2,7.0,95527,M,,,95
201600045880,16,6,20,2230,4,1,1,2,3.0,93078,M,4895842.0,253351.0,93
201600045881,16,6,18,400,3,1,1,1,6.0,95488,M,,,95
201600045882,16,6,21,800,1,1,1,2,7.0,95061,M,,,95
201600045883,16,6,20,1820,1,1,1,2,3.0,95277,M,,,95
201600045884,16,6,20,1948,1,1,1,2,6.0,93027,M,4892844.0,241527.0,93
201600045885,16,6,21,1600,1,1,1,2,6.0,95394,M,,,95
201600045886,16,6,21,1834,1,1,1,2,2.0,95607,M,,,95
201600045887,16,6,21,1605,1,1,1,2,7.0,93013,M,4894145.0,242875.0,93
201600045888,16,6,22,655,4,1,1,1,5.0,95219,M,,,95
201600045889,16,6,23,805,1,1,1,1,1.0,93066,M,4893130.0,236856.0,93
201600045890,16,6,4,1810,1,1,1,1,2.0,93066,M,4891899.0,235729.0,93
201600045891,16,6,17,1545,1,1,1,2,5.0,93066,M,4892261.0,234772.0,93
201600045892,16,6,6,845,1,1,1,5,4.0,92036,M,,,92
201600045893,16,6,24,1105,1,1,1,1,6.0,93064,M,4886682.0,248142.0,93
201600045894,16,6,20,910,1,1,1,1,7.0,93064,M,4888670.0,247783.0,93
201600045895,16,6,24,2220,3,1,1,1,7.0,93053,M,4888189.0,247395.0,93
201600045896,16,6,13,745,1,1,1,1,4.0,95582,M,,,95
201600045897,16,6,24,1100,1,1,1,1,7.0,93066,M,4892903.0,235971.0,93
201600045898,16,6,25,835,1,1,1,1,6.0,93005,M,4896501.0,247476.0,93
201600045899,16,6,25,1630,1,1,1,1,2.0,93073,M,4896726.0,256215.0,93
201600045900,16,6,24,1950,1,1,1,1,3.0,93066,M,4892261.0,234772.0,93
201600045901,16,6,26,845,1,1,1,1,7.0,95151,M,,,95
201600045902,16,6,26,1820,1,1,1,1,2.0,93008,M,4889938.0,246927.0,93
201600045903,16,6,26,409,3,1,1,1,6.0,93078,M,4895791.0,253072.0,93
201600045904,16,6,27,30,5,1,1,1,2.0,93027,M,4892337.0,238337.0,93
201600045905,16,6,27,1310,1,1,1,2,5.0,95572,M,,,95
201600045906,16,6,23,1230,1,1,1,1,6.0,92036,M,,,92
201600045907,16,6,26,1830,1,1,1,1,5.0,95018,M,,,95
201600045908,16,6,27,1602,1,1,1,1,2.0,93013,M,4893873.0,241615.0,93
201600045909,16,6,27,1410,1,1,1,2,3.0,95527,M,,,95
201600045910,16,6,27,1640,1,1,1,1,2.0,95365,M,,,95
201600045911,16,6,27,2040,1,1,1,1,2.0,95675,M,,,95
201600045912,16,6,28,2230,3,1,1,1,3.0,95394,M,,,95
201600045913,16,6,29,150,3,1,1,1,2.0,93007,M,4895326.0,245419.0,93
201600045914,16,6,29,850,1,1,1,1,5.0,93005,M,4895942.0,246599.0,93
201600045915,16,5,3,1830,1,1,1,1,4.0,93078,M,4896514.0,255584.0,93
201600045916,16,6,29,1000,1,1,1,1,3.0,93063,M,4887994.0,245060.0,93
201600045917,16,6,29,1040,1,1,1,1,6.0,95527,M,,,95
201600045918,16,6,29,630,5,1,1,1,2.0,95607,M,,,95
201600045919,16,6,30,1310,1,1,1,1,7.0,92036,M,,,92
201600045920,16,6,30,1630,1,1,1,2,6.0,95306,M,,,95
201600045921,16,6,30,1740,1,1,1,1,4.0,93066,M,,,93
201600045922,16,6,28,1945,1,1,1,1,3.0,93053,M,4888592.0,247264.0,93
201600045923,16,6,28,1630,1,1,1,1,2.0,93053,M,4888342.0,245855.0,93
201600045924,16,7,1,800,1,1,1,1,3.0,95028,M,,,95
201600045925,16,7,1,1645,1,1,1,1,2.0,92078,M,,,92
201600045926,16,7,1,1650,1,1,1,1,4.0,95607,M,,,95
201600045927,16,7,1,1800,1,1,1,1,7.0,92036,M,,,92
201600045928,16,7,1,1810,1,1,1,1,6.0,93027,M,4893815.0,241446.0,93
201600045929,16,7,1,1500,1,1,1,1,3.0,93048,M,4887312.0,243593.0,93
201600045930,16,7,2,2110,2,1,1,1,6.0,95527,M,,,95
201600045931,16,7,3,410,3,1,1,1,6.0,95306,M,,,95
201600045932,16,7,2,1300,1,1,1,1,3.0,95500,M,,,95
201600045933,16,7,3,1800,1,1,1,2,6.0,95018,M,,,95
201600045934,16,7,3,1900,1,1,1,1,1.0,93063,M,4887781.0,244518.0,93
201600045935,16,7,3,2115,2,1,1,3,6.0,95582,M,,,95
201600045936,16,7,4,235,3,1,1,1,7.0,92036,M,,,92
201600045937,16,7,4,50,3,1,1,1,6.0,95394,M,,,95
201600045938,16,7,3,1615,1,1,1,1,4.0,93066,M,4891936.0,235754.0,93
201600045939,16,7,3,2100,2,1,1,2,6.0,95252,M,,,95
201600045940,16,7,3,2020,1,1,1,1,6.0,95351,M,,,95
201600045941,16,7,4,815,1,1,1,1,2.0,95527,M,,,95
201600045942,16,5,5,1615,1,1,1,1,4.0,93066,M,4892618.0,235680.0,93
201600045943,16,4,30,1322,1,1,1,1,2.0,93005,M,4896017.0,247351.0,93
201600045944,16,5,2,545,5,1,1,1,2.0,93008,M,4891243.0,243716.0,93
201600045945,16,5,12,1930,1,1,1,1,3.0,93053,M,4889288.0,247271.0,93
201600045946,16,7,1,1100,1,1,1,1,4.0,93005,M,4895007.0,247490.0,93
201600045947,16,7,4,2200,2,1,1,1,6.0,95252,M,,,95
201600045948,16,7,5,230,3,1,1,1,6.0,93008,M,4889995.0,246935.0,93
201600045949,16,7,5,430,4,1,1,1,5.0,95277,M,,,95
201600045950,16,5,23,955,1,1,1,2,4.0,95018,M,,,95
201600045951,16,7,5,2100,1,1,1,1,4.0,93078,M,4896003.0,253990.0,93
201600045952,16,7,4,1500,1,1,1,1,4.0,93010,M,4891061.0,247528.0,93
201600045953,16,7,6,1450,1,1,1,1,6.0,93007,M,4894462.0,243827.0,93
201600045954,16,7,6,1740,1,1,1,1,2.0,93078,M,4895933.0,253738.0,93
201600045955,16,7,7,210,3,1,1,1,6.0,93078,M,4896180.0,252416.0,93
201600045956,16,7,7,1535,1,1,1,1,7.0,93063,M,4887948.0,244939.0,93
201600045957,16,7,7,1720,1,1,1,1,3.0,93066,M,4891936.0,235754.0,93
201600045958,16,7,7,1630,1,1,1,1,6.0,93010,M,4890449.0,247169.0,93
201600045959,16,7,8,600,1,1,1,1,6.0,95241,M,,,95
201600045960,16,7,9,315,3,1,1,1,2.0,95582,M,,,95
201600045961,16,7,9,100,3,1,1,1,5.0,93027,M,4893520.0,240161.0,93
201600045962,16,7,9,200,3,1,1,1,4.0,95306,M,,,95
201600045963,16,7,9,630,1,1,1,1,2.0,93029,M,4891914.0,242851.0,93