Num_Acc,an,mois,jour,hrmn,lum,agg,int,atm,col,com,gps,lat,long,dep
201600045964,16,7,10,40,3,1,1,1,2.0,93064,M,4888627.0,248462.0,93
201600045965,16,7,8,1445,1,1,1,1,4.0,93027,M,4892452.0,238998.0,93
201600045966,16,7,9,1940,1,1,1,1,3.0,95018,M,,,95
201600045967,16,7,10,720,1,1,1,1,6.0,95060,M,,,95
201600045968,16,7,10,1935,1,1,1,1,4.0,95042,M,,,95
201600045969,16,7,8,130,3,1,1,1,5.0,93078,M,4896246.0,252324.0,93
201600045970,16,7,11,2135,1,1,1,1,4.0,95018,M,,,95
201600045971,16,6,19,1005,1,1,1,1,6.0,95500,M,,,95
201600045972,16,7,10,1830,1,1,1,1,4.0,95018,M,,,95
201600045973,16,7,7,1240,1,1,1,1,5.0,93048,M,4887188.0,243308.0,93
201600045974,16,7,12,845,1,1,1,1,6.0,93005,M,4892330.0,248089.0,93
201600045975,16,7,12,1945,1,1,1,1,6.0,93001,M,4892143.0,237571.0,93
201600045976,16,7,11,1510,1,1,1,1,6.0,95151,M,,,95
201600045977,16,7,13,2200,1,1,1,1,3.0,92078,M,,,92
201600045978,16,7,16,10,3,1,1,1,2.0,95394,M,,,95
201600045979,16,7,18,120,3,1,1,1,2.0,95018,M,,,95
201600045980,16,7,18,210,3,1,1,1,6.0,93053,M,,,93
201600045981,16,7,18,900,1,1,1,1,2.0,93027,M,4893456.0,239688.0,93
201600045982,16,7,18,1610,1,1,1,1,4.0,92036,M,,,92
201600045983,16,7,18,1510,1,1,1,1,3.0,93010,M,4889752.0,246979.0,93
201600045984,16,7,18,1000,1,1,1,1,2.0,95212,M,,,95
201600045985,16,7,18,1050,1,1,1,1,3.0,60494,M,4913105.0,256007.0,60
201600045986,16,7,18,2010,1,1,1,1,6.0,92036,M,,,92
201600045987,16,7,19,1600,1,1,1,1,3.0,93005,M,4895776.0,246258.0,93
201600045988,16,7,20,1710,1,1,1,1,5.0,92036,M,,,92
201600045989,16,7,21,220,3,1,1,1,6.0,93005,M,4896000.0,246701.0,93
201600045990,16,7,20,1120,1,1,1,1,2.0,93005,M,4892330.0,248049.0,93
201600045991,16,7,20,830,1,1,1,1,7.0,95582,M,,,95
201600045992,16,7,21,1448,1,1,1,1,5.0,92036,M,,,92
201600045993,16,7,21,1710,1,1,1,1,6.0,92036,M,,,92
201600045994,16,7,21,1810,1,1,1,1,2.0,95572,M,,,95
201600045995,16,7,21,2200,3,1,1,1,7.0,93005,M,4896000.0,246701.0,93
201600045996,16,7,22,300,3,1,1,1,6.0,93027,M,4893723.0,241061.0,93
201600045997,16,7,23,1120,1,1,1,1,7.0,93005,M,4894521.0,247691.0,93
201600045998,16,7,22,1855,1,1,1,1,2.0,93006,M,4886617.0,241261.0,93
201600045999,16,7,23,1440,1,1,1,1,2.0,95555,M,4896950.0,227520.0,95
201600046000,16,7,24,215,3,1,1,1,4.0,93008,M,4890581.0,246244.0,93
201600046001,16,7,24,320,3,1,1,1,6.0,92036,M,,,92
201600046002,16,7,24,2010,1,1,1,1,4.0,93008,M,4890690.0,245582.0,93
201600046003,16,7,25,100,3,1,1,1,6.0,95563,M,,,95
201600046004,16,7,25,320,4,1,1,1,2.0,95527,M,,,95
201600046005,16,7,25,1530,1,1,1,1,2.0,93005,M,4895892.0,247332.0,93
201600046006,16,7,25,1600,1,1,1,1,2.0,93027,M,4892568.0,239637.0,93
201600046007,16,7,25,1715,1,1,1,1,6.0,95018,M,,,95
201600046008,16,7,25,2015,2,1,1,1,6.0,95256,M,,,95
201600046009,16,7,26,1405,1,1,1,1,6.0,93006,M,4886690.0,242530.0,93
201600046010,16,7,27,815,1,1,1,1,3.0,93007,M,4894787.0,244413.0,93
201600046011,16,7,27,1905,1,1,1,1,6.0,93005,M,4891644.0,247794.0,93
201600046012,16,7,28,710,1,1,1,1,6.0,92036,M,,,92
201600046013,16,7,28,910,1,1,1,1,3.0,95018,M,,,95
201600046014,16,7,28,1010,1,1,1,2,2.0,95028,M,,,95
201600046015,16,7,29,500,3,1,1,1,6.0,95572,M,,,95
201600046016,16,7,29,859,1,1,1,1,2.0,95682,M,,,95
201600046017,16,7,29,920,1,1,1,2,6.0,93008,M,4890160.0,246903.0,93
201600046018,16,7,29,1000,1,1,1,2,4.0,93053,M,4888981.0,247347.0,93
201600046019,16,7,29,1545,1,1,1,1,6.0,93048,M,4887301.0,243528.0,93
201600046020,16,7,29,1805,1,1,1,1,6.0,93027,M,4893723.0,241061.0,93
201600046021,16,7,30,615,3,1,1,1,6.0,95572,M,,,95
201600046022,16,7,25,1220,1,1,1,1,2.0,93063,M,4888081.0,245220.0,93
201600046023,16,7,23,1445,1,1,1,1,2.0,95252,M,,,95
201600046024,16,7,30,1740,1,1,1,1,2.0,93066,M,4892197.0,236403.0,93
201600046025,16,7,30,1920,1,1,1,1,5.0,93066,M,4892197.0,236403.0,93
201600046026,16,7,31,1430,1,1,1,1,2.0,93064,M,4887675.0,247760.0,93
201600046027,16,7,31,1845,1,1,1,1,2.0,95488,M,,,95
201600046028,16,7,31,355,3,1,1,1,3.0,95641,M,,,95
201600046029,16,7,31,2240,3,1,1,1,4.0,93005,M,4896118.0,246897.0,93
201600046030,16,8,1,845,1,1,1,1,2.0,95212,M,,,95
201600046031,16,8,1,1725,1,1,1,1,3.0,92036,M,,,92
201600046032,16,8,2,850,1,1,1,1,6.0,95582,M,,,95
201600046033,16,8,2,1000,1,1,1,2,2.0,93053,M,4888335.0,245795.0,93
201600046034,16,8,2,1430,1,1,1,2,6.0,93039,M,4892723.0,233364.0,93
201600046035,16,8,2,1900,1,1,1,1,1.0,93066,M,4891034.0,235825.0,93
201600046036,16,8,3,850,1,1,1,8,6.0,93027,M,4892568.0,239637.0,93
201600046037,16,8,3,845,1,1,1,1,1.0,92078,M,,,92
201600046038,16,8,3,735,1,1,1,2,3.0,95572,M,,,95
201600046039,16,8,3,1359,1,1,1,1,3.0,95277,M,,,95
201600046040,16,8,3,2155,3,1,1,1,5.0,95252,M,,,95
201600046041,16,8,3,2240,3,1,1,2,1.0,93064,M,4888623.0,248464.0,93
201600046042,16,8,4,1210,1,1,1,2,2.0,95582,M,,,95
201600046043,16,7,23,1415,1,1,1,1,2.0,93039,M,4892698.0,233465.0,93
201600046044,16,8,6,20,4,1,1,1,2.0,93053,M,4888192.0,245516.0,93
201600046045,16,8,5,2310,3,1,1,1,4.0,93010,M,4888936.0,247383.0,93
201600046046,16,8,2,1210,1,1,1,1,2.0,95527,M,,,95
201600046047,16,8,7,530,5,1,1,1,2.0,93066,M,4891210.0,235810.0,93
201600046048,16,8,4,1255,1,1,1,1,6.0,95018,M,,,95
201600046049,16,8,8,815,1,1,1,1,4.0,95277,M,,,95
201600046050,16,8,9,1130,1,1,1,1,6.0,93064,M,4883544.0,257067.0,93
201600046051,16,8,4,1815,1,1,1,1,2.0,93029,M,4891920.0,242825.0,93
201600046052,16,8,6,1010,1,1,1,1,2.0,93027,M,4892790.0,241777.0,93
201600046053,16,8,9,2320,3,1,1,1,2.0,95018,M,,,95
201600046054,16,8,10,1130,1,1,1,1,6.0,93078,M,4896915.0,250455.0,93
201600046055,16,8,9,1340,1,1,1,1,5.0,93007,M,4893125.0,248096.0,93
201600046056,16,8,9,1416,1,1,1,1,3.0,93053,M,4889532.0,247108.0,93
201600046057,16,8,11,530,3,1,1,1,6.0,95424,M,,,95
201600046058,16,8,11,745,1,1,1,1,5.0,95678,M,,,95
201600046059,16,8,11,1630,1,1,1,1,6.0,95028,M,,,95
201600046060,16,8,12,440,3,1,1,1,2.0,93066,M,4892986.0,236414.0,93
201600046061,16,8,11,630,2,1,1,1,6.0,95527,M,,,95
201600046062,16,8,12,1900,1,1,1,1,3.0,95365,M,,,95
201600046063,16,8,12,1745,1,1,1,1,4.0,93013,M,4893872.0,241709.0,93
201600046064,16,8,13,700,1,1,1,1,2.0,95572,M,,,95
201600046065,16,8,13,505,3,1,1,1,6.0,93005,M,4896373.0,247282.0,93
201600046066,16,8,14,2030,1,1,1,1,6.0,95252,M,,,95
201600046067,16,8,9,1740,1,1,1,1,3.0,93053,M,4890966.0,235834.0,93
201600046068,16,8,16,2134,2,1,1,1,2.0,93005,M,4894578.0,247673.0,93
201600046069,16,8,15,10,3,1,1,1,5.0,95306,M,,,95
201600046070,16,8,17,1930,1,1,1,1,6.0,95527,M,,,95
201600046071,16,8,18,1730,1,1,1,2,6.0,95018,M,,,95
201600046072,16,8,19,1420,1,1,1,1,4.0,95500,M,,,95
201600046073,16,8,20,2100,3,1,1,1,3.0,93027,M,4893784.0,241318.0,93
201600046074,16,8,21,100,3,1,1,2,2.0,93005,M,4893058.0,248128.0,93
201600046075,16,8,21,1300,1,1,1,1,7.0,93027,M,4893397.0,238948.0,93
201600046076,16,8,22,1615,1,1,1,2,2.0,92078,M,,,92
201600046077,16,8,22,30,3,1,1,1,2.0,95572,M,,,95
201600046078,16,8,22,935,1,1,1,1,4.0,93008,M,4890561.0,246370.0,93
201600046079,16,8,22,1030,1,1,1,1,5.0,93066,M,4890428.0,235874.0,93
201600046080,16,8,23,1400,1,1,1,1,3.0,93064,M,4886580.0,248168.0,93
201600046081,16,8,22,1913,1,1,1,1,3.0,95582,M,4896760.0,227410.0,95
201600046082,16,8,24,1930,1,1,1,1,4.0,92036,M,,,92
201600046083,16,8,25,700,2,1,1,1,6.0,93053,M,4889333.0,247221.0,93
201600046084,16,8,25,820,1,1,1,1,7.0,93013,M,4893872.0,241619.0,93
201600046085,16,8,26,810,1,1,1,1,6.0,95572,M,,,95
201600046086,16,8,22,2200,3,1,1,1,6.0,93005,M,4896803.0,247786.0,93
201600046087,16,8,28,740,1,1,1,1,7.0,95424,M,,,95
201600046088,16,8,28,2215,3,1,1,1,3.0,93027,M,4892735.0,240701.0,93
201600046089,16,8,29,1900,1,1,1,1,4.0,93078,M,4895964.0,253862.0,93
201600046090,16,8,30,230,3,1,1,1,6.0,93066,M,4892812.0,235798.0,93
201600046091,16,8,29,1030,1,1,1,2,6.0,95018,M,,,95
201600046092,16,8,24,1030,1,1,1,1,6.0,95252,M,,,95
201600046093,16,8,29,2000,1,1,1,1,4.0,93006,M,4886601.0,242183.0,93
201600046094,16,8,29,1535,1,1,1,1,2.0,95678,M,,,95
201600046095,16,8,31,105,4,1,1,1,6.0,95277,M,,,95
201600046096,16,8,31,625,2,1,1,1,3.0,95277,M,,,95
201600046097,16,9,1,330,4,1,1,1,7.0,92078,M,,,92
201600046098,16,9,1,2015,1,1,1,1,3.0,93064,M,4888716.0,247490.0,93
201600046099,16,9,3,1145,1,1,1,1,2.0,93066,M,4892261.0,234776.0,93
201600046100,16,9,3,2130,5,1,1,1,4.0,93066,M,4891815.0,235735.0,93
201600046101,16,9,3,1350,1,1,1,1,4.0,95018,M,,,95
201600046102,16,9,4,1435,1,1,1,1,3.0,95582,M,4896490.0,227040.0,95
201600046103,16,9,4,2115,3,1,1,1,4.0,93013,M,4893872.0,241709.0,93
201600046104,16,9,5,910,1,1,1,2,5.0,93064,M,4888556.0,248827.0,93
201600046105,16,9,5,1330,1,1,1,2,2.0,93078,M,4896520.0,255590.0,93
201600046106,16,9,4,1715,1,1,1,2,6.0,95582,M,,,95
201600046107,16,9,5,1710,1,1,1,2,6.0,95394,M,,,95
201600046108,16,9,5,2300,3,1,1,2,6.0,93005,M,4895777.0,246260.0,93
201600046109,16,9,5,2245,3,1,1,3,6.0,95277,M,4897280.0,248720.0,95
201600046110,16,9,5,2030,3,1,1,2,4.0,92036,M,,,92
201600046111,16,9,5,1755,1,1,1,2,6.0,95394,M,,,95
201600046112,16,9,5,1920,1,1,1,2,7.0,92036,M,,,92
201600046113,16,9,7,900,1,1,1,1,2.0,95500,M,,,95
201600046114,16,9,7,1400,1,1,1,1,5.0,93053,M,4889287.0,247280.0,93
201600046115,16,9,7,1415,1,1,1,1,2.0,93027,M,4892184.0,237767.0,93
201600046116,16,8,31,2020,2,1,1,1,5.0,93063,M,4888132.0,245379.0,93
201600046117,16,9,8,940,1,1,1,1,4.0,95154,M,,,95
201600046118,16,9,4,1255,1,1,1,1,4.0,93064,M,4886593.0,248148.0,93
201600046119,16,9,9,125,3,1,1,1,6.0,95252,M,,,95
201600046120,16,9,9,635,3,1,1,1,2.0,95582,M,,,95
201600046121,16,9,9,1345,1,1,1,1,4.0,93066,M,4892114.0,235738.0,93
201600046122,16,9,5,1115,1,1,1,2,6.0,95252,M,,,95
201600046123,16,9,9,1730,1,1,1,1,2.0,93006,M,4886640.0,242420.0,93
201600046124,16,9,9,1820,1,1,1,1,3.0,93010,M,4891474.0,247762.0,93
201600046125,16,9,10,1400,1,1,1,1,4.0,93005,M,4895439.0,247364.0,93
201600046126,16,9,10,345,5,1,1,1,6.0,93063,M,,,93
201600046127,16,9,10,2140,3,1,1,1,2.0,95351,M,,,95
201600046128,16,9,10,2140,4,1,1,1,6.0,92036,M,,,92
201600046129,16,9,11,520,3,1,1,2,6.0,95252,M,,,95
201600046130,16,9,11,730,1,1,1,2,6.0,60612,M,4920379.0,260981.0,60
201600046131,16,9,9,2040,4,1,1,1,4.0,92036,M,,,92
201600046132,16,9,2,1615,1,1,1,1,2.0,93005,M,4893946.0,247953.0,93
201600046133,16,9,2,1500,1,1,1,1,4.0,93005,M,4897312.0,249098.0,93
201600046134,16,9,11,1700,1,1,1,1,2.0,93007,M,4894513.0,243945.0,93
201600046135,16,9,11,455,3,1,1,2,4.0,93048,M,4887027.0,243083.0,93
201600046136,16,9,12,1115,1,1,1,1,3.0,93010,M,4888936.0,247384.0,93
201600046137,16,9,12,925,1,1,1,1,3.0,92036,M,,,92
201600046138,16,9,14,955,1,1,1,1,2.0,93027,M,4892400.0,238591.0,93
201600046139,16,9,13,1655,1,1,1,1,1.0,93001,M,4892117.0,237070.0,93
201600046140,16,9,14,1200,1,1,1,1,7.0,93027,M,4892518.0,239401.0,93
201600046141,16,9,15,925,1,1,1,2,7.0,93008,M,4890146.0,246902.0,93
201600046142,16,9,15,830,1,1,1,1,7.0,93048,M,4887124.0,243212.0,93
201600046143,16,9,15,930,1,1,1,2,6.0,95572,M,,,95
201600046144,16,9,15,755,3,1,1,2,6.0,95394,M,,,95
201600046145,16,9,15,1150,1,1,1,2,7.0,93078,M,4896368.0,252133.0,93
201600046146,16,9,15,1235,1,1,1,1,7.0,93027,M,4892831.0,241227.0,93
201600046147,16,9,9,1900,1,1,1,1,3.0,93027,M,4893389.0,238673.0,93
201600046148,16,7,28,1830,1,1,1,1,4.0,93027,M,4893576.0,240421.0,93
201600046149,16,9,16,1415,1,1,1,1,1.0,93006,M,4886998.0,243018.0,93
201600046150,16,9,16,1725,1,1,1,1,2.0,95678,M,,,95
201600046151,16,9,16,1515,1,1,1,1,6.0,93027,M,4892422.0,238724.0,93
201600046152,16,9,14,1855,1,1,1,1,3.0,92036,M,,,92
201600046153,16,9,5,842,1,1,1,2,6.0,92036,M,,,92
201600046154,16,9,9,1915,1,1,1,1,2.0,93053,M,4889491.0,247106.0,93
201600046155,16,9,16,1650,1,1,1,1,2.0,95580,M,,,95
201600046156,16,9,16,2030,4,1,1,2,7.0,95252,M,,,95
201600046157,16,9,18,45,5,1,1,1,2.0,93066,M,4890249.0,235866.0,93
201600046158,16,9,16,2040,5,1,1,2,2.0,93066,M,4890341.0,235858.0,93
201600046159,16,9,17,2040,3,1,1,1,4.0,92036,M,,,92
201600046160,16,9,19,920,1,1,1,2,4.0,95500,M,,,95
201600046161,16,9,19,945,1,1,1,2,2.0,92036,M,,,92
201600046162,16,6,2,900,1,1,1,2,2.0,93078,M,4896769.0,251069.0,93
201600046163,16,9,19,1405,1,1,1,1,5.0,93066,M,4891034.0,235825.0,93
201600046164,16,9,16,1120,1,1,1,2,3.0,93006,M,4886601.0,241588.0,93
201600046165,16,9,17,1245,1,1,1,2,2.0,95572,M,,,95
201600046166,16,9,20,1245,1,1,1,1,2.0,93066,M,4891034.0,235825.0,93
201600046167,16,9,20,1540,1,1,1,1,2.0,93066,M,4890699.0,235825.0,93
201600046168,16,9,21,1700,1,1,1,1,2.0,93063,M,4887526.0,244039.0,93
201600046169,16,9,5,1110,1,1,1,2,3.0,95018,M,,,95
201600046170,16,8,30,1040,1,1,1,1,6.0,93007,M,4894856.0,244582.0,93
201600046171,16,9,16,1145,1,1,1,1,5.0,93010,M,4890542.0,247205.0,93
201600046172,16,9,22,1430,1,1,1,1,2.0,92036,M,,,92
201600046173,16,9,19,900,1,1,1,1,4.0,95641,M,,,95
201600046174,16,9,21,1345,1,1,1,1,4.0,92036,M,,,92
201600046175,16,9,23,1630,1,1,1,1,3.0,93078,M,4895793.0,252933.0,93
201600046176,16,9,23,1630,1,1,1,1,3.0,93053,M,4888936.0,247384.0,93
201600046177,16,9,23,1500,1,1,1,1,4.0,93008,M,4890494.0,246486.0,93
201600046178,16,9,24,1545,1,1,1,1,3.0,93001,M,4892087.0,237175.0,93
201600046179,16,9,24,2030,3,1,1,1,2.0,93010,M,4888936.0,247384.0,93
201600046180,16,9,25,1930,5,1,1,1,4.0,93007,M,4892880.0,248153.0,93
201600046181,16,9,26,830,1,1,1,1,6.0,95582,M,4896240.0,226390.0,95
201600046182,16,9,26,820,1,1,1,1,5.0,95582,M,,,95
201600046183,16,1,3,1150,1,1,1,2,6.0,95394,M,,,95
201600046184,16,7,28,1900,1,1,1,1,6.0,93027,M,4893576.0,240421.0,93
201600046185,16,9,5,1100,1,1,1,2,6.0,93066,M,4892988.0,236421.0,93
201600046186,16,9,26,2320,3,1,1,1,6.0,95607,M,,,95
201600046187,16,9,27,830,1,1,1,1,4.0,93066,M,4891031.0,235797.0,93
201600046188,16,9,27,930,1,1,1,1,3.0,95018,M,,,95
201600046189,16,9,27,1130,1,1,1,1,5.0,93013,M,4894225.0,243194.0,93
201600046190,16,9,22,1210,1,1,1,1,6.0,95060,M,,,95
201600046191,16,9,23,807,1,1,1,1,2.0,92036,M,,,92
201600046192,16,9,26,2050,3,1,1,1,3.0,93007,M,4893142.0,248116.0,93
201600046193,16,9,28,540,3,1,1,1,6.0,93064,M,4888130.0,247423.0,93
201600046194,16,9,28,730,1,1,1,1,6.0,95678,M,,,95
201600046195,16,9,22,830,1,1,1,1,4.0,93027,M,4892781.0,241859.0,93
201600046196,16,9,28,1815,1,1,1,1,2.0,95572,M,,,95
201600046197,16,9,28,2150,3,1,1,1,6.0,93006,M,4886441.0,241386.0,93
201600046198,16,9,29,1655,1,1,1,1,4.0,93010,M,4890493.0,247167.0,93
201600046199,16,9,30,1830,1,1,1,1,2.0,93066,M,4891750.0,235773.0,93
201600046200,16,9,30,1830,1,1,1,2,3.0,95488,M,,,95
201600046201,16,9,30,2000,1,1,1,2,3.0,93006,M,4886678.0,242557.0,93
201600046202,16,9,1,10,3,1,1,2,2.0,93078,M,4896005.0,252513.0,93
201600046203,16,10,1,310,3,1,1,2,2.0,95252,M,,,95
201600046204,16,10,1,715,2,1,1,2,7.0,93078,M,4896342.0,252124.0,93
201600046205,16,9,20,1735,1,1,1,1,3.0,93008,M,4891003.0,244453.0,93
201600046206,16,10,1,930,1,1,1,1,6.0,95218,M,,,95
201600046207,16,10,1,1615,1,1,1,1,6.0,93027,M,4892449.0,238998.0,93
201600046208,16,10,2,530,3,1,1,1,4.0,92036,M,,,92
201600046209,16,9,29,815,1,1,1,1,3.0,93005,M,4894648.0,247620.0,93
201600046210,16,10,3,430,3,1,1,1,6.0,95365,M,,,95
201600046211,16,10,3,850,1,1,1,1,2.0,95212,M,,,95
201600046212,16,10,3,1030,1,1,1,1,2.0,95018,M,,,95
201600046213,16,10,3,1720,1,1,1,1,2.0,93027,M,4892829.0,241653.0,93
201600046214,16,10,3,1710,1,1,1,1,4.0,95678,M,,,95
201600046215,16,10,2,1845,1,1,1,1,3.0,95252,M,,,95
201600046216,16,10,2,1930,3,1,1,1,5.0,93010,M,4891120.0,247554.0,93
201600046217,16,10,1,1245,1,1,1,1,5.0,93005,M,4894492.0,247691.0,93
201600046218,16,10,4,1430,1,1,1,1,2.0,95351,M,,,95
201600046219,16,10,4,1755,1,1,1,1,3.0,93010,M,4890653.0,247247.0,93
201600046220,16,9,29,900,1,1,1,1,6.0,60612,M,4920093.0,260740.0,60
201600046221,16,10,4,940,1,1,1,1,2.0,93005,M,4892087.0,247967.0,93
201600046222,16,8,24,1030,1,1,1,1,2.0,95252,M,,,95
201600046223,16,10,4,1205,1,1,1,1,2.0,93010,M,4889694.0,247003.0,93
201600046224,16,10,5,1810,1,1,1,1,2.0,93053,M,4888402.0,247156.0,93
201600046225,16,10,5,1540,1,1,1,1,2.0,93066,M,4893380.0,238399.0,93
201600046226,16,10,6,130,3,1,1,1,7.0,93013,M,4894176.0,243005.0,93
201600046227,16,8,13,920,1,1,1,1,7.0,93027,M,4892791.0,241777.0,93
201600046228,16,10,6,840,1,1,1,1,3.0,93066,M,4893337.0,237841.0,93
201600046229,16,10,6,915,1,1,1,1,2.0,93005,M,4897319.0,248832.0,93
201600046230,16,10,7,810,2,1,1,1,3.0,93005,M,4895776.0,246257.0,93
201600046231,16,10,7,855,1,1,1,1,2.0,92036,M,,,92
201600046232,16,10,7,1405,1,1,1,1,1.0,93066,M,4890569.0,235837.0,93
201600046233,16,10,7,2145,3,1,1,1,2.0,95582,M,,,95
201600046234,16,10,9,25,3,1,1,1,6.0,95424,M,,,95
201600046235,16,10,9,930,1,1,1,1,7.0,95042,M,,,95
201600046236,16,10,9,410,3,1,1,1,2.0,93005,M,4892284.0,248032.0,93
201600046237,16,10,10,705,1,1,1,1,3.0,93010,M,4890983.0,247474.0,93
201600046238,16,10,7,1225,1,1,1,1,6.0,95256,M,,,95
201600046239,16,10,10,1700,1,1,1,2,3.0,93066,M,4892256.0,235178.0,93
201600046240,16,10,10,730,1,1,1,1,2.0,95582,M,,,95
201600046241,16,10,10,1120,1,1,1,1,2.0,93008,M,4891039.0,244322.0,93
201600046242,16,10,9,2010,2,1,1,1,4.0,93066,M,4893170.0,237001.0,93
201600046243,16,10,10,840,1,1,1,1,3.0,93005,M,4896024.0,247332.0,93
201600046244,16,10,5,800,1,1,1,2,4.0,95203,M,4897730.0,228720.0,95
201600046245,16,10,10,520,3,1,1,1,6.0,93078,M,4896517.0,255576.0,93
201600046246,16,10,10,930,1,1,1,1,4.0,93066,M,4893237.0,237261.0,93
201600046247,16,10,11,930,1,1,1,1,2.0,95365,M,,,95
201600046248,16,10,6,935,1,1,1,1,3.0,93078,M,4896917.0,250463.0,93
201600046249,16,10,6,1045,1,1,1,1,4.0,95277,M,4897640.0,247990.0,95
201600046250,16,10,11,1655,1,1,1,1,3.0,93005,M,4893305.0,248072.0,93
201600046251,16,10,11,2145,3,1,1,1,3.0,93006,M,4886564.0,241981.0,93
201600046252,16,10,13,1545,1,1,1,1,5.0,95527,M,,,95
201600046253,16,10,13,1600,1,1,1,2,3.0,95424,M,,,95
201600046254,16,10,13,1730,1,1,1,2,6.0,95582,M,4896410.0,226770.0,95
201600046255,16,10,13,1740,1,1,1,2,3.0,95527,M,,,95
201600046256,16,10,13,1720,1,1,1,1,6.0,93005,M,4895089.0,247454.0,93
201600046257,16,10,14,945,1,1,1,1,6.0,93005,M,4892240.0,248012.0,93
201600046258,16,10,9,1415,1,1,1,1,2.0,93053,M,4889454.0,247170.0,93
201600046259,16,10,9,1350,1,1,1,1,6.0,93007,M,4892865.0,248132.0,93
201600046260,16,10,15,2145,3,1,1,1,2.0,92036,M,,,92
201600046261,16,10,15,415,3,1,1,2,2.0,93078,M,4896365.0,252133.0,93
201600046262,16,10,15,2030,3,1,1,1,4.0,93064,M,4887716.0,247763.0,93
201600046263,16,10,16,715,1,1,1,1,3.0,93010,M,4890653.0,247247.0,93
201600046264,16,10,15,1600,1,1,1,1,2.0,95176,M,,,95
201600046265,16,10,16,550,5,1,1,1,6.0,93029,M,4892634.0,242216.0,93
201600046266,16,10,17,800,3,1,1,2,6.0,95018,M,,,95
201600046267,16,10,13,900,1,1,1,1,2.0,95678,M,,,95
201600046268,16,10,17,1700,1,1,1,1,2.0,95256,M,,,95
201600046269,16,10,17,1900,3,1,1,1,6.0,93066,M,4892256.0,235178.0,93
201600046270,16,10,18,945,1,1,1,1,4.0,92078,M,,,92
201600046271,16,10,18,1730,3,1,1,2,2.0,93073,M,4896726.0,256216.0,93
201600046272,16,10,18,1810,1,1,1,2,6.0,95028,M,,,95
201600046273,16,10,18,1915,3,1,1,2,2.0,95580,M,,,95
201600046274,16,10,18,1015,1,1,1,1,2.0,95277,M,,,95
201600046275,16,10,19,900,1,1,1,1,3.0,93066,M,4893347.0,237777.0,93
201600046276,16,10,6,2040,3,1,1,1,6.0,95277,M,,,95
201600046277,16,10,19,1635,1,1,1,2,2.0,93005,M,4895527.0,247329.0,93
201600046278,16,10,19,1620,1,1,1,3,4.0,92036,M,,,92
201600046279,16,10,19,1705,1,1,1,1,2.0,95582,M,,,95
201600046280,16,10,19,1900,4,1,1,2,7.0,93078,M,4897278.0,249343.0,93
201600046281,16,10,20,250,3,1,1,1,2.0,95306,M,,,95
201600046282,16,10,20,800,2,1,1,1,2.0,93005,M,4894302.0,247778.0,93
201600046283,16,10,15,1225,1,1,1,1,2.0,93005,M,4894230.0,247831.0,93
201600046284,16,10,20,845,1,1,1,2,2.0,93066,M,4893090.0,236789.0,93
201600046285,16,10,20,730,2,1,1,1,7.0,93010,M,4891307.0,247695.0,93
201600046286,16,10,20,540,3,1,1,8,3.0,93008,M,4890616.0,246110.0,93
201600046287,16,10,20,1150,1,1,1,2,2.0,93063,M,4887525.0,244042.0,93
201600046288,16,10,20,1345,1,1,1,2,6.0,93066,M,4892988.0,236414.0,93
201600046289,16,10,15,1645,1,1,1,1,2.0,95582,M,,,95
201600046290,16,10,20,1600,1,1,1,1,3.0,92078,M,,,92
201600046291,16,10,20,1630,1,1,1,2,2.0,95218,M,,,95
201600046292,16,10,17,2115,3,1,1,1,4.0,93063,M,4887845.0,244715.0,93
201600046293,16,10,21,400,3,1,1,1,6.0,95491,M,,,95
201600046294,16,10,21,1130,1,1,1,1,3.0,93010,M,4889887.0,246932.0,93
201600046295,16,10,16,601,3,1,1,1,6.0,95277,M,,,95
201600046296,16,10,16,845,1,1,1,1,2.0,60421,M,4917465.0,260120.0,60
201600046297,16,10,17,850,1,1,1,2,2.0,95394,M,,,95
201600046298,16,10,16,900,1,1,1,1,6.0,95563,M,,,95
201600046299,16,10,19,945,1,1,1,1,2.0,95582,M,,,95
201600046300,16,10,22,1600,1,1,1,1,4.0,93053,M,4889491.0,247106.0,93
201600046301,16,10,23,1700,1,1,1,2,2.0,93005,M,4895794.0,247312.0,93
201600046302,16,10,23,1540,1,1,1,1,4.0,93013,M,4893932.0,241965.0,93
201600046303,16,10,24,840,2,1,1,2,2.0,95252,M,,,95
201600046304,16,10,24,1230,1,1,1,2,6.0,93027,M,4892786.0,240959.0,93
201600046305,16,10,25,740,3,1,1,1,2.0,95582,M,,,95
201600046306,16,10,24,1230,1,1,1,2,6.0,95252,M,,,95
201600046307,16,10,24,2020,3,1,1,8,3.0,93005,M,4893593.0,248050.0,93
201600046308,16,10,25,1300,1,1,1,1,7.0,93007,M,4895601.0,245063.0,93
201600046309,16,10,21,1235,1,1,1,1,2.0,93039,M,4892665.0,233593.0,93
201600046310,16,10,25,2220,3,1,1,1,2.0,95018,M,,,95
201600046311,16,10,21,2000,1,1,1,1,5.0,93063,M,4887845.0,244715.0,93
201600046312,16,10,23,2340,4,1,1,2,6.0,93064,M,4887916.0,247634.0,93
201600046313,16,10,27,800,2,1,1,1,2.0,95582,M,,,95