Num_Acc,an,mois,jour,hrmn,lum,agg,int,atm,col,com,gps,lat,long,dep
201600046314,16,10,27,820,1,1,1,1,3.0,95582,M,,,95
201600046315,16,10,27,1200,1,1,1,1,4.0,93066,M,4893170.0,237001.0,93
201600046316,16,10,26,2005,1,1,1,1,3.0,92036,M,,,92
201600046317,16,10,27,1500,1,1,1,1,2.0,93005,M,4896017.0,247352.0,93
201600046318,16,10,21,1340,1,1,1,1,4.0,93066,M,4891034.0,235825.0,93
201600046319,16,10,27,1815,1,1,1,1,6.0,93005,M,4892689.0,248134.0,93
201600046320,16,10,27,1835,1,1,1,1,2.0,93048,M,4887313.0,243594.0,93
201600046321,16,10,27,1940,1,1,1,1,2.0,93048,M,4887185.0,243308.0,93
201600046322,16,10,22,2130,3,1,1,1,6.0,95394,M,,,95
201600046323,16,10,28,825,2,1,1,1,4.0,93066,M,4892349.0,235694.0,93
201600046324,16,10,29,30,4,1,1,1,6.0,93066,M,4893250.0,237395.0,93
201600046325,16,10,29,2225,3,1,1,1,3.0,95500,M,,,95
201600046326,16,10,28,2045,3,1,1,1,4.0,93053,M,4888980.0,247344.0,93
201600046327,16,10,30,610,3,1,1,1,6.0,95527,M,,,95
201600046328,16,10,31,805,1,1,1,1,2.0,95218,M,,,95
201600046329,16,10,31,1345,1,1,1,1,6.0,93007,M,4894407.0,243717.0,93
201600046330,16,10,30,2015,3,1,1,1,6.0,95572,M,,,95
201600046331,16,10,31,2055,3,1,1,1,4.0,93005,M,4894562.0,247659.0,93
201600046332,16,10,31,2330,3,1,1,1,5.0,92036,M,,,92
201600046333,16,10,17,545,2,1,1,1,2.0,93064,M,4888194.0,247384.0,93
201600046334,16,10,17,820,1,1,1,1,6.0,93027,M,4893419.0,239488.0,93
201600046335,16,10,17,1030,1,1,1,1,6.0,93066,M,4891899.0,235729.0,93
201600046336,16,11,3,100,3,1,1,1,2.0,92036,M,,,92
201600046337,16,11,2,1810,1,1,1,1,4.0,95488,M,,,95
201600046338,16,11,2,2050,3,1,1,1,5.0,95572,M,,,95
201600046339,16,11,2,1735,2,1,1,1,3.0,93053,M,,,93
201600046340,16,11,3,940,1,1,1,1,6.0,95018,M,,,95
201600046341,16,11,3,1320,1,1,1,1,3.0,93010,M,,,93
201600046342,16,11,4,1700,2,1,1,3,6.0,93064,M,,,93
201600046343,16,11,4,2053,3,1,1,3,6.0,95582,M,4896330.0,226580.0,95
201600046344,16,11,5,550,1,1,1,1,7.0,93027,M,,,93
201600046345,16,11,5,830,3,1,1,2,2.0,92078,M,,,92
201600046346,16,11,5,805,1,1,1,2,6.0,95572,M,,,95
201600046347,16,11,5,745,2,1,1,2,6.0,95582,M,,,95
201600046348,16,11,3,1640,1,1,1,1,3.0,95252,M,,,95
201600046349,16,11,5,810,1,1,1,8,2.0,95252,M,,,95
201600046350,16,11,5,1030,1,1,1,1,6.0,93053,M,,,93
201600046351,16,11,5,1110,1,1,1,1,6.0,93064,M,,,93
201600046352,16,11,2,1230,1,1,1,1,7.0,93066,M,,,93
201600046353,16,11,6,2310,3,1,1,1,2.0,93027,M,,,93
201600046354,16,11,7,900,1,1,1,2,6.0,93006,M,,,93
201600046355,16,9,8,900,1,1,1,1,2.0,95218,M,,,95
201600046356,16,11,8,1100,1,1,1,1,4.0,93066,M,,,93
201600046357,16,11,7,1600,1,1,1,2,4.0,95678,M,,,95
201600046358,16,11,7,1420,1,1,1,2,1.0,92036,M,,,92
201600046359,16,11,9,830,1,1,1,3,2.0,93066,M,,,93
201600046360,16,11,9,2240,3,1,1,2,6.0,95028,M,,,95
201600046361,16,11,9,2345,3,1,1,2,3.0,93053,M,,,93
201600046362,16,11,9,1230,1,1,1,2,6.0,93027,M,,,93
201600046363,16,11,10,640,3,1,1,2,4.0,95582,M,,,95
201600046364,16,11,10,600,3,1,1,1,5.0,95252,M,,,95
201600046365,16,11,3,1230,1,1,1,1,6.0,93066,M,,,93
201600046366,16,11,10,1540,1,1,1,1,2.0,93063,M,,,93
201600046367,16,11,9,1810,3,1,1,1,3.0,93010,M,,,93
201600046368,16,11,10,1915,4,1,1,2,3.0,95500,M,,,95
201600046369,16,11,10,2230,3,1,1,2,6.0,95277,M,4897280.0,248720.0,95
201600046370,16,11,10,1830,2,1,1,1,2.0,93008,M,,,93
201600046371,16,11,11,600,3,1,1,8,2.0,95582,M,,,95
201600046372,16,11,11,1025,1,1,1,8,6.0,92036,M,,,92
201600046373,16,11,11,2350,3,1,1,1,2.0,93066,M,,,93
201600046374,16,11,11,2145,3,1,1,1,2.0,93073,M,,,93
201600046375,16,11,10,1740,3,1,1,1,3.0,93008,M,,,93
201600046376,16,11,11,505,3,1,1,2,4.0,95582,M,,,95
201600046377,16,11,12,740,5,1,1,5,2.0,60612,M,4920210.0,260865.0,60
201600046378,16,11,12,1540,1,1,1,2,2.0,95607,M,,,95
201600046379,16,11,12,1900,3,1,1,2,6.0,95018,M,,,95
201600046380,16,11,12,2345,4,1,1,2,2.0,93005,M,,,93
201600046381,16,11,13,330,3,1,1,2,6.0,95394,M,,,95
201600046382,16,11,13,400,4,1,1,2,6.0,93027,M,,,93
201600046383,16,11,13,350,3,1,1,2,2.0,95572,M,,,95
201600046384,16,11,12,2050,3,1,1,2,2.0,95582,M,,,95
201600046385,16,11,13,945,1,1,1,2,6.0,95582,M,,,95
201600046386,16,11,13,820,1,1,1,2,6.0,92036,M,,,92
201600046387,16,11,13,1100,1,1,1,2,6.0,93078,M,,,93
201600046388,16,11,13,1015,1,1,1,2,6.0,95277,M,4897280.0,248720.0,95
201600046389,16,11,10,700,4,1,1,2,6.0,93005,M,,,93
201600046390,16,11,10,945,1,1,1,2,4.0,93010,M,,,93
201600046391,16,11,13,2220,3,1,1,2,6.0,95277,M,4897350.0,248590.0,95
201600046392,16,11,11,455,4,1,1,1,6.0,95582,M,,,95
201600046393,16,11,14,200,3,1,1,2,6.0,95018,M,,,95
201600046394,16,11,13,1540,1,1,1,1,6.0,95277,M,,,95
201600046395,16,11,13,1430,1,1,1,1,7.0,60631,M,4914246.0,257341.0,60
201600046396,16,11,13,1750,1,1,1,2,6.0,95018,M,,,95
201600046397,16,11,13,1320,1,2,1,1,6.0,92036,M,,,92
201600046398,16,11,3,730,1,1,1,1,6.0,93066,M,,,93
201600046399,16,11,13,1820,3,1,1,1,5.0,95252,M,,,95
201600046400,16,11,14,2230,3,1,1,2,6.0,95256,M,,,95
201600046401,16,11,13,1425,1,1,1,2,6.0,95582,M,,,95
201600046402,16,11,13,1900,3,1,1,1,6.0,95491,M,,,95
201600046403,16,11,10,1145,1,1,1,1,2.0,93027,M,,,93
201600046404,16,11,9,1100,1,1,1,2,7.0,93066,M,,,93
201600046405,16,11,10,900,1,1,1,1,6.0,93007,M,,,93
201600046406,16,11,9,915,1,1,1,2,5.0,93005,M,,,93
201600046407,16,11,15,1010,1,1,1,1,6.0,95018,M,,,95
201600046408,16,11,15,845,3,1,1,8,6.0,93027,M,,,93
201600046409,16,11,15,945,2,1,1,8,4.0,93027,M,,,93
201600046410,16,11,12,1100,1,1,1,1,6.0,93005,M,,,93
201600046411,16,11,15,2150,5,1,1,2,4.0,93063,M,,,93
201600046412,16,11,16,530,3,1,1,1,4.0,93013,M,,,93
201600046413,16,11,16,2300,3,1,1,1,6.0,95582,M,,,95
201600046414,16,11,17,40,4,1,1,2,2.0,93027,M,,,93
201600046415,16,11,13,1030,1,1,1,3,6.0,93008,M,,,93
201600046416,16,11,13,1140,1,1,1,2,6.0,93053,M,,,93
201600046417,16,11,18,300,3,1,1,3,6.0,93007,M,,,93
201600046418,16,11,17,800,1,1,1,1,2.0,95582,M,,,95
201600046419,16,11,17,845,1,1,1,1,5.0,95424,M,,,95
201600046420,16,11,18,715,3,1,1,2,7.0,92036,M,,,92
201600046421,16,11,18,1335,1,1,1,1,5.0,92036,M,,,92
201600046422,16,11,18,1420,1,1,1,1,3.0,93013,M,,,93
201600046423,16,11,18,1700,1,1,1,1,3.0,93008,M,,,93
201600046424,16,11,18,1440,1,1,1,1,4.0,92036,M,,,92
201600046425,16,11,18,2215,3,1,1,1,6.0,95424,M,,,95
201600046426,16,11,19,705,1,1,1,1,2.0,95488,M,,,95
201600046427,16,11,16,835,1,1,1,1,6.0,93008,M,,,93
201600046428,16,11,19,2220,3,1,1,1,7.0,93013,M,,,93
201600046429,16,11,20,840,1,1,1,2,6.0,95252,M,,,95
201600046430,16,11,20,840,1,1,1,2,6.0,95252,M,,,95
201600046431,16,11,20,1035,1,1,1,1,6.0,93027,M,,,93
201600046432,16,11,20,1520,1,1,1,3,7.0,95277,M,,,95
201600046433,16,11,20,2135,3,1,1,3,5.0,93027,M,,,93
201600046434,16,11,20,2200,3,1,1,2,6.0,95018,M,,,95
201600046435,16,11,20,2130,3,1,1,3,6.0,93027,M,,,93
201600046436,16,11,21,1,3,1,1,2,7.0,92036,M,,,92
201600046437,16,11,19,1645,1,1,1,1,2.0,92036,M,,,92
201600046438,16,11,20,2030,5,1,1,2,6.0,95212,M,,,95
201600046439,16,11,19,1915,2,1,1,1,2.0,93013,M,,,93
201600046440,16,11,20,1630,2,1,1,3,6.0,95572,M,,,95
201600046441,16,11,20,1900,2,1,1,3,6.0,93066,M,,,93
201600046442,16,11,19,1300,1,1,1,1,2.0,95500,M,,,95
201600046443,16,11,20,1955,5,1,1,1,6.0,93066,M,,,93
201600046444,16,11,15,935,1,1,1,1,4.0,95018,M,,,95
201600046445,16,11,15,950,1,1,1,1,6.0,93064,M,,,93
201600046446,16,11,18,930,1,1,1,1,5.0,95252,M,,,95
201600046447,16,11,21,1415,1,1,1,1,6.0,93064,M,,,93
201600046448,16,11,21,1900,3,1,1,1,2.0,93010,M,,,93
201600046449,16,11,22,700,3,1,1,1,3.0,93007,M,,,93
201600046450,16,11,10,1100,1,1,1,2,6.0,95018,M,,,95
201600046451,16,11,19,1450,1,1,1,1,2.0,93066,M,,,93
201600046452,16,11,21,1900,2,1,1,1,4.0,93053,M,,,93
201600046453,16,11,23,156,3,1,1,3,6.0,95582,M,4896240.0,226280.0,95
201600046454,16,11,23,610,5,1,1,3,6.0,93010,M,,,93
201600046455,16,11,23,655,3,1,1,3,3.0,95572,M,,,95
201600046456,16,11,23,810,1,1,1,2,3.0,93066,M,,,93
201600046457,16,11,23,1630,1,1,1,1,6.0,93064,M,,,93
201600046458,16,11,23,1915,5,1,1,1,6.0,93066,M,,,93
201600046459,16,11,12,1920,3,1,1,2,7.0,92036,M,,,92
201600046460,16,11,24,530,3,1,1,1,6.0,93078,M,,,93
201600046461,16,11,18,2020,3,1,1,1,4.0,92036,M,,,92
201600046462,16,11,24,1750,3,1,1,1,2.0,95488,M,,,95
201600046463,16,11,24,1715,3,1,1,1,6.0,95218,M,,,95
201600046464,16,11,24,1935,3,1,1,1,4.0,93066,M,,,93
201600046465,16,11,7,1425,1,1,1,1,4.0,93066,M,,,93
201600046466,16,11,26,19,3,1,1,1,6.0,95394,M,,,95
201600046467,16,11,26,850,1,1,1,1,6.0,93008,M,,,93
201600046468,16,11,25,1820,2,1,1,1,4.0,95572,M,,,95
201600046469,16,11,27,1525,1,1,1,8,2.0,93078,M,,,93
201600046470,16,11,26,2010,2,1,1,1,7.0,95641,M,,,95
201600046471,16,11,28,745,3,1,1,1,7.0,60494,M,4913897.0,256912.0,60
201600046472,16,11,28,1845,3,1,1,1,5.0,95572,M,,,95
201600046473,16,11,29,1035,1,1,1,1,2.0,95572,M,,,95
201600046474,16,11,29,1420,1,1,1,1,6.0,93007,M,,,93
201600046475,16,11,29,1455,1,1,1,1,2.0,93078,M,,,93
201600046476,16,11,29,1430,1,1,1,1,3.0,93027,M,,,93
201600046477,16,11,30,1740,5,1,1,1,1.0,93010,M,,,93
201600046478,16,11,30,1430,1,1,1,1,4.0,93005,M,,,93
201600046479,16,11,30,1920,5,1,1,1,2.0,95582,M,4896410.0,226790.0,95
201600046480,16,12,1,1130,1,1,1,1,4.0,95018,M,,,95
201600046481,16,12,1,1140,1,1,1,1,3.0,93048,M,,,93
201600046482,16,12,1,2330,3,1,1,1,3.0,95365,M,,,95
201600046483,16,8,26,1810,1,1,4,1,3.0,93048,M,4886992.0,243039.0,93
201600046484,16,12,3,240,3,1,1,1,6.0,93006,M,,,93
201600046485,16,12,3,405,3,1,1,1,6.0,95582,M,4896770.0,227410.0,95
201600046486,16,12,3,1430,1,1,1,1,2.0,95277,M,4897350.0,248590.0,95
201600046487,16,12,3,1330,1,1,1,1,4.0,93066,M,,,93
201600046488,16,12,3,1715,3,1,1,1,2.0,95252,M,,,95
201600046489,16,12,3,2150,3,1,1,1,6.0,95572,M,,,95
201600046490,16,12,3,2250,3,1,1,1,2.0,93073,M,,,93
201600046491,16,12,2,1835,1,1,1,1,4.0,93078,M,,,93
201600046492,16,12,4,1320,1,1,1,1,4.0,93066,M,,,93
201600046493,16,12,4,1830,3,1,1,1,6.0,93027,M,,,93
201600046494,16,12,4,315,3,1,1,1,2.0,93013,M,,,93
201600046495,16,12,4,340,3,1,1,1,6.0,93064,M,,,93
201600046496,16,12,5,915,1,1,1,1,2.0,93066,M,,,93
201600046497,16,12,5,1630,1,1,1,1,6.0,93063,M,,,93
201600046498,16,12,5,1730,1,1,1,1,6.0,95252,M,,,95
201600046499,16,12,5,1830,3,1,1,1,3.0,93027,M,,,93
201600046500,16,12,6,830,1,1,1,1,2.0,93066,M,,,93
201600046501,16,12,6,1400,1,1,1,1,2.0,95582,M,,,95
201600046502,16,12,6,1500,1,1,1,1,2.0,95572,M,,,95
201600046503,16,12,6,1830,3,1,1,1,7.0,93048,M,,,93
201600046504,16,12,6,2030,2,1,1,1,6.0,95028,M,,,95
201600046505,16,12,7,800,1,1,1,1,2.0,95582,M,,,95
201600046506,16,11,16,900,1,1,1,1,4.0,93048,M,,,93
201600046507,16,12,4,830,1,1,1,1,3.0,93078,M,,,93
201600046508,16,12,7,1410,1,1,1,1,2.0,93005,M,,,93
201600046509,16,12,1,1400,1,1,1,1,4.0,93066,M,,,93
201600046510,16,12,8,700,3,1,1,1,4.0,93066,M,,,93
201600046511,16,12,10,110,3,1,1,1,6.0,60241,M,4915844.0,259303.0,60
201600046512,16,12,10,155,4,1,1,1,2.0,93007,M,,,93
201600046513,16,12,10,1420,1,1,1,1,3.0,93064,M,,,93
201600046514,16,12,9,210,5,1,1,1,4.0,93066,M,,,93
201600046515,16,12,10,2300,3,1,1,1,2.0,93073,M,,,93
201600046516,16,12,11,550,3,1,1,1,6.0,93066,M,,,93
201600046517,16,12,11,615,3,1,1,9,6.0,95306,M,,,95
201600046518,16,12,11,745,2,1,1,1,3.0,92036,M,,,92
201600046519,16,12,11,1700,2,1,1,5,3.0,95241,M,,,95
201600046520,16,12,11,1545,1,1,1,1,3.0,93010,M,,,93
201600046521,16,12,11,1830,3,1,1,1,5.0,93013,M,,,93
201600046522,16,12,11,1215,1,1,1,1,4.0,95572,M,,,95
201600046523,16,12,12,935,1,1,1,1,3.0,95582,M,,,95
201600046524,16,12,12,1030,1,1,1,1,2.0,93066,M,,,93
201600046525,16,12,10,1940,1,1,1,1,2.0,95500,M,,,95
201600046526,16,12,12,1840,5,1,1,2,2.0,95555,M,4897510.0,227830.0,95
201600046527,16,12,13,815,1,1,1,1,6.0,95394,M,,,95
201600046528,16,12,13,855,1,1,1,2,6.0,95582,M,,,95
201600046529,16,12,13,850,1,1,1,2,2.0,93064,M,,,93
201600046530,16,12,10,1045,1,1,1,5,3.0,93005,M,,,93
201600046531,16,12,10,710,3,1,1,1,6.0,95394,M,,,95
201600046532,16,12,13,1715,3,1,1,1,2.0,93078,M,,,93
201600046533,16,12,14,720,1,1,1,1,3.0,93066,M,,,93
201600046534,16,12,14,800,1,1,1,1,2.0,95527,M,,,95
201600046535,16,12,13,1540,1,1,1,1,3.0,93007,M,,,93
201600046536,16,12,4,1000,1,1,1,1,6.0,92036,M,,,92
201600046537,16,12,14,2215,3,1,1,1,6.0,95572,M,,,95
201600046538,16,12,15,1610,1,1,1,1,7.0,95572,M,,,95
201600046539,16,12,15,915,2,1,1,1,2.0,92036,M,,,92
201600046540,16,12,14,1350,1,1,1,1,6.0,93005,M,,,93
201600046541,16,12,14,1920,3,1,1,1,5.0,93008,M,,,93
201600046542,16,12,15,835,1,1,1,1,4.0,95500,M,,,95
201600046543,16,12,16,600,1,1,1,1,3.0,95028,M,,,95
201600046544,16,12,16,720,3,1,1,1,7.0,92036,M,,,92
201600046545,16,12,16,800,1,1,1,1,2.0,93005,M,,,93
201600046546,16,12,16,830,1,1,1,1,3.0,93006,M,,,93
201600046547,16,12,16,1845,3,1,1,1,2.0,95028,M,,,95
201600046548,16,12,17,340,5,1,1,1,2.0,95219,M,,,95
201600046549,16,12,16,1640,1,1,1,1,6.0,93048,M,,,93
201600046550,16,12,17,1530,1,1,1,1,2.0,93064,M,,,93
201600046551,16,12,17,308,3,1,1,1,2.0,93066,M,,,93
201600046552,16,12,18,1830,1,1,1,1,1.0,93005,M,,,93
201600046553,16,12,19,2130,3,1,1,2,2.0,95572,M,,,95
201600046554,16,12,19,2225,3,1,1,1,6.0,92078,M,,,92
201600046555,16,12,6,1730,3,1,1,1,2.0,93078,M,,,93
201600046556,16,12,20,1700,2,1,1,1,3.0,93005,M,,,93
201600046557,16,12,19,1350,1,1,1,1,3.0,93005,M,,,93
201600046558,16,12,21,2330,3,1,1,3,2.0,95018,M,,,95
201600046559,16,12,22,115,3,1,1,3,6.0,95277,M,4897350.0,248590.0,95
201600046560,16,12,22,1130,1,1,1,2,3.0,93006,M,,,93
201600046561,16,12,22,1645,1,1,1,8,6.0,93053,M,,,93
201600046562,16,12,22,1310,1,1,1,1,6.0,93053,M,,,93
201600046563,16,12,21,2050,5,1,1,1,6.0,93066,M,,,93
201600046564,16,12,22,1615,1,1,1,1,3.0,95154,M,,,95
201600046565,16,12,23,520,3,1,1,5,2.0,95277,M,,,95
201600046566,16,12,21,2050,3,1,1,2,5.0,93006,M,,,93
201600046567,16,12,22,1600,1,1,1,1,7.0,95365,M,,,95
201600046568,16,12,24,720,3,1,1,1,2.0,93005,M,,,93
201600046569,16,12,24,1000,1,1,1,1,7.0,93005,M,,,93
201600046570,16,12,24,1040,1,1,1,1,6.0,93027,M,,,93
201600046571,16,12,22,845,1,1,1,2,3.0,95582,M,,,95
201600046572,16,12,24,2000,4,1,1,1,4.0,93005,M,,,93
201600046573,16,12,26,1335,1,1,1,1,6.0,95203,M,4897740.0,228720.0,95
201600046574,16,12,26,1530,1,1,1,1,4.0,93027,M,,,93
201600046575,16,12,26,1730,4,1,1,1,3.0,93066,M,,,93
201600046576,16,12,26,1300,1,1,1,1,6.0,93064,M,,,93
201600046577,16,12,27,1435,1,1,1,1,2.0,95018,M,,,95
201600046578,16,12,27,930,1,1,1,1,2.0,93008,M,,,93
201600046579,16,12,28,1910,3,1,1,1,6.0,95212,M,,,95
201600046580,16,12,29,1020,1,1,1,1,7.0,95151,M,,,95
201600046581,16,12,30,1045,1,1,1,5,3.0,95277,M,4897280.0,248720.0,95
201600046582,16,12,30,2338,3,1,1,5,5.0,93005,M,,,93
201600046583,16,12,31,220,4,1,1,1,5.0,93039,M,,,93
201600046584,16,12,31,1445,1,1,1,2,6.0,93027,M,,,93
201600046585,16,12,26,1756,3,1,1,1,2.0,92078,M,,,92
201600046586,16,12,31,2100,3,1,1,1,7.0,93001,M,,,93
201600046587,16,12,31,2156,4,1,1,1,6.0,93029,M,,,93
201600046588,16,12,31,2215,3,1,1,9,6.0,93027,M,,,93
201600046589,16,1,1,2105,5,1,1,8,3.0,92063,M,,,92
201600046590,16,1,2,1522,1,1,1,2,2.0,78498,M,,,78
201600046591,16,1,2,1810,1,1,1,1,6.0,78043,M,,,78
201600046592,16,1,2,2305,3,1,1,2,2.0,78466,M,,,78
201600046593,16,1,3,1840,3,1,1,2,2.0,78043,M,,,78
201600046594,16,1,3,2032,3,1,1,2,6.0,92050,M,,,92
201600046595,16,1,3,2055,3,1,1,2,5.0,92050,M,,,92
201600046596,16,1,3,2105,3,1,1,2,7.0,92063,M,,,92
201600046597,16,1,4,600,3,1,1,1,3.0,78140,M,,,78
201600046598,16,1,4,1742,2,1,1,1,4.0,78073,M,,,78
201600046599,16,1,5,1115,1,1,1,1,3.0,78118,M,,,78
201600046600,16,1,6,1555,1,1,1,1,5.0,78029,M,,,78
201600046601,16,1,6,1743,5,1,1,8,2.0,92050,M,,,92
201600046602,16,1,7,801,3,1,1,2,1.0,78402,M,,,78
201600046603,16,1,8,1133,1,1,1,1,2.0,92064,M,,,92
201600046604,16,1,8,1808,2,1,1,1,1.0,78117,M,,,78
201600046605,16,1,8,2005,3,1,1,1,3.0,92025,M,,,92
201600046606,16,1,9,1250,1,1,1,1,6.0,78140,M,,,78
201600046607,16,1,9,1810,5,1,1,1,2.0,92050,M,,,92
201600046608,16,1,9,2137,4,1,1,3,6.0,78291,M,,,78
201600046609,16,1,10,2239,3,1,1,8,3.0,78423,M,,,78
201600046610,16,1,10,2305,3,1,1,1,2.0,78455,M,,,78
201600046611,16,1,12,855,1,1,1,2,7.0,92047,M,,,92
201600046612,16,1,12,945,1,1,1,2,6.0,78073,M,,,78
201600046613,16,1,12,1658,4,1,1,1,5.0,92050,M,,,92
201600046614,16,1,12,1930,3,1,1,1,2.0,78640,M,,,78
201600046615,16,1,13,630,3,1,1,1,6.0,78297,M,,,78
201600046616,16,1,13,927,1,1,1,1,4.0,92064,M,,,92
201600046617,16,1,14,725,3,1,1,2,6.0,78291,M,,,78
201600046618,16,1,14,926,1,1,1,2,6.0,92072,M,,,92
201600046619,16,1,14,1005,1,1,1,2,6.0,92048,M,,,92
201600046620,16,1,14,1650,1,1,1,4,7.0,78490,M,,,78
201600046621,16,1,15,752,5,1,1,2,5.0,78242,M,,,78
201600046622,16,1,15,1820,3,1,1,1,3.0,78423,M,,,78
201600046623,16,1,15,1950,5,1,1,1,5.0,92023,M,,,92
201600046624,16,1,15,2000,3,1,1,1,6.0,78126,M,,,78
201600046625,16,1,16,640,3,1,1,1,7.0,78646,M,,,78
201600046626,16,1,16,836,1,1,1,1,6.0,78423,M,,,78
201600046627,16,1,17,732,2,1,1,1,6.0,92064,M,,,92
201600046628,16,1,17,2100,3,1,1,1,2.0,78206,M,,,78
201600046629,16,1,17,2300,5,1,1,1,1.0,92060,M,,,92
201600046630,16,1,18,55,3,1,1,1,6.0,78321,M,,,78
201600046631,16,1,18,940,1,1,1,1,4.0,92050,M,,,92
201600046632,16,1,20,1012,1,1,1,1,2.0,92051,M,,,92
201600046633,16,1,20,1530,1,1,1,1,5.0,78242,M,,,78
201600046634,16,1,21,1355,1,1,1,1,2.0,92050,M,,,92
201600046635,16,1,22,902,1,1,1,1,3.0,92036,M,,,92
201600046636,16,1,22,1525,1,1,1,2,2.0,92050,M,,,92
201600046637,16,1,22,1630,2,1,1,2,2.0,92050,M,,,92
201600046638,16,1,23,1220,1,1,1,1,6.0,78640,M,,,78
201600046639,16,1,24,400,5,1,1,2,3.0,92012,M,,,92
201600046640,16,1,24,1050,1,1,1,8,6.0,92036,M,,,92
201600046641,16,1,24,1913,2,1,1,1,2.0,78238,M,,,78
201600046642,16,1,25,807,1,1,1,1,2.0,78043,M,,,78
201600046643,16,1,25,850,2,1,1,1,2.0,78498,M,,,78
201600046644,16,1,24,917,1,1,1,1,2.0,78423,M,,,78
201600046645,16,1,27,1000,1,1,1,2,7.0,92050,M,,,92
201600046646,16,1,28,756,1,1,1,1,2.0,78217,M,,,78
201600046647,16,1,28,2210,3,1,1,1,7.0,78090,M,,,78
201600046648,16,1,30,220,5,1,1,2,3.0,92050,M,,,92
201600046649,16,1,31,41,3,1,1,2,2.0,78322,M,,,78
201600046650,16,2,1,715,3,1,1,1,2.0,78524,M,,,78
201600046651,16,2,2,1355,1,1,1,1,7.0,92048,M,,,92
201600046652,16,2,3,910,1,1,1,1,2.0,92062,M,,,92
201600046653,16,2,3,1040,1,1,1,1,2.0,92048,M,,,92
201600046654,16,2,4,900,1,1,1,1,4.0,78007,M,,,78
201600046655,16,2,4,1800,3,1,1,2,5.0,78640,M,,,78
201600046656,16,2,6,256,3,1,1,1,7.0,92063,M,,,92
201600046657,16,2,7,330,3,1,1,2,6.0,78029,M,,,78
201600046658,16,2,7,530,3,1,1,1,5.0,78466,M,,,78
201600046659,16,2,7,810,1,1,1,8,6.0,92036,M,,,92
201600046660,16,2,7,1545,1,1,1,1,3.0,78090,M,,,78
201600046661,16,2,8,28,3,1,1,6,3.0,78640,M,,,78
201600046662,16,2,8,318,3,1,1,6,7.0,78029,M,,,78
201600046663,16,2,8,850,1,1,1,1,6.0,78242,M,,,78
201600046664,16,2,8,908,1,1,1,8,4.0,78545,M,,,78
201600046665,16,2,8,938,1,1,1,1,1.0,92025,M,,,92
201600046666,16,2,8,1615,1,1,1,2,6.0,92025,M,,,92
201600046667,16,2,8,2025,3,1,1,1,3.0,78640,M,,,78
201600046668,16,2,8,2027,3,1,1,2,3.0,78291,M,,,78
201600046669,16,2,9,915,1,2,1,1,2.0,92051,M,,,92
201600046670,16,2,9,943,1,1,1,2,6.0,78423,M,,,78
201600046671,16,2,10,205,5,1,1,1,6.0,92050,M,,,92
201600046672,16,2,10,803,1,1,1,1,6.0,78043,M,,,78
201600046673,16,2,10,857,1,1,1,1,5.0,92025,M,,,92
201600046674,16,2,10,1850,3,1,1,1,3.0,78640,M,,,78
201600046675,16,2,11,727,1,1,1,2,6.0,92047,M,,,92
201600046676,16,2,11,900,1,1,1,1,2.0,92048,M,,,92
201600046677,16,2,12,250,3,1,1,1,6.0,78090,M,,,78
201600046678,16,2,12,1520,1,1,1,2,7.0,92050,M,,,92
201600046679,16,2,14,5,3,1,1,1,2.0,78007,M,,,78
201600046680,16,2,16,825,1,1,1,1,2.0,78545,M,,,78
201600046681,16,2,16,1450,1,1,1,1,6.0,78545,M,,,78
201600046682,16,2,17,720,5,1,1,1,1.0,92063,M,,,92
201600046683,16,2,17,1700,1,1,1,1,4.0,92064,M,,,92
201600046684,16,2,18,945,1,1,1,1,2.0,92025,M,,,92
201600046685,16,2,18,910,1,1,1,8,5.0,78640,M,,,78
201600046686,16,2,18,1850,5,1,1,1,7.0,92060,M,,,92
201600046687,16,2,18,2228,3,1,1,2,6.0,78423,M,,,78
201600046688,16,2,19,1637,1,1,1,1,1.0,92050,M,,,92
201600046689,16,2,22,850,1,1,1,1,1.0,92050,M,,,92
201600046690,16,2,22,953,1,1,1,1,2.0,78640,M,,,78
201600046691,16,2,22,1237,1,1,1,1,6.0,78646,M,,,78
201600046692,16,2,23,907,1,1,1,2,3.0,92036,M,,,92
201600046693,16,2,24,946,1,1,1,1,3.0,78322,M,,,78
201600046694,16,2,24,1748,1,1,1,2,5.0,78073,M,,,78
201600046695,16,2,24,1850,5,1,1,1,2.0,78242,M,,,78
201600046696,16,2,24,2310,3,1,1,1,6.0,78206,M,,,78
201600046697,16,2,25,1509,1,1,1,1,6.0,78043,M,,,78
201600046698,16,2,27,1315,1,1,1,1,2.0,92047,M,,,92
201600046699,16,2,28,2335,3,1,1,1,6.0,78322,M,,,78
201600046700,16,2,29,920,1,1,1,1,4.0,78362,M,,,78
201600046701,16,3,1,1146,1,1,1,1,6.0,78646,M,,,78
201600046702,16,3,2,2235,3,1,1,2,3.0,78158,M,,,78
201600046703,16,3,4,720,2,1,1,2,3.0,92047,M,,,92
201600046704,16,3,4,910,1,1,1,1,1.0,92047,M,,,92
201600046705,16,3,4,2110,3,1,1,3,2.0,78640,M,,,78
201600046706,16,3,5,1120,1,1,1,8,6.0,78490,M,,,78
201600046707,16,3,5,1700,1,1,1,1,4.0,78571,M,,,78
201600046708,16,3,6,1350,1,1,1,1,6.0,92036,M,,,92
201600046709,16,3,6,1630,1,1,1,1,2.0,78291,M,,,78
201600046710,16,3,7,1015,1,1,1,2,5.0,78043,M,,,78
201600046711,16,3,8,2030,5,1,1,1,6.0,78073,M,,,78
201600046712,16,3,9,755,1,1,1,2,5.0,92036,M,,,92
201600046713,16,3,9,1125,1,1,1,2,6.0,78423,M,,,78
201600046714,16,3,10,1949,3,1,1,1,1.0,78640,M,,,78
201600046715,16,3,11,855,1,1,1,1,1.0,78490,M,,,78