Num_Acc,an,mois,jour,hrmn,lum,agg,int,atm,col,com,gps,lat,long,dep
201600046716,16,3,11,835,1,1,1,1,2.0,92036,M,,,92
201600046717,16,3,12,1627,1,1,1,1,5.0,92025,M,,,92
201600046718,16,3,13,525,5,1,1,1,2.0,92050,M,,,92
201600046719,16,3,14,729,1,1,1,1,1.0,78423,M,,,78
201600046720,16,3,14,800,1,1,1,1,2.0,92048,M,,,92
201600046721,16,3,15,1653,1,1,1,1,5.0,92063,M,,,92
201600046722,16,3,16,1110,1,1,1,1,2.0,78118,M,,,78
201600046723,16,3,16,1635,1,1,1,1,2.0,92025,M,,,92
201600046724,16,3,16,1820,5,1,1,1,2.0,92050,M,,,92
201600046725,16,3,16,1821,1,1,1,1,3.0,92048,M,,,92
201600046726,16,3,18,636,1,1,1,1,6.0,78291,M,,,78
201600046727,16,3,18,2110,3,1,1,1,2.0,78133,M,,,78
201600046728,16,3,20,644,1,1,1,1,1.0,92047,M,,,92
201600046729,16,3,21,900,1,1,1,1,4.0,78571,M,,,78
201600046730,16,3,23,810,1,1,1,1,1.0,78640,M,,,78
201600046731,16,3,23,1610,1,1,1,1,2.0,78238,M,,,78
201600046732,16,3,24,641,1,1,1,1,1.0,92047,M,,,92
201600046733,16,3,24,842,1,1,1,1,3.0,92063,M,,,92
201600046734,16,3,24,830,1,1,1,1,5.0,78423,M,,,78
201600046735,16,3,24,900,1,1,1,1,1.0,92025,M,,,92
201600046736,16,3,25,905,1,1,1,2,2.0,92050,M,,,92
201600046737,16,3,25,1036,1,1,1,2,3.0,92025,M,,,92
201600046738,16,3,25,930,1,1,1,2,7.0,92051,M,,,92
201600046739,16,3,25,1339,1,1,1,1,2.0,92036,M,,,92
201600046740,16,3,25,1926,3,1,1,1,3.0,78073,M,,,78
201600046741,16,3,26,1119,1,1,1,1,5.0,78043,M,,,78
201600046742,16,3,26,1100,1,1,1,1,5.0,78362,M,,,78
201600046743,16,3,27,2100,3,1,1,1,2.0,92047,M,,,92
201600046744,16,3,27,2337,3,1,1,2,6.0,78545,M,,,78
201600046745,16,3,29,718,2,1,1,1,6.0,78524,M,,,78
201600046746,16,3,30,735,1,1,1,1,1.0,92062,M,,,92
201600046747,16,3,30,800,1,1,1,1,1.0,78490,M,,,78
201600046748,16,3,30,840,1,1,1,1,1.0,92050,M,,,92
201600046749,16,3,30,1930,2,1,1,2,2.0,92036,M,,,92
201600046750,16,3,30,2000,3,1,1,2,3.0,92025,M,,,92
201600046751,16,3,30,2150,3,1,1,2,2.0,78466,M,,,78
201600046752,16,3,30,2250,1,1,1,1,2.0,92047,M,,,92
201600046753,16,3,31,945,1,1,1,2,2.0,78133,M,,,78
201600046754,16,4,1,1221,1,1,1,1,6.0,92047,M,,,92
201600046755,16,3,31,1437,1,1,1,1,6.0,78640,M,,,78
201600046756,16,3,31,1752,1,1,1,2,6.0,92051,M,,,92
201600046757,16,3,31,1847,2,1,1,2,6.0,78423,M,,,78
201600046758,16,3,21,900,1,1,1,1,6.0,78362,M,,,78
201600046759,16,3,21,900,1,1,1,1,4.0,78291,M,,,78
201600046760,16,4,4,914,1,1,1,1,4.0,92047,M,,,92
201600046761,16,4,1,1706,1,1,1,1,7.0,78043,M,,,78
201600046762,16,4,2,155,3,1,1,1,1.0,92036,M,,,92
201600046763,16,4,3,515,4,1,1,1,6.0,78206,M,,,78
201600046764,16,4,3,1840,1,1,1,1,6.0,78158,M,,,78
201600046765,16,4,4,830,1,1,1,1,4.0,78466,M,,,78
201600046766,16,4,4,1625,1,1,1,1,4.0,78126,M,,,78
201600046767,16,4,6,848,1,1,1,1,2.0,92047,M,,,92
201600046768,16,4,6,950,1,1,1,1,5.0,92048,M,,,92
201600046769,16,4,6,1733,1,1,1,2,4.0,92048,M,,,92
201600046770,16,4,7,812,1,1,1,1,6.0,92048,M,,,92
201600046771,16,4,7,918,1,1,1,1,1.0,78490,M,,,78
201600046772,16,4,7,1325,1,1,1,2,4.0,78640,M,,,78
201600046773,16,4,8,1515,1,1,1,1,3.0,78238,M,,,78
201600046774,16,4,9,320,4,1,1,1,6.0,78640,M,,,78
201600046775,16,4,9,645,2,1,1,1,4.0,78466,M,,,78
201600046776,16,4,9,2250,4,1,1,1,2.0,78640,M,,,78
201600046777,16,4,10,2230,3,1,1,1,6.0,78073,M,,,78
201600046778,16,4,11,1800,1,1,1,2,6.0,78217,M,,,78
201600046779,16,4,11,1814,1,1,1,1,2.0,78640,M,,,78
201600046780,16,4,13,910,1,1,1,1,6.0,92036,M,,,92
201600046781,16,4,13,610,1,1,1,1,2.0,92025,M,,,92
201600046782,16,4,13,1125,1,1,1,1,1.0,78640,M,,,78
201600046783,16,4,13,1830,1,1,1,1,6.0,92064,M,,,92
201600046784,16,4,14,755,1,1,1,1,4.0,78545,M,,,78
201600046785,16,4,15,928,1,1,1,1,2.0,92062,M,,,92
201600046786,16,4,14,904,1,1,1,1,3.0,78043,M,,,78
201600046787,16,4,14,1304,1,1,1,1,3.0,92025,M,,,92
201600046788,16,4,15,940,1,1,1,1,2.0,92047,M,,,92
201600046789,16,4,16,922,1,1,1,1,4.0,92047,M,,,92
201600046790,16,4,16,1620,1,1,1,1,1.0,92050,M,,,92
201600046791,16,4,16,1628,1,1,1,8,6.0,78571,M,,,78
201600046792,16,4,19,812,1,1,1,1,1.0,92064,M,,,92
201600046793,16,4,21,1750,1,1,1,1,6.0,92072,M,,,92
201600046794,16,4,22,758,1,1,1,1,6.0,92047,M,,,92
201600046795,16,4,22,1715,1,1,1,1,1.0,78455,M,,,78
201600046796,16,4,22,1833,1,1,1,1,4.0,92064,M,,,92
201600046797,16,4,23,638,1,1,1,1,1.0,92050,M,,,92
201600046798,16,4,23,1001,1,1,1,1,1.0,78490,M,,,78
201600046799,16,4,24,238,3,1,1,1,3.0,92048,M,,,92
201600046800,16,4,24,343,3,1,1,1,6.0,92036,M,,,92
201600046801,16,4,24,1603,1,1,1,1,2.0,78291,M,,,78
201600046802,16,4,25,1250,1,1,1,1,5.0,78206,M,,,78
201600046803,16,4,26,1510,1,1,1,8,6.0,78073,M,,,78
201600046804,16,4,29,115,3,1,1,1,2.0,78029,M,,,78
201600046805,16,4,29,1757,1,1,1,1,6.0,92072,M,,,92
201600046806,16,4,30,1042,1,1,1,2,6.0,92072,M,,,92
201600046807,16,5,3,607,5,1,1,1,2.0,92050,M,,,92
201600046808,16,5,3,744,1,1,1,1,6.0,78206,M,,,78
201600046809,16,5,3,844,1,1,1,1,1.0,92064,M,,,92
201600046810,16,5,3,1156,1,1,1,1,5.0,78455,M,,,78
201600046811,16,5,3,1145,1,1,1,1,6.0,78043,M,,,78
201600046812,16,5,3,1920,1,1,1,1,6.0,92050,M,,,92
201600046813,16,5,4,825,1,1,1,1,5.0,92064,M,,,92
201600046814,16,5,4,838,1,1,1,1,1.0,92047,M,,,92
201600046815,16,5,4,2330,3,1,1,1,7.0,78117,M,,,78
201600046816,16,5,5,530,5,1,1,1,6.0,92050,M,,,92
201600046817,16,5,7,1822,1,1,1,1,6.0,78646,M,,,78
201600046818,16,5,8,844,1,1,1,1,7.0,78455,M,,,78
201600046819,16,5,9,834,1,1,1,1,1.0,78640,M,,,78
201600046820,16,5,9,1946,1,1,1,1,1.0,78158,M,,,78
201600046821,16,5,9,2030,2,1,1,1,3.0,78362,M,,,78
201600046822,16,5,11,1455,1,1,1,3,7.0,92072,M,,,92
201600046823,16,5,13,50,5,1,1,2,6.0,92064,M,,,92
201600046824,16,5,13,725,1,1,1,5,6.0,78640,M,,,78
201600046825,16,5,13,1656,1,1,1,1,6.0,92063,M,,,92
201600046826,16,5,14,10,3,1,1,1,6.0,92025,M,,,92
201600046827,16,5,17,657,1,1,1,1,1.0,78242,M,,,78
201600046828,16,5,17,819,1,1,1,1,3.0,78455,M,,,78
201600046829,16,5,17,948,1,1,1,1,4.0,92050,M,,,92
201600046830,16,5,19,1034,1,1,1,2,4.0,92047,M,,,92
201600046831,16,5,20,739,1,1,1,1,3.0,92023,M,,,92
201600046832,16,5,21,1240,1,1,1,1,2.0,92025,M,,,92
201600046833,16,5,21,1820,1,1,1,1,2.0,92064,M,,,92
201600046834,16,5,22,525,3,1,1,8,6.0,78545,M,,,78
201600046835,16,5,22,2115,1,1,1,1,7.0,78423,M,,,78
201600046836,16,5,25,1503,1,1,1,1,2.0,78165,M,,,78
201600046837,16,5,27,35,5,1,1,1,6.0,92050,M,,,92
201600046838,16,5,27,620,1,1,1,1,5.0,92050,M,,,92
201600046839,16,5,27,2240,3,1,1,1,2.0,92048,M,,,92
201600046840,16,5,28,2346,3,2,1,1,6.0,92025,M,,,92
201600046841,16,5,29,635,1,1,1,2,7.0,78007,M,,,78
201600046842,16,5,29,820,1,1,1,1,6.0,78242,M,,,78
201600046843,16,5,29,1732,1,1,1,2,5.0,92025,M,,,92
201600046844,16,6,1,810,1,1,1,2,6.0,92026,M,,,92
201600046845,16,5,31,1718,1,1,1,3,7.0,78165,M,,,78
201600046846,16,5,31,2003,1,1,1,1,6.0,92050,M,,,92
201600046847,16,5,31,2022,1,1,1,3,3.0,78423,M,,,78
201600046848,16,6,1,155,5,1,1,1,7.0,92062,M,,,92
201600046849,16,6,1,740,1,1,1,2,1.0,92050,M,,,92
201600046850,16,6,1,810,1,1,1,2,4.0,92051,M,,,92
201600046851,16,6,1,2108,3,1,1,2,6.0,78158,M,,,78
201600046852,16,6,2,2250,3,1,1,2,2.0,78206,M,,,78
201600046853,16,6,3,1731,1,1,1,1,5.0,78640,M,,,78
201600046854,16,6,3,2033,1,1,1,1,1.0,92012,M,,,92
201600046855,16,6,4,4,3,1,1,2,6.0,78640,M,,,78
201600046856,16,6,4,953,1,1,1,2,7.0,92072,M,,,92
201600046857,16,6,6,2225,3,1,1,1,7.0,78545,M,,,78
201600046858,16,6,7,800,1,1,1,1,1.0,92072,M,,,92
201600046859,16,6,7,920,1,1,1,1,5.0,92063,M,,,92
201600046860,16,6,8,1027,1,1,1,1,2.0,78498,M,,,78
201600046861,16,6,8,1650,1,1,1,1,2.0,78117,M,,,78
201600046862,16,6,8,1830,1,1,1,1,2.0,92064,M,,,92
201600046863,16,6,8,1911,1,1,1,1,1.0,92050,M,,,92
201600046864,16,6,8,1930,1,1,1,1,4.0,92036,M,,,92
201600046865,16,6,8,2100,3,1,1,1,4.0,92050,M,,,92
201600046866,16,6,9,1500,1,1,1,1,2.0,78073,M,,,78
201600046867,16,6,9,1705,1,1,1,1,2.0,92064,M,,,92
201600046868,16,6,9,1637,1,1,1,1,2.0,78640,M,,,78
201600046869,16,6,9,2000,1,1,1,1,6.0,92023,M,,,92
201600046870,16,6,10,852,1,1,1,1,5.0,78640,M,,,78
201600046871,16,6,10,1105,1,1,1,1,3.0,92004,M,,,92
201600046872,16,6,11,1010,1,1,1,1,1.0,78640,M,,,78
201600046873,16,6,11,1903,1,1,1,1,6.0,78140,M,,,78
201600046874,16,6,12,2020,1,1,1,1,7.0,92062,M,,,92
201600046875,16,6,13,350,5,1,1,1,6.0,78498,M,,,78
201600046876,16,6,13,2035,1,1,1,1,6.0,78291,M,,,78
201600046877,16,6,14,1223,1,1,1,1,5.0,78646,M,,,78
201600046878,16,6,14,1655,1,1,1,1,6.0,78455,M,,,78
201600046879,16,6,15,609,2,1,1,2,6.0,78646,M,,,78
201600046880,16,6,16,730,1,1,1,1,6.0,78466,M,,,78
201600046881,16,6,16,1705,1,1,1,8,3.0,78362,M,,,78
201600046882,16,6,16,1820,1,1,1,1,7.0,92072,M,,,92
201600046883,16,6,17,906,1,1,1,1,6.0,92050,M,,,92
201600046884,16,6,17,1330,1,1,1,2,5.0,92047,M,,,92
201600046885,16,6,17,1605,1,1,1,2,4.0,78117,M,,,78
201600046886,16,6,17,2130,3,1,1,2,1.0,78233,M,,,78
201600046887,16,6,20,615,2,1,1,2,6.0,78640,M,,,78
201600046888,16,6,20,1110,1,1,1,1,2.0,92047,M,,,92
201600046889,16,6,20,1902,1,1,1,2,4.0,78043,M,,,78
201600046890,16,6,21,743,1,1,1,1,1.0,92047,M,,,92
201600046891,16,6,21,934,1,1,1,2,1.0,78117,M,,,78
201600046892,16,6,21,1700,1,1,1,1,2.0,78640,M,,,78
201600046893,16,6,21,2045,1,1,1,1,7.0,92050,M,,,92
201600046894,16,6,21,905,1,1,1,1,5.0,78322,M,,,78
201600046895,16,6,22,950,1,1,1,1,4.0,92036,M,,,92
201600046896,16,6,22,2055,1,1,1,2,7.0,92036,M,,,92
201600046897,16,6,23,857,1,1,1,1,1.0,78640,M,,,78
201600046898,16,6,23,911,1,1,1,1,5.0,92048,M,,,92
201600046899,16,6,24,200,5,1,1,1,1.0,78524,M,,,78
201600046900,16,6,24,1700,1,1,1,1,4.0,78206,M,,,78
201600046901,16,6,24,1803,1,1,1,1,1.0,78322,M,,,78
201600046902,16,6,25,1725,1,1,1,1,4.0,92025,M,,,92
201600046903,16,6,26,210,3,1,1,1,5.0,78490,M,,,78
201600046904,16,6,26,2040,1,1,1,1,7.0,78206,M,,,78
201600046905,16,6,27,914,1,1,1,1,1.0,78322,M,,,78
201600046906,16,6,27,1014,1,1,1,1,2.0,92048,M,,,92
201600046907,16,6,28,500,1,1,1,1,6.0,78490,M,,,78
201600046908,16,6,28,740,1,1,1,1,6.0,92050,M,,,92
201600046909,16,6,28,1045,1,1,1,1,6.0,75116,M,,,75
201600046910,16,6,29,839,1,1,1,1,1.0,92047,M,,,92
201600046911,16,6,29,950,1,1,1,1,6.0,78133,M,,,78
201600046912,16,6,28,1432,1,1,1,1,3.0,78158,M,,,78
201600046913,16,6,30,1634,1,1,1,1,3.0,92063,M,,,92
201600046914,16,7,1,951,1,1,1,1,3.0,92036,M,,,92
201600046915,16,7,3,1,5,1,1,1,3.0,78126,M,,,78
201600046916,16,7,3,535,1,1,1,1,6.0,78455,M,,,78
201600046917,16,7,5,2032,1,1,1,1,1.0,75116,M,,,75
201600046918,16,7,6,719,1,1,1,1,1.0,78571,M,,,78
201600046919,16,7,6,950,1,1,1,1,2.0,92036,M,,,92
201600046920,16,7,6,1022,1,1,1,1,2.0,78043,M,,,78
201600046921,16,7,6,1529,1,1,1,1,4.0,92036,M,,,92
201600046922,16,7,6,1646,1,1,1,1,6.0,92050,M,,,92
201600046923,16,7,6,1800,1,1,1,1,3.0,92026,M,,,92
201600046924,16,7,7,1740,1,1,1,1,2.0,92072,M,,,92
201600046925,16,7,7,1745,1,1,1,1,2.0,92047,M,,,92
201600046926,16,7,7,2100,1,1,1,1,3.0,78640,M,,,78
201600046927,16,7,8,125,3,1,1,1,2.0,78217,M,,,78
201600046928,16,7,8,935,1,1,1,1,2.0,92064,M,,,92
201600046929,16,7,8,1245,1,1,1,1,6.0,78322,M,,,78
201600046930,16,7,9,1935,1,1,1,1,5.0,92025,M,,,92
201600046931,16,7,9,2130,1,1,1,1,6.0,92047,M,,,92
201600046932,16,7,10,35,3,1,1,1,7.0,78206,M,,,78
201600046933,16,7,10,1819,1,1,1,1,6.0,92036,M,,,92
201600046934,16,7,12,714,1,1,1,1,1.0,78321,M,,,78
201600046935,16,7,12,1017,1,1,1,1,1.0,78646,M,,,78
201600046936,16,7,12,1518,1,1,1,1,6.0,78640,M,,,78
201600046937,16,7,12,1850,1,1,1,1,4.0,92050,M,,,92
201600046938,16,7,12,1950,1,1,1,1,3.0,78043,M,,,78
201600046939,16,7,15,1510,1,1,1,1,3.0,78206,M,,,78
201600046940,16,7,17,2025,2,1,1,1,6.0,78297,M,,,78
201600046941,16,7,19,730,1,1,1,1,1.0,78043,M,,,78
201600046942,16,7,20,932,1,1,1,1,4.0,78158,M,,,78
201600046943,16,7,21,700,1,1,1,1,7.0,92050,M,,,92
201600046944,16,7,21,812,1,1,1,1,1.0,78321,M,,,78
201600046945,16,7,21,2100,1,1,1,1,7.0,92050,M,,,92
201600046946,16,7,22,1621,1,1,1,1,1.0,78133,M,,,78
201600046947,16,7,22,1732,1,1,1,1,1.0,78043,M,,,78
201600046948,16,7,23,245,3,1,1,1,2.0,78423,M,,,78
201600046949,16,7,23,840,1,1,1,1,6.0,78640,M,,,78
201600046950,16,7,23,2040,1,1,1,1,6.0,92064,M,,,92
201600046951,16,7,24,5,3,1,1,1,6.0,78291,M,,,78
201600046952,16,7,24,11,3,1,1,1,1.0,78362,M,,,78
201600046953,16,7,25,1046,1,1,1,1,6.0,78238,M,,,78
201600046954,16,7,26,1758,1,1,1,1,5.0,92050,M,,,92
201600046955,16,7,27,1910,1,1,1,1,2.0,92047,M,,,92
201600046956,16,7,27,1950,1,1,1,1,4.0,92047,M,,,92
201600046957,16,7,28,550,1,1,1,2,4.0,78291,M,,,78
201600046958,16,7,28,915,1,1,1,1,6.0,92072,M,,,92
201600046959,16,7,29,1400,1,1,1,1,2.0,92050,M,,,92
201600046960,16,7,30,650,1,1,1,1,6.0,78322,M,,,78
201600046961,16,7,30,1645,1,1,1,1,6.0,92047,M,,,92
201600046962,16,8,2,738,1,1,1,2,6.0,78073,M,,,78
201600046963,16,8,2,2310,3,1,1,2,2.0,78466,M,,,78
201600046964,16,8,5,920,1,1,1,1,3.0,78640,M,,,78
201600046965,16,8,5,1840,1,1,1,1,7.0,78466,M,,,78
201600046966,16,8,6,1427,1,2,1,1,6.0,92050,M,,,92
201600046967,16,8,11,1218,1,1,1,1,7.0,92062,M,,,92
201600046968,16,8,13,1712,1,1,1,1,2.0,78322,M,,,78
201600046969,16,8,16,942,1,1,1,1,6.0,78646,M,,,78
201600046970,16,8,16,940,1,1,1,1,1.0,78029,M,,,78
201600046971,16,8,17,739,1,1,1,1,6.0,78029,M,,,78
201600046972,16,8,18,1300,1,1,1,2,7.0,92047,M,,,92
201600046973,16,8,18,1800,1,1,1,2,6.0,78640,M,,,78
201600046974,16,8,19,430,3,1,1,1,2.0,78402,M,,,78
201600046975,16,8,19,1225,1,1,1,1,2.0,92064,M,,,92
201600046976,16,8,19,1600,1,1,1,1,7.0,92050,M,,,92
201600046977,16,8,23,1805,1,1,1,1,3.0,78242,M,,,78
201600046978,16,8,24,825,1,1,1,1,1.0,92063,M,,,92
201600046979,16,8,24,855,1,1,1,1,3.0,78524,M,,,78
201600046980,16,8,25,1745,1,1,1,1,5.0,78238,M,,,78
201600046981,16,8,26,1838,1,1,1,1,2.0,78571,M,,,78
201600046982,16,8,26,2000,1,1,1,1,6.0,92063,M,,,92
201600046983,16,8,26,2125,5,1,1,1,6.0,92064,M,,,92
201600046984,16,8,29,15,5,1,1,1,2.0,78362,M,,,78
201600046985,16,8,29,1320,1,1,1,2,1.0,78206,M,,,78
201600046986,16,8,29,1704,1,1,1,1,6.0,78206,M,,,78
201600046987,16,8,29,1734,1,1,1,1,7.0,92050,M,,,92
201600046988,16,8,29,1804,1,2,1,1,4.0,92050,M,,,92
201600046989,16,8,29,2230,3,2,1,1,7.0,92036,M,,,92
201600046990,16,8,30,643,2,1,1,1,6.0,78455,M,,,78
201600046991,16,8,31,1651,1,1,1,1,2.0,78090,M,,,78
201600046992,16,8,31,1817,1,1,1,1,2.0,78238,M,,,78
201600046993,16,9,1,900,1,1,1,1,6.0,92064,M,,,92
201600046994,16,9,1,942,1,1,1,1,1.0,92072,M,,,92
201600046995,16,9,1,1700,1,1,1,1,6.0,92072,M,,,92
201600046996,16,9,2,710,1,1,1,1,5.0,78423,M,,,78
201600046997,16,9,2,1200,1,1,1,1,6.0,92036,M,,,92
201600046998,16,9,4,149,3,1,1,1,6.0,92025,M,,,92
201600046999,16,9,4,1800,1,1,1,1,2.0,78498,M,,,78
201600047000,16,9,5,910,1,1,1,2,4.0,78206,M,,,78
201600047001,16,9,5,915,1,1,1,3,1.0,78297,M,,,78
201600047002,16,9,5,945,1,1,1,2,6.0,92064,M,,,92
201600047003,16,9,5,1140,1,1,1,2,6.0,92048,M,,,92
201600047004,16,9,6,2236,3,1,1,1,6.0,78362,M,,,78
201600047005,16,9,7,750,1,1,1,1,6.0,92050,M,,,92
201600047006,16,9,7,832,1,1,1,1,3.0,92047,M,,,92
201600047007,16,9,7,1150,1,1,1,1,1.0,78640,M,,,78
201600047008,16,9,7,1433,1,1,1,1,2.0,78043,M,,,78
201600047009,16,9,7,1809,1,1,1,1,2.0,92064,M,,,92
201600047010,16,9,7,1848,1,1,1,1,2.0,92026,M,,,92
201600047011,16,9,8,900,1,1,1,1,6.0,92025,M,,,92
201600047012,16,9,9,15,3,1,1,1,6.0,78322,M,,,78
201600047013,16,9,9,1539,1,1,1,1,5.0,78640,M,,,78
201600047014,16,9,9,1609,1,1,1,1,4.0,78640,M,,,78
201600047015,16,9,11,907,1,1,1,2,6.0,92048,M,,,92
201600047016,16,9,11,1550,1,1,1,1,4.0,92076,M,,,92
201600047017,16,9,11,1633,1,1,1,1,5.0,78090,M,,,78
201600047018,16,9,11,1828,1,1,1,1,5.0,78158,M,,,78
201600047019,16,9,12,640,1,1,1,1,2.0,92047,M,,,92
201600047020,16,9,12,932,1,1,1,1,3.0,78640,M,,,78
201600047021,16,9,12,1840,1,1,1,1,1.0,92050,M,,,92
201600047022,16,9,12,1850,1,1,1,1,2.0,92050,M,,,92
201600047023,16,9,13,759,1,1,1,1,1.0,78640,M,,,78
201600047024,16,9,13,800,1,1,1,1,3.0,78217,M,,,78
201600047025,16,9,13,825,1,1,1,1,4.0,92047,M,,,92
201600047026,16,9,12,1907,1,1,1,1,2.0,92060,M,,,92
201600047027,16,9,13,1800,1,1,1,1,6.0,92025,M,,,92
201600047028,16,9,14,1045,1,1,1,1,6.0,78073,M,,,78
201600047029,16,9,15,645,5,1,1,2,5.0,92063,M,,,92
201600047030,16,9,15,1148,1,1,1,2,6.0,92063,M,,,92
201600047031,16,9,16,908,1,1,1,1,2.0,78640,M,,,78
201600047032,16,9,16,1415,1,1,1,1,6.0,92048,M,,,92
201600047033,16,9,16,1901,1,1,1,3,7.0,78431,M,,,78
201600047034,16,9,16,2100,3,1,1,2,2.0,92048,M,,,92
201600047035,16,9,17,15,3,1,1,2,6.0,78571,M,,,78
201600047036,16,9,17,1731,1,1,1,1,4.0,92064,M,,,92
201600047037,16,9,18,708,1,1,1,1,6.0,92050,M,,,92
201600047038,16,9,19,1427,1,1,1,8,6.0,78646,M,,,78
201600047039,16,9,19,2220,3,1,1,1,5.0,78126,M,,,78
201600047040,16,9,20,1725,1,1,1,1,1.0,78640,M,,,78
201600047041,16,9,21,1735,1,1,1,1,6.0,92036,M,,,92
201600047042,16,9,21,2010,3,1,1,1,5.0,92062,M,,,92
201600047043,16,9,22,840,1,1,1,1,3.0,78640,M,,,78
201600047044,16,9,22,935,1,1,1,1,1.0,92050,M,,,92
201600047045,16,9,23,1849,1,1,1,1,2.0,92064,M,,,92
201600047046,16,9,23,2342,3,1,1,1,6.0,78090,M,,,78
201600047047,16,9,24,427,4,1,1,1,6.0,92047,M,,,92
201600047048,16,9,24,1148,1,1,1,1,2.0,78206,M,,,78
201600047049,16,9,24,1238,1,1,1,1,5.0,92064,M,,,92
201600047050,16,9,24,1310,1,1,1,1,2.0,78466,M,,,78
201600047051,16,9,24,2250,5,1,1,1,1.0,78124,M,,,78
201600047052,16,9,25,740,1,1,1,1,2.0,78140,M,,,78
201600047053,16,9,25,807,1,1,1,1,6.0,78321,M,,,78
201600047054,16,9,25,2005,5,1,1,1,6.0,78362,M,,,78
201600047055,16,9,25,308,5,1,1,1,6.0,92026,M,,,92
201600047056,16,9,26,730,1,1,1,1,3.0,78640,M,,,78
201600047057,16,9,26,900,1,1,1,1,1.0,75116,M,,,75
201600047058,16,9,26,1313,1,1,1,1,6.0,78117,M,,,78
201600047059,16,9,26,1745,1,1,1,1,4.0,78640,M,,,78
201600047060,16,9,27,810,1,1,1,1,2.0,78140,M,,,78
201600047061,16,9,27,815,1,1,1,1,5.0,78498,M,,,78
201600047062,16,9,27,1330,1,1,1,1,4.0,78217,M,,,78
201600047063,16,9,27,1850,1,1,1,1,6.0,92050,M,,,92
201600047064,16,9,27,1855,1,1,1,1,1.0,92048,M,,,92
201600047065,16,9,28,809,1,1,1,1,3.0,92048,M,,,92
201600047066,16,9,28,940,1,1,1,1,3.0,78043,M,,,78
201600047067,16,9,29,1735,1,1,1,1,1.0,78043,M,,,78
201600047068,16,9,29,1744,1,1,1,1,3.0,78322,M,,,78
201600047069,16,9,29,1829,1,1,1,1,1.0,92050,M,,,92
201600047070,16,9,30,828,1,1,1,1,3.0,92050,M,,,92
201600047071,16,9,30,906,1,1,1,1,5.0,78297,M,,,78
201600047072,16,9,30,1950,3,1,1,2,1.0,78158,M,,,78
201600047073,16,9,30,2102,3,1,1,2,2.0,92025,M,,,92
201600047074,16,10,1,117,3,1,1,2,7.0,78640,M,,,78
201600047075,16,10,1,847,1,1,1,2,2.0,78402,M,,,78
201600047076,16,10,1,1740,1,1,1,1,6.0,78362,M,,,78
201600047077,16,10,1,2049,5,1,1,1,4.0,92026,M,,,92
201600047078,16,10,3,740,1,1,1,1,3.0,78238,M,,,78
201600047079,16,10,3,823,1,1,1,1,6.0,78490,M,,,78
201600047080,16,10,4,2015,2,1,1,1,4.0,92064,M,,,92
201600047081,16,10,5,730,1,1,1,1,3.0,78208,M,,,78
201600047082,16,10,5,805,1,1,1,1,3.0,92036,M,,,92
201600047083,16,10,5,954,1,1,1,1,3.0,92026,M,,,92
201600047084,16,10,5,1244,1,1,1,1,2.0,78206,M,,,78
201600047085,16,10,5,1905,1,1,1,1,3.0,78640,M,,,78
201600047086,16,10,7,2025,4,1,1,1,3.0,92025,M,,,92
201600047087,16,10,7,2202,5,1,1,1,7.0,92050,M,,,92
201600047088,16,10,8,204,4,1,1,1,6.0,92025,M,,,92
201600047089,16,10,8,1341,1,1,1,1,6.0,92050,M,,,92
201600047090,16,10,9,1639,1,1,1,1,2.0,92062,M,,,92
201600047091,16,10,10,900,1,1,1,1,3.0,92072,M,,,92
201600047092,16,10,10,1830,1,1,1,1,2.0,92064,M,,,92
201600047093,16,10,11,1757,1,1,1,1,5.0,92025,M,,,92
201600047094,16,10,12,728,2,1,1,1,3.0,78640,M,,,78
201600047095,16,10,12,1335,1,1,1,1,2.0,92025,M,,,92
201600047096,16,10,12,1518,1,1,1,1,2.0,78640,M,,,78
201600047097,16,10,12,2002,5,1,1,1,5.0,92012,M,,,92
201600047098,16,10,12,2154,5,1,1,1,4.0,78118,M,,,78
201600047099,16,10,13,908,1,1,1,1,2.0,92050,M,,,92
201600047100,16,10,13,915,1,1,1,1,7.0,92048,M,,,92
201600047101,16,10,13,1143,1,1,1,1,3.0,92050,M,,,92
201600047102,16,10,13,1740,1,1,1,1,4.0,92050,M,,,92
201600047103,16,10,13,1950,2,1,1,1,4.0,78423,M,,,78
201600047104,16,10,14,1722,1,1,1,8,1.0,78646,M,,,78
201600047105,16,10,14,1947,3,1,1,1,2.0,92036,M,,,92
201600047106,16,10,14,2200,5,1,1,2,6.0,92063,M,,,92
201600047107,16,10,17,925,1,1,1,2,4.0,78640,M,,,78
201600047108,16,10,18,700,3,1,1,1,4.0,78090,M,,,78
201600047109,16,10,18,825,1,1,1,1,3.0,78208,M,,,78
201600047110,16,10,18,839,1,1,1,1,2.0,78362,M,,,78
201600047111,16,10,18,850,1,1,1,1,2.0,78124,M,,,78
201600047112,16,10,18,1040,1,1,1,1,2.0,92050,M,,,92
201600047113,16,10,18,1100,1,1,1,1,1.0,92036,M,,,92
201600047114,16,10,19,908,1,1,1,1,4.0,92036,M,,,92
201600047115,16,10,19,1418,1,1,1,1,1.0,78402,M,,,78
201600047116,16,10,19,1640,1,1,1,1,6.0,78551,M,,,78
201600047117,16,10,19,1905,5,1,1,8,3.0,92025,M,,,92
201600047118,16,10,20,940,1,1,1,1,5.0,92025,M,,,92
201600047119,16,10,21,1052,1,1,1,1,2.0,92036,M,,,92
201600047120,16,10,21,1816,1,1,1,1,1.0,78423,M,,,78
201600047121,16,10,21,2007,3,1,1,8,7.0,78640,M,,,78
201600047122,16,10,23,2020,3,1,1,2,1.0,78297,M,,,78
201600047123,16,10,25,621,3,1,1,1,4.0,78466,M,,,78
201600047124,16,10,25,1022,1,1,1,1,2.0,92050,M,,,92
201600047125,16,10,26,1949,5,1,1,1,5.0,92025,M,,,92
201600047126,16,10,27,710,2,1,1,5,5.0,92064,M,,,92
201600047127,16,10,27,1625,1,1,1,1,3.0,92036,M,,,92
201600047128,16,10,28,1930,3,1,1,1,3.0,92025,M,,,92
201600047129,16,10,30,629,3,1,1,1,6.0,78158,M,,,78
201600047130,16,10,30,1603,1,1,1,1,4.0,92025,M,,,92
201600047131,16,11,1,500,3,1,1,1,2.0,78571,M,,,78
201600047132,16,11,1,840,1,1,1,1,2.0,78291,M,,,78
201600047133,16,11,1,1435,1,1,1,1,4.0,92050,M,,,92