Num_Acc,an,mois,jour,hrmn,lum,agg,int,atm,col,com,gps,lat,long,dep
201600047134,16,11,4,1450,1,1,1,2,3.0,92050,M,,,92
201600047135,16,11,4,1730,2,1,1,2,4.0,78362,M,,,78
201600047136,16,11,4,2325,3,1,1,2,2.0,92048,M,,,92
201600047137,16,11,5,1230,1,1,1,1,2.0,92064,M,,,92
201600047138,16,11,6,1735,3,1,1,1,2.0,78423,M,,,78
201600047139,16,11,7,219,3,1,1,1,2.0,78238,M,,,78
201600047140,16,11,7,735,2,1,1,2,6.0,78007,M,,,78
201600047141,16,11,7,1013,1,1,1,2,5.0,78498,M,,,78
201600047142,16,11,7,1115,1,1,1,1,7.0,92051,M,,,92
201600047143,16,11,7,1733,2,1,1,2,4.0,92025,M,,,92
201600047144,16,11,7,1835,2,1,1,2,2.0,78362,M,,,78
201600047145,16,11,7,1855,1,1,1,1,4.0,78362,M,,,78
201600047146,16,11,7,1942,5,1,1,2,5.0,78640,M,,,78
201600047147,16,11,7,2120,4,1,1,1,2.0,78646,M,,,78
201600047148,16,11,8,1832,2,1,1,1,1.0,92050,M,,,92
201600047149,16,11,9,815,1,1,1,2,5.0,78362,M,,,78
201600047150,16,11,9,830,1,1,1,3,4.0,78206,M,,,78
201600047151,16,11,9,1145,1,1,1,2,7.0,92051,M,,,92
201600047152,16,11,9,1150,1,1,1,1,6.0,92051,M,,,92
201600047153,16,11,9,1745,3,1,1,2,7.0,78640,M,,,78
201600047154,16,11,10,1520,1,1,1,8,4.0,78133,M,,,78
201600047155,16,11,10,1625,3,1,1,3,5.0,92048,M,,,92
201600047156,16,11,10,1812,5,1,1,2,6.0,78362,M,,,78
201600047157,16,11,11,818,1,1,1,1,6.0,78073,M,,,78
201600047158,16,11,11,437,3,1,1,2,6.0,92036,M,,,92
201600047159,16,11,12,14,3,1,1,1,2.0,78498,M,,,78
201600047160,16,11,12,1715,3,1,1,2,1.0,78571,M,,,78
201600047161,16,11,12,2113,5,1,1,2,5.0,78140,M,,,78
201600047162,16,11,12,2200,5,1,1,2,7.0,92012,M,,,92
201600047163,16,11,13,1210,1,1,1,2,6.0,92063,M,,,92
201600047164,16,11,13,1300,1,1,1,8,3.0,78423,M,,,78
201600047165,16,11,13,1340,1,1,1,2,6.0,92064,M,,,92
201600047166,16,11,13,1435,1,1,1,2,6.0,92072,M,,,92
201600047167,16,11,13,1952,3,1,1,1,1.0,78571,M,,,78
201600047168,16,11,15,810,1,1,1,9,6.0,92062,M,,,92
201600047169,16,11,15,905,1,1,1,2,5.0,78640,M,,,78
201600047170,16,11,15,1406,1,1,9,2,5.0,78073,M,,,78
201600047171,16,11,16,830,1,1,1,2,3.0,92048,M,,,92
201600047172,16,11,16,946,1,1,1,1,5.0,78640,M,,,78
201600047173,16,11,16,1500,1,1,1,2,7.0,78073,M,,,78
201600047174,16,11,17,728,1,1,1,1,2.0,92050,M,,,92
201600047175,16,11,17,1300,1,1,1,1,1.0,92072,M,,,92
201600047176,16,11,17,1345,1,1,1,1,1.0,78297,M,,,78
201600047177,16,11,18,1540,1,1,1,1,4.0,78551,M,,,78
201600047178,16,11,19,55,3,1,1,8,7.0,78646,M,,,78
201600047179,16,11,20,800,1,1,1,2,6.0,92050,M,,,92
201600047180,16,11,20,2205,3,1,1,2,2.0,78165,M,,,78
201600047181,16,11,21,803,1,1,1,1,2.0,78402,M,,,78
201600047182,16,11,21,944,1,1,1,2,7.0,92050,M,,,92
201600047183,16,11,21,1824,4,1,1,1,3.0,92064,M,,,92
201600047184,16,11,23,1111,1,1,1,2,7.0,92051,M,,,92
201600047185,16,11,23,1310,1,1,1,8,2.0,78043,M,,,78
201600047186,16,11,23,1545,1,1,1,1,6.0,78402,M,,,78
201600047187,16,11,24,1444,1,1,1,8,7.0,78423,M,,,78
201600047188,16,11,25,1743,3,1,1,1,4.0,92064,M,,,92
201600047189,16,11,25,1740,1,1,1,1,4.0,78206,M,,,78
201600047190,16,11,25,1942,5,1,1,1,2.0,78133,M,,,78
201600047191,16,11,26,5,3,1,1,1,2.0,78206,M,,,78
201600047192,16,11,26,55,3,1,1,1,6.0,78291,M,,,78
201600047193,16,11,26,710,2,1,1,1,2.0,92050,M,,,92
201600047194,16,11,26,1513,1,1,1,1,2.0,92050,M,,,92
201600047195,16,11,27,520,1,1,1,1,3.0,92025,M,,,92
201600047196,16,11,28,725,1,1,1,1,1.0,92025,M,,,92
201600047197,16,11,28,1450,1,1,1,1,2.0,92050,M,,,92
201600047198,16,11,28,1716,5,1,1,1,2.0,78133,M,,,78
201600047199,16,11,28,1742,2,1,1,1,4.0,78362,M,,,78
201600047200,16,11,30,1610,1,1,1,1,4.0,92025,M,,,92
201600047201,16,12,1,1100,1,1,1,1,4.0,92048,M,,,92
201600047202,16,12,1,1100,1,1,1,1,4.0,92048,M,,,92
201600047203,16,12,2,640,5,1,1,5,2.0,78126,M,,,78
201600047204,16,12,2,810,1,1,1,1,2.0,78043,M,,,78
201600047205,16,12,2,1140,1,1,1,1,6.0,78524,M,,,78
201600047206,16,12,2,1945,4,1,1,1,5.0,78423,M,,,78
201600047207,16,12,3,1050,1,1,1,1,4.0,78322,M,,,78
201600047208,16,12,4,613,3,1,1,1,1.0,78431,M,,,78
201600047209,16,12,4,650,4,1,1,1,2.0,78117,M,,,78
201600047210,16,12,4,714,3,1,1,1,5.0,78431,M,,,78
201600047211,16,12,4,2132,3,1,1,1,1.0,78646,M,,,78
201600047212,16,12,5,835,1,1,1,1,1.0,92036,M,,,92
201600047213,16,12,6,845,1,1,1,1,3.0,78640,M,,,78
201600047214,16,12,6,942,1,1,1,1,5.0,92036,M,,,92
201600047215,16,12,6,1500,1,1,1,1,6.0,78242,M,,,78
201600047216,16,12,6,1720,3,1,1,1,1.0,78423,M,,,78
201600047217,16,12,6,1740,5,1,1,1,3.0,92036,M,,,92
201600047218,16,12,7,1427,1,1,1,1,5.0,78545,M,,,78
201600047219,16,12,8,1655,3,1,1,1,4.0,78133,M,,,78
201600047220,16,12,9,1600,1,1,1,1,3.0,92036,M,,,92
201600047221,16,12,9,1755,2,1,1,1,2.0,92047,M,,,92
201600047222,16,12,10,441,3,1,1,1,6.0,92050,M,,,92
201600047223,16,12,10,1919,1,1,1,1,3.0,92025,M,,,92
201600047224,16,12,11,1850,3,1,1,1,1.0,78140,M,,,78
201600047225,16,12,11,2225,3,1,1,1,6.0,78043,M,,,78
201600047226,16,12,12,900,1,1,1,1,5.0,78646,M,,,78
201600047227,16,12,12,939,1,1,1,1,4.0,92050,M,,,92
201600047228,16,12,12,1510,1,1,1,2,1.0,92036,M,,,92
201600047229,16,12,13,830,1,1,1,2,5.0,78217,M,,,78
201600047230,16,12,13,845,1,1,1,8,7.0,92025,M,,,92
201600047231,16,12,13,930,1,1,1,8,7.0,92025,M,,,92
201600047232,16,12,15,8,3,1,1,1,6.0,78455,M,,,78
201600047233,16,12,15,645,3,1,1,1,4.0,92048,M,,,92
201600047234,16,12,15,746,1,1,1,1,5.0,78238,M,,,78
201600047235,16,12,15,1811,3,1,1,1,2.0,92047,M,,,92
201600047236,16,12,16,1420,1,1,1,1,2.0,78217,M,,,78
201600047237,16,12,16,1615,1,1,1,1,5.0,92050,M,,,92
201600047238,16,12,17,807,2,1,1,5,6.0,78217,M,,,78
201600047239,16,12,17,1705,5,1,1,1,2.0,92012,M,,,92
201600047240,16,12,18,600,3,1,1,5,3.0,78545,M,,,78
201600047241,16,12,19,1750,5,1,1,9,2.0,92050,M,,,92
201600047242,16,12,21,1806,3,1,1,1,3.0,92036,M,,,92
201600047243,16,12,22,307,4,1,1,3,6.0,92036,M,,,92
201600047244,16,12,22,1104,1,1,1,2,2.0,92047,M,,,92
201600047245,16,12,24,1127,1,1,1,1,5.0,78362,M,,,78
201600047246,16,12,24,1224,1,1,1,1,2.0,78423,M,,,78
201600047247,16,12,25,600,3,1,1,1,6.0,78545,M,,,78
201600047248,16,12,25,1845,4,1,1,1,5.0,92050,M,,,92
201600047249,16,12,26,1137,1,1,1,8,4.0,78466,M,,,78
201600047250,16,12,26,1220,1,1,1,1,1.0,92064,M,,,92
201600047251,16,12,26,1744,1,1,1,1,1.0,92048,M,,,92
201600047252,16,12,27,330,3,1,1,1,7.0,92072,M,,,92
201600047253,16,12,28,1830,3,1,1,1,1.0,92023,M,,,92
201600047254,16,12,28,2010,3,1,1,1,7.0,78362,M,,,78
201600047255,16,12,29,1027,1,1,1,1,7.0,92048,M,,,92
201600047256,16,12,31,600,5,1,1,1,6.0,92026,M,,,92
201600047257,16,1,2,1056,1,1,1,2,6.0,91064,M,4875027.0,222162.0,91
201600047258,16,1,2,1043,1,1,1,8,6.0,91477,M,4871963.0,225462.0,91
201600047259,16,1,2,1240,1,1,1,8,4.0,91377,M,4872956.0,230024.0,91
201600047260,16,1,2,2045,3,1,1,1,4.0,91589,M,4867139.0,234649.0,91
201600047261,16,1,4,750,2,1,1,1,6.0,91161,M,4869594.0,231746.0,91
201600047262,16,1,4,820,2,1,1,1,2.0,91182,M,4862523.0,241761.0,91
201600047263,16,1,4,730,3,1,1,2,2.0,91064,M,4876657.0,222993.0,91
201600047264,16,1,5,1750,3,1,1,2,7.0,91174,M,4861643.0,245508.0,91
201600047265,16,1,7,1015,1,1,1,2,7.0,94034,M,4875570.0,233391.0,94
201600047266,16,1,7,1230,1,1,1,8,2.0,91228,M,4861427.0,243039.0,91
201600047267,16,1,7,1255,1,1,1,1,6.0,91064,M,4877368.0,222413.0,91
201600047268,16,1,7,1410,1,1,1,8,4.0,91345,M,4868699.0,232585.0,91
201600047269,16,1,9,2345,5,1,1,2,6.0,94003,M,4880810.0,234045.0,94
201600047270,16,1,10,610,5,1,1,2,7.0,91477,M,4871885.0,225745.0,91
201600047271,16,1,10,1515,1,1,1,2,6.0,91161,M,4871356.0,227763.0,91
201600047272,16,1,10,2045,3,1,1,2,2.0,91521,M,4863090.0,240890.0,91
201600047273,16,1,10,2050,3,1,1,2,6.0,91521,M,4862732.0,239937.0,91
201600047274,16,1,11,540,3,1,1,3,6.0,94021,M,4876040.0,234596.0,94
201600047275,16,1,10,2220,3,1,1,2,6.0,91521,M,4863162.0,240775.0,91
201600047276,16,1,11,840,2,1,1,1,2.0,94038,M,4877300.0,234581.0,94
201600047277,16,1,11,1900,3,1,1,1,2.0,91136,M,4871388.0,227597.0,91
201600047278,16,1,12,830,2,1,1,1,6.0,91521,M,4862631.0,239777.0,91
201600047279,16,1,12,1615,1,1,1,1,2.0,91161,M,4871004.0,230732.0,91
201600047280,16,1,13,840,1,1,1,1,3.0,91216,M,4868661.0,232640.0,91
201600047281,16,1,14,722,2,1,1,2,2.0,91471,M,4870495.0,219255.0,91
201600047282,16,1,14,750,1,1,1,2,4.0,91347,M,4862515.0,230545.0,91
201600047283,16,1,14,1242,1,1,1,1,5.0,94016,M,4879250.0,234467.0,94
201600047284,16,1,14,1715,2,1,1,2,2.0,77384,M,,,77
201600047285,16,1,14,1920,3,1,1,2,3.0,94021,M,4877030.0,234506.0,94
201600047286,16,1,15,1710,1,1,1,1,4.0,91216,M,4868324.0,232908.0,91
201600047287,16,1,15,1805,3,1,1,1,3.0,94038,M,4877210.0,234568.0,94
201600047288,16,1,16,130,5,1,1,1,2.0,94034,M,4875060.0,232924.0,94
201600047289,16,1,17,800,3,1,1,8,2.0,92002,M,,,92
201600047290,16,1,17,1140,1,1,1,1,6.0,91235,M,4862548.0,236109.0,91
201600047291,16,1,18,815,2,1,1,1,2.0,94021,M,4876260.0,234084.0,94
201600047292,16,1,18,1005,1,1,1,1,2.0,91689,M,4871928.0,231052.0,91
201600047293,16,1,20,1105,1,1,1,1,5.0,91471,M,4871396.0,217629.0,91
201600047294,16,1,20,2000,5,1,1,1,4.0,94034,M,4876060.0,231928.0,94
201600047295,16,1,20,2045,4,1,1,1,7.0,91064,M,4876037.0,222593.0,91
201600047296,16,1,21,510,3,1,1,4,6.0,91534,M,4873058.0,216624.0,91
201600047297,16,1,21,1350,1,1,1,1,3.0,91521,M,4863335.0,240461.0,91
201600047298,16,1,21,1530,1,1,1,1,4.0,91161,M,4869658.0,231615.0,91
201600047299,16,1,21,1645,5,1,1,1,2.0,94037,M,4881490.0,235583.0,94
201600047300,16,1,21,1840,4,1,1,1,2.0,91340,M,4860879.0,243794.0,91
201600047301,16,1,21,1930,5,1,1,1,2.0,94003,M,4879930.0,234236.0,94
201600047302,16,1,21,2145,3,1,1,1,2.0,91136,M,4871320.0,228065.0,91
201600047303,16,1,22,745,2,1,1,1,3.0,91434,M,4866587.0,236231.0,91
201600047304,16,1,22,905,1,1,1,1,5.0,94038,M,4877930.0,234658.0,94
201600047305,16,1,22,1740,3,1,1,2,6.0,91477,M,4872091.0,222973.0,91
201600047306,16,1,22,1900,5,1,1,2,4.0,94037,M,4881170.0,235139.0,94
201600047307,16,1,23,1230,1,1,1,1,7.0,91312,M,4873843.0,222632.0,91
201600047308,16,1,23,1315,1,1,1,2,7.0,91521,M,4863203.0,240040.0,91
201600047309,16,1,24,1937,4,1,1,1,3.0,94003,M,4880150.0,234178.0,94
201600047310,16,1,25,1040,1,1,1,1,3.0,91228,M,4862920.0,241129.0,91
201600047311,16,1,26,1054,1,1,1,1,5.0,94065,M,4875540.0,234416.0,94
201600047312,16,1,27,303,3,1,1,1,2.0,91689,M,4874164.0,232148.0,91
201600047313,16,1,27,730,2,1,1,2,2.0,91216,M,4868261.0,232974.0,91
201600047314,16,1,28,500,3,1,1,2,6.0,91235,M,4862593.0,235557.0,91
201600047315,16,1,28,630,3,1,1,1,2.0,91216,M,4868776.0,232512.0,91
201600047316,16,1,27,2150,5,1,1,2,2.0,94037,M,4881230.0,235270.0,94
201600047317,16,1,28,1725,1,2,1,1,2.0,91377,M,4873086.0,230038.0,91
201600047318,16,1,28,1532,1,1,1,1,7.0,94021,M,4875970.0,234635.0,94
201600047319,16,1,28,2348,3,1,1,1,7.0,91161,M,4870034.0,231052.0,91
201600047320,16,1,29,1540,1,1,1,1,7.0,91235,M,4862470.0,237004.0,91
201600047321,16,1,29,1850,2,1,1,2,7.0,91689,M,4873295.0,231569.0,91
201600047322,16,1,30,1345,1,1,1,3,6.0,91136,M,4871694.0,226438.0,91
201600047323,16,1,30,1455,1,1,1,3,5.0,94076,M,4878580.0,234557.0,94
201600047324,16,1,30,2030,3,1,1,2,2.0,91434,M,4867010.0,234868.0,91
201600047325,16,1,31,600,3,1,1,2,6.0,91659,M,4858513.0,245345.0,91
201600047326,16,1,31,1230,1,1,1,2,4.0,91136,M,4871201.0,228909.0,91
201600047327,16,1,31,1430,1,1,1,1,3.0,91161,M,4871036.0,230229.0,91
201600047328,16,1,31,820,2,1,1,2,6.0,91589,M,4866869.0,235241.0,91
201600047329,16,1,31,1455,1,1,1,2,6.0,91064,M,4875054.0,222183.0,91
201600047330,16,1,31,1700,1,1,1,2,7.0,94034,M,4876100.0,231756.0,94
201600047331,16,1,30,2302,3,1,1,1,5.0,91521,M,4864583.0,238957.0,91
201600047332,16,2,1,743,2,1,1,1,4.0,94034,M,4875760.0,233572.0,94
201600047333,16,1,31,43,3,1,1,2,7.0,91064,M,4874953.0,222053.0,91
201600047334,16,2,1,420,3,1,1,2,2.0,91182,M,4862278.0,242139.0,91
201600047335,16,2,1,1027,1,1,1,1,2.0,91286,M,4865495.0,237956.0,91
201600047336,16,2,2,2010,3,1,1,2,2.0,91521,M,4863220.0,240665.0,91
201600047337,16,2,4,740,2,1,1,2,2.0,91553,M,4862741.0,247776.0,91
201600047338,16,2,4,1200,1,1,1,2,6.0,91434,M,4866773.0,235655.0,91
201600047339,16,2,5,730,3,1,1,1,7.0,91363,M,4865032.0,218445.0,91
201600047340,16,2,6,1300,1,1,1,1,2.0,91345,M,4869102.0,232236.0,91
201600047341,16,2,7,858,2,1,1,1,6.0,91521,M,4863608.0,241352.0,91
201600047342,16,2,7,750,2,1,1,8,2.0,91477,M,4871868.0,225609.0,91
201600047343,16,2,7,1132,1,1,1,1,7.0,94034,M,4875620.0,233440.0,94
201600047344,16,2,7,1254,1,1,1,1,2.0,91689,M,4872940.0,231431.0,91
201600047345,16,2,8,903,1,1,1,1,4.0,91521,M,4863240.0,240637.0,91
201600047346,16,2,7,35,3,1,1,1,6.0,91534,M,4872257.0,216804.0,91
201600047347,16,2,8,1430,1,1,1,2,4.0,94038,M,4878190.0,234674.0,94
201600047348,16,2,8,1635,1,1,1,2,2.0,92002,M,,,92
201600047349,16,2,8,1630,1,1,1,2,4.0,94038,M,4877390.0,234595.0,94
201600047350,16,2,8,2150,3,1,1,1,6.0,92002,M,,,92
201600047351,16,2,9,825,1,1,1,3,7.0,94076,M,4879150.0,234460.0,94
201600047352,16,2,9,920,1,1,1,2,6.0,91521,M,4863237.0,240644.0,91
201600047353,16,2,9,1040,1,1,1,3,6.0,91477,M,4871849.0,225580.0,91
201600047354,16,2,10,1030,1,1,1,1,6.0,94021,M,4876120.0,233948.0,94
201600047355,16,2,11,1025,1,1,1,1,4.0,91216,M,4868652.0,232626.0,91
201600047356,16,2,11,1449,1,1,1,1,3.0,94003,M,4880180.0,234366.0,94
201600047357,16,2,13,340,3,1,1,1,2.0,91377,M,4872867.0,230533.0,91
201600047358,16,2,13,840,1,1,1,3,6.0,91534,M,4873465.0,217113.0,91
201600047359,16,2,13,1640,1,1,1,3,6.0,91471,M,4869803.0,219237.0,91
201600047360,16,2,13,1615,1,1,1,3,6.0,92019,M,,,92
201600047361,16,2,13,1755,2,1,1,3,2.0,91689,M,4872988.0,231449.0,91
201600047362,16,2,14,528,5,1,1,1,7.0,91340,M,4860879.0,243760.0,91
201600047363,16,2,14,1545,1,1,1,2,7.0,91521,M,4863419.0,240647.0,91
201600047364,16,2,15,220,3,1,1,1,6.0,91182,M,4861263.0,243091.0,91
201600047365,16,2,15,1720,1,1,1,1,4.0,91589,M,4867916.0,233404.0,91
201600047366,16,2,15,1700,1,1,1,1,3.0,92019,M,,,92
201600047367,16,2,16,1910,5,1,1,1,3.0,94034,M,4875620.0,233674.0,94
201600047368,16,2,18,745,3,1,1,1,3.0,91347,M,4862198.0,227883.0,91
201600047369,16,2,17,1210,1,1,1,1,6.0,91086,M,4862411.0,238016.0,91
201600047370,16,2,18,1717,2,1,1,1,2.0,94038,M,4878010.0,234646.0,94
201600047371,16,2,18,1925,3,1,1,2,6.0,91471,M,4869526.0,220392.0,91
201600047372,16,2,19,1105,1,1,1,1,2.0,91216,M,4868587.0,232702.0,91
201600047373,16,2,19,1615,1,1,1,1,2.0,94021,M,4877140.0,234579.0,94
201600047374,16,2,20,432,3,1,1,2,6.0,91228,M,4863523.0,241016.0,91
201600047375,16,2,20,1105,1,1,1,8,6.0,91521,M,4862720.0,240048.0,91
201600047376,16,2,20,1350,1,1,1,2,6.0,91549,M,4862605.0,234110.0,91
201600047377,16,2,24,855,1,1,1,1,6.0,91086,M,4862369.0,238501.0,91
201600047378,16,2,25,1745,1,1,1,1,4.0,94076,M,4879150.0,234405.0,94
201600047379,16,2,25,1910,3,1,1,1,3.0,91521,M,4863734.0,239821.0,91
201600047380,16,2,26,800,1,1,1,1,6.0,91689,M,4874371.0,232303.0,91
201600047381,16,2,26,753,2,1,1,1,2.0,91589,M,4867433.0,234225.0,91
201600047382,16,2,26,1235,1,1,1,1,3.0,91689,M,4874227.0,232217.0,91
201600047383,16,2,27,2230,3,1,1,1,2.0,94038,M,4878190.0,234657.0,94
201600047384,16,2,28,2355,3,1,1,1,3.0,91689,M,4874201.0,232187.0,91
201600047385,16,2,29,1627,1,1,1,1,6.0,91086,M,4862362.0,238704.0,91
201600047386,16,2,29,1644,1,1,1,1,2.0,91689,M,4872966.0,231441.0,91
201600047387,16,3,1,1733,1,1,1,2,2.0,94021,M,4876060.0,233925.0,94
201600047388,16,3,2,1540,1,1,1,2,2.0,91235,M,4862603.0,235483.0,91
201600047389,16,3,2,1720,1,1,1,2,2.0,91434,M,4866837.0,235338.0,91
201600047390,16,3,3,1345,1,1,1,1,4.0,94034,M,4875680.0,233490.0,94
201600047391,16,3,3,1810,2,1,1,2,1.0,91377,M,4872260.0,229653.0,91
201600047392,16,3,4,825,1,1,1,2,3.0,91161,M,4870218.0,230809.0,91
201600047393,16,3,4,900,1,1,1,2,3.0,91377,M,4871637.0,229079.0,91
201600047394,16,3,4,2100,3,1,1,2,3.0,91471,M,4869306.0,218860.0,91
201600047395,16,3,4,2135,3,1,1,3,2.0,94034,M,4875370.0,233196.0,94
201600047396,16,3,5,1745,1,1,1,1,2.0,91617,M,4863851.0,253548.0,91
201600047397,16,3,5,2015,3,1,1,1,4.0,91340,M,4860886.0,243812.0,91
201600047398,16,3,6,1200,1,1,1,1,3.0,94076,M,4879120.0,234417.0,94
201600047399,16,3,6,1334,1,1,1,1,2.0,94076,M,4879360.0,234510.0,94
201600047400,16,3,6,155,3,1,1,1,2.0,91687,M,4866468.0,236460.0,91
201600047401,16,3,8,1745,1,1,1,1,3.0,91689,M,4873688.0,231714.0,91
201600047402,16,3,8,1620,1,1,1,1,4.0,91549,M,4862652.0,235016.0,91
201600047403,16,3,8,1730,1,1,1,1,2.0,91570,M,4862528.0,230617.0,91
201600047404,16,3,9,1039,1,1,1,3,7.0,94021,M,4876270.0,234114.0,94
201600047405,16,3,9,1039,1,1,1,3,2.0,94038,M,4877480.0,234607.0,94
201600047406,16,3,9,1223,1,1,1,3,6.0,91521,M,4863320.0,240095.0,91
201600047407,16,3,9,1250,1,1,1,2,7.0,94037,M,4881290.0,235352.0,94
201600047408,16,3,9,1540,1,1,1,1,6.0,91377,M,4871592.0,229037.0,91
201600047409,16,3,10,900,1,1,1,1,2.0,94034,M,4875910.0,232410.0,94
201600047410,16,3,10,1050,1,1,1,1,6.0,91471,M,4871180.0,218459.0,91
201600047411,16,3,11,800,1,1,1,1,4.0,91377,M,4872103.0,229479.0,91
201600047412,16,3,11,1005,1,1,1,1,2.0,94003,M,4881210.0,233695.0,94
201600047413,16,3,11,1540,1,1,1,1,3.0,91521,M,4864614.0,238837.0,91
201600047414,16,3,11,1850,3,1,1,1,2.0,77251,M,4863130.0,253535.0,77
201600047415,16,3,11,1700,1,1,1,1,4.0,91477,M,4871398.0,225301.0,91
201600047416,16,3,11,1517,1,1,1,1,7.0,91549,M,4862539.0,233599.0,91
201600047417,16,3,12,1549,1,1,1,1,4.0,94034,M,4876060.0,231916.0,94
201600047418,16,3,12,2054,3,1,1,1,2.0,91228,M,4861464.0,243011.0,91
201600047419,16,3,13,750,1,1,1,1,6.0,91689,M,4873293.0,231576.0,91
201600047420,16,3,13,1654,1,1,1,1,3.0,91521,M,4863207.0,240689.0,91
201600047421,16,3,13,1650,1,1,1,1,5.0,94021,M,4876680.0,234397.0,94
201600047422,16,3,14,734,2,1,1,1,6.0,92002,M,,,92
201600047423,16,3,14,735,5,1,1,1,3.0,94003,M,4880360.0,234404.0,94
201600047424,16,3,14,810,1,1,1,1,2.0,94043,M,4881230.0,235259.0,94
201600047425,16,3,15,535,3,1,1,1,6.0,91661,M,4869629.0,222405.0,91
201600047426,16,3,15,700,5,1,1,1,4.0,94034,M,4875820.0,232650.0,94
201600047427,16,3,15,758,2,1,1,1,4.0,91286,M,4865502.0,239726.0,91
201600047428,16,3,15,1015,1,1,1,1,6.0,91689,M,4874201.0,232187.0,91
201600047429,16,3,15,2030,3,1,1,1,6.0,91477,M,4869787.0,224111.0,91
201600047430,16,3,16,915,1,1,1,7,6.0,92019,M,,,92
201600047431,16,3,17,1800,1,1,1,1,3.0,91216,M,4868421.0,232821.0,91
201600047432,16,3,17,1805,1,1,1,1,6.0,91182,M,4862066.0,242420.0,91
201600047433,16,3,18,1745,1,1,1,1,2.0,92019,M,,,92
201600047434,16,3,18,2106,3,1,1,1,2.0,94043,M,4880930.0,234887.0,94
201600047435,16,3,21,917,1,1,1,1,4.0,91589,M,4867552.0,234079.0,91
201600047436,16,3,22,1550,1,1,1,1,2.0,94021,M,4876790.0,234479.0,94
201600047437,16,3,23,910,1,1,1,1,2.0,91434,M,4866673.0,236056.0,91
201600047438,16,3,23,1000,1,1,1,1,3.0,91471,M,4870906.0,218870.0,91
201600047439,16,3,24,945,1,1,1,1,2.0,94034,M,4875760.0,233572.0,94
201600047440,16,3,25,815,1,1,1,2,6.0,91521,M,4863227.0,240678.0,91
201600047441,16,3,25,1045,1,1,1,2,2.0,91589,M,4867399.0,234276.0,91
201600047442,16,3,25,940,1,1,1,3,3.0,94034,M,4876000.0,232128.0,94
201600047443,16,3,25,1030,1,1,1,2,5.0,94034,M,4875920.0,233839.0,94
201600047444,16,3,26,205,3,1,1,1,2.0,91553,M,,,91
201600047445,16,3,27,445,3,1,1,3,7.0,91340,M,,,91
201600047446,16,3,27,750,1,1,1,1,2.0,91161,M,,,91
201600047447,16,3,27,930,1,1,1,2,6.0,91521,M,,,91
201600047448,16,3,27,1515,1,1,1,1,2.0,91553,M,,,91
201600047449,16,3,27,1930,1,1,1,1,5.0,91347,M,,,91
201600047450,16,3,28,1027,1,1,1,2,6.0,94043,M,4881290.0,235351.0,94
201600047451,16,3,26,2345,5,1,1,3,7.0,94003,M,4880660.0,234125.0,94
201600047452,16,3,29,930,1,1,1,1,3.0,94038,M,4878890.0,234449.0,94
201600047453,16,3,30,900,1,1,1,2,7.0,94034,M,4876210.0,231439.0,94
201600047454,16,3,30,1323,1,1,1,2,2.0,91086,M,,,91
201600047455,16,3,30,1400,1,1,1,3,4.0,91521,M,,,91
201600047456,16,3,30,1859,1,1,1,2,7.0,94043,M,4881510.0,235582.0,94
201600047457,16,3,30,2107,3,1,1,2,3.0,91340,M,,,91
201600047458,16,3,31,900,1,1,1,3,3.0,91161,M,4869851.0,231334.0,91
201600047459,16,3,31,800,1,1,1,3,4.0,91589,M,,,91
201600047460,16,3,31,2050,3,1,1,2,3.0,94021,M,4876590.0,234314.0,94
201600047461,16,4,1,1150,1,1,1,1,5.0,91689,M,4873844.0,231792.0,91
201600047462,16,4,2,1745,1,1,1,2,2.0,94034,M,4876050.0,231940.0,94
201600047463,16,4,4,830,1,1,1,1,2.0,91179,M,4856483.0,247586.0,91
201600047464,16,4,4,853,1,1,1,1,3.0,91471,M,4871113.0,218608.0,91
201600047465,16,4,4,850,1,1,1,1,6.0,91182,M,4862441.0,241857.0,91
201600047466,16,4,4,930,1,1,1,1,7.0,91136,M,4871610.0,226643.0,91
201600047467,16,4,4,1840,1,1,1,1,2.0,94038,M,4878970.0,234391.0,94
201600047468,16,4,4,1835,1,1,1,1,2.0,94021,M,4877080.0,234476.0,94
201600047469,16,4,4,2045,2,1,1,1,7.0,91174,M,4861220.0,244914.0,91
201600047470,16,4,5,1357,1,1,1,1,3.0,91312,M,4874349.0,222343.0,91
201600047471,16,4,6,915,1,1,1,1,4.0,94034,M,4875810.0,232681.0,94
201600047472,16,4,6,1315,1,1,1,1,5.0,91286,M,4865725.0,237696.0,91
201600047473,16,4,7,1211,1,1,1,1,6.0,91477,M,4872452.0,224287.0,91
201600047474,16,4,7,1810,1,1,1,2,2.0,91377,M,4872773.0,230408.0,91
201600047475,16,4,8,1146,1,1,1,3,3.0,91363,M,4865120.0,218298.0,91
201600047476,16,4,8,1630,1,1,1,1,5.0,91521,M,4863197.0,240708.0,91
201600047477,16,4,10,1525,1,1,1,1,4.0,94034,M,4875970.0,232167.0,94
201600047478,16,4,10,1730,1,1,1,1,7.0,91377,M,4873182.0,223681.0,91
201600047479,16,4,11,950,1,1,1,3,6.0,91286,M,4865189.0,238248.0,91
201600047480,16,4,11,1827,1,1,1,1,2.0,91136,M,4871391.0,227595.0,91