Num_Acc,an,mois,jour,hrmn,lum,agg,int,atm,col,com,gps,lat,long,dep
201600047481,16,4,12,700,1,1,1,8,2.0,91689,M,4872392.0,231223.0,91
201600047482,16,4,12,640,2,1,1,1,3.0,94034,M,4875610.0,234110.0,94
201600047483,16,4,12,945,1,1,1,8,5.0,91689,M,4874127.0,232042.0,91
201600047484,16,4,12,917,1,1,1,1,4.0,91174,M,4862084.0,246134.0,91
201600047485,16,4,12,1830,1,1,1,1,4.0,91235,M,4862477.0,236905.0,91
201600047486,16,4,13,748,1,1,1,1,2.0,91377,M,4871773.0,229181.0,91
201600047487,16,4,13,1455,1,1,1,1,1.0,91312,M,4874331.0,222354.0,91
201600047488,16,4,14,1710,1,1,1,2,3.0,94034,M,4876070.0,231865.0,94
201600047489,16,4,14,2025,5,1,1,2,3.0,94037,M,4880960.0,234889.0,94
201600047490,16,4,14,2030,3,1,1,1,3.0,91377,M,4870305.0,228581.0,91
201600047491,16,4,15,940,1,1,1,1,2.0,91339,M,4862184.0,227499.0,91
201600047492,16,4,15,1715,1,1,1,1,3.0,91689,M,4872453.0,231274.0,91
201600047493,16,4,16,1555,1,1,1,1,7.0,91617,M,4863139.0,251089.0,91
201600047494,16,4,17,710,2,1,1,1,5.0,91345,M,4868696.0,232597.0,91
201600047495,16,4,19,1430,1,1,1,7,4.0,91521,M,4862826.0,239996.0,91
201600047496,16,4,20,1715,1,1,1,1,5.0,94021,M,4876370.0,234371.0,94
201600047497,16,4,20,1853,1,1,1,1,5.0,92002,M,,,92
201600047498,16,4,21,1100,1,1,1,1,7.0,91339,M,4863015.0,225289.0,91
201600047499,16,4,22,823,1,1,1,1,2.0,94021,M,4876430.0,234239.0,94
201600047500,16,4,23,1130,1,1,1,1,6.0,91064,M,4874980.0,222108.0,91
201600047501,16,4,23,2119,3,1,1,1,6.0,91340,M,4859784.0,244086.0,91
201600047502,16,4,25,1530,1,1,1,1,3.0,91570,M,4862517.0,232506.0,91
201600047503,16,4,26,745,1,1,1,2,6.0,91340,M,4861088.0,243610.0,91
201600047504,16,4,27,730,1,1,1,1,6.0,91179,M,4856383.0,247813.0,91
201600047505,16,4,27,1205,1,1,1,1,1.0,91377,M,4872915.0,230019.0,91
201600047506,16,4,27,1820,1,1,1,1,4.0,91161,M,4869371.0,232020.0,91
201600047507,16,4,29,1342,1,1,1,1,6.0,92019,M,,,92
201600047508,16,4,29,2217,3,1,1,2,5.0,91687,M,4866113.0,237043.0,91
201600047509,16,5,2,1436,1,1,1,1,6.0,91347,M,4862196.0,228170.0,91
201600047510,16,5,2,1425,1,1,1,1,2.0,92019,M,,,92
201600047511,16,5,3,1025,1,1,1,1,4.0,94034,M,4875770.0,233595.0,94
201600047512,16,5,4,800,1,1,1,7,4.0,91086,M,4862484.0,236797.0,91
201600047513,16,5,5,915,1,1,1,1,6.0,91521,M,4862777.0,239968.0,91
201600047514,16,5,5,800,1,1,1,1,6.0,94003,M,4881290.0,233633.0,94
201600047515,16,5,5,1125,1,1,1,1,4.0,92019,M,,,92
201600047516,16,5,6,1115,1,1,1,1,3.0,91521,M,4864138.0,239287.0,91
201600047517,16,5,6,1325,1,1,1,1,4.0,94038,M,4877660.0,234628.0,94
201600047518,16,5,6,1520,1,1,1,1,3.0,91553,M,4863165.0,249980.0,91
201600047519,16,5,7,1645,1,1,1,1,4.0,92002,M,,,92
201600047520,16,5,8,1240,1,1,1,1,4.0,94034,M,4876050.0,231925.0,94
201600047521,16,5,9,910,1,1,1,1,4.0,91534,M,4872407.0,216695.0,91
201600047522,16,5,9,2345,3,1,1,2,4.0,91340,M,4859957.0,243982.0,91
201600047523,16,5,10,930,1,1,1,1,7.0,94034,M,4876100.0,231807.0,94
201600047524,16,5,10,1215,1,1,1,1,2.0,91689,M,4874285.0,232226.0,91
201600047525,16,5,10,1300,1,1,1,1,7.0,91471,M,4869718.0,219227.0,91
201600047526,16,5,10,1455,1,1,1,2,6.0,91521,M,4862776.0,239970.0,91
201600047527,16,5,10,1610,1,1,1,2,2.0,91161,M,4870557.0,230597.0,91
201600047528,16,5,10,2310,5,1,1,1,6.0,94021,M,4876720.0,234273.0,94
201600047529,16,5,10,2155,3,1,1,2,6.0,91521,M,4863520.0,240475.0,91
201600047530,16,5,11,930,1,1,1,8,4.0,94043,M,4881230.0,235259.0,94
201600047531,16,5,11,1820,1,1,1,8,2.0,91377,M,4871940.0,229314.0,91
201600047532,16,5,12,1050,1,1,1,1,5.0,91689,M,4871940.0,229314.0,91
201600047533,16,5,12,1744,1,1,1,3,4.0,91161,M,4869679.0,231571.0,91
201600047534,16,5,12,1821,1,1,1,3,5.0,91659,M,4858108.0,245925.0,91
201600047535,16,5,12,1930,1,1,1,3,5.0,91182,M,4861715.0,242782.0,91
201600047536,16,5,13,1610,1,1,1,1,3.0,91589,M,4867008.0,234848.0,91
201600047537,16,5,13,1800,1,1,1,2,2.0,94065,M,4874830.0,235762.0,94
201600047538,16,5,14,752,1,1,1,1,6.0,94065,M,4874830.0,235762.0,94
201600047539,16,5,14,1209,1,1,1,1,2.0,94043,M,4881490.0,235583.0,94
201600047540,16,5,15,1200,1,1,1,1,7.0,91286,M,4866092.0,240106.0,91
201600047541,16,5,17,615,2,1,1,1,3.0,91286,M,4865764.0,237626.0,91
201600047542,16,5,18,745,1,1,1,1,3.0,94003,M,4880970.0,233905.0,94
201600047543,16,5,19,833,1,1,1,1,2.0,92019,M,,,92
201600047544,16,5,19,1010,1,1,1,1,3.0,94076,M,4879390.0,234501.0,94
201600047545,16,5,19,1430,1,1,1,1,2.0,91434,M,4866817.0,235422.0,91
201600047546,16,5,20,955,1,1,1,2,4.0,92002,M,,,92
201600047547,16,5,20,1345,1,1,1,1,2.0,91659,M,4858589.0,245236.0,91
201600047548,16,5,21,310,5,1,1,1,6.0,91161,M,4870407.0,230636.0,91
201600047549,16,5,21,535,2,1,1,1,3.0,94065,M,4875540.0,234415.0,94
201600047550,16,5,22,1945,2,1,1,2,3.0,94034,M,4875630.0,233940.0,94
201600047551,16,5,22,2145,3,1,1,2,6.0,91064,M,4876563.0,222847.0,91
201600047552,16,5,23,40,3,1,1,3,6.0,91521,M,4862655.0,239841.0,91
201600047553,16,5,23,630,1,1,1,3,2.0,94043,M,4881510.0,235595.0,94
201600047554,16,5,24,600,2,1,1,1,3.0,94076,M,4879150.0,234460.0,94
201600047555,16,5,25,907,1,1,1,1,3.0,91659,M,4858737.0,245031.0,91
201600047556,16,5,25,805,1,1,1,1,4.0,91689,M,4872725.0,231354.0,91
201600047557,16,5,25,1137,1,1,1,1,4.0,91477,M,4871773.0,226172.0,91
201600047558,16,5,26,200,5,1,1,1,6.0,94037,M,4881330.0,235417.0,94
201600047559,16,5,27,655,1,1,1,2,2.0,91534,M,4872707.0,216585.0,91
201600047560,16,5,27,800,1,1,1,2,2.0,91471,M,4870284.0,219300.0,91
201600047561,16,5,27,840,1,1,1,1,4.0,91434,M,4866773.0,235655.0,91
201600047562,16,5,28,440,3,1,1,1,2.0,94038,M,4878850.0,234525.0,94
201600047563,16,5,28,1825,1,1,1,1,3.0,92019,M,,,92
201600047564,16,5,28,1957,1,1,1,1,2.0,91534,M,4873938.0,218078.0,91
201600047565,16,5,29,1620,1,1,1,1,3.0,92019,M,,,92
201600047566,16,5,30,1,3,1,1,1,6.0,91161,M,4870752.0,230638.0,91
201600047567,16,5,30,1220,1,1,1,3,2.0,94065,M,4875650.0,234942.0,94
201600047568,16,5,30,1832,1,1,1,3,7.0,94034,M,4876020.0,232048.0,94
201600047569,16,5,31,534,2,1,1,3,3.0,91064,M,4876475.0,222958.0,91
201600047570,16,5,31,929,1,1,1,3,4.0,91521,M,4863980.0,239482.0,91
201600047571,16,5,31,838,1,1,1,3,3.0,91521,M,4863518.0,240474.0,91
201600047572,16,5,31,1023,1,1,1,3,2.0,94043,M,4881230.0,235262.0,94
201600047573,16,5,31,1214,1,1,1,2,5.0,91589,M,4867426.0,234235.0,91
201600047574,16,6,1,900,1,1,1,1,6.0,94038,M,4877930.0,234658.0,94
201600047575,16,6,1,1345,1,1,1,1,4.0,94065,M,4875470.0,234711.0,94
201600047576,16,6,1,1615,1,1,1,1,3.0,91161,M,4870752.0,230638.0,91
201600047577,16,6,1,1750,1,1,1,1,2.0,91340,M,4860365.0,243704.0,91
201600047578,16,6,1,2145,2,1,1,3,3.0,91161,M,4870691.0,230616.0,91
201600047579,16,6,3,930,1,1,1,1,6.0,91659,M,4858602.0,245235.0,91
201600047580,16,6,4,1538,1,1,1,1,2.0,77251,M,,,77
201600047581,16,6,5,221,3,1,1,1,2.0,91521,M,4863509.0,240180.0,91
201600047582,16,6,6,1750,1,1,1,1,2.0,94065,M,4875490.0,234572.0,94
201600047583,16,6,7,826,1,1,1,1,5.0,91161,M,4870315.0,230691.0,91
201600047584,16,6,7,1630,1,1,1,1,4.0,91689,M,4872699.0,231347.0,91
201600047585,16,6,9,110,5,1,1,1,5.0,91689,M,4874201.0,232187.0,91
201600047586,16,6,9,15,3,1,1,1,3.0,94034,M,4875340.0,233194.0,94
201600047587,16,6,9,900,1,1,1,1,2.0,91659,M,4858454.0,245419.0,91
201600047588,16,6,9,905,1,1,1,1,3.0,92002,M,,,92
201600047589,16,6,9,1655,1,1,1,1,4.0,91534,M,4872052.0,216907.0,91
201600047590,16,6,9,1540,1,1,1,1,2.0,94038,M,4878260.0,234699.0,94
201600047591,16,6,9,1920,1,1,1,1,5.0,91432,M,4869196.0,232164.0,91
201600047592,16,6,10,1930,1,1,1,1,3.0,91534,M,4872761.0,216553.0,91
201600047593,16,6,10,2015,1,1,1,1,3.0,92002,M,,,92
201600047594,16,6,11,1505,1,1,1,1,4.0,91161,M,4869924.0,231220.0,91
201600047595,16,6,11,1829,1,1,1,2,2.0,91521,M,4862679.0,241381.0,91
201600047596,16,6,12,543,3,1,1,1,2.0,94038,M,4877670.0,234649.0,94
201600047597,16,6,12,1420,1,1,1,2,7.0,91179,M,4855429.0,249277.0,91
201600047598,16,6,12,2155,2,1,1,3,6.0,91570,M,4862517.0,231432.0,91
201600047599,16,6,12,2234,3,1,1,3,7.0,91477,M,4871725.0,226311.0,91
201600047600,16,6,13,925,1,1,1,1,2.0,91377,M,4872348.0,229779.0,91
201600047601,16,6,14,2000,1,1,1,1,7.0,94003,M,4880180.0,234366.0,94
201600047602,16,6,15,800,1,1,1,2,5.0,94065,M,4875520.0,234341.0,94
201600047603,16,6,15,845,1,1,1,2,3.0,91377,M,4871911.0,229306.0,91
201600047604,16,6,15,1420,1,1,1,1,6.0,91286,M,4864794.0,238623.0,91
201600047605,16,6,15,1755,1,1,1,1,2.0,94038,M,4877800.0,234607.0,94
201600047606,16,6,16,1713,1,1,1,1,7.0,91363,M,4863323.0,222331.0,91
201600047607,16,6,17,1726,1,1,1,2,3.0,91182,M,4861395.0,243060.0,91
201600047608,16,6,17,1834,1,1,1,1,2.0,91179,M,4856992.0,247027.0,91
201600047609,16,6,18,1350,1,1,1,1,3.0,91617,M,4863162.0,249883.0,91
201600047610,16,6,18,1900,1,1,1,2,6.0,91037,M,4853799.0,249918.0,91
201600047611,16,6,18,2222,3,1,1,2,6.0,91340,M,4860809.0,243440.0,91
201600047612,16,6,19,1239,1,1,1,1,2.0,91161,M,4870571.0,230593.0,91
201600047613,16,6,20,610,2,1,1,2,3.0,91589,M,4868216.0,232966.0,91
201600047614,16,6,20,1400,1,1,1,3,4.0,91468,M,4857201.0,246828.0,91
201600047615,16,6,20,1845,1,1,1,2,3.0,94021,M,4876430.0,234239.0,94
201600047616,16,6,21,830,1,1,1,8,3.0,91477,M,4872868.0,224381.0,91
201600047617,16,6,21,851,1,1,1,2,3.0,91286,M,4864727.0,238663.0,91
201600047618,16,6,21,930,1,1,1,1,5.0,91161,M,4870207.0,230805.0,91
201600047619,16,6,22,730,1,1,1,1,2.0,91174,M,4861175.0,244776.0,91
201600047620,16,6,22,930,1,1,1,1,3.0,94021,M,4876430.0,234312.0,94
201600047621,16,6,22,900,1,1,1,1,5.0,91549,M,4862314.0,229230.0,91
201600047622,16,6,22,1221,1,1,1,1,5.0,91064,M,4874938.0,221032.0,91
201600047623,16,6,23,1415,1,1,1,1,2.0,91659,M,4858481.0,245371.0,91
201600047624,16,6,23,1812,1,1,1,1,2.0,91136,M,4871464.0,228942.0,91
201600047625,16,6,24,844,1,1,1,1,3.0,91687,M,4865727.0,237686.0,91
201600047626,16,6,24,1900,1,1,1,1,7.0,91617,M,4863147.0,250647.0,91
201600047627,16,6,25,1257,1,1,1,1,2.0,91689,M,4873866.0,231950.0,91
201600047628,16,6,25,1234,1,1,1,1,3.0,91340,M,4860133.0,243846.0,91
201600047629,16,6,25,1540,1,1,1,1,2.0,91689,M,4872988.0,231449.0,91
201600047630,16,6,26,2040,1,1,1,1,3.0,91434,M,4866847.0,235301.0,91
201600047631,16,6,27,1100,1,1,1,1,3.0,94038,M,4877340.0,234610.0,94
201600047632,16,6,27,1640,1,1,1,1,2.0,91617,M,4863143.0,251373.0,91
201600047633,16,6,27,1720,1,1,1,1,2.0,91235,M,4862461.0,237123.0,91
201600047634,16,6,27,1950,1,1,1,1,7.0,91161,M,4870607.0,230606.0,91
201600047635,16,6,28,1523,1,1,1,1,2.0,91377,M,4871940.0,229314.0,91
201600047636,16,6,28,1800,1,1,1,1,4.0,91235,M,4862489.0,236644.0,91
201600047637,16,6,29,850,1,1,1,1,2.0,94076,M,4879160.0,234443.0,94
201600047638,16,6,29,1727,1,1,1,1,3.0,94034,M,4875570.0,233979.0,94
201600047639,16,6,29,1331,1,1,1,1,5.0,91182,M,4862278.0,242139.0,91
201600047640,16,6,30,1137,1,1,1,1,5.0,94021,M,4877110.0,234551.0,94
201600047641,16,5,25,1350,1,1,1,1,3.0,77251,M,4862990.0,253648.0,77
201600047642,16,6,30,1530,1,1,1,1,3.0,91086,M,4862538.0,239557.0,91
201600047643,16,6,30,1900,1,1,1,1,5.0,94065,M,4874910.0,235688.0,94
201600047644,16,6,30,1815,1,1,1,1,2.0,91377,M,4871715.0,229134.0,91
201600047645,16,7,1,1900,1,1,1,1,2.0,91182,M,4861250.0,243163.0,91
201600047646,16,7,3,1350,1,1,1,1,7.0,94034,M,4875890.0,233778.0,94
201600047647,16,7,3,1845,1,1,1,2,7.0,91617,M,4863302.0,253420.0,91
201600047648,16,7,4,30,3,1,1,1,2.0,91471,M,4871341.0,217823.0,91
201600047649,16,7,4,1735,1,1,1,1,3.0,91340,M,4860842.0,243687.0,91
201600047650,16,7,5,20,5,1,1,1,3.0,91161,M,4870922.0,230702.0,91
201600047651,16,7,6,925,1,1,1,1,2.0,91689,M,4873355.0,231586.0,91
201600047652,16,7,6,930,1,1,1,1,2.0,91468,M,4857532.0,246558.0,91
201600047653,16,7,6,1930,1,1,1,1,2.0,94043,M,4881510.0,235595.0,94
201600047654,16,7,7,210,3,1,1,1,2.0,77251,M,4862940.0,253674.0,77
201600047655,16,7,7,215,3,1,1,1,2.0,94038,M,4877530.0,234576.0,94
201600047656,16,7,7,905,1,1,1,1,3.0,94065,M,4875810.0,234813.0,94
201600047657,16,7,7,1445,1,1,1,1,3.0,91037,M,4853961.0,249868.0,91
201600047658,16,7,7,1630,1,1,1,1,3.0,91645,M,4876046.0,225372.0,91
201600047659,16,7,7,1535,1,1,1,1,3.0,91174,M,4862449.0,246965.0,91
201600047660,16,7,8,1600,1,1,1,1,3.0,91689,M,4872456.0,231270.0,91
201600047661,16,7,8,1530,1,1,1,1,4.0,91235,M,4862506.0,236533.0,91
201600047662,16,7,8,1740,1,1,1,1,5.0,91064,M,4876433.0,222941.0,91
201600047663,16,7,9,845,1,1,1,1,7.0,91689,M,4873436.0,231389.0,91
201600047664,16,7,9,1300,1,1,1,1,7.0,91617,M,4864313.0,253620.0,91
201600047665,16,7,10,706,2,1,1,1,5.0,91312,M,4873165.0,223769.0,91
201600047666,16,7,10,1440,1,1,1,1,7.0,91064,M,4876541.0,222984.0,91
201600047667,16,7,10,2015,1,1,1,1,2.0,91363,M,4864649.0,219073.0,91
201600047668,16,7,11,100,3,1,1,1,3.0,91689,M,4873168.0,231526.0,91
201600047669,16,7,11,805,1,1,1,1,4.0,94003,M,4880810.0,234045.0,94
201600047670,16,7,11,820,1,1,1,1,3.0,91617,M,4862719.0,253818.0,91
201600047671,16,7,11,1330,1,1,1,1,4.0,91689,M,4874158.0,232150.0,91
201600047672,16,7,12,1500,1,1,1,2,6.0,91471,M,4869082.0,222364.0,91
201600047673,16,7,12,1615,1,1,1,1,2.0,91521,M,4863503.0,240698.0,91
201600047674,16,7,13,20,3,1,1,1,6.0,94043,M,4881290.0,235352.0,94
201600047675,16,7,14,817,1,1,1,1,6.0,91286,M,4864361.0,239089.0,91
201600047676,16,7,15,20,3,1,1,1,6.0,91179,M,4856972.0,247057.0,91
201600047677,16,7,15,1355,1,1,1,1,2.0,91228,M,4861659.0,242873.0,91
201600047678,16,7,15,2000,1,1,1,1,3.0,91161,M,4871964.0,231146.0,91
201600047679,16,7,17,221,3,1,1,1,6.0,91235,M,4862510.0,236482.0,91
201600047680,16,7,16,1,4,1,1,1,3.0,91434,M,4866806.0,235504.0,91
201600047681,16,7,18,1225,1,1,1,1,2.0,91286,M,4865027.0,238400.0,91
201600047682,16,7,19,1227,1,1,1,1,2.0,91347,M,4862193.0,227760.0,91
201600047683,16,7,19,1635,1,1,1,1,6.0,91377,M,4872973.0,229783.0,91
201600047684,16,7,19,1800,1,1,1,1,7.0,94021,M,4876730.0,234528.0,94
201600047685,16,7,20,40,5,1,1,1,3.0,94003,M,4880810.0,234045.0,94
201600047686,16,7,21,535,3,1,1,1,2.0,91534,M,4872949.0,216594.0,91
201600047687,16,7,21,900,1,1,1,1,2.0,91468,M,4857358.0,246727.0,91
201600047688,16,7,21,855,1,1,1,1,4.0,91064,M,4875585.0,222365.0,91
201600047689,16,7,21,850,1,1,1,1,5.0,91161,M,4869649.0,231661.0,91
201600047690,16,7,21,2300,5,1,1,1,6.0,91689,M,4874334.0,232314.0,91
201600047691,16,7,22,900,1,1,1,1,2.0,91434,M,4866985.0,234915.0,91
201600047692,16,7,24,1720,1,1,1,1,2.0,91689,M,4873287.0,231559.0,91
201600047693,16,7,24,1905,1,1,1,1,7.0,91661,M,4869193.0,222554.0,91
201600047694,16,7,23,400,3,1,1,1,3.0,91689,M,4873327.0,231572.0,91
201600047695,16,7,25,957,1,1,1,1,5.0,91286,M,4865758.0,237644.0,91
201600047696,16,7,25,940,1,1,1,1,2.0,91692,M,4867349.0,219371.0,91
201600047697,16,7,25,1810,1,1,1,1,3.0,94038,M,4878170.0,234702.0,94
201600047698,16,7,25,1715,1,1,1,1,3.0,91182,M,4861659.0,242872.0,91
201600047699,16,7,25,1830,1,1,1,1,4.0,91182,M,4862107.0,242395.0,91
201600047700,16,7,27,1315,1,1,1,1,2.0,94021,M,4876540.0,234402.0,94
201600047701,16,7,27,1425,1,1,1,1,3.0,91339,M,4862739.0,225837.0,91
201600047702,16,7,29,1240,1,1,1,1,2.0,91689,M,4874193.0,232189.0,91
201600047703,16,8,1,415,3,1,1,1,6.0,91339,M,4863096.0,224853.0,91
201600047704,16,8,1,1735,1,1,1,1,5.0,91377,M,4871576.0,229037.0,91
201600047705,16,8,4,1250,1,1,1,2,5.0,94021,M,4875990.0,233845.0,94
201600047706,16,8,4,1622,1,1,1,1,7.0,91037,M,4854564.0,249627.0,91
201600047707,16,8,4,2114,2,1,1,1,2.0,94034,M,4875970.0,232167.0,94
201600047708,16,8,5,1821,1,1,1,1,3.0,91161,M,4869921.0,231215.0,91
201600047709,16,8,6,215,3,1,1,1,2.0,91659,M,4858228.0,245746.0,91
201600047710,16,8,6,1650,1,1,1,1,2.0,91377,M,4872847.0,230544.0,91
201600047711,16,8,6,1600,1,1,1,1,3.0,91549,M,4862655.0,234533.0,91
201600047712,16,8,11,805,1,1,1,1,6.0,91340,M,4860842.0,243687.0,91
201600047713,16,8,11,837,1,1,1,1,7.0,92002,M,,,92
201600047714,16,8,13,1840,1,1,1,1,2.0,94038,M,4877570.0,234602.0,94
201600047715,16,8,16,1450,1,1,1,1,4.0,91377,M,4872829.0,230502.0,91
201600047716,16,8,16,1552,1,1,1,1,7.0,77495,M,4856860.0,264199.0,77
201600047717,16,8,16,1700,1,1,1,1,2.0,91549,M,4862541.0,233622.0,91
201600047718,16,8,17,1550,1,1,1,1,4.0,91659,M,4857682.0,246440.0,91
201600047719,16,8,17,1407,1,1,1,1,2.0,77251,M,,,77
201600047720,16,8,18,845,1,1,1,8,6.0,94021,M,4876020.0,233885.0,94
201600047721,16,8,18,1350,1,1,1,3,7.0,91174,M,4861091.0,244655.0,91
201600047722,16,8,18,1820,1,1,1,2,6.0,92001,M,,,92
201600047723,16,8,21,730,1,1,1,1,6.0,91471,M,4869344.0,219178.0,91
201600047724,16,8,23,555,3,1,1,1,6.0,91521,M,4863241.0,240062.0,91
201600047725,16,8,25,720,1,1,1,1,6.0,91340,M,4860170.0,243840.0,91
201600047726,16,8,26,26,3,1,1,1,3.0,91363,M,4865810.0,218296.0,91
201600047727,16,8,26,1700,1,1,1,1,2.0,91340,M,4859874.0,244013.0,91
201600047728,16,8,26,2012,1,1,1,1,3.0,91617,M,4863244.0,253583.0,91
201600047729,16,8,27,2207,5,1,1,1,7.0,91553,M,4863106.0,249012.0,91
201600047730,16,8,28,545,3,1,1,1,6.0,91286,M,4865683.0,237735.0,91
201600047731,16,8,28,600,3,1,1,1,2.0,91286,M,4865758.0,237591.0,91
201600047732,16,8,26,2310,4,1,1,1,3.0,77384,M,,,77
201600047733,16,8,29,1910,1,1,1,1,3.0,94034,M,4875070.0,232925.0,94
201600047734,16,8,30,1920,1,1,1,1,3.0,91689,M,4874238.0,232222.0,91
201600047735,16,8,30,2200,5,1,1,1,2.0,94021,M,4876830.0,234331.0,94
201600047736,16,8,31,705,1,1,1,1,6.0,91468,M,4857510.0,246577.0,91
201600047737,16,9,1,302,3,1,1,1,2.0,91377,M,4871940.0,229314.0,91
201600047738,16,9,2,1245,1,1,1,1,4.0,91659,M,4857870.0,246246.0,91
201600047739,16,9,2,1540,1,1,1,1,4.0,91549,M,4862571.0,233917.0,91
201600047740,16,9,3,1445,1,1,1,1,4.0,91161,M,4871227.0,230798.0,91
201600047741,16,9,3,1905,1,1,1,1,2.0,92002,M,,,92
201600047742,16,9,3,2109,3,1,1,1,3.0,91161,M,4870533.0,230596.0,91
201600047743,16,9,4,811,1,1,1,1,2.0,91377,M,4872132.0,229511.0,91
201600047744,16,9,4,1900,1,1,1,8,2.0,91037,M,4854144.0,249776.0,91
201600047745,16,9,5,1025,1,1,1,2,3.0,91477,M,4871837.0,225982.0,91
201600047746,16,9,5,803,1,1,1,2,3.0,91363,M,4866833.0,219231.0,91
201600047747,16,9,5,1200,1,1,1,2,6.0,91136,M,4870564.0,228777.0,91
201600047748,16,9,5,1349,1,1,1,2,6.0,91174,M,4862209.0,246348.0,91
201600047749,16,9,5,1400,1,1,1,2,3.0,91235,M,4862458.0,237091.0,91
201600047750,16,9,5,1500,1,1,1,2,4.0,91589,M,4867391.0,234265.0,91
201600047751,16,9,5,1620,1,1,1,8,2.0,91286,M,4865027.0,238400.0,91
201600047752,16,9,5,1500,1,1,1,2,3.0,94021,M,4876060.0,233925.0,94
201600047753,16,9,5,1932,1,1,1,2,2.0,94038,M,4877980.0,234689.0,94
201600047754,16,9,6,1645,1,1,1,1,3.0,91174,M,4861136.0,244702.0,91
201600047755,16,9,7,920,1,1,1,1,4.0,94043,M,4880570.0,234539.0,94
201600047756,16,9,7,915,1,1,1,1,3.0,91345,M,4868836.0,232455.0,91
201600047757,16,9,7,1302,1,1,1,1,3.0,91174,M,4861854.0,245794.0,91
201600047758,16,9,7,1350,1,1,1,1,4.0,91286,M,4865135.0,239430.0,91
201600047759,16,9,8,1315,1,1,1,1,2.0,91216,M,4868110.0,233123.0,91
201600047760,16,9,8,25,3,1,1,1,7.0,94021,M,4875970.0,233853.0,94
201600047761,16,9,8,1935,2,1,1,1,2.0,94034,M,4875630.0,233270.0,94
201600047762,16,9,9,815,1,1,1,1,3.0,94038,M,4878890.0,234449.0,94
201600047763,16,9,9,1932,1,1,1,1,3.0,91553,M,4863034.0,248553.0,91
201600047764,16,9,9,1834,1,1,1,1,6.0,91136,M,4871177.0,229067.0,91
201600047765,16,9,9,1730,1,1,1,1,2.0,91174,M,4862035.0,246053.0,91
201600047766,16,9,10,1040,1,1,1,1,2.0,94065,M,4875530.0,234454.0,94
201600047767,16,9,11,652,4,1,1,1,1.0,91477,M,4872027.0,225504.0,91
201600047768,16,9,11,1745,1,1,1,8,2.0,91064,M,4874865.0,221542.0,91
201600047769,16,9,12,700,3,1,1,1,5.0,94016,M,4879250.0,234467.0,94
201600047770,16,9,12,1050,1,1,1,1,3.0,94037,M,4881470.0,233618.0,94
201600047771,16,9,13,1345,1,1,1,1,4.0,91340,M,4860339.0,243713.0,91
201600047772,16,9,13,1535,1,1,1,1,2.0,91161,M,4870752.0,230638.0,91
201600047773,16,9,14,1556,1,1,1,1,2.0,91689,M,4874201.0,232187.0,91
201600047774,16,9,14,1815,1,1,1,1,2.0,91689,M,4872877.0,231409.0,91
201600047775,16,9,14,1918,1,1,1,1,6.0,91179,M,4856288.0,247978.0,91
201600047776,16,9,14,2055,5,2,1,2,2.0,91377,M,4872978.0,230038.0,91
201600047777,16,9,15,900,1,1,1,2,2.0,91377,M,4871722.0,229130.0,91
201600047778,16,9,16,822,1,1,1,1,3.0,91434,M,4866670.0,236056.0,91
201600047779,16,9,15,2220,3,1,1,1,2.0,91064,M,4874943.0,220909.0,91
201600047780,16,9,16,1625,1,1,1,1,4.0,75113,M,,,75
201600047781,16,9,16,1940,2,1,1,2,2.0,94003,M,4880810.0,234045.0,94
201600047782,16,9,16,2100,5,1,1,3,2.0,91174,M,4862053.0,246086.0,91
201600047783,16,9,16,2325,3,1,1,2,2.0,91064,M,4875161.0,222285.0,91
201600047784,16,9,17,1020,1,1,1,8,6.0,91179,M,4855680.0,249363.0,91
201600047785,16,9,17,1130,1,1,1,8,2.0,91363,M,4866235.0,218734.0,91
201600047786,16,9,17,1400,1,1,1,8,6.0,92019,M,,,92
201600047787,16,9,18,1845,1,1,1,2,6.0,91235,M,4862615.0,235268.0,91
201600047788,16,9,18,2050,5,1,1,2,7.0,94003,M,4881210.0,233695.0,94
201600047789,16,9,19,1025,1,1,1,8,3.0,94038,M,4877180.0,234564.0,94
201600047790,16,9,21,1853,1,1,1,1,3.0,91689,M,4872609.0,231312.0,91
201600047791,16,9,22,940,1,1,1,1,3.0,91179,M,4856412.0,247761.0,91
201600047792,16,9,23,900,1,1,1,1,5.0,94038,M,4877440.0,234621.0,94
201600047793,16,9,23,1225,1,1,1,1,2.0,91161,M,4871045.0,230166.0,91
201600047794,16,9,24,700,3,1,1,1,3.0,92002,M,,,92
201600047795,16,9,24,2050,3,1,1,1,6.0,91312,M,4873320.0,223331.0,91
201600047796,16,9,25,945,1,1,1,1,6.0,94038,M,4878070.0,234631.0,94
201600047797,16,9,25,1230,1,1,1,2,5.0,91570,M,4862522.0,230880.0,91