Num_Acc,an,mois,jour,hrmn,lum,agg,int,atm,col,com,gps,lat,long,dep
201600047798,16,9,25,1410,1,1,1,2,7.0,91521,M,4863097.0,240010.0,91
201600047799,16,9,25,1450,1,1,1,2,6.0,91521,M,4863508.0,240621.0,91
201600047800,16,9,25,1830,1,1,1,1,4.0,94034,M,4876060.0,231928.0,94
201600047801,16,9,26,1015,1,1,1,1,5.0,94034,M,4875660.0,233277.0,94
201600047802,16,9,26,1250,1,1,1,1,4.0,91687,M,4866570.0,236258.0,91
201600047803,16,9,26,1400,1,1,1,1,2.0,91521,M,4863798.0,239719.0,91
201600047804,16,9,26,1940,2,1,1,1,2.0,94038,M,4879080.0,234392.0,94
201600047805,16,9,27,1035,1,1,1,1,3.0,91521,M,4863602.0,240220.0,91
201600047806,16,9,27,1442,1,1,1,1,5.0,91363,M,4864935.0,218573.0,91
201600047807,16,9,27,1807,1,1,1,1,2.0,91286,M,4864694.0,238747.0,91
201600047808,16,9,28,1600,1,1,1,1,6.0,91661,M,4869483.0,223240.0,91
201600047809,16,9,28,1818,1,1,1,1,7.0,77495,M,,,77
201600047810,16,9,30,645,3,1,1,2,2.0,91692,M,4867453.0,219998.0,91
201600047811,16,9,30,954,1,1,1,1,7.0,91521,M,4863503.0,240658.0,91
201600047812,16,9,30,1840,2,1,1,2,2.0,91377,M,4871919.0,229312.0,91
201600047813,16,9,30,2045,3,1,1,2,3.0,91477,M,4871520.0,225394.0,91
201600047814,16,10,1,1800,1,1,1,2,2.0,94034,M,4875580.0,233919.0,94
201600047815,16,10,2,1952,2,1,1,1,4.0,91661,M,4869402.0,223074.0,91
201600047816,16,10,2,230,3,1,1,1,2.0,91347,M,4862232.0,228432.0,91
201600047817,16,10,3,1623,1,1,1,1,6.0,91521,M,4863506.0,240775.0,91
201600047818,16,10,3,1906,2,1,1,1,3.0,91286,M,4865078.0,239301.0,91
201600047819,16,10,4,800,2,1,1,1,3.0,91377,M,4871882.0,229288.0,91
201600047820,16,10,4,1307,1,1,1,1,5.0,91216,M,4868211.0,232994.0,91
201600047821,16,10,4,1601,1,1,1,1,4.0,91689,M,4872726.0,231369.0,91
201600047822,16,10,5,820,1,1,1,1,2.0,91345,M,4868792.0,232508.0,91
201600047823,16,10,5,1520,1,1,1,1,4.0,92002,M,,,92
201600047824,16,10,6,545,3,1,1,1,6.0,91521,M,4863324.0,240515.0,91
201600047825,16,10,6,615,3,1,1,1,4.0,91340,M,4860864.0,243788.0,91
201600047826,16,10,6,915,1,1,1,1,3.0,91589,M,4867548.0,234079.0,91
201600047827,16,10,6,900,1,1,1,1,4.0,91228,M,4861915.0,242690.0,91
201600047828,16,10,6,620,3,1,1,1,6.0,77495,M,,,77
201600047829,16,10,6,850,1,1,1,1,2.0,92002,M,,,92
201600047830,16,10,7,736,2,1,1,1,2.0,91363,M,4863514.0,221442.0,91
201600047831,16,10,8,920,1,1,1,1,6.0,91689,M,4874745.0,232686.0,91
201600047832,16,10,8,1945,2,1,1,1,4.0,94034,M,4875980.0,232170.0,94
201600047833,16,10,9,1600,1,1,1,1,5.0,91521,M,4863250.0,240532.0,91
201600047834,16,10,9,1458,1,1,1,1,4.0,91216,M,4868787.0,232529.0,91
201600047835,16,10,9,1804,1,1,1,1,2.0,94034,M,4875980.0,233844.0,94
201600047836,16,10,10,808,1,1,1,1,5.0,94034,M,4875780.0,233610.0,94
201600047837,16,10,11,942,1,1,1,1,7.0,94034,M,4875660.0,233158.0,94
201600047838,16,10,11,1308,1,1,1,1,2.0,94021,M,4876370.0,234177.0,94
201600047839,16,10,10,1510,1,1,1,1,7.0,91521,M,4863434.0,240065.0,91
201600047840,16,10,11,1600,1,1,1,1,2.0,91161,M,4871888.0,231054.0,91
201600047841,16,10,11,1830,1,1,1,1,3.0,94003,M,4880130.0,234195.0,94
201600047842,16,10,12,750,2,1,1,1,2.0,91174,M,4862021.0,246026.0,91
201600047843,16,10,12,1835,2,1,1,1,3.0,91174,M,4862273.0,246568.0,91
201600047844,16,10,13,706,3,1,1,1,4.0,94065,M,4875550.0,234349.0,94
201600047845,16,10,14,1030,1,1,1,1,4.0,94034,M,4875870.0,232530.0,94
201600047846,16,10,14,1346,1,1,1,1,6.0,91521,M,4862936.0,239997.0,91
201600047847,16,10,14,1823,2,1,1,2,7.0,91434,M,4866902.0,235123.0,91
201600047848,16,10,14,1825,2,1,1,3,7.0,94038,M,4877480.0,234607.0,94
201600047849,16,10,14,1757,1,1,1,3,3.0,92019,M,,,92
201600047850,16,10,14,1846,2,1,1,2,4.0,91549,M,4862523.0,230812.0,91
201600047851,16,10,15,540,5,1,1,1,6.0,94065,M,4875810.0,234786.0,94
201600047852,16,10,15,1213,1,1,1,1,2.0,91689,M,4874647.0,232471.0,91
201600047853,16,10,15,1548,1,1,1,1,4.0,94034,M,4876080.0,231869.0,94
201600047854,16,10,15,22,3,1,1,2,6.0,91174,M,4861253.0,244934.0,91
201600047855,16,10,15,2117,3,1,1,1,2.0,91377,M,4872867.0,230541.0,91
201600047856,16,10,16,1850,2,1,1,1,2.0,94034,M,4875780.0,232778.0,94
201600047857,16,10,16,1918,2,1,1,1,4.0,91174,M,4861244.0,244911.0,91
201600047858,16,10,15,130,5,1,1,2,6.0,94034,M,4875580.0,233815.0,94
201600047859,16,10,17,620,3,1,1,1,3.0,91286,M,4865432.0,238022.0,91
201600047860,16,10,17,801,1,1,1,2,3.0,91340,M,4859863.0,244031.0,91
201600047861,16,10,19,1730,1,1,1,2,2.0,91689,M,4872461.0,231256.0,91
201600047862,16,10,19,1650,1,1,1,2,3.0,91136,M,4871330.0,228005.0,91
201600047863,16,10,20,1030,1,1,1,1,2.0,94034,M,4876200.0,231456.0,94
201600047864,16,10,20,1256,1,1,1,1,2.0,94034,M,4876200.0,231442.0,94
201600047865,16,10,20,1801,2,1,1,2,4.0,91377,M,4872885.0,229467.0,91
201600047866,16,10,20,1830,3,1,1,1,3.0,94038,M,4878880.0,234508.0,94
201600047867,16,10,20,2120,5,1,1,8,2.0,94076,M,4879520.0,234507.0,94
201600047868,16,10,21,705,3,1,1,1,5.0,91687,M,4866712.0,235907.0,91
201600047869,16,10,21,800,2,1,1,1,7.0,91687,M,4865996.0,237287.0,91
201600047870,16,10,21,1125,1,1,1,8,2.0,91286,M,4864635.0,238778.0,91
201600047871,16,10,21,1717,1,1,1,8,3.0,91182,M,4862655.0,241458.0,91
201600047872,16,10,21,1820,1,1,1,2,3.0,91377,M,4872834.0,230523.0,91
201600047873,16,10,22,535,4,1,1,5,6.0,91174,M,4862021.0,246026.0,91
201600047874,16,10,22,1337,1,1,1,1,4.0,94038,M,4878240.0,234676.0,94
201600047875,16,10,22,1605,1,1,1,1,7.0,91161,M,4871187.0,230806.0,91
201600047876,16,10,22,1710,1,1,1,1,2.0,94038,M,4878240.0,234676.0,94
201600047877,16,10,22,1920,3,1,1,1,3.0,94038,M,4877340.0,234610.0,94
201600047878,16,10,23,825,2,1,1,1,2.0,91661,M,4869254.0,222706.0,91
201600047879,16,10,23,1855,2,1,1,3,6.0,91477,M,4871785.0,226197.0,91
201600047880,16,10,24,835,1,1,1,2,3.0,94043,M,4881510.0,235601.0,94
201600047881,16,10,24,710,3,1,1,2,2.0,91064,M,4874796.0,219837.0,91
201600047882,16,10,24,837,1,1,1,2,2.0,91687,M,4866165.0,236995.0,91
201600047883,16,10,24,945,1,1,1,3,3.0,94003,M,4880200.0,234196.0,94
201600047884,16,10,24,1225,1,1,1,2,6.0,91235,M,4862626.0,235196.0,91
201600047885,16,10,24,1223,1,1,1,2,7.0,91064,M,4874907.0,221301.0,91
201600047886,16,10,24,1645,1,1,1,2,6.0,91471,M,4871048.0,218724.0,91
201600047887,16,10,25,1839,2,1,1,1,4.0,91553,M,4863144.0,250321.0,91
201600047888,16,10,26,1849,1,1,1,1,3.0,91064,M,4876524.0,222973.0,91
201600047889,16,10,27,200,3,1,1,8,2.0,91689,M,4872208.0,231179.0,91
201600047890,16,10,27,815,1,1,1,5,3.0,91377,M,4872313.0,229719.0,91
201600047891,16,10,27,1100,1,1,1,1,7.0,91339,M,4862359.0,226727.0,91
201600047892,16,10,27,1150,1,1,1,1,2.0,91553,M,4863153.0,249996.0,91
201600047893,16,10,27,1610,1,1,1,1,4.0,91589,M,4867124.0,234639.0,91
201600047894,16,10,28,730,5,1,1,8,4.0,91174,M,4861986.0,245988.0,91
201600047895,16,10,28,900,1,1,1,1,2.0,91432,M,4869390.0,231984.0,91
201600047896,16,10,28,1725,1,1,1,1,3.0,94038,M,4878260.0,234638.0,94
201600047897,16,10,29,1654,1,1,1,1,4.0,92002,M,,,92
201600047898,16,10,28,2209,3,1,1,1,6.0,92002,M,,,92
201600047899,16,10,30,24,5,1,1,1,5.0,94034,M,4876090.0,231805.0,94
201600047900,16,10,30,645,3,1,1,1,2.0,91216,M,4868081.0,233154.0,91
201600047901,16,10,30,1610,1,1,1,1,7.0,91661,M,4869904.0,224440.0,91
201600047902,16,10,30,1710,1,1,1,1,6.0,91174,M,4862157.0,246281.0,91
201600047903,16,10,30,1845,2,1,1,1,4.0,91689,M,4873372.0,231615.0,91
201600047904,16,10,31,5,5,1,1,1,2.0,94034,M,4875810.0,232646.0,94
201600047905,16,10,31,1345,1,1,1,1,2.0,91589,M,4868364.0,232865.0,91
201600047906,16,10,31,1800,2,1,1,1,4.0,91363,M,4865504.0,218039.0,91
201600047907,16,11,1,1650,1,1,1,1,4.0,94003,M,4879890.0,234283.0,94
201600047908,16,11,2,800,3,1,1,1,5.0,91377,M,4872355.0,229790.0,91
201600047909,16,11,2,1718,2,1,1,1,2.0,91553,M,4862935.0,248292.0,91
201600047910,16,11,2,1534,1,1,1,1,4.0,91377,M,4871472.0,228945.0,91
201600047911,16,11,3,425,4,1,1,1,5.0,91553,M,4863174.0,249315.0,91
201600047912,16,11,3,730,4,1,1,1,2.0,91687,M,4866549.0,236276.0,91
201600047913,16,11,3,830,3,1,1,1,4.0,91659,M,4859337.0,244373.0,91
201600047914,16,11,3,1048,1,1,1,1,2.0,91182,M,4862509.0,241732.0,91
201600047915,16,11,3,1230,1,1,1,1,3.0,94038,M,4877930.0,234658.0,94
201600047916,16,11,3,1405,1,1,1,1,4.0,91377,M,4872261.0,229644.0,91
201600047917,16,11,3,2036,3,1,1,1,2.0,91161,M,4870933.0,230683.0,91
201600047918,16,11,4,820,1,1,1,1,3.0,94076,M,4878670.0,234612.0,94
201600047919,16,11,4,1920,3,1,1,2,7.0,91161,M,4871356.0,230850.0,91
201600047920,16,11,4,2117,3,1,1,2,5.0,77251,M,,,77
201600047921,16,11,4,2331,5,1,1,2,5.0,94021,M,4876020.0,233881.0,94
201600047922,16,11,5,630,3,1,1,2,6.0,91064,M,4874907.0,221301.0,91
201600047923,16,11,5,359,5,1,1,2,5.0,94037,M,4881290.0,235352.0,94
201600047924,16,11,5,900,1,1,1,2,6.0,91553,M,4863133.0,249105.0,91
201600047925,16,11,6,1005,1,1,1,1,6.0,91377,M,4871407.0,228825.0,91
201600047926,16,11,7,830,1,1,1,1,2.0,94021,M,4877030.0,234528.0,94
201600047927,16,11,7,930,1,1,1,4,5.0,77251,M,4862960.0,253667.0,77
201600047928,16,11,8,807,1,1,1,5,3.0,91659,M,4857767.0,246353.0,91
201600047929,16,11,8,1849,3,1,1,1,5.0,91161,M,4869997.0,231081.0,91
201600047930,16,11,8,2325,3,1,1,2,2.0,91553,M,4862753.0,247814.0,91
201600047931,16,11,10,550,3,1,1,2,7.0,91471,M,4871194.0,218361.0,91
201600047932,16,11,10,830,1,1,1,8,5.0,94021,M,4876060.0,233923.0,94
201600047933,16,11,10,906,1,1,1,2,7.0,94021,M,4876960.0,234507.0,94
201600047934,16,11,10,1205,1,1,1,2,7.0,91521,M,4863600.0,240306.0,91
201600047935,16,11,9,2230,3,1,1,2,2.0,94038,M,4877350.0,234551.0,94
201600047936,16,11,10,1830,3,1,1,3,2.0,91377,M,4872925.0,229642.0,91
201600047937,16,11,10,1805,3,1,1,3,4.0,91340,M,4859860.0,244020.0,91
201600047938,16,11,10,1753,3,1,1,2,6.0,77495,M,4859050.0,264906.0,77
201600047939,16,11,12,235,4,1,1,1,2.0,92019,M,,,92
201600047940,16,11,13,1110,1,1,1,2,6.0,91363,M,4863327.0,222374.0,91
201600047941,16,11,13,1140,1,1,1,2,7.0,94034,M,4875820.0,232650.0,94
201600047942,16,11,13,1436,1,1,1,2,6.0,94021,M,4876430.0,234312.0,94
201600047943,16,11,13,1653,2,1,1,2,3.0,91228,M,4862040.0,242492.0,91
201600047944,16,11,15,827,1,1,1,2,2.0,91521,M,4864226.0,239194.0,91
201600047945,16,11,12,2320,3,1,1,2,6.0,91363,M,4865957.0,218441.0,91
201600047946,16,11,15,1148,1,1,1,2,6.0,91064,M,4875005.0,220433.0,91
201600047947,16,11,12,2118,3,1,1,2,3.0,91064,M,4875181.0,222291.0,91
201600047948,16,11,13,2325,3,1,1,2,2.0,91064,M,4876623.0,222943.0,91
201600047949,16,11,16,1330,1,1,1,8,3.0,91174,M,4862006.0,245975.0,91
201600047950,16,11,17,905,1,1,1,1,3.0,91589,M,4867087.0,234724.0,91
201600047951,16,11,18,415,3,1,1,2,6.0,91064,M,4876684.0,222996.0,91
201600047952,16,11,18,935,1,1,1,1,5.0,91064,M,4874947.0,220946.0,91
201600047953,16,11,18,1850,3,1,1,1,4.0,91174,M,4862070.0,246101.0,91
201600047954,16,11,18,2050,3,1,1,1,4.0,91589,M,4867702.0,233855.0,91
201600047955,16,11,19,825,2,1,1,1,6.0,91161,M,4870495.0,230610.0,91
201600047956,16,11,19,1440,1,1,1,1,5.0,92002,M,,,92
201600047957,16,11,19,1840,3,1,1,1,5.0,91161,M,4871104.0,229670.0,91
201600047958,16,11,20,1045,1,1,1,2,7.0,91340,M,4860836.0,243668.0,91
201600047959,16,11,20,1310,1,1,1,2,7.0,94034,M,4875690.0,233512.0,94
201600047960,16,11,20,1820,3,1,1,2,6.0,91477,M,4871829.0,226056.0,91
201600047961,16,11,20,2206,3,1,1,2,2.0,91666,M,4868234.0,220965.0,91
201600047962,16,11,21,830,1,1,1,1,5.0,91002,M,,,91
201600047963,16,11,22,256,3,1,1,1,2.0,91689,M,4874166.0,232148.0,91
201600047964,16,11,22,317,3,1,1,1,7.0,91340,M,4861110.0,243274.0,91
201600047965,16,11,22,1445,1,1,1,1,2.0,91570,M,4862525.0,230852.0,91
201600047966,16,11,22,1930,3,1,1,1,2.0,91179,M,4855662.0,249115.0,91
201600047967,16,11,23,1445,1,1,1,1,3.0,94043,M,4881490.0,235583.0,94
201600047968,16,11,23,2000,3,1,1,1,4.0,91468,M,4857355.0,246719.0,91
201600047969,16,11,24,1010,1,1,1,1,3.0,92019,M,,,92
201600047970,16,11,25,1924,3,1,1,1,4.0,91174,M,4861918.0,245866.0,91
201600047971,16,11,26,220,5,1,1,1,3.0,94003,M,4880810.0,234045.0,94
201600047972,16,11,26,245,5,1,1,8,2.0,94003,M,4880810.0,234045.0,94
201600047973,16,11,26,1521,1,1,1,1,5.0,91228,M,4862084.0,242462.0,91
201600047974,16,11,26,2105,3,1,1,1,7.0,91339,M,4863429.0,221778.0,91
201600047975,16,11,27,1720,5,1,1,1,5.0,94003,M,4880970.0,233905.0,94
201600047976,16,11,28,608,3,1,1,1,4.0,91434,M,4866915.0,235091.0,91
201600047977,16,11,28,807,2,1,1,1,2.0,91521,M,4863275.0,240527.0,91
201600047978,16,11,28,1033,1,1,1,1,2.0,91286,M,4865416.0,238034.0,91
201600047979,16,11,28,1420,1,1,1,1,2.0,91477,M,4871810.0,226040.0,91
201600047980,16,11,28,1648,1,1,1,1,2.0,91689,M,4874127.0,232085.0,91
201600047981,16,11,29,915,1,1,1,1,2.0,92019,M,,,92
201600047982,16,11,30,545,3,1,1,1,3.0,91434,M,4866902.0,235123.0,91
201600047983,16,11,30,845,1,1,1,1,3.0,91286,M,4865308.0,238110.0,91
201600047984,16,11,30,839,1,1,1,1,5.0,91161,M,4870086.0,230960.0,91
201600047985,16,11,30,1445,1,1,1,1,2.0,91553,M,4863144.0,248992.0,91
201600047986,16,11,30,1630,1,1,1,1,2.0,92002,M,,,92
201600047987,16,12,1,1215,1,1,1,1,2.0,94076,M,4879150.0,234460.0,94
201600047988,16,12,2,940,1,1,1,1,5.0,94038,M,4879070.0,234425.0,94
201600047989,16,12,2,925,1,1,1,1,4.0,91161,M,4869671.0,231629.0,91
201600047990,16,12,4,315,3,1,1,1,3.0,91161,M,4870225.0,230806.0,91
201600047991,16,12,5,830,1,1,1,1,3.0,94021,M,4876430.0,234239.0,94
201600047992,16,12,5,830,1,1,1,1,2.0,91468,M,4857511.0,246577.0,91
201600047993,16,12,5,1835,1,1,1,1,4.0,91174,M,4860950.0,244084.0,91
201600047994,16,12,5,1905,3,1,1,1,5.0,91589,M,4867391.0,234262.0,91
201600047995,16,12,7,645,2,1,1,1,4.0,91377,M,4871339.0,228663.0,91
201600047996,16,12,7,820,1,1,1,1,4.0,91521,M,4863334.0,240514.0,91
201600047997,16,12,7,1650,1,1,1,1,3.0,91064,M,4874937.0,220968.0,91
201600047998,16,12,7,1903,3,1,1,1,3.0,91347,M,4862491.0,231099.0,91
201600047999,16,12,7,1847,3,1,1,1,2.0,91136,M,4871271.0,228182.0,91
201600048000,16,12,7,1947,5,1,1,1,4.0,94037,M,4880950.0,234904.0,94
201600048001,16,12,9,1459,1,1,1,1,2.0,91689,M,4874516.0,232485.0,91
201600048002,16,12,9,1852,4,1,1,1,3.0,94021,M,4876980.0,234554.0,94
201600048003,16,12,9,1645,1,1,1,1,7.0,91037,M,4854099.0,249802.0,91
201600048004,16,12,10,1750,3,1,1,1,4.0,91434,M,4866874.0,235222.0,91
201600048005,16,12,11,945,1,1,1,1,1.0,91377,M,4872426.0,224555.0,91
201600048006,16,12,11,1820,5,1,1,1,2.0,94034,M,4875990.0,232134.0,94
201600048007,16,12,11,1825,3,1,1,1,2.0,91363,M,4866731.0,219170.0,91
201600048008,16,12,11,2040,5,1,1,1,3.0,94034,M,4875830.0,233946.0,94
201600048009,16,12,12,1655,2,1,1,2,7.0,91434,M,4866881.0,235180.0,91
201600048010,16,12,12,1700,3,1,1,2,2.0,91347,M,4862264.0,228870.0,91
201600048011,16,12,12,1845,3,1,1,2,2.0,91521,M,4863598.0,239993.0,91
201600048012,16,12,13,600,3,1,1,2,3.0,91064,M,4874907.0,221301.0,91
201600048013,16,12,13,1930,3,1,1,1,4.0,91174,M,4861001.0,244321.0,91
201600048014,16,12,14,940,1,1,1,1,2.0,91182,M,4862616.0,241564.0,91
201600048015,16,12,14,1120,1,1,1,1,2.0,91589,M,4867087.0,234733.0,91
201600048016,16,12,14,1433,1,1,1,1,5.0,94037,M,4881030.0,234982.0,94
201600048017,16,12,16,810,2,1,1,1,5.0,91549,M,4862648.0,234551.0,91
201600048018,16,12,16,831,1,1,1,1,7.0,91521,M,4863783.0,241678.0,91
201600048019,16,12,16,835,1,1,1,1,3.0,91617,M,4864425.0,254035.0,91
201600048020,16,12,16,1259,1,1,1,1,4.0,94038,M,4877870.0,234651.0,94
201600048021,16,12,17,1715,2,1,1,1,4.0,91161,M,4871197.0,228942.0,91
201600048022,16,12,17,1805,3,1,1,1,4.0,91136,M,4871321.0,228015.0,91
201600048023,16,12,18,600,3,1,1,1,2.0,91687,M,4866795.0,235505.0,91
201600048024,16,12,18,642,3,1,1,5,5.0,91689,M,4874066.0,232065.0,91
201600048025,16,12,18,1605,2,1,1,5,7.0,91570,M,4862497.0,231940.0,91
201600048026,16,12,18,1840,3,1,1,5,2.0,94003,M,4879890.0,234283.0,94
201600048027,16,12,19,620,3,1,1,8,3.0,92002,M,,,92
201600048028,16,12,19,1115,1,1,1,1,2.0,91161,M,4870204.0,230810.0,91
201600048029,16,12,20,555,3,1,1,1,6.0,91692,M,4867386.0,219361.0,91
201600048030,16,12,21,727,2,1,1,1,3.0,94038,M,4877750.0,234637.0,94
201600048031,16,12,22,336,3,1,1,2,7.0,94043,M,4881350.0,235448.0,94
201600048032,16,12,23,630,3,1,1,5,2.0,91689,M,4873292.0,231585.0,91
201600048033,16,12,22,310,4,1,1,2,7.0,91689,M,4873272.0,231574.0,91
201600048034,16,12,23,1910,5,1,1,1,4.0,94043,M,4880870.0,234825.0,94
201600048035,16,12,23,2020,3,1,1,1,3.0,91136,M,4871279.0,228373.0,91
201600048036,16,12,24,552,3,1,1,2,6.0,94043,M,4881550.0,235624.0,94
201600048037,16,12,24,1130,1,1,1,8,5.0,91589,M,4867920.0,233411.0,91
201600048038,16,12,24,1255,1,1,1,1,6.0,91340,M,4860800.0,243476.0,91
201600048039,16,12,26,1230,1,1,1,2,6.0,91521,M,4863587.0,241299.0,91
201600048040,16,12,25,32,3,1,1,1,7.0,91377,M,4872980.0,229812.0,91
201600048041,16,12,27,843,1,1,1,1,7.0,91235,M,4862422.0,237945.0,91
201600048042,16,12,27,220,3,1,1,1,6.0,91340,M,4860827.0,243629.0,91
201600048043,16,12,26,1715,2,1,1,2,5.0,91340,M,4861743.0,242780.0,91
201600048044,16,12,28,150,3,1,1,1,2.0,92002,M,,,92
201600048045,16,12,28,1315,1,1,1,1,4.0,94038,M,4877570.0,234617.0,94
201600048046,16,12,28,1445,1,1,1,1,4.0,91345,M,4868675.0,232604.0,91
201600048047,16,12,28,1515,1,1,1,1,3.0,91689,M,4873272.0,231572.0,91
201600048048,16,12,28,2045,4,1,1,1,2.0,94034,M,4875620.0,234072.0,94
201600048049,16,12,29,850,1,1,1,1,3.0,91086,M,4862386.0,237764.0,91
201600048050,16,12,29,645,2,1,1,5,6.0,77306,M,,,77
201600048051,16,12,29,1745,2,1,1,1,4.0,92002,M,,,92
201600048052,16,12,29,1840,3,1,1,1,3.0,94034,M,4875610.0,234095.0,94
201600048053,16,12,30,505,3,1,1,5,2.0,91037,M,4852811.0,250195.0,91
201600048054,16,12,30,1525,1,1,1,5,2.0,91182,M,4862244.0,242170.0,91
201600048055,16,12,30,2030,3,1,1,5,2.0,91549,M,4862272.0,229019.0,91
201600048056,16,12,30,2045,3,1,1,5,1.0,91363,M,4864303.0,219718.0,91
201600048057,16,1,7,1650,2,1,1,7,6.0,20033,M,4263663.0,943947.0,202
201600048058,16,1,14,1802,5,2,3,3,3.0,20120,M,4263543.0,943412.0,202
201600048059,16,1,15,2100,5,2,6,2,2.0,20037,M,4259416.0,943891.0,202
201600048060,16,1,18,2050,3,1,1,2,4.0,20037,M,4259972.0,943841.0,202
201600048061,16,1,20,1420,1,1,1,3,7.0,20033,M,0.0,0.0,202
201600048062,16,1,21,1910,1,2,1,1,5.0,20033,M,4267156.0,944100.0,202
201600048063,16,1,22,1215,1,2,1,1,1.0,20033,M,4264000.0,943000.0,202
201600048064,16,1,30,1312,1,2,4,1,3.0,20033,M,4269444.0,945036.0,202
201600048065,16,1,30,1840,5,2,2,1,6.0,20033,M,4267609.0,943844.0,202
201600048066,16,2,2,1600,1,1,1,1,1.0,20033,M,0.0,0.0,202
201600048067,16,2,2,2110,5,2,2,2,6.0,20033,M,4267611.0,943836.0,202
201600048068,16,2,3,1508,1,1,1,1,6.0,20033,M,0.0,0.0,202
201600048069,16,2,7,1435,1,2,1,8,6.0,20033,M,4268091.0,944272.0,202
201600048070,16,2,7,1715,1,1,3,1,3.0,20037,M,4262757.0,942285.0,202
201600048071,16,2,9,2038,5,2,7,3,6.0,20033,M,4269962.0,944521.0,202
201600048072,16,2,12,1542,1,2,1,2,3.0,20033,M,4268519.0,941658.0,202
201600048073,16,2,14,554,5,2,1,2,1.0,20033,M,4270129.0,945240.0,202
201600048074,16,2,18,1613,1,2,1,1,1.0,20033,M,4266813.0,943519.0,202
201600048075,16,2,19,1615,1,2,1,1,2.0,20033,M,4268238.0,944425.0,202
201600048076,16,2,21,2327,5,2,6,1,3.0,20033,M,4267725.0,944427.0,202
201600048077,16,2,22,1140,1,2,1,1,3.0,20037,M,4261491.0,943761.0,202
201600048078,16,2,22,1440,1,2,1,1,4.0,20033,M,4266447.0,944261.0,202
201600048079,16,2,23,857,1,2,1,1,6.0,20033,M,4269044.0,944731.0,202
201600048080,16,2,25,2050,3,1,1,3,2.0,20033,M,4267447.0,944408.0,202
201600048081,16,2,27,709,2,2,1,8,6.0,20033,M,4268033.0,944700.0,202
201600048082,16,3,1,900,1,2,1,1,3.0,20033,M,4268029.0,944229.0,202
201600048083,16,3,1,1644,1,1,1,1,7.0,20033,M,4270006.0,943390.0,202
201600048084,16,3,2,1605,1,2,7,1,6.0,20033,M,4269954.0,945038.0,202
201600048085,16,3,4,905,1,2,1,1,6.0,20033,M,4269964.0,945183.0,202
201600048086,16,3,7,1510,1,2,1,1,2.0,20033,M,4270241.0,944869.0,202
201600048087,16,3,7,1430,1,2,1,1,5.0,20033,M,4269571.0,944658.0,202
201600048088,16,3,7,1153,1,1,1,1,2.0,20033,M,4267768.0,944516.0,202
201600048089,16,3,9,1151,1,2,3,1,5.0,20033,M,4268071.0,944375.0,202
201600048090,16,3,10,1949,5,1,1,1,7.0,20037,M,4263387.0,946313.0,202
201600048091,16,3,11,1755,1,2,1,1,2.0,20033,M,4268014.0,926315.0,202
201600048092,16,3,14,755,1,1,1,1,2.0,20033,M,4268277.0,942202.0,202
201600048093,16,3,16,1220,1,2,1,1,4.0,20033,M,4266741.0,944286.0,202
201600048094,16,3,22,840,1,2,1,1,6.0,20033,M,4270099.0,944692.0,202
201600048095,16,4,1,2150,5,2,3,1,3.0,20033,M,,,202
201600048096,16,4,3,840,1,1,6,1,3.0,20033,M,,,202
201600048097,16,4,5,1733,1,1,9,1,3.0,20033,M,4268277.0,942197.0,202
201600048098,16,4,6,1525,1,2,1,1,3.0,20033,M,4267892.0,944315.0,202
201600048099,16,4,8,1300,1,1,9,1,3.0,20120,M,4265361.0,944286.0,202
201600048100,16,4,9,728,1,2,1,2,6.0,20033,M,4267990.0,944195.0,202
201600048101,16,4,11,1310,1,1,1,1,1.0,20120,M,4264039.0,946092.0,202
201600048102,16,4,11,1715,1,2,1,1,6.0,20033,M,4269613.0,944738.0,202
201600048103,16,4,11,2015,3,1,1,1,2.0,20033,M,4260102.0,943835.0,202
201600048104,16,4,13,818,1,2,1,1,1.0,20033,M,,,202
201600048105,16,4,14,920,1,2,1,1,2.0,20033,M,4262777.0,943333.0,202
201600048106,16,4,17,1,3,1,1,1,6.0,20120,M,4265201.0,944089.0,202
201600048107,16,4,17,1615,1,2,1,1,6.0,20033,M,,,202
201600048108,16,4,18,1343,1,1,1,1,7.0,20033,M,4269962.0,944540.0,202
201600048109,16,4,19,1359,1,1,1,1,6.0,20033,M,4268627.0,944613.0,202
201600048110,16,4,19,1627,1,2,1,1,6.0,20033,M,4268239.0,944419.0,202
201600048111,16,4,19,2240,5,1,2,1,1.0,20037,M,4262771.0,943067.0,202