Num_Acc,an,mois,jour,hrmn,lum,agg,int,atm,col,com,gps,lat,long,dep
201600048112,16,4,20,2015,2,2,2,1,7.0,20033,M,4270129.0,945041.0,202
201600048113,16,4,21,1615,1,2,1,1,6.0,20033,M,,,202
201600048114,16,4,21,1950,2,2,6,1,2.0,20033,M,4270297.0,944679.0,202
201600048115,16,4,22,1619,1,2,1,1,3.0,20033,M,,,202
201600048116,16,4,22,1855,2,2,1,1,6.0,20033,M,4270629.0,944270.0,202
201600048117,16,4,28,1507,1,2,1,1,3.0,20033,M,,,202
201600048118,16,4,30,1250,1,2,1,1,6.0,20033,M,4268820.0,944667.0,202
201600048119,16,5,2,1410,1,2,1,1,2.0,20033,M,4267590.0,943705.0,202
201600048120,16,5,9,857,1,2,1,1,2.0,20353,M,4271669.0,945536.0,202
201600048121,16,5,9,2130,5,1,1,1,2.0,20033,M,4266390.0,944258.0,202
201600048122,16,5,10,1655,1,2,1,1,3.0,20033,M,,,202
201600048123,16,5,10,2354,3,1,1,2,7.0,20120,M,4264250.0,943938.0,202
201600048124,16,5,13,1300,1,2,6,1,3.0,20033,M,4270271.0,944655.0,202
201600048125,16,5,13,1225,1,1,1,1,6.0,20037,M,4260002.0,943850.0,202
201600048126,16,5,18,850,1,1,1,1,4.0,20033,M,4263388.0,943822.0,202
201600048127,16,5,18,1148,1,2,1,1,2.0,20033,M,,,202
201600048128,16,5,21,1025,1,1,1,1,2.0,20120,M,4265111.0,944077.0,202
201600048129,16,5,23,757,1,2,1,1,5.0,20033,M,4267708.0,943456.0,202
201600048130,16,5,23,1230,1,2,1,1,2.0,20033,M,4263333.0,946361.0,202
201600048131,16,5,25,1800,1,2,6,1,3.0,20033,M,,,202
201600048132,16,5,29,1050,1,2,1,1,6.0,20033,M,,,202
201600048133,16,6,1,1223,1,2,1,2,2.0,20033,M,,,202
201600048134,16,6,2,1400,1,2,1,1,6.0,20033,M,,,202
201600048135,16,6,4,1945,1,1,6,1,3.0,20033,M,4265416.0,944094.0,202
201600048136,16,6,8,1110,1,2,1,1,2.0,20033,M,,,202
201600048137,16,6,8,1115,1,1,1,1,5.0,20033,M,,,202
201600048138,16,6,9,850,1,2,1,1,1.0,20033,M,,,202
201600048139,16,6,11,1230,1,2,1,1,3.0,20033,M,,,202
201600048140,16,6,14,1008,1,1,1,1,3.0,20033,M,,,202
201600048141,16,6,13,1910,1,1,1,1,1.0,20033,M,,,202
201600048142,16,6,15,800,1,2,1,1,3.0,20033,M,,,202
201600048143,16,6,15,1748,1,2,1,1,2.0,20033,M,4269070.0,944926.0,202
201600048144,16,6,16,927,1,2,7,1,6.0,20033,M,,,202
201600048145,16,6,16,1010,1,1,1,1,2.0,20037,M,4263493.0,943847.0,202
201600048146,16,6,17,308,5,1,1,1,6.0,20033,M,4268250.0,943738.0,202
201600048147,16,6,14,1115,1,2,1,1,2.0,20033,M,,,202
201600048148,16,6,20,1754,1,2,1,1,1.0,20033,M,4270759.0,944324.0,202
201600048149,16,6,21,800,1,2,1,1,5.0,20033,M,,,202
201600048150,16,6,23,2230,5,2,1,1,3.0,20033,M,,,202
201600048151,16,6,24,1805,1,2,9,1,2.0,20033,M,,,202
201600048152,16,6,25,700,1,1,1,1,6.0,20037,M,4263330.0,943452.0,202
201600048153,16,6,27,1732,1,1,1,1,4.0,20033,M,,,202
201600048154,16,6,28,2325,5,2,1,1,6.0,20033,M,,,202
201600048155,16,6,30,2020,1,2,1,1,6.0,20033,M,,,202
201600048156,16,7,1,1250,1,2,6,1,4.0,20033,M,,,202
201600048157,16,7,3,2305,5,1,6,1,2.0,20033,M,,,202
201600048158,16,7,6,855,1,2,3,1,3.0,20033,M,,,202
201600048159,16,7,6,1400,1,2,1,1,3.0,20033,M,4268051.0,944368.0,202
201600048160,16,7,8,1725,1,1,1,1,2.0,20033,M,4259444.0,943805.0,202
201600048161,16,7,12,1305,1,1,1,1,4.0,20033,M,4262777.0,947777.0,202
201600048162,16,7,17,1810,1,2,1,1,5.0,20037,M,0.0,0.0,202
201600048163,16,7,22,1805,1,2,1,1,1.0,20120,M,4265944.0,943966.0,202
201600048164,16,7,25,957,1,2,1,1,6.0,20353,M,4270922.0,945433.0,202
201600048165,16,7,27,920,1,1,1,1,2.0,20033,M,4270328.0,944457.0,202
201600048166,16,7,28,105,5,1,1,1,6.0,20033,M,0.0,0.0,202
201600048167,16,7,31,600,2,1,1,1,7.0,20037,M,4259778.0,942195.0,202
201600048168,16,7,31,1605,1,1,4,1,3.0,20033,M,4268275.0,942210.0,202
201600048169,16,8,1,1800,1,2,1,2,2.0,20037,M,4259486.0,943859.0,202
201600048170,16,8,5,1839,1,2,2,1,2.0,20120,M,,,202
201600048171,16,8,8,815,1,2,3,1,3.0,20037,M,4259439.0,944284.0,202
201600048172,16,8,8,2155,5,2,1,1,1.0,20033,M,,,202
201600048173,16,8,11,1355,5,2,1,1,5.0,20033,M,,,202
201600048174,16,8,11,1910,1,2,3,1,3.0,20120,M,4262777.0,943333.0,202
201600048175,16,8,12,604,1,2,1,1,6.0,20120,M,0.0,0.0,202
201600048176,16,8,12,2100,2,2,1,1,7.0,20033,M,,,202
201600048177,16,8,14,1830,1,2,1,7,6.0,20033,M,,,202
201600048178,16,8,15,1400,1,2,1,1,6.0,20003,M,4264111.0,943933.0,202
201600048179,16,8,22,1320,1,2,1,1,3.0,20120,M,0.0,0.0,202
201600048180,16,8,22,1835,1,2,1,1,3.0,20033,M,4267822.0,943195.0,202
201600048181,16,8,24,905,1,1,1,1,3.0,20033,M,4266322.0,944212.0,202
201600048182,16,8,25,10,5,2,1,1,7.0,20033,M,,,202
201600048183,16,8,28,55,5,1,3,1,6.0,20033,M,,,202
201600048184,16,8,31,1639,1,2,1,1,3.0,20120,M,0.0,0.0,202
201600048185,16,9,1,300,5,2,1,1,6.0,20033,M,,,202
201600048186,16,9,1,1554,1,2,9,1,3.0,20120,M,,,202
201600048187,16,9,6,1850,2,2,1,1,2.0,20033,M,,,202
201600048188,16,9,7,800,1,2,1,1,2.0,20120,M,0.0,0.0,202
201600048189,16,9,12,805,1,2,2,1,1.0,20033,M,0.0,0.0,202
201600048190,16,9,12,1616,1,1,1,1,6.0,20033,M,,,202
201600048191,16,9,13,1216,1,2,1,1,6.0,20037,M,0.0,0.0,202
201600048192,16,9,13,1730,1,2,1,1,4.0,20033,M,4269711.0,945263.0,202
201600048193,16,9,13,2235,3,2,1,1,6.0,20120,M,0.0,0.0,202
201600048194,16,9,14,1056,1,2,1,1,1.0,20033,M,0.0,0.0,202
201600048195,16,9,26,840,1,2,4,1,7.0,20037,M,4262311.0,943671.0,202
201600048196,16,9,27,1355,1,2,9,1,3.0,20033,M,4262865.0,943217.0,202
201600048197,16,9,28,1150,1,2,1,1,1.0,20120,M,4265620.0,943309.0,202
201600048198,16,9,29,723,1,2,1,1,1.0,20012,M,4265000.0,944000.0,202
201600048199,16,10,3,1446,1,2,1,1,3.0,20033,M,4265417.0,944078.0,202
201600048200,16,10,4,811,1,2,1,1,2.0,20033,M,,,202
201600048201,16,10,5,1605,1,2,6,1,3.0,20033,M,,,202
201600048202,16,10,7,1210,1,1,3,1,1.0,20033,M,4265444.0,943944.0,202
201600048203,16,10,7,1255,1,2,3,1,3.0,20033,M,4265919.0,944166.0,202
201600048204,16,10,10,2137,5,2,1,1,2.0,20120,M,,,202
201600048205,16,10,10,2030,5,2,3,1,6.0,20033,M,,,202
201600048206,16,10,12,1155,1,2,1,1,6.0,20033,M,,,202
201600048207,16,10,14,825,1,1,1,2,5.0,20037,M,4261617.0,947791.0,202
201600048208,16,10,16,2050,5,2,1,1,6.0,20033,M,,,202
201600048209,16,10,18,1415,1,2,1,1,4.0,20033,M,,,202
201600048210,16,10,19,1805,1,2,1,1,1.0,20033,M,,,202
201600048211,16,10,20,1901,5,2,1,1,3.0,20033,M,4262268.0,943561.0,202
201600048212,16,10,31,1140,1,2,1,7,6.0,20033,M,,,202
201600048213,16,11,1,515,5,2,4,1,7.0,20033,M,,,202
201600048214,16,11,8,1223,1,2,1,4,4.0,20033,M,4267610.0,943844.0,202
201600048215,16,11,8,2020,5,1,6,1,3.0,20120,M,4265441.0,944143.0,202
201600048216,16,11,13,2135,5,2,1,1,2.0,20033,M,4269440.0,944980.0,202
201600048217,16,11,22,1900,5,2,1,1,2.0,20033,M,4269953.0,944488.0,202
201600048218,16,11,23,740,1,2,1,8,3.0,20033,M,,,202
201600048219,16,11,24,1115,1,2,1,3,6.0,20033,M,4270244.0,944928.0,202
201600048220,16,11,25,2055,1,1,1,1,3.0,20033,M,,,202
201600048221,16,11,26,1556,1,2,3,1,2.0,20033,M,4265497.0,943738.0,202
201600048222,16,11,28,1655,2,2,1,2,3.0,20033,M,,,202
201600048223,16,11,29,1415,1,2,1,1,6.0,20033,M,,,202
201600048224,16,11,29,1955,5,2,1,1,6.0,20033,M,,,202
201600048225,16,12,1,743,1,2,1,1,3.0,20120,M,4265533.0,943582.0,202
201600048226,16,12,4,1635,2,2,1,1,2.0,20033,M,,,202
201600048227,16,12,5,900,1,1,1,2,3.0,20033,M,4261000.0,947000.0,202
201600048228,16,12,7,811,1,2,1,1,2.0,20033,M,,,202
201600048229,16,12,7,1750,5,2,1,1,2.0,20033,M,,,202
201600048230,16,12,9,1631,1,2,1,1,3.0,20033,M,4266445.0,944263.0,202
201600048231,16,12,9,1806,4,1,1,1,4.0,20033,M,4263000.0,943000.0,202
201600048232,16,12,10,1413,1,2,1,1,7.0,20033,M,,,202
201600048233,16,12,10,1741,3,1,1,1,7.0,20037,M,4260669.0,943788.0,202
201600048234,16,12,13,807,1,2,1,1,6.0,20033,M,,,202
201600048235,16,12,14,1220,1,1,1,1,1.0,20033,M,4265917.0,943181.0,202
201600048236,16,12,16,1606,1,2,1,1,3.0,20033,M,,,202
201600048237,16,12,17,1715,5,2,1,1,3.0,20033,M,4266000.0,944000.0,202
201600048238,16,12,21,1930,5,2,3,1,1.0,20033,M,,,202
201600048239,16,12,23,1525,1,2,1,1,2.0,20037,M,4262290.0,943691.0,202
201600048240,16,12,27,1600,1,1,2,1,3.0,20033,M,4267000.0,943000.0,202
201600048241,16,1,1,610,5,2,2,1,6.0,69384,M,4546467.0,449389.0,69
201600048242,16,1,5,800,1,2,4,1,6.0,69389,M,4548062.0,449360.0,69
201600048243,16,1,4,1730,5,2,3,1,3.0,69382,M,,,69
201600048244,16,1,6,1715,5,2,1,2,6.0,69385,M,4545489.0,447441.0,69
201600048245,16,1,1,905,1,2,1,1,6.0,69034,M,4579780.0,485166.0,69
201600048246,16,1,8,1025,1,2,3,2,3.0,69385,M,4545120.0,448160.0,69
201600048247,16,1,8,1440,1,2,3,1,6.0,69381,M,,,69
201600048248,16,12,31,1428,1,2,1,8,6.0,69286,M,4580950.0,488350.0,69
201600048249,16,1,8,1605,1,2,1,1,6.0,69385,M,,,69
201600048250,16,1,9,1500,1,2,1,1,6.0,69389,M,4547130.0,447290.0,69
201600048251,16,1,10,1330,1,2,2,1,1.0,69034,M,4578975.0,484108.0,69
201600048252,16,1,11,745,2,2,1,9,7.0,69034,M,4578416.0,483516.0,69
201600048253,16,1,10,1420,1,2,1,1,6.0,69382,M,,,69
201600048254,16,1,11,1050,1,2,1,1,2.0,69389,M,4547180.0,448520.0,69
201600048255,16,1,8,855,1,2,3,2,3.0,69286,M,4581660.0,487270.0,69
201600048256,16,1,8,835,1,2,3,2,3.0,69034,M,4580992.0,485544.0,69
201600048257,16,1,10,1230,1,2,1,2,6.0,69081,M,4576688.0,476947.0,69
201600048258,16,1,13,1500,1,2,1,1,3.0,69034,M,,,69
201600048259,16,1,13,1830,5,2,4,1,6.0,69385,M,4545143.0,447528.0,69
201600048260,16,1,14,650,2,2,1,2,3.0,69389,M,,,69
201600048261,16,1,14,2016,5,2,9,1,6.0,69286,M,4581213.0,489399.0,69
201600048262,16,1,15,1910,5,1,3,4,6.0,69385,M,4545262.0,448549.0,69
201600048263,16,1,17,2314,5,2,2,1,3.0,69382,M,,,69
201600048264,16,1,18,740,5,2,1,8,6.0,69286,M,,,69
201600048265,16,1,14,1020,1,1,1,8,2.0,69382,M,,,69
201600048266,16,1,18,2030,5,2,1,2,1.0,69034,M,,,69
201600048267,16,1,18,1745,1,2,3,4,3.0,69286,M,,,69
201600048268,16,1,19,819,1,2,1,1,6.0,69385,M,4545359.0,449361.0,69
201600048269,16,1,16,1145,1,2,1,1,5.0,69142,M,,,69
201600048270,16,1,20,1255,1,1,1,2,2.0,69382,M,,,69
201600048271,16,1,20,1645,1,2,2,1,3.0,69382,M,,,69
201600048272,16,1,23,2240,5,2,1,1,6.0,69142,M,4572544.0,481691.0,69
201600048273,16,1,24,1945,5,2,2,1,3.0,69385,M,4545159.0,446559.0,69
201600048274,16,1,25,1810,5,2,2,1,1.0,69149,M,4242532.0,448067.0,69
201600048275,16,1,7,750,1,2,1,1,7.0,69385,M,4545016.0,448510.0,69
201600048276,16,1,30,545,5,2,9,5,6.0,69384,M,,,69
201600048277,16,1,30,835,2,2,1,5,5.0,69202,M,4574519.0,478150.0,69
201600048278,16,1,31,500,5,2,1,1,6.0,69034,M,4581094.0,485830.0,69
201600048279,16,2,1,5,5,2,1,2,1.0,69384,M,,,69
201600048280,16,1,31,1900,5,2,6,2,2.0,69286,M,4580202.0,487966.0,69
201600048281,16,1,28,1615,1,2,1,1,3.0,69034,M,4579233.0,483824.0,69
201600048282,16,2,3,710,5,2,1,2,6.0,69389,M,,,69
201600048283,16,2,3,750,1,2,2,2,6.0,69385,M,4545324.0,447329.0,69
201600048284,16,2,3,1515,1,1,3,8,6.0,69286,M,,,69
201600048285,16,1,23,1030,1,2,1,1,6.0,69384,M,,,69
201600048286,16,2,5,650,2,2,4,2,3.0,69384,M,4546368.0,449352.0,69
201600048287,16,2,5,1630,1,2,1,1,6.0,69286,M,,,69
201600048288,16,2,6,1849,3,2,1,1,6.0,69286,M,4581858.0,490477.0,69
201600048289,16,1,30,1545,1,2,1,1,2.0,69286,M,,,69
201600048290,16,2,5,1130,1,1,1,1,2.0,69286,M,,,69
201600048291,16,2,8,2000,5,2,1,1,3.0,69384,M,4546279.0,448500.0,69
201600048292,16,2,9,720,2,1,1,1,6.0,69389,M,4482490.0,430300.0,69
201600048293,16,2,9,1250,1,2,2,1,3.0,69389,M,4546399.0,448054.0,69
201600048294,16,2,10,505,5,2,2,1,3.0,69149,M,4543027.0,483480.0,69
201600048295,16,2,10,2150,5,2,1,8,3.0,69202,M,4572188.0,478769.0,69
201600048296,16,2,8,2015,5,2,1,2,2.0,69034,M,4579097.0,484263.0,69
201600048297,16,2,12,1320,1,2,1,3,6.0,69286,M,,,69
201600048298,16,2,12,1850,5,2,1,2,5.0,69081,M,4576527.0,477636.0,69
201600048299,16,2,9,1730,1,2,1,1,6.0,69202,M,,,69
201600048300,16,2,17,110,5,2,1,1,6.0,69384,M,,,69
201600048301,16,2,19,720,1,2,2,1,3.0,69381,M,4546084.0,450162.0,69
201600048302,16,2,18,1700,1,2,9,1,6.0,69389,M,,,69
201600048303,16,2,20,300,5,2,1,8,6.0,69034,M,,,69
201600048304,16,2,19,2020,5,2,2,1,3.0,69384,M,4546281.0,449431.0,69
201600048305,16,2,21,545,5,2,1,1,6.0,69382,M,,,69
201600048306,16,2,22,1835,5,2,1,2,6.0,69389,M,,,69
201600048307,16,2,23,2115,5,2,1,2,7.0,69385,M,4545344.0,449178.0,69
201600048308,16,2,22,1500,1,2,1,2,2.0,69034,M,4578222.0,483352.0,69
201600048309,16,2,24,1930,5,2,2,2,6.0,69389,M,,,69
201600048310,16,2,27,630,5,2,1,1,6.0,69389,M,4547000.0,449000.0,69
201600048311,16,2,27,1445,1,2,1,1,6.0,69389,M,4546333.0,448019.0,69
201600048312,16,2,28,500,5,2,1,1,3.0,69389,M,4548080.0,450180.0,69
201600048313,16,3,1,1420,1,2,1,1,6.0,69381,M,,,69
201600048314,16,3,1,1730,1,2,3,1,5.0,69286,M,,,69
201600048315,16,3,1,1050,1,2,1,1,6.0,69149,M,4571630.0,480955.0,69
201600048316,16,3,2,640,5,2,2,2,6.0,69385,M,4545232.0,447489.0,69
201600048317,16,3,3,1535,1,2,3,1,1.0,69385,M,4545244.0,448584.0,69
201600048318,16,3,4,815,1,2,1,1,6.0,69286,M,4581475.0,489533.0,69
201600048319,16,3,4,740,2,2,1,1,6.0,69389,M,,,69
201600048320,16,3,6,645,2,2,3,8,3.0,69389,M,4547173.0,448542.0,69
201600048321,16,3,6,1540,1,2,1,1,6.0,69382,M,4545492.0,450172.0,69
201600048322,16,3,4,1000,1,2,1,1,6.0,69384,M,4578038.0,482925.0,69
201600048323,16,3,8,1930,5,2,1,1,6.0,69382,M,,,69
201600048324,16,3,10,810,1,2,1,1,6.0,69385,M,4545018.0,447123.0,69
201600048325,16,3,12,130,5,2,1,1,6.0,69382,M,,,69
201600048326,16,3,12,540,4,2,1,1,1.0,69389,M,4546047.0,448194.0,69
201600048327,16,3,12,1555,1,2,1,1,3.0,69081,M,,,69
201600048328,16,3,13,1000,1,2,2,1,3.0,69286,M,4582055.0,488211.0,69
201600048329,16,3,14,1300,1,2,2,1,5.0,69389,M,,,69
201600048330,16,3,13,1545,1,2,2,1,3.0,69381,M,,,69
201600048331,16,3,15,735,1,2,1,1,6.0,69384,M,,,69
201600048332,16,3,15,740,1,2,1,1,1.0,69142,M,4572880.0,481563.0,69
201600048333,16,3,18,1710,1,2,1,1,3.0,69382,M,4545317.0,450138.0,69
201600048334,16,3,18,2025,5,2,1,1,6.0,69286,M,4581122.0,488286.0,69
201600048335,16,3,14,840,1,2,1,1,2.0,69286,M,4581080.0,488163.0,69
201600048336,16,3,11,2020,5,2,2,1,3.0,69382,M,,,69
201600048337,16,3,20,1045,1,2,3,1,6.0,69382,M,4545088.0,449442.0,69
201600048338,16,3,19,2005,5,2,3,1,3.0,69034,M,4580000.0,484999.0,69
201600048339,16,3,20,1530,1,2,1,8,1.0,69142,M,4572838.0,481533.0,69
201600048340,16,3,20,2128,3,2,1,1,7.0,69034,M,,,69
201600048341,16,3,22,1815,1,2,1,1,2.0,69286,M,,,69
201600048342,16,3,23,740,1,2,3,1,3.0,69149,M,4571794.0,480852.0,69
201600048343,16,3,23,1500,1,2,1,1,4.0,69034,M,4579125.0,486977.0,69
201600048344,16,3,24,800,1,2,1,1,1.0,69149,M,4571891.0,480694.0,69
201600048345,16,3,26,5,5,2,2,1,3.0,69384,M,,,69
201600048346,16,3,26,30,5,2,1,8,7.0,69385,M,4546026.0,449257.0,69
201600048347,16,3,24,1920,2,2,3,1,3.0,69034,M,4579211.0,486086.0,69
201600048348,16,3,27,1315,1,1,1,1,6.0,69202,M,4573033.0,480530.0,69
201600048349,16,3,28,2350,5,2,7,1,6.0,69382,M,,,69
201600048350,16,3,29,1530,1,2,1,3,3.0,69034,M,4581044.0,485358.0,69
201600048351,16,3,30,1015,1,2,3,1,2.0,69149,M,4571294.0,480433.0,69
201600048352,16,3,30,2310,5,2,2,1,3.0,69384,M,,,69
201600048353,16,3,31,1300,1,2,1,8,3.0,69286,M,4581483.0,489613.0,69
201600048354,16,4,1,2039,5,2,1,1,2.0,69382,M,,,69
201600048355,16,4,2,1915,1,2,1,1,5.0,69385,M,,,69
201600048356,16,4,3,2210,5,2,2,1,3.0,69202,M,4572433.0,477925.0,69
201600048357,16,4,4,530,5,2,1,1,6.0,69389,M,4546452.0,448067.0,69
201600048358,16,4,4,1435,1,2,2,1,3.0,69384,M,4546377.0,450056.0,69
201600048359,16,4,5,800,1,1,1,2,2.0,69385,M,4545317.0,447368.0,69
201600048360,16,4,5,735,1,1,1,2,7.0,69286,M,,,69
201600048361,16,4,4,1755,1,2,1,1,4.0,69382,M,0.0,0.0,69
201600048362,16,4,6,1330,1,2,1,1,2.0,69286,M,4582180.0,490022.0,69
201600048363,16,4,6,1250,1,2,3,1,3.0,69149,M,4571794.0,480844.0,69
201600048364,16,4,6,1120,1,1,1,1,6.0,69385,M,4545430.0,-447440.0,69
201600048365,16,4,6,1800,1,2,1,1,6.0,69286,M,4581277.0,489191.0,69
201600048366,16,4,8,1030,1,2,1,1,6.0,69149,M,4571863.0,481005.0,69
201600048367,16,4,8,1505,1,2,2,1,3.0,69149,M,4572108.0,481116.0,69
201600048368,16,4,9,1500,1,2,1,1,3.0,69389,M,4546240.0,546240.0,69
201600048369,16,4,10,1345,1,2,2,1,3.0,69034,M,,,69
201600048370,16,4,10,1445,1,2,1,1,7.0,69389,M,4546046.0,448197.0,69
201600048371,16,4,11,1455,1,2,1,1,6.0,69081,M,,,69
201600048372,16,4,12,2100,5,2,9,1,7.0,69389,M,4576090.0,478833.0,69
201600048373,16,4,13,1722,1,2,1,1,2.0,69034,M,4580072.0,487297.0,69
201600048374,16,4,13,1905,1,2,1,1,6.0,69382,M,4575950.0,483867.0,69
201600048375,16,4,14,855,1,2,1,1,2.0,69389,M,4545558.0,448213.0,69
201600048376,16,4,14,1355,1,2,2,1,3.0,69149,M,4572108.0,481111.0,69
201600048377,16,4,8,1915,1,1,1,1,6.0,69382,M,4545402.0,449527.0,69
201600048378,16,4,15,845,1,2,1,1,3.0,69286,M,4549222.0,321100.0,69
201600048379,16,4,15,2135,5,2,1,2,6.0,69389,M,,,69
201600048380,16,4,15,1700,1,2,1,1,6.0,69034,M,4580411.0,486027.0,69
201600048381,16,4,18,1330,1,2,3,1,2.0,69202,M,4575155.0,480197.0,69
201600048382,16,4,18,1545,1,2,3,1,6.0,69382,M,,,69
201600048383,16,4,21,730,1,1,1,1,2.0,69081,M,4577175.0,478983.0,69
201600048384,16,4,21,900,1,2,1,1,6.0,69389,M,4547114.0,447439.0,69
201600048385,16,4,21,1300,1,2,1,1,6.0,69389,M,4547221.0,447505.0,69
201600048386,16,4,21,1600,1,1,1,1,3.0,69152,M,4569350.0,482838.0,69
201600048387,16,4,21,215,5,2,1,1,6.0,69286,M,4581969.0,490691.0,69
201600048388,16,4,24,1505,1,2,1,1,7.0,69385,M,4545136.0,924200.0,69
201600048389,16,4,26,1655,1,2,1,2,5.0,69142,M,4543409.0,543409.0,69
201600048390,16,4,27,1415,1,2,1,1,2.0,69142,M,4572605.0,481199.0,69
201600048391,16,4,27,1315,1,2,1,1,7.0,69149,M,4571977.0,479944.0,69
201600048392,16,4,28,1350,1,2,1,1,2.0,69202,M,4574550.0,478633.0,69
201600048393,16,4,29,1045,1,2,1,1,2.0,69389,M,4748037.0,450171.0,69
201600048394,16,4,29,1515,1,2,2,1,3.0,69286,M,,,69
201600048395,16,4,30,1325,1,2,1,2,6.0,69389,M,4577650.0,480916.0,69
201600048396,16,5,1,730,1,2,1,3,1.0,69034,M,4547157.0,450202.0,69
201600048397,16,4,30,1910,1,2,1,1,5.0,69286,M,4580558.0,488530.0,69
201600048398,16,5,4,740,1,2,1,1,6.0,69381,M,4546169.0,449501.0,69
201600048399,16,5,4,1330,1,2,1,1,3.0,69385,M,4545128.0,449082.0,69
201600048400,16,5,4,1415,1,2,3,1,3.0,69382,M,4545004.0,449484.0,69
201600048401,16,5,4,1825,1,2,1,1,6.0,69385,M,4545240.0,447143.0,69
201600048402,16,5,4,1940,1,2,1,1,6.0,69286,M,,,69
201600048403,16,5,7,925,1,1,2,1,3.0,69202,M,4500000.0,400000.0,69
201600048404,16,5,8,700,1,2,1,1,6.0,69389,M,4546252.0,447494.0,69
201600048405,16,5,5,825,1,2,1,1,6.0,69202,M,,,69
201600048406,16,5,9,1515,1,2,1,2,6.0,69382,M,,,69
201600048407,16,5,10,1100,1,2,1,1,3.0,69202,M,4543524.0,446353.0,69
201600048408,16,5,11,745,1,2,1,2,6.0,69034,M,4547081.0,449583.0,69
201600048409,16,5,13,830,1,2,1,3,6.0,69142,M,4543405.0,448309.0,69
201600048410,16,5,13,815,1,2,1,2,4.0,69385,M,4544595.0,447469.0,69
201600048411,16,5,13,900,1,2,1,3,4.0,69034,M,,,69
201600048412,16,5,14,440,5,2,9,1,1.0,69142,M,4543330.0,448489.0,69
201600048413,16,5,14,725,2,2,1,1,2.0,69034,M,4547024.0,449536.0,69
201600048414,16,5,15,1250,1,2,1,1,2.0,69202,M,4543279.0,446573.0,69
201600048415,16,5,16,445,5,2,1,1,6.0,69384,M,4546481.0,484910.0,69
201600048416,16,5,17,910,1,2,1,1,3.0,69286,M,,,69
201600048417,16,5,16,1920,1,2,1,1,4.0,69389,M,4547144.0,448380.0,69
201600048418,16,5,17,1430,1,2,1,1,5.0,69381,M,4545577.0,449510.0,69
201600048419,16,5,17,1830,1,2,1,1,3.0,69142,M,4543288.0,448479.0,69
201600048420,16,5,17,1937,1,2,3,1,3.0,69385,M,4545264.0,448547.0,69
201600048421,16,5,18,1600,1,2,3,1,5.0,69389,M,4546452.0,448067.0,69
201600048422,16,5,19,1645,1,2,1,8,3.0,69389,M,4546554.0,448251.0,69
201600048423,16,5,19,2100,5,1,1,2,7.0,69034,M,,,69
201600048424,16,5,19,1130,1,2,1,1,6.0,69384,M,4546433.0,449421.0,69
201600048425,16,5,10,935,1,2,1,1,6.0,69382,M,,,69
201600048426,16,5,26,815,1,2,4,1,3.0,69382,M,,,69
201600048427,16,5,26,820,1,2,1,1,6.0,69034,M,4548305.0,451235.0,69
201600048428,16,5,26,1345,1,2,1,1,3.0,69152,M,4541422.0,449246.0,69
201600048429,16,5,28,2330,5,2,1,1,2.0,69385,M,4545069.0,449186.0,69
201600048430,16,5,29,2210,5,2,1,2,2.0,69382,M,,,69
201600048431,16,5,30,845,1,2,1,1,6.0,69381,M,4546005.0,450094.0,69
201600048432,16,5,30,855,1,2,7,8,6.0,69382,M,4545286.0,450026.0,69
201600048433,16,5,31,450,5,2,2,2,3.0,69384,M,4546393.0,450055.0,69
201600048434,16,5,31,745,1,2,1,2,6.0,69034,M,4547305.0,452023.0,69
201600048435,16,5,31,1655,1,2,1,2,6.0,69382,M,4544572.0,449454.0,69
201600048436,16,5,26,1000,1,2,2,1,3.0,69149,M,,,69
201600048437,16,6,1,915,1,1,2,8,3.0,69286,M,4520070.0,455043.0,69
201600048438,16,6,1,1545,1,2,1,1,3.0,69385,M,,,69
201600048439,16,6,1,1710,1,2,3,1,3.0,69286,M,,,69
201600048440,16,6,1,1500,1,2,3,1,6.0,69385,M,4545349.0,449383.0,69
201600048441,16,6,2,1250,1,2,1,3,6.0,69389,M,4547217.0,447377.0,69
201600048442,16,6,3,1850,1,2,1,1,3.0,69389,M,,,69
201600048443,16,6,6,630,1,2,1,1,7.0,69382,M,4544017.0,449067.0,69
201600048444,16,6,6,900,1,2,1,1,6.0,69389,M,4546000.0,448000.0,69
201600048445,16,6,6,1105,1,2,1,1,6.0,69381,M,4546252.0,450190.0,69
201600048446,16,6,6,1858,1,2,1,1,6.0,69286,M,4580269.0,488058.0,69
201600048447,16,6,7,450,5,2,2,1,3.0,69382,M,,,69
201600048448,16,6,7,1620,1,2,1,1,7.0,69381,M,4500000.0,400000.0,69
201600048449,16,6,7,1820,1,2,2,1,3.0,69382,M,4545343.0,449583.0,69
201600048450,16,6,8,55,5,2,1,1,6.0,69384,M,4546000.0,450000.0,69
201600048451,16,6,8,1330,1,2,1,1,1.0,69381,M,,,69
201600048452,16,6,9,1500,1,2,1,1,6.0,69149,M,4571702.0,480969.0,69
201600048453,16,6,10,815,1,2,1,1,6.0,69385,M,4545232.0,447539.0,69
201600048454,16,6,10,1310,1,2,1,1,2.0,69152,M,4500000.0,400000.0,69
201600048455,16,6,11,230,5,2,1,1,6.0,69381,M,,,69
201600048456,16,6,11,1030,1,2,1,1,6.0,69389,M,,,69