Num_Acc,an,mois,jour,hrmn,lum,agg,int,atm,col,com,gps,lat,long,dep
201600048457,16,6,11,1100,1,2,1,1,6.0,69384,M,4546349.0,449494.0,69
201600048458,16,6,11,2125,1,2,2,1,3.0,69385,M,4545059.0,449176.0,69
201600048459,16,6,9,1335,1,2,1,1,3.0,69286,M,,,69
201600048460,16,6,12,2230,5,2,1,1,3.0,69286,M,4581316.0,489311.0,69
201600048461,16,6,13,1415,1,2,1,8,6.0,69286,M,,,69
201600048462,16,6,14,1020,1,2,1,1,6.0,69034,M,,,69
201600048463,16,6,14,2320,5,2,3,1,3.0,69202,M,4575116.0,480111.0,69
201600048464,16,6,15,40,5,2,1,1,6.0,69381,M,,,69
201600048465,16,6,10,1230,1,2,3,1,6.0,69149,M,4571411.0,480630.0,69
201600048466,16,6,15,1550,1,2,2,1,3.0,69389,M,,,69
201600048467,16,6,16,820,1,2,2,2,3.0,69149,M,4571886.0,479241.0,69
201600048468,16,6,14,1208,1,2,1,1,6.0,69382,M,,,69
201600048469,16,6,17,1745,1,1,1,1,2.0,69286,M,4581875.0,490558.0,69
201600048470,16,6,17,1520,1,2,2,1,3.0,69152,M,4570080.0,482400.0,69
201600048471,16,6,18,2030,1,2,6,1,3.0,69389,M,,,69
201600048472,16,6,19,625,2,2,1,1,6.0,69142,M,4572702.0,481630.0,69
201600048473,16,6,19,1220,1,2,1,1,1.0,69202,M,4574627.0,481025.0,69
201600048474,16,6,20,805,1,2,1,1,6.0,69389,M,4547000.0,448000.0,69
201600048475,16,6,20,1350,1,2,1,1,7.0,69385,M,4545314.0,448429.0,69
201600048476,16,6,20,1800,1,2,1,1,6.0,69385,M,4545485.0,447431.0,69
201600048477,16,6,18,1130,1,2,1,1,2.0,69152,M,4569775.0,481905.0,69
201600048478,16,6,21,2100,2,2,3,1,6.0,69381,M,,,69
201600048479,16,6,21,2230,5,2,1,1,2.0,69034,M,,,69
201600048480,16,6,22,1345,1,2,1,1,7.0,69034,M,4579138.0,482280.0,69
201600048481,16,6,22,1735,1,2,1,1,2.0,69389,M,,,69
201600048482,16,6,22,2010,1,2,1,1,4.0,69382,M,4545120.0,450030.0,69
201600048483,16,6,23,820,1,2,1,1,2.0,69081,M,4540000.0,446000.0,69
201600048484,16,6,23,1600,1,2,2,1,3.0,69385,M,4545350.0,447450.0,69
201600048485,16,6,23,1630,1,2,1,1,6.0,69202,M,4572902.0,479580.0,69
201600048486,16,6,24,1155,1,2,1,1,6.0,69149,M,4571758.0,479186.0,69
201600048487,16,6,24,1325,1,2,1,1,3.0,69034,M,4579611.0,483241.0,69
201600048488,16,6,24,1910,1,2,3,1,7.0,69286,M,4581441.0,490027.0,69
201600048489,16,6,24,2020,1,2,2,1,3.0,69149,M,4571580.0,481905.0,69
201600048490,16,6,26,1545,1,2,3,1,3.0,69389,M,4546503.0,448282.0,69
201600048491,16,6,27,2150,2,2,1,1,2.0,69389,M,4546349.0,740700.0,69
201600048492,16,6,26,1540,1,2,1,1,7.0,69382,M,,,69
201600048493,16,6,19,1445,1,2,1,1,3.0,69152,M,,,69
201600048494,16,6,27,1710,1,2,1,1,2.0,69034,M,4579050.0,485858.0,69
201600048495,16,6,30,1130,1,2,1,1,7.0,69389,M,,,69
201600048496,16,7,1,1600,1,2,1,1,6.0,69382,M,,,69
201600048497,16,7,2,1320,1,2,1,1,1.0,69202,M,4574413.0,479947.0,69
201600048498,16,7,2,1530,1,2,3,1,3.0,69081,M,4545593.0,608700.0,69
201600048499,16,7,2,2230,5,2,2,1,3.0,69034,M,4579100.0,486066.0,69
201600048500,16,6,30,745,1,2,1,1,6.0,69034,M,4580830.0,484408.0,69
201600048501,16,7,3,1200,1,2,1,1,2.0,69152,M,4569616.0,482586.0,69
201600048502,16,7,4,810,1,2,2,1,7.0,69389,M,4546128.0,448199.0,69
201600048503,16,7,5,2340,5,2,1,1,1.0,69034,M,,,69
201600048504,16,7,5,1200,1,1,3,1,1.0,69149,M,4571055.0,481716.0,69
201600048505,16,7,6,1335,1,2,2,1,3.0,69081,M,4577255.0,479088.0,69
201600048506,16,6,17,1305,1,2,1,1,4.0,69381,M,,,69
201600048507,16,7,7,915,1,2,3,1,2.0,69286,M,4549184.0,328800.0,69
201600048508,16,7,7,1325,1,2,1,1,3.0,69384,M,,,69
201600048509,16,7,4,845,1,2,1,1,3.0,69034,M,4580272.0,486161.0,69
201600048510,16,7,8,1030,1,2,1,1,6.0,69389,M,4548101.0,449500.0,69
201600048511,16,7,8,1030,1,2,1,1,6.0,69385,M,4545016.0,447202.0,69
201600048512,16,6,20,1440,1,2,1,1,6.0,69382,M,,,69
201600048513,16,7,9,1730,1,2,1,1,3.0,69389,M,,,69
201600048514,16,7,9,2215,1,1,2,1,3.0,69202,M,4470000.0,980000.0,69
201600048515,16,7,9,1930,1,2,2,1,3.0,69385,M,4545062.0,449176.0,69
201600048516,16,7,11,700,1,1,3,1,1.0,69389,M,,,69
201600048517,16,7,11,1030,1,2,1,1,3.0,69152,M,4570033.0,482024.0,69
201600048518,16,7,11,1020,1,2,1,1,6.0,69286,M,,,69
201600048519,16,7,11,1810,1,2,1,3,3.0,69081,M,4578430.0,478213.0,69
201600048520,16,7,8,1100,1,2,1,1,3.0,69152,M,4570380.0,482074.0,69
201600048521,16,7,12,1500,1,2,1,1,6.0,69385,M,,,69
201600048522,16,7,12,1740,1,2,1,2,6.0,69389,M,4546000.0,448000.0,69
201600048523,16,7,12,1810,1,2,2,2,3.0,69385,M,,,69
201600048524,16,7,11,45,5,2,1,1,6.0,69385,M,4545110.0,448582.0,69
201600048525,16,7,13,1545,1,2,1,1,2.0,69381,M,4546212.0,450170.0,69
201600048526,16,7,15,1000,1,2,2,1,3.0,69389,M,4546433.0,448177.0,69
201600048527,16,7,15,1915,1,2,3,1,3.0,69382,M,4544364.0,449071.0,69
201600048528,16,7,15,1945,1,1,1,1,1.0,69389,M,4546046.0,448194.0,69
201600048529,16,7,18,2120,1,2,1,1,2.0,69385,M,4545431.0,449330.0,69
201600048530,16,7,19,800,1,2,1,1,4.0,69385,M,4545222.0,447332.0,69
201600048531,16,7,19,930,1,2,2,1,3.0,69389,M,4545537.0,448040.0,69
201600048532,16,7,21,915,1,2,2,1,3.0,69034,M,4580141.0,486291.0,69
201600048533,16,7,21,1316,1,2,1,1,1.0,69389,M,,,69
201600048534,16,7,5,2000,1,2,1,1,3.0,69384,M,,,69
201600048535,16,7,23,1550,1,2,2,1,3.0,69389,M,4545537.0,448040.0,69
201600048536,16,7,24,2330,5,2,1,1,3.0,69389,M,,,69
201600048537,16,7,23,2030,1,2,1,1,6.0,69385,M,4545341.0,449429.0,69
201600048538,16,7,24,1505,1,2,1,1,6.0,69286,M,4581913.0,488261.0,69
201600048539,16,7,25,1450,1,2,1,1,3.0,69382,M,,,69
201600048540,16,7,26,835,1,2,1,1,6.0,69385,M,,,69
201600048541,16,7,26,930,1,2,1,1,6.0,69389,M,,,69
201600048542,16,7,24,750,1,2,2,1,3.0,69142,M,4300000.0,400000.0,69
201600048543,16,7,27,1530,1,2,1,1,6.0,69381,M,4545549.0,449527.0,69
201600048544,16,7,27,2100,2,2,1,1,7.0,69384,M,,,69
201600048545,16,7,27,1210,1,2,2,1,3.0,69149,M,4571905.0,480186.0,69
201600048546,16,7,29,1600,1,2,9,1,3.0,69389,M,4548066.0,450187.0,69
201600048547,16,7,30,230,5,2,7,1,3.0,69389,M,4546243.0,448300.0,69
201600048548,16,7,30,1422,1,1,1,2,7.0,69286,M,4582330.0,491394.0,69
201600048549,16,7,30,2130,5,2,1,3,3.0,69286,M,,,69
201600048550,16,7,30,1945,1,2,2,2,3.0,69149,M,4571597.0,481125.0,69
201600048551,16,8,1,2,5,2,1,1,6.0,69149,M,,,69
201600048552,16,8,2,650,1,2,2,1,3.0,69389,M,4546497.0,448324.0,69
201600048553,16,8,2,1645,1,2,1,1,5.0,69286,M,,,69
201600048554,16,8,3,1445,1,2,1,1,6.0,69382,M,4545307.0,449543.0,69
201600048555,16,8,4,1830,1,2,1,3,2.0,69389,M,4547112.0,447113.0,69
201600048556,16,8,2,1945,1,2,1,1,7.0,69382,M,,,69
201600048557,16,8,5,1055,1,2,1,1,6.0,69389,M,,,69
201600048558,16,8,4,1535,1,2,1,1,2.0,69384,M,,,69
201600048559,16,8,5,1545,1,2,1,1,2.0,69034,M,4578983.0,482063.0,69
201600048560,16,8,5,2025,1,2,1,1,2.0,69382,M,,,69
201600048561,16,8,7,550,2,2,2,1,3.0,69382,M,4545047.0,449331.0,69
201600048562,16,8,8,2229,5,2,2,1,3.0,69382,M,4545339.0,450000.0,69
201600048563,16,8,11,1000,1,2,1,1,6.0,69034,M,4578966.0,482044.0,69
201600048564,16,8,11,1050,1,2,1,1,6.0,69382,M,4545406.0,450028.0,69
201600048565,16,8,12,910,1,2,3,1,3.0,69202,M,4545018.0,0.0,69
201600048566,16,8,14,2005,1,2,1,1,6.0,69389,M,,,69
201600048567,16,8,18,1615,1,1,3,1,6.0,69389,M,4546092.0,448000.0,69
201600048568,16,8,19,1800,1,2,3,1,6.0,69384,M,4546414.0,449137.0,69
201600048569,16,8,18,2015,2,2,1,1,3.0,69382,M,,,69
201600048570,16,8,20,1245,1,2,1,3,6.0,69081,M,,,69
201600048571,16,8,20,1520,1,1,3,1,3.0,69149,M,4500000.0,0.0,69
201600048572,16,8,20,1620,1,2,1,2,6.0,69385,M,4545100.0,449015.0,69
201600048573,16,8,22,1400,1,1,3,1,4.0,69149,M,4571930.0,477841.0,69
201600048574,16,8,23,1600,1,2,1,1,6.0,69034,M,4580344.0,485969.0,69
201600048575,16,8,24,1700,1,2,9,1,6.0,69389,M,4547085.0,447416.0,69
201600048576,16,8,24,2040,2,2,1,1,1.0,69384,M,4546270.0,448464.0,69
201600048577,16,8,18,910,1,2,1,3,2.0,69382,M,,,69
201600048578,16,8,25,1700,1,2,1,1,4.0,69034,M,4581333.0,486072.0,69
201600048579,16,8,26,1135,1,2,1,1,6.0,69385,M,4546000.0,449418.0,69
201600048580,16,8,25,2110,5,2,2,1,3.0,69384,M,,,69
201600048581,16,8,27,1120,1,2,2,1,3.0,69081,M,4576627.0,476933.0,69
201600048582,16,8,26,2000,2,2,2,1,3.0,69384,M,4546382.0,449142.0,69
201600048583,16,8,27,1630,1,2,1,1,6.0,69286,M,4580561.0,488533.0,69
201600048584,16,8,30,745,1,2,3,1,6.0,69034,M,4547000.0,449000.0,69
201600048585,16,8,30,1925,1,2,1,1,1.0,69385,M,4546005.0,449135.0,69
201600048586,16,8,30,1700,1,2,1,1,1.0,69384,M,4546456.0,448419.0,69
201600048587,16,8,31,2110,1,2,1,1,6.0,69384,M,,,69
201600048588,16,8,25,1715,1,2,1,1,3.0,69152,M,4570022.0,482299.0,69
201600048589,16,9,2,200,5,2,1,1,6.0,69381,M,4546100.0,449373.0,69
201600048590,16,9,2,920,1,2,1,1,6.0,69385,M,4545184.0,449271.0,69
201600048591,16,9,2,1945,1,1,2,1,3.0,69381,M,,,69
201600048592,16,9,4,1840,1,2,1,1,7.0,69382,M,,,69
201600048593,16,9,2,1450,1,2,3,1,2.0,69286,M,,,69
201600048594,16,9,6,420,5,2,1,1,6.0,69389,M,,,69
201600048595,16,8,30,1320,1,2,2,1,3.0,69382,M,,,69
201600048596,16,9,8,1135,1,2,3,1,6.0,69389,M,4646219.0,448194.0,69
201600048597,16,9,7,1925,1,2,1,1,7.0,69286,M,4581294.0,489744.0,69
201600048598,16,9,8,1345,1,2,2,1,1.0,69382,M,,,69
201600048599,16,9,8,1800,1,2,1,1,6.0,69385,M,4545329.0,447286.0,69
201600048600,16,9,8,2310,5,2,1,1,6.0,69385,M,4545125.0,446302.0,69
201600048601,16,9,8,2300,5,2,5,1,7.0,69389,M,,,69
201600048602,16,9,9,1440,1,2,1,1,7.0,69385,M,4545232.0,753600.0,69
201600048603,16,9,10,446,5,2,2,1,3.0,69149,M,4572100.0,481122.0,69
201600048604,16,9,8,830,1,2,1,1,3.0,69389,M,4546525.0,448281.0,69
201600048605,16,9,12,2115,5,2,2,1,3.0,69385,M,4545313.0,842000.0,69
201600048606,16,9,13,1,5,2,1,1,2.0,69389,M,,,69
201600048607,16,9,2,625,1,2,1,1,3.0,69152,M,4569669.0,481175.0,69
201600048608,16,9,13,1820,1,2,2,1,1.0,69389,M,,,69
201600048609,16,9,13,1655,1,2,1,1,7.0,69385,M,4545214.0,449022.0,69
201600048610,16,9,13,1716,1,1,1,1,6.0,69142,M,4573055.0,481508.0,69
201600048611,16,9,15,1900,1,2,1,1,3.0,69286,M,4548470.0,533330.0,69
201600048612,16,9,15,2200,5,2,2,1,5.0,69381,M,,,69
201600048613,16,9,16,900,1,2,1,2,3.0,69286,M,4581513.0,488941.0,69
201600048614,16,9,11,1030,1,2,1,1,6.0,69034,M,4579736.0,485525.0,69
201600048615,16,9,16,5,5,2,3,1,3.0,69389,M,4545495.0,448475.0,69
201600048616,16,9,16,1725,1,2,1,1,1.0,69382,M,,,69
201600048617,16,9,17,1315,1,2,9,8,6.0,69381,M,,,69
201600048618,16,9,17,1745,1,2,1,2,3.0,69389,M,4547223.0,447128.0,69
201600048619,16,9,17,2035,5,2,3,2,3.0,69382,M,,,69
201600048620,16,9,18,715,1,1,1,1,2.0,69381,M,,,69
201600048621,16,9,18,1515,1,1,1,2,7.0,69152,M,4569366.0,482661.0,69
201600048622,16,9,17,1710,1,2,1,1,6.0,69382,M,4573980.0,481806.0,69
201600048623,16,9,19,725,1,2,2,1,3.0,69202,M,4573239.0,480386.0,69
201600048624,16,9,20,1105,1,2,1,1,6.0,69385,M,4576314.0,479702.0,69
201600048625,16,9,20,1215,1,2,1,1,6.0,69389,M,4577181.0,480420.0,69
201600048626,16,9,20,1525,1,2,5,1,6.0,69385,M,4575944.0,482546.0,69
201600048627,16,9,21,1935,2,2,2,1,3.0,69385,M,4575465.0,481243.0,69
201600048628,16,9,19,136,5,2,5,1,3.0,69382,M,,,69
201600048629,16,9,8,1700,1,2,1,1,6.0,69381,M,4576839.0,483194.0,69
201600048630,16,9,18,1145,1,2,1,2,7.0,69034,M,4579565.0,484790.0,69
201600048631,16,9,22,1800,1,2,2,1,3.0,69389,M,4578923.0,478901.0,69
201600048632,16,9,22,1830,1,2,2,1,3.0,69034,M,,,69
201600048633,16,9,23,1655,1,2,3,1,3.0,69389,M,4576700.0,480540.0,69
201600048634,16,9,23,1745,1,2,1,1,3.0,69202,M,,,69
201600048635,16,9,24,1235,1,2,1,1,6.0,69034,M,,,69
201600048636,16,9,24,1950,2,2,1,1,3.0,69389,M,4577237.0,481098.0,69
201600048637,16,9,25,1027,1,2,1,1,3.0,69382,M,,,69
201600048638,16,9,25,1550,1,2,1,1,6.0,69034,M,4579600.0,484700.0,69
201600048639,16,9,27,640,5,2,1,1,6.0,69149,M,4570907.0,480374.0,69
201600048640,16,9,28,1720,1,2,1,1,3.0,69385,M,4575663.0,480729.0,69
201600048641,16,9,28,2000,5,1,1,1,1.0,69149,M,,,69
201600048642,16,9,29,811,1,2,9,1,6.0,69389,M,,,69
201600048643,16,9,29,1530,1,2,1,1,2.0,69286,M,,,69
201600048644,16,9,29,1200,1,2,6,1,3.0,69081,M,,,69
201600048645,16,9,30,1330,1,2,1,1,2.0,69389,M,4577899.0,480543.0,69
201600048646,16,10,1,1030,1,2,7,2,2.0,69384,M,4577936.0,484098.0,69
201600048647,16,10,3,1315,1,2,1,1,6.0,69081,M,4578898.0,477781.0,69
201600048648,16,9,24,815,1,1,1,1,2.0,69381,M,,,69
201600048649,16,10,4,20,5,2,1,1,6.0,69382,M,,,69
201600048650,16,10,3,750,1,2,3,1,2.0,69286,M,4581272.0,489437.0,69
201600048651,16,10,4,1110,1,2,1,1,6.0,69381,M,4576667.0,483274.0,69
201600048652,16,10,2,1140,1,2,1,1,3.0,69034,M,4578332.0,484460.0,69
201600048653,16,10,5,1515,1,2,2,1,3.0,69286,M,4983024.0,490681.0,69
201600048654,16,10,6,1530,1,2,1,1,2.0,69382,M,,,69
201600048655,16,10,6,1640,1,2,1,1,3.0,69286,M,4581941.0,490736.0,69
201600048656,16,10,5,1830,1,2,1,1,6.0,69034,M,4579165.0,482378.0,69
201600048657,16,10,7,840,1,2,1,1,2.0,69389,M,4578271.0,480728.0,69
201600048658,16,10,7,1800,1,2,1,1,3.0,69286,M,,,69
201600048659,16,10,8,115,5,2,1,1,1.0,69149,M,4572129.0,479646.0,69
201600048660,16,10,6,715,1,1,1,1,3.0,69034,M,,,69
201600048661,16,10,10,740,2,1,1,9,7.0,69081,M,,,69
201600048662,16,10,10,1240,1,2,1,1,6.0,69152,M,4570120.0,481951.0,69
201600048663,16,10,10,1730,1,1,1,1,2.0,69142,M,4573045.0,481517.0,69
201600048664,16,10,11,835,1,2,1,1,3.0,69382,M,,,69
201600048665,16,10,11,840,1,2,1,1,3.0,69142,M,4572721.0,481480.0,69
201600048666,16,10,12,930,1,2,1,1,2.0,69385,M,4575822.0,482647.0,69
201600048667,16,10,12,1403,1,2,1,1,6.0,69149,M,4571978.0,480030.0,69
201600048668,16,10,13,740,5,2,3,2,6.0,69152,M,4569695.0,481221.0,69
201600048669,16,10,12,1730,1,2,5,1,6.0,69034,M,4578639.0,483003.0,69
201600048670,16,10,10,1105,1,2,1,1,1.0,69381,M,4578830.0,483193.0,69
201600048671,16,10,10,1205,1,2,1,1,3.0,69385,M,4576060.0,482845.0,69
201600048672,16,10,14,1530,1,2,1,3,1.0,69385,M,4575452.0,481799.0,69
201600048673,16,10,14,1604,1,2,1,2,3.0,69385,M,4575653.0,479845.0,69
201600048674,16,10,14,1955,5,2,2,8,6.0,69382,M,4545066.0,449383.0,69
201600048675,16,10,14,1800,1,2,1,2,2.0,69389,M,,,69
201600048676,16,10,15,730,2,2,1,1,6.0,69381,M,,,69
201600048677,16,10,15,1640,1,2,2,1,6.0,69382,M,,,69
201600048678,16,10,15,1440,1,1,1,1,1.0,69286,M,,,69
201600048679,16,10,16,600,5,2,1,1,6.0,69381,M,4576768.0,481938.0,69
201600048680,16,10,16,915,1,2,3,1,1.0,69389,M,,,69
201600048681,16,10,16,1620,1,2,1,1,2.0,69389,M,,,69
201600048682,16,10,17,1745,1,2,1,1,6.0,69389,M,4577699.0,480536.0,69
201600048683,16,10,18,730,2,2,1,1,3.0,69034,M,,,69
201600048684,16,10,18,830,1,1,1,1,3.0,69389,M,4578178.0,481015.0,69
201600048685,16,10,18,1635,1,2,1,1,6.0,69149,M,4571974.0,480029.0,69
201600048686,16,10,19,1230,1,2,3,1,3.0,69034,M,4580829.0,485636.0,69
201600048687,16,10,18,1655,1,1,1,1,7.0,69286,M,,,69
201600048688,16,10,21,145,5,2,1,1,3.0,69384,M,4577000.0,481130.0,69
201600048689,16,10,21,640,5,2,1,1,6.0,69202,M,4574000.0,480000.0,69
201600048690,16,10,14,2015,5,2,3,2,3.0,69385,M,4575564.0,480422.0,69
201600048691,16,10,22,245,5,2,1,1,1.0,69382,M,,,69
201600048692,16,10,5,1600,1,2,1,1,6.0,69381,M,4577223.0,482098.0,69
201600048693,16,10,25,1000,1,2,1,3,3.0,69389,M,4577280.0,479570.0,69
201600048694,16,10,25,1840,5,2,1,2,6.0,69385,M,4575784.0,481204.0,69
201600048695,16,10,25,2310,5,2,3,2,3.0,69389,M,4577642.0,479676.0,69
201600048696,16,10,26,1215,1,2,1,2,1.0,69202,M,4573520.0,478201.0,69
201600048697,16,10,26,1401,1,2,1,1,2.0,69385,M,4574795.0,477604.0,69
201600048698,16,10,26,1750,1,2,1,1,6.0,69389,M,,,69
201600048699,16,10,27,1235,1,2,1,1,2.0,69034,M,4578000.0,485000.0,69
201600048700,16,10,27,2030,5,2,1,1,6.0,69384,M,,,69
201600048701,16,10,30,1500,1,2,1,1,3.0,69382,M,,,69
201600048702,16,10,30,1335,1,2,1,1,3.0,69385,M,4575291.0,482275.0,69
201600048703,16,10,31,1530,1,1,3,1,3.0,69382,M,4575982.0,483037.0,69
201600048704,16,11,1,1115,1,2,4,1,3.0,69385,M,4575392.0,479812.0,69
201600048705,16,11,2,1325,1,2,1,1,2.0,69384,M,,,69
201600048706,16,11,3,1130,1,2,1,1,3.0,69389,M,,,69
201600048707,16,11,4,1430,1,2,1,8,6.0,69381,M,4577292.0,483211.0,69
201600048708,16,11,5,1905,5,2,3,3,6.0,69385,M,4575724.0,481530.0,69
201600048709,16,11,5,2030,5,2,3,3,3.0,69149,M,4571156.0,481999.0,69
201600048710,16,11,7,210,5,2,1,2,1.0,69142,M,,,69
201600048711,16,11,8,950,1,2,3,1,3.0,69389,M,,,69
201600048712,16,11,8,1205,1,2,1,1,6.0,69382,M,4576483.0,483429.0,69
201600048713,16,11,10,1000,1,2,2,2,3.0,69081,M,,,69
201600048714,16,11,8,914,1,2,1,1,7.0,69034,M,4580769.0,487197.0,69
201600048715,16,11,13,1320,1,2,2,2,3.0,69385,M,4575468.0,478847.0,69
201600048716,16,11,13,1400,1,2,1,8,3.0,69034,M,4580000.0,485000.0,69
201600048717,16,11,12,1840,2,2,1,1,7.0,69034,M,4578976.0,482061.0,69
201600048718,16,11,15,2030,5,1,2,1,3.0,69382,M,,,69
201600048719,16,11,9,1915,5,2,1,2,3.0,69152,M,4569514.0,482517.0,69
201600048720,16,11,16,1750,1,2,1,1,6.0,69034,M,,,69
201600048721,16,11,16,1940,5,2,1,2,3.0,69382,M,4575290.0,483341.0,69
201600048722,16,11,17,1740,5,2,1,1,1.0,69385,M,4575683.0,478002.0,69
201600048723,16,11,12,1200,1,2,1,1,5.0,69381,M,4576839.0,482408.0,69
201600048724,16,11,18,445,5,2,1,1,6.0,69381,M,,,69
201600048725,16,11,18,900,1,2,1,2,6.0,69389,M,4577200.0,479617.0,69
201600048726,16,11,18,1030,1,2,1,2,7.0,69389,M,4577494.0,480579.0,69
201600048727,16,11,18,1715,2,2,1,1,6.0,69286,M,4581652.0,489059.0,69
201600048728,16,11,19,1140,1,2,1,1,6.0,69286,M,,,69
201600048729,16,11,20,2105,5,2,1,1,7.0,69385,M,4576183.0,482864.0,69
201600048730,16,11,11,1045,1,2,3,1,3.0,69034,M,,,69
201600048731,16,11,21,1740,5,2,1,1,6.0,69384,M,,,69
201600048732,16,11,22,1015,1,2,1,2,3.0,69286,M,4581736.0,490380.0,69
201600048733,16,11,5,2040,5,2,1,3,2.0,69382,M,,,69
201600048734,16,11,22,2000,5,2,1,1,7.0,69286,M,,,69
201600048735,16,11,24,825,1,2,9,2,6.0,69384,M,,,69
201600048736,16,11,24,1710,5,2,2,8,3.0,69385,M,4574974.0,478339.0,69
201600048737,16,11,25,1610,1,2,1,1,6.0,69081,M,4578491.0,479000.0,69
201600048738,16,11,25,1730,4,2,1,1,6.0,69381,M,4577282.0,482121.0,69
201600048739,16,11,25,1930,5,2,1,1,6.0,69385,M,4576160.0,480341.0,69
201600048740,16,11,26,1010,1,2,1,1,3.0,69381,M,4576623.0,483807.0,69
201600048741,16,10,16,450,5,2,1,1,6.0,69152,M,4570660.0,482510.0,69
201600048742,16,11,28,1646,2,2,1,1,5.0,69381,M,,,69
201600048743,16,11,28,1730,3,2,1,1,3.0,69286,M,4581909.0,489347.0,69
201600048744,16,11,28,1945,5,2,1,1,4.0,69389,M,4579717.0,482880.0,69
201600048745,16,11,29,1600,1,2,1,1,6.0,69382,M,,,69
201600048746,16,11,29,1900,5,2,3,1,6.0,69389,M,4577901.0,479657.0,69
201600048747,16,12,1,1300,1,2,1,1,6.0,69382,M,,,69
201600048748,16,12,2,820,1,2,1,1,2.0,69389,M,4577580.0,480580.0,69
201600048749,16,11,30,1510,1,2,1,1,1.0,69034,M,4579786.0,487588.0,69
201600048750,16,12,2,1850,5,2,1,1,4.0,69286,M,,,69
201600048751,16,12,5,1905,5,2,1,1,7.0,69286,M,,,69
201600048752,16,12,6,750,2,2,3,1,6.0,69149,M,4571793.0,481004.0,69
201600048753,16,12,8,1025,1,2,2,1,6.0,69385,M,4575437.0,479614.0,69
201600048754,16,12,9,1055,1,2,1,1,2.0,69382,M,4545240.0,449363.0,69
201600048755,16,12,10,950,1,2,1,1,6.0,69389,M,,,69
201600048756,16,12,10,1420,1,2,7,1,6.0,69385,M,4575810.0,481250.0,69
201600048757,16,12,11,940,1,1,1,1,2.0,69034,M,,,69
201600048758,16,12,12,1720,5,2,1,1,3.0,69081,M,4577011.0,476995.0,69
201600048759,16,12,12,1825,5,2,1,1,2.0,69382,M,4545484.0,450124.0,69
201600048760,16,12,11,1320,1,2,9,1,3.0,69381,M,,,69
201600048761,16,12,13,640,3,2,1,1,2.0,69202,M,4572186.0,478862.0,69
201600048762,16,12,13,940,1,2,3,1,1.0,69034,M,,,69
201600048763,16,12,13,1430,1,2,6,1,3.0,69286,M,4582350.0,491610.0,69
201600048764,16,12,13,1720,5,2,3,1,6.0,69389,M,,,69
201600048765,16,12,14,1320,1,2,1,5,6.0,69034,M,,,69
201600048766,16,12,14,1540,1,2,1,1,4.0,69389,M,,,69
201600048767,16,12,15,740,2,1,1,1,7.0,69385,M,4575300.0,480000.0,69
201600048768,16,12,16,1220,1,2,1,1,6.0,69389,M,4576381.0,479574.0,69
201600048769,16,12,17,130,5,2,1,5,1.0,69381,M,,,69
201600048770,16,12,17,1930,5,2,1,5,2.0,69286,M,,,69
201600048771,16,12,19,730,5,2,1,2,6.0,69149,M,,,69
201600048772,16,12,21,1445,1,2,3,1,3.0,69389,M,4546320.0,447400.0,69
201600048773,16,12,23,835,1,2,1,1,2.0,69389,M,,,69
201600048774,16,12,23,715,5,2,3,1,1.0,69385,M,4576361.0,479540.0,69
201600048775,16,12,22,1930,5,2,3,1,3.0,69286,M,4581373.0,487966.0,69
201600048776,16,12,22,1933,5,2,1,1,6.0,69286,M,,,69
201600048777,16,12,24,2100,5,2,1,1,6.0,69381,M,,,69
201600048778,16,12,25,1300,1,2,1,1,3.0,69034,M,4579278.0,484470.0,69
201600048779,16,12,23,340,5,2,1,2,2.0,69382,M,4575055.0,483179.0,69
201600048780,16,12,28,1940,5,2,1,8,6.0,69286,M,,,69
201600048781,16,12,19,2050,5,2,1,1,6.0,69149,M,4571735.0,481061.0,69
201600048782,16,12,30,2130,4,2,1,1,6.0,69034,M,,,69
201600048783,16,12,29,1350,1,2,1,1,3.0,69286,M,,,69
201600048784,16,12,14,5,3,1,1,1,6.0,59603,M,5034021.0,346916.0,59
201600048785,16,12,16,835,1,1,1,1,2.0,59458,M,5056411.0,316476.0,59
201600048786,16,12,25,745,3,1,1,1,6.0,59350,M,5062230.0,302396.0,59
201600048787,16,12,28,1945,3,1,1,5,6.0,59043,M,5073063.0,270510.0,59
201600048788,16,6,9,1150,1,1,1,1,7.0,59202,M,5068065.0,285001.0,59
201600048789,16,11,24,1750,5,1,1,1,7.0,59196,M,5063206.0,296332.0,59
201600048790,16,1,4,1300,1,1,1,1,7.0,59346,M,5060310.0,313110.0,59
201600048791,16,1,7,1330,1,1,1,1,7.0,59009,M,5064813.0,314552.0,59
201600048792,16,1,1,425,3,1,1,1,6.0,59508,M,5045021.0,308433.0,59
201600048793,16,1,14,920,1,1,1,2,4.0,59196,M,5063638.0,294352.0,59
201600048794,16,1,14,2000,1,1,1,5,5.0,59491,M,5038841.0,345700.0,59
201600048795,16,1,21,705,3,1,1,6,6.0,59196,M,,,59
201600048796,16,1,18,400,3,1,1,1,5.0,62427,M,0.0,0.0,62
201600048797,16,1,15,1825,3,1,1,2,5.0,59580,M,,,59