Num_Acc,an,mois,jour,hrmn,lum,agg,int,atm,col,com,gps,lat,long,dep
201600048798,16,1,24,1245,1,1,1,1,7.0,59646,M,5068293.0,308329.0,59
201600048799,16,1,27,1805,3,1,1,2,2.0,59523,M,5059855.0,314917.0,59
201600048800,16,1,29,405,4,1,1,1,7.0,59009,M,5064844.0,314500.0,59
201600048801,16,2,15,2120,3,1,1,1,6.0,59378,M,5068516.0,311122.0,59
201600048802,16,2,12,2005,3,1,1,1,4.0,59475,M,5019322.0,325582.0,59
201600048803,16,2,16,1850,3,1,1,1,7.0,59410,M,5038202.0,305278.0,59
201600048804,16,1,31,1430,1,1,1,2,7.0,59646,M,5067905.0,312530.0,59
201600048805,16,2,1,10,5,1,1,2,7.0,62498,M,5042405.0,283055.0,62
201600048806,16,2,4,1610,1,1,1,2,2.0,59094,M,5095863.0,217480.0,59
201600048807,16,2,15,1730,2,1,1,1,3.0,62274,M,5042919.0,297972.0,62
201600048808,16,2,9,2250,3,1,1,1,5.0,59360,M,5062136.0,301983.0,59
201600048809,16,2,6,2015,3,1,1,1,4.0,59343,M,5060058.0,311941.0,59
201600048810,16,2,6,2207,3,1,1,1,1.0,59431,M,5069008.0,282063.0,59
201600048811,16,2,7,620,5,1,1,2,5.0,59350,M,5061611.0,307477.0,59
201600048812,16,2,19,1520,1,1,1,1,5.0,59507,M,5061116.0,309058.0,59
201600048813,16,3,5,1500,1,1,1,8,7.0,59350,M,5062122.0,308247.0,59
201600048814,16,3,6,220,5,1,1,2,7.0,59350,M,5062013.0,308180.0,59
201600048815,16,3,12,1615,1,1,1,1,2.0,62274,M,5043023.0,296350.0,62
201600048816,16,2,28,730,1,1,1,1,2.0,59350,M,5062124.0,308260.0,59
201600048817,16,2,29,1240,1,1,1,1,5.0,59569,M,5038393.0,313221.0,59
201600048818,16,2,29,2320,5,1,1,1,7.0,59462,M,5051433.0,333685.0,59
201600048819,16,3,4,145,5,1,1,1,6.0,59646,M,5067324.0,311431.0,59
201600048820,16,3,10,2130,5,1,1,1,7.0,59350,M,5063744.0,308967.0,59
201600048821,16,3,11,1730,1,1,1,1,6.0,59360,M,5037150.0,301570.0,59
201600048822,16,3,19,2220,3,1,1,1,2.0,59090,M,5070755.0,312169.0,59
201600048823,16,3,20,1620,1,1,1,1,2.0,62249,M,0.0,0.0,62
201600048824,16,3,20,1700,1,1,1,1,7.0,59143,M,5067716.0,285802.0,59
201600048825,16,3,20,1845,1,1,1,1,7.0,59196,M,5063722.0,294136.0,59
201600048826,16,4,5,815,1,1,1,1,7.0,59646,M,5067983.0,312741.0,59
201600048827,16,4,5,1420,1,1,1,1,7.0,62274,M,0.0,0.0,62
201600048828,16,4,10,1635,1,1,1,1,4.0,59343,M,5058163.0,308911.0,59
201600048829,16,3,25,1745,1,1,1,1,4.0,62274,M,0.0,0.0,62
201600048830,16,3,28,1115,1,1,1,2,6.0,59195,M,5062933.0,295856.0,59
201600048831,16,3,31,510,5,1,1,1,7.0,62193,M,0.0,0.0,62
201600048832,16,4,13,1110,1,1,1,2,4.0,59128,M,5064061.0,296841.0,59
201600048833,16,4,6,1020,1,1,1,1,2.0,59271,M,5100294.0,230113.0,59
201600048834,16,4,10,1045,1,1,1,1,7.0,62528,M,0.0,0.0,62
201600048835,16,4,23,915,1,1,1,1,7.0,59459,M,5037908.0,346894.0,59
201600048836,16,4,27,2057,1,1,1,1,7.0,62852,M,0.0,0.0,62
201600048837,16,4,30,1245,1,1,1,1,7.0,59123,M,5049741.0,300261.0,59
201600048838,16,4,22,920,1,1,1,1,5.0,59350,M,5061602.0,307086.0,59
201600048839,16,5,4,2340,3,1,1,1,7.0,59234,M,5040224.0,306116.0,59
201600048840,16,5,15,1845,1,1,1,1,7.0,59195,M,5062661.0,295894.0,59
201600048841,16,5,18,2055,1,1,1,8,7.0,59195,M,5037172.0,258173.0,59
201600048842,16,5,26,750,1,1,1,1,6.0,62637,M,5046916.0,297713.0,62
201600048843,16,5,30,905,1,1,1,1,7.0,59009,M,5062085.0,313465.0,59
201600048844,16,5,30,905,1,1,1,1,2.0,59523,M,5059811.0,314413.0,59
201600048845,16,5,31,1220,1,1,1,1,6.0,59449,M,5047128.0,322686.0,59
201600048846,16,5,1,1400,1,1,1,1,6.0,59507,M,5060765.0,309597.0,59
201600048847,16,5,8,20,3,1,1,1,7.0,62274,M,5042952.0,297193.0,62
201600048848,16,5,10,2210,5,1,1,2,7.0,59360,M,5061696.0,299442.0,59
201600048849,16,5,11,2330,5,1,1,2,7.0,59009,M,5064761.0,314642.0,59
201600048850,16,5,28,455,5,1,1,1,7.0,62193,M,5093625.0,191510.0,62
201600048851,16,5,7,520,5,1,1,1,7.0,59009,M,5064728.0,314651.0,59
201600048852,16,5,5,630,1,1,1,1,2.0,59155,M,5101304.0,238151.0,59
201600048853,16,5,28,1110,1,1,1,1,6.0,59383,M,5033674.0,354545.0,59
201600048854,16,5,3,1400,1,1,1,1,2.0,59350,M,,,59
201600048855,16,5,5,830,1,1,1,1,2.0,59260,M,5104480.0,252879.0,59
201600048856,16,7,1,505,3,1,1,2,6.0,59043,M,5072519.0,272869.0,59
201600048857,16,7,1,740,1,1,1,8,6.0,59346,M,5060572.0,312986.0,59
201600048858,16,7,1,2030,1,1,1,3,6.0,59479,M,5038826.0,361223.0,59
201600048859,16,7,4,750,1,1,1,1,6.0,59080,M,5045600.0,328608.0,59
201600048860,16,7,4,1700,1,1,1,8,4.0,59603,M,5034007.0,349353.0,59
201600048861,16,7,9,1800,1,1,1,7,6.0,62274,M,0.0,0.0,62
201600048862,16,7,10,1245,1,1,1,1,6.0,59143,M,5066549.0,288362.0,59
201600048863,16,7,13,330,4,1,1,1,7.0,59560,M,5054734.0,305802.0,59
201600048864,16,7,19,1145,1,1,1,1,4.0,59146,M,5060180.0,320425.0,59
201600048865,16,7,20,2030,1,1,1,1,6.0,59343,M,5060317.0,312989.0,59
201600048866,16,6,1,2225,3,1,1,1,1.0,59479,M,5039329.0,361381.0,59
201600048867,16,6,1,1745,1,1,1,1,4.0,59523,M,5059862.0,315002.0,59
201600048868,16,6,6,830,1,1,1,1,7.0,59462,M,5050833.0,302510.0,59
201600048869,16,6,6,830,1,1,1,1,2.0,59586,M,5053992.0,319667.0,59
201600048870,16,6,8,740,1,1,1,1,2.0,59271,M,5100319.0,233238.0,59
201600048871,16,6,12,35,3,1,1,2,7.0,59327,M,5037836.0,317710.0,59
201600048872,16,6,28,1620,1,1,1,1,4.0,59288,M,5032273.0,342790.0,59
201600048873,16,6,17,1715,1,1,1,1,2.0,59288,M,5031783.0,341666.0,59
201600048874,16,6,19,1945,1,1,1,1,6.0,59479,M,5037835.0,360798.0,59
201600048875,16,6,22,315,3,1,1,1,6.0,62510,M,5043780.0,275634.0,62
201600048876,16,6,23,800,1,1,1,2,2.0,59378,M,5065494.0,310775.0,59
201600048877,16,6,25,110,3,1,1,1,7.0,59479,M,5037835.0,360798.0,59
201600048878,16,6,25,430,3,1,1,1,6.0,62548,M,5093701.0,195413.0,62
201600048879,16,7,20,845,1,1,1,1,6.0,59606,M,5033942.0,349691.0,59
201600048880,16,7,24,950,1,1,1,1,7.0,59350,M,5061592.0,307145.0,59
201600048881,16,7,20,1350,1,1,1,1,4.0,59588,M,5102853.0,242814.0,59
201600048882,16,7,23,1635,1,1,1,1,5.0,59340,M,5103716.0,244027.0,59
201600048883,16,7,24,1615,1,1,1,1,4.0,59588,M,5102884.0,242875.0,59
201600048884,16,7,29,5,3,1,1,2,7.0,59179,M,5030771.0,338363.0,59
201600048885,16,8,2,900,1,1,1,1,2.0,62274,M,5043312.0,297851.0,62
201600048886,16,8,6,655,1,1,1,1,4.0,59378,M,5068475.0,309553.0,59
201600048887,16,8,7,200,3,1,1,1,7.0,59205,M,5032761.0,333569.0,59
201600048888,16,7,13,1000,1,1,1,2,2.0,59523,M,5059433.0,314706.0,59
201600048889,16,7,11,120,3,1,1,1,1.0,62634,M,0.0,0.0,62
201600048890,16,7,16,700,2,1,1,1,6.0,59143,M,5065909.0,289618.0,59
201600048891,16,8,13,250,3,1,1,1,6.0,59159,M,5097264.0,222215.0,59
201600048892,16,8,9,1840,1,1,1,1,6.0,59043,M,5072683.0,272049.0,59
201600048893,16,8,16,1415,1,1,1,1,7.0,62351,M,5043218.0,290249.0,62
201600048894,16,8,18,1720,1,1,1,1,7.0,59569,M,5039081.0,312509.0,59
201600048895,16,8,21,1610,1,1,1,1,7.0,59343,M,5062422.0,312355.0,59
201600048896,16,8,23,125,5,1,1,1,6.0,59350,M,5061924.0,308063.0,59
201600048897,16,8,24,945,1,1,1,1,2.0,59196,M,5063619.0,294403.0,59
201600048898,16,8,26,900,1,1,1,1,7.0,59350,M,5064268.0,800000.0,59
201600048899,16,8,26,1755,1,1,1,1,7.0,59205,M,5032730.0,333658.0,59
201600048900,16,8,25,1820,1,1,1,1,4.0,59431,M,,,59
201600048901,16,8,28,2030,1,1,1,1,6.0,59507,M,5060821.0,309488.0,59
201600048902,16,8,29,2215,3,1,1,1,2.0,59305,M,5088153.0,251878.0,59
201600048903,16,8,29,1230,1,1,1,1,2.0,59195,M,5062080.0,297260.0,59
201600048904,16,9,1,1600,1,1,1,1,2.0,59410,M,5064827.0,309368.0,59
201600048905,16,9,9,855,1,1,1,1,7.0,59143,M,5066880.0,287790.0,59
201600048906,16,9,9,1745,1,1,1,1,2.0,62624,M,0.0,0.0,62
201600048907,16,9,10,400,3,1,1,1,2.0,59350,M,5062373.0,308454.0,59
201600048908,16,9,15,1430,1,1,1,1,3.0,59378,M,5067070.0,311479.0,59
201600048909,16,9,16,720,2,1,1,1,2.0,59202,M,5068300.0,284395.0,59
201600048910,16,9,16,915,1,1,1,1,4.0,59566,M,5061561.0,298102.0,59
201600048911,16,9,19,2250,3,1,1,1,5.0,59350,M,5061788.0,307960.0,59
201600048912,16,9,23,1755,1,1,1,1,3.0,59603,M,5034077.0,349004.0,59
201600048913,16,9,23,1915,2,1,1,1,7.0,59350,M,5064554.0,306381.0,59
201600048914,16,9,28,400,5,1,1,1,2.0,59386,M,5067983.0,305432.0,59
201600048915,16,9,30,745,2,1,1,1,3.0,59560,M,5054188.0,305351.0,59
201600048916,16,10,1,750,2,1,1,1,2.0,59646,M,5067482.0,311964.0,59
201600048917,16,10,1,2120,3,1,1,2,2.0,59665,M,5090989.0,248527.0,59
201600048918,16,10,6,900,1,1,1,1,3.0,59378,M,5066721.0,311320.0,59
201600048919,16,10,6,1715,1,1,1,1,5.0,59646,M,5068294.0,311616.0,59
201600048920,16,10,7,900,1,1,1,1,3.0,59386,M,5068051.0,305617.0,59
201600048921,16,10,7,945,1,1,1,1,2.0,59350,M,5061892.0,305265.0,59
201600048922,16,9,27,800,1,1,1,1,1.0,59646,M,5068060.0,312016.0,59
201600048923,16,10,9,2045,3,1,1,1,6.0,62193,M,0.0,0.0,62
201600048924,16,10,16,2215,5,1,1,2,6.0,59346,M,5060610.0,312990.0,59
201600048925,16,10,20,1740,1,1,1,1,6.0,59343,M,5060016.0,312825.0,59
201600048926,16,10,30,1600,1,1,1,1,2.0,59426,M,5076077.0,315599.0,59
201600048927,16,11,26,2230,3,1,9,1,6.0,62498,M,0.0,0.0,62
201600048928,16,10,29,115,5,1,1,1,6.0,59350,M,5061587.0,307342.0,59
201600048929,16,11,3,1830,2,1,1,1,7.0,59507,M,5059750.0,310230.0,59
201600048930,16,10,18,1900,1,1,1,2,4.0,59646,M,5067930.0,312490.0,59
201600048931,16,11,6,315,3,1,1,8,7.0,59350,M,5061680.0,304110.0,59
201600048932,16,11,10,415,3,1,1,1,2.0,62427,M,0.0,0.0,62
201600048933,16,10,24,1130,1,1,1,1,2.0,59459,M,5036699.0,348368.0,59
201600048934,16,11,10,945,1,1,1,1,3.0,59278,M,5061990.0,295900.0,59
201600048935,16,11,10,2350,5,1,1,2,6.0,59350,M,5061630.0,307030.0,59
201600048936,16,11,11,1015,1,1,1,2,7.0,59343,M,5060121.0,313197.0,59
201600048937,16,11,11,700,2,1,1,8,2.0,59286,M,5061990.0,300800.0,59
201600048938,16,11,12,1500,1,1,1,2,6.0,62193,M,0.0,0.0,62
201600048939,16,11,14,2110,3,1,1,2,6.0,59414,M,5037870.0,317920.0,59
201600048940,16,11,15,15,3,1,1,2,2.0,62215,M,0.0,0.0,62
201600048941,16,11,15,850,1,1,1,1,7.0,59143,M,5066010.0,289310.0,59
201600048942,16,11,15,1900,3,1,1,1,2.0,59462,M,5051170.0,303110.0,59
201600048943,16,11,17,1800,2,1,1,1,6.0,62498,M,0.0,0.0,62
201600048944,16,11,19,430,3,1,1,1,6.0,59350,M,5063540.0,308340.0,59
201600048945,16,11,19,645,5,1,1,2,1.0,59278,M,5061990.0,295900.0,59
201600048946,16,11,22,800,2,1,1,1,3.0,59350,M,5063500.0,308710.0,59
201600048947,16,11,22,1700,2,1,1,1,6.0,59350,M,5061686.0,304533.0,59
201600048948,16,11,29,1340,1,1,1,1,2.0,59585,M,5056083.0,306864.0,59
201600048949,16,11,30,2330,3,1,1,1,6.0,62587,M,0.0,0.0,62
201600048950,16,11,29,1925,3,1,1,1,5.0,59178,M,5039640.0,311650.0,59
201600048951,16,12,5,1315,1,1,1,1,2.0,59350,M,5063540.0,308750.0,59
201600048952,16,12,7,1100,1,1,1,1,4.0,59350,M,5061688.0,308036.0,59
201600048953,16,12,9,1600,1,1,1,1,2.0,59028,M,5041275.0,303325.0,59
201600048954,16,12,4,245,3,1,1,1,6.0,59343,M,5060065.0,311807.0,59
201600048955,16,12,12,2245,3,1,1,2,6.0,59360,M,5061950.0,300660.0,59
201600048956,16,1,1,1910,2,2,1,1,6.0,69388,M,4572760.0,484799.0,69
201600048957,16,1,2,1445,1,2,1,2,6.0,69387,M,4544286.0,451134.0,69
201600048958,16,12,9,540,5,2,7,1,3.0,69387,M,,,69
201600048959,16,1,4,1145,1,2,3,1,3.0,69388,M,,,69
201600048960,16,1,4,1730,5,2,1,1,3.0,69259,M,,,69
201600048961,16,1,4,1910,5,2,9,2,6.0,69386,M,,,69
201600048962,16,1,4,1920,5,2,1,2,6.0,69386,M,,,69
201600048963,16,1,5,645,5,2,2,1,3.0,69387,M,4545090.0,450345.0,69
201600048964,16,1,5,1230,1,2,1,1,1.0,69388,M,,,69
201600048965,16,1,2,1205,1,2,2,1,3.0,69386,M,,,69
201600048966,16,1,6,800,1,2,1,1,2.0,69387,M,4544319.0,451029.0,69
201600048967,16,1,4,1915,5,2,1,2,6.0,69388,M,4544361.0,452127.0,69
201600048968,16,1,6,920,1,2,2,1,3.0,69388,M,4544089.0,452598.0,69
201600048969,16,1,6,1746,5,2,3,2,3.0,69259,M,,,69
201600048970,16,1,6,1800,2,2,2,2,1.0,69383,M,,,69
201600048971,16,1,6,2215,5,2,1,1,3.0,69259,M,,,69
201600048972,16,1,7,745,3,2,1,3,6.0,69388,M,4544000.0,451442.0,69
201600048973,16,1,8,840,1,2,1,2,6.0,69383,M,,,69
201600048974,16,1,8,1315,1,2,9,1,6.0,69259,M,,,69
201600048975,16,1,9,1315,1,2,3,1,3.0,69387,M,4543476.0,449266.0,69
201600048976,16,12,24,130,5,2,2,1,3.0,69386,M,,,69
201600048977,16,1,10,1510,1,2,1,2,6.0,69383,M,,,69
201600048978,16,1,10,2240,5,2,1,2,6.0,69383,M,,,69
201600048979,16,1,11,740,1,2,3,1,5.0,69387,M,4544040.0,449255.0,69
201600048980,16,1,11,1700,1,2,1,1,6.0,69259,M,,,69
201600048981,16,1,12,1245,1,2,2,1,3.0,69386,M,,,69
201600048982,16,1,12,2039,5,2,2,1,6.0,69388,M,,,69
201600048983,16,1,13,810,1,2,1,1,1.0,69259,M,,,69
201600048984,16,1,14,320,5,2,2,1,6.0,69386,M,4577239.0,485413.0,69
201600048985,16,1,9,1140,1,2,3,1,3.0,69387,M,4544557.0,450526.0,69
201600048986,16,1,15,825,1,2,2,1,6.0,69386,M,,,69
201600048987,16,1,8,1930,5,2,2,1,3.0,69388,M,4544050.0,451478.0,69
201600048988,16,1,15,750,1,2,2,1,1.0,69383,M,,,69
201600048989,16,1,15,1630,1,2,3,2,3.0,69387,M,,,69
201600048990,16,1,15,1420,1,2,1,1,3.0,69259,M,4569100.0,487061.0,69
201600048991,16,1,18,417,5,2,2,1,3.0,69259,M,,,69
201600048992,16,1,18,1400,1,2,2,1,3.0,69383,M,,,69
201600048993,16,1,18,1625,1,2,1,2,6.0,69388,M,4543351.0,452461.0,69
201600048994,16,1,20,830,1,2,2,1,6.0,69388,M,,,69
201600048995,16,1,21,650,5,2,3,1,6.0,69388,M,,,69
201600048996,16,1,22,845,1,2,2,1,3.0,69387,M,4544537.0,450418.0,69
201600048997,16,1,22,1537,1,2,3,1,3.0,69387,M,4544480.0,503070.0,69
201600048998,16,1,22,1806,5,2,1,1,3.0,69383,M,,,69
201600048999,16,1,22,2154,5,2,1,3,6.0,69383,M,,,69
201600049000,16,1,23,1840,5,2,1,1,6.0,69259,M,,,69
201600049001,16,1,24,1050,1,2,3,1,5.0,69383,M,,,69
201600049002,16,1,25,1010,1,2,1,1,6.0,69388,M,4543000.0,452000.0,69
201600049003,16,1,25,1220,1,2,1,1,6.0,69387,M,4545171.0,450356.0,69
201600049004,16,1,26,1055,1,2,1,1,3.0,69383,M,4545491.0,451303.0,69
201600049005,16,1,26,1140,1,2,1,1,3.0,69386,M,,,69
201600049006,16,1,27,825,1,2,2,1,3.0,69386,M,,,69
201600049007,16,1,27,820,1,2,3,1,6.0,69388,M,,,69
201600049008,16,1,27,2340,5,2,1,1,3.0,69383,M,,,69
201600049009,16,1,26,1440,1,2,2,1,3.0,69386,M,,,69
201600049010,16,1,28,1250,1,2,9,1,6.0,69386,M,,,69
201600049011,16,1,28,1550,1,2,9,1,3.0,69199,M,,,69
201600049012,16,1,29,1305,1,2,1,1,7.0,69259,M,,,69
201600049013,16,1,29,1115,1,2,1,1,6.0,69388,M,4543469.0,452073.0,69
201600049014,16,1,29,1920,1,2,2,1,3.0,69387,M,,,69
201600049015,16,1,31,410,5,2,1,2,3.0,69383,M,4575634.0,484041.0,69
201600049016,16,1,31,550,5,2,9,1,2.0,69383,M,,,69
201600049017,16,1,31,1250,1,1,1,1,2.0,69387,M,,,69
201600049018,16,2,1,1540,1,2,1,1,6.0,69386,M,,,69
201600049019,16,2,2,1635,1,2,1,1,1.0,69199,M,,,69
201600049020,16,2,2,1700,2,2,3,1,3.0,69276,M,,,69
201600049021,16,2,3,1625,1,2,1,2,3.0,69259,M,,,69
201600049022,16,2,3,2330,5,2,2,1,1.0,69383,M,,,69
201600049023,16,12,13,1930,2,2,1,1,2.0,69387,M,,,69
201600049024,16,2,4,755,1,2,1,1,3.0,69259,M,,,69
201600049025,16,2,4,1020,1,2,2,1,3.0,69387,M,4544031.0,443925.0,69
201600049026,16,2,5,800,1,2,1,8,6.0,69259,M,4571691.0,487338.0,69
201600049027,16,2,8,1850,5,2,1,1,3.0,69259,M,4569613.0,487191.0,69
201600049028,16,2,10,1250,1,2,1,1,6.0,69383,M,,,69
201600049029,16,2,11,2130,5,2,1,8,2.0,69387,M,,,69
201600049030,16,2,12,1825,5,2,2,8,6.0,69383,M,,,69
201600049031,16,2,13,230,5,2,2,1,3.0,69387,M,,,69
201600049032,16,2,13,1545,1,2,1,1,6.0,69383,M,,,69
201600049033,16,2,14,1700,1,2,3,1,3.0,69199,M,,,69
201600049034,16,2,15,1130,1,2,1,1,6.0,69388,M,,,69
201600049035,16,2,13,1110,1,2,1,1,2.0,69388,M,4544006.0,452465.0,69
201600049036,16,12,2,1730,5,2,1,1,4.0,69383,M,,,69
201600049037,16,2,16,2210,5,2,1,1,6.0,69386,M,,,69
201600049038,16,2,17,1830,5,2,1,1,6.0,69259,M,,,69
201600049039,16,2,20,1040,1,2,1,1,2.0,69383,M,,,69
201600049040,16,12,17,310,5,2,1,1,6.0,69387,M,,,69
201600049041,16,2,21,2000,5,2,1,1,5.0,69259,M,,,69
201600049042,16,2,22,1435,1,2,2,2,6.0,69386,M,,,69
201600049043,16,2,23,700,2,2,2,2,6.0,69388,M,4544210.0,451590.0,69
201600049044,16,2,25,600,5,2,1,2,7.0,69259,M,,,69
201600049045,16,2,25,855,1,2,2,1,2.0,69383,M,4545483.0,128500.0,69
201600049046,16,2,27,1625,1,1,1,1,3.0,69383,M,,,69
201600049047,16,2,27,1845,2,2,1,1,6.0,69199,M,,,69
201600049048,16,2,28,1940,5,2,1,1,6.0,69388,M,,,69
201600049049,16,3,1,2340,5,2,2,1,3.0,69383,M,,,69
201600049050,16,3,2,830,1,2,1,2,2.0,69259,M,,,69
201600049051,16,3,3,740,1,2,3,1,3.0,69388,M,,,69
201600049052,16,3,3,1500,1,1,2,1,3.0,69259,M,,,69
201600049053,16,3,4,525,5,2,1,1,6.0,69386,M,,,69
201600049054,16,3,5,940,1,2,3,1,1.0,69388,M,4544391.0,451566.0,69
201600049055,16,3,5,910,1,2,3,1,3.0,69383,M,,,69
201600049056,16,3,6,1145,1,2,1,1,6.0,69388,M,4543452.0,452035.0,69
201600049057,16,3,6,2055,5,2,1,1,3.0,69387,M,4544549.0,451153.0,69
201600049058,16,3,6,2050,5,2,1,1,5.0,69259,M,,,69
201600049059,16,3,7,600,5,2,1,1,5.0,69387,M,,,69
201600049060,16,3,7,1650,1,2,1,2,5.0,69259,M,,,69
201600049061,16,3,8,1200,1,2,2,1,6.0,69199,M,,,69
201600049062,16,3,9,935,1,2,1,1,3.0,69383,M,,,69
201600049063,16,3,9,1545,1,2,2,3,3.0,69386,M,,,69
201600049064,16,3,8,1650,1,2,1,8,6.0,69387,M,,,69
201600049065,16,3,10,2350,5,2,2,1,3.0,69387,M,,,69
201600049066,16,3,11,1705,1,2,1,1,3.0,69386,M,,,69
201600049067,16,3,12,1400,1,2,3,1,6.0,69383,M,,,69
201600049068,16,3,12,1415,1,1,2,1,5.0,69276,M,,,69
201600049069,16,3,12,1505,1,2,1,1,2.0,69387,M,,,69
201600049070,16,3,13,2130,5,2,2,1,3.0,69383,M,4544400.0,452285.0,69
201600049071,16,3,14,1600,1,2,1,1,3.0,69387,M,,,69
201600049072,16,3,15,1150,1,2,2,1,3.0,69386,M,,,69
201600049073,16,3,16,920,1,2,1,1,3.0,69259,M,,,69
201600049074,16,3,16,1330,1,2,1,3,3.0,69259,M,,,69
201600049075,16,3,16,1310,1,2,6,2,3.0,69259,M,,,69
201600049076,16,3,16,1620,1,2,1,2,2.0,69259,M,,,69
201600049077,16,3,16,2045,5,2,2,2,6.0,69388,M,4544200.0,451585.0,69
201600049078,16,3,17,128,3,2,1,2,6.0,69259,M,,,69
201600049079,16,3,17,928,1,2,1,1,6.0,69388,M,4544124.0,451464.0,69
201600049080,16,3,17,1550,1,2,1,1,6.0,69388,M,,,69
201600049081,16,3,17,1150,1,2,9,1,3.0,69388,M,4543439.0,452409.0,69
201600049082,16,3,18,930,1,1,3,1,1.0,69387,M,4500000.0,450440.0,69
201600049083,16,3,14,1045,1,2,1,1,6.0,69388,M,,,69
201600049084,16,3,20,2020,5,2,1,1,7.0,69199,M,,,69
201600049085,16,3,22,1400,1,2,1,1,3.0,69259,M,,,69
201600049086,16,3,22,1610,1,2,2,1,6.0,69386,M,,,69
201600049087,16,3,22,1930,3,2,1,1,6.0,69388,M,4544525.0,451511.0,69
201600049088,16,3,23,925,1,2,1,1,1.0,69383,M,,,69
201600049089,16,3,23,1346,1,1,1,1,1.0,69383,M,,,69
201600049090,16,3,23,1635,1,2,1,1,2.0,69386,M,,,69
201600049091,16,3,23,1400,1,2,2,1,3.0,69383,M,,,69
201600049092,16,3,24,1145,1,2,1,1,6.0,69259,M,4571150.0,487497.0,69
201600049093,16,3,24,1700,1,2,1,1,6.0,69259,M,,,69
201600049094,16,3,25,930,1,2,2,1,3.0,69388,M,,,69
201600049095,16,3,25,1235,1,2,1,8,6.0,69383,M,,,69
201600049096,16,3,25,1450,1,2,7,1,3.0,69388,M,,,69
201600049097,16,3,25,2215,5,2,2,2,3.0,69387,M,,,69
201600049098,16,3,26,200,5,2,2,1,3.0,69388,M,,,69
201600049099,16,3,25,1200,1,2,9,2,6.0,69259,M,,,69
201600049100,16,3,26,455,5,2,1,1,6.0,69388,M,,,69
201600049101,16,3,28,2005,5,2,2,1,1.0,69383,M,,,69
201600049102,16,3,30,740,1,2,1,1,6.0,69387,M,4545012.0,528200.0,69
201600049103,16,3,30,930,1,2,1,1,6.0,69199,M,,,69
201600049104,16,3,30,1440,1,2,1,1,6.0,69259,M,,,69
201600049105,16,3,31,640,2,2,1,1,2.0,69388,M,4500000.0,400000.0,69
201600049106,16,3,31,2020,5,2,2,1,3.0,69259,M,,,69
201600049107,16,3,31,1940,1,2,2,1,3.0,69383,M,,,69
201600049108,16,4,1,1705,1,2,2,1,3.0,69387,M,4544591.0,450280.0,69
201600049109,16,4,2,1740,1,2,9,1,6.0,69276,M,,,69
201600049110,16,4,2,1830,1,2,1,1,6.0,69388,M,4544049.0,451083.0,69
201600049111,16,4,3,1940,1,2,1,1,3.0,69388,M,4244202.0,451595.0,69
201600049112,16,4,4,1750,1,2,1,1,7.0,69199,M,,,69
201600049113,16,4,5,1320,1,2,1,2,6.0,69386,M,,,69
201600049114,16,4,4,1930,1,2,1,1,6.0,69388,M,4544424.0,452195.0,69
201600049115,16,4,5,1650,1,2,1,3,4.0,69259,M,,,69
201600049116,16,4,5,2248,5,2,2,3,3.0,69259,M,,,69
201600049117,16,4,6,835,1,2,1,1,1.0,69383,M,,,69
201600049118,16,4,7,710,1,2,3,1,3.0,69383,M,4545220.0,450254.0,69
201600049119,16,4,6,1245,1,2,1,1,6.0,69386,M,,,69
201600049120,16,4,7,1515,1,2,1,1,1.0,69383,M,,,69
201600049121,16,4,7,1525,1,2,2,1,3.0,69387,M,4544234.0,449593.0,69
201600049122,16,4,8,955,1,2,3,1,6.0,69387,M,,,69
201600049123,16,4,8,1550,1,2,1,1,6.0,69383,M,,,69
201600049124,16,4,8,1530,1,2,1,1,3.0,69383,M,,,69
201600049125,16,4,9,2050,2,2,1,1,6.0,69387,M,,,69
201600049126,16,4,10,1415,1,2,2,1,3.0,69388,M,4573530.0,486799.0,69
201600049127,16,4,11,1200,1,2,1,1,3.0,69387,M,,,69
201600049128,16,4,11,1720,1,2,1,1,3.0,69199,M,,,69
201600049129,16,4,11,2145,5,2,2,1,4.0,69388,M,4544263.0,451501.0,69
201600049130,16,4,12,1425,1,2,1,1,1.0,69388,M,,,69
201600049131,16,4,14,800,1,2,3,1,3.0,69383,M,,,69
201600049132,16,4,16,1023,1,1,1,1,3.0,69386,M,,,69
201600049133,16,4,16,1920,1,2,1,1,6.0,69388,M,4573400.0,485300.0,69
201600049134,16,4,16,1520,1,2,1,1,2.0,69386,M,,,69
201600049135,16,4,19,1320,1,2,3,1,3.0,69388,M,,,69
201600049136,16,4,19,1800,1,2,2,1,6.0,69276,M,4567840.0,486098.0,69
201600049137,16,4,21,1310,1,2,1,1,6.0,69387,M,4545013.0,451243.0,69
201600049138,16,4,21,1730,1,2,2,1,3.0,69383,M,4577080.0,483722.0,69
201600049139,16,4,21,1935,1,2,1,1,6.0,69387,M,4544438.0,450089.0,69
201600049140,16,4,22,1205,1,2,1,1,2.0,69259,M,,,69
201600049141,16,4,23,1130,1,1,1,1,3.0,69386,M,,,69
201600049142,16,4,23,1750,1,2,2,2,6.0,69387,M,4300000.0,0.0,69
201600049143,16,4,25,900,1,2,2,1,3.0,69387,M,,,69
201600049144,16,4,24,2000,1,2,2,1,1.0,69386,M,4576990.0,483390.0,69
201600049145,16,4,25,1450,1,2,1,1,6.0,69386,M,,,69
201600049146,16,4,25,1600,1,2,1,1,6.0,69388,M,,,69
201600049147,16,4,25,1830,1,2,1,1,6.0,69383,M,,,69