Num_Acc,an,mois,jour,hrmn,lum,agg,int,atm,col,com,gps,lat,long,dep
201600049148,16,4,25,1845,1,2,7,1,3.0,69387,M,4574600.0,484500.0,69
201600049149,16,4,25,1930,1,2,4,1,3.0,69388,M,,,69
201600049150,16,4,26,1030,1,2,2,1,3.0,69383,M,4545373.0,450436.0,69
201600049151,16,4,20,1204,1,2,2,1,3.0,69383,M,,,69
201600049152,16,4,26,1545,1,2,1,8,3.0,69383,M,,,69
201600049153,16,4,26,2040,2,2,1,2,6.0,69387,M,4543185.0,450325.0,69
201600049154,16,3,23,1440,1,2,2,1,3.0,69386,M,,,69
201600049155,16,4,27,1750,1,2,1,1,6.0,69388,M,4544402.0,452069.0,69
201600049156,16,4,28,1030,1,1,1,1,6.0,69383,M,,,69
201600049157,16,4,28,1400,1,2,4,1,3.0,69383,M,,,69
201600049158,16,4,28,1710,1,2,2,1,6.0,69386,M,,,69
201600049159,16,4,29,940,1,2,2,1,3.0,69386,M,,,69
201600049160,16,4,29,955,1,2,1,1,6.0,69388,M,4544135.0,451036.0,69
201600049161,16,4,28,1952,1,2,1,1,3.0,69388,M,4544350.0,452164.0,69
201600049162,16,4,28,1815,1,2,1,1,6.0,69388,M,,,69
201600049163,16,4,29,1500,1,2,1,1,6.0,69387,M,,,69
201600049164,16,5,2,845,1,1,1,1,3.0,69388,M,,,69
201600049165,16,5,2,1025,1,2,3,1,4.0,69387,M,4543149.0,450325.0,69
201600049166,16,5,2,1100,1,2,1,1,6.0,69387,M,,,69
201600049167,16,5,3,745,1,2,1,1,2.0,69383,M,,,69
201600049168,16,5,3,1140,1,2,1,1,6.0,69383,M,,,69
201600049169,16,4,29,1100,1,2,3,1,3.0,69387,M,4544528.0,450109.0,69
201600049170,16,5,2,1325,1,2,2,1,3.0,69388,M,4573860.0,486508.0,69
201600049171,16,5,5,1233,1,2,2,1,3.0,69259,M,4321600.0,238500.0,69
201600049172,16,5,7,510,1,1,1,1,7.0,69276,M,4567520.0,484789.0,69
201600049173,16,5,7,1550,1,2,1,1,3.0,69386,M,4577380.0,484207.0,69
201600049174,16,5,8,45,5,2,1,1,6.0,69383,M,,,69
201600049175,16,5,8,1245,1,2,1,1,6.0,69383,M,,,69
201600049176,16,5,8,2310,4,2,3,2,3.0,69199,M,,,69
201600049177,16,5,9,920,1,2,1,1,1.0,69383,M,,,69
201600049178,16,5,9,1515,1,2,1,2,7.0,69383,M,,,69
201600049179,16,5,9,1524,1,2,2,1,3.0,69388,M,4544141.0,453027.0,69
201600049180,16,5,10,615,2,2,3,2,3.0,69199,M,,,69
201600049181,16,5,10,1000,1,2,2,2,3.0,69259,M,4569500.0,488312.0,69
201600049182,16,5,10,1200,1,2,1,1,4.0,69386,M,,,69
201600049183,16,5,11,1030,1,2,1,3,6.0,69383,M,,,69
201600049184,16,5,11,850,1,2,1,2,6.0,69387,M,,,69
201600049185,16,5,10,1710,1,2,1,1,3.0,69387,M,,,69
201600049186,16,5,12,745,1,2,3,1,6.0,69383,M,,,69
201600049187,16,5,12,945,1,2,1,1,3.0,69388,M,4543480.0,453285.0,69
201600049188,16,5,12,2005,1,2,3,1,3.0,69388,M,,,69
201600049189,16,5,12,2245,5,2,2,1,3.0,69259,M,,,69
201600049190,16,5,13,830,1,2,2,3,3.0,69388,M,,,69
201600049191,16,5,13,1005,1,2,2,3,3.0,69386,M,4545533.0,450370.0,69
201600049192,16,5,13,1000,1,2,1,2,3.0,69259,M,,,69
201600049193,16,5,13,1820,1,2,2,1,6.0,69387,M,4544236.0,449592.0,69
201600049194,16,5,13,1700,1,2,1,1,6.0,69387,M,,,69
201600049195,16,5,13,1700,1,2,2,1,3.0,69387,M,,,69
201600049196,16,5,15,1515,1,2,1,1,6.0,69259,M,,,69
201600049197,16,5,17,1005,1,2,1,1,6.0,69387,M,4544441.0,450292.0,69
201600049198,16,5,17,1910,1,2,1,1,6.0,69386,M,,,69
201600049199,16,5,17,2040,1,2,2,1,3.0,69386,M,4576804.0,485264.0,69
201600049200,16,5,18,1810,1,2,1,1,6.0,69276,M,,,69
201600049201,16,5,19,1320,1,2,2,2,3.0,69383,M,,,69
201600049202,16,5,20,800,1,2,1,1,6.0,69383,M,,,69
201600049203,16,5,17,840,1,2,3,1,1.0,69387,M,4544003.0,15700.0,69
201600049204,16,5,20,1720,1,2,3,1,4.0,69387,M,4544230.0,449591.0,69
201600049205,16,5,20,2230,5,2,1,1,2.0,69387,M,,,69
201600049206,16,5,20,1025,1,2,1,1,2.0,69388,M,,,69
201600049207,16,5,20,1115,1,2,2,1,1.0,69387,M,,,69
201600049208,16,5,21,500,2,2,2,1,6.0,69259,M,,,69
201600049209,16,5,20,1440,1,2,2,1,3.0,69388,M,4544469.0,451440.0,69
201600049210,16,5,21,1220,1,2,1,1,3.0,69387,M,4544405.0,451060.0,69
201600049211,16,5,21,310,5,2,2,1,1.0,69387,M,4575434.0,484536.0,69
201600049212,16,5,24,555,2,2,2,1,6.0,69259,M,,,69
201600049213,16,5,24,910,1,2,2,1,3.0,69259,M,,,69
201600049214,16,5,24,1025,1,2,1,1,6.0,69259,M,,,69
201600049215,16,5,25,800,1,2,1,1,6.0,69259,M,,,69
201600049216,16,5,23,2035,2,2,3,2,3.0,69387,M,,,69
201600049217,16,5,25,1140,1,2,1,1,5.0,69259,M,,,69
201600049218,16,5,23,1215,1,2,2,2,3.0,69383,M,,,69
201600049219,16,5,25,2320,5,2,2,1,3.0,69387,M,,,69
201600049220,16,5,26,1345,1,2,1,1,6.0,69388,M,4544167.0,451531.0,69
201600049221,16,5,26,1830,1,1,1,1,6.0,69387,M,4544366.0,49700.0,69
201600049222,16,5,26,510,5,2,2,1,3.0,69387,M,,,69
201600049223,16,5,26,1200,1,2,1,1,6.0,69383,M,,,69
201600049224,16,5,27,1230,1,2,1,1,6.0,69259,M,4543062.0,451157.0,69
201600049225,16,5,27,2050,1,2,1,1,6.0,69387,M,4544540.0,450373.0,69
201600049226,16,5,28,1830,1,2,1,2,3.0,69383,M,,,69
201600049227,16,5,29,1400,1,2,1,1,6.0,69387,M,,,69
201600049228,16,5,30,1325,1,2,6,1,3.0,69276,M,,,69
201600049229,16,5,31,645,2,2,2,2,6.0,69383,M,4545327.0,451423.0,69
201600049230,16,5,31,855,1,2,1,2,3.0,69383,M,,,69
201600049231,16,5,31,1515,1,2,1,1,2.0,69386,M,,,69
201600049232,16,6,2,1730,1,2,1,2,6.0,69383,M,,,69
201600049233,16,6,3,810,1,1,2,1,3.0,69387,M,4543530.0,449476.0,69
201600049234,16,6,3,1135,1,2,1,1,4.0,69259,M,,,69
201600049235,16,6,3,1150,1,1,1,1,3.0,69199,M,,,69
201600049236,16,6,3,1740,1,2,1,1,6.0,69383,M,,,69
201600049237,16,6,3,1805,1,2,1,1,3.0,69259,M,,,69
201600049238,16,6,6,900,1,2,1,1,6.0,69386,M,,,69
201600049239,16,6,6,1800,1,2,1,1,2.0,69386,M,,,69
201600049240,16,6,7,730,1,2,2,1,3.0,69383,M,,,69
201600049241,16,6,7,745,1,2,1,1,1.0,69387,M,,,69
201600049242,16,6,8,720,1,2,1,1,3.0,69388,M,4544377.0,451445.0,69
201600049243,16,6,8,830,1,2,1,1,5.0,69386,M,,,69
201600049244,16,6,8,2040,1,2,1,1,2.0,69199,M,,,69
201600049245,16,6,8,2300,5,2,2,2,3.0,69388,M,4543537.0,452015.0,69
201600049246,16,6,9,740,1,1,1,1,1.0,69387,M,4543472.0,31700.0,69
201600049247,16,6,9,1155,1,2,1,1,1.0,69387,M,,,69
201600049248,16,6,10,715,1,2,1,1,3.0,69388,M,4543553.0,452585.0,69
201600049249,16,6,10,1045,1,2,3,7,3.0,69199,M,4570802.0,485977.0,69
201600049250,16,6,10,1900,1,2,1,1,7.0,69387,M,4573314.0,482527.0,69
201600049251,16,6,10,1900,1,2,3,1,3.0,69259,M,,,69
201600049252,16,6,11,1730,1,2,1,1,6.0,69388,M,,,69
201600049253,16,6,11,1620,1,2,2,1,6.0,69386,M,,,69
201600049254,16,6,12,1315,1,2,3,1,3.0,69383,M,,,69
201600049255,16,6,13,1305,1,2,2,1,3.0,69388,M,4543555.0,452037.0,69
201600049256,16,6,13,1845,1,2,1,2,1.0,69383,M,,,69
201600049257,16,6,13,1840,1,2,1,2,6.0,69387,M,4544543.0,450522.0,69
201600049258,16,6,13,2030,1,2,2,2,3.0,69387,M,4544523.0,450446.0,69
201600049259,16,6,14,910,1,2,1,1,3.0,69387,M,,,69
201600049260,16,6,14,1230,1,2,9,1,6.0,69388,M,,,69
201600049261,16,6,14,1345,1,2,1,1,3.0,69259,M,,,69
201600049262,16,6,14,1900,1,2,1,1,2.0,69199,M,,,69
201600049263,16,6,15,2350,5,2,2,2,1.0,69259,M,,,69
201600049264,16,6,15,2320,5,2,2,2,3.0,69387,M,,,69
201600049265,16,6,16,1445,1,2,3,1,4.0,69259,M,,,69
201600049266,16,6,18,1610,1,1,1,1,5.0,69199,M,,,69
201600049267,16,6,19,1545,1,2,1,1,3.0,69386,M,,,69
201600049268,16,6,20,830,1,2,1,1,4.0,69276,M,,,69
201600049269,16,6,20,825,1,2,2,1,3.0,69383,M,,,69
201600049270,16,6,17,1951,1,2,1,1,6.0,69387,M,,,69
201600049271,16,3,13,1515,1,2,1,1,2.0,69388,M,,,69
201600049272,16,6,20,1150,1,2,7,1,3.0,69386,M,,,69
201600049273,16,6,20,1920,1,2,1,1,6.0,69259,M,,,69
201600049274,16,6,21,2210,5,2,3,1,3.0,69388,M,,,69
201600049275,16,6,21,2240,5,2,2,1,3.0,69383,M,4576367.0,486290.0,69
201600049276,16,6,4,835,1,1,2,1,3.0,69387,M,,,69
201600049277,16,6,21,1940,1,2,1,1,6.0,69386,M,,,69
201600049278,16,6,22,1730,1,2,2,1,3.0,69199,M,,,69
201600049279,16,6,23,1000,1,2,1,1,6.0,69383,M,,,69
201600049280,16,6,23,1735,1,2,1,1,6.0,69199,M,,,69
201600049281,16,6,24,330,5,2,2,1,3.0,69383,M,,,69
201600049282,16,6,23,835,1,2,3,1,3.0,69387,M,,,69
201600049283,16,6,23,1555,1,2,9,1,3.0,69383,M,4545336.0,451135.0,69
201600049284,16,6,23,1510,1,2,1,1,3.0,69387,M,,,69
201600049285,16,6,24,1845,1,2,2,1,3.0,69388,M,,,69
201600049286,16,6,24,2115,2,2,2,1,2.0,69383,M,,,69
201600049287,16,6,25,45,5,2,1,1,6.0,69388,M,,,69
201600049288,16,6,24,1905,1,2,2,7,6.0,69387,M,4544426.0,450307.0,69
201600049289,16,6,25,1030,1,2,1,1,3.0,69388,M,4544346.0,452419.0,69
201600049290,16,6,25,1420,1,2,2,1,3.0,69259,M,,,69
201600049291,16,6,25,1910,1,2,1,1,6.0,69259,M,,,69
201600049292,16,6,25,2030,1,2,3,1,3.0,69276,M,,,69
201600049293,16,6,26,135,3,2,1,1,3.0,69259,M,,,69
201600049294,16,6,24,1955,1,1,1,1,2.0,69259,M,,,69
201600049295,16,6,27,1800,1,2,1,1,3.0,69383,M,,,69
201600049296,16,6,28,830,1,2,2,1,6.0,69383,M,,,69
201600049297,16,6,30,2020,1,2,1,1,2.0,69383,M,,,69
201600049298,16,7,1,1215,1,2,3,1,3.0,69259,M,4569713.0,488883.0,69
201600049299,16,7,2,340,3,2,1,2,7.0,69259,M,,,69
201600049300,16,7,3,610,1,2,2,1,3.0,69387,M,,,69
201600049301,16,7,3,1420,1,1,1,1,1.0,69388,M,,,69
201600049302,16,7,4,1630,1,2,1,1,3.0,69387,M,4544332.0,502520.0,69
201600049303,16,7,4,1740,1,2,1,1,3.0,69387,M,,,69
201600049304,16,7,4,1940,1,2,1,1,6.0,69387,M,,,69
201600049305,16,7,5,920,1,2,1,1,3.0,69383,M,,,69
201600049306,16,7,4,1210,1,2,3,1,6.0,69383,M,4545031.0,451351.0,69
201600049307,16,6,30,1220,1,1,1,1,6.0,69383,M,,,69
201600049308,16,7,6,640,1,2,2,1,6.0,69387,M,,,69
201600049309,16,7,6,1045,1,2,1,1,3.0,69388,M,4544101.0,451435.0,69
201600049310,16,7,5,2005,1,2,2,1,3.0,69388,M,,,69
201600049311,16,7,6,2205,5,2,1,1,2.0,69388,M,,,69
201600049312,16,7,7,805,1,2,4,1,3.0,69383,M,,,69
201600049313,16,7,7,1300,1,2,1,1,3.0,69388,M,4543485.0,451188.0,69
201600049314,16,7,7,1730,1,2,1,1,6.0,69388,M,,,69
201600049315,16,7,7,2005,1,2,1,1,6.0,69276,M,4566494.0,486147.0,69
201600049316,16,7,8,1740,1,2,2,1,6.0,69386,M,,,69
201600049317,16,7,9,935,1,2,1,1,6.0,69388,M,4544096.0,452593.0,69
201600049318,16,7,9,1928,1,1,1,1,1.0,69276,M,,,69
201600049319,16,7,10,1420,1,2,1,1,2.0,69386,M,,,69
201600049320,16,6,27,2200,5,2,1,1,2.0,69383,M,,,69
201600049321,16,7,10,1950,1,2,3,1,3.0,69387,M,,,69
201600049322,16,7,12,1250,1,2,2,1,3.0,69388,M,,,69
201600049323,16,7,12,1505,1,2,3,1,6.0,69199,M,,,69
201600049324,16,7,12,2013,2,2,2,1,2.0,69388,M,,,69
201600049325,16,7,12,2000,1,2,1,1,6.0,69199,M,,,69
201600049326,16,7,14,900,1,2,1,1,2.0,69387,M,4544252.0,451254.0,69
201600049327,16,7,12,1200,1,2,1,1,6.0,69387,M,,,69
201600049328,16,7,16,1645,1,2,1,1,3.0,69388,M,4544545.0,451452.0,69
201600049329,16,7,18,315,5,2,1,1,6.0,69383,M,,,69
201600049330,16,7,18,1110,1,2,2,1,3.0,69386,M,,,69
201600049331,16,7,18,1810,1,2,1,1,6.0,69259,M,,,69
201600049332,16,7,19,130,5,2,5,1,2.0,69388,M,,,69
201600049333,16,7,19,750,1,2,1,1,3.0,69276,M,,,69
201600049334,16,7,19,1540,1,2,1,1,6.0,69388,M,,,69
201600049335,16,7,20,2015,2,2,1,1,4.0,69199,M,,,69
201600049336,16,7,21,910,1,2,1,1,3.0,69386,M,,,69
201600049337,16,7,21,1515,1,2,1,1,4.0,69383,M,4575343.0,485598.0,69
201600049338,16,7,22,2100,1,1,1,1,3.0,69259,M,,,69
201600049339,16,7,22,1915,1,2,1,2,6.0,69387,M,,,69
201600049340,16,7,25,1250,1,2,3,1,1.0,69387,M,4544035.0,449467.0,69
201600049341,16,7,25,1835,1,2,1,1,6.0,69259,M,,,69
201600049342,16,7,26,1450,1,2,1,1,6.0,69259,M,,,69
201600049343,16,7,27,2030,1,1,2,1,3.0,69259,M,4568872.0,490058.0,69
201600049344,16,7,27,1240,1,2,2,1,6.0,69387,M,,,69
201600049345,16,7,29,933,1,2,2,1,3.0,69259,M,,,69
201600049346,16,7,29,1415,1,2,1,1,3.0,69383,M,,,69
201600049347,16,7,29,2310,5,2,2,1,3.0,69259,M,,,69
201600049348,16,7,30,2340,5,2,2,2,3.0,69259,M,,,69
201600049349,16,8,1,1025,1,2,2,1,6.0,69383,M,,,69
201600049350,16,7,30,1210,1,2,9,1,6.0,69387,M,,,69
201600049351,16,8,2,2150,4,2,1,1,6.0,69259,M,,,69
201600049352,16,8,4,2130,5,2,2,2,2.0,69386,M,,,69
201600049353,16,8,5,1717,1,2,1,1,1.0,69387,M,4544533.0,450031.0,69
201600049354,16,8,6,125,5,2,2,1,3.0,69386,M,,,69
201600049355,16,8,6,140,5,2,3,1,3.0,69383,M,4545427.0,450551.0,69
201600049356,16,8,6,530,2,2,2,1,2.0,69387,M,4543340.0,450072.0,69
201600049357,16,8,8,900,1,1,2,1,3.0,69383,M,,,69
201600049358,16,8,10,1045,1,1,1,1,6.0,69388,M,4543461.0,452039.0,69
201600049359,16,8,10,2130,5,2,2,1,3.0,69387,M,,,69
201600049360,16,8,12,250,5,2,1,1,6.0,69388,M,,,69
201600049361,16,8,14,100,5,2,2,1,3.0,69388,M,,,69
201600049362,16,8,15,1635,1,2,2,1,3.0,69383,M,,,69
201600049363,16,8,12,1700,1,2,1,1,3.0,69388,M,,,69
201600049364,16,8,17,845,1,2,1,1,6.0,69386,M,,,69
201600049365,16,8,16,2337,5,1,1,1,3.0,69383,M,,,69
201600049366,16,8,19,1605,1,1,2,1,3.0,69259,M,4568966.0,490102.0,69
201600049367,16,8,19,510,1,2,1,1,2.0,69387,M,4544329.0,51600.0,69
201600049368,16,8,20,700,2,2,1,3,6.0,69259,M,,,69
201600049369,16,8,20,1430,1,2,2,2,3.0,69383,M,,,69
201600049370,16,8,22,1430,1,2,2,1,3.0,69388,M,,,69
201600049371,16,8,23,555,5,2,1,1,6.0,69383,M,,,69
201600049372,16,8,22,1650,1,2,2,1,3.0,69387,M,,,69
201600049373,16,8,24,755,1,2,2,1,6.0,69383,M,,,69
201600049374,16,8,25,1910,1,2,1,1,1.0,69387,M,4544222.0,449373.0,69
201600049375,16,8,26,900,1,2,4,1,3.0,69383,M,,,69
201600049376,16,8,26,820,1,2,2,1,6.0,69388,M,,,69
201600049377,16,8,27,200,5,2,1,1,2.0,69383,M,4545109.0,451119.0,69
201600049378,16,8,20,1545,1,2,1,1,2.0,69388,M,,,69
201600049379,16,8,28,845,1,2,1,1,2.0,69387,M,,,69
201600049380,16,8,28,1530,1,2,2,1,5.0,69259,M,,,69
201600049381,16,8,27,1540,1,2,1,1,3.0,69388,M,,,69
201600049382,16,8,29,830,1,2,1,1,6.0,69388,M,,,69
201600049383,16,8,29,1756,1,2,2,1,6.0,69199,M,,,69
201600049384,16,8,30,958,1,2,1,1,6.0,69199,M,,,69
201600049385,16,8,30,1220,1,1,1,1,3.0,69276,M,,,69
201600049386,16,8,27,1230,1,2,2,1,1.0,69383,M,,,69
201600049387,16,8,30,1445,1,2,1,1,2.0,69383,M,,,69
201600049388,16,8,30,1200,1,2,2,1,3.0,69387,M,,,69
201600049389,16,8,31,800,1,2,1,1,3.0,69383,M,,,69
201600049390,16,8,31,1425,1,2,2,1,3.0,69388,M,4543496.0,453151.0,69
201600049391,16,8,31,1845,1,2,1,1,3.0,69386,M,,,69
201600049392,16,9,1,50,5,2,2,1,3.0,69388,M,,,69
201600049393,16,9,1,1630,1,2,3,1,3.0,69383,M,,,69
201600049394,16,9,1,1700,1,2,3,1,1.0,69259,M,,,69
201600049395,16,9,1,2130,5,2,1,1,3.0,69386,M,,,69
201600049396,16,9,2,230,5,2,1,1,6.0,69259,M,,,69
201600049397,16,9,1,1820,1,2,2,1,3.0,69387,M,,,69
201600049398,16,9,2,1730,1,2,3,1,3.0,69386,M,,,69
201600049399,16,9,2,1900,1,2,1,1,6.0,69259,M,,,69
201600049400,16,9,2,1845,1,2,1,1,3.0,69259,M,4568863.0,486163.0,69
201600049401,16,9,3,1255,1,2,1,1,2.0,69383,M,,,69
201600049402,16,9,3,1845,1,2,1,1,6.0,69387,M,,,69
201600049403,16,9,6,640,1,2,1,1,6.0,69383,M,,,69
201600049404,16,9,6,1525,1,2,1,1,3.0,69259,M,,,69
201600049405,16,9,7,1850,1,2,2,1,3.0,69383,M,,,69
201600049406,16,9,8,1245,1,2,1,1,2.0,69387,M,4575076.0,484891.0,69
201600049407,16,9,8,1500,1,2,1,1,2.0,69259,M,,,69
201600049408,16,9,8,1700,1,2,1,1,6.0,69259,M,,,69
201600049409,16,9,8,1615,1,2,2,1,1.0,69387,M,4574888.0,484151.0,69
201600049410,16,9,9,1600,1,2,2,1,6.0,69383,M,,,69
201600049411,16,9,9,1900,1,2,1,1,6.0,69386,M,,,69
201600049412,16,9,10,1700,1,2,2,1,3.0,69387,M,4543344.0,450154.0,69
201600049413,16,9,9,1810,1,2,1,1,6.0,69387,M,4544382.0,450052.0,69
201600049414,16,9,11,1900,1,2,1,1,3.0,69259,M,,,69
201600049415,16,9,12,1615,1,2,2,1,3.0,69387,M,4544560.0,450292.0,69
201600049416,16,9,13,1300,1,2,2,1,3.0,69387,M,,,69
201600049417,16,9,12,1200,1,2,2,1,3.0,69388,M,,,69
201600049418,16,9,15,1920,1,2,1,1,2.0,69388,M,,,69
201600049419,16,9,15,2255,5,2,1,1,7.0,69259,M,,,69
201600049420,16,7,22,1700,1,2,1,1,4.0,69387,M,,,69
201600049421,16,8,3,200,5,2,1,1,4.0,69386,M,,,69
201600049422,16,9,16,1520,1,2,2,1,6.0,69386,M,,,69
201600049423,16,9,16,1650,1,2,1,8,6.0,69259,M,,,69
201600049424,16,9,16,1716,1,2,1,1,3.0,69383,M,,,69
201600049425,16,9,16,2115,5,2,2,1,3.0,69259,M,,,69
201600049426,16,9,18,735,1,2,1,2,6.0,69387,M,,,69
201600049427,16,9,18,1630,1,2,2,2,3.0,69259,M,,,69
201600049428,16,9,17,315,5,2,2,2,3.0,69387,M,,,69
201600049429,16,9,19,1740,1,2,2,1,1.0,69387,M,4575158.0,485370.0,69
201600049430,16,9,18,1030,1,2,1,2,4.0,69383,M,,,69
201600049431,16,9,20,1730,1,2,2,1,3.0,69388,M,4573600.0,488300.0,69
201600049432,16,9,21,820,1,2,1,1,3.0,69387,M,,,69
201600049433,16,9,21,1355,1,2,1,1,5.0,69387,M,4575560.0,483993.0,69
201600049434,16,9,21,1455,1,2,1,1,6.0,69383,M,,,69
201600049435,16,9,21,1840,1,2,1,1,2.0,69259,M,,,69
201600049436,16,9,21,2240,5,2,1,1,6.0,69259,M,,,69
201600049437,16,9,23,1500,1,2,1,1,2.0,69383,M,,,69
201600049438,16,9,23,1610,1,2,1,1,6.0,69383,M,,,69
201600049439,16,9,24,1250,1,2,3,1,3.0,69259,M,,,69
201600049440,16,9,23,1900,1,2,2,1,3.0,69388,M,4573256.0,486489.0,69
201600049441,16,9,24,1530,1,1,1,1,6.0,69387,M,,,69
201600049442,16,9,25,1000,1,2,1,1,6.0,69199,M,,,69
201600049443,16,9,25,600,5,2,1,1,6.0,69259,M,,,69
201600049444,16,9,26,855,1,2,2,8,3.0,69383,M,,,69
201600049445,16,9,25,1900,2,1,1,2,2.0,69387,M,4574385.0,485250.0,69
201600049446,16,9,26,1400,1,2,1,1,6.0,69383,M,,,69
201600049447,16,8,27,2210,5,2,1,1,1.0,69388,M,,,69
201600049448,16,9,21,1220,1,2,9,1,6.0,69383,M,,,69
201600049449,16,9,27,1505,1,2,2,1,6.0,69386,M,,,69
201600049450,16,9,27,2220,5,2,2,1,1.0,69259,M,,,69
201600049451,16,8,27,15,4,2,1,1,6.0,69386,M,,,69
201600049452,16,9,28,855,1,2,1,1,2.0,69388,M,,,69
201600049453,16,9,27,2020,5,1,1,1,3.0,69386,M,,,69
201600049454,16,9,29,910,1,2,1,1,6.0,69259,M,,,69
201600049455,16,9,29,1000,1,2,1,1,3.0,69388,M,4574482.0,485156.0,69
201600049456,16,9,29,830,1,1,1,1,6.0,69259,M,,,69
201600049457,16,9,29,1655,1,2,3,1,3.0,69387,M,4573949.0,485187.0,69
201600049458,16,9,29,1750,1,2,2,1,3.0,69388,M,4572801.0,488239.0,69
201600049459,16,9,30,1140,1,2,1,1,6.0,69383,M,,,69
201600049460,16,9,30,1630,1,2,1,1,3.0,69383,M,,,69
201600049461,16,9,30,1920,2,2,1,1,6.0,69387,M,,,69
201600049462,16,10,1,10,5,2,2,1,3.0,69387,M,,,69
201600049463,16,9,30,1800,1,2,1,1,3.0,69259,M,,,69
201600049464,16,10,1,1530,1,2,1,8,6.0,69383,M,,,69
201600049465,16,10,1,1015,1,2,1,2,6.0,69387,M,4574300.0,485300.0,69
201600049466,16,9,27,1200,1,2,2,1,6.0,69387,M,,,69
201600049467,16,9,21,1040,1,2,2,1,3.0,69387,M,,,69
201600049468,16,10,3,905,1,2,3,1,6.0,69259,M,,,69
201600049469,16,9,30,1140,1,2,2,1,1.0,69388,M,,,69
201600049470,16,10,3,1730,2,2,1,1,6.0,69199,M,,,69
201600049471,16,10,3,1945,5,2,1,1,6.0,69386,M,,,69
201600049472,16,10,4,810,1,1,1,1,3.0,69383,M,,,69
201600049473,16,10,4,940,1,2,2,1,6.0,69387,M,4574500.0,484100.0,69
201600049474,16,10,4,1000,1,2,1,1,6.0,69388,M,4573165.0,486519.0,69
201600049475,16,10,4,720,1,2,1,1,6.0,69383,M,,,69
201600049476,16,10,3,1855,5,2,2,1,3.0,69387,M,,,69
201600049477,16,10,4,1545,1,2,2,1,6.0,69387,M,,,69
201600049478,16,10,4,1615,1,2,1,1,6.0,69259,M,,,69
201600049479,16,10,5,750,1,2,3,1,3.0,69383,M,,,69
201600049480,16,10,5,1010,1,2,3,1,3.0,69386,M,,,69
201600049481,16,10,6,900,1,2,1,1,5.0,69388,M,,,69
201600049482,16,10,5,1215,1,2,1,1,3.0,69386,M,,,69
201600049483,16,10,6,1933,5,2,3,1,2.0,69259,M,,,69
201600049484,16,10,6,1930,2,2,2,1,3.0,69387,M,4573279.0,482983.0,69
201600049485,16,10,5,1810,1,2,2,1,6.0,69388,M,4573798.0,487168.0,69
201600049486,16,10,6,1830,2,2,1,1,6.0,69383,M,,,69
201600049487,16,10,7,1630,1,2,1,1,6.0,69388,M,,,69
201600049488,16,10,7,1747,1,2,2,1,3.0,69386,M,,,69
201600049489,16,10,7,1915,2,2,1,1,6.0,69383,M,,,69
201600049490,16,10,7,1210,1,2,1,1,2.0,69383,M,,,69
201600049491,16,10,8,2145,5,2,3,1,3.0,69387,M,,,69
201600049492,16,10,10,1050,1,2,4,1,1.0,69259,M,,,69
201600049493,16,10,10,1605,1,2,3,1,5.0,69388,M,4573538.0,485320.0,69
201600049494,16,10,11,710,5,2,7,1,6.0,69387,M,,,69
201600049495,16,10,11,1432,1,2,3,1,6.0,69388,M,4572916.0,486760.0,69
201600049496,16,10,12,650,5,2,2,1,3.0,69259,M,,,69
201600049497,16,10,12,825,1,2,1,1,6.0,69388,M,4573773.0,486206.0,69
201600049498,16,10,13,1630,1,2,1,2,6.0,69383,M,,,69
201600049499,16,10,13,2310,5,2,2,3,3.0,69383,M,,,69
201600049500,16,10,13,1100,1,2,3,2,3.0,69259,M,,,69
201600049501,16,10,13,1200,1,2,1,2,4.0,69259,M,,,69
201600049502,16,10,14,1215,1,2,1,2,3.0,69199,M,,,69
201600049503,16,10,15,1240,1,2,2,1,6.0,69387,M,,,69
201600049504,16,9,2,720,2,2,1,1,6.0,69387,M,,,69
201600049505,16,10,17,1140,1,2,1,1,6.0,69388,M,,,69
201600049506,16,10,17,1545,1,2,1,1,3.0,69387,M,4574418.0,484131.0,69
201600049507,16,10,18,1700,1,2,2,1,3.0,69386,M,,,69
201600049508,16,10,18,1650,1,2,1,1,3.0,69383,M,,,69
201600049509,16,10,18,1730,1,2,1,1,3.0,69388,M,,,69
201600049510,16,10,19,2140,5,2,4,1,3.0,69383,M,4575265.0,486582.0,69
201600049511,16,10,20,1345,1,2,1,1,6.0,69383,M,,,69
201600049512,16,10,20,1420,1,1,1,1,3.0,69259,M,,,69
201600049513,16,10,20,2040,5,2,2,1,3.0,69388,M,,,69
201600049514,16,10,20,1700,1,2,2,1,1.0,69388,M,,,69
201600049515,16,10,21,1640,1,2,1,1,6.0,69387,M,,,69
201600049516,16,10,22,1520,1,2,1,1,3.0,69388,M,,,69
201600049517,16,10,22,2150,5,2,1,1,3.0,69388,M,,,69
201600049518,16,10,25,1100,1,2,2,3,4.0,69259,M,,,69
201600049519,16,10,25,1650,1,2,1,1,3.0,69199,M,,,69
201600049520,16,10,25,1910,5,2,1,2,6.0,69199,M,,,69
201600049521,16,10,26,1110,1,2,1,2,2.0,69387,M,,,69
201600049522,16,10,25,2015,5,2,2,2,6.0,69387,M,,,69
201600049523,16,10,26,1930,5,2,3,1,1.0,69259,M,,,69
201600049524,16,10,27,1500,1,2,1,1,6.0,69388,M,,,69
201600049525,16,10,27,1745,1,2,1,1,3.0,69388,M,,,69
201600049526,16,10,27,1815,2,2,2,1,6.0,69387,M,,,69
201600049527,16,10,28,1210,1,2,1,1,6.0,69386,M,,,69
201600049528,16,10,28,119,5,2,1,1,3.0,69388,M,4573902.0,486653.0,69
201600049529,16,10,29,450,5,2,1,1,1.0,69387,M,,,69
201600049530,16,10,29,1810,5,2,1,1,2.0,69387,M,4573937.0,0.0,69
201600049531,16,10,31,1445,1,2,1,1,4.0,69387,M,4573900.0,485000.0,69
201600049532,16,11,1,400,5,2,1,1,6.0,69387,M,4574273.0,484742.0,69