Num_Acc,an,mois,jour,hrmn,lum,agg,int,atm,col,com,gps,lat,long,dep
201600049533,16,11,3,1145,1,2,1,1,6.0,69259,M,,,69
201600049534,16,11,3,1510,1,2,2,1,3.0,69386,M,,,69
201600049535,16,11,4,700,1,2,1,1,3.0,69387,M,4574344.0,484099.0,69
201600049536,16,11,5,125,5,2,1,2,3.0,69259,M,,,69
201600049537,16,11,4,1210,1,2,6,1,3.0,69259,M,,,69
201600049538,16,11,5,624,5,2,1,2,2.0,69383,M,,,69
201600049539,16,11,7,1255,1,2,1,1,3.0,69388,M,,,69
201600049540,16,11,7,1445,1,2,1,1,3.0,69387,M,,,69
201600049541,16,11,7,1650,1,2,1,1,6.0,69388,M,,,69
201600049542,16,11,8,1250,1,2,1,8,6.0,69259,M,,,69
201600049543,16,11,8,1210,1,2,1,8,6.0,69386,M,,,69
201600049544,16,11,9,1240,1,2,1,2,2.0,69386,M,4858600.0,577110.0,69
201600049545,16,11,10,1830,5,2,1,2,3.0,69387,M,4575256.0,483535.0,69
201600049546,16,11,15,1222,1,1,1,1,4.0,69259,M,,,69
201600049547,16,11,15,1330,1,2,1,1,1.0,69387,M,4574516.0,484198.0,69
201600049548,16,11,15,1905,5,2,3,1,3.0,69199,M,,,69
201600049549,16,11,16,1510,1,2,2,1,3.0,69388,M,,,69
201600049550,16,11,16,1650,1,2,1,1,6.0,69259,M,,,69
201600049551,16,11,17,919,1,2,1,1,1.0,69383,M,,,69
201600049552,16,11,17,1850,5,2,2,1,3.0,69386,M,,,69
201600049553,16,11,19,430,5,2,3,1,5.0,69387,M,4574523.0,484203.0,69
201600049554,16,11,19,1105,1,2,1,1,6.0,69199,M,,,69
201600049555,16,11,19,1325,1,2,7,1,5.0,69383,M,,,69
201600049556,16,11,19,2040,5,2,1,1,7.0,69383,M,4575679.0,484068.0,69
201600049557,16,11,19,2335,5,2,2,1,3.0,69388,M,,,69
201600049558,16,11,19,1615,1,2,2,1,3.0,69383,M,,,69
201600049559,16,11,15,915,1,2,2,7,6.0,69387,M,,,69
201600049560,16,11,21,1705,5,2,1,1,3.0,69199,M,,,69
201600049561,16,11,22,1640,2,2,3,2,3.0,69387,M,,,69
201600049562,16,11,22,1710,5,2,1,2,6.0,69387,M,,,69
201600049563,16,11,23,1605,1,2,1,1,6.0,69383,M,,,69
201600049564,16,11,23,1430,1,2,1,1,6.0,69383,M,,,69
201600049565,16,11,24,700,5,2,3,2,1.0,69259,M,,,69
201600049566,16,11,25,730,2,1,1,2,6.0,69199,M,,,69
201600049567,16,11,25,840,1,2,2,2,6.0,69383,M,,,69
201600049568,16,11,25,1100,1,2,9,2,4.0,69259,M,,,69
201600049569,16,11,25,1625,1,2,1,1,6.0,69259,M,,,69
201600049570,16,11,25,2000,5,2,1,1,6.0,69383,M,,,69
201600049571,16,11,26,930,1,2,1,1,6.0,69259,M,,,69
201600049572,16,11,27,230,5,2,2,8,2.0,69387,M,,,69
201600049573,16,11,28,935,1,2,3,8,5.0,69388,M,4573446.0,487587.0,69
201600049574,16,11,28,1900,5,1,3,1,3.0,69388,M,,,69
201600049575,16,11,29,530,5,2,1,1,3.0,69387,M,,,69
201600049576,16,11,29,800,1,2,1,1,6.0,69259,M,,,69
201600049577,16,11,29,1200,1,2,1,1,6.0,69387,M,,,69
201600049578,16,11,29,1700,5,2,1,1,5.0,69387,M,,,69
201600049579,16,11,29,2110,5,2,1,1,3.0,69388,M,,,69
201600049580,16,10,10,1755,1,2,1,1,3.0,69387,M,,,69
201600049581,16,11,30,840,1,2,1,1,6.0,69259,M,,,69
201600049582,16,11,30,740,1,2,1,1,6.0,69388,M,,,69
201600049583,16,11,30,915,1,2,1,1,7.0,69387,M,4575074.0,484412.0,69
201600049584,16,11,30,1610,1,2,3,1,3.0,69259,M,,,69
201600049585,16,11,30,1720,2,2,1,1,6.0,69386,M,,,69
201600049586,16,11,30,1730,5,2,1,1,3.0,69259,M,,,69
201600049587,16,12,1,1815,5,1,2,1,3.0,69388,M,4573214.0,486763.0,69
201600049588,16,12,2,1335,1,2,2,1,3.0,69387,M,,,69
201600049589,16,12,2,1150,1,2,3,1,6.0,69388,M,4574300.0,487500.0,69
201600049590,16,12,3,550,5,2,3,1,3.0,69388,M,4573980.0,487415.0,69
201600049591,16,12,2,1850,2,2,1,1,3.0,69387,M,,,69
201600049592,16,12,3,1440,1,2,1,1,3.0,69388,M,,,69
201600049593,16,12,5,755,1,2,1,5,1.0,69387,M,,,69
201600049594,16,12,5,1320,1,2,1,1,6.0,69199,M,,,69
201600049595,16,12,5,1455,1,2,2,1,3.0,69199,M,,,69
201600049596,16,12,6,800,1,2,1,1,6.0,69387,M,4573000.0,483000.0,69
201600049597,16,12,6,1430,1,2,2,1,3.0,69383,M,,,69
201600049598,16,12,6,1816,3,1,1,1,5.0,69199,M,,,69
201600049599,16,12,7,1300,1,2,1,1,3.0,69383,M,,,69
201600049600,16,12,7,1240,1,2,1,1,6.0,69386,M,4577179.0,485507.0,69
201600049601,16,12,8,805,2,2,1,5,6.0,69388,M,,,69
201600049602,16,12,8,1250,1,2,2,1,6.0,69386,M,,,69
201600049603,16,12,8,1330,1,2,9,1,2.0,69383,M,,,69
201600049604,16,12,11,535,5,2,4,1,7.0,69259,M,,,69
201600049605,16,12,11,2130,5,2,2,1,5.0,69387,M,,,69
201600049606,16,12,12,820,1,2,1,1,6.0,69388,M,,,69
201600049607,16,12,9,1150,1,2,1,1,2.0,69259,M,,,69
201600049608,16,12,12,1720,5,2,2,1,6.0,69387,M,,,69
201600049609,16,12,12,1205,1,2,1,1,2.0,69386,M,,,69
201600049610,16,12,13,1340,1,2,7,1,1.0,69259,M,,,69
201600049611,16,12,14,1530,1,2,1,1,6.0,69388,M,4573517.0,488976.0,69
201600049612,16,12,16,730,5,2,2,1,3.0,69387,M,,,69
201600049613,16,12,16,1030,1,2,3,1,1.0,69388,M,,,69
201600049614,16,12,16,1125,1,2,2,1,6.0,69387,M,,,69
201600049615,16,12,19,810,2,2,1,2,6.0,69387,M,,,69
201600049616,16,12,19,745,1,2,1,8,3.0,69259,M,,,69
201600049617,16,12,19,715,1,2,1,2,6.0,69199,M,,,69
201600049618,16,12,21,1830,5,2,1,1,3.0,69388,M,,,69
201600049619,16,12,21,15,5,1,2,1,1.0,69386,M,,,69
201600049620,16,12,22,1230,1,2,1,1,1.0,69259,M,,,69
201600049621,16,12,22,1934,3,2,1,1,6.0,69383,M,,,69
201600049622,16,12,22,2000,5,2,1,1,2.0,69383,M,,,69
201600049623,16,12,23,1430,1,2,3,1,3.0,69387,M,4573100.0,482800.0,69
201600049624,16,12,25,1700,5,1,1,1,2.0,69259,M,,,69
201600049625,16,12,27,630,5,2,1,1,6.0,69388,M,,,69
201600049626,16,12,27,925,1,2,2,1,6.0,69383,M,,,69
201600049627,16,12,28,110,5,2,1,1,2.0,69259,M,,,69
201600049628,16,10,23,100,5,2,3,1,6.0,69386,M,,,69
201600049629,16,12,28,1745,5,2,1,1,6.0,69259,M,,,69
201600049630,16,12,28,2200,5,2,2,1,3.0,69386,M,,,69
201600049631,16,12,30,650,5,2,1,8,3.0,69387,M,,,69
201600049632,16,12,30,1830,5,2,1,1,6.0,69259,M,,,69
201600049633,16,12,31,315,5,2,1,1,3.0,69383,M,4576362.0,485491.0,69
201600049634,16,12,30,1910,1,2,3,1,3.0,69276,M,,,69
201600049635,16,1,1,655,3,1,1,1,6.0,33162,M,4486674.0,-65015.0,33
201600049636,16,1,1,300,4,1,1,1,2.0,33249,M,,,33
201600049637,16,1,1,810,4,1,1,1,2.0,33192,M,,,33
201600049638,16,1,2,1315,1,1,1,2,4.0,33023,M,4468978.0,-49348.0,33
201600049639,16,1,2,1525,1,1,1,2,6.0,33063,M,4488601.0,-56544.0,33
201600049640,16,1,2,1920,5,1,1,2,4.0,33063,M,4488270.0,-55149.0,33
201600049641,16,1,3,210,5,1,1,2,6.0,33535,M,4483024.0,-50151.0,33
201600049642,16,1,3,800,2,1,1,8,6.0,33122,M,4474810.0,-69817.0,33
201600049643,16,1,3,1450,1,1,1,2,6.0,33075,M,4488994.0,-61584.0,33
201600049644,16,1,3,2250,5,1,1,3,6.0,33318,M,4478885.0,-62299.0,33
201600049645,16,1,5,1235,1,1,1,2,5.0,33039,M,4479928.0,-53649.0,33
201600049646,16,1,5,1640,1,1,1,2,6.0,33065,M,4481003.0,-52320.0,33
201600049647,16,1,5,2040,5,1,1,2,6.0,33249,M,4487296.0,-50673.0,33
201600049648,16,12,27,940,1,1,1,1,2.0,33249,M,4487222.0,-50592.0,33
201600049649,16,1,5,2200,5,1,1,3,5.0,33039,M,4479032.0,-54077.0,33
201600049650,16,1,6,1250,1,1,1,3,1.0,33143,M,4496568.0,-43923.0,33
201600049651,16,1,6,1250,1,1,1,2,5.0,33143,M,4496568.0,-43923.0,33
201600049652,16,1,7,1340,1,1,1,1,6.0,33167,M,4483007.0,-50164.0,33
201600049653,16,1,7,1500,1,1,1,8,4.0,33192,M,4478977.0,-60632.0,33
201600049654,16,1,7,2350,5,1,1,3,1.0,33192,M,4478663.0,-59697.0,33
201600049655,16,1,8,1805,5,1,1,2,2.0,33063,M,4488267.0,-55132.0,33
201600049656,16,1,16,830,2,1,1,2,6.0,33448,M,4470577.0,-50846.0,33
201600049657,16,1,10,1430,1,1,1,3,6.0,33249,M,4488470.0,-51529.0,33
201600049658,16,1,13,1945,3,1,1,2,1.0,33474,M,4466636.0,-46562.0,33
201600049659,16,1,14,1020,1,1,1,2,3.0,33039,M,4480243.0,-53279.0,33
201600049660,16,1,14,1900,1,1,1,1,3.0,33013,M,4486326.0,-50400.0,33
201600049661,16,1,15,1230,1,1,1,1,3.0,33249,M,4487432.0,-50727.0,33
201600049662,16,1,16,2340,5,1,1,1,2.0,33080,M,4473937.0,-53501.0,33
201600049663,16,1,18,720,5,1,1,2,2.0,33249,M,4487168.0,-50627.0,33
201600049664,16,1,18,1825,5,1,1,2,6.0,33550,M,4478346.0,-58871.0,33
201600049665,16,1,18,2225,4,1,1,2,6.0,33119,M,4486558.0,-50404.0,33
201600049666,16,1,19,800,1,1,1,1,3.0,33162,M,4487216.0,-64084.0,33
201600049667,16,1,19,835,2,1,1,2,7.0,33080,M,4475194.0,-54226.0,33
201600049668,16,1,19,1050,1,1,1,2,2.0,33249,M,4487988.0,53671.0,33
201600049669,16,1,21,1045,1,1,1,5,4.0,33167,M,4483007.0,-50164.0,33
201600049670,16,1,21,1335,1,1,1,5,2.0,33013,M,4484785.0,-50300.0,33
201600049671,16,1,22,2000,5,1,1,3,2.0,33318,M,4478901.0,-62113.0,33
201600049672,16,1,26,1620,1,1,1,1,5.0,33039,M,4479077.0,-54071.0,33
201600049673,16,1,27,2010,3,1,1,1,5.0,33281,M,4485535.0,-66394.0,33
201600049674,16,1,28,440,3,1,1,1,6.0,33090,M,4476798.0,-66699.0,33
201600049675,16,1,30,2005,3,1,1,3,2.0,33122,M,4473163.0,-72415.0,33
201600049676,16,1,30,2020,5,1,1,2,1.0,33065,M,4481375.0,-52078.0,33
201600049677,16,1,31,220,3,1,1,3,6.0,33281,M,4484299.0,-67303.0,33
201600049678,16,1,31,1420,1,1,1,2,6.0,33162,M,4485753.0,-66240.0,33
201600049679,16,1,31,1820,3,1,1,2,4.0,33023,M,4468981.0,-49356.0,33
201600049680,16,2,1,850,1,1,1,2,2.0,33550,M,4476429.0,-54876.0,33
201600049681,16,2,1,850,1,1,1,2,2.0,33039,M,4480382.0,-53255.0,33
201600049682,16,2,3,725,3,1,1,2,7.0,33167,M,4483857.0,-50110.0,33
201600049683,16,2,5,1100,1,1,1,1,6.0,33397,M,4492168.0,-47471.0,33
201600049684,16,2,5,1718,1,1,1,1,2.0,33550,M,4476424.0,-54889.0,33
201600049685,16,2,8,930,1,1,1,2,2.0,33249,M,4488117.0,-51060.0,33
201600049686,16,2,9,705,5,1,1,3,2.0,33063,M,4488116.0,-51060.0,33
201600049687,16,2,12,800,2,1,1,2,3.0,33249,M,4487990.0,-53679.0,33
201600049688,16,2,14,150,5,1,1,1,6.0,33096,M,4489430.0,-49866.0,33
201600049689,16,2,14,808,2,1,1,1,6.0,33013,M,4486112.0,-50422.0,33
201600049690,16,2,14,1004,1,1,1,1,6.0,33192,M,4478678.0,-62571.0,33
201600049691,16,2,14,1620,1,1,1,2,6.0,33318,M,4478718.0,-62494.0,33
201600049692,16,2,15,1635,1,1,1,1,6.0,33096,M,4489288.0,-50019.0,33
201600049693,16,2,18,1535,1,1,1,1,6.0,33281,M,4485752.0,-66241.0,33
201600049694,16,2,21,235,5,1,1,2,6.0,33167,M,4484489.0,-50178.0,33
201600049695,16,2,21,2045,5,1,1,1,6.0,33063,M,4488200.0,-54777.0,33
201600049696,16,2,22,735,2,1,1,1,3.0,33122,M,4475775.0,-68349.0,33
201600049697,16,2,23,1400,1,1,1,2,6.0,33281,M,4485753.0,-66240.0,33
201600049698,16,2,26,1325,1,1,1,1,6.0,33075,M,4488895.0,-59549.0,33
201600049699,16,2,27,1647,1,1,1,1,6.0,33249,M,4488481.0,-51526.0,33
201600049700,16,3,3,823,1,1,1,1,5.0,33039,M,4480643.0,-52864.0,33
201600049701,16,3,3,2102,3,1,1,2,1.0,33122,M,4475588.0,-68636.0,33
201600049702,16,3,4,850,1,1,1,2,7.0,33039,M,4480146.0,-53467.0,33
201600049703,16,3,4,1515,1,1,1,2,5.0,33162,M,4487060.0,-64353.0,33
201600049704,16,3,4,1850,1,1,1,2,3.0,33550,M,4477872.0,-55282.0,33
201600049705,16,3,5,1000,1,1,1,1,1.0,33162,M,4485777.0,-66218.0,33
201600049706,16,3,6,1630,1,1,1,1,4.0,33075,M,4488663.0,-62121.0,33
201600049707,16,3,6,2010,5,1,1,1,1.0,33249,M,4487810.0,-50939.0,33
201600049708,16,3,7,835,1,1,1,1,4.0,33122,M,4475525.0,-68732.0,33
201600049709,16,3,8,720,3,1,1,1,2.0,33448,M,4471708.0,-51973.0,33
201600049710,16,3,11,1140,1,1,1,1,2.0,33162,M,4486726.0,-64924.0,33
201600049711,16,3,14,710,1,1,1,1,4.0,33063,M,4488156.0,-54540.0,33
201600049712,16,3,14,1010,1,1,1,1,6.0,33366,M,4501426.0,-43068.0,33
201600049713,16,3,15,743,1,1,1,1,4.0,33249,M,4488978.0,-50354.0,33
201600049714,16,3,17,1250,1,1,1,1,3.0,33039,M,4480673.0,-52819.0,33
201600049715,16,3,19,230,3,1,1,1,6.0,33080,M,4473166.0,-53059.0,33
201600049716,16,3,2,1650,1,1,1,2,2.0,33162,M,4488664.0,-62121.0,33
201600049717,16,3,21,820,1,1,1,1,2.0,33249,M,4487248.0,-50656.0,33
201600049718,16,3,22,1800,1,1,1,1,4.0,33122,M,4475398.0,-68924.0,33
201600049719,16,3,23,1000,1,1,1,1,3.0,33167,M,4484231.0,-50149.0,33
201600049720,16,3,24,720,1,1,1,1,2.0,33080,M,4473712.0,-53390.0,33
201600049721,16,3,25,2045,5,1,1,2,2.0,33013,M,4484750.0,-50285.0,33
201600049722,16,3,26,1050,1,1,1,1,3.0,33143,M,4495862.0,-44698.0,33
201600049723,16,3,29,1630,1,1,1,1,2.0,33122,M,4475161.0,-69284.0,33
201600049724,16,4,1,2000,1,1,1,1,6.0,33487,M,4494215.0,-46609.0,33
201600049725,16,4,4,1850,1,1,1,1,2.0,33119,M,4486174.0,-50416.0,33
201600049726,16,4,7,820,1,1,1,1,3.0,33487,M,4495336.0,-45722.0,33
201600049727,16,4,8,700,2,1,1,1,2.0,33167,M,4482311.0,-51239.0,33
201600049728,16,4,12,1700,1,1,1,2,2.0,33192,M,4478611.0,-59567.0,33
201600049729,16,4,20,1155,1,1,1,1,3.0,33063,M,4488607.0,-56567.0,33
201600049730,16,4,25,810,1,1,1,1,5.0,33448,M,4470619.0,-50886.0,33
201600049731,16,4,26,750,1,1,1,2,5.0,33162,M,4487924.0,-62844.0,33
201600049732,16,4,27,730,1,1,1,1,2.0,33281,M,4483915.0,-67561.0,33
201600049733,16,4,29,1245,1,1,1,1,2.0,33039,M,4480508.0,-53071.0,33
201600049734,16,4,29,1640,1,1,1,1,7.0,33318,M,4478885.0,-62299.0,33
201600049735,16,4,30,1344,1,1,1,6,2.0,33550,M,4478091.0,-58002.0,33
201600049736,16,5,3,930,1,1,1,1,6.0,33192,M,4478641.0,62643.0,33
201600049737,16,5,3,1344,1,1,1,1,2.0,33281,M,4481347.0,-67249.0,33
201600049738,16,5,3,2150,3,1,1,1,4.0,33550,M,4477984.0,-57522.0,33
201600049739,16,5,4,1640,1,1,1,1,3.0,33249,M,4488481.0,-51525.0,33
201600049740,16,5,5,1000,1,1,1,1,6.0,33192,M,4478167.0,-63501.0,33
201600049741,16,5,5,1055,1,1,1,1,6.0,33397,M,4491079.0,-48688.0,33
201600049742,16,5,5,1110,1,1,1,1,4.0,33550,M,4477348.0,-55627.0,33
201600049743,16,5,6,1900,1,1,1,1,6.0,33122,M,4474881.0,-68710.0,33
201600049744,16,5,9,1235,1,1,1,2,5.0,33162,M,4485753.0,-66240.0,33
201600049745,16,5,9,1255,1,1,1,1,6.0,33039,M,4479417.0,-53969.0,33
201600049746,16,5,10,815,1,1,1,1,4.0,33090,M,4476360.0,-67455.0,33
201600049747,16,5,13,110,5,1,1,1,6.0,33550,M,4478271.0,-58647.0,33
201600049748,16,5,15,300,3,1,1,1,2.0,33318,M,4479920.0,-64447.0,33
201600049749,16,5,18,55,5,1,1,1,7.0,33039,M,4479417.0,-53969.0,33
201600049750,16,5,18,1735,1,1,1,1,2.0,33039,M,4480691.0,-52791.0,33
201600049751,16,5,18,1730,1,1,1,1,4.0,33249,M,4487876.0,-53000.0,33
201600049752,16,5,20,745,1,1,1,2,6.0,33063,M,4488245.0,-55014.0,33
201600049753,16,5,20,850,1,1,1,1,5.0,33090,M,4476508.0,-67214.0,33
201600049754,16,5,27,45,5,1,1,1,6.0,33550,M,4478263.0,-58624.0,33
201600049755,16,5,27,1545,1,1,1,1,2.0,33065,M,4481128.0,-52196.0,33
201600049756,16,5,31,1705,1,1,1,1,6.0,33249,M,4487176.0,-50632.0,33
201600049757,16,6,1,905,1,1,1,3,3.0,33249,M,4488152.0,-52327.0,33
201600049758,16,6,2,1450,1,1,1,1,3.0,33039,M,4480146.0,-53467.0,33
201600049759,16,6,2,1705,1,1,1,1,4.0,33162,M,4487839.0,-62993.0,33
201600049760,16,6,3,1800,1,1,1,1,5.0,33397,M,4491335.0,-48168.0,33
201600049761,16,6,4,1315,1,1,1,1,2.0,33281,M,4483213.0,-67648.0,33
201600049762,16,6,5,510,3,1,1,1,2.0,33281,M,4482404.0,-67457.0,33
201600049763,16,6,8,2350,5,1,1,1,2.0,33281,M,4482715.0,-67525.0,33
201600049764,16,6,7,1420,1,1,1,1,5.0,33249,M,4488779.0,-50539.0,33
201600049765,16,6,10,1435,1,1,1,2,2.0,33192,M,4475830.0,-62854.0,33
201600049766,16,6,10,1625,1,1,1,2,6.0,33550,M,4476189.0,-54748.0,33
201600049767,16,6,13,850,1,1,1,2,5.0,33023,M,4468755.0,-49237.0,33
201600049768,16,6,17,910,1,1,1,2,3.0,33167,M,4484285.0,-50154.0,33
201600049769,16,6,16,735,1,1,1,2,2.0,33192,M,4478468.0,-59212.0,33
201600049770,16,6,16,1235,1,1,1,1,6.0,33192,M,4477966.0,-63982.0,33
201600049771,16,6,17,810,1,1,1,2,4.0,33096,M,4489977.0,-49438.0,33
201600049772,16,6,17,1455,1,1,1,8,3.0,33162,M,4486839.0,-64730.0,33
201600049773,16,6,18,10,3,1,1,3,6.0,33318,M,4480204.0,-65869.0,33
201600049774,16,6,18,10,5,1,1,3,2.0,33119,M,4485557.0,-50509.0,33
201600049775,16,6,21,1030,1,1,1,1,6.0,33039,M,4480613.0,-53192.0,33
201600049776,16,6,22,1800,1,1,1,1,2.0,33075,M,4488996.0,-60965.0,33
201600049777,16,6,23,740,1,1,1,1,2.0,33162,M,4486279.0,-65655.0,33
201600049778,16,6,23,1108,1,1,1,1,4.0,33039,M,4480068.0,-53533.0,33
201600049779,16,6,24,1940,1,1,1,1,2.0,33192,M,4478936.0,-61675.0,33
201600049780,16,6,26,1705,1,1,1,1,7.0,33249,M,4488480.0,-51529.0,33
201600049781,16,6,27,2345,3,1,1,1,2.0,33122,M,4472901.0,-72798.0,33
201600049782,16,6,28,850,1,1,1,1,5.0,33281,M,4483391.0,-67661.0,33
201600049783,16,6,28,1806,1,1,1,1,3.0,33550,M,4478206.0,-58436.0,33
201600049784,16,6,28,1943,1,1,1,1,6.0,33192,M,4478936.0,-61675.0,33
201600049785,16,6,29,630,1,1,1,1,6.0,33162,M,4485753.0,-66240.0,33
201600049786,16,6,30,1450,1,1,1,1,6.0,33143,M,4495590.0,-45201.0,33
201600049787,16,6,30,1625,1,1,1,1,2.0,33075,M,4488663.0,-62121.0,33
201600049788,16,7,2,430,5,1,1,1,6.0,33122,M,4472841.0,-72885.0,33
201600049789,16,7,3,1305,1,1,1,1,6.0,33162,M,4486657.0,-65043.0,33
201600049790,16,7,3,1840,1,1,1,1,2.0,33096,M,4490750.0,-49110.0,33
201600049791,16,7,6,1900,1,1,1,1,4.0,33039,M,4480865.0,-52525.0,33
201600049792,16,7,11,1040,1,1,1,1,3.0,33039,M,4480875.0,-52510.0,33
201600049793,16,7,13,1025,1,1,1,1,3.0,33192,M,4478828.0,-60053.0,33
201600049794,16,7,13,1625,1,1,1,1,2.0,33281,M,4482855.0,-67562.0,33
201600049795,16,7,14,1615,1,1,1,1,2.0,33039,M,4480913.0,-53247.0,33
201600049796,16,7,15,1115,1,1,1,1,4.0,33003,M,4492659.0,-47158.0,33
201600049797,16,7,16,745,1,1,1,1,2.0,33143,M,4495539.0,-45305.0,33
201600049798,16,7,21,2245,5,1,1,1,3.0,33065,M,4480842.0,-52560.0,33
201600049799,16,7,18,915,1,1,1,1,5.0,33096,M,4489003.0,-50327.0,33
201600049800,16,7,22,1210,1,1,1,1,4.0,33550,M,4477791.0,-55722.0,33
201600049801,16,7,25,915,1,1,1,1,5.0,33249,M,4488508.0,-50929.0,33
201600049802,16,7,28,1930,1,1,1,1,4.0,33192,M,4478906.0,-60276.0,33
201600049803,16,7,28,2005,1,1,1,1,4.0,33318,M,4478786.0,-63524.0,33
201600049804,16,8,2,1830,1,1,1,1,5.0,33550,M,4477771.0,-55862.0,33
201600049805,16,8,4,1800,1,1,1,1,2.0,33096,M,4489145.0,-50173.0,33
201600049806,16,8,4,1915,1,1,1,2,6.0,33281,M,4485753.0,-66240.0,33
201600049807,16,8,4,2030,1,1,1,2,6.0,33063,M,4488601.0,-56543.0,33
201600049808,16,8,5,1520,1,1,1,1,4.0,33122,M,4472219.0,-73663.0,33
201600049809,16,8,5,1830,1,1,1,1,5.0,33096,M,4489650.0,-49644.0,33
201600049810,16,8,6,1725,1,1,1,1,2.0,33096,M,4489650.0,-49644.0,33
201600049811,16,8,12,1015,1,1,1,1,3.0,33192,M,4478134.0,-63578.0,33
201600049812,16,8,14,1000,1,1,1,1,4.0,33096,M,4489805.0,-49530.0,33
201600049813,16,8,16,840,1,1,1,1,2.0,33192,M,4478608.0,-62707.0,33
201600049814,16,8,12,1530,1,1,1,1,4.0,33318,M,4478717.0,-62494.0,33
201600049815,16,8,18,1700,1,1,1,1,4.0,33281,M,4482385.0,-67452.0,33
201600049816,16,8,19,800,1,1,1,1,3.0,33063,M,4488740.0,-57376.0,33
201600049817,16,8,19,1015,1,1,1,1,4.0,33122,M,4475398.0,-68924.0,33
201600049818,16,8,20,1605,1,1,1,1,4.0,33096,M,4489892.0,-49478.0,33
201600049819,16,8,22,1810,1,1,1,1,2.0,33143,M,4496568.0,-43922.0,33
201600049820,16,8,21,2015,1,1,1,1,4.0,33122,M,4474260.0,-70756.0,33
201600049821,16,8,23,2340,3,1,1,1,7.0,33080,M,4475203.0,-54250.0,33
201600049822,16,8,23,1630,1,1,1,1,4.0,33122,M,4475398.0,-68924.0,33
201600049823,16,8,25,2115,1,1,1,1,1.0,33063,M,4488774.0,-57845.0,33
201600049824,16,8,26,1730,1,1,1,1,2.0,33318,M,4478885.0,-62299.0,33
201600049825,16,8,31,1710,1,1,1,1,4.0,33075,M,4488878.0,-59306.0,33
201600049826,16,9,2,1610,1,1,1,1,2.0,33096,M,4490238.0,-49343.0,33
201600049827,16,9,3,1430,1,1,1,1,2.0,33249,M,4488062.0,-52462.0,33
201600049828,16,9,4,2315,5,1,1,1,2.0,33366,M,4499065.0,42721.0,33
201600049829,16,9,6,835,1,1,1,1,6.0,33075,M,4488956.0,-60416.0,33
201600049830,16,9,6,935,1,1,1,1,2.0,33167,M,4482152.0,-51605.0,33
201600049831,16,9,6,1820,1,1,1,1,5.0,33039,M,0.0,0.0,33
201600049832,16,9,7,800,1,1,1,1,2.0,33167,M,4484352.0,-50156.0,33
201600049833,16,9,8,845,1,1,1,2,2.0,33550,M,4477466.0,-55676.0,33
201600049834,16,9,8,1745,1,1,1,1,2.0,33003,M,4493369.0,-46764.0,33
201600049835,16,9,8,2150,5,1,1,1,7.0,33448,M,4471557.0,-51851.0,33
201600049836,16,9,9,1245,1,1,1,1,5.0,33013,M,4485208.0,-50486.0,33
201600049837,16,9,9,1650,1,1,1,1,2.0,33075,M,4488785.0,-57988.0,33
201600049838,16,9,10,40,5,1,1,1,6.0,33550,M,4477768.0,-55884.0,33
201600049839,16,9,12,1525,1,1,1,1,6.0,33167,M,4482956.0,-50204.0,33
201600049840,16,9,13,1955,3,1,1,2,6.0,33143,M,4495590.0,-45202.0,33
201600049841,16,9,16,1607,1,1,1,2,4.0,33281,M,4484300.0,-67303.0,33
201600049842,16,9,16,1945,2,1,1,1,6.0,33122,M,4473496.0,-71965.0,33
201600049843,16,9,18,1440,1,1,1,1,6.0,33249,M,,,33
201600049844,16,9,19,1620,1,1,1,1,5.0,33039,M,4479504.0,-53934.0,33
201600049845,16,9,19,1700,1,1,1,1,6.0,33281,M,4483213.0,-67649.0,33
201600049846,16,9,20,1838,1,1,1,1,4.0,33249,M,4488481.0,-51529.0,33
201600049847,16,9,21,2315,3,1,1,1,1.0,33281,M,4484582.0,-67089.0,33
201600049848,16,9,22,50,3,1,1,1,2.0,33080,M,4474819.0,-54011.0,33
201600049849,16,9,22,740,1,1,1,1,3.0,33065,M,4481207.0,-52134.0,33
201600049850,16,9,24,1630,1,1,1,1,2.0,33122,M,,,33
201600049851,16,9,23,1825,1,1,1,1,3.0,33162,M,4486924.0,-64587.0,33
201600049852,16,9,26,903,1,1,1,1,6.0,33162,M,4487043.0,-64382.0,33
201600049853,16,9,28,1640,1,1,1,1,2.0,33122,M,4474706.0,-69982.0,33
201600049854,16,9,29,1440,1,1,1,1,7.0,33122,M,,,33
201600049855,16,9,29,1457,1,1,1,1,3.0,33366,M,4498674.0,-42729.0,33
201600049856,16,9,29,1715,1,1,1,1,4.0,33003,M,4492659.0,-47158.0,33
201600049857,16,9,29,1818,1,1,1,1,4.0,33063,M,,,33
201600049858,16,10,1,1940,1,1,1,1,2.0,33550,M,4477819.0,-55551.0,33
201600049859,16,10,1,2330,3,1,1,1,5.0,33143,M,4497274.0,-43378.0,33
201600049860,16,10,3,1005,1,1,1,1,3.0,33119,M,4486022.0,-50431.0,33
201600049861,16,10,6,710,2,1,1,1,2.0,33397,M,4492332.0,-47369.0,33
201600049862,16,10,7,445,5,1,1,1,2.0,33249,M,4487918.0,-52733.0,33
201600049863,16,10,8,1316,1,1,1,1,7.0,33075,M,4489018.0,-61403.0,33
201600049864,16,10,10,500,5,1,1,1,6.0,33249,M,4487784.0,-50899.0,33
201600049865,16,10,9,2105,5,1,1,1,6.0,33550,M,4477766.0,-55902.0,33
201600049866,16,10,10,1530,1,1,1,1,3.0,33039,M,4479547.0,-53916.0,33