Num_Acc,an,mois,jour,hrmn,lum,agg,int,atm,col,com,gps,lat,long,dep
201600049867,16,10,10,1447,1,1,1,1,7.0,33039,M,4479866.0,-53700.0,33
201600049868,16,10,12,850,1,1,1,1,3.0,33162,M,4486839.0,-64731.0,33
201600049869,16,10,12,1710,1,1,1,1,2.0,33013,M,4486202.0,-50412.0,33
201600049870,16,10,14,435,5,1,1,1,2.0,33550,M,4478489.0,-54203.0,33
201600049871,16,10,15,1945,5,1,1,1,2.0,33063,M,4488277.0,-55185.0,33
201600049872,16,10,16,45,3,1,1,1,6.0,33281,M,4484755.0,-66959.0,33
201600049873,16,10,17,45,5,1,1,1,2.0,33192,M,4478544.0,-59402.0,33
201600049874,16,10,17,810,2,1,1,1,6.0,33080,M,0.0,0.0,33
201600049875,16,10,17,830,1,1,1,2,2.0,33550,M,4478560.0,-54179.0,33
201600049876,16,10,17,1120,1,1,1,1,6.0,33249,M,4488510.0,-50946.0,33
201600049877,16,10,17,1120,1,1,1,2,3.0,33249,M,4488504.0,-50939.0,33
201600049878,16,10,17,1725,1,1,1,1,5.0,33065,M,4480925.0,-52434.0,33
201600049879,16,10,17,1845,1,1,1,1,2.0,33318,M,4478971.0,-64585.0,33
201600049880,16,10,17,1850,2,1,1,1,2.0,33013,M,4484309.0,-50155.0,33
201600049881,16,10,18,920,1,1,1,1,3.0,33096,M,4489395.0,-49904.0,33
201600049882,16,10,20,750,3,1,1,1,3.0,33162,M,4487363.0,-63892.0,33
201600049883,16,10,20,1335,1,1,1,1,3.0,33550,M,4477821.0,-55536.0,33
201600049884,16,10,20,1750,1,1,1,1,3.0,33039,M,4480587.0,-52950.0,33
201600049885,16,10,21,855,1,1,1,1,4.0,33063,M,4488739.0,-57360.0,33
201600049886,16,10,21,1225,1,1,1,1,2.0,33318,M,4480638.0,-66570.0,33
201600049887,16,10,24,800,2,1,1,1,2.0,33550,M,4477901.0,-55143.0,33
201600049888,16,10,27,2235,5,1,1,1,6.0,33013,M,4485989.0,-50434.0,33
201600049889,16,10,28,1700,1,1,1,1,4.0,33039,M,4479591.0,-53896.0,33
201600049890,16,10,28,1940,3,1,1,1,4.0,33448,M,0.0,0.0,33
201600049891,16,10,28,2040,5,1,1,1,4.0,33249,M,4487432.0,-50727.0,33
201600049892,16,10,29,1803,1,1,1,1,6.0,33063,M,4488176.0,-54646.0,33
201600049893,16,10,31,1049,1,1,1,1,2.0,33249,M,4487432.0,-50727.0,33
201600049894,16,11,1,445,3,1,1,1,6.0,33122,M,4474001.0,-71201.0,33
201600049895,16,11,1,515,3,1,1,1,2.0,33122,M,4474001.0,-71201.0,33
201600049896,16,11,1,1840,2,1,1,1,3.0,33366,M,4497949.0,-43044.0,33
201600049897,16,11,3,455,3,1,1,1,6.0,33366,M,4500869.0,-42826.0,33
201600049898,16,11,3,725,1,1,1,1,4.0,33249,M,4487212.0,-50644.0,33
201600049899,16,11,3,740,1,1,1,1,3.0,33080,M,4476010.0,-54699.0,33
201600049900,16,11,3,850,1,1,1,1,6.0,33397,M,4490585.0,-49211.0,33
201600049901,16,11,3,930,1,1,1,1,2.0,33448,M,4442476.0,31000.0,33
201600049902,16,11,3,1445,1,1,1,1,3.0,33039,M,4479673.0,-53841.0,33
201600049903,16,11,3,1940,5,1,1,1,5.0,33550,M,4477748.0,-56170.0,33
201600049904,16,11,4,810,2,1,1,5,3.0,33162,M,4486949.0,-64542.0,33
201600049905,16,11,6,1830,3,1,1,2,6.0,33550,M,4478240.0,-58555.0,33
201600049906,16,11,8,1955,4,1,1,2,6.0,33249,M,4488197.0,-52264.0,33
201600049907,16,11,8,2345,3,1,1,2,6.0,33122,M,4475870.0,-68205.0,33
201600049908,16,11,9,2100,5,1,1,2,6.0,33397,M,4490750.0,-49111.0,33
201600049909,16,11,10,1640,1,1,1,2,4.0,33013,M,4486438.0,-50394.0,33
201600049910,16,11,10,2030,5,1,1,2,6.0,33023,M,4469858.0,-50000.0,33
201600049911,16,11,11,935,1,1,1,1,6.0,33167,M,4484218.0,-50148.0,33
201600049912,16,11,12,1745,5,1,1,2,4.0,33013,M,4485089.0,-50438.0,33
201600049913,16,11,14,800,1,1,1,8,6.0,33143,M,4496568.0,-43923.0,33
201600049914,16,11,14,2225,3,1,1,1,6.0,33122,M,4474415.0,-70489.0,33
201600049915,16,11,17,710,4,1,1,1,4.0,33550,M,4476317.0,-54818.0,33
201600049916,16,11,17,740,5,1,1,1,2.0,33249,M,4487432.0,-50727.0,33
201600049917,16,11,17,845,1,1,1,1,6.0,33162,M,4487870.0,-62939.0,33
201600049918,16,11,18,715,5,1,1,1,3.0,33249,M,4488035.0,-52504.0,33
201600049919,16,11,18,835,1,1,1,2,3.0,33065,M,4480739.0,-52717.0,33
201600049920,16,11,20,635,5,1,1,1,2.0,33249,M,4488136.0,-51069.0,33
201600049921,16,11,20,1750,2,1,1,2,6.0,33063,M,4488270.0,-55149.0,33
201600049922,16,11,20,1900,4,1,1,1,6.0,33039,M,4480685.0,-52800.0,33
201600049923,16,11,21,815,1,1,1,1,2.0,33122,M,4474830.0,-69787.0,33
201600049924,16,11,21,845,2,1,1,2,3.0,33090,M,4476972.0,-66335.0,33
201600049925,16,11,22,905,1,1,1,2,5.0,33075,M,4488089.0,-62561.0,33
201600049926,16,11,23,1115,1,1,1,1,6.0,33063,M,4488601.0,-56544.0,33
201600049927,16,11,24,1845,5,1,1,1,3.0,33550,M,4477986.0,-57534.0,33
201600049928,16,11,25,740,3,1,1,1,5.0,33143,M,4496790.0,-43705.0,33
201600049929,16,11,26,1635,1,1,1,1,4.0,33162,M,4487440.0,-63694.0,33
201600049930,16,11,28,947,1,1,1,1,6.0,33080,M,4472885.0,-52871.0,33
201600049931,16,11,29,930,1,1,1,1,2.0,33122,M,4475280.0,-69104.0,33
201600049932,16,11,29,1850,5,1,1,1,4.0,33090,M,4477825.0,-64318.0,33
201600049933,16,11,30,1745,5,1,1,1,2.0,33281,M,4484035.0,-67493.0,33
201600049934,16,12,1,1830,3,1,1,1,4.0,33318,M,4478778.0,-63644.0,33
201600049935,16,12,2,1637,1,1,1,1,2.0,33090,M,4476919.0,-66451.0,33
201600049936,16,12,2,1938,3,1,1,1,4.0,33090,M,4477460.0,-65186.0,33
201600049937,16,12,5,720,3,1,1,1,4.0,33143,M,4496568.0,-43923.0,33
201600049938,16,12,5,1000,1,1,1,1,2.0,33080,M,4473096.0,-53014.0,33
201600049939,16,12,5,1050,1,1,1,1,2.0,33039,M,4480382.0,-53255.0,33
201600049940,16,12,5,1955,1,1,1,1,2.0,33162,M,4487600.0,-63413.0,33
201600049941,16,12,5,2200,3,1,1,1,2.0,33122,M,4474767.0,-69883.0,33
201600049942,16,12,6,655,5,1,1,1,7.0,33397,M,,,33
201600049943,16,12,6,1835,3,1,1,1,2.0,33192,M,4478885.0,-62299.0,33
201600049944,16,12,7,823,1,1,1,1,5.0,33162,M,4487282.0,-63971.0,33
201600049945,16,12,7,1900,5,1,1,1,2.0,33013,M,4486438.0,-50390.0,33
201600049946,16,12,9,1800,2,1,1,1,2.0,33535,M,,,33
201600049947,16,12,9,1800,5,1,1,1,6.0,33366,M,4501384.0,-43046.0,33
201600049948,16,12,10,1400,1,1,1,1,5.0,33063,M,4488058.0,-54024.0,33
201600049949,16,12,10,1400,1,1,1,1,5.0,33063,M,4488013.0,-53798.0,33
201600049950,16,12,12,750,3,1,1,1,4.0,33281,M,4484142.0,-67425.0,33
201600049951,16,12,12,1830,5,1,1,1,2.0,33039,M,4479504.0,-53934.0,33
201600049952,16,12,13,600,3,1,1,5,2.0,33122,M,4474532.0,-70291.0,33
201600049953,16,12,15,1135,1,1,1,1,4.0,33039,M,4479416.0,-53969.0,33
201600049954,16,12,16,745,3,1,1,1,3.0,33162,M,4487115.0,-64258.0,33
201600049955,16,12,17,745,2,1,1,1,5.0,33143,M,4495590.0,-45201.0,33
201600049956,16,12,17,1830,5,1,1,1,4.0,33550,M,4477935.0,-54961.0,33
201600049957,16,12,19,1750,1,1,1,1,6.0,33063,M,,,33
201600049958,16,12,21,1315,1,1,1,1,6.0,33192,M,4478258.0,-63311.0,33
201600049959,16,12,22,145,5,1,1,2,6.0,33063,M,4488739.0,-57355.0,33
201600049960,16,12,22,1200,1,1,1,1,2.0,33318,M,4478776.0,-63732.0,33
201600049961,16,12,25,1215,1,1,1,2,7.0,33080,M,,,33
201600049962,16,1,26,1436,1,1,1,1,5.0,67309,M,,,67
201600049963,16,2,8,100,3,1,1,1,6.0,67482,M,,,67
201600049964,16,2,9,935,1,1,1,8,6.0,67152,M,4853042.0,769339.0,67
201600049965,16,3,3,1400,1,1,1,2,5.0,67482,M,,,67
201600049966,16,3,16,1400,1,1,1,1,2.0,67482,M,,,67
201600049967,16,3,12,1745,1,1,1,1,7.0,67152,M,,,67
201600049968,16,3,26,1503,1,1,1,1,4.0,67482,M,4858805.0,772913.0,67
201600049969,16,3,26,1605,1,1,1,1,2.0,67482,M,4858605.0,772072.0,67
201600049970,16,3,24,1125,1,1,1,1,3.0,67482,M,,,67
201600049971,16,3,28,2315,3,1,1,2,2.0,67482,M,,,67
201600049972,16,4,5,1500,1,1,1,1,4.0,67482,M,,,67
201600049973,16,4,26,925,1,1,1,1,2.0,67218,M,,,67
201600049974,16,5,4,1935,1,1,1,1,4.0,67482,M,,,67
201600049975,16,5,10,1830,1,1,1,1,4.0,67365,M,,,67
201600049976,16,5,14,2050,2,1,1,1,7.0,67049,M,,,67
201600049977,16,5,23,1500,1,1,1,2,4.0,67482,M,,,67
201600049978,16,5,30,900,1,1,1,2,4.0,67482,M,,,67
201600049979,16,6,9,1710,1,1,1,1,4.0,67043,M,,,67
201600049980,16,6,30,650,2,1,1,1,6.0,67551,M,,,67
201600049981,16,7,4,815,1,1,1,1,2.0,67482,M,,,67
201600049982,16,6,28,1110,1,1,1,1,3.0,67365,M,,,67
201600049983,16,7,7,1800,1,1,1,1,2.0,67218,M,,,67
201600049984,16,7,7,1120,1,1,1,1,5.0,67482,M,,,67
201600049985,16,7,7,925,1,1,1,1,4.0,67049,M,,,67
201600049986,16,7,20,1510,1,1,1,1,7.0,67471,M,,,67
201600049987,16,7,20,1905,1,1,1,1,7.0,67447,M,,,67
201600049988,16,7,19,1140,1,1,1,1,2.0,67482,M,,,67
201600049989,16,7,26,735,1,1,1,1,7.0,67482,M,,,67
201600049990,16,8,19,1410,1,1,1,1,3.0,67482,M,,,67
201600049991,16,8,20,1815,1,1,1,2,6.0,67152,M,,,67
201600049992,16,8,13,950,1,1,1,1,7.0,67389,M,4864642.0,773324.0,67
201600049993,16,8,23,2145,4,1,1,1,7.0,67482,M,,,67
201600049994,16,9,6,1655,1,1,1,1,4.0,67218,M,,,67
201600049995,16,9,5,820,1,1,1,1,7.0,67218,M,4849972.0,773333.0,67
201600049996,16,9,8,1525,1,1,1,1,3.0,67309,M,,,67
201600049997,16,9,7,1840,1,1,1,1,4.0,67152,M,,,67
201600049998,16,9,6,830,1,1,1,1,2.0,67218,M,,,67
201600049999,16,9,12,1750,1,1,1,1,5.0,67482,M,4856657.0,773231.0,67
201600050000,16,9,17,440,3,1,1,1,2.0,67218,M,,,67
201600050001,16,9,13,830,1,1,1,1,4.0,67482,M,,,67
201600050002,16,9,19,2000,3,1,1,1,2.0,67218,M,,,67
201600050003,16,9,27,1810,1,1,1,1,4.0,67365,M,,,67
201600050004,16,9,30,1235,1,1,1,1,2.0,67482,M,4857262.0,773058.0,67
201600050005,16,10,2,15,3,1,1,8,7.0,67482,M,,,67
201600050006,16,9,30,1825,2,1,1,1,3.0,67471,M,4864272.0,773162.0,67
201600050007,16,10,24,1315,1,1,1,1,7.0,67482,M,4857062.0,772981.0,67
201600050008,16,10,25,2015,3,1,1,1,4.0,67482,M,,,67
201600050009,16,10,28,1855,3,1,1,1,2.0,67482,M,4858321.0,772018.0,67
201600050010,16,11,10,905,1,1,1,1,6.0,67152,M,,,67
201600050011,16,11,15,925,1,1,1,2,2.0,67152,M,,,67
201600050012,16,11,15,1630,1,1,1,8,6.0,67152,M,4852922.0,769219.0,67
201600050013,16,11,18,1845,3,1,1,1,4.0,67482,M,4858585.0,772227.0,67
201600050014,16,11,18,1815,3,1,1,1,4.0,67043,M,,,67
201600050015,16,11,28,1400,1,1,1,1,2.0,67482,M,4859832.0,768934.0,67
201600050016,16,12,4,800,1,1,1,1,2.0,67365,M,,,67
201600050017,16,12,5,730,2,1,1,8,4.0,67365,M,4853680.0,771439.0,67
201600050018,16,12,9,1930,3,1,1,1,4.0,67218,M,4853280.0,769770.0,67
201600050019,16,12,13,215,3,1,1,5,1.0,67389,M,,,67
201600050020,16,12,10,1400,1,1,1,1,4.0,67152,M,,,67
201600050021,16,1,1,1220,1,1,1,5,2.0,54547,M,4864805.0,613611.0,54
201600050022,16,12,25,1840,3,1,1,1,6.0,54123,M,4877854.0,614472.0,54
201600050023,16,1,2,1740,2,1,1,1,2.0,54328,M,4862392.0,618632.0,54
201600050024,16,1,3,1510,1,1,1,1,4.0,54232,M,4868868.0,599456.0,54
201600050025,16,1,4,845,1,1,1,1,4.0,54232,M,4868750.0,596236.0,54
201600050026,16,1,5,820,2,1,1,2,2.0,54150,M,4877020.0,614404.0,54
201600050027,16,1,14,1810,3,1,1,4,6.0,54547,M,4864920.0,613416.0,54
201600050028,16,1,28,800,1,1,1,3,5.0,54483,M,4861777.0,630944.0,54
201600050029,16,1,27,1755,3,1,1,1,3.0,54357,M,4871995.0,616680.0,54
201600050030,16,3,3,1618,1,1,1,2,4.0,54304,M,4869532.0,611663.0,54
201600050031,16,4,15,1200,1,1,1,8,3.0,54090,M,4875094.0,615738.0,54
201600050032,16,4,25,840,1,1,1,1,4.0,54357,M,4870928.0,614360.0,54
201600050033,16,6,14,1815,1,1,1,1,4.0,54328,M,4861780.0,617956.0,54
201600050034,16,6,22,30,3,1,1,1,2.0,54031,M,4883599.0,609152.0,54
201600050035,16,7,12,1420,1,1,1,1,4.0,54320,M,4887767.0,609636.0,54
201600050036,16,7,14,1725,1,1,1,3,6.0,54197,M,4861822.0,621481.0,54
201600050037,16,7,18,1340,1,1,1,1,6.0,54167,M,4866933.0,591678.0,54
201600050038,16,8,15,1655,1,1,1,1,6.0,54197,M,4861871.0,621054.0,54
201600050039,16,8,29,1015,1,1,1,1,4.0,54197,M,4863312.0,618235.0,54
201600050040,16,8,29,935,1,1,9,1,4.0,54257,M,4865064.0,618168.0,54
201600050041,16,9,8,1800,1,1,1,1,2.0,54304,M,4869110.0,611580.0,54
201600050042,16,9,14,840,1,1,1,1,4.0,54123,M,4879126.0,612899.0,54
201600050043,16,9,13,2140,3,1,1,1,6.0,54090,M,4874970.0,615651.0,54
201600050044,16,9,25,555,3,1,1,1,6.0,54304,M,4868989.0,611661.0,54
201600050045,16,9,19,845,1,1,1,1,2.0,54328,M,4861720.0,617998.0,54
201600050046,16,11,10,1925,3,1,1,2,4.0,54304,M,4867780.0,612004.0,54
201600050047,16,10,26,1415,1,1,1,1,7.0,54232,M,4868813.0,598064.0,54
201600050048,16,11,1,345,3,1,1,1,6.0,54557,M,4869254.0,606490.0,54
201600050049,16,11,10,1300,1,1,1,2,1.0,54547,M,4864729.0,613832.0,54
201600050050,16,11,8,1107,1,1,1,1,3.0,54150,M,4878486.0,614362.0,54
201600050051,16,11,8,1830,3,1,1,1,2.0,54357,M,4870625.0,613955.0,54
201600050052,16,11,28,120,3,1,1,1,3.0,54090,M,4874981.0,615680.0,54
201600050053,16,12,28,1120,1,1,1,1,3.0,54115,M,4869453.0,610652.0,54
201600050054,16,1,20,605,3,1,1,4,2.0,57463,M,,,57
201600050055,16,1,21,2016,3,1,1,1,6.0,57283,M,4923656.0,618045.0,57
201600050056,16,1,26,1745,3,1,1,1,3.0,57480,M,4910916.0,615236.0,57
201600050057,16,2,12,615,3,1,1,1,6.0,57356,M,4944645.0,611928.0,57
201600050058,16,2,24,1125,1,1,1,1,3.0,57463,M,4912511.0,615986.0,57
201600050059,16,2,25,1250,1,1,1,1,6.0,57343,M,4933330.0,618520.0,57
201600050060,16,3,8,900,1,1,1,1,2.0,57206,M,4930861.0,611800.0,57
201600050061,16,3,14,2118,3,1,1,1,3.0,57663,M,0.0,0.0,57
201600050062,16,3,24,1820,1,1,1,1,4.0,57666,M,4935093.0,614149.0,57
201600050063,16,3,24,2015,3,1,1,1,6.0,57498,M,4932947.0,602107.0,57
201600050064,16,3,30,1425,1,1,1,1,6.0,57666,M,4935138.0,614380.0,57
201600050065,16,4,9,1335,1,1,1,1,2.0,57672,M,0.0,0.0,57
201600050066,16,4,12,615,3,1,1,1,6.0,57487,M,4909416.0,611308.0,57
201600050067,16,4,15,610,3,1,1,1,2.0,57303,M,4920897.0,617491.0,57
201600050068,16,4,18,745,3,1,1,1,2.0,57463,M,4911953.0,616011.0,57
201600050069,16,4,26,1812,1,2,1,2,4.0,57412,M,4911335.0,616452.0,57
201600050070,16,4,26,1735,1,1,1,3,2.0,57666,M,4934436.0,611428.0,57
201600050071,16,5,5,1905,1,1,1,1,3.0,57194,M,4942157.0,611074.0,57
201600050072,16,5,8,535,3,1,1,1,7.0,57433,M,4919388.0,617530.0,57
201600050073,16,5,13,1900,1,1,1,1,5.0,57343,M,4932111.0,618355.0,57
201600050074,16,5,11,810,1,1,1,1,4.0,57463,M,,,57
201600050075,16,5,25,725,1,1,1,1,6.0,57306,M,4933086.0,604752.0,57
201600050076,16,5,30,1740,1,1,1,2,2.0,57672,M,4937148.0,610632.0,57
201600050077,16,5,26,1740,1,1,1,8,3.0,57480,M,4910353.0,613922.0,57
201600050078,16,6,1,1800,1,1,1,1,4.0,57039,M,,,57
201600050079,16,6,1,1600,1,2,1,1,6.0,57306,M,4933522.0,605480.0,57
201600050080,16,6,9,820,1,1,1,1,3.0,57764,M,4946840.0,612240.0,57
201600050081,16,6,15,510,2,1,1,1,3.0,57666,M,4934894.0,612731.0,57
201600050082,16,6,21,820,1,1,1,1,3.0,57356,M,4944568.0,611908.0,57
201600050083,16,7,5,1832,1,1,1,1,3.0,57751,M,4917770.0,617819.0,57
201600050084,16,7,5,1940,1,1,1,1,3.0,57343,M,0.0,0.0,57
201600050085,16,7,8,1625,1,1,1,1,6.0,57194,M,0.0,0.0,57
201600050086,16,7,25,815,1,1,1,1,3.0,57582,M,4928011.0,617277.0,57
201600050087,16,7,27,1520,1,1,1,1,2.0,57221,M,4934713.0,611111.0,57
201600050088,16,8,5,435,3,1,1,1,3.0,57433,M,4919786.0,617525.0,57
201600050089,16,8,14,430,3,1,1,1,2.0,57306,M,4933155.0,605000.0,57
201600050090,16,9,2,815,1,1,1,1,4.0,57474,M,,,57
201600050091,16,9,1,245,3,1,1,1,6.0,57343,M,4933400.0,618536.0,57
201600050092,16,9,9,1845,1,1,1,1,5.0,57206,M,4930826.0,611935.0,57
201600050093,16,9,16,1555,1,1,1,1,4.0,57487,M,4909875.0,612571.0,57
201600050094,16,9,21,1645,1,1,1,1,2.0,57672,M,0.0,0.0,57
201600050095,16,9,22,735,2,1,1,1,4.0,57356,M,4943240.0,611509.0,57
201600050096,16,9,26,1755,1,1,1,1,7.0,57498,M,4933911.0,599699.0,57
201600050097,16,10,12,600,3,1,1,1,3.0,57764,M,4945342.0,612057.0,57
201600050098,16,10,16,2047,3,1,1,1,2.0,57212,M,,,57
201600050099,16,10,21,1650,1,1,1,1,1.0,57067,M,4931037.0,618251.0,57
201600050100,16,11,12,148,3,1,1,1,2.0,57582,M,4927655.0,617346.0,57
201600050101,16,11,13,1325,1,1,1,1,7.0,57039,M,4903869.0,613076.0,57
201600050102,16,11,14,1100,1,1,1,1,6.0,57764,M,,,57
201600050103,16,12,9,1755,3,1,1,1,4.0,57039,M,4903690.0,611580.0,57
201600050104,16,12,15,240,3,1,1,1,5.0,57663,M,4923368.0,617970.0,57
201600050105,16,12,22,1710,2,1,1,1,3.0,57534,M,4907389.0,620641.0,57
201600050106,16,11,27,725,1,1,1,1,6.0,42218,M,4540809.0,438924.0,42
201600050107,16,1,2,2230,3,1,1,8,6.0,69228,M,4554082.0,464617.0,69
201600050108,16,1,12,1800,1,1,1,1,4.0,42218,M,4543271.0,441712.0,42
201600050109,16,1,7,1800,3,1,1,1,4.0,42218,M,4544302.0,442972.0,42
201600050110,16,2,9,2255,3,1,1,2,2.0,42095,M,4539221.0,429335.0,42
201600050111,16,2,9,2300,3,1,1,2,2.0,42095,M,4539223.0,429368.0,42
201600050112,16,2,19,845,1,1,1,1,2.0,42218,M,4545900.0,440607.0,42
201600050113,16,2,21,1715,1,1,1,1,7.0,42110,M,4548692.0,453767.0,42
201600050114,16,3,1,1252,1,1,1,1,2.0,42218,M,4541129.0,439977.0,42
201600050115,16,3,29,2210,3,1,1,1,2.0,42218,M,4545146.0,441826.0,42
201600050116,16,3,30,1115,1,1,1,1,6.0,42218,M,4541955.0,440938.0,42
201600050117,16,3,26,1345,1,1,1,1,2.0,42044,M,4539518.0,433497.0,42
201600050118,16,4,11,547,5,1,1,1,2.0,42218,M,4545581.0,441141.0,42
201600050119,16,4,17,1010,1,1,1,1,6.0,42218,M,4545843.0,440766.0,42
201600050120,16,4,10,1145,1,1,1,1,7.0,42207,M,4546007.0,448665.0,42
201600050121,16,4,29,415,3,1,1,1,7.0,42097,M,4548669.0,432558.0,42
201600050122,16,5,4,1615,1,1,1,1,4.0,69091,M,,,69
201600050123,16,5,11,1555,1,1,1,3,4.0,42095,M,4538906.0,430064.0,42
201600050124,16,5,6,1910,1,1,1,1,2.0,42095,M,4539088.0,428518.0,42
201600050125,16,4,22,800,1,1,1,1,2.0,42097,M,4550023.0,431138.0,42
201600050126,16,5,11,1720,1,1,1,3,3.0,42097,M,4548553.0,432969.0,42
201600050127,16,5,29,1845,1,1,1,1,2.0,42095,M,4538833.0,427751.0,42
201600050128,16,5,31,1140,1,1,1,1,6.0,42237,M,4544367.0,446482.0,42
201600050129,16,6,8,1740,1,1,1,1,4.0,69213,M,4554866.0,467493.0,69
201600050130,16,6,13,1900,1,1,1,2,3.0,42237,M,4544141.0,446080.0,42
201600050131,16,6,22,830,1,1,1,1,4.0,42218,M,4542601.0,441508.0,42
201600050132,16,6,30,940,1,1,1,1,3.0,42207,M,4547802.0,449642.0,42
201600050133,16,6,29,2115,2,1,1,3,7.0,42242,M,4553769.0,463694.0,42
201600050134,16,7,7,830,1,1,1,1,3.0,42110,M,4549431.0,454308.0,42
201600050135,16,7,5,1900,1,1,1,1,1.0,42307,M,4555377.0,468276.0,42
201600050136,16,7,24,620,2,1,1,1,3.0,69228,M,,,69
201600050137,16,8,6,1200,1,1,1,1,3.0,42183,M,4540032.0,436708.0,42
201600050138,16,8,14,1800,1,1,1,1,5.0,42044,M,4539530.0,433639.0,42
201600050139,16,9,4,455,5,1,1,1,3.0,42218,M,4541586.0,440504.0,42
201600050140,16,9,8,1110,1,1,1,1,2.0,42097,M,4548453.0,433224.0,42
201600050141,16,9,3,430,3,1,1,1,7.0,42186,M,4552556.0,460212.0,42
201600050142,16,9,22,1215,1,1,1,1,6.0,42237,M,4544500.0,442743.0,42
201600050143,16,9,16,530,4,1,1,2,2.0,42218,M,4546377.0,439925.0,42
201600050144,16,9,26,2340,3,1,1,1,5.0,42207,M,4549165.0,451816.0,42
201600050145,16,10,1,35,3,1,1,1,2.0,42207,M,4546895.0,449891.0,42
201600050146,16,10,10,830,1,1,1,1,5.0,42097,M,4550420.0,430584.0,42
201600050147,16,10,8,250,5,1,1,1,2.0,42218,M,4542699.0,441574.0,42
201600050148,16,10,20,1545,1,1,1,1,5.0,42183,M,4540364.0,437343.0,42
201600050149,16,10,21,1750,1,1,9,1,4.0,42218,M,4543319.0,442779.0,42
201600050150,16,10,31,1010,1,1,1,1,3.0,42275,M,4546858.0,437507.0,42
201600050151,16,9,22,1640,1,1,1,1,4.0,42330,M,4547999.0,434708.0,42
201600050152,16,10,28,1810,1,1,1,1,3.0,42186,M,4552626.0,460467.0,42
201600050153,16,11,12,1445,1,1,1,1,7.0,42218,M,4546328.0,439990.0,42
201600050154,16,11,8,1715,2,1,1,1,2.0,42218,M,4544354.0,442908.0,42
201600050155,16,10,27,1500,1,1,1,1,6.0,42097,M,4550899.0,430189.0,42
201600050156,16,12,18,1100,1,1,1,1,6.0,42218,M,4541085.0,439761.0,42
201600050157,16,2,14,1235,1,1,1,1,3.0,42237,M,4546283.0,449279.0,42
201600050158,16,1,2,545,3,1,1,2,6.0,69296,M,,,69
201600050159,16,1,6,2215,5,1,1,1,2.0,69382,M,,,69
201600050160,16,1,9,1350,1,1,1,1,7.0,38544,M,,,38
201600050161,16,1,10,550,5,1,1,2,7.0,69081,M,,,69
201600050162,16,1,11,1930,3,1,1,1,3.0,69382,M,,,69
201600050163,16,1,15,1050,1,1,1,1,3.0,69297,M,,,69
201600050164,16,1,19,850,2,1,1,1,4.0,69385,M,,,69
201600050165,16,1,13,2330,4,1,1,8,6.0,69271,M,,,69
201600050166,16,1,22,500,3,1,1,1,7.0,69281,M,,,69
201600050167,16,1,23,1500,1,1,1,1,2.0,69072,M,,,69
201600050168,16,1,15,840,1,1,1,1,2.0,69290,M,,,69
201600050169,16,1,23,836,2,1,9,1,7.0,69029,M,,,69
201600050170,16,1,16,1615,1,1,1,1,4.0,69290,M,,,69
201600050171,16,1,24,500,5,2,1,1,3.0,38544,M,4553513.0,487145.0,38
201600050172,16,1,31,1900,3,1,6,2,7.0,69005,M,,,69
201600050173,16,1,30,2025,5,1,1,1,3.0,69266,M,,,69
201600050174,16,2,7,130,5,1,1,1,2.0,69388,M,,,69
201600050175,16,2,9,925,1,1,1,1,3.0,69199,M,,,69
201600050176,16,2,9,2240,5,1,1,2,2.0,69382,M,,,69
201600050177,16,2,14,2345,3,1,1,1,1.0,69259,M,,,69
201600050178,16,2,15,2240,5,1,1,1,3.0,69199,M,,,69
201600050179,16,2,14,640,5,1,1,1,3.0,69266,M,,,69
201600050180,16,2,11,1150,1,1,9,5,4.0,69277,M,,,69
201600050181,16,2,14,1020,1,1,1,1,3.0,69029,M,,,69
201600050182,16,2,15,1800,3,1,1,1,4.0,69204,M,,,69
201600050183,16,2,22,1240,1,1,1,1,4.0,69266,M,,,69
201600050184,16,2,24,2030,5,1,1,1,2.0,69382,M,,,69
201600050185,16,2,28,100,3,1,1,1,4.0,69277,M,,,69
201600050186,16,3,4,2240,3,1,1,3,3.0,69007,M,,,69
201600050187,16,2,28,605,5,1,1,2,6.0,69266,M,,,69
201600050188,16,3,2,2240,5,1,1,1,6.0,69259,M,,,69
201600050189,16,3,8,845,1,1,1,1,4.0,69275,M,,,69
201600050190,16,3,7,2010,3,1,1,1,3.0,69275,M,,,69
201600050191,16,3,9,755,1,1,1,1,2.0,69382,M,,,69
201600050192,16,2,28,1830,1,1,1,1,7.0,38184,M,,,38
201600050193,16,3,10,930,1,1,1,1,4.0,69256,M,,,69
201600050194,16,3,15,1030,1,1,1,1,4.0,69256,M,,,69
201600050195,16,3,16,2010,3,1,1,2,4.0,69290,M,,,69
201600050196,16,3,17,1700,1,1,1,1,2.0,69283,M,,,69
201600050197,16,3,18,1335,1,1,1,1,4.0,69193,M,,,69
201600050198,16,3,17,710,1,1,1,1,2.0,69081,M,,,69
201600050199,16,3,19,1949,5,1,1,1,3.0,69029,M,,,69
201600050200,16,3,2,2230,5,1,1,2,2.0,69286,M,,,69
201600050201,16,3,22,855,1,1,1,1,2.0,69290,M,,,69
201600050202,16,3,23,825,1,1,1,1,6.0,69266,M,,,69
201600050203,16,3,23,1715,1,1,1,1,3.0,69385,M,,,69