Num_Acc,an,mois,jour,hrmn,lum,agg,int,atm,col,com,gps,lat,long,dep
201600050204,16,3,18,1915,2,1,1,1,2.0,69286,M,,,69
201600050205,16,3,26,5,5,2,1,1,6.0,38544,M,4553036.0,487396.0,38
201600050206,16,3,26,1610,1,1,1,1,2.0,69152,M,,,69
201600050207,16,3,27,1340,1,1,1,1,4.0,69199,M,,,69
201600050208,16,3,27,1550,1,1,1,1,3.0,69297,M,,,69
201600050209,16,3,28,1200,1,1,1,1,7.0,69199,M,,,69
201600050210,16,3,29,730,1,1,1,1,3.0,69276,M,,,69
201600050211,16,3,29,2115,3,1,1,1,4.0,69288,M,,,69
201600050212,16,3,30,930,1,1,1,1,4.0,69034,M,,,69
201600050213,16,3,30,1430,1,1,1,1,5.0,38087,M,4558382.0,480039.0,38
201600050214,16,3,2,1900,5,1,1,1,4.0,69290,M,,,69
201600050215,16,3,6,520,3,1,1,2,2.0,69029,M,,,69
201600050216,16,3,29,1605,1,1,1,1,5.0,69297,M,,,69
201600050217,16,4,1,1810,1,1,1,1,4.0,69272,M,,,69
201600050218,16,4,4,1930,1,1,1,1,6.0,69271,M,,,69
201600050219,16,2,23,830,1,1,1,3,3.0,69282,M,,,69
201600050220,16,4,7,850,1,1,1,1,4.0,69034,M,,,69
201600050221,16,4,7,1750,1,1,1,1,2.0,69290,M,,,69
201600050222,16,4,8,1600,1,1,1,1,5.0,69266,M,,,69
201600050223,16,4,6,800,1,1,1,1,2.0,69199,M,,,69
201600050224,16,3,24,834,1,1,1,1,2.0,69055,M,,,69
201600050225,16,4,14,805,1,1,1,1,5.0,69256,M,,,69
201600050226,16,4,17,530,3,1,1,2,5.0,69296,M,,,69
201600050227,16,4,18,1224,1,1,1,1,5.0,38544,M,,,38
201600050228,16,4,22,1440,1,1,1,1,6.0,69266,M,,,69
201600050229,16,4,20,1615,1,1,1,1,4.0,69382,M,,,69
201600050230,16,4,9,1425,1,1,1,1,4.0,69072,M,,,69
201600050231,16,4,27,1508,1,1,1,1,7.0,69199,M,,,69
201600050232,16,4,27,1645,1,1,1,1,2.0,69283,M,,,69
201600050233,16,4,18,1114,1,1,1,4,4.0,69297,M,,,69
201600050234,16,4,29,800,1,1,1,1,2.0,69029,M,,,69
201600050235,16,4,30,1325,1,1,1,3,5.0,69382,M,,,69
201600050236,16,5,4,1250,1,1,1,1,2.0,69290,M,,,69
201600050237,16,5,9,850,1,1,1,2,2.0,69266,M,,,69
201600050238,16,5,8,735,1,1,1,1,7.0,69040,M,,,69
201600050239,16,5,11,1005,1,1,1,2,7.0,69266,M,,,69
201600050240,16,5,11,1600,1,1,1,2,2.0,69072,M,,,69
201600050241,16,5,11,1110,1,1,9,2,6.0,69244,M,,,69
201600050242,16,4,13,1345,1,1,1,3,5.0,69027,M,,,69
201600050243,16,5,13,1430,1,1,1,1,1.0,69266,M,,,69
201600050244,16,5,15,245,3,1,1,1,3.0,38544,M,4554508.0,484001.0,38
201600050245,16,5,14,1410,1,1,1,8,6.0,69204,M,,,69
201600050246,16,5,21,340,3,1,1,1,6.0,38487,M,4556110.0,482081.0,38
201600050247,16,5,21,224,3,1,1,1,1.0,69290,M,,,69
201600050248,16,4,24,545,3,1,1,1,7.0,69297,M,,,69
201600050249,16,5,24,335,3,1,1,1,2.0,69297,M,,,69
201600050250,16,5,25,1935,1,1,1,1,3.0,69297,M,,,69
201600050251,16,5,28,1847,1,1,1,1,6.0,01248,M,,,01
201600050252,16,5,29,1840,1,1,1,2,3.0,69278,M,,,69
201600050253,16,5,29,2130,2,1,1,2,4.0,69029,M,,,69
201600050254,16,5,30,120,5,1,1,3,6.0,69029,M,,,69
201600050255,16,5,27,1245,1,1,1,1,2.0,69029,M,,,69
201600050256,16,5,30,400,5,1,1,2,6.0,69261,M,,,69
201600050257,16,5,30,845,1,1,1,2,6.0,69081,M,,,69
201600050258,16,5,31,805,1,1,1,2,7.0,69273,M,,,69
201600050259,16,5,28,710,1,1,1,1,2.0,69125,M,,,69
201600050260,16,5,11,1230,1,1,1,1,6.0,69288,M,,,69
201600050261,16,6,2,1740,1,1,1,3,3.0,69029,M,,,69
201600050262,16,6,3,1600,1,1,1,1,4.0,69297,M,,,69
201600050263,16,5,31,210,3,1,1,3,6.0,69276,M,,,69
201600050264,16,6,6,800,1,1,1,1,3.0,69256,M,,,69
201600050265,16,6,2,1235,1,1,1,2,4.0,69152,M,,,69
201600050266,16,6,6,1600,1,1,1,1,5.0,69007,M,,,69
201600050267,16,6,3,915,1,1,9,1,4.0,69152,M,,,69
201600050268,16,3,2,2245,3,1,1,1,2.0,69152,M,,,69
201600050269,16,6,5,1605,1,1,1,1,1.0,69276,M,,,69
201600050270,16,6,13,1130,1,1,4,1,5.0,69389,M,,,69
201600050271,16,6,13,1735,1,1,1,2,4.0,69152,M,,,69
201600050272,16,6,20,935,1,1,1,1,3.0,69266,M,,,69
201600050273,16,6,22,1245,1,1,1,1,2.0,69256,M,,,69
201600050274,16,6,7,1618,1,1,1,1,3.0,69385,M,,,69
201600050275,16,6,29,335,3,1,1,1,6.0,69281,M,,,69
201600050276,16,6,29,2050,2,1,1,2,6.0,69297,M,,,69
201600050277,16,4,30,35,3,1,1,1,2.0,69288,M,,,69
201600050278,16,6,24,2225,3,1,1,3,2.0,69296,M,,,69
201600050279,16,6,28,1540,1,1,1,1,2.0,69295,M,,,69
201600050280,16,7,4,2250,4,2,2,1,3.0,38544,M,4553473.0,487237.0,38
201600050281,16,7,1,1845,1,1,1,1,3.0,69152,M,,,69
201600050282,16,7,9,420,5,1,1,1,6.0,69259,M,,,69
201600050283,16,7,5,1210,1,1,1,1,2.0,69029,M,,,69
201600050284,16,6,30,1920,1,1,1,1,2.0,69029,M,,,69
201600050285,16,7,14,750,1,1,1,1,6.0,69297,M,,,69
201600050286,16,7,19,715,1,1,1,1,5.0,69290,M,,,69
201600050287,16,6,27,1850,1,1,1,1,3.0,38336,M,4549638.0,483826.0,38
201600050288,16,7,14,1933,1,1,1,1,2.0,69290,M,,,69
201600050289,16,7,14,650,2,1,1,1,6.0,69199,M,,,69
201600050290,16,7,22,1950,1,1,1,2,2.0,69199,M,,,69
201600050291,16,7,24,215,3,1,1,1,5.0,69388,M,,,69
201600050292,16,7,27,845,1,1,1,1,6.0,69040,M,,,69
201600050293,16,7,26,1740,1,1,1,1,2.0,69199,M,,,69
201600050294,16,7,28,10,3,1,1,1,2.0,69152,M,,,69
201600050295,16,7,19,1910,1,1,1,1,2.0,69152,M,,,69
201600050296,16,7,31,645,1,1,1,8,6.0,69152,M,,,69
201600050297,16,8,1,2155,4,1,1,1,5.0,69152,M,,,69
201600050298,16,8,3,1320,1,1,1,1,6.0,69259,M,,,69
201600050299,16,8,1,915,1,1,4,1,6.0,38487,M,,,38
201600050300,16,8,6,600,3,1,1,1,2.0,38184,M,,,38
201600050301,16,8,7,445,3,1,1,1,6.0,69276,M,,,69
201600050302,16,8,8,800,1,1,1,1,5.0,69266,M,,,69
201600050303,16,8,8,1830,1,1,1,1,2.0,38544,M,,,38
201600050304,16,8,9,115,3,1,1,1,2.0,69290,M,,,69
201600050305,16,6,29,2005,1,1,1,2,1.0,69115,M,,,69
201600050306,16,8,12,2000,1,1,1,1,6.0,69081,M,,,69
201600050307,16,8,17,1135,1,1,1,8,7.0,69382,M,,,69
201600050308,16,8,19,840,1,1,1,1,6.0,69116,M,,,69
201600050309,16,8,20,1240,1,1,1,2,3.0,69152,M,,,69
201600050310,16,8,17,1140,1,2,1,2,3.0,38544,M,,,38
201600050311,16,8,8,627,1,1,1,1,3.0,69297,M,,,69
201600050312,16,8,31,2115,3,1,1,1,2.0,69152,M,,,69
201600050313,16,8,29,1710,1,1,1,1,5.0,69259,M,,,69
201600050314,16,9,11,1810,1,1,1,1,2.0,01275,M,,,01
201600050315,16,9,12,1740,1,1,1,1,1.0,69286,M,,,69
201600050316,16,9,10,1830,1,1,1,1,6.0,69193,M,,,69
201600050317,16,9,18,1930,1,1,1,3,7.0,01249,M,,,01
201600050318,16,9,18,1050,1,1,1,2,1.0,69281,M,,,69
201600050319,16,9,18,2020,3,1,1,2,2.0,69266,M,,,69
201600050320,16,9,18,1200,1,1,1,3,7.0,69199,M,,,69
201600050321,16,9,23,600,5,1,1,1,6.0,69081,M,,,69
201600050322,16,9,28,30,5,1,1,1,5.0,69266,M,,,69
201600050323,16,9,23,1120,1,2,2,1,1.0,38544,M,4553432.0,487267.0,38
201600050324,16,10,6,800,1,1,1,1,2.0,69290,M,,,69
201600050325,16,10,1,1240,1,1,1,2,6.0,69297,M,,,69
201600050326,16,10,15,840,1,1,1,2,7.0,01275,M,,,01
201600050327,16,10,15,2032,5,1,1,1,6.0,69259,M,,,69
201600050328,16,10,15,2125,5,1,1,1,5.0,69259,M,,,69
201600050329,16,10,13,1615,1,1,1,2,4.0,69199,M,,,69
201600050330,16,10,15,1915,2,1,1,1,7.0,69256,M,,,69
201600050331,16,9,17,2145,4,1,1,2,5.0,69266,M,,,69
201600050332,16,10,23,505,3,1,1,1,7.0,69116,M,,,69
201600050333,16,10,24,1,3,1,1,1,6.0,69009,M,,,69
201600050334,16,10,17,1915,5,1,1,1,1.0,69029,M,,,69
201600050335,16,10,17,1320,1,1,1,1,7.0,69295,M,,,69
201600050336,16,10,28,2310,3,1,1,1,1.0,69152,M,,,69
201600050337,16,11,8,651,3,1,1,1,2.0,69273,M,,,69
201600050338,16,11,10,2010,5,1,1,2,4.0,69266,M,,,69
201600050339,16,11,6,621,3,1,1,2,2.0,69259,M,,,69
201600050340,16,11,9,725,2,1,1,1,4.0,69204,M,,,69
201600050341,16,11,20,425,3,1,1,6,2.0,69283,M,,,69
201600050342,16,11,20,2058,3,1,1,1,4.0,69276,M,,,69
201600050343,16,11,23,700,3,1,1,5,6.0,38449,M,4564993.0,511518.0,38
201600050344,16,11,16,1840,2,1,1,1,4.0,69297,M,,,69
201600050345,16,11,26,200,3,1,1,1,7.0,69281,M,,,69
201600050346,16,11,23,1330,1,1,1,1,2.0,69297,M,,,69
201600050347,16,11,28,630,3,1,1,1,2.0,69288,M,,,69
201600050348,16,11,29,1745,3,1,1,1,3.0,69276,M,,,69
201600050349,16,12,5,835,1,1,1,5,6.0,69290,M,,,69
201600050350,16,12,3,2330,3,1,1,1,2.0,69287,M,,,69
201600050351,16,12,6,1140,1,1,1,1,3.0,69297,M,,,69
201600050352,16,10,18,1725,1,1,1,1,2.0,69029,M,,,69
201600050353,16,12,13,1800,5,1,1,1,4.0,69276,M,,,69
201600050354,16,12,28,1805,5,1,1,1,5.0,69266,M,,,69
201600050355,16,11,13,1220,1,1,1,2,2.0,69199,M,,,69
201600050356,16,1,12,1458,1,1,1,1,2.0,83144,M,,,83
201600050357,16,1,12,1712,1,1,1,1,6.0,83137,M,,,83
201600050358,16,1,13,1100,1,1,1,1,6.0,83144,M,,,83
201600050359,16,1,25,830,1,1,1,1,6.0,83035,M,,,83
201600050360,16,1,25,1115,1,1,1,1,6.0,13023,M,,,13
201600050361,16,1,26,1624,1,1,1,1,2.0,83144,M,,,83
201600050362,16,1,28,1835,3,1,1,1,3.0,83126,M,4311940.0,585916.0,83
201600050363,16,1,30,1820,3,1,1,1,3.0,83137,M,,,83
201600050364,16,1,30,1905,5,1,1,1,4.0,83144,M,4313430.0,598748.0,83
201600050365,16,2,4,820,1,1,1,1,3.0,13028,M,,,13
201600050366,16,2,10,1011,1,1,1,1,2.0,83137,M,,,83
201600050367,16,2,17,1905,5,1,1,1,3.0,83144,M,4313926.0,599717.0,83
201600050368,16,2,25,1800,1,1,1,1,6.0,83027,M,,,83
201600050369,16,3,2,820,1,1,1,1,3.0,83144,M,,,83
201600050370,16,3,4,2012,5,1,1,1,4.0,83144,M,,,83
201600050371,16,3,5,1516,1,1,1,1,4.0,83137,M,,,83
201600050372,16,3,10,1958,3,1,1,1,2.0,83062,M,,,83
201600050373,16,3,11,1620,1,1,1,1,6.0,83090,M,,,83
201600050374,16,3,15,1716,1,1,1,1,3.0,83137,M,,,83
201600050375,16,3,18,1600,1,1,1,1,7.0,83137,M,,,83
201600050376,16,3,23,1710,1,1,1,2,2.0,83123,M,,,83
201600050377,16,3,25,1320,1,1,1,1,4.0,83137,M,,,83
201600050378,16,3,28,12,3,1,1,1,6.0,83062,M,,,83
201600050379,16,3,28,1205,1,1,1,1,6.0,13023,M,,,13
201600050380,16,4,6,1400,1,1,1,1,2.0,83144,M,,,83
201600050381,16,4,19,1110,1,1,1,1,2.0,83137,M,,,83
201600050382,16,4,27,1939,1,1,1,1,6.0,83144,M,,,83
201600050383,16,4,29,940,1,1,1,1,2.0,83137,M,,,83
201600050384,16,4,30,405,3,1,1,1,6.0,83123,M,,,83
201600050385,16,5,3,1230,1,1,1,1,7.0,83137,M,,,83
201600050386,16,5,4,1015,1,1,1,1,6.0,83047,M,,,83
201600050387,16,5,4,1025,1,1,1,1,6.0,13023,M,,,13
201600050388,16,5,5,730,1,1,1,1,2.0,83123,M,,,83
201600050389,16,5,6,1708,1,1,1,1,2.0,83126,M,,,83
201600050390,16,5,8,2038,2,1,1,2,4.0,83144,M,,,83
201600050391,16,5,11,745,1,1,1,2,6.0,83123,M,,,83
201600050392,16,5,17,825,1,1,1,1,3.0,83062,M,,,83
201600050393,16,5,20,845,1,1,1,1,3.0,83062,M,,,83
201600050394,16,5,22,140,3,1,1,1,2.0,83112,M,,,83
201600050395,16,5,23,1704,1,1,1,1,5.0,83062,M,,,83
201600050396,16,5,23,1858,1,1,1,1,2.0,83090,M,4307202.0,549473.0,83
201600050397,16,5,27,830,1,1,1,1,2.0,83137,M,,,83
201600050398,16,6,3,1648,1,1,1,1,2.0,83137,M,,,83
201600050399,16,6,5,1320,1,1,1,1,6.0,13028,M,,,13
201600050400,16,6,8,805,1,1,1,1,7.0,83137,M,,,83
201600050401,16,6,11,1520,1,1,1,1,2.0,83131,M,,,83
201600050402,16,6,13,2,3,1,1,1,2.0,83027,M,,,83
201600050403,16,6,13,1650,1,1,1,1,4.0,83137,M,,,83
201600050404,16,6,23,1135,1,1,1,1,3.0,83137,M,,,83
201600050405,16,6,28,2225,3,1,1,1,6.0,13028,M,,,13
201600050406,16,7,11,840,1,1,1,1,4.0,83144,M,,,83
201600050407,16,7,13,1135,1,1,1,1,3.0,83137,M,,,83
201600050408,16,7,19,1355,1,1,1,1,2.0,83137,M,,,83
201600050409,16,7,30,2308,3,1,1,1,4.0,83027,M,,,83
201600050410,16,7,31,2328,3,1,1,1,3.0,83112,M,,,83
201600050411,16,8,4,1135,1,1,1,1,2.0,83137,M,,,83
201600050412,16,8,17,230,3,1,1,1,6.0,83069,M,,,83
201600050413,16,8,22,158,3,1,1,1,6.0,83144,M,,,83
201600050414,16,8,30,1935,1,1,1,1,2.0,83137,M,,,83
201600050415,16,9,8,745,1,1,1,1,2.0,83137,M,,,83
201600050416,16,9,16,1905,1,1,1,1,4.0,83137,M,0.0,0.0,83
201600050417,16,9,19,730,1,1,1,1,5.0,83137,M,,,83
201600050418,16,9,26,935,1,1,1,1,3.0,83137,M,,,83
201600050419,16,10,1,1035,1,1,1,2,2.0,83126,M,,,83
201600050420,16,10,7,1440,1,1,1,1,7.0,83144,M,,,83
201600050421,16,10,14,725,3,1,1,3,6.0,83137,M,,,83
201600050422,16,10,14,1510,1,1,1,2,5.0,83137,M,,,83
201600050423,16,10,16,630,5,1,1,1,6.0,83144,M,,,83
201600050424,16,10,24,850,1,1,1,1,2.0,83069,M,,,83
201600050425,16,10,24,1545,1,1,1,1,4.0,83144,M,,,83
201600050426,16,10,25,1213,1,1,1,2,2.0,83144,M,,,83
201600050427,16,10,26,1729,1,1,1,1,2.0,83144,M,,,83
201600050428,16,10,28,740,1,1,1,1,6.0,83137,M,,,83
201600050429,16,10,28,920,1,1,1,1,2.0,83069,M,,,83
201600050430,16,10,29,1650,1,1,1,1,2.0,13028,M,,,13
201600050431,16,10,30,1525,1,1,1,1,5.0,83123,M,,,83
201600050432,16,10,30,1902,3,1,1,1,2.0,83137,M,,,83
201600050433,16,10,31,1750,5,1,1,1,5.0,83137,M,,,83
201600050434,16,10,31,1808,5,1,1,1,3.0,83137,M,,,83
201600050435,16,11,4,1030,1,1,1,1,2.0,83062,M,,,83
201600050436,16,11,16,1410,1,1,1,1,4.0,83137,M,,,83
201600050437,16,11,23,1750,3,1,1,1,3.0,83144,M,0.0,0.0,83
201600050438,16,12,2,2355,5,1,1,1,3.0,83144,M,,,83
201600050439,16,12,12,1343,1,1,1,1,4.0,83137,M,,,83
201600050440,16,12,12,1855,3,1,1,1,4.0,83137,M,,,83
201600050441,16,12,13,835,1,1,1,1,5.0,83123,M,,,83
201600050442,16,12,13,1617,1,1,1,1,2.0,83144,M,,,83
201600050443,16,12,15,900,1,1,1,1,4.0,83129,M,,,83
201600050444,16,12,15,1828,3,1,1,2,4.0,83144,M,,,83
201600050445,16,12,21,1610,2,1,1,1,2.0,83144,M,,,83
201600050446,16,12,21,1815,3,1,1,1,5.0,83144,M,,,83
201600050447,16,12,22,1700,2,1,1,1,3.0,83137,M,,,83
201600050448,16,1,2,2115,3,1,1,1,6.0,13071,M,4340644.0,533408.0,13
201600050449,16,1,3,507,3,1,1,1,6.0,13055,M,,,13
201600050450,16,1,2,1110,1,1,1,2,6.0,13055,M,0.0,0.0,13
201600050451,16,1,3,1800,3,1,1,1,6.0,13019,M,0.0,0.0,13
201600050452,16,1,3,1900,3,1,1,1,4.0,13056,M,0.0,0.0,13
201600050453,16,1,4,2300,3,1,1,2,6.0,13055,M,0.0,0.0,13
201600050454,16,1,5,1707,1,1,1,1,6.0,13026,M,0.0,0.0,13
201600050455,16,1,5,820,1,1,1,1,4.0,13001,M,,,13
201600050456,16,1,6,1615,1,1,1,1,2.0,13005,M,0.0,0.0,13
201600050457,16,1,6,2200,3,1,1,1,6.0,13022,M,,,13
201600050458,16,1,6,1250,1,1,1,1,3.0,13055,M,0.0,0.0,13
201600050459,16,1,4,1710,1,1,1,1,4.0,13055,M,,,13
201600050460,16,1,8,835,1,1,1,1,2.0,13055,M,,,13
201600050461,16,1,12,1815,3,1,1,1,4.0,13071,M,0.0,0.0,13
201600050462,16,1,10,1345,1,1,1,1,7.0,13117,M,,,13
201600050463,16,1,14,1940,4,1,1,1,2.0,13055,M,,,13
201600050464,16,1,14,2145,3,1,1,1,6.0,13055,M,,,13
201600050465,16,1,14,1040,1,1,1,2,7.0,13026,M,0.0,0.0,13
201600050466,16,1,14,1045,1,1,1,2,6.0,13085,M,,,13
201600050467,16,1,15,1145,1,1,1,1,3.0,13071,M,0.0,0.0,13
201600050468,16,1,11,1245,1,1,1,2,7.0,13081,M,,,13
201600050469,16,1,15,1910,3,1,1,1,4.0,13071,M,0.0,0.0,13
201600050470,16,1,15,1850,3,1,1,1,4.0,13071,M,,,13
201600050471,16,1,15,1830,3,1,1,1,3.0,13019,M,,,13
201600050472,16,1,20,715,3,1,1,8,5.0,13117,M,0.0,0.0,13
201600050473,16,1,20,1335,1,1,1,1,5.0,13055,M,0.0,0.0,13
201600050474,16,1,17,1815,3,1,1,1,2.0,13055,M,0.0,0.0,13
201600050475,16,1,21,940,1,1,1,1,2.0,13005,M,,,13
201600050476,16,1,21,1905,3,1,1,1,2.0,13056,M,,,13
201600050477,16,1,18,645,3,1,1,1,7.0,13043,M,,,13
201600050478,16,1,23,905,1,1,1,1,3.0,13056,M,0.0,0.0,13
201600050479,16,1,24,1725,1,1,1,1,4.0,13055,M,,,13
201600050480,16,1,22,740,1,1,1,1,2.0,13043,M,0.0,0.0,13
201600050481,16,1,25,245,3,1,1,1,6.0,13085,M,,,13
201600050482,16,1,25,2145,3,1,1,1,6.0,13001,M,0.0,0.0,13
201600050483,16,1,29,850,1,1,1,5,2.0,13001,M,,,13
201600050484,16,1,29,1758,3,1,1,1,2.0,13015,M,0.0,0.0,13
201600050485,16,1,19,1415,1,1,1,1,4.0,13117,M,,,13
201600050486,16,2,2,1500,1,1,1,1,7.0,13055,M,0.0,0.0,13
201600050487,16,2,2,1840,2,1,1,1,7.0,13055,M,,,13
201600050488,16,2,3,835,1,1,1,1,6.0,13070,M,,,13
201600050489,16,2,5,1610,1,1,1,1,4.0,13055,M,0.0,0.0,13
201600050490,16,2,5,1635,1,1,1,1,7.0,13015,M,4343089.0,539361.0,13
201600050491,16,2,5,2245,3,1,1,1,6.0,13070,M,,,13
201600050492,16,2,7,1000,1,1,1,3,2.0,13019,M,0.0,0.0,13
201600050493,16,1,14,1910,3,1,1,1,6.0,13001,M,,,13
201600050494,16,2,7,1615,1,1,1,1,6.0,13005,M,,,13
201600050495,16,2,6,2035,3,1,1,1,7.0,13055,M,,,13
201600050496,16,2,3,1700,1,1,1,1,2.0,13005,M,,,13
201600050497,16,2,5,1710,1,1,1,1,2.0,13070,M,0.0,0.0,13
201600050498,16,2,5,1830,3,1,1,1,4.0,13055,M,0.0,0.0,13
201600050499,16,2,10,905,1,1,1,1,7.0,13071,M,,,13
201600050500,16,2,7,1830,2,1,1,1,2.0,13071,M,,,13
201600050501,16,2,7,1750,2,1,1,1,4.0,13055,M,,,13
201600050502,16,2,11,715,3,1,1,1,4.0,13081,M,0.0,0.0,13
201600050503,16,2,12,125,3,1,1,1,7.0,13005,M,,,13
201600050504,16,2,12,1715,2,1,1,1,7.0,13055,M,,,13
201600050505,16,2,13,1400,1,1,1,2,6.0,13005,M,,,13
201600050506,16,2,13,2030,3,1,1,2,2.0,13085,M,,,13
201600050507,16,2,14,20,3,1,1,3,6.0,13055,M,,,13
201600050508,16,2,11,1215,1,1,1,1,3.0,13055,M,,,13
201600050509,16,2,14,415,4,1,1,2,6.0,13055,M,0.0,0.0,13
201600050510,16,2,16,725,1,1,1,1,2.0,13085,M,,,13
201600050511,16,2,16,1710,1,1,1,1,2.0,13071,M,0.0,0.0,13
201600050512,16,2,16,1053,1,1,1,1,7.0,13055,M,,,13
201600050513,16,1,31,1845,2,1,1,1,4.0,13015,M,,,13
201600050514,16,2,19,2315,3,1,1,1,7.0,13055,M,,,13
201600050515,16,2,21,1145,1,1,1,1,4.0,13055,M,0.0,0.0,13
201600050516,16,2,20,1830,1,1,1,1,7.0,13055,M,,,13
201600050517,16,2,22,742,1,1,1,5,2.0,13071,M,0.0,0.0,13
201600050518,16,2,22,845,1,1,1,2,7.0,13005,M,,,13
201600050519,16,2,23,910,1,1,1,1,2.0,13055,M,,,13
201600050520,16,2,23,1615,1,1,1,1,2.0,13055,M,,,13
201600050521,16,2,23,905,1,1,1,1,4.0,13055,M,,,13
201600050522,16,2,24,2100,3,1,1,1,5.0,13071,M,,,13
201600050523,16,2,25,945,1,1,1,1,2.0,13055,M,0.0,0.0,13
201600050524,16,2,27,235,3,1,1,8,6.0,13055,M,,,13
201600050525,16,2,26,1850,2,1,1,2,4.0,13015,M,,,13
201600050526,16,2,27,1420,1,1,1,2,7.0,13055,M,,,13
201600050527,16,2,27,2330,3,1,1,2,2.0,13019,M,0.0,0.0,13
201600050528,16,2,28,1420,1,1,1,1,7.0,13085,M,0.0,0.0,13
201600050529,16,2,26,1610,1,1,1,2,4.0,13028,M,,,13
201600050530,16,2,25,1720,1,1,1,1,6.0,13117,M,,,13
201600050531,16,3,2,1830,3,1,1,8,4.0,13055,M,,,13
201600050532,16,3,3,40,3,1,1,6,6.0,13055,M,,,13
201600050533,16,2,28,1320,1,1,1,2,7.0,13055,M,0.0,0.0,13
201600050534,16,2,29,1155,1,1,1,1,7.0,13071,M,,,13
201600050535,16,3,3,810,1,1,1,1,3.0,13070,M,,,13
201600050536,16,3,4,835,1,1,1,1,3.0,13005,M,,,13
201600050537,16,3,5,45,3,1,1,2,6.0,13088,M,0.0,0.0,13
201600050538,16,3,5,50,3,1,1,2,6.0,13117,M,0.0,0.0,13
201600050539,16,3,4,745,1,1,1,1,3.0,13055,M,,,13
201600050540,16,3,6,2110,3,1,1,1,4.0,13117,M,0.0,0.0,13
201600050541,16,3,7,745,1,1,1,1,2.0,13117,M,0.0,0.0,13
201600050542,16,3,6,1920,2,1,1,1,6.0,13071,M,,,13
201600050543,16,3,8,750,1,1,1,1,3.0,13070,M,,,13
201600050544,16,3,9,1000,1,1,1,1,4.0,13001,M,0.0,0.0,13
201600050545,16,3,10,2200,3,1,1,1,4.0,13055,M,0.0,0.0,13
201600050546,16,3,7,810,1,1,1,1,2.0,13088,M,0.0,0.0,13
201600050547,16,3,11,1340,1,1,1,1,7.0,13117,M,0.0,0.0,13
201600050548,16,3,12,1540,1,1,1,1,5.0,13055,M,0.0,0.0,13
201600050549,16,3,11,2250,3,1,1,1,2.0,13015,M,,,13
201600050550,16,3,9,1700,1,1,1,1,3.0,13085,M,,,13
201600050551,16,3,8,1515,1,1,1,1,3.0,13071,M,,,13
201600050552,16,3,7,1750,1,1,1,1,4.0,13005,M,,,13
201600050553,16,3,9,1920,3,1,1,1,4.0,13106,M,,,13
201600050554,16,3,14,2135,3,1,1,2,7.0,13001,M,,,13
201600050555,16,3,15,615,2,1,1,1,6.0,13085,M,,,13
201600050556,16,3,12,1820,1,1,1,1,5.0,13071,M,0.0,0.0,13
201600050557,16,3,15,2350,3,1,1,1,6.0,13055,M,0.0,0.0,13
201600050558,16,3,16,1105,1,1,1,2,7.0,13085,M,,,13
201600050559,16,3,1,750,1,1,1,1,7.0,13055,M,,,13
201600050560,16,3,17,715,1,1,1,1,4.0,13055,M,0.0,0.0,13
201600050561,16,3,17,700,1,1,1,1,7.0,13085,M,,,13
201600050562,16,3,11,1045,1,1,1,1,2.0,13005,M,,,13
201600050563,16,3,18,1454,1,1,1,1,4.0,13071,M,0.0,0.0,13
201600050564,16,3,18,1855,2,1,1,1,4.0,13055,M,0.0,0.0,13
201600050565,16,3,18,2120,3,1,1,1,6.0,13055,M,,,13
201600050566,16,3,14,1500,1,1,1,1,4.0,13071,M,0.0,0.0,13
201600050567,16,3,19,630,1,1,1,1,3.0,13026,M,0.0,0.0,13
201600050568,16,3,16,1650,1,1,1,1,2.0,13055,M,,,13
201600050569,16,3,19,915,1,1,1,1,2.0,13085,M,,,13
201600050570,16,3,18,1440,1,1,1,1,4.0,13055,M,0.0,0.0,13
201600050571,16,3,17,715,1,1,1,1,7.0,13005,M,,,13
201600050572,16,3,22,1310,1,1,1,1,6.0,13055,M,0.0,0.0,13
201600050573,16,3,23,735,1,1,1,1,7.0,13106,M,,,13
201600050574,16,3,24,1730,1,1,1,1,3.0,13070,M,0.0,0.0,13
201600050575,16,3,24,915,1,1,1,1,4.0,13071,M,,,13
201600050576,16,3,24,900,1,1,1,1,3.0,13055,M,,,13
201600050577,16,3,24,830,1,1,1,1,4.0,13056,M,0.0,0.0,13
201600050578,16,3,16,1730,1,1,1,1,2.0,13005,M,,,13
201600050579,16,3,24,1505,1,1,1,1,4.0,13071,M,0.0,0.0,13
201600050580,16,3,27,2135,3,1,1,1,2.0,13055,M,0.0,0.0,13
201600050581,16,3,28,1500,1,1,1,1,3.0,13055,M,,,13
201600050582,16,3,27,2100,3,1,1,1,5.0,13022,M,,,13
201600050583,16,3,29,1520,1,1,1,1,2.0,13055,M,,,13
201600050584,16,3,29,1630,1,1,1,1,6.0,13071,M,0.0,0.0,13
201600050585,16,3,30,2100,3,1,1,1,4.0,13055,M,,,13
201600050586,16,4,1,1320,1,1,1,2,6.0,13085,M,,,13
201600050587,16,3,8,1600,1,1,1,1,7.0,13001,M,,,13
201600050588,16,4,1,1435,1,1,1,1,7.0,13005,M,,,13
201600050589,16,4,1,1145,1,1,1,2,7.0,13056,M,0.0,0.0,13
201600050590,16,4,2,1250,1,1,1,1,4.0,13071,M,0.0,0.0,13
201600050591,16,4,4,730,1,1,1,1,2.0,13071,M,,,13
201600050592,16,4,4,945,1,1,1,1,4.0,13055,M,,,13
201600050593,16,4,5,500,1,1,1,1,2.0,13071,M,,,13
201600050594,16,4,5,930,1,1,1,2,1.0,13071,M,0.0,0.0,13
201600050595,16,4,5,1400,1,1,1,1,2.0,13055,M,0.0,0.0,13
201600050596,16,4,5,1720,1,1,1,1,3.0,13055,M,0.0,0.0,13
201600050597,16,4,3,1700,1,1,1,2,7.0,13056,M,,,13
201600050598,16,3,25,1735,1,1,1,1,2.0,13015,M,,,13
201600050599,16,4,8,800,1,1,1,1,6.0,13055,M,,,13
201600050600,16,4,9,720,2,1,1,2,6.0,13056,M,0.0,0.0,13
201600050601,16,4,8,1800,1,1,1,1,3.0,13055,M,0.0,0.0,13
201600050602,16,4,11,700,1,1,1,1,2.0,13071,M,,,13
201600050603,16,4,10,1745,1,1,1,1,4.0,13055,M,0.0,0.0,13
201600050604,16,2,18,1615,1,1,1,1,2.0,13055,M,,,13
201600050605,16,3,4,1840,3,1,1,1,4.0,13071,M,,,13
201600050606,16,3,16,1530,1,1,1,2,7.0,13055,M,,,13
201600050607,16,4,14,5,3,1,1,1,6.0,13106,M,,,13
201600050608,16,4,14,500,3,1,1,1,2.0,13015,M,0.0,0.0,13