Num_Acc,an,mois,jour,hrmn,lum,agg,int,atm,col,com,gps,lat,long,dep
201600050609,16,4,14,1815,1,1,1,1,7.0,13071,M,,,13
201600050610,16,4,15,1540,1,1,1,1,2.0,13055,M,0.0,0.0,13
201600050611,16,4,15,1945,1,1,1,1,5.0,13071,M,0.0,0.0,13
201600050612,16,4,17,1750,1,1,1,1,4.0,13055,M,0.0,0.0,13
201600050613,16,1,7,1315,1,1,1,1,6.0,13005,M,,,13
201600050614,16,4,15,1900,1,1,1,1,2.0,13005,M,,,13
201600050615,16,4,19,745,1,1,1,1,4.0,13055,M,,,13
201600050616,16,4,13,1450,1,1,1,1,3.0,13055,M,,,13
201600050617,16,4,20,1930,1,1,1,1,5.0,13055,M,0.0,0.0,13
201600050618,16,4,21,2010,1,1,1,8,2.0,13055,M,0.0,0.0,13
201600050619,16,4,21,1045,1,1,1,8,6.0,13071,M,0.0,0.0,13
201600050620,16,4,22,1730,1,1,1,1,6.0,13071,M,0.0,0.0,13
201600050621,16,4,13,1820,1,1,1,1,7.0,13055,M,,,13
201600050622,16,4,22,1040,1,1,1,1,4.0,13001,M,0.0,0.0,13
201600050623,16,4,22,830,1,1,1,1,5.0,13055,M,,,13
201600050624,16,4,22,1800,1,1,1,1,3.0,13055,M,0.0,0.0,13
201600050625,16,4,25,800,1,1,1,1,2.0,13005,M,0.0,0.0,13
201600050626,16,4,26,40,3,1,1,1,7.0,13088,M,,,13
201600050627,16,4,26,1015,1,1,1,1,2.0,13015,M,0.0,0.0,13
201600050628,16,4,15,1000,1,1,1,1,4.0,13055,M,,,13
201600050629,16,4,21,935,1,1,1,1,4.0,13117,M,,,13
201600050630,16,4,27,1315,1,1,1,1,7.0,13055,M,0.0,0.0,13
201600050631,16,4,28,1415,1,1,1,1,4.0,13055,M,0.0,0.0,13
201600050632,16,4,28,1715,1,1,1,1,5.0,13071,M,0.0,0.0,13
201600050633,16,4,28,800,2,1,1,1,5.0,13055,M,,,13
201600050634,16,4,28,750,1,1,1,1,4.0,13055,M,,,13
201600050635,16,4,29,1040,1,1,1,1,2.0,13055,M,,,13
201600050636,16,4,29,2110,3,1,1,1,6.0,13055,M,0.0,0.0,13
201600050637,16,5,1,229,3,1,1,1,7.0,13055,M,,,13
201600050638,16,4,30,445,5,1,1,1,7.0,13055,M,,,13
201600050639,16,5,1,1345,1,1,1,1,6.0,13071,M,0.0,0.0,13
201600050640,16,4,30,1758,1,1,1,1,5.0,13015,M,0.0,0.0,13
201600050641,16,4,26,1745,1,1,1,1,4.0,13055,M,,,13
201600050642,16,4,27,1930,1,1,1,1,2.0,13055,M,0.0,0.0,13
201600050643,16,4,29,1740,1,1,1,1,4.0,13001,M,0.0,0.0,13
201600050644,16,4,29,1800,1,1,1,1,3.0,13055,M,0.0,0.0,13
201600050645,16,5,2,915,1,1,1,1,4.0,13071,M,0.0,0.0,13
201600050646,16,5,3,825,1,1,1,1,5.0,13055,M,,,13
201600050647,16,5,4,1740,1,1,1,1,4.0,13071,M,0.0,0.0,13
201600050648,16,5,4,1740,1,1,1,1,2.0,13055,M,0.0,0.0,13
201600050649,16,5,5,2105,3,1,1,1,2.0,13071,M,,,13
201600050650,16,5,6,725,1,1,1,1,7.0,13071,M,,,13
201600050651,16,5,7,1920,1,1,1,1,7.0,13001,M,,,13
201600050652,16,5,7,2000,1,1,1,1,2.0,13055,M,,,13
201600050653,16,5,10,1430,1,1,1,1,3.0,13001,M,0.0,0.0,13
201600050654,16,5,11,100,3,1,1,2,7.0,13056,M,0.0,0.0,13
201600050655,16,5,9,1200,1,1,1,1,2.0,13055,M,,,13
201600050656,16,5,11,640,1,1,1,1,6.0,13106,M,,,13
201600050657,16,5,10,740,1,1,1,1,3.0,13015,M,0.0,0.0,13
201600050658,16,5,1,1855,1,1,1,1,3.0,13055,M,0.0,0.0,13
201600050659,16,5,11,920,1,1,1,2,6.0,13005,M,0.0,0.0,13
201600050660,16,5,11,840,1,1,1,1,3.0,13055,M,,,13
201600050661,16,5,12,810,1,1,1,1,2.0,13106,M,,,13
201600050662,16,5,12,615,1,1,1,2,4.0,13071,M,0.0,0.0,13
201600050663,16,5,12,1225,1,1,1,1,6.0,13070,M,,,13
201600050664,16,5,14,2329,3,1,1,1,6.0,13026,M,0.0,0.0,13
201600050665,16,5,12,1910,1,1,1,1,3.0,13055,M,,,13
201600050666,16,5,17,835,1,1,1,1,4.0,13055,M,,,13
201600050667,16,5,19,120,3,1,1,1,2.0,13055,M,,,13
201600050668,16,5,20,150,3,1,1,1,7.0,13001,M,,,13
201600050669,16,4,13,1545,1,1,1,1,1.0,13071,M,,,13
201600050670,16,5,20,1730,1,1,1,1,2.0,13071,M,,,13
201600050671,16,5,3,1230,1,1,1,1,3.0,13071,M,,,13
201600050672,16,5,21,2010,1,1,1,1,7.0,13055,M,0.0,0.0,13
201600050673,16,4,27,1345,1,1,1,1,6.0,13055,M,,,13
201600050674,16,5,22,1655,1,1,1,1,2.0,13106,M,0.0,0.0,13
201600050675,16,5,23,920,1,1,1,1,2.0,13055,M,,,13
201600050676,16,5,23,1610,1,1,1,1,4.0,13071,M,0.0,0.0,13
201600050677,16,5,12,815,1,1,1,1,6.0,13106,M,,,13
201600050678,16,5,24,840,1,1,1,1,6.0,13055,M,,,13
201600050679,16,5,24,1615,1,1,1,1,2.0,13005,M,,,13
201600050680,16,5,13,1700,1,1,1,2,2.0,13055,M,,,13
201600050681,16,5,26,735,1,1,1,1,2.0,13055,M,0.0,0.0,13
201600050682,16,5,26,750,1,1,1,1,6.0,13055,M,,,13
201600050683,16,5,26,1630,1,1,1,1,3.0,13071,M,,,13
201600050684,16,5,27,1730,1,1,1,1,2.0,13055,M,,,13
201600050685,16,5,29,755,2,1,1,2,2.0,13117,M,,,13
201600050686,16,5,28,1935,1,1,1,1,3.0,13117,M,0.0,0.0,13
201600050687,16,5,29,230,3,1,1,2,2.0,13019,M,0.0,0.0,13
201600050688,16,5,29,950,1,1,1,2,6.0,13055,M,0.0,0.0,13
201600050689,16,6,2,415,3,1,1,1,6.0,13001,M,0.0,0.0,13
201600050690,16,6,2,2040,1,1,1,1,2.0,13071,M,4339913.0,529061.0,13
201600050691,16,6,2,740,1,1,9,1,3.0,13071,M,0.0,0.0,13
201600050692,16,6,3,1450,1,1,1,1,6.0,13071,M,0.0,0.0,13
201600050693,16,6,4,530,2,1,1,1,2.0,13071,M,0.0,0.0,13
201600050694,16,6,3,2045,2,1,1,1,2.0,13043,M,,,13
201600050695,16,6,4,1305,1,1,1,1,7.0,13026,M,,,13
201600050696,16,6,7,1513,1,1,1,1,6.0,13005,M,,,13
201600050697,16,6,9,710,1,1,1,1,6.0,13106,M,0.0,0.0,13
201600050698,16,6,9,730,1,1,1,1,7.0,13056,M,0.0,0.0,13
201600050699,16,6,6,1920,1,1,1,1,3.0,13117,M,,,13
201600050700,16,6,6,1900,1,1,1,1,6.0,13005,M,0.0,0.0,13
201600050701,16,6,10,915,1,1,1,1,4.0,13001,M,,,13
201600050702,16,6,10,1350,1,1,1,1,2.0,13055,M,0.0,0.0,13
201600050703,16,6,11,1225,1,1,1,1,6.0,13026,M,0.0,0.0,13
201600050704,16,6,11,1500,1,1,1,1,3.0,13055,M,0.0,0.0,13
201600050705,16,6,8,1740,1,1,1,1,7.0,13033,M,0.0,0.0,13
201600050706,16,6,12,350,5,1,1,1,7.0,13055,M,,,13
201600050707,16,6,13,35,4,1,1,1,2.0,13081,M,,,13
201600050708,16,6,13,900,1,1,1,1,2.0,13055,M,0.0,0.0,13
201600050709,16,6,14,1615,1,1,1,1,4.0,13071,M,,,13
201600050710,16,6,14,30,3,1,1,1,6.0,13055,M,0.0,0.0,13
201600050711,16,6,15,855,1,1,1,8,4.0,13071,M,,,13
201600050712,16,6,16,1620,1,1,1,1,6.0,13055,M,0.0,0.0,13
201600050713,16,6,15,1900,1,1,1,2,6.0,13085,M,0.0,0.0,13
201600050714,16,6,11,1810,1,1,1,1,3.0,13055,M,,,13
201600050715,16,6,17,1430,1,1,1,1,4.0,13055,M,,,13
201600050716,16,6,10,2155,3,1,1,2,7.0,13015,M,,,13
201600050717,16,6,11,1855,1,1,1,1,2.0,13055,M,,,13
201600050718,16,6,17,1720,1,1,1,1,2.0,13088,M,0.0,0.0,13
201600050719,16,6,16,1100,1,1,1,1,6.0,13056,M,,,13
201600050720,16,6,19,455,3,1,1,1,2.0,13117,M,,,13
201600050721,16,6,19,1305,1,1,1,1,1.0,13005,M,,,13
201600050722,16,6,19,2050,1,1,1,1,6.0,13071,M,0.0,0.0,13
201600050723,16,6,9,1205,1,1,1,1,6.0,13088,M,,,13
201600050724,16,6,21,1925,1,1,1,1,3.0,13005,M,0.0,0.0,13
201600050725,16,6,22,1530,1,1,1,1,1.0,13055,M,0.0,0.0,13
201600050726,16,6,17,1525,1,1,1,1,7.0,13026,M,,,13
201600050727,16,6,21,2055,2,1,1,1,5.0,13071,M,0.0,0.0,13
201600050728,16,6,23,930,1,1,1,1,1.0,13055,M,0.0,0.0,13
201600050729,16,6,22,2320,3,1,1,1,7.0,13081,M,,,13
201600050730,16,6,24,1430,1,1,1,1,7.0,13117,M,,,13
201600050731,16,6,26,515,3,1,1,1,6.0,13055,M,,,13
201600050732,16,6,26,110,3,1,1,1,7.0,13055,M,0.0,0.0,13
201600050733,16,6,27,2110,1,1,1,1,6.0,13005,M,,,13
201600050734,16,6,28,1810,1,1,1,1,2.0,13055,M,0.0,0.0,13
201600050735,16,6,29,545,3,1,1,1,7.0,13005,M,,,13
201600050736,16,6,30,957,1,1,1,1,5.0,13015,M,0.0,0.0,13
201600050737,16,6,19,1850,1,1,1,1,6.0,13071,M,,,13
201600050738,16,6,30,1945,1,1,1,1,2.0,13019,M,,,13
201600050739,16,6,30,1920,1,1,1,1,3.0,13055,M,,,13
201600050740,16,7,1,1500,1,1,1,1,3.0,13071,M,,,13
201600050741,16,7,1,1950,1,1,1,1,6.0,13055,M,4332960.0,535474.0,13
201600050742,16,7,2,230,3,1,1,1,1.0,13055,M,0.0,0.0,13
201600050743,16,7,1,915,1,1,1,1,2.0,13055,M,,,13
201600050744,16,7,1,1720,1,1,1,1,5.0,13055,M,,,13
201600050745,16,7,2,1315,1,1,1,1,7.0,13055,M,,,13
201600050746,16,6,29,1630,1,1,1,1,4.0,13055,M,,,13
201600050747,16,6,30,1615,1,1,1,1,7.0,13055,M,0.0,0.0,13
201600050748,16,7,3,2250,3,1,1,1,6.0,13055,M,0.0,0.0,13
201600050749,16,7,5,800,1,1,1,1,4.0,13055,M,0.0,0.0,13
201600050750,16,7,5,1410,1,1,1,1,6.0,13005,M,0.0,0.0,13
201600050751,16,7,5,1515,1,1,1,1,7.0,13055,M,,,13
201600050752,16,7,6,1530,1,1,1,1,5.0,13071,M,,,13
201600050753,16,7,5,1850,1,1,1,1,2.0,13117,M,,,13
201600050754,16,7,7,2320,3,1,1,1,6.0,13055,M,0.0,0.0,13
201600050755,16,7,7,1330,1,1,1,1,7.0,13055,M,,,13
201600050756,16,7,7,830,1,1,1,1,2.0,13055,M,0.0,0.0,13
201600050757,16,7,8,1235,1,1,1,1,2.0,13106,M,,,13
201600050758,16,7,9,1330,1,2,1,1,2.0,13055,M,0.0,0.0,13
201600050759,16,7,9,1910,1,1,1,1,4.0,13001,M,,,13
201600050760,16,7,10,330,3,1,1,1,2.0,13071,M,,,13
201600050761,16,7,10,1410,1,1,1,1,2.0,13085,M,,,13
201600050762,16,7,10,415,3,1,1,1,7.0,13033,M,,,13
201600050763,16,7,7,1630,1,1,1,1,2.0,13055,M,,,13
201600050764,16,7,11,1820,1,1,1,1,2.0,13071,M,4324164.0,133200.0,13
201600050765,16,7,11,1800,1,1,1,1,2.0,13055,M,,,13
201600050766,16,7,12,1710,1,1,1,1,5.0,13055,M,,,13
201600050767,16,7,13,830,1,1,1,1,3.0,13071,M,0.0,0.0,13
201600050768,16,7,13,759,1,1,1,1,4.0,13055,M,,,13
201600050769,16,7,13,1015,1,1,1,1,2.0,13071,M,0.0,0.0,13
201600050770,16,7,8,1830,1,1,1,1,2.0,13033,M,,,13
201600050771,16,7,13,1840,1,1,1,1,2.0,13055,M,,,13
201600050772,16,7,14,2030,1,1,1,1,1.0,13071,M,4340442.0,530100.0,13
201600050773,16,7,15,723,1,1,1,1,2.0,13001,M,,,13
201600050774,16,7,12,1450,1,1,1,1,7.0,13071,M,4325021.0,156300.0,13
201600050775,16,7,16,145,3,1,1,1,3.0,13015,M,0.0,0.0,13
201600050776,16,7,16,1940,1,1,1,1,7.0,13019,M,4325188.0,215300.0,13
201600050777,16,7,17,1920,1,1,1,1,2.0,13055,M,,,13
201600050778,16,7,19,800,1,1,1,1,7.0,13055,M,,,13
201600050779,16,7,19,1720,1,1,1,1,2.0,13055,M,,,13
201600050780,16,7,20,1030,1,1,1,1,7.0,13055,M,,,13
201600050781,16,7,19,1830,1,1,1,1,4.0,13071,M,,,13
201600050782,16,7,20,1715,1,1,1,1,3.0,13026,M,,,13
201600050783,16,7,11,930,1,1,1,1,2.0,13055,M,0.0,0.0,13
201600050784,16,7,20,750,1,1,1,1,2.0,13055,M,,,13
201600050785,16,7,23,1430,1,1,1,2,2.0,13055,M,0.0,0.0,13
201600050786,16,7,23,1500,1,1,1,3,7.0,13005,M,0.0,0.0,13
201600050787,16,7,23,1630,1,1,1,1,3.0,13055,M,,,13
201600050788,16,7,24,715,2,1,1,1,7.0,13001,M,0.0,0.0,13
201600050789,16,7,23,1810,1,1,1,1,2.0,13055,M,0.0,0.0,13
201600050790,16,7,23,2150,3,1,1,1,7.0,13071,M,,,13
201600050791,16,7,22,1820,1,1,1,1,2.0,13015,M,0.0,0.0,13
201600050792,16,7,25,2150,2,1,1,1,2.0,13055,M,0.0,0.0,13
201600050793,16,7,26,100,3,1,1,1,7.0,13088,M,,,13
201600050794,16,7,26,900,1,1,1,1,2.0,13055,M,,,13
201600050795,16,7,26,1530,1,1,1,1,3.0,13001,M,,,13
201600050796,16,7,27,850,1,1,1,1,3.0,13015,M,0.0,0.0,13
201600050797,16,7,27,1525,1,1,1,1,4.0,13071,M,4341000.0,528000.0,13
201600050798,16,7,24,1850,1,1,1,1,2.0,13015,M,,,13
201600050799,16,7,28,820,1,1,1,1,3.0,13022,M,,,13
201600050800,16,7,28,1750,1,1,1,1,4.0,13055,M,0.0,0.0,13
201600050801,16,6,17,1525,1,1,1,1,5.0,13071,M,,,13
201600050802,16,7,26,1800,1,1,1,1,7.0,13085,M,,,13
201600050803,16,7,28,1900,1,1,1,1,6.0,13019,M,0.0,0.0,13
201600050804,16,7,31,1820,1,1,1,1,5.0,13055,M,,,13
201600050805,16,7,31,1840,1,1,1,1,1.0,13005,M,,,13
201600050806,16,8,2,1730,1,1,1,1,4.0,13033,M,4338011.0,521590.0,13
201600050807,16,7,28,2330,3,1,1,1,5.0,13001,M,0.0,0.0,13
201600050808,16,8,2,2330,3,1,1,1,6.0,13055,M,0.0,0.0,13
201600050809,16,8,2,1805,1,1,1,1,2.0,13106,M,4339913.0,535284.0,13
201600050810,16,8,3,1920,1,1,1,1,2.0,13043,M,0.0,0.0,13
201600050811,16,8,4,700,1,1,1,1,2.0,13055,M,,,13
201600050812,16,8,4,620,2,1,1,1,6.0,13005,M,,,13
201600050813,16,8,4,500,3,1,1,1,6.0,13055,M,4328067.0,558250.0,13
201600050814,16,7,31,1740,1,1,1,1,2.0,13055,M,,,13
201600050815,16,8,1,1450,1,1,1,1,4.0,13055,M,,,13
201600050816,16,8,5,30,3,1,1,2,2.0,13071,M,,,13
201600050817,16,8,7,355,3,1,1,1,2.0,13055,M,0.0,0.0,13
201600050818,16,8,7,1815,1,1,1,1,1.0,13055,M,,,13
201600050819,16,8,7,2005,1,1,1,1,2.0,13071,M,0.0,0.0,13
201600050820,16,8,5,1800,1,1,1,1,6.0,13001,M,,,13
201600050821,16,7,4,1905,1,1,1,1,2.0,13106,M,,,13
201600050822,16,8,9,1920,1,1,1,1,2.0,13055,M,,,13
201600050823,16,8,10,910,1,1,1,1,4.0,13071,M,,,13
201600050824,16,8,11,20,3,1,1,1,2.0,13015,M,,,13
201600050825,16,8,12,1310,1,1,1,1,7.0,13055,M,0.0,0.0,13
201600050826,16,8,13,715,1,1,1,1,6.0,13005,M,0.0,0.0,13
201600050827,16,8,13,805,1,2,1,1,6.0,13055,M,,,13
201600050828,16,8,14,430,5,1,1,1,2.0,13055,M,4334679.0,534525.0,13
201600050829,16,8,14,2152,3,1,1,1,4.0,13071,M,,,13
201600050830,16,8,16,2050,2,1,1,1,2.0,13001,M,0.0,0.0,13
201600050831,16,8,17,530,3,1,1,1,6.0,13055,M,,,13
201600050832,16,8,12,1630,1,1,1,1,2.0,13055,M,,,13
201600050833,16,8,18,550,3,1,1,1,2.0,13001,M,,,13
201600050834,16,8,18,1515,1,1,1,1,7.0,13071,M,,,13
201600050835,16,8,19,1655,1,1,1,1,2.0,13071,M,,,13
201600050836,16,8,18,1815,1,1,1,1,4.0,13071,M,,,13
201600050837,16,8,21,15,4,1,1,1,5.0,13055,M,0.0,0.0,13
201600050838,16,8,20,500,3,1,1,1,7.0,13022,M,,,13
201600050839,16,8,21,1,5,1,1,1,3.0,13055,M,,,13
201600050840,16,8,22,555,3,1,1,1,2.0,13117,M,0.0,0.0,13
201600050841,16,8,23,2130,3,1,1,1,6.0,13015,M,,,13
201600050842,16,8,24,1235,1,1,1,1,7.0,13015,M,0.0,0.0,13
201600050843,16,8,24,910,1,1,1,1,7.0,13085,M,,,13
201600050844,16,8,25,855,1,1,1,1,2.0,13055,M,,,13
201600050845,16,8,25,1400,1,1,1,1,2.0,13055,M,,,13
201600050846,16,8,23,1730,1,1,1,1,4.0,13071,M,,,13
201600050847,16,8,27,520,3,1,1,1,2.0,13106,M,,,13
201600050848,16,8,25,1140,1,1,1,1,2.0,13055,M,0.0,521468.0,13
201600050849,16,8,29,1000,1,1,1,1,2.0,13055,M,4329169.0,536574.0,13
201600050850,16,8,30,1700,1,1,1,1,4.0,13055,M,,,13
201600050851,16,8,30,1230,1,1,1,1,4.0,13071,M,,,13
201600050852,16,8,30,645,1,1,1,1,3.0,13015,M,0.0,0.0,13
201600050853,16,8,30,2120,3,1,1,1,2.0,13028,M,4321040.0,558315.0,13
201600050854,16,8,31,1810,1,1,1,1,2.0,13055,M,4328587.0,543005.0,13
201600050855,16,8,30,2118,3,1,1,1,7.0,13022,M,0.0,0.0,13
201600050856,16,8,31,820,1,1,1,1,6.0,13055,M,,,13
201600050857,16,9,6,930,1,1,1,1,4.0,13055,M,,,13
201600050858,16,9,7,840,1,1,1,1,5.0,13055,M,,,13
201600050859,16,9,7,1845,1,1,1,1,4.0,13015,M,0.0,0.0,13
201600050860,16,9,8,2200,3,1,1,1,7.0,13001,M,,,13
201600050861,16,8,31,1745,1,1,1,1,2.0,13055,M,,,13
201600050862,16,9,6,1650,1,1,1,1,3.0,13005,M,,,13
201600050863,16,9,11,730,2,1,1,1,7.0,13071,M,0.0,0.0,13
201600050864,16,9,10,1100,1,1,1,1,6.0,13056,M,0.0,0.0,13
201600050865,16,9,8,1630,1,1,1,1,4.0,13070,M,0.0,0.0,13
201600050866,16,9,8,1835,1,1,1,1,3.0,13055,M,0.0,0.0,13
201600050867,16,9,8,1800,1,1,1,1,3.0,13055,M,,,13
201600050868,16,9,12,840,1,1,1,1,3.0,13055,M,0.0,0.0,13
201600050869,16,9,12,1330,1,1,1,1,2.0,13055,M,,,13
201600050870,16,9,12,2330,3,1,1,1,6.0,13117,M,0.0,0.0,13
201600050871,16,9,14,2100,3,1,1,2,7.0,13055,M,,,13
201600050872,16,9,12,1140,1,1,1,1,4.0,13071,M,0.0,0.0,13
201600050873,16,9,15,845,1,1,1,1,5.0,13005,M,,,13
201600050874,16,9,14,2355,3,1,1,1,7.0,13071,M,0.0,0.0,13
201600050875,16,9,15,1430,1,1,1,1,7.0,13001,M,,,13
201600050876,16,9,5,1745,1,1,1,1,2.0,13055,M,,,13
201600050877,16,9,6,1430,1,1,1,1,4.0,13055,M,,,13
201600050878,16,9,17,2010,5,1,1,1,2.0,13055,M,0.0,0.0,13
201600050879,16,9,17,1745,1,1,1,1,6.0,13055,M,4331518.0,536517.0,13
201600050880,16,9,18,1900,1,1,1,1,2.0,13071,M,,,13
201600050881,16,9,17,2230,3,1,1,1,7.0,13088,M,0.0,0.0,13
201600050882,16,9,19,840,1,1,1,1,6.0,13071,M,0.0,0.0,13
201600050883,16,9,18,415,3,1,1,1,4.0,13026,M,0.0,0.0,13
201600050884,16,9,19,1310,1,1,1,1,6.0,13005,M,,,13
201600050885,16,9,20,1750,1,1,1,1,1.0,13055,M,,,13
201600050886,16,9,20,1300,1,1,9,1,7.0,13001,M,0.0,0.0,13
201600050887,16,9,16,1020,1,1,1,2,6.0,13005,M,,,13
201600050888,16,9,21,10,3,1,1,1,6.0,13085,M,0.0,0.0,13
201600050889,16,9,20,900,1,1,1,1,4.0,13071,M,0.0,0.0,13
201600050890,16,9,23,730,1,1,1,1,4.0,13055,M,,,13
201600050891,16,9,23,830,1,1,1,1,3.0,13071,M,0.0,0.0,13
201600050892,16,9,23,850,1,1,1,1,6.0,13055,M,4336970.0,536086.0,13
201600050893,16,9,23,1820,1,1,1,1,2.0,13070,M,,,13
201600050894,16,9,24,1415,1,1,1,1,5.0,13071,M,,,13
201600050895,16,9,25,1400,1,1,1,1,6.0,13019,M,0.0,0.0,13
201600050896,16,9,25,1450,1,1,1,1,4.0,13019,M,0.0,0.0,13
201600050897,16,9,25,1030,1,1,1,1,6.0,13026,M,0.0,0.0,13
201600050898,16,9,25,1840,1,1,1,1,6.0,13043,M,,,13
201600050899,16,9,26,1610,1,1,1,1,1.0,13055,M,,,13
201600050900,16,9,26,1615,1,1,1,1,2.0,13055,M,4331255.0,536822.0,13
201600050901,16,9,26,1725,1,1,1,1,7.0,13085,M,0.0,0.0,13
201600050902,16,9,26,1845,1,1,1,1,4.0,13055,M,4329727.0,536313.0,13
201600050903,16,9,27,15,3,1,1,1,2.0,13081,M,4348951.0,524048.0,13
201600050904,16,9,27,1850,2,1,1,3,7.0,13071,M,0.0,0.0,13
201600050905,16,9,27,1710,1,1,1,1,3.0,13055,M,0.0,0.0,13
201600050906,16,9,28,1310,1,1,9,1,7.0,13081,M,0.0,0.0,13
201600050907,16,9,5,1710,1,1,1,1,4.0,13055,M,,,13
201600050908,16,9,5,1800,1,1,1,1,4.0,13055,M,,,13
201600050909,16,9,30,810,1,1,1,1,5.0,13106,M,0.0,0.0,13
201600050910,16,10,1,540,5,1,1,1,3.0,13055,M,,,13
201600050911,16,10,2,955,1,1,1,1,5.0,13026,M,,,13
201600050912,16,10,3,845,1,1,1,1,4.0,13005,M,,,13
201600050913,16,9,26,845,1,1,1,1,3.0,13055,M,0.0,0.0,13
201600050914,16,8,24,1725,1,1,1,1,6.0,13055,M,,,13
201600050915,16,9,30,1435,1,1,1,2,6.0,13055,M,,,13
201600050916,16,10,4,945,1,1,1,1,4.0,13055,M,0.0,0.0,13
201600050917,16,10,4,630,3,1,1,1,7.0,13033,M,0.0,0.0,13
201600050918,16,10,4,930,1,1,1,1,2.0,13055,M,,,13
201600050919,16,10,5,900,1,1,1,1,2.0,13106,M,0.0,0.0,13
201600050920,16,10,5,930,1,1,1,1,4.0,13019,M,0.0,0.0,13
201600050921,16,10,5,1610,1,1,1,1,6.0,13055,M,,,13
201600050922,16,10,7,1820,1,1,1,1,4.0,13071,M,0.0,0.0,13
201600050923,16,10,6,1720,1,1,1,1,2.0,13117,M,,,13
201600050924,16,8,22,1600,1,1,1,1,3.0,13005,M,,,13
201600050925,16,9,10,1850,1,1,1,1,4.0,13055,M,0.0,0.0,13
201600050926,16,10,11,815,1,1,1,1,4.0,13071,M,0.0,0.0,13
201600050927,16,10,11,835,1,1,1,8,7.0,13055,M,,,13
201600050928,16,10,11,1745,1,1,1,1,1.0,13055,M,0.0,0.0,13
201600050929,16,10,11,855,1,1,1,1,2.0,13005,M,0.0,0.0,13
201600050930,16,10,11,1550,1,1,1,1,3.0,13055,M,,,13
201600050931,16,10,11,1800,1,1,1,1,2.0,13081,M,,,13
201600050932,16,10,12,800,1,1,1,1,2.0,13081,M,,,13
201600050933,16,10,13,210,5,1,1,1,3.0,13055,M,,,13
201600050934,16,10,14,735,3,1,1,2,2.0,13043,M,,,13
201600050935,16,10,14,1425,1,1,1,2,6.0,13055,M,0.0,0.0,13
201600050936,16,10,14,1445,1,1,1,2,6.0,13117,M,,,13
201600050937,16,10,14,1620,1,1,1,3,1.0,13056,M,0.0,0.0,13
201600050938,16,10,14,1715,1,1,1,1,1.0,13055,M,,,13
201600050939,16,10,15,1600,1,1,1,1,7.0,13071,M,,,13
201600050940,16,10,12,1620,1,1,1,1,3.0,13015,M,,,13
201600050941,16,10,14,1720,1,1,1,1,5.0,13055,M,0.0,0.0,13
201600050942,16,10,19,905,1,1,1,1,6.0,13055,M,,,13
201600050943,16,10,20,750,1,1,1,1,3.0,13055,M,,,13
201600050944,16,10,11,905,1,1,1,1,4.0,13055,M,,,13
201600050945,16,10,20,1955,3,1,1,1,6.0,13070,M,0.0,0.0,13
201600050946,16,10,18,1640,1,1,1,1,4.0,13055,M,,,13
201600050947,16,10,22,1845,2,1,1,2,4.0,13055,M,,,13
201600050948,16,10,23,615,3,1,1,2,6.0,13019,M,,,13
201600050949,16,10,23,10,3,1,1,1,2.0,13055,M,,,13
201600050950,16,10,23,1450,1,1,1,2,6.0,13071,M,,,13
201600050951,16,10,23,1800,1,1,1,1,3.0,13055,M,,,13
201600050952,16,10,25,1215,1,1,1,8,6.0,13001,M,,,13
201600050953,16,10,27,822,1,1,1,1,7.0,13026,M,,,13
201600050954,16,10,27,1615,1,1,1,1,6.0,13071,M,4340591.0,529268.0,13
201600050955,16,10,27,1110,1,1,1,1,7.0,13106,M,,,13
201600050956,16,10,28,800,1,1,1,1,4.0,13055,M,4330691.0,536595.0,13
201600050957,16,10,29,1100,1,1,1,1,7.0,13071,M,0.0,0.0,13
201600050958,16,10,30,1925,2,1,1,1,4.0,13033,M,0.0,0.0,13
201600050959,16,10,30,2040,3,1,1,1,4.0,13106,M,,,13
201600050960,16,10,28,1650,2,1,1,1,7.0,13055,M,,,13
201600050961,16,11,1,310,3,1,1,1,2.0,13055,M,0.0,0.0,13
201600050962,16,10,31,1850,3,1,1,1,2.0,13033,M,0.0,0.0,13
201600050963,16,11,1,1500,1,1,1,1,6.0,13081,M,,,13
201600050964,16,11,1,2115,3,1,1,1,2.0,13043,M,0.0,0.0,13
201600050965,16,10,30,1435,1,1,1,1,7.0,13055,M,,,13
201600050966,16,11,2,715,1,1,1,1,2.0,13015,M,0.0,0.0,13
201600050967,16,11,3,840,1,1,1,1,3.0,13055,M,4328279.0,539650.0,13
201600050968,16,10,22,1825,2,1,1,2,7.0,13019,M,,,13
201600050969,16,11,3,830,1,1,1,1,2.0,13071,M,0.0,0.0,13
201600050970,16,11,3,1220,1,1,1,1,4.0,13055,M,0.0,0.0,13
201600050971,16,10,29,1655,1,1,1,1,6.0,13071,M,,,13
201600050972,16,11,5,130,3,1,1,2,2.0,13005,M,,,13
201600050973,16,11,3,1330,1,1,1,1,3.0,13055,M,0.0,0.0,13
201600050974,16,11,5,715,2,1,1,2,6.0,13085,M,,,13
201600050975,16,11,5,1320,1,1,1,8,7.0,13085,M,,,13
201600050976,16,11,6,905,1,1,1,1,7.0,13085,M,,,13
201600050977,16,11,7,950,1,1,1,1,2.0,13071,M,,,13
201600050978,16,11,8,810,1,1,1,1,5.0,13055,M,0.0,0.0,13
201600050979,16,11,8,905,1,1,1,1,6.0,13106,M,,,13
201600050980,16,11,8,845,1,1,1,1,4.0,13117,M,0.0,0.0,13
201600050981,16,10,21,30,3,1,1,1,7.0,13001,M,0.0,0.0,13
201600050982,16,11,9,1145,1,1,1,2,7.0,13005,M,,,13
201600050983,16,11,10,1945,3,1,1,1,4.0,13071,M,0.0,0.0,13
201600050984,16,11,10,948,1,1,1,1,4.0,13055,M,0.0,0.0,13
201600050985,16,11,12,1530,1,1,1,1,6.0,13055,M,,,13
201600050986,16,11,13,100,5,1,1,1,6.0,13055,M,0.0,0.0,13
201600050987,16,11,13,555,3,1,1,1,2.0,13088,M,,,13
201600050988,16,11,12,1820,5,1,1,1,4.0,13055,M,0.0,0.0,13
201600050989,16,11,14,25,3,1,1,2,5.0,13005,M,,,13
201600050990,16,11,14,755,1,1,1,2,2.0,13055,M,,,13
201600050991,16,11,11,1800,3,1,1,1,3.0,13055,M,4335013.0,536844.0,13
201600050992,16,11,15,1615,1,1,1,1,7.0,13088,M,,,13
201600050993,16,11,15,1830,3,1,1,1,7.0,13055,M,,,13
201600050994,16,11,16,845,1,1,1,1,2.0,13055,M,0.0,0.0,13
201600050995,16,11,16,910,1,1,1,1,2.0,13055,M,0.0,0.0,13
201600050996,16,11,16,1815,3,1,1,1,7.0,13005,M,,,13
201600050997,16,11,17,2300,5,1,1,1,6.0,13055,M,,,13
201600050998,16,11,17,945,1,1,1,1,4.0,13071,M,,,13