Num_Acc,an,mois,jour,hrmn,lum,agg,int,atm,col,com,gps,lat,long,dep
201600050999,16,11,18,1420,1,1,1,1,5.0,13055,M,0.0,0.0,13
201600051000,16,11,15,1845,3,1,1,1,5.0,13081,M,,,13
201600051001,16,11,20,225,4,1,1,1,6.0,13055,M,0.0,0.0,13
201600051002,16,11,21,715,2,1,1,2,4.0,13055,M,0.0,0.0,13
201600051003,16,11,21,800,1,1,1,3,4.0,13026,M,,,13
201600051004,16,11,21,1530,1,1,1,2,2.0,13055,M,,,13
201600051005,16,11,17,900,1,1,9,1,3.0,13055,M,0.0,0.0,13
201600051006,16,11,18,1045,1,1,1,1,6.0,13055,M,,,13
201600051007,16,11,22,1945,3,1,1,1,6.0,13055,M,,,13
201600051008,16,11,22,955,1,1,1,2,6.0,13055,M,0.0,0.0,13
201600051009,16,11,22,1130,1,1,1,2,7.0,13056,M,,,13
201600051010,16,11,25,1150,1,1,1,1,7.0,13055,M,0.0,0.0,13
201600051011,16,11,24,1810,3,1,1,1,4.0,13055,M,0.0,0.0,13
201600051012,16,11,25,110,3,1,1,3,6.0,13005,M,0.0,0.0,13
201600051013,16,11,26,235,3,1,1,1,1.0,13055,M,,,13
201600051014,16,11,26,2020,3,1,1,1,2.0,13106,M,0.0,0.0,13
201600051015,16,11,26,435,3,1,1,1,6.0,13056,M,0.0,0.0,13
201600051016,16,11,27,2220,3,1,1,1,6.0,13088,M,,,13
201600051017,16,11,27,1930,3,1,1,1,4.0,13055,M,,,13
201600051018,16,11,25,1705,3,1,1,2,3.0,13055,M,0.0,0.0,13
201600051019,16,11,29,905,1,1,1,1,4.0,13055,M,,,13
201600051020,16,11,30,905,1,1,1,1,1.0,13071,M,,,13
201600051021,16,11,24,320,3,1,1,1,6.0,13001,M,,,13
201600051022,16,11,30,2250,3,1,1,1,6.0,13055,M,,,13
201600051023,16,11,30,1245,1,1,1,1,2.0,13055,M,,,13
201600051024,16,11,15,1805,3,1,1,1,3.0,13055,M,,,13
201600051025,16,12,2,1700,2,1,1,1,4.0,13088,M,0.0,0.0,13
201600051026,16,12,2,1700,1,1,1,1,4.0,13055,M,,,13
201600051027,16,12,3,1645,1,1,1,2,6.0,13088,M,,,13
201600051028,16,12,5,855,1,1,1,1,4.0,13055,M,,,13
201600051029,16,12,5,1400,1,1,1,1,5.0,13071,M,,,13
201600051030,16,12,5,420,3,1,1,1,2.0,13043,M,0.0,0.0,13
201600051031,16,12,6,1500,1,1,1,1,6.0,13055,M,0.0,0.0,13
201600051032,16,12,6,730,2,1,1,1,2.0,13070,M,,,13
201600051033,16,12,7,730,3,1,1,1,4.0,13071,M,,,13
201600051034,16,12,6,1750,3,1,1,1,4.0,13055,M,,,13
201600051035,16,12,6,1835,3,1,1,1,4.0,13071,M,0.0,0.0,13
201600051036,16,12,7,1800,3,1,1,1,4.0,13071,M,0.0,0.0,13
201600051037,16,12,7,1250,1,1,1,1,4.0,13117,M,,,13
201600051038,16,12,8,1500,1,1,1,1,2.0,13055,M,,,13
201600051039,16,12,8,845,1,1,1,1,2.0,13071,M,0.0,0.0,13
201600051040,16,12,8,742,1,1,1,1,2.0,13071,M,0.0,0.0,13
201600051041,16,12,9,1610,1,1,1,1,4.0,13055,M,,,13
201600051042,16,11,21,805,1,1,1,2,1.0,13085,M,,,13
201600051043,16,12,10,1945,3,1,1,1,2.0,13055,M,0.0,0.0,13
201600051044,16,12,11,720,1,1,1,1,7.0,13085,M,,,13
201600051045,16,12,11,450,5,1,1,1,6.0,13055,M,,,13
201600051046,16,12,11,105,5,1,1,1,7.0,13055,M,,,13
201600051047,16,12,12,1400,1,1,1,1,6.0,13071,M,0.0,0.0,13
201600051048,16,12,13,800,1,1,1,1,2.0,13055,M,,,13
201600051049,16,12,13,920,1,1,1,1,4.0,13055,M,,,13
201600051050,16,12,13,1205,1,1,1,1,2.0,13081,M,4348840.0,524065.0,13
201600051051,16,12,14,1415,1,1,1,1,1.0,13001,M,,,13
201600051052,16,12,14,1935,3,1,1,1,6.0,13019,M,,,13
201600051053,16,12,15,1830,3,1,1,1,2.0,13055,M,,,13
201600051054,16,12,16,2330,3,1,1,1,6.0,13026,M,,,13
201600051055,16,12,17,555,3,1,1,1,6.0,13015,M,,,13
201600051056,16,12,16,1245,1,1,1,1,2.0,13055,M,,,13
201600051057,16,12,17,345,3,1,1,1,3.0,13055,M,0.0,0.0,13
201600051058,16,12,17,1950,5,1,1,1,2.0,13055,M,,,13
201600051059,16,12,18,1645,1,1,1,1,2.0,13055,M,4331648.0,536453.0,13
201600051060,16,12,18,1645,1,1,1,1,2.0,13055,M,0.0,0.0,13
201600051061,16,12,15,1830,4,1,1,1,2.0,13071,M,,,13
201600051062,16,12,18,2200,3,1,1,1,6.0,13033,M,,,13
201600051063,16,12,19,2015,3,1,1,2,6.0,13055,M,4332020.0,536389.0,13
201600051064,16,12,20,1815,3,1,1,2,6.0,13071,M,4339885.0,529207.0,13
201600051065,16,12,11,1805,3,1,1,1,5.0,13071,M,,,13
201600051066,16,12,20,1850,3,1,1,2,2.0,13071,M,,,13
201600051067,16,12,21,1735,3,1,1,1,4.0,13055,M,,,13
201600051068,16,12,21,1830,3,1,1,1,3.0,13106,M,,,13
201600051069,16,12,16,920,1,1,1,1,4.0,13001,M,0.0,0.0,13
201600051070,16,12,5,650,3,1,1,1,2.0,13026,M,,,13
201600051071,16,12,22,1730,3,1,1,1,2.0,13117,M,,,13
201600051072,16,12,23,1415,1,1,1,1,4.0,13055,M,,,13
201600051073,16,12,23,1930,3,1,1,1,2.0,13026,M,,,13
201600051074,16,12,24,200,3,1,1,1,2.0,13117,M,,,13
201600051075,16,12,24,1330,1,1,1,1,3.0,13055,M,,,13
201600051076,16,12,24,440,3,1,1,1,2.0,13026,M,,,13
201600051077,16,12,25,1745,3,1,1,1,6.0,13071,M,,,13
201600051078,16,12,25,1200,1,1,1,1,4.0,13055,M,,,13
201600051079,16,12,27,1530,1,1,1,1,4.0,13071,M,0.0,0.0,13
201600051080,16,12,27,1545,1,1,1,1,4.0,13019,M,,,13
201600051081,16,12,28,455,3,1,1,1,3.0,13019,M,0.0,0.0,13
201600051082,16,12,28,1320,1,1,1,1,6.0,13026,M,,,13
201600051083,16,12,29,40,3,1,1,1,2.0,13015,M,,,13
201600051084,16,12,30,1155,1,1,1,1,2.0,13055,M,0.0,0.0,13
201600051085,16,8,26,1032,1,2,1,1,6.0,13054,M,4344096.0,522542.0,13
201600051086,16,1,3,1015,1,2,7,2,3.0,75101,M,4886010.0,233333.0,75
201600051087,16,1,5,1710,5,2,4,1,3.0,75101,M,4886530.0,232728.0,75
201600051088,16,1,11,1030,1,2,3,2,3.0,75101,M,4886530.0,232728.0,75
201600051089,16,1,21,1230,1,2,2,1,6.0,75101,M,4886270.0,233736.0,75
201600051090,16,1,24,445,5,2,7,2,3.0,75101,M,4886380.0,233207.0,75
201600051091,16,1,29,1220,1,2,2,1,6.0,75102,M,4886950.0,233676.0,75
201600051092,16,2,2,630,5,2,2,1,3.0,75101,M,4885910.0,234641.0,75
201600051093,16,2,9,610,5,2,2,3,6.0,75101,M,4886350.0,233975.0,75
201600051094,16,2,12,1200,1,2,3,2,7.0,75101,M,4886250.0,235038.0,75
201600051095,16,2,14,1020,1,2,2,1,7.0,75101,M,4886390.0,234233.0,75
201600051096,16,2,18,1400,1,2,7,2,6.0,75101,M,4886300.0,233626.0,75
201600051097,16,2,29,1515,1,2,1,1,6.0,75101,M,4886350.0,233278.0,75
201600051098,16,3,7,1326,1,2,7,8,7.0,75101,M,4886660.0,232856.0,75
201600051099,16,3,10,900,1,2,7,1,2.0,75108,M,4886420.0,232014.0,75
201600051100,16,3,16,1010,1,2,3,1,2.0,75101,M,4886530.0,232728.0,75
201600051101,16,3,22,1250,1,2,7,1,7.0,75101,M,4885720.0,234729.0,75
201600051102,16,3,23,1000,1,2,5,1,3.0,75101,M,4885880.0,234748.0,75
201600051103,16,3,23,1735,1,2,1,1,3.0,75101,M,4885930.0,234866.0,75
201600051104,16,3,24,925,1,2,7,1,3.0,75101,M,4886270.0,233525.0,75
201600051105,16,3,27,130,5,2,4,3,6.0,75101,M,4886230.0,232567.0,75
201600051106,16,4,2,1330,1,2,4,1,6.0,75101,M,4886230.0,232567.0,75
201600051107,16,4,5,1500,1,2,1,1,3.0,75101,M,4886200.0,233999.0,75
201600051108,16,4,5,2325,5,2,5,1,3.0,75101,M,4885880.0,234748.0,75
201600051109,16,4,7,1010,1,2,1,1,2.0,75101,M,4886100.0,232948.0,75
201600051110,16,4,9,45,5,2,3,1,2.0,75104,M,4886030.0,235292.0,75
201600051111,16,4,10,1115,1,2,3,1,2.0,75101,M,4886440.0,233008.0,75
201600051112,16,4,11,845,1,2,2,2,3.0,75101,M,4885910.0,234641.0,75
201600051113,16,4,13,1130,1,2,3,1,3.0,75101,M,4886320.0,233379.0,75
201600051114,16,4,13,1145,1,2,1,1,7.0,75101,M,4886040.0,233203.0,75
201600051115,16,4,26,1450,1,2,2,2,3.0,75101,M,4886700.0,233586.0,75
201600051116,16,5,11,1120,1,2,7,1,7.0,75101,M,4886040.0,233353.0,75
201600051117,16,5,14,630,2,2,2,1,3.0,75101,M,4885910.0,234641.0,75
201600051118,16,5,11,1840,1,2,3,1,3.0,75101,M,4886570.0,232598.0,75
201600051119,16,5,16,1745,1,2,3,1,6.0,75101,M,4886270.0,233525.0,75
201600051120,16,5,17,1224,1,2,1,1,3.0,75101,M,4885690.0,234685.0,75
201600051121,16,5,18,1530,1,2,2,1,6.0,75101,M,4886170.0,234123.0,75
201600051122,16,5,19,1036,1,2,2,1,3.0,75101,M,4885910.0,234641.0,75
201600051123,16,5,22,1100,1,2,2,2,7.0,75101,M,4885850.0,234820.0,75
201600051124,16,5,27,1515,1,2,1,1,2.0,75101,M,4885980.0,234026.0,75
201600051125,16,6,2,1620,1,2,2,2,3.0,75101,M,4885620.0,234643.0,75
201600051126,16,6,3,1500,1,2,3,1,3.0,75101,M,4886290.0,235065.0,75
201600051127,16,6,6,1410,1,2,1,1,2.0,75101,M,4885850.0,234229.0,75
201600051128,16,6,10,345,5,2,2,1,3.0,75101,M,4885850.0,234820.0,75
201600051129,16,6,15,245,5,2,1,1,6.0,75103,M,4886240.0,235409.0,75
201600051130,16,6,16,1810,1,2,2,1,2.0,75101,M,4886170.0,234123.0,75
201600051131,16,6,19,1040,1,2,2,1,6.0,75102,M,4886840.0,234765.0,75
201600051132,16,6,22,100,5,2,1,1,6.0,75101,M,4885970.0,234834.0,75
201600051133,16,6,25,1500,1,2,3,1,7.0,75101,M,4885870.0,234163.0,75
201600051134,16,7,1,1130,1,2,3,1,2.0,75101,M,4886530.0,232728.0,75
201600051135,16,7,1,1730,1,2,1,1,2.0,75101,M,4885920.0,233864.0,75
201600051136,16,7,3,1245,1,2,1,1,6.0,75101,M,4886720.0,232857.0,75
201600051137,16,7,4,835,1,2,1,1,7.0,75101,M,4886480.0,232881.0,75
201600051138,16,7,4,1300,1,2,1,1,6.0,75101,M,4886460.0,234611.0,75
201600051139,16,7,6,1830,1,2,1,1,2.0,75101,M,4885890.0,234700.0,75
201600051140,16,7,7,2306,5,2,1,1,2.0,75101,M,4886290.0,233466.0,75
201600051141,16,7,11,1230,1,2,2,1,6.0,75101,M,4886170.0,234123.0,75
201600051142,16,7,11,1840,1,2,3,1,6.0,75101,M,4885720.0,234141.0,75
201600051143,16,7,12,3,5,2,2,1,3.0,75101,M,4885990.0,234395.0,75
201600051144,16,7,15,1120,1,2,3,1,3.0,75101,M,4886240.0,234029.0,75
201600051145,16,7,16,2115,2,2,2,7,6.0,75101,M,4886090.0,234079.0,75
201600051146,16,7,20,1330,1,2,4,1,6.0,75101,M,4885950.0,234359.0,75
201600051147,16,7,25,1110,1,2,1,1,6.0,75102,M,4887040.0,234645.0,75
201600051148,16,7,28,835,1,2,1,2,3.0,75101,M,4885890.0,234700.0,75
201600051149,16,7,28,1830,1,2,1,1,3.0,75101,M,4886770.0,232884.0,75
201600051150,16,7,29,240,5,2,7,1,6.0,75108,M,4887310.0,229709.0,75
201600051151,16,8,3,2010,2,2,3,1,2.0,75103,M,4885830.0,236380.0,75
201600051152,16,8,4,1130,1,2,7,2,7.0,75102,M,4887030.0,233244.0,75
201600051153,16,8,5,540,2,2,7,1,3.0,75101,M,4885720.0,234141.0,75
201600051154,16,8,6,200,5,2,3,1,2.0,75101,M,4886530.0,232728.0,75
201600051155,16,8,9,754,1,2,7,1,2.0,75101,M,4886840.0,233028.0,75
201600051156,16,8,13,1915,1,2,1,1,2.0,75101,M,4886490.0,232849.0,75
201600051157,16,8,16,1300,1,2,7,1,7.0,75101,M,4885770.0,234776.0,75
201600051158,16,8,16,1540,1,2,2,1,3.0,75101,M,4886340.0,234034.0,75
201600051159,16,8,24,1135,1,2,3,1,6.0,75101,M,4886500.0,234066.0,75
201600051160,16,8,31,1620,1,2,3,1,2.0,75101,M,4885770.0,234544.0,75
201600051161,16,9,9,1700,1,2,7,1,6.0,75101,M,4886650.0,232355.0,75
201600051162,16,9,10,315,5,2,3,1,3.0,75101,M,4886250.0,233607.0,75
201600051163,16,9,19,1650,1,2,7,1,6.0,75101,M,4886270.0,233525.0,75
201600051164,16,9,28,1155,1,2,3,1,2.0,75102,M,4886890.0,232940.0,75
201600051165,16,10,3,1320,1,2,1,1,6.0,75101,M,4886650.0,232622.0,75
201600051166,16,10,13,1600,1,2,3,2,3.0,75101,M,4885900.0,233985.0,75
201600051167,16,10,14,1545,1,2,7,2,7.0,75101,M,4886840.0,233028.0,75
201600051168,16,10,18,1310,1,2,2,1,3.0,75101,M,4886380.0,233424.0,75
201600051169,16,10,20,1750,1,2,7,2,7.0,75101,M,4886040.0,234057.0,75
201600051170,16,10,21,1100,1,2,5,1,3.0,75102,M,4886890.0,234008.0,75
201600051171,16,10,25,1700,1,2,2,1,2.0,75101,M,4886440.0,234667.0,75
201600051172,16,11,3,1505,1,2,2,1,3.0,75101,M,4886350.0,233975.0,75
201600051173,16,11,7,1205,1,2,2,2,6.0,75101,M,4886740.0,232619.0,75
201600051174,16,11,9,955,1,2,3,3,6.0,75101,M,4885690.0,234115.0,75
201600051175,16,11,10,1505,1,2,3,8,2.0,75101,M,4886630.0,232413.0,75
201600051176,16,11,11,210,5,2,3,2,3.0,75102,M,4886420.0,234759.0,75
201600051177,16,11,14,1710,2,2,1,1,6.0,75101,M,4885890.0,234700.0,75
201600051178,16,11,15,150,5,2,3,2,6.0,75101,M,4886150.0,233907.0,75
201600051179,16,11,17,1116,1,2,2,1,3.0,75101,M,4886010.0,233333.0,75
201600051180,16,11,30,1200,1,2,2,1,3.0,75101,M,4886090.0,234079.0,75
201600051181,16,12,4,630,5,2,3,1,2.0,75101,M,4885920.0,233789.0,75
201600051182,16,12,5,845,1,2,2,1,6.0,75102,M,4886420.0,234759.0,75
201600051183,16,12,5,1340,1,2,7,1,3.0,75101,M,4886010.0,233333.0,75
201600051184,16,12,8,1150,1,2,2,1,7.0,75101,M,4885950.0,234877.0,75
201600051185,16,12,20,1220,1,2,7,1,6.0,75101,M,4885870.0,234163.0,75
201600051186,16,12,27,1900,1,2,1,1,6.0,75101,M,4885930.0,234715.0,75
201600051187,16,1,3,20,5,2,1,1,6.0,75103,M,4886380.0,236365.0,75
201600051188,16,1,5,1145,1,2,2,2,3.0,75102,M,4886340.0,235094.0,75
201600051189,16,1,7,1355,1,2,2,1,3.0,75103,M,4886620.0,235251.0,75
201600051190,16,1,11,1445,1,2,1,8,3.0,75101,M,4886510.0,233310.0,75
201600051191,16,1,11,2050,5,2,2,2,3.0,75102,M,4886440.0,234667.0,75
201600051192,16,1,12,1700,2,2,2,1,7.0,75102,M,4886700.0,235294.0,75
201600051193,16,1,14,840,1,2,5,3,7.0,75103,M,4886200.0,236454.0,75
201600051194,16,1,15,1505,1,2,4,1,2.0,75102,M,4886920.0,233288.0,75
201600051195,16,1,16,1820,5,2,2,1,6.0,75101,M,4886200.0,235013.0,75
201600051196,16,1,18,1700,2,2,2,1,3.0,75101,M,4886610.0,233982.0,75
201600051197,16,1,20,320,5,2,1,1,7.0,75102,M,4887030.0,235000.0,75
201600051198,16,1,20,1150,1,2,2,1,6.0,75102,M,4886440.0,235150.0,75
201600051199,16,1,21,740,2,2,2,8,3.0,75109,M,4887580.0,234369.0,75
201600051200,16,1,22,840,1,2,3,1,7.0,75101,M,4886630.0,232413.0,75
201600051201,16,1,24,400,5,2,2,2,6.0,75102,M,4886860.0,234973.0,75
201600051202,16,1,24,705,5,2,1,2,3.0,75101,M,4886750.0,232862.0,75
201600051203,16,1,29,1600,1,2,5,1,6.0,75102,M,4886970.0,235262.0,75
201600051204,16,1,31,240,5,2,2,2,7.0,75102,M,4886340.0,235094.0,75
201600051205,16,1,31,1800,2,2,4,2,3.0,75102,M,4886480.0,234538.0,75
201600051206,16,2,1,1830,1,2,1,1,3.0,75102,M,4887020.0,234078.0,75
201600051207,16,2,3,950,1,2,3,1,3.0,75101,M,4886560.0,233678.0,75
201600051208,16,2,3,1440,1,2,7,2,3.0,75102,M,4887060.0,233206.0,75
201600051209,16,2,7,450,5,2,1,1,4.0,75101,M,4886020.0,233291.0,75
201600051210,16,2,7,2035,5,2,2,1,3.0,75101,M,4886530.0,234307.0,75
201600051211,16,2,8,1155,1,2,3,2,6.0,75102,M,4886920.0,234314.0,75
201600051212,16,2,17,1650,1,2,7,1,3.0,75109,M,4887210.0,233293.0,75
201600051213,16,2,23,1320,1,2,2,1,3.0,75109,M,4887580.0,234201.0,75
201600051214,16,2,28,140,5,2,2,1,7.0,75102,M,4886440.0,235150.0,75
201600051215,16,2,29,1235,1,2,2,1,3.0,75102,M,4886920.0,233864.0,75
201600051216,16,3,1,2235,3,2,2,2,6.0,75102,M,4887150.0,234309.0,75
201600051217,16,3,3,1105,1,2,2,1,6.0,75102,M,4887020.0,233479.0,75
201600051218,16,3,7,1940,5,2,5,2,6.0,75102,M,4886780.0,234537.0,75
201600051219,16,3,11,1900,1,2,1,1,6.0,75101,M,4886420.0,234658.0,75
201600051220,16,3,15,1240,1,2,1,1,6.0,75109,M,4887870.0,234616.0,75
201600051221,16,3,18,2015,5,2,1,1,3.0,75116,M,4884450.0,225713.0,75
201600051222,16,3,22,1500,1,2,2,1,2.0,75102,M,4886740.0,234731.0,75
201600051223,16,3,27,2040,5,2,1,1,2.0,75101,M,4885890.0,234702.0,75
201600051224,16,3,31,50,5,2,1,2,6.0,75101,M,4886680.0,233400.0,75
201600051225,16,4,4,900,1,2,7,1,3.0,75102,M,4887060.0,233206.0,75
201600051226,16,4,4,1010,1,2,2,1,3.0,75102,M,4886920.0,233864.0,75
201600051227,16,4,7,1400,1,2,1,1,2.0,75102,M,4886570.0,235221.0,75
201600051228,16,4,7,2010,2,2,2,1,6.0,75101,M,4886380.0,233424.0,75
201600051229,16,4,8,357,5,2,2,1,3.0,75109,M,4887670.0,233706.0,75
201600051230,16,4,9,1550,1,2,4,2,6.0,75101,M,4886230.0,232567.0,75
201600051231,16,4,9,1925,2,2,1,2,2.0,75102,M,4886900.0,233298.0,75
201600051232,16,4,14,1030,1,2,3,1,3.0,75102,M,4886780.0,234375.0,75
201600051233,16,4,14,1330,1,2,2,1,6.0,75102,M,4886410.0,235009.0,75
201600051234,16,4,15,1440,1,2,5,1,2.0,75102,M,4886680.0,234383.0,75
201600051235,16,4,25,1210,1,2,7,1,6.0,75109,M,4887310.0,233165.0,75
201600051236,16,4,25,1830,2,2,4,2,3.0,75101,M,4886230.0,232567.0,75
201600051237,16,5,3,1630,1,2,2,1,3.0,75102,M,4886960.0,233150.0,75
201600051238,16,5,13,1120,1,2,3,1,6.0,75102,M,4886520.0,235038.0,75
201600051239,16,5,19,1030,1,2,2,2,6.0,75102,M,4886630.0,235202.0,75
201600051240,16,5,22,240,5,2,2,2,6.0,75102,M,4886440.0,235150.0,75
201600051241,16,5,26,2120,5,2,1,1,7.0,75102,M,4886770.0,234381.0,75
201600051242,16,6,1,1750,1,2,2,1,3.0,75102,M,4886690.0,234943.0,75
201600051243,16,6,4,1945,1,2,7,1,6.0,75102,M,4887060.0,233206.0,75
201600051244,16,6,8,1005,1,2,3,1,2.0,75103,M,4886410.0,235136.0,75
201600051245,16,6,10,1145,1,2,7,1,6.0,75101,M,4886560.0,234087.0,75
201600051246,16,6,11,1310,1,2,5,8,3.0,75102,M,4886390.0,234908.0,75
201600051247,16,6,14,955,1,2,1,1,6.0,75102,M,4887130.0,234456.0,75
201600051248,16,6,15,1430,1,2,1,1,6.0,75102,M,4886830.0,235365.0,75
201600051249,16,6,18,1920,1,2,1,8,6.0,75102,M,4886520.0,234336.0,75
201600051250,16,6,23,15,5,2,1,1,3.0,75109,M,4887140.0,234387.0,75
201600051251,16,6,23,940,1,2,1,1,2.0,75102,M,4886920.0,233114.0,75
201600051252,16,6,23,2300,5,2,3,1,6.0,75102,M,4886880.0,234331.0,75
201600051253,16,7,1,1250,1,2,1,1,3.0,75102,M,4886620.0,234353.0,75
201600051254,16,7,2,1440,1,2,2,1,3.0,75102,M,4886870.0,235387.0,75
201600051255,16,7,26,1720,1,2,7,1,3.0,75102,M,4886870.0,234133.0,75
201600051256,16,8,23,1420,1,2,5,1,2.0,75102,M,4886750.0,233366.0,75
201600051257,16,9,5,1935,2,2,2,2,6.0,75102,M,4887020.0,232993.0,75
201600051258,16,9,6,1520,1,2,5,1,3.0,75102,M,4886970.0,235262.0,75
201600051259,16,9,8,1935,2,2,2,1,3.0,75102,M,4886620.0,235251.0,75
201600051260,16,9,29,900,1,2,2,8,3.0,75102,M,4886690.0,234943.0,75
201600051261,16,9,30,1415,1,2,1,1,6.0,75102,M,4887130.0,233616.0,75
201600051262,16,10,3,1730,1,2,3,1,6.0,75103,M,4886760.0,235329.0,75
201600051263,16,10,4,1015,1,2,2,1,6.0,75102,M,4886920.0,234581.0,75
201600051264,16,10,4,1220,1,2,3,1,6.0,75104,M,4885430.0,236373.0,75
201600051265,16,10,8,1930,5,2,3,1,3.0,75104,M,4884900.0,236447.0,75
201600051266,16,10,11,1310,1,2,5,1,3.0,75109,M,4887200.0,233998.0,75
201600051267,16,10,12,1815,1,2,2,1,6.0,75101,M,4886750.0,233366.0,75
201600051268,16,10,14,1110,1,2,1,8,3.0,75102,M,4886400.0,234836.0,75
201600051269,16,10,14,1235,1,2,2,1,6.0,75102,M,4886930.0,235421.0,75
201600051270,16,10,14,2250,5,2,7,2,7.0,75102,M,4886750.0,233366.0,75
201600051271,16,10,29,310,5,2,2,1,2.0,75104,M,4885690.0,235380.0,75
201600051272,16,11,1,2340,5,2,2,1,3.0,75109,M,4887150.0,234309.0,75
201600051273,16,11,5,50,5,2,1,2,2.0,75109,M,4888300.0,233462.0,75
201600051274,16,11,5,1840,2,2,2,1,6.0,75102,M,4886890.0,234008.0,75
201600051275,16,11,8,2241,5,2,2,2,6.0,75101,M,4886700.0,233586.0,75
201600051276,16,11,9,735,1,2,3,3,2.0,75101,M,4885900.0,233985.0,75
201600051277,16,11,10,1845,5,2,2,3,1.0,75102,M,4886340.0,235094.0,75
201600051278,16,1,14,32,5,2,5,1,3.0,75102,M,4886870.0,233310.0,75
201600051279,16,11,15,1715,2,2,1,2,6.0,75101,M,4885820.0,234801.0,75
201600051280,16,11,18,49,5,2,7,2,3.0,75102,M,4887030.0,233271.0,75
201600051281,16,11,17,2105,5,2,3,1,7.0,75102,M,4886790.0,235343.0,75
201600051282,16,11,20,550,5,2,2,2,3.0,75101,M,4886010.0,233333.0,75
201600051283,16,11,24,1400,1,2,1,1,6.0,75102,M,4887190.0,234070.0,75
201600051284,16,12,9,25,5,2,1,1,6.0,75102,M,4887080.0,233740.0,75
201600051285,16,12,12,2135,5,2,2,9,7.0,75102,M,4887150.0,234309.0,75
201600051286,16,12,15,1803,5,2,3,1,3.0,75101,M,4886150.0,233907.0,75
201600051287,16,12,26,1535,1,2,3,1,6.0,75102,M,4886920.0,234314.0,75
201600051288,16,1,4,1640,2,2,7,1,3.0,75102,M,4887020.0,233220.0,75
201600051289,16,1,6,1730,5,2,1,9,6.0,75103,M,4886840.0,235947.0,75
201600051290,16,1,8,1100,1,2,2,1,3.0,75103,M,4886890.0,235402.0,75
201600051291,16,1,11,1325,1,2,7,1,6.0,75103,M,4886730.0,236338.0,75
201600051292,16,1,16,1130,1,2,1,1,7.0,75102,M,4886680.0,234115.0,75
201600051293,16,1,19,1710,2,2,1,1,6.0,75103,M,4885890.0,236064.0,75
201600051294,16,1,19,2225,5,2,2,1,6.0,75103,M,4885990.0,236073.0,75
201600051295,16,1,20,1010,1,2,1,1,3.0,75103,M,4886570.0,235220.0,75
201600051296,16,1,21,755,5,2,1,1,7.0,75101,M,4886040.0,233224.0,75
201600051297,16,1,22,1400,1,2,5,3,3.0,75103,M,4886900.0,235558.0,75
201600051298,16,1,24,630,5,2,7,1,3.0,75101,M,4886010.0,233333.0,75
201600051299,16,1,26,1500,1,2,3,1,6.0,75103,M,4885700.0,236733.0,75
201600051300,16,2,1,1540,1,2,3,8,6.0,75103,M,4885940.0,236451.0,75
201600051301,16,2,6,1645,1,2,3,1,7.0,75103,M,4885920.0,236763.0,75
201600051302,16,2,7,329,5,2,2,3,6.0,75103,M,4886790.0,235497.0,75
201600051303,16,2,12,1345,1,2,1,3,6.0,75103,M,4886710.0,236370.0,75
201600051304,16,2,17,101,5,2,3,1,2.0,75103,M,4886120.0,235345.0,75
201600051305,16,2,17,2200,5,2,2,1,3.0,75103,M,4886900.0,235558.0,75
201600051306,16,2,19,1350,1,2,2,1,3.0,75103,M,4886590.0,235808.0,75
201600051307,16,2,19,1550,1,2,1,1,3.0,75103,M,4886270.0,235379.0,75
201600051308,16,2,24,2145,5,2,1,1,6.0,75109,M,4887160.0,234259.0,75
201600051309,16,2,25,925,1,2,2,1,6.0,75103,M,4886600.0,235376.0,75
201600051310,16,2,27,1125,1,2,1,1,6.0,75103,M,4886270.0,235379.0,75
201600051311,16,2,29,1940,5,2,7,1,3.0,75104,M,4885330.0,236846.0,75
201600051312,16,3,3,201,5,2,7,2,2.0,75103,M,4886800.0,236223.0,75
201600051313,16,3,4,1505,1,2,2,2,6.0,75103,M,4886600.0,235376.0,75
201600051314,16,3,9,1345,1,2,7,1,6.0,75103,M,4886730.0,236338.0,75
201600051315,16,3,9,1930,2,2,5,1,3.0,75101,M,4886650.0,233413.0,75
201600051316,16,3,10,2040,5,2,4,1,6.0,75103,M,4885920.0,236763.0,75
201600051317,16,3,12,1245,1,2,2,1,2.0,75101,M,4886380.0,233207.0,75
201600051318,16,3,16,1836,5,2,1,1,2.0,75101,M,4886480.0,233285.0,75
201600051319,16,3,16,2253,5,2,2,1,2.0,75103,M,4886520.0,235713.0,75
201600051320,16,3,20,150,5,2,1,1,4.0,75103,M,4885790.0,236796.0,75
201600051321,16,3,23,1535,1,2,1,1,3.0,75103,M,4885710.0,236817.0,75
201600051322,16,3,25,810,1,2,2,2,6.0,75109,M,4887240.0,233742.0,75
201600051323,16,3,29,915,1,2,3,1,6.0,75104,M,4885490.0,235069.0,75
201600051324,16,3,31,1147,1,2,4,3,6.0,75103,M,4885710.0,236443.0,75
201600051325,16,4,4,1820,1,2,1,1,6.0,75103,M,4886680.0,236421.0,75
201600051326,16,4,5,1330,1,2,7,1,6.0,75109,M,4887260.0,233575.0,75
201600051327,16,4,7,1640,1,2,1,2,6.0,75103,M,4886580.0,236512.0,75