Num_Acc,an,mois,jour,hrmn,lum,agg,int,atm,col,com,gps,lat,long,dep
201600051950,16,11,28,1710,5,2,3,1,3.0,75106,M,4885320.0,233255.0,75
201600051951,16,12,2,745,1,2,2,1,3.0,75106,M,4885140.0,234314.0,75
201600051952,16,12,6,2045,5,2,5,1,6.0,75106,M,4884700.0,232692.0,75
201600051953,16,12,7,1650,2,2,3,1,3.0,75106,M,4885020.0,232409.0,75
201600051954,16,12,13,1702,5,2,3,1,3.0,75106,M,4884920.0,233596.0,75
201600051955,16,12,16,1022,1,2,3,1,6.0,75106,M,4884410.0,232310.0,75
201600051956,16,12,16,2100,5,2,4,1,7.0,75106,M,4885720.0,233859.0,75
201600051957,16,12,23,1115,1,2,5,1,6.0,75106,M,4884810.0,232791.0,75
201600051958,16,12,28,1110,1,2,2,1,2.0,75106,M,4884710.0,233016.0,75
201600051959,16,12,31,616,5,2,2,8,3.0,75106,M,4885150.0,233704.0,75
201600051960,16,12,31,1827,5,2,2,1,3.0,75106,M,4885160.0,233107.0,75
201600051961,16,1,3,317,5,2,2,1,6.0,75107,M,4885150.0,231052.0,75
201600051962,16,1,7,1800,5,2,1,1,6.0,75107,M,4884820.0,230714.0,75
201600051963,16,1,8,1945,5,2,1,1,6.0,75107,M,4885220.0,230926.0,75
201600051964,16,1,10,410,5,2,2,2,3.0,75107,M,4886030.0,232357.0,75
201600051965,16,1,14,935,1,2,3,3,2.0,75107,M,4885930.0,233019.0,75
201600051966,16,1,15,1705,2,2,2,1,3.0,75107,M,4885340.0,232616.0,75
201600051967,16,1,19,920,1,2,1,1,2.0,75107,M,4886050.0,232636.0,75
201600051968,16,1,19,1750,5,2,7,1,3.0,75107,M,4885380.0,231238.0,75
201600051969,16,1,19,1854,5,2,2,1,3.0,75107,M,4885440.0,232588.0,75
201600051970,16,1,20,1540,1,2,3,1,6.0,75107,M,4885870.0,231983.0,75
201600051971,16,1,21,1630,1,2,1,1,2.0,75107,M,4885950.0,229256.0,75
201600051972,16,1,21,1850,5,2,1,1,6.0,75107,M,4885530.0,232758.0,75
201600051973,16,1,22,2303,5,2,7,2,6.0,75107,M,4886240.0,230151.0,75
201600051974,16,1,26,1500,1,2,2,1,7.0,75107,M,4886110.0,231027.0,75
201600051975,16,1,28,2250,5,2,3,1,3.0,75107,M,4886280.0,231163.0,75
201600051976,16,1,29,750,2,2,3,1,3.0,75107,M,4885680.0,233034.0,75
201600051977,16,2,2,1320,1,2,7,2,6.0,75107,M,4886240.0,230201.0,75
201600051978,16,2,3,1135,1,2,1,1,3.0,75107,M,4884870.0,232115.0,75
201600051979,16,2,3,1545,1,2,1,2,3.0,75107,M,4886280.0,231231.0,75
201600051980,16,2,3,1835,5,2,2,1,2.0,75107,M,4886240.0,230922.0,75
201600051981,16,2,6,1755,1,2,7,1,3.0,75107,M,4885900.0,232263.0,75
201600051982,16,2,7,640,5,2,7,1,6.0,75107,M,4885640.0,229822.0,75
201600051983,16,2,9,1320,1,2,3,2,7.0,75107,M,4885900.0,232263.0,75
201600051984,16,2,10,1305,1,2,1,1,3.0,75107,M,4886300.0,231928.0,75
201600051985,16,2,14,1930,5,2,2,1,3.0,75107,M,4884770.0,231333.0,75
201600051986,16,2,16,1440,1,2,2,1,2.0,75107,M,4884940.0,230371.0,75
201600051987,16,2,19,1055,1,2,7,1,2.0,75107,M,4884760.0,231131.0,75
201600051988,16,2,20,2130,3,2,7,1,2.0,75107,M,4885860.0,231294.0,75
201600051989,16,2,21,312,5,2,2,1,6.0,75107,M,4885950.0,232298.0,75
201600051990,16,2,25,2000,5,2,2,1,3.0,75107,M,4886120.0,232058.0,75
201600051991,16,2,26,105,5,2,1,1,6.0,75107,M,4886070.0,229586.0,75
201600051992,16,2,26,1335,1,2,1,1,3.0,75107,M,4885490.0,229591.0,75
201600051993,16,3,3,1030,1,2,1,1,2.0,75107,M,4885480.0,230539.0,75
201600051994,16,3,4,35,5,2,1,1,4.0,75107,M,4886180.0,232186.0,75
201600051995,16,3,5,1900,5,2,1,1,6.0,75107,M,4885040.0,232449.0,75
201600051996,16,3,6,855,1,2,1,1,6.0,75107,M,4886270.0,231096.0,75
201600051997,16,3,7,940,1,2,2,2,7.0,75107,M,4886270.0,231902.0,75
201600051998,16,3,7,1320,1,2,3,1,6.0,75107,M,4885080.0,230909.0,75
201600051999,16,3,8,1145,1,2,1,1,6.0,75107,M,4885390.0,230989.0,75
201600052000,16,3,8,1405,1,2,2,1,6.0,75107,M,4886120.0,232058.0,75
201600052001,16,3,9,930,1,2,3,3,6.0,75107,M,4884980.0,232324.0,75
201600052002,16,3,9,1215,1,2,2,2,3.0,75107,M,4885950.0,232936.0,75
201600052003,16,3,11,834,1,2,2,1,3.0,75107,M,4886110.0,231318.0,75
201600052004,16,3,12,1225,1,2,1,1,3.0,75107,M,4885520.0,232785.0,75
201600052005,16,3,16,1530,1,2,3,1,6.0,75107,M,4886290.0,231519.0,75
201600052006,16,3,17,915,1,2,5,1,3.0,75107,M,4886270.0,231902.0,75
201600052007,16,3,20,1205,1,2,1,1,2.0,75107,M,4886200.0,232117.0,75
201600052008,16,3,21,850,1,2,2,1,2.0,75107,M,4885400.0,230953.0,75
201600052009,16,3,23,1220,1,2,3,1,6.0,75107,M,4884790.0,231593.0,75
201600052010,16,3,24,935,1,2,5,8,2.0,75107,M,4886290.0,231342.0,75
201600052011,16,3,25,340,5,2,2,2,3.0,75107,M,4885080.0,231433.0,75
201600052012,16,3,25,950,1,2,7,2,7.0,75107,M,4885380.0,231238.0,75
201600052013,16,3,29,955,1,2,7,8,3.0,75107,M,4885110.0,230703.0,75
201600052014,16,3,31,1730,1,2,2,2,6.0,75107,M,4885140.0,230965.0,75
201600052015,16,4,2,15,5,2,5,1,3.0,75107,M,4886250.0,231038.0,75
201600052016,16,4,6,1825,1,2,1,3,6.0,75107,M,4886320.0,231946.0,75
201600052017,16,4,7,1210,1,2,1,1,3.0,75107,M,4884970.0,232295.0,75
201600052018,16,4,8,148,5,2,7,1,6.0,75107,M,4885900.0,232263.0,75
201600052019,16,4,14,1550,1,2,5,1,3.0,75107,M,4886270.0,231902.0,75
201600052020,16,4,14,1720,1,2,2,2,6.0,75107,M,4884940.0,231510.0,75
201600052021,16,4,17,600,2,2,7,1,3.0,75107,M,4886240.0,230201.0,75
201600052022,16,4,19,1600,1,2,1,1,7.0,75107,M,4885960.0,229298.0,75
201600052023,16,4,25,1555,1,2,5,1,6.0,75107,M,4885800.0,231519.0,75
201600052024,16,4,26,1830,1,2,2,1,7.0,75107,M,4886240.0,231036.0,75
201600052025,16,4,28,1742,1,2,2,8,3.0,75107,M,4885930.0,229758.0,75
201600052026,16,5,1,1235,1,2,2,1,6.0,75107,M,4885540.0,229662.0,75
201600052027,16,5,2,800,1,2,3,1,6.0,75107,M,4885040.0,231853.0,75
201600052028,16,5,2,1015,1,2,3,1,6.0,75107,M,4886290.0,231519.0,75
201600052029,16,5,2,1705,1,2,3,1,3.0,75107,M,4886110.0,232417.0,75
201600052030,16,5,3,900,1,2,7,1,6.0,75107,M,4885590.0,232555.0,75
201600052031,16,5,3,1023,1,2,5,1,3.0,75107,M,4886060.0,229553.0,75
201600052032,16,5,3,1850,1,2,7,1,6.0,75107,M,4886060.0,229553.0,75
201600052033,16,5,10,810,1,2,7,8,7.0,75107,M,4885860.0,231294.0,75
201600052034,16,5,14,10,5,2,7,1,6.0,75107,M,4885590.0,229733.0,75
201600052035,16,5,16,425,5,2,1,1,6.0,75107,M,4885670.0,232492.0,75
201600052036,16,5,17,1010,1,2,1,1,2.0,75107,M,4885950.0,229415.0,75
201600052037,16,5,17,1740,1,2,1,1,3.0,75107,M,4886280.0,231230.0,75
201600052038,16,5,18,1845,1,2,1,2,6.0,75107,M,4885650.0,230884.0,75
201600052039,16,5,19,915,1,2,2,2,6.0,75107,M,4885020.0,232409.0,75
201600052040,16,5,22,1715,1,2,7,2,7.0,75107,M,4885370.0,231337.0,75
201600052041,16,5,23,935,1,2,1,3,6.0,75107,M,4886090.0,231678.0,75
201600052042,16,5,23,2330,5,2,2,1,6.0,75107,M,4885670.0,229355.0,75
201600052043,16,5,26,910,1,2,2,1,3.0,75107,M,4885950.0,232936.0,75
201600052044,16,5,26,1520,1,2,2,1,2.0,75107,M,4885180.0,231451.0,75
201600052045,16,5,26,2005,1,2,1,1,3.0,75107,M,4885270.0,231330.0,75
201600052046,16,5,26,2220,5,2,3,1,3.0,75107,M,4885900.0,229328.0,75
201600052047,16,5,30,1045,1,2,1,3,6.0,75107,M,4886240.0,231336.0,75
201600052048,16,5,31,938,1,2,2,3,7.0,75107,M,4884940.0,231510.0,75
201600052049,16,6,2,1805,1,2,1,8,6.0,75107,M,4885390.0,230179.0,75
201600052050,16,6,2,2110,2,2,5,8,3.0,75115,M,4885460.0,228867.0,75
201600052051,16,6,3,50,5,2,3,2,3.0,75107,M,4885540.0,230711.0,75
201600052052,16,6,3,1600,1,2,1,8,3.0,75107,M,4886230.0,230476.0,75
201600052053,16,6,4,1235,1,2,5,1,3.0,75107,M,4886270.0,231902.0,75
201600052054,16,6,8,904,1,2,2,1,3.0,75107,M,4885810.0,231000.0,75
201600052055,16,6,9,1515,1,2,1,1,3.0,75107,M,4886060.0,232599.0,75
201600052056,16,6,10,1555,1,2,3,1,6.0,75107,M,4885830.0,230201.0,75
201600052057,16,6,11,1743,1,2,4,1,1.0,75107,M,4885990.0,232816.0,75
201600052058,16,6,13,1430,1,2,1,1,6.0,75107,M,4885930.0,230325.0,75
201600052059,16,6,16,1915,1,2,1,8,2.0,75107,M,4885250.0,231457.0,75
201600052060,16,6,16,2235,5,2,1,1,7.0,75107,M,4886230.0,230505.0,75
201600052061,16,6,18,1159,1,2,3,1,3.0,75107,M,4885930.0,233019.0,75
201600052062,16,6,19,1830,1,2,7,1,3.0,75107,M,4885330.0,231298.0,75
201600052063,16,6,21,1910,1,2,3,1,3.0,75107,M,4885940.0,231954.0,75
201600052064,16,6,21,2308,5,2,2,1,6.0,75115,M,4885460.0,228867.0,75
201600052065,16,6,26,825,1,2,2,1,6.0,75107,M,4885850.0,232311.0,75
201600052066,16,6,29,1025,1,2,2,1,3.0,75107,M,4885850.0,233243.0,75
201600052067,16,6,29,1830,1,2,7,1,2.0,75115,M,4884720.0,231109.0,75
201600052068,16,7,4,1910,1,2,7,1,2.0,75107,M,4886280.0,231163.0,75
201600052069,16,7,6,1800,1,2,3,1,2.0,75107,M,4884830.0,231576.0,75
201600052070,16,7,11,22,5,2,2,1,6.0,75107,M,4885870.0,229854.0,75
201600052071,16,7,11,1100,1,2,1,1,3.0,75107,M,4886140.0,231029.0,75
201600052072,16,7,12,2050,1,2,1,1,6.0,75107,M,4885830.0,232243.0,75
201600052073,16,7,15,2100,1,2,4,1,6.0,75107,M,4885800.0,229154.0,75
201600052074,16,7,16,230,5,2,2,1,6.0,75107,M,4885070.0,231162.0,75
201600052075,16,7,16,1305,1,2,3,1,3.0,75107,M,4884830.0,231576.0,75
201600052076,16,7,18,1100,1,2,5,1,2.0,75107,M,4886060.0,229553.0,75
201600052077,16,7,19,2100,1,2,2,1,6.0,75107,M,4886110.0,231318.0,75
201600052078,16,7,23,1605,1,2,2,1,3.0,75107,M,4884940.0,231510.0,75
201600052079,16,7,25,1315,1,2,3,1,6.0,75107,M,4884790.0,231593.0,75
201600052080,16,7,28,1500,1,2,1,1,6.0,75107,M,4885510.0,232810.0,75
201600052081,16,7,29,955,1,2,1,1,3.0,75107,M,4885990.0,231718.0,75
201600052082,16,8,1,2034,2,2,3,1,7.0,75107,M,4886290.0,231519.0,75
201600052083,16,8,1,2035,3,2,1,1,2.0,75107,M,4885920.0,230061.0,75
201600052084,16,8,4,2150,5,2,3,1,2.0,75107,M,4886240.0,230962.0,75
201600052085,16,8,16,2330,5,2,2,1,2.0,75107,M,4886110.0,231318.0,75
201600052086,16,8,24,1200,1,2,1,1,3.0,75107,M,4885910.0,232769.0,75
201600052087,16,8,25,30,5,2,2,1,3.0,75107,M,4886110.0,231318.0,75
201600052088,16,8,25,900,1,2,5,1,3.0,75107,M,4886270.0,231902.0,75
201600052089,16,8,29,2332,5,2,2,1,3.0,75107,M,4886290.0,231342.0,75
201600052090,16,8,30,1110,1,2,1,1,3.0,75107,M,4885230.0,231905.0,75
201600052091,16,9,1,1120,1,2,3,1,6.0,75107,M,4885070.0,232525.0,75
201600052092,16,9,2,1928,2,2,3,1,3.0,75107,M,4886280.0,231163.0,75
201600052093,16,9,3,425,5,2,7,1,6.0,75107,M,4885770.0,230001.0,75
201600052094,16,9,5,950,1,2,1,2,2.0,75107,M,4885170.0,232428.0,75
201600052095,16,9,5,1930,1,2,2,2,7.0,75107,M,4885750.0,229103.0,75
201600052096,16,9,8,915,1,2,1,1,1.0,75107,M,4884730.0,231794.0,75
201600052097,16,9,14,1707,1,2,1,1,2.0,75107,M,4886220.0,230316.0,75
201600052098,16,9,18,1925,2,2,2,3,3.0,75107,M,4886270.0,231902.0,75
201600052099,16,9,19,1000,1,2,1,8,3.0,75107,M,4885970.0,229224.0,75
201600052100,16,9,19,1400,1,2,2,2,6.0,75107,M,4886250.0,231038.0,75
201600052101,16,9,24,1550,1,2,3,1,6.0,75107,M,4884830.0,231576.0,75
201600052102,16,9,29,900,1,2,3,1,6.0,75107,M,4885540.0,230370.0,75
201600052103,16,9,29,1200,1,2,1,1,3.0,75107,M,4885220.0,230926.0,75
201600052104,16,10,4,1112,1,2,2,1,2.0,75107,M,4885720.0,230990.0,75
201600052105,16,10,4,1312,1,2,3,1,3.0,75107,M,4885620.0,231501.0,75
201600052106,16,10,6,740,1,2,4,1,2.0,75107,M,4884840.0,232053.0,75
201600052107,16,10,6,1521,1,2,1,1,3.0,75107,M,4885060.0,230885.0,75
201600052108,16,10,9,2345,5,2,2,1,3.0,75115,M,4884000.0,229031.0,75
201600052109,16,10,10,1633,1,2,3,2,7.0,75107,M,4885620.0,231501.0,75
201600052110,16,10,10,1850,2,2,3,8,4.0,75107,M,4884830.0,231576.0,75
201600052111,16,10,11,1105,1,2,1,1,1.0,75107,M,4885750.0,232403.0,75
201600052112,16,10,11,1145,1,2,2,1,6.0,75107,M,4885620.0,230246.0,75
201600052113,16,10,12,845,1,2,7,1,7.0,75115,M,4884210.0,230307.0,75
201600052114,16,10,13,1235,1,2,2,1,3.0,75107,M,4885580.0,230301.0,75
201600052115,16,10,14,1515,1,2,7,2,3.0,75107,M,4885330.0,231298.0,75
201600052116,16,10,16,930,1,2,3,1,6.0,75107,M,4885540.0,230370.0,75
201600052117,16,10,24,1625,1,2,2,2,4.0,75107,M,4886110.0,231027.0,75
201600052118,16,10,25,1900,5,2,1,1,6.0,75107,M,4885790.0,231572.0,75
201600052119,16,10,27,1145,1,2,2,1,3.0,75107,M,4885620.0,229295.0,75
201600052120,16,10,27,2025,5,2,1,1,2.0,75107,M,4885930.0,233001.0,75
201600052121,16,11,4,1620,1,2,3,2,6.0,75107,M,4885050.0,231956.0,75
201600052122,16,11,10,42,5,2,3,2,3.0,75107,M,4886290.0,231519.0,75
201600052123,16,11,10,1205,1,2,2,2,2.0,75107,M,4886220.0,231964.0,75
201600052124,16,11,12,625,5,2,2,1,6.0,75107,M,4885620.0,229295.0,75
201600052125,16,11,12,1030,1,2,3,1,3.0,75107,M,4885480.0,232598.0,75
201600052126,16,11,12,500,5,2,1,1,6.0,75107,M,4886220.0,230238.0,75
201600052127,16,11,13,505,5,2,1,2,6.0,75107,M,4885270.0,231330.0,75
201600052128,16,11,14,1816,5,2,2,2,6.0,75107,M,4885920.0,230510.0,75
201600052129,16,11,21,2045,5,2,2,1,6.0,75107,M,4886220.0,231964.0,75
201600052130,16,11,22,1820,5,2,4,1,3.0,75107,M,4885480.0,232598.0,75
201600052131,16,11,23,1005,1,2,3,2,2.0,75107,M,4884610.0,231423.0,75
201600052132,16,11,27,1325,1,2,2,1,3.0,75107,M,4885620.0,230246.0,75
201600052133,16,11,30,910,1,2,1,1,6.0,75107,M,4886170.0,232011.0,75
201600052134,16,11,30,1917,5,2,2,1,3.0,75107,M,4885720.0,230990.0,75
201600052135,16,11,30,1908,5,2,5,1,6.0,75107,M,4885900.0,229328.0,75
201600052136,16,12,1,1315,1,2,1,1,3.0,75107,M,4885990.0,231574.0,75
201600052137,16,12,1,1645,2,2,1,1,7.0,75107,M,4886250.0,230601.0,75
201600052138,16,12,2,1520,1,2,1,1,4.0,75107,M,4886320.0,231946.0,75
201600052139,16,12,5,1215,1,2,2,1,2.0,75107,M,4886000.0,232170.0,75
201600052140,16,12,5,2320,5,2,2,1,6.0,75107,M,4885990.0,231015.0,75
201600052141,16,12,13,905,1,2,1,2,2.0,75107,M,4885970.0,232311.0,75
201600052142,16,12,16,915,1,2,2,1,6.0,75107,M,4885810.0,231000.0,75
201600052143,16,12,19,1128,1,2,7,1,3.0,75107,M,4886190.0,230199.0,75
201600052144,16,12,23,100,5,2,5,1,6.0,75115,M,4885750.0,229103.0,75
201600052145,16,12,27,2035,5,2,1,1,6.0,75107,M,4885010.0,231471.0,75
201600052146,16,12,29,1215,1,2,1,1,2.0,75107,M,4885400.0,231955.0,75
201600052147,16,12,30,2225,5,2,2,1,6.0,75107,M,4884940.0,231510.0,75
201600052148,16,1,2,2000,5,2,4,2,5.0,75108,M,4887420.0,229955.0,75
201600052149,16,1,4,845,1,2,3,1,6.0,75108,M,4886640.0,230511.0,75
201600052150,16,1,5,1210,1,2,7,2,6.0,75108,M,4886660.0,232190.0,75
201600052151,16,1,5,1915,5,2,3,1,6.0,75108,M,4886830.0,231235.0,75
201600052152,16,1,6,1845,5,2,4,1,2.0,75108,M,4886490.0,231637.0,75
201600052153,16,1,8,1430,1,2,5,1,2.0,75108,M,4887530.0,232421.0,75
201600052154,16,1,8,1800,5,2,2,1,6.0,75108,M,4887410.0,232456.0,75
201600052155,16,1,8,1830,5,2,2,1,3.0,75108,M,4887520.0,229841.0,75
201600052156,16,1,9,1720,5,2,7,1,3.0,75108,M,4887410.0,229573.0,75
201600052157,16,1,11,1755,2,2,2,8,6.0,75108,M,4887910.0,231547.0,75
201600052158,16,1,13,1730,4,2,2,1,7.0,75108,M,4887790.0,231814.0,75
201600052159,16,1,13,1830,5,2,3,1,6.0,75108,M,4886800.0,230472.0,75
201600052160,16,1,14,1620,1,2,2,1,3.0,75108,M,4886700.0,230631.0,75
201600052161,16,1,15,1740,3,2,1,1,7.0,75108,M,4887980.0,232701.0,75
201600052162,16,1,14,1205,1,2,2,1,3.0,75108,M,4886590.0,231989.0,75
201600052163,16,1,17,2220,5,2,3,1,2.0,75108,M,4887220.0,230905.0,75
201600052164,16,1,18,2335,5,2,1,1,3.0,75108,M,4886990.0,230733.0,75
201600052165,16,1,19,1240,1,2,1,1,7.0,75108,M,4887360.0,231777.0,75
201600052166,16,1,20,1100,1,2,2,1,6.0,75108,M,4887770.0,231559.0,75
201600052167,16,1,20,1430,1,2,4,1,7.0,75108,M,4886670.0,230130.0,75
201600052168,16,1,21,840,1,2,2,1,6.0,75108,M,4887990.0,232070.0,75
201600052169,16,1,22,1425,1,2,3,3,3.0,75108,M,4886610.0,229963.0,75
201600052170,16,1,25,1230,1,2,5,7,6.0,75108,M,4887530.0,231577.0,75
201600052171,16,1,26,1250,1,2,2,1,6.0,75108,M,4887240.0,229949.0,75
201600052172,16,1,26,1430,1,2,1,1,3.0,75108,M,4887740.0,230369.0,75
201600052173,16,1,26,1915,2,2,2,1,6.0,75108,M,4887370.0,231445.0,75
201600052174,16,1,27,805,1,2,2,2,6.0,75108,M,4887180.0,230102.0,75
201600052175,16,1,27,1930,5,2,2,1,6.0,75108,M,4887050.0,230531.0,75
201600052176,16,1,27,1745,5,2,1,1,7.0,75108,M,4886500.0,231823.0,75
201600052177,16,1,28,1510,1,2,5,1,3.0,75108,M,4886780.0,231384.0,75
201600052178,16,1,28,2150,5,2,2,1,3.0,75108,M,4887770.0,231559.0,75
201600052179,16,1,29,2020,5,2,2,1,3.0,75108,M,4887020.0,231103.0,75
201600052180,16,1,30,420,5,2,7,2,3.0,75108,M,4886590.0,231989.0,75
201600052181,16,1,30,1110,1,2,5,2,6.0,75108,M,4886750.0,229922.0,75
201600052182,16,2,1,626,5,2,5,1,3.0,75108,M,4887530.0,231577.0,75
201600052183,16,2,2,1500,1,2,1,3,6.0,75108,M,4887140.0,232306.0,75
201600052184,16,2,3,1210,1,2,1,1,3.0,75108,M,4886920.0,230646.0,75
201600052185,16,2,3,1745,1,2,5,8,3.0,75108,M,4887640.0,230786.0,75
201600052186,16,2,9,1010,1,2,7,2,7.0,75108,M,4886600.0,232191.0,75
201600052187,16,2,10,2030,5,2,7,8,3.0,75108,M,4887470.0,230362.0,75
201600052188,16,2,12,1130,1,2,7,2,3.0,75108,M,4886430.0,231033.0,75
201600052189,16,2,12,1800,2,2,1,2,3.0,75108,M,4886980.0,232510.0,75
201600052190,16,2,12,1830,5,2,1,2,2.0,75108,M,4886470.0,230885.0,75
201600052191,16,2,13,240,5,2,2,1,6.0,75117,M,4889250.0,232472.0,75
201600052192,16,2,13,1520,1,2,2,2,6.0,75108,M,4887350.0,232084.0,75
201600052193,16,2,15,845,1,2,4,1,7.0,75108,M,4886610.0,230132.0,75
201600052194,16,2,16,710,1,2,7,1,3.0,75116,M,4887400.0,229417.0,75
201600052195,16,2,16,945,1,2,7,1,6.0,75108,M,4887090.0,232505.0,75
201600052196,16,2,17,846,1,2,7,1,3.0,75108,M,4886500.0,232027.0,75
201600052197,16,2,18,1130,1,2,5,4,3.0,75108,M,4887310.0,229709.0,75
201600052198,16,2,18,1922,5,2,1,2,3.0,75108,M,4887110.0,232522.0,75
201600052199,16,2,19,950,1,2,2,1,2.0,75108,M,4886840.0,230112.0,75
201600052200,16,2,20,2040,5,2,5,1,7.0,75108,M,4887490.0,230590.0,75
201600052201,16,2,22,1120,1,2,2,1,6.0,75108,M,4886990.0,231195.0,75
201600052202,16,2,22,2210,5,2,3,2,3.0,75108,M,4886530.0,230289.0,75
201600052203,16,2,23,840,1,2,2,2,6.0,75108,M,4887340.0,232365.0,75
201600052204,16,2,24,1411,1,2,1,8,6.0,75108,M,4886830.0,230883.0,75
201600052205,16,2,25,1125,1,2,1,1,7.0,75108,M,4887120.0,230300.0,75
201600052206,16,2,25,2225,5,2,3,1,2.0,75108,M,4888050.0,232133.0,75
201600052207,16,2,26,1340,1,2,4,1,3.0,75108,M,4887420.0,229955.0,75
201600052208,16,2,26,1430,1,2,2,1,3.0,75108,M,4887660.0,231757.0,75
201600052209,16,2,27,530,5,2,5,1,6.0,75108,M,4887270.0,230804.0,75
201600052210,16,3,1,1525,1,2,1,2,2.0,75108,M,4886660.0,231388.0,75
201600052211,16,3,1,2024,5,2,1,1,3.0,75108,M,4887510.0,232203.0,75
201600052212,16,3,2,150,5,2,2,2,3.0,75108,M,4887140.0,230728.0,75
201600052213,16,3,2,1030,1,2,5,1,6.0,75108,M,4887190.0,232193.0,75
201600052214,16,3,2,1550,1,2,2,1,3.0,75108,M,4887370.0,230647.0,75
201600052215,16,3,2,1930,5,2,7,2,2.0,75108,M,4887510.0,229601.0,75
201600052216,16,3,2,2007,5,2,7,1,6.0,75108,M,4886490.0,231027.0,75
201600052217,16,3,3,230,5,2,2,2,6.0,75108,M,4887810.0,232257.0,75
201600052218,16,3,3,1550,1,2,2,1,6.0,75108,M,4887100.0,230090.0,75
201600052219,16,3,4,40,5,2,1,2,3.0,75108,M,4887260.0,229881.0,75
201600052220,16,3,6,620,5,2,4,2,6.0,75108,M,4888230.0,232604.0,75
201600052221,16,3,6,1600,1,2,7,1,2.0,75108,M,4886900.0,231008.0,75
201600052222,16,3,7,1700,1,2,2,1,6.0,75108,M,4886920.0,230277.0,75
201600052223,16,3,7,1820,5,2,7,2,3.0,75108,M,4886470.0,232055.0,75
201600052224,16,3,8,1950,5,2,7,1,3.0,75108,M,4886590.0,231989.0,75
201600052225,16,3,9,1018,1,2,2,2,6.0,75108,M,4886900.0,231475.0,75
201600052226,16,3,9,1120,1,2,1,2,2.0,75108,M,4886940.0,230874.0,75
201600052227,16,3,10,940,1,2,7,1,3.0,75108,M,4886700.0,232059.0,75
201600052228,16,3,10,2010,4,2,3,1,2.0,75108,M,4887110.0,230350.0,75
201600052229,16,3,11,1520,1,2,1,1,6.0,75108,M,4888100.0,231413.0,75
201600052230,16,3,13,620,5,2,3,1,6.0,75108,M,4887350.0,230913.0,75
201600052231,16,3,13,811,1,2,6,1,3.0,75108,M,4887350.0,229579.0,75
201600052232,16,3,13,1240,1,2,2,1,3.0,75108,M,4887960.0,230499.0,75
201600052233,16,3,16,1600,1,2,2,1,3.0,75108,M,4886460.0,231030.0,75
201600052234,16,3,17,1540,1,2,2,1,3.0,75108,M,4887790.0,231814.0,75
201600052235,16,3,18,1630,1,2,5,1,6.0,75108,M,4887670.0,231927.0,75
201600052236,16,3,19,1130,1,2,1,1,4.0,75108,M,4886860.0,231135.0,75
201600052237,16,3,23,1030,1,2,7,1,3.0,75108,M,4887560.0,231881.0,75
201600052238,16,3,24,920,1,2,7,1,3.0,75108,M,4886780.0,231384.0,75
201600052239,16,3,24,1404,1,2,2,1,3.0,75108,M,4887180.0,230102.0,75
201600052240,16,3,24,1510,1,2,7,1,3.0,75108,M,4887260.0,231002.0,75
201600052241,16,3,25,915,1,2,7,2,3.0,75108,M,4886780.0,231384.0,75
201600052242,16,3,25,910,1,2,7,6,3.0,75108,M,4887800.0,230522.0,75
201600052243,16,3,25,1150,1,2,4,1,3.0,75108,M,4887060.0,232286.0,75
201600052244,16,3,25,1758,1,2,1,1,2.0,75108,M,4886450.0,230732.0,75
201600052245,16,3,27,1853,1,2,3,1,3.0,75108,M,4887970.0,231397.0,75
201600052246,16,3,28,300,5,2,4,2,6.0,75108,M,4887480.0,230470.0,75
201600052247,16,3,28,2300,5,2,7,2,2.0,75108,M,4886900.0,231008.0,75
201600052248,16,3,29,1740,1,2,2,2,6.0,75108,M,4886700.0,230631.0,75
201600052249,16,3,30,1730,1,2,3,2,3.0,75108,M,4888090.0,232109.0,75
201600052250,16,4,1,630,1,2,7,1,5.0,75108,M,4886900.0,231008.0,75
201600052251,16,4,1,1420,1,2,7,1,2.0,75108,M,4886900.0,231008.0,75
201600052252,16,4,3,1000,1,2,1,1,3.0,75108,M,4887510.0,231058.0,75
201600052253,16,4,1,2130,5,2,7,1,3.0,75108,M,4886460.0,231030.0,75
201600052254,16,4,4,1250,1,2,1,1,1.0,75108,M,4887990.0,231368.0,75
201600052255,16,4,4,2245,5,2,2,2,6.0,75108,M,4887180.0,230102.0,75
201600052256,16,4,5,1415,1,2,5,1,3.0,75108,M,4886420.0,230178.0,75
201600052257,16,4,5,1450,1,2,5,1,6.0,75108,M,4887950.0,232177.0,75
201600052258,16,4,6,1730,1,2,2,1,3.0,75108,M,4886590.0,231989.0,75
201600052259,16,4,7,1210,1,2,7,1,6.0,75108,M,4887010.0,230102.0,75
201600052260,16,4,7,1349,1,2,4,1,7.0,75108,M,4887480.0,230470.0,75