Num_Acc,an,mois,jour,hrmn,lum,agg,int,atm,col,com,gps,lat,long,dep
201600052261,16,4,7,1615,1,2,3,2,6.0,75108,M,4888090.0,232109.0,75
201600052262,16,4,7,1815,1,2,7,1,6.0,75108,M,4888090.0,232472.0,75
201600052263,16,4,7,1920,1,2,7,1,6.0,75108,M,4888090.0,232472.0,75
201600052264,16,4,8,1010,1,2,7,1,6.0,75108,M,4887400.0,229728.0,75
201600052265,16,4,8,1737,1,2,7,1,3.0,75108,M,4886900.0,231008.0,75
201600052266,16,4,7,1300,1,2,1,1,6.0,75108,M,4887140.0,232542.0,75
201600052267,16,4,11,910,1,2,5,2,3.0,75108,M,4887470.0,232004.0,75
201600052268,16,4,11,900,1,2,1,2,3.0,75108,M,4887740.0,230369.0,75
201600052269,16,4,11,1020,1,2,2,2,6.0,75108,M,4887780.0,231618.0,75
201600052270,16,4,11,1640,1,2,1,2,7.0,75108,M,4887610.0,232365.0,75
201600052271,16,4,12,1925,1,2,2,1,6.0,75108,M,4887500.0,230914.0,75
201600052272,16,4,13,1120,1,2,5,1,3.0,75108,M,4887310.0,232672.0,75
201600052273,16,4,13,1345,1,2,7,1,3.0,75108,M,4886660.0,232190.0,75
201600052274,16,4,14,1245,1,2,1,1,2.0,75108,M,4886840.0,231427.0,75
201600052275,16,4,14,2100,5,2,2,2,1.0,75108,M,4886840.0,232324.0,75
201600052276,16,4,16,1210,1,2,7,2,2.0,75108,M,4886780.0,231384.0,75
201600052277,16,4,16,1950,1,2,7,1,3.0,75108,M,4886660.0,232190.0,75
201600052278,16,4,17,745,1,2,2,1,3.0,75108,M,4887490.0,230541.0,75
201600052279,16,4,17,1309,1,2,4,1,6.0,75108,M,4886670.0,230130.0,75
201600052280,16,4,19,1025,1,2,2,1,3.0,75108,M,4887280.0,231068.0,75
201600052281,16,4,21,1915,1,2,3,1,2.0,75108,M,4887210.0,232594.0,75
201600052282,16,4,23,220,5,2,2,2,3.0,75108,M,4886840.0,230112.0,75
201600052283,16,4,23,320,5,2,2,3,7.0,75108,M,4887180.0,230102.0,75
201600052284,16,4,23,1815,1,2,4,1,3.0,75108,M,4887420.0,229955.0,75
201600052285,16,4,28,1130,1,2,1,1,3.0,75108,M,4888120.0,232094.0,75
201600052286,16,4,28,1221,1,2,3,1,6.0,75108,M,4888090.0,232109.0,75
201600052287,16,4,28,1910,1,2,4,1,6.0,75108,M,4887310.0,232672.0,75
201600052288,16,4,29,1520,1,2,2,1,2.0,75108,M,4887140.0,230253.0,75
201600052289,16,4,30,250,5,2,2,1,6.0,75108,M,4887010.0,230662.0,75
201600052290,16,4,30,940,1,2,2,2,6.0,75108,M,4888170.0,231881.0,75
201600052291,16,4,30,1330,1,2,2,2,6.0,75108,M,4887880.0,232221.0,75
201600052292,16,4,30,1555,1,2,3,2,2.0,75108,M,4887110.0,230350.0,75
201600052293,16,5,1,1805,1,2,2,1,3.0,75108,M,4886900.0,231475.0,75
201600052294,16,5,2,200,5,2,1,1,3.0,75116,M,4885140.0,226083.0,75
201600052295,16,5,2,950,1,2,1,1,2.0,75108,M,4887320.0,229676.0,75
201600052296,16,5,3,1140,1,2,1,1,4.0,75108,M,4887320.0,229676.0,75
201600052297,16,5,3,1205,1,2,7,1,6.0,75108,M,4886660.0,232190.0,75
201600052298,16,5,3,1500,1,2,1,1,3.0,75108,M,4887540.0,231652.0,75
201600052299,16,5,4,1040,1,2,1,1,3.0,75108,M,4887410.0,232039.0,75
201600052300,16,5,4,2025,2,2,2,1,3.0,75108,M,4887240.0,229949.0,75
201600052301,16,5,5,120,5,2,3,1,7.0,75108,M,4887520.0,231436.0,75
201600052302,16,5,5,2040,1,2,7,1,7.0,75117,M,4887820.0,229874.0,75
201600052303,16,5,6,32,5,2,4,1,6.0,75108,M,4886490.0,231798.0,75
201600052304,16,5,7,1915,1,2,4,1,3.0,75108,M,4886950.0,231337.0,75
201600052305,16,5,8,850,1,2,1,1,3.0,75108,M,4887150.0,232034.0,75
201600052306,16,5,8,2325,5,2,7,1,6.0,75108,M,4887530.0,232485.0,75
201600052307,16,5,9,1200,1,2,2,1,3.0,75108,M,4887490.0,230541.0,75
201600052308,16,5,9,1425,1,2,3,8,6.0,75108,M,4887210.0,232594.0,75
201600052309,16,5,10,300,5,2,7,2,3.0,75108,M,4886560.0,232069.0,75
201600052310,16,5,10,1240,1,2,1,1,2.0,75108,M,4887080.0,230440.0,75
201600052311,16,5,10,2300,5,2,2,2,6.0,75108,M,4887310.0,229709.0,75
201600052312,16,5,11,1220,1,2,7,1,6.0,75108,M,4887490.0,230181.0,75
201600052313,16,5,11,1405,1,2,3,2,1.0,75108,M,4887700.0,231333.0,75
201600052314,16,5,15,1836,1,2,7,1,3.0,75108,M,4887310.0,229709.0,75
201600052315,16,5,17,1645,1,2,4,1,6.0,75116,M,4886650.0,229951.0,75
201600052316,16,5,18,1620,1,2,2,2,3.0,75108,M,4887100.0,230090.0,75
201600052317,16,5,19,35,5,2,7,2,6.0,75108,M,4886940.0,232476.0,75
201600052318,16,5,19,900,1,2,3,2,3.0,75108,M,4887790.0,231814.0,75
201600052319,16,5,19,1800,1,2,7,1,3.0,75108,M,4886620.0,232121.0,75
201600052320,16,5,22,1730,1,2,7,2,6.0,75108,M,4887770.0,229834.0,75
201600052321,16,5,23,840,1,2,2,3,6.0,75108,M,4887370.0,230053.0,75
201600052322,16,5,23,1430,1,2,2,2,3.0,75108,M,4887520.0,229841.0,75
201600052323,16,5,24,1115,1,2,2,1,3.0,75116,M,4886750.0,229922.0,75
201600052324,16,5,25,1630,1,2,7,1,3.0,75108,M,4886850.0,230925.0,75
201600052325,16,5,25,2000,1,2,7,1,6.0,75108,M,4887380.0,229586.0,75
201600052326,16,5,26,2035,1,2,3,1,4.0,75108,M,4887560.0,232683.0,75
201600052327,16,5,27,900,1,2,4,1,2.0,75108,M,4886470.0,230673.0,75
201600052328,16,5,27,2120,1,2,1,1,6.0,75108,M,4887100.0,231358.0,75
201600052329,16,5,28,1700,1,2,2,1,3.0,75108,M,4887140.0,231004.0,75
201600052330,16,5,29,945,1,2,2,1,3.0,75108,M,4887770.0,231559.0,75
201600052331,16,5,30,940,1,2,2,3,3.0,75108,M,4886590.0,231989.0,75
201600052332,16,5,30,2000,1,2,4,2,3.0,75108,M,4886670.0,230130.0,75
201600052333,16,5,30,1940,1,2,2,2,6.0,75108,M,4887770.0,231559.0,75
201600052334,16,5,31,1830,1,2,2,2,2.0,75108,M,4887050.0,230531.0,75
201600052335,16,6,1,1030,1,2,1,1,7.0,75108,M,4886920.0,230107.0,75
201600052336,16,6,1,1155,1,2,7,1,3.0,75108,M,4886660.0,232190.0,75
201600052337,16,6,2,1320,1,2,1,8,3.0,75108,M,4886860.0,232344.0,75
201600052338,16,6,3,1520,1,2,1,1,3.0,75108,M,4886510.0,230259.0,75
201600052339,16,6,3,1620,1,2,7,1,3.0,75108,M,4886590.0,231989.0,75
201600052340,16,6,4,1010,1,2,2,1,2.0,75108,M,4887180.0,230102.0,75
201600052341,16,6,6,855,1,2,1,1,6.0,75108,M,4886820.0,230311.0,75
201600052342,16,6,7,1115,1,2,1,1,6.0,75108,M,4886520.0,230141.0,75
201600052343,16,6,7,1530,1,2,2,1,3.0,75108,M,4887290.0,231595.0,75
201600052344,16,6,10,945,1,2,5,1,2.0,75108,M,4887830.0,231982.0,75
201600052345,16,6,10,1145,1,2,1,1,2.0,75108,M,4887170.0,230148.0,75
201600052346,16,6,10,1530,1,2,1,1,6.0,75108,M,4886980.0,230382.0,75
201600052347,16,6,11,220,5,2,7,1,6.0,75108,M,4886590.0,231989.0,75
201600052348,16,6,11,1700,1,2,7,8,6.0,75108,M,4887350.0,229579.0,75
201600052349,16,6,12,2000,1,2,7,2,2.0,75108,M,4886440.0,230185.0,75
201600052350,16,6,15,815,1,2,2,2,6.0,75117,M,4887510.0,229601.0,75
201600052351,16,6,16,1402,1,2,3,3,3.0,75108,M,4886710.0,231607.0,75
201600052352,16,6,16,2300,1,2,2,1,2.0,75108,M,4886700.0,230631.0,75
201600052353,16,6,17,1145,1,2,1,1,3.0,75108,M,4888240.0,232225.0,75
201600052354,16,6,19,140,5,2,7,1,3.0,75108,M,4886590.0,231989.0,75
201600052355,16,6,19,400,5,2,7,1,3.0,75108,M,4886590.0,231989.0,75
201600052356,16,6,19,630,2,2,7,1,3.0,75108,M,4886660.0,232190.0,75
201600052357,16,6,19,1955,1,2,1,1,6.0,75116,M,4886670.0,228609.0,75
201600052358,16,6,20,1500,1,2,2,3,3.0,75108,M,4887010.0,230102.0,75
201600052359,16,6,21,1130,1,2,1,1,4.0,75108,M,4888160.0,231861.0,75
201600052360,16,6,21,1415,1,2,1,1,4.0,75108,M,4887170.0,230148.0,75
201600052361,16,6,22,1130,1,2,7,1,3.0,75108,M,4886710.0,231393.0,75
201600052362,16,6,22,1320,1,2,7,1,3.0,75108,M,4887350.0,229579.0,75
201600052363,16,6,23,815,1,2,4,1,7.0,75108,M,4886460.0,230349.0,75
201600052364,16,6,24,1010,1,2,7,1,3.0,75108,M,4887560.0,231881.0,75
201600052365,16,6,25,2340,5,2,5,1,3.0,75108,M,4887380.0,232704.0,75
201600052366,16,6,26,1940,1,2,2,1,3.0,75108,M,4887840.0,231553.0,75
201600052367,16,6,27,1750,1,2,2,1,6.0,75108,M,4887460.0,229693.0,75
201600052368,16,6,28,900,1,2,1,1,3.0,75108,M,4887430.0,231793.0,75
201600052369,16,6,29,5,5,2,2,1,3.0,75108,M,4887390.0,231586.0,75
201600052370,16,6,29,1100,1,2,2,1,3.0,75108,M,4886900.0,231008.0,75
201600052371,16,6,29,1200,1,2,1,1,6.0,75108,M,4886970.0,230561.0,75
201600052372,16,6,30,1,5,2,1,1,6.0,75108,M,4886560.0,232169.0,75
201600052373,16,6,30,200,5,2,7,1,2.0,75108,M,4886420.0,232014.0,75
201600052374,16,6,30,400,5,2,7,1,6.0,75108,M,4886930.0,232391.0,75
201600052375,16,6,30,1530,1,2,1,2,3.0,75116,M,4886660.0,229947.0,75
201600052376,16,6,30,2320,5,2,1,1,4.0,75108,M,4886970.0,230800.0,75
201600052377,16,7,1,940,1,2,1,1,3.0,75108,M,4887500.0,232177.0,75
201600052378,16,7,2,2000,1,2,3,1,2.0,75108,M,4887110.0,230350.0,75
201600052379,16,7,4,820,1,2,1,1,3.0,75108,M,4887680.0,230728.0,75
201600052380,16,7,4,926,1,2,2,1,6.0,75108,M,4887430.0,232271.0,75
201600052381,16,7,4,1434,1,2,7,1,4.0,75108,M,4888120.0,231530.0,75
201600052382,16,7,4,1730,1,2,3,1,3.0,75108,M,4886940.0,232515.0,75
201600052383,16,7,5,2000,1,2,7,1,3.0,75108,M,4887110.0,231625.0,75
201600052384,16,7,6,1430,1,2,5,1,3.0,75108,M,4886500.0,231369.0,75
201600052385,16,7,6,1500,1,2,2,1,6.0,75108,M,4887520.0,229841.0,75
201600052386,16,7,7,1,5,2,2,1,3.0,75108,M,4887090.0,230878.0,75
201600052387,16,7,7,920,1,2,1,1,3.0,75117,M,4889300.0,231003.0,75
201600052388,16,7,8,1850,1,2,1,1,3.0,75108,M,4887430.0,230558.0,75
201600052389,16,7,10,1435,1,2,1,1,5.0,75108,M,4886920.0,230107.0,75
201600052390,16,7,11,5,5,2,1,1,6.0,75108,M,4886470.0,230850.0,75
201600052391,16,7,11,1115,1,2,2,1,3.0,75108,M,4886990.0,231195.0,75
201600052392,16,7,11,2330,5,2,1,1,6.0,75108,M,4887890.0,230181.0,75
201600052393,16,7,12,1445,1,2,7,1,3.0,75108,M,4886480.0,231905.0,75
201600052394,16,7,12,2150,2,2,2,1,6.0,75108,M,4887370.0,231445.0,75
201600052395,16,7,13,100,5,2,1,2,6.0,75108,M,4887470.0,230410.0,75
201600052396,16,7,13,1155,1,2,1,1,3.0,75108,M,4887330.0,231591.0,75
201600052397,16,7,13,2220,5,2,2,1,2.0,75108,M,4887090.0,232263.0,75
201600052398,16,7,15,1610,1,2,2,1,2.0,75108,M,4887370.0,231445.0,75
201600052399,16,7,18,1830,1,2,7,7,3.0,75108,M,4886440.0,232029.0,75
201600052400,16,7,21,1300,1,2,7,1,2.0,75108,M,4887510.0,229601.0,75
201600052401,16,7,21,1745,1,2,2,1,6.0,75108,M,4887240.0,229949.0,75
201600052402,16,7,23,1730,1,2,7,1,3.0,75108,M,4886440.0,232029.0,75
201600052403,16,7,24,1045,1,2,2,1,6.0,75108,M,4886720.0,230190.0,75
201600052404,16,7,24,2255,5,2,7,1,6.0,75108,M,4886590.0,231989.0,75
201600052405,16,7,25,1704,1,2,1,2,3.0,75108,M,4888150.0,231800.0,75
201600052406,16,7,26,1250,1,2,7,1,6.0,75108,M,4887470.0,230362.0,75
201600052407,16,7,26,1940,1,2,1,1,3.0,75108,M,4887120.0,230323.0,75
201600052408,16,7,27,1320,1,2,3,1,6.0,75108,M,4888080.0,231703.0,75
201600052409,16,7,27,2346,5,2,3,1,6.0,75108,M,4886790.0,230019.0,75
201600052410,16,7,28,1410,1,2,7,1,6.0,75108,M,4887820.0,229874.0,75
201600052411,16,7,28,1630,1,2,4,1,2.0,75108,M,4887960.0,232700.0,75
201600052412,16,7,29,15,5,2,7,1,3.0,75101,M,4886320.0,233556.0,75
201600052413,16,7,31,20,5,2,7,1,7.0,75108,M,4886590.0,231989.0,75
201600052414,16,7,31,2025,2,2,1,1,2.0,75108,M,4887500.0,230789.0,75
201600052415,16,8,2,1520,1,2,1,2,7.0,75108,M,4887340.0,231292.0,75
201600052416,16,8,3,1500,1,2,1,1,3.0,75116,M,4884600.0,225785.0,75
201600052417,16,8,4,1630,1,2,2,1,3.0,75108,M,4886920.0,230277.0,75
201600052418,16,8,4,2330,5,2,7,1,3.0,75116,M,4887330.0,229547.0,75
201600052419,16,8,5,1830,1,2,2,1,7.0,75108,M,4887260.0,231476.0,75
201600052420,16,8,6,935,1,2,7,1,3.0,75108,M,4886440.0,232029.0,75
201600052421,16,8,7,1,5,2,5,1,6.0,75108,M,4886970.0,229825.0,75
201600052422,16,8,7,1420,1,2,2,1,2.0,75108,M,4887840.0,231553.0,75
201600052423,16,8,9,920,1,2,2,1,3.0,75108,M,4888260.0,232335.0,75
201600052424,16,8,14,1430,1,2,7,1,6.0,75108,M,4888040.0,230881.0,75
201600052425,16,8,18,1400,1,2,7,1,3.0,75108,M,4886590.0,231989.0,75
201600052426,16,8,18,1845,1,2,1,9,7.0,75108,M,4887480.0,231899.0,75
201600052427,16,8,20,2005,1,2,7,8,6.0,75108,M,4886590.0,231989.0,75
201600052428,16,8,21,1340,1,2,7,8,3.0,75108,M,4886590.0,231989.0,75
201600052429,16,8,22,1040,1,2,2,1,3.0,75108,M,4887340.0,232365.0,75
201600052430,16,8,23,1010,1,2,7,1,2.0,75108,M,4886440.0,232029.0,75
201600052431,16,8,23,1230,1,2,5,1,3.0,75108,M,4887800.0,230522.0,75
201600052432,16,8,23,1915,1,2,1,7,2.0,75108,M,4886650.0,231788.0,75
201600052433,16,8,25,1230,1,2,2,1,6.0,75108,M,4886500.0,231369.0,75
201600052434,16,8,26,915,1,2,7,1,3.0,75108,M,4886710.0,231393.0,75
201600052435,16,8,27,1230,1,2,7,1,3.0,75108,M,4886900.0,231008.0,75
201600052436,16,8,27,2105,5,2,1,1,6.0,75108,M,4888140.0,232079.0,75
201600052437,16,8,27,2230,3,2,1,6,6.0,75108,M,4887930.0,230391.0,75
201600052438,16,8,29,230,5,2,7,1,3.0,75108,M,4886440.0,232029.0,75
201600052439,16,8,29,1521,1,2,1,1,2.0,75108,M,4887580.0,231414.0,75
201600052440,16,8,30,935,1,2,2,1,4.0,75108,M,4887420.0,231749.0,75
201600052441,16,8,30,1349,1,2,7,1,6.0,75108,M,4886470.0,230146.0,75
201600052442,16,8,30,1855,1,2,2,1,3.0,75108,M,4887490.0,230541.0,75
201600052443,16,8,31,2310,5,2,2,1,6.0,75108,M,4887240.0,229949.0,75
201600052444,16,9,1,320,5,2,3,1,6.0,75108,M,4887090.0,232263.0,75
201600052445,16,9,1,1500,1,2,1,1,2.0,75108,M,4886440.0,230263.0,75
201600052446,16,9,1,1600,1,2,1,1,3.0,75108,M,4887680.0,230224.0,75
201600052447,16,9,3,2320,5,2,1,1,2.0,75108,M,4887320.0,229678.0,75
201600052448,16,9,5,1330,1,2,2,2,2.0,75108,M,4886780.0,231384.0,75
201600052449,16,9,5,1450,1,2,1,2,4.0,75108,M,4886450.0,230606.0,75
201600052450,16,9,5,1620,1,2,2,2,3.0,75108,M,4886500.0,231369.0,75
201600052451,16,9,6,1100,1,2,3,1,3.0,75108,M,4887220.0,230905.0,75
201600052452,16,9,6,1810,1,2,7,1,2.0,75108,M,4887110.0,231625.0,75
201600052453,16,9,7,815,1,2,7,7,3.0,75108,M,4886420.0,230214.0,75
201600052454,16,9,7,1527,1,2,7,1,3.0,75117,M,4888420.0,230266.0,75
201600052455,16,9,7,1815,1,2,3,1,3.0,75108,M,4886870.0,230173.0,75
201600052456,16,9,7,1900,1,2,2,1,3.0,75108,M,4887390.0,231586.0,75
201600052457,16,9,8,8,5,2,7,1,6.0,75108,M,4886780.0,231384.0,75
201600052458,16,9,8,40,5,2,7,1,2.0,75108,M,4887410.0,229573.0,75
201600052459,16,9,8,1150,1,2,3,1,3.0,75108,M,4887530.0,231480.0,75
201600052460,16,9,8,2215,5,2,4,1,3.0,75108,M,4886760.0,230123.0,75
201600052461,16,9,9,1925,2,2,1,1,6.0,75116,M,4887640.0,228362.0,75
201600052462,16,9,11,2215,4,2,7,1,3.0,75108,M,4886710.0,231393.0,75
201600052463,16,9,12,2130,4,2,1,1,6.0,75116,M,4887500.0,224543.0,75
201600052464,16,9,13,2000,2,2,5,1,3.0,75108,M,4886680.0,231021.0,75
201600052465,16,9,14,910,1,2,2,1,7.0,75108,M,4887790.0,231814.0,75
201600052466,16,9,15,1650,1,2,7,1,6.0,75108,M,4886590.0,231989.0,75
201600052467,16,9,16,1700,1,2,4,2,6.0,75108,M,4887440.0,230119.0,75
201600052468,16,9,17,150,5,2,2,1,6.0,75108,M,4887770.0,231559.0,75
201600052469,16,9,17,1130,1,2,7,2,4.0,75108,M,4886590.0,231989.0,75
201600052470,16,9,20,20,5,2,5,1,3.0,75108,M,4887380.0,232704.0,75
201600052471,16,9,21,1325,1,2,5,1,4.0,75108,M,4887470.0,232004.0,75
201600052472,16,9,22,750,1,2,7,1,3.0,75108,M,4886420.0,232014.0,75
201600052473,16,9,22,1445,1,2,7,1,3.0,75108,M,4886660.0,232190.0,75
201600052474,16,9,22,1745,1,2,2,1,7.0,75108,M,4887490.0,230541.0,75
201600052475,16,9,24,2000,5,2,3,1,6.0,75108,M,4888200.0,232445.0,75
201600052476,16,9,26,1800,1,2,2,1,2.0,75108,M,4887520.0,229841.0,75
201600052477,16,9,27,922,1,2,2,1,6.0,75108,M,4887390.0,231586.0,75
201600052478,16,9,27,2030,5,2,1,1,3.0,75108,M,4886480.0,231495.0,75
201600052479,16,9,28,1235,1,2,5,1,6.0,75108,M,4887270.0,230804.0,75
201600052480,16,9,30,1000,1,2,2,1,3.0,75108,M,4887420.0,231749.0,75
201600052481,16,10,1,155,5,2,2,2,6.0,75108,M,4886920.0,230277.0,75
201600052482,16,10,2,314,5,2,2,1,3.0,75108,M,4887370.0,230647.0,75
201600052483,16,10,5,1503,1,2,4,1,3.0,75116,M,4886610.0,229963.0,75
201600052484,16,10,6,740,1,2,2,1,3.0,75108,M,4887140.0,230253.0,75
201600052485,16,10,6,1100,1,2,7,1,3.0,75108,M,4888050.0,230968.0,75
201600052486,16,10,6,1920,1,2,4,1,3.0,75116,M,4886550.0,226814.0,75
201600052487,16,10,7,2350,5,2,2,1,3.0,75108,M,4887340.0,232365.0,75
201600052488,16,10,8,110,5,2,4,1,3.0,75108,M,4887190.0,232193.0,75
201600052489,16,10,8,2200,5,2,1,1,6.0,75108,M,4887570.0,232387.0,75
201600052490,16,10,9,2300,4,2,3,1,2.0,75108,M,4887480.0,230470.0,75
201600052491,16,10,12,1630,1,2,7,1,6.0,75108,M,4887800.0,230522.0,75
201600052492,16,10,13,1433,1,2,3,1,6.0,75108,M,4887100.0,230090.0,75
201600052493,16,10,13,2015,5,2,2,2,6.0,75108,M,4887310.0,229709.0,75
201600052494,16,10,16,1200,1,2,1,1,6.0,75108,M,4887100.0,232432.0,75
201600052495,16,10,17,1230,1,2,7,1,3.0,75108,M,4886620.0,232121.0,75
201600052496,16,10,17,1715,1,2,4,1,6.0,75108,M,4886490.0,231798.0,75
201600052497,16,10,19,820,1,2,4,1,3.0,75108,M,4886610.0,229963.0,75
201600052498,16,10,20,200,5,2,7,1,3.0,75108,M,4886940.0,231094.0,75
201600052499,16,10,20,500,5,2,2,2,6.0,75108,M,4888200.0,232048.0,75
201600052500,16,10,23,1620,1,2,2,2,7.0,75108,M,4887090.0,230878.0,75
201600052501,16,10,25,1030,1,2,7,1,3.0,75108,M,4887560.0,231881.0,75
201600052502,16,10,26,1145,1,2,1,1,2.0,75117,M,4888240.0,229613.0,75
201600052503,16,10,26,2010,5,2,2,1,6.0,75108,M,4886840.0,230112.0,75
201600052504,16,10,27,1755,1,2,7,1,3.0,75108,M,4886590.0,231989.0,75
201600052505,16,10,27,2050,5,2,7,1,6.0,75108,M,4887330.0,229547.0,75
201600052506,16,10,28,1400,1,2,1,1,6.0,75108,M,4887000.0,232519.0,75
201600052507,16,11,1,110,5,2,1,1,6.0,75108,M,4888130.0,231728.0,75
201600052508,16,11,2,1830,5,2,3,1,3.0,75108,M,4888050.0,231294.0,75
201600052509,16,11,2,1930,5,2,1,1,3.0,75108,M,4888110.0,231435.0,75
201600052510,16,11,4,830,2,2,1,2,2.0,75108,M,4886690.0,231674.0,75
201600052511,16,11,4,1300,1,2,1,2,3.0,75108,M,4886670.0,229945.0,75
201600052512,16,11,4,1850,4,2,2,1,6.0,75116,M,4886780.0,225104.0,75
201600052513,16,11,4,2340,5,2,2,3,3.0,75108,M,4887810.0,232257.0,75
201600052514,16,11,7,845,1,2,7,2,3.0,75108,M,4887010.0,230102.0,75
201600052515,16,11,7,1700,5,2,1,1,4.0,75108,M,4887450.0,231582.0,75
201600052516,16,11,9,840,1,2,2,1,3.0,75108,M,4886500.0,231369.0,75
201600052517,16,11,9,915,1,2,1,3,2.0,75108,M,4886450.0,232005.0,75
201600052518,16,11,9,1620,1,2,7,2,3.0,75108,M,4886710.0,231393.0,75
201600052519,16,11,10,2345,5,2,7,2,2.0,75108,M,4887560.0,231881.0,75
201600052520,16,11,11,2348,5,2,1,1,4.0,75108,M,4886470.0,230873.0,75
201600052521,16,11,13,703,1,2,1,1,7.0,75108,M,4886860.0,231124.0,75
201600052522,16,11,14,1019,1,2,2,1,3.0,75108,M,4888170.0,231881.0,75
201600052523,16,11,14,2030,5,2,7,1,6.0,75108,M,4886590.0,231989.0,75
201600052524,16,11,15,1355,1,2,1,1,3.0,75108,M,4886640.0,230856.0,75
201600052525,16,11,16,1250,1,2,2,1,2.0,75108,M,4886930.0,230914.0,75
201600052526,16,11,16,1600,1,2,7,1,3.0,75108,M,4886660.0,232190.0,75
201600052527,16,11,16,1425,1,2,1,8,2.0,75108,M,4887720.0,231691.0,75
201600052528,16,11,16,1740,5,2,3,1,6.0,75108,M,4887850.0,231233.0,75
201600052529,16,11,17,2240,5,2,7,1,3.0,75108,M,4886660.0,232190.0,75
201600052530,16,11,17,320,5,2,7,3,3.0,75108,M,4886470.0,232055.0,75
201600052531,16,11,19,1845,5,2,2,1,6.0,75108,M,4887010.0,230662.0,75
201600052532,16,11,20,730,5,2,7,2,3.0,75108,M,4886590.0,231989.0,75
201600052533,16,11,21,1155,1,2,2,2,2.0,75108,M,4888200.0,232048.0,75
201600052534,16,11,22,1310,1,2,1,1,2.0,75108,M,4887390.0,230833.0,75
201600052535,16,11,23,810,1,2,2,2,7.0,75108,M,4887310.0,232672.0,75
201600052536,16,11,23,1930,5,2,7,2,3.0,75108,M,4887880.0,232322.0,75
201600052537,16,11,24,1500,1,2,2,1,3.0,75108,M,4887370.0,230053.0,75
201600052538,16,11,25,340,5,2,2,1,6.0,75108,M,4886770.0,230764.0,75
201600052539,16,11,26,227,5,2,5,1,3.0,75108,M,4888200.0,232048.0,75
201600052540,16,11,26,630,5,2,2,1,3.0,75108,M,4887050.0,231006.0,75
201600052541,16,11,27,10,5,2,1,1,3.0,75108,M,4887330.0,232097.0,75
201600052542,16,11,28,1010,1,2,3,1,3.0,75108,M,4886710.0,231607.0,75
201600052543,16,11,29,1320,1,2,3,1,6.0,75108,M,4887720.0,232690.0,75
201600052544,16,12,2,1110,1,2,7,1,6.0,75108,M,4886490.0,231027.0,75
201600052545,16,12,2,1620,5,2,4,1,4.0,75108,M,4886490.0,231637.0,75
201600052546,16,12,3,120,5,2,2,1,4.0,75108,M,4887140.0,230253.0,75
201600052547,16,12,6,1020,1,2,7,1,3.0,75108,M,4886930.0,232391.0,75
201600052548,16,12,7,1710,5,2,2,1,6.0,75108,M,4886700.0,230631.0,75
201600052549,16,12,7,2320,5,2,7,1,3.0,75108,M,4887560.0,232657.0,75
201600052550,16,12,9,1020,1,2,7,1,6.0,75108,M,4886940.0,232352.0,75
201600052551,16,12,10,1045,1,2,7,1,3.0,75108,M,4888050.0,230968.0,75
201600052552,16,12,10,2000,5,2,4,1,6.0,75108,M,4887480.0,230470.0,75
201600052553,16,12,11,1230,1,2,1,1,3.0,75108,M,4886520.0,230141.0,75
201600052554,16,12,12,935,1,2,7,8,3.0,75108,M,4886900.0,231008.0,75
201600052555,16,12,13,850,1,2,1,2,3.0,75108,M,4886870.0,232353.0,75
201600052556,16,12,15,1840,5,2,1,1,6.0,75108,M,4886600.0,232226.0,75
201600052557,16,12,15,2300,5,2,1,1,6.0,75108,M,4886660.0,231388.0,75
201600052558,16,12,21,1325,1,2,3,1,3.0,75117,M,4889190.0,231793.0,75
201600052559,16,12,22,840,1,2,1,2,2.0,75108,M,4887150.0,230202.0,75
201600052560,16,12,22,1530,1,2,1,2,6.0,75108,M,4886770.0,230777.0,75
201600052561,16,12,22,1730,2,2,2,1,6.0,75108,M,4887050.0,230531.0,75
201600052562,16,12,23,1745,5,2,7,8,3.0,75108,M,4886530.0,230289.0,75
201600052563,16,12,28,940,1,2,7,1,2.0,75108,M,4886780.0,231384.0,75
201600052564,16,12,28,1155,1,2,2,1,2.0,75108,M,4887810.0,232257.0,75
201600052565,16,12,28,2355,5,2,7,1,2.0,75108,M,4886980.0,232342.0,75
201600052566,16,12,29,1030,1,2,2,1,3.0,75108,M,4887780.0,231618.0,75
201600052567,16,12,29,1928,5,2,2,1,3.0,75108,M,4887250.0,229619.0,75
201600052568,16,1,6,905,1,2,2,2,6.0,75109,M,4888120.0,233615.0,75
201600052569,16,1,7,845,1,2,7,3,6.0,75109,M,4888220.0,233772.0,75
201600052570,16,1,10,2310,5,2,2,1,6.0,75109,M,4887620.0,233536.0,75
201600052571,16,1,12,1030,1,2,2,2,3.0,75109,M,4887410.0,233904.0,75
201600052572,16,1,12,1940,5,2,3,1,6.0,75109,M,4888050.0,232877.0,75