Num_Acc,an,mois,jour,hrmn,lum,agg,int,atm,col,com,gps,lat,long,dep
201600052573,16,1,14,805,1,2,1,3,6.0,75109,M,4888060.0,233439.0,75
201600052574,16,1,15,2018,5,2,5,1,2.0,75109,M,4887510.0,234096.0,75
201600052575,16,1,19,1000,1,2,3,9,6.0,75109,M,4887610.0,234483.0,75
201600052576,16,1,21,2000,5,2,1,1,6.0,75109,M,4888340.0,234763.0,75
201600052577,16,1,22,50,5,2,1,1,6.0,75109,M,4888000.0,233439.0,75
201600052578,16,1,28,1735,1,2,2,1,2.0,75109,M,4887170.0,234185.0,75
201600052579,16,1,30,1330,1,2,7,3,3.0,75102,M,4887030.0,233244.0,75
201600052580,16,2,1,1730,2,2,3,1,6.0,75109,M,4887480.0,233976.0,75
201600052581,16,2,5,330,5,2,7,1,6.0,75109,M,4888330.0,232749.0,75
201600052582,16,2,6,2000,5,2,3,1,3.0,75109,M,4888410.0,233080.0,75
201600052583,16,2,11,1535,1,2,5,1,6.0,75109,M,4887310.0,232672.0,75
201600052584,16,2,12,2240,5,2,1,1,6.0,75109,M,4887330.0,233032.0,75
201600052585,16,2,17,2100,5,2,3,1,6.0,75109,M,4887340.0,232969.0,75
201600052586,16,2,18,1510,1,2,1,2,6.0,75109,M,4887190.0,234070.0,75
201600052587,16,2,23,1100,1,2,7,1,3.0,75109,M,4887210.0,233293.0,75
201600052588,16,2,27,925,1,2,2,1,3.0,75109,M,4887410.0,234073.0,75
201600052589,16,2,29,1350,1,2,1,1,6.0,75109,M,4887360.0,234282.0,75
201600052590,16,3,1,935,1,2,1,2,2.0,75109,M,4888270.0,232712.0,75
201600052591,16,3,2,1630,1,2,2,4,6.0,75109,M,4887590.0,234029.0,75
201600052592,16,3,3,1235,1,2,2,1,3.0,75109,M,4888110.0,234982.0,75
201600052593,16,3,4,640,2,2,4,2,6.0,75101,M,4886230.0,232567.0,75
201600052594,16,3,4,2204,5,2,3,2,6.0,75101,M,4886080.0,234119.0,75
201600052595,16,3,7,1245,1,2,1,8,6.0,75109,M,4887830.0,232692.0,75
201600052596,16,3,7,1640,1,2,5,1,3.0,75109,M,4887660.0,234657.0,75
201600052597,16,3,8,730,1,2,1,1,2.0,75109,M,4887390.0,233124.0,75
201600052598,16,3,11,930,1,2,3,1,3.0,75109,M,4887340.0,232969.0,75
201600052599,16,3,15,1350,1,2,1,1,6.0,75109,M,4888100.0,234159.0,75
201600052600,16,3,17,2015,5,2,1,1,3.0,75109,M,4887740.0,233724.0,75
201600052601,16,3,24,935,1,2,3,1,6.0,75109,M,4887300.0,233765.0,75
201600052602,16,3,25,1530,1,2,5,1,3.0,75109,M,4888330.0,234689.0,75
201600052603,16,3,29,2136,5,2,7,2,3.0,75109,M,4888280.0,234444.0,75
201600052604,16,3,29,2320,5,2,7,2,3.0,75109,M,4887320.0,233110.0,75
201600052605,16,3,30,1655,1,2,1,2,3.0,75109,M,4887360.0,233501.0,75
201600052606,16,4,3,620,2,2,2,1,3.0,75109,M,4887470.0,233928.0,75
201600052607,16,4,4,2220,5,2,5,1,7.0,75109,M,4888330.0,234689.0,75
201600052608,16,4,4,1310,1,2,1,1,3.0,75109,M,4887690.0,234879.0,75
201600052609,16,4,5,825,1,2,7,1,3.0,75109,M,4887070.0,233257.0,75
201600052610,16,4,9,1425,1,2,2,2,6.0,75109,M,4887400.0,234533.0,75
201600052611,16,4,11,1350,1,2,2,2,6.0,75109,M,4887020.0,232993.0,75
201600052612,16,4,13,647,1,2,2,2,6.0,75109,M,4887150.0,234309.0,75
201600052613,16,4,16,2135,5,2,4,1,3.0,75103,M,4886100.0,236722.0,75
201600052614,16,4,18,1130,1,2,1,1,3.0,75109,M,4887820.0,234456.0,75
201600052615,16,4,22,2230,5,2,1,2,3.0,75109,M,4888040.0,232883.0,75
201600052616,16,4,25,2015,5,2,1,2,3.0,75102,M,4886600.0,235237.0,75
201600052617,16,4,26,1500,1,2,7,2,3.0,75109,M,4887070.0,233257.0,75
201600052618,16,4,29,20,5,2,2,1,3.0,75101,M,4886530.0,234307.0,75
201600052619,16,4,30,625,2,2,5,1,3.0,75109,M,4888330.0,234689.0,75
201600052620,16,5,6,320,5,2,2,1,3.0,75109,M,4887150.0,234309.0,75
201600052621,16,5,6,850,1,2,7,1,6.0,75109,M,4887620.0,233109.0,75
201600052622,16,5,7,1715,1,2,2,1,3.0,75109,M,4887530.0,233229.0,75
201600052623,16,5,8,200,5,2,2,1,3.0,75102,M,4886860.0,234973.0,75
201600052624,16,5,9,1450,1,2,3,8,3.0,75109,M,4887090.0,234672.0,75
201600052625,16,5,14,359,5,2,2,1,2.0,75108,M,4887050.0,230531.0,75
201600052626,16,5,14,1510,1,2,7,1,3.0,75109,M,4887690.0,233420.0,75
201600052627,16,5,15,545,2,2,7,1,6.0,75109,M,4888360.0,233259.0,75
201600052628,16,5,16,1405,1,2,5,1,2.0,75102,M,4886970.0,233595.0,75
201600052629,16,5,18,910,1,2,1,1,3.0,75103,M,4886700.0,235440.0,75
201600052630,16,5,17,2000,1,2,1,1,6.0,75109,M,4888340.0,233346.0,75
201600052631,16,5,20,1015,1,2,2,1,3.0,75109,M,4887520.0,233518.0,75
201600052632,16,5,22,410,5,2,7,2,6.0,75109,M,4888220.0,233772.0,75
201600052633,16,5,25,2305,5,2,7,1,3.0,75109,M,4888280.0,234444.0,75
201600052634,16,5,26,1610,1,2,1,1,6.0,75109,M,4887520.0,234809.0,75
201600052635,16,5,29,755,1,2,1,2,2.0,75109,M,4887160.0,234237.0,75
201600052636,16,5,31,915,1,2,7,3,2.0,75102,M,4887060.0,233206.0,75
201600052637,16,5,30,1910,1,2,2,2,3.0,75109,M,4887230.0,233285.0,75
201600052638,16,6,1,1100,1,2,1,1,6.0,75109,M,4887520.0,233460.0,75
201600052639,16,6,7,2000,1,2,7,1,3.0,75109,M,4888280.0,234444.0,75
201600052640,16,6,9,1525,1,2,7,1,6.0,75109,M,4888070.0,234023.0,75
201600052641,16,6,11,1300,1,2,1,2,6.0,75109,M,4887520.0,234810.0,75
201600052642,16,6,12,1705,1,2,2,1,3.0,75109,M,4887410.0,233806.0,75
201600052643,16,6,19,230,5,2,2,1,3.0,75109,M,4887610.0,233709.0,75
201600052644,16,6,23,1245,1,2,2,1,3.0,75109,M,4887100.0,233417.0,75
201600052645,16,6,24,900,1,2,1,1,3.0,75109,M,4887460.0,234161.0,75
201600052646,16,6,24,1250,1,2,1,1,6.0,75109,M,4887030.0,233038.0,75
201600052647,16,6,25,130,5,2,5,1,2.0,75109,M,4887300.0,232827.0,75
201600052648,16,6,25,1315,1,2,5,1,3.0,75109,M,4887620.0,233109.0,75
201600052649,16,6,28,930,1,2,2,1,3.0,75109,M,4888190.0,233963.0,75
201600052650,16,6,28,1230,1,2,1,1,2.0,75109,M,4887740.0,234307.0,75
201600052651,16,7,2,2315,5,2,5,1,6.0,75109,M,4888330.0,234689.0,75
201600052652,16,7,3,2235,5,2,1,2,6.0,75109,M,4887330.0,233055.0,75
201600052653,16,7,4,905,1,2,7,1,3.0,75109,M,4887190.0,233037.0,75
201600052654,16,7,7,20,5,2,4,1,6.0,75109,M,4888020.0,234291.0,75
201600052655,16,7,10,540,2,2,1,1,6.0,75116,M,4886950.0,224444.0,75
201600052656,16,7,10,1625,1,2,5,1,3.0,75109,M,4887290.0,233326.0,75
201600052657,16,7,19,1400,1,2,7,1,3.0,75109,M,4887560.0,232657.0,75
201600052658,16,7,20,2330,5,2,5,1,6.0,75109,M,4887670.0,233923.0,75
201600052659,16,7,21,230,5,2,7,1,3.0,75109,M,4888240.0,233690.0,75
201600052660,16,7,21,2250,5,2,5,1,2.0,75109,M,4887290.0,233326.0,75
201600052661,16,7,25,1000,1,2,2,1,3.0,75109,M,4887410.0,233904.0,75
201600052662,16,7,25,1545,1,2,2,1,3.0,75109,M,4887620.0,233536.0,75
201600052663,16,7,27,1315,1,2,7,1,6.0,75109,M,4887320.0,233110.0,75
201600052664,16,7,28,245,5,2,3,1,6.0,75109,M,4887340.0,232969.0,75
201600052665,16,7,30,1130,1,2,1,1,2.0,75109,M,4887170.0,233257.0,75
201600052666,16,8,1,1310,1,2,2,1,3.0,75109,M,4887320.0,233110.0,75
201600052667,16,8,5,945,1,2,2,1,2.0,75109,M,4888110.0,234982.0,75
201600052668,16,8,6,245,5,2,4,1,6.0,75109,M,4888240.0,232793.0,75
201600052669,16,8,19,1445,1,2,2,1,6.0,75109,M,4888120.0,233615.0,75
201600052670,16,8,19,2325,5,2,7,1,6.0,75109,M,4888330.0,232749.0,75
201600052671,16,8,22,1845,1,2,5,1,7.0,75109,M,4886990.0,232796.0,75
201600052672,16,8,25,920,1,2,2,1,6.0,75109,M,4887530.0,233229.0,75
201600052673,16,8,25,1957,1,2,7,1,2.0,75109,M,4888330.0,232749.0,75
201600052674,16,8,27,1100,1,2,5,1,6.0,75102,M,4886970.0,235262.0,75
201600052675,16,9,10,1000,1,2,1,1,6.0,75102,M,4886890.0,235071.0,75
201600052676,16,9,10,1315,1,2,5,1,6.0,75109,M,4887510.0,234096.0,75
201600052677,16,9,11,840,1,2,1,2,6.0,75109,M,4888070.0,233540.0,75
201600052678,16,9,13,1218,1,2,3,1,6.0,75109,M,4887990.0,232910.0,75
201600052679,16,9,14,1605,1,2,1,1,6.0,75109,M,4888150.0,233422.0,75
201600052680,16,9,16,610,2,2,2,1,3.0,75109,M,4887500.0,233141.0,75
201600052681,16,9,20,1550,1,2,2,1,6.0,75109,M,4887420.0,233528.0,75
201600052682,16,9,21,1445,1,2,5,1,3.0,75109,M,4886990.0,232796.0,75
201600052683,16,10,1,1140,1,2,4,1,3.0,75109,M,4886970.0,232647.0,75
201600052684,16,10,1,1345,1,2,3,1,3.0,75109,M,4887100.0,233417.0,75
201600052685,16,10,3,1045,1,2,2,1,6.0,75109,M,4887530.0,233229.0,75
201600052686,16,10,4,1358,1,2,7,1,6.0,75109,M,4887590.0,233983.0,75
201600052687,16,9,30,1326,1,2,5,1,6.0,75109,M,4887300.0,232827.0,75
201600052688,16,10,7,1305,1,2,2,1,2.0,75109,M,4887240.0,233742.0,75
201600052689,16,10,11,1600,1,2,1,1,3.0,75109,M,4887860.0,232978.0,75
201600052690,16,10,14,715,2,2,4,8,6.0,75109,M,4887120.0,233237.0,75
201600052691,16,10,14,850,1,2,5,1,3.0,75102,M,4886990.0,232796.0,75
201600052692,16,10,16,1848,2,2,1,1,6.0,75109,M,4887630.0,233366.0,75
201600052693,16,10,20,1944,2,2,2,1,5.0,75104,M,4885410.0,235573.0,75
201600052694,16,10,22,1055,1,2,1,1,6.0,75109,M,4887550.0,233127.0,75
201600052695,16,10,22,1540,1,2,2,1,3.0,75109,M,4887070.0,233257.0,75
201600052696,16,10,27,645,5,2,2,8,6.0,75109,M,4887070.0,234788.0,75
201600052697,16,10,29,245,5,2,5,1,2.0,75109,M,4887410.0,233724.0,75
201600052698,16,10,31,920,1,2,1,1,3.0,75109,M,4887260.0,234340.0,75
201600052699,16,11,1,1800,2,2,1,1,2.0,75109,M,4887230.0,234014.0,75
201600052700,16,11,2,1030,1,2,7,1,6.0,75109,M,4887600.0,234010.0,75
201600052701,16,11,4,40,5,2,1,1,6.0,75109,M,4888430.0,233001.0,75
201600052702,16,11,5,800,2,2,2,1,3.0,75109,M,4887280.0,234040.0,75
201600052703,16,11,8,1525,1,2,1,1,6.0,75109,M,4887670.0,234870.0,75
201600052704,16,11,9,910,1,2,4,3,7.0,75104,M,4885190.0,236131.0,75
201600052705,16,11,11,430,5,2,2,2,7.0,75109,M,4888120.0,234250.0,75
201600052706,16,11,11,1852,5,2,3,1,3.0,75109,M,4886990.0,232796.0,75
201600052707,16,11,12,1815,5,2,2,2,6.0,75109,M,4887410.0,234226.0,75
201600052708,16,11,16,1930,5,2,1,1,6.0,75109,M,4887610.0,233639.0,75
201600052709,16,11,17,1215,1,2,1,1,6.0,75109,M,4887040.0,232802.0,75
201600052710,16,11,18,1410,1,2,2,1,7.0,75109,M,4887620.0,233109.0,75
201600052711,16,11,19,1710,2,2,3,1,6.0,75109,M,4887570.0,232775.0,75
201600052712,16,11,18,1330,1,2,2,1,2.0,75109,M,4887620.0,233109.0,75
201600052713,16,11,21,1155,1,2,2,9,6.0,75109,M,4887290.0,233326.0,75
201600052714,16,11,22,2320,5,2,2,1,2.0,75104,M,4885440.0,235494.0,75
201600052715,16,11,25,1140,1,2,2,8,6.0,75109,M,4887920.0,234932.0,75
201600052716,16,11,26,2230,5,2,1,1,2.0,75101,M,4886350.0,233180.0,75
201600052717,16,11,27,440,5,2,1,1,6.0,75104,M,4884820.0,236356.0,75
201600052718,16,11,28,1955,5,2,2,1,3.0,75101,M,4885950.0,234877.0,75
201600052719,16,12,1,1330,1,2,7,1,3.0,75109,M,4888280.0,234444.0,75
201600052720,16,12,2,658,5,2,3,1,6.0,75109,M,4887340.0,232969.0,75
201600052721,16,12,2,1430,1,2,1,1,6.0,75109,M,4888010.0,233103.0,75
201600052722,16,12,2,1355,1,2,7,1,6.0,75109,M,4888220.0,233772.0,75
201600052723,16,12,5,1023,1,2,7,1,2.0,75109,M,4887310.0,233165.0,75
201600052724,16,12,6,705,5,2,1,1,6.0,75109,M,4887920.0,232943.0,75
201600052725,16,12,7,1440,1,2,2,1,6.0,75109,M,4887530.0,233229.0,75
201600052726,16,12,10,225,5,2,2,1,6.0,75109,M,4887150.0,234309.0,75
201600052727,16,12,14,515,5,2,2,1,6.0,75109,M,4887360.0,233530.0,75
201600052728,16,12,16,915,1,2,1,1,6.0,75109,M,4888130.0,234332.0,75
201600052729,16,12,18,1845,5,2,1,1,3.0,75109,M,4887120.0,233515.0,75
201600052730,16,12,27,1400,1,2,1,1,6.0,75109,M,4888280.0,233317.0,75
201600052731,16,12,28,2150,5,2,5,1,2.0,75109,M,4887380.0,232704.0,75
201600052732,16,12,29,1235,1,2,2,1,2.0,75109,M,4887170.0,233819.0,75
201600052733,16,12,31,2110,5,2,1,1,6.0,75110,M,4888310.0,236138.0,75
201600052734,16,1,4,1620,1,2,7,1,7.0,75110,M,4887800.0,235211.0,75
201600052735,16,1,5,1710,2,2,1,8,6.0,75110,M,4888100.0,237004.0,75
201600052736,16,1,7,426,5,2,2,2,3.0,75110,M,4887290.0,236370.0,75
201600052737,16,1,12,2100,5,2,3,2,6.0,75110,M,4887060.0,235495.0,75
201600052738,16,1,14,620,5,2,2,2,3.0,75110,M,4888130.0,236476.0,75
201600052739,16,1,16,1430,1,2,2,1,2.0,75110,M,4887590.0,235954.0,75
201600052740,16,1,21,210,5,2,5,1,6.0,75110,M,4886970.0,235262.0,75
201600052741,16,1,21,1025,1,2,1,1,6.0,75110,M,4887280.0,234789.0,75
201600052742,16,1,21,1145,1,2,3,7,6.0,75110,M,4887080.0,237042.0,75
201600052743,16,1,22,1350,1,2,1,2,3.0,75110,M,4888090.0,236491.0,75
201600052744,16,1,22,1525,1,2,2,2,6.0,75110,M,4887530.0,235921.0,75
201600052745,16,1,23,905,1,2,5,1,7.0,75110,M,4887370.0,237033.0,75
201600052746,16,1,23,1545,1,2,3,1,7.0,75110,M,4887170.0,236541.0,75
201600052747,16,1,23,2200,5,2,1,1,6.0,75110,M,4888000.0,235416.0,75
201600052748,16,1,25,1700,2,2,5,1,3.0,75110,M,4887330.0,235877.0,75
201600052749,16,1,25,1730,5,2,1,1,3.0,75110,M,4887830.0,235332.0,75
201600052750,16,1,26,2045,5,2,5,1,6.0,75110,M,4886900.0,235558.0,75
201600052751,16,1,28,1115,1,2,2,1,6.0,75110,M,4887810.0,235645.0,75
201600052752,16,1,28,2150,5,2,1,1,7.0,75110,M,4888280.0,235010.0,75
201600052753,16,1,30,1550,1,2,2,2,6.0,75110,M,4887440.0,235537.0,75
201600052754,16,1,31,1630,1,2,2,2,3.0,75110,M,4888160.0,236578.0,75
201600052755,16,1,31,1825,5,2,5,2,6.0,75110,M,4887330.0,235877.0,75
201600052756,16,2,1,1755,3,2,3,1,3.0,75110,M,4887490.0,235897.0,75
201600052757,16,2,2,915,1,2,3,1,6.0,75110,M,4887380.0,235674.0,75
201600052758,16,2,2,1940,5,2,7,1,6.0,75110,M,4886840.0,235964.0,75
201600052759,16,2,3,1030,1,2,2,1,3.0,75110,M,4886930.0,235421.0,75
201600052760,16,2,3,1950,5,2,2,1,6.0,75110,M,4888160.0,236578.0,75
201600052761,16,2,5,305,5,2,5,8,6.0,75110,M,4887200.0,237680.0,75
201600052762,16,2,5,2230,5,2,1,1,6.0,75110,M,4886920.0,235499.0,75
201600052763,16,2,7,1420,1,2,2,1,3.0,75110,M,4886930.0,235421.0,75
201600052764,16,2,8,1830,5,2,1,1,3.0,75110,M,4886980.0,236689.0,75
201600052765,16,2,10,725,1,2,2,1,6.0,75110,M,4887770.0,236539.0,75
201600052766,16,2,11,1000,1,2,3,1,2.0,75110,M,4887000.0,235094.0,75
201600052767,16,2,12,1120,1,2,3,2,6.0,75110,M,4887020.0,235046.0,75
201600052768,16,2,13,2010,5,2,1,2,6.0,75110,M,4886810.0,236369.0,75
201600052769,16,2,16,120,5,2,1,1,6.0,75110,M,4888410.0,236635.0,75
201600052770,16,2,17,2020,5,2,3,1,2.0,75110,M,4887060.0,235495.0,75
201600052771,16,2,20,5,5,2,1,1,6.0,75110,M,4886930.0,235575.0,75
201600052772,16,2,22,2235,5,2,1,2,6.0,75110,M,4888100.0,235176.0,75
201600052773,16,2,24,1000,1,2,2,1,6.0,75110,M,4888110.0,236516.0,75
201600052774,16,2,29,1025,1,2,1,1,2.0,75110,M,4886920.0,236184.0,75
201600052775,16,3,2,35,5,2,4,2,6.0,75110,M,4888150.0,235134.0,75
201600052776,16,3,2,1700,1,2,5,8,7.0,75110,M,4887960.0,234947.0,75
201600052777,16,3,1,1830,2,2,1,1,3.0,75110,M,4888350.0,236896.0,75
201600052778,16,3,4,1530,1,2,1,2,6.0,75110,M,4887210.0,235396.0,75
201600052779,16,3,5,10,5,2,2,2,2.0,75110,M,4886930.0,235421.0,75
201600052780,16,3,5,1150,1,2,1,2,6.0,75110,M,4888140.0,236498.0,75
201600052781,16,3,8,1000,1,2,1,1,3.0,75110,M,4887040.0,237073.0,75
201600052782,16,3,8,1105,1,2,1,1,6.0,75110,M,4888120.0,235164.0,75
201600052783,16,3,11,200,5,2,2,1,7.0,75110,M,4887380.0,235048.0,75
201600052784,16,3,11,1140,1,2,3,1,2.0,75110,M,4887020.0,235046.0,75
201600052785,16,3,12,950,1,2,1,1,2.0,75110,M,4887020.0,237167.0,75
201600052786,16,3,14,1855,1,2,1,1,2.0,75110,M,4887400.0,235686.0,75
201600052787,16,3,18,1420,1,2,2,1,3.0,75110,M,4887620.0,235611.0,75
201600052788,16,3,18,1500,1,2,2,1,2.0,75110,M,4887340.0,235648.0,75
201600052789,16,3,21,2020,5,2,2,1,6.0,75110,M,4888430.0,236461.0,75
201600052790,16,3,22,1,5,2,2,1,7.0,75110,M,4886930.0,235421.0,75
201600052791,16,3,23,1530,1,2,4,1,3.0,75110,M,4888150.0,235134.0,75
201600052792,16,3,28,125,5,2,1,1,6.0,75110,M,4887240.0,237635.0,75
201600052793,16,3,30,2030,5,2,1,1,7.0,75110,M,4888430.0,236010.0,75
201600052794,16,4,4,1855,1,2,4,1,6.0,75110,M,4888150.0,235134.0,75
201600052795,16,4,5,2025,5,2,3,1,6.0,75110,M,4887250.0,237623.0,75
201600052796,16,4,7,830,1,2,5,1,6.0,75110,M,4887620.0,235611.0,75
201600052797,16,4,8,1140,1,2,1,1,7.0,75110,M,4888220.0,236790.0,75
201600052798,16,4,9,50,5,2,2,1,6.0,75110,M,4888110.0,234982.0,75
201600052799,16,4,9,325,5,2,1,1,2.0,75110,M,4887440.0,235705.0,75
201600052800,16,4,11,1410,1,2,2,1,3.0,75110,M,4888270.0,237017.0,75
201600052801,16,4,13,900,1,2,1,8,3.0,75110,M,4887520.0,236402.0,75
201600052802,16,4,14,1100,1,2,2,1,2.0,75110,M,4887370.0,235826.0,75
201600052803,16,4,14,2010,2,2,5,2,3.0,75110,M,4887720.0,234895.0,75
201600052804,16,4,16,1810,1,2,2,1,3.0,75110,M,4887950.0,235772.0,75
201600052805,16,4,20,1105,1,2,2,1,6.0,75110,M,4887360.0,237499.0,75
201600052806,16,4,23,1905,1,2,2,1,3.0,75110,M,4887970.0,235822.0,75
201600052807,16,4,28,1150,1,2,2,1,6.0,75110,M,4888160.0,236578.0,75
201600052808,16,4,28,1745,1,2,3,1,6.0,75110,M,4887630.0,235742.0,75
201600052809,16,4,29,2030,2,2,3,2,6.0,75110,M,4887550.0,235671.0,75
201600052810,16,4,30,30,5,2,2,2,2.0,75110,M,4888110.0,236516.0,75
201600052811,16,4,30,1730,1,2,2,2,6.0,75110,M,4887160.0,235360.0,75
201600052812,16,5,2,2230,5,2,2,1,6.0,75110,M,4887950.0,235772.0,75
201600052813,16,5,3,1,5,2,2,1,3.0,75110,M,4888060.0,236196.0,75
201600052814,16,5,3,1635,1,2,1,1,3.0,75110,M,4888100.0,236338.0,75
201600052815,16,5,5,1548,1,2,3,1,6.0,75110,M,4887320.0,236348.0,75
201600052816,16,5,6,830,1,2,3,1,3.0,75110,M,4887620.0,235611.0,75
201600052817,16,5,8,125,5,2,2,1,6.0,75110,M,4887060.0,236120.0,75
201600052818,16,5,8,1345,1,2,3,1,6.0,75110,M,4887780.0,236159.0,75
201600052819,16,5,9,1300,1,2,1,1,6.0,75110,M,4887420.0,235785.0,75
201600052820,16,5,9,2150,5,2,1,2,6.0,75110,M,4887760.0,235489.0,75
201600052821,16,5,10,2030,2,2,2,2,3.0,75110,M,4887000.0,237099.0,75
201600052822,16,5,11,1435,1,2,1,3,6.0,75110,M,4886990.0,235454.0,75
201600052823,16,5,11,1740,1,2,7,1,3.0,75119,M,4888280.0,237033.0,75
201600052824,16,5,14,1610,1,2,1,1,3.0,75110,M,4888190.0,236688.0,75
201600052825,16,5,14,2000,1,2,2,1,6.0,75110,M,4887320.0,236421.0,75
201600052826,16,5,16,2245,5,2,1,1,6.0,75110,M,4887310.0,237552.0,75
201600052827,16,5,16,2340,5,2,1,1,7.0,75110,M,4887800.0,235643.0,75
201600052828,16,5,18,1640,1,2,2,2,2.0,75110,M,4888000.0,236707.0,75
201600052829,16,5,21,115,5,2,7,1,6.0,75110,M,4888060.0,236196.0,75
201600052830,16,5,21,2030,2,2,1,1,6.0,75110,M,4888070.0,235779.0,75
201600052831,16,5,22,2300,5,2,1,1,6.0,75110,M,4887890.0,235366.0,75
201600052832,16,5,23,1015,1,2,1,3,6.0,75119,M,4888290.0,238434.0,75
201600052833,16,5,24,855,1,2,3,1,6.0,75110,M,4887530.0,235921.0,75
201600052834,16,5,25,2010,1,2,3,1,6.0,75110,M,4887260.0,235769.0,75
201600052835,16,5,27,1100,1,2,2,1,6.0,75110,M,4888020.0,235366.0,75
201600052836,16,5,29,2350,5,2,1,3,6.0,75102,M,4886960.0,235285.0,75
201600052837,16,5,30,1715,1,2,1,3,3.0,75110,M,4888010.0,236393.0,75
201600052838,16,5,30,1915,1,2,1,3,6.0,75110,M,4887580.0,237252.0,75
201600052839,16,6,2,1455,1,2,1,2,6.0,75110,M,4888020.0,236404.0,75
201600052840,16,6,3,1540,1,2,1,1,3.0,75110,M,4887600.0,235878.0,75
201600052841,16,6,4,1650,1,2,2,1,3.0,75110,M,4887120.0,235527.0,75
201600052842,16,6,6,1730,1,2,1,1,3.0,75110,M,4887310.0,235793.0,75
201600052843,16,6,10,2025,1,2,5,1,6.0,75110,M,4888430.0,236150.0,75
201600052844,16,6,11,1350,1,2,5,1,6.0,75110,M,4886970.0,235262.0,75
201600052845,16,6,15,125,5,2,1,1,6.0,75110,M,4887660.0,236890.0,75
201600052846,16,6,17,1115,1,2,1,1,6.0,75110,M,4888430.0,236378.0,75
201600052847,16,6,18,1056,1,2,2,1,6.0,75110,M,4887230.0,235592.0,75
201600052848,16,6,18,1115,1,2,2,1,2.0,75110,M,4887060.0,236120.0,75
201600052849,16,6,19,1330,1,2,1,1,5.0,75110,M,4887600.0,235878.0,75
201600052850,16,6,20,1720,1,2,2,3,1.0,75110,M,4887230.0,235592.0,75
201600052851,16,6,21,1250,1,2,2,1,6.0,75110,M,4886910.0,236440.0,75
201600052852,16,6,22,1220,1,2,1,1,6.0,75110,M,4887540.0,235681.0,75
201600052853,16,6,25,130,5,2,7,1,2.0,75110,M,4888270.0,237017.0,75
201600052854,16,6,27,1410,1,2,2,1,3.0,75110,M,4887610.0,237026.0,75
201600052855,16,6,28,1205,1,2,2,1,6.0,75110,M,4887170.0,235720.0,75
201600052856,16,6,29,1700,1,2,4,1,2.0,75110,M,4888190.0,236303.0,75
201600052857,16,7,1,915,1,2,4,1,6.0,75110,M,4887550.0,235671.0,75
201600052858,16,7,2,1935,1,2,5,3,3.0,75110,M,4887850.0,235404.0,75
201600052859,16,7,4,1830,1,2,3,1,6.0,75110,M,4887080.0,237042.0,75
201600052860,16,7,4,2110,1,2,7,1,6.0,75110,M,4887060.0,236120.0,75
201600052861,16,7,6,1145,1,2,2,1,3.0,75110,M,4888140.0,236186.0,75
201600052862,16,7,7,1805,1,2,1,1,6.0,75110,M,4886890.0,235633.0,75
201600052863,16,7,8,220,5,2,2,1,3.0,75110,M,4888110.0,236516.0,75
201600052864,16,7,9,220,5,2,3,1,3.0,75110,M,4888040.0,236432.0,75
201600052865,16,7,9,1340,1,2,2,1,6.0,75110,M,4887430.0,236263.0,75
201600052866,16,7,11,50,5,2,7,1,6.0,75110,M,4887980.0,235592.0,75
201600052867,16,7,11,1355,1,2,1,1,3.0,75110,M,4886920.0,235480.0,75
201600052868,16,7,11,2130,2,2,1,1,6.0,75110,M,4886890.0,235633.0,75
201600052869,16,7,13,1615,1,2,1,1,7.0,75110,M,4887020.0,235623.0,75
201600052870,16,7,19,1650,1,2,1,1,6.0,75110,M,4887660.0,236890.0,75
201600052871,16,7,20,1720,1,2,3,1,3.0,75110,M,4887000.0,235094.0,75
201600052872,16,7,24,230,5,2,1,1,6.0,75110,M,4886980.0,236689.0,75
201600052873,16,7,25,1155,1,2,5,1,3.0,75110,M,4887330.0,235877.0,75
201600052874,16,7,28,20,5,2,4,1,3.0,75110,M,4887970.0,235822.0,75
201600052875,16,8,1,805,1,2,5,1,3.0,75110,M,4887490.0,235731.0,75
201600052876,16,8,1,1530,1,2,1,1,3.0,75110,M,4886880.0,235664.0,75
201600052877,16,8,3,1640,1,2,7,1,6.0,75110,M,4887060.0,236120.0,75
201600052878,16,8,7,555,2,2,1,1,6.0,75110,M,4887750.0,235497.0,75
201600052879,16,8,13,130,5,2,2,1,3.0,75110,M,4886930.0,235421.0,75
201600052880,16,8,13,1120,1,2,2,1,3.0,75110,M,4886930.0,235421.0,75
201600052881,16,8,23,1655,1,2,1,1,6.0,75110,M,4888320.0,236124.0,75
201600052882,16,8,25,1133,1,2,3,1,6.0,75110,M,4887420.0,237275.0,75
201600052883,16,8,29,1905,1,2,1,1,6.0,75110,M,4887040.0,235482.0,75