Num_Acc,an,mois,jour,hrmn,lum,agg,int,atm,col,com,gps,lat,long,dep
201600052884,16,9,1,1600,1,2,2,1,6.0,75110,M,4886970.0,235262.0,75
201600052885,16,9,5,900,1,2,1,2,7.0,75110,M,4888170.0,236628.0,75
201600052886,16,9,5,1400,1,2,3,2,3.0,75110,M,4887650.0,236764.0,75
201600052887,16,9,7,1820,1,2,4,1,3.0,75109,M,4888370.0,234949.0,75
201600052888,16,9,9,230,5,2,4,1,6.0,75110,M,4888210.0,235073.0,75
201600052889,16,9,9,2020,5,2,1,1,3.0,75110,M,4887400.0,235840.0,75
201600052890,16,9,10,1830,1,2,2,1,2.0,75110,M,4888130.0,236476.0,75
201600052891,16,9,13,1817,1,2,4,1,2.0,75110,M,4887610.0,237214.0,75
201600052892,16,9,14,420,5,2,2,1,6.0,75110,M,4887720.0,235521.0,75
201600052893,16,9,16,1450,1,2,2,1,3.0,75110,M,4887150.0,236032.0,75
201600052894,16,9,17,1120,1,2,1,1,6.0,75110,M,4888030.0,235343.0,75
201600052895,16,9,21,1820,1,2,3,1,6.0,75110,M,4887250.0,234791.0,75
201600052896,16,9,22,1420,1,2,1,1,6.0,75110,M,4887630.0,235709.0,75
201600052897,16,9,22,1620,1,2,3,1,6.0,75110,M,4888230.0,237002.0,75
201600052898,16,9,24,1850,1,2,1,1,7.0,75110,M,4887160.0,236472.0,75
201600052899,16,9,27,910,1,2,1,1,6.0,75110,M,4887560.0,235980.0,75
201600052900,16,9,27,1650,1,2,2,1,6.0,75110,M,4887370.0,235826.0,75
201600052901,16,9,28,815,1,2,2,1,3.0,75110,M,4886930.0,235421.0,75
201600052902,16,9,28,1245,1,2,1,1,6.0,75110,M,4888380.0,235923.0,75
201600052903,16,9,29,1650,1,2,3,1,6.0,75110,M,4887770.0,236539.0,75
201600052904,16,9,30,1125,1,2,1,1,3.0,75110,M,4887950.0,236324.0,75
201600052905,16,10,1,555,2,2,1,1,2.0,75110,M,4887880.0,235501.0,75
201600052906,16,10,4,1655,1,2,3,1,5.0,75110,M,4887750.0,236136.0,75
201600052907,16,10,6,1700,1,2,1,1,7.0,75110,M,4886960.0,236698.0,75
201600052908,16,10,6,2140,1,2,5,1,6.0,75110,M,4887330.0,235877.0,75
201600052909,16,10,6,2250,5,2,2,1,3.0,75110,M,4887070.0,234788.0,75
201600052910,16,10,12,1140,1,2,1,1,6.0,75110,M,4887670.0,236090.0,75
201600052911,16,10,13,950,1,2,1,1,2.0,75110,M,4887180.0,236004.0,75
201600052912,16,10,16,1350,1,2,1,1,6.0,75110,M,4886850.0,235858.0,75
201600052913,16,10,18,1105,1,2,1,1,6.0,75110,M,4888070.0,236583.0,75
201600052914,16,10,18,1630,1,2,1,1,6.0,75110,M,4887920.0,235432.0,75
201600052915,16,10,26,1905,5,2,1,1,6.0,75110,M,4886850.0,236026.0,75
201600052916,16,10,28,900,1,2,2,1,2.0,75110,M,4887950.0,235772.0,75
201600052917,16,11,2,745,1,2,2,1,6.0,75110,M,4888430.0,236461.0,75
201600052918,16,11,3,935,1,2,1,1,6.0,75110,M,4887380.0,236301.0,75
201600052919,16,11,3,1437,1,2,7,1,2.0,75110,M,4886800.0,236223.0,75
201600052920,16,11,4,830,1,2,1,1,2.0,75110,M,4888370.0,236889.0,75
201600052921,16,11,5,1835,2,2,5,1,6.0,75110,M,4887490.0,235731.0,75
201600052922,16,11,8,2100,5,2,2,2,3.0,75110,M,4887980.0,235874.0,75
201600052923,16,11,10,1130,1,2,1,1,3.0,75103,M,4886830.0,236040.0,75
201600052924,16,11,10,1415,1,2,2,2,6.0,75110,M,4886880.0,236760.0,75
201600052925,16,11,12,2110,5,2,1,2,7.0,75110,M,4888090.0,236320.0,75
201600052926,16,11,15,845,1,2,1,8,3.0,75110,M,4887420.0,235854.0,75
201600052927,16,11,15,1845,5,2,1,2,3.0,75110,M,4887700.0,236477.0,75
201600052928,16,11,17,410,5,2,1,1,6.0,75110,M,4887480.0,236664.0,75
201600052929,16,11,19,320,5,2,1,1,6.0,75110,M,4888410.0,236635.0,75
201600052930,16,11,19,1411,1,2,2,1,3.0,75110,M,4887930.0,235334.0,75
201600052931,16,11,19,1920,5,2,1,1,6.0,75110,M,4887060.0,235643.0,75
201600052932,16,11,19,1940,5,2,3,1,3.0,75110,M,4887530.0,236917.0,75
201600052933,16,11,23,1530,1,2,1,1,6.0,75110,M,4887150.0,237540.0,75
201600052934,16,11,25,1850,5,2,1,1,6.0,75110,M,4887240.0,235413.0,75
201600052935,16,11,28,1000,1,2,1,1,6.0,75110,M,4887800.0,235452.0,75
201600052936,16,11,28,1425,1,2,5,1,3.0,75110,M,4888400.0,236870.0,75
201600052937,16,11,28,1948,5,2,2,1,7.0,75110,M,4887950.0,235772.0,75
201600052938,16,11,29,2220,5,2,2,1,3.0,75110,M,4887530.0,235092.0,75
201600052939,16,11,29,2335,5,2,1,1,2.0,75110,M,4886980.0,236182.0,75
201600052940,16,12,2,2220,5,2,2,1,6.0,75110,M,4887650.0,235586.0,75
201600052941,16,12,4,400,5,2,1,1,6.0,75110,M,4886970.0,236190.0,75
201600052942,16,12,5,1215,1,2,1,1,3.0,75110,M,4888300.0,236755.0,75
201600052943,16,12,10,1622,2,2,1,1,6.0,75110,M,4888280.0,236196.0,75
201600052944,16,12,14,850,1,2,1,1,2.0,75110,M,4887530.0,235760.0,75
201600052945,16,12,15,1830,2,2,2,1,6.0,75110,M,4888060.0,236196.0,75
201600052946,16,12,17,2100,5,2,1,1,6.0,75110,M,4887270.0,236386.0,75
201600052947,16,12,18,145,5,2,2,1,3.0,75110,M,4887210.0,235001.0,75
201600052948,16,12,19,830,1,2,3,2,3.0,75110,M,4887870.0,236624.0,75
201600052949,16,12,22,1615,2,2,1,8,7.0,75110,M,4887890.0,235541.0,75
201600052950,16,12,23,1210,1,2,1,5,6.0,75110,M,4888150.0,236559.0,75
201600052951,16,12,30,1920,5,2,1,1,3.0,75110,M,4887010.0,235465.0,75
201600052952,16,12,30,2130,5,2,1,1,6.0,75110,M,4887300.0,235901.0,75
201600052953,16,1,5,950,1,2,1,2,6.0,75111,M,4885420.0,238337.0,75
201600052954,16,1,7,330,3,2,3,2,6.0,75111,M,4885060.0,239217.0,75
201600052955,16,1,8,1135,1,2,2,1,6.0,75111,M,4886560.0,236705.0,75
201600052956,16,1,12,1740,2,2,1,1,7.0,75111,M,4885720.0,236813.0,75
201600052957,16,1,12,2055,5,2,7,1,6.0,75111,M,4884890.0,239561.0,75
201600052958,16,1,10,150,5,2,1,2,3.0,75103,M,4885720.0,236814.0,75
201600052959,16,1,14,2155,5,2,2,1,2.0,75111,M,4886600.0,236631.0,75
201600052960,16,1,15,250,5,2,5,1,2.0,75110,M,4887490.0,235731.0,75
201600052961,16,1,15,1455,1,2,1,1,3.0,75111,M,4885130.0,239098.0,75
201600052962,16,1,20,1545,1,2,3,1,6.0,75111,M,4885090.0,239641.0,75
201600052963,16,1,20,1850,5,2,1,1,2.0,75111,M,4886590.0,237844.0,75
201600052964,16,1,21,910,1,2,4,1,3.0,75111,M,4886650.0,236813.0,75
201600052965,16,1,21,1620,1,2,7,1,6.0,75111,M,4885370.0,236896.0,75
201600052966,16,1,22,1820,5,2,7,2,6.0,75111,M,4884890.0,239561.0,75
201600052967,16,1,24,400,5,2,7,2,3.0,75111,M,4885770.0,238038.0,75
201600052968,16,1,28,1950,5,2,1,1,6.0,75111,M,4885680.0,237929.0,75
201600052969,16,1,29,435,5,2,1,1,6.0,75111,M,4886780.0,237881.0,75
201600052970,16,1,29,1000,1,2,1,1,3.0,75111,M,4886710.0,236828.0,75
201600052971,16,1,29,1945,5,2,2,1,6.0,75111,M,4886460.0,237798.0,75
201600052972,16,1,30,55,5,2,1,2,2.0,75111,M,4886380.0,238261.0,75
201600052973,16,1,30,1025,1,2,2,2,6.0,75111,M,4886840.0,237956.0,75
201600052974,16,1,31,615,5,2,2,2,6.0,75111,M,4886620.0,236963.0,75
201600052975,16,1,31,1225,1,2,3,1,6.0,75111,M,4885040.0,238009.0,75
201600052976,16,1,31,1500,1,2,2,1,6.0,75111,M,4886460.0,237798.0,75
201600052977,16,2,1,1955,5,2,2,1,3.0,75111,M,4886440.0,236901.0,75
201600052978,16,2,2,1600,1,2,5,1,7.0,75111,M,4885430.0,237138.0,75
201600052979,16,2,3,1820,5,2,2,8,7.0,75111,M,4885600.0,236918.0,75
201600052980,16,2,3,1905,5,2,5,1,3.0,75111,M,4886290.0,238742.0,75
201600052981,16,2,4,1020,1,2,1,2,3.0,75111,M,4885050.0,238297.0,75
201600052982,16,2,5,1543,1,2,1,1,3.0,75111,M,4885370.0,237746.0,75
201600052983,16,2,5,1545,1,2,1,1,6.0,75111,M,4886450.0,236590.0,75
201600052984,16,2,6,620,5,2,2,1,6.0,75111,M,4886580.0,236996.0,75
201600052985,16,2,8,830,1,2,1,1,2.0,75111,M,4885560.0,238224.0,75
201600052986,16,2,8,1030,1,2,2,1,4.0,75111,M,4885980.0,237685.0,75
201600052987,16,2,8,1715,1,2,7,2,3.0,75111,M,4884910.0,239473.0,75
201600052988,16,2,8,1750,2,2,3,2,6.0,75111,M,4886760.0,237561.0,75
201600052989,16,2,9,740,5,2,1,3,2.0,75111,M,4885370.0,237746.0,75
201600052990,16,2,9,1250,1,2,2,2,6.0,75111,M,4885470.0,238535.0,75
201600052991,16,2,11,1840,5,2,3,1,3.0,75111,M,4885660.0,238561.0,75
201600052992,16,2,12,1020,1,2,3,2,3.0,75111,M,4886650.0,236813.0,75
201600052993,16,2,12,1100,1,2,3,2,6.0,75111,M,4886930.0,237151.0,75
201600052994,16,2,16,1649,1,2,1,1,6.0,75111,M,4886750.0,237909.0,75
201600052995,16,2,17,1745,1,2,1,1,6.0,75111,M,4886000.0,237514.0,75
201600052996,16,2,18,1305,1,2,1,2,3.0,75111,M,4886710.0,236892.0,75
201600052997,16,2,18,2028,5,2,1,2,3.0,75111,M,4886740.0,237293.0,75
201600052998,16,2,19,1110,1,2,1,1,2.0,75111,M,4885680.0,237929.0,75
201600052999,16,2,21,423,5,2,2,1,6.0,75111,M,4886570.0,237731.0,75
201600053000,16,2,23,900,1,2,5,3,6.0,75111,M,4886400.0,238129.0,75
201600053001,16,2,26,955,1,2,2,1,3.0,75111,M,4886570.0,237246.0,75
201600053002,16,2,29,2010,5,2,7,1,3.0,75111,M,4884890.0,239606.0,75
201600053003,16,3,1,1300,1,2,3,2,2.0,75111,M,4886650.0,236813.0,75
201600053004,16,3,2,950,1,2,3,1,5.0,75111,M,4886310.0,237616.0,75
201600053005,16,3,2,1140,1,2,3,1,3.0,75111,M,4886400.0,237549.0,75
201600053006,16,3,3,2255,5,2,2,1,6.0,75111,M,4885070.0,239447.0,75
201600053007,16,3,4,230,5,2,2,3,2.0,75111,M,4886650.0,236813.0,75
201600053008,16,3,4,1200,1,2,2,1,6.0,75111,M,4884850.0,239747.0,75
201600053009,16,3,5,1950,4,2,1,1,2.0,75111,M,4886110.0,237460.0,75
201600053010,16,3,5,2205,5,2,1,1,3.0,75111,M,4885260.0,237150.0,75
201600053011,16,3,6,1420,1,2,3,1,6.0,75111,M,4886560.0,238416.0,75
201600053012,16,3,8,235,5,2,7,1,6.0,75111,M,4885770.0,238038.0,75
201600053013,16,3,8,1045,1,2,2,1,3.0,75111,M,4886250.0,236688.0,75
201600053014,16,3,10,1640,1,2,1,1,3.0,75111,M,4884960.0,238815.0,75
201600053015,16,3,11,500,1,2,2,1,3.0,75111,M,4886220.0,237277.0,75
201600053016,16,3,12,910,1,2,5,1,6.0,75111,M,4886600.0,237075.0,75
201600053017,16,3,14,1315,1,2,3,1,3.0,75111,M,4885110.0,237673.0,75
201600053018,16,3,16,1510,1,2,1,1,6.0,75111,M,4885660.0,237099.0,75
201600053019,16,3,16,1720,1,2,7,1,3.0,75111,M,4886670.0,236518.0,75
201600053020,16,3,16,1922,5,2,4,1,6.0,75111,M,4885470.0,236951.0,75
201600053021,16,3,17,1215,1,2,2,1,6.0,75111,M,4885620.0,238280.0,75
201600053022,16,3,19,2030,5,2,5,1,3.0,75111,M,4886530.0,237452.0,75
201600053023,16,3,20,240,5,2,2,1,2.0,75111,M,4885130.0,237612.0,75
201600053024,16,3,20,330,5,2,1,1,6.0,75111,M,4886430.0,237107.0,75
201600053025,16,3,20,600,5,2,1,1,7.0,75111,M,4886320.0,237195.0,75
201600053026,16,3,21,1750,1,2,2,1,7.0,75111,M,4886880.0,236760.0,75
201600053027,16,3,23,1313,1,2,7,1,3.0,75111,M,4886290.0,238742.0,75
201600053028,16,3,24,840,1,2,2,1,3.0,75111,M,4886250.0,236688.0,75
201600053029,16,3,24,1355,1,2,2,1,3.0,75111,M,4886560.0,236705.0,75
201600053030,16,3,24,2025,5,2,1,1,6.0,75111,M,4885120.0,239116.0,75
201600053031,16,3,24,2210,5,2,1,1,3.0,75111,M,4885290.0,237704.0,75
201600053032,16,3,25,410,5,2,1,2,3.0,75111,M,4886090.0,237279.0,75
201600053033,16,3,27,1440,1,2,7,1,3.0,75111,M,4885320.0,237022.0,75
201600053034,16,3,29,1530,1,2,1,2,4.0,75111,M,4885050.0,237953.0,75
201600053035,16,3,29,1935,1,2,3,2,7.0,75111,M,4885690.0,236820.0,75
201600053036,16,3,31,1950,2,2,3,2,7.0,75111,M,4885690.0,236820.0,75
201600053037,16,4,1,2010,2,2,3,1,2.0,75111,M,4886400.0,237549.0,75
201600053038,16,4,5,1335,1,2,5,1,6.0,75111,M,4886400.0,238129.0,75
201600053039,16,4,5,1715,1,2,7,1,6.0,75111,M,4885850.0,238021.0,75
201600053040,16,4,6,1635,1,2,2,1,6.0,75111,M,4886260.0,236730.0,75
201600053041,16,4,7,1620,1,2,2,1,1.0,75111,M,4886620.0,236963.0,75
201600053042,16,4,8,1135,1,2,2,1,3.0,75111,M,4886400.0,237068.0,75
201600053043,16,4,9,1515,1,2,1,1,6.0,75111,M,4886430.0,237524.0,75
201600053044,16,4,10,520,5,2,2,1,3.0,75111,M,4886380.0,237010.0,75
201600053045,16,4,10,1710,1,2,1,1,4.0,75112,M,4882990.0,240065.0,75
201600053046,16,4,11,1615,1,2,2,2,2.0,75111,M,4885870.0,237857.0,75
201600053047,16,4,18,905,1,2,1,1,3.0,75111,M,4885390.0,237761.0,75
201600053048,16,4,21,1044,1,2,5,1,3.0,75111,M,4886600.0,237075.0,75
201600053049,16,4,22,200,5,2,2,1,3.0,75111,M,4885130.0,237612.0,75
201600053050,16,4,22,1220,1,2,3,1,4.0,75111,M,4886420.0,238023.0,75
201600053051,16,4,22,1755,1,2,2,1,3.0,75111,M,4886400.0,237068.0,75
201600053052,16,4,25,1630,1,2,3,1,6.0,75111,M,4885390.0,238197.0,75
201600053053,16,4,25,1715,1,2,3,2,3.0,75111,M,4886760.0,237561.0,75
201600053054,16,4,26,2010,1,2,2,2,7.0,75111,M,4885570.0,237867.0,75
201600053055,16,4,26,2300,5,2,2,1,3.0,75111,M,4886520.0,236773.0,75
201600053056,16,4,27,1650,1,2,1,1,6.0,75111,M,4885190.0,237646.0,75
201600053057,16,4,29,650,2,2,7,1,3.0,75111,M,4886700.0,236551.0,75
201600053058,16,4,30,1420,1,2,3,2,3.0,75111,M,4885190.0,239368.0,75
201600053059,16,5,2,820,1,2,2,1,1.0,75112,M,4884580.0,236760.0,75
201600053060,16,5,4,1805,1,2,7,1,3.0,75111,M,4885370.0,236896.0,75
201600053061,16,5,5,1755,1,2,4,1,6.0,75111,M,4885470.0,236951.0,75
201600053062,16,5,7,1406,1,2,2,1,6.0,75111,M,4885620.0,238280.0,75
201600053063,16,5,8,615,5,2,1,1,6.0,75111,M,4885700.0,238140.0,75
201600053064,16,5,10,1740,1,2,1,2,2.0,75111,M,4886540.0,237750.0,75
201600053065,16,5,10,2030,2,2,3,2,2.0,75111,M,4886380.0,238219.0,75
201600053066,16,5,11,1350,1,2,2,2,7.0,75111,M,4885460.0,237800.0,75
201600053067,16,5,11,1825,1,2,1,1,3.0,75111,M,4885440.0,238588.0,75
201600053068,16,5,12,1400,1,2,5,2,3.0,75111,M,4886400.0,238129.0,75
201600053069,16,5,13,145,5,2,2,2,6.0,75111,M,4885550.0,237045.0,75
201600053070,16,5,14,1130,1,2,1,1,3.0,75111,M,4885730.0,239035.0,75
201600053071,16,5,16,420,5,2,1,1,6.0,75111,M,4886740.0,237297.0,75
201600053072,16,5,16,2245,5,2,1,1,6.0,75111,M,4886440.0,237935.0,75
201600053073,16,5,18,1355,1,2,3,1,6.0,75111,M,4885610.0,239279.0,75
201600053074,16,5,18,1730,1,2,2,2,7.0,75111,M,4885070.0,239447.0,75
201600053075,16,5,19,1130,1,2,1,2,6.0,75111,M,4885940.0,237229.0,75
201600053076,16,5,19,1220,1,2,1,2,3.0,75111,M,4885390.0,238668.0,75
201600053077,16,5,19,1355,1,2,1,2,2.0,75111,M,4886880.0,238062.0,75
201600053078,16,5,20,1835,1,2,3,1,3.0,75111,M,4885440.0,238404.0,75
201600053079,16,5,21,1530,1,2,3,1,3.0,75111,M,4885910.0,238594.0,75
201600053080,16,5,23,1620,1,2,1,1,6.0,75111,M,4885810.0,237934.0,75
201600053081,16,5,24,1,5,2,1,1,7.0,75111,M,4885290.0,237704.0,75
201600053082,16,5,25,830,1,2,3,1,3.0,75111,M,4885580.0,238158.0,75
201600053083,16,5,27,130,5,2,2,1,1.0,75111,M,4885520.0,237033.0,75
201600053084,16,5,30,1650,1,2,3,3,2.0,75111,M,4886220.0,237277.0,75
201600053085,16,6,1,900,1,2,2,2,3.0,75111,M,4886600.0,236631.0,75
201600053086,16,6,1,1044,1,2,2,1,6.0,75111,M,4886570.0,237246.0,75
201600053087,16,6,1,1700,1,2,3,2,6.0,75111,M,4886900.0,237173.0,75
201600053088,16,6,1,2125,5,2,3,2,3.0,75111,M,4886530.0,238453.0,75
201600053089,16,6,4,5,5,2,1,1,6.0,75111,M,4886360.0,237575.0,75
201600053090,16,6,4,1610,1,2,7,1,3.0,75111,M,4884840.0,239670.0,75
201600053091,16,6,6,900,1,2,3,1,3.0,75111,M,4885210.0,238958.0,75
201600053092,16,6,7,1825,1,2,1,1,6.0,75111,M,4885550.0,237531.0,75
201600053093,16,6,7,2027,1,2,7,1,3.0,75111,M,4885370.0,236896.0,75
201600053094,16,6,7,1340,1,2,2,1,6.0,75111,M,4886630.0,236736.0,75
201600053095,16,6,9,1555,1,2,1,1,3.0,75111,M,4885050.0,238905.0,75
201600053096,16,6,9,1610,1,2,3,1,3.0,75111,M,4886240.0,237985.0,75
201600053097,16,6,9,1355,1,2,5,1,3.0,75111,M,4886530.0,237452.0,75
201600053098,16,6,12,1230,1,2,3,3,7.0,75111,M,4886400.0,237549.0,75
201600053099,16,6,13,10,5,2,1,2,3.0,75111,M,4885920.0,236764.0,75
201600053100,16,6,13,940,1,2,1,8,6.0,75111,M,4885090.0,237754.0,75
201600053101,16,6,16,1224,1,2,3,1,6.0,75111,M,4886470.0,237389.0,75
201600053102,16,6,17,2300,5,2,5,2,2.0,75111,M,4886530.0,237452.0,75
201600053103,16,6,18,1315,1,2,2,1,2.0,75111,M,4885710.0,236883.0,75
201600053104,16,6,18,1915,1,2,4,3,6.0,75111,M,4885570.0,237867.0,75
201600053105,16,6,19,1110,1,2,7,1,3.0,75111,M,4886670.0,236518.0,75
201600053106,16,6,21,605,2,2,1,1,6.0,75111,M,4886590.0,237406.0,75
201600053107,16,6,22,420,5,2,1,1,6.0,75111,M,4886560.0,237285.0,75
201600053108,16,6,22,850,1,2,2,1,3.0,75111,M,4885560.0,237458.0,75
201600053109,16,6,22,1305,1,2,3,1,6.0,75111,M,4885410.0,238263.0,75
201600053110,16,6,23,910,1,2,1,1,2.0,75111,M,4884990.0,239494.0,75
201600053111,16,6,24,1900,1,2,1,1,2.0,75111,M,4885160.0,239387.0,75
201600053112,16,6,25,2300,5,2,1,1,3.0,75111,M,4885730.0,237068.0,75
201600053113,16,6,26,613,2,2,2,1,3.0,75111,M,4886840.0,237488.0,75
201600053114,16,6,26,1845,1,2,2,1,6.0,75111,M,4886460.0,237798.0,75
201600053115,16,6,27,1830,1,2,3,1,6.0,75111,M,4886050.0,238617.0,75
201600053116,16,6,28,1240,1,2,2,2,6.0,75111,M,4885460.0,237800.0,75
201600053117,16,6,28,1505,1,2,2,1,3.0,75111,M,4886630.0,236736.0,75
201600053118,16,6,28,1700,1,2,2,1,2.0,75111,M,4886520.0,237516.0,75
201600053119,16,6,30,850,1,2,1,1,6.0,75111,M,4885840.0,237262.0,75
201600053120,16,6,30,1300,1,2,2,1,4.0,75111,M,4885540.0,238423.0,75
201600053121,16,7,2,1030,1,2,5,1,3.0,75111,M,4885780.0,237092.0,75
201600053122,16,7,2,1645,1,2,1,1,6.0,75111,M,4886480.0,237721.0,75
201600053123,16,7,2,2020,1,2,3,1,7.0,75111,M,4886400.0,237549.0,75
201600053124,16,7,5,1735,1,2,7,1,6.0,75111,M,4884860.0,239435.0,75
201600053125,16,7,5,1800,1,2,3,1,6.0,75111,M,4885300.0,239305.0,75
201600053126,16,7,5,2325,5,2,1,1,3.0,75111,M,4885990.0,237253.0,75
201600053127,16,7,10,230,5,2,5,1,3.0,75111,M,4885270.0,238864.0,75
201600053128,16,7,11,2025,1,2,2,1,2.0,75111,M,4886250.0,236688.0,75
201600053129,16,7,12,1230,1,2,2,1,3.0,75111,M,4886440.0,236901.0,75
201600053130,16,7,12,1520,1,2,2,1,3.0,75111,M,4885650.0,239423.0,75
201600053131,16,7,12,2016,1,2,3,2,6.0,75111,M,4885560.0,239010.0,75
201600053132,16,7,14,1915,1,2,2,1,6.0,75111,M,4887110.0,237667.0,75
201600053133,16,7,16,2030,1,2,1,1,3.0,75111,M,4886640.0,237252.0,75
201600053134,16,7,17,2020,1,2,1,1,2.0,75111,M,4885020.0,239476.0,75
201600053135,16,7,18,1355,1,2,1,1,3.0,75111,M,4885440.0,238578.0,75
201600053136,16,7,19,845,1,2,7,1,3.0,75111,M,4885830.0,237933.0,75
201600053137,16,7,20,930,1,2,2,1,3.0,75111,M,4886250.0,236688.0,75
201600053138,16,7,20,2215,5,2,2,1,3.0,75111,M,4885470.0,238535.0,75
201600053139,16,7,21,1240,1,2,5,1,3.0,75111,M,4886530.0,237452.0,75
201600053140,16,7,21,1455,1,2,2,1,3.0,75111,M,4885010.0,238430.0,75
201600053141,16,7,22,1050,1,2,1,1,6.0,75111,M,4887040.0,237457.0,75
201600053142,16,7,22,1100,1,2,1,1,2.0,75111,M,4885530.0,238868.0,75
201600053143,16,7,22,1715,1,2,3,1,3.0,75111,M,4886900.0,237173.0,75
201600053144,16,7,22,1900,1,2,2,1,6.0,75111,M,4885860.0,236780.0,75
201600053145,16,7,23,1110,1,2,2,1,3.0,75111,M,4886630.0,236884.0,75
201600053146,16,7,24,1423,1,2,2,1,3.0,75111,M,4886880.0,237629.0,75
201600053147,16,7,24,2230,5,2,3,1,3.0,75111,M,4886400.0,237549.0,75
201600053148,16,7,25,1035,1,2,7,1,7.0,75111,M,4885850.0,238021.0,75
201600053149,16,7,25,1520,1,2,5,1,7.0,75111,M,4886310.0,237131.0,75
201600053150,16,7,25,2235,5,2,2,1,3.0,75111,M,4885460.0,237800.0,75
201600053151,16,7,26,1755,1,2,2,1,6.0,75111,M,4885130.0,237978.0,75
201600053152,16,7,26,1900,1,2,2,1,3.0,75111,M,4885830.0,238979.0,75
201600053153,16,7,27,1320,1,2,2,1,3.0,75111,M,4886140.0,238009.0,75
201600053154,16,7,27,2235,5,2,5,1,3.0,75111,M,4886400.0,237068.0,75
201600053155,16,7,28,920,1,2,3,1,6.0,75111,M,4885660.0,238222.0,75
201600053156,16,7,28,1410,1,2,3,1,6.0,75111,M,4885100.0,237737.0,75
201600053157,16,8,2,1520,1,2,2,2,6.0,75111,M,4885470.0,238535.0,75
201600053158,16,8,2,1552,1,2,7,2,6.0,75111,M,4884880.0,239531.0,75
201600053159,16,8,4,1540,1,2,7,1,3.0,75111,M,4884840.0,239670.0,75
201600053160,16,8,6,20,5,2,3,1,3.0,75112,M,4885100.0,237714.0,75
201600053161,16,8,6,2040,1,2,1,1,5.0,75111,M,4886350.0,237166.0,75
201600053162,16,8,7,258,5,2,5,1,3.0,75111,M,4886290.0,238742.0,75
201600053163,16,8,10,1850,1,2,1,1,6.0,75111,M,4886450.0,238390.0,75
201600053164,16,8,10,1950,1,2,3,1,6.0,75111,M,4886760.0,237561.0,75
201600053165,16,8,12,1625,1,2,2,1,3.0,75111,M,4886560.0,236942.0,75
201600053166,16,8,16,1310,1,2,2,1,6.0,75111,M,4886520.0,236773.0,75
201600053167,16,8,17,1920,1,2,2,1,6.0,75111,M,4885980.0,238870.0,75
201600053168,16,8,18,45,5,2,2,1,3.0,75112,M,4884740.0,240623.0,75
201600053169,16,8,18,755,1,2,3,2,7.0,75111,M,4885920.0,237943.0,75
201600053170,16,8,18,855,1,2,4,2,6.0,75111,M,4885690.0,236820.0,75
201600053171,16,8,20,1912,1,2,2,1,3.0,75111,M,4885330.0,237722.0,75
201600053172,16,8,20,2025,1,2,1,1,6.0,75111,M,4885730.0,237130.0,75
201600053173,16,8,22,1735,1,2,2,1,6.0,75111,M,4886240.0,237187.0,75
201600053174,16,8,23,1910,1,2,1,1,3.0,75111,M,4886350.0,237053.0,75
201600053175,16,8,30,1505,1,2,2,1,6.0,75111,M,4885930.0,238685.0,75
201600053176,16,9,1,826,1,2,2,1,3.0,75111,M,4886630.0,236736.0,75
201600053177,16,9,2,1715,1,2,1,1,3.0,75111,M,4885850.0,236845.0,75
201600053178,16,9,5,923,1,2,3,2,7.0,75111,M,4885460.0,237800.0,75
201600053179,16,9,5,1715,1,2,7,2,6.0,75111,M,4884840.0,239670.0,75
201600053180,16,9,9,925,1,2,3,1,3.0,75111,M,4886650.0,236813.0,75
201600053181,16,9,9,1340,1,2,1,1,7.0,75111,M,4885620.0,236836.0,75
201600053182,16,9,10,1150,1,2,2,1,6.0,75111,M,4885270.0,238864.0,75
201600053183,16,9,10,1800,1,2,2,1,6.0,75111,M,4885360.0,238040.0,75
201600053184,16,9,12,1740,1,2,1,1,6.0,75111,M,4885230.0,238927.0,75
201600053185,16,9,13,1915,1,2,1,1,3.0,75111,M,4885520.0,239164.0,75
201600053186,16,9,14,2005,5,2,2,2,3.0,75111,M,4886690.0,237332.0,75
201600053187,16,9,15,515,5,2,4,3,6.0,75120,M,4886630.0,239972.0,75
201600053188,16,9,15,1120,1,2,2,2,6.0,75120,M,4887080.0,237842.0,75
201600053189,16,9,15,1525,1,2,2,1,6.0,75111,M,4886470.0,237012.0,75
201600053190,16,9,15,2145,5,2,2,1,3.0,75111,M,4886440.0,236901.0,75
201600053191,16,9,16,50,4,2,1,1,6.0,75111,M,4886630.0,238335.0,75
201600053192,16,9,18,2105,5,2,3,1,6.0,75111,M,4885560.0,239010.0,75
201600053193,16,9,19,1750,1,2,3,1,6.0,75111,M,4886320.0,238559.0,75
201600053194,16,9,21,1445,1,2,2,1,6.0,75111,M,4885650.0,239423.0,75
201600053195,16,9,21,1345,1,2,1,1,3.0,75111,M,4885910.0,237789.0,75