Num_Acc,an,mois,jour,hrmn,lum,agg,int,atm,col,com,gps,lat,long,dep
201600053196,16,9,22,1545,1,2,2,1,7.0,75111,M,4885980.0,237685.0,75
201600053197,16,9,23,1820,2,2,1,1,4.0,75111,M,4885520.0,239164.0,75
201600053198,16,9,23,2100,5,2,3,1,2.0,75111,M,4886410.0,238100.0,75
201600053199,16,9,25,540,5,2,2,1,6.0,75111,M,4886690.0,237332.0,75
201600053200,16,9,16,1735,1,2,7,2,3.0,75103,M,4886730.0,236338.0,75
201600053201,16,9,26,1635,1,2,5,1,2.0,75111,M,4886600.0,237075.0,75
201600053202,16,9,29,2230,5,2,3,1,6.0,75111,M,4885520.0,237033.0,75
201600053203,16,9,30,1321,1,2,3,1,6.0,75111,M,4885440.0,238404.0,75
201600053204,16,9,30,1505,1,2,2,1,6.0,75111,M,4885870.0,237857.0,75
201600053205,16,9,30,1800,1,2,2,2,3.0,75111,M,4885620.0,238280.0,75
201600053206,16,9,30,2250,5,2,4,2,6.0,75111,M,4886410.0,238100.0,75
201600053207,16,10,1,1630,1,2,4,1,3.0,75112,M,4884450.0,240626.0,75
201600053208,16,10,1,2320,5,2,3,1,3.0,75111,M,4886320.0,238559.0,75
201600053209,16,10,2,1550,1,2,2,1,3.0,75111,M,4886670.0,237348.0,75
201600053210,16,10,4,1450,1,2,2,1,6.0,75111,M,4885190.0,237378.0,75
201600053211,16,10,5,915,1,2,1,1,3.0,75111,M,4885780.0,239005.0,75
201600053212,16,10,6,750,1,2,4,1,6.0,75111,M,4885290.0,238851.0,75
201600053213,16,10,6,1645,1,2,5,1,6.0,75111,M,4886400.0,238129.0,75
201600053214,16,10,6,1737,1,2,2,1,3.0,75111,M,4885790.0,237696.0,75
201600053215,16,10,7,910,1,2,1,8,3.0,75111,M,4885890.0,236771.0,75
201600053216,16,10,7,1110,1,2,3,1,3.0,75111,M,4886460.0,236581.0,75
201600053217,16,10,8,630,5,2,1,1,6.0,75111,M,4885640.0,239093.0,75
201600053218,16,10,10,1645,1,2,2,2,3.0,75111,M,4886400.0,237068.0,75
201600053219,16,10,10,1735,1,2,1,2,7.0,75111,M,4885320.0,237052.0,75
201600053220,16,10,11,845,1,2,3,8,7.0,75111,M,4885490.0,238614.0,75
201600053221,16,10,12,915,1,2,1,1,7.0,75111,M,4885040.0,238079.0,75
201600053222,16,10,13,835,1,2,2,1,3.0,75112,M,4884410.0,241174.0,75
201600053223,16,10,13,1250,1,2,4,1,4.0,75111,M,4885470.0,236951.0,75
201600053224,16,10,13,1615,1,2,2,2,3.0,75111,M,4886570.0,237246.0,75
201600053225,16,10,13,2120,5,2,2,2,3.0,75111,M,4885360.0,239266.0,75
201600053226,16,10,15,30,5,2,2,2,6.0,75111,M,4886840.0,237488.0,75
201600053227,16,10,17,750,5,2,2,1,3.0,75111,M,4886840.0,237488.0,75
201600053228,16,10,17,2330,5,2,4,1,3.0,75111,M,4886330.0,238480.0,75
201600053229,16,10,18,910,1,2,1,1,3.0,75111,M,4886600.0,237396.0,75
201600053230,16,10,18,1250,1,2,7,1,3.0,75111,M,4884940.0,239615.0,75
201600053231,16,10,18,1250,1,2,2,1,7.0,75111,M,4886640.0,238022.0,75
201600053232,16,10,18,2010,5,2,3,1,3.0,75111,M,4886310.0,237131.0,75
201600053233,16,10,19,1005,1,2,5,1,6.0,75111,M,4885320.0,237022.0,75
201600053234,16,10,19,2200,3,2,2,1,3.0,75111,M,4885070.0,239447.0,75
201600053235,16,10,20,1750,1,2,3,2,6.0,75111,M,4885580.0,238158.0,75
201600053236,16,10,20,1955,5,2,3,1,6.0,75111,M,4885990.0,237453.0,75
201600053237,16,10,21,30,5,2,2,1,3.0,75111,M,4886380.0,237010.0,75
201600053238,16,10,23,900,1,2,3,1,3.0,75111,M,4884930.0,239008.0,75
201600053239,16,10,23,1900,5,2,1,2,3.0,75111,M,4885550.0,238398.0,75
201600053240,16,10,24,1550,1,2,1,1,6.0,75111,M,4886750.0,236476.0,75
201600053241,16,10,24,1605,1,2,2,2,3.0,75111,M,4886160.0,237732.0,75
201600053242,16,10,26,1220,1,2,2,1,3.0,75111,M,4885930.0,238685.0,75
201600053243,16,10,26,2325,5,2,1,1,3.0,75111,M,4886320.0,237968.0,75
201600053244,16,10,28,1320,1,2,1,1,6.0,75111,M,4885520.0,238112.0,75
201600053245,16,10,30,830,1,2,2,1,6.0,75111,M,4886160.0,237732.0,75
201600053246,16,10,31,1805,5,2,1,1,3.0,75111,M,4885100.0,239149.0,75
201600053247,16,11,2,1920,3,2,5,1,3.0,75111,M,4886620.0,236963.0,75
201600053248,16,11,3,1225,1,2,1,1,2.0,75111,M,4885930.0,237758.0,75
201600053249,16,11,3,1325,1,2,7,1,6.0,75111,M,4884910.0,239473.0,75
201600053250,16,11,4,940,1,2,2,2,7.0,75111,M,4886460.0,237798.0,75
201600053251,16,11,4,1315,1,2,1,2,6.0,75111,M,4886160.0,236759.0,75
201600053252,16,11,4,1850,5,2,2,2,6.0,75111,M,4886380.0,237010.0,75
201600053253,16,11,8,1435,1,2,3,8,7.0,75111,M,4886650.0,236813.0,75
201600053254,16,11,8,1820,5,2,2,1,6.0,75111,M,4885580.0,239130.0,75
201600053255,16,11,8,2000,5,2,1,1,6.0,75111,M,4885540.0,238411.0,75
201600053256,16,11,10,305,5,2,3,2,6.0,75111,M,4885740.0,238081.0,75
201600053257,16,11,10,1925,5,2,3,3,6.0,75111,M,4886320.0,238559.0,75
201600053258,16,11,12,415,5,2,2,1,3.0,75111,M,4885470.0,238535.0,75
201600053259,16,11,12,2250,5,2,3,2,7.0,75111,M,4885520.0,237374.0,75
201600053260,16,11,14,825,1,2,1,8,3.0,75111,M,4886550.0,237345.0,75
201600053261,16,11,14,940,1,2,2,1,3.0,75111,M,4885980.0,238870.0,75
201600053262,16,11,14,1255,1,2,1,1,3.0,75111,M,4885180.0,237638.0,75
201600053263,16,11,16,1935,5,2,3,8,2.0,75111,M,4886560.0,236705.0,75
201600053264,16,11,19,320,3,2,2,1,3.0,75112,M,4885010.0,238430.0,75
201600053265,16,11,19,2045,5,2,3,1,3.0,75111,M,4885340.0,238823.0,75
201600053266,16,11,19,2120,5,2,1,1,6.0,75111,M,4885560.0,238087.0,75
201600053267,16,11,21,1915,5,2,1,1,2.0,75111,M,4885500.0,237316.0,75
201600053268,16,11,23,1420,1,2,3,1,3.0,75111,M,4886590.0,237143.0,75
201600053269,16,11,25,220,5,2,1,8,6.0,75111,M,4885800.0,239079.0,75
201600053270,16,11,25,2227,5,2,1,1,3.0,75111,M,4886640.0,236571.0,75
201600053271,16,11,28,1140,1,2,1,1,3.0,75111,M,4886410.0,236946.0,75
201600053272,16,11,29,1550,1,2,1,1,3.0,75111,M,4885420.0,238620.0,75
201600053273,16,12,1,1853,5,2,1,1,6.0,75111,M,4885300.0,237082.0,75
201600053274,16,12,1,2355,5,2,1,1,3.0,75111,M,4886600.0,237702.0,75
201600053275,16,12,4,1400,1,2,4,1,3.0,75111,M,4884880.0,239297.0,75
201600053276,16,12,5,2205,5,2,2,1,6.0,75111,M,4885830.0,238979.0,75
201600053277,16,12,6,1205,1,2,5,1,6.0,75111,M,4886310.0,237131.0,75
201600053278,16,12,6,1200,1,2,1,1,3.0,75111,M,4885210.0,238345.0,75
201600053279,16,12,7,1400,1,2,1,1,6.0,75111,M,4885710.0,238350.0,75
201600053280,16,12,9,1845,5,2,1,1,6.0,75111,M,4885700.0,237944.0,75
201600053281,16,12,13,850,1,2,2,2,3.0,75111,M,4886690.0,237332.0,75
201600053282,16,12,16,2330,5,2,1,1,6.0,75111,M,4885350.0,237047.0,75
201600053283,16,12,16,1750,5,2,2,1,3.0,75111,M,4886480.0,236834.0,75
201600053284,16,12,17,700,5,2,1,1,6.0,75111,M,4886130.0,237765.0,75
201600053285,16,12,21,1145,1,2,2,1,6.0,75111,M,4886460.0,237798.0,75
201600053286,16,12,21,2020,5,2,1,2,6.0,75111,M,4885140.0,237559.0,75
201600053287,16,12,22,1810,5,2,3,1,6.0,75111,M,4885550.0,238964.0,75
201600053288,16,12,13,300,5,2,3,1,6.0,75111,M,4886560.0,238416.0,75
201600053289,16,12,23,1350,1,2,4,1,7.0,75111,M,4885740.0,238081.0,75
201600053290,16,12,23,1704,2,2,1,1,3.0,75111,M,4885260.0,237150.0,75
201600053291,16,12,24,950,1,2,1,1,6.0,75118,M,4890030.0,235905.0,75
201600053292,16,12,25,1430,1,2,1,1,2.0,75111,M,4885890.0,237966.0,75
201600053293,16,12,27,1955,5,2,1,1,2.0,75111,M,4885500.0,238207.0,75
201600053294,16,1,2,230,5,2,1,2,6.0,75112,M,4884370.0,236998.0,75
201600053295,16,1,1,1221,1,2,2,1,6.0,75112,M,4884320.0,237027.0,75
201600053296,16,1,3,1640,2,2,3,3,6.0,75112,M,4883880.0,240103.0,75
201600053297,16,1,3,2220,5,2,1,1,3.0,75112,M,4885280.0,237109.0,75
201600053298,16,12,21,1940,5,2,1,2,2.0,75112,M,4884200.0,238621.0,75
201600053299,16,1,4,1500,1,2,5,1,3.0,75112,M,4884650.0,241361.0,75
201600053300,16,1,5,1520,1,2,1,1,3.0,75112,M,4884390.0,237319.0,75
201600053301,16,1,6,1545,1,2,3,8,6.0,75112,M,4884940.0,238947.0,75
201600053302,16,1,7,2346,5,2,2,1,3.0,75112,M,4884580.0,236760.0,75
201600053303,16,1,9,855,1,2,5,1,3.0,75112,M,4883180.0,239765.0,75
201600053304,16,1,10,2025,5,2,4,8,6.0,75112,M,4884180.0,238672.0,75
201600053305,16,1,11,1130,1,2,1,2,6.0,75112,M,4884480.0,238354.0,75
201600053306,16,1,11,1240,1,2,4,2,6.0,75112,M,4884810.0,236759.0,75
201600053307,16,1,10,2125,5,2,2,1,3.0,75112,M,4884110.0,238899.0,75
201600053308,16,1,12,1235,1,2,1,1,6.0,75112,M,4885180.0,237396.0,75
201600053309,16,1,12,1630,1,2,2,1,6.0,75112,M,4885130.0,237612.0,75
201600053310,16,1,14,1630,5,2,2,1,2.0,75112,M,4884570.0,237241.0,75
201600053311,16,1,14,1845,5,2,2,2,6.0,75112,M,4885130.0,237612.0,75
201600053312,16,1,14,2205,5,2,1,1,6.0,75112,M,4883570.0,240216.0,75
201600053313,16,1,17,115,5,2,5,1,6.0,75112,M,4884430.0,238153.0,75
201600053314,16,1,17,2000,5,2,7,1,7.0,75112,M,4884040.0,237898.0,75
201600053315,16,1,19,1840,5,2,2,1,2.0,75112,M,4884800.0,239283.0,75
201600053316,16,1,19,2000,5,2,1,1,2.0,75112,M,4884690.0,240921.0,75
201600053317,16,1,20,1136,1,2,1,1,2.0,75112,M,4884570.0,240149.0,75
201600053318,16,1,19,2156,5,2,7,1,7.0,75112,M,4885260.0,236962.0,75
201600053319,16,1,21,615,5,2,1,1,3.0,75112,M,4884550.0,238867.0,75
201600053320,16,1,21,1630,2,2,1,1,6.0,75112,M,4883790.0,240826.0,75
201600053321,16,1,23,1555,1,2,1,8,3.0,75112,M,4883960.0,239810.0,75
201600053322,16,1,23,2000,5,2,1,1,6.0,75112,M,4884180.0,237278.0,75
201600053323,16,1,25,900,1,2,7,1,6.0,75112,M,4884000.0,239522.0,75
201600053324,16,1,25,1530,1,2,1,1,6.0,75112,M,4884870.0,239357.0,75
201600053325,16,1,26,1415,1,2,5,1,3.0,75112,M,4885010.0,238430.0,75
201600053326,16,1,27,1640,2,2,1,8,6.0,75112,M,4884070.0,240708.0,75
201600053327,16,1,28,830,1,2,1,1,7.0,75112,M,4883180.0,241631.0,75
201600053328,16,1,30,1430,1,2,1,3,6.0,75112,M,4883360.0,240269.0,75
201600053329,16,1,31,2000,5,2,1,1,3.0,75112,M,4884970.0,238484.0,75
201600053330,16,2,1,745,1,2,1,1,3.0,75112,M,4884280.0,237168.0,75
201600053331,16,2,2,1545,1,2,1,2,2.0,75112,M,4883040.0,240222.0,75
201600053332,16,2,2,2035,1,2,1,1,6.0,75112,M,4883820.0,239011.0,75
201600053333,16,2,3,2235,5,2,5,1,6.0,75112,M,4885010.0,238430.0,75
201600053334,16,2,4,1405,1,2,3,1,6.0,75112,M,4884430.0,240891.0,75
201600053335,16,2,4,1640,1,2,4,2,2.0,75112,M,4884640.0,241497.0,75
201600053336,16,2,7,1325,1,2,4,1,3.0,75112,M,4881970.0,243646.0,75
201600053337,16,2,8,1040,1,2,3,1,6.0,75112,M,4884000.0,238230.0,75
201600053338,16,2,8,1945,5,2,1,1,2.0,75112,M,4883960.0,239835.0,75
201600053339,16,2,9,950,1,2,1,2,2.0,75112,M,4883120.0,244896.0,75
201600053340,16,2,9,1500,1,2,7,2,6.0,75112,M,4885260.0,236962.0,75
201600053341,16,2,11,1146,1,2,4,1,3.0,75112,M,4883940.0,239441.0,75
201600053342,16,2,12,720,4,2,1,2,6.0,75112,M,4882890.0,241969.0,75
201600053343,16,2,13,20,5,2,7,1,3.0,75112,M,4884730.0,239572.0,75
201600053344,16,2,15,800,1,2,1,1,6.0,75112,M,4883900.0,242848.0,75
201600053345,16,2,14,2030,5,2,2,2,3.0,75112,M,4884800.0,237141.0,75
201600053346,16,2,15,2235,5,2,2,1,6.0,75112,M,4883830.0,238875.0,75
201600053347,16,2,16,850,1,2,3,1,2.0,75112,M,4884640.0,240004.0,75
201600053348,16,2,17,830,1,2,7,1,3.0,75112,M,4883550.0,240668.0,75
201600053349,16,2,19,1955,5,2,1,1,6.0,75112,M,4884750.0,240242.0,75
201600053350,16,2,20,240,5,2,2,2,1.0,75112,M,4884580.0,236760.0,75
201600053351,16,2,20,1550,1,2,5,1,6.0,75112,M,4884550.0,237124.0,75
201600053352,16,2,21,35,5,2,2,1,3.0,75112,M,4884550.0,237124.0,75
201600053353,16,2,20,2155,5,2,7,1,2.0,75112,M,4883550.0,240668.0,75
201600053354,16,2,22,1450,1,2,2,1,6.0,75112,M,4884650.0,237929.0,75
201600053355,16,2,22,1835,5,2,2,2,3.0,75112,M,4883740.0,239117.0,75
201600053356,16,2,23,840,1,2,7,2,7.0,75112,M,4884480.0,238298.0,75
201600053357,16,2,25,1625,1,2,1,1,6.0,75112,M,4883200.0,238864.0,75
201600053358,16,2,26,1225,1,2,3,1,3.0,75112,M,4885140.0,236986.0,75
201600053359,16,2,26,1350,1,2,7,1,3.0,75112,M,4884750.0,239672.0,75
201600053360,16,2,28,1345,1,2,7,1,3.0,75112,M,4885260.0,236962.0,75
201600053361,16,2,29,120,5,2,7,1,6.0,75112,M,4883480.0,240796.0,75
201600053362,16,3,1,1230,1,2,2,1,6.0,75112,M,4884270.0,239747.0,75
201600053363,16,3,1,1515,1,2,5,2,7.0,75112,M,4884700.0,241119.0,75
201600053364,16,3,4,2050,5,2,2,2,6.0,75112,M,4884700.0,238376.0,75
201600053365,16,3,5,1930,5,2,1,1,6.0,75112,M,4883700.0,244095.0,75
201600053366,16,3,6,1350,1,2,7,1,3.0,75112,M,4885260.0,236962.0,75
201600053367,16,3,7,1000,1,2,1,1,7.0,75112,M,4884950.0,236826.0,75
201600053368,16,3,9,1215,1,2,3,2,7.0,75112,M,4884330.0,240537.0,75
201600053369,16,3,9,1520,1,2,4,1,3.0,75112,M,4882810.0,239020.0,75
201600053370,16,3,9,1615,1,2,1,1,3.0,75112,M,4884510.0,240096.0,75
201600053371,16,3,9,1900,2,2,1,1,6.0,75112,M,4884870.0,238868.0,75
201600053372,16,3,10,2235,5,2,2,1,3.0,75112,M,4883180.0,239765.0,75
201600053373,16,3,11,2135,5,2,1,1,7.0,75112,M,4881920.0,243827.0,75
201600053374,16,3,12,2135,5,2,1,1,6.0,75112,M,4885020.0,238357.0,75
201600053375,16,3,13,2240,5,2,2,1,6.0,75112,M,4885130.0,237612.0,75
201600053376,16,3,14,1700,1,2,7,1,3.0,75112,M,4884800.0,239734.0,75
201600053377,16,3,15,815,1,2,3,1,2.0,75112,M,4883630.0,238501.0,75
201600053378,16,3,20,1740,1,2,2,1,6.0,75112,M,4884700.0,241119.0,75
201600053379,16,3,21,1810,1,2,1,1,3.0,75112,M,4883400.0,239436.0,75
201600053380,16,3,22,1445,1,2,2,1,3.0,75112,M,4884090.0,240468.0,75
201600053381,16,3,22,1900,2,2,3,1,2.0,75112,M,4884370.0,238815.0,75
201600053382,16,3,23,615,2,2,1,1,6.0,75112,M,4884110.0,237423.0,75
201600053383,16,3,24,1050,1,2,7,1,6.0,75112,M,4884790.0,239636.0,75
201600053384,16,3,24,1815,2,2,1,1,6.0,75112,M,4885040.0,236869.0,75
201600053385,16,3,25,2000,5,2,1,1,4.0,75112,M,4884820.0,237341.0,75
201600053386,16,3,27,1415,1,2,7,1,2.0,75112,M,4884780.0,239906.0,75
201600053387,16,3,28,1,5,2,5,1,3.0,75112,M,4884730.0,237529.0,75
201600053388,16,3,28,1000,1,2,1,2,3.0,75111,M,4885220.0,237247.0,75
201600053389,16,3,29,1330,1,2,3,1,6.0,75112,M,4885140.0,236986.0,75
201600053390,16,3,29,1835,1,2,1,1,3.0,75112,M,4884740.0,238120.0,75
201600053391,16,3,30,1430,1,2,1,2,7.0,75112,M,4884900.0,236800.0,75
201600053392,16,3,30,2155,1,2,2,2,7.0,75112,M,4884700.0,241119.0,75
201600053393,16,3,31,1930,1,2,1,2,2.0,75112,M,4885020.0,236860.0,75
201600053394,16,4,1,1020,1,2,1,1,3.0,75112,M,4884490.0,240343.0,75
201600053395,16,4,1,1745,1,2,7,1,3.0,75112,M,4884730.0,239881.0,75
201600053396,16,4,4,1750,1,2,3,1,6.0,75112,M,4883650.0,240405.0,75
201600053397,16,4,5,1150,1,2,1,1,6.0,75112,M,4884710.0,239964.0,75
201600053398,16,4,5,1700,1,2,1,7,6.0,75112,M,4883940.0,239456.0,75
201600053399,16,4,5,1555,1,2,1,1,4.0,75112,M,4884470.0,240719.0,75
201600053400,16,4,6,930,1,2,1,1,6.0,75112,M,4883210.0,238456.0,75
201600053401,16,4,6,2130,5,2,2,1,3.0,75112,M,4884800.0,237141.0,75
201600053402,16,4,7,1930,1,2,1,1,6.0,75112,M,4884910.0,237546.0,75
201600053403,16,4,8,436,5,2,1,1,6.0,75112,M,4884350.0,237023.0,75
201600053404,16,4,8,1945,2,2,2,1,3.0,75112,M,4884800.0,237141.0,75
201600053405,16,4,9,1250,1,2,7,1,3.0,75112,M,4884020.0,243645.0,75
201600053406,16,4,9,1800,1,2,1,3,3.0,75112,M,4883660.0,238375.0,75
201600053407,16,4,11,2315,5,2,2,2,3.0,75112,M,4884870.0,237253.0,75
201600053408,16,4,13,830,1,2,1,1,4.0,75112,M,4884320.0,237059.0,75
201600053409,16,4,14,1645,1,2,1,1,3.0,75112,M,4884230.0,237600.0,75
201600053410,16,4,14,1950,1,2,3,2,6.0,75112,M,4884710.0,238501.0,75
201600053411,16,4,14,1315,1,2,1,1,3.0,75112,M,4883510.0,240597.0,75
201600053412,16,4,15,1350,1,2,1,1,3.0,75112,M,4883600.0,240520.0,75
201600053413,16,4,15,2300,5,2,1,1,6.0,75112,M,4884500.0,236617.0,75
201600053414,16,4,16,5,5,2,7,1,3.0,75112,M,4884020.0,243645.0,75
201600053415,16,4,16,1610,1,2,1,1,6.0,75112,M,4883450.0,242013.0,75
201600053416,16,4,17,235,5,2,1,1,6.0,75112,M,4884250.0,238533.0,75
201600053417,16,4,18,1130,1,2,1,1,6.0,75112,M,4884340.0,238741.0,75
201600053418,16,4,19,1045,1,2,2,1,3.0,75112,M,4882420.0,242275.0,75
201600053419,16,4,20,1050,1,2,7,1,6.0,75112,M,4884580.0,236760.0,75
201600053420,16,4,20,1235,1,2,1,1,2.0,75112,M,4883460.0,239354.0,75
201600053421,16,4,21,1440,1,2,1,1,6.0,75112,M,4883910.0,239597.0,75
201600053422,16,4,25,810,1,2,1,1,4.0,75112,M,4884190.0,237262.0,75
201600053423,16,4,26,915,1,2,2,8,7.0,75112,M,4884340.0,237071.0,75
201600053424,16,4,28,740,1,2,4,1,3.0,75112,M,4882840.0,238825.0,75
201600053425,16,4,28,1720,1,2,1,1,6.0,75112,M,4885110.0,237681.0,75
201600053426,16,4,30,700,1,2,1,2,4.0,75112,M,4884160.0,241355.0,75
201600053427,16,5,1,1140,1,2,1,1,3.0,75112,M,4882890.0,241969.0,75
201600053428,16,5,3,900,1,2,2,1,7.0,75112,M,4884070.0,240919.0,75
201600053429,16,5,5,300,5,2,7,1,6.0,75112,M,4885320.0,237022.0,75
201600053430,16,5,5,1045,1,2,1,1,6.0,75112,M,4883870.0,246136.0,75
201600053431,16,5,5,1945,1,2,2,1,3.0,75112,M,4884680.0,238170.0,75
201600053432,16,5,7,1230,1,2,1,1,2.0,75112,M,4884630.0,236581.0,75
201600053433,16,5,8,900,1,2,1,1,6.0,75112,M,4883370.0,241238.0,75
201600053434,16,5,8,2220,5,2,1,1,6.0,75112,M,4883620.0,237883.0,75
201600053435,16,5,9,2335,5,2,7,2,6.0,75112,M,4883960.0,239689.0,75
201600053436,16,5,10,740,1,2,7,8,3.0,75112,M,4883480.0,240796.0,75
201600053437,16,5,10,950,1,2,3,1,3.0,75112,M,4881900.0,246282.0,75
201600053438,16,5,10,2125,5,2,5,2,6.0,75112,M,4884470.0,236914.0,75
201600053439,16,5,11,1200,1,2,1,1,2.0,75112,M,4883650.0,244159.0,75
201600053440,16,5,11,1645,1,2,1,2,6.0,75112,M,4884570.0,238845.0,75
201600053441,16,5,13,1618,1,2,2,1,3.0,75112,M,4884870.0,237253.0,75
201600053442,16,5,14,1840,1,2,1,1,6.0,75112,M,4883570.0,237938.0,75
201600053443,16,5,15,1700,1,2,2,1,6.0,75112,M,4884740.0,238675.0,75
201600053444,16,5,15,1715,1,2,2,1,3.0,75112,M,4883740.0,239117.0,75
201600053445,16,5,15,1940,1,2,3,1,6.0,75112,M,4884780.0,239057.0,75
201600053446,16,5,16,1755,1,2,7,1,3.0,75112,M,4884020.0,243645.0,75
201600053447,16,5,17,1200,1,2,2,1,6.0,75112,M,4884720.0,240618.0,75
201600053448,16,5,19,1730,1,2,3,1,3.0,75112,M,4882940.0,239032.0,75
201600053449,16,5,21,1230,1,2,2,1,3.0,75112,M,4884680.0,238170.0,75
201600053450,16,5,21,2200,5,2,2,2,3.0,75112,M,4884340.0,237071.0,75
201600053451,16,5,21,2300,5,2,1,1,2.0,75112,M,4883830.0,237618.0,75
201600053452,16,5,22,1815,1,2,1,2,2.0,75112,M,4883410.0,242030.0,75
201600053453,16,5,23,1030,1,2,1,3,4.0,75112,M,4883820.0,237493.0,75
201600053454,16,5,23,1715,1,2,1,1,3.0,75112,M,4883620.0,239239.0,75
201600053455,16,5,25,348,5,2,2,1,3.0,75112,M,4884690.0,236940.0,75
201600053456,16,5,25,1800,1,2,3,1,3.0,75112,M,4884640.0,240004.0,75
201600053457,16,5,26,2015,2,2,2,1,3.0,75112,M,4883490.0,240553.0,75
201600053458,16,5,27,1320,1,2,3,1,6.0,75112,M,4884470.0,240535.0,75
201600053459,16,5,28,733,1,2,7,1,3.0,75112,M,4884000.0,239522.0,75
201600053460,16,5,28,1235,1,2,4,1,2.0,75112,M,4882960.0,238693.0,75
201600053461,16,5,28,1735,1,2,9,8,7.0,75112,M,4883180.0,239765.0,75
201600053462,16,5,28,1755,1,2,1,8,6.0,75112,M,4884210.0,240499.0,75
201600053463,16,5,29,320,5,2,4,1,6.0,75112,M,4884410.0,236889.0,75
201600053464,16,5,30,820,1,2,1,3,7.0,75112,M,4884360.0,237053.0,75
201600053465,16,5,30,840,1,2,1,2,7.0,75112,M,4884300.0,238927.0,75
201600053466,16,5,31,920,1,2,7,3,6.0,75112,M,4883920.0,239668.0,75
201600053467,16,5,31,1730,1,2,3,2,6.0,75112,M,4884770.0,237708.0,75
201600053468,16,6,1,1940,1,2,4,2,3.0,75112,M,4883900.0,240861.0,75
201600053469,16,6,4,100,5,2,7,1,6.0,75112,M,4884570.0,237241.0,75
201600053470,16,6,4,2045,2,2,3,1,3.0,75112,M,4884330.0,239130.0,75
201600053471,16,6,6,1400,1,2,1,1,3.0,75112,M,4883910.0,239052.0,75
201600053472,16,6,7,830,1,2,2,6,6.0,75112,M,4883530.0,238537.0,75
201600053473,16,6,7,1815,1,2,1,1,3.0,75110,M,4887320.0,235639.0,75
201600053474,16,6,7,2000,1,2,4,1,3.0,75112,M,4884430.0,244043.0,75
201600053475,16,6,7,2320,5,2,4,1,3.0,75112,M,4882650.0,239046.0,75
201600053476,16,6,8,1305,1,2,2,1,3.0,75112,M,4883340.0,240217.0,75
201600053477,16,6,10,1200,1,2,1,1,6.0,75112,M,4883910.0,239409.0,75
201600053478,16,6,11,1720,1,2,2,1,3.0,75112,M,4884580.0,236760.0,75
201600053479,16,6,12,355,5,2,1,1,6.0,75112,M,4884630.0,236580.0,75
201600053480,16,6,13,1635,1,2,1,1,2.0,75120,M,4884740.0,241049.0,75
201600053481,16,6,15,210,5,2,1,1,6.0,75112,M,4884400.0,237294.0,75
201600053482,16,6,15,840,1,2,2,1,2.0,75112,M,4883530.0,239275.0,75
201600053483,16,6,15,1240,1,2,1,1,2.0,75111,M,4885590.0,238338.0,75
201600053484,16,6,15,1630,1,2,1,1,6.0,75112,M,4884510.0,239219.0,75
201600053485,16,6,15,1930,1,2,1,1,3.0,75112,M,4884440.0,238395.0,75
201600053486,16,6,15,2050,2,2,2,1,6.0,75112,M,4884760.0,238907.0,75
201600053487,16,6,16,1405,1,2,3,1,2.0,75112,M,4884770.0,237708.0,75
201600053488,16,6,16,1915,1,2,2,1,3.0,75112,M,4883900.0,238921.0,75
201600053489,16,6,16,2205,5,2,2,2,3.0,75112,M,4884780.0,239906.0,75
201600053490,16,6,17,1130,1,2,4,1,2.0,75112,M,4884390.0,236974.0,75
201600053491,16,6,17,1625,1,2,1,1,3.0,75112,M,4884760.0,237066.0,75
201600053492,16,6,17,2300,5,2,5,1,3.0,75112,M,4884470.0,240572.0,75
201600053493,16,6,18,1245,1,2,1,1,2.0,75112,M,4884550.0,240145.0,75
201600053494,16,6,19,110,5,2,2,1,3.0,75112,M,4884800.0,237141.0,75
201600053495,16,6,20,1130,1,2,2,2,6.0,75112,M,4885160.0,237480.0,75
201600053496,16,6,22,435,5,2,1,1,6.0,75112,M,4884350.0,237023.0,75
201600053497,16,6,23,1120,1,2,1,1,3.0,75112,M,4883610.0,240496.0,75
201600053498,16,6,23,1320,1,2,2,1,6.0,75112,M,4884630.0,237745.0,75
201600053499,16,6,23,1635,1,2,2,1,6.0,75112,M,4884410.0,241174.0,75
201600053500,16,6,23,1920,1,2,1,1,6.0,75112,M,4884640.0,239212.0,75
201600053501,16,6,24,1230,1,2,2,1,3.0,75112,M,4883170.0,239790.0,75
201600053502,16,6,24,1515,1,2,7,1,7.0,75112,M,4884020.0,243645.0,75
201600053503,16,6,24,1955,1,2,1,1,3.0,75112,M,4884480.0,240386.0,75
201600053504,16,6,25,100,5,2,1,1,6.0,75112,M,4883920.0,238903.0,75
201600053505,16,6,26,1825,1,2,1,1,2.0,75112,M,4884280.0,237111.0,75