Num_Acc,an,mois,jour,hrmn,lum,agg,int,atm,col,com,gps,lat,long,dep
201600053506,16,6,27,1850,1,2,7,1,3.0,75111,M,4885350.0,236952.0,75
201600053507,16,6,28,1825,1,2,3,1,2.0,75112,M,4883370.0,244510.0,75
201600053508,16,6,28,2100,2,2,7,1,3.0,75112,M,4883920.0,239668.0,75
201600053509,16,6,29,1615,1,2,1,1,4.0,75112,M,4882370.0,244178.0,75
201600053510,16,6,30,320,5,2,2,1,6.0,75112,M,4883520.0,239874.0,75
201600053511,16,7,1,110,4,2,1,1,6.0,75112,M,4885040.0,236869.0,75
201600053512,16,7,1,2205,5,2,2,2,3.0,75112,M,4883180.0,239765.0,75
201600053513,16,7,2,2025,2,2,5,1,6.0,75112,M,4883710.0,240219.0,75
201600053514,16,7,4,2105,1,2,3,1,3.0,75112,M,4883820.0,240835.0,75
201600053515,16,7,5,2005,1,2,7,1,5.0,75112,M,4884020.0,243645.0,75
201600053516,16,7,5,2230,4,2,5,1,6.0,75112,M,4885130.0,237612.0,75
201600053517,16,7,6,1800,1,2,1,1,6.0,75120,M,4884740.0,241014.0,75
201600053518,16,7,6,1845,1,2,1,1,3.0,75112,M,4882980.0,241858.0,75
201600053519,16,7,8,915,1,2,5,1,3.0,75112,M,4884210.0,244900.0,75
201600053520,16,7,8,1110,1,2,7,1,6.0,75112,M,4884480.0,238298.0,75
201600053521,16,7,9,2010,1,2,1,1,6.0,75112,M,4883520.0,238008.0,75
201600053522,16,7,11,335,5,2,7,1,6.0,75112,M,4884480.0,238298.0,75
201600053523,16,7,11,1045,1,2,3,1,3.0,75112,M,4885140.0,236986.0,75
201600053524,16,7,12,1150,1,2,7,1,4.0,75112,M,4884820.0,239665.0,75
201600053525,16,7,16,2346,5,2,1,1,3.0,75111,M,4885240.0,237179.0,75
201600053526,16,7,19,1330,1,2,2,1,6.0,75112,M,4884870.0,237253.0,75
201600053527,16,7,19,1530,1,2,2,1,6.0,75112,M,4884110.0,238899.0,75
201600053528,16,7,19,1845,1,2,1,1,6.0,75112,M,4884560.0,239322.0,75
201600053529,16,7,22,735,1,2,7,1,6.0,75112,M,4882380.0,245763.0,75
201600053530,16,7,25,205,5,2,3,1,6.0,75112,M,4884710.0,238501.0,75
201600053531,16,7,26,1350,1,2,2,1,3.0,75112,M,4883350.0,238209.0,75
201600053532,16,7,26,1850,1,2,1,1,6.0,75112,M,4883680.0,239168.0,75
201600053533,16,7,28,840,1,2,2,1,3.0,75112,M,4883740.0,239117.0,75
201600053534,16,7,28,1440,1,2,1,1,3.0,75112,M,4884120.0,238840.0,75
201600053535,16,7,29,1010,1,2,3,1,6.0,75112,M,4884370.0,241014.0,75
201600053536,16,7,29,1225,1,2,2,1,6.0,75112,M,4884980.0,237699.0,75
201600053537,16,7,30,1145,1,2,5,1,6.0,75112,M,4884430.0,241032.0,75
201600053538,16,7,30,1835,1,2,4,1,6.0,75112,M,4882650.0,241972.0,75
201600053539,16,8,1,2,5,2,4,1,6.0,75112,M,4883200.0,238393.0,75
201600053540,16,8,3,1415,1,2,3,1,6.0,75112,M,4884730.0,237772.0,75
201600053541,16,8,3,1350,1,2,5,1,4.0,75112,M,4884470.0,240572.0,75
201600053542,16,8,3,2005,1,2,1,1,6.0,75112,M,4883230.0,239867.0,75
201600053543,16,8,4,930,1,2,2,1,7.0,75112,M,4884730.0,239572.0,75
201600053544,16,8,6,1710,1,2,2,1,3.0,75112,M,4884320.0,237027.0,75
201600053545,16,8,6,1840,1,2,5,1,3.0,75112,M,4884430.0,241032.0,75
201600053546,16,8,7,1715,1,2,2,1,6.0,75112,M,4884870.0,237253.0,75
201600053547,16,8,7,1930,1,2,3,1,6.0,75112,M,4884770.0,240343.0,75
201600053548,16,8,8,855,1,2,2,1,6.0,75112,M,4884660.0,237671.0,75
201600053549,16,8,8,1800,1,2,2,1,3.0,75112,M,4884800.0,239283.0,75
201600053550,16,8,10,1250,1,2,1,1,2.0,75112,M,4883580.0,239238.0,75
201600053551,16,8,10,2316,5,2,7,1,2.0,75112,M,4884790.0,239581.0,75
201600053552,16,8,12,730,1,2,1,1,3.0,75112,M,4885220.0,237269.0,75
201600053553,16,8,12,1020,1,2,2,1,6.0,75112,M,4883910.0,239002.0,75
201600053554,16,8,15,2040,2,2,1,1,6.0,75112,M,4882910.0,240959.0,75
201600053555,16,8,24,900,1,2,2,1,3.0,75112,M,4884580.0,236760.0,75
201600053556,16,8,24,1120,1,2,1,1,7.0,75112,M,4884520.0,237959.0,75
201600053557,16,8,24,1431,1,2,2,1,3.0,75112,M,4884580.0,236760.0,75
201600053558,16,8,24,1910,2,2,2,1,6.0,75112,M,4884580.0,237405.0,75
201600053559,16,8,25,515,5,2,7,1,6.0,75112,M,4883550.0,240668.0,75
201600053560,16,8,25,1530,1,2,1,1,3.0,75112,M,4884670.0,241195.0,75
201600053561,16,8,25,1815,1,2,2,1,5.0,75112,M,4884210.0,244900.0,75
201600053562,16,8,27,1710,1,2,1,1,6.0,75112,M,4884080.0,240535.0,75
201600053563,16,8,28,845,1,2,1,1,6.0,75112,M,4883620.0,237879.0,75
201600053564,16,8,28,1835,1,2,5,1,6.0,75112,M,4882770.0,244377.0,75
201600053565,16,8,28,2005,1,2,1,1,2.0,75112,M,4884810.0,239335.0,75
201600053566,16,8,30,908,1,2,5,1,3.0,75112,M,4884430.0,241032.0,75
201600053567,16,8,30,1705,1,2,2,1,3.0,75112,M,4883530.0,239275.0,75
201600053568,16,8,30,2050,3,2,1,1,3.0,75112,M,4883510.0,238571.0,75
201600053569,16,9,2,1715,1,2,1,1,3.0,75112,M,4883220.0,241573.0,75
201600053570,16,9,4,310,5,2,7,1,6.0,75112,M,4885260.0,236962.0,75
201600053571,16,9,5,1240,1,2,3,2,2.0,75112,M,4884640.0,236685.0,75
201600053572,16,9,5,1510,1,2,1,2,4.0,75112,M,4883040.0,240251.0,75
201600053573,16,9,6,1925,1,2,5,1,6.0,75112,M,4883550.0,240668.0,75
201600053574,16,9,6,2330,5,2,1,1,3.0,75112,M,4885240.0,237189.0,75
201600053575,16,9,7,1930,1,2,1,1,6.0,75112,M,4884940.0,237840.0,75
201600053576,16,9,8,940,1,2,1,1,6.0,75112,M,4883760.0,239086.0,75
201600053577,16,9,8,1710,1,2,3,1,6.0,75112,M,4884700.0,240858.0,75
201600053578,16,9,9,150,5,2,1,1,6.0,75112,M,4884480.0,240436.0,75
201600053579,16,9,9,1045,1,2,5,1,2.0,75112,M,4883550.0,240668.0,75
201600053580,16,9,9,1940,1,2,2,1,3.0,75112,M,4884870.0,237253.0,75
201600053581,16,9,10,30,5,2,1,1,6.0,75112,M,4884710.0,237578.0,75
201600053582,16,9,9,2100,5,2,7,1,7.0,75112,M,4884020.0,243645.0,75
201600053583,16,9,12,805,1,2,3,1,7.0,75112,M,4883820.0,240835.0,75
201600053584,16,9,12,2015,5,2,3,1,2.0,75112,M,4884430.0,241032.0,75
201600053585,16,9,13,845,1,2,5,1,6.0,75112,M,4884470.0,240572.0,75
201600053586,16,9,13,1515,1,2,1,1,6.0,75112,M,4883220.0,241573.0,75
201600053587,16,9,13,1927,1,2,3,1,6.0,75112,M,4884000.0,243217.0,75
201600053588,16,9,14,800,1,2,7,1,2.0,75112,M,4885260.0,236962.0,75
201600053589,16,9,14,1440,1,2,1,1,3.0,75112,M,4883250.0,240361.0,75
201600053590,16,9,15,1030,1,2,1,2,3.0,75112,M,4883460.0,239354.0,75
201600053591,16,9,15,1200,1,2,3,1,3.0,75112,M,4881710.0,245896.0,75
201600053592,16,9,16,1900,1,2,3,3,6.0,75112,M,4883330.0,239892.0,75
201600053593,16,9,17,35,5,2,3,2,3.0,75112,M,4884780.0,239057.0,75
201600053594,16,9,18,310,5,2,1,1,6.0,75112,M,4883960.0,245789.0,75
201600053595,16,9,19,1207,1,2,2,1,6.0,75112,M,4884580.0,237337.0,75
201600053596,16,9,19,1620,1,2,2,1,6.0,75112,M,4884760.0,238907.0,75
201600053597,16,9,19,2015,5,2,1,1,6.0,75112,M,4883940.0,239539.0,75
201600053598,16,9,20,331,5,2,1,1,6.0,75112,M,4884380.0,244641.0,75
201600053599,16,9,21,1530,1,2,1,1,5.0,75112,M,4883470.0,244929.0,75
201600053600,16,9,21,1710,1,2,7,1,3.0,75112,M,4883590.0,238642.0,75
201600053601,16,9,22,1050,1,2,1,1,3.0,75112,M,4883460.0,238071.0,75
201600053602,16,9,22,1505,1,2,1,1,2.0,75112,M,4883430.0,239396.0,75
201600053603,16,9,23,850,1,2,4,1,3.0,75112,M,4884950.0,237072.0,75
201600053604,16,9,23,1427,1,2,1,1,3.0,75112,M,4883980.0,239489.0,75
201600053605,16,9,23,1415,1,2,3,1,3.0,75112,M,4884000.0,243217.0,75
201600053606,16,9,23,2100,5,2,1,1,2.0,75112,M,4884940.0,237448.0,75
201600053607,16,9,24,30,5,2,2,1,3.0,75112,M,4883900.0,246027.0,75
201600053608,16,9,24,1645,1,2,3,1,6.0,75112,M,4884330.0,238372.0,75
201600053609,16,9,25,1700,1,2,7,1,6.0,75112,M,4885260.0,236962.0,75
201600053610,16,9,26,1020,1,2,3,1,7.0,75112,M,4884320.0,238534.0,75
201600053611,16,9,28,1645,1,2,1,1,6.0,75112,M,4883430.0,244129.0,75
201600053612,16,9,29,1100,1,2,3,1,3.0,75112,M,4882940.0,239032.0,75
201600053613,16,9,29,1035,1,2,1,1,6.0,75112,M,4883510.0,239910.0,75
201600053614,16,9,29,2115,5,2,7,1,3.0,75112,M,4884860.0,239435.0,75
201600053615,16,9,29,1350,1,2,3,1,3.0,75112,M,4884000.0,238230.0,75
201600053616,16,9,30,1120,1,2,5,1,3.0,75112,M,4883710.0,240219.0,75
201600053617,16,10,2,2125,5,2,2,1,2.0,75112,M,4885090.0,237774.0,75
201600053618,16,10,4,122,5,2,7,1,6.0,75112,M,4884540.0,236684.0,75
201600053619,16,10,4,930,1,2,4,1,3.0,75112,M,4882800.0,239254.0,75
201600053620,16,10,2,345,5,2,1,1,2.0,75112,M,4884750.0,240242.0,75
201600053621,16,10,5,242,5,2,7,1,2.0,75112,M,4884020.0,243645.0,75
201600053622,16,10,6,811,1,2,2,1,6.0,75112,M,4884650.0,237899.0,75
201600053623,16,10,6,950,1,2,1,1,7.0,75112,M,4885150.0,236985.0,75
201600053624,16,10,6,1034,1,2,4,1,6.0,75112,M,4885050.0,237570.0,75
201600053625,16,10,6,1724,1,2,5,1,3.0,75112,M,4884430.0,238153.0,75
201600053626,16,10,6,1805,1,2,4,1,3.0,75112,M,4884650.0,237959.0,75
201600053627,16,10,6,2105,5,2,4,1,3.0,75112,M,4882940.0,239032.0,75
201600053628,16,10,8,2110,5,2,2,1,3.0,75112,M,4883550.0,240668.0,75
201600053629,16,10,9,2040,5,2,3,1,2.0,75112,M,4884760.0,238907.0,75
201600053630,16,10,9,2305,5,2,1,1,6.0,75112,M,4884830.0,237327.0,75
201600053631,16,10,9,2326,5,2,5,1,6.0,75112,M,4883410.0,241066.0,75
201600053632,16,10,10,1040,1,2,2,1,2.0,75112,M,4884800.0,237141.0,75
201600053633,16,10,12,1335,1,2,3,1,6.0,75112,M,4884580.0,236760.0,75
201600053634,16,10,12,1605,1,2,5,1,6.0,75113,M,4882580.0,235041.0,75
201600053635,16,10,12,1640,1,2,2,1,6.0,75112,M,4884320.0,237027.0,75
201600053636,16,10,13,812,1,2,3,1,2.0,75112,M,4883490.0,240553.0,75
201600053637,16,10,14,1525,1,2,1,2,7.0,75112,M,4884510.0,240096.0,75
201600053638,16,10,14,1900,5,2,1,2,3.0,75112,M,4883670.0,237825.0,75
201600053639,16,10,15,1425,1,2,2,1,3.0,75112,M,4884740.0,238675.0,75
201600053640,16,10,17,1515,1,2,1,1,6.0,75112,M,4884760.0,237079.0,75
201600053641,16,10,17,1600,1,2,1,1,6.0,75112,M,4882770.0,239413.0,75
201600053642,16,10,17,1825,2,2,1,1,6.0,75112,M,4884370.0,240547.0,75
201600053643,16,10,19,810,1,2,1,1,6.0,75112,M,4884340.0,237042.0,75
201600053644,16,10,19,1215,1,2,7,1,6.0,75112,M,4884820.0,239665.0,75
201600053645,16,10,20,1040,1,2,7,8,2.0,75112,M,4883370.0,244537.0,75
201600053646,16,10,20,1600,1,2,5,8,6.0,75112,M,4884900.0,239198.0,75
201600053647,16,10,20,2230,5,2,1,1,3.0,75112,M,4885230.0,237236.0,75
201600053648,16,10,21,810,2,2,4,8,2.0,75112,M,4882650.0,241972.0,75
201600053649,16,10,21,950,1,2,4,1,6.0,75112,M,4883670.0,237816.0,75
201600053650,16,10,21,1545,1,2,2,1,2.0,75112,M,4883750.0,242533.0,75
201600053651,16,10,22,110,5,2,2,1,7.0,75112,M,4883460.0,240080.0,75
201600053652,16,10,23,30,5,2,1,1,6.0,75112,M,4884700.0,240802.0,75
201600053653,16,10,23,1655,1,2,2,3,7.0,75112,M,4884700.0,238376.0,75
201600053654,16,10,28,2235,5,2,7,1,6.0,75112,M,4884820.0,239665.0,75
201600053655,16,10,29,120,5,2,5,1,7.0,75112,M,4884670.0,237201.0,75
201600053656,16,10,29,1855,2,2,1,1,3.0,75112,M,4884250.0,239225.0,75
201600053657,16,10,29,2115,5,2,5,1,3.0,75112,M,4883740.0,239117.0,75
201600053658,16,10,30,1440,1,2,1,1,3.0,75112,M,4883650.0,244159.0,75
201600053659,16,10,31,910,1,2,4,1,2.0,75112,M,4883530.0,237986.0,75
201600053660,16,10,31,1400,1,2,1,1,6.0,75112,M,4883670.0,238435.0,75
201600053661,16,10,28,1340,1,2,1,1,3.0,75112,M,4883280.0,239821.0,75
201600053662,16,10,31,1750,5,2,1,1,4.0,75112,M,4883440.0,238366.0,75
201600053663,16,11,1,1920,5,2,1,1,6.0,75112,M,4884290.0,238452.0,75
201600053664,16,11,2,1100,1,2,7,1,6.0,75112,M,4884870.0,237785.0,75
201600053665,16,11,2,1815,5,2,2,1,2.0,75112,M,4884870.0,237253.0,75
201600053666,16,11,3,1205,1,2,1,1,6.0,75112,M,4883950.0,238006.0,75
201600053667,16,11,4,230,5,2,1,1,6.0,75112,M,4884250.0,240511.0,75
201600053668,16,11,4,1335,1,2,2,2,3.0,75111,M,4885010.0,238430.0,75
201600053669,16,11,5,520,5,2,7,2,3.0,75112,M,4885260.0,236962.0,75
201600053670,16,11,5,1800,5,2,1,2,7.0,75112,M,4884600.0,236735.0,75
201600053671,16,11,6,25,4,2,1,1,4.0,75112,M,4884700.0,240784.0,75
201600053672,16,11,6,1130,1,2,2,1,3.0,75112,M,4883370.0,238244.0,75
201600053673,16,11,6,1310,1,2,1,1,2.0,75112,M,4882650.0,245510.0,75
201600053674,16,11,6,1854,5,2,5,1,6.0,75112,M,4884950.0,237072.0,75
201600053675,16,11,7,730,1,2,1,3,7.0,75112,M,4884520.0,236653.0,75
201600053676,16,11,7,835,2,2,2,2,6.0,75112,M,4884320.0,237027.0,75
201600053677,16,11,7,730,5,2,4,3,6.0,75112,M,4882650.0,241972.0,75
201600053678,16,11,8,1605,1,2,2,1,3.0,75112,M,4884340.0,237071.0,75
201600053679,16,11,8,1730,2,2,1,1,6.0,75112,M,4884550.0,239297.0,75
201600053680,16,11,8,1740,2,2,2,1,3.0,75112,M,4883580.0,245314.0,75
201600053681,16,11,10,915,1,2,7,2,7.0,75112,M,4882790.0,241894.0,75
201600053682,16,11,10,1145,1,2,4,2,6.0,75112,M,4884000.0,243217.0,75
201600053683,16,11,13,20,5,2,4,2,6.0,75112,M,4883690.0,246814.0,75
201600053684,16,11,14,2050,5,2,1,1,6.0,75112,M,4883620.0,244203.0,75
201600053685,16,11,15,725,1,2,3,2,3.0,75112,M,4884110.0,239887.0,75
201600053686,16,11,16,2320,5,2,7,8,6.0,75112,M,4885320.0,237022.0,75
201600053687,16,11,17,615,5,2,1,1,6.0,75112,M,4883500.0,238760.0,75
201600053688,16,11,17,2335,5,2,7,2,6.0,75112,M,4884860.0,239435.0,75
201600053689,16,11,18,918,1,2,1,1,4.0,75112,M,4884520.0,236653.0,75
201600053690,16,11,19,1145,1,2,1,1,6.0,75112,M,4884550.0,240287.0,75
201600053691,16,11,19,2000,5,2,1,1,2.0,75112,M,4884250.0,237159.0,75
201600053692,16,11,21,810,2,2,4,2,6.0,75112,M,4885130.0,237612.0,75
201600053693,16,11,22,1140,1,2,2,8,2.0,75112,M,4884820.0,239432.0,75
201600053694,16,11,22,1815,5,2,1,1,6.0,75112,M,4883800.0,239989.0,75
201600053695,16,11,23,1425,1,2,3,1,3.0,75112,M,4883650.0,240405.0,75
201600053696,16,11,23,1745,5,2,3,2,2.0,75112,M,4882940.0,239032.0,75
201600053697,16,11,24,1700,2,2,2,1,6.0,75112,M,4884270.0,239747.0,75
201600053698,16,11,25,1620,2,2,5,1,3.0,75112,M,4883170.0,239790.0,75
201600053699,16,11,25,2135,5,2,1,1,4.0,75112,M,4884520.0,241432.0,75
201600053700,16,11,27,510,5,2,3,1,6.0,75112,M,4884410.0,238422.0,75
201600053701,16,11,28,1530,1,2,1,1,6.0,75112,M,4884050.0,239465.0,75
201600053702,16,11,28,1830,5,2,5,1,3.0,75112,M,4884430.0,241032.0,75
201600053703,16,11,28,2200,5,2,4,1,2.0,75120,M,4884890.0,241485.0,75
201600053704,16,11,29,800,2,2,7,1,3.0,75112,M,4884050.0,243442.0,75
201600053705,16,11,29,1115,1,2,3,1,6.0,75112,M,4884610.0,237567.0,75
201600053706,16,11,29,2025,5,2,4,1,3.0,75112,M,4884640.0,236685.0,75
201600053707,16,12,1,1845,5,2,1,1,3.0,75112,M,4883780.0,240036.0,75
201600053708,16,12,2,1830,1,2,5,1,6.0,75112,M,4885010.0,238430.0,75
201600053709,16,12,2,2125,5,2,1,1,2.0,75112,M,4883980.0,239504.0,75
201600053710,16,12,5,1245,1,2,5,1,3.0,75112,M,4883180.0,239765.0,75
201600053711,16,12,5,1400,1,2,2,1,3.0,75112,M,4884690.0,236940.0,75
201600053712,16,12,6,845,1,2,1,1,7.0,75112,M,4885070.0,237019.0,75
201600053713,16,12,7,1345,1,2,2,1,3.0,75112,M,4882980.0,246105.0,75
201600053714,16,12,7,1710,5,2,2,1,3.0,75112,M,4884450.0,238105.0,75
201600053715,16,12,8,1235,1,2,4,1,3.0,75112,M,4883240.0,240395.0,75
201600053716,16,12,8,1315,1,2,7,1,3.0,75112,M,4884510.0,238925.0,75
201600053717,16,12,10,1530,1,2,1,1,6.0,75112,M,4884710.0,237802.0,75
201600053718,16,12,11,1030,1,2,5,1,6.0,75112,M,4884430.0,238153.0,75
201600053719,16,12,11,1120,1,2,2,1,3.0,75112,M,4884800.0,237141.0,75
201600053720,16,12,11,2345,5,2,1,1,6.0,75112,M,4884870.0,237112.0,75
201600053721,16,12,12,1815,5,2,2,2,3.0,75112,M,4883670.0,240346.0,75
201600053722,16,12,13,935,1,2,3,1,2.0,75112,M,4883530.0,237986.0,75
201600053723,16,12,13,1820,5,2,1,1,6.0,75112,M,4884080.0,239044.0,75
201600053724,16,12,14,655,5,2,7,1,6.0,75112,M,4882750.0,241929.0,75
201600053725,16,12,14,1425,1,2,2,1,6.0,75112,M,4884910.0,237592.0,75
201600053726,16,12,15,2120,5,2,1,1,4.0,75112,M,4884070.0,241368.0,75
201600053727,16,12,15,2345,5,2,3,1,1.0,75112,M,4885200.0,237318.0,75
201600053728,16,12,16,2325,5,2,1,1,6.0,75112,M,4884440.0,240932.0,75
201600053729,16,12,17,1245,1,2,7,1,3.0,75112,M,4882380.0,245763.0,75
201600053730,16,12,17,1400,1,2,1,1,3.0,75112,M,4883960.0,238446.0,75
201600053731,16,12,20,1845,5,2,1,1,6.0,75112,M,4885170.0,236975.0,75
201600053732,16,12,21,1930,5,2,7,2,3.0,75112,M,4884730.0,239572.0,75
201600053733,16,12,22,750,2,2,3,3,6.0,75112,M,4884330.0,240537.0,75
201600053734,16,12,22,1025,1,2,2,1,6.0,75112,M,4883870.0,238952.0,75
201600053735,16,12,22,1400,1,2,1,1,6.0,75112,M,4884670.0,241195.0,75
201600053736,16,12,22,1725,5,2,1,1,6.0,75112,M,4883530.0,240165.0,75
201600053737,16,12,26,1525,1,2,1,1,4.0,75112,M,4883130.0,238518.0,75
201600053738,16,12,26,1925,5,2,1,1,3.0,75112,M,4884230.0,239256.0,75
201600053739,16,12,27,1950,5,2,3,1,2.0,75112,M,4884470.0,240535.0,75
201600053740,16,12,28,1055,1,2,1,1,7.0,75112,M,4884070.0,237406.0,75
201600053741,16,12,28,1628,1,2,4,1,3.0,75112,M,4883220.0,238329.0,75
201600053742,16,12,29,1800,5,2,1,1,6.0,75112,M,4884730.0,239685.0,75
201600053743,16,12,31,205,5,2,2,5,3.0,75112,M,4884740.0,238675.0,75
201600053744,16,1,1,1355,1,2,5,1,6.0,75113,M,4883030.0,234709.0,75
201600053745,16,1,1,2105,5,2,1,2,6.0,75113,M,4883050.0,235598.0,75
201600053746,16,1,4,1430,1,2,1,1,3.0,75113,M,4882930.0,237449.0,75
201600053747,16,1,5,1150,1,2,2,1,6.0,75113,M,4883280.0,236203.0,75
201600053748,16,1,5,1305,1,2,4,1,3.0,75113,M,4883910.0,236115.0,75
201600053749,16,1,6,2040,5,2,2,1,3.0,75113,M,4882680.0,235326.0,75
201600053750,16,1,7,900,1,2,5,3,6.0,75113,M,4882260.0,234402.0,75
201600053751,16,1,8,1230,1,2,1,1,2.0,75113,M,4882720.0,236772.0,75
201600053752,16,1,8,2235,5,2,7,1,7.0,75113,M,4882740.0,235202.0,75
201600053753,16,1,9,1310,1,2,1,1,6.0,75113,M,4882650.0,237869.0,75
201600053754,16,1,10,1310,1,2,3,2,2.0,75113,M,4882740.0,235690.0,75
201600053755,16,1,10,1800,3,2,4,1,3.0,75113,M,4881640.0,236001.0,75
201600053756,16,1,13,1610,1,2,3,1,3.0,75113,M,4882500.0,238888.0,75
201600053757,16,1,13,1650,2,2,3,1,3.0,75113,M,4883490.0,235315.0,75
201600053758,16,1,14,850,1,2,1,2,2.0,75113,M,4882510.0,236748.0,75
201600053759,16,1,14,1910,5,2,5,2,6.0,75105,M,4884890.0,234981.0,75
201600053760,16,1,14,2030,5,2,2,1,2.0,75113,M,4883640.0,237130.0,75
201600053761,16,1,15,1020,1,2,3,1,6.0,75113,M,4882880.0,234146.0,75
201600053762,16,1,18,1935,5,2,1,1,6.0,75113,M,4882870.0,234566.0,75
201600053763,16,1,19,950,1,2,2,1,3.0,75113,M,4883500.0,234494.0,75
201600053764,16,1,20,1230,1,2,3,1,3.0,75113,M,4882500.0,238888.0,75
201600053765,16,1,22,1455,1,2,3,3,3.0,75113,M,4883570.0,234848.0,75
201600053766,16,1,22,1830,5,2,2,3,6.0,75113,M,4882520.0,234325.0,75
201600053767,16,1,22,1855,5,2,7,2,6.0,75113,M,4883660.0,235927.0,75
201600053768,16,1,25,1915,5,2,1,1,7.0,75113,M,4883810.0,236036.0,75
201600053769,16,1,25,1940,5,2,3,1,6.0,75113,M,4882500.0,237245.0,75
201600053770,16,1,26,1850,5,2,5,1,6.0,75113,M,4883500.0,234618.0,75
201600053771,16,1,29,1950,5,2,3,1,6.0,75113,M,4883030.0,234709.0,75
201600053772,16,2,1,1420,1,2,4,1,6.0,75113,M,4883100.0,234811.0,75
201600053773,16,2,1,1815,5,2,4,1,3.0,75113,M,4882290.0,237315.0,75
201600053774,16,2,2,1550,1,2,2,2,3.0,75113,M,4882120.0,237910.0,75
201600053775,16,2,3,900,1,2,2,1,6.0,75113,M,4883470.0,236699.0,75
201600053776,16,2,3,1315,1,2,7,1,3.0,75113,M,4883100.0,235613.0,75
201600053777,16,2,6,155,5,2,7,1,6.0,75113,M,4882220.0,234728.0,75
201600053778,16,2,6,2135,5,2,1,1,6.0,75113,M,4883170.0,235779.0,75
201600053779,16,2,8,845,1,2,2,1,3.0,75113,M,4882290.0,237315.0,75
201600053780,16,2,8,1055,1,2,3,1,3.0,75113,M,4882850.0,237880.0,75
201600053781,16,2,9,1615,1,2,1,2,3.0,75113,M,4881850.0,236952.0,75
201600053782,16,2,9,1830,5,2,2,3,6.0,75113,M,4881760.0,235328.0,75
201600053783,16,2,10,800,1,2,2,1,3.0,75113,M,4883400.0,236476.0,75
201600053784,16,2,11,545,5,2,2,2,7.0,75113,M,4883670.0,237183.0,75
201600053785,16,2,12,1800,5,2,5,2,2.0,75113,M,4882500.0,238888.0,75
201600053786,16,2,13,1825,5,2,2,2,6.0,75113,M,4882700.0,236647.0,75
201600053787,16,2,13,1945,5,2,1,2,3.0,75113,M,4881610.0,236220.0,75
201600053788,16,2,16,1850,5,2,7,1,4.0,75113,M,4883110.0,235502.0,75
201600053789,16,2,19,1525,1,2,2,1,2.0,75113,M,4883110.0,237758.0,75
201600053790,16,2,21,645,5,2,2,2,6.0,75113,M,4882970.0,236916.0,75
201600053791,16,2,22,1245,1,2,3,1,3.0,75113,M,4882500.0,238888.0,75
201600053792,16,2,23,1040,1,2,3,8,2.0,75113,M,4882040.0,235908.0,75
201600053793,16,2,23,2145,5,2,2,1,3.0,75113,M,4883060.0,237679.0,75
201600053794,16,2,26,1825,5,2,1,1,6.0,75113,M,4882110.0,235888.0,75
201600053795,16,2,26,1900,2,2,2,1,3.0,75113,M,4883580.0,235250.0,75
201600053796,16,2,27,1250,1,2,2,1,3.0,75113,M,4882010.0,236468.0,75
201600053797,16,2,29,1249,1,2,2,1,3.0,75113,M,4883230.0,237979.0,75
201600053798,16,3,1,2255,5,2,4,2,3.0,75113,M,4882610.0,236692.0,75
201600053799,16,3,2,1640,1,2,3,1,6.0,75113,M,4882750.0,237034.0,75
201600053800,16,3,3,1915,5,2,3,1,6.0,75113,M,4883050.0,236595.0,75
201600053801,16,3,4,930,1,2,2,3,6.0,75113,M,4882960.0,234826.0,75
201600053802,16,3,4,1140,1,2,2,1,2.0,75113,M,4881750.0,235999.0,75
201600053803,16,3,4,2300,5,2,2,2,6.0,75113,M,4882580.0,234653.0,75
201600053804,16,3,5,655,2,2,4,2,3.0,75113,M,4881640.0,236058.0,75
201600053805,16,3,8,1605,1,2,3,1,2.0,75113,M,4881980.0,235929.0,75
201600053806,16,3,8,2030,5,2,5,1,6.0,75113,M,4883840.0,235703.0,75
201600053807,16,3,11,2115,5,2,1,1,3.0,75113,M,4883870.0,236085.0,75
201600053808,16,3,12,930,1,2,2,1,6.0,75113,M,4884330.0,236427.0,75
201600053809,16,3,16,2220,5,2,3,1,6.0,75113,M,4883290.0,235457.0,75
201600053810,16,3,17,1425,1,2,2,1,6.0,75113,M,4882220.0,235854.0,75
201600053811,16,3,17,1610,1,2,7,1,6.0,75113,M,4882930.0,236533.0,75
201600053812,16,3,18,1450,1,2,1,1,6.0,75113,M,4882610.0,235885.0,75
201600053813,16,3,18,1850,1,2,3,1,6.0,75113,M,4882970.0,237178.0,75
201600053814,16,3,19,1205,1,2,1,1,6.0,75113,M,4882480.0,237578.0,75
201600053815,16,3,20,450,5,2,1,1,6.0,75113,M,4883750.0,235409.0,75
201600053816,16,3,22,2225,5,2,1,1,2.0,75113,M,4882490.0,235768.0,75