Num_Acc,an,mois,jour,hrmn,lum,agg,int,atm,col,com,gps,lat,long,dep
201600053817,16,3,25,2150,5,2,3,1,6.0,75113,M,4882280.0,237789.0,75
201600053818,16,3,26,1540,1,2,3,1,6.0,75113,M,4882220.0,234934.0,75
201600053819,16,3,27,730,2,2,3,1,1.0,75113,M,4883830.0,237277.0,75
201600053820,16,3,27,710,2,2,1,1,6.0,75113,M,4882710.0,238593.0,75
201600053821,16,3,29,1640,1,2,7,2,3.0,75113,M,4884370.0,236457.0,75
201600053822,16,3,29,1730,1,2,2,8,3.0,75113,M,4883320.0,235679.0,75
201600053823,16,3,30,615,5,2,3,3,3.0,75113,M,4883300.0,237872.0,75
201600053824,16,3,31,1425,1,2,2,3,6.0,75113,M,4882400.0,237702.0,75
201600053825,16,3,31,2140,5,2,7,2,3.0,75113,M,4881890.0,236565.0,75
201600053826,16,4,1,1515,1,2,4,1,3.0,75113,M,4881640.0,236001.0,75
201600053827,16,4,4,1105,1,2,3,1,3.0,75113,M,4882850.0,237880.0,75
201600053828,16,4,5,1415,1,2,3,1,3.0,75113,M,4882600.0,235438.0,75
201600053829,16,4,5,2300,5,2,1,1,6.0,75113,M,4883150.0,235680.0,75
201600053830,16,4,6,35,5,2,2,1,3.0,75106,M,4885180.0,233702.0,75
201600053831,16,4,6,1530,1,2,2,1,6.0,75113,M,4881940.0,234458.0,75
201600053832,16,4,6,1900,2,2,4,2,6.0,75113,M,4881620.0,235916.0,75
201600053833,16,4,6,2145,5,2,2,9,3.0,75113,M,4883760.0,234550.0,75
201600053834,16,4,7,1440,1,2,1,1,6.0,75113,M,4882970.0,237515.0,75
201600053835,16,4,8,55,5,2,1,1,6.0,75113,M,4883280.0,234458.0,75
201600053836,16,4,8,955,1,2,5,1,3.0,75113,M,4883390.0,236491.0,75
201600053837,16,4,8,1150,1,2,4,1,6.0,75113,M,4882510.0,235761.0,75
201600053838,16,4,8,1845,1,2,2,1,1.0,75113,M,4883420.0,234480.0,75
201600053839,16,4,10,1050,1,2,7,1,3.0,75113,M,4883350.0,236127.0,75
201600053840,16,4,11,1740,1,2,1,2,7.0,75113,M,4882010.0,235681.0,75
201600053841,16,4,12,1425,1,2,1,1,3.0,75113,M,4883190.0,235365.0,75
201600053842,16,4,12,1725,1,2,1,1,6.0,75113,M,4884070.0,236235.0,75
201600053843,16,4,13,1912,1,2,1,1,4.0,75113,M,4881720.0,236583.0,75
201600053844,16,4,14,1611,1,2,1,2,3.0,75113,M,4882020.0,236517.0,75
201600053845,16,4,15,918,1,2,2,1,6.0,75105,M,4883760.0,234550.0,75
201600053846,16,4,17,1610,1,2,1,1,7.0,75113,M,4883160.0,235892.0,75
201600053847,16,4,21,840,1,2,3,1,3.0,75113,M,4882290.0,237315.0,75
201600053848,16,4,21,1540,1,2,2,1,7.0,75113,M,4883140.0,235817.0,75
201600053849,16,4,21,1935,1,2,1,1,2.0,75113,M,4883340.0,237421.0,75
201600053850,16,4,26,740,1,2,1,1,3.0,75113,M,4882970.0,235064.0,75
201600053851,16,4,26,1930,1,2,4,1,4.0,75113,M,4881620.0,235916.0,75
201600053852,16,4,28,1925,1,2,3,1,3.0,75113,M,4883320.0,235433.0,75
201600053853,16,5,1,1735,1,2,4,1,3.0,75113,M,4883550.0,235852.0,75
201600053854,16,5,3,910,1,2,1,1,3.0,75113,M,4883420.0,237716.0,75
201600053855,16,5,3,930,1,2,1,1,6.0,75113,M,4882160.0,236349.0,75
201600053856,16,5,3,1105,1,2,5,1,3.0,75113,M,4882580.0,235041.0,75
201600053857,16,5,4,825,1,2,3,1,6.0,75113,M,4882650.0,237314.0,75
201600053858,16,5,3,905,1,2,5,1,6.0,75113,M,4882620.0,235988.0,75
201600053859,16,5,4,1200,1,2,3,1,6.0,75113,M,4882880.0,234146.0,75
201600053860,16,5,4,1315,1,2,2,1,6.0,75113,M,4883990.0,236179.0,75
201600053861,16,5,5,1655,1,2,2,1,6.0,75113,M,4883400.0,236476.0,75
201600053862,16,5,6,1300,1,2,1,1,6.0,75113,M,4883090.0,235665.0,75
201600053863,16,5,6,1600,1,2,1,1,3.0,75113,M,4882980.0,235406.0,75
201600053864,16,5,6,2115,2,2,1,1,3.0,75113,M,4883950.0,237116.0,75
201600053865,16,5,7,1115,1,2,5,1,6.0,75113,M,4882640.0,234175.0,75
201600053866,16,5,8,220,5,2,3,1,6.0,75113,M,4882530.0,236967.0,75
201600053867,16,5,10,1600,1,2,1,2,3.0,75113,M,4881850.0,234433.0,75
201600053868,16,5,10,1720,1,2,7,2,6.0,75113,M,4882410.0,235335.0,75
201600053869,16,5,11,905,1,2,5,1,7.0,75113,M,4882160.0,236923.0,75
201600053870,16,5,11,1830,1,2,3,1,6.0,75113,M,4882900.0,235763.0,75
201600053871,16,5,12,1330,1,2,4,1,6.0,75113,M,4883840.0,235703.0,75
201600053872,16,5,12,1700,1,2,3,3,6.0,75113,M,4882800.0,234981.0,75
201600053873,16,5,12,1800,1,2,7,3,7.0,75113,M,4883220.0,235503.0,75
201600053874,16,5,14,2325,5,2,3,1,3.0,75113,M,4881950.0,236290.0,75
201600053875,16,5,15,700,1,2,3,1,3.0,75113,M,4882380.0,237631.0,75
201600053876,16,5,16,255,5,2,3,1,7.0,75113,M,4882530.0,236264.0,75
201600053877,16,5,16,900,1,2,5,1,4.0,75113,M,4882090.0,235076.0,75
201600053878,16,5,16,1810,1,2,3,1,3.0,75113,M,4882830.0,234154.0,75
201600053879,16,5,18,730,1,2,7,1,3.0,75113,M,4884370.0,236550.0,75
201600053880,16,5,18,2245,5,2,4,2,6.0,75113,M,4881970.0,236333.0,75
201600053881,16,5,19,700,1,2,3,1,3.0,75113,M,4883870.0,237234.0,75
201600053882,16,5,19,1900,1,2,3,1,3.0,75113,M,4883190.0,237906.0,75
201600053883,16,5,20,230,5,2,5,1,7.0,75113,M,4883680.0,235183.0,75
201600053884,16,5,20,1000,1,2,3,2,6.0,75113,M,4883000.0,237735.0,75
201600053885,16,5,20,1040,1,2,1,1,3.0,75113,M,4883490.0,234440.0,75
201600053886,16,5,25,1500,1,2,3,1,6.0,75113,M,4882740.0,235690.0,75
201600053887,16,5,26,2345,5,2,3,1,3.0,75113,M,4882340.0,237505.0,75
201600053888,16,5,27,1415,1,2,4,1,2.0,75113,M,4883910.0,236115.0,75
201600053889,16,5,27,2015,1,2,3,1,3.0,75113,M,4883300.0,237872.0,75
201600053890,16,5,28,800,1,2,2,1,3.0,75113,M,4883570.0,234848.0,75
201600053891,16,5,29,255,5,2,5,1,3.0,75106,M,4884400.0,233062.0,75
201600053892,16,5,30,1345,1,2,7,3,5.0,75113,M,4883220.0,235503.0,75
201600053893,16,5,30,1545,1,2,5,2,6.0,75113,M,4883660.0,235927.0,75
201600053894,16,5,30,2030,1,2,2,2,3.0,75113,M,4881810.0,235975.0,75
201600053895,16,5,31,1418,1,2,2,2,6.0,75113,M,4883990.0,236179.0,75
201600053896,16,6,2,1500,1,2,1,2,6.0,75113,M,4882760.0,234157.0,75
201600053897,16,6,2,1750,1,2,5,8,6.0,75113,M,4882580.0,235041.0,75
201600053898,16,6,3,1246,1,2,3,1,4.0,75113,M,4882160.0,235255.0,75
201600053899,16,6,4,344,5,2,1,1,6.0,75113,M,4882630.0,234288.0,75
201600053900,16,6,5,240,5,2,3,1,7.0,75113,M,4882970.0,234949.0,75
201600053901,16,6,8,900,1,2,1,1,3.0,75113,M,4883010.0,235080.0,75
201600053902,16,6,9,1930,2,2,4,1,2.0,75113,M,4881870.0,237086.0,75
201600053903,16,6,12,1504,1,2,5,2,7.0,75113,M,4882620.0,235988.0,75
201600053904,16,6,12,2040,1,2,1,2,6.0,75113,M,4882160.0,235874.0,75
201600053905,16,6,13,1115,1,2,2,1,6.0,75113,M,4881920.0,236198.0,75
201600053906,16,6,13,1800,1,2,2,1,3.0,75113,M,4883110.0,234421.0,75
201600053907,16,6,14,1825,1,2,2,1,6.0,75113,M,4883580.0,235250.0,75
201600053908,16,6,14,1830,1,2,7,8,3.0,75113,M,4884370.0,236457.0,75
201600053909,16,6,15,1320,1,2,3,1,6.0,75113,M,4882520.0,237186.0,75
201600053910,16,6,16,1850,1,2,1,1,3.0,75113,M,4882650.0,234528.0,75
201600053911,16,6,17,1035,1,2,3,1,6.0,75113,M,4883570.0,237535.0,75
201600053912,16,6,22,115,5,2,1,1,2.0,75113,M,4884260.0,236690.0,75
201600053913,16,6,22,330,5,2,1,1,6.0,75113,M,4883000.0,234836.0,75
201600053914,16,6,23,1615,1,2,2,1,6.0,75113,M,4883280.0,235649.0,75
201600053915,16,6,24,735,1,2,1,1,6.0,75113,M,4883100.0,235689.0,75
201600053916,16,6,25,1255,1,2,1,1,6.0,75106,M,4885090.0,232573.0,75
201600053917,16,6,26,1315,1,2,3,1,3.0,75113,M,4882280.0,237789.0,75
201600053918,16,6,26,1900,1,2,3,1,7.0,75113,M,4882510.0,235761.0,75
201600053919,16,6,27,1445,1,2,4,1,3.0,75113,M,4883910.0,236115.0,75
201600053920,16,6,28,1350,1,2,2,1,6.0,75113,M,4883110.0,234421.0,75
201600053921,16,6,28,1800,1,2,2,1,3.0,75113,M,4883840.0,235703.0,75
201600053922,16,6,28,1900,1,2,5,1,2.0,75113,M,4882160.0,236923.0,75
201600053923,16,6,29,2020,1,2,1,1,3.0,75113,M,4881620.0,235818.0,75
201600053924,16,6,30,1730,1,2,1,1,3.0,75113,M,4882300.0,234673.0,75
201600053925,16,7,1,1200,1,2,7,1,3.0,75113,M,4884430.0,236496.0,75
201600053926,16,7,2,1525,1,2,1,1,3.0,75113,M,4883630.0,235046.0,75
201600053927,16,7,4,1340,1,2,2,1,3.0,75113,M,4881920.0,235948.0,75
201600053928,16,7,5,745,1,2,1,1,3.0,75113,M,4883510.0,235904.0,75
201600053929,16,7,5,1300,1,2,1,1,6.0,75113,M,4882740.0,238082.0,75
201600053930,16,7,6,940,1,2,1,1,4.0,75113,M,4882460.0,238425.0,75
201600053931,16,7,9,1340,1,2,2,1,3.0,75113,M,4884200.0,236781.0,75
201600053932,16,7,9,1610,1,2,2,1,4.0,75113,M,4883480.0,234159.0,75
201600053933,16,7,10,1945,1,2,1,1,6.0,75113,M,4883360.0,237397.0,75
201600053934,16,7,11,750,1,2,2,1,3.0,75113,M,4883230.0,237979.0,75
201600053935,16,7,11,1610,1,2,4,1,6.0,75113,M,4883910.0,236115.0,75
201600053936,16,7,11,1640,1,2,5,1,6.0,75113,M,4882620.0,237810.0,75
201600053937,16,7,11,1745,1,2,3,1,6.0,75113,M,4882900.0,235763.0,75
201600053938,16,7,13,1845,1,2,5,1,6.0,75113,M,4883110.0,234421.0,75
201600053939,16,7,16,1005,1,2,4,1,6.0,75113,M,4881640.0,236001.0,75
201600053940,16,7,17,430,5,2,1,1,6.0,75113,M,4883350.0,235159.0,75
201600053941,16,7,18,1830,1,2,3,1,2.0,75113,M,4882890.0,238403.0,75
201600053942,16,7,22,115,5,2,1,1,3.0,75113,M,4883030.0,237615.0,75
201600053943,16,7,22,1910,1,2,4,1,3.0,75113,M,4883910.0,236115.0,75
201600053944,16,7,23,150,4,2,3,1,3.0,75113,M,4882020.0,234800.0,75
201600053945,16,7,25,1115,1,2,1,1,5.0,75113,M,4881800.0,234417.0,75
201600053946,16,7,25,1152,1,2,4,1,2.0,75113,M,4881870.0,237086.0,75
201600053947,16,7,25,2055,2,2,1,1,7.0,75113,M,4882470.0,236454.0,75
201600053948,16,7,26,830,1,2,1,1,3.0,75113,M,4881650.0,234797.0,75
201600053949,16,7,26,830,1,2,2,1,3.0,75113,M,4883640.0,237130.0,75
201600053950,16,7,27,2230,5,2,3,1,3.0,75113,M,4883640.0,237130.0,75
201600053951,16,7,29,1510,1,2,1,1,6.0,75113,M,4883090.0,235665.0,75
201600053952,16,7,30,1900,1,2,3,1,3.0,75113,M,4883070.0,238174.0,75
201600053953,16,7,31,2305,5,2,3,1,3.0,75113,M,4882690.0,235109.0,75
201600053954,16,8,1,2220,5,2,2,1,4.0,75113,M,4883230.0,237979.0,75
201600053955,16,8,2,1145,1,2,1,2,6.0,75113,M,4882630.0,235087.0,75
201600053956,16,8,6,1910,1,2,2,1,6.0,75113,M,4883760.0,234550.0,75
201600053957,16,8,7,200,5,2,3,1,3.0,75113,M,4883670.0,237433.0,75
201600053958,16,8,7,433,5,2,3,1,7.0,75113,M,4882090.0,235076.0,75
201600053959,16,8,11,920,1,2,2,1,3.0,75113,M,4881940.0,237362.0,75
201600053960,16,8,12,1620,1,2,1,1,6.0,75113,M,4882080.0,235048.0,75
201600053961,16,8,14,130,5,2,1,1,3.0,75113,M,4883590.0,237032.0,75
201600053962,16,8,14,745,1,2,1,1,6.0,75113,M,4881960.0,236507.0,75
201600053963,16,8,16,950,1,2,1,1,3.0,75113,M,4883060.0,234464.0,75
201600053964,16,8,19,1250,1,2,2,1,3.0,75113,M,4882400.0,237702.0,75
201600053965,16,8,19,2020,2,2,1,2,7.0,75113,M,4882120.0,235227.0,75
201600053966,16,8,21,640,2,2,4,1,6.0,75113,M,4884320.0,236615.0,75
201600053967,16,8,22,1730,1,2,1,1,3.0,75113,M,4882040.0,235271.0,75
201600053968,16,8,23,2045,2,2,3,1,6.0,75113,M,4882050.0,236600.0,75
201600053969,16,8,25,135,5,2,5,1,6.0,75113,M,4882090.0,235076.0,75
201600053970,16,8,26,140,5,2,7,1,6.0,75105,M,4884370.0,236457.0,75
201600053971,16,8,27,1705,1,2,1,1,6.0,75113,M,4882930.0,235745.0,75
201600053972,16,8,28,1535,1,2,5,1,3.0,75113,M,4882500.0,238888.0,75
201600053973,16,8,28,2130,5,2,1,1,2.0,75113,M,4882580.0,235102.0,75
201600053974,16,8,30,1945,2,2,1,1,2.0,75113,M,4881650.0,236476.0,75
201600053975,16,8,31,910,1,2,2,1,2.0,75113,M,4881600.0,236005.0,75
201600053976,16,8,31,810,1,2,4,1,2.0,75113,M,4883750.0,235807.0,75
201600053977,16,9,1,2250,5,2,2,1,3.0,75113,M,4882680.0,235326.0,75
201600053978,16,9,2,2045,5,2,2,1,6.0,75113,M,4882020.0,235278.0,75
201600053979,16,9,3,140,5,2,3,1,2.0,75113,M,4883870.0,237234.0,75
201600053980,16,9,3,1740,1,2,1,1,3.0,75113,M,4883810.0,236036.0,75
201600053981,16,9,4,1340,1,2,3,1,6.0,75113,M,4881920.0,236125.0,75
201600053982,16,9,5,2020,5,2,2,2,2.0,75113,M,4883110.0,234421.0,75
201600053983,16,9,6,610,5,2,5,1,6.0,75113,M,4882160.0,236923.0,75
201600053984,16,9,7,850,1,2,3,1,3.0,75113,M,4883490.0,235315.0,75
201600053985,16,9,7,1130,1,2,1,1,2.0,75113,M,4882590.0,238770.0,75
201600053986,16,9,13,1147,1,2,1,1,3.0,75113,M,4883810.0,236036.0,75
201600053987,16,9,14,1520,1,2,1,1,6.0,75113,M,4881660.0,234835.0,75
201600053988,16,9,14,2010,1,2,2,2,6.0,75113,M,4883420.0,234480.0,75
201600053989,16,9,15,750,1,2,1,2,6.0,75113,M,4881850.0,235963.0,75
201600053990,16,9,16,1105,1,2,1,2,6.0,75113,M,4883870.0,236085.0,75
201600053991,16,9,16,1445,1,2,1,1,2.0,75113,M,4882180.0,235164.0,75
201600053992,16,9,16,1745,1,2,1,1,3.0,75113,M,4883520.0,235294.0,75
201600053993,16,9,19,1750,1,2,1,1,6.0,75113,M,4883500.0,236798.0,75
201600053994,16,9,22,1810,1,2,1,1,3.0,75113,M,4882160.0,235874.0,75
201600053995,16,9,22,2000,5,2,1,1,2.0,75113,M,4882730.0,238158.0,75
201600053996,16,9,22,2135,5,2,2,1,3.0,75113,M,4883560.0,234825.0,75
201600053997,16,9,21,2300,5,2,1,1,6.0,75113,M,4882740.0,237715.0,75
201600053998,16,9,23,1205,1,2,1,1,2.0,75113,M,4882500.0,236226.0,75
201600053999,16,9,24,325,5,2,3,1,6.0,75105,M,4885110.0,234442.0,75
201600054000,16,9,24,540,5,2,2,1,2.0,75113,M,4882580.0,234653.0,75
201600054001,16,9,24,1200,1,2,1,1,6.0,75113,M,4884290.0,236654.0,75
201600054002,16,9,26,1245,1,2,1,1,6.0,75113,M,4883090.0,235665.0,75
201600054003,16,9,26,2255,5,2,3,1,6.0,75113,M,4882090.0,235487.0,75
201600054004,16,9,29,1800,1,2,2,1,3.0,75113,M,4882580.0,238199.0,75
201600054005,16,9,29,2040,5,2,1,1,2.0,75113,M,4882440.0,236220.0,75
201600054006,16,9,30,5,5,2,5,1,3.0,75113,M,4882580.0,235041.0,75
201600054007,16,9,30,1650,1,2,1,8,3.0,75113,M,4882170.0,234351.0,75
201600054008,16,10,2,655,1,2,2,1,3.0,75113,M,4883230.0,237979.0,75
201600054009,16,10,2,1900,2,2,2,1,6.0,75113,M,4881890.0,235952.0,75
201600054010,16,10,4,1000,1,2,5,1,6.0,75113,M,4882660.0,236354.0,75
201600054011,16,10,4,2030,5,2,4,1,6.0,75113,M,4882090.0,235487.0,75
201600054012,16,10,4,2350,5,2,1,1,6.0,75113,M,4882760.0,238631.0,75
201600054013,16,10,5,915,1,2,3,1,3.0,75113,M,4883560.0,234825.0,75
201600054014,16,10,6,647,5,2,1,1,6.0,75113,M,4883250.0,235483.0,75
201600054015,16,10,6,1810,1,2,7,1,3.0,75113,M,4884400.0,236474.0,75
201600054016,16,10,6,2000,5,2,3,1,6.0,75113,M,4882160.0,235255.0,75
201600054017,16,10,9,1950,5,2,3,1,2.0,75113,M,4882050.0,236600.0,75
201600054018,16,10,10,1655,1,2,7,2,6.0,75113,M,4884370.0,236457.0,75
201600054019,16,10,10,1730,1,2,1,3,6.0,75113,M,4882620.0,235766.0,75
201600054020,16,10,10,2115,5,2,3,1,1.0,75113,M,4883750.0,234631.0,75
201600054021,16,10,10,2220,5,2,5,1,3.0,75113,M,4882700.0,238605.0,75
201600054022,16,10,11,1130,1,2,2,1,3.0,75113,M,4882090.0,235076.0,75
201600054023,16,10,11,1820,2,2,3,1,3.0,75113,M,4883120.0,236913.0,75
201600054024,16,10,12,953,1,2,1,1,3.0,75113,M,4882850.0,236692.0,75
201600054025,16,10,12,1500,1,2,2,1,3.0,75113,M,4882760.0,238125.0,75
201600054026,16,10,13,1900,2,2,1,1,6.0,75113,M,4882100.0,236401.0,75
201600054027,16,10,15,200,5,2,1,8,2.0,75113,M,4883260.0,237493.0,75
201600054028,16,10,16,1645,1,2,1,1,6.0,75113,M,4883510.0,237418.0,75
201600054029,16,10,17,200,5,2,3,1,3.0,75113,M,4883590.0,235874.0,75
201600054030,16,10,19,855,1,2,3,1,6.0,75113,M,4882790.0,234723.0,75
201600054031,16,10,19,1408,1,2,7,1,6.0,75113,M,4884370.0,236457.0,75
201600054032,16,10,19,2125,5,2,2,1,6.0,75113,M,4882580.0,234653.0,75
201600054033,16,10,19,2110,5,2,1,1,3.0,75113,M,4882070.0,237685.0,75
201600054034,16,10,20,1016,1,2,2,1,6.0,75113,M,4882890.0,237986.0,75
201600054035,16,10,20,1610,1,2,1,2,3.0,75113,M,4882880.0,237349.0,75
201600054036,16,10,21,1240,1,2,3,1,3.0,75113,M,4883300.0,237872.0,75
201600054037,16,10,21,1605,1,2,4,2,4.0,75114,M,4881740.0,234402.0,75
201600054038,16,10,22,214,5,2,1,1,6.0,75113,M,4881740.0,236676.0,75
201600054039,16,10,23,1115,1,2,2,1,6.0,75113,M,4882400.0,237702.0,75
201600054040,16,10,24,1245,1,2,2,2,7.0,75113,M,4882010.0,236468.0,75
201600054041,16,10,24,1610,1,2,3,2,2.0,75113,M,4882220.0,234728.0,75
201600054042,16,10,25,1115,1,2,2,6,5.0,75113,M,4883030.0,234582.0,75
201600054043,16,10,25,1505,1,2,4,1,6.0,75113,M,4884330.0,236427.0,75
201600054044,16,10,26,1115,1,2,4,1,3.0,75113,M,4883910.0,236115.0,75
201600054045,16,10,28,2225,5,2,3,1,3.0,75113,M,4882900.0,235763.0,75
201600054046,16,10,30,430,5,2,1,1,2.0,75113,M,4883530.0,237584.0,75
201600054047,16,10,30,530,5,2,4,1,6.0,75113,M,4882570.0,238758.0,75
201600054048,16,10,31,340,5,2,2,1,3.0,75113,M,4882010.0,236468.0,75
201600054049,16,11,1,1600,1,2,5,1,6.0,75113,M,4883080.0,234412.0,75
201600054050,16,11,2,1100,1,2,3,1,2.0,75113,M,4881760.0,235328.0,75
201600054051,16,11,2,1820,5,2,2,1,6.0,75113,M,4882220.0,235854.0,75
201600054052,16,11,2,1850,5,2,2,1,6.0,75113,M,4882620.0,237810.0,75
201600054053,16,11,2,2200,5,2,7,1,3.0,75113,M,4881890.0,236565.0,75
201600054054,16,11,3,705,1,2,2,1,3.0,75113,M,4881890.0,235952.0,75
201600054055,16,11,3,930,1,2,2,1,2.0,75113,M,4881930.0,235328.0,75
201600054056,16,11,3,1350,1,2,2,1,6.0,75113,M,4883280.0,235649.0,75
201600054057,16,11,4,2200,5,2,1,2,6.0,75113,M,4884210.0,236340.0,75
201600054058,16,11,5,150,5,2,2,2,3.0,75111,M,4886610.0,237014.0,75
201600054059,16,11,5,2050,5,2,2,2,3.0,75113,M,4882290.0,236870.0,75
201600054060,16,11,5,2225,5,2,2,1,3.0,75113,M,4883060.0,237679.0,75
201600054061,16,11,6,220,5,2,5,1,6.0,75113,M,4882160.0,236923.0,75
201600054062,16,11,7,750,1,2,3,4,4.0,75113,M,4881940.0,237362.0,75
201600054063,16,11,7,1335,1,2,1,2,6.0,75113,M,4882530.0,236181.0,75
201600054064,16,11,7,1445,1,2,5,2,6.0,75113,M,4882370.0,236185.0,75
201600054065,16,11,7,1810,5,2,2,2,6.0,75113,M,4883060.0,237679.0,75
201600054066,16,11,9,1420,1,2,2,2,2.0,75113,M,4882990.0,237545.0,75
201600054067,16,11,9,1550,1,2,1,3,4.0,75113,M,4883480.0,236796.0,75
201600054068,16,11,10,1100,1,2,2,1,3.0,75113,M,4883230.0,237979.0,75
201600054069,16,11,11,1935,5,2,1,1,3.0,75113,M,4882450.0,238730.0,75
201600054070,16,11,13,1540,1,2,2,8,6.0,75113,M,4883670.0,237183.0,75
201600054071,16,11,13,1950,5,2,5,2,3.0,75113,M,4882770.0,237136.0,75
201600054072,16,11,14,2215,5,2,3,1,6.0,75113,M,4882790.0,234723.0,75
201600054073,16,11,15,530,5,2,1,2,3.0,75113,M,4882990.0,234366.0,75
201600054074,16,11,15,2330,5,2,5,2,7.0,75113,M,4883040.0,235271.0,75
201600054075,16,11,16,710,2,2,1,2,3.0,75113,M,4883510.0,236815.0,75
201600054076,16,11,17,1820,5,2,1,1,6.0,75113,M,4882180.0,235164.0,75
201600054077,16,11,18,910,1,2,3,1,2.0,75113,M,4883560.0,234825.0,75
201600054078,16,11,18,1205,1,2,1,1,6.0,75113,M,4884070.0,236235.0,75
201600054079,16,11,18,1515,1,2,1,1,2.0,75113,M,4882550.0,238116.0,75
201600054080,16,11,18,1650,1,2,1,1,2.0,75113,M,4882680.0,236523.0,75
201600054081,16,11,19,1321,1,2,1,1,3.0,75113,M,4882950.0,235628.0,75
201600054082,16,11,21,510,5,2,2,2,6.0,75113,M,4883080.0,234412.0,75
201600054083,16,11,23,800,1,2,2,1,7.0,75113,M,4882660.0,236354.0,75
201600054084,16,11,24,1545,1,2,2,1,6.0,75113,M,4883320.0,235679.0,75
201600054085,16,11,25,100,5,2,5,1,6.0,75113,M,4881890.0,235952.0,75
201600054086,16,11,25,850,1,2,5,1,6.0,75113,M,4883300.0,236181.0,75
201600054087,16,11,27,1050,1,2,2,1,6.0,75113,M,4882220.0,235854.0,75
201600054088,16,11,27,1230,1,2,2,1,3.0,75113,M,4884320.0,236615.0,75
201600054089,16,11,28,745,1,2,1,1,6.0,75113,M,4883850.0,235730.0,75
201600054090,16,11,30,825,1,2,1,1,6.0,75113,M,4882620.0,236080.0,75
201600054091,16,12,1,845,1,2,5,1,3.0,75113,M,4883350.0,236334.0,75
201600054092,16,12,1,1023,1,2,1,1,3.0,75113,M,4882930.0,237449.0,75
201600054093,16,12,1,2345,3,2,2,1,3.0,75113,M,4881890.0,235952.0,75
201600054094,16,12,4,1730,5,2,1,1,3.0,75114,M,4881670.0,234169.0,75
201600054095,16,12,6,1040,1,2,2,1,6.0,75113,M,4882600.0,235364.0,75
201600054096,16,12,6,1819,5,2,2,1,6.0,75113,M,4883230.0,237979.0,75
201600054097,16,12,7,1740,5,2,2,1,6.0,75113,M,4882590.0,234515.0,75
201600054098,16,12,8,1905,5,2,5,1,3.0,75113,M,4882620.0,235988.0,75
201600054099,16,12,12,1605,1,2,5,2,6.0,75113,M,4883330.0,236357.0,75
201600054100,16,12,13,2015,5,2,2,1,3.0,75113,M,4882290.0,237315.0,75
201600054101,16,12,13,2115,5,2,5,1,3.0,75113,M,4882580.0,235041.0,75
201600054102,16,12,14,1115,1,2,2,1,6.0,75113,M,4883340.0,235423.0,75
201600054103,16,12,14,1840,5,2,2,1,3.0,75113,M,4883050.0,237835.0,75
201600054104,16,12,14,2045,5,2,2,1,3.0,75113,M,4882570.0,234718.0,75
201600054105,16,12,15,1800,2,2,1,1,6.0,75113,M,4882680.0,236469.0,75
201600054106,16,12,16,1605,1,2,1,1,3.0,75113,M,4882720.0,234159.0,75
201600054107,16,12,17,315,5,2,3,1,6.0,75113,M,4883460.0,235333.0,75
201600054108,16,12,19,1520,1,2,2,1,6.0,75113,M,4882730.0,236852.0,75
201600054109,16,12,20,1630,2,2,3,1,6.0,75113,M,4883150.0,237601.0,75
201600054110,16,12,21,2000,5,2,1,2,6.0,75113,M,4884050.0,236220.0,75
201600054111,16,12,22,915,1,2,1,8,3.0,75113,M,4883120.0,237392.0,75
201600054112,16,12,22,1750,5,2,1,1,6.0,75113,M,4884150.0,236298.0,75
201600054113,16,12,23,1320,1,2,1,1,3.0,75113,M,4881830.0,235968.0,75
201600054114,16,12,25,2100,5,2,2,1,6.0,75113,M,4883060.0,237679.0,75
201600054115,16,12,26,930,1,2,4,8,2.0,75113,M,4881600.0,236069.0,75
201600054116,16,12,27,1520,1,2,3,1,6.0,75113,M,4883490.0,235075.0,75
201600054117,16,12,27,1925,5,2,1,1,2.0,75113,M,4882030.0,234853.0,75
201600054118,16,1,6,800,2,2,3,1,3.0,75114,M,4883200.0,231353.0,75
201600054119,16,1,9,630,5,2,7,2,2.0,75114,M,4882320.0,232552.0,75
201600054120,16,1,9,1010,1,2,1,1,6.0,75107,M,4885270.0,231908.0,75
201600054121,16,1,12,1730,2,2,4,1,3.0,75114,M,4883030.0,232586.0,75
201600054122,16,1,16,2040,5,2,1,1,2.0,75115,M,4882740.0,230099.0,75
201600054123,16,1,19,1845,5,2,1,1,3.0,75114,M,4883470.0,231419.0,75
201600054124,16,1,25,1330,1,2,3,1,6.0,75114,M,4883260.0,232510.0,75
201600054125,16,1,26,700,2,2,3,1,2.0,75114,M,4882490.0,230210.0,75
201600054126,16,1,26,1000,1,2,7,1,3.0,75114,M,4882780.0,232667.0,75