Num_Acc,an,mois,jour,hrmn,lum,agg,int,atm,col,com,gps,lat,long,dep
201600054127,16,1,26,1530,1,2,7,1,2.0,75114,M,4882780.0,232667.0,75
201600054128,16,1,26,1745,2,2,2,1,6.0,75114,M,4882460.0,231928.0,75
201600054129,16,1,27,750,1,2,3,2,3.0,75114,M,4882410.0,232769.0,75
201600054130,16,1,27,1230,1,2,1,1,6.0,75114,M,4882030.0,233873.0,75
201600054131,16,1,29,5,5,2,7,1,2.0,75114,M,4882780.0,232667.0,75
201600054132,16,2,1,930,1,2,1,1,6.0,75114,M,4883930.0,233802.0,75
201600054133,16,2,2,1720,2,2,2,2,3.0,75114,M,4882890.0,233113.0,75
201600054134,16,2,2,1850,5,2,2,2,6.0,75114,M,4882270.0,232263.0,75
201600054135,16,2,2,2120,5,2,1,2,2.0,75114,M,4882780.0,233128.0,75
201600054136,16,2,3,1455,1,2,2,1,6.0,75107,M,4886000.0,231479.0,75
201600054137,16,2,4,1920,5,2,2,2,6.0,75114,M,4882370.0,232320.0,75
201600054138,16,2,6,1150,1,2,3,1,6.0,75114,M,4883020.0,232332.0,75
201600054139,16,2,8,2340,3,2,3,1,3.0,75114,M,4882230.0,231415.0,75
201600054140,16,2,9,945,1,2,3,2,6.0,75114,M,4883040.0,231379.0,75
201600054141,16,2,10,1155,1,2,1,1,6.0,75114,M,4883890.0,232028.0,75
201600054142,16,2,12,1350,1,2,1,3,6.0,75114,M,4883450.0,232410.0,75
201600054143,16,2,13,1850,5,2,3,2,6.0,75107,M,4886230.0,230542.0,75
201600054144,16,2,15,1410,1,2,1,1,4.0,75114,M,4883180.0,230984.0,75
201600054145,16,2,17,1155,1,2,2,1,3.0,75114,M,4884360.0,232458.0,75
201600054146,16,2,18,1350,1,2,3,2,6.0,75114,M,4884030.0,233485.0,75
201600054147,16,2,19,845,1,2,1,1,5.0,75114,M,4883000.0,232596.0,75
201600054148,16,2,20,1325,1,2,2,1,6.0,75114,M,4883510.0,232028.0,75
201600054149,16,2,20,1400,1,2,5,1,3.0,75114,M,4882770.0,230530.0,75
201600054150,16,2,23,715,5,2,4,2,6.0,75114,M,4882910.0,232634.0,75
201600054151,16,2,23,1646,1,2,3,1,6.0,75114,M,4883150.0,232661.0,75
201600054152,16,2,25,1950,5,2,3,1,6.0,75114,M,4882440.0,232031.0,75
201600054153,16,3,1,1330,1,2,3,2,3.0,75114,M,4882710.0,233219.0,75
201600054154,16,3,1,1955,2,2,3,2,3.0,75115,M,4884860.0,228289.0,75
201600054155,16,3,2,2145,5,2,2,1,3.0,75114,M,4882710.0,232497.0,75
201600054156,16,3,2,1750,1,2,1,2,6.0,75114,M,4883710.0,233501.0,75
201600054157,16,3,2,2145,5,2,7,2,3.0,75114,M,4883420.0,233234.0,75
201600054158,16,3,10,1200,1,2,1,1,6.0,75114,M,4882780.0,232830.0,75
201600054159,16,3,12,143,5,2,2,1,3.0,75114,M,4883480.0,234159.0,75
201600054160,16,3,15,1450,1,2,7,1,6.0,75114,M,4882780.0,232667.0,75
201600054161,16,3,18,1940,5,2,1,1,2.0,75114,M,4881660.0,233898.0,75
201600054162,16,3,20,100,5,2,2,1,6.0,75114,M,4883300.0,233597.0,75
201600054163,16,3,22,1815,2,2,1,1,3.0,75115,M,4883510.0,226619.0,75
201600054164,16,3,22,2110,5,2,2,1,6.0,75114,M,4883420.0,233234.0,75
201600054165,16,3,25,40,5,2,4,2,6.0,75114,M,4882060.0,232415.0,75
201600054166,16,3,25,830,1,2,3,2,6.0,75114,M,4882090.0,232991.0,75
201600054167,16,3,26,1130,1,2,1,1,6.0,75114,M,4883050.0,231138.0,75
201600054168,16,3,26,1605,1,2,5,8,3.0,75114,M,4883240.0,232050.0,75
201600054169,16,3,29,1905,1,2,1,2,7.0,75114,M,4882520.0,232598.0,75
201600054170,16,3,31,1430,1,2,2,3,6.0,75114,M,4882260.0,231491.0,75
201600054171,16,4,1,45,5,2,7,1,6.0,75114,M,4882430.0,231867.0,75
201600054172,16,3,31,2050,5,2,1,1,2.0,75114,M,4882130.0,232014.0,75
201600054173,16,4,1,2010,2,2,4,1,7.0,75114,M,4884060.0,233381.0,75
201600054174,16,4,1,2200,5,2,1,1,6.0,75114,M,4882960.0,230942.0,75
201600054175,16,4,7,1,5,2,2,1,6.0,75114,M,4882930.0,232262.0,75
201600054176,16,4,7,1255,1,2,4,1,6.0,75114,M,4883770.0,233116.0,75
201600054177,16,4,7,1815,1,2,5,1,3.0,75114,M,4882990.0,233390.0,75
201600054178,16,4,10,1925,1,2,2,1,3.0,75114,M,4883180.0,232196.0,75
201600054179,16,4,11,1930,1,2,2,1,3.0,75114,M,4882230.0,231415.0,75
201600054180,16,4,13,2345,5,2,3,1,2.0,75114,M,4882980.0,232115.0,75
201600054181,16,4,14,1525,1,2,3,1,2.0,75114,M,4883210.0,233953.0,75
201600054182,16,4,15,850,1,2,2,1,3.0,75114,M,4883300.0,233597.0,75
201600054183,16,4,15,1935,1,2,5,1,6.0,75114,M,4883280.0,231155.0,75
201600054184,16,4,17,45,5,2,1,1,3.0,75114,M,4882970.0,232142.0,75
201600054185,16,4,17,1405,1,2,2,1,6.0,75114,M,4882220.0,233042.0,75
201600054186,16,4,17,1900,1,2,7,1,3.0,75114,M,4884360.0,232458.0,75
201600054187,16,4,17,2200,4,2,2,1,2.0,75114,M,4883330.0,233615.0,75
201600054188,16,4,18,850,1,2,7,1,6.0,75114,M,4883380.0,233333.0,75
201600054189,16,4,18,950,1,2,7,1,2.0,75114,M,4882780.0,232667.0,75
201600054190,16,4,20,1415,1,2,1,1,3.0,75114,M,4883980.0,232368.0,75
201600054191,16,4,21,730,1,2,1,1,7.0,75114,M,4883930.0,233669.0,75
201600054192,16,4,21,1430,1,2,2,1,3.0,75114,M,4882010.0,232389.0,75
201600054193,16,4,22,730,1,2,3,1,3.0,75114,M,4883220.0,233061.0,75
201600054194,16,4,24,1645,1,2,4,1,3.0,75114,M,4882260.0,231491.0,75
201600054195,16,4,29,2125,5,2,3,3,6.0,75114,M,4883920.0,233832.0,75
201600054196,16,4,30,1430,1,2,1,2,7.0,75114,M,4883850.0,231981.0,75
201600054197,16,5,1,1820,1,2,2,1,3.0,75114,M,4882010.0,232389.0,75
201600054198,16,5,2,850,1,2,2,1,2.0,75114,M,4882220.0,233042.0,75
201600054199,16,5,4,935,1,2,1,1,2.0,75114,M,4882150.0,231750.0,75
201600054200,16,5,4,2215,5,2,1,1,6.0,75114,M,4883980.0,232368.0,75
201600054201,16,5,5,1820,1,2,5,1,6.0,75114,M,4882740.0,233512.0,75
201600054202,16,5,8,1420,1,2,1,1,6.0,75114,M,4883730.0,232300.0,75
201600054203,16,5,8,1800,1,2,3,1,6.0,75114,M,4883590.0,233774.0,75
201600054204,16,5,8,2135,1,2,2,1,2.0,75114,M,4882960.0,232833.0,75
201600054205,16,5,11,1420,1,2,1,3,6.0,75114,M,4883010.0,233448.0,75
201600054206,16,5,13,1632,1,2,5,1,2.0,75114,M,4884340.0,232414.0,75
201600054207,16,5,18,1815,1,2,4,2,6.0,75114,M,4882910.0,232634.0,75
201600054208,16,5,22,1215,1,2,5,2,7.0,75114,M,4882780.0,232667.0,75
201600054209,16,5,22,2315,5,2,3,1,7.0,75114,M,4884050.0,233009.0,75
201600054210,16,5,23,1850,1,2,1,1,6.0,75114,M,4882410.0,233526.0,75
201600054211,16,5,24,555,1,2,3,1,6.0,75114,M,4883230.0,231505.0,75
201600054212,16,5,25,1530,1,2,3,1,6.0,75114,M,4883360.0,231745.0,75
201600054213,16,5,25,1745,1,2,2,1,6.0,75114,M,4883360.0,232579.0,75
201600054214,16,5,28,255,5,2,7,1,3.0,75114,M,4883420.0,233234.0,75
201600054215,16,5,28,1830,1,2,1,1,6.0,75114,M,4883670.0,232058.0,75
201600054216,16,6,1,105,5,2,1,2,6.0,75114,M,4883710.0,232308.0,75
201600054217,16,6,1,1115,1,2,1,1,3.0,75114,M,4882080.0,232275.0,75
201600054218,16,6,3,1715,1,2,1,1,6.0,75114,M,4883040.0,232902.0,75
201600054219,16,6,5,1920,1,2,2,1,6.0,75114,M,4883290.0,232812.0,75
201600054220,16,6,8,955,1,2,2,1,7.0,75114,M,4883250.0,232498.0,75
201600054221,16,6,8,1135,1,2,2,1,6.0,75114,M,4882600.0,231255.0,75
201600054222,16,6,9,1915,1,2,1,1,2.0,75114,M,4881670.0,233626.0,75
201600054223,16,6,10,720,1,2,1,1,3.0,75114,M,4883650.0,232336.0,75
201600054224,16,6,10,1910,1,2,1,1,6.0,75114,M,4882760.0,230604.0,75
201600054225,16,6,10,1924,1,2,1,1,6.0,75114,M,4883420.0,232423.0,75
201600054226,16,6,11,23,5,2,3,1,6.0,75114,M,4883010.0,232036.0,75
201600054227,16,6,13,230,5,2,2,1,3.0,75114,M,4882320.0,232552.0,75
201600054228,16,6,14,1045,1,2,2,1,3.0,75114,M,4883650.0,232014.0,75
201600054229,16,6,14,1149,1,2,2,1,6.0,75114,M,4883460.0,233696.0,75
201600054230,16,6,14,1430,1,2,1,1,3.0,75114,M,4883480.0,234097.0,75
201600054231,16,6,15,815,1,2,1,2,7.0,75114,M,4883170.0,234069.0,75
201600054232,16,6,16,1345,1,2,1,2,2.0,75114,M,4883730.0,232300.0,75
201600054233,16,6,17,1600,1,2,3,1,6.0,75114,M,4884200.0,232272.0,75
201600054234,16,6,19,1310,1,2,1,1,3.0,75107,M,4886240.0,230951.0,75
201600054235,16,6,19,1425,1,2,2,1,6.0,75114,M,4883180.0,231413.0,75
201600054236,16,6,20,2335,5,2,2,1,6.0,75114,M,4884310.0,232635.0,75
201600054237,16,6,22,115,5,2,3,1,2.0,75114,M,4883320.0,233149.0,75
201600054238,16,6,22,1345,1,2,2,1,7.0,75114,M,4882610.0,233074.0,75
201600054239,16,6,22,1945,1,2,2,1,3.0,75114,M,4883650.0,232014.0,75
201600054240,16,6,26,1941,1,2,2,1,3.0,75114,M,4882040.0,232542.0,75
201600054241,16,6,27,630,1,2,4,2,6.0,75114,M,4883860.0,233665.0,75
201600054242,16,6,27,1450,1,2,3,1,3.0,75114,M,4884050.0,233009.0,75
201600054243,16,6,29,215,5,2,5,1,6.0,75114,M,4883770.0,232284.0,75
201600054244,16,6,29,1845,1,2,1,1,6.0,75114,M,4882890.0,232360.0,75
201600054245,16,6,30,945,1,2,1,1,3.0,75114,M,4882650.0,231318.0,75
201600054246,16,6,30,1940,1,2,2,1,3.0,75114,M,4882930.0,232262.0,75
201600054247,16,7,2,945,1,2,2,1,7.0,75114,M,4883510.0,232028.0,75
201600054248,16,7,2,1830,1,2,7,1,1.0,75114,M,4883330.0,233284.0,75
201600054249,16,7,5,1720,1,2,2,1,6.0,75114,M,4883980.0,232137.0,75
201600054250,16,7,6,1540,1,2,2,1,6.0,75114,M,4883890.0,233968.0,75
201600054251,16,7,7,1605,1,2,4,1,3.0,75114,M,4883410.0,232427.0,75
201600054252,16,7,9,1200,1,2,1,1,6.0,75114,M,4882160.0,232760.0,75
201600054253,16,7,8,1900,1,2,7,1,2.0,75107,M,4886280.0,231163.0,75
201600054254,16,7,10,1250,1,2,2,1,6.0,75114,M,4882600.0,231255.0,75
201600054255,16,7,10,2223,5,2,2,1,3.0,75115,M,4884040.0,230425.0,75
201600054256,16,7,13,1454,1,2,5,1,3.0,75114,M,4882780.0,233250.0,75
201600054257,16,7,13,1635,1,2,1,1,6.0,75114,M,4883120.0,231678.0,75
201600054258,16,7,13,1920,1,2,5,1,6.0,75114,M,4882460.0,233984.0,75
201600054259,16,7,14,400,3,2,7,1,7.0,75114,M,4882680.0,230391.0,75
201600054260,16,7,15,2040,1,2,4,1,6.0,75114,M,4882240.0,231440.0,75
201600054261,16,7,18,1655,1,2,3,1,3.0,75114,M,4882330.0,232681.0,75
201600054262,16,7,18,1910,1,2,1,1,3.0,75114,M,4881970.0,234223.0,75
201600054263,16,7,18,1300,1,2,2,1,6.0,75114,M,4883300.0,233597.0,75
201600054264,16,7,19,1035,1,2,3,1,6.0,75114,M,4882630.0,231301.0,75
201600054265,16,7,19,1650,1,2,1,1,6.0,75114,M,4882560.0,231466.0,75
201600054266,16,7,20,1030,1,2,1,1,6.0,75114,M,4882220.0,231628.0,75
201600054267,16,7,22,550,2,2,2,1,7.0,75114,M,4882960.0,232833.0,75
201600054268,16,7,23,1040,1,2,1,1,4.0,75114,M,4882350.0,230989.0,75
201600054269,16,7,25,816,1,2,5,1,3.0,75114,M,4882020.0,232399.0,75
201600054270,16,7,25,1910,1,2,1,1,3.0,75114,M,4881870.0,233184.0,75
201600054271,16,7,26,1930,1,2,2,1,3.0,75114,M,4882090.0,232991.0,75
201600054272,16,7,26,1955,1,2,1,1,6.0,75114,M,4884230.0,232575.0,75
201600054273,16,7,27,2020,2,2,3,1,3.0,75114,M,4883220.0,233061.0,75
201600054274,16,7,31,1855,1,2,7,1,7.0,75114,M,4883330.0,233284.0,75
201600054275,16,7,31,2215,5,2,2,1,7.0,75114,M,4883300.0,233597.0,75
201600054276,16,8,3,1100,1,2,1,1,6.0,75114,M,4884350.0,232493.0,75
201600054277,16,8,4,1900,1,2,1,1,6.0,75114,M,4882800.0,232625.0,75
201600054278,16,8,5,2320,5,2,4,1,4.0,75114,M,4882880.0,232769.0,75
201600054279,16,8,10,1445,1,2,3,1,3.0,75114,M,4883540.0,232920.0,75
201600054280,16,8,12,2240,5,2,5,1,2.0,75114,M,4884340.0,232414.0,75
201600054281,16,8,15,930,1,2,2,1,3.0,75114,M,4883250.0,232498.0,75
201600054282,16,8,16,1555,1,2,1,7,6.0,75107,M,4886170.0,232011.0,75
201600054283,16,8,20,1930,2,2,5,7,6.0,75114,M,4882770.0,230530.0,75
201600054284,16,8,23,1415,1,2,2,1,3.0,75114,M,4882220.0,233042.0,75
201600054285,16,8,25,1630,1,2,1,1,2.0,75114,M,4883160.0,232529.0,75
201600054286,16,8,26,1000,1,2,1,1,3.0,75114,M,4882570.0,233546.0,75
201600054287,16,8,29,1740,1,2,7,1,3.0,75114,M,4882810.0,232689.0,75
201600054288,16,9,2,1138,1,2,1,1,6.0,75114,M,4881970.0,234223.0,75
201600054289,16,9,3,1855,1,2,7,1,3.0,75114,M,4882200.0,232532.0,75
201600054290,16,9,4,1830,1,2,1,1,3.0,75114,M,4882370.0,232336.0,75
201600054291,16,9,5,815,1,2,3,2,6.0,75114,M,4884060.0,233381.0,75
201600054292,16,9,5,2130,5,2,1,8,3.0,75114,M,4881670.0,233427.0,75
201600054293,16,9,9,1900,1,2,1,1,2.0,75114,M,4882100.0,234288.0,75
201600054294,16,9,10,1010,1,2,1,1,2.0,75115,M,4883010.0,230571.0,75
201600054295,16,9,10,2000,5,2,2,1,3.0,75114,M,4884310.0,232635.0,75
201600054296,16,9,11,450,5,2,1,2,7.0,75114,M,4882690.0,232460.0,75
201600054297,16,9,12,755,1,2,1,1,6.0,75114,M,4881670.0,233439.0,75
201600054298,16,9,12,1445,1,2,3,1,3.0,75114,M,4882270.0,233516.0,75
201600054299,16,9,13,1715,1,2,1,1,2.0,75114,M,4882580.0,232611.0,75
201600054300,16,9,14,1710,1,2,1,1,6.0,75114,M,4882890.0,230784.0,75
201600054301,16,9,14,1700,1,2,2,1,3.0,75114,M,4883650.0,232014.0,75
201600054302,16,9,15,825,1,2,7,2,6.0,75115,M,4884650.0,228538.0,75
201600054303,16,9,15,1005,1,2,7,2,2.0,75114,M,4883440.0,233242.0,75
201600054304,16,9,17,120,5,2,1,2,3.0,75114,M,4882110.0,232542.0,75
201600054305,16,9,19,1045,1,2,1,1,7.0,75114,M,4883800.0,232281.0,75
201600054306,16,9,20,1845,1,2,2,1,6.0,75114,M,4883180.0,231413.0,75
201600054307,16,9,21,1200,1,2,1,1,7.0,75114,M,4883150.0,233327.0,75
201600054308,16,9,21,1415,1,2,4,1,6.0,75114,M,4883680.0,232319.0,75
201600054309,16,9,21,1750,1,2,1,1,2.0,75114,M,4882150.0,231884.0,75
201600054310,16,9,22,910,1,2,1,1,6.0,75114,M,4882750.0,230644.0,75
201600054311,16,9,22,1440,1,2,2,1,6.0,75114,M,4884310.0,232635.0,75
201600054312,16,9,23,1250,1,2,2,1,3.0,75114,M,4882770.0,230530.0,75
201600054313,16,9,23,1405,1,2,1,1,2.0,75114,M,4883620.0,232347.0,75
201600054314,16,9,25,600,5,2,2,1,6.0,75114,M,4882040.0,232542.0,75
201600054315,16,9,27,1630,1,2,7,1,3.0,75114,M,4883440.0,233242.0,75
201600054316,16,9,30,1015,1,2,2,1,6.0,75114,M,4882610.0,232891.0,75
201600054317,16,10,3,1700,1,2,5,1,6.0,75114,M,4882320.0,232552.0,75
201600054318,16,10,3,1720,1,2,3,1,2.0,75115,M,4883530.0,228099.0,75
201600054319,16,10,4,935,1,2,1,1,6.0,75114,M,4883040.0,232902.0,75
201600054320,16,10,4,920,1,2,1,1,3.0,75114,M,4882290.0,232718.0,75
201600054321,16,10,4,1800,1,2,3,1,6.0,75114,M,4883770.0,233556.0,75
201600054322,16,10,6,1730,1,2,1,1,7.0,75115,M,4883490.0,228249.0,75
201600054323,16,10,8,1010,1,2,1,1,6.0,75114,M,4883310.0,233700.0,75
201600054324,16,10,9,1430,1,2,3,1,3.0,75114,M,4883230.0,231505.0,75
201600054325,16,10,9,1730,1,2,2,1,3.0,75114,M,4882270.0,232263.0,75
201600054326,16,10,9,2020,5,2,1,1,4.0,75114,M,4882410.0,232573.0,75
201600054327,16,10,10,1330,1,2,2,1,6.0,75114,M,4884020.0,232759.0,75
201600054328,16,10,11,1145,1,2,2,1,6.0,75107,M,4886000.0,231305.0,75
201600054329,16,10,11,1755,1,2,1,1,6.0,75114,M,4882710.0,233722.0,75
201600054330,16,10,11,1800,1,2,3,1,6.0,75114,M,4883740.0,231943.0,75
201600054331,16,10,12,850,1,2,1,1,3.0,75115,M,4884580.0,230512.0,75
201600054332,16,10,13,825,1,2,1,1,7.0,75114,M,4881780.0,233347.0,75
201600054333,16,10,13,2300,5,2,2,2,2.0,75114,M,4882710.0,232497.0,75
201600054334,16,10,14,1724,1,2,3,2,2.0,75114,M,4884200.0,232272.0,75
201600054335,16,10,14,2135,5,2,1,3,3.0,75114,M,4882400.0,233416.0,75
201600054336,16,10,14,2350,5,2,2,1,3.0,75114,M,4884310.0,232635.0,75
201600054337,16,10,15,25,5,2,3,2,7.0,75114,M,4882650.0,233545.0,75
201600054338,16,10,15,620,5,2,3,2,6.0,75114,M,4882650.0,233545.0,75
201600054339,16,10,18,1410,1,2,2,1,3.0,75114,M,4883250.0,232498.0,75
201600054340,16,10,18,1910,5,2,4,2,2.0,75115,M,4884500.0,227606.0,75
201600054341,16,10,19,1340,1,2,7,1,3.0,75114,M,4883440.0,233242.0,75
201600054342,16,10,23,2015,5,2,5,2,3.0,75114,M,4884200.0,232960.0,75
201600054343,16,10,25,1610,1,2,1,1,6.0,75114,M,4882880.0,232647.0,75
201600054344,16,10,25,1718,1,2,7,8,6.0,75114,M,4882200.0,232532.0,75
201600054345,16,10,25,1810,1,2,5,1,6.0,75114,M,4884110.0,232472.0,75
201600054346,16,10,25,1615,1,2,3,1,3.0,75114,M,4883510.0,231493.0,75
201600054347,16,10,25,2300,5,2,2,1,6.0,75114,M,4882890.0,233005.0,75
201600054348,16,10,26,1225,1,2,1,1,3.0,75114,M,4882810.0,232586.0,75
201600054349,16,10,26,1250,1,2,7,1,3.0,75114,M,4882770.0,230530.0,75
201600054350,16,10,27,1925,5,2,1,1,3.0,75114,M,4882010.0,233373.0,75
201600054351,16,10,29,700,5,2,7,1,6.0,75114,M,4882430.0,231867.0,75
201600054352,16,10,31,1000,1,2,1,1,6.0,75114,M,4882930.0,233662.0,75
201600054353,16,10,31,1250,1,2,1,1,2.0,75114,M,4881660.0,233762.0,75
201600054354,16,10,31,1705,2,2,1,1,3.0,75114,M,4883330.0,233522.0,75
201600054355,16,11,3,1955,5,2,1,1,3.0,75114,M,4882850.0,231494.0,75
201600054356,16,11,6,1606,1,2,2,1,3.0,75114,M,4883650.0,232014.0,75
201600054357,16,11,9,920,1,2,1,2,2.0,75114,M,4883140.0,231582.0,75
201600054358,16,11,9,1805,5,2,1,2,3.0,75107,M,4885270.0,231330.0,75
201600054359,16,11,12,215,5,2,1,1,6.0,75114,M,4882420.0,230534.0,75
201600054360,16,11,12,1715,5,2,1,2,6.0,75114,M,4883800.0,232281.0,75
201600054361,16,11,14,830,1,2,3,8,3.0,75114,M,4883220.0,231284.0,75
201600054362,16,11,14,900,1,2,4,8,3.0,75114,M,4883770.0,233116.0,75
201600054363,16,11,14,1715,2,2,1,1,6.0,75114,M,4883110.0,231863.0,75
201600054364,16,11,14,2245,5,2,3,1,6.0,75114,M,4882010.0,232389.0,75
201600054365,16,11,15,955,1,2,1,1,2.0,75114,M,4882100.0,232143.0,75
201600054366,16,11,14,1825,4,2,1,2,6.0,75114,M,4882630.0,232626.0,75
201600054367,16,11,15,2024,5,2,1,2,3.0,75114,M,4881680.0,233761.0,75
201600054368,16,11,15,2200,5,2,1,2,6.0,75114,M,4882050.0,232567.0,75
201600054369,16,11,16,1120,1,2,2,1,2.0,75114,M,4882140.0,233385.0,75
201600054370,16,11,17,540,5,2,1,1,6.0,75114,M,4883080.0,230842.0,75
201600054371,16,11,17,850,1,2,1,1,3.0,75114,M,4882300.0,232279.0,75
201600054372,16,11,17,1500,1,2,2,1,2.0,75114,M,4883180.0,231413.0,75
201600054373,16,11,18,905,1,2,1,1,6.0,75114,M,4882480.0,231218.0,75
201600054374,16,11,18,1055,1,2,1,1,6.0,75114,M,4882690.0,231393.0,75
201600054375,16,11,18,1235,1,2,1,1,7.0,75114,M,4884100.0,232497.0,75
201600054376,16,11,18,1831,5,2,1,1,6.0,75114,M,4882990.0,232101.0,75
201600054377,16,11,18,1705,2,2,1,1,6.0,75115,M,4884660.0,228688.0,75
201600054378,16,11,19,2225,5,2,7,1,2.0,75114,M,4883380.0,233333.0,75
201600054379,16,11,20,445,5,2,1,6,6.0,75114,M,4883100.0,232557.0,75
201600054380,16,11,20,1410,1,2,1,2,3.0,75114,M,4882130.0,232014.0,75
201600054381,16,11,20,1945,5,2,3,2,6.0,75114,M,4882910.0,230841.0,75
201600054382,16,11,21,900,1,2,2,2,6.0,75114,M,4882010.0,233373.0,75
201600054383,16,11,23,720,5,2,2,3,6.0,75114,M,4882060.0,232415.0,75
201600054384,16,11,26,1028,1,2,5,1,2.0,75114,M,4881970.0,232558.0,75
201600054385,16,11,26,1550,1,2,5,8,6.0,75114,M,4882450.0,230400.0,75
201600054386,16,11,28,1230,1,2,1,1,6.0,75114,M,4883430.0,231488.0,75
201600054387,16,11,30,845,1,2,1,1,6.0,75114,M,4882360.0,232715.0,75
201600054388,16,11,30,920,1,2,3,1,6.0,75114,M,4882090.0,232049.0,75
201600054389,16,12,1,1005,1,2,1,1,6.0,75114,M,4883800.0,233104.0,75
201600054390,16,12,1,1820,5,2,1,1,6.0,75114,M,4882920.0,233416.0,75
201600054391,16,12,2,1120,1,2,1,1,2.0,75114,M,4883390.0,233144.0,75
201600054392,16,12,3,1840,5,2,1,1,3.0,75114,M,4883690.0,232483.0,75
201600054393,16,12,9,1134,1,2,7,1,6.0,75114,M,4882460.0,233984.0,75
201600054394,16,12,10,2030,5,2,4,1,2.0,75114,M,4881650.0,234227.0,75
201600054395,16,12,10,2320,5,2,3,1,3.0,75114,M,4882200.0,233473.0,75
201600054396,16,12,12,735,2,2,1,8,6.0,75114,M,4882680.0,233948.0,75
201600054397,16,12,13,945,1,2,1,2,2.0,75114,M,4883390.0,233395.0,75
201600054398,16,12,13,1600,1,2,1,1,2.0,75114,M,4883740.0,232354.0,75
201600054399,16,12,14,721,5,2,3,1,3.0,75114,M,4882140.0,233385.0,75
201600054400,16,12,14,1425,1,2,2,1,3.0,75114,M,4882230.0,231415.0,75
201600054401,16,12,15,2030,5,2,3,1,6.0,75114,M,4882510.0,231680.0,75
201600054402,16,12,16,1200,1,2,1,1,3.0,75114,M,4883750.0,232139.0,75
201600054403,16,12,16,1310,1,2,4,1,6.0,75114,M,4882540.0,230230.0,75
201600054404,16,12,18,430,5,2,4,1,6.0,75114,M,4883150.0,232535.0,75
201600054405,16,12,20,1510,1,2,4,1,6.0,75114,M,4883150.0,232535.0,75
201600054406,16,12,22,1908,5,2,2,1,3.0,75114,M,4882060.0,232415.0,75
201600054407,16,12,24,1715,2,2,1,1,6.0,75114,M,4882780.0,233215.0,75
201600054408,16,12,25,1505,1,2,2,1,3.0,75114,M,4882540.0,230230.0,75
201600054409,16,12,26,1630,1,2,1,1,6.0,75114,M,4882050.0,232403.0,75
201600054410,16,12,26,2155,5,2,2,1,3.0,75114,M,4883510.0,232028.0,75
201600054411,16,12,30,2200,5,2,7,2,3.0,75114,M,4882780.0,232667.0,75
201600054412,16,1,2,2000,5,2,3,2,3.0,75115,M,4882910.0,229893.0,75
201600054413,16,1,3,655,5,2,1,8,6.0,75115,M,4884240.0,232115.0,75
201600054414,16,1,5,815,1,2,3,2,6.0,75115,M,4883340.0,228943.0,75
201600054415,16,1,7,25,5,2,1,1,6.0,75115,M,4884000.0,227075.0,75
201600054416,16,1,7,730,4,2,7,3,6.0,75115,M,4884940.0,228155.0,75
201600054417,16,1,7,930,1,2,2,2,3.0,75115,M,4883350.0,229866.0,75
201600054418,16,1,7,1330,1,2,1,1,2.0,75115,M,4884550.0,227829.0,75
201600054419,16,1,7,1240,1,2,2,1,2.0,75115,M,4882860.0,230138.0,75
201600054420,16,1,7,1750,5,2,2,1,6.0,75115,M,4884610.0,227692.0,75
201600054421,16,1,8,800,5,2,3,1,6.0,75115,M,4883050.0,229329.0,75
201600054422,16,1,13,1515,1,2,2,1,2.0,75115,M,4883610.0,227820.0,75
201600054423,16,1,13,1950,5,2,1,1,7.0,75115,M,4883980.0,227812.0,75
201600054424,16,1,14,110,5,2,1,1,7.0,75115,M,4883400.0,228493.0,75
201600054425,16,1,17,1420,1,2,2,1,4.0,75115,M,4884920.0,229801.0,75
201600054426,16,1,20,1800,5,2,2,1,3.0,75115,M,4883470.0,230515.0,75
201600054427,16,1,21,1530,1,2,5,1,6.0,75115,M,4883930.0,229196.0,75
201600054428,16,1,21,1845,5,2,3,1,6.0,75115,M,4884550.0,227631.0,75
201600054429,16,1,24,1550,1,2,1,1,3.0,75115,M,4882820.0,230128.0,75
201600054430,16,1,25,1200,1,2,2,1,6.0,75115,M,4884900.0,229089.0,75
201600054431,16,1,28,130,5,2,2,2,3.0,75115,M,4884610.0,227692.0,75
201600054432,16,1,28,1935,5,2,3,1,6.0,75115,M,4884420.0,232018.0,75
201600054433,16,2,3,1645,5,2,2,2,2.0,75107,M,4885180.0,231451.0,75
201600054434,16,2,3,1920,4,2,5,1,6.0,75115,M,4884660.0,228612.0,75
201600054435,16,2,4,845,1,2,3,1,6.0,75115,M,4884100.0,228754.0,75
201600054436,16,2,6,2320,5,2,3,1,6.0,75115,M,4884740.0,230299.0,75
201600054437,16,2,7,2340,5,2,2,1,3.0,75115,M,4884560.0,228797.0,75