Num_Acc,an,mois,jour,hrmn,lum,agg,int,atm,col,com,gps,lat,long,dep
201600054438,16,2,7,2320,5,2,7,1,6.0,75115,M,4884070.0,229994.0,75
201600054439,16,2,8,230,5,2,5,2,3.0,75115,M,4882580.0,230024.0,75
201600054440,16,2,9,800,2,2,3,2,7.0,75115,M,4884070.0,228878.0,75
201600054441,16,2,10,1430,1,2,1,1,3.0,75115,M,4883270.0,229780.0,75
201600054442,16,2,10,1615,1,2,5,1,4.0,75115,M,4882580.0,230024.0,75
201600054443,16,2,11,710,2,2,7,2,1.0,75115,M,4884380.0,232295.0,75
201600054444,16,2,12,920,1,2,1,1,2.0,75115,M,4884830.0,230280.0,75
201600054445,16,2,12,935,1,2,7,2,3.0,75115,M,4884940.0,228155.0,75
201600054446,16,2,12,2245,5,2,1,1,6.0,75115,M,4883620.0,226715.0,75
201600054447,16,2,12,2325,5,2,3,1,6.0,75115,M,4883630.0,229436.0,75
201600054448,16,2,13,338,5,2,7,1,3.0,75115,M,4884780.0,230114.0,75
201600054449,16,2,13,1755,2,2,2,3,6.0,75115,M,4885020.0,229647.0,75
201600054450,16,2,17,1430,1,2,2,1,3.0,75115,M,4884000.0,227192.0,75
201600054451,16,2,18,1455,1,2,7,2,6.0,75115,M,4884870.0,228519.0,75
201600054452,16,2,18,1915,5,2,4,8,3.0,75115,M,4882920.0,229229.0,75
201600054453,16,2,19,1115,1,2,2,1,2.0,75115,M,4882530.0,230032.0,75
201600054454,16,2,19,1935,5,2,1,1,7.0,75115,M,4885290.0,229302.0,75
201600054455,16,2,20,1315,1,2,1,2,6.0,75115,M,4884080.0,231637.0,75
201600054456,16,2,21,1600,1,2,3,1,2.0,75115,M,4884870.0,229864.0,75
201600054457,16,2,23,1000,1,2,2,2,6.0,75115,M,4884480.0,228388.0,75
201600054458,16,2,24,1015,1,2,3,1,3.0,75115,M,4883450.0,230577.0,75
201600054459,16,2,24,2215,3,2,2,1,3.0,75115,M,4884150.0,229914.0,75
201600054460,16,2,26,1700,1,2,5,8,6.0,75115,M,4883600.0,230076.0,75
201600054461,16,2,25,1950,5,2,7,1,3.0,75115,M,4884700.0,228528.0,75
201600054462,16,2,28,1250,1,2,2,1,3.0,75115,M,4884360.0,229575.0,75
201600054463,16,2,29,1800,1,2,1,1,6.0,75115,M,4884330.0,227881.0,75
201600054464,16,3,1,1915,5,2,5,2,6.0,75115,M,4883930.0,229196.0,75
201600054465,16,3,2,925,1,2,3,1,6.0,75115,M,4883830.0,228125.0,75
201600054466,16,3,4,910,1,2,4,2,2.0,75115,M,4885750.0,229103.0,75
201600054467,16,3,5,110,5,2,3,8,6.0,75115,M,4883740.0,228506.0,75
201600054468,16,3,5,1230,1,2,5,8,6.0,75115,M,4885210.0,228880.0,75
201600054469,16,3,7,830,1,2,3,1,6.0,75115,M,4883810.0,228764.0,75
201600054470,16,3,7,1140,1,2,1,2,1.0,75115,M,4884510.0,227901.0,75
201600054471,16,3,8,1855,5,2,1,1,6.0,75115,M,4884040.0,228389.0,75
201600054472,16,3,8,2120,5,2,2,1,3.0,75115,M,4884110.0,228788.0,75
201600054473,16,3,9,1950,5,2,3,2,2.0,75115,M,4885560.0,229403.0,75
201600054474,16,3,11,1210,1,2,3,1,2.0,75115,M,4883090.0,229228.0,75
201600054475,16,3,11,1930,4,2,1,1,2.0,75107,M,4885480.0,232494.0,75
201600054476,16,3,12,725,2,2,5,1,3.0,75115,M,4884990.0,230110.0,75
201600054477,16,3,13,1421,1,2,2,1,6.0,75115,M,4884040.0,231491.0,75
201600054478,16,3,14,805,1,2,1,1,2.0,75115,M,4884160.0,230833.0,75
201600054479,16,3,15,815,1,2,2,1,3.0,75115,M,4883540.0,231178.0,75
201600054480,16,3,15,1910,5,2,2,1,6.0,75115,M,4883870.0,231435.0,75
201600054481,16,3,16,252,5,2,4,1,6.0,75115,M,4884050.0,227220.0,75
201600054482,16,3,17,1650,1,2,1,1,6.0,75115,M,4883330.0,229847.0,75
201600054483,16,3,18,820,1,2,1,1,6.0,75114,M,4883230.0,233995.0,75
201600054484,16,3,18,1505,1,2,2,1,3.0,75115,M,4883090.0,229228.0,75
201600054485,16,3,19,1130,1,2,2,1,3.0,75115,M,4885020.0,229647.0,75
201600054486,16,3,23,1100,1,2,2,1,3.0,75115,M,4884310.0,228349.0,75
201600054487,16,3,23,2040,5,2,2,1,6.0,75115,M,4883350.0,229866.0,75
201600054488,16,3,24,1250,1,2,2,1,6.0,75115,M,4884480.0,228388.0,75
201600054489,16,3,24,1615,1,2,2,1,6.0,75115,M,4884150.0,230792.0,75
201600054490,16,3,25,1328,1,2,1,1,1.0,75115,M,4884170.0,229166.0,75
201600054491,16,3,29,1040,1,2,2,1,6.0,75115,M,4884040.0,230425.0,75
201600054492,16,3,30,845,1,2,2,2,7.0,75115,M,4882890.0,229408.0,75
201600054493,16,3,30,1250,1,2,1,2,6.0,75115,M,4884110.0,227786.0,75
201600054494,16,3,31,1945,5,2,2,2,3.0,75115,M,4883390.0,230809.0,75
201600054495,16,4,1,1245,1,2,2,1,6.0,75115,M,4884340.0,228272.0,75
201600054496,16,4,3,2200,5,2,3,1,3.0,75115,M,4884860.0,228289.0,75
201600054497,16,4,5,1015,1,2,1,1,3.0,75115,M,4884660.0,227574.0,75
201600054498,16,4,5,1900,1,2,2,1,6.0,75115,M,4884560.0,228797.0,75
201600054499,16,4,8,1530,1,2,4,1,3.0,75115,M,4883440.0,226519.0,75
201600054500,16,4,10,935,1,2,2,1,6.0,75115,M,4884500.0,231066.0,75
201600054501,16,4,11,1125,1,2,7,2,2.0,75115,M,4884610.0,227692.0,75
201600054502,16,4,11,1400,1,2,2,2,6.0,75115,M,4883960.0,229303.0,75
201600054503,16,4,11,1545,1,2,2,2,3.0,75115,M,4884110.0,228788.0,75
201600054504,16,4,14,940,1,2,1,1,6.0,75115,M,4884600.0,229977.0,75
201600054505,16,4,14,2130,5,2,2,2,6.0,75115,M,4884940.0,228155.0,75
201600054506,16,4,15,1119,1,2,2,1,6.0,75115,M,4884340.0,229992.0,75
201600054507,16,4,17,600,5,2,1,1,6.0,75115,M,4883220.0,230762.0,75
201600054508,16,4,19,1430,1,2,2,1,7.0,75115,M,4884500.0,231066.0,75
201600054509,16,4,20,910,1,2,1,1,2.0,75116,M,4883490.0,226247.0,75
201600054510,16,4,21,1245,1,2,3,1,3.0,75115,M,4883270.0,227884.0,75
201600054511,16,4,22,1235,1,2,2,8,6.0,75115,M,4883470.0,230515.0,75
201600054512,16,4,23,315,5,2,1,2,3.0,75115,M,4884990.0,228067.0,75
201600054513,16,4,23,1330,1,2,2,1,3.0,75115,M,4884720.0,227917.0,75
201600054514,16,4,25,750,1,2,2,1,6.0,75115,M,4884110.0,228788.0,75
201600054515,16,4,26,1700,1,2,4,2,3.0,75115,M,4884040.0,227146.0,75
201600054516,16,4,27,1245,1,2,2,1,2.0,75115,M,4884380.0,228188.0,75
201600054517,16,4,29,1105,1,2,3,1,2.0,75115,M,4884370.0,230638.0,75
201600054518,16,4,29,2243,5,2,2,2,3.0,75115,M,4884310.0,228349.0,75
201600054519,16,4,30,1055,1,2,2,2,2.0,75115,M,4884220.0,228554.0,75
201600054520,16,5,2,1720,1,2,5,1,2.0,75115,M,4885120.0,230089.0,75
201600054521,16,5,4,1400,1,2,1,1,3.0,75115,M,4882840.0,227337.0,75
201600054522,16,5,4,1825,1,2,2,1,6.0,75115,M,4883610.0,227820.0,75
201600054523,16,5,8,315,5,2,1,1,6.0,75115,M,4884200.0,231968.0,75
201600054524,16,5,9,1158,1,2,2,1,6.0,75115,M,4885020.0,229647.0,75
201600054525,16,5,9,1240,1,2,2,1,3.0,75115,M,4884420.0,227922.0,75
201600054526,16,5,9,2130,5,2,7,2,3.0,75115,M,4884940.0,228155.0,75
201600054527,16,5,10,1645,1,2,2,2,7.0,75115,M,4884340.0,228272.0,75
201600054528,16,5,12,1010,1,2,1,1,6.0,75115,M,4883480.0,230469.0,75
201600054529,16,5,13,820,1,2,1,8,6.0,75115,M,4883680.0,230922.0,75
201600054530,16,5,13,1400,1,2,1,1,3.0,75115,M,4885510.0,229478.0,75
201600054531,16,5,15,45,5,2,7,1,2.0,75115,M,4884940.0,228155.0,75
201600054532,16,5,15,1330,1,2,4,1,2.0,75115,M,4884500.0,227606.0,75
201600054533,16,5,15,2040,2,2,7,1,3.0,75115,M,4884570.0,229138.0,75
201600054534,16,5,16,740,1,2,2,1,3.0,75115,M,4884260.0,230268.0,75
201600054535,16,5,17,140,4,2,1,1,7.0,75115,M,4885520.0,228802.0,75
201600054536,16,5,17,1958,1,2,3,1,6.0,75115,M,4883530.0,230313.0,75
201600054537,16,5,18,1900,1,2,1,1,6.0,75115,M,4884200.0,232032.0,75
201600054538,16,5,19,1330,1,2,7,1,7.0,75115,M,4884180.0,230324.0,75
201600054539,16,5,20,820,1,2,7,1,7.0,75115,M,4882710.0,229232.0,75
201600054540,16,5,20,2200,5,2,3,1,3.0,75115,M,4884950.0,229854.0,75
201600054541,16,5,20,2330,5,2,1,1,3.0,75115,M,4885000.0,229442.0,75
201600054542,16,5,22,1940,1,2,2,8,3.0,75115,M,4883670.0,229953.0,75
201600054543,16,5,24,1100,1,2,2,1,3.0,75115,M,4883790.0,229773.0,75
201600054544,16,5,25,1140,1,2,3,1,6.0,75115,M,4883810.0,228092.0,75
201600054545,16,5,25,1220,1,2,1,1,4.0,75115,M,4883880.0,229301.0,75
201600054546,16,5,26,1600,1,2,1,1,7.0,75106,M,4884570.0,231946.0,75
201600054547,16,5,27,640,1,2,3,1,6.0,75115,M,4883870.0,228945.0,75
201600054548,16,5,27,1745,1,2,2,1,3.0,75115,M,4885070.0,228397.0,75
201600054549,16,5,27,1145,1,2,3,1,6.0,75115,M,4884010.0,228539.0,75
201600054550,16,5,28,1315,1,2,1,1,6.0,75115,M,4885390.0,228955.0,75
201600054551,16,5,28,1930,1,2,1,1,6.0,75115,M,4884810.0,228349.0,75
201600054552,16,5,29,2330,5,2,2,3,3.0,75115,M,4883360.0,230919.0,75
201600054553,16,5,30,740,1,2,5,3,2.0,75115,M,4883540.0,226688.0,75
201600054554,16,5,30,1045,1,2,1,3,3.0,75115,M,4884610.0,231437.0,75
201600054555,16,5,30,1840,1,2,3,3,2.0,75115,M,4884320.0,231356.0,75
201600054556,16,5,31,1210,1,2,3,2,6.0,75115,M,4883910.0,229145.0,75
201600054557,16,6,1,1040,1,2,2,2,3.0,75115,M,4883470.0,230515.0,75
201600054558,16,6,1,1140,1,2,3,8,3.0,75115,M,4883970.0,231472.0,75
201600054559,16,6,4,1600,1,2,1,1,6.0,75115,M,4883910.0,229237.0,75
201600054560,16,6,5,1610,1,2,4,1,6.0,75115,M,4884640.0,228311.0,75
201600054561,16,6,6,1500,1,2,1,1,4.0,75115,M,4883650.0,229493.0,75
201600054562,16,6,7,730,1,2,4,1,3.0,75115,M,4883440.0,226519.0,75
201600054563,16,6,8,1850,1,2,2,1,3.0,75115,M,4883670.0,229805.0,75
201600054564,16,6,8,2325,5,2,2,1,3.0,75115,M,4884040.0,230425.0,75
201600054565,16,6,10,1600,1,2,2,1,6.0,75115,M,4883430.0,228402.0,75
201600054566,16,6,10,1730,1,2,1,1,2.0,75115,M,4882800.0,230367.0,75
201600054567,16,6,12,545,2,2,3,1,6.0,75115,M,4884070.0,228878.0,75
201600054568,16,6,12,1245,1,2,1,1,3.0,75115,M,4885210.0,229087.0,75
201600054569,16,6,14,1740,1,2,3,1,6.0,75115,M,4884080.0,230542.0,75
201600054570,16,6,15,1030,1,2,2,1,3.0,75107,M,4886290.0,231342.0,75
201600054571,16,6,15,2030,2,2,2,1,3.0,75115,M,4882970.0,230173.0,75
201600054572,16,6,16,1510,1,2,3,2,3.0,75115,M,4885750.0,229103.0,75
201600054573,16,6,17,1120,1,2,5,1,4.0,75115,M,4883580.0,228966.0,75
201600054574,16,6,20,900,1,2,2,2,6.0,75115,M,4884150.0,229914.0,75
201600054575,16,6,21,905,1,2,1,8,4.0,75115,M,4883170.0,229041.0,75
201600054576,16,6,22,2030,2,2,1,1,6.0,75115,M,4884120.0,232163.0,75
201600054577,16,6,23,850,1,2,2,1,6.0,75115,M,4883610.0,227820.0,75
201600054578,16,6,23,1030,1,2,3,1,3.0,75115,M,4884440.0,230875.0,75
201600054579,16,6,24,1850,1,2,2,1,6.0,75115,M,4883610.0,227820.0,75
201600054580,16,6,25,1025,1,2,1,1,3.0,75115,M,4885590.0,229348.0,75
201600054581,16,6,25,1320,1,2,2,1,2.0,75115,M,4884050.0,229572.0,75
201600054582,16,6,26,135,5,2,7,1,2.0,75115,M,4884580.0,227664.0,75
201600054583,16,6,26,1310,1,2,1,1,2.0,75115,M,4884950.0,229599.0,75
201600054584,16,6,26,1320,1,2,3,8,3.0,75115,M,4884130.0,229817.0,75
201600054585,16,6,27,1300,1,2,4,1,6.0,75115,M,4882630.0,229695.0,75
201600054586,16,6,27,1720,1,2,1,2,6.0,75115,M,4883750.0,229569.0,75
201600054587,16,6,28,1830,1,2,3,1,6.0,75115,M,4883660.0,229517.0,75
201600054588,16,6,29,400,5,2,2,1,2.0,75115,M,4883740.0,230599.0,75
201600054589,16,6,29,1900,1,2,4,1,6.0,75115,M,4884660.0,228612.0,75
201600054590,16,6,29,2145,1,2,1,2,3.0,75115,M,4884830.0,229037.0,75
201600054591,16,7,1,930,1,2,5,1,6.0,75115,M,4884510.0,232016.0,75
201600054592,16,7,3,2325,5,2,3,2,6.0,75115,M,4884780.0,230246.0,75
201600054593,16,7,4,945,1,2,1,1,6.0,75115,M,4883230.0,230308.0,75
201600054594,16,7,5,856,1,2,3,1,2.0,75115,M,4885400.0,228905.0,75
201600054595,16,7,5,2340,3,2,1,1,6.0,75115,M,4884210.0,231000.0,75
201600054596,16,7,6,1245,1,2,1,1,6.0,75115,M,4883970.0,228455.0,75
201600054597,16,7,7,1345,1,2,1,1,3.0,75115,M,4883760.0,229552.0,75
201600054598,16,7,7,2015,2,2,1,1,6.0,75115,M,4884540.0,229787.0,75
201600054599,16,7,8,550,1,2,1,1,7.0,75115,M,4885010.0,228042.0,75
201600054600,16,7,8,1540,1,2,5,1,6.0,75115,M,4885120.0,230089.0,75
201600054601,16,7,8,1640,1,2,3,1,3.0,75115,M,4884990.0,229911.0,75
201600054602,16,7,8,2035,1,2,1,1,3.0,75115,M,4883000.0,228615.0,75
201600054603,16,7,11,10,5,2,5,1,6.0,75115,M,4885460.0,228867.0,75
201600054604,16,7,11,550,2,2,2,1,3.0,75115,M,4884500.0,231066.0,75
201600054605,16,7,11,1650,1,2,2,1,3.0,75115,M,4884030.0,228584.0,75
201600054606,16,7,12,1640,1,2,2,1,2.0,75115,M,4884560.0,228797.0,75
201600054607,16,7,13,730,1,2,3,1,7.0,75115,M,4883830.0,227067.0,75
201600054608,16,7,14,2355,5,2,1,1,7.0,75115,M,4884700.0,230022.0,75
201600054609,16,7,15,1705,1,2,3,1,6.0,75115,M,4883820.0,230720.0,75
201600054610,16,7,15,2320,5,2,1,1,6.0,75115,M,4885580.0,228967.0,75
201600054611,16,7,17,1525,1,2,3,1,3.0,75115,M,4884630.0,229921.0,75
201600054612,16,7,19,1215,1,2,7,1,6.0,75115,M,4884610.0,227742.0,75
201600054613,16,7,21,1705,1,2,3,1,6.0,75115,M,4884400.0,228855.0,75
201600054614,16,7,21,2025,1,2,2,1,3.0,75115,M,4883610.0,227820.0,75
201600054615,16,7,23,1535,1,2,3,1,2.0,75115,M,4883020.0,230187.0,75
201600054616,16,7,24,1245,1,2,1,1,2.0,75115,M,4883680.0,226827.0,75
201600054617,16,7,26,805,1,2,2,1,3.0,75115,M,4884610.0,227692.0,75
201600054618,16,7,26,1630,1,2,2,1,3.0,75115,M,4882860.0,230138.0,75
201600054619,16,7,26,1945,1,2,5,1,3.0,75115,M,4884690.0,229238.0,75
201600054620,16,7,28,1255,1,2,2,1,6.0,75115,M,4884050.0,229943.0,75
201600054621,16,7,28,1800,1,2,5,1,6.0,75115,M,4884360.0,229575.0,75
201600054622,16,8,1,1430,1,2,2,1,2.0,75115,M,4883610.0,227820.0,75
201600054623,16,8,4,1540,1,2,2,1,7.0,75115,M,4883390.0,230809.0,75
201600054624,16,8,5,120,5,2,2,1,3.0,75115,M,4884230.0,231333.0,75
201600054625,16,8,5,1750,1,2,2,1,6.0,75115,M,4883920.0,230825.0,75
201600054626,16,8,10,920,1,2,3,1,6.0,75115,M,4884610.0,231784.0,75
201600054627,16,8,18,1710,1,2,2,2,6.0,75115,M,4884000.0,229031.0,75
201600054628,16,8,19,1710,1,2,4,2,3.0,75115,M,4884570.0,230973.0,75
201600054629,16,8,20,1215,1,2,3,1,3.0,75115,M,4883630.0,229436.0,75
201600054630,16,8,21,1615,1,2,7,1,2.0,75115,M,4884270.0,229191.0,75
201600054631,16,8,21,2135,5,2,5,1,6.0,75115,M,4883090.0,229228.0,75
201600054632,16,8,23,745,1,2,2,1,6.0,75115,M,4885070.0,228397.0,75
201600054633,16,8,23,950,1,2,1,1,6.0,75115,M,4883920.0,231188.0,75
201600054634,16,8,23,1335,1,2,3,1,7.0,75115,M,4884840.0,228087.0,75
201600054635,16,8,26,110,5,2,4,1,4.0,75115,M,4884000.0,227192.0,75
201600054636,16,8,27,1,5,2,5,1,3.0,75115,M,4884990.0,230110.0,75
201600054637,16,8,27,2020,2,2,2,1,3.0,75115,M,4884110.0,228788.0,75
201600054638,16,8,28,255,5,2,3,1,6.0,75115,M,4885470.0,229536.0,75
201600054639,16,8,29,845,1,2,2,1,2.0,75115,M,4883350.0,229866.0,75
201600054640,16,8,30,1035,1,2,3,1,3.0,75115,M,4883910.0,229145.0,75
201600054641,16,9,1,1000,1,2,1,1,3.0,75115,M,4884830.0,227997.0,75
201600054642,16,9,1,1800,1,2,1,1,3.0,75115,M,4883500.0,227323.0,75
201600054643,16,9,4,1,5,2,1,1,3.0,75115,M,4883430.0,227451.0,75
201600054644,16,9,4,1255,1,2,2,1,7.0,75115,M,4883850.0,229468.0,75
201600054645,16,9,4,1645,1,2,1,1,2.0,75115,M,4884620.0,227902.0,75
201600054646,16,9,6,1820,1,2,2,1,6.0,75115,M,4883800.0,229897.0,75
201600054647,16,9,7,805,1,2,2,1,3.0,75115,M,4882860.0,230138.0,75
201600054648,16,9,7,1750,1,2,2,1,4.0,75115,M,4883610.0,227820.0,75
201600054649,16,9,7,2215,3,2,5,1,7.0,75115,M,4884590.0,231370.0,75
201600054650,16,9,8,2320,5,2,2,1,6.0,75115,M,4884610.0,227692.0,75
201600054651,16,9,9,1710,1,2,2,1,3.0,75115,M,4884870.0,228519.0,75
201600054652,16,9,12,1700,1,2,3,1,6.0,75115,M,4884670.0,230612.0,75
201600054653,16,9,12,1915,2,2,1,1,2.0,75115,M,4883810.0,228095.0,75
201600054654,16,9,13,1425,1,2,2,1,3.0,75115,M,4883550.0,230068.0,75
201600054655,16,9,13,2300,4,2,7,1,3.0,75115,M,4883540.0,230269.0,75
201600054656,16,9,14,1036,1,2,2,1,6.0,75107,M,4884910.0,231383.0,75
201600054657,16,9,14,1435,1,2,2,1,3.0,75115,M,4885270.0,229073.0,75
201600054658,16,9,14,1730,1,2,2,1,2.0,75115,M,4883470.0,230515.0,75
201600054659,16,9,15,953,1,2,2,3,3.0,75115,M,4885380.0,229412.0,75
201600054660,16,9,15,1145,1,2,1,2,3.0,75115,M,4884230.0,227381.0,75
201600054661,16,9,16,1340,1,2,3,1,6.0,75115,M,4884190.0,227911.0,75
201600054662,16,9,16,1620,1,2,2,2,2.0,75115,M,4884370.0,229297.0,75
201600054663,16,9,17,30,5,2,2,2,2.0,75115,M,4883510.0,228900.0,75
201600054664,16,9,20,1700,1,2,2,1,3.0,75115,M,4884040.0,231491.0,75
201600054665,16,9,20,1450,1,2,2,1,3.0,75115,M,4883860.0,228937.0,75
201600054666,16,9,20,2140,5,2,3,1,3.0,75115,M,4883980.0,230204.0,75
201600054667,16,9,23,1140,1,2,1,1,6.0,75115,M,4883570.0,230190.0,75
201600054668,16,9,23,1450,1,2,2,1,3.0,75115,M,4884310.0,228349.0,75
201600054669,16,9,24,455,5,2,5,1,2.0,75114,M,4884100.0,232144.0,75
201600054670,16,9,26,730,1,2,2,1,3.0,75105,M,4884340.0,234152.0,75
201600054671,16,9,26,1840,1,2,2,1,6.0,75115,M,4884300.0,231278.0,75
201600054672,16,9,27,2035,5,2,5,1,6.0,75115,M,4885090.0,229259.0,75
201600054673,16,9,27,2344,5,2,2,1,3.0,75115,M,4883610.0,227820.0,75
201600054674,16,9,30,1410,1,2,1,1,5.0,75115,M,4884130.0,228741.0,75
201600054675,16,9,30,1950,5,2,4,2,6.0,75115,M,4884620.0,227952.0,75
201600054676,16,10,3,1530,1,2,1,1,2.0,75115,M,4884320.0,229530.0,75
201600054677,16,10,3,2200,5,2,1,1,3.0,75115,M,4884730.0,230059.0,75
201600054678,16,10,4,1710,1,2,2,1,6.0,75107,M,4886000.0,232170.0,75
201600054679,16,10,5,1215,1,2,4,1,3.0,75115,M,4883440.0,226519.0,75
201600054680,16,10,6,730,1,2,3,1,6.0,75115,M,4884260.0,231595.0,75
201600054681,16,10,6,1300,1,2,1,1,6.0,75107,M,4885800.0,233134.0,75
201600054682,16,10,6,1355,1,2,2,1,6.0,75115,M,4884980.0,229498.0,75
201600054683,16,10,6,1537,1,2,3,1,2.0,75115,M,4885290.0,228655.0,75
201600054684,16,10,6,1820,5,2,2,1,6.0,75115,M,4884980.0,228287.0,75
201600054685,16,10,6,1545,1,2,1,7,4.0,75115,M,4882920.0,228840.0,75
201600054686,16,10,6,1855,2,2,2,1,3.0,75115,M,4885180.0,229166.0,75
201600054687,16,10,7,940,1,2,7,1,6.0,75115,M,4882780.0,229278.0,75
201600054688,16,10,7,940,1,2,7,1,6.0,75115,M,4883680.0,227888.0,75
201600054689,16,10,7,1330,1,2,3,1,6.0,75115,M,4885750.0,229103.0,75
201600054690,16,10,7,1515,1,2,1,8,3.0,75115,M,4883770.0,229529.0,75
201600054691,16,10,8,1040,1,2,1,1,2.0,75115,M,4883020.0,229228.0,75
201600054692,16,10,11,640,2,2,2,1,3.0,75115,M,4883210.0,228058.0,75
201600054693,16,10,13,1800,5,2,1,1,5.0,75115,M,4884240.0,228508.0,75
201600054694,16,10,14,955,1,2,2,1,7.0,75115,M,4883690.0,228359.0,75
201600054695,16,10,15,1755,1,2,3,1,6.0,75115,M,4884090.0,230587.0,75
201600054696,16,10,16,1630,1,2,4,1,6.0,75115,M,4883460.0,226690.0,75
201600054697,16,10,17,1915,5,2,2,8,6.0,75115,M,4885240.0,229058.0,75
201600054698,16,10,18,1210,1,2,2,1,6.0,75115,M,4884800.0,229337.0,75
201600054699,16,10,19,1920,5,2,1,2,6.0,75115,M,4884080.0,231546.0,75
201600054700,16,10,21,1435,1,2,5,3,6.0,75115,M,4884290.0,231236.0,75
201600054701,16,10,21,2120,5,2,2,1,3.0,75115,M,4882860.0,230138.0,75
201600054702,16,10,23,1950,5,2,3,3,2.0,75115,M,4883430.0,228402.0,75
201600054703,16,10,25,1040,1,2,4,1,2.0,75115,M,4883420.0,227723.0,75
201600054704,16,10,25,1905,2,2,3,1,3.0,75115,M,4883020.0,230187.0,75
201600054705,16,10,27,1850,5,2,3,1,3.0,75115,M,4885070.0,228397.0,75
201600054706,16,10,27,1820,1,2,2,1,3.0,75115,M,4884040.0,231491.0,75
201600054707,16,10,28,1805,2,2,1,1,6.0,75115,M,4884580.0,230511.0,75
201600054708,16,10,29,1450,1,2,1,1,2.0,75115,M,4884510.0,230210.0,75
201600054709,16,10,30,150,5,2,2,1,6.0,75115,M,4884030.0,228584.0,75
201600054710,16,10,31,905,1,2,2,1,6.0,75115,M,4884480.0,228388.0,75
201600054711,16,10,31,910,1,2,3,1,3.0,75115,M,4884860.0,228289.0,75
201600054712,16,10,31,1120,1,2,1,1,3.0,75115,M,4884900.0,228216.0,75
201600054713,16,10,31,1225,1,2,1,1,2.0,75115,M,4884100.0,229734.0,75
201600054714,16,11,2,1740,5,2,2,1,6.0,75115,M,4884780.0,229655.0,75
201600054715,16,11,2,2115,5,2,2,1,3.0,75115,M,4884000.0,229031.0,75
201600054716,16,11,4,900,1,2,1,2,3.0,75115,M,4883650.0,228398.0,75
201600054717,16,11,4,1155,1,2,3,2,7.0,75115,M,4883930.0,231621.0,75
201600054718,16,11,4,1050,1,2,3,2,7.0,75115,M,4883720.0,227726.0,75
201600054719,16,11,4,1215,1,2,5,2,6.0,75115,M,4884920.0,229801.0,75
201600054720,16,11,6,5,5,2,1,2,6.0,75115,M,4882900.0,229920.0,75
201600054721,16,11,6,2000,5,2,1,1,2.0,75115,M,4884680.0,229996.0,75
201600054722,16,11,6,2120,5,2,1,1,6.0,75115,M,4884360.0,227925.0,75
201600054723,16,11,10,730,1,2,1,1,6.0,75115,M,4885050.0,228887.0,75
201600054724,16,11,10,1500,1,2,2,1,3.0,75115,M,4884810.0,229018.0,75
201600054725,16,11,10,1645,1,2,2,2,6.0,75115,M,4883830.0,229844.0,75
201600054726,16,11,14,820,1,2,2,1,3.0,75107,M,4885070.0,231162.0,75
201600054727,16,11,15,655,5,2,2,2,6.0,75115,M,4883270.0,228833.0,75
201600054728,16,11,16,907,1,2,2,1,3.0,75115,M,4883350.0,229866.0,75
201600054729,16,11,17,850,1,2,3,1,6.0,75115,M,4883330.0,229448.0,75
201600054730,16,11,17,1653,5,2,2,1,6.0,75115,M,4884050.0,229572.0,75
201600054731,16,11,17,1950,5,2,2,2,3.0,75115,M,4883450.0,229567.0,75
201600054732,16,11,18,1040,1,2,1,1,6.0,75115,M,4884850.0,229843.0,75
201600054733,16,11,18,2345,5,2,2,1,6.0,75115,M,4883720.0,229641.0,75
201600054734,16,11,19,1245,1,2,2,1,6.0,75115,M,4883850.0,231149.0,75
201600054735,16,11,20,1430,1,2,1,2,7.0,75115,M,4883520.0,226606.0,75
201600054736,16,11,20,1445,1,2,2,2,3.0,75115,M,4884370.0,228630.0,75
201600054737,16,11,20,1945,5,2,2,2,3.0,75115,M,4884770.0,228415.0,75
201600054738,16,11,21,1500,1,2,2,1,2.0,75115,M,4884640.0,230612.0,75
201600054739,16,11,22,1230,1,2,1,1,3.0,75115,M,4884750.0,230342.0,75
201600054740,16,11,23,815,1,2,2,8,6.0,75115,M,4884610.0,227692.0,75
201600054741,16,11,24,900,1,2,1,8,2.0,75115,M,4884740.0,230087.0,75
201600054742,16,11,24,1750,5,2,3,1,3.0,75115,M,4885530.0,228943.0,75
201600054743,16,11,25,930,1,2,1,1,3.0,75115,M,4883770.0,228020.0,75
201600054744,16,11,26,1345,1,2,2,1,6.0,75115,M,4884480.0,228388.0,75
201600054745,16,11,27,1425,1,2,1,1,6.0,75115,M,4884550.0,230124.0,75
201600054746,16,11,29,1015,1,2,7,1,3.0,75115,M,4882780.0,229278.0,75
201600054747,16,11,29,1045,1,2,4,1,3.0,75115,M,4883300.0,227926.0,75
201600054748,16,11,29,1430,1,2,2,1,6.0,75115,M,4883610.0,227820.0,75