Num_Acc,an,mois,jour,hrmn,lum,agg,int,atm,col,com,gps,lat,long,dep
201600054749,16,11,29,1915,5,2,2,1,6.0,75115,M,4884940.0,229459.0,75
201600054750,16,11,29,2115,5,2,3,1,7.0,75115,M,4884370.0,230638.0,75
201600054751,16,11,30,1238,1,2,1,1,6.0,75115,M,4883320.0,227732.0,75
201600054752,16,11,30,1930,5,2,2,1,3.0,75115,M,4884810.0,229018.0,75
201600054753,16,12,3,1600,1,2,2,7,6.0,75115,M,4882890.0,229408.0,75
201600054754,16,12,3,1830,1,2,5,1,1.0,75115,M,4884370.0,229297.0,75
201600054755,16,12,3,2015,5,2,3,1,3.0,75115,M,4884010.0,228539.0,75
201600054756,16,12,4,1210,1,2,5,1,3.0,75115,M,4884260.0,230268.0,75
201600054757,16,12,5,1320,1,2,3,1,6.0,75115,M,4884800.0,228447.0,75
201600054758,16,12,6,1650,2,2,2,1,3.0,75115,M,4883720.0,229641.0,75
201600054759,16,12,7,2000,5,2,1,1,3.0,75115,M,4884620.0,228005.0,75
201600054760,16,12,8,1250,1,2,3,1,6.0,75115,M,4884490.0,228607.0,75
201600054761,16,12,9,1545,1,2,1,1,6.0,75115,M,4884360.0,229323.0,75
201600054762,16,12,12,1115,1,2,2,1,3.0,75115,M,4882860.0,230138.0,75
201600054763,16,12,12,1500,1,2,1,1,6.0,75115,M,4884430.0,230227.0,75
201600054764,16,12,13,820,1,2,2,2,3.0,75115,M,4884370.0,228630.0,75
201600054765,16,12,13,810,2,2,2,3,6.0,75115,M,4885070.0,228397.0,75
201600054766,16,12,13,1000,1,2,4,2,3.0,75115,M,4884620.0,227952.0,75
201600054767,16,12,15,2130,5,2,3,1,6.0,75115,M,4884160.0,231829.0,75
201600054768,16,12,16,1900,5,2,7,1,6.0,75115,M,4884480.0,229019.0,75
201600054769,16,12,16,2220,5,2,1,1,6.0,75115,M,4884170.0,231878.0,75
201600054770,16,12,19,1448,1,2,1,1,6.0,75115,M,4884460.0,228428.0,75
201600054771,16,12,19,1810,5,2,1,1,5.0,75115,M,4883370.0,228561.0,75
201600054772,16,12,22,1035,1,2,2,8,6.0,75115,M,4883470.0,230515.0,75
201600054773,16,12,22,1855,5,2,3,1,2.0,75115,M,4883340.0,228640.0,75
201600054774,16,12,23,2355,5,2,2,1,3.0,75115,M,4883390.0,230809.0,75
201600054775,16,12,25,1755,5,2,2,1,6.0,75115,M,4884110.0,228788.0,75
201600054776,16,12,26,1505,1,2,2,1,6.0,75115,M,4884410.0,228121.0,75
201600054777,16,12,27,1520,1,2,1,1,6.0,75115,M,4884290.0,232181.0,75
201600054778,16,12,27,2100,5,2,5,1,6.0,75115,M,4885090.0,229259.0,75
201600054779,16,12,29,1400,1,2,1,1,2.0,75115,M,4883850.0,229359.0,75
201600054780,16,1,1,250,5,2,1,1,6.0,75116,M,4883910.0,226692.0,75
201600054781,16,1,1,540,5,2,5,1,7.0,75116,M,4885290.0,228104.0,75
201600054782,16,1,2,2210,5,2,7,2,3.0,75116,M,4885130.0,227844.0,75
201600054783,16,1,2,2245,5,2,2,2,6.0,75116,M,4886500.0,223445.0,75
201600054784,16,1,3,100,5,2,3,1,3.0,75116,M,4884800.0,225126.0,75
201600054785,16,1,5,940,1,2,1,2,7.0,75116,M,4883600.0,225679.0,75
201600054786,16,1,5,955,1,2,2,2,6.0,75116,M,4885730.0,227299.0,75
201600054787,16,1,5,1500,1,2,1,1,6.0,75116,M,4885420.0,226910.0,75
201600054788,16,1,5,1400,1,2,1,8,3.0,75116,M,4884800.0,225004.0,75
201600054789,16,1,5,2020,1,2,1,1,6.0,75116,M,4885720.0,226518.0,75
201600054790,16,1,6,150,4,2,7,1,6.0,75116,M,4886380.0,224025.0,75
201600054791,16,1,6,745,2,2,7,2,3.0,75116,M,4886420.0,227237.0,75
201600054792,16,1,6,1300,1,2,7,1,6.0,75116,M,4886490.0,229452.0,75
201600054793,16,1,6,1750,5,2,7,1,6.0,75116,M,4886470.0,229453.0,75
201600054794,16,1,6,1900,5,2,3,1,6.0,75108,M,4887520.0,231281.0,75
201600054795,16,1,8,2255,5,2,3,1,3.0,75116,M,4884680.0,226834.0,75
201600054796,16,1,10,210,5,2,2,3,2.0,75116,M,4885740.0,226463.0,75
201600054797,16,1,11,935,1,2,4,1,3.0,75116,M,4886990.0,227174.0,75
201600054798,16,1,11,1830,5,2,1,1,2.0,75116,M,4886000.0,227997.0,75
201600054799,16,1,14,1445,1,2,1,1,6.0,75116,M,4885810.0,226949.0,75
201600054800,16,1,14,2318,5,2,2,1,3.0,75116,M,4883960.0,226284.0,75
201600054801,16,1,15,2300,5,2,6,1,3.0,75116,M,4887400.0,229417.0,75
201600054802,16,1,16,10,5,2,1,1,6.0,75116,M,4886880.0,225398.0,75
201600054803,16,1,16,1325,1,2,3,1,2.0,75116,M,4886200.0,222905.0,75
201600054804,16,1,16,1635,1,2,2,1,3.0,75116,M,4886780.0,225104.0,75
201600054805,16,1,17,115,5,2,1,1,6.0,75116,M,4887030.0,229248.0,75
201600054806,16,1,19,20,5,2,3,1,6.0,75116,M,4884260.0,226870.0,75
201600054807,16,1,20,1815,5,2,2,1,6.0,75116,M,4884530.0,226042.0,75
201600054808,16,1,20,1320,1,2,3,1,6.0,75116,M,4885480.0,227961.0,75
201600054809,16,1,21,1550,1,2,4,7,2.0,75116,M,4884800.0,225321.0,75
201600054810,16,1,21,2335,5,2,2,1,7.0,75116,M,4885990.0,228553.0,75
201600054811,16,1,22,355,5,2,3,1,6.0,75116,M,4886840.0,226572.0,75
201600054812,16,1,24,1240,1,2,7,1,3.0,75116,M,4887180.0,227410.0,75
201600054813,16,1,25,1015,1,2,1,1,2.0,75116,M,4884250.0,226845.0,75
201600054814,16,1,25,1710,2,2,3,1,3.0,75116,M,4884220.0,226797.0,75
201600054815,16,1,26,830,1,2,1,1,2.0,75116,M,4885690.0,226435.0,75
201600054816,16,1,27,750,5,2,2,2,3.0,75116,M,4887510.0,228395.0,75
201600054817,16,1,27,1740,2,2,1,1,2.0,75108,M,4886810.0,230835.0,75
201600054818,16,1,27,950,1,2,4,1,7.0,75116,M,4886960.0,227407.0,75
201600054819,16,1,29,1640,1,2,5,8,3.0,75116,M,4887140.0,227756.0,75
201600054820,16,1,30,530,5,2,4,1,6.0,75116,M,4884540.0,225580.0,75
201600054821,16,2,1,1130,1,2,5,1,6.0,75116,M,4886390.0,229042.0,75
201600054822,16,2,2,300,5,2,1,1,7.0,75116,M,4887300.0,228763.0,75
201600054823,16,2,3,745,2,2,1,2,6.0,75116,M,4883470.0,225567.0,75
201600054824,16,2,4,1730,2,2,5,2,6.0,75116,M,4884530.0,225866.0,75
201600054825,16,2,5,1010,1,2,1,1,2.0,75116,M,4886360.0,223714.0,75
201600054826,16,2,5,1800,5,2,2,1,6.0,75116,M,4886570.0,229580.0,75
201600054827,16,2,7,1515,1,2,1,1,3.0,75116,M,4886900.0,228368.0,75
201600054828,16,2,8,1700,2,2,7,2,1.0,75116,M,4887320.0,229513.0,75
201600054829,16,2,8,2320,5,2,3,1,3.0,75116,M,4886450.0,226976.0,75
201600054830,16,2,10,1345,1,2,1,1,4.0,75116,M,4887340.0,224381.0,75
201600054831,16,2,11,1220,1,2,3,1,6.0,75116,M,4886390.0,229042.0,75
201600054832,16,2,10,2200,5,2,7,1,3.0,75116,M,4884530.0,225751.0,75
201600054833,16,2,15,630,5,2,2,1,6.0,75116,M,4884070.0,226499.0,75
201600054834,16,2,16,923,1,2,3,1,3.0,75116,M,4883960.0,226716.0,75
201600054835,16,2,16,1545,1,2,1,1,4.0,75116,M,4886850.0,227026.0,75
201600054836,16,2,17,1115,1,2,1,1,6.0,75116,M,4886390.0,228784.0,75
201600054837,16,2,17,1105,1,2,1,1,2.0,75116,M,4884200.0,225923.0,75
201600054838,16,2,17,2005,5,2,2,1,2.0,75116,M,4887300.0,229310.0,75
201600054839,16,2,16,930,1,2,2,1,6.0,75116,M,4886500.0,228649.0,75
201600054840,16,2,18,1015,1,2,5,1,6.0,75116,M,4886280.0,227629.0,75
201600054841,16,2,18,1500,1,2,1,6,6.0,75116,M,4886940.0,226815.0,75
201600054842,16,2,18,1745,1,2,2,2,3.0,75116,M,4884910.0,226938.0,75
201600054843,16,2,18,1830,5,2,1,2,3.0,75116,M,4885870.0,226549.0,75
201600054844,16,2,18,1950,5,2,7,2,3.0,75116,M,4886790.0,228107.0,75
201600054845,16,2,18,2030,5,2,1,1,3.0,75116,M,4887680.0,227456.0,75
201600054846,16,2,18,1230,1,2,4,2,2.0,75116,M,4887080.0,228498.0,75
201600054847,16,2,19,1045,1,2,2,1,6.0,75116,M,4884970.0,226859.0,75
201600054848,16,2,19,1635,1,2,3,1,3.0,75116,M,4884150.0,225610.0,75
201600054849,16,2,19,2115,4,2,2,1,3.0,75116,M,4883840.0,225405.0,75
201600054850,16,2,20,1830,5,2,7,1,3.0,75108,M,4886440.0,232029.0,75
201600054851,16,2,22,830,1,2,6,1,3.0,75116,M,4887320.0,229513.0,75
201600054852,16,2,22,1810,2,2,1,2,6.0,75116,M,4887160.0,228481.0,75
201600054853,16,2,23,620,5,2,7,2,3.0,75108,M,4886590.0,231989.0,75
201600054854,16,2,28,1120,1,2,1,1,2.0,75116,M,4887720.0,226900.0,75
201600054855,16,3,1,1850,3,2,7,2,6.0,75116,M,4886800.0,229595.0,75
201600054856,16,3,2,1345,1,2,7,2,7.0,75116,M,4887710.0,228345.0,75
201600054857,16,3,2,1735,2,2,2,2,3.0,75116,M,4886190.0,228613.0,75
201600054858,16,3,3,1525,1,2,5,1,6.0,75116,M,4885440.0,227021.0,75
201600054859,16,3,3,1555,1,2,7,1,3.0,75108,M,4887910.0,230309.0,75
201600054860,16,3,4,1740,1,2,1,1,2.0,75116,M,4886620.0,229483.0,75
201600054861,16,3,4,1815,2,2,1,2,6.0,75116,M,4886690.0,228410.0,75
201600054862,16,3,6,1645,1,2,2,2,6.0,75116,M,4886120.0,227546.0,75
201600054863,16,3,6,2210,5,2,2,1,2.0,75116,M,4885880.0,228906.0,75
201600054864,16,3,7,1352,1,2,5,1,2.0,75116,M,4884900.0,226636.0,75
201600054865,16,3,7,1340,1,2,5,2,2.0,75116,M,4884090.0,226529.0,75
201600054866,16,3,8,1930,5,2,1,1,7.0,75117,M,4888410.0,228562.0,75
201600054867,16,3,9,825,1,2,7,3,3.0,75108,M,4886840.0,232324.0,75
201600054868,16,3,9,1010,1,2,7,3,1.0,75116,M,4886800.0,229595.0,75
201600054869,16,3,10,20,5,2,2,1,2.0,75116,M,4887120.0,228885.0,75
201600054870,16,3,10,1915,3,2,1,1,3.0,75116,M,4886420.0,230091.0,75
201600054871,16,3,11,1455,1,2,2,1,6.0,75116,M,4884150.0,226386.0,75
201600054872,16,3,11,1650,1,2,7,1,3.0,75116,M,4886040.0,229115.0,75
201600054873,16,3,12,1705,1,2,2,1,2.0,75116,M,4883810.0,225500.0,75
201600054874,16,3,13,40,5,2,1,1,3.0,75116,M,4886710.0,228053.0,75
201600054875,16,3,12,1300,1,2,4,1,6.0,75116,M,4886410.0,223629.0,75
201600054876,16,3,14,1915,5,2,2,1,3.0,75116,M,4884710.0,227441.0,75
201600054877,16,3,15,930,1,2,1,1,3.0,75116,M,4887490.0,224915.0,75
201600054878,16,3,16,1520,1,2,2,8,2.0,75116,M,4886850.0,229887.0,75
201600054879,16,3,17,1650,1,2,1,1,3.0,75116,M,4886830.0,225246.0,75
201600054880,16,3,17,1905,1,2,7,1,2.0,75116,M,4884800.0,224273.0,75
201600054881,16,3,18,1310,1,2,2,1,6.0,75116,M,4886210.0,227255.0,75
201600054882,16,3,18,1455,1,2,1,1,2.0,75116,M,4886140.0,226432.0,75
201600054883,16,3,18,2340,5,2,6,1,6.0,75116,M,4887400.0,229417.0,75
201600054884,16,3,19,20,5,2,5,1,6.0,75116,M,4884320.0,226015.0,75
201600054885,16,3,21,2045,5,2,1,1,3.0,75116,M,4887240.0,229177.0,75
201600054886,16,3,22,938,1,2,2,1,6.0,75116,M,4887020.0,228281.0,75
201600054887,16,3,22,1750,1,2,1,1,6.0,75116,M,4886460.0,227811.0,75
201600054888,16,3,23,1600,1,2,1,1,2.0,75116,M,4885210.0,227449.0,75
201600054889,16,3,24,815,1,2,4,1,3.0,75116,M,4884810.0,225304.0,75
201600054890,16,3,24,745,1,2,1,1,4.0,75116,M,4884160.0,225418.0,75
201600054891,16,3,24,1050,1,2,5,1,3.0,75116,M,4883710.0,225658.0,75
201600054892,16,3,24,1030,1,2,7,1,3.0,75116,M,4887320.0,229513.0,75
201600054893,16,3,24,1805,2,2,5,1,6.0,75116,M,4884800.0,226406.0,75
201600054894,16,3,25,1430,1,2,5,1,6.0,75116,M,4886620.0,228623.0,75
201600054895,16,3,27,1830,1,2,7,1,6.0,75116,M,4887320.0,229458.0,75
201600054896,16,3,28,2335,5,2,7,1,6.0,75116,M,4887180.0,227641.0,75
201600054897,16,3,29,910,1,2,4,1,2.0,75116,M,4885830.0,226115.0,75
201600054898,16,3,29,1005,1,2,1,1,6.0,75116,M,4886370.0,228774.0,75
201600054899,16,3,26,1250,1,2,1,1,6.0,75116,M,4886250.0,229373.0,75
201600054900,16,3,29,1530,1,2,1,2,2.0,75116,M,4884400.0,225452.0,75
201600054901,16,3,30,30,5,2,2,1,3.0,75116,M,4886860.0,227413.0,75
201600054902,16,4,3,20,5,2,1,2,6.0,75116,M,4887370.0,226755.0,75
201600054903,16,4,3,700,2,2,2,1,7.0,75116,M,4886290.0,229191.0,75
201600054904,16,4,3,2200,5,2,5,1,2.0,75116,M,4886860.0,227413.0,75
201600054905,16,4,4,1020,1,2,1,1,2.0,75116,M,4886350.0,229717.0,75
201600054906,16,4,4,2015,1,2,2,1,3.0,75116,M,4887250.0,226444.0,75
201600054907,16,4,6,1930,5,2,4,2,7.0,75116,M,4885550.0,227508.0,75
201600054908,16,4,6,2300,5,2,1,1,3.0,75116,M,4884800.0,224963.0,75
201600054909,16,4,7,115,5,2,1,1,6.0,75116,M,4886250.0,229390.0,75
201600054910,16,4,7,1820,1,2,1,1,3.0,75116,M,4884860.0,226263.0,75
201600054911,16,4,8,1120,1,2,5,8,3.0,75116,M,4884530.0,225866.0,75
201600054912,16,4,8,1359,1,2,1,1,2.0,75116,M,4886330.0,223170.0,75
201600054913,16,4,8,2315,5,2,5,1,3.0,75116,M,4885950.0,227519.0,75
201600054914,16,4,9,530,5,2,5,1,6.0,75116,M,4886780.0,225104.0,75
201600054915,16,4,11,930,1,2,3,2,6.0,75116,M,4886380.0,227890.0,75
201600054916,16,4,11,1615,1,2,1,2,6.0,75116,M,4884750.0,226836.0,75
201600054917,16,4,12,845,1,2,1,1,6.0,75116,M,4885940.0,222935.0,75
201600054918,16,4,12,1430,1,2,1,1,2.0,75116,M,4886900.0,229277.0,75
201600054919,16,4,13,1955,1,2,2,1,3.0,75116,M,4885850.0,224489.0,75
201600054920,16,4,14,2335,3,2,2,1,3.0,75116,M,4886780.0,225104.0,75
201600054921,16,4,15,2155,5,2,4,1,6.0,75116,M,4883870.0,225462.0,75
201600054922,16,4,18,815,1,2,2,7,6.0,75116,M,4887120.0,227614.0,75
201600054923,16,4,19,1710,1,2,2,1,2.0,75116,M,4886750.0,229922.0,75
201600054924,16,4,19,1945,2,2,3,1,6.0,75116,M,4885910.0,227986.0,75
201600054925,16,4,20,935,1,2,7,1,3.0,75116,M,4887210.0,227459.0,75
201600054926,16,4,20,1257,1,2,7,1,3.0,75116,M,4885130.0,227844.0,75
201600054927,16,4,20,1840,1,2,1,1,2.0,75116,M,4887420.0,229359.0,75
201600054928,16,4,21,15,5,2,1,1,3.0,75116,M,4885990.0,224185.0,75
201600054929,16,4,21,100,5,2,3,1,3.0,75116,M,4885790.0,228096.0,75
201600054930,16,4,23,955,1,2,1,1,6.0,75116,M,4885570.0,227707.0,75
201600054931,16,4,23,1130,1,2,3,1,3.0,75116,M,4884150.0,226656.0,75
201600054932,16,4,26,1040,1,2,3,1,6.0,75116,M,4885090.0,226047.0,75
201600054933,16,4,27,1615,1,2,1,1,6.0,75116,M,4887680.0,227058.0,75
201600054934,16,4,27,1820,1,2,1,1,6.0,75116,M,4884990.0,227463.0,75
201600054935,16,4,27,1830,1,2,5,1,3.0,75116,M,4885790.0,226294.0,75
201600054936,16,4,28,1640,1,2,4,1,6.0,75116,M,4886380.0,224025.0,75
201600054937,16,5,1,1320,1,2,1,1,6.0,75116,M,4886910.0,227521.0,75
201600054938,16,5,3,830,1,2,1,1,3.0,75116,M,4887030.0,225814.0,75
201600054939,16,5,4,1715,1,2,1,1,3.0,75116,M,4885910.0,226241.0,75
201600054940,16,5,6,230,5,2,2,1,3.0,75116,M,4886570.0,229580.0,75
201600054941,16,5,6,930,1,2,1,1,5.0,75116,M,4884800.0,224759.0,75
201600054942,16,5,8,2220,5,2,1,1,3.0,75116,M,4885450.0,226103.0,75
201600054943,16,5,10,1825,1,2,2,2,3.0,75116,M,4883650.0,225592.0,75
201600054944,16,5,10,2356,5,2,2,1,3.0,75116,M,4884090.0,226529.0,75
201600054945,16,5,11,120,5,2,5,1,3.0,75116,M,4886900.0,229155.0,75
201600054946,16,5,12,1315,1,2,2,1,2.0,75116,M,4886020.0,228103.0,75
201600054947,16,5,13,2025,1,2,1,1,3.0,75116,M,4887120.0,226057.0,75
201600054948,16,5,15,30,5,2,3,1,6.0,75116,M,4884300.0,225635.0,75
201600054949,16,5,15,1610,1,2,1,1,3.0,75116,M,4884740.0,225941.0,75
201600054950,16,5,15,2310,5,2,1,1,6.0,75116,M,4884120.0,225614.0,75
201600054951,16,5,16,405,5,2,4,1,1.0,75116,M,4887740.0,228138.0,75
201600054952,16,5,16,1215,1,2,1,1,6.0,75116,M,4885930.0,222929.0,75
201600054953,16,5,16,1250,1,2,1,1,2.0,75116,M,4884940.0,227663.0,75
201600054954,16,5,16,1615,1,2,6,8,3.0,75116,M,4887210.0,227549.0,75
201600054955,16,5,17,1045,1,2,1,1,3.0,75116,M,4886690.0,229525.0,75
201600054956,16,5,17,1220,1,2,3,1,6.0,75117,M,4888380.0,232115.0,75
201600054957,16,5,18,25,5,2,3,1,3.0,75116,M,4886040.0,228588.0,75
201600054958,16,5,18,900,1,2,3,1,3.0,75116,M,4885490.0,226300.0,75
201600054959,16,5,19,1125,1,2,1,1,3.0,75116,M,4886810.0,228175.0,75
201600054960,16,5,19,1240,1,2,2,1,6.0,75116,M,4887050.0,229555.0,75
201600054961,16,5,20,915,1,2,4,1,6.0,75116,M,4886370.0,223255.0,75
201600054962,16,5,20,1945,1,2,4,1,3.0,75116,M,4883740.0,225819.0,75
201600054963,16,5,20,2030,1,2,7,1,3.0,75116,M,4886380.0,224025.0,75
201600054964,16,5,22,2320,5,2,2,2,6.0,75116,M,4886390.0,229042.0,75
201600054965,16,5,23,820,1,2,1,3,3.0,75116,M,4884210.0,226777.0,75
201600054966,16,5,23,2105,3,2,7,1,3.0,75116,M,4887230.0,229527.0,75
201600054967,16,5,24,900,1,2,1,1,3.0,75116,M,4886900.0,227042.0,75
201600054968,16,5,24,1810,1,2,1,1,4.0,75116,M,4885310.0,228142.0,75
201600054969,16,5,24,1930,1,2,2,1,2.0,75116,M,4886490.0,229155.0,75
201600054970,16,5,26,950,1,2,1,1,4.0,75116,M,4887650.0,228660.0,75
201600054971,16,5,27,450,5,2,7,1,3.0,75116,M,4885130.0,227844.0,75
201600054972,16,5,27,1500,1,2,1,1,2.0,75116,M,4886680.0,229520.0,75
201600054973,16,5,27,1517,1,2,7,1,6.0,75116,M,4883760.0,225755.0,75
201600054974,16,5,28,1035,1,2,2,1,2.0,75116,M,4886020.0,228103.0,75
201600054975,16,5,30,2245,5,2,1,3,6.0,75116,M,4886290.0,228773.0,75
201600054976,16,5,31,545,2,2,1,3,6.0,75116,M,4887020.0,223893.0,75
201600054977,16,5,31,1410,1,2,6,2,3.0,75116,M,4887130.0,227426.0,75
201600054978,16,5,31,2320,5,2,4,3,6.0,75116,M,4884010.0,226388.0,75
201600054979,16,6,1,10,5,2,7,1,6.0,75116,M,4885140.0,227824.0,75
201600054980,16,6,1,840,1,2,1,2,2.0,75116,M,4886670.0,224811.0,75
201600054981,16,6,3,1710,1,2,7,1,2.0,75116,M,4884790.0,226510.0,75
201600054982,16,6,4,1508,1,2,1,1,6.0,75116,M,4887030.0,226428.0,75
201600054983,16,6,6,1820,1,2,1,1,3.0,75116,M,4887220.0,229122.0,75
201600054984,16,6,7,1345,1,2,4,1,6.0,75116,M,4885820.0,227344.0,75
201600054985,16,6,8,830,1,2,1,1,6.0,75116,M,4885400.0,227123.0,75
201600054986,16,6,8,955,1,2,2,1,2.0,75116,M,4885550.0,227020.0,75
201600054987,16,6,8,920,1,2,1,1,3.0,75116,M,4885820.0,225460.0,75
201600054988,16,6,8,1445,1,2,1,1,3.0,75116,M,4885770.0,227138.0,75
201600054989,16,6,9,1025,1,2,1,1,3.0,75116,M,4886710.0,229857.0,75
201600054990,16,6,9,1350,1,2,7,1,3.0,75116,M,4886330.0,228666.0,75
201600054991,16,6,10,745,1,2,5,1,3.0,75116,M,4885250.0,226816.0,75
201600054992,16,6,10,1015,1,2,1,1,6.0,75116,M,4883780.0,226527.0,75
201600054993,16,6,10,1225,1,2,1,1,3.0,75116,M,4884990.0,224195.0,75
201600054994,16,6,10,1555,1,2,3,1,5.0,75116,M,4887110.0,229546.0,75
201600054995,16,6,9,2130,2,2,4,1,6.0,75116,M,4885070.0,225194.0,75
201600054996,16,6,10,1630,1,2,1,1,6.0,75116,M,4885950.0,226172.0,75
201600054997,16,6,10,1910,1,2,1,1,3.0,75116,M,4887040.0,228695.0,75
201600054998,16,6,12,605,2,2,2,1,3.0,75116,M,4887440.0,229293.0,75
201600054999,16,6,12,1143,1,2,3,1,3.0,75116,M,4884560.0,225068.0,75
201600055000,16,6,13,130,4,2,2,1,2.0,75116,M,4887270.0,228452.0,75
201600055001,16,6,14,1030,1,2,1,1,2.0,75116,M,4886350.0,228874.0,75
201600055002,16,6,10,1245,1,2,1,8,3.0,75116,M,4884640.0,227269.0,75
201600055003,16,6,14,1120,1,2,1,1,4.0,75117,M,4889040.0,232047.0,75
201600055004,16,6,14,1715,1,2,2,1,3.0,75116,M,4884520.0,226189.0,75
201600055005,16,6,14,2015,1,2,5,1,6.0,75116,M,4885070.0,226717.0,75
201600055006,16,6,14,2250,5,2,1,1,3.0,75116,M,4887710.0,227739.0,75
201600055007,16,6,15,815,1,2,4,2,6.0,75116,M,4883830.0,226577.0,75
201600055008,16,6,16,1330,1,2,1,2,3.0,75116,M,4884270.0,225622.0,75
201600055009,16,6,16,1330,1,2,1,2,5.0,75116,M,4886400.0,228675.0,75
201600055010,16,6,16,1500,1,2,5,2,3.0,75116,M,4885950.0,227519.0,75
201600055011,16,6,18,45,5,2,3,1,2.0,75116,M,4884830.0,226727.0,75
201600055012,16,6,18,1110,1,2,5,1,2.0,75116,M,4886400.0,224071.0,75
201600055013,16,6,18,1515,1,2,1,1,3.0,75116,M,4886500.0,228799.0,75
201600055014,16,6,19,505,5,2,2,1,3.0,75116,M,4885950.0,227519.0,75
201600055015,16,6,19,2300,5,2,2,1,7.0,75116,M,4886980.0,229051.0,75
201600055016,16,6,20,1400,1,2,4,3,3.0,75116,M,4886190.0,228613.0,75
201600055017,16,6,22,50,5,2,1,1,2.0,75116,M,4886010.0,228062.0,75
201600055018,16,6,22,455,5,2,2,1,6.0,75116,M,4885490.0,224241.0,75
201600055019,16,6,22,1530,1,2,1,1,3.0,75116,M,4886530.0,228886.0,75
201600055020,16,6,22,2250,5,2,2,1,4.0,75116,M,4886780.0,225104.0,75
201600055021,16,6,23,830,1,2,7,1,3.0,75116,M,4887740.0,228138.0,75
201600055022,16,6,23,1130,1,2,1,1,4.0,75116,M,4887650.0,227881.0,75
201600055023,16,6,23,1215,1,2,1,1,3.0,75116,M,4885220.0,227679.0,75
201600055024,16,6,23,1800,1,2,3,1,2.0,75116,M,4885010.0,227640.0,75
201600055025,16,6,23,2100,1,2,3,1,3.0,75116,M,4883560.0,226125.0,75
201600055026,16,6,25,2130,1,2,1,1,4.0,75116,M,4884670.0,227303.0,75
201600055027,16,6,25,2240,5,2,2,1,3.0,75116,M,4887490.0,227109.0,75
201600055028,16,6,26,35,5,2,1,1,6.0,75116,M,4887860.0,228001.0,75
201600055029,16,6,26,2340,5,2,1,1,6.0,75116,M,4886520.0,224059.0,75
201600055030,16,6,27,1535,1,2,2,1,2.0,75116,M,4887080.0,228804.0,75
201600055031,16,6,27,1820,1,2,2,8,6.0,75116,M,4885640.0,227470.0,75
201600055032,16,6,28,1845,1,2,1,1,4.0,75116,M,4884250.0,225430.0,75
201600055033,16,6,29,900,1,2,5,1,2.0,75116,M,4887330.0,226651.0,75
201600055034,16,6,29,1302,1,2,2,1,3.0,75116,M,4886500.0,223445.0,75
201600055035,16,6,29,1430,1,2,7,1,3.0,75116,M,4887140.0,227413.0,75
201600055036,16,6,29,1950,1,2,3,1,3.0,75116,M,4883910.0,226125.0,75
201600055037,16,6,29,1830,1,2,1,1,2.0,75116,M,4887210.0,227964.0,75
201600055038,16,6,30,910,1,2,5,1,3.0,75116,M,4884810.0,227061.0,75
201600055039,16,6,30,910,1,2,1,1,3.0,75116,M,4884060.0,225620.0,75
201600055040,16,7,1,100,5,2,7,1,3.0,75116,M,4887230.0,229527.0,75
201600055041,16,6,30,2130,5,2,7,1,2.0,75116,M,4887740.0,228138.0,75
201600055042,16,7,1,1900,1,2,1,1,3.0,75116,M,4885050.0,227710.0,75
201600055043,16,7,3,1045,1,2,1,1,6.0,75116,M,4886830.0,228750.0,75
201600055044,16,7,3,1310,1,2,1,1,6.0,75116,M,4885020.0,226005.0,75
201600055045,16,7,4,100,5,2,1,2,3.0,75116,M,4885290.0,224159.0,75
201600055046,16,7,4,1920,1,2,5,1,6.0,75116,M,4884070.0,226499.0,75
201600055047,16,7,2,1745,1,2,1,1,4.0,75116,M,4886120.0,226378.0,75
201600055048,16,7,5,1420,1,2,1,1,3.0,75116,M,4885700.0,228675.0,75
201600055049,16,7,5,1705,1,2,1,1,6.0,75116,M,4885560.0,226347.0,75
201600055050,16,7,5,2330,5,2,2,1,6.0,75116,M,4885740.0,226463.0,75
201600055051,16,7,6,1215,1,2,1,1,6.0,75116,M,4887460.0,227029.0,75
201600055052,16,7,7,1750,1,2,7,1,2.0,75116,M,4887860.0,227978.0,75
201600055053,16,7,8,200,3,2,2,1,6.0,75116,M,4887590.0,226213.0,75
201600055054,16,7,8,1615,1,2,7,1,3.0,75116,M,4887710.0,228345.0,75
201600055055,16,7,9,1005,1,2,3,7,7.0,75116,M,4885700.0,226641.0,75
201600055056,16,7,9,900,1,2,7,1,7.0,75116,M,4887130.0,227426.0,75
201600055057,16,7,10,1720,1,2,4,1,6.0,75116,M,4886170.0,227334.0,75
201600055058,16,7,12,1950,1,2,4,9,6.0,75116,M,4886690.0,223884.0,75
201600055059,16,7,12,2250,5,2,7,3,3.0,75116,M,4886340.0,228690.0,75
201600055060,16,7,15,940,1,2,4,1,3.0,75116,M,4887770.0,227935.0,75