Num_Acc,an,mois,jour,hrmn,lum,agg,int,atm,col,com,gps,lat,long,dep
201600055061,16,7,15,1015,1,2,2,1,2.0,75116,M,4887490.0,227109.0,75
201600055062,16,7,18,1030,1,2,1,1,3.0,75116,M,4884880.0,225928.0,75
201600055063,16,7,19,1150,1,2,7,1,7.0,75116,M,4886090.0,229148.0,75
201600055064,16,7,20,1,5,2,1,1,7.0,75116,M,4884580.0,225773.0,75
201600055065,16,7,20,630,1,2,5,1,3.0,75108,M,4886420.0,232014.0,75
201600055066,16,7,21,120,5,2,1,1,6.0,75116,M,4884220.0,226971.0,75
201600055067,16,7,22,1630,1,2,1,1,3.0,75116,M,4884600.0,225088.0,75
201600055068,16,7,25,1020,1,2,3,1,3.0,75116,M,4887130.0,229318.0,75
201600055069,16,7,27,120,5,2,3,1,6.0,75116,M,4884850.0,227570.0,75
201600055070,16,7,28,1635,1,2,5,1,6.0,75116,M,4886780.0,225104.0,75
201600055071,16,7,29,2145,5,2,3,1,6.0,75116,M,4884260.0,226870.0,75
201600055072,16,7,30,1745,1,2,1,1,6.0,75116,M,4886870.0,224378.0,75
201600055073,16,8,1,640,1,2,1,1,2.0,75116,M,4887580.0,228866.0,75
201600055074,16,8,1,2135,5,2,5,1,3.0,75116,M,4886500.0,224909.0,75
201600055075,16,8,3,1430,1,2,4,1,6.0,75116,M,4885520.0,223753.0,75
201600055076,16,8,3,2030,1,2,4,1,3.0,75117,M,4889660.0,232863.0,75
201600055077,16,8,8,859,1,2,2,1,6.0,75116,M,4887490.0,227109.0,75
201600055078,16,8,10,915,1,2,4,1,2.0,75116,M,4886390.0,229889.0,75
201600055079,16,8,12,1820,1,2,2,1,3.0,75116,M,4883650.0,225592.0,75
201600055080,16,8,12,1910,1,2,3,1,6.0,75116,M,4886330.0,229631.0,75
201600055081,16,8,13,1745,1,2,7,1,3.0,75116,M,4887350.0,229423.0,75
201600055082,16,8,14,1530,1,2,2,1,6.0,75108,M,4887340.0,232365.0,75
201600055083,16,8,15,100,5,2,1,1,2.0,75116,M,4887300.0,226586.0,75
201600055084,16,8,18,850,1,2,7,8,3.0,75116,M,4887400.0,229417.0,75
201600055085,16,8,18,1700,1,2,1,1,6.0,75116,M,4884320.0,225646.0,75
201600055086,16,8,19,1010,1,2,2,1,2.0,75117,M,4887960.0,230499.0,75
201600055087,16,8,19,1623,1,2,1,2,2.0,75116,M,4885390.0,227675.0,75
201600055088,16,8,21,540,1,2,3,1,3.0,75116,M,4884800.0,225126.0,75
201600055089,16,8,21,1915,2,2,1,1,6.0,75116,M,4884800.0,224611.0,75
201600055090,16,8,23,2305,5,2,7,1,3.0,75116,M,4887700.0,228307.0,75
201600055091,16,8,23,1335,1,2,2,1,3.0,75116,M,4887120.0,227614.0,75
201600055092,16,8,24,1515,1,2,1,1,3.0,75116,M,4886980.0,229210.0,75
201600055093,16,8,24,1150,1,2,1,1,3.0,75116,M,4885850.0,228867.0,75
201600055094,16,8,25,2100,2,2,3,1,6.0,75116,M,4886450.0,226648.0,75
201600055095,16,8,26,140,5,2,1,1,6.0,75116,M,4886010.0,224154.0,75
201600055096,16,8,23,2015,2,2,2,1,3.0,75116,M,4885850.0,224489.0,75
201600055097,16,8,26,1645,1,2,7,1,6.0,75116,M,4883990.0,225630.0,75
201600055098,16,8,28,100,5,2,3,1,3.0,75116,M,4884260.0,226870.0,75
201600055099,16,8,28,1520,1,2,1,1,2.0,75116,M,4883630.0,225709.0,75
201600055100,16,8,25,1400,1,2,1,1,3.0,75116,M,4885470.0,228379.0,75
201600055101,16,8,29,1850,1,2,1,1,2.0,75116,M,4885740.0,225922.0,75
201600055102,16,8,31,1005,1,2,2,1,3.0,75116,M,4886500.0,228866.0,75
201600055103,16,8,31,1315,1,2,1,1,6.0,75116,M,4887030.0,223916.0,75
201600055104,16,9,1,845,1,2,1,1,3.0,75116,M,4885520.0,228485.0,75
201600055105,16,9,1,1015,1,2,1,1,2.0,75116,M,4885700.0,228675.0,75
201600055106,16,9,1,1730,1,2,1,1,4.0,75116,M,4885480.0,225537.0,75
201600055107,16,9,2,245,5,2,2,1,6.0,75116,M,4887300.0,229310.0,75
201600055108,16,9,2,845,1,2,2,1,3.0,75116,M,4885790.0,228795.0,75
201600055109,16,9,2,925,1,2,1,1,3.0,75116,M,4885310.0,226845.0,75
201600055110,16,9,2,1210,1,2,1,1,4.0,75116,M,4886850.0,227026.0,75
201600055111,16,9,2,1800,1,2,3,1,2.0,75116,M,4886370.0,226732.0,75
201600055112,16,9,3,938,1,2,1,1,6.0,75116,M,4886070.0,223734.0,75
201600055113,16,9,3,1535,1,2,1,1,2.0,75116,M,4885600.0,228595.0,75
201600055114,16,9,4,500,5,2,3,1,7.0,75116,M,4886390.0,229889.0,75
201600055115,16,9,5,1145,1,2,1,2,6.0,75116,M,4886470.0,228265.0,75
201600055116,16,9,5,1350,1,2,1,8,3.0,75116,M,4884770.0,226575.0,75
201600055117,16,9,5,1930,1,2,1,2,6.0,75116,M,4886680.0,223000.0,75
201600055118,16,9,5,2222,5,2,2,1,3.0,75116,M,4886230.0,223822.0,75
201600055119,16,9,6,55,5,2,5,1,6.0,75116,M,4886500.0,224909.0,75
201600055120,16,9,5,1330,1,2,7,2,7.0,75116,M,4886240.0,228699.0,75
201600055121,16,9,6,1300,1,2,7,1,3.0,75116,M,4885140.0,227824.0,75
201600055122,16,9,7,810,1,2,7,1,6.0,75116,M,4884730.0,227341.0,75
201600055123,16,9,7,805,1,2,7,1,6.0,75116,M,4884820.0,226990.0,75
201600055124,16,9,7,920,1,2,1,1,4.0,75116,M,4884210.0,226777.0,75
201600055125,16,9,7,1815,1,2,1,1,6.0,75116,M,4887400.0,227768.0,75
201600055126,16,9,8,130,5,2,7,1,6.0,75116,M,4887210.0,227549.0,75
201600055127,16,9,8,2150,5,2,3,1,7.0,75116,M,4886410.0,229948.0,75
201600055128,16,9,8,1320,1,2,1,1,2.0,75116,M,4885870.0,227600.0,75
201600055129,16,9,10,30,5,2,5,1,6.0,75116,M,4884540.0,225580.0,75
201600055130,16,9,10,125,5,2,1,1,6.0,75116,M,4885170.0,227359.0,75
201600055131,16,9,11,1645,1,2,1,1,6.0,75116,M,4885930.0,228991.0,75
201600055132,16,9,11,450,5,2,2,1,3.0,75116,M,4885850.0,224489.0,75
201600055133,16,9,12,805,1,2,1,1,6.0,75116,M,4885770.0,224432.0,75
201600055134,16,9,12,1045,1,2,1,1,3.0,75116,M,4885250.0,227624.0,75
201600055135,16,9,13,130,5,2,7,1,6.0,75117,M,4888700.0,230462.0,75
201600055136,16,9,13,2250,5,2,4,1,7.0,75116,M,4885880.0,228906.0,75
201600055137,16,9,13,2255,5,2,4,1,7.0,75116,M,4885880.0,228906.0,75
201600055138,16,9,14,715,1,2,4,1,6.0,75116,M,4885880.0,228906.0,75
201600055139,16,9,14,840,1,2,5,1,6.0,75116,M,4887140.0,227756.0,75
201600055140,16,9,14,1130,1,2,7,1,3.0,75116,M,4886300.0,226851.0,75
201600055141,16,9,14,1800,1,2,5,1,6.0,75116,M,4886400.0,227186.0,75
201600055142,16,9,15,812,1,2,5,2,3.0,75116,M,4886350.0,223921.0,75
201600055143,16,9,15,820,1,2,7,2,6.0,75116,M,4886990.0,228507.0,75
201600055144,16,9,13,1610,1,2,2,1,4.0,75116,M,4886510.0,229889.0,75
201600055145,16,9,15,2050,5,2,7,1,2.0,75116,M,4883830.0,225731.0,75
201600055146,16,9,16,30,5,2,2,1,2.0,75116,M,4887250.0,226444.0,75
201600055147,16,9,17,1340,1,2,1,1,2.0,75116,M,4886600.0,229194.0,75
201600055148,16,9,17,2335,5,2,2,1,3.0,75116,M,4886600.0,224613.0,75
201600055149,16,9,19,945,1,2,1,1,2.0,75116,M,4885090.0,227781.0,75
201600055150,16,9,19,1200,1,2,2,1,6.0,75116,M,4885740.0,226463.0,75
201600055151,16,9,19,805,1,2,3,1,3.0,75116,M,4887330.0,228107.0,75
201600055152,16,9,18,2130,1,2,1,1,7.0,75116,M,4885850.0,228867.0,75
201600055153,16,9,21,1530,1,2,1,1,2.0,75116,M,4887240.0,224259.0,75
201600055154,16,9,21,1730,1,2,1,1,2.0,75116,M,4883960.0,226773.0,75
201600055155,16,9,21,1700,1,2,1,1,3.0,75116,M,4886900.0,226725.0,75
201600055156,16,9,22,930,1,2,1,1,1.0,75116,M,4887070.0,226423.0,75
201600055157,16,9,22,910,1,2,1,1,6.0,75116,M,4886800.0,228574.0,75
201600055158,16,9,23,1755,1,2,1,1,3.0,75116,M,4883870.0,226002.0,75
201600055159,16,9,24,1110,1,2,7,1,3.0,75116,M,4887230.0,229527.0,75
201600055160,16,9,25,220,5,2,1,1,2.0,75116,M,4886360.0,223793.0,75
201600055161,16,9,25,550,2,2,1,1,6.0,75116,M,4884310.0,227055.0,75
201600055162,16,9,25,1240,1,2,7,2,3.0,75116,M,4887180.0,227410.0,75
201600055163,16,9,26,1815,1,2,1,1,6.0,75116,M,4886840.0,228228.0,75
201600055164,16,9,27,13,5,2,3,1,3.0,75116,M,4885450.0,228359.0,75
201600055165,16,9,23,1502,1,2,7,1,7.0,75116,M,4884540.0,225580.0,75
201600055166,16,9,27,900,1,2,3,1,6.0,75116,M,4884770.0,227251.0,75
201600055167,16,9,27,1830,1,2,5,1,3.0,75117,M,4888600.0,228914.0,75
201600055168,16,9,27,945,1,2,1,1,6.0,75116,M,4885850.0,225736.0,75
201600055169,16,9,28,1202,1,2,1,1,7.0,75116,M,4887370.0,228869.0,75
201600055170,16,9,28,1900,2,2,1,1,6.0,75116,M,4886540.0,228641.0,75
201600055171,16,9,28,820,1,2,3,1,3.0,75117,M,4887900.0,230240.0,75
201600055172,16,9,29,1650,1,2,2,1,6.0,75116,M,4883960.0,226329.0,75
201600055173,16,9,29,2145,5,2,2,1,6.0,75116,M,4885850.0,224489.0,75
201600055174,16,9,30,1430,1,2,7,1,6.0,75116,M,4886090.0,229148.0,75
201600055175,16,10,1,345,5,2,2,2,6.0,75116,M,4886230.0,223822.0,75
201600055176,16,10,2,1330,1,2,4,1,3.0,75116,M,4884790.0,225623.0,75
201600055177,16,10,2,2000,5,2,1,1,2.0,75116,M,4887550.0,227254.0,75
201600055178,16,10,3,1010,1,2,1,1,3.0,75116,M,4886990.0,227181.0,75
201600055179,16,10,1,1330,1,2,3,1,2.0,75116,M,4885300.0,222626.0,75
201600055180,16,10,3,1130,1,2,2,1,6.0,75116,M,4886660.0,228011.0,75
201600055181,16,10,4,2340,5,2,5,1,3.0,75116,M,4886500.0,223445.0,75
201600055182,16,10,6,830,1,2,4,1,3.0,75116,M,4883580.0,225705.0,75
201600055183,16,10,7,50,5,2,2,1,6.0,75116,M,4886780.0,225104.0,75
201600055184,16,10,4,1000,1,2,5,1,6.0,75116,M,4884530.0,225845.0,75
201600055185,16,10,8,2347,5,2,2,1,3.0,75116,M,4886500.0,223445.0,75
201600055186,16,10,2,1350,1,2,4,1,3.0,75116,M,4887740.0,228138.0,75
201600055187,16,10,11,600,2,2,1,1,6.0,75116,M,4886500.0,229570.0,75
201600055188,16,10,11,830,1,2,2,8,3.0,75116,M,4884560.0,225068.0,75
201600055189,16,10,11,1700,1,2,2,1,6.0,75116,M,4886680.0,228997.0,75
201600055190,16,10,12,2245,5,2,7,1,6.0,75116,M,4886240.0,226788.0,75
201600055191,16,10,13,1940,5,2,1,2,3.0,75116,M,4887650.0,227535.0,75
201600055192,16,10,14,635,2,2,5,1,3.0,75116,M,4885790.0,226294.0,75
201600055193,16,10,14,1940,5,2,1,2,4.0,75116,M,4886470.0,227825.0,75
201600055194,16,10,14,2130,5,2,1,2,3.0,75116,M,4886850.0,229566.0,75
201600055195,16,10,17,630,5,2,2,2,3.0,75116,M,4887590.0,226213.0,75
201600055196,16,10,16,1730,1,2,1,1,6.0,75116,M,4885680.0,222658.0,75
201600055197,16,10,11,1245,1,2,4,1,4.0,75116,M,4886240.0,229354.0,75
201600055198,16,10,17,1910,5,2,7,1,3.0,75116,M,4886090.0,229148.0,75
201600055199,16,10,19,1747,2,2,5,1,3.0,75116,M,4887360.0,229244.0,75
201600055200,16,10,19,2340,5,2,5,1,3.0,75116,M,4885950.0,227519.0,75
201600055201,16,10,20,950,1,2,3,1,4.0,75116,M,4887250.0,229197.0,75
201600055202,16,10,18,2130,5,2,1,1,6.0,75116,M,4887050.0,228722.0,75
201600055203,16,10,21,1740,1,2,4,2,2.0,75116,M,4885990.0,226303.0,75
201600055204,16,10,23,2100,5,2,4,2,6.0,75116,M,4885540.0,222622.0,75
201600055205,16,10,24,745,5,2,7,2,6.0,75116,M,4886020.0,229056.0,75
201600055206,16,10,24,730,5,2,1,2,2.0,75116,M,4887590.0,227782.0,75
201600055207,16,10,24,1010,1,2,1,2,6.0,75116,M,4886120.0,228408.0,75
201600055208,16,10,26,1135,1,2,1,1,2.0,75116,M,4887250.0,229524.0,75
201600055209,16,10,26,1300,1,2,2,1,2.0,75116,M,4886850.0,229887.0,75
201600055210,16,10,26,1320,1,2,5,1,6.0,75116,M,4886490.0,229902.0,75
201600055211,16,10,26,1845,1,2,1,1,3.0,75116,M,4885150.0,227981.0,75
201600055212,16,10,27,1215,1,2,2,1,3.0,75116,M,4885140.0,223720.0,75
201600055213,16,10,31,1700,1,2,2,1,3.0,75116,M,4886720.0,229539.0,75
201600055214,16,10,31,1415,1,2,1,1,2.0,75116,M,4885620.0,226388.0,75
201600055215,16,11,1,325,5,2,2,1,3.0,75116,M,4887270.0,228452.0,75
201600055216,16,11,1,652,2,2,3,1,6.0,75116,M,4883650.0,226390.0,75
201600055217,16,10,30,2030,5,2,5,1,3.0,75117,M,4887500.0,229113.0,75
201600055218,16,11,2,805,1,2,4,2,5.0,75116,M,4887420.0,224476.0,75
201600055219,16,11,2,1200,1,2,7,1,3.0,75116,M,4887140.0,227756.0,75
201600055220,16,11,2,1450,1,2,3,7,6.0,75116,M,4885590.0,226473.0,75
201600055221,16,11,2,1900,5,2,3,1,6.0,75116,M,4885500.0,226567.0,75
201600055222,16,11,2,1230,1,2,1,1,6.0,75116,M,4886130.0,226783.0,75
201600055223,16,11,3,1340,1,2,7,1,3.0,75116,M,4887740.0,228374.0,75
201600055224,16,11,1,1130,1,2,1,1,3.0,75116,M,4887710.0,228467.0,75
201600055225,16,11,4,1900,5,2,5,2,6.0,75116,M,4886400.0,227734.0,75
201600055226,16,11,4,1745,1,2,1,3,6.0,75116,M,4886850.0,225330.0,75
201600055227,16,11,5,1200,1,2,3,1,2.0,75116,M,4886390.0,229889.0,75
201600055228,16,11,5,1630,1,2,3,2,3.0,75116,M,4886230.0,223822.0,75
201600055229,16,11,6,50,5,2,7,2,3.0,75116,M,4884860.0,225915.0,75
201600055230,16,11,8,1330,1,2,1,1,3.0,75116,M,4886570.0,229454.0,75
201600055231,16,11,8,1630,1,2,7,1,6.0,75116,M,4886090.0,229148.0,75
201600055232,16,11,9,45,5,2,2,2,3.0,75102,M,4886630.0,233864.0,75
201600055233,16,11,9,835,2,2,1,2,3.0,75116,M,4883460.0,226181.0,75
201600055234,16,11,9,1445,1,2,7,2,3.0,75116,M,4887350.0,229423.0,75
201600055235,16,11,9,1730,2,2,1,2,3.0,75116,M,4887690.0,226718.0,75
201600055236,16,11,9,2030,3,2,1,2,4.0,75116,M,4884640.0,227269.0,75
201600055237,16,11,10,2015,5,2,2,8,6.0,75116,M,4886330.0,229631.0,75
201600055238,16,11,11,45,5,2,2,2,4.0,75116,M,4886490.0,229452.0,75
201600055239,16,11,11,1525,1,2,7,1,6.0,75116,M,4887130.0,227426.0,75
201600055240,16,11,12,1045,1,2,1,1,2.0,75116,M,4887080.0,225947.0,75
201600055241,16,11,12,1930,5,2,2,2,3.0,75116,M,4887140.0,227756.0,75
201600055242,16,11,12,2030,5,2,1,2,6.0,75116,M,4887190.0,227732.0,75
201600055243,16,11,13,145,5,2,2,3,3.0,75116,M,4884910.0,226938.0,75
201600055244,16,11,14,830,1,2,5,8,3.0,75116,M,4886780.0,225104.0,75
201600055245,16,11,15,740,2,2,1,1,6.0,75116,M,4886120.0,229211.0,75
201600055246,16,11,16,805,1,2,3,2,6.0,75116,M,4885170.0,227769.0,75
201600055247,16,11,17,840,1,2,4,1,2.0,75116,M,4885140.0,227736.0,75
201600055248,16,11,17,1520,1,2,7,1,6.0,75108,M,4887470.0,232004.0,75
201600055249,16,11,20,1115,1,2,2,2,3.0,75116,M,4886380.0,229065.0,75
201600055250,16,11,20,1310,1,2,1,2,6.0,75116,M,4885010.0,225229.0,75
201600055251,16,11,21,655,2,2,2,2,4.0,75116,M,4887440.0,229293.0,75
201600055252,16,11,21,1057,1,2,1,1,7.0,75116,M,4884450.0,225713.0,75
201600055253,16,11,21,1000,1,2,1,1,6.0,75116,M,4884470.0,225720.0,75
201600055254,16,11,21,1915,5,2,3,8,2.0,75116,M,4886850.0,228710.0,75
201600055255,16,11,22,905,1,2,1,1,6.0,75116,M,4886320.0,228553.0,75
201600055256,16,11,23,105,5,2,1,2,6.0,75116,M,4886480.0,224283.0,75
201600055257,16,11,23,1500,1,2,7,8,3.0,75116,M,4887400.0,229417.0,75
201600055258,16,11,23,2210,5,2,1,1,2.0,75116,M,4887560.0,228933.0,75
201600055259,16,11,24,2315,3,2,7,1,3.0,75116,M,4883960.0,226284.0,75
201600055260,16,11,25,2100,5,2,3,1,3.0,75116,M,4885040.0,227328.0,75
201600055261,16,11,25,1950,5,2,1,1,4.0,75116,M,4887210.0,226437.0,75
201600055262,16,11,26,40,5,2,3,1,3.0,75116,M,4885620.0,228570.0,75
201600055263,16,11,27,500,5,2,1,1,6.0,75116,M,4886940.0,223741.0,75
201600055264,16,11,27,1800,5,2,5,1,2.0,75116,M,4883860.0,225184.0,75
201600055265,16,11,28,1850,5,2,5,1,3.0,75116,M,4885430.0,227840.0,75
201600055266,16,11,29,900,1,2,1,1,3.0,75116,M,4885270.0,228140.0,75
201600055267,16,11,29,1340,1,2,4,1,3.0,75116,M,4885820.0,227344.0,75
201600055268,16,11,29,2120,5,2,5,1,4.0,75116,M,4886240.0,229354.0,75
201600055269,16,11,30,920,1,2,5,1,6.0,75116,M,4884070.0,226499.0,75
201600055270,16,11,30,920,1,2,2,7,6.0,75116,M,4886290.0,229191.0,75
201600055271,16,11,30,1100,1,2,1,1,2.0,75116,M,4887560.0,228044.0,75
201600055272,16,11,30,1615,1,2,4,1,6.0,75116,M,4885820.0,227344.0,75
201600055273,16,11,30,1710,2,2,4,1,3.0,75116,M,4883530.0,226005.0,75
201600055274,16,12,1,1515,1,2,1,1,2.0,75116,M,4886780.0,229378.0,75
201600055275,16,12,1,2000,5,2,3,1,3.0,75116,M,4886510.0,229756.0,75
201600055276,16,12,2,136,5,2,4,1,6.0,75116,M,4885000.0,227723.0,75
201600055277,16,12,2,1530,1,2,1,1,6.0,75116,M,4883880.0,225681.0,75
201600055278,16,12,3,220,5,2,4,1,6.0,75116,M,4883870.0,225389.0,75
201600055279,16,12,3,1810,5,2,2,1,6.0,75116,M,4885730.0,227299.0,75
201600055280,16,12,7,700,5,2,1,1,3.0,75116,M,4884290.0,226082.0,75
201600055281,16,12,8,1400,1,2,2,1,3.0,75116,M,4887490.0,227109.0,75
201600055282,16,12,8,2325,5,2,4,1,2.0,75116,M,4883810.0,225813.0,75
201600055283,16,12,9,1730,2,2,1,1,6.0,75116,M,4883860.0,225263.0,75
201600055284,16,12,10,30,5,2,3,1,4.0,75116,M,4885520.0,228446.0,75
201600055285,16,12,10,2010,5,2,1,1,6.0,75116,M,4886820.0,227287.0,75
201600055286,16,12,11,2015,5,2,1,1,3.0,75116,M,4884680.0,225824.0,75
201600055287,16,12,12,1030,1,2,1,1,6.0,75116,M,4884330.0,225991.0,75
201600055288,16,12,12,2020,5,2,1,4,5.0,75108,M,4886380.0,230180.0,75
201600055289,16,12,13,2200,5,2,5,1,6.0,75116,M,4885840.0,227030.0,75
201600055290,16,12,14,2300,5,2,3,1,3.0,75116,M,4886870.0,227330.0,75
201600055291,16,12,15,655,5,2,1,1,3.0,75116,M,4883750.0,225404.0,75
201600055292,16,12,15,1420,1,2,5,1,6.0,75116,M,4887270.0,228452.0,75
201600055293,16,12,17,1245,1,2,2,1,6.0,75116,M,4886490.0,229155.0,75
201600055294,16,12,21,215,5,2,1,1,6.0,75116,M,4886920.0,225521.0,75
201600055295,16,12,21,2250,5,2,7,2,6.0,75116,M,4886530.0,228341.0,75
201600055296,16,12,22,1000,1,2,7,2,6.0,75116,M,4886310.0,228804.0,75
201600055297,16,12,22,900,2,2,1,2,1.0,75116,M,4885290.0,224159.0,75
201600055298,16,12,22,1000,1,2,1,2,6.0,75116,M,4887100.0,227595.0,75
201600055299,16,12,22,1415,1,2,2,2,3.0,75116,M,4886750.0,229922.0,75
201600055300,16,12,22,2130,5,2,2,1,6.0,75116,M,4884530.0,225751.0,75
201600055301,16,12,23,1405,1,2,3,1,3.0,75116,M,4886880.0,228330.0,75
201600055302,16,12,23,1545,1,2,3,1,6.0,75116,M,4886500.0,229589.0,75
201600055303,16,12,25,125,5,2,4,1,2.0,75116,M,4887420.0,224476.0,75
201600055304,16,12,25,2230,5,2,1,1,1.0,75116,M,4885630.0,224338.0,75
201600055305,16,12,26,1940,5,2,1,1,2.0,75116,M,4886170.0,229286.0,75
201600055306,16,12,27,430,5,2,5,1,6.0,75116,M,4885250.0,226816.0,75
201600055307,16,12,28,1830,5,2,2,1,3.0,75116,M,4886700.0,227897.0,75
201600055308,16,12,29,1145,1,2,1,1,6.0,75116,M,4885830.0,227211.0,75
201600055309,16,12,29,1800,5,2,7,1,6.0,75116,M,4884790.0,225720.0,75
201600055310,16,12,30,1110,1,2,1,1,6.0,75116,M,4885840.0,228383.0,75
201600055311,16,12,30,1120,1,2,5,1,5.0,75116,M,4884530.0,225866.0,75
201600055312,16,1,1,235,5,2,2,1,2.0,75117,M,4888400.0,230867.0,75
201600055313,16,1,3,2100,5,2,4,2,6.0,75117,M,4889630.0,231022.0,75
201600055314,16,1,4,215,5,2,5,1,3.0,75117,M,4888100.0,230026.0,75
201600055315,16,1,5,2050,3,2,4,1,2.0,75117,M,4889000.0,230416.0,75
201600055316,16,1,5,2225,5,2,4,2,7.0,75117,M,4888940.0,232229.0,75
201600055317,16,1,6,105,5,2,1,2,3.0,75117,M,4889570.0,231721.0,75
201600055318,16,1,6,2030,5,2,1,1,6.0,75117,M,4888160.0,231514.0,75
201600055319,16,1,7,1530,1,2,7,1,3.0,75117,M,4887430.0,229541.0,75
201600055320,16,1,8,840,1,2,2,1,3.0,75117,M,4889750.0,232318.0,75
201600055321,16,1,12,45,5,2,2,1,3.0,75117,M,4889160.0,231846.0,75
201600055322,16,1,12,1100,1,2,3,2,3.0,75117,M,4888470.0,231784.0,75
201600055323,16,1,12,2045,5,2,1,3,3.0,75117,M,4888450.0,230027.0,75
201600055324,16,1,13,1515,1,2,4,1,6.0,75117,M,4887930.0,229146.0,75
201600055325,16,1,13,2307,5,2,5,1,5.0,75117,M,4888730.0,231404.0,75
201600055326,16,1,14,1955,5,2,4,1,6.0,75117,M,4888170.0,228521.0,75
201600055327,16,1,16,1730,2,2,3,1,2.0,75117,M,4888680.0,232592.0,75
201600055328,16,1,17,540,5,2,1,1,6.0,75117,M,4888710.0,232576.0,75
201600055329,16,1,18,1800,5,2,1,1,6.0,75117,M,4887880.0,229341.0,75
201600055330,16,1,19,1830,5,2,1,1,6.0,75117,M,4888020.0,228746.0,75
201600055331,16,1,20,730,2,2,1,1,6.0,75117,M,4889730.0,232887.0,75
201600055332,16,1,20,1740,5,2,7,1,3.0,75117,M,4888060.0,230907.0,75
201600055333,16,1,22,930,1,2,1,1,2.0,75117,M,4890020.0,232128.0,75
201600055334,16,1,22,1445,1,2,3,3,6.0,75117,M,4887630.0,228721.0,75
201600055335,16,1,22,1620,1,2,2,2,3.0,75117,M,4888890.0,231794.0,75
201600055336,16,1,23,1745,5,2,7,1,3.0,75117,M,4887440.0,229490.0,75
201600055337,16,1,23,2200,5,2,5,1,3.0,75117,M,4888190.0,229587.0,75
201600055338,16,1,25,1940,2,2,5,1,3.0,75117,M,4888710.0,228957.0,75
201600055339,16,1,26,815,1,2,7,1,2.0,75117,M,4888540.0,229723.0,75
201600055340,16,1,26,1010,1,2,5,1,3.0,75117,M,4888730.0,231404.0,75
201600055341,16,1,27,850,2,2,2,2,2.0,75117,M,4889180.0,230158.0,75
201600055342,16,1,27,1215,1,2,1,1,4.0,75117,M,4888470.0,229925.0,75
201600055343,16,1,27,1530,1,2,3,1,3.0,75117,M,4888160.0,228365.0,75
201600055344,16,1,27,1950,5,2,1,1,3.0,75117,M,4888600.0,232291.0,75
201600055345,16,1,28,840,1,2,2,1,3.0,75117,M,4888400.0,231848.0,75
201600055346,16,1,28,945,1,2,3,1,6.0,75117,M,4888860.0,231562.0,75
201600055347,16,1,31,330,5,2,2,2,6.0,75117,M,4888500.0,232075.0,75
201600055348,16,1,31,930,2,2,4,2,3.0,75117,M,4888210.0,228277.0,75
201600055349,16,1,31,1230,1,2,1,1,6.0,75117,M,4890100.0,232579.0,75
201600055350,16,2,1,1240,1,2,2,1,3.0,75117,M,4889650.0,232509.0,75
201600055351,16,2,1,1755,2,2,1,1,3.0,75117,M,4889640.0,231915.0,75
201600055352,16,2,3,800,1,2,1,1,6.0,75117,M,4888770.0,232525.0,75
201600055353,16,2,3,1335,1,2,5,1,6.0,75117,M,4888390.0,230027.0,75
201600055354,16,2,3,1415,1,2,7,1,3.0,75117,M,4888070.0,228525.0,75
201600055355,16,2,4,820,2,2,4,1,6.0,75117,M,4888820.0,231050.0,75
201600055356,16,2,4,1250,1,2,1,2,3.0,75117,M,4887990.0,230684.0,75
201600055357,16,2,4,1500,1,2,1,9,6.0,75117,M,4888460.0,230017.0,75
201600055358,16,2,6,1530,1,2,3,1,6.0,75117,M,4888940.0,232229.0,75
201600055359,16,2,7,205,5,2,1,2,6.0,75117,M,4888310.0,232483.0,75
201600055360,16,2,9,800,2,2,5,6,6.0,75117,M,4888720.0,229782.0,75
201600055361,16,2,10,2350,5,2,2,1,3.0,75108,M,4887960.0,230499.0,75
201600055362,16,2,11,1215,1,2,3,1,2.0,75117,M,4888590.0,230640.0,75
201600055363,16,2,11,1550,1,2,2,1,3.0,75117,M,4889010.0,230388.0,75
201600055364,16,2,11,1510,1,2,3,1,7.0,75117,M,4887690.0,228527.0,75
201600055365,16,2,11,1900,5,2,2,1,6.0,75117,M,4888550.0,230799.0,75
201600055366,16,2,14,115,5,2,2,2,3.0,75117,M,4888500.0,232075.0,75
201600055367,16,2,14,900,1,2,2,1,3.0,75117,M,4888910.0,232273.0,75
201600055368,16,2,15,2150,5,2,2,1,2.0,75117,M,4889630.0,231022.0,75
201600055369,16,2,19,1540,1,2,1,1,4.0,75117,M,4890040.0,232164.0,75
201600055370,16,2,20,630,5,2,2,2,6.0,75108,M,4887410.0,232456.0,75