Num_Acc,an,mois,jour,hrmn,lum,agg,int,atm,col,com,gps,lat,long,dep
201600055371,16,2,20,1030,1,2,2,1,3.0,75117,M,4888400.0,230867.0,75
201600055372,16,2,21,900,1,2,1,1,6.0,75117,M,4888050.0,228330.0,75
201600055373,16,2,22,850,1,2,6,1,3.0,75117,M,4887860.0,228190.0,75
201600055374,16,2,22,2100,5,2,1,2,6.0,75117,M,4888810.0,231514.0,75
201600055375,16,2,23,1500,1,2,5,1,6.0,75117,M,4888110.0,228968.0,75
201600055376,16,2,25,1355,1,2,2,1,6.0,75117,M,4889190.0,232209.0,75
201600055377,16,2,25,1730,1,2,4,1,6.0,75117,M,4888440.0,230125.0,75
201600055378,16,2,27,1045,1,2,1,1,3.0,75117,M,4887890.0,229305.0,75
201600055379,16,2,29,800,1,2,7,1,2.0,75117,M,4888540.0,229332.0,75
201600055380,16,2,29,1345,1,2,7,1,2.0,75117,M,4887440.0,229490.0,75
201600055381,16,3,1,1300,1,2,1,1,6.0,75117,M,4888350.0,229669.0,75
201600055382,16,3,2,1150,1,2,5,1,3.0,75117,M,4889610.0,231834.0,75
201600055383,16,3,3,1440,1,2,2,1,3.0,75117,M,4889060.0,232018.0,75
201600055384,16,3,3,1940,5,2,4,1,4.0,75117,M,4888180.0,228289.0,75
201600055385,16,3,4,1210,1,2,2,1,3.0,75117,M,4889180.0,230158.0,75
201600055386,16,3,4,1600,1,2,2,2,3.0,75117,M,4888420.0,230266.0,75
201600055387,16,3,5,530,5,2,2,2,6.0,75117,M,4887630.0,228721.0,75
201600055388,16,3,8,1640,1,2,1,1,6.0,75117,M,4887880.0,229108.0,75
201600055389,16,3,9,2205,5,2,2,1,7.0,75117,M,4888290.0,229637.0,75
201600055390,16,3,10,710,1,2,2,1,6.0,75117,M,4889630.0,231022.0,75
201600055391,16,3,11,800,1,2,3,1,3.0,75117,M,4888190.0,228338.0,75
201600055392,16,3,12,1020,1,2,1,1,6.0,75117,M,4888770.0,231265.0,75
201600055393,16,3,14,920,1,2,2,1,2.0,75117,M,4887440.0,229293.0,75
201600055394,16,3,14,1520,1,2,1,1,7.0,75117,M,4889430.0,230569.0,75
201600055395,16,3,14,1858,5,2,1,1,6.0,75117,M,4889080.0,232666.0,75
201600055396,16,3,14,2130,5,2,2,1,3.0,75117,M,4888160.0,229516.0,75
201600055397,16,3,15,1555,1,2,2,1,6.0,75117,M,4887710.0,229217.0,75
201600055398,16,3,15,1545,1,2,4,1,3.0,75117,M,4887960.0,228085.0,75
201600055399,16,3,16,900,1,2,1,1,2.0,75117,M,4889450.0,230494.0,75
201600055400,16,3,17,5,5,2,2,1,6.0,75117,M,4888500.0,232075.0,75
201600055401,16,3,18,640,2,2,1,1,2.0,75117,M,4889390.0,232029.0,75
201600055402,16,3,18,1830,2,2,1,1,3.0,75117,M,4889610.0,231062.0,75
201600055403,16,3,19,320,5,2,1,1,2.0,75117,M,4888310.0,231943.0,75
201600055404,16,3,21,240,5,2,2,1,3.0,75116,M,4885110.0,227228.0,75
201600055405,16,3,21,1020,1,2,3,1,2.0,75117,M,4889270.0,231657.0,75
201600055406,16,3,21,2115,5,2,1,1,3.0,75117,M,4888450.0,232316.0,75
201600055407,16,3,23,1005,1,2,7,1,6.0,75117,M,4888290.0,230904.0,75
201600055408,16,3,24,1220,1,2,2,1,3.0,75117,M,4889900.0,232203.0,75
201600055409,16,3,25,1150,1,2,7,2,7.0,75117,M,4887790.0,229742.0,75
201600055410,16,3,25,1250,1,2,3,2,3.0,75117,M,4889070.0,232663.0,75
201600055411,16,3,25,1555,1,2,7,1,6.0,75117,M,4888480.0,229664.0,75
201600055412,16,3,26,1050,1,2,1,1,6.0,75117,M,4889100.0,229906.0,75
201600055413,16,3,27,1,5,2,3,3,6.0,75117,M,4887890.0,230178.0,75
201600055414,16,3,27,1140,1,2,4,1,6.0,75117,M,4889180.0,230158.0,75
201600055415,16,3,30,1415,1,2,1,2,6.0,75117,M,4889360.0,232760.0,75
201600055416,16,3,30,1610,1,2,2,2,6.0,75117,M,4887870.0,229418.0,75
201600055417,16,3,31,1050,1,2,1,2,6.0,75117,M,4887880.0,227998.0,75
201600055418,16,3,31,1230,1,2,7,2,6.0,75117,M,4888190.0,231128.0,75
201600055419,16,4,3,1145,1,2,4,1,2.0,75117,M,4887960.0,228085.0,75
201600055420,16,4,3,1755,1,2,7,1,3.0,75117,M,4888600.0,228914.0,75
201600055421,16,4,4,1515,1,2,5,1,6.0,75117,M,4888990.0,230392.0,75
201600055422,16,4,4,1630,1,2,2,1,3.0,75117,M,4888290.0,229637.0,75
201600055423,16,4,5,832,1,2,1,1,2.0,75117,M,4888760.0,229606.0,75
201600055424,16,4,6,1520,1,2,5,1,6.0,75117,M,4888220.0,230446.0,75
201600055425,16,4,6,1730,1,2,7,2,6.0,75117,M,4888230.0,231172.0,75
201600055426,16,4,7,740,1,2,7,1,3.0,75117,M,4888100.0,228416.0,75
201600055427,16,4,7,1440,1,2,1,1,6.0,75117,M,4887450.0,229275.0,75
201600055428,16,4,7,2200,5,2,2,1,3.0,75117,M,4888070.0,228525.0,75
201600055429,16,4,9,1710,1,2,2,2,7.0,75117,M,4888230.0,231172.0,75
201600055430,16,4,13,1000,1,2,7,1,3.0,75117,M,4887850.0,229842.0,75
201600055431,16,4,13,1745,1,2,2,1,2.0,75117,M,4887960.0,230499.0,75
201600055432,16,4,14,1750,1,2,1,2,3.0,75117,M,4889220.0,230864.0,75
201600055433,16,4,15,715,1,2,7,1,6.0,75117,M,4888420.0,230266.0,75
201600055434,16,4,15,1145,1,2,5,1,2.0,75117,M,4889190.0,232209.0,75
201600055435,16,4,15,1350,1,2,1,1,7.0,75117,M,4889660.0,231977.0,75
201600055436,16,4,15,1515,1,2,2,3,6.0,75117,M,4888070.0,229340.0,75
201600055437,16,4,14,2200,5,2,1,1,6.0,75117,M,4888770.0,232525.0,75
201600055438,16,4,16,930,1,2,4,1,1.0,75117,M,4889580.0,232833.0,75
201600055439,16,4,17,100,5,2,4,1,6.0,75117,M,4887970.0,228948.0,75
201600055440,16,4,17,1310,1,2,5,1,7.0,75117,M,4888990.0,230392.0,75
201600055441,16,4,18,1430,1,2,2,1,6.0,75117,M,4888120.0,229552.0,75
201600055442,16,4,18,1600,1,2,1,1,2.0,75117,M,4889460.0,230578.0,75
201600055443,16,4,19,1510,1,2,1,1,2.0,75117,M,4887840.0,229953.0,75
201600055444,16,4,21,1735,1,2,2,1,3.0,75117,M,4888620.0,231396.0,75
201600055445,16,4,23,500,5,2,1,2,2.0,75108,M,4886990.0,230708.0,75
201600055446,16,4,23,1250,1,2,2,1,3.0,75117,M,4888070.0,228525.0,75
201600055447,16,4,23,2040,5,2,2,1,3.0,75117,M,4888400.0,231848.0,75
201600055448,16,4,25,920,1,2,1,1,1.0,75117,M,4888530.0,231720.0,75
201600055449,16,4,25,1250,1,2,1,1,6.0,75117,M,4888760.0,229879.0,75
201600055450,16,4,25,2305,5,2,7,2,3.0,75117,M,4888540.0,229332.0,75
201600055451,16,4,27,1935,1,2,1,1,6.0,75108,M,4887360.0,232696.0,75
201600055452,16,4,27,1910,1,2,7,1,3.0,75108,M,4886420.0,230214.0,75
201600055453,16,4,28,225,5,2,2,1,3.0,75117,M,4887910.0,230309.0,75
201600055454,16,4,29,2245,5,2,5,2,3.0,75117,M,4888080.0,228995.0,75
201600055455,16,5,1,920,1,2,4,1,6.0,75117,M,4889510.0,231566.0,75
201600055456,16,5,1,1815,1,2,1,1,2.0,75117,M,4889390.0,232294.0,75
201600055457,16,4,2,1010,1,2,1,1,3.0,75117,M,4889190.0,230030.0,75
201600055458,16,5,3,1200,1,2,7,1,6.0,75117,M,4889440.0,231361.0,75
201600055459,16,5,4,1150,1,2,1,1,6.0,75117,M,4888610.0,229251.0,75
201600055460,16,5,4,1710,1,2,7,1,2.0,75117,M,4887740.0,228374.0,75
201600055461,16,5,6,100,5,2,3,1,2.0,75117,M,4888230.0,232093.0,75
201600055462,16,5,8,1350,1,2,1,1,3.0,75117,M,4889490.0,230556.0,75
201600055463,16,5,10,1530,1,2,1,2,6.0,75117,M,4889680.0,232868.0,75
201600055464,16,5,10,1655,1,2,1,3,6.0,75117,M,4890100.0,232595.0,75
201600055465,16,5,11,1600,1,2,4,3,3.0,75117,M,4888440.0,230125.0,75
201600055466,16,5,15,545,1,2,5,1,7.0,75117,M,4888420.0,228924.0,75
201600055467,16,5,16,55,5,2,1,1,5.0,75117,M,4887460.0,229237.0,75
201600055468,16,5,16,425,5,2,1,1,6.0,75117,M,4888760.0,232392.0,75
201600055469,16,5,18,1650,1,2,1,3,2.0,75117,M,4887550.0,228962.0,75
201600055470,16,5,19,1230,1,2,7,1,6.0,75117,M,4887780.0,228388.0,75
201600055471,16,5,19,1950,1,2,7,1,2.0,75117,M,4888720.0,229782.0,75
201600055472,16,5,20,1600,1,2,2,1,6.0,75117,M,4889070.0,232663.0,75
201600055473,16,5,21,1830,1,2,7,1,2.0,75117,M,4887780.0,229796.0,75
201600055474,16,5,21,1945,1,2,1,1,3.0,75117,M,4889100.0,230590.0,75
201600055475,16,5,22,1425,1,2,5,3,2.0,75117,M,4888600.0,228914.0,75
201600055476,16,5,25,1310,1,2,3,1,6.0,75117,M,4888430.0,230929.0,75
201600055477,16,5,25,1615,1,2,4,1,3.0,75117,M,4890040.0,232989.0,75
201600055478,16,5,25,1910,1,2,3,1,6.0,75117,M,4888800.0,232460.0,75
201600055479,16,5,27,2015,1,2,4,1,3.0,75117,M,4889040.0,229886.0,75
201600055480,16,5,27,2000,1,2,1,1,3.0,75117,M,4888570.0,229724.0,75
201600055481,16,5,29,1755,1,2,2,2,3.0,75117,M,4888330.0,231271.0,75
201600055482,16,5,29,2045,2,2,2,3,6.0,75117,M,4888900.0,230420.0,75
201600055483,16,5,30,2225,5,2,7,3,6.0,75117,M,4888540.0,229723.0,75
201600055484,16,6,1,1915,1,2,1,2,6.0,75108,M,4887060.0,231586.0,75
201600055485,16,6,6,1705,1,2,4,1,6.0,75117,M,4888040.0,228675.0,75
201600055486,16,6,7,1545,1,2,5,1,3.0,75117,M,4888560.0,229167.0,75
201600055487,16,6,7,2015,2,2,1,1,2.0,75116,M,4884790.0,225867.0,75
201600055488,16,6,9,850,1,2,2,1,3.0,75117,M,4889030.0,232074.0,75
201600055489,16,6,9,1430,1,2,2,1,3.0,75117,M,4888200.0,231353.0,75
201600055490,16,6,9,1920,1,2,1,1,3.0,75117,M,4888540.0,229392.0,75
201600055491,16,6,9,1900,1,2,1,1,3.0,75117,M,4888030.0,230194.0,75
201600055492,16,6,10,1640,1,2,1,1,3.0,75117,M,4888120.0,228248.0,75
201600055493,16,6,10,1910,1,2,1,1,6.0,75117,M,4888830.0,231882.0,75
201600055494,16,6,14,15,5,2,1,1,2.0,75117,M,4889680.0,232868.0,75
201600055495,16,6,15,1200,1,2,2,1,6.0,75117,M,4888120.0,231212.0,75
201600055496,16,6,16,1205,1,2,2,1,3.0,75117,M,4889900.0,232203.0,75
201600055497,16,6,17,1355,1,2,7,2,6.0,75117,M,4888290.0,230904.0,75
201600055498,16,6,17,1655,1,2,1,2,6.0,75117,M,4887660.0,229252.0,75
201600055499,16,6,17,1520,1,2,1,3,6.0,75117,M,4888580.0,230376.0,75
201600055500,16,6,18,1645,1,2,1,1,3.0,75117,M,4888080.0,230014.0,75
201600055501,16,6,19,2015,1,2,1,1,2.0,75117,M,4887910.0,228601.0,75
201600055502,16,6,20,1430,1,2,1,3,3.0,75117,M,4887510.0,229082.0,75
201600055503,16,6,21,930,1,2,7,2,3.0,75116,M,4886300.0,226851.0,75
201600055504,16,6,21,2300,5,2,2,2,6.0,75117,M,4889060.0,232018.0,75
201600055505,16,6,23,1215,1,2,2,1,3.0,75117,M,4888090.0,229750.0,75
201600055506,16,6,23,1920,1,2,2,1,3.0,75117,M,4889900.0,232203.0,75
201600055507,16,6,24,1,5,2,3,1,6.0,75117,M,4888470.0,231784.0,75
201600055508,16,6,24,1330,1,2,3,1,3.0,75117,M,4889500.0,231761.0,75
201600055509,16,6,24,1400,1,2,7,1,3.0,75117,M,4888660.0,231845.0,75
201600055510,16,6,25,1350,1,2,3,1,6.0,75118,M,4889130.0,232682.0,75
201600055511,16,6,25,1910,1,2,1,1,3.0,75117,M,4888860.0,230432.0,75
201600055512,16,6,26,1535,1,2,2,1,6.0,75108,M,4888080.0,231259.0,75
201600055513,16,6,26,1615,1,2,7,1,3.0,75116,M,4887710.0,228345.0,75
201600055514,16,6,27,2050,2,2,1,1,6.0,75117,M,4889180.0,232656.0,75
201600055515,16,6,28,945,1,2,1,1,6.0,75118,M,4889690.0,232872.0,75
201600055516,16,6,28,2050,1,2,3,1,3.0,75117,M,4889530.0,231621.0,75
201600055517,16,6,29,1240,1,2,1,1,6.0,75117,M,4887720.0,229750.0,75
201600055518,16,6,29,1315,1,2,1,1,2.0,75117,M,4887510.0,229082.0,75
201600055519,16,6,29,1600,1,2,1,1,7.0,75117,M,4889320.0,230250.0,75
201600055520,16,6,30,1315,1,2,1,1,3.0,75108,M,4888020.0,230780.0,75
201600055521,16,6,30,2107,1,2,4,1,3.0,75117,M,4889180.0,230158.0,75
201600055522,16,7,3,410,5,2,2,1,6.0,75117,M,4887750.0,229435.0,75
201600055523,16,7,3,1340,1,2,1,2,2.0,75117,M,4889170.0,230179.0,75
201600055524,16,7,3,545,5,2,7,1,6.0,75117,M,4888480.0,229793.0,75
201600055525,16,7,5,1020,1,2,2,1,3.0,75117,M,4889900.0,232203.0,75
201600055526,16,7,6,1330,1,2,1,1,6.0,75117,M,4888670.0,229645.0,75
201600055527,16,7,6,2350,5,2,5,1,6.0,75117,M,4888220.0,232028.0,75
201600055528,16,7,7,1900,1,2,7,1,2.0,75117,M,4887780.0,228388.0,75
201600055529,16,7,7,1930,1,2,7,1,3.0,75101,M,4885770.0,234776.0,75
201600055530,16,7,9,615,1,2,4,1,4.0,75117,M,4889630.0,231022.0,75
201600055531,16,7,9,1300,1,2,3,1,3.0,75117,M,4889900.0,232203.0,75
201600055532,16,7,10,44,5,2,1,1,6.0,75117,M,4889500.0,232379.0,75
201600055533,16,7,10,1100,1,2,1,1,3.0,75117,M,4888560.0,232142.0,75
201600055534,16,7,10,1240,1,2,7,1,6.0,75117,M,4887780.0,228800.0,75
201600055535,16,7,11,845,1,2,2,1,3.0,75117,M,4889500.0,232806.0,75
201600055536,16,7,11,1450,1,2,7,1,3.0,75117,M,4888520.0,230719.0,75
201600055537,16,7,11,1840,1,2,3,1,6.0,75116,M,4884740.0,227371.0,75
201600055538,16,7,11,2252,5,2,5,1,3.0,75117,M,4889240.0,230099.0,75
201600055539,16,7,12,1430,1,2,7,1,3.0,75117,M,4888530.0,230329.0,75
201600055540,16,7,13,56,5,2,1,2,7.0,75117,M,4888110.0,231431.0,75
201600055541,16,7,13,2237,5,2,2,1,1.0,75117,M,4888690.0,231260.0,75
201600055542,16,7,14,1745,1,2,3,1,4.0,75117,M,4888960.0,230401.0,75
201600055543,16,7,15,1245,1,2,5,1,3.0,75117,M,4889190.0,232209.0,75
201600055544,16,7,15,1825,1,2,2,1,3.0,75117,M,4889560.0,232662.0,75
201600055545,16,7,16,10,5,2,3,1,6.0,75117,M,4888830.0,232415.0,75
201600055546,16,7,18,1415,1,2,1,1,6.0,75108,M,4887990.0,230660.0,75
201600055547,16,7,18,1930,1,2,1,1,3.0,75117,M,4888040.0,228196.0,75
201600055548,16,7,19,1430,1,2,3,1,6.0,75117,M,4888830.0,230644.0,75
201600055549,16,7,20,110,5,2,5,1,6.0,75116,M,4885440.0,227021.0,75
201600055550,16,7,20,350,5,2,7,1,6.0,75117,M,4888070.0,228525.0,75
201600055551,16,7,20,1525,1,2,1,1,3.0,75117,M,4888050.0,228629.0,75
201600055552,16,7,20,2250,5,2,5,1,6.0,75117,M,4889750.0,232893.0,75
201600055553,16,7,21,1100,1,2,1,1,3.0,75117,M,4889740.0,231269.0,75
201600055554,16,7,22,2100,1,2,5,1,3.0,75117,M,4888750.0,229467.0,75
201600055555,16,7,23,2350,5,2,3,1,3.0,75117,M,4888440.0,230125.0,75
201600055556,16,7,24,1230,1,2,7,1,3.0,75117,M,4888070.0,228525.0,75
201600055557,16,7,24,1635,1,2,3,1,6.0,75117,M,4889000.0,232122.0,75
201600055558,16,7,24,2310,5,2,3,1,3.0,75117,M,4889000.0,232122.0,75
201600055559,16,7,25,1315,1,2,1,1,4.0,75117,M,4889130.0,229991.0,75
201600055560,16,7,25,1905,1,2,1,1,6.0,75117,M,4887720.0,228623.0,75
201600055561,16,7,25,2030,2,2,2,1,6.0,75117,M,4888970.0,232171.0,75
201600055562,16,7,26,1755,1,2,1,1,6.0,75117,M,4889450.0,231677.0,75
201600055563,16,7,27,830,1,2,7,1,3.0,75117,M,4887400.0,229417.0,75
201600055564,16,7,27,1920,1,2,2,1,3.0,75117,M,4888150.0,228180.0,75
201600055565,16,7,28,145,5,2,1,1,6.0,75117,M,4888110.0,228145.0,75
201600055566,16,7,29,1000,1,2,4,1,6.0,75117,M,4887860.0,228190.0,75
201600055567,16,7,30,1230,1,2,1,1,6.0,75117,M,4888560.0,229218.0,75
201600055568,16,7,30,1530,1,2,2,1,6.0,75117,M,4888330.0,230191.0,75
201600055569,16,7,30,1610,1,2,4,1,3.0,75117,M,4888540.0,229838.0,75
201600055570,16,7,31,1530,1,2,2,1,3.0,75117,M,4887870.0,229418.0,75
201600055571,16,8,1,1115,1,2,1,1,4.0,75117,M,4889330.0,230273.0,75
201600055572,16,8,1,1700,1,2,3,1,3.0,75117,M,4889980.0,231876.0,75
201600055573,16,8,3,915,1,2,1,1,3.0,75117,M,4889330.0,231548.0,75
201600055574,16,8,3,2000,2,2,1,2,6.0,75108,M,4887830.0,229905.0,75
201600055575,16,8,4,1615,1,2,2,1,7.0,75117,M,4889630.0,231022.0,75
201600055576,16,8,9,1045,1,2,2,1,6.0,75117,M,4888400.0,228626.0,75
201600055577,16,8,10,1510,1,2,1,1,7.0,75117,M,4889690.0,231162.0,75
201600055578,16,8,17,1820,1,2,2,1,6.0,75117,M,4888310.0,228749.0,75
201600055579,16,8,18,145,5,2,1,1,2.0,75117,M,4887720.0,228431.0,75
201600055580,16,8,21,2205,5,2,2,1,6.0,75117,M,4889160.0,231846.0,75
201600055581,16,8,22,1910,1,2,2,1,6.0,75117,M,4889500.0,232806.0,75
201600055582,16,8,22,2050,1,2,2,1,6.0,75116,M,4887630.0,228721.0,75
201600055583,16,8,23,1920,1,2,5,1,6.0,75117,M,4888420.0,228924.0,75
201600055584,16,8,24,1220,1,2,1,1,2.0,75117,M,4888530.0,229432.0,75
201600055585,16,8,24,1505,1,2,1,1,3.0,75117,M,4887960.0,230267.0,75
201600055586,16,8,25,800,1,2,3,1,2.0,75117,M,4888860.0,231562.0,75
201600055587,16,8,30,730,1,2,1,1,7.0,75117,M,4890100.0,232645.0,75
201600055588,16,9,4,1250,1,2,1,1,7.0,75117,M,4888440.0,230159.0,75
201600055589,16,9,5,1320,1,2,2,3,6.0,75117,M,4888130.0,231647.0,75
201600055590,16,9,5,1910,1,2,1,2,2.0,75117,M,4888630.0,231782.0,75
201600055591,16,9,6,1625,1,2,2,1,6.0,75117,M,4888400.0,231848.0,75
201600055592,16,9,7,1930,1,2,1,1,2.0,75117,M,4888580.0,229035.0,75
201600055593,16,9,7,2000,5,2,4,1,2.0,75117,M,4889770.0,231277.0,75
201600055594,16,9,10,10,5,2,5,1,7.0,75117,M,4888750.0,229467.0,75
201600055595,16,9,10,2245,5,2,2,1,6.0,75117,M,4888690.0,230112.0,75
201600055596,16,9,11,325,5,2,7,1,6.0,75117,M,4887440.0,229293.0,75
201600055597,16,9,12,1600,1,2,2,1,6.0,75117,M,4888400.0,231848.0,75
201600055598,16,9,13,1,4,2,5,1,3.0,75117,M,4888190.0,229587.0,75
201600055599,16,9,13,1235,1,2,5,1,6.0,75117,M,4888230.0,231172.0,75
201600055600,16,9,13,1645,1,2,4,1,3.0,75117,M,4889040.0,229886.0,75
201600055601,16,9,14,915,1,2,4,1,3.0,75116,M,4886570.0,229580.0,75
201600055602,16,9,14,2100,5,2,3,2,7.0,75117,M,4888170.0,228521.0,75
201600055603,16,9,15,800,1,2,2,2,7.0,75117,M,4889420.0,232057.0,75
201600055604,16,9,16,420,5,2,1,1,6.0,75117,M,4888260.0,232218.0,75
201600055605,16,9,17,30,5,2,7,2,6.0,75117,M,4888520.0,230719.0,75
201600055606,16,9,18,1230,1,2,2,1,3.0,75117,M,4888560.0,229167.0,75
201600055607,16,9,21,1050,1,2,2,1,2.0,75117,M,4888690.0,231260.0,75
201600055608,16,9,21,1705,1,2,2,1,3.0,75117,M,4889190.0,232209.0,75
201600055609,16,9,22,1230,1,2,2,1,6.0,75117,M,4888160.0,229235.0,75
201600055610,16,9,23,1430,1,2,1,1,6.0,75117,M,4888240.0,231530.0,75
201600055611,16,9,23,1825,1,2,1,1,2.0,75117,M,4888080.0,228495.0,75
201600055612,16,9,26,1225,1,2,1,1,1.0,75117,M,4888680.0,231224.0,75
201600055613,16,9,26,1345,1,2,2,1,3.0,75117,M,4888400.0,231848.0,75
201600055614,16,9,26,1430,1,2,3,1,3.0,75117,M,4889060.0,230311.0,75
201600055615,16,9,26,1900,1,2,2,1,6.0,75117,M,4888290.0,229637.0,75
201600055616,16,9,27,1700,1,2,1,1,6.0,75117,M,4887970.0,228721.0,75
201600055617,16,9,28,1500,1,2,5,1,3.0,75117,M,4888750.0,229467.0,75
201600055618,16,9,28,1730,1,2,1,1,6.0,75117,M,4889680.0,231156.0,75
201600055619,16,9,29,2220,5,2,3,1,3.0,75117,M,4888940.0,232229.0,75
201600055620,16,10,1,10,5,2,1,2,3.0,75117,M,4889060.0,230471.0,75
201600055621,16,10,4,1615,1,2,4,1,3.0,75117,M,4887990.0,228084.0,75
201600055622,16,10,5,1415,1,2,7,1,3.0,75117,M,4888450.0,229716.0,75
201600055623,16,10,5,1820,1,2,7,1,3.0,75117,M,4887860.0,228190.0,75
201600055624,16,10,6,1055,1,2,5,7,3.0,75117,M,4888750.0,230743.0,75
201600055625,16,10,6,1215,1,2,1,1,2.0,75117,M,4889900.0,232169.0,75
201600055626,16,10,6,1400,1,2,4,1,6.0,75116,M,4886100.0,226407.0,75
201600055627,16,10,6,2315,5,2,1,1,6.0,75117,M,4888500.0,230680.0,75
201600055628,16,10,7,120,5,2,3,1,3.0,75117,M,4888350.0,230593.0,75
201600055629,16,10,7,1735,1,2,2,1,6.0,75117,M,4889450.0,231980.0,75
201600055630,16,10,8,1045,1,2,2,1,3.0,75117,M,4889760.0,232518.0,75
201600055631,16,10,7,1830,2,2,2,1,2.0,75117,M,4888350.0,230593.0,75
201600055632,16,10,9,420,5,2,2,1,3.0,75117,M,4888500.0,232075.0,75
201600055633,16,10,10,835,1,2,3,1,3.0,75117,M,4889380.0,231185.0,75
201600055634,16,10,10,1450,1,2,2,1,6.0,75117,M,4888310.0,228749.0,75
201600055635,16,10,10,1805,1,2,5,2,3.0,75117,M,4889300.0,232739.0,75
201600055636,16,10,10,1810,2,2,7,2,7.0,75116,M,4887630.0,228721.0,75
201600055637,16,10,11,1235,1,2,1,1,6.0,75117,M,4888050.0,229988.0,75
201600055638,16,10,12,930,1,2,1,1,6.0,75117,M,4889550.0,230660.0,75
201600055639,16,10,13,5,5,2,3,1,3.0,75117,M,4889270.0,231657.0,75
201600055640,16,10,13,1920,5,2,2,1,3.0,75117,M,4888710.0,228957.0,75
201600055641,16,10,15,126,5,2,2,2,6.0,75117,M,4888080.0,228995.0,75
201600055642,16,10,15,1115,1,2,2,1,3.0,75117,M,4888080.0,228995.0,75
201600055643,16,10,16,400,5,2,2,1,6.0,75117,M,4888890.0,231794.0,75
201600055644,16,10,16,2250,5,2,4,1,3.0,75117,M,4888700.0,229394.0,75
201600055645,16,10,17,1540,1,2,3,1,6.0,75117,M,4888530.0,230181.0,75
201600055646,16,10,18,845,1,2,1,1,4.0,75117,M,4888960.0,229686.0,75
201600055647,16,10,18,1155,1,2,1,1,6.0,75117,M,4888560.0,229218.0,75
201600055648,16,10,18,1836,2,2,1,2,6.0,75117,M,4888710.0,229509.0,75
201600055649,16,10,19,910,1,2,1,1,6.0,75117,M,4888210.0,231980.0,75
201600055650,16,10,19,1425,1,2,1,1,4.0,75117,M,4889740.0,231269.0,75
201600055651,16,10,19,2050,5,2,1,1,3.0,75117,M,4888630.0,230589.0,75
201600055652,16,10,20,1430,1,2,7,2,7.0,75117,M,4887440.0,229293.0,75
201600055653,16,10,22,1230,1,2,1,1,6.0,75117,M,4888070.0,231140.0,75
201600055654,16,10,24,5,5,2,2,2,3.0,75116,M,4887360.0,229276.0,75
201600055655,16,10,24,940,1,2,1,2,3.0,75116,M,4887690.0,228506.0,75
201600055656,16,10,24,2310,5,2,1,2,2.0,75117,M,4888630.0,228669.0,75
201600055657,16,10,25,800,1,2,1,1,3.0,75117,M,4889900.0,232169.0,75
201600055658,16,10,28,1945,5,2,3,1,6.0,75117,M,4889500.0,231774.0,75
201600055659,16,10,31,1318,1,2,7,1,3.0,75117,M,4888710.0,230441.0,75
201600055660,16,10,31,1645,1,2,3,1,6.0,75117,M,4889000.0,232122.0,75
201600055661,16,11,1,1,5,2,7,1,2.0,75116,M,4887700.0,228307.0,75
201600055662,16,11,2,920,1,2,5,1,3.0,75117,M,4888130.0,231647.0,75
201600055663,16,11,3,1800,5,2,1,1,6.0,75117,M,4888450.0,230098.0,75
201600055664,16,11,4,1025,1,2,1,2,6.0,75117,M,4888330.0,230996.0,75
201600055665,16,11,4,1310,1,2,1,1,6.0,75117,M,4888920.0,230760.0,75
201600055666,16,11,9,2255,5,2,2,2,3.0,75117,M,4889150.0,232030.0,75
201600055667,16,11,10,250,5,2,1,8,6.0,75117,M,4889630.0,231027.0,75
201600055668,16,11,10,1610,1,2,1,2,3.0,75116,M,4886620.0,227706.0,75
201600055669,16,11,10,2000,5,2,2,3,6.0,75117,M,4889070.0,232663.0,75
201600055670,16,11,14,2218,5,2,1,1,3.0,75117,M,4889560.0,231690.0,75
201600055671,16,11,15,950,1,2,2,8,3.0,75117,M,4889030.0,232074.0,75
201600055672,16,11,15,1250,1,2,3,1,6.0,75117,M,4888400.0,229358.0,75
201600055673,16,11,16,1030,1,2,1,1,2.0,75117,M,4888320.0,232306.0,75
201600055674,16,11,17,820,1,2,3,1,6.0,75117,M,4889020.0,230456.0,75
201600055675,16,11,17,1030,1,2,2,1,3.0,75117,M,4889190.0,232209.0,75
201600055676,16,11,17,1940,5,2,1,1,6.0,75115,M,4885020.0,228019.0,75
201600055677,16,11,17,2045,5,2,1,1,3.0,75117,M,4888030.0,228714.0,75
201600055678,16,11,17,2120,5,2,2,2,3.0,75117,M,4889180.0,230158.0,75
201600055679,16,11,18,740,1,2,4,1,3.0,75117,M,4888470.0,228647.0,75
201600055680,16,11,19,825,1,2,1,1,3.0,75117,M,4889940.0,231879.0,75
201600055681,16,11,21,815,1,2,2,2,6.0,75117,M,4888860.0,231562.0,75