Num_Acc,an,mois,jour,hrmn,lum,agg,int,atm,col,com,gps,lat,long,dep
201600055682,16,11,21,750,1,2,3,2,1.0,75117,M,4889120.0,231908.0,75
201600055683,16,11,23,2145,5,2,7,8,3.0,75117,M,4888540.0,229752.0,75
201600055684,16,11,25,1309,1,2,7,1,6.0,75117,M,4888660.0,231845.0,75
201600055685,16,11,25,2000,5,2,1,1,3.0,75117,M,4889660.0,231031.0,75
201600055686,16,11,28,1440,1,2,5,7,6.0,75117,M,4889590.0,232299.0,75
201600055687,16,11,28,1700,5,2,4,1,6.0,75117,M,4887860.0,228190.0,75
201600055688,16,11,28,1750,5,2,1,1,6.0,75117,M,4888060.0,231030.0,75
201600055689,16,11,29,825,1,2,3,1,6.0,75117,M,4889030.0,231712.0,75
201600055690,16,11,29,1040,1,2,3,1,6.0,75117,M,4888180.0,230293.0,75
201600055691,16,11,30,1825,5,2,3,1,6.0,75117,M,4888230.0,232093.0,75
201600055692,16,12,1,1500,1,2,1,1,6.0,75117,M,4888240.0,229982.0,75
201600055693,16,12,2,1345,1,2,2,1,6.0,75117,M,4889170.0,232117.0,75
201600055694,16,12,2,1930,2,2,3,1,3.0,75117,M,4888830.0,232415.0,75
201600055695,16,12,3,1600,1,2,1,1,6.0,75117,M,4889590.0,232375.0,75
201600055696,16,12,3,2110,5,2,4,1,6.0,75117,M,4888370.0,228445.0,75
201600055697,16,12,6,1,5,2,7,1,6.0,75117,M,4888100.0,228416.0,75
201600055698,16,12,6,1100,1,2,5,1,3.0,75117,M,4888300.0,232416.0,75
201600055699,16,12,6,1150,1,2,7,1,3.0,75117,M,4887930.0,228062.0,75
201600055700,16,12,7,1800,5,2,2,1,6.0,75117,M,4887670.0,229447.0,75
201600055701,16,12,8,1115,1,2,1,1,6.0,75117,M,4887820.0,229619.0,75
201600055702,16,12,8,1835,5,2,1,1,6.0,75117,M,4888510.0,232667.0,75
201600055703,16,12,8,1850,5,2,1,1,6.0,75117,M,4888900.0,229325.0,75
201600055704,16,12,9,1000,1,2,1,1,2.0,75117,M,4888100.0,231401.0,75
201600055705,16,12,11,1645,2,2,3,1,6.0,75117,M,4888750.0,232212.0,75
201600055706,16,12,12,905,1,2,5,8,6.0,75117,M,4889510.0,231566.0,75
201600055707,16,12,12,1850,5,2,5,2,6.0,75117,M,4889180.0,230158.0,75
201600055708,16,12,13,1640,2,2,1,1,3.0,75117,M,4888780.0,229518.0,75
201600055709,16,12,13,1745,5,2,1,1,6.0,75117,M,4889840.0,232047.0,75
201600055710,16,12,15,850,1,2,3,1,7.0,75117,M,4888190.0,228338.0,75
201600055711,16,12,15,1420,1,2,3,1,6.0,75117,M,4889900.0,232203.0,75
201600055712,16,12,15,1830,5,2,1,1,6.0,75117,M,4888190.0,230030.0,75
201600055713,16,12,16,915,1,2,2,1,3.0,75117,M,4888400.0,231848.0,75
201600055714,16,12,19,1750,5,2,5,1,6.0,75117,M,4889440.0,231361.0,75
201600055715,16,12,19,2130,5,2,2,1,6.0,75117,M,4888070.0,229340.0,75
201600055716,16,12,21,1220,1,2,2,1,2.0,75117,M,4888660.0,230150.0,75
201600055717,16,12,23,1740,5,2,1,1,3.0,75116,M,4886570.0,228633.0,75
201600055718,16,12,23,1810,5,2,7,1,3.0,75117,M,4887910.0,230309.0,75
201600055719,16,12,24,1135,1,2,2,1,3.0,75117,M,4888760.0,232015.0,75
201600055720,16,12,26,1350,1,2,1,1,2.0,75117,M,4887450.0,229259.0,75
201600055721,16,12,27,1655,2,2,2,1,3.0,75117,M,4888310.0,228749.0,75
201600055722,16,12,27,1800,5,2,5,1,3.0,75117,M,4889440.0,231361.0,75
201600055723,16,12,30,1210,1,2,3,1,3.0,75117,M,4889270.0,231657.0,75
201600055724,16,12,30,1730,5,2,1,1,3.0,75117,M,4888460.0,229990.0,75
201600055725,16,12,31,1245,1,2,1,1,2.0,75117,M,4888230.0,231205.0,75
201600055726,16,12,31,1815,5,2,1,1,6.0,75117,M,4889580.0,231748.0,75
201600055727,16,1,5,1505,1,2,5,1,6.0,75118,M,4888400.0,234141.0,75
201600055728,16,1,5,2300,5,2,2,2,3.0,75118,M,4889930.0,234409.0,75
201600055729,16,1,12,2350,5,2,2,1,3.0,75118,M,4889120.0,235160.0,75
201600055730,16,1,14,1030,1,2,2,8,3.0,75118,M,4889780.0,233738.0,75
201600055731,16,1,15,1545,1,2,1,1,2.0,75118,M,4889300.0,234122.0,75
201600055732,16,1,15,2000,5,2,3,1,3.0,75118,M,4888610.0,235947.0,75
201600055733,16,1,16,2025,5,2,6,1,3.0,75118,M,4889070.0,234538.0,75
201600055734,16,1,18,1930,5,2,3,1,3.0,75118,M,4888580.0,236495.0,75
201600055735,16,1,19,600,5,2,2,1,3.0,75118,M,4890040.0,232989.0,75
201600055736,16,1,19,745,1,2,2,1,6.0,75118,M,4889550.0,232827.0,75
201600055737,16,1,20,100,5,2,7,1,3.0,75118,M,4889600.0,234594.0,75
201600055738,16,1,20,1645,1,2,2,1,2.0,75118,M,4888600.0,235658.0,75
201600055739,16,1,20,2100,5,2,3,1,6.0,75118,M,4888910.0,235988.0,75
201600055740,16,1,21,1705,2,2,1,1,3.0,75118,M,4889660.0,234543.0,75
201600055741,16,1,22,1950,5,2,3,2,7.0,75118,M,4888530.0,234948.0,75
201600055742,16,1,23,225,4,2,3,1,6.0,75118,M,4888250.0,233723.0,75
201600055743,16,1,23,820,1,2,7,2,3.0,75118,M,4889250.0,234429.0,75
201600055744,16,1,24,1500,1,2,3,1,7.0,75118,M,4888530.0,234948.0,75
201600055745,16,1,25,115,5,2,1,1,6.0,75118,M,4890080.0,235851.0,75
201600055746,16,1,25,1800,5,2,4,1,3.0,75118,M,4889530.0,234654.0,75
201600055747,16,1,26,2015,1,2,1,1,7.0,75118,M,4889150.0,235003.0,75
201600055748,16,1,28,520,4,2,3,1,6.0,75118,M,4888410.0,234946.0,75
201600055749,16,1,29,1535,1,2,3,1,6.0,75118,M,4889840.0,233683.0,75
201600055750,16,1,29,2127,1,2,5,1,6.0,75118,M,4889360.0,233637.0,75
201600055751,16,1,29,2205,5,2,5,1,6.0,75118,M,4890050.0,234411.0,75
201600055752,16,2,1,1,5,2,2,1,3.0,75118,M,4889780.0,233738.0,75
201600055753,16,2,1,1935,5,2,1,1,3.0,75118,M,4888880.0,234958.0,75
201600055754,16,2,3,830,1,2,3,1,3.0,75118,M,4889640.0,234560.0,75
201600055755,16,2,3,1920,5,2,2,2,3.0,75118,M,4890120.0,233998.0,75
201600055756,16,2,4,1535,1,2,3,8,6.0,75118,M,4888910.0,235988.0,75
201600055757,16,2,4,1730,2,2,1,1,7.0,75118,M,4888450.0,236370.0,75
201600055758,16,2,4,1915,5,2,1,2,5.0,75118,M,4888580.0,235941.0,75
201600055759,16,2,5,1630,1,2,1,1,3.0,75118,M,4889370.0,233067.0,75
201600055760,16,2,7,1515,1,2,1,1,6.0,75118,M,4888320.0,233503.0,75
201600055761,16,2,8,1618,1,2,2,1,6.0,75118,M,4889070.0,233333.0,75
201600055762,16,2,9,1050,1,2,3,2,3.0,75117,M,4888630.0,232612.0,75
201600055763,16,2,9,1745,2,2,1,1,6.0,75118,M,4888760.0,236081.0,75
201600055764,16,2,11,930,1,2,1,1,6.0,75118,M,4888520.0,233041.0,75
201600055765,16,2,11,1200,1,2,4,1,6.0,75118,M,4888760.0,235299.0,75
201600055766,16,2,15,1640,1,2,1,1,3.0,75118,M,4889030.0,235900.0,75
201600055767,16,2,16,1720,1,2,6,1,3.0,75118,M,4889070.0,234538.0,75
201600055768,16,2,17,1800,5,2,3,1,6.0,75118,M,4889150.0,235170.0,75
201600055769,16,2,18,445,5,2,2,1,6.0,75110,M,4888110.0,236516.0,75
201600055770,16,2,20,1800,5,2,1,1,6.0,75118,M,4888690.0,235194.0,75
201600055771,16,2,21,2100,5,2,1,1,3.0,75118,M,4889100.0,235254.0,75
201600055772,16,2,24,905,1,2,2,1,3.0,75118,M,4889820.0,235248.0,75
201600055773,16,2,24,1750,1,2,3,2,6.0,75118,M,4889010.0,236126.0,75
201600055774,16,2,26,1050,1,2,7,1,6.0,75118,M,4888390.0,233278.0,75
201600055775,16,2,26,1435,1,2,1,1,4.0,75118,M,4889990.0,235863.0,75
201600055776,16,2,26,2030,5,2,2,1,3.0,75118,M,4890130.0,234410.0,75
201600055777,16,2,27,1800,2,2,1,1,6.0,75118,M,4890040.0,233400.0,75
201600055778,16,2,27,2135,5,2,1,1,3.0,75118,M,4890040.0,233332.0,75
201600055779,16,2,29,1830,5,2,2,1,6.0,75118,M,4888580.0,232635.0,75
201600055780,16,3,1,800,1,2,1,1,3.0,75118,M,4889830.0,237028.0,75
201600055781,16,3,1,1820,2,2,4,2,3.0,75118,M,4888530.0,234948.0,75
201600055782,16,3,1,2040,5,2,3,2,7.0,75118,M,4888610.0,235947.0,75
201600055783,16,3,1,1950,5,2,3,2,6.0,75118,M,4888410.0,234946.0,75
201600055784,16,3,2,915,1,2,2,1,7.0,75110,M,4888110.0,236516.0,75
201600055785,16,3,2,1515,1,2,5,8,6.0,75118,M,4889680.0,233848.0,75
201600055786,16,3,3,1903,5,2,2,1,3.0,75118,M,4889460.0,234710.0,75
201600055787,16,3,4,1400,1,2,2,1,6.0,75118,M,4890040.0,232989.0,75
201600055788,16,3,6,2110,5,2,3,2,3.0,75118,M,4889390.0,233433.0,75
201600055789,16,3,8,1130,1,2,5,1,3.0,75118,M,4889300.0,232739.0,75
201600055790,16,3,8,1515,1,2,5,1,6.0,75118,M,4889250.0,233047.0,75
201600055791,16,3,8,1620,1,2,2,1,6.0,75118,M,4889780.0,233738.0,75
201600055792,16,3,12,1245,1,2,1,1,2.0,75118,M,4889540.0,233762.0,75
201600055793,16,3,13,1200,1,2,3,1,6.0,75118,M,4888420.0,235411.0,75
201600055794,16,3,14,1145,1,2,1,1,6.0,75118,M,4889470.0,233712.0,75
201600055795,16,3,17,515,5,2,3,1,4.0,75118,M,4889200.0,235982.0,75
201600055796,16,3,17,2115,5,2,7,1,6.0,75118,M,4888370.0,232810.0,75
201600055797,16,3,17,2330,5,2,3,1,6.0,75118,M,4888480.0,234485.0,75
201600055798,16,3,18,2040,5,2,3,1,6.0,75118,M,4889090.0,235320.0,75
201600055799,16,3,19,2300,5,2,2,1,3.0,75118,M,4889020.0,235989.0,75
201600055800,16,3,20,1905,5,2,3,1,6.0,75118,M,4889200.0,235982.0,75
201600055801,16,3,15,2150,5,2,7,1,3.0,75118,M,4889600.0,234594.0,75
201600055802,16,3,22,710,1,2,5,1,7.0,75118,M,4888840.0,234799.0,75
201600055803,16,3,22,930,1,2,1,1,3.0,75118,M,4889830.0,234967.0,75
201600055804,16,3,22,1310,1,2,1,1,3.0,75118,M,4889390.0,235951.0,75
201600055805,16,3,22,1800,1,2,1,1,6.0,75118,M,4889630.0,235924.0,75
201600055806,16,3,23,645,1,2,1,1,7.0,75118,M,4889610.0,235925.0,75
201600055807,16,3,24,1150,1,2,2,1,6.0,75118,M,4889430.0,234536.0,75
201600055808,16,3,25,1550,1,2,1,1,6.0,75118,M,4888590.0,234948.0,75
201600055809,16,3,25,1710,1,2,5,1,3.0,75118,M,4888390.0,234946.0,75
201600055810,16,3,25,1740,1,2,5,1,6.0,75118,M,4888460.0,232950.0,75
201600055811,16,3,26,1235,1,2,3,1,6.0,75118,M,4889160.0,233597.0,75
201600055812,16,3,27,45,5,2,3,3,3.0,75118,M,4888320.0,234528.0,75
201600055813,16,3,27,1930,1,2,3,1,6.0,75118,M,4889430.0,236597.0,75
201600055814,16,3,30,820,1,2,1,2,7.0,75118,M,4888570.0,234900.0,75
201600055815,16,3,30,1821,1,2,1,2,6.0,75118,M,4889010.0,236120.0,75
201600055816,16,3,31,1000,1,2,1,3,2.0,75118,M,4888310.0,234178.0,75
201600055817,16,4,1,145,5,2,3,1,2.0,75118,M,4889200.0,235982.0,75
201600055818,16,4,1,1240,1,2,2,1,7.0,75118,M,4889790.0,234439.0,75
201600055819,16,4,1,2230,5,2,5,1,6.0,75118,M,4889300.0,232739.0,75
201600055820,16,4,2,2038,2,2,7,2,6.0,75118,M,4889600.0,234594.0,75
201600055821,16,4,3,30,5,2,1,2,6.0,75118,M,4888300.0,233574.0,75
201600055822,16,4,3,1910,1,2,3,1,3.0,75118,M,4888990.0,236359.0,75
201600055823,16,4,4,1050,1,2,2,1,6.0,75118,M,4888870.0,235605.0,75
201600055824,16,4,4,2015,2,2,4,1,3.0,75118,M,4889540.0,234643.0,75
201600055825,16,4,4,2055,2,2,7,1,3.0,75118,M,4888300.0,234434.0,75
201600055826,16,4,6,926,1,2,1,1,7.0,75118,M,4889900.0,234410.0,75
201600055827,16,4,6,1640,1,2,1,1,6.0,75118,M,4889380.0,235954.0,75
201600055828,16,4,6,2200,5,2,1,1,7.0,75118,M,4888950.0,233689.0,75
201600055829,16,4,9,150,5,2,3,1,6.0,75118,M,4888910.0,235988.0,75
201600055830,16,4,9,1410,1,2,1,8,6.0,75118,M,4888880.0,234958.0,75
201600055831,16,4,10,1745,1,2,1,1,6.0,75118,M,4888820.0,235985.0,75
201600055832,16,4,11,1920,1,2,1,8,6.0,75118,M,4888510.0,235110.0,75
201600055833,16,4,12,1745,1,2,4,1,6.0,75118,M,4889900.0,233634.0,75
201600055834,16,4,13,615,2,2,1,2,6.0,75118,M,4890050.0,234411.0,75
201600055835,16,4,14,1715,1,2,2,2,6.0,75118,M,4889010.0,232922.0,75
201600055836,16,4,14,1950,2,2,1,2,2.0,75118,M,4888900.0,236248.0,75
201600055837,16,4,14,2245,5,2,1,1,2.0,75118,M,4888600.0,233172.0,75
201600055838,16,4,15,1330,1,2,1,1,3.0,75118,M,4889010.0,235584.0,75
201600055839,16,4,15,1510,1,2,3,3,3.0,75118,M,4888410.0,234946.0,75
201600055840,16,4,15,1700,1,2,1,1,2.0,75118,M,4888650.0,234757.0,75
201600055841,16,4,16,25,5,2,5,1,3.0,75118,M,4889580.0,233101.0,75
201600055842,16,4,16,310,5,2,4,1,6.0,75118,M,4888400.0,235172.0,75
201600055843,16,4,17,1730,1,2,4,1,3.0,75118,M,4888400.0,235172.0,75
201600055844,16,4,18,1350,1,2,1,1,6.0,75118,M,4888390.0,235046.0,75
201600055845,16,4,19,1640,1,2,3,1,6.0,75118,M,4888680.0,235963.0,75
201600055846,16,4,21,915,1,2,5,1,2.0,75118,M,4889300.0,232739.0,75
201600055847,16,4,23,1750,1,2,5,1,2.0,75118,M,4888730.0,234955.0,75
201600055848,16,4,26,1000,1,2,2,1,6.0,75118,M,4889930.0,234409.0,75
201600055849,16,4,27,1620,1,2,1,1,6.0,75118,M,4888830.0,235103.0,75
201600055850,16,4,29,520,5,2,5,1,3.0,75118,M,4889840.0,235906.0,75
201600055851,16,4,29,1040,1,2,5,1,2.0,75118,M,4888730.0,234955.0,75
201600055852,16,4,29,1120,1,2,1,1,6.0,75118,M,4888540.0,235670.0,75
201600055853,16,4,28,1945,1,2,5,1,6.0,75118,M,4888660.0,233262.0,75
201600055854,16,5,2,1355,1,2,7,1,3.0,75118,M,4889520.0,235957.0,75
201600055855,16,5,2,1719,1,2,7,1,3.0,75118,M,4889520.0,235957.0,75
201600055856,16,5,3,1130,1,2,2,1,6.0,75118,M,4888700.0,234246.0,75
201600055857,16,5,3,1108,1,2,5,1,6.0,75118,M,4889510.0,235291.0,75
201600055858,16,5,3,1400,1,2,5,1,2.0,75118,M,4889040.0,234845.0,75
201600055859,16,5,4,50,5,2,4,1,3.0,75118,M,4889040.0,232656.0,75
201600055860,16,5,5,1105,1,2,2,1,7.0,75118,M,4889720.0,234229.0,75
201600055861,16,5,5,1850,1,2,1,1,3.0,75118,M,4888910.0,233341.0,75
201600055862,16,5,5,2030,1,2,3,1,3.0,75118,M,4888320.0,234528.0,75
201600055863,16,5,6,1700,1,2,4,1,6.0,75118,M,4888620.0,236313.0,75
201600055864,16,5,7,1508,1,2,4,1,3.0,75118,M,4889770.0,233331.0,75
201600055865,16,5,9,900,1,2,1,1,6.0,75118,M,4890100.0,234345.0,75
201600055866,16,5,9,1740,1,2,2,1,6.0,75118,M,4889460.0,234710.0,75
201600055867,16,5,10,1530,1,2,1,2,6.0,75118,M,4888770.0,235982.0,75
201600055868,16,5,10,1607,1,2,5,3,6.0,75118,M,4888460.0,232950.0,75
201600055869,16,5,11,1610,1,2,1,2,6.0,75118,M,4889330.0,232857.0,75
201600055870,16,5,11,2210,5,2,3,1,3.0,75118,M,4889220.0,234627.0,75
201600055871,16,5,9,1210,1,2,4,1,3.0,75118,M,4888550.0,234946.0,75
201600055872,16,5,13,2200,5,2,1,1,6.0,75118,M,4889020.0,234959.0,75
201600055873,16,5,14,1950,1,2,3,1,1.0,75118,M,4888460.0,234717.0,75
201600055874,16,5,16,1125,1,2,3,1,3.0,75118,M,4888370.0,234824.0,75
201600055875,16,5,16,2010,1,2,3,1,3.0,75118,M,4889040.0,232656.0,75
201600055876,16,5,17,2028,2,2,3,1,6.0,75118,M,4889030.0,235828.0,75
201600055877,16,5,18,2205,5,2,2,3,6.0,75118,M,4889800.0,234414.0,75
201600055878,16,5,20,545,2,2,7,1,6.0,75118,M,4888480.0,235932.0,75
201600055879,16,5,20,1600,1,2,5,1,3.0,75118,M,4889150.0,234962.0,75
201600055880,16,5,20,2030,2,2,2,1,6.0,75118,M,4889710.0,235918.0,75
201600055881,16,5,21,130,5,2,4,1,6.0,75118,M,4888760.0,235299.0,75
201600055882,16,5,23,1305,1,2,1,2,2.0,75118,M,4888510.0,233026.0,75
201600055883,16,5,25,805,1,2,7,1,6.0,75118,M,4889240.0,234497.0,75
201600055884,16,5,26,1730,1,2,1,1,6.0,75118,M,4889730.0,234486.0,75
201600055885,16,5,26,1705,1,2,2,1,3.0,75118,M,4889360.0,233637.0,75
201600055886,16,5,26,2218,5,2,2,1,6.0,75118,M,4890050.0,234411.0,75
201600055887,16,5,27,1900,1,2,4,1,3.0,75118,M,4889700.0,232876.0,75
201600055888,16,5,28,1112,1,2,1,1,2.0,75118,M,4890000.0,235862.0,75
201600055889,16,5,29,1825,1,2,1,1,3.0,75118,M,4888490.0,233376.0,75
201600055890,16,5,29,2045,2,2,1,3,7.0,75118,M,4888940.0,235590.0,75
201600055891,16,5,29,516,2,2,2,8,3.0,75118,M,4889820.0,235248.0,75
201600055892,16,5,30,1145,1,2,2,3,6.0,75118,M,4889510.0,235934.0,75
201600055893,16,5,31,850,1,2,5,3,3.0,75118,M,4888890.0,234647.0,75
201600055894,16,6,2,1825,1,2,1,1,3.0,75118,M,4889130.0,234501.0,75
201600055895,16,6,2,2045,2,2,1,1,6.0,75118,M,4890130.0,234295.0,75
201600055896,16,6,3,1010,1,2,2,1,6.0,75118,M,4888670.0,232774.0,75
201600055897,16,6,3,1150,1,2,5,1,6.0,75118,M,4889150.0,234962.0,75
201600055898,16,6,3,1735,1,2,1,1,6.0,75118,M,4889030.0,235796.0,75
201600055899,16,6,5,30,5,2,4,2,6.0,75118,M,4889540.0,234643.0,75
201600055900,16,6,6,850,1,2,1,1,6.0,75118,M,4889060.0,235478.0,75
201600055901,16,6,6,2000,1,2,3,1,6.0,75118,M,4888450.0,234948.0,75
201600055902,16,6,7,1700,1,2,7,1,6.0,75118,M,4888350.0,234695.0,75
201600055903,16,6,8,1925,1,2,4,1,6.0,75118,M,4889730.0,233798.0,75
201600055904,16,6,9,1000,1,2,5,1,3.0,75118,M,4889150.0,234962.0,75
201600055905,16,6,9,1700,1,2,3,1,3.0,75118,M,4889590.0,232837.0,75
201600055906,16,6,10,1745,1,2,2,1,6.0,75118,M,4888850.0,235354.0,75
201600055907,16,6,12,1900,1,2,1,2,6.0,75118,M,4888480.0,234948.0,75
201600055908,16,6,13,2045,2,2,3,1,6.0,75119,M,4888830.0,238430.0,75
201600055909,16,6,14,625,1,2,1,1,6.0,75118,M,4889300.0,234103.0,75
201600055910,16,6,14,1530,1,2,1,1,6.0,75118,M,4888770.0,235982.0,75
201600055911,16,6,16,1615,1,2,2,2,1.0,75118,M,4888730.0,234955.0,75
201600055912,16,6,17,1845,1,2,3,2,6.0,75118,M,4888420.0,234946.0,75
201600055913,16,6,18,1645,1,2,1,2,7.0,75118,M,4888410.0,235346.0,75
201600055914,16,6,19,2010,1,2,1,1,6.0,75118,M,4888450.0,236354.0,75
201600055915,16,6,21,1400,1,2,1,1,2.0,75118,M,4889970.0,235864.0,75
201600055916,16,6,23,2230,5,2,3,1,6.0,75118,M,4888800.0,232573.0,75
201600055917,16,6,24,1140,1,2,2,1,3.0,75118,M,4889770.0,232901.0,75
201600055918,16,6,25,1755,1,2,1,1,7.0,75118,M,4889690.0,233077.0,75
201600055919,16,6,26,150,5,2,1,1,6.0,75118,M,4888340.0,234652.0,75
201600055920,16,6,26,705,1,2,3,1,1.0,75118,M,4888410.0,234946.0,75
201600055921,16,6,28,945,1,2,3,1,3.0,75118,M,4889840.0,233683.0,75
201600055922,16,6,28,2125,2,2,3,1,7.0,75118,M,4889810.0,234623.0,75
201600055923,16,6,29,1500,1,2,1,1,6.0,75118,M,4888990.0,233896.0,75
201600055924,16,6,30,1230,1,2,1,1,3.0,75118,M,4888820.0,235985.0,75
201600055925,16,7,1,1245,1,2,3,1,3.0,75118,M,4888730.0,235633.0,75
201600055926,16,7,1,1330,1,2,2,1,6.0,75118,M,4888450.0,236144.0,75
201600055927,16,7,2,2345,1,2,2,1,3.0,75118,M,4889310.0,234019.0,75
201600055928,16,7,3,240,5,2,1,1,6.0,75118,M,4889020.0,234959.0,75
201600055929,16,7,3,1900,1,2,5,2,3.0,75118,M,4889780.0,233532.0,75
201600055930,16,7,5,1258,1,2,5,1,6.0,75118,M,4889360.0,233637.0,75
201600055931,16,7,5,2110,2,2,3,1,3.0,75118,M,4889020.0,234328.0,75
201600055932,16,7,6,1455,1,2,5,1,6.0,75118,M,4889150.0,234962.0,75
201600055933,16,7,6,1835,1,2,1,1,3.0,75118,M,4889320.0,233603.0,75
201600055934,16,7,6,2205,5,2,1,1,6.0,75118,M,4888620.0,234951.0,75
201600055935,16,7,7,55,5,2,1,1,6.0,75118,M,4889250.0,235973.0,75
201600055936,16,7,7,1845,1,2,1,1,3.0,75118,M,4889800.0,234330.0,75
201600055937,16,7,7,1830,1,2,1,1,6.0,75118,M,4889840.0,234412.0,75
201600055938,16,7,7,1720,1,2,2,1,3.0,75118,M,4889170.0,234460.0,75
201600055939,16,7,8,1650,1,2,5,1,6.0,75118,M,4890050.0,234411.0,75
201600055940,16,7,9,1830,1,2,2,1,3.0,75118,M,4889180.0,234392.0,75
201600055941,16,7,10,650,1,2,2,1,3.0,75118,M,4889330.0,236139.0,75
201600055942,16,7,10,1330,1,2,2,1,2.0,75118,M,4889310.0,234019.0,75
201600055943,16,7,11,1230,1,2,1,1,6.0,75118,M,4889280.0,236295.0,75
201600055944,16,7,11,1140,1,2,2,1,6.0,75118,M,4888450.0,236144.0,75
201600055945,16,7,12,2100,1,2,1,1,3.0,75110,M,4888430.0,236412.0,75
201600055946,16,7,13,100,5,2,2,2,3.0,75118,M,4889120.0,235160.0,75
201600055947,16,7,13,1520,1,2,7,1,6.0,75118,M,4889250.0,234429.0,75
201600055948,16,7,16,100,5,2,4,1,2.0,75118,M,4889870.0,235905.0,75
201600055949,16,7,16,2100,1,2,2,1,3.0,75118,M,4889770.0,232901.0,75
201600055950,16,7,17,700,1,2,1,1,6.0,75118,M,4889810.0,234476.0,75
201600055951,16,7,18,1900,1,2,2,1,3.0,75118,M,4888580.0,232635.0,75
201600055952,16,7,19,1915,1,2,2,1,6.0,75118,M,4889500.0,232806.0,75
201600055953,16,7,20,1442,1,2,2,1,3.0,75118,M,4889640.0,233889.0,75
201600055954,16,7,22,1549,1,2,3,1,2.0,75118,M,4889220.0,234608.0,75
201600055955,16,7,23,230,5,2,2,1,6.0,75118,M,4889070.0,233333.0,75
201600055956,16,7,23,1200,1,2,2,1,3.0,75118,M,4889190.0,233349.0,75
201600055957,16,7,25,1215,1,2,1,1,6.0,75118,M,4888450.0,232911.0,75
201600055958,16,7,26,905,1,2,3,1,6.0,75118,M,4889270.0,234383.0,75
201600055959,16,7,30,945,1,2,1,1,2.0,75118,M,4889660.0,234545.0,75
201600055960,16,8,2,300,5,2,5,2,3.0,75118,M,4888450.0,235932.0,75
201600055961,16,8,2,915,1,2,3,2,7.0,75118,M,4888610.0,235947.0,75
201600055962,16,8,3,920,1,2,1,8,7.0,75118,M,4890080.0,236799.0,75
201600055963,16,8,3,2005,1,2,2,1,6.0,75118,M,4888600.0,235658.0,75
201600055964,16,8,3,2330,5,2,1,1,6.0,75118,M,4889130.0,235983.0,75
201600055965,16,8,4,1510,1,2,5,1,3.0,75118,M,4889580.0,234135.0,75
201600055966,16,8,6,805,1,2,2,1,7.0,75118,M,4889180.0,234392.0,75
201600055967,16,8,6,1730,1,2,1,1,6.0,75118,M,4889950.0,232959.0,75
201600055968,16,8,8,1900,1,2,3,1,3.0,75118,M,4888500.0,234726.0,75
201600055969,16,8,8,2010,2,2,1,1,6.0,75118,M,4888820.0,235985.0,75
201600055970,16,8,10,845,1,2,2,1,6.0,75118,M,4888870.0,235605.0,75
201600055971,16,8,10,1055,1,2,3,1,6.0,75118,M,4888450.0,234948.0,75
201600055972,16,8,16,855,1,2,3,7,3.0,75118,M,4889770.0,233331.0,75
201600055973,16,8,16,1230,1,2,7,1,6.0,75118,M,4889560.0,234626.0,75
201600055974,16,8,17,1000,1,2,4,1,3.0,75118,M,4889530.0,234654.0,75
201600055975,16,8,18,455,5,2,4,2,2.0,75118,M,4890090.0,236398.0,75
201600055976,16,8,20,1955,1,2,1,1,6.0,75118,M,4889030.0,235900.0,75
201600055977,16,8,20,2200,5,2,1,2,6.0,75118,M,4888490.0,232986.0,75
201600055978,16,8,23,850,1,2,5,1,6.0,75118,M,4889750.0,234456.0,75
201600055979,16,8,25,1800,1,2,2,1,2.0,75118,M,4888390.0,234946.0,75
201600055980,16,8,31,1500,1,2,5,1,3.0,75118,M,4888980.0,234293.0,75
201600055981,16,9,1,925,1,2,3,1,6.0,75118,M,4888410.0,234946.0,75
201600055982,16,9,4,700,1,2,2,1,6.0,75118,M,4890130.0,234410.0,75
201600055983,16,9,4,2150,5,2,2,2,6.0,75118,M,4889090.0,235320.0,75
201600055984,16,9,5,830,1,2,2,2,6.0,75118,M,4889340.0,233826.0,75
201600055985,16,9,7,1430,1,2,5,1,6.0,75118,M,4889510.0,235291.0,75
201600055986,16,9,7,1840,1,2,5,1,2.0,75118,M,4889800.0,234414.0,75
201600055987,16,9,7,1900,1,2,2,1,6.0,75117,M,4889770.0,232901.0,75
201600055988,16,9,8,1744,1,2,1,1,6.0,75118,M,4888650.0,234899.0,75
201600055989,16,9,9,1230,1,2,3,1,6.0,75118,M,4888460.0,234717.0,75
201600055990,16,9,9,1550,1,2,1,1,3.0,75118,M,4889840.0,234412.0,75
201600055991,16,9,9,1545,1,2,1,1,6.0,75118,M,4889550.0,233079.0,75
201600055992,16,9,9,1705,1,2,2,1,6.0,75118,M,4888350.0,234695.0,75
201600055993,16,9,10,1,5,2,2,1,3.0,75118,M,4889560.0,234829.0,75