Num_Acc,an,mois,jour,hrmn,lum,agg,int,atm,col,com,gps,lat,long,dep
201600055994,16,9,11,830,2,2,4,1,6.0,75118,M,4889540.0,232824.0,75
201600055995,16,9,12,1040,1,2,3,1,6.0,75118,M,4889640.0,234560.0,75
201600055996,16,9,16,1130,1,2,2,1,6.0,75118,M,4889460.0,234710.0,75
201600055997,16,9,16,1640,1,2,3,1,7.0,75118,M,4888990.0,236359.0,75
201600055998,16,9,17,1830,2,2,4,1,3.0,75118,M,4890040.0,237020.0,75
201600055999,16,9,18,2045,5,2,1,2,6.0,75118,M,4889860.0,234412.0,75
201600056000,16,9,19,1655,1,2,3,1,2.0,75117,M,4889580.0,232833.0,75
201600056001,16,9,22,835,1,2,4,1,3.0,75118,M,4889530.0,234654.0,75
201600056002,16,9,22,1720,1,2,2,1,3.0,75118,M,4889530.0,233754.0,75
201600056003,16,9,26,850,1,2,1,1,6.0,75118,M,4889660.0,233712.0,75
201600056004,16,9,26,1805,1,2,1,1,3.0,75118,M,4889850.0,235660.0,75
201600056005,16,9,27,845,1,2,3,1,6.0,75118,M,4888450.0,234948.0,75
201600056006,16,9,27,945,1,2,2,1,6.0,75118,M,4889030.0,235331.0,75
201600056007,16,9,29,1340,1,2,2,1,3.0,75118,M,4888610.0,236113.0,75
201600056008,16,9,29,1530,1,2,2,1,6.0,75118,M,4888450.0,235932.0,75
201600056009,16,9,30,1615,1,2,4,1,6.0,75118,M,4888920.0,233222.0,75
201600056010,16,10,1,125,5,2,1,2,2.0,75118,M,4888890.0,235987.0,75
201600056011,16,10,2,2344,5,2,5,1,3.0,75118,M,4889300.0,232739.0,75
201600056012,16,10,3,630,5,2,2,1,6.0,75118,M,4889230.0,234234.0,75
201600056013,16,10,4,1945,2,2,1,1,3.0,75118,M,4888920.0,236259.0,75
201600056014,16,10,6,30,5,2,2,1,3.0,75118,M,4888240.0,233791.0,75
201600056015,16,10,6,5,5,2,1,1,6.0,75118,M,4889870.0,236980.0,75
201600056016,16,10,7,635,5,2,2,1,2.0,75118,M,4889870.0,235905.0,75
201600056017,16,10,9,1835,2,2,3,1,3.0,75118,M,4888420.0,234946.0,75
201600056018,16,10,10,1140,1,2,4,1,6.0,75118,M,4889700.0,232876.0,75
201600056019,16,10,10,1540,1,2,2,1,6.0,75118,M,4889170.0,233496.0,75
201600056020,16,10,11,1030,1,2,2,1,6.0,75118,M,4888930.0,234180.0,75
201600056021,16,10,11,1550,1,2,1,1,6.0,75118,M,4888880.0,234958.0,75
201600056022,16,10,12,1156,1,2,3,1,6.0,75118,M,4889180.0,234980.0,75
201600056023,16,10,13,1220,1,2,3,1,7.0,75118,M,4888450.0,234948.0,75
201600056024,16,10,13,1300,1,2,1,1,4.0,75118,M,4888620.0,233190.0,75
201600056025,16,10,13,2210,5,2,3,2,2.0,75118,M,4889170.0,236544.0,75
201600056026,16,10,14,720,2,2,3,1,6.0,75118,M,4888400.0,235126.0,75
201600056027,16,10,14,2030,5,2,1,2,6.0,75118,M,4888900.0,234958.0,75
201600056028,16,10,14,2115,2,2,2,2,3.0,75118,M,4889460.0,234710.0,75
201600056029,16,10,15,1750,1,2,4,1,3.0,75118,M,4888320.0,234528.0,75
201600056030,16,10,16,5,5,2,1,1,6.0,75118,M,4888860.0,234718.0,75
201600056031,16,10,16,1730,1,2,7,1,6.0,75118,M,4889020.0,236022.0,75
201600056032,16,10,17,1500,1,2,2,1,6.0,75118,M,4889930.0,234409.0,75
201600056033,16,10,19,1045,1,2,2,1,6.0,75118,M,4889850.0,235243.0,75
201600056034,16,10,20,807,1,2,5,2,3.0,75110,M,4888430.0,235932.0,75
201600056035,16,10,20,1325,1,2,3,2,3.0,75118,M,4888580.0,236495.0,75
201600056036,16,10,20,1440,1,2,3,2,6.0,75118,M,4889460.0,234710.0,75
201600056037,16,10,20,1500,1,2,3,2,3.0,75118,M,4889960.0,235229.0,75
201600056038,16,10,21,1302,1,2,4,8,6.0,75118,M,4889360.0,234791.0,75
201600056039,16,10,22,1230,1,2,1,1,6.0,75118,M,4888620.0,234951.0,75
201600056040,16,10,23,240,5,2,5,1,3.0,75112,M,4883410.0,241066.0,75
201600056041,16,10,25,1900,5,2,2,1,7.0,75118,M,4889310.0,234019.0,75
201600056042,16,10,26,910,1,2,1,1,3.0,75118,M,4888440.0,232893.0,75
201600056043,16,10,26,1720,1,2,4,1,6.0,75118,M,4888400.0,235172.0,75
201600056044,16,10,27,135,5,2,6,8,6.0,75118,M,4890140.0,237016.0,75
201600056045,16,10,27,556,5,2,2,5,6.0,75118,M,4890050.0,234411.0,75
201600056046,16,10,28,940,1,2,2,1,3.0,75118,M,4888750.0,233331.0,75
201600056047,16,10,29,109,5,2,2,1,3.0,75118,M,4890130.0,234410.0,75
201600056048,16,10,30,400,5,2,3,1,6.0,75118,M,4889090.0,235320.0,75
201600056049,16,10,30,1830,2,2,1,1,1.0,75118,M,4889030.0,235719.0,75
201600056050,16,11,1,1900,5,2,2,1,6.0,75118,M,4889050.0,234958.0,75
201600056051,16,11,2,1515,1,2,2,1,3.0,75118,M,4889560.0,234829.0,75
201600056052,16,11,4,1341,1,2,1,2,6.0,75118,M,4888920.0,233825.0,75
201600056053,16,11,4,2320,5,2,1,2,6.0,75118,M,4890010.0,234411.0,75
201600056054,16,11,9,740,5,2,1,3,6.0,75118,M,4889990.0,234410.0,75
201600056055,16,11,9,1030,1,2,3,3,3.0,75118,M,4888420.0,234946.0,75
201600056056,16,11,9,1920,4,2,7,2,6.0,75118,M,4889310.0,236334.0,75
201600056057,16,11,11,1825,5,2,1,1,6.0,75118,M,4889150.0,233257.0,75
201600056058,16,11,11,1840,1,2,2,1,6.0,75118,M,4889870.0,237027.0,75
201600056059,16,11,9,1930,5,2,1,3,6.0,75118,M,4888430.0,232707.0,75
201600056060,16,11,12,1600,1,2,1,2,2.0,75118,M,4889900.0,235237.0,75
201600056061,16,11,12,2320,5,2,5,2,6.0,75118,M,4888660.0,233262.0,75
201600056062,16,11,16,1515,1,2,2,8,3.0,75118,M,4889670.0,233622.0,75
201600056063,16,11,16,1725,2,2,2,1,6.0,75118,M,4889870.0,235905.0,75
201600056064,16,11,17,1640,1,2,1,1,6.0,75118,M,4889740.0,235914.0,75
201600056065,16,11,20,45,5,2,5,2,3.0,75118,M,4889680.0,233848.0,75
201600056066,16,11,21,1550,1,2,2,8,6.0,75118,M,4888580.0,232635.0,75
201600056067,16,11,22,710,5,2,3,1,6.0,75118,M,4888970.0,234014.0,75
201600056068,16,11,22,1700,1,2,1,1,6.0,75118,M,4889790.0,234045.0,75
201600056069,16,11,23,1740,2,2,5,1,2.0,75118,M,4888460.0,232950.0,75
201600056070,16,11,26,1120,1,2,5,1,3.0,75118,M,4889150.0,234962.0,75
201600056071,16,11,27,230,5,2,7,1,3.0,75118,M,4889250.0,234429.0,75
201600056072,16,11,27,400,5,2,4,1,2.0,75118,M,4889080.0,235987.0,75
201600056073,16,11,27,1855,5,2,4,1,6.0,75118,M,4889750.0,232936.0,75
201600056074,16,11,28,1800,5,2,1,1,3.0,75118,M,4888450.0,236263.0,75
201600056075,16,11,29,1100,1,2,3,1,6.0,75118,M,4888610.0,235947.0,75
201600056076,16,11,29,2040,5,2,1,1,6.0,75118,M,4889840.0,235629.0,75
201600056077,16,11,30,1630,2,2,1,9,6.0,75118,M,4889710.0,234092.0,75
201600056078,16,11,30,1830,2,2,1,1,3.0,75118,M,4889500.0,234674.0,75
201600056079,16,12,2,1015,1,2,5,8,3.0,75118,M,4889850.0,235243.0,75
201600056080,16,12,3,2201,5,2,3,1,6.0,75118,M,4888290.0,234384.0,75
201600056081,16,12,4,1625,1,2,7,1,2.0,75119,M,4890040.0,237020.0,75
201600056082,16,12,5,1828,5,2,4,1,6.0,75118,M,4889740.0,234481.0,75
201600056083,16,12,5,835,1,2,1,1,6.0,75118,M,4889320.0,232824.0,75
201600056084,16,12,8,1630,1,2,1,1,3.0,75118,M,4890040.0,234411.0,75
201600056085,16,12,9,1450,1,2,3,1,3.0,75118,M,4889030.0,232880.0,75
201600056086,16,12,9,1830,5,2,1,1,6.0,75118,M,4888250.0,233762.0,75
201600056087,16,12,11,1510,1,2,2,1,6.0,75118,M,4889190.0,236333.0,75
201600056088,16,12,12,1800,5,2,2,2,6.0,75118,M,4888600.0,235658.0,75
201600056089,16,12,13,1420,1,2,1,1,7.0,75118,M,4889610.0,235285.0,75
201600056090,16,12,14,1520,1,2,1,1,3.0,75118,M,4888420.0,232867.0,75
201600056091,16,12,15,2000,5,2,2,1,6.0,75118,M,4889870.0,237027.0,75
201600056092,16,12,17,1330,1,2,1,1,6.0,75118,M,4889480.0,233024.0,75
201600056093,16,12,20,1630,2,2,3,1,6.0,75118,M,4889060.0,235453.0,75
201600056094,16,12,21,900,1,2,3,1,3.0,75118,M,4889540.0,234643.0,75
201600056095,16,12,21,2230,5,2,3,2,6.0,75118,M,4888410.0,234946.0,75
201600056096,16,12,22,1600,1,2,2,2,6.0,75118,M,4888550.0,234946.0,75
201600056097,16,12,23,1950,5,2,2,1,3.0,75118,M,4889150.0,234962.0,75
201600056098,16,12,24,930,1,2,4,1,2.0,75118,M,4889870.0,235905.0,75
201600056099,16,12,24,1305,1,2,4,8,6.0,75118,M,4889900.0,233634.0,75
201600056100,16,12,25,1238,1,2,3,1,3.0,75118,M,4890050.0,233547.0,75
201600056101,16,12,25,1810,2,2,5,1,7.0,75118,M,4890050.0,234411.0,75
201600056102,16,12,26,1240,1,2,2,2,3.0,75118,M,4888790.0,233365.0,75
201600056103,16,12,26,1630,1,2,2,1,2.0,75118,M,4889270.0,234008.0,75
201600056104,16,12,29,1030,1,2,3,1,6.0,75118,M,4889770.0,233453.0,75
201600056105,16,12,30,2240,5,2,1,1,3.0,75118,M,4889030.0,235882.0,75
201600056106,16,1,2,1,5,2,7,2,7.0,75119,M,4890120.0,238942.0,75
201600056107,16,1,5,15,5,2,5,1,3.0,75110,M,4888230.0,237002.0,75
201600056108,16,1,5,710,5,2,2,2,3.0,75119,M,4888780.0,238925.0,75
201600056109,16,1,6,1400,1,2,2,1,3.0,75119,M,4887950.0,238953.0,75
201600056110,16,1,7,755,5,2,4,2,6.0,75119,M,4888590.0,239655.0,75
201600056111,16,1,7,1520,1,2,7,1,6.0,75119,M,4888410.0,236886.0,75
201600056112,16,1,7,1840,5,2,2,1,6.0,75119,M,4888260.0,238033.0,75
201600056113,16,1,8,220,5,2,2,1,6.0,75119,M,4887840.0,237423.0,75
201600056114,16,1,8,1430,1,2,4,1,6.0,75119,M,4888840.0,239062.0,75
201600056115,16,1,9,1148,1,2,4,1,1.0,75119,M,4888930.0,239683.0,75
201600056116,16,1,11,1120,1,2,1,2,6.0,75119,M,4889440.0,237451.0,75
201600056117,16,1,13,1240,1,2,2,8,6.0,75119,M,4889600.0,238346.0,75
201600056118,16,1,14,1000,1,2,2,3,6.0,75119,M,4888200.0,240247.0,75
201600056119,16,1,14,1805,2,2,1,2,4.0,75119,M,4888230.0,237081.0,75
201600056120,16,1,15,1250,1,2,5,1,3.0,75119,M,4888930.0,237125.0,75
201600056121,16,1,19,1628,1,2,3,8,6.0,75119,M,4889710.0,239222.0,75
201600056122,16,1,21,1100,1,2,2,1,6.0,75119,M,4888790.0,237992.0,75
201600056123,16,1,22,1010,1,2,6,1,2.0,75119,M,4887830.0,237062.0,75
201600056124,16,1,22,1300,1,2,1,1,3.0,75119,M,4888920.0,239387.0,75
201600056125,16,1,22,2015,5,2,5,1,6.0,75119,M,4888590.0,238220.0,75
201600056126,16,1,26,840,1,2,1,1,3.0,75119,M,4889030.0,239533.0,75
201600056127,16,1,26,1555,1,2,2,1,6.0,75119,M,4887910.0,238994.0,75
201600056128,16,1,27,830,2,2,1,2,6.0,75119,M,4888540.0,238568.0,75
201600056129,16,1,28,105,5,2,2,1,6.0,75119,M,4888010.0,239193.0,75
201600056130,16,1,28,1420,1,2,3,1,2.0,75119,M,4887770.0,238122.0,75
201600056131,16,1,28,1430,1,2,1,1,6.0,75119,M,4887640.0,237649.0,75
201600056132,16,1,28,1600,1,2,5,1,6.0,75119,M,4888930.0,237125.0,75
201600056133,16,1,28,2040,5,2,5,1,3.0,75119,M,4889370.0,237331.0,75
201600056134,16,1,28,1300,1,2,1,1,6.0,75119,M,4888250.0,239316.0,75
201600056135,16,1,29,2220,5,2,1,1,6.0,75119,M,4889400.0,238132.0,75
201600056136,16,1,30,1900,5,2,2,2,3.0,75119,M,4889870.0,237027.0,75
201600056137,16,2,1,1750,5,2,2,1,3.0,75119,M,4888320.0,238791.0,75
201600056138,16,2,4,2230,5,2,5,8,3.0,75119,M,4888280.0,237033.0,75
201600056139,16,2,5,1450,1,2,1,1,3.0,75119,M,4889870.0,237352.0,75
201600056140,16,2,6,125,5,2,1,1,2.0,75119,M,4888220.0,237038.0,75
201600056141,16,2,8,1745,2,2,3,2,3.0,75119,M,4888430.0,237588.0,75
201600056142,16,2,9,1330,1,2,2,1,6.0,75119,M,4887900.0,239809.0,75
201600056143,16,2,9,1915,5,2,2,2,6.0,75119,M,4888780.0,238925.0,75
201600056144,16,2,10,1430,1,2,3,1,6.0,75119,M,4888580.0,238772.0,75
201600056145,16,2,13,1415,1,2,1,3,6.0,75119,M,4889620.0,237505.0,75
201600056146,16,2,13,1530,1,2,1,2,3.0,75119,M,4888920.0,239387.0,75
201600056147,16,2,13,1905,5,2,3,2,3.0,75119,M,4889870.0,237027.0,75
201600056148,16,2,17,1340,1,2,2,1,6.0,75119,M,4887630.0,237961.0,75
201600056149,16,2,17,2230,5,2,2,1,3.0,75119,M,4888120.0,237325.0,75
201600056150,16,2,18,1050,1,2,4,8,6.0,75119,M,4888460.0,239676.0,75
201600056151,16,2,19,150,5,2,1,1,6.0,75119,M,4887860.0,238965.0,75
201600056152,16,2,20,2110,5,2,1,1,2.0,75119,M,4888860.0,238732.0,75
201600056153,16,2,22,1345,1,2,2,1,6.0,75119,M,4888830.0,237413.0,75
201600056154,16,2,24,1045,1,2,7,1,3.0,75119,M,4887210.0,237705.0,75
201600056155,16,2,28,2040,5,2,1,8,3.0,75119,M,4888650.0,237190.0,75
201600056156,16,3,2,1215,1,2,7,1,6.0,75110,M,4887060.0,236120.0,75
201600056157,16,3,3,2040,5,2,1,1,1.0,75119,M,4889720.0,239160.0,75
201600056158,16,3,3,2010,5,2,7,1,7.0,75119,M,4890040.0,237020.0,75
201600056159,16,3,5,130,5,2,5,2,3.0,75119,M,4887540.0,239221.0,75
201600056160,16,3,8,850,1,2,1,1,6.0,75119,M,4888190.0,237158.0,75
201600056161,16,3,11,815,1,2,1,1,2.0,75119,M,4887320.0,238172.0,75
201600056162,16,3,12,1735,1,2,1,1,6.0,75119,M,4889740.0,238519.0,75
201600056163,16,3,12,2340,5,2,1,1,3.0,75119,M,4888360.0,237315.0,75
201600056164,16,3,16,1440,1,2,1,1,6.0,75119,M,4888220.0,238824.0,75
201600056165,16,3,17,1000,1,2,3,1,3.0,75119,M,4888420.0,238419.0,75
201600056166,16,3,18,1400,1,2,2,1,2.0,75119,M,4889310.0,238410.0,75
201600056167,16,3,19,1000,1,2,1,1,3.0,75119,M,4888690.0,237239.0,75
201600056168,16,3,20,1615,1,2,3,8,6.0,75119,M,4887340.0,238260.0,75
201600056169,16,3,22,1610,1,2,2,1,3.0,75119,M,4888220.0,238195.0,75
201600056170,16,3,24,1645,1,2,1,1,6.0,75119,M,4888780.0,238064.0,75
201600056171,16,3,24,2200,5,2,1,1,6.0,75119,M,4888310.0,238640.0,75
201600056172,16,3,27,700,2,2,1,1,6.0,75119,M,4888280.0,236999.0,75
201600056173,16,3,27,1311,1,2,1,1,3.0,75119,M,4887980.0,237198.0,75
201600056174,16,3,29,440,5,2,1,1,6.0,75119,M,4887730.0,239266.0,75
201600056175,16,3,30,950,1,2,3,8,3.0,75119,M,4888700.0,238631.0,75
201600056176,16,3,30,210,5,2,1,2,6.0,75119,M,4888900.0,237432.0,75
201600056177,16,3,31,910,1,2,1,2,7.0,75119,M,4888240.0,240132.0,75
201600056178,16,4,1,1500,1,2,1,1,2.0,75119,M,4888900.0,239392.0,75
201600056179,16,4,1,1800,4,2,1,1,6.0,75119,M,4888360.0,238075.0,75
201600056180,16,4,1,2155,5,2,3,1,6.0,75119,M,4889110.0,237761.0,75
201600056181,16,4,1,1240,1,2,1,1,3.0,75119,M,4888220.0,238640.0,75
201600056182,16,4,2,1533,1,2,3,1,3.0,75119,M,4889370.0,238487.0,75
201600056183,16,4,3,5,5,2,1,2,6.0,75119,M,4889870.0,237153.0,75
201600056184,16,4,3,310,5,2,3,2,3.0,75119,M,4888250.0,238260.0,75
201600056185,16,4,3,1430,1,2,1,1,3.0,75119,M,4888110.0,237039.0,75
201600056186,16,4,4,830,1,2,2,1,6.0,75119,M,4888880.0,238590.0,75
201600056187,16,4,7,1350,1,2,1,1,6.0,75119,M,4888440.0,236647.0,75
201600056188,16,4,8,654,2,2,7,1,3.0,75119,M,4888990.0,239559.0,75
201600056189,16,4,8,655,1,2,7,8,4.0,75119,M,4888930.0,239683.0,75
201600056190,16,4,8,1100,1,2,2,1,7.0,75119,M,4888610.0,238305.0,75
201600056191,16,4,12,1605,1,2,1,1,6.0,75119,M,4888800.0,237048.0,75
201600056192,16,4,13,1215,1,2,5,1,3.0,75119,M,4888590.0,238220.0,75
201600056193,16,4,14,55,5,2,4,1,6.0,75119,M,4887930.0,238437.0,75
201600056194,16,4,14,920,1,2,1,1,3.0,75119,M,4888360.0,238924.0,75
201600056195,16,4,16,240,5,2,3,1,6.0,75119,M,4888700.0,238631.0,75
201600056196,16,4,16,1545,1,2,1,1,6.0,75119,M,4888750.0,237317.0,75
201600056197,16,4,19,644,2,2,5,1,3.0,75119,M,4887760.0,239552.0,75
201600056198,16,4,20,745,1,2,4,1,3.0,75110,M,4887780.0,236159.0,75
201600056199,16,4,20,1545,1,2,2,1,6.0,75119,M,4889870.0,237027.0,75
201600056200,16,4,24,1405,1,2,1,8,3.0,75119,M,4888560.0,238098.0,75
201600056201,16,4,25,1650,1,2,1,1,1.0,75119,M,4887480.0,238286.0,75
201600056202,16,4,28,1045,1,2,1,1,6.0,75119,M,4888760.0,238938.0,75
201600056203,16,4,28,2255,5,2,5,1,3.0,75119,M,4888590.0,238220.0,75
201600056204,16,4,29,1825,1,2,2,1,6.0,75119,M,4889530.0,237189.0,75
201600056205,16,5,4,1910,1,2,3,1,1.0,75119,M,4889090.0,238390.0,75
201600056206,16,5,8,1530,1,2,1,1,3.0,75119,M,4887640.0,237725.0,75
201600056207,16,5,12,1600,1,2,2,8,6.0,75119,M,4888300.0,238552.0,75
201600056208,16,5,14,2245,5,2,7,1,3.0,75119,M,4888410.0,236886.0,75
201600056209,16,5,15,1635,1,2,1,1,3.0,75119,M,4888980.0,237542.0,75
201600056210,16,5,15,2215,5,2,2,1,3.0,75119,M,4889870.0,237027.0,75
201600056211,16,5,16,950,1,2,2,1,3.0,75119,M,4889870.0,237027.0,75
201600056212,16,5,18,1615,1,2,1,2,2.0,75119,M,4887530.0,239623.0,75
201600056213,16,5,21,1630,1,2,1,1,6.0,75118,M,4889440.0,235285.0,75
201600056214,16,5,22,1915,1,2,3,2,2.0,75119,M,4888430.0,239125.0,75
201600056215,16,5,23,1120,1,2,1,2,6.0,75119,M,4888930.0,237535.0,75
201600056216,16,5,23,1400,1,2,2,1,6.0,75119,M,4888200.0,240247.0,75
201600056217,16,5,23,1610,1,2,1,8,3.0,75119,M,4889830.0,239347.0,75
201600056218,16,5,25,1840,1,2,1,1,6.0,75119,M,4889350.0,237362.0,75
201600056219,16,5,26,100,5,2,1,1,2.0,75119,M,4889170.0,238017.0,75
201600056220,16,5,26,1150,1,2,2,1,6.0,75119,M,4888780.0,238925.0,75
201600056221,16,5,27,1550,1,2,5,1,3.0,75119,M,4887760.0,239552.0,75
201600056222,16,5,27,1330,1,2,1,1,6.0,75119,M,4888430.0,237606.0,75
201600056223,16,5,30,1230,1,2,3,2,3.0,75119,M,4888360.0,237331.0,75
201600056224,16,5,30,2015,2,2,3,2,3.0,75119,M,4889010.0,237736.0,75
201600056225,16,5,31,230,5,2,1,3,6.0,75119,M,4888710.0,238670.0,75
201600056226,16,5,31,2117,5,2,7,2,6.0,75119,M,4888410.0,236886.0,75
201600056227,16,6,1,1345,1,2,1,1,6.0,75119,M,4888430.0,236795.0,75
201600056228,16,6,2,231,5,2,3,2,6.0,75118,M,4889570.0,237135.0,75
201600056229,16,6,4,1730,1,2,3,1,6.0,75119,M,4888570.0,236837.0,75
201600056230,16,6,8,1605,1,2,1,1,6.0,75119,M,4888230.0,237473.0,75
201600056231,16,6,9,1220,1,2,3,1,6.0,75119,M,4888730.0,237290.0,75
201600056232,16,6,9,1630,1,2,2,1,3.0,75119,M,4889110.0,237372.0,75
201600056233,16,6,10,1800,1,2,3,1,3.0,75119,M,4888430.0,239125.0,75
201600056234,16,6,11,215,5,2,3,1,2.0,75119,M,4888730.0,237290.0,75
201600056235,16,6,11,1615,1,2,4,1,6.0,75119,M,4890040.0,237152.0,75
201600056236,16,6,13,625,1,2,1,1,2.0,75119,M,4888890.0,239341.0,75
201600056237,16,6,15,1800,1,2,1,8,2.0,75119,M,4888030.0,240828.0,75
201600056238,16,6,18,1820,1,2,5,2,6.0,75119,M,4887880.0,240162.0,75
201600056239,16,6,20,1240,1,2,1,2,6.0,75119,M,4888270.0,237764.0,75
201600056240,16,6,20,1400,1,2,1,3,6.0,75119,M,4887260.0,237883.0,75
201600056241,16,6,22,1900,1,2,1,1,6.0,75119,M,4888750.0,238658.0,75
201600056242,16,6,23,730,1,2,1,1,3.0,75119,M,4888920.0,239387.0,75
201600056243,16,6,23,1330,1,2,5,1,4.0,75119,M,4889050.0,237686.0,75
201600056244,16,6,24,1735,1,2,1,1,6.0,75119,M,4889510.0,238268.0,75
201600056245,16,6,25,130,5,2,3,1,1.0,75119,M,4887640.0,239308.0,75
201600056246,16,6,26,1355,1,2,1,1,3.0,75119,M,4889020.0,239837.0,75
201600056247,16,6,26,2255,5,2,1,1,7.0,75119,M,4888630.0,237674.0,75
201600056248,16,6,27,900,1,2,1,2,6.0,75119,M,4888920.0,239387.0,75
201600056249,16,6,28,845,1,2,3,1,3.0,75119,M,4887720.0,237412.0,75
201600056250,16,6,30,2015,1,2,7,1,3.0,75119,M,4888410.0,236886.0,75
201600056251,16,7,1,1725,1,2,1,1,6.0,75119,M,4887480.0,237402.0,75
201600056252,16,7,1,1850,1,2,3,1,6.0,75119,M,4889750.0,238544.0,75
201600056253,16,7,2,34,5,2,3,1,3.0,75119,M,4888450.0,237692.0,75
201600056254,16,7,1,1310,1,2,3,1,3.0,75119,M,4887630.0,237603.0,75
201600056255,16,7,1,2140,2,2,1,1,6.0,75119,M,4888810.0,239060.0,75
201600056256,16,7,4,1030,1,2,1,1,7.0,75119,M,4889160.0,237572.0,75
201600056257,16,7,5,1100,1,2,2,8,6.0,75119,M,4888100.0,237385.0,75
201600056258,16,7,7,1615,1,2,2,1,6.0,75119,M,4888640.0,239523.0,75
201600056259,16,7,7,1835,1,2,3,1,3.0,75119,M,4888530.0,237185.0,75
201600056260,16,7,10,215,5,2,3,1,6.0,75119,M,4889000.0,239794.0,75
201600056261,16,7,10,1040,1,2,3,7,6.0,75118,M,4889420.0,235283.0,75
201600056262,16,7,10,1400,1,2,1,1,3.0,75119,M,4888400.0,237487.0,75
201600056263,16,7,11,114,5,2,2,1,3.0,75119,M,4887840.0,237423.0,75
201600056264,16,7,11,1010,1,2,1,1,6.0,75119,M,4888940.0,237545.0,75
201600056265,16,7,11,2035,1,2,1,1,6.0,75119,M,4888310.0,238699.0,75
201600056266,16,7,11,2045,1,2,5,1,2.0,75119,M,4887640.0,237813.0,75
201600056267,16,7,12,1600,1,2,1,1,6.0,75119,M,4888430.0,238632.0,75
201600056268,16,7,13,850,1,2,7,1,7.0,75119,M,4888410.0,236886.0,75
201600056269,16,7,13,1215,1,2,3,1,4.0,75119,M,4888880.0,239312.0,75
201600056270,16,7,17,1740,1,2,2,1,3.0,75119,M,4888640.0,239434.0,75
201600056271,16,7,21,1242,1,2,1,1,2.0,75119,M,4888930.0,237535.0,75
201600056272,16,7,22,550,1,2,2,1,6.0,75119,M,4889230.0,237910.0,75
201600056273,16,7,22,1320,1,2,1,1,2.0,75119,M,4888990.0,239741.0,75
201600056274,16,7,22,1750,1,2,2,1,6.0,75119,M,4888570.0,237091.0,75
201600056275,16,7,23,1730,1,2,2,1,3.0,75119,M,4887760.0,240181.0,75
201600056276,16,7,25,1115,1,2,1,1,6.0,75119,M,4889350.0,238059.0,75
201600056277,16,7,26,1105,1,2,2,1,2.0,75119,M,4888790.0,237992.0,75
201600056278,16,7,27,1730,1,2,5,1,2.0,75119,M,4887890.0,237847.0,75
201600056279,16,7,27,2113,5,2,1,1,6.0,75119,M,4888830.0,239139.0,75
201600056280,16,7,31,1950,1,2,5,1,3.0,75119,M,4888320.0,238791.0,75
201600056281,16,8,2,915,1,2,3,1,3.0,75119,M,4888450.0,237692.0,75
201600056282,16,8,2,1215,1,2,5,2,7.0,75119,M,4887560.0,238184.0,75
201600056283,16,8,2,1350,1,2,3,2,6.0,75119,M,4888410.0,239052.0,75
201600056284,16,8,2,1825,1,2,7,2,2.0,75119,M,4889980.0,238781.0,75
201600056285,16,8,3,740,1,2,2,2,6.0,75119,M,4887840.0,237423.0,75
201600056286,16,8,3,1405,1,2,2,1,3.0,75119,M,4889870.0,237027.0,75
201600056287,16,8,7,30,5,2,2,1,6.0,75110,M,4888400.0,236870.0,75
201600056288,16,8,10,1610,1,2,1,1,6.0,75119,M,4888420.0,236823.0,75
201600056289,16,8,12,1000,1,2,2,1,2.0,75119,M,4889870.0,237027.0,75
201600056290,16,8,12,1150,1,2,2,1,6.0,75119,M,4888120.0,237325.0,75
201600056291,16,8,20,1825,1,2,3,1,3.0,75119,M,4888730.0,237290.0,75
201600056292,16,8,21,1715,1,2,1,1,6.0,75119,M,4889170.0,237833.0,75
201600056293,16,8,22,1120,1,2,3,1,6.0,75119,M,4887470.0,238742.0,75
201600056294,16,8,24,45,5,2,3,1,2.0,75119,M,4888420.0,238419.0,75
201600056295,16,8,25,1020,1,2,2,1,3.0,75119,M,4889050.0,237686.0,75
201600056296,16,8,27,2000,1,2,3,1,7.0,75119,M,4888040.0,237117.0,75
201600056297,16,8,30,1751,1,2,5,1,2.0,75119,M,4889050.0,237686.0,75
201600056298,16,8,30,1930,1,2,2,1,3.0,75119,M,4888850.0,239190.0,75
201600056299,16,9,2,910,1,2,2,1,6.0,75119,M,4887820.0,239790.0,75
201600056300,16,9,2,845,1,2,1,1,6.0,75119,M,4888610.0,239034.0,75
201600056301,16,9,2,1440,1,2,3,1,6.0,75119,M,4887780.0,237408.0,75
201600056302,16,9,3,1530,1,2,1,1,2.0,75119,M,4888190.0,237038.0,75
201600056303,16,9,4,615,5,2,2,2,7.0,75119,M,4888460.0,237709.0,75
201600056304,16,9,4,1300,1,2,1,1,6.0,75119,M,4889170.0,237831.0,75