Num_Acc,an,mois,jour,hrmn,lum,agg,int,atm,col,com,gps,lat,long,dep
201600056305,16,9,9,1130,1,2,1,1,6.0,75119,M,4888510.0,236536.0,75
201600056306,16,9,10,2015,2,2,7,1,6.0,75119,M,4888410.0,236886.0,75
201600056307,16,9,11,1355,1,2,7,2,6.0,75119,M,4888280.0,237033.0,75
201600056308,16,9,11,2050,5,2,1,1,6.0,75119,M,4887400.0,237538.0,75
201600056309,16,9,13,820,1,2,2,1,3.0,75119,M,4888570.0,237091.0,75
201600056310,16,9,14,1445,1,2,1,1,6.0,75119,M,4888960.0,237795.0,75
201600056311,16,9,14,1400,1,2,2,1,3.0,75119,M,4888780.0,238925.0,75
201600056312,16,9,17,1650,1,2,1,1,6.0,75119,M,4888230.0,237473.0,75
201600056313,16,9,18,820,1,2,2,8,3.0,75118,M,4889120.0,235160.0,75
201600056314,16,9,20,1000,1,2,1,1,3.0,75119,M,4887870.0,237681.0,75
201600056315,16,9,21,949,1,2,2,1,6.0,75119,M,4887840.0,237423.0,75
201600056316,16,9,22,1340,1,2,1,1,6.0,75119,M,4888860.0,239227.0,75
201600056317,16,9,23,1210,1,2,2,1,6.0,75119,M,4887840.0,237423.0,75
201600056318,16,9,24,1100,1,2,1,1,6.0,75119,M,4887850.0,237477.0,75
201600056319,16,9,25,1000,1,2,1,1,3.0,75119,M,4889610.0,237419.0,75
201600056320,16,9,27,635,2,2,5,1,3.0,75119,M,4888620.0,239647.0,75
201600056321,16,9,30,135,4,2,1,1,6.0,75119,M,4887640.0,237725.0,75
201600056322,16,9,30,1900,2,2,3,2,3.0,75119,M,4889510.0,238273.0,75
201600056323,16,10,1,1930,5,2,2,1,6.0,75119,M,4888130.0,239670.0,75
201600056324,16,10,1,1915,2,2,1,1,3.0,75119,M,4887980.0,237041.0,75
201600056325,16,10,4,2045,5,2,3,1,6.0,75119,M,4887670.0,239551.0,75
201600056326,16,10,6,815,1,2,1,1,3.0,75119,M,4889490.0,239492.0,75
201600056327,16,10,6,850,1,2,3,1,3.0,75119,M,4888450.0,237692.0,75
201600056328,16,10,8,1940,5,2,1,1,2.0,75119,M,4888240.0,238618.0,75
201600056329,16,10,10,1323,1,2,1,1,6.0,75119,M,4888560.0,238098.0,75
201600056330,16,10,11,1845,2,2,3,1,3.0,75119,M,4888640.0,239395.0,75
201600056331,16,10,11,2300,5,2,3,1,2.0,75119,M,4888590.0,239655.0,75
201600056332,16,10,13,1940,5,2,1,2,4.0,75119,M,4889570.0,239469.0,75
201600056333,16,10,14,830,1,2,4,1,6.0,75118,M,4889870.0,235905.0,75
201600056334,16,10,14,1700,1,2,5,2,6.0,75119,M,4888320.0,238791.0,75
201600056335,16,10,16,1200,1,2,4,1,6.0,75119,M,4889280.0,237434.0,75
201600056336,16,10,18,905,1,2,1,1,3.0,75119,M,4889540.0,238305.0,75
201600056337,16,10,18,1940,5,2,1,2,3.0,75119,M,4888730.0,238466.0,75
201600056338,16,10,19,1515,1,2,1,1,3.0,75119,M,4888960.0,236906.0,75
201600056339,16,10,20,1115,1,2,2,8,6.0,75119,M,4887280.0,237981.0,75
201600056340,16,10,21,1735,1,1,1,1,3.0,75119,M,4890050.0,238971.0,75
201600056341,16,10,22,2040,5,2,1,1,2.0,75119,M,4888340.0,238870.0,75
201600056342,16,10,22,2150,5,2,1,1,6.0,75119,M,4889500.0,238046.0,75
201600056343,16,10,23,317,5,2,3,1,3.0,75119,M,4887700.0,240599.0,75
201600056344,16,10,23,1545,1,2,1,2,4.0,75119,M,4888450.0,236529.0,75
201600056345,16,10,23,1500,1,2,1,1,7.0,75119,M,4887790.0,238132.0,75
201600056346,16,10,24,830,2,2,2,2,6.0,75119,M,4888620.0,239647.0,75
201600056347,16,10,24,2145,5,2,1,2,6.0,75119,M,4888710.0,237835.0,75
201600056348,16,10,25,1610,1,2,2,1,7.0,75119,M,4887350.0,238303.0,75
201600056349,16,10,26,1412,1,2,3,1,6.0,75119,M,4888500.0,237878.0,75
201600056350,16,10,27,1700,1,2,3,1,6.0,75119,M,4888830.0,239024.0,75
201600056351,16,10,28,1705,1,2,1,1,3.0,75110,M,4887480.0,237363.0,75
201600056352,16,10,28,2020,5,2,1,1,3.0,75119,M,4889260.0,237554.0,75
201600056353,16,10,29,1900,2,2,2,1,6.0,75119,M,4887520.0,239533.0,75
201600056354,16,10,31,730,1,2,2,1,4.0,75119,M,4889480.0,238230.0,75
201600056355,16,10,31,1540,1,2,1,1,6.0,75119,M,4889260.0,237948.0,75
201600056356,16,10,31,2245,5,2,1,1,2.0,75119,M,4888680.0,237224.0,75
201600056357,16,11,5,245,5,2,5,1,4.0,75119,M,4889060.0,237641.0,75
201600056358,16,11,5,2115,5,2,2,1,3.0,75119,M,4888830.0,237413.0,75
201600056359,16,11,10,2010,5,2,2,2,3.0,75119,M,4888570.0,237091.0,75
201600056360,16,11,11,1910,5,2,5,1,3.0,75119,M,4889230.0,237910.0,75
201600056361,16,11,13,230,5,2,1,2,6.0,75119,M,4888870.0,239278.0,75
201600056362,16,1,21,1415,1,2,3,1,3.0,75119,M,4887440.0,238625.0,75
201600056363,16,11,16,810,1,2,2,2,3.0,75119,M,4888880.0,238590.0,75
201600056364,16,11,18,25,5,2,1,3,2.0,75119,M,4889660.0,239445.0,75
201600056365,16,11,18,1120,1,2,3,1,6.0,75119,M,4888730.0,236704.0,75
201600056366,16,11,18,1545,1,2,2,1,6.0,75119,M,4889230.0,237910.0,75
201600056367,16,11,18,1945,5,2,3,1,6.0,75119,M,4888250.0,237038.0,75
201600056368,16,11,19,2030,5,2,1,1,3.0,75119,M,4889880.0,237647.0,75
201600056369,16,11,20,1015,1,2,3,2,3.0,75119,M,4889510.0,238273.0,75
201600056370,16,11,22,925,1,2,1,1,2.0,75119,M,4887610.0,239791.0,75
201600056371,16,11,23,645,2,2,2,2,6.0,75110,M,4887950.0,236805.0,75
201600056372,16,11,23,1400,1,2,7,1,6.0,75119,M,4888930.0,239683.0,75
201600056373,16,11,24,1334,1,2,1,1,3.0,75119,M,4888200.0,237038.0,75
201600056374,16,11,29,900,1,2,5,1,6.0,75119,M,4887880.0,240162.0,75
201600056375,16,11,29,850,1,2,5,1,7.0,75119,M,4887880.0,240162.0,75
201600056376,16,11,29,2000,5,2,4,1,6.0,75119,M,4887680.0,240544.0,75
201600056377,16,11,30,2240,5,2,1,1,3.0,75119,M,4889520.0,239414.0,75
201600056378,16,12,1,1350,1,2,1,1,7.0,75119,M,4887640.0,237871.0,75
201600056379,16,12,1,1710,2,2,1,1,6.0,75119,M,4889120.0,237771.0,75
201600056380,16,12,2,58,5,2,3,1,6.0,75119,M,4889180.0,237246.0,75
201600056381,16,12,3,1630,2,2,3,1,6.0,75119,M,4887250.0,237853.0,75
201600056382,16,12,5,1535,1,2,1,1,6.0,75119,M,4889550.0,238316.0,75
201600056383,16,12,6,1455,1,2,3,1,4.0,75119,M,4889510.0,238273.0,75
201600056384,16,12,6,1640,2,2,1,1,6.0,75120,M,4887680.0,240539.0,75
201600056385,16,12,8,800,1,2,2,1,3.0,75119,M,4887820.0,239790.0,75
201600056386,16,12,8,1800,5,2,1,1,6.0,75119,M,4888940.0,237820.0,75
201600056387,16,12,11,1705,2,2,3,1,2.0,75119,M,4888520.0,237935.0,75
201600056388,16,12,14,1022,1,2,1,1,3.0,75119,M,4889500.0,238256.0,75
201600056389,16,12,14,1330,1,2,3,1,5.0,75119,M,4888040.0,237960.0,75
201600056390,16,12,15,1630,1,2,2,1,6.0,75119,M,4887600.0,240250.0,75
201600056391,16,12,16,10,5,2,2,1,3.0,75119,M,4887840.0,237423.0,75
201600056392,16,12,16,1815,5,2,1,1,3.0,75119,M,4889870.0,238376.0,75
201600056393,16,12,18,1855,5,2,1,1,2.0,75119,M,4888830.0,239111.0,75
201600056394,16,12,19,215,5,2,2,1,7.0,75119,M,4888600.0,239808.0,75
201600056395,16,12,20,2335,5,2,5,1,6.0,75120,M,4886500.0,239550.0,75
201600056396,16,12,21,115,5,2,1,1,6.0,75119,M,4889200.0,237872.0,75
201600056397,16,12,22,1840,5,2,1,1,3.0,75119,M,4887830.0,240329.0,75
201600056398,16,12,24,245,5,2,5,2,6.0,75119,M,4887960.0,239962.0,75
201600056399,16,12,26,1630,1,2,1,1,2.0,75119,M,4888470.0,238360.0,75
201600056400,16,12,28,2345,5,2,2,1,2.0,75119,M,4887560.0,238184.0,75
201600056401,16,1,3,1215,1,2,7,2,6.0,75120,M,4887750.0,240962.0,75
201600056402,16,1,4,1430,1,2,1,1,3.0,75120,M,4885660.0,239501.0,75
201600056403,16,1,5,1720,1,2,1,1,2.0,75119,M,4887840.0,240819.0,75
201600056404,16,1,6,2030,5,2,3,1,3.0,75120,M,4887150.0,237766.0,75
201600056405,16,1,6,2100,5,2,1,1,1.0,75120,M,4887260.0,237899.0,75
201600056406,16,1,6,2150,5,2,1,1,4.0,75120,M,4886460.0,240680.0,75
201600056407,16,1,7,1420,1,2,3,1,3.0,75120,M,4886730.0,240225.0,75
201600056408,16,1,8,2315,5,2,4,1,3.0,75120,M,4887110.0,239302.0,75
201600056409,16,1,9,2025,5,2,7,1,6.0,75120,M,4886510.0,239830.0,75
201600056410,16,1,9,2330,5,2,4,2,2.0,75120,M,4886760.0,241394.0,75
201600056411,16,1,10,108,5,2,2,9,6.0,75120,M,4886460.0,240587.0,75
201600056412,16,1,10,700,5,2,1,1,6.0,75120,M,4886530.0,241238.0,75
201600056413,16,1,10,1100,1,2,5,1,3.0,75120,M,4884880.0,239924.0,75
201600056414,16,1,11,1510,1,2,2,1,3.0,75120,M,4885920.0,240210.0,75
201600056415,16,1,13,1615,1,2,7,1,2.0,75120,M,4886470.0,239862.0,75
201600056416,16,1,14,905,1,2,7,2,6.0,75120,M,4884700.0,241503.0,75
201600056417,16,1,15,125,5,2,7,1,2.0,75120,M,4886480.0,241201.0,75
201600056418,16,1,19,820,1,2,1,1,4.0,75120,M,4886350.0,239004.0,75
201600056419,16,1,22,810,2,2,5,1,3.0,75120,M,4886290.0,238742.0,75
201600056420,16,1,22,950,1,2,1,1,6.0,75120,M,4885530.0,241116.0,75
201600056421,16,1,22,1410,1,2,3,2,2.0,75120,M,4887530.0,239354.0,75
201600056422,16,1,22,2305,5,2,3,2,3.0,75120,M,4886830.0,238628.0,75
201600056423,16,1,24,1730,2,2,5,1,3.0,75120,M,4887720.0,240668.0,75
201600056424,16,1,26,745,5,2,2,1,3.0,75120,M,4884700.0,241119.0,75
201600056425,16,1,26,1650,1,2,4,1,3.0,75120,M,4886470.0,240354.0,75
201600056426,16,1,29,430,5,2,1,1,3.0,75120,M,4885490.0,241401.0,75
201600056427,16,1,31,505,5,2,4,2,6.0,75120,M,4885450.0,241434.0,75
201600056428,16,1,31,1505,1,2,5,2,3.0,75120,M,4887720.0,240668.0,75
201600056429,16,2,2,1845,5,2,1,2,6.0,75120,M,4886380.0,241351.0,75
201600056430,16,2,4,1820,5,2,1,2,6.0,75120,M,4886920.0,240224.0,75
201600056431,16,2,5,2010,5,2,2,1,3.0,75120,M,4886790.0,240891.0,75
201600056432,16,2,6,1620,1,2,2,1,3.0,75120,M,4886460.0,240457.0,75
201600056433,16,2,8,1105,1,2,1,1,6.0,75112,M,4883730.0,244054.0,75
201600056434,16,2,9,950,1,2,6,2,6.0,75120,M,4885450.0,241434.0,75
201600056435,16,2,9,1910,2,2,1,2,6.0,75120,M,4886740.0,238454.0,75
201600056436,16,2,11,915,1,2,2,1,7.0,75120,M,4884930.0,241632.0,75
201600056437,16,2,12,1750,5,2,2,2,6.0,75120,M,4884890.0,240655.0,75
201600056438,16,2,17,1120,1,2,1,1,3.0,75120,M,4886800.0,238676.0,75
201600056439,16,2,19,1450,1,2,2,1,3.0,75120,M,4887520.0,239533.0,75
201600056440,16,2,20,1355,1,2,2,2,6.0,75120,M,4885920.0,240210.0,75
201600056441,16,2,21,2000,5,2,2,1,2.0,75120,M,4885190.0,240134.0,75
201600056442,16,2,23,725,2,2,4,2,6.0,75120,M,4886590.0,239934.0,75
201600056443,16,2,25,1735,1,2,2,1,6.0,75120,M,4885130.0,239842.0,75
201600056444,16,2,26,1422,1,2,3,1,6.0,75120,M,4885710.0,239366.0,75
201600056445,16,2,27,1815,2,2,2,1,6.0,75120,M,4884900.0,240772.0,75
201600056446,16,2,29,940,1,2,5,1,6.0,75119,M,4887410.0,238568.0,75
201600056447,16,2,29,1700,1,2,1,1,6.0,75120,M,4885050.0,241520.0,75
201600056448,16,3,4,1950,5,2,5,2,6.0,75120,M,4887170.0,240437.0,75
201600056449,16,3,4,1905,5,2,3,2,6.0,75120,M,4887440.0,238625.0,75
201600056450,16,3,6,30,5,2,3,1,2.0,75119,M,4887530.0,239354.0,75
201600056451,16,3,6,25,5,2,3,1,6.0,75112,M,4882420.0,241996.0,75
201600056452,16,3,8,1950,5,2,1,1,3.0,75120,M,4886120.0,241378.0,75
201600056453,16,3,9,1250,1,2,5,8,6.0,75120,M,4886710.0,238325.0,75
201600056454,16,3,9,1920,5,2,7,1,6.0,75120,M,4886020.0,240416.0,75
201600056455,16,3,11,930,1,2,3,1,3.0,75120,M,4885990.0,238898.0,75
201600056456,16,3,11,1330,1,2,1,1,6.0,75120,M,4887280.0,239413.0,75
201600056457,16,3,12,1825,1,2,1,1,3.0,75120,M,4885010.0,241119.0,75
201600056458,16,3,12,2100,5,2,3,1,6.0,75120,M,4885230.0,240405.0,75
201600056459,16,3,15,1830,1,2,3,1,3.0,75120,M,4886670.0,238700.0,75
201600056460,16,3,16,1110,1,2,2,1,6.0,75120,M,4887080.0,239924.0,75
201600056461,16,3,18,1220,1,2,2,1,3.0,75120,M,4887350.0,238303.0,75
201600056462,16,3,20,1,5,2,5,1,6.0,75120,M,4886830.0,240139.0,75
201600056463,16,3,20,1650,1,2,3,1,3.0,75120,M,4886270.0,240665.0,75
201600056464,16,3,21,1300,1,2,3,1,2.0,75120,M,4886530.0,238480.0,75
201600056465,16,3,22,1150,1,2,4,1,6.0,75120,M,4885610.0,240584.0,75
201600056466,16,3,24,1445,1,2,1,1,2.0,75120,M,4885230.0,241576.0,75
201600056467,16,3,25,1150,1,2,3,1,6.0,75120,M,4885680.0,239710.0,75
201600056468,16,3,30,930,1,2,1,2,3.0,75119,M,4887230.0,237783.0,75
201600056469,16,3,31,1715,1,2,1,3,6.0,75120,M,4885310.0,240594.0,75
201600056470,16,4,1,1230,1,2,4,1,6.0,75120,M,4886630.0,239972.0,75
201600056471,16,4,2,21,5,2,2,1,3.0,75120,M,4887510.0,238935.0,75
201600056472,16,4,3,1030,1,2,3,1,6.0,75120,M,4887410.0,238568.0,75
201600056473,16,4,4,920,1,2,2,1,6.0,75120,M,4887180.0,239831.0,75
201600056474,16,4,5,1730,1,2,2,1,6.0,75120,M,4885760.0,239932.0,75
201600056475,16,4,6,1430,1,2,4,1,6.0,75120,M,4885710.0,240436.0,75
201600056476,16,4,7,1830,1,2,2,1,3.0,75120,M,4884740.0,240623.0,75
201600056477,16,4,8,950,1,2,1,1,3.0,75120,M,4887540.0,239670.0,75
201600056478,16,4,8,1900,1,2,2,1,6.0,75120,M,4887520.0,239533.0,75
201600056479,16,4,8,1340,1,2,5,1,3.0,75120,M,4885620.0,241014.0,75
201600056480,16,4,10,2115,5,2,1,1,3.0,75112,M,4883140.0,241688.0,75
201600056481,16,4,11,1735,1,2,3,2,6.0,75120,M,4884980.0,239912.0,75
201600056482,16,4,12,850,1,2,2,1,3.0,75120,M,4886920.0,238085.0,75
201600056483,16,4,12,840,1,2,3,1,6.0,75120,M,4885100.0,241268.0,75
201600056484,16,4,12,2100,5,2,2,1,3.0,75120,M,4885530.0,240145.0,75
201600056485,16,4,14,840,1,2,1,1,3.0,75120,M,4886120.0,241378.0,75
201600056486,16,4,15,1347,1,2,5,1,3.0,75120,M,4886710.0,238325.0,75
201600056487,16,4,17,50,5,2,3,1,6.0,75120,M,4885880.0,241150.0,75
201600056488,16,4,17,1400,1,2,1,2,3.0,75120,M,4887580.0,240117.0,75
201600056489,16,4,17,1720,1,2,2,1,3.0,75120,M,4886470.0,240416.0,75
201600056490,16,4,17,1910,1,2,1,1,6.0,75120,M,4884810.0,240262.0,75
201600056491,16,4,18,1640,1,2,1,1,6.0,75120,M,4886500.0,239489.0,75
201600056492,16,4,19,105,5,2,5,1,3.0,75120,M,4887720.0,240668.0,75
201600056493,16,4,19,1210,1,2,5,1,6.0,75120,M,4886830.0,240139.0,75
201600056494,16,4,19,1620,1,2,1,1,2.0,75120,M,4887040.0,238014.0,75
201600056495,16,4,19,2230,5,2,1,1,6.0,75120,M,4885690.0,241497.0,75
201600056496,16,4,20,1420,1,2,4,1,6.0,75120,M,4884810.0,240635.0,75
201600056497,16,4,21,1832,1,2,3,1,6.0,75111,M,4886160.0,238471.0,75
201600056498,16,4,19,1345,1,2,1,1,3.0,75120,M,4885520.0,240535.0,75
201600056499,16,4,23,1930,1,2,3,1,6.0,75120,M,4887410.0,241314.0,75
201600056500,16,4,24,920,1,2,1,8,3.0,75119,M,4887540.0,239675.0,75
201600056501,16,4,26,1415,1,2,1,8,3.0,75120,M,4887650.0,240413.0,75
201600056502,16,4,27,1855,1,2,1,2,3.0,75120,M,4885330.0,241561.0,75
201600056503,16,4,28,1310,1,2,3,1,6.0,75120,M,4887030.0,239148.0,75
201600056504,16,4,29,1135,1,2,2,1,3.0,75120,M,4887080.0,239924.0,75
201600056505,16,4,29,1620,1,2,1,1,6.0,75120,M,4885670.0,241004.0,75
201600056506,16,4,30,1745,1,2,7,8,3.0,75120,M,4885390.0,241295.0,75
201600056507,16,5,1,1430,1,2,1,1,6.0,75120,M,4886780.0,240182.0,75
201600056508,16,5,3,920,1,2,3,1,2.0,75120,M,4886500.0,239405.0,75
201600056509,16,5,3,945,1,2,4,1,3.0,75112,M,4884640.0,241390.0,75
201600056510,16,5,3,1910,1,2,1,1,6.0,75120,M,4884820.0,241128.0,75
201600056511,16,5,4,1740,1,2,5,1,6.0,75120,M,4887720.0,240668.0,75
201600056512,16,5,9,600,1,2,3,1,6.0,75120,M,4886480.0,240024.0,75
201600056513,16,5,10,1200,1,2,1,1,6.0,75120,M,4886880.0,239010.0,75
201600056514,16,5,10,1820,1,2,1,2,6.0,75120,M,4885840.0,240306.0,75
201600056515,16,5,11,105,5,2,5,2,3.0,75120,M,4887390.0,238529.0,75
201600056516,16,5,12,1620,1,2,1,1,6.0,75120,M,4886880.0,239021.0,75
201600056517,16,5,18,1905,1,2,3,2,3.0,75120,M,4885350.0,240582.0,75
201600056518,16,5,19,1330,1,2,1,1,6.0,75120,M,4886760.0,240420.0,75
201600056519,16,5,20,1315,1,2,1,1,6.0,75120,M,4886490.0,239934.0,75
201600056520,16,5,20,1520,1,2,1,1,6.0,75120,M,4885990.0,240350.0,75
201600056521,16,5,22,1425,1,2,1,3,6.0,75120,M,4887260.0,239572.0,75
201600056522,16,5,22,1655,1,2,2,2,3.0,75120,M,4886400.0,239915.0,75
201600056523,16,5,24,710,1,2,1,1,3.0,75120,M,4886960.0,240446.0,75
201600056524,16,5,24,1650,1,2,2,1,6.0,75120,M,4885760.0,239932.0,75
201600056525,16,5,24,1755,1,2,1,1,6.0,75120,M,4886460.0,240686.0,75
201600056526,16,5,26,836,1,2,6,1,4.0,75120,M,4886460.0,240944.0,75
201600056527,16,5,26,1140,1,2,1,1,3.0,75120,M,4885270.0,241570.0,75
201600056528,16,5,26,2345,5,2,5,1,3.0,75120,M,4885620.0,240489.0,75
201600056529,16,5,27,1040,1,2,2,1,6.0,75120,M,4885920.0,240210.0,75
201600056530,16,5,28,1430,1,2,1,3,3.0,75120,M,4885130.0,241593.0,75
201600056531,16,5,31,1700,1,2,1,2,6.0,75120,M,4886810.0,241097.0,75
201600056532,16,6,1,1410,1,2,1,1,6.0,75120,M,4885310.0,240339.0,75
201600056533,16,6,3,1050,1,2,3,2,3.0,75120,M,4886710.0,238325.0,75
201600056534,16,6,4,2156,2,2,2,1,6.0,75120,M,4886710.0,238325.0,75
201600056535,16,6,5,2345,5,2,2,1,3.0,75120,M,4886670.0,239709.0,75
201600056536,16,6,6,840,1,2,1,8,3.0,75120,M,4885360.0,241133.0,75
201600056537,16,6,6,1320,1,2,1,1,6.0,75120,M,4886850.0,240119.0,75
201600056538,16,6,5,1555,1,2,2,1,7.0,75120,M,4886070.0,240274.0,75
201600056539,16,6,7,2155,2,2,2,1,6.0,75120,M,4887080.0,237842.0,75
201600056540,16,6,8,15,5,2,2,1,3.0,75120,M,4886400.0,239915.0,75
201600056541,16,6,9,1740,1,2,2,1,3.0,75120,M,4886550.0,239799.0,75
201600056542,16,6,9,1840,1,2,1,1,6.0,75120,M,4886720.0,238311.0,75
201600056543,16,6,10,1952,1,2,1,1,6.0,75120,M,4887240.0,240462.0,75
201600056544,16,6,10,2345,5,2,2,1,2.0,75120,M,4885350.0,241060.0,75
201600056545,16,6,12,1540,1,2,2,2,3.0,75120,M,4885770.0,240388.0,75
201600056546,16,6,12,1835,2,2,1,2,6.0,75120,M,4886600.0,239944.0,75
201600056547,16,6,13,10,5,2,1,2,6.0,75120,M,4886470.0,240426.0,75
201600056548,16,6,13,1240,1,2,2,1,3.0,75120,M,4886540.0,241157.0,75
201600056549,16,6,13,1550,1,2,1,1,6.0,75120,M,4885670.0,241077.0,75
201600056550,16,6,13,2005,1,2,2,1,3.0,75120,M,4886970.0,240260.0,75
201600056551,16,6,13,2145,5,2,2,1,6.0,75120,M,4885270.0,240609.0,75
201600056552,16,6,15,1245,1,2,2,8,3.0,75120,M,4886470.0,240416.0,75
201600056553,16,6,15,1930,1,2,1,1,6.0,75120,M,4885330.0,240921.0,75
201600056554,16,6,16,1120,1,2,1,1,2.0,75120,M,4885940.0,241404.0,75
201600056555,16,6,16,1645,1,2,7,2,6.0,75120,M,4887730.0,240937.0,75
201600056556,16,6,18,1930,2,2,1,2,6.0,75120,M,4886450.0,240780.0,75
201600056557,16,6,18,2005,1,2,1,1,6.0,75120,M,4886730.0,238414.0,75
201600056558,16,6,20,1529,1,2,1,3,4.0,75120,M,4886370.0,239052.0,75
201600056559,16,6,21,2150,2,2,1,2,3.0,75120,M,4887530.0,239512.0,75
201600056560,16,6,22,1200,1,2,2,1,3.0,75120,M,4885530.0,240145.0,75
201600056561,16,6,22,2305,5,2,2,1,1.0,75120,M,4887080.0,239924.0,75
201600056562,16,6,23,900,1,2,2,1,3.0,75120,M,4886480.0,240136.0,75
201600056563,16,6,25,1845,1,2,1,1,7.0,75120,M,4886810.0,240893.0,75
201600056564,16,6,26,1820,1,2,2,1,3.0,75120,M,4884900.0,241137.0,75
201600056565,16,6,28,1030,1,2,1,1,6.0,75120,M,4886230.0,240630.0,75
201600056566,16,6,28,850,1,2,1,1,6.0,75120,M,4887450.0,239406.0,75
201600056567,16,6,29,2325,5,2,1,8,3.0,75120,M,4887680.0,240638.0,75
201600056568,16,7,5,2045,2,2,2,1,3.0,75120,M,4885270.0,240609.0,75
201600056569,16,7,5,1940,1,2,5,1,6.0,75120,M,4885650.0,239444.0,75
201600056570,16,7,6,855,1,2,1,1,2.0,75120,M,4887190.0,241278.0,75
201600056571,16,7,6,1145,1,2,3,1,6.0,75120,M,4886790.0,238657.0,75
201600056572,16,7,7,950,1,2,2,1,6.0,75120,M,4886650.0,239989.0,75
201600056573,16,7,7,1645,1,2,3,1,3.0,75120,M,4886370.0,240767.0,75
201600056574,16,7,8,1305,1,2,5,1,6.0,75120,M,4884730.0,241120.0,75
201600056575,16,7,9,1845,1,2,7,1,7.0,75120,M,4885550.0,241024.0,75
201600056576,16,7,13,1245,1,2,2,1,6.0,75120,M,4886450.0,240722.0,75
201600056577,16,7,13,1825,1,2,2,8,2.0,75120,M,4887290.0,240851.0,75
201600056578,16,7,13,2140,2,2,2,1,6.0,75120,M,4886330.0,239971.0,75
201600056579,16,7,17,1025,1,2,1,1,2.0,75120,M,4885210.0,241276.0,75
201600056580,16,7,19,1110,1,2,2,1,6.0,75120,M,4884900.0,241137.0,75
201600056581,16,7,20,1330,1,2,1,1,6.0,75120,M,4885200.0,240196.0,75
201600056582,16,7,21,735,1,2,7,1,2.0,75120,M,4887750.0,240962.0,75
201600056583,16,7,22,2330,5,2,4,1,6.0,75120,M,4887320.0,241340.0,75
201600056584,16,7,23,1520,1,2,2,1,3.0,75120,M,4886710.0,238325.0,75
201600056585,16,7,26,828,1,2,7,1,5.0,75120,M,4886320.0,238817.0,75
201600056586,16,7,27,1200,1,2,1,1,3.0,75120,M,4887440.0,240545.0,75
201600056587,16,7,27,1625,1,2,1,1,4.0,75120,M,4887590.0,240970.0,75
201600056588,16,7,29,1650,1,2,1,1,3.0,75120,M,4884880.0,241481.0,75
201600056589,16,7,29,1830,1,2,2,1,2.0,75120,M,4887450.0,239286.0,75
201600056590,16,7,31,1215,1,2,4,1,3.0,75120,M,4884700.0,241503.0,75
201600056591,16,8,2,1020,1,2,1,2,6.0,75120,M,4886530.0,239881.0,75
201600056592,16,8,5,245,5,2,2,1,3.0,75120,M,4887600.0,240250.0,75
201600056593,16,8,5,1925,1,2,2,1,3.0,75120,M,4887510.0,238935.0,75
201600056594,16,8,8,650,1,2,4,1,3.0,75120,M,4886170.0,241393.0,75
201600056595,16,8,12,1630,1,2,7,1,1.0,75120,M,4886460.0,240944.0,75
201600056596,16,8,13,1445,1,2,2,1,3.0,75120,M,4886480.0,240136.0,75
201600056597,16,8,14,330,5,2,1,1,6.0,75120,M,4887260.0,241356.0,75
201600056598,16,8,16,1010,1,2,2,1,3.0,75120,M,4887080.0,239924.0,75
201600056599,16,8,17,850,1,2,1,1,6.0,75120,M,4885020.0,241613.0,75
201600056600,16,8,18,1935,1,2,2,2,2.0,75120,M,4886330.0,239971.0,75
201600056601,16,8,25,1810,1,2,7,1,3.0,75120,M,4885460.0,241343.0,75
201600056602,16,8,30,850,1,2,2,1,6.0,75120,M,4886790.0,240891.0,75
201600056603,16,8,31,1110,1,2,3,1,4.0,75120,M,4887340.0,238260.0,75
201600056604,16,9,5,1205,1,2,3,2,6.0,75120,M,4886590.0,239934.0,75
201600056605,16,9,6,1840,1,2,2,1,3.0,75120,M,4887290.0,240851.0,75
201600056606,16,9,6,1930,1,2,4,1,3.0,75112,M,4884640.0,241390.0,75
201600056607,16,9,7,900,1,2,3,1,6.0,75119,M,4887700.0,240599.0,75
201600056608,16,9,7,2110,5,2,1,1,2.0,75120,M,4887650.0,240424.0,75
201600056609,16,9,8,1520,1,2,3,1,6.0,75120,M,4885540.0,240528.0,75
201600056610,16,9,10,2045,5,2,1,1,2.0,75120,M,4885050.0,241520.0,75
201600056611,16,9,13,1315,1,2,2,1,3.0,75120,M,4885770.0,240388.0,75
201600056612,16,9,14,1345,1,2,3,1,3.0,75120,M,4886610.0,238399.0,75
201600056613,16,9,15,20,5,2,2,3,7.0,75120,M,4886470.0,240416.0,75
201600056614,16,9,15,1730,1,2,4,1,6.0,75120,M,4886480.0,240024.0,75
201600056615,16,9,16,850,1,2,2,1,6.0,75120,M,4886550.0,239799.0,75