Num_Acc,an,mois,jour,hrmn,lum,agg,int,atm,col,com,gps,lat,long,dep
201600056616,16,9,16,1410,1,2,2,1,6.0,75120,M,4886540.0,239487.0,75
201600056617,16,9,19,1440,1,2,2,1,2.0,75120,M,4885990.0,238898.0,75
201600056618,16,9,19,1420,1,2,2,2,7.0,75120,M,4886970.0,240260.0,75
201600056619,16,9,20,1420,1,2,7,1,7.0,75120,M,4886470.0,239862.0,75
201600056620,16,9,21,1915,1,2,1,1,3.0,75112,M,4884520.0,241408.0,75
201600056621,16,9,22,1225,1,2,1,1,3.0,75120,M,4886710.0,239801.0,75
201600056622,16,9,22,1630,1,2,2,1,6.0,75120,M,4885510.0,239868.0,75
201600056623,16,9,22,1815,1,2,1,1,2.0,75120,M,4885050.0,241520.0,75
201600056624,16,9,26,2035,5,2,3,1,6.0,75120,M,4885590.0,240726.0,75
201600056625,16,9,27,1210,1,2,1,1,6.0,75118,M,4889940.0,235868.0,75
201600056626,16,9,27,1740,1,2,1,1,6.0,75120,M,4887000.0,238311.0,75
201600056627,16,9,28,1700,1,2,2,1,3.0,75120,M,4887380.0,238806.0,75
201600056628,16,9,28,1825,1,2,3,1,4.0,75120,M,4886390.0,239162.0,75
201600056629,16,9,28,1930,5,2,2,1,6.0,75120,M,4886710.0,238325.0,75
201600056630,16,9,29,915,1,2,1,1,3.0,75120,M,4885890.0,240247.0,75
201600056631,16,10,1,225,3,2,7,2,2.0,75120,M,4886290.0,238742.0,75
201600056632,16,10,1,2245,5,2,3,1,2.0,75120,M,4885150.0,239953.0,75
201600056633,16,10,2,1155,1,2,3,1,6.0,75120,M,4887160.0,238713.0,75
201600056634,16,10,3,2015,5,2,1,1,3.0,75112,M,4884140.0,245114.0,75
201600056635,16,10,3,1910,1,2,1,1,2.0,75120,M,4885330.0,241561.0,75
201600056636,16,10,4,1120,1,2,1,1,6.0,75120,M,4885700.0,240998.0,75
201600056637,16,10,4,1845,1,2,1,1,3.0,75120,M,4886820.0,238211.0,75
201600056638,16,10,4,1900,2,2,2,1,3.0,75120,M,4886460.0,240587.0,75
201600056639,16,10,6,1015,1,2,2,1,6.0,75120,M,4885920.0,240210.0,75
201600056640,16,10,6,1430,1,2,1,1,6.0,75120,M,4886490.0,241048.0,75
201600056641,16,10,6,1655,1,2,1,1,6.0,75120,M,4884830.0,240077.0,75
201600056642,16,10,7,1000,1,2,1,1,3.0,75120,M,4886440.0,239345.0,75
201600056643,16,10,9,1930,2,2,2,1,3.0,75120,M,4887080.0,239924.0,75
201600056644,16,10,11,2120,5,2,2,1,6.0,75120,M,4884890.0,240545.0,75
201600056645,16,10,13,725,5,2,2,1,3.0,75120,M,4886480.0,240136.0,75
201600056646,16,10,14,1635,1,2,1,2,6.0,75120,M,4886460.0,240523.0,75
201600056647,16,10,14,2005,5,2,3,2,6.0,75120,M,4885500.0,241035.0,75
201600056648,16,10,17,800,1,2,2,1,3.0,75120,M,4886650.0,239989.0,75
201600056649,16,10,17,1900,5,2,1,1,6.0,75120,M,4887370.0,239346.0,75
201600056650,16,10,18,1805,2,2,1,2,6.0,75120,M,4885130.0,240627.0,75
201600056651,16,10,19,2000,5,2,1,1,4.0,75112,M,4883630.0,241217.0,75
201600056652,16,10,20,1500,1,2,2,2,6.0,75111,M,4887070.0,237815.0,75
201600056653,16,10,20,2345,5,2,1,1,6.0,75120,M,4885340.0,241019.0,75
201600056654,16,10,21,1030,1,2,1,8,4.0,75120,M,4884770.0,240722.0,75
201600056655,16,10,21,1520,1,2,4,2,4.0,75120,M,4886850.0,241320.0,75
201600056656,16,10,24,2105,5,2,2,1,1.0,75120,M,4887390.0,238529.0,75
201600056657,16,10,27,1955,5,2,2,1,4.0,75120,M,4885470.0,241204.0,75
201600056658,16,10,28,1455,1,2,1,1,6.0,75120,M,4886510.0,239741.0,75
201600056659,16,10,28,1600,1,2,1,1,6.0,75120,M,4887140.0,240410.0,75
201600056660,16,10,28,1750,2,2,4,1,6.0,75120,M,4886480.0,239969.0,75
201600056661,16,10,29,1250,1,2,1,1,3.0,75120,M,4887210.0,240586.0,75
201600056662,16,10,29,1550,1,2,3,1,3.0,75120,M,4886340.0,240881.0,75
201600056663,16,10,30,1530,1,2,1,1,6.0,75120,M,4886790.0,240861.0,75
201600056664,16,10,30,1820,5,2,1,1,3.0,75120,M,4887350.0,241090.0,75
201600056665,16,11,4,1905,5,2,1,1,6.0,75120,M,4884810.0,240238.0,75
201600056666,16,11,5,2000,5,2,3,1,6.0,75120,M,4887110.0,239302.0,75
201600056667,16,11,7,910,1,2,2,2,6.0,75120,M,4886540.0,239487.0,75
201600056668,16,11,7,1600,1,2,2,2,6.0,75120,M,4885610.0,240548.0,75
201600056669,16,11,8,1720,2,2,1,1,6.0,75120,M,4886330.0,238921.0,75
201600056670,16,11,8,2315,5,2,1,1,7.0,75120,M,4886790.0,238260.0,75
201600056671,16,11,10,1340,1,2,1,1,3.0,75120,M,4886890.0,239539.0,75
201600056672,16,11,11,1400,1,2,1,1,3.0,75120,M,4887350.0,238979.0,75
201600056673,16,11,12,1100,1,2,1,1,6.0,75120,M,4885660.0,240173.0,75
201600056674,16,11,12,1730,5,2,3,3,6.0,75120,M,4886410.0,239226.0,75
201600056675,16,11,16,1945,5,2,1,1,6.0,75120,M,4887360.0,241091.0,75
201600056676,16,11,17,410,5,2,2,8,3.0,75120,M,4885440.0,241543.0,75
201600056677,16,11,17,950,1,2,1,1,6.0,75120,M,4884740.0,241072.0,75
201600056678,16,11,17,1650,5,2,2,1,6.0,75120,M,4886480.0,240136.0,75
201600056679,16,11,18,35,5,2,3,2,2.0,75120,M,4885230.0,240405.0,75
201600056680,16,11,20,1745,5,2,1,2,6.0,75120,M,4885170.0,240028.0,75
201600056681,16,11,21,1755,2,2,1,1,3.0,75120,M,4887320.0,239018.0,75
201600056682,16,11,22,425,5,2,3,1,3.0,75120,M,4887600.0,240250.0,75
201600056683,16,11,23,1935,5,2,2,1,6.0,75120,M,4886400.0,239915.0,75
201600056684,16,11,24,445,5,2,7,1,3.0,75120,M,4886490.0,239810.0,75
201600056685,16,11,24,1100,1,2,3,1,3.0,75120,M,4886270.0,240665.0,75
201600056686,16,11,24,1100,1,2,2,1,6.0,75120,M,4885480.0,239910.0,75
201600056687,16,11,24,1808,5,2,7,1,3.0,75120,M,4885430.0,241302.0,75
201600056688,16,11,25,1540,1,2,3,8,6.0,75120,M,4886790.0,241099.0,75
201600056689,16,11,25,2030,5,2,3,1,3.0,75120,M,4884790.0,241125.0,75
201600056690,16,11,26,1645,2,2,2,1,6.0,75120,M,4887270.0,239424.0,75
201600056691,16,11,27,1215,1,2,1,1,6.0,75120,M,4884780.0,240567.0,75
201600056692,16,11,27,1515,1,2,1,1,6.0,75120,M,4887050.0,240831.0,75
201600056693,16,11,29,905,1,2,2,1,3.0,75120,M,4887500.0,240568.0,75
201600056694,16,11,29,1205,1,2,3,1,6.0,75120,M,4885680.0,239595.0,75
201600056695,16,11,29,1620,2,2,1,1,3.0,75120,M,4886250.0,240001.0,75
201600056696,16,11,30,1210,1,2,2,1,6.0,75120,M,4885270.0,240609.0,75
201600056697,16,11,30,2000,5,2,2,1,6.0,75120,M,4887010.0,239575.0,75
201600056698,16,12,2,2030,5,2,3,1,3.0,75120,M,4886410.0,239226.0,75
201600056699,16,12,4,230,5,2,2,1,6.0,75120,M,4885480.0,239749.0,75
201600056700,16,12,4,1610,1,2,5,1,6.0,75120,M,4887330.0,238188.0,75
201600056701,16,12,7,245,5,2,5,1,2.0,75120,M,4886750.0,239640.0,75
201600056702,16,12,7,900,1,2,2,1,6.0,75120,M,4885350.0,241060.0,75
201600056703,16,12,7,830,1,2,2,1,6.0,75120,M,4886170.0,240015.0,75
201600056704,16,12,7,1258,1,2,1,1,6.0,75120,M,4886720.0,239670.0,75
201600056705,16,12,7,2230,5,2,2,1,3.0,75120,M,4886480.0,240136.0,75
201600056706,16,12,8,1740,5,2,1,1,6.0,75120,M,4887420.0,239231.0,75
201600056707,16,12,10,1610,1,2,1,1,3.0,75120,M,4886240.0,240004.0,75
201600056708,16,12,14,2220,5,2,4,1,6.0,75120,M,4887670.0,241217.0,75
201600056709,16,12,16,1800,2,2,1,1,6.0,75120,M,4884830.0,240009.0,75
201600056710,16,12,17,1045,1,2,2,1,6.0,75120,M,4885530.0,240145.0,75
201600056711,16,12,18,2143,5,2,2,2,3.0,75120,M,4885050.0,240640.0,75
201600056712,16,12,21,1620,1,2,4,1,6.0,75120,M,4886170.0,241393.0,75
201600056713,16,12,22,1745,5,2,1,1,6.0,75120,M,4885890.0,240963.0,75
201600056714,16,12,24,1325,1,2,1,1,6.0,75120,M,4887170.0,240362.0,75
201600056715,16,12,25,1315,1,2,1,1,2.0,75120,M,4885250.0,241573.0,75
201600056716,16,12,30,255,5,2,1,5,6.0,75120,M,4886000.0,240110.0,75
201600056717,16,12,30,730,5,2,2,5,6.0,75120,M,4887600.0,240250.0,75
201600056718,16,12,31,1945,5,2,1,1,4.0,75120,M,4885940.0,241404.0,75
201600056719,16,1,4,1535,1,2,1,1,6.0,75116,M,4884180.0,226717.0,75
201600056720,16,1,4,1650,2,2,1,1,6.0,75119,M,4888280.0,237622.0,75
201600056721,16,1,5,1900,5,2,2,1,3.0,75108,M,4887140.0,230253.0,75
201600056722,16,1,6,825,2,2,1,1,3.0,75104,M,4885410.0,234742.0,75
201600056723,16,1,7,1,5,2,3,1,3.0,75117,M,4888880.0,232328.0,75
201600056724,16,1,9,345,5,2,1,2,6.0,75113,M,4882130.0,236846.0,75
201600056725,16,1,9,1000,1,2,4,1,3.0,75108,M,4887420.0,229955.0,75
201600056726,16,1,9,1548,1,2,2,1,3.0,75118,M,4889500.0,232806.0,75
201600056727,16,1,12,1143,1,2,2,1,6.0,75120,M,4887450.0,239286.0,75
201600056728,16,1,13,910,1,2,2,1,1.0,75116,M,4886330.0,229631.0,75
201600056729,16,1,13,928,1,2,1,1,6.0,75112,M,4883070.0,246305.0,75
201600056730,16,1,14,158,5,2,2,1,3.0,75113,M,4882620.0,235729.0,75
201600056731,16,1,15,1600,1,2,5,1,3.0,75111,M,4886400.0,238129.0,75
201600056732,16,1,21,1235,1,2,7,1,6.0,75108,M,4886780.0,231384.0,75
201600056733,16,1,22,745,1,2,7,1,7.0,75106,M,4884770.0,234004.0,75
201600056734,16,1,22,1125,1,2,1,1,2.0,75118,M,4889200.0,234877.0,75
201600056735,16,1,22,2200,5,2,1,1,7.0,75116,M,4883670.0,225433.0,75
201600056736,16,1,23,440,2,2,1,1,6.0,75101,M,4885880.0,234005.0,75
201600056737,16,1,23,2235,5,2,2,1,3.0,75115,M,4884210.0,229037.0,75
201600056738,16,1,24,1141,1,2,1,1,3.0,75116,M,4887660.0,228604.0,75
201600056739,16,1,24,1920,5,2,2,1,3.0,75110,M,4886880.0,236760.0,75
201600056740,16,1,27,745,1,2,1,2,4.0,75114,M,4882290.0,231258.0,75
201600056741,16,1,27,1929,5,2,2,1,3.0,75105,M,4884960.0,234483.0,75
201600056742,16,1,28,520,5,2,3,1,6.0,75109,M,4887140.0,233674.0,75
201600056743,16,1,28,940,1,2,1,1,3.0,75116,M,4885610.0,225729.0,75
201600056744,16,1,28,1024,1,2,1,1,6.0,75112,M,4883230.0,239885.0,75
201600056745,16,1,29,1513,1,2,1,1,2.0,75120,M,4887020.0,241321.0,75
201600056746,16,1,31,153,5,2,1,2,6.0,75112,M,4884400.0,236915.0,75
201600056747,16,2,1,1430,1,2,1,1,2.0,75120,M,4886500.0,241286.0,75
201600056748,16,2,2,1826,5,2,1,2,6.0,75116,M,4887300.0,228691.0,75
201600056749,16,2,4,2050,3,2,3,1,6.0,75116,M,4887540.0,224953.0,75
201600056750,16,2,5,2140,5,2,1,1,6.0,75120,M,4886930.0,239220.0,75
201600056751,16,2,8,623,5,2,2,1,5.0,75102,M,4886930.0,235421.0,75
201600056752,16,2,9,33,5,2,7,1,3.0,75108,M,4886590.0,231989.0,75
201600056753,16,2,9,920,1,2,2,1,6.0,75116,M,4886650.0,227272.0,75
201600056754,16,2,10,1947,5,2,5,1,3.0,75106,M,4884800.0,232774.0,75
201600056755,16,2,11,12,5,2,5,1,2.0,75112,M,4883460.0,240080.0,75
201600056756,16,2,11,755,1,2,3,1,2.0,75113,M,4882900.0,235763.0,75
201600056757,16,2,12,1310,1,2,1,3,6.0,75101,M,4886210.0,232665.0,75
201600056758,16,2,12,1930,5,2,2,1,3.0,75117,M,4889420.0,232057.0,75
201600056759,16,2,12,2050,5,2,5,1,6.0,75113,M,4882570.0,234822.0,75
201600056760,16,2,15,1720,2,2,2,1,6.0,75111,M,4886950.0,237391.0,75
201600056761,16,2,16,345,5,2,7,1,6.0,75101,M,4886040.0,233353.0,75
201600056762,16,2,16,1939,5,2,3,1,6.0,75118,M,4889150.0,233648.0,75
201600056763,16,2,17,2155,5,2,2,1,1.0,75108,M,4887510.0,232290.0,75
201600056764,16,2,18,305,5,2,3,1,5.0,75110,M,4888040.0,236432.0,75
201600056765,16,2,18,1147,1,2,7,2,6.0,75110,M,4888270.0,237017.0,75
201600056766,16,2,19,830,1,2,4,1,3.0,75112,M,4882680.0,239061.0,75
201600056767,16,2,19,1329,1,2,2,1,3.0,75114,M,4882320.0,232552.0,75
201600056768,16,2,21,320,5,2,1,1,3.0,75113,M,4882580.0,238645.0,75
201600056769,16,2,21,613,5,2,7,1,6.0,75112,M,4884820.0,239665.0,75
201600056770,16,2,21,1025,1,2,2,1,6.0,75106,M,4885610.0,234044.0,75
201600056771,16,2,23,920,1,2,1,1,6.0,75119,M,4888830.0,237592.0,75
201600056772,16,2,24,1250,1,2,7,1,6.0,75110,M,4887530.0,235921.0,75
201600056773,16,2,26,1250,1,2,7,1,6.0,75113,M,4883660.0,235927.0,75
201600056774,16,2,26,2005,5,2,1,1,6.0,75110,M,4888290.0,236735.0,75
201600056775,16,2,26,2235,5,2,2,1,6.0,75115,M,4883830.0,229844.0,75
201600056776,16,2,27,1436,1,2,2,1,6.0,75101,M,4886010.0,234337.0,75
201600056777,16,2,27,2050,4,2,2,1,6.0,75111,M,4886520.0,237516.0,75
201600056778,16,3,11,1120,1,2,6,1,3.0,75111,M,4884850.0,239511.0,75
201600056779,16,3,3,2224,5,2,7,1,3.0,75117,M,4887860.0,227978.0,75
201600056780,16,3,5,520,5,2,1,2,6.0,75101,M,4886230.0,232551.0,75
201600056781,16,3,5,1503,1,2,4,1,3.0,75113,M,4881640.0,236001.0,75
201600056782,16,3,5,2050,5,2,3,1,3.0,75112,M,4884940.0,238947.0,75
201600056783,16,3,6,718,1,2,1,1,3.0,75119,M,4888860.0,239227.0,75
201600056784,16,3,7,925,1,2,7,1,3.0,75117,M,4888260.0,231037.0,75
201600056785,16,3,11,404,5,2,1,1,6.0,75115,M,4884560.0,231103.0,75
201600056786,16,3,14,945,1,2,2,1,6.0,75120,M,4885470.0,241204.0,75
201600056787,16,3,14,1648,1,2,1,1,6.0,75119,M,4889200.0,237523.0,75
201600056788,16,3,16,2013,5,2,3,1,6.0,75115,M,4885530.0,228943.0,75
201600056789,16,3,18,1306,1,2,1,1,6.0,75112,M,4883800.0,246422.0,75
201600056790,16,3,19,150,5,2,3,1,1.0,75120,M,4886960.0,239478.0,75
201600056791,16,3,20,330,5,2,3,1,6.0,75101,M,4886150.0,233907.0,75
201600056792,16,3,21,1655,1,2,1,1,6.0,75117,M,4889650.0,231928.0,75
201600056793,16,3,21,2350,5,2,1,1,3.0,75112,M,4884290.0,237502.0,75
201600056794,16,3,22,840,1,2,1,1,3.0,75116,M,4885540.0,226338.0,75
201600056795,16,3,22,1328,1,2,1,1,2.0,75119,M,4889570.0,239385.0,75
201600056796,16,3,22,2324,5,2,7,1,7.0,75112,M,4883480.0,240796.0,75
201600056797,16,3,25,2235,5,2,4,1,3.0,75113,M,4883910.0,236115.0,75
201600056798,16,3,26,1330,1,2,3,1,2.0,75119,M,4888700.0,238631.0,75
201600056799,16,3,27,2113,5,2,7,1,3.0,75106,M,4884360.0,232458.0,75
201600056800,16,3,28,1555,1,2,1,1,1.0,75105,M,4884550.0,236303.0,75
201600056801,16,3,28,1717,1,2,2,2,3.0,75116,M,4886120.0,227927.0,75
201600056802,16,3,29,2300,5,2,4,3,3.0,75113,M,4881640.0,236058.0,75
201600056803,16,3,30,3,5,2,2,9,6.0,75120,M,4886460.0,240457.0,75
201600056804,16,3,30,1745,1,2,1,2,3.0,75119,M,4888340.0,238895.0,75
201600056805,16,3,31,223,5,2,5,1,6.0,75119,M,4888930.0,237125.0,75
201600056806,16,3,31,1330,1,2,2,8,3.0,75116,M,4886230.0,223822.0,75
201600056807,16,4,3,400,5,2,7,1,6.0,75113,M,4883190.0,235580.0,75
201600056808,16,4,4,1415,1,2,1,1,6.0,75111,M,4885050.0,238359.0,75
201600056809,16,4,5,2030,2,2,1,1,4.0,75120,M,4886480.0,241324.0,75
201600056810,16,4,6,1500,1,2,1,1,6.0,75116,M,4886270.0,224765.0,75
201600056811,16,4,13,1515,1,2,1,1,3.0,75116,M,4884520.0,227255.0,75
201600056812,16,4,10,115,5,2,3,6,6.0,75114,M,4882680.0,230931.0,75
201600056813,16,4,11,1820,1,2,1,1,6.0,75107,M,4885890.0,230051.0,75
201600056814,16,4,11,2051,5,2,2,1,3.0,75120,M,4886630.0,239972.0,75
201600056815,16,4,12,1825,1,2,3,1,6.0,75119,M,4888720.0,238076.0,75
201600056816,16,4,13,25,5,2,4,1,7.0,75119,M,4890020.0,238122.0,75
201600056817,16,4,14,1440,1,2,2,1,3.0,75116,M,4884530.0,225751.0,75
201600056818,16,4,14,2027,5,2,1,2,6.0,75112,M,4883150.0,238500.0,75
201600056819,16,4,16,1845,1,2,1,1,6.0,75120,M,4887170.0,239532.0,75
201600056820,16,4,17,703,1,2,2,1,3.0,75113,M,4883230.0,237979.0,75
201600056821,16,4,18,1451,1,2,1,1,6.0,75106,M,4884320.0,232606.0,75
201600056822,16,4,18,1545,1,2,1,1,2.0,75112,M,4883230.0,238917.0,75
201600056823,16,4,21,227,5,2,1,1,7.0,75120,M,4885110.0,241103.0,75
201600056824,16,4,22,600,5,2,4,1,6.0,75114,M,4883150.0,232535.0,75
201600056825,16,4,23,1645,1,2,1,1,7.0,75116,M,4887160.0,228481.0,75
201600056826,16,4,27,940,1,2,4,1,6.0,75112,M,4884580.0,236760.0,75
201600056827,16,4,28,1709,1,2,1,1,6.0,75118,M,4889120.0,235984.0,75
201600056828,16,4,28,2000,1,2,1,1,6.0,75108,M,4886770.0,230523.0,75
201600056829,16,4,30,405,5,2,1,2,6.0,75112,M,4885170.0,237188.0,75
201600056830,16,5,1,1335,1,2,1,1,3.0,75116,M,4887550.0,228951.0,75
201600056831,16,5,2,1545,1,2,1,1,3.0,75113,M,4881930.0,237191.0,75
201600056832,16,5,3,1215,1,2,1,1,2.0,75105,M,4884610.0,236207.0,75
201600056833,16,5,3,2328,5,2,1,1,3.0,75116,M,4884470.0,227094.0,75
201600056834,16,5,4,1627,1,2,1,1,3.0,75113,M,4883500.0,235810.0,75
201600056835,16,5,5,1609,1,2,2,1,6.0,75112,M,4883970.0,245738.0,75
201600056836,16,5,6,340,5,2,1,1,6.0,75120,M,4884700.0,241446.0,75
201600056837,16,5,6,2040,1,2,1,1,6.0,75118,M,4888540.0,235935.0,75
201600056838,16,5,8,1635,1,2,1,1,3.0,75111,M,4885850.0,237292.0,75
201600056839,16,5,9,2213,5,2,2,2,6.0,75113,M,4883070.0,235266.0,75
201600056840,16,5,10,1530,1,2,3,2,3.0,75114,M,4882130.0,233431.0,75
201600056841,16,5,11,1415,1,2,5,3,2.0,75119,M,4888300.0,237125.0,75
201600056842,16,5,11,2210,5,2,2,1,6.0,75116,M,4885470.0,226935.0,75
201600056843,16,5,13,2110,5,2,1,1,5.0,75116,M,4885950.0,226270.0,75
201600056844,16,5,16,950,1,2,2,1,3.0,75116,M,4887250.0,226444.0,75
201600056845,16,5,16,1105,1,2,2,1,3.0,75101,M,4886530.0,234307.0,75
201600056846,16,5,17,754,1,2,1,1,5.0,75115,M,4882740.0,229308.0,75
201600056847,16,5,17,1025,1,2,1,1,2.0,75117,M,4889310.0,231034.0,75
201600056848,16,5,18,55,5,2,1,1,6.0,75119,M,4889240.0,236931.0,75
201600056849,16,5,18,830,1,2,3,1,3.0,75114,M,4882070.0,232097.0,75
201600056850,16,5,18,1100,1,2,1,1,6.0,75117,M,4889040.0,231728.0,75
201600056851,16,5,19,10,5,2,2,2,3.0,75102,M,4886620.0,235251.0,75
201600056852,16,5,19,1100,1,2,3,2,3.0,75112,M,4884250.0,243906.0,75
201600056853,16,5,20,1915,1,2,3,1,3.0,75113,M,4882710.0,236708.0,75
201600056854,16,5,21,1440,1,2,2,1,1.0,75107,M,4886290.0,231342.0,75
201600056855,16,5,22,910,1,2,1,2,6.0,75113,M,4882640.0,236192.0,75
201600056856,16,5,24,1407,1,2,5,1,3.0,75106,M,4885610.0,234044.0,75
201600056857,16,5,26,223,5,2,5,1,7.0,75106,M,4885770.0,233536.0,75
201600056858,16,5,28,2137,1,2,1,1,2.0,75117,M,4889190.0,230091.0,75
201600056859,16,5,31,511,5,2,2,3,3.0,75110,M,4886930.0,235421.0,75
201600056860,16,5,31,605,2,2,3,3,7.0,75115,M,4885530.0,228943.0,75
201600056861,16,5,31,1249,1,2,4,2,3.0,75110,M,4888250.0,236918.0,75
201600056862,16,6,2,1436,1,2,1,2,6.0,75104,M,4885390.0,235715.0,75
201600056863,16,6,3,358,5,2,3,1,6.0,75101,M,4886080.0,233030.0,75
201600056864,16,6,3,650,1,2,2,1,3.0,75115,M,4884110.0,228788.0,75
201600056865,16,6,3,750,1,2,1,8,6.0,75120,M,4885840.0,240973.0,75
201600056866,16,6,6,637,1,2,2,1,6.0,75113,M,4882890.0,237986.0,75
201600056867,16,6,7,2250,5,2,3,1,3.0,75119,M,4889750.0,238544.0,75
201600056868,16,6,8,1720,1,2,5,1,6.0,75112,M,4884430.0,241032.0,75
201600056869,16,6,10,1650,1,2,1,1,2.0,75112,M,4882660.0,239104.0,75
201600056870,16,6,13,1820,1,2,5,1,6.0,75120,M,4886500.0,239550.0,75
201600056871,16,6,14,855,1,2,3,1,2.0,75107,M,4885360.0,231467.0,75
201600056872,16,6,14,943,1,2,2,2,3.0,75113,M,4883680.0,235183.0,75
201600056873,16,6,15,500,2,2,3,1,6.0,75118,M,4888610.0,235947.0,75
201600056874,16,6,16,435,5,2,1,1,7.0,75119,M,4890170.0,238676.0,75
201600056875,16,6,17,1143,1,2,2,2,6.0,75119,M,4887840.0,237423.0,75
201600056876,16,6,17,1104,1,2,2,1,3.0,75115,M,4882860.0,230138.0,75
201600056877,16,6,18,122,5,2,7,1,3.0,75116,M,4886450.0,229343.0,75
201600056878,16,6,19,20,5,2,2,1,3.0,75105,M,4884460.0,234529.0,75
201600056879,16,6,20,1109,1,2,1,2,6.0,75114,M,4882780.0,232830.0,75
201600056880,16,6,20,1226,1,2,1,2,2.0,75116,M,4883730.0,225906.0,75
201600056881,16,6,20,1935,1,2,1,3,6.0,75119,M,4889260.0,239502.0,75
201600056882,16,6,21,2330,5,2,1,8,6.0,75112,M,4884250.0,239225.0,75
201600056883,16,6,23,809,1,2,2,1,3.0,75113,M,4883280.0,235649.0,75
201600056884,16,6,23,1705,1,2,5,1,6.0,75115,M,4884150.0,229914.0,75
201600056885,16,6,24,935,1,2,1,1,7.0,75113,M,4881990.0,237473.0,75
201600056886,16,6,26,1509,1,2,2,1,6.0,75118,M,4888450.0,236144.0,75
201600056887,16,6,28,1340,1,2,1,1,3.0,75112,M,4884490.0,240279.0,75
201600056888,16,7,2,20,5,2,5,1,6.0,75114,M,4882740.0,233512.0,75
201600056889,16,7,2,1608,1,2,3,1,6.0,75105,M,4883930.0,235484.0,75
201600056890,16,7,17,618,2,2,5,1,6.0,75119,M,4889050.0,237686.0,75
201600056891,16,7,3,230,5,2,1,1,6.0,75110,M,4887240.0,236684.0,75
201600056892,16,7,6,106,5,2,5,1,3.0,75119,M,4889370.0,237331.0,75
201600056893,16,7,6,1558,1,2,2,1,6.0,75116,M,4884960.0,227142.0,75
201600056894,16,7,6,2135,2,2,2,1,3.0,75114,M,4882600.0,231255.0,75
201600056895,16,7,7,1108,1,2,1,1,6.0,75114,M,4881680.0,233342.0,75
201600056896,16,7,7,1940,1,2,2,1,3.0,75115,M,4883390.0,230809.0,75
201600056897,16,7,7,2306,5,2,3,1,6.0,75118,M,4889090.0,235320.0,75
201600056898,16,7,8,600,1,2,1,1,7.0,75120,M,4884700.0,241446.0,75
201600056899,16,7,9,450,2,2,1,1,7.0,75119,M,4887990.0,240671.0,75
201600056900,16,7,9,1842,1,2,3,1,6.0,75115,M,4884090.0,227791.0,75
201600056901,16,7,9,2226,5,2,1,1,6.0,75120,M,4886500.0,239473.0,75
201600056902,16,7,14,904,1,2,1,1,6.0,75116,M,4885910.0,228968.0,75
201600056903,16,7,15,244,5,2,2,1,3.0,75115,M,4884620.0,229514.0,75
201600056904,16,7,16,1403,1,2,5,1,3.0,75112,M,4884430.0,238153.0,75
201600056905,16,7,17,905,1,2,1,1,2.0,75112,M,4882770.0,239413.0,75
201600056906,16,7,17,1400,1,2,1,1,6.0,75119,M,4887900.0,237042.0,75
201600056907,16,7,19,1620,1,2,1,1,2.0,75117,M,4889230.0,232403.0,75
201600056908,16,7,20,229,5,2,3,1,3.0,75113,M,4883830.0,237277.0,75
201600056909,16,7,23,250,5,2,2,1,6.0,75116,M,4887250.0,226444.0,75
201600056910,16,7,23,1757,1,2,5,1,6.0,75113,M,4883300.0,236181.0,75
201600056911,16,7,24,2000,1,2,4,1,6.0,75118,M,4888420.0,234946.0,75
201600056912,16,7,26,1530,1,2,1,1,2.0,75108,M,4886780.0,232277.0,75
201600056913,16,7,26,1740,1,2,2,1,6.0,75110,M,4887430.0,236263.0,75
201600056914,16,7,27,1220,1,2,2,1,3.0,75111,M,4886160.0,237732.0,75
201600056915,16,7,28,544,5,2,2,1,3.0,75119,M,4889230.0,237910.0,75
201600056916,16,7,28,907,1,2,1,1,5.0,75105,M,4884800.0,235406.0,75
201600056917,16,7,29,1110,1,2,2,1,3.0,75112,M,4884210.0,244900.0,75
201600056918,16,7,29,1854,1,2,2,1,5.0,75109,M,4887150.0,233704.0,75
201600056919,16,7,31,2252,5,2,3,1,6.0,75116,M,4886120.0,228425.0,75
201600056920,16,8,2,745,1,2,1,2,2.0,75105,M,4884970.0,235574.0,75
201600056921,16,8,3,950,1,2,1,1,2.0,75116,M,4885400.0,225376.0,75
201600056922,16,8,8,917,1,2,2,1,6.0,75105,M,4885220.0,234629.0,75
201600056923,16,8,9,1130,1,2,3,1,6.0,75111,M,4886000.0,237090.0,75
201600056924,16,8,10,25,5,2,2,1,3.0,75116,M,4886500.0,223445.0,75
201600056925,16,8,13,1500,1,2,3,1,3.0,75113,M,4882830.0,234255.0,75
201600056926,16,8,20,1520,1,2,1,1,6.0,75118,M,4888500.0,235303.0,75