Num_Acc,an,mois,jour,hrmn,lum,agg,int,atm,col,com,gps,lat,long,dep
201600056927,16,8,21,1820,1,2,1,1,6.0,75118,M,4889570.0,234692.0,75
201600056928,16,8,21,1910,1,2,3,1,3.0,75118,M,4889510.0,235291.0,75
201600056929,16,8,23,940,1,2,7,1,6.0,75114,M,4883380.0,233333.0,75
201600056930,16,8,24,2201,5,2,1,1,6.0,75110,M,4888120.0,236951.0,75
201600056931,16,8,25,1038,1,2,1,1,2.0,75112,M,4882180.0,245379.0,75
201600056932,16,8,26,935,1,2,5,1,6.0,75116,M,4886400.0,224071.0,75
201600056933,16,8,29,235,5,2,2,1,6.0,75115,M,4884670.0,228886.0,75
201600056934,16,8,29,1045,1,2,1,1,6.0,75116,M,4884170.0,226695.0,75
201600056935,16,8,30,2130,5,2,2,1,3.0,75115,M,4883720.0,229641.0,75
201600056936,16,8,30,2305,5,2,5,1,6.0,75105,M,4884680.0,236095.0,75
201600056937,16,8,31,1855,1,2,1,1,7.0,75112,M,4883070.0,238600.0,75
201600056938,16,8,31,2003,2,2,5,1,3.0,75103,M,4886480.0,235329.0,75
201600056939,16,9,1,1520,1,2,2,1,6.0,75104,M,4885510.0,236163.0,75
201600056940,16,9,4,1438,1,2,7,1,3.0,75117,M,4888290.0,230904.0,75
201600056941,16,9,5,1250,1,2,1,2,4.0,75117,M,4888260.0,228311.0,75
201600056942,16,9,6,1009,1,2,2,1,6.0,75115,M,4883720.0,229641.0,75
201600056943,16,9,6,1340,1,2,3,1,3.0,75120,M,4886780.0,238272.0,75
201600056944,16,9,6,1745,1,2,2,1,6.0,75120,M,4887290.0,240851.0,75
201600056945,16,9,7,1158,1,2,3,1,6.0,75101,M,4885900.0,233985.0,75
201600056946,16,9,8,1500,1,2,1,1,5.0,75117,M,4888960.0,229686.0,75
201600056947,16,9,9,1529,1,2,2,1,6.0,75105,M,4884220.0,235202.0,75
201600056948,16,9,10,944,1,2,1,1,6.0,75115,M,4884470.0,229236.0,75
201600056949,16,9,11,54,5,2,1,1,6.0,75116,M,4886370.0,229792.0,75
201600056950,16,9,11,305,5,2,1,1,6.0,75120,M,4884830.0,240077.0,75
201600056951,16,9,15,1105,1,2,7,2,4.0,75113,M,4883190.0,235580.0,75
201600056952,16,9,17,830,1,2,1,1,4.0,75117,M,4889860.0,231541.0,75
201600056953,16,9,21,1311,1,2,3,1,3.0,75111,M,4886100.0,237475.0,75
201600056954,16,9,21,1555,1,2,1,1,6.0,75112,M,4882680.0,239213.0,75
201600056955,16,9,22,1528,1,2,1,1,6.0,75117,M,4888170.0,228254.0,75
201600056956,16,9,23,730,1,2,1,1,6.0,75115,M,4884300.0,232075.0,75
201600056957,16,9,24,745,1,2,1,1,6.0,75117,M,4887790.0,228371.0,75
201600056958,16,9,27,920,1,2,3,1,6.0,75117,M,4889580.0,232833.0,75
201600056959,16,9,29,1900,5,2,1,1,3.0,75116,M,4886200.0,223803.0,75
201600056960,16,9,30,2203,5,2,3,1,3.0,75110,M,4887780.0,236159.0,75
201600056961,16,10,1,1215,1,2,5,2,3.0,75114,M,4883280.0,231155.0,75
201600056962,16,10,2,1403,1,2,2,1,1.0,75113,M,4883230.0,237979.0,75
201600056963,16,10,3,1329,1,2,1,1,3.0,75107,M,4886090.0,231590.0,75
201600056964,16,10,3,1620,1,2,7,1,3.0,75108,M,4886660.0,232190.0,75
201600056965,16,10,6,1105,1,2,1,1,3.0,75113,M,4882240.0,238013.0,75
201600056966,16,10,8,43,5,2,2,1,3.0,75116,M,4887490.0,227109.0,75
201600056967,16,10,9,635,2,2,1,1,3.0,75115,M,4883870.0,231443.0,75
201600056968,16,10,10,1642,1,2,2,2,3.0,75113,M,4882620.0,235729.0,75
201600056969,16,10,11,1600,1,2,1,1,4.0,75115,M,4883430.0,227574.0,75
201600056970,16,10,11,1900,2,2,2,1,3.0,75107,M,4885170.0,232676.0,75
201600056971,16,10,12,710,4,2,4,1,3.0,75116,M,4884800.0,224599.0,75
201600056972,16,10,12,1820,5,2,3,1,3.0,75118,M,4888720.0,235973.0,75
201600056973,16,10,13,13,5,2,2,1,3.0,75119,M,4889000.0,239794.0,75
201600056974,16,10,14,1221,1,2,1,1,6.0,75118,M,4889280.0,236283.0,75
201600056975,16,10,14,1420,1,2,1,1,6.0,75115,M,4883270.0,228159.0,75
201600056976,16,10,17,2313,5,2,1,1,6.0,75113,M,4882810.0,237208.0,75
201600056977,16,10,18,1709,1,2,3,1,3.0,75119,M,4888520.0,237935.0,75
201600056978,16,10,18,1749,1,2,3,1,6.0,75118,M,4888510.0,232669.0,75
201600056979,16,10,19,737,2,2,1,1,6.0,75113,M,4882210.0,237099.0,75
201600056980,16,10,20,710,2,2,2,1,6.0,75116,M,4886230.0,223822.0,75
201600056981,16,10,22,1830,1,2,2,1,6.0,75114,M,4883390.0,231814.0,75
201600056982,16,10,23,220,5,2,1,1,7.0,75107,M,4885770.0,229143.0,75
201600056983,16,10,23,544,4,2,1,1,6.0,75116,M,4885700.0,228675.0,75
201600056984,16,10,24,2120,1,2,1,1,6.0,75106,M,4884220.0,232898.0,75
201600056985,16,10,27,205,5,2,1,1,2.0,75108,M,4886450.0,230267.0,75
201600056986,16,10,28,928,1,2,2,1,6.0,75108,M,4887440.0,230119.0,75
201600056987,16,10,29,940,1,2,5,1,2.0,75104,M,4885750.0,235141.0,75
201600056988,16,10,31,1720,5,2,1,1,6.0,75115,M,4884680.0,229163.0,75
201600056989,16,11,1,150,5,2,7,1,6.0,75112,M,4885260.0,236962.0,75
201600056990,16,11,2,1525,1,2,1,1,6.0,75111,M,4885800.0,238166.0,75
201600056991,16,11,4,2000,5,2,1,2,6.0,75110,M,4887990.0,237004.0,75
201600056992,16,11,6,350,5,2,1,1,6.0,75112,M,4884880.0,237107.0,75
201600056993,16,11,7,706,1,2,2,2,3.0,75115,M,4884980.0,228287.0,75
201600056994,16,11,7,2345,5,2,2,1,2.0,75118,M,4888390.0,234946.0,75
201600056995,16,11,8,1532,1,2,2,1,3.0,75110,M,4888430.0,235932.0,75
201600056996,16,11,9,848,1,2,2,2,3.0,75113,M,4883110.0,237758.0,75
201600056997,16,11,11,220,5,2,1,1,3.0,75116,M,4884990.0,225212.0,75
201600056998,16,11,11,1815,5,2,1,1,6.0,75116,M,4886270.0,229419.0,75
201600056999,16,11,13,459,5,2,3,2,7.0,75118,M,4888670.0,235958.0,75
201600057000,16,11,14,735,1,2,1,1,3.0,75119,M,4889520.0,239414.0,75
201600057001,16,11,17,2030,5,2,2,1,3.0,75117,M,4888480.0,229838.0,75
201600057002,16,11,17,2215,5,2,7,1,2.0,75120,M,4887730.0,240937.0,75
201600057003,16,11,20,210,5,2,2,6,3.0,75107,M,4886250.0,231038.0,75
201600057004,16,11,21,2120,5,2,1,1,6.0,75116,M,4885080.0,227922.0,75
201600057005,16,11,22,1510,1,2,2,1,6.0,75115,M,4883390.0,230809.0,75
201600057006,16,11,22,2220,5,2,1,1,7.0,75120,M,4885210.0,241276.0,75
201600057007,16,11,25,1220,1,2,2,8,3.0,75101,M,4886010.0,233333.0,75
201600057008,16,11,25,1923,5,2,1,1,6.0,75112,M,4884070.0,241346.0,75
201600057009,16,11,26,130,5,2,1,1,7.0,75120,M,4884880.0,240125.0,75
201600057010,16,11,28,1550,1,2,1,1,6.0,75107,M,4885750.0,232403.0,75
201600057011,16,11,29,1025,1,2,1,1,6.0,75117,M,4888520.0,229524.0,75
201600057012,16,11,29,1830,5,2,3,1,3.0,75112,M,4884440.0,242182.0,75
201600057013,16,12,1,1550,1,2,2,1,6.0,75115,M,4883670.0,229805.0,75
201600057014,16,12,2,200,5,2,7,1,6.0,75117,M,4888480.0,229793.0,75
201600057015,16,12,2,800,1,2,4,1,6.0,75112,M,4883250.0,245706.0,75
201600057016,16,12,2,1350,1,2,5,1,6.0,75118,M,4889820.0,235248.0,75
201600057017,16,12,4,654,5,2,3,1,6.0,75119,M,4889870.0,237418.0,75
201600057018,16,12,7,1320,1,2,7,1,3.0,75108,M,4886930.0,230914.0,75
201600057019,16,12,10,1915,2,2,1,1,2.0,75113,M,4881610.0,236220.0,75
201600057020,16,12,10,2315,5,2,3,1,6.0,75113,M,4883830.0,234203.0,75
201600057021,16,12,12,1307,1,2,7,8,4.0,75116,M,4887440.0,229293.0,75
201600057022,16,12,12,1625,2,2,2,2,6.0,75116,M,4886810.0,227549.0,75
201600057023,16,12,14,700,5,2,1,1,3.0,75116,M,4885820.0,224465.0,75
201600057024,16,12,14,1853,5,2,1,1,6.0,75110,M,4888230.0,235061.0,75
201600057025,16,12,16,636,5,2,2,1,6.0,75111,M,4886030.0,237856.0,75
201600057026,16,12,16,1404,1,2,1,1,6.0,75118,M,4890160.0,235981.0,75
201600057027,16,12,17,1902,5,2,1,1,3.0,75118,M,4889170.0,235983.0,75
201600057028,16,12,19,1920,5,2,1,1,3.0,75119,M,4888050.0,240020.0,75
201600057029,16,12,19,2330,5,2,1,1,6.0,75108,M,4886490.0,231772.0,75
201600057030,16,12,23,1820,5,2,2,1,6.0,75111,M,4886510.0,237468.0,75
201600057031,16,12,24,50,5,2,5,2,6.0,75104,M,4885440.0,235494.0,75
201600057032,16,12,24,300,5,2,1,1,6.0,75114,M,4881700.0,233460.0,75
201600057033,16,12,29,1339,1,2,5,1,3.0,75117,M,4888100.0,230026.0,75
201600057034,16,12,29,2329,5,2,3,1,3.0,75106,M,4885650.0,233461.0,75
201600057035,16,12,30,915,1,2,1,1,3.0,75117,M,4889320.0,231570.0,75
201600057036,16,1,2,1350,1,2,4,1,6.0,75113,M,4881640.0,234627.0,75
201600057037,16,1,3,2305,5,2,1,2,6.0,75118,M,4890020.0,236089.0,75
201600057038,16,1,4,1615,1,2,4,1,6.0,75112,M,4884460.0,241418.0,75
201600057039,16,1,4,2010,5,2,1,1,2.0,75114,M,4882100.0,232143.0,75
201600057040,16,1,5,910,1,2,1,2,5.0,75119,M,4889660.0,239445.0,75
201600057041,16,1,6,810,1,2,1,2,2.0,75118,M,4890080.0,233388.0,75
201600057042,16,1,6,1855,5,2,1,1,3.0,75116,M,4887190.0,227352.0,75
201600057043,16,1,7,850,1,2,1,3,7.0,75117,M,4889520.0,230681.0,75
201600057044,16,1,7,1955,4,2,1,1,3.0,75113,M,4881770.0,235070.0,75
201600057045,16,1,11,810,5,2,1,2,3.0,75113,M,4881700.0,236590.0,75
201600057046,16,1,11,920,1,2,4,1,2.0,75120,M,4886850.0,241320.0,75
201600057047,16,1,11,1325,1,2,1,1,6.0,75120,M,4886530.0,241285.0,75
201600057048,16,1,12,1840,5,2,1,1,2.0,75118,M,4890080.0,233894.0,75
201600057049,16,1,13,730,2,2,1,1,2.0,75115,M,4883100.0,228386.0,75
201600057050,16,1,13,1215,1,2,1,1,6.0,75116,M,4887570.0,227827.0,75
201600057051,16,1,13,1300,1,2,1,1,7.0,75116,M,4887760.0,227996.0,75
201600057052,16,1,15,1230,1,2,1,1,2.0,75117,M,4888900.0,229524.0,75
201600057053,16,1,15,1300,1,2,1,1,2.0,75114,M,4881780.0,233402.0,75
201600057054,16,1,16,500,5,2,1,1,2.0,75115,M,4883470.0,226518.0,75
201600057055,16,1,17,305,5,2,1,1,7.0,75117,M,4890010.0,232038.0,75
201600057056,16,1,19,1000,1,2,1,1,2.0,75116,M,4885470.0,225471.0,75
201600057057,16,1,19,1045,1,2,1,1,3.0,75115,M,4882920.0,228840.0,75
201600057058,16,1,19,2320,4,2,1,1,2.0,75115,M,4883340.0,227807.0,75
201600057059,16,1,20,815,1,2,1,1,4.0,75112,M,4883340.0,240734.0,75
201600057060,16,1,21,1020,1,2,1,8,6.0,75116,M,4887590.0,227782.0,75
201600057061,16,1,21,1510,1,2,1,1,6.0,75120,M,4886930.0,241320.0,75
201600057062,16,1,21,1920,5,2,4,1,2.0,75113,M,4881610.0,236334.0,75
201600057063,16,1,22,840,1,2,1,1,7.0,75116,M,4886450.0,226715.0,75
201600057064,16,1,22,2045,5,2,1,2,7.0,75113,M,4881610.0,235953.0,75
201600057065,16,1,24,540,5,2,1,2,6.0,75112,M,4883720.0,241249.0,75
201600057066,16,1,24,1010,1,2,1,2,6.0,75120,M,4886500.0,241248.0,75
201600057067,16,1,25,900,1,2,1,1,4.0,75115,M,4882770.0,229184.0,75
201600057068,16,1,25,1910,5,2,1,1,2.0,75114,M,4882350.0,230989.0,75
201600057069,16,1,28,1230,1,2,1,1,3.0,75116,M,4883530.0,225975.0,75
201600057070,16,1,29,850,1,2,1,1,3.0,75120,M,4885940.0,241404.0,75
201600057071,16,1,29,1250,1,2,1,1,2.0,75115,M,4882850.0,228953.0,75
201600057072,16,1,30,1220,1,2,1,2,2.0,75115,M,4882580.0,229957.0,75
201600057073,16,1,30,1630,1,2,1,3,6.0,75120,M,4886530.0,241687.0,75
201600057074,16,1,31,620,5,2,1,2,6.0,75112,M,4883430.0,240974.0,75
201600057075,16,1,31,900,1,2,1,2,6.0,75120,M,4886550.0,241235.0,75
201600057076,16,2,1,645,5,2,4,1,2.0,75116,M,4887540.0,227663.0,75
201600057077,16,2,1,945,1,2,1,1,3.0,75114,M,4882520.0,230215.0,75
201600057078,16,2,1,1420,1,2,1,1,7.0,75117,M,4888900.0,229524.0,75
201600057079,16,2,2,845,1,2,1,1,3.0,75119,M,4890030.0,237746.0,75
201600057080,16,2,2,1930,4,2,1,1,7.0,75119,M,4889660.0,239410.0,75
201600057081,16,2,3,1215,1,2,1,1,2.0,75120,M,4884790.0,241485.0,75
201600057082,16,2,3,750,1,2,1,1,3.0,75116,M,4883590.0,225730.0,75
201600057083,16,2,3,1050,1,2,4,1,6.0,75118,M,4890090.0,235587.0,75
201600057084,16,2,3,1745,2,2,1,1,4.0,75118,M,4890070.0,233485.0,75
201600057085,16,2,3,2000,2,2,1,1,3.0,75113,M,4881790.0,236830.0,75
201600057086,16,2,3,2050,5,2,1,1,3.0,75120,M,4886610.0,241272.0,75
201600057087,16,2,3,2340,5,2,1,1,6.0,75112,M,4884340.0,241371.0,75
201600057088,16,2,4,1115,1,2,1,1,2.0,75113,M,4881650.0,236476.0,75
201600057089,16,2,6,230,5,2,1,1,6.0,75118,M,4890100.0,234209.0,75
201600057090,16,2,6,2020,5,2,1,1,2.0,75119,M,4888450.0,239874.0,75
201600057091,16,2,8,815,1,2,1,1,2.0,75120,M,4885490.0,241378.0,75
201600057092,16,2,9,940,1,2,1,2,7.0,75115,M,4882580.0,229957.0,75
201600057093,16,2,10,900,1,2,1,1,6.0,75112,M,4883420.0,241007.0,75
201600057094,16,2,10,1340,1,2,1,1,4.0,75116,M,4885400.0,225376.0,75
201600057095,16,2,10,1520,1,2,1,1,3.0,75120,M,4886300.0,241350.0,75
201600057096,16,2,12,1620,1,2,1,2,2.0,75119,M,4890030.0,237746.0,75
201600057097,16,2,14,315,5,2,1,1,2.0,75112,M,4884070.0,241346.0,75
201600057098,16,2,14,1010,1,2,1,1,3.0,75117,M,4890060.0,232297.0,75
201600057099,16,2,15,1220,1,2,1,1,2.0,75112,M,4882790.0,239547.0,75
201600057100,16,2,15,1430,1,2,1,1,2.0,75116,M,4886920.0,227099.0,75
201600057101,16,2,15,1835,1,2,4,1,2.0,75116,M,4885070.0,225194.0,75
201600057102,16,2,16,1630,1,2,1,1,3.0,75113,M,4881650.0,234505.0,75
201600057103,16,2,16,1740,1,2,1,1,6.0,75116,M,4887630.0,227809.0,75
201600057104,16,2,16,2253,5,2,4,1,3.0,75113,M,4881870.0,237086.0,75
201600057105,16,2,16,1950,5,2,1,1,3.0,75115,M,4883520.0,227055.0,75
201600057106,16,2,18,1250,1,2,1,1,4.0,75112,M,4884520.0,241432.0,75
201600057107,16,2,22,1145,1,2,1,1,4.0,75120,M,4885850.0,241430.0,75
201600057108,16,2,22,1600,1,2,1,1,6.0,75117,M,4888330.0,228388.0,75
201600057109,16,2,23,840,1,2,4,2,7.0,75116,M,4884560.0,225484.0,75
201600057110,16,2,23,2300,5,2,1,1,4.0,75119,M,4888170.0,240198.0,75
201600057111,16,2,24,1845,5,2,1,1,4.0,75114,M,4882380.0,230859.0,75
201600057112,16,2,25,1800,5,2,1,1,7.0,75118,M,4890130.0,235991.0,75
201600057113,16,2,26,2000,5,2,1,1,4.0,75113,M,4882090.0,237679.0,75
201600057114,16,2,27,910,1,2,4,1,6.0,75116,M,4884370.0,225463.0,75
201600057115,16,2,29,2300,5,2,1,1,3.0,75117,M,4888330.0,228388.0,75
201600057116,16,3,1,1810,5,2,1,2,3.0,75114,M,4881660.0,233762.0,75
201600057117,16,3,3,1530,1,2,1,1,6.0,75115,M,4883240.0,228039.0,75
201600057118,16,3,3,2220,5,2,4,1,4.0,75113,M,4881730.0,236599.0,75
201600057119,16,3,4,1050,1,2,1,2,7.0,75116,M,4883480.0,226383.0,75
201600057120,16,3,5,35,5,2,1,2,6.0,75118,M,4890060.0,235899.0,75
201600057121,16,3,5,1025,1,2,1,2,4.0,75115,M,4882560.0,230083.0,75
201600057122,16,3,5,1320,1,2,1,8,4.0,75116,M,4886420.0,226652.0,75
201600057123,16,3,5,1530,1,2,1,1,3.0,75113,M,4882460.0,238425.0,75
201600057124,16,3,5,1920,5,2,1,1,4.0,75115,M,4883490.0,226787.0,75
201600057125,16,3,6,210,5,2,4,1,6.0,75120,M,4886170.0,241393.0,75
201600057126,16,3,6,1940,5,2,1,1,4.0,75117,M,4890020.0,232128.0,75
201600057127,16,3,7,710,1,2,1,1,2.0,75113,M,4881750.0,235457.0,75
201600057128,16,3,8,1800,1,2,1,1,4.0,75114,M,4881660.0,234304.0,75
201600057129,16,3,15,1140,1,2,1,1,2.0,75113,M,4881570.0,236143.0,75
201600057130,16,3,9,1840,2,2,1,1,7.0,75112,M,4882650.0,239114.0,75
201600057131,16,3,10,1440,1,2,4,1,2.0,75119,M,4888000.0,240144.0,75
201600057132,16,3,11,1915,2,2,1,1,6.0,75113,M,4881640.0,234714.0,75
201600057133,16,3,13,2145,5,2,1,1,6.0,75119,M,4889840.0,239384.0,75
201600057134,16,3,14,810,1,2,1,1,3.0,75112,M,4883040.0,240222.0,75
201600057135,16,3,17,920,1,2,1,1,2.0,75113,M,4881730.0,235455.0,75
201600057136,16,3,22,1100,1,2,1,1,2.0,75117,M,4888600.0,228858.0,75
201600057137,16,3,23,1700,1,2,1,1,2.0,75116,M,4886660.0,226852.0,75
201600057138,16,3,24,850,1,2,1,1,4.0,75116,M,4883730.0,225534.0,75
201600057139,16,3,24,1310,1,2,4,1,3.0,75119,M,4888000.0,240144.0,75
201600057140,16,3,24,1925,1,2,1,1,2.0,75117,M,4888040.0,228196.0,75
201600057141,16,3,25,1450,1,2,1,1,2.0,75113,M,4882300.0,238114.0,75
201600057142,16,3,25,1700,1,2,4,1,6.0,75116,M,4884370.0,225463.0,75
201600057143,16,3,27,650,1,2,1,1,6.0,75118,M,4890020.0,236084.0,75
201600057144,16,3,27,1300,1,2,1,1,2.0,75116,M,4883510.0,226244.0,75
201600057145,16,3,29,730,1,2,1,6,3.0,75120,M,4884790.0,241463.0,75
201600057146,16,3,30,1640,1,2,1,2,2.0,75120,M,4887350.0,241158.0,75
201600057147,16,3,30,1315,1,2,1,2,4.0,75115,M,4883490.0,226787.0,75
201600057148,16,3,30,850,1,2,1,2,3.0,75120,M,4887020.0,241321.0,75
201600057149,16,3,31,1025,1,2,1,2,7.0,75116,M,4887450.0,227608.0,75
201600057150,16,3,31,1610,1,2,1,3,6.0,75120,M,4887190.0,241278.0,75
201600057151,16,3,31,2045,3,2,1,2,2.0,75120,M,4886240.0,241402.0,75
201600057152,16,4,2,1608,1,2,1,1,6.0,75117,M,4888920.0,229562.0,75
201600057153,16,4,4,1230,1,2,1,1,2.0,75120,M,4886420.0,241372.0,75
201600057154,16,4,5,1435,1,2,4,1,6.0,75120,M,4886170.0,241393.0,75
201600057155,16,4,6,1720,1,2,1,1,3.0,75117,M,4888760.0,229080.0,75
201600057156,16,4,6,1815,1,2,1,1,4.0,75120,M,4886750.0,241321.0,75
201600057157,16,4,8,1740,1,2,1,1,3.0,75116,M,4885740.0,225922.0,75
201600057158,16,4,9,110,5,2,1,1,6.0,75117,M,4889280.0,230279.0,75
201600057159,16,4,9,150,5,2,1,1,6.0,75119,M,4888780.0,239664.0,75
201600057160,16,4,9,1900,1,2,1,1,2.0,75117,M,4887950.0,228163.0,75
201600057161,16,4,10,1510,1,2,4,1,5.0,75112,M,4884230.0,241359.0,75
201600057162,16,4,11,400,5,2,3,1,6.0,75117,M,4889550.0,230745.0,75
201600057163,16,4,12,1715,1,2,1,1,2.0,75114,M,4882150.0,231884.0,75
201600057164,16,4,13,1335,1,2,1,1,3.0,75118,M,4890070.0,233485.0,75
201600057165,16,4,11,1700,1,2,1,1,2.0,75119,M,4890050.0,237476.0,75
201600057166,16,4,13,2110,5,2,1,1,6.0,75113,M,4881930.0,237191.0,75
201600057167,16,4,13,2136,5,2,1,1,6.0,75116,M,4885720.0,225851.0,75
201600057168,16,4,14,935,1,2,1,1,7.0,75114,M,4882130.0,232014.0,75
201600057169,16,4,14,810,1,2,1,1,3.0,75120,M,4885940.0,241404.0,75
201600057170,16,4,14,1145,1,2,1,1,4.0,75117,M,4890060.0,232434.0,75
201600057171,16,4,15,1140,1,2,1,1,3.0,75119,M,4890060.0,238835.0,75
201600057172,16,4,16,2020,1,2,1,1,2.0,75117,M,4888350.0,228464.0,75
201600057173,16,4,17,1930,2,2,1,1,3.0,75113,M,4881700.0,236590.0,75
201600057174,16,4,19,1810,1,2,1,1,6.0,75113,M,4882110.0,237806.0,75
201600057175,16,4,20,15,5,2,4,1,6.0,75114,M,4881850.0,233302.0,75
201600057176,16,4,20,630,5,2,1,1,2.0,75120,M,4884790.0,241425.0,75
201600057177,16,4,20,810,1,2,1,1,2.0,75119,M,4889570.0,239469.0,75
201600057178,16,4,20,1745,1,2,1,1,3.0,75113,M,4881790.0,236830.0,75
201600057179,16,4,21,850,1,2,1,1,7.0,75119,M,4889040.0,239613.0,75
201600057180,16,4,25,810,1,2,4,1,6.0,75115,M,4883540.0,227185.0,75
201600057181,16,4,25,2150,5,2,1,3,6.0,75120,M,4886530.0,241237.0,75
201600057182,16,4,26,1245,1,2,1,1,2.0,75118,M,4890090.0,236252.0,75
201600057183,16,4,27,1100,1,2,1,1,7.0,75116,M,4887840.0,227963.0,75
201600057184,16,4,28,1,5,2,1,1,7.0,75117,M,4890070.0,232707.0,75
201600057185,16,4,28,215,3,2,4,1,7.0,75112,M,4882790.0,238870.0,75
201600057186,16,4,28,850,1,2,1,1,5.0,75115,M,4883150.0,228270.0,75
201600057187,16,4,28,1830,1,2,1,1,2.0,75119,M,4887840.0,240819.0,75
201600057188,16,4,30,650,5,2,1,1,6.0,75116,M,4883810.0,225469.0,75
201600057189,16,5,2,830,1,2,1,1,3.0,75113,M,4882300.0,238114.0,75
201600057190,16,5,2,1100,1,2,1,1,2.0,75120,M,4885580.0,241387.0,75
201600057191,16,5,3,2000,1,2,1,1,3.0,75113,M,4881780.0,235070.0,75
201600057192,16,5,4,1235,1,2,4,1,3.0,75112,M,4883570.0,241210.0,75
201600057193,16,5,4,1355,1,2,1,1,6.0,75113,M,4882600.0,238773.0,75
201600057194,16,5,4,1740,1,2,1,1,3.0,75120,M,4887430.0,241093.0,75
201600057195,16,5,5,240,5,2,4,1,6.0,75119,M,4888590.0,239752.0,75
201600057196,16,5,5,1715,1,2,1,1,3.0,75112,M,4882630.0,239189.0,75
201600057197,16,5,7,1440,1,2,1,1,4.0,75114,M,4882220.0,231628.0,75
201600057198,16,5,8,1100,1,2,4,1,2.0,75112,M,4882770.0,239417.0,75
201600057199,16,5,8,1850,1,2,4,1,3.0,75118,M,4890110.0,234756.0,75
201600057200,16,5,9,5,3,2,1,1,2.0,75118,M,4890080.0,233758.0,75
201600057201,16,5,10,1310,1,2,1,1,4.0,75116,M,4884250.0,225430.0,75
201600057202,16,5,10,1910,1,2,1,1,3.0,75118,M,4890080.0,233758.0,75
201600057203,16,5,10,1720,1,2,1,1,6.0,75120,M,4886440.0,241311.0,75
201600057204,16,5,10,2100,5,2,1,2,6.0,75119,M,4890050.0,237476.0,75
201600057205,16,5,11,855,1,2,1,1,3.0,75119,M,4890030.0,238019.0,75
201600057206,16,5,12,1155,1,2,1,1,2.0,75115,M,4882610.0,229827.0,75
201600057207,16,5,12,1630,1,2,1,1,4.0,75117,M,4889570.0,230794.0,75
201600057208,16,5,12,2000,2,2,1,1,3.0,75117,M,4889160.0,230075.0,75
201600057209,16,5,13,945,1,2,1,1,6.0,75118,M,4890090.0,233525.0,75
201600057210,16,5,13,1630,1,2,4,1,3.0,75114,M,4882500.0,230327.0,75
201600057211,16,5,14,1700,1,2,4,1,6.0,75117,M,4889320.0,230317.0,75
201600057212,16,5,15,130,5,2,1,1,2.0,75113,M,4882220.0,238020.0,75
201600057213,16,5,17,750,1,2,1,1,3.0,75114,M,4881690.0,233626.0,75
201600057214,16,5,17,1005,1,2,1,1,2.0,75116,M,4885480.0,225537.0,75
201600057215,16,5,17,1400,1,2,1,1,4.0,75116,M,4886990.0,227181.0,75
201600057216,16,5,17,2010,2,2,1,1,2.0,75112,M,4883220.0,240558.0,75
201600057217,16,5,18,1430,1,2,4,2,4.0,75115,M,4883490.0,227333.0,75
201600057218,16,5,18,2050,1,2,1,1,6.0,75116,M,4887840.0,227963.0,75
201600057219,16,5,18,2325,5,2,4,1,4.0,75120,M,4884890.0,241485.0,75
201600057220,16,5,19,715,1,2,1,1,3.0,75116,M,4885420.0,225442.0,75
201600057221,16,5,19,1545,1,2,1,1,4.0,75114,M,4882090.0,232147.0,75
201600057222,16,5,21,800,1,2,4,1,3.0,75115,M,4882670.0,229620.0,75
201600057223,16,5,21,1855,1,2,1,2,2.0,75120,M,4886390.0,241336.0,75
201600057224,16,5,22,1850,1,2,1,2,3.0,75120,M,4886470.0,241306.0,75
201600057225,16,5,23,940,1,2,1,3,3.0,75116,M,4885470.0,225471.0,75
201600057226,16,5,23,1225,1,2,1,2,2.0,75117,M,4888830.0,229271.0,75
201600057227,16,5,23,1045,1,2,1,3,3.0,75119,M,4888450.0,239874.0,75
201600057228,16,5,23,1545,1,2,1,1,2.0,75118,M,4890090.0,235706.0,75
201600057229,16,5,24,845,1,2,1,1,2.0,75118,M,4890110.0,235758.0,75
201600057230,16,5,24,1600,1,2,1,1,2.0,75116,M,4886200.0,226430.0,75
201600057231,16,5,25,1245,1,2,1,1,6.0,75112,M,4882820.0,239675.0,75
201600057232,16,5,25,1545,1,2,1,1,3.0,75114,M,4881980.0,232662.0,75
201600057233,16,5,25,2220,4,2,1,1,6.0,75118,M,4890030.0,235908.0,75
201600057234,16,5,26,755,1,2,1,1,3.0,75112,M,4883160.0,240456.0,75
201600057235,16,5,26,1845,1,2,1,1,3.0,75117,M,4890020.0,232128.0,75
201600057236,16,5,27,1625,1,2,1,1,3.0,75113,M,4881650.0,236476.0,75
201600057237,16,5,28,1200,1,2,1,1,2.0,75118,M,4890120.0,235298.0,75