Num_Acc,an,mois,jour,hrmn,lum,agg,int,atm,col,com,gps,lat,long,dep
201600057238,16,5,30,315,4,2,1,1,6.0,75120,M,4886510.0,241245.0,75
201600057239,16,5,30,655,2,2,1,2,2.0,75120,M,4886120.0,241378.0,75
201600057240,16,5,30,1700,1,2,1,2,2.0,75117,M,4887870.0,228114.0,75
201600057241,16,5,31,1220,1,2,1,2,6.0,75117,M,4890080.0,232980.0,75
201600057242,16,5,31,2000,2,2,1,3,6.0,75115,M,4883050.0,228502.0,75
201600057243,16,6,1,120,3,2,1,1,7.0,75120,M,4886660.0,241448.0,75
201600057244,16,6,1,1000,1,2,4,1,2.0,75116,M,4887540.0,227663.0,75
201600057245,16,6,1,945,1,2,1,1,4.0,75114,M,4882080.0,232275.0,75
201600057246,16,6,1,1410,1,2,1,1,2.0,75120,M,4885850.0,241411.0,75
201600057247,16,6,2,1015,1,2,1,1,3.0,75116,M,4886450.0,226715.0,75
201600057248,16,6,3,1925,1,2,1,1,3.0,75116,M,4886200.0,226430.0,75
201600057249,16,6,5,310,5,2,1,2,2.0,75118,M,4890070.0,233622.0,75
201600057250,16,6,7,540,2,2,1,1,3.0,75117,M,4888450.0,228584.0,75
201600057251,16,6,8,1200,1,2,1,1,3.0,75118,M,4890090.0,235842.0,75
201600057252,16,6,9,700,1,2,1,1,4.0,75114,M,4882130.0,232014.0,75
201600057253,16,6,9,945,1,2,1,1,2.0,75117,M,4888450.0,228584.0,75
201600057254,16,6,9,1010,1,2,1,1,3.0,75116,M,4885740.0,225922.0,75
201600057255,16,6,9,1320,1,2,1,1,6.0,75119,M,4890020.0,239101.0,75
201600057256,16,6,11,930,1,2,1,1,5.0,75114,M,4882220.0,231628.0,75
201600057257,16,6,12,1320,1,2,1,8,4.0,75120,M,4887280.0,241246.0,75
201600057258,16,6,13,1510,1,2,1,1,7.0,75114,M,4881950.0,232792.0,75
201600057259,16,6,13,1745,1,2,1,1,2.0,75117,M,4889220.0,230177.0,75
201600057260,16,6,15,815,1,2,1,1,2.0,75117,M,4889780.0,231298.0,75
201600057261,16,6,15,920,5,2,1,1,5.0,75120,M,4887430.0,241115.0,75
201600057262,16,6,15,1620,1,2,1,1,3.0,75118,M,4890060.0,233214.0,75
201600057263,16,6,15,1950,1,2,1,1,2.0,75112,M,4882730.0,239117.0,75
201600057264,16,6,16,1730,1,2,1,1,2.0,75117,M,4888520.0,228683.0,75
201600057265,16,6,17,1510,1,2,1,1,3.0,75113,M,4881790.0,235204.0,75
201600057266,16,6,18,1330,1,2,4,1,6.0,75112,M,4883570.0,241210.0,75
201600057267,16,6,18,1905,1,2,1,3,7.0,75119,M,4888300.0,240022.0,75
201600057268,16,6,20,435,5,2,1,1,3.0,75114,M,4882320.0,231118.0,75
201600057269,16,6,20,850,1,2,1,1,3.0,75119,M,4889840.0,239384.0,75
201600057270,16,6,21,1245,1,2,1,1,4.0,75116,M,4884430.0,225486.0,75
201600057271,16,6,21,955,1,2,1,1,6.0,75119,M,4889570.0,239469.0,75
201600057272,16,6,22,1100,1,2,1,1,3.0,75112,M,4884430.0,241412.0,75
201600057273,16,6,23,945,1,2,1,1,4.0,75112,M,4883630.0,241217.0,75
201600057274,16,6,24,1220,1,2,1,1,2.0,75119,M,4890050.0,238427.0,75
201600057275,16,6,24,1850,1,2,1,1,6.0,75114,M,4882380.0,230859.0,75
201600057276,16,6,26,1155,1,2,1,1,7.0,75116,M,4887370.0,227541.0,75
201600057277,16,6,26,1450,1,2,1,1,4.0,75113,M,4882580.0,238645.0,75
201600057278,16,6,26,1810,1,2,1,1,6.0,75116,M,4883730.0,225568.0,75
201600057279,16,6,27,40,5,2,1,1,3.0,75112,M,4882920.0,240049.0,75
201600057280,16,6,27,1600,1,2,1,1,4.0,75120,M,4885670.0,241395.0,75
201600057281,16,6,29,755,1,2,1,1,2.0,75120,M,4886210.0,241364.0,75
201600057282,16,6,29,1610,1,2,1,1,6.0,75120,M,4884970.0,241500.0,75
201600057283,16,6,29,1940,1,2,1,1,2.0,75113,M,4882340.0,238222.0,75
201600057284,16,6,30,1020,1,2,1,1,4.0,75119,M,4890030.0,237882.0,75
201600057285,16,7,1,1745,1,2,1,1,3.0,75117,M,4889220.0,230177.0,75
201600057286,16,7,2,1835,1,2,1,1,2.0,75118,M,4890090.0,235706.0,75
201600057287,16,7,2,2115,2,2,1,8,3.0,75119,M,4890060.0,237300.0,75
201600057288,16,7,4,909,1,2,1,1,3.0,75119,M,4888090.0,240465.0,75
201600057289,16,7,5,1540,1,2,1,1,3.0,75116,M,4885910.0,226241.0,75
201600057290,16,7,6,830,1,2,1,1,2.0,75118,M,4890120.0,234889.0,75
201600057291,16,7,6,1745,1,2,1,1,3.0,75114,M,4882410.0,230730.0,75
201600057292,16,7,7,1445,1,2,1,1,3.0,75116,M,4887270.0,227418.0,75
201600057293,16,7,8,30,5,2,4,1,6.0,75118,M,4890100.0,234758.0,75
201600057294,16,7,8,1650,1,2,1,7,4.0,75113,M,4882110.0,237806.0,75
201600057295,16,7,9,1430,1,2,1,1,6.0,75119,M,4889970.0,239183.0,75
201600057296,16,7,9,1720,1,2,1,1,3.0,75118,M,4890060.0,233077.0,75
201600057297,16,7,10,1315,1,2,1,1,2.0,75114,M,4882320.0,231118.0,75
201600057298,16,7,11,15,5,2,1,1,2.0,75113,M,4882600.0,238773.0,75
201600057299,16,7,11,140,5,2,1,1,2.0,75113,M,4881830.0,236953.0,75
201600057300,16,7,12,640,1,2,1,1,2.0,75112,M,4882770.0,238984.0,75
201600057301,16,7,13,930,1,2,1,1,3.0,75119,M,4888240.0,240132.0,75
201600057302,16,7,12,1930,1,2,1,1,4.0,75119,M,4890060.0,238564.0,75
201600057303,16,7,14,2150,3,2,1,1,6.0,75113,M,4882010.0,237435.0,75
201600057304,16,7,15,1030,1,2,1,1,2.0,75114,M,4882280.0,231373.0,75
201600057305,16,7,15,900,1,2,1,1,3.0,75118,M,4890090.0,236115.0,75
201600057306,16,7,15,710,1,2,4,1,6.0,75115,M,4883580.0,227032.0,75
201600057307,16,7,16,450,5,2,1,1,6.0,75119,M,4890070.0,237028.0,75
201600057308,16,7,17,255,5,2,4,1,3.0,75114,M,4882300.0,231204.0,75
201600057309,16,7,18,915,1,2,1,1,6.0,75112,M,4882880.0,239902.0,75
201600057310,16,7,18,1845,1,2,1,1,6.0,75112,M,4882920.0,240049.0,75
201600057311,16,7,20,1100,1,2,1,1,2.0,75117,M,4890080.0,232980.0,75
201600057312,16,7,22,800,1,2,1,1,3.0,75119,M,4890020.0,239101.0,75
201600057313,16,7,22,1030,1,2,1,1,3.0,75119,M,4890050.0,237476.0,75
201600057314,16,7,23,1825,1,2,1,1,4.0,75120,M,4885150.0,241531.0,75
201600057315,16,7,24,45,5,2,1,1,7.0,75113,M,4881700.0,234828.0,75
201600057316,16,7,25,1200,1,2,4,1,6.0,75117,M,4888470.0,228647.0,75
201600057317,16,7,25,1810,1,2,1,1,4.0,75113,M,4881700.0,236590.0,75
201600057318,16,7,27,855,1,2,1,1,3.0,75113,M,4881670.0,236471.0,75
201600057319,16,7,28,1600,1,2,1,1,3.0,75115,M,4882680.0,229567.0,75
201600057320,16,7,29,1715,1,2,1,1,2.0,75115,M,4883510.0,226921.0,75
201600057321,16,7,29,1900,1,2,1,1,4.0,75117,M,4889460.0,230578.0,75
201600057322,16,7,30,1506,1,2,1,1,2.0,75114,M,4882430.0,230574.0,75
201600057323,16,8,1,410,5,2,1,1,6.0,75117,M,4889820.0,231418.0,75
201600057324,16,8,4,1315,1,2,1,1,3.0,75118,M,4890030.0,235910.0,75
201600057325,16,8,4,1510,1,2,1,1,2.0,75118,M,4890100.0,234849.0,75
201600057326,16,8,5,1245,1,2,1,1,4.0,75118,M,4890090.0,234440.0,75
201600057327,16,8,6,1030,1,2,1,1,1.0,75116,M,4884050.0,225385.0,75
201600057328,16,8,7,1030,1,2,1,1,3.0,75112,M,4882760.0,239246.0,75
201600057329,16,8,8,630,1,2,1,1,6.0,75119,M,4889910.0,239278.0,75
201600057330,16,8,9,1715,1,2,1,1,2.0,75118,M,4890100.0,234986.0,75
201600057331,16,8,9,1730,1,2,1,1,3.0,75113,M,4881850.0,236952.0,75
201600057332,16,8,11,1330,1,2,1,1,2.0,75112,M,4882850.0,239773.0,75
201600057333,16,8,13,1830,1,2,1,1,7.0,75118,M,4890030.0,235907.0,75
201600057334,16,8,14,620,1,2,1,1,7.0,75118,M,4890090.0,235842.0,75
201600057335,16,8,17,1945,1,2,1,1,3.0,75112,M,4882820.0,239645.0,75
201600057336,16,8,18,850,1,2,1,1,7.0,75120,M,4886600.0,241259.0,75
201600057337,16,8,22,845,1,2,1,1,2.0,75115,M,4882870.0,228953.0,75
201600057338,16,8,22,700,1,2,1,1,7.0,75116,M,4886740.0,226910.0,75
201600057339,16,8,24,1650,1,2,1,1,2.0,75112,M,4884340.0,241393.0,75
201600057340,16,8,25,850,1,2,1,1,2.0,75119,M,4888120.0,240340.0,75
201600057341,16,8,25,1845,1,2,1,1,4.0,75114,M,4882180.0,231755.0,75
201600057342,16,8,28,225,5,2,1,1,6.0,75117,M,4889160.0,230075.0,75
201600057343,16,8,29,1410,1,2,1,1,2.0,75120,M,4886300.0,241350.0,75
201600057344,16,8,30,830,1,2,1,1,6.0,75112,M,4882680.0,239215.0,75
201600057345,16,8,30,1330,1,2,1,1,4.0,75116,M,4883500.0,226380.0,75
201600057346,16,8,30,1605,1,2,1,1,4.0,75112,M,4882850.0,239773.0,75
201600057347,16,8,31,1325,1,2,1,1,4.0,75115,M,4882870.0,228953.0,75
201600057348,16,8,31,1800,1,2,1,1,4.0,75114,M,4882090.0,232147.0,75
201600057349,16,9,1,1435,1,2,1,1,4.0,75112,M,4884160.0,241376.0,75
201600057350,16,9,1,1700,1,2,1,1,6.0,75118,M,4890060.0,233214.0,75
201600057351,16,9,2,740,1,2,1,1,3.0,75119,M,4890060.0,238835.0,75
201600057352,16,9,2,1055,1,2,1,1,4.0,75112,M,4882920.0,240049.0,75
201600057353,16,9,2,1345,1,2,1,1,4.0,75116,M,4883980.0,225409.0,75
201600057354,16,9,3,1450,1,2,1,1,2.0,75112,M,4882850.0,239773.0,75
201600057355,16,9,4,2100,4,2,1,1,2.0,75120,M,4884970.0,241500.0,75
201600057356,16,9,6,1440,1,2,1,1,7.0,75117,M,4890050.0,232531.0,75
201600057357,16,9,6,1845,1,2,4,1,2.0,75116,M,4886990.0,227174.0,75
201600057358,16,9,9,1655,1,2,1,1,2.0,75114,M,4881990.0,232662.0,75
201600057359,16,9,10,1940,2,2,1,1,3.0,75112,M,4883220.0,240558.0,75
201600057360,16,9,12,1040,1,2,1,1,6.0,75116,M,4887840.0,227963.0,75
201600057361,16,9,12,1600,1,2,1,1,2.0,75114,M,4882310.0,231243.0,75
201600057362,16,9,12,1815,1,2,1,1,4.0,75119,M,4888860.0,239640.0,75
201600057363,16,9,13,1610,1,2,1,1,2.0,75119,M,4890040.0,238154.0,75
201600057364,16,9,14,835,1,2,1,1,3.0,75116,M,4887220.0,227406.0,75
201600057365,16,9,15,545,5,2,1,2,6.0,75113,M,4881600.0,236224.0,75
201600057366,16,9,16,1330,1,2,1,1,3.0,75115,M,4883240.0,228039.0,75
201600057367,16,9,17,550,4,2,1,1,6.0,75120,M,4886620.0,241504.0,75
201600057368,16,9,17,1355,1,2,1,1,3.0,75112,M,4882850.0,239802.0,75
201600057369,16,9,18,1835,1,2,1,1,2.0,75113,M,4882600.0,238773.0,75
201600057370,16,9,18,1625,1,2,1,1,4.0,75114,M,4882030.0,232406.0,75
201600057371,16,9,19,810,1,2,1,1,2.0,75118,M,4890120.0,235434.0,75
201600057372,16,9,19,1440,1,2,1,2,3.0,75120,M,4885760.0,241424.0,75
201600057373,16,9,19,1645,1,2,1,1,3.0,75120,M,4886480.0,241324.0,75
201600057374,16,9,19,1735,1,2,4,1,2.0,75112,M,4882680.0,239014.0,75
201600057375,16,9,20,1345,1,2,1,1,2.0,75114,M,4882090.0,232147.0,75
201600057376,16,9,21,1000,1,2,1,1,2.0,75113,M,4881910.0,237198.0,75
201600057377,16,9,22,1445,1,2,1,1,4.0,75112,M,4882750.0,239278.0,75
201600057378,16,9,23,1220,1,2,1,1,4.0,75114,M,4882460.0,230471.0,75
201600057379,16,9,23,1950,5,2,1,1,3.0,75116,M,4885600.0,225659.0,75
201600057380,16,9,24,1255,1,2,1,1,2.0,75115,M,4883340.0,227807.0,75
201600057381,16,9,24,1100,1,2,1,7,6.0,75117,M,4888010.0,228139.0,75
201600057382,16,9,24,1820,1,2,1,1,3.0,75116,M,4883490.0,226247.0,75
201600057383,16,9,25,520,5,2,1,1,7.0,75119,M,4888870.0,239662.0,75
201600057384,16,9,26,910,1,2,1,1,2.0,75118,M,4890070.0,236211.0,75
201600057385,16,9,28,1230,1,2,1,1,4.0,75115,M,4883290.0,227923.0,75
201600057386,16,9,28,2110,5,2,1,1,3.0,75118,M,4890100.0,235394.0,75
201600057387,16,9,29,2030,5,2,1,1,3.0,75116,M,4887270.0,227418.0,75
201600057388,16,9,30,1857,2,2,1,2,5.0,75112,M,4883280.0,240657.0,75
201600057389,16,10,1,1,3,2,1,2,6.0,75120,M,4886580.0,241244.0,75
201600057390,16,10,1,320,5,2,4,1,6.0,75113,M,4881620.0,236308.0,75
201600057391,16,10,1,1750,1,2,1,1,2.0,75114,M,4881630.0,234289.0,75
201600057392,16,10,1,2030,5,2,1,1,2.0,75117,M,4889520.0,230681.0,75
201600057393,16,10,2,712,2,2,1,1,4.0,75117,M,4888980.0,229767.0,75
201600057394,16,10,2,1500,1,2,1,1,2.0,75120,M,4885850.0,241411.0,75
201600057395,16,10,3,800,1,2,1,1,3.0,75119,M,4889400.0,239516.0,75
201600057396,16,10,4,1815,1,2,1,1,4.0,75112,M,4882770.0,239413.0,75
201600057397,16,10,6,800,1,2,1,1,3.0,75116,M,4887270.0,227418.0,75
201600057398,16,10,6,1110,1,2,1,1,3.0,75114,M,4881960.0,232792.0,75
201600057399,16,10,7,1730,1,2,1,1,4.0,75113,M,4881790.0,236830.0,75
201600057400,16,10,8,500,5,2,1,1,2.0,75119,M,4888600.0,239722.0,75
201600057401,16,10,8,1815,1,2,1,1,6.0,75114,M,4881680.0,233761.0,75
201600057402,16,10,8,1700,1,2,1,1,2.0,75116,M,4884430.0,225486.0,75
201600057403,16,10,9,1520,1,2,1,1,2.0,75115,M,4883510.0,226785.0,75
201600057404,16,10,10,1015,1,2,4,1,3.0,75112,M,4882740.0,239023.0,75
201600057405,16,10,10,1445,1,2,1,1,3.0,75113,M,4881910.0,237198.0,75
201600057406,16,10,11,1510,1,2,4,1,7.0,75113,M,4881730.0,236599.0,75
201600057407,16,10,11,1740,5,2,1,1,4.0,75116,M,4885190.0,225236.0,75
201600057408,16,10,12,1015,1,2,1,1,4.0,75117,M,4888470.0,228660.0,75
201600057409,16,10,13,750,1,2,1,1,3.0,75113,M,4881660.0,234708.0,75
201600057410,16,10,13,1945,1,2,1,1,7.0,75116,M,4883540.0,225847.0,75
201600057411,16,10,14,930,1,2,4,8,2.0,75119,M,4888590.0,239752.0,75
201600057412,16,10,14,1435,1,2,1,1,4.0,75116,M,4885420.0,225442.0,75
201600057413,16,10,14,2030,5,2,1,2,3.0,75113,M,4882360.0,238215.0,75
201600057414,16,10,15,540,5,2,1,2,3.0,75115,M,4883490.0,226651.0,75
201600057415,16,10,15,1415,1,2,1,1,3.0,75120,M,4885400.0,241392.0,75
201600057416,16,10,16,1630,1,2,1,1,3.0,75116,M,4886990.0,227181.0,75
201600057417,16,10,17,745,1,2,1,1,6.0,75115,M,4883380.0,227691.0,75
201600057418,16,10,17,1500,1,2,1,1,3.0,75115,M,4883050.0,228502.0,75
201600057419,16,10,17,1710,1,2,1,1,2.0,75116,M,4886030.0,226329.0,75
201600057420,16,10,18,950,1,2,1,1,2.0,75120,M,4886030.0,241391.0,75
201600057421,16,10,18,705,2,2,1,1,3.0,75115,M,4883410.0,227557.0,75
201600057422,16,10,18,2220,5,2,4,1,6.0,75117,M,4888840.0,229295.0,75
201600057423,16,10,19,1345,1,2,1,1,3.0,75116,M,4887450.0,227608.0,75
201600057424,16,10,19,1740,2,2,1,1,6.0,75120,M,4887110.0,241310.0,75
201600057425,16,10,20,1630,1,2,1,2,4.0,75112,M,4882920.0,240049.0,75
201600057426,16,10,21,1430,1,2,1,2,3.0,75115,M,4883510.0,226921.0,75
201600057427,16,10,21,1620,1,2,1,2,6.0,75118,M,4890030.0,235916.0,75
201600057428,16,10,22,1030,1,2,1,1,6.0,75113,M,4882600.0,238773.0,75
201600057429,16,10,23,100,5,2,1,1,6.0,75118,M,4890030.0,235914.0,75
201600057430,16,10,24,1155,1,2,1,2,4.0,75112,M,4883160.0,240424.0,75
201600057431,16,10,24,1435,1,2,1,2,7.0,75116,M,4885480.0,225537.0,75
201600057432,16,10,24,1755,1,2,1,1,3.0,75119,M,4890040.0,238932.0,75
201600057433,16,10,25,800,2,2,1,1,2.0,75118,M,4890120.0,235434.0,75
201600057434,16,10,25,1005,1,2,1,1,7.0,75117,M,4888450.0,228584.0,75
201600057435,16,10,26,935,1,2,1,1,2.0,75118,M,4890120.0,235162.0,75
201600057436,16,10,27,1,5,2,1,5,4.0,75119,M,4890050.0,238659.0,75
201600057437,16,10,27,935,1,2,1,1,3.0,75120,M,4885580.0,241387.0,75
201600057438,16,10,28,730,2,2,1,1,4.0,75114,M,4882240.0,231505.0,75
201600057439,16,10,28,1230,1,2,1,1,4.0,75115,M,4882550.0,230087.0,75
201600057440,16,10,29,605,5,2,1,1,6.0,75119,M,4890020.0,237706.0,75
201600057441,16,10,29,2310,5,2,1,1,6.0,75113,M,4881640.0,235814.0,75
201600057442,16,10,31,1240,1,2,1,1,2.0,75119,M,4888120.0,240340.0,75
201600057443,16,11,1,1430,1,2,1,1,2.0,75113,M,4882160.0,237918.0,75
201600057444,16,11,2,1835,1,2,1,1,2.0,75117,M,4889160.0,230075.0,75
201600057445,16,11,3,1000,1,2,1,1,4.0,75120,M,4884970.0,241500.0,75
201600057446,16,11,4,720,1,2,1,1,3.0,75113,M,4882300.0,238114.0,75
201600057447,16,11,6,1555,1,2,1,1,6.0,75119,M,4887930.0,240762.0,75
201600057448,16,11,7,700,2,2,1,2,4.0,75116,M,4883660.0,225622.0,75
201600057449,16,11,7,900,1,2,1,2,7.0,75116,M,4883510.0,225976.0,75
201600057450,16,11,8,840,1,2,1,1,4.0,75113,M,4882300.0,238114.0,75
201600057451,16,11,8,800,1,2,1,1,4.0,75115,M,4882560.0,230083.0,75
201600057452,16,11,9,745,1,2,1,2,7.0,75115,M,4882690.0,229440.0,75
201600057453,16,11,9,1040,1,2,4,3,3.0,75114,M,4881850.0,233302.0,75
201600057454,16,11,9,1415,1,2,1,2,2.0,75116,M,4884340.0,225454.0,75
201600057455,16,11,10,945,1,2,1,2,6.0,75117,M,4888040.0,228163.0,75
201600057456,16,11,10,1430,1,2,1,8,3.0,75113,M,4882110.0,237806.0,75
201600057457,16,11,14,1415,1,2,1,1,3.0,75113,M,4882600.0,238773.0,75
201600057458,16,11,15,915,1,2,4,2,3.0,75116,M,4883620.0,225703.0,75
201600057459,16,11,15,1805,2,2,1,1,3.0,75117,M,4890060.0,232804.0,75
201600057460,16,11,16,730,5,2,1,1,3.0,75112,M,4882670.0,239122.0,75
201600057461,16,11,16,1045,1,2,1,8,2.0,75114,M,4882080.0,232275.0,75
201600057462,16,11,17,900,1,2,1,1,4.0,75117,M,4888410.0,228562.0,75
201600057463,16,11,17,1605,1,2,1,1,4.0,75114,M,4882030.0,232406.0,75
201600057464,16,11,17,1759,5,2,1,1,3.0,75119,M,4889840.0,239384.0,75
201600057465,16,11,17,1940,1,2,1,1,6.0,75112,M,4884340.0,241393.0,75
201600057466,16,11,18,1940,1,2,1,1,3.0,75117,M,4889610.0,230912.0,75
201600057467,16,11,19,1820,1,2,1,1,2.0,75116,M,4887530.0,227687.0,75
201600057468,16,11,19,2020,5,2,1,1,3.0,75118,M,4890090.0,235842.0,75
201600057469,16,11,20,710,5,2,1,2,7.0,75116,M,4885780.0,225951.0,75
201600057470,16,11,21,920,1,2,1,1,4.0,75116,M,4885780.0,225951.0,75
201600057471,16,11,21,1920,5,2,1,1,3.0,75113,M,4882180.0,237912.0,75
201600057472,16,11,23,845,1,2,1,1,2.0,75113,M,4882640.0,238893.0,75
201600057473,16,11,23,1400,1,2,1,1,2.0,75112,M,4883380.0,240888.0,75
201600057474,16,11,23,1420,1,2,1,1,3.0,75120,M,4886840.0,241320.0,75
201600057475,16,11,24,1700,1,2,1,1,3.0,75116,M,4886850.0,227026.0,75
201600057476,16,11,25,2140,3,2,1,1,2.0,75120,M,4886570.0,241342.0,75
201600057477,16,11,26,230,5,2,1,1,6.0,75117,M,4889610.0,230912.0,75
201600057478,16,11,26,815,5,2,1,1,3.0,75112,M,4883900.0,241327.0,75
201600057479,16,11,26,1845,5,2,4,1,4.0,75119,M,4888590.0,239752.0,75
201600057480,16,11,29,910,1,2,4,1,3.0,75113,M,4881870.0,237086.0,75
201600057481,16,11,29,1205,1,2,1,1,4.0,75120,M,4886750.0,241321.0,75
201600057482,16,11,30,900,1,2,1,1,4.0,75114,M,4882050.0,232403.0,75
201600057483,16,11,30,710,5,2,1,1,3.0,75118,M,4890090.0,234440.0,75
201600057484,16,11,30,1555,1,2,1,1,3.0,75112,M,4882850.0,239802.0,75
201600057485,16,12,1,1400,5,2,1,1,3.0,75117,M,4888350.0,228464.0,75
201600057486,16,12,1,1545,1,2,1,1,3.0,75115,M,4882650.0,229697.0,75
201600057487,16,12,2,900,1,2,4,1,3.0,75112,M,4882680.0,239061.0,75
201600057488,16,12,3,930,1,2,1,1,4.0,75120,M,4885400.0,241413.0,75
201600057489,16,12,5,1730,5,2,1,1,3.0,75118,M,4890100.0,234986.0,75
201600057490,16,12,5,1920,1,2,1,1,3.0,75117,M,4888350.0,228464.0,75
201600057491,16,12,6,731,5,2,1,1,3.0,75114,M,4881660.0,234304.0,75
201600057492,16,12,8,1545,1,2,1,1,3.0,75112,M,4883810.0,241280.0,75
201600057493,16,12,8,2310,5,2,1,1,2.0,75119,M,4890020.0,237706.0,75
201600057494,16,12,9,730,2,2,4,1,4.0,75114,M,4881960.0,232808.0,75
201600057495,16,12,9,1715,5,2,1,1,3.0,75113,M,4882580.0,238645.0,75
201600057496,16,12,9,2020,5,2,4,1,3.0,75118,M,4890100.0,234758.0,75
201600057497,16,12,10,1300,1,2,1,1,6.0,75118,M,4890090.0,236524.0,75
201600057498,16,12,10,1850,5,2,1,1,2.0,75118,M,4890120.0,235298.0,75
201600057499,16,12,12,1940,5,2,1,2,1.0,75112,M,4882690.0,239079.0,75
201600057500,16,12,12,2045,5,2,1,2,7.0,75119,M,4890080.0,237205.0,75
201600057501,16,12,13,820,1,2,1,2,3.0,75112,M,4883810.0,241280.0,75
201600057502,16,12,13,1720,1,2,1,1,2.0,75118,M,4890090.0,233935.0,75
201600057503,16,12,13,1815,5,2,1,1,3.0,75113,M,4881790.0,236830.0,75
201600057504,16,12,14,140,5,2,1,1,6.0,75113,M,4881670.0,236471.0,75
201600057505,16,12,14,1850,1,2,1,1,3.0,75116,M,4886740.0,226910.0,75
201600057506,16,12,19,1135,1,2,1,1,4.0,75114,M,4882180.0,231755.0,75
201600057507,16,12,20,100,5,2,1,1,2.0,75116,M,4885400.0,225376.0,75
201600057508,16,12,20,1700,5,2,1,1,3.0,75117,M,4889860.0,231541.0,75
201600057509,16,12,21,1020,1,2,1,1,4.0,75117,M,4889160.0,230075.0,75
201600057510,16,12,21,1320,1,2,1,1,2.0,75116,M,4885480.0,225537.0,75
201600057511,16,12,22,930,1,2,1,2,4.0,75114,M,4881680.0,233761.0,75
201600057512,16,12,22,1300,1,2,1,8,2.0,75116,M,4886850.0,227026.0,75
201600057513,16,12,24,1910,5,2,1,1,4.0,75119,M,4888380.0,239960.0,75
201600057514,16,12,24,525,4,2,1,1,6.0,75120,M,4886220.0,241403.0,75
201600057515,16,12,26,30,5,2,1,1,4.0,75117,M,4888070.0,228233.0,75
201600057516,16,12,26,1220,1,2,1,2,7.0,75118,M,4890040.0,236159.0,75
201600057517,16,12,27,1600,1,2,1,1,3.0,75117,M,4888780.0,229157.0,75
201600057518,16,12,27,1820,5,2,1,1,3.0,75113,M,4881790.0,235336.0,75
201600057519,16,12,28,1930,1,2,1,1,7.0,75120,M,4885850.0,241411.0,75
201600057520,16,12,28,1800,5,2,1,1,2.0,75112,M,4882800.0,239515.0,75
201600057521,16,12,29,1745,1,2,1,1,2.0,75120,M,4887110.0,241310.0,75
201600057522,16,12,30,1450,1,2,1,1,6.0,75120,M,4885850.0,241411.0,75
201600057523,16,2,17,1545,1,2,1,2,3.0,97229,A,0.0,0.0,972
201600057524,16,3,27,1945,5,1,1,2,6.0,97234,A,0.0,0.0,972
201600057525,16,4,4,1715,1,2,3,1,3.0,97229,A,0.0,0.0,972
201600057526,16,1,23,645,1,1,1,1,6.0,97224,A,0.0,0.0,972
201600057527,16,2,10,1145,1,1,1,1,1.0,97224,A,0.0,0.0,972
201600057528,16,7,10,515,2,2,1,1,6.0,97224,A,0.0,0.0,972
201600057529,16,10,23,1900,5,2,1,3,1.0,97224,A,0.0,0.0,972
201600057530,16,12,16,1615,1,1,1,1,6.0,97224,A,0.0,0.0,972
201600057531,16,3,7,1300,1,2,1,1,6.0,97218,A,0.0,0.0,972
201600057532,16,3,25,2245,5,2,1,1,7.0,97225,A,0.0,0.0,972
201600057533,16,6,15,1045,1,1,1,1,7.0,97225,A,0.0,0.0,972
201600057534,16,8,7,915,1,2,1,1,1.0,97204,A,0.0,0.0,972
201600057535,16,8,18,1630,1,2,1,1,1.0,97225,A,0.0,0.0,972
201600057536,16,9,25,1700,1,2,1,1,1.0,97218,A,0.0,0.0,972
201600057537,16,11,21,1445,1,2,1,1,6.0,97218,A,0.0,0.0,972
201600057538,16,12,13,1815,3,2,1,2,1.0,97204,A,0.0,0.0,972
201600057539,16,12,19,1200,1,2,1,1,3.0,97204,A,0.0,0.0,972
201600057540,16,1,6,1030,1,1,1,1,2.0,97232,A,0.0,0.0,972
201600057541,16,2,6,1845,3,2,1,1,1.0,97210,A,0.0,0.0,972
201600057542,16,2,20,1545,1,2,1,1,3.0,97232,A,0.0,0.0,972
201600057543,16,4,27,1115,1,1,1,1,1.0,97232,A,0.0,0.0,972
201600057544,16,11,11,845,1,1,1,1,1.0,97210,A,0.0,0.0,972
201600057545,16,11,12,1830,3,1,1,1,1.0,97210,A,0.0,0.0,972
201600057546,16,1,2,845,1,1,1,1,2.0,97207,A,0.0,0.0,972
201600057547,16,1,16,330,3,1,1,3,6.0,97207,A,0.0,0.0,972
201600057548,16,2,28,1715,1,1,1,1,5.0,97207,A,0.0,0.0,972
201600057549,16,4,26,1230,1,1,1,1,3.0,97223,A,0.0,0.0,972
201600057550,16,12,30,1030,1,1,1,1,7.0,97223,A,0.0,0.0,972
201600057551,16,5,14,530,1,1,1,1,1.0,97232,A,0.0,0.0,972
201600057552,16,8,26,1400,1,1,1,1,1.0,97232,A,0.0,0.0,972