Num_Acc,an,mois,jour,hrmn,lum,agg,int,atm,col,com,gps,lat,long,dep
201600057553,16,11,10,1330,1,1,1,1,5.0,97210,A,0.0,0.0,972
201600057554,16,1,22,1630,1,1,1,1,6.0,97217,A,0.0,0.0,972
201600057555,16,1,30,1900,3,1,1,1,6.0,97227,A,0.0,0.0,972
201600057556,16,3,4,1530,1,2,3,1,4.0,97217,A,0.0,0.0,972
201600057557,16,5,29,2145,5,2,6,1,6.0,97217,A,0.0,0.0,972
201600057558,16,6,5,2000,3,1,1,1,7.0,97227,A,0.0,0.0,972
201600057559,16,6,5,1015,1,1,1,1,6.0,97227,A,0.0,0.0,972
201600057560,16,6,29,1545,1,1,1,1,7.0,97217,A,0.0,0.0,972
201600057561,16,7,8,1330,1,1,1,1,1.0,97220,A,0.0,0.0,972
201600057562,16,7,30,45,3,1,1,1,2.0,97227,A,0.0,0.0,972
201600057563,16,8,7,830,1,1,1,1,6.0,97217,A,0.0,0.0,972
201600057564,16,8,8,130,3,1,1,1,1.0,97227,A,0.0,0.0,972
201600057565,16,10,11,1345,1,1,1,1,1.0,97227,A,0.0,0.0,972
201600057566,16,12,3,245,4,1,1,1,1.0,97226,A,0.0,0.0,972
201600057567,16,12,10,1630,1,1,1,1,6.0,97220,A,0.0,0.0,972
201600057568,16,9,9,630,2,2,1,1,6.0,97231,A,0.0,0.0,972
201600057569,16,12,28,1415,1,1,6,1,7.0,97230,A,0.0,0.0,972
201600057570,16,2,5,915,1,1,1,1,6.0,97230,A,0.0,0.0,972
201600057571,16,2,14,1700,1,1,1,1,1.0,97230,A,0.0,0.0,972
201600057572,16,6,14,1930,4,2,1,1,3.0,97230,A,0.0,0.0,972
201600057573,16,12,7,1830,3,1,1,2,5.0,97230,A,0.0,0.0,972
201600057574,16,1,30,1800,1,2,1,1,3.0,97222,A,0.0,0.0,972
201600057575,16,8,21,1700,1,2,1,1,3.0,97222,A,0.0,0.0,972
201600057576,16,9,4,2030,3,1,1,1,1.0,97222,A,0.0,0.0,972
201600057577,16,9,9,1900,3,1,3,1,6.0,97222,A,0.0,0.0,972
201600057578,16,8,28,930,1,2,1,1,3.0,97212,A,0.0,0.0,972
201600057579,16,11,17,745,1,1,1,1,2.0,97222,A,0.0,0.0,972
201600057580,16,12,16,1545,1,1,1,8,1.0,97212,A,0.0,0.0,972
201600057581,16,12,21,1200,1,2,1,1,3.0,97222,A,0.0,0.0,972
201600057582,16,1,3,1845,3,1,1,1,6.0,97228,A,0.0,0.0,972
201600057583,16,1,29,1700,1,1,1,1,1.0,97228,A,0.0,0.0,972
201600057584,16,8,8,515,2,1,1,1,6.0,97228,A,0.0,0.0,972
201600057585,16,8,28,1845,3,1,1,1,5.0,97228,A,0.0,0.0,972
201600057586,16,10,18,840,1,1,1,1,6.0,97228,A,0.0,0.0,972
201600057587,16,2,13,800,1,2,1,1,6.0,97104,A,0.0,0.0,971
201600057588,16,3,12,1815,5,2,1,1,6.0,97104,A,0.0,0.0,971
201600057589,16,4,30,915,1,2,1,1,2.0,97104,A,0.0,0.0,971
201600057590,16,5,9,715,1,1,1,1,1.0,97124,A,0.0,0.0,971
201600057591,16,7,5,830,1,2,1,3,7.0,97124,A,0.0,0.0,971
201600057592,16,7,14,2000,3,2,1,1,7.0,97104,A,0.0,0.0,971
201600057593,16,10,20,1100,1,1,1,8,2.0,97104,A,0.0,0.0,971
201600057594,16,10,24,800,1,2,1,3,3.0,97124,A,0.0,0.0,971
201600057595,16,10,31,2015,3,2,1,1,7.0,97124,A,0.0,0.0,971
201600057596,16,11,6,1100,1,2,1,1,6.0,97104,A,0.0,0.0,971
201600057597,16,11,18,1445,1,1,1,1,1.0,97104,A,0.0,0.0,971
201600057598,16,3,16,930,1,1,1,2,1.0,97134,A,0.0,0.0,971
201600057599,16,3,30,730,1,1,1,1,1.0,97134,A,0.0,0.0,971
201600057600,16,4,16,1715,1,2,1,1,1.0,97134,A,0.0,0.0,971
201600057601,16,7,3,215,3,1,1,2,1.0,97134,A,0.0,0.0,971
201600057602,16,10,23,2100,3,1,1,1,6.0,97134,A,0.0,0.0,971
201600057603,16,12,15,1900,5,1,1,1,1.0,97106,A,0.0,0.0,971
201600057604,16,1,13,1630,2,1,1,1,6.0,97106,A,0.0,0.0,971
201600057605,16,1,16,1015,1,2,1,1,5.0,97106,A,0.0,0.0,971
201600057606,16,3,26,1730,1,1,1,1,3.0,97121,A,0.0,0.0,971
201600057607,16,11,30,1030,1,1,1,1,1.0,97121,A,0.0,0.0,971
201600057608,16,4,24,15,3,1,1,1,6.0,97111,A,0.0,0.0,971
201600057609,16,8,14,1345,1,1,1,3,6.0,97111,A,0.0,0.0,971
201600057610,16,9,11,1715,1,1,1,1,3.0,97111,A,0.0,0.0,971
201600057611,16,11,6,1215,1,1,1,1,3.0,97111,A,0.0,0.0,971
201600057612,16,12,26,1030,1,1,1,1,6.0,97111,A,0.0,0.0,971
201600057613,16,1,2,2330,3,1,1,1,2.0,97107,A,0.0,0.0,971
201600057614,16,1,22,545,5,1,1,1,6.0,97107,A,0.0,0.0,971
201600057615,16,1,22,2345,3,1,1,1,1.0,97107,A,0.0,0.0,971
201600057616,16,1,25,1445,1,1,3,1,1.0,97107,A,0.0,0.0,971
201600057617,16,1,28,2100,3,1,1,1,2.0,97107,A,0.0,0.0,971
201600057618,16,2,3,1615,1,1,1,1,6.0,97107,A,0.0,0.0,971
201600057619,16,2,13,1,1,1,1,1,6.0,97107,A,0.0,0.0,971
201600057620,16,2,24,615,3,1,1,1,6.0,97107,A,0.0,0.0,971
201600057621,16,3,6,830,1,2,1,1,7.0,97114,A,0.0,0.0,971
201600057622,16,3,23,1415,1,1,1,1,1.0,97107,A,0.0,0.0,971
201600057623,16,4,17,1000,1,1,1,1,2.0,97114,A,0.0,0.0,971
201600057624,16,4,23,2015,3,1,1,1,6.0,97107,A,0.0,0.0,971
201600057625,16,4,21,2100,3,1,1,2,1.0,97107,A,0.0,0.0,971
201600057626,16,4,29,2030,5,1,1,1,5.0,97107,A,0.0,0.0,971
201600057627,16,5,4,1230,1,1,1,1,6.0,97114,A,0.0,0.0,971
201600057628,16,5,6,945,1,1,1,1,5.0,97107,A,0.0,0.0,971
201600057629,16,5,27,2230,3,1,1,3,7.0,97107,A,0.0,0.0,971
201600057630,16,6,21,1130,1,1,1,1,3.0,97114,A,0.0,0.0,971
201600057631,16,7,6,1315,1,1,1,1,6.0,97107,A,0.0,0.0,971
201600057632,16,7,7,1930,3,1,1,1,2.0,97107,A,0.0,0.0,971
201600057633,16,9,2,1330,1,1,1,1,3.0,97107,A,0.0,0.0,971
201600057634,16,9,14,1030,1,1,1,1,1.0,97107,A,0.0,0.0,971
201600057635,16,9,15,900,1,1,1,2,3.0,97107,A,0.0,0.0,971
201600057636,16,11,11,845,1,1,3,1,3.0,97107,A,0.0,0.0,971
201600057637,16,12,18,445,3,1,1,2,1.0,97107,A,0.0,0.0,971
201600057638,16,12,25,1930,3,1,1,1,6.0,97107,A,0.0,0.0,971
201600057639,16,7,28,1215,1,2,1,1,6.0,97131,A,0.0,0.0,971
201600057640,16,11,9,515,5,2,1,1,6.0,97131,A,0.0,0.0,971
201600057641,16,12,23,2145,3,1,1,1,6.0,97131,A,0.0,0.0,971
201600057642,16,2,12,2230,3,1,1,1,3.0,97115,A,0.0,0.0,971
201600057643,16,7,29,2315,5,2,1,2,3.0,97115,A,0.0,0.0,971
201600057644,16,11,22,1545,1,2,1,1,6.0,97115,A,0.0,0.0,971
201600057645,16,12,23,915,1,1,1,1,7.0,97115,A,0.0,0.0,971
201600057646,16,3,8,1615,1,1,1,1,3.0,97118,A,0.0,0.0,971
201600057647,16,3,5,915,1,2,6,1,6.0,97118,A,0.0,0.0,971
201600057648,16,3,20,1545,1,1,1,1,6.0,97118,A,0.0,0.0,971
201600057649,16,4,6,1500,1,1,1,1,2.0,97118,A,0.0,0.0,971
201600057650,16,6,5,1745,5,2,1,1,6.0,97118,A,0.0,0.0,971
201600057651,16,6,5,1315,1,1,1,1,2.0,97118,A,0.0,0.0,971
201600057652,16,6,18,415,5,1,1,1,7.0,97118,A,0.0,0.0,971
201600057653,16,7,21,1845,1,1,1,1,1.0,97118,A,0.0,0.0,971
201600057654,16,12,13,700,1,1,1,1,2.0,97118,A,0.0,0.0,971
201600057655,16,3,3,2215,3,1,1,2,7.0,97129,A,0.0,0.0,971
201600057656,16,3,4,545,2,2,1,8,1.0,97129,A,0.0,0.0,971
201600057657,16,3,8,915,1,2,3,1,3.0,97129,A,0.0,0.0,971
201600057658,16,3,26,2045,5,1,1,1,6.0,97129,A,0.0,0.0,971
201600057659,16,3,30,2100,5,2,1,2,3.0,97129,A,0.0,0.0,971
201600057660,16,6,29,1045,1,2,1,1,6.0,97129,A,0.0,0.0,971
201600057661,16,8,9,2030,5,1,1,1,3.0,97129,A,0.0,0.0,971
201600057662,16,8,10,1645,1,2,1,1,3.0,97129,A,0.0,0.0,971
201600057663,16,10,13,1310,1,1,1,1,1.0,97129,A,0.0,0.0,971
201600057664,16,11,5,45,5,1,1,1,7.0,97129,A,0.0,0.0,971
201600057665,16,3,13,930,3,1,1,1,6.0,97126,A,0.0,0.0,971
201600057666,16,4,9,1615,1,1,1,1,3.0,97108,A,0.0,0.0,971
201600057667,16,5,15,1230,1,2,1,1,3.0,97112,A,0.0,0.0,971
201600057668,16,5,22,1045,1,1,1,1,1.0,97112,A,0.0,0.0,971
201600057669,16,5,31,1945,3,1,1,1,3.0,97112,A,0.0,0.0,971
201600057670,16,8,7,830,1,1,1,1,1.0,97108,A,0.0,0.0,971
201600057671,16,10,1,1945,3,1,1,1,7.0,97126,A,0.0,0.0,971
201600057672,16,10,26,1700,1,1,1,1,6.0,97108,A,0.0,0.0,971
201600057673,16,10,31,2145,3,1,1,1,2.0,97108,A,0.0,0.0,971
201600057674,16,12,8,1430,1,1,1,3,1.0,97108,A,,,971
201600057675,16,12,16,2015,5,1,1,1,3.0,97108,A,,,971
201600057676,16,12,16,1845,5,1,1,1,6.0,97112,A,,,971
201600057677,16,12,18,1730,1,1,1,1,6.0,97112,A,,,971
201600057678,16,1,2,30,5,1,1,1,3.0,97117,A,0.0,0.0,971
201600057679,16,2,9,715,1,2,1,1,6.0,97117,A,0.0,0.0,971
201600057680,16,3,19,1515,1,1,1,1,5.0,97117,A,0.0,0.0,971
201600057681,16,5,4,2200,3,1,1,1,5.0,97117,A,0.0,0.0,971
201600057682,16,5,6,1615,1,1,1,1,3.0,97117,A,0.0,0.0,971
201600057683,16,5,20,1330,1,2,1,1,3.0,97117,A,0.0,0.0,971
201600057684,16,5,21,1045,1,1,1,1,7.0,97117,A,0.0,0.0,971
201600057685,16,6,25,2215,4,1,1,1,3.0,97117,A,0.0,0.0,971
201600057686,16,7,13,700,1,1,1,1,1.0,97117,A,0.0,0.0,971
201600057687,16,9,3,1600,1,1,1,1,1.0,97117,A,0.0,0.0,971
201600057688,16,11,26,1115,1,2,1,1,3.0,97117,A,0.0,0.0,971
201600057689,16,12,18,1330,1,1,1,1,3.0,97117,A,0.0,0.0,971
201600057690,16,2,3,715,1,1,1,1,1.0,97119,A,0.0,0.0,971
201600057691,16,3,14,1415,1,1,1,1,3.0,97122,A,0.0,0.0,971
201600057692,16,3,14,2130,3,1,1,1,7.0,97122,A,0.0,0.0,971
201600057693,16,7,23,545,2,2,1,1,1.0,97122,A,0.0,0.0,971
201600057694,16,7,31,1300,1,1,1,1,1.0,97122,A,0.0,0.0,971
201600057695,16,8,14,600,1,1,1,1,6.0,97122,A,0.0,0.0,971
201600057696,16,9,25,300,5,2,1,1,6.0,97122,A,0.0,0.0,971
201600057697,16,11,20,15,3,1,1,1,7.0,97119,A,0.0,0.0,971
201600057698,16,4,15,1945,5,1,1,1,3.0,97125,A,0.0,0.0,971
201600057699,16,4,20,1800,1,2,1,1,3.0,97125,A,0.0,0.0,971
201600057700,16,5,8,1100,1,1,1,1,3.0,97125,A,0.0,0.0,971
201600057701,16,5,22,1745,1,1,1,1,5.0,97125,A,0.0,0.0,971
201600057702,16,6,28,2300,3,1,1,1,6.0,97125,A,0.0,0.0,971
201600057703,16,10,29,1100,1,1,1,1,2.0,97125,A,0.0,0.0,971
201600057704,16,12,18,2300,5,2,1,1,6.0,97125,A,0.0,0.0,971
201600057705,16,2,1,630,1,2,1,1,6.0,97126,A,0.0,0.0,971
201600057706,16,2,2,2300,5,1,1,1,7.0,97128,A,0.0,0.0,971
201600057707,16,2,6,1645,1,1,1,1,3.0,97128,A,0.0,0.0,971
201600057708,16,2,9,100,3,1,1,1,7.0,97126,A,0.0,0.0,971
201600057709,16,2,23,600,2,1,1,1,3.0,97126,A,0.0,0.0,971
201600057710,16,3,6,1615,3,1,1,1,6.0,97128,A,0.0,0.0,971
201600057711,16,4,9,245,3,1,1,2,1.0,97128,A,0.0,0.0,971
201600057712,16,6,21,2145,5,1,1,1,1.0,97126,A,0.0,0.0,971
201600057713,16,7,13,115,3,1,1,1,6.0,97126,A,0.0,0.0,971
201600057714,16,7,16,1130,1,1,1,1,6.0,97126,A,0.0,0.0,971
201600057715,16,7,16,1815,1,1,1,1,6.0,97128,A,0.0,0.0,971
201600057716,16,9,7,945,1,2,1,1,1.0,97126,A,0.0,0.0,971
201600057717,16,9,23,715,1,1,1,1,3.0,97126,A,0.0,0.0,971
201600057718,16,10,13,1845,2,1,1,1,1.0,97126,A,0.0,0.0,971
201600057719,16,1,30,345,3,1,1,1,6.0,97116,A,0.0,0.0,971
201600057720,16,2,3,1415,1,1,1,1,7.0,97116,A,0.0,0.0,971
201600057721,16,3,5,1300,1,2,1,1,1.0,97116,A,0.0,0.0,971
201600057722,16,3,13,615,1,1,1,2,3.0,97116,A,0.0,0.0,971
201600057723,16,5,28,1800,1,2,1,1,3.0,97116,A,0.0,0.0,971
201600057724,16,7,22,615,1,1,1,1,2.0,97116,A,0.0,0.0,971
201600057725,16,7,24,1430,1,2,1,1,6.0,97116,A,0.0,0.0,971
201600057726,16,8,10,830,1,2,1,1,1.0,97116,A,0.0,0.0,971
201600057727,16,10,9,700,1,1,1,2,2.0,97116,A,0.0,0.0,971
201600057728,16,10,16,600,2,1,1,1,2.0,97116,A,0.0,0.0,971
201600057729,16,11,3,2230,3,1,1,2,6.0,97116,A,0.0,0.0,971
201600057730,16,11,14,1130,1,2,1,1,6.0,97116,A,0.0,0.0,971
201600057731,16,11,28,500,3,1,1,8,6.0,97116,A,0.0,0.0,971
201600057732,16,12,13,2045,3,1,1,1,1.0,97116,A,0.0,0.0,971
201600057733,16,12,24,130,3,1,1,2,6.0,97116,A,0.0,0.0,971
201600057734,16,1,28,2130,3,1,1,1,1.0,97305,G,0.0,0.0,973
201600057735,16,3,10,2030,3,1,1,1,7.0,97305,G,0.0,0.0,973
201600057736,16,4,8,1700,1,2,1,1,3.0,97305,G,0.0,0.0,973
201600057737,16,5,4,1930,3,1,1,1,1.0,97305,G,0.0,0.0,973
201600057738,16,5,24,1030,1,1,1,1,6.0,97305,G,0.0,0.0,973
201600057739,16,5,25,700,1,1,1,1,6.0,97305,G,0.0,0.0,973
201600057740,16,7,27,2045,5,2,1,1,1.0,97305,G,0.0,0.0,973
201600057741,16,8,26,1930,3,1,1,1,6.0,97305,G,0.0,0.0,973
201600057742,16,9,29,1215,1,1,1,1,3.0,97305,G,0.0,0.0,973
201600057743,16,10,5,2245,3,1,1,1,2.0,97313,G,0.0,0.0,973
201600057744,16,11,6,1445,1,1,1,1,3.0,97305,G,0.0,0.0,973
201600057745,16,11,27,100,3,1,1,1,7.0,97305,G,0.0,0.0,973
201600057746,16,12,3,2115,3,1,1,1,1.0,97305,G,0.0,0.0,973
201600057747,16,12,5,845,2,1,6,1,6.0,97305,G,0.0,0.0,973
201600057748,16,12,11,1000,3,1,1,1,7.0,97305,G,0.0,0.0,973
201600057749,16,12,13,815,1,1,1,3,7.0,97305,G,0.0,0.0,973
201600057750,16,1,7,1730,1,1,1,1,1.0,97304,G,0.0,0.0,973
201600057751,16,1,13,1315,5,2,1,1,3.0,97304,G,0.0,0.0,973
201600057752,16,2,5,1530,1,1,1,1,3.0,97304,G,,,973
201600057753,16,2,5,1100,1,2,2,1,6.0,97304,G,0.0,0.0,973
201600057754,16,2,25,1415,1,1,1,1,3.0,97304,G,0.0,0.0,973
201600057755,16,3,4,1645,1,1,1,1,2.0,97304,G,0.0,0.0,973
201600057756,16,3,10,1630,1,2,2,1,1.0,97304,G,0.0,0.0,973
201600057757,16,3,23,745,1,2,3,1,3.0,97304,G,0.0,0.0,973
201600057758,16,4,20,700,1,1,1,1,1.0,97304,G,0.0,0.0,973
201600057759,16,4,30,1900,2,1,1,1,3.0,97304,G,0.0,0.0,973
201600057760,16,5,17,530,2,1,1,1,6.0,97304,G,0.0,0.0,973
201600057761,16,5,21,630,1,2,1,1,6.0,97304,G,0.0,0.0,973
201600057762,16,6,25,1530,1,2,1,1,6.0,97304,G,0.0,0.0,973
201600057763,16,7,22,2145,3,1,1,1,1.0,97304,G,0.0,0.0,973
201600057764,16,8,4,1345,1,1,1,1,2.0,97304,G,0.0,0.0,973
201600057765,16,8,18,1815,1,2,1,1,2.0,97304,G,0.0,0.0,973
201600057766,16,8,29,1130,1,2,1,1,3.0,97304,G,0.0,0.0,973
201600057767,16,9,20,1515,1,2,1,1,1.0,97304,G,0.0,0.0,973
201600057768,16,10,8,2230,5,1,1,1,3.0,97304,G,0.0,0.0,973
201600057769,16,11,14,645,1,2,1,1,3.0,97304,G,0.0,0.0,973
201600057770,16,11,17,2045,5,2,2,1,3.0,97304,G,,,973
201600057771,16,12,17,2045,3,1,1,1,6.0,97304,G,0.0,0.0,973
201600057772,16,4,18,1515,1,1,1,1,1.0,97312,G,0.0,0.0,973
201600057773,16,5,22,2100,3,1,1,1,2.0,97312,G,0.0,0.0,973
201600057774,16,7,9,2000,3,1,1,1,7.0,97312,G,0.0,0.0,973
201600057775,16,12,5,1630,1,1,1,1,7.0,97312,G,0.0,0.0,973
201600057776,16,12,9,1145,1,2,1,1,6.0,97312,G,0.0,0.0,973
201600057777,16,11,25,2245,3,1,1,1,7.0,97303,G,0.0,0.0,973
201600057778,16,1,1,230,3,2,1,3,7.0,97301,G,0.0,0.0,973
201600057779,16,7,28,1015,1,1,2,1,1.0,97301,G,0.0,0.0,973
201600057780,16,6,11,745,1,1,1,1,3.0,97301,G,0.0,0.0,973
201600057781,16,6,17,2215,5,2,1,1,6.0,97308,G,0.0,0.0,973
201600057782,16,11,13,100,5,2,1,1,3.0,97308,G,0.0,0.0,973
201600057783,16,12,29,1115,1,2,1,1,6.0,97308,G,0.0,0.0,973
201600057784,16,3,2,1630,1,1,1,1,6.0,97310,G,0.0,0.0,973
201600057785,16,4,17,1215,1,1,1,3,3.0,97310,G,0.0,0.0,973
201600057786,16,8,14,1000,1,1,1,1,7.0,97310,G,0.0,0.0,973
201600057787,16,10,6,900,1,1,1,1,7.0,97310,G,0.0,0.0,973
201600057788,16,1,22,915,1,2,1,1,6.0,97311,G,0.0,0.0,973
201600057789,16,1,27,1300,1,2,1,1,1.0,97311,G,0.0,0.0,973
201600057790,16,2,26,1330,1,1,1,3,2.0,97311,G,0.0,0.0,973
201600057791,16,3,7,1630,1,2,1,1,2.0,97311,G,0.0,0.0,973
201600057792,16,3,9,945,1,2,1,1,3.0,97311,G,0.0,0.0,973
201600057793,16,3,29,700,1,2,1,1,1.0,97311,G,0.0,0.0,973
201600057794,16,3,30,815,2,2,1,3,1.0,97311,G,0.0,0.0,973
201600057795,16,5,7,1515,1,1,1,1,3.0,97311,G,0.0,0.0,973
201600057796,16,7,7,945,1,2,1,1,6.0,97311,G,0.0,0.0,973
201600057797,16,7,10,800,1,1,1,1,6.0,97311,G,0.0,0.0,973
201600057798,16,7,21,1230,1,1,1,1,7.0,97311,G,0.0,0.0,973
201600057799,16,7,24,530,2,1,1,1,6.0,97311,G,0.0,0.0,973
201600057800,16,8,11,45,3,1,1,1,6.0,97311,G,0.0,0.0,973
201600057801,16,8,21,1700,1,2,1,1,3.0,97311,G,0.0,0.0,973
201600057802,16,8,27,1800,1,2,1,1,2.0,97311,G,0.0,0.0,973
201600057803,16,9,3,1645,1,1,1,1,6.0,97311,G,0.0,0.0,973
201600057804,16,9,13,830,1,1,1,1,6.0,97311,G,0.0,0.0,973
201600057805,16,11,22,745,1,2,1,1,6.0,97311,G,0.0,0.0,973
201600057806,16,12,7,2115,5,2,9,1,3.0,97311,G,0.0,0.0,973
201600057807,16,12,10,1630,1,2,1,2,6.0,97311,G,0.0,0.0,973
201600057808,16,12,22,815,1,2,1,1,1.0,97311,G,0.0,0.0,973
201600057809,16,12,23,2000,3,1,1,1,6.0,97311,G,0.0,0.0,973
201600057810,16,12,25,2100,3,1,1,1,1.0,97311,G,0.0,0.0,973
201600057811,16,1,25,545,3,1,1,1,3.0,97306,G,0.0,0.0,973
201600057812,16,6,4,2030,3,1,1,1,6.0,97306,G,0.0,0.0,973
201600057813,16,8,24,1645,3,1,1,1,2.0,97306,G,0.0,0.0,973
201600057814,16,8,31,1500,1,1,1,1,6.0,97306,G,0.0,0.0,973
201600057815,16,9,9,2000,3,1,1,1,5.0,97306,G,0.0,0.0,973
201600057816,16,10,21,1430,1,1,1,3,1.0,97306,G,0.0,0.0,973
201600057817,16,11,30,1930,3,2,1,1,6.0,97361,G,0.0,0.0,973
201600057818,16,12,16,1700,1,1,1,2,6.0,97306,G,0.0,0.0,973
201600057819,16,2,21,100,3,1,1,1,6.0,97408,R,0.0,0.0,974
201600057820,16,2,27,2330,3,1,1,1,4.0,97408,R,0.0,0.0,974
201600057821,16,3,4,1415,1,1,1,1,3.0,97408,R,0.0,0.0,974
201600057822,16,4,11,745,1,2,1,1,6.0,97408,R,0.0,0.0,974
201600057823,16,5,29,330,3,1,1,1,1.0,97408,R,,,974
201600057824,16,7,10,545,2,2,1,1,7.0,97408,R,0.0,0.0,974
201600057825,16,7,20,2145,3,1,1,1,4.0,97408,R,0.0,0.0,974
201600057826,16,8,7,1745,2,2,1,2,1.0,97408,R,0.0,0.0,974
201600057827,16,11,9,1200,1,2,1,1,6.0,97408,R,,,974
201600057828,16,12,8,1145,1,2,1,1,2.0,97408,R,0.0,0.0,974
201600057829,16,12,28,230,5,1,1,1,7.0,97408,R,,,974
201600057830,16,3,29,1930,5,1,1,1,2.0,97418,R,0.0,0.0,974
201600057831,16,3,31,1915,3,1,1,1,6.0,97418,R,,,974
201600057832,16,4,7,2115,3,1,1,1,7.0,97418,R,0.0,0.0,974
201600057833,16,6,19,645,1,1,1,8,3.0,97418,R,0.0,0.0,974
201600057834,16,8,29,1900,3,1,1,1,6.0,97418,R,0.0,0.0,974
201600057835,16,2,3,45,1,1,1,1,3.0,97410,R,,,974
201600057836,16,2,3,830,1,2,1,1,6.0,97410,R,,,974
201600057837,16,3,5,1145,1,2,1,1,6.0,97410,R,0.0,0.0,974
201600057838,16,3,19,1900,5,2,1,1,6.0,97410,R,0.0,0.0,974
201600057839,16,3,21,1245,1,2,1,1,5.0,97410,R,0.0,0.0,974
201600057840,16,4,24,1000,1,1,1,1,2.0,97410,R,0.0,0.0,974
201600057841,16,5,6,1830,1,2,1,1,6.0,97410,R,0.0,0.0,974
201600057842,16,5,29,1230,1,2,1,1,3.0,97410,R,0.0,0.0,974
201600057843,16,7,31,1115,1,2,1,1,3.0,97410,R,0.0,0.0,974
201600057844,16,8,21,2200,4,2,6,1,6.0,97410,R,0.0,0.0,974
201600057845,16,9,17,2030,3,1,1,1,6.0,97410,R,0.0,0.0,974
201600057846,16,12,13,645,1,1,1,1,3.0,97410,R,0.0,0.0,974
201600057847,16,3,30,2345,3,1,1,2,7.0,97402,R,,,974
201600057848,16,6,12,1315,1,1,1,1,7.0,97402,R,,,974
201600057849,16,7,31,615,1,1,1,1,1.0,97402,R,,,974
201600057850,16,10,19,2330,3,1,1,1,6.0,97402,R,0.0,0.0,974
201600057851,16,2,21,1445,1,1,1,1,1.0,97419,R,0.0,0.0,974
201600057852,16,5,14,830,1,2,1,1,6.0,97419,R,0.0,0.0,974
201600057853,16,7,10,1600,1,1,1,1,1.0,97419,R,0.0,0.0,974
201600057854,16,9,3,715,1,1,1,1,1.0,97419,R,0.0,0.0,974
201600057855,16,4,16,1630,1,2,1,1,6.0,97421,R,0.0,0.0,974
201600057856,16,10,10,2045,5,2,1,1,6.0,97421,R,0.0,0.0,974
201600057857,16,10,27,1715,1,1,1,1,6.0,97421,R,0.0,0.0,974
201600057858,16,6,26,830,1,2,1,1,3.0,97406,R,0.0,0.0,974
201600057859,16,9,14,1715,1,1,1,1,1.0,97406,R,,,974
201600057860,16,1,1,1545,1,1,1,2,2.0,97415,R,0.0,0.0,974
201600057861,16,1,27,1145,1,2,1,1,3.0,97415,R,2100414.0,5527866.0,974
201600057862,16,2,18,1915,3,1,1,1,6.0,97415,R,0.0,0.0,974
201600057863,16,2,23,1615,1,1,1,1,3.0,97415,R,0.0,0.0,974
201600057864,16,3,24,800,1,1,1,1,3.0,97415,R,0.0,0.0,974
201600057865,16,4,16,845,1,1,1,1,3.0,97415,R,0.0,0.0,974
201600057866,16,4,25,730,1,1,1,1,3.0,97415,R,0.0,0.0,974
201600057867,16,6,14,1630,1,1,2,1,3.0,97415,R,,,974
201600057868,16,6,27,1630,1,1,1,1,5.0,97415,R,0.0,0.0,974
201600057869,16,7,9,1945,3,1,1,1,5.0,97415,R,0.0,0.0,974
201600057870,16,8,6,1430,1,1,1,2,1.0,97415,R,,,974
201600057871,16,9,3,1430,1,2,6,1,7.0,97415,R,0.0,0.0,974
201600057872,16,9,15,1800,2,2,1,1,6.0,97415,R,0.0,0.0,974
201600057873,16,9,22,1000,1,2,1,1,7.0,97415,R,0.0,0.0,974
201600057874,16,10,7,815,1,1,1,1,3.0,97415,R,,,974
201600057875,16,10,12,2115,3,1,1,1,6.0,97415,R,0.0,0.0,974
201600057876,16,11,4,2345,5,2,1,1,6.0,97415,R,0.0,0.0,974
201600057877,16,11,19,1900,5,2,1,2,3.0,97415,R,0.0,0.0,974
201600057878,16,12,3,145,5,1,1,1,7.0,97415,R,0.0,0.0,974
201600057879,16,12,3,115,4,2,6,1,7.0,97415,R,0.0,0.0,974
201600057880,16,12,8,1030,1,1,1,7,1.0,97415,R,0.0,0.0,974
201600057881,16,12,11,1100,1,1,1,1,6.0,97415,R,0.0,0.0,974
201600057882,16,12,21,1015,1,1,1,1,7.0,97415,R,,,974
201600057883,16,1,14,2330,3,1,1,1,6.0,97415,R,0.0,0.0,974
201600057884,16,3,21,700,1,1,1,1,1.0,97415,R,0.0,0.0,974
201600057885,16,3,25,1915,5,1,1,1,7.0,97415,R,0.0,0.0,974
201600057886,16,5,7,1645,1,1,1,1,6.0,97415,R,,,974
201600057887,16,5,27,1700,1,1,1,1,6.0,97415,R,0.0,0.0,974
201600057888,16,6,1,645,1,1,6,1,1.0,97415,R,,,974
201600057889,16,7,1,2200,3,1,1,1,6.0,97415,R,,,974
201600057890,16,7,15,30,3,2,1,1,1.0,97415,R,,,974
201600057891,16,7,25,2345,3,1,1,1,6.0,97415,R,0.0,0.0,974
201600057892,16,7,27,1245,1,1,1,1,4.0,97415,R,,,974
201600057893,16,8,7,1145,1,2,1,1,3.0,97415,R,0.0,0.0,974
201600057894,16,8,10,1730,1,2,1,1,3.0,97415,R,0.0,0.0,974
201600057895,16,8,20,1700,1,1,1,1,1.0,97415,R,,,974
201600057896,16,8,21,630,2,1,1,1,1.0,97415,R,,,974
201600057897,16,2,22,1815,1,1,1,1,5.0,97415,R,,,974
201600057898,16,4,1,2045,5,1,1,1,6.0,97415,R,,,974
201600057899,16,10,17,1600,1,1,1,1,7.0,97415,R,0.0,0.0,974
201600057900,16,12,15,2045,3,1,1,1,6.0,97415,R,0.0,0.0,974
201600057901,16,12,26,1945,3,1,1,2,6.0,97423,R,,,974
201600057902,16,12,30,2100,3,1,1,1,3.0,97415,R,0.0,0.0,974
201600057903,16,3,29,1415,1,1,1,1,7.0,97423,R,,,974
201600057904,16,4,28,615,1,2,1,1,1.0,97423,R,0.0,0.0,974
201600057905,16,5,22,1545,1,1,1,6,5.0,97423,R,,,974
201600057906,16,6,3,2345,3,1,1,1,6.0,97423,R,,,974
201600057907,16,6,11,1215,1,1,1,1,7.0,97423,R,,,974
201600057908,16,7,14,630,2,1,1,9,1.0,97405,R,,,974
201600057909,16,8,29,745,1,1,3,1,3.0,97404,R,,,974
201600057910,16,11,25,1630,1,2,1,1,6.0,97422,R,0.0,0.0,974
201600057911,16,11,28,430,3,1,1,1,1.0,97412,R,0.0,0.0,974
201600057912,16,12,28,1400,1,2,1,1,1.0,97424,R,,,974
201600057913,16,4,7,2330,3,2,1,2,1.0,97414,R,0.0,0.0,974
201600057914,16,7,31,1545,1,1,9,1,3.0,97414,R,,,974
201600057915,16,8,14,1615,1,1,1,1,5.0,97414,R,0.0,0.0,974
201600057916,16,3,12,1130,1,1,1,1,6.0,97424,R,0.0,0.0,974
201600057917,16,7,17,1545,1,2,1,1,6.0,97424,R,0.0,0.0,974
201600057918,16,8,7,345,4,2,1,1,6.0,97403,R,,,974
201600057919,16,12,6,645,1,1,1,1,1.0,97403,R,0.0,0.0,974
201600057920,16,2,22,930,1,2,1,1,2.0,97449,R,0.0,0.0,974
201600057921,16,3,9,1600,1,1,1,8,3.0,97449,R,0.0,0.0,974