Num_Acc,an,mois,jour,hrmn,lum,agg,int,atm,col,com,gps,lat,long,dep
201600057922,16,4,9,1700,1,1,1,1,3.0,97449,R,0.0,0.0,974
201600057923,16,8,1,1445,1,1,1,1,7.0,97412,R,0.0,0.0,974
201600057924,16,10,28,1545,1,1,1,5,6.0,97449,R,0.0,0.0,974
201600057925,16,12,9,1930,3,1,1,5,6.0,97449,R,0.0,0.0,974
201600057926,16,12,18,530,2,1,1,1,6.0,97422,R,0.0,0.0,974
201600057927,16,2,6,1115,1,2,1,1,6.0,97412,R,,,974
201600057928,16,3,16,1600,1,2,1,3,2.0,97412,R,0.0,0.0,974
201600057929,16,5,6,2215,5,2,1,1,3.0,97412,R,0.0,0.0,974
201600057930,16,5,8,1815,1,1,1,8,6.0,97412,R,0.0,0.0,974
201600057931,16,6,10,1145,1,2,1,1,6.0,97412,R,,,974
201600057932,16,6,19,1845,3,1,1,8,6.0,97405,R,0.0,0.0,974
201600057933,16,7,30,1745,1,2,1,1,5.0,97412,R,0.0,0.0,974
201600057934,16,10,12,745,1,1,1,1,1.0,97405,R,0.0,0.0,974
201600057935,16,11,13,1030,1,1,1,1,6.0,97405,R,0.0,0.0,974
201600057936,16,12,12,700,1,2,1,1,2.0,97412,R,,,974
201600057937,16,1,14,300,2,2,1,1,7.0,97422,R,0.0,0.0,974
201600057938,16,2,6,1730,1,1,1,2,1.0,97422,R,0.0,0.0,974
201600057939,16,4,6,930,1,2,1,1,3.0,97422,R,0.0,0.0,974
201600057940,16,5,3,1030,1,1,1,3,1.0,97422,R,,,974
201600057941,16,1,16,1315,1,2,1,1,6.0,97611,Y,0.0,0.0,976
201600057942,16,7,7,1700,1,2,1,1,6.0,97610,Y,0.0,0.0,976
201600057943,16,8,11,645,1,1,1,1,3.0,97610,Y,0.0,0.0,976
201600057944,16,8,17,1430,1,2,1,1,1.0,97607,Y,0.0,0.0,976
201600057945,16,9,8,1245,1,1,1,1,1.0,97607,Y,0.0,0.0,976
201600057946,16,10,17,1930,3,1,1,1,1.0,97607,Y,0.0,0.0,976
201600057947,16,10,18,1300,1,2,1,1,3.0,97610,Y,0.0,0.0,976
201600057948,16,12,9,530,1,2,1,1,7.0,97607,Y,0.0,0.0,976
201600057949,16,2,23,700,1,2,1,1,6.0,97615,Y,0.0,0.0,976
201600057950,16,5,26,830,1,2,1,1,6.0,97608,Y,0.0,0.0,976
201600057951,16,6,2,1500,1,2,9,1,1.0,97608,Y,0.0,0.0,976
201600057952,16,7,16,2230,4,2,1,1,1.0,97608,Y,0.0,0.0,976
201600057953,16,8,12,1800,5,2,1,1,1.0,97615,Y,0.0,0.0,976
201600057954,16,8,26,1045,1,2,1,1,6.0,97608,Y,0.0,0.0,976
201600057955,16,9,9,1330,1,2,1,7,3.0,97615,Y,0.0,0.0,976
201600057956,16,9,20,900,1,2,1,1,6.0,97608,Y,0.0,0.0,976
201600057957,16,1,16,900,1,2,1,1,6.0,97616,Y,0.0,0.0,976
201600057958,16,2,28,930,1,2,1,1,5.0,97616,Y,0.0,0.0,976
201600057959,16,4,20,700,1,2,1,1,6.0,97617,Y,0.0,0.0,976
201600057960,16,6,27,1630,1,1,1,1,1.0,97617,Y,0.0,0.0,976
201600057961,16,7,17,1615,1,2,1,1,2.0,97617,Y,0.0,0.0,976
201600057962,16,9,3,1845,3,2,1,1,6.0,97616,Y,0.0,0.0,976
201600057963,16,10,5,1230,1,1,1,1,6.0,97617,Y,0.0,0.0,976
201600057964,16,1,3,730,2,1,1,1,3.0,97103,A,0.0,0.0,971
201600057965,16,2,27,1615,1,1,1,1,6.0,97103,A,0.0,0.0,971
201600057966,16,2,29,800,1,1,1,1,2.0,97103,A,0.0,0.0,971
201600057967,16,3,21,1830,1,1,1,1,6.0,97103,A,0.0,0.0,971
201600057968,16,3,28,315,5,1,1,1,7.0,97103,A,0.0,0.0,971
201600057969,16,3,29,2030,5,1,1,1,1.0,97103,A,0.0,0.0,971
201600057970,16,4,22,515,1,1,1,1,6.0,97103,A,0.0,0.0,971
201600057971,16,5,25,1230,1,1,1,1,7.0,97103,A,0.0,0.0,971
201600057972,16,6,18,1445,1,1,1,1,1.0,97103,A,0.0,0.0,971
201600057973,16,6,24,2030,5,1,1,1,1.0,97103,A,0.0,0.0,971
201600057974,16,7,8,1715,1,1,1,1,1.0,97103,A,0.0,0.0,971
201600057975,16,7,28,1845,1,1,1,1,2.0,97103,A,0.0,0.0,971
201600057976,16,7,29,2315,3,1,1,1,1.0,97103,A,0.0,0.0,971
201600057977,16,8,3,1930,3,2,1,2,1.0,97103,A,0.0,0.0,971
201600057978,16,8,3,1115,1,2,1,1,2.0,97103,A,0.0,0.0,971
201600057979,16,8,21,1745,2,2,6,1,3.0,97103,A,0.0,0.0,971
201600057980,16,9,2,1630,1,1,1,1,6.0,97103,A,0.0,0.0,971
201600057981,16,9,15,715,1,2,6,1,1.0,97103,A,0.0,0.0,971
201600057982,16,10,6,730,1,1,1,1,6.0,97103,A,0.0,0.0,971
201600057983,16,10,25,1745,5,2,1,1,3.0,97103,A,0.0,0.0,971
201600057984,16,12,21,1445,1,1,1,1,2.0,97103,A,0.0,0.0,971
201600057985,16,9,13,645,1,1,1,1,3.0,97602,Y,0.0,0.0,976
201600057986,16,3,18,745,1,1,1,1,3.0,97603,Y,0.0,0.0,976
201600057987,16,3,18,500,2,1,1,1,1.0,97603,Y,0.0,0.0,976
201600057988,16,3,31,1330,1,2,1,1,3.0,97606,Y,0.0,0.0,976
201600057989,16,6,10,1830,5,1,1,1,6.0,97603,Y,0.0,0.0,976
201600057990,16,6,17,530,2,1,1,1,2.0,97606,Y,0.0,0.0,976
201600057991,16,8,3,445,2,1,1,1,1.0,97604,Y,0.0,0.0,976
201600057992,16,10,9,2030,3,1,1,1,1.0,97609,Y,0.0,0.0,976
201600057993,16,2,12,1115,1,2,1,1,3.0,97309,G,0.0,0.0,973
201600057994,16,3,15,1300,1,2,1,1,1.0,97309,G,0.0,0.0,973
201600057995,16,5,20,500,3,1,1,1,6.0,97309,G,0.0,0.0,973
201600057996,16,5,17,1445,1,2,1,1,2.0,97309,G,0.0,0.0,973
201600057997,16,6,2,1630,1,1,1,1,2.0,97309,G,0.0,0.0,973
201600057998,16,6,11,645,1,2,1,1,6.0,97309,G,0.0,0.0,973
201600057999,16,6,14,1015,1,2,1,1,1.0,97309,G,0.0,0.0,973
201600058000,16,7,3,1515,1,2,1,1,3.0,97309,G,0.0,0.0,973
201600058001,16,7,10,1845,5,1,1,1,2.0,97309,G,0.0,0.0,973
201600058002,16,7,16,545,2,1,1,1,1.0,97309,G,0.0,0.0,973
201600058003,16,7,25,1615,1,2,1,1,3.0,97309,G,0.0,0.0,973
201600058004,16,9,10,2315,3,2,1,1,1.0,97309,G,0.0,0.0,973
201600058005,16,9,11,1915,2,1,1,1,3.0,97309,G,0.0,0.0,973
201600058006,16,9,19,1315,1,1,1,1,3.0,97309,G,0.0,0.0,973
201600058007,16,9,21,1445,1,2,1,1,3.0,97309,G,0.0,0.0,973
201600058008,16,9,30,715,1,2,1,1,6.0,97309,G,0.0,0.0,973
201600058009,16,10,1,2130,5,2,1,1,3.0,97309,G,0.0,0.0,973
201600058010,16,10,6,30,3,2,1,1,1.0,97309,G,0.0,0.0,973
201600058011,16,10,10,700,1,1,1,1,2.0,97309,G,0.0,0.0,973
201600058012,16,10,10,1945,5,2,1,1,3.0,97309,G,0.0,0.0,973
201600058013,16,11,26,315,5,1,1,1,7.0,97309,G,0.0,0.0,973
201600058014,16,11,27,2045,5,2,1,1,7.0,97309,G,0.0,0.0,973
201600058015,16,12,2,945,1,1,1,2,1.0,97309,G,0.0,0.0,973
201600058016,16,12,1,715,1,2,1,1,3.0,97309,G,0.0,0.0,973
201600058017,16,12,3,2145,5,2,1,1,7.0,97309,G,0.0,0.0,973
201600058018,16,12,7,745,1,2,1,1,1.0,97309,G,0.0,0.0,973
201600058019,16,12,14,700,1,1,1,8,6.0,97309,G,0.0,0.0,973
201600058020,16,12,23,1900,4,2,1,2,6.0,97309,G,0.0,0.0,973
201600058021,16,12,25,230,5,2,1,2,7.0,97309,G,0.0,0.0,973
201600058022,16,1,25,1830,2,1,1,1,1.0,97413,R,,,974
201600058023,16,1,26,2200,3,1,1,1,1.0,97413,R,2117484.0,5529767.0,974
201600058024,16,2,16,930,1,1,1,1,1.0,97413,R,,,974
201600058025,16,5,16,1430,3,1,1,1,6.0,97413,R,,,974
201600058026,16,5,29,1045,1,1,1,1,3.0,97413,R,0.0,0.0,974
201600058027,16,7,30,1600,1,2,1,1,6.0,97413,R,0.0,0.0,974
201600058028,16,9,8,715,1,2,1,1,3.0,97413,R,0.0,0.0,974
201600058029,16,10,15,1330,1,1,1,1,6.0,97413,R,0.0,0.0,974
201600058030,16,11,6,1,3,1,1,1,5.0,97413,R,0.0,0.0,974
201600058031,16,11,13,745,1,1,1,1,7.0,97413,R,,,974
201600058032,16,12,12,45,3,2,1,1,6.0,97413,R,0.0,0.0,974
201600058033,16,12,16,1915,3,1,3,1,1.0,97413,R,,,974
201600058034,16,7,28,1000,1,1,1,1,6.0,97422,R,0.0,0.0,974
201600058035,16,8,22,1315,1,2,1,1,1.0,97422,R,0.0,0.0,974
201600058036,16,1,9,700,1,1,1,7,5.0,97307,G,0.0,0.0,973
201600058037,16,1,16,1330,1,2,6,1,7.0,97307,G,0.0,0.0,973
201600058038,16,1,18,1530,1,2,1,1,6.0,97307,G,0.0,0.0,973
201600058039,16,1,27,2200,5,2,1,1,6.0,97307,G,0.0,0.0,973
201600058040,16,2,9,15,5,1,1,1,6.0,97307,G,0.0,0.0,973
201600058041,16,12,15,1715,5,2,2,1,1.0,97307,G,0.0,0.0,973
201600058042,16,2,16,1630,1,2,1,1,3.0,97307,G,0.0,0.0,973
201600058043,16,3,6,1730,1,2,1,1,1.0,97307,G,0.0,0.0,973
201600058044,16,3,12,1645,1,2,1,2,1.0,97307,G,0.0,0.0,973
201600058045,16,4,29,2000,1,1,1,1,6.0,97307,G,0.0,0.0,973
201600058046,16,5,23,1645,1,2,1,1,6.0,97307,G,0.0,0.0,973
201600058047,16,5,28,2115,5,2,3,1,1.0,97307,G,0.0,0.0,973
201600058048,16,6,20,1815,1,2,1,1,6.0,97307,G,0.0,0.0,973
201600058049,16,6,29,45,5,2,1,1,6.0,97307,G,0.0,0.0,973
201600058050,16,7,4,2345,5,2,1,2,1.0,97307,G,0.0,0.0,973
201600058051,16,7,8,1545,1,1,1,1,2.0,97307,G,0.0,0.0,973
201600058052,16,7,9,800,1,2,1,1,2.0,97307,G,0.0,0.0,973
201600058053,16,7,13,1915,3,1,1,1,6.0,97307,G,0.0,0.0,973
201600058054,16,9,1,1545,1,2,1,1,2.0,97307,G,0.0,0.0,973
201600058055,16,10,10,2145,3,2,1,1,6.0,97307,G,0.0,0.0,973
201600058056,16,10,11,1630,1,1,1,1,6.0,97307,G,0.0,0.0,973
201600058057,16,10,16,830,1,1,1,1,6.0,97307,G,0.0,0.0,973
201600058058,16,10,16,300,3,2,1,1,6.0,97307,G,0.0,0.0,973
201600058059,16,11,28,1915,3,2,1,1,1.0,97307,G,0.0,0.0,973
201600058060,16,12,16,545,2,2,1,2,1.0,97307,G,0.0,0.0,973
201600058061,16,12,15,1445,1,2,3,1,3.0,97307,G,0.0,0.0,973
201600058062,16,12,16,1715,1,2,1,1,3.0,97307,G,0.0,0.0,973
201600058063,16,12,17,1915,5,2,1,1,6.0,97307,G,0.0,0.0,973
201600058064,16,12,23,1600,1,1,1,2,5.0,97307,G,0.0,0.0,973
201600058065,16,12,27,930,1,1,1,1,6.0,97307,G,0.0,0.0,973
201600058066,16,1,5,2245,5,2,1,1,6.0,97415,R,2103911.0,5530541.0,974
201600058067,16,1,11,1545,1,2,1,1,4.0,97415,R,0.0,0.0,974
201600058068,16,2,29,1600,1,2,1,1,3.0,97415,R,,,974
201600058069,16,2,24,1600,1,2,9,2,3.0,97415,R,,,974
201600058070,16,4,17,30,3,1,1,1,1.0,97415,R,,,974
201600058071,16,5,11,1215,1,1,1,1,2.0,97415,R,0.0,0.0,974
201600058072,16,5,27,1930,5,2,1,1,3.0,97415,R,,,974
201600058073,16,5,28,1100,1,1,1,1,7.0,97415,R,,,974
201600058074,16,5,30,1900,5,2,1,1,3.0,97415,R,,,974
201600058075,16,8,9,900,1,2,1,1,2.0,97415,R,,,974
201600058076,16,9,4,500,3,1,9,1,7.0,97415,R,,,974
201600058077,16,9,11,715,1,2,1,1,3.0,97415,R,,,974
201600058078,16,10,9,1030,1,2,1,1,6.0,97415,R,0.0,0.0,974
201600058079,16,12,4,600,1,2,1,1,7.0,97415,R,,,974
201600058080,16,12,5,615,1,2,3,1,2.0,97415,R,0.0,0.0,974
201600058081,16,12,10,2200,5,2,1,1,6.0,97415,R,,,974
201600058082,16,12,14,1445,1,2,1,1,6.0,97415,R,,,974
201600058083,16,7,31,1845,3,1,1,1,3.0,97415,R,,,974
201600058084,16,10,3,1500,1,2,6,1,6.0,97229,A,0.0,0.0,972
201600058085,16,9,8,1830,2,1,1,7,1.0,97401,R,,,974
201600058086,16,10,2,1600,1,2,1,7,2.0,97404,R,0.0,0.0,974
201600058087,16,12,23,915,1,2,1,1,1.0,97401,R,0.0,0.0,974
201600058088,16,4,1,1130,1,1,1,1,7.0,97413,R,,,974
201600058089,16,4,15,400,3,1,1,1,2.0,97413,R,,,974
201600058090,16,5,17,1130,1,2,1,1,2.0,97413,R,0.0,0.0,974
201600058091,16,6,9,1015,1,1,1,1,2.0,97413,R,0.0,0.0,974
201600058092,16,8,5,1200,1,1,9,1,7.0,97413,R,0.0,0.0,974
201600058093,16,8,14,600,1,1,1,1,5.0,97413,R,0.0,0.0,974
201600058094,16,9,2,1915,5,2,1,1,1.0,97413,R,,,974
201600058095,16,12,9,1730,1,2,1,1,7.0,97413,R,0.0,0.0,974
201600058096,16,6,28,1115,1,2,1,1,3.0,97418,R,0.0,0.0,974
201600058097,16,7,5,1900,5,1,1,1,2.0,97418,R,0.0,0.0,974
201600058098,16,7,30,1100,1,1,1,1,2.0,97418,R,0.0,0.0,974
201600058099,16,8,3,2045,3,1,1,1,6.0,97418,R,0.0,0.0,974
201600058100,16,8,8,1630,1,1,1,1,2.0,97420,R,0.0,0.0,974
201600058101,16,9,5,1700,1,1,1,1,7.0,97418,R,,,974
201600058102,16,9,28,1430,1,1,1,7,1.0,97418,R,0.0,0.0,974
201600058103,16,10,22,1530,3,1,1,2,5.0,97420,R,0.0,0.0,974
201600058104,16,1,27,1000,1,2,1,1,3.0,97414,R,2126722.0,5544361.0,974
201600058105,16,3,19,1800,2,1,1,1,2.0,97414,R,,,974
201600058106,16,3,28,2030,5,2,1,1,1.0,97414,R,,,974
201600058107,16,4,15,1415,1,2,1,1,1.0,97414,R,0.0,0.0,974
201600058108,16,5,26,1645,1,2,1,1,6.0,97414,R,0.0,0.0,974
201600058109,16,8,20,1530,1,2,1,1,1.0,97414,R,,,974
201600058110,16,9,4,1230,1,1,1,1,3.0,97414,R,0.0,0.0,974
201600058111,16,9,15,1430,5,2,2,1,3.0,97414,R,0.0,0.0,974
201600058112,16,11,6,1600,1,2,1,1,1.0,97414,R,0.0,0.0,974
201600058113,16,12,3,1915,2,2,1,2,6.0,97414,R,0.0,0.0,974
201600058114,16,12,16,345,3,2,1,1,6.0,97414,R,0.0,0.0,974
201600058115,16,6,4,2315,5,2,6,2,1.0,97229,A,0.0,0.0,972
201600058116,16,12,19,515,5,1,6,4,7.0,97229,A,0.0,0.0,972
201600058117,16,5,6,1830,5,2,1,1,7.0,97225,A,0.0,0.0,972
201600058118,16,10,1,1745,5,2,1,1,3.0,97218,A,0.0,0.0,972
201600058119,16,12,17,2015,5,2,1,1,6.0,97204,A,0.0,0.0,972
201600058120,16,3,6,1900,3,1,9,1,1.0,97227,A,0.0,0.0,972
201600058121,16,3,13,1815,1,1,1,1,3.0,97227,A,0.0,0.0,972
201600058122,16,7,14,600,1,1,9,1,1.0,97227,A,0.0,0.0,972
201600058123,16,10,7,2345,3,2,1,2,1.0,97220,A,0.0,0.0,972
201600058124,16,10,10,1945,3,2,1,1,1.0,97227,A,0.0,0.0,972
201600058125,16,11,7,1315,1,2,1,1,1.0,97217,A,0.0,0.0,972
201600058126,16,11,20,1245,1,1,1,1,1.0,97217,A,0.0,0.0,972
201600058127,16,12,17,2130,4,1,1,1,6.0,97227,A,0.0,0.0,972
201600058128,16,5,30,1515,1,1,1,1,1.0,97232,A,0.0,0.0,972
201600058129,16,6,26,1630,1,1,1,1,1.0,97210,A,0.0,0.0,972
201600058130,16,7,21,2215,5,2,1,1,5.0,97232,A,0.0,0.0,972
201600058131,16,10,20,1915,5,2,1,1,6.0,97210,A,0.0,0.0,972
201600058132,16,11,17,1900,3,1,1,1,1.0,97210,A,0.0,0.0,972
201600058133,16,11,21,2015,5,1,1,3,3.0,97210,A,0.0,0.0,972
201600058134,16,12,4,1630,2,1,1,1,6.0,97210,A,0.0,0.0,972
201600058135,16,1,3,1815,3,2,1,1,6.0,97231,A,0.0,0.0,972
201600058136,16,1,23,45,3,1,1,1,4.0,97206,A,,,972
201600058137,16,2,3,1630,1,1,1,1,5.0,97221,A,0.0,0.0,972
201600058138,16,6,23,645,2,2,1,1,6.0,97206,A,0.0,0.0,972
201600058139,16,7,29,230,5,2,1,1,6.0,97231,A,0.0,0.0,972
201600058140,16,8,14,1345,1,1,1,1,6.0,97231,A,0.0,0.0,972
201600058141,16,11,11,1900,3,1,1,1,7.0,97231,A,0.0,0.0,972
201600058142,16,12,3,615,2,2,1,2,6.0,97202,A,0.0,0.0,972
201600058143,16,12,9,1600,1,1,1,1,3.0,97231,A,0.0,0.0,972
201600058144,16,7,27,1630,1,1,3,1,1.0,97207,A,0.0,0.0,972
201600058145,16,8,15,1515,1,1,1,1,6.0,97207,A,0.0,0.0,972
201600058146,16,1,9,2130,3,1,1,1,1.0,97203,A,0.0,0.0,972
201600058147,16,10,1,915,1,2,1,1,6.0,97216,A,0.0,0.0,972
201600058148,16,12,17,1745,5,2,1,1,6.0,97203,A,0.0,0.0,972
201600058149,16,12,28,2000,5,1,1,1,1.0,97216,A,0.0,0.0,972
201600058150,16,2,29,2015,3,2,1,1,3.0,97222,A,0.0,0.0,972
201600058151,16,3,18,2045,5,1,1,1,1.0,97222,A,0.0,0.0,972
201600058152,16,4,22,1930,3,1,1,1,1.0,97222,A,0.0,0.0,972
201600058153,16,6,10,1545,1,1,1,1,1.0,97222,A,0.0,0.0,972
201600058154,16,7,31,630,1,2,1,2,6.0,97222,A,0.0,0.0,972
201600058155,16,8,29,1345,1,1,1,1,1.0,97222,A,0.0,0.0,972
201600058156,16,11,14,2330,3,1,1,1,1.0,97212,A,0.0,0.0,972
201600058157,16,10,13,1115,1,1,1,1,3.0,97404,R,0.0,0.0,974
201600058158,16,11,20,2215,5,2,1,1,1.0,97401,R,0.0,0.0,974
201600058159,16,9,11,1930,3,2,1,1,6.0,97412,R,0.0,0.0,974
201600058160,16,2,29,515,2,2,1,1,6.0,97422,R,0.0,0.0,974
201600058161,16,3,22,715,1,1,9,1,3.0,97422,R,,,974
201600058162,16,7,8,1445,1,2,3,1,3.0,97422,R,0.0,0.0,974
201600058163,16,10,4,300,5,2,1,1,6.0,97422,R,0.0,0.0,974
201600058164,16,11,6,30,5,2,1,1,6.0,97422,R,0.0,0.0,974
201600058165,16,11,28,1745,1,2,1,1,6.0,97353,G,0.0,0.0,973
201600058166,16,12,29,2230,5,2,1,2,6.0,97353,G,0.0,0.0,973
201600058167,16,1,16,125,5,2,1,1,2.0,97105,A,,,971
201600058168,16,1,19,1200,1,2,1,1,1.0,97105,A,,,971
201600058169,16,2,9,1050,1,2,1,1,6.0,97105,A,,,971
201600058170,16,2,12,800,1,2,1,1,6.0,97105,A,,,971
201600058171,16,2,6,40,5,2,1,1,3.0,97105,A,,,971
201600058172,16,2,20,2230,4,2,3,1,3.0,97105,A,,,971
201600058173,16,2,12,1930,5,2,3,1,3.0,97105,A,,,971
201600058174,16,3,24,2130,5,2,6,3,3.0,97105,A,,,971
201600058175,16,5,7,830,1,1,1,1,3.0,97105,A,,,971
201600058176,16,6,11,1813,1,2,6,1,6.0,97105,A,,,971
201600058177,16,7,12,1455,1,2,2,1,6.0,97105,A,,,971
201600058178,16,7,1,2125,5,2,1,1,6.0,97105,A,,,971
201600058179,16,7,30,625,1,1,1,1,3.0,97105,A,,,971
201600058180,16,9,22,725,1,1,1,1,6.0,97105,A,,,971
201600058181,16,10,7,1330,1,2,1,1,6.0,97105,A,,,971
201600058182,16,11,30,2230,5,2,1,2,3.0,97105,A,,,971
201600058183,16,12,2,1645,1,2,1,1,1.0,97105,A,,,971
201600058184,16,12,4,10,5,2,1,9,3.0,97105,A,,,971
201600058185,16,12,6,1405,1,2,1,1,1.0,97105,A,,,971
201600058186,16,1,2,1330,1,2,3,1,2.0,97107,A,,,971
201600058187,16,2,5,1115,1,2,1,1,2.0,97107,A,,,971
201600058188,16,1,31,1510,1,2,1,1,6.0,97107,A,0.0,0.0,971
201600058189,16,2,18,1908,4,2,1,1,6.0,97107,A,0.0,0.0,971
201600058190,16,2,19,1805,2,2,3,1,2.0,97107,A,1602437.0,6133466.0,971
201600058191,16,3,5,1755,1,2,1,1,1.0,97107,A,,,971
201600058192,16,3,8,600,2,2,3,1,3.0,97107,A,1604275.0,6156501.0,971
201600058193,16,3,10,1900,5,2,3,1,3.0,97107,A,,,971
201600058194,16,3,13,955,1,2,1,1,3.0,97107,A,1603940.0,6156659.0,971
201600058195,16,4,19,1700,1,2,1,1,6.0,97107,A,,,971
201600058196,16,4,28,755,1,2,1,1,2.0,97107,A,1602540.0,6133484.0,971
201600058197,16,5,14,2320,5,2,1,1,7.0,97107,A,,,971
201600058198,16,5,24,1330,1,2,1,1,3.0,97107,A,,,971
201600058199,16,7,5,2220,5,2,1,1,1.0,97107,A,1603363.0,6156877.0,971
201600058200,16,7,25,1640,1,1,1,1,6.0,97107,A,,,971
201600058201,16,8,7,145,5,2,9,1,3.0,97107,A,,,971
201600058202,16,8,14,2155,5,2,1,1,1.0,97107,A,,,971
201600058203,16,8,27,1800,2,2,5,2,3.0,97107,A,,,971
201600058204,16,9,17,1220,1,2,1,1,3.0,97107,A,,,971
201600058205,16,10,6,1650,1,2,1,1,6.0,97107,A,,,971
201600058206,16,10,6,2055,5,2,3,1,3.0,97107,A,,,971
201600058207,16,10,31,545,2,2,3,1,6.0,97107,A,,,971
201600058208,16,11,13,1152,1,1,1,1,3.0,97107,A,,,971
201600058209,16,11,25,2045,3,2,1,1,7.0,97107,A,,,971
201600058210,16,12,4,505,5,2,4,1,6.0,97107,A,,,971
201600058211,16,12,4,1735,5,2,3,1,3.0,97107,A,,,971
201600058212,16,12,4,1105,1,2,1,1,6.0,97107,A,,,971
201600058213,16,12,12,100,5,2,1,1,6.0,97107,A,1604904.0,6156621.0,971
201600058214,16,12,18,1830,5,2,3,1,6.0,97107,A,,,971
201600058215,16,1,1,530,4,1,1,1,2.0,97113,A,0.0,0.0,971
201600058216,16,1,2,2320,5,2,1,1,3.0,97101,A,0.0,0.0,971
201600058217,16,1,1,1830,3,1,1,1,5.0,97113,A,,,971
201600058218,16,12,29,2200,4,1,1,1,7.0,97113,A,,,971
201600058219,16,1,6,2050,5,2,1,1,3.0,97120,A,0.0,0.0,971
201600058220,16,1,19,1530,1,1,4,1,3.0,97101,A,0.0,0.0,971
201600058221,16,1,20,710,1,1,1,1,6.0,97101,A,0.0,0.0,971
201600058222,16,1,22,1053,1,2,1,1,7.0,97101,A,0.0,0.0,971
201600058223,16,1,16,1144,1,1,1,1,6.0,97120,A,0.0,0.0,971
201600058224,16,2,4,1415,1,2,1,1,6.0,97101,A,1623901.0,6152785.0,971
201600058225,16,2,6,2040,5,2,1,1,3.0,97101,A,0.0,0.0,971
201600058226,16,2,7,515,2,1,1,1,6.0,97113,A,0.0,0.0,971
201600058227,16,12,22,1813,5,1,1,1,1.0,97113,A,,,971
201600058228,16,2,8,105,5,1,1,1,1.0,97101,A,0.0,0.0,971
201600058229,16,1,8,630,2,1,1,1,1.0,97113,A,0.0,0.0,971
201600058230,16,2,12,2222,5,1,1,1,6.0,97101,A,0.0,0.0,971
201600058231,16,2,13,2056,5,2,1,1,6.0,97101,A,0.0,0.0,971
201600058232,16,2,18,845,1,2,6,2,3.0,97101,A,,,971
201600058233,16,2,19,2340,5,2,1,1,6.0,97101,A,0.0,0.0,971
201600058234,16,2,24,630,1,1,2,1,1.0,97113,A,0.0,0.0,971
201600058235,16,2,25,1837,5,2,1,1,5.0,97101,A,1616114.0,6130126.0,971
201600058236,16,2,28,1945,4,2,1,1,6.0,97101,A,0.0,0.0,971
201600058237,16,3,6,1030,1,1,1,1,4.0,97101,A,,,971
201600058238,16,3,7,750,1,2,1,1,6.0,97101,A,,,971
201600058239,16,3,4,930,1,1,1,1,3.0,97101,A,,,971
201600058240,16,3,7,855,1,2,1,1,6.0,97120,A,,,971
201600058241,16,3,11,1455,1,1,1,1,6.0,97101,A,,,971
201600058242,16,3,14,2156,5,2,1,1,6.0,97101,A,,,971
201600058243,16,3,16,1110,1,1,3,3,6.0,97113,A,,,971
201600058244,16,3,17,1600,1,2,2,1,3.0,97120,A,,,971
201600058245,16,3,19,905,1,1,2,1,5.0,97101,A,,,971
201600058246,16,3,19,1900,5,2,1,1,3.0,97101,A,,,971
201600058247,16,3,20,310,5,2,1,1,6.0,97120,A,,,971
201600058248,16,4,2,250,5,2,3,2,6.0,97120,A,,,971
201600058249,16,4,7,1040,1,2,1,2,3.0,97101,A,,,971
201600058250,16,4,9,545,1,1,1,1,5.0,97113,A,1613073.0,6130067.0,971
201600058251,16,4,8,1620,1,1,1,1,2.0,97120,A,1614539.0,6131345.0,971
201600058252,16,4,23,337,3,2,1,1,6.0,97101,A,,,971
201600058253,16,4,27,1525,1,2,1,1,3.0,97101,A,,,971
201600058254,16,4,29,2200,5,2,3,1,1.0,97113,A,,,971
201600058255,16,5,1,255,5,1,1,1,1.0,97113,A,,,971
201600058256,16,5,3,725,1,1,1,1,1.0,97101,A,1615535.0,6128486.0,971
201600058257,16,5,13,830,1,2,1,1,1.0,97120,A,,,971
201600058258,16,5,7,1800,1,1,1,1,2.0,97101,A,1615143.0,6132163.0,971
201600058259,16,5,16,35,5,1,1,1,3.0,97113,A,,,971
201600058260,16,5,17,1410,1,1,1,1,4.0,97101,A,,,971
201600058261,16,5,22,1920,5,2,1,1,7.0,97113,A,,,971
201600058262,16,5,31,1425,1,1,1,1,3.0,97113,A,1612306.0,6128044.0,971
201600058263,16,6,1,1705,1,2,1,1,7.0,97120,A,1614280.0,6132094.0,971
201600058264,16,6,3,2215,5,2,1,2,3.0,97120,A,,,971
201600058265,16,6,4,2230,5,1,1,1,2.0,97113,A,,,971
201600058266,16,6,8,2046,3,1,1,1,6.0,97101,A,,,971
201600058267,16,6,8,1700,1,2,1,1,7.0,97101,A,,,971
201600058268,16,6,11,200,5,2,4,2,3.0,97101,A,,,971
201600058269,16,6,11,2304,3,1,1,1,3.0,97113,A,,,971
201600058270,16,6,12,447,3,1,1,1,7.0,97101,A,,,971
201600058271,16,6,13,2320,5,1,1,1,4.0,97113,A,,,971
201600058272,16,6,14,1930,4,2,1,1,6.0,97101,A,,,971
201600058273,16,6,14,1400,1,2,1,1,7.0,97101,A,,,971
201600058274,16,6,27,740,1,2,1,1,7.0,97120,A,,,971
201600058275,16,6,28,1520,1,1,1,1,1.0,97113,A,,,971
201600058276,16,6,27,1825,2,1,1,1,1.0,97113,A,,,971
201600058277,16,7,5,650,1,2,6,1,3.0,97120,A,,,971
201600058278,16,7,2,2010,5,2,2,1,1.0,97120,A,,,971
201600058279,16,7,6,1100,1,2,3,1,3.0,97101,A,,,971
201600058280,16,7,9,1910,5,2,1,1,6.0,97101,A,,,971
201600058281,16,7,12,740,1,2,6,1,6.0,97120,A,,,971
201600058282,16,7,17,610,2,1,1,1,6.0,97113,A,,,971
201600058283,16,7,23,1015,1,1,1,1,1.0,97113,A,,,971
201600058284,16,7,23,1535,1,2,1,2,2.0,97113,A,,,971
201600058285,16,7,26,2015,3,1,3,1,3.0,97101,A,,,971
201600058286,16,7,27,1850,5,2,4,1,1.0,97113,A,,,971
201600058287,16,7,29,1530,1,2,1,1,1.0,97120,A,,,971
201600058288,16,8,3,630,1,1,1,1,5.0,97101,A,,,971
201600058289,16,8,8,1830,2,2,1,1,7.0,97101,A,,,971
201600058290,16,8,13,1815,5,2,3,1,6.0,97113,A,,,971
201600058291,16,8,21,800,1,1,1,1,2.0,97113,A,,,971
201600058292,16,6,5,700,1,1,1,1,7.0,97113,A,,,971
201600058293,16,8,24,2230,5,1,1,1,4.0,97113,A,,,971
201600058294,16,8,29,915,1,1,1,1,3.0,97113,A,,,971
201600058295,16,9,2,2010,4,1,1,1,2.0,97101,A,,,971
201600058296,16,9,9,2030,5,1,1,1,3.0,97113,A,,,971
201600058297,16,9,18,1645,1,2,1,1,6.0,97113,A,,,971