Num_Acc,an,mois,jour,hrmn,lum,agg,int,atm,col,com,gps,lat,long,dep
201600058298,16,9,21,1720,1,1,1,1,3.0,97113,A,,,971
201600058299,16,7,29,2310,5,2,1,1,7.0,97120,A,,,971
201600058300,16,8,29,2350,5,1,1,2,7.0,97101,A,,,971
201600058301,16,9,29,1530,1,2,3,1,5.0,97101,A,,,971
201600058302,16,9,30,1830,3,1,1,1,6.0,97101,A,,,971
201600058303,16,9,30,2115,5,2,1,1,6.0,97113,A,,,971
201600058304,16,10,7,2015,5,1,1,1,7.0,97101,A,,,971
201600058305,16,10,18,810,1,1,1,1,3.0,97120,A,,,971
201600058306,16,10,21,1505,1,2,3,1,7.0,97101,A,,,971
201600058307,16,10,26,935,1,2,1,1,7.0,97101,A,,,971
201600058308,16,10,25,1030,1,1,1,1,6.0,97101,A,,,971
201600058309,16,10,30,300,3,1,1,1,2.0,97113,A,,,971
201600058310,16,11,3,1330,1,1,1,1,2.0,97113,A,1620777.0,6146088.0,971
201600058311,16,11,8,953,1,1,3,1,3.0,97101,A,,,971
201600058312,16,11,14,1640,1,1,3,1,5.0,97101,A,,,971
201600058313,16,11,16,1930,3,1,1,3,7.0,97113,A,,,971
201600058314,16,11,17,1800,2,1,1,1,2.0,97113,A,,,971
201600058315,16,11,19,1,4,2,1,1,3.0,97101,A,,,971
201600058316,16,11,30,1620,1,2,1,1,7.0,97113,A,,,971
201600058317,16,12,11,500,3,1,1,1,2.0,97101,A,1627916.0,6150787.0,971
201600058318,16,12,12,1740,2,1,1,1,1.0,97101,A,,,971
201600058319,16,12,18,1850,3,1,1,2,1.0,97101,A,,,971
201600058320,16,12,20,2140,5,2,9,9,6.0,97120,A,,,971
201600058321,16,12,23,1635,1,2,1,1,3.0,97120,A,,,971
201600058322,16,11,24,1615,1,1,1,1,6.0,97209,A,1462014.0,6103717.0,972
201600058323,16,12,1,1540,1,1,1,1,6.0,97209,A,0.0,0.0,972
201600058324,16,12,2,1100,1,2,1,1,3.0,97209,A,0.0,0.0,972
201600058325,16,12,3,325,5,2,2,1,3.0,97209,A,0.0,0.0,972
201600058326,16,12,3,600,1,1,1,1,7.0,97209,A,0.0,0.0,972
201600058327,16,12,3,1050,1,2,1,1,6.0,97209,A,,,972
201600058328,16,12,10,955,1,2,1,1,6.0,97209,A,0.0,0.0,972
201600058329,16,12,10,1040,1,2,1,1,2.0,97209,A,1460754.0,6105709.0,972
201600058330,16,12,12,1440,1,2,1,1,2.0,97209,A,0.0,0.0,972
201600058331,16,1,3,1619,1,2,1,1,7.0,97209,A,0.0,0.0,972
201600058332,16,12,15,1820,2,1,1,1,6.0,97209,A,1463239.0,6105407.0,972
201600058333,16,1,15,1710,1,1,1,1,2.0,97209,A,0.0,0.0,972
201600058334,16,1,18,2010,5,2,1,1,3.0,97209,A,0.0,0.0,972
201600058335,16,1,20,645,1,2,1,1,5.0,97209,A,0.0,0.0,972
201600058336,16,12,17,810,1,1,1,1,1.0,97209,A,0.0,0.0,972
201600058337,16,1,20,1955,5,2,3,1,6.0,97209,A,0.0,0.0,972
201600058338,16,12,17,1750,1,2,1,1,6.0,97209,A,0.0,0.0,972
201600058339,16,1,21,955,1,2,1,1,6.0,97209,A,0.0,0.0,972
201600058340,16,12,23,1420,1,1,1,1,6.0,97209,A,0.0,0.0,972
201600058341,16,1,22,740,1,2,1,1,6.0,97209,A,0.0,0.0,972
201600058342,16,1,23,2155,5,2,1,1,1.0,97209,A,0.0,0.0,972
201600058343,16,1,23,2345,5,2,1,1,7.0,97209,A,0.0,0.0,972
201600058344,16,12,30,1715,1,2,1,1,6.0,97209,A,0.0,0.0,972
201600058345,16,1,24,1355,1,2,3,1,3.0,97209,A,0.0,0.0,972
201600058346,16,12,31,2038,5,2,1,1,6.0,97209,A,1460837.0,6106995.0,972
201600058347,16,1,25,745,1,2,1,1,6.0,97209,A,0.0,0.0,972
201600058348,16,1,26,1150,1,1,1,1,1.0,97209,A,0.0,0.0,972
201600058349,16,1,27,1100,1,2,1,1,6.0,97209,A,0.0,0.0,972
201600058350,16,1,29,2055,5,2,1,1,6.0,97209,A,0.0,0.0,972
201600058351,16,2,2,1825,2,2,1,1,6.0,97209,A,0.0,0.0,972
201600058352,16,2,4,820,1,2,2,1,3.0,97209,A,0.0,0.0,972
201600058353,16,2,8,1405,1,2,1,1,6.0,97209,A,0.0,0.0,972
201600058354,16,2,8,1030,1,2,1,1,6.0,97209,A,0.0,0.0,972
201600058355,16,2,13,1435,1,2,1,1,6.0,97209,A,0.0,0.0,972
201600058356,16,2,14,920,1,2,1,8,7.0,97209,A,0.0,0.0,972
201600058357,16,2,18,1034,1,2,1,8,6.0,97209,A,0.0,0.0,972
201600058358,16,2,18,1215,1,2,1,1,6.0,97209,A,0.0,0.0,972
201600058359,16,2,19,925,1,2,1,1,6.0,97209,A,0.0,0.0,972
201600058360,16,2,29,935,1,2,1,1,1.0,97209,A,1437278.0,6104208.0,972
201600058361,16,2,26,1225,1,2,1,1,6.0,97209,A,0.0,0.0,972
201600058362,16,3,1,1445,1,2,1,1,6.0,97209,A,0.0,0.0,972
201600058363,16,3,2,1215,1,2,2,1,6.0,97209,A,0.0,0.0,972
201600058364,16,3,2,645,1,2,1,1,6.0,97209,A,0.0,0.0,972
201600058365,16,3,6,2230,5,2,2,1,3.0,97209,A,0.0,0.0,972
201600058366,16,3,10,1200,1,2,1,1,6.0,97209,A,1438012.0,6103347.0,972
201600058367,16,3,12,10,5,2,1,1,7.0,97209,A,0.0,0.0,972
201600058368,16,3,15,1725,1,2,1,1,6.0,97209,A,0.0,0.0,972
201600058369,16,3,16,800,1,2,1,1,6.0,97209,A,0.0,0.0,972
201600058370,16,3,16,1511,1,2,1,1,7.0,97209,A,0.0,0.0,972
201600058371,16,3,20,1155,1,2,1,1,7.0,97209,A,0.0,0.0,972
201600058372,16,3,25,2030,5,2,1,1,7.0,97209,A,0.0,0.0,972
201600058373,16,3,26,1420,1,2,1,1,7.0,97209,A,0.0,0.0,972
201600058374,16,5,18,1015,1,2,1,1,2.0,97209,A,0.0,0.0,972
201600058375,16,4,1,1100,1,2,1,1,6.0,97209,A,0.0,0.0,972
201600058376,16,4,4,35,3,2,1,1,7.0,97209,A,0.0,0.0,972
201600058377,16,5,14,520,2,2,1,1,6.0,97209,A,0.0,0.0,972
201600058378,16,5,30,630,1,2,1,1,6.0,97209,A,0.0,0.0,972
201600058379,16,5,4,1300,1,2,1,1,2.0,97209,A,0.0,0.0,972
201600058380,16,4,16,1931,5,2,1,1,6.0,97209,A,0.0,0.0,972
201600058381,16,4,17,1319,1,2,1,1,6.0,97209,A,0.0,0.0,972
201600058382,16,6,3,1805,1,2,1,1,6.0,97209,A,0.0,0.0,972
201600058383,16,6,17,1410,1,2,1,1,1.0,97209,A,0.0,0.0,972
201600058384,16,6,25,445,2,1,1,1,2.0,97209,A,0.0,0.0,972
201600058385,16,5,15,645,1,2,1,1,7.0,97209,A,,,972
201600058386,16,5,19,2120,5,2,1,1,5.0,97209,A,0.0,0.0,972
201600058387,16,5,24,1909,5,2,1,1,5.0,97209,A,0.0,0.0,972
201600058388,16,7,1,1530,1,2,9,1,3.0,97209,A,0.0,0.0,972
201600058389,16,7,14,455,3,1,1,1,2.0,97209,A,0.0,0.0,972
201600058390,16,7,15,1610,1,1,1,1,3.0,97209,A,0.0,0.0,972
201600058391,16,7,17,2015,3,1,1,1,6.0,97209,A,,,972
201600058392,16,7,22,710,1,1,2,1,3.0,97209,A,,,972
201600058393,16,6,3,800,1,1,1,1,6.0,97209,A,0.0,0.0,972
201600058394,16,6,4,810,1,2,1,1,7.0,97209,A,0.0,0.0,972
201600058395,16,6,10,1604,1,2,1,1,6.0,97209,A,0.0,0.0,972
201600058396,16,6,11,210,5,2,2,1,3.0,97209,A,0.0,0.0,972
201600058397,16,6,18,530,2,1,1,1,7.0,97209,A,0.0,0.0,972
201600058398,16,6,19,940,1,1,1,1,6.0,97209,A,0.0,0.0,972
201600058399,16,6,19,1640,1,1,1,1,7.0,97209,A,0.0,0.0,972
201600058400,16,6,24,2135,5,1,1,1,6.0,97209,A,0.0,0.0,972
201600058401,16,7,6,730,1,2,1,1,6.0,97209,A,0.0,0.0,972
201600058402,16,7,10,1845,5,1,2,1,6.0,97209,A,0.0,0.0,972
201600058403,16,7,26,1110,1,2,3,1,3.0,97209,A,0.0,0.0,972
201600058404,16,7,26,1205,1,2,2,1,3.0,97209,A,,,972
201600058405,16,9,22,817,1,2,1,1,6.0,97209,A,1460679.0,6105677.0,972
201600058406,16,8,3,1955,1,2,2,1,3.0,97209,A,0.0,0.0,972
201600058407,16,8,5,1944,5,1,1,1,6.0,97209,A,0.0,0.0,972
201600058408,16,8,7,1410,1,2,2,1,3.0,97209,A,0.0,0.0,972
201600058409,16,8,12,2304,5,1,1,1,6.0,97209,A,1462761.0,6107947.0,972
201600058410,16,8,25,1255,1,1,2,1,6.0,97209,A,0.0,0.0,972
201600058411,16,8,30,1200,1,2,1,1,7.0,97209,A,0.0,0.0,972
201600058412,16,9,2,1450,1,2,9,1,6.0,97209,A,1460380.0,6106142.0,972
201600058413,16,9,4,1215,1,2,1,1,6.0,97209,A,1463087.0,6106173.0,972
201600058414,16,9,10,2120,5,1,1,1,2.0,97209,A,1461818.0,6103809.0,972
201600058415,16,9,24,410,5,2,1,8,7.0,97209,A,0.0,0.0,972
201600058416,16,9,30,2310,5,2,1,1,1.0,97209,A,0.0,0.0,972
201600058417,16,10,11,725,1,1,1,1,6.0,97209,A,0.0,0.0,972
201600058418,16,11,6,2130,5,1,1,1,1.0,97209,A,,,972
201600058419,16,9,30,900,1,1,1,1,6.0,97209,A,0.0,0.0,972
201600058420,16,11,9,1850,5,1,1,1,6.0,97209,A,1462591.0,6103914.0,972
201600058421,16,10,10,2204,5,2,1,1,6.0,97209,A,0.0,0.0,972
201600058422,16,10,11,1215,1,1,1,1,6.0,97209,A,,,972
201600058423,16,10,12,1610,1,2,1,1,6.0,97209,A,0.0,0.0,972
201600058424,16,10,15,135,5,2,1,1,6.0,97209,A,1460869.0,6105607.0,972
201600058425,16,10,20,804,1,1,1,1,6.0,97209,A,0.0,0.0,972
201600058426,16,10,22,2019,5,2,1,1,1.0,97209,A,0.0,0.0,972
201600058427,16,10,23,1815,5,1,1,8,6.0,97209,A,0.0,0.0,972
201600058428,16,10,30,2015,5,2,1,1,6.0,97209,A,1460319.0,6107006.0,972
201600058429,16,10,31,1640,1,2,1,1,6.0,97209,A,,,972
201600058430,16,11,5,1855,5,2,1,1,6.0,97209,A,1460700.0,6106718.0,972
201600058431,16,11,7,920,1,2,1,1,6.0,97209,A,1460711.0,6107258.0,972
201600058432,16,11,10,1030,1,1,3,1,3.0,97209,A,,,972
201600058433,16,11,11,1815,5,1,1,1,5.0,97209,A,1462916.0,6107231.0,972
201600058434,16,11,12,305,5,2,1,8,1.0,97209,A,1461957.0,6104377.0,972
201600058435,16,11,13,1115,1,2,1,1,6.0,97209,A,1462032.0,6105092.0,972
201600058436,16,11,14,1635,1,2,1,1,6.0,97209,A,1460269.0,6107635.0,972
201600058437,16,11,22,2100,4,1,1,1,6.0,97213,A,,,972
201600058438,16,11,26,2105,5,1,1,1,4.0,97213,A,,,972
201600058439,16,11,27,130,3,1,1,1,3.0,97213,A,,,972
201600058440,16,12,10,1425,1,1,1,1,4.0,97213,A,1460712.0,6100441.0,972
201600058441,16,12,14,645,1,1,1,1,3.0,97213,A,,,972
201600058442,16,12,14,1650,1,1,6,1,3.0,97213,A,1459830.0,6100134.0,972
201600058443,16,12,15,1555,1,1,1,1,3.0,97213,A,1462620.0,6100795.0,972
201600058444,16,12,16,2220,5,1,1,1,7.0,97213,A,1461821.0,6102776.0,972
201600058445,16,12,21,520,5,1,1,1,1.0,97213,A,1462530.0,6100727.0,972
201600058446,16,12,21,825,1,1,1,1,3.0,97213,A,0.0,0.0,972
201600058447,16,12,24,1530,1,1,1,1,6.0,97213,A,0.0,0.0,972
201600058448,16,1,1,1745,2,1,1,1,1.0,97213,A,,,972
201600058449,16,1,3,1335,1,1,1,1,6.0,97213,A,,,972
201600058450,16,1,5,850,1,1,1,3,6.0,97213,A,,,972
201600058451,16,1,6,1652,1,1,9,1,7.0,97213,A,,,972
201600058452,16,1,17,1945,3,1,1,1,1.0,97213,A,,,972
201600058453,16,1,26,1325,1,1,1,1,1.0,97213,A,,,972
201600058454,16,1,1,600,2,1,1,1,2.0,97213,A,,,972
201600058455,16,1,4,750,1,1,1,1,2.0,97213,A,,,972
201600058456,16,1,26,2037,1,1,1,1,3.0,97213,A,,,972
201600058457,16,2,5,1315,1,1,1,1,1.0,97213,A,,,972
201600058458,16,2,5,2310,5,1,1,1,2.0,97213,A,,,972
201600058459,16,2,23,2115,5,1,1,1,4.0,97213,A,,,972
201600058460,16,2,29,1630,1,2,2,1,3.0,97213,A,,,972
201600058461,16,3,9,945,1,1,1,1,2.0,97213,A,,,972
201600058462,16,3,9,1345,1,1,1,1,7.0,97213,A,,,972
201600058463,16,3,10,1345,1,1,1,1,3.0,97213,A,,,972
201600058464,16,3,12,1430,1,1,1,1,2.0,97213,A,,,972
201600058465,16,3,18,650,1,1,1,1,2.0,97213,A,,,972
201600058466,16,4,11,1630,1,1,3,1,3.0,97213,A,,,972
201600058467,16,4,17,1120,1,2,1,1,2.0,97213,A,,,972
201600058468,16,4,21,5,5,1,1,1,6.0,97213,A,,,972
201600058469,16,4,25,30,4,1,1,1,2.0,97213,A,,,972
201600058470,16,4,26,1800,1,1,1,1,3.0,97213,A,,,972
201600058471,16,4,27,710,1,2,1,1,6.0,97213,A,,,972
201600058472,16,4,28,730,1,1,1,1,3.0,97213,A,,,972
201600058473,16,5,8,600,2,1,1,1,3.0,97213,A,,,972
201600058474,16,5,9,1530,1,1,1,1,2.0,97213,A,,,972
201600058475,16,5,14,330,4,1,1,1,2.0,97213,A,,,972
201600058476,16,5,14,430,5,1,1,8,2.0,97213,A,,,972
201600058477,16,5,20,600,2,1,1,1,7.0,97213,A,,,972
201600058478,16,5,24,1130,1,1,1,1,3.0,97213,A,,,972
201600058479,16,5,24,1720,1,1,1,1,2.0,97213,A,,,972
201600058480,16,5,24,2030,5,1,6,1,3.0,97213,A,,,972
201600058481,16,5,29,20,5,1,1,1,6.0,97213,A,,,972
201600058482,16,6,3,1220,1,1,1,1,4.0,97213,A,,,972
201600058483,16,6,10,1815,5,2,1,1,1.0,97213,A,,,972
201600058484,16,6,11,145,5,1,1,1,4.0,97213,A,,,972
201600058485,16,6,16,2045,5,1,1,1,2.0,97213,A,,,972
201600058486,16,6,17,1430,1,1,1,1,1.0,97213,A,,,972
201600058487,16,6,21,1430,1,1,2,1,3.0,97213,A,,,972
201600058488,16,6,25,145,5,1,1,1,6.0,97213,A,,,972
201600058489,16,7,2,150,5,1,1,1,7.0,97213,A,,,972
201600058490,16,7,7,1450,1,1,1,1,3.0,97213,A,,,972
201600058491,16,7,10,1900,5,1,1,1,2.0,97213,A,,,972
201600058492,16,7,17,530,2,1,1,1,7.0,97213,A,,,972
201600058493,16,7,23,200,5,1,1,2,2.0,97213,A,,,972
201600058494,16,7,26,58,5,1,1,1,2.0,97213,A,,,972
201600058495,16,7,27,4,5,1,6,1,3.0,97213,A,,,972
201600058496,16,7,27,930,1,1,3,1,3.0,97213,A,,,972
201600058497,16,7,30,450,2,1,6,1,1.0,97213,A,,,972
201600058498,16,8,1,1900,5,1,1,1,3.0,97213,A,,,972
201600058499,16,8,6,1030,1,2,1,1,6.0,97213,A,,,972
201600058500,16,8,7,2204,4,1,1,1,5.0,97213,A,,,972
201600058501,16,8,7,2230,5,1,1,1,7.0,97213,A,,,972
201600058502,16,8,9,1250,1,2,1,1,6.0,97213,A,,,972
201600058503,16,8,11,1400,1,1,1,1,4.0,97213,A,,,972
201600058504,16,8,12,1430,1,1,1,1,2.0,97213,A,,,972
201600058505,16,8,19,130,5,1,1,1,6.0,97213,A,,,972
201600058506,16,8,20,610,2,2,3,1,3.0,97213,A,,,972
201600058507,16,8,20,1500,1,1,1,1,1.0,97213,A,,,972
201600058508,16,8,26,1700,1,1,1,1,1.0,97213,A,,,972
201600058509,16,9,3,1856,2,1,1,1,3.0,97213,A,,,972
201600058510,16,10,3,1525,1,1,1,1,5.0,97213,A,,,972
201600058511,16,11,28,2010,3,1,1,3,6.0,97213,A,,,972
201600058512,16,10,26,2020,5,1,1,1,3.0,97213,A,,,972
201600058513,16,10,21,125,5,1,1,1,2.0,97213,A,,,972
201600058514,16,9,12,45,3,1,1,1,3.0,97213,A,,,972
201600058515,16,10,15,610,5,1,6,1,6.0,97213,A,,,972
201600058516,16,9,16,1400,1,1,1,1,5.0,97213,A,,,972
201600058517,16,9,18,720,1,1,1,1,3.0,97213,A,,,972
201600058518,16,9,21,1950,1,1,1,1,1.0,97213,A,,,972
201600058519,16,9,22,1450,1,2,1,1,3.0,97213,A,,,972
201600058520,16,11,10,1400,1,2,1,1,6.0,97213,A,,,972
201600058521,16,11,10,2150,3,1,1,1,5.0,97213,A,,,972
201600058522,16,11,12,2020,5,1,1,1,3.0,97213,A,,,972
201600058523,16,11,19,800,1,1,1,1,6.0,97213,A,,,972
201600058524,16,11,17,1130,1,1,1,1,6.0,97213,A,,,972
201600058525,16,11,20,1220,1,1,1,1,5.0,97213,A,,,972
201600058526,16,1,1,1610,1,2,1,2,7.0,97302,G,454363.0,521929.0,973
201600058527,16,1,1,2110,5,2,3,1,3.0,97302,G,456012.0,521949.0,973
201600058528,16,1,4,745,2,2,3,3,7.0,97302,G,456156.0,521940.0,973
201600058529,16,1,6,804,1,1,1,1,3.0,97302,G,0.0,0.0,973
201600058530,16,1,8,1500,1,2,1,1,3.0,97302,G,455534.0,521823.0,973
201600058531,16,1,8,1755,1,2,6,1,7.0,97302,G,455311.0,521923.0,973
201600058532,16,1,8,1845,2,2,1,1,6.0,97302,G,494240.0,5231083.0,973
201600058533,16,1,9,1318,1,2,2,1,3.0,97302,G,494094.0,5233096.0,973
201600058534,16,1,11,805,1,1,1,1,3.0,97302,G,492382.0,5232637.0,973
201600058535,16,1,13,1255,1,2,1,1,3.0,97302,G,,,973
201600058536,16,1,13,2336,5,2,1,1,3.0,97302,G,493767.0,5234326.0,973
201600058537,16,1,13,1958,2,2,3,1,2.0,97302,G,0.0,0.0,973
201600058538,16,1,14,1536,1,2,1,1,2.0,97302,G,492779.0,5229165.0,973
201600058539,16,1,15,1530,1,2,1,1,2.0,97302,G,493877.0,5233244.0,973
201600058540,16,1,15,1335,1,2,1,1,3.0,97302,G,493386.0,5231047.0,973
201600058541,16,1,16,605,5,2,1,1,2.0,97302,G,455415.0,521724.0,973
201600058542,16,1,17,1945,5,2,1,1,2.0,97302,G,492893.0,5229986.0,973
201600058543,16,1,18,1215,1,2,1,1,6.0,97302,G,,,973
201600058544,16,1,18,1755,1,1,7,1,3.0,97302,G,,,973
201600058545,16,1,20,1100,1,1,1,1,6.0,97302,G,493143.0,5232967.0,973
201600058546,16,1,20,1626,1,2,1,1,3.0,97302,G,493303.0,5230963.0,973
201600058547,16,1,20,1554,1,2,1,1,3.0,97302,G,456040.0,5219592.0,973
201600058548,16,1,21,757,1,2,1,1,3.0,97302,G,493827.0,5231644.0,973
201600058549,16,1,22,1300,1,2,1,1,3.0,97302,G,492227.0,5232135.0,973
201600058550,16,1,22,2100,5,1,1,1,3.0,97302,G,,,973
201600058551,16,1,27,755,1,2,3,1,7.0,97302,G,455442.0,521759.0,973
201600058552,16,1,27,1030,1,2,1,1,1.0,97302,G,455092.0,521902.0,973
201600058553,16,1,30,1215,1,2,1,1,2.0,97302,G,,,973
201600058554,16,1,30,1640,1,2,1,1,6.0,97302,G,456033.0,5220064.0,973
201600058555,16,1,31,200,5,2,1,1,7.0,97302,G,,,973
201600058556,16,2,1,1552,1,1,1,1,7.0,97302,G,455591.0,5218467.0,973
201600058557,16,2,2,830,1,2,1,2,3.0,97302,G,492168.0,5232254.0,973
201600058558,16,2,7,410,5,2,2,2,3.0,97302,G,,,973
201600058559,16,2,5,1315,1,1,2,1,3.0,97302,G,,,973
201600058560,16,2,8,1725,1,1,1,2,2.0,97302,G,,,973
201600058561,16,2,9,1605,1,2,1,1,3.0,97302,G,,,973
201600058562,16,2,10,2215,5,1,1,1,6.0,97302,G,,,973
201600058563,16,2,11,1843,5,2,1,1,6.0,97302,G,,,973
201600058564,16,2,15,1800,2,1,1,1,6.0,97302,G,,,973
201600058565,16,2,16,200,5,1,1,1,7.0,97302,G,,,973
201600058566,16,2,17,1142,1,1,1,1,1.0,97302,G,,,973
201600058567,16,2,15,1305,1,2,1,1,3.0,97302,G,,,973
201600058568,16,2,19,2040,5,2,1,1,5.0,97302,G,493151.0,5231266.0,973
201600058569,16,2,22,820,1,2,1,1,2.0,97302,G,,,973
201600058570,16,2,18,1300,1,2,1,1,3.0,97302,G,456515.0,5219193.0,973
201600058571,16,2,22,1205,1,1,1,2,3.0,97302,G,,,973
201600058572,16,2,23,810,1,2,1,2,6.0,97302,G,,,973
201600058573,16,2,22,1255,1,2,1,1,1.0,97302,G,,,973
201600058574,16,2,23,1300,1,1,1,3,6.0,97302,G,,,973
201600058575,16,2,23,1902,5,2,1,2,6.0,97302,G,,,973
201600058576,16,2,23,2120,5,1,1,2,3.0,97302,G,,,973
201600058577,16,2,24,1036,1,1,9,1,6.0,97302,G,493814.0,5231666.0,973
201600058578,16,2,24,2210,5,2,2,1,3.0,97302,G,491929.0,5231751.0,973
201600058579,16,2,24,1326,1,1,1,1,2.0,97302,G,489922.0,5232662.0,973
201600058580,16,2,24,1216,1,2,1,1,2.0,97302,G,,,973
201600058581,16,1,26,1140,1,2,1,1,7.0,97302,G,,,973
201600058582,16,2,27,2055,5,1,1,2,6.0,97302,G,,,973
201600058583,16,2,28,2155,5,2,1,1,1.0,97302,G,493435.0,5233166.0,973
201600058584,16,2,28,1940,5,2,1,1,1.0,97302,G,,,973
201600058585,16,2,29,1408,1,2,1,1,3.0,97302,G,,,973
201600058586,16,2,29,1506,1,2,1,1,3.0,97302,G,455384.0,5218511.0,973
201600058587,16,2,29,1755,1,2,1,1,3.0,97302,G,456140.0,5217525.0,973
201600058588,16,3,1,1920,5,2,1,1,2.0,97302,G,493389.0,5231052.0,973
201600058589,16,3,2,1326,1,2,1,1,3.0,97302,G,455562.0,5218291.0,973
201600058590,16,3,3,1240,1,2,1,1,3.0,97302,G,493011.0,5230095.0,973
201600058591,16,3,4,750,1,2,1,1,3.0,97302,G,,,973
201600058592,16,3,4,1105,1,2,1,1,1.0,97302,G,456303.0,521814.0,973
201600058593,16,3,4,1946,5,1,1,1,3.0,97302,G,,,973
201600058594,16,3,5,10,5,1,1,1,3.0,97302,G,493960.0,5231043.0,973
201600058595,16,3,5,1310,1,2,6,1,2.0,97302,G,491019.0,5232121.0,973
201600058596,16,3,7,915,1,2,1,1,7.0,97302,G,,,973
201600058597,16,3,7,703,2,2,1,1,7.0,97302,G,493627.0,5232326.0,973
201600058598,16,3,8,830,1,2,2,1,3.0,97302,G,,,973
201600058599,16,3,7,1205,1,2,1,2,6.0,97302,G,,,973
201600058600,16,3,9,1025,1,2,1,1,2.0,97302,G,490976.0,5232154.0,973
201600058601,16,3,9,1540,1,2,1,1,3.0,97302,G,492314.0,5233066.0,973
201600058602,16,3,9,1250,1,2,1,1,6.0,97302,G,455228.0,5219495.0,973
201600058603,16,3,11,1332,1,2,3,2,5.0,97302,G,493743.0,5231699.0,973
201600058604,16,3,11,1135,1,2,1,1,7.0,97302,G,,,973
201600058605,16,3,11,1315,1,2,1,2,4.0,97302,G,,,973
201600058606,16,3,9,1043,1,2,1,1,2.0,97302,G,493284.0,5231888.0,973
201600058607,16,3,14,748,2,2,1,1,3.0,97302,G,456380.0,5218081.0,973
201600058608,16,3,14,1405,1,2,1,1,7.0,97302,G,492654.0,5231387.0,973
201600058609,16,3,14,1600,1,2,1,1,3.0,97302,G,493493.0,5231188.0,973
201600058610,16,3,14,1600,1,2,1,1,3.0,97302,G,494451.0,5231687.0,973
201600058611,16,3,15,615,1,2,1,1,6.0,97302,G,492730.0,5229033.0,973
201600058612,16,3,15,720,1,2,1,1,1.0,97302,G,456223.0,521803.0,973
201600058613,16,3,16,640,1,1,1,1,3.0,97302,G,454234.0,5218546.0,973
201600058614,16,3,17,1726,1,2,1,1,1.0,97302,G,456473.0,5218114.0,973
201600058615,16,3,19,1729,1,1,1,1,2.0,97302,G,,,973
201600058616,16,3,21,250,5,2,3,1,6.0,97302,G,491141.0,5222145.0,973
201600058617,16,3,21,1210,1,2,1,1,6.0,97302,G,,,973
201600058618,16,3,21,2030,4,1,1,1,6.0,97302,G,494269.0,5232019.0,973
201600058619,16,3,22,1624,1,2,1,1,3.0,97302,G,493857.0,5232871.0,973
201600058620,16,3,23,918,1,2,1,1,6.0,97302,G,489318.0,5229894.0,973
201600058621,16,3,23,1812,2,2,6,1,3.0,97302,G,,,973
201600058622,16,3,24,1728,1,2,1,1,2.0,97302,G,494750.0,5231296.0,973
201600058623,16,3,24,2100,5,2,1,1,3.0,97302,G,,,973
201600058624,16,3,26,1910,1,2,1,2,7.0,97302,G,,,973
201600058625,16,3,27,2020,5,1,1,1,3.0,97302,G,494002.0,5232519.0,973
201600058626,16,3,31,240,4,2,1,2,7.0,97302,G,493729.0,5233991.0,973
201600058627,16,3,31,806,1,2,1,3,1.0,97302,G,492167.0,5233035.0,973
201600058628,16,4,1,2310,3,2,1,1,1.0,97302,G,,,973
201600058629,16,4,1,1840,2,2,1,1,1.0,97302,G,455129.0,521845.0,973
201600058630,16,4,3,1947,5,1,3,1,3.0,97302,G,,,973
201600058631,16,4,6,1415,1,1,1,1,1.0,97302,G,492935.0,5233111.0,973
201600058632,16,4,7,1003,1,2,1,1,3.0,97302,G,,,973
201600058633,16,4,7,2025,5,2,1,1,6.0,97302,G,493424.0,5233759.0,973
201600058634,16,4,9,1030,1,1,1,1,1.0,97302,G,455397.0,5219178.0,973
201600058635,16,4,9,2030,5,1,3,1,6.0,97302,G,493312.0,5293313.0,973
201600058636,16,4,9,2117,5,1,2,1,3.0,97302,G,493697.0,5233061.0,973
201600058637,16,4,10,952,1,1,6,1,3.0,97302,G,,,973
201600058638,16,4,11,734,2,1,3,3,6.0,97302,G,491669.0,5231353.0,973
201600058639,16,4,11,1225,1,1,1,2,6.0,97302,G,494191.0,5233759.0,973
201600058640,16,2,6,1211,1,1,1,1,1.0,97302,G,455495.0,5218178.0,973
201600058641,16,4,12,845,1,2,1,1,1.0,97302,G,,,973
201600058642,16,4,12,1920,5,2,1,1,6.0,97302,G,,,973
201600058643,16,4,13,945,1,1,1,1,3.0,97302,G,455516.0,5218213.0,973
201600058644,16,4,13,1150,1,2,3,1,3.0,97302,G,,,973
201600058645,16,4,14,850,1,2,1,1,1.0,97302,G,491906.0,5232167.0,973
201600058646,16,4,14,2000,5,2,1,1,6.0,97302,G,,,973
201600058647,16,4,16,750,1,2,1,6,3.0,97302,G,,,973
201600058648,16,4,11,1350,1,1,1,1,3.0,97302,G,494210.0,5232079.0,973
201600058649,16,4,18,1035,1,2,1,3,1.0,97302,G,452421.0,5218285.0,973
201600058650,16,4,19,1435,1,2,1,1,2.0,97302,G,,,973
201600058651,16,4,22,1746,1,2,1,2,,97302,G,493756.0,5232588.0,973
201600058652,16,4,24,2200,5,1,1,1,2.0,97302,G,,,973
201600058653,16,4,25,1341,1,2,1,2,,97302,G,456137.0,5218563.0,973
201600058654,16,5,1,1635,1,2,1,1,1.0,97302,G,455530.0,521946.0,973
201600058655,16,5,1,2243,5,2,1,1,1.0,97302,G,493452.0,5233316.0,973
201600058656,16,5,1,2335,5,2,1,2,7.0,97302,G,,,973
201600058657,16,5,4,1335,1,2,1,1,3.0,97302,G,,,973
201600058658,16,5,5,1200,1,1,1,1,6.0,97302,G,,,973
201600058659,16,5,5,2225,5,2,1,1,7.0,97302,G,491144.0,5232144.0,973