Num_Acc,an,mois,jour,hrmn,lum,agg,int,atm,col,com,gps,lat,long,dep
201600058660,16,5,6,800,1,2,1,1,3.0,97302,G,,,973
201600058661,16,5,6,1120,1,2,1,1,5.0,97302,G,,,973
201600058662,16,5,6,1915,5,2,1,1,3.0,97302,G,493732.0,5229808.0,973
201600058663,16,5,7,735,1,2,1,1,3.0,97302,G,,,973
201600058664,16,5,7,2000,5,2,1,2,1.0,97302,G,,,973
201600058665,16,5,8,1900,5,2,2,1,3.0,97302,G,493190.0,5234062.0,973
201600058666,16,5,9,740,1,2,1,1,6.0,97302,G,493535.0,5229475.0,973
201600058667,16,5,9,1215,1,1,1,1,6.0,97302,G,,,973
201600058668,16,5,9,1719,1,1,1,1,3.0,97302,G,493190.0,5234072.0,973
201600058669,16,5,11,1059,1,2,1,3,6.0,97302,G,493957.0,5234409.0,973
201600058670,16,5,7,1136,1,2,1,1,6.0,97302,G,,,973
201600058671,16,5,12,1143,1,1,1,1,2.0,97302,G,455127.0,5219186.0,973
201600058672,16,5,12,1653,1,2,1,1,3.0,97302,G,492452.0,5232423.0,973
201600058673,16,5,12,2330,3,2,1,1,7.0,97302,G,493642.0,5229063.0,973
201600058674,16,5,13,1425,1,2,1,1,3.0,97302,G,455386.0,521909.0,973
201600058675,16,5,14,1131,1,2,1,1,1.0,97302,G,493821.0,5231677.0,973
201600058676,16,5,15,9,3,2,1,1,6.0,97302,G,,,973
201600058677,16,5,16,1915,5,2,1,1,3.0,97302,G,456056.0,5218427.0,973
201600058678,16,5,17,1017,1,2,1,1,3.0,97302,G,491915.0,5234057.0,973
201600058679,16,5,17,1110,1,2,1,1,3.0,97302,G,495789.0,5238237.0,973
201600058680,16,5,18,1710,1,1,1,2,1.0,97302,G,490732.0,5232274.0,973
201600058681,16,5,20,745,1,2,3,1,3.0,97302,G,,,973
201600058682,16,5,24,726,1,2,1,1,3.0,97302,G,492124.0,5230403.0,973
201600058683,16,5,24,1420,1,2,1,1,3.0,97302,G,493147.0,5233028.0,973
201600058684,16,5,24,1137,1,2,3,1,2.0,97302,G,,,973
201600058685,16,5,25,2025,5,2,1,1,3.0,97302,G,494168.0,5232711.0,973
201600058686,16,5,25,2105,5,2,1,1,3.0,97302,G,,,973
201600058687,16,5,27,820,1,2,1,3,3.0,97302,G,456234.0,521938.0,973
201600058688,16,5,28,1705,1,2,6,1,2.0,97302,G,,,973
201600058689,16,5,28,1845,5,2,1,1,6.0,97302,G,,,973
201600058690,16,5,28,2330,5,1,1,1,1.0,97302,G,,,973
201600058691,16,5,28,1230,1,1,1,2,4.0,97302,G,,,973
201600058692,16,5,28,822,1,2,1,1,2.0,97302,G,,,973
201600058693,16,5,29,1950,3,2,1,3,3.0,97302,G,492885.0,5230418.0,973
201600058694,16,5,29,2240,5,2,1,1,6.0,97302,G,,,973
201600058695,16,5,30,800,1,2,1,2,6.0,97302,G,493973.0,5232787.0,973
201600058696,16,5,30,1130,1,2,1,2,2.0,97302,G,490669.0,5232226.0,973
201600058697,16,5,30,1602,1,2,1,1,7.0,97302,G,,,973
201600058698,16,5,31,1004,1,2,1,1,2.0,97302,G,,,973
201600058699,16,5,31,1157,1,2,1,1,6.0,97302,G,,,973
201600058700,16,5,31,1400,1,2,1,1,1.0,97302,G,456153.0,521857.0,973
201600058701,16,6,1,1200,1,2,3,2,3.0,97302,G,493907.0,5233051.0,973
201600058702,16,6,1,1411,1,1,1,1,3.0,97302,G,,,973
201600058703,16,6,3,812,1,2,1,1,6.0,97302,G,492496.0,5233499.0,973
201600058704,16,6,3,1050,1,2,1,1,6.0,97302,G,492496.0,5233499.0,973
201600058705,16,6,3,1204,1,2,1,1,6.0,97302,G,,,973
201600058706,16,6,4,1730,1,2,1,1,6.0,97302,G,,,973
201600058707,16,6,5,1146,1,1,1,1,5.0,97302,G,,,973
201600058708,16,6,6,1145,1,2,1,1,3.0,97302,G,493433.0,5231111.0,973
201600058709,16,6,5,2015,5,1,1,1,5.0,97302,G,454238.0,5218546.0,973
201600058710,16,6,6,1750,1,1,1,1,3.0,97302,G,,,973
201600058711,16,6,6,2045,4,2,1,1,7.0,97302,G,495537.0,5230813.0,973
201600058712,16,6,6,2112,5,2,1,1,6.0,97302,G,493875.0,5232629.0,973
201600058713,16,6,7,1215,1,2,1,1,3.0,97302,G,493757.0,5231588.0,973
201600058714,16,6,7,1130,1,2,6,1,3.0,97302,G,493645.0,5230717.0,973
201600058715,16,6,8,1916,5,1,1,1,3.0,97302,G,493951.0,5232825.0,973
201600058716,16,6,9,1738,2,2,1,2,3.0,97302,G,493057.0,5232828.0,973
201600058717,16,6,10,1507,1,2,1,1,1.0,97302,G,,,973
201600058718,16,6,15,812,1,1,1,1,3.0,97302,G,493797.0,5232201.0,973
201600058719,16,6,15,1305,1,1,1,1,3.0,97302,G,492094.0,5233302.0,973
201600058720,16,6,14,1155,1,2,1,1,3.0,97302,G,492225.0,5231258.0,973
201600058721,16,6,18,1205,1,2,1,1,2.0,97302,G,455527.0,5219512.0,973
201600058722,16,6,20,1100,1,2,1,1,2.0,97302,G,492057.0,5232175.0,973
201600058723,16,6,20,1715,1,1,1,1,3.0,97302,G,,,973
201600058724,16,6,21,1230,1,2,1,1,3.0,97302,G,,,973
201600058725,16,6,22,2210,5,2,1,1,6.0,97302,G,,,973
201600058726,16,6,23,1129,1,2,1,1,1.0,97302,G,455596.0,5219103.0,973
201600058727,16,6,23,1525,1,2,1,1,2.0,97302,G,493570.0,5229538.0,973
201600058728,16,6,25,900,1,2,1,1,3.0,97302,G,,,973
201600058729,16,6,26,2015,1,1,1,1,2.0,97302,G,,,973
201600058730,16,6,27,1254,1,2,1,1,2.0,97302,G,,,973
201600058731,16,6,27,335,5,2,9,1,7.0,97302,G,491144.0,5232136.0,973
201600058732,16,6,29,1555,1,2,1,1,2.0,97302,G,492903.0,5230036.0,973
201600058733,16,6,30,700,1,1,1,1,3.0,97302,G,453476.0,5219429.0,973
201600058734,16,7,1,1304,1,2,1,2,4.0,97302,G,493848.0,5232201.0,973
201600058735,16,7,3,1825,1,2,1,1,3.0,97302,G,456941.0,5219261.0,973
201600058736,16,7,5,1245,1,1,1,1,3.0,97302,G,454081.0,5219246.0,973
201600058737,16,7,5,1600,1,2,1,1,2.0,97302,G,493952.0,5232882.0,973
201600058738,16,7,6,1455,1,2,1,1,5.0,97302,G,494449.0,5231737.0,973
201600058739,16,7,6,1650,1,2,1,1,4.0,97302,G,,,973
201600058740,16,7,6,2121,5,2,1,1,3.0,97302,G,494165.0,5232542.0,973
201600058741,16,7,7,1515,1,2,9,1,6.0,97302,G,,,973
201600058742,16,7,8,925,1,2,1,1,2.0,97302,G,493363.0,5231018.0,973
201600058743,16,7,8,1235,1,2,1,1,3.0,97302,G,492129.0,5230403.0,973
201600058744,16,7,11,704,1,1,1,1,3.0,97302,G,,,973
201600058745,16,7,11,1049,1,1,1,1,3.0,97302,G,454536.0,5219154.0,973
201600058746,16,7,12,50,5,1,1,1,6.0,97302,G,456066.0,5217427.0,973
201600058747,16,7,15,1105,1,1,1,1,6.0,97302,G,493185.0,5233802.0,973
201600058748,16,7,16,2100,5,2,1,1,3.0,97302,G,456161.0,5219486.0,973
201600058749,16,7,16,2352,5,2,9,1,7.0,97302,G,,,973
201600058750,16,7,16,315,5,2,1,1,6.0,97302,G,,,973
201600058751,16,7,17,1124,1,2,1,1,1.0,97302,G,,,973
201600058752,16,7,20,1220,1,2,1,1,3.0,97302,G,,,973
201600058753,16,7,19,1950,5,1,9,1,6.0,97302,G,,,973
201600058754,16,7,20,1717,1,1,1,1,3.0,97302,G,,,973
201600058755,16,7,21,2110,4,2,1,1,3.0,97302,G,455251.0,5219218.0,973
201600058756,16,7,22,932,1,1,1,1,4.0,97302,G,,,973
201600058757,16,7,23,1808,1,2,1,1,3.0,97302,G,,,973
201600058758,16,7,24,1435,1,2,1,1,6.0,97302,G,,,973
201600058759,16,7,25,2025,5,1,1,1,2.0,97302,G,,,973
201600058760,16,7,27,2102,5,2,1,1,2.0,97302,G,,,973
201600058761,16,7,28,1530,1,2,1,1,1.0,97302,G,,,973
201600058762,16,7,29,2120,5,2,1,1,3.0,97302,G,493428.0,5231112.0,973
201600058763,16,7,30,2125,4,2,2,1,3.0,97302,G,494004.0,5232659.0,973
201600058764,16,8,1,1630,1,1,1,1,6.0,97302,G,,,973
201600058765,16,8,1,2213,5,2,3,1,3.0,97302,G,,,973
201600058766,16,8,6,1110,1,2,3,1,3.0,97302,G,494041.0,5232505.0,973
201600058767,16,8,7,2215,5,1,6,1,1.0,97302,G,,,973
201600058768,16,8,8,1430,1,1,1,1,3.0,97302,G,455422.0,5217372.0,973
201600058769,16,8,9,1233,1,2,1,1,6.0,97302,G,,,973
201600058770,16,8,10,1445,1,2,1,1,3.0,97302,G,491390.0,5232025.0,973
201600058771,16,8,13,1420,1,2,1,1,6.0,97302,G,,,973
201600058772,16,8,13,2345,5,1,1,1,1.0,97302,G,,,973
201600058773,16,8,15,1745,1,2,3,1,3.0,97302,G,455529.0,5219287.0,973
201600058774,16,8,16,1530,1,1,1,1,3.0,97302,G,492054.0,5232107.0,973
201600058775,16,8,19,1220,1,2,6,1,3.0,97302,G,493720.0,5232605.0,973
201600058776,16,8,20,2040,5,2,1,1,4.0,97302,G,455515.0,5218465.0,973
201600058777,16,8,21,1700,1,2,1,1,3.0,97302,G,,,973
201600058778,16,8,22,840,1,2,1,1,3.0,97302,G,,,973
201600058779,16,8,22,1850,2,2,6,1,3.0,97302,G,455169.0,521814.0,973
201600058780,16,8,23,1150,1,2,1,1,6.0,97302,G,454408.0,5218307.0,973
201600058781,16,8,26,1225,1,1,1,1,3.0,97302,G,,,973
201600058782,16,8,27,1755,1,1,1,1,2.0,97302,G,455427.0,5217387.0,973
201600058783,16,8,6,1115,1,1,1,1,2.0,97302,G,,,973
201600058784,16,8,30,15,5,2,2,1,3.0,97302,G,,,973
201600058785,16,8,31,2310,5,2,3,1,3.0,97302,G,494130.0,5233234.0,973
201600058786,16,9,1,1230,1,1,1,1,3.0,97302,G,,,973
201600058787,16,9,1,1300,1,1,1,1,6.0,97302,G,,,973
201600058788,16,9,2,445,4,2,1,1,6.0,97302,G,494060.0,5230193.0,973
201600058789,16,8,31,1220,1,2,1,1,3.0,97302,G,455479.0,521933.0,973
201600058790,16,9,4,659,1,2,1,1,3.0,97302,G,455589.0,5219594.0,973
201600058791,16,9,4,1725,1,1,1,1,3.0,97302,G,494276.0,5230619.0,973
201600058792,16,9,5,1710,1,1,3,1,3.0,97302,G,,,973
201600058793,16,9,5,1040,1,2,6,1,6.0,97302,G,,,973
201600058794,16,9,6,805,1,2,1,1,3.0,97302,G,,,973
201600058795,16,9,6,1035,1,2,1,1,1.0,97302,G,493649.0,5233692.0,973
201600058796,16,9,7,1245,1,2,1,1,6.0,97302,G,,,973
201600058797,16,9,9,810,1,2,1,1,3.0,97302,G,456387.0,5217584.0,973
201600058798,16,9,9,1550,1,2,1,1,6.0,97302,G,456002.0,521934.0,973
201600058799,16,9,10,2005,5,2,2,1,3.0,97302,G,493426.0,5233191.0,973
201600058800,16,9,11,1645,1,2,2,1,3.0,97302,G,493443.0,5232681.0,973
201600058801,16,9,12,745,1,2,1,1,2.0,97302,G,455412.0,521724.0,973
201600058802,16,9,12,1644,1,2,1,1,6.0,97302,G,493909.0,5232183.0,973
201600058803,16,9,13,730,1,1,3,1,3.0,97302,G,493885.0,5229033.0,973
201600058804,16,9,14,2210,5,2,1,1,3.0,97302,G,494147.0,5232704.0,973
201600058805,16,9,16,1535,1,2,1,1,1.0,97302,G,454135.0,521859.0,973
201600058806,16,9,16,1805,1,2,1,1,6.0,97302,G,454597.0,521903.0,973
201600058807,16,9,18,1210,1,2,1,1,3.0,97302,G,456415.0,521842.0,973
201600058808,16,9,19,1400,1,2,1,1,6.0,97302,G,,,973
201600058809,16,9,19,2125,5,2,1,1,2.0,97302,G,,,973
201600058810,16,9,22,1518,1,2,2,1,3.0,97302,G,,,973
201600058811,16,9,23,1725,1,1,1,1,2.0,97302,G,,,973
201600058812,16,9,23,740,1,2,1,1,7.0,97302,G,,,973
201600058813,16,9,23,1105,1,2,3,1,3.0,97302,G,,,973
201600058814,16,9,25,2315,5,1,6,1,3.0,97302,G,,,973
201600058815,16,9,26,2200,5,2,6,1,1.0,97302,G,,,973
201600058816,16,9,27,705,1,2,1,1,2.0,97302,G,,,973
201600058817,16,9,27,1518,1,2,1,1,3.0,97302,G,,,973
201600058818,16,9,27,1800,2,2,1,1,3.0,97302,G,,,973
201600058819,16,9,28,1925,5,2,6,1,3.0,97302,G,,,973
201600058820,16,9,29,1745,2,2,2,1,2.0,97302,G,,,973
201600058821,16,9,30,815,1,2,3,1,5.0,97302,G,,,973
201600058822,16,9,30,1920,5,1,1,1,2.0,97302,G,,,973
201600058823,16,10,1,615,1,1,1,1,3.0,97302,G,,,973
201600058824,16,10,3,910,1,1,1,1,6.0,97302,G,,,973
201600058825,16,10,3,1154,1,1,1,1,2.0,97302,G,,,973
201600058826,16,10,3,1925,1,1,1,1,1.0,97302,G,,,973
201600058827,16,10,5,1810,1,2,1,1,3.0,97302,G,,,973
201600058828,16,10,6,955,1,2,1,1,6.0,97302,G,494293.0,2530633.0,973
201600058829,16,10,8,1441,1,2,1,1,2.0,97302,G,,,973
201600058830,16,10,8,1948,5,2,1,1,6.0,97302,G,,,973
201600058831,16,10,9,1750,2,1,1,1,3.0,97302,G,,,973
201600058832,16,10,11,835,1,2,1,1,6.0,97302,G,491400.0,5232079.0,973
201600058833,16,10,11,1425,1,1,1,1,3.0,97302,G,,,973
201600058834,16,10,11,2010,3,1,1,1,6.0,97302,G,,,973
201600058835,16,10,13,805,1,2,1,1,3.0,97302,G,,,973
201600058836,16,10,13,957,1,1,1,1,4.0,97302,G,,,973
201600058837,16,10,15,755,1,2,1,1,3.0,97302,G,,,973
201600058838,16,10,16,2203,5,2,1,1,2.0,97302,G,491705.0,5232132.0,973
201600058839,16,10,18,1730,1,2,1,1,3.0,97302,G,,,973
201600058840,16,10,19,810,1,2,1,1,4.0,97302,G,,,973
201600058841,16,10,19,1320,1,2,1,1,3.0,97302,G,,,973
201600058842,16,10,20,825,1,1,1,1,6.0,97302,G,,,973
201600058843,16,10,22,2040,5,1,1,2,3.0,97302,G,,,973
201600058844,16,10,25,1500,1,2,1,1,3.0,97302,G,,,973
201600058845,16,10,26,640,1,2,1,1,3.0,97302,G,,,973
201600058846,16,10,26,935,1,2,3,1,6.0,97302,G,,,973
201600058847,16,10,26,1400,1,2,1,1,5.0,97302,G,,,973
201600058848,16,10,27,1850,5,2,1,1,2.0,97302,G,,,973
201600058849,16,10,28,1324,1,1,1,1,3.0,97302,G,,,973
201600058850,16,10,28,1515,1,2,2,1,3.0,97302,G,,,973
201600058851,16,10,29,555,1,2,6,1,1.0,97302,G,,,973
201600058852,16,10,31,1250,1,2,2,1,3.0,97302,G,,,973
201600058853,16,11,2,1925,5,2,1,1,7.0,97302,G,,,973
201600058854,16,11,5,850,1,2,2,1,3.0,97302,G,,,973
201600058855,16,11,5,1555,1,2,1,1,2.0,97302,G,,,973
201600058856,16,11,5,1850,2,2,3,1,3.0,97302,G,,,973
201600058857,16,11,6,645,1,1,1,1,6.0,97302,G,,,973
201600058858,16,11,6,1945,5,2,1,1,1.0,97302,G,,,973
201600058859,16,11,8,2045,5,2,1,1,3.0,97302,G,,,973
201600058860,16,11,9,2210,4,2,2,1,3.0,97302,G,,,973
201600058861,16,11,9,1915,5,2,1,1,7.0,97302,G,,,973
201600058862,16,11,10,1140,1,2,1,1,3.0,97302,G,,,973
201600058863,16,11,10,1350,1,2,2,1,3.0,97302,G,,,973
201600058864,16,11,11,2050,5,2,1,1,1.0,97302,G,,,973
201600058865,16,11,15,1155,1,2,1,1,6.0,97302,G,,,973
201600058866,16,11,15,1615,1,2,1,1,6.0,97302,G,,,973
201600058867,16,11,16,715,1,2,1,1,3.0,97302,G,,,973
201600058868,16,11,16,1225,1,1,6,1,1.0,97302,G,,,973
201600058869,16,11,16,1325,1,2,1,1,2.0,97302,G,,,973
201600058870,16,11,17,1120,1,2,3,1,1.0,97302,G,,,973
201600058871,16,11,17,1820,5,2,1,1,3.0,97302,G,,,973
201600058872,16,11,18,812,1,2,1,1,6.0,97302,G,,,973
201600058873,16,11,18,1050,1,2,1,1,3.0,97302,G,,,973
201600058874,16,11,15,1305,1,2,1,1,6.0,97302,G,,,973
201600058875,16,11,19,720,1,1,1,1,3.0,97302,G,,,973
201600058876,16,11,18,1505,1,2,2,1,1.0,97302,G,,,973
201600058877,16,11,20,1710,1,2,1,1,7.0,97302,G,,,973
201600058878,16,11,21,20,4,2,2,1,3.0,97302,G,,,973
201600058879,16,11,21,1255,1,1,1,1,3.0,97302,G,,,973
201600058880,16,11,21,2130,4,2,1,1,6.0,97302,G,,,973
201600058881,16,11,22,725,1,1,1,1,3.0,97302,G,,,973
201600058882,16,11,23,605,2,2,1,1,6.0,97302,G,,,973
201600058883,16,11,23,1015,1,2,1,1,3.0,97302,G,,,973
201600058884,16,11,25,745,1,2,1,1,2.0,97302,G,,,973
201600058885,16,11,24,1329,1,2,1,1,3.0,97302,G,,,973
201600058886,16,11,28,50,5,2,2,1,3.0,97302,G,,,973
201600058887,16,11,28,1200,1,2,1,1,3.0,97302,G,,,973
201600058888,16,11,29,800,1,2,9,1,3.0,97302,G,,,973
201600058889,16,11,30,703,1,2,1,1,2.0,97302,G,,,973
201600058890,16,10,28,2230,5,1,4,1,1.0,97302,G,,,973
201600058891,16,12,2,1000,1,2,1,1,3.0,97302,G,,,973
201600058892,16,12,3,2350,1,1,1,1,2.0,97302,G,,,973
201600058893,16,12,3,2000,5,2,1,1,3.0,97302,G,,,973
201600058894,16,12,4,1720,1,2,2,1,3.0,97302,G,,,973
201600058895,16,12,6,700,1,2,1,1,2.0,97302,G,,,973
201600058896,16,12,7,810,1,2,1,1,6.0,97302,G,,,973
201600058897,16,12,7,1157,1,2,1,1,2.0,97302,G,,,973
201600058898,16,12,7,1223,1,2,1,1,2.0,97302,G,,,973
201600058899,16,12,8,2045,3,2,1,1,3.0,97302,G,,,973
201600058900,16,12,7,2130,5,2,1,1,6.0,97302,G,,,973
201600058901,16,12,9,1920,5,2,9,1,3.0,97302,G,,,973
201600058902,16,12,9,2055,5,2,1,1,6.0,97302,G,,,973
201600058903,16,12,10,1225,1,2,1,2,3.0,97302,G,,,973
201600058904,16,12,12,1630,1,2,1,1,1.0,97302,G,,,973
201600058905,16,12,13,1210,1,1,1,1,3.0,97302,G,,,973
201600058906,16,12,14,1305,1,2,1,1,3.0,97302,G,,,973
201600058907,16,12,16,920,1,2,1,1,7.0,97302,G,,,973
201600058908,16,12,16,1900,5,1,1,1,3.0,97302,G,,,973
201600058909,16,12,16,1330,1,2,1,1,3.0,97302,G,,,973
201600058910,16,12,17,1435,1,1,1,1,3.0,97302,G,,,973
201600058911,16,12,19,828,1,2,1,1,3.0,97302,G,,,973
201600058912,16,12,19,1050,1,2,1,1,6.0,97302,G,,,973
201600058913,16,12,19,1259,1,1,1,1,6.0,97302,G,,,973
201600058914,16,12,19,2139,5,2,2,8,3.0,97302,G,,,973
201600058915,16,12,20,1815,1,2,1,1,3.0,97302,G,,,973
201600058916,16,12,22,920,1,2,1,1,3.0,97302,G,,,973
201600058917,16,12,24,835,1,1,1,2,2.0,97302,G,,,973
201600058918,16,12,24,2255,5,1,1,3,3.0,97302,G,492483.0,5232336.0,973
201600058919,16,12,25,1935,3,2,1,1,6.0,97302,G,,,973
201600058920,16,12,27,2140,5,2,2,1,3.0,97302,G,493927.0,5231838.0,973
201600058921,16,12,30,1038,1,2,1,1,6.0,97302,G,,,973
201600058922,16,12,30,1220,1,1,3,1,3.0,97302,G,,,973
201600058923,16,1,4,2145,5,2,1,1,7.0,97407,R,,,974
201600058924,16,10,22,140,3,2,3,1,3.0,97407,R,2094330.0,5529308.0,974
201600058925,16,1,8,1630,1,1,1,1,7.0,97407,R,0.0,0.0,974
201600058926,16,12,30,2255,3,2,1,1,3.0,97407,R,2094475.0,5529799.0,974
201600058927,16,1,9,20,5,2,1,1,7.0,97407,R,,,974
201600058928,16,12,31,2110,5,2,1,1,6.0,97407,R,,,974
201600058929,16,1,26,1800,1,1,1,1,1.0,97407,R,0.0,0.0,974
201600058930,16,12,31,2310,5,2,1,1,3.0,97407,R,2095191.0,5530862.0,974
201600058931,16,2,10,1115,1,1,1,3,1.0,97407,R,,,974
201600058932,16,2,11,1210,1,1,1,1,2.0,97407,R,,,974
201600058933,16,2,13,1945,5,2,1,1,6.0,97407,R,,,974
201600058934,16,2,18,2006,5,2,2,1,3.0,97407,R,,,974
201600058935,16,2,26,2100,5,2,2,1,3.0,97407,R,,,974
201600058936,16,2,26,2130,5,1,1,1,7.0,97407,R,,,974
201600058937,16,3,3,1800,1,1,1,1,3.0,97407,R,,,974
201600058938,16,3,8,1644,1,1,1,1,3.0,97407,R,,,974
201600058939,16,3,11,2010,5,2,1,1,6.0,97407,R,,,974
201600058940,16,3,16,745,1,2,1,1,1.0,97407,R,,,974
201600058941,16,3,24,1000,1,1,1,1,2.0,97407,R,,,974
201600058942,16,4,1,2030,5,2,1,1,1.0,97407,R,,,974
201600058943,16,4,6,1445,1,1,1,1,6.0,97407,R,,,974
201600058944,16,4,9,655,1,1,1,1,6.0,97407,R,,,974
201600058945,16,4,9,2020,5,2,1,1,1.0,97407,R,,,974
201600058946,16,4,14,1120,1,1,1,1,6.0,97407,R,,,974
201600058947,16,4,15,1355,1,1,1,1,6.0,97407,R,,,974
201600058948,16,4,16,50,5,1,1,1,2.0,97407,R,,,974
201600058949,16,4,19,945,1,2,7,1,6.0,97407,R,,,974
201600058950,16,4,21,1735,2,1,1,1,3.0,97407,R,,,974
201600058951,16,4,22,745,1,2,1,1,3.0,97407,R,,,974
201600058952,16,4,21,2120,5,2,1,1,2.0,97407,R,,,974
201600058953,16,4,25,1330,1,2,1,1,6.0,97407,R,,,974
201600058954,16,4,30,2235,5,1,1,1,7.0,97407,R,,,974
201600058955,16,5,7,2230,3,1,1,1,2.0,97407,R,,,974
201600058956,16,5,8,1830,5,1,1,1,5.0,97407,R,,,974
201600058957,16,5,7,2305,3,1,1,1,5.0,97407,R,,,974
201600058958,16,5,14,640,1,1,1,1,6.0,97407,R,,,974
201600058959,16,5,17,105,3,1,1,1,6.0,97407,R,,,974
201600058960,16,5,28,555,5,2,1,1,1.0,97407,R,,,974
201600058961,16,6,7,1420,1,1,6,1,3.0,97407,R,,,974
201600058962,16,6,18,2030,3,2,1,1,3.0,97407,R,,,974
201600058963,16,7,1,1310,1,2,2,1,3.0,97407,R,,,974
201600058964,16,7,5,1700,1,1,1,1,2.0,97407,R,,,974
201600058965,16,7,13,635,2,1,1,1,2.0,97407,R,,,974
201600058966,16,7,20,750,1,2,1,1,2.0,97407,R,,,974
201600058967,16,7,21,805,1,1,1,1,3.0,97407,R,,,974
201600058968,16,7,26,1100,1,2,2,1,3.0,97407,R,,,974
201600058969,16,7,27,1515,1,1,1,1,2.0,97407,R,,,974
201600058970,16,7,28,1845,3,1,1,1,3.0,97407,R,,,974
201600058971,16,7,31,2140,3,2,1,1,7.0,97407,R,,,974
201600058972,16,8,2,1405,1,2,1,1,6.0,97407,R,,,974
201600058973,16,8,5,1837,3,2,1,2,4.0,97407,R,,,974
201600058974,16,8,7,1800,2,1,3,1,3.0,97407,R,,,974
201600058975,16,8,15,605,3,1,3,1,3.0,97407,R,,,974
201600058976,16,8,19,1555,1,1,1,1,5.0,97407,R,,,974
201600058977,16,8,19,2000,3,1,1,1,6.0,97407,R,,,974
201600058978,16,8,22,710,1,2,1,1,3.0,97407,R,,,974
201600058979,16,9,7,615,1,2,1,1,3.0,97407,R,,,974
201600058980,16,9,13,1640,1,1,1,1,3.0,97407,R,,,974
201600058981,16,9,5,1100,1,1,6,1,2.0,97407,R,,,974
201600058982,16,9,21,1814,1,2,1,1,2.0,97407,R,2093181.0,5529711.0,974
201600058983,16,9,22,1750,1,2,1,1,2.0,97407,R,,,974
201600058984,16,9,25,1950,5,2,2,1,3.0,97407,R,2094569.0,5529137.0,974
201600058985,16,9,25,620,1,2,1,1,7.0,97407,R,,,974
201600058986,16,9,29,1715,1,2,1,1,1.0,97407,R,,,974
201600058987,16,10,2,1840,1,2,2,1,6.0,97407,R,2094544.0,5529831.0,974
201600058988,16,9,30,2100,1,1,1,1,6.0,97407,R,,,974
201600058989,16,10,5,1800,1,2,1,1,2.0,97407,R,,,974
201600058990,16,10,11,1940,5,2,1,1,6.0,97407,R,,,974
201600058991,16,10,16,1910,5,2,1,1,6.0,97407,R,,,974
201600058992,16,10,27,1400,1,2,1,1,3.0,97407,R,,,974
201600058993,16,10,27,1745,1,1,1,1,7.0,97407,R,,,974
201600058994,16,11,4,1930,3,1,1,1,1.0,97407,R,2095892.0,5530826.0,974
201600058995,16,11,4,815,1,2,1,1,3.0,97407,R,,,974
201600058996,16,11,5,500,5,2,1,1,1.0,97407,R,,,974
201600058997,16,11,7,2035,5,2,1,1,3.0,97407,R,,,974
201600058998,16,11,13,555,1,2,2,1,3.0,97407,R,,,974
201600058999,16,11,15,610,1,1,1,1,1.0,97407,R,,,974
201600059000,16,11,10,2220,5,1,1,1,6.0,97407,R,,,974
201600059001,16,11,11,2100,5,1,1,1,7.0,97407,R,,,974
201600059002,16,11,23,1815,2,2,1,1,3.0,97407,R,2094173.0,5529626.0,974
201600059003,16,11,23,1620,1,2,1,1,6.0,97407,R,,,974
201600059004,16,11,24,1450,1,2,1,1,6.0,97407,R,2093781.0,5529137.0,974
201600059005,16,11,24,1630,1,2,1,1,6.0,97407,R,2094562.0,5529832.0,974
201600059006,16,11,30,1640,1,1,6,1,2.0,97407,R,,,974
201600059007,16,12,7,2130,5,1,1,1,3.0,97407,R,,,974
201600059008,16,12,8,805,1,2,1,1,3.0,97407,R,,,974
201600059009,16,12,10,1240,1,1,6,1,2.0,97407,R,,,974
201600059010,16,12,13,1050,1,1,1,1,6.0,97407,R,2095505.0,5591222.0,974
201600059011,16,12,19,1045,1,1,1,1,2.0,97407,R,,,974
201600059012,16,12,22,1250,1,1,1,1,2.0,97407,R,2095363.0,5531484.0,974
201600059013,16,12,22,1500,1,1,1,1,1.0,97407,R,2094640.0,5530295.0,974
201600059014,16,12,25,315,1,1,1,1,3.0,97407,R,,,974
201600059015,16,12,29,1615,1,2,1,1,7.0,97407,R,2094491.0,5529803.0,974
201600059016,16,12,27,1330,1,2,3,1,3.0,97407,R,,,974
201600059017,16,1,21,1930,5,2,1,1,1.0,97409,R,0.0,0.0,974
201600059018,16,12,8,2040,3,1,1,1,6.0,97409,R,,,974
201600059019,16,2,5,2020,3,1,1,3,1.0,97409,R,0.0,0.0,974
201600059020,16,3,2,1205,1,2,1,1,6.0,97409,R,,,974
201600059021,16,3,12,1700,1,2,9,1,3.0,97409,R,,,974
201600059022,16,3,13,2100,3,2,1,1,1.0,97409,R,,,974
201600059023,16,5,3,1750,2,2,1,1,3.0,97409,R,,,974
201600059024,16,5,16,1530,1,2,1,1,3.0,97409,R,,,974
201600059025,16,5,16,2100,3,1,1,2,1.0,97409,R,,,974
201600059026,16,5,16,915,1,1,1,8,6.0,97409,R,,,974
201600059027,16,7,9,1720,1,2,1,1,1.0,97409,R,,,974
201600059028,16,7,23,1725,2,2,2,8,3.0,97409,R,,,974
201600059029,16,8,26,750,1,2,1,1,6.0,97409,R,,,974
201600059030,16,8,20,1515,1,1,1,1,6.0,97409,R,,,974
201600059031,16,9,1,1300,1,1,1,1,1.0,97409,R,,,974